Timestamp,Distance(m)
2026-01-14 16:23:56.596,1.849
2026-01-14 16:23:56.597,1.855
2026-01-14 16:23:56.605,1.855
2026-01-14 16:23:56.621,1.858
2026-01-14 16:23:56.638,1.863
2026-01-14 16:23:56.638,1.875
2026-01-14 16:23:56.655,1.896
2026-01-14 16:23:56.670,1.914
2026-01-14 16:23:56.671,1.924
2026-01-14 16:23:56.688,1.93
2026-01-14 16:23:56.704,1.934
2026-01-14 16:23:56.721,1.938
2026-01-14 16:23:56.721,1.946
2026-01-14 16:23:56.738,1.958
2026-01-14 16:23:56.753,1.968
2026-01-14 16:23:56.770,1.975
2026-01-14 16:23:56.771,1.988
2026-01-14 16:23:56.787,1.997
2026-01-14 16:23:56.803,2.003
2026-01-14 16:23:56.804,2.012
2026-01-14 16:23:56.820,2.025
2026-01-14 16:23:56.837,2.037
2026-01-14 16:23:56.854,2.051
2026-01-14 16:23:56.854,2.064
2026-01-14 16:23:56.871,2.074
2026-01-14 16:23:56.887,2.085
2026-01-14 16:23:56.888,2.105
2026-01-14 16:23:56.904,2.125
2026-01-14 16:23:56.920,2.146
2026-01-14 16:23:56.938,2.168
2026-01-14 16:23:56.938,2.184
2026-01-14 16:23:56.954,2.198
2026-01-14 16:23:56.982,2.21
2026-01-14 16:23:56.983,2.225
2026-01-14 16:23:56.984,2.237
2026-01-14 16:23:57.004,2.25
2026-01-14 16:23:57.021,2.255
2026-01-14 16:23:57.021,2.255
2026-01-14 16:23:57.055,2.257
2026-01-14 16:23:57.056,2.271
2026-01-14 16:23:57.071,2.274
2026-01-14 16:23:57.089,2.287
2026-01-14 16:23:57.104,2.295
2026-01-14 16:23:57.105,2.299
2026-01-14 16:23:57.121,2.309
2026-01-14 16:23:57.137,2.321
2026-01-14 16:23:57.155,2.329
2026-01-14 16:23:57.155,2.334
2026-01-14 16:23:57.171,2.341
2026-01-14 16:23:57.187,2.358
2026-01-14 16:23:57.188,2.373
2026-01-14 16:23:57.205,2.376
2026-01-14 16:23:57.221,2.374
2026-01-14 16:23:57.237,2.378
2026-01-14 16:23:57.237,2.386
2026-01-14 16:23:57.255,2.394
2026-01-14 16:23:57.272,2.406
2026-01-14 16:23:57.272,2.428
2026-01-14 16:23:57.288,2.446
2026-01-14 16:23:57.305,2.465
2026-01-14 16:23:57.321,2.473
2026-01-14 16:23:57.321,2.487
2026-01-14 16:23:57.338,2.504
2026-01-14 16:23:57.355,2.524
2026-01-14 16:23:57.356,2.541
2026-01-14 16:23:57.371,2.557
2026-01-14 16:23:57.389,2.572
2026-01-14 16:23:57.405,2.592
2026-01-14 16:23:57.406,2.606
2026-01-14 16:23:57.422,2.622
2026-01-14 16:23:57.438,2.642
2026-01-14 16:23:57.455,2.656
2026-01-14 16:23:57.455,2.677
2026-01-14 16:23:57.471,2.696
2026-01-14 16:23:57.488,2.717
2026-01-14 16:23:57.488,2.743
2026-01-14 16:23:57.504,2.748
2026-01-14 16:23:57.522,2.761
2026-01-14 16:23:57.537,2.772
2026-01-14 16:23:57.538,2.776
2026-01-14 16:23:57.554,2.789
2026-01-14 16:23:57.571,2.786
2026-01-14 16:23:57.572,2.792
2026-01-14 16:23:57.594,2.797
2026-01-14 16:23:57.604,2.801
2026-01-14 16:23:57.620,2.812
2026-01-14 16:23:57.620,2.831
2026-01-14 16:23:57.638,2.84
2026-01-14 16:23:57.652,2.85
2026-01-14 16:23:57.672,2.857
2026-01-14 16:23:57.672,2.87
2026-01-14 16:23:57.688,2.886
2026-01-14 16:23:57.704,2.895
2026-01-14 16:23:57.705,2.91
2026-01-14 16:23:57.721,2.931
2026-01-14 16:23:57.738,2.944
2026-01-14 16:23:57.754,2.953
2026-01-14 16:23:57.755,2.96
2026-01-14 16:23:57.771,2.968
2026-01-14 16:23:57.787,2.974
2026-01-14 16:23:57.787,2.983
2026-01-14 16:23:57.804,2.995
2026-01-14 16:23:57.821,3.007
2026-01-14 16:23:57.837,3.022
2026-01-14 16:23:57.838,3.025
2026-01-14 16:23:57.854,3.026
2026-01-14 16:23:57.870,3.042
2026-01-14 16:23:57.886,3.064
2026-01-14 16:23:57.887,3.083
2026-01-14 16:23:57.904,3.1
2026-01-14 16:23:57.921,3.125
2026-01-14 16:23:57.921,3.149
2026-01-14 16:23:57.936,3.171
2026-01-14 16:23:57.953,3.182
2026-01-14 16:23:57.970,3.189
2026-01-14 16:23:57.971,3.202
2026-01-14 16:23:57.987,3.21
2026-01-14 16:23:58.004,3.22
2026-01-14 16:23:58.004,3.23
2026-01-14 16:23:58.021,3.244
2026-01-14 16:23:58.037,3.255
2026-01-14 16:23:58.053,3.267
2026-01-14 16:23:58.054,3.28
2026-01-14 16:23:58.070,3.297
2026-01-14 16:23:58.087,3.319
2026-01-14 16:23:58.087,3.33
2026-01-14 16:23:58.104,3.339
2026-01-14 16:23:58.121,3.351
2026-01-14 16:23:58.137,3.362
2026-01-14 16:23:58.137,3.379
2026-01-14 16:23:58.153,3.393
2026-01-14 16:23:58.170,3.404
2026-01-14 16:23:58.172,3.412
2026-01-14 16:23:58.187,3.415
2026-01-14 16:23:58.204,3.419
2026-01-14 16:23:58.220,3.429
2026-01-14 16:23:58.220,3.445
2026-01-14 16:23:58.236,3.46
2026-01-14 16:23:58.253,3.476
2026-01-14 16:23:58.270,3.494
2026-01-14 16:23:58.270,3.515
2026-01-14 16:23:58.287,3.525
2026-01-14 16:23:58.303,3.529
2026-01-14 16:23:58.304,3.533
2026-01-14 16:23:58.346,3.537
2026-01-14 16:23:58.346,3.541
2026-01-14 16:23:58.347,3.554
2026-01-14 16:23:58.356,3.565
2026-01-14 16:23:58.371,3.576
2026-01-14 16:23:58.387,3.594
2026-01-14 16:23:58.403,3.614
2026-01-14 16:23:58.403,3.636
2026-01-14 16:23:58.420,3.647
2026-01-14 16:23:58.436,3.656
2026-01-14 16:23:58.437,3.675
2026-01-14 16:23:58.453,3.698
2026-01-14 16:23:58.470,3.72
2026-01-14 16:23:58.487,3.733
2026-01-14 16:23:58.488,3.744
2026-01-14 16:23:58.504,3.75
2026-01-14 16:23:58.520,3.772
2026-01-14 16:23:58.521,3.793
2026-01-14 16:23:58.537,3.815
2026-01-14 16:23:58.553,3.847
2026-01-14 16:23:58.570,3.867
2026-01-14 16:23:58.570,3.875
2026-01-14 16:23:58.587,3.876
2026-01-14 16:23:58.610,3.875
2026-01-14 16:23:58.610,3.879
2026-01-14 16:23:58.620,3.885
2026-01-14 16:23:58.637,3.89
2026-01-14 16:23:58.655,3.898
2026-01-14 16:23:58.655,3.911
2026-01-14 16:23:58.670,3.935
2026-01-14 16:23:58.686,3.949
2026-01-14 16:23:58.687,3.956
2026-01-14 16:23:58.704,3.962
2026-01-14 16:23:58.721,3.974
2026-01-14 16:23:58.738,3.985
2026-01-14 16:23:58.739,4.002
2026-01-14 16:23:58.754,4.016
2026-01-14 16:23:58.772,4.031
2026-01-14 16:23:58.773,4.04
2026-01-14 16:23:58.787,4.053
2026-01-14 16:23:58.805,4.06
2026-01-14 16:23:58.821,4.066
2026-01-14 16:23:58.821,4.085
2026-01-14 16:23:58.837,4.106
2026-01-14 16:23:58.855,4.118
2026-01-14 16:23:58.856,4.129
2026-01-14 16:23:58.871,4.14
2026-01-14 16:23:58.886,4.151
2026-01-14 16:23:58.905,4.164
2026-01-14 16:23:58.905,4.18
2026-01-14 16:23:58.921,4.199
2026-01-14 16:23:58.937,4.219
2026-01-14 16:23:58.954,4.228
2026-01-14 16:23:58.955,4.238
2026-01-14 16:23:58.972,4.238
2026-01-14 16:23:58.987,4.246
2026-01-14 16:23:58.987,4.263
2026-01-14 16:23:59.004,4.282
2026-01-14 16:23:59.021,4.298
2026-01-14 16:23:59.037,4.316
2026-01-14 16:23:59.038,4.336
2026-01-14 16:23:59.053,4.357
2026-01-14 16:23:59.071,4.373
2026-01-14 16:23:59.073,4.391
2026-01-14 16:23:59.086,4.402
2026-01-14 16:23:59.105,4.409
2026-01-14 16:23:59.121,4.422
2026-01-14 16:23:59.122,4.435
2026-01-14 16:23:59.137,4.448
2026-01-14 16:23:59.154,4.455
2026-01-14 16:23:59.171,4.47
2026-01-14 16:23:59.171,4.477
2026-01-14 16:23:59.187,4.486
2026-01-14 16:23:59.203,4.494
2026-01-14 16:23:59.203,4.508
2026-01-14 16:23:59.220,4.515
2026-01-14 16:23:59.237,4.526
2026-01-14 16:23:59.254,4.54
2026-01-14 16:23:59.255,4.556
2026-01-14 16:23:59.272,4.573
2026-01-14 16:23:59.288,4.586
2026-01-14 16:23:59.289,4.6
2026-01-14 16:23:59.304,4.617
2026-01-14 16:23:59.321,4.64
2026-01-14 16:23:59.337,4.665
2026-01-14 16:23:59.338,4.686
2026-01-14 16:23:59.354,4.693
2026-01-14 16:23:59.371,4.698
2026-01-14 16:23:59.372,4.701
2026-01-14 16:23:59.388,4.71
2026-01-14 16:23:59.402,4.721
2026-01-14 16:23:59.422,4.736
2026-01-14 16:23:59.422,4.748
2026-01-14 16:23:59.437,4.756
2026-01-14 16:23:59.453,4.761
2026-01-14 16:23:59.472,4.783
2026-01-14 16:23:59.473,4.794
2026-01-14 16:23:59.488,4.808
2026-01-14 16:23:59.504,4.829
2026-01-14 16:23:59.504,4.843
2026-01-14 16:23:59.521,4.848
2026-01-14 16:23:59.540,4.854
2026-01-14 16:23:59.540,4.869
2026-01-14 16:23:59.553,4.878
2026-01-14 16:23:59.571,4.892
2026-01-14 16:23:59.594,4.912
2026-01-14 16:23:59.594,4.924
2026-01-14 16:23:59.603,4.933
2026-01-14 16:23:59.621,4.943
2026-01-14 16:23:59.636,4.955
2026-01-14 16:23:59.637,4.964
2026-01-14 16:23:59.654,4.98
2026-01-14 16:23:59.716,4.992
2026-01-14 16:23:59.717,5.004
2026-01-14 16:23:59.717,5.017
2026-01-14 16:23:59.718,5.026
2026-01-14 16:23:59.718,5.041
2026-01-14 16:23:59.726,5.044
2026-01-14 16:23:59.737,5.057
2026-01-14 16:23:59.754,5.067
2026-01-14 16:23:59.771,5.074
2026-01-14 16:23:59.771,5.089
2026-01-14 16:23:59.787,5.098
2026-01-14 16:23:59.804,5.101
2026-01-14 16:23:59.804,5.105
2026-01-14 16:23:59.821,5.12
2026-01-14 16:23:59.837,5.139
2026-01-14 16:23:59.853,5.158
2026-01-14 16:23:59.854,5.163
2026-01-14 16:23:59.871,5.171
2026-01-14 16:23:59.887,5.18
2026-01-14 16:23:59.888,5.191
2026-01-14 16:23:59.903,5.209
2026-01-14 16:23:59.922,5.232
2026-01-14 16:23:59.937,5.256
2026-01-14 16:23:59.938,5.275
2026-01-14 16:23:59.953,5.287
2026-01-14 16:23:59.969,5.3
2026-01-14 16:23:59.988,5.311
2026-01-14 16:23:59.988,5.319
2026-01-14 16:24:00.013,5.332
2026-01-14 16:24:00.014,5.343
2026-01-14 16:24:00.037,5.349
2026-01-14 16:24:00.037,5.352
2026-01-14 16:24:00.055,5.359
2026-01-14 16:24:00.056,5.357
2026-01-14 16:24:00.070,5.365
2026-01-14 16:24:00.087,5.366
2026-01-14 16:24:00.103,5.369
2026-01-14 16:24:00.119,5.381
2026-01-14 16:24:00.120,5.393
2026-01-14 16:24:00.137,5.404
2026-01-14 16:24:00.153,5.424
2026-01-14 16:24:00.154,5.439
2026-01-14 16:24:00.169,5.45
2026-01-14 16:24:00.186,5.46
2026-01-14 16:24:00.187,5.471
2026-01-14 16:24:00.203,5.48
2026-01-14 16:24:00.220,5.493
2026-01-14 16:24:00.237,5.509
2026-01-14 16:24:00.237,5.523
2026-01-14 16:24:00.252,5.534
2026-01-14 16:24:00.268,5.556
2026-01-14 16:24:00.286,5.575
2026-01-14 16:24:00.287,5.595
2026-01-14 16:24:00.303,5.612
2026-01-14 16:24:00.321,5.627
2026-01-14 16:24:00.321,5.639
2026-01-14 16:24:00.336,5.653
2026-01-14 16:24:00.354,5.665
2026-01-14 16:24:00.370,5.676
2026-01-14 16:24:00.371,5.689
2026-01-14 16:24:00.388,5.704
2026-01-14 16:24:00.404,5.713
2026-01-14 16:24:00.404,5.727
2026-01-14 16:24:00.420,5.747
2026-01-14 16:24:00.437,5.76
2026-01-14 16:24:00.453,5.765
2026-01-14 16:24:00.453,5.777
2026-01-14 16:24:00.470,5.785
2026-01-14 16:24:00.487,5.797
2026-01-14 16:24:00.488,5.807
2026-01-14 16:24:00.503,5.822
2026-01-14 16:24:00.520,5.835
2026-01-14 16:24:00.536,5.846
2026-01-14 16:24:00.537,5.851
2026-01-14 16:24:00.552,5.865
2026-01-14 16:24:00.570,5.877
2026-01-14 16:24:00.594,5.898
2026-01-14 16:24:00.594,5.913
2026-01-14 16:24:00.595,5.926
2026-01-14 16:24:00.619,5.937
2026-01-14 16:24:00.620,5.948
2026-01-14 16:24:00.638,5.964
2026-01-14 16:24:00.653,5.976
2026-01-14 16:24:00.670,5.989
2026-01-14 16:24:00.670,6.003
2026-01-14 16:24:00.686,6.02
2026-01-14 16:24:00.704,6.037
2026-01-14 16:24:00.705,6.041
2026-01-14 16:24:00.720,6.05
2026-01-14 16:24:00.736,6.058
2026-01-14 16:24:00.754,6.067
2026-01-14 16:24:00.755,6.078
2026-01-14 16:24:00.771,6.092
2026-01-14 16:24:00.788,6.108
2026-01-14 16:24:00.788,6.123
2026-01-14 16:24:00.803,6.134
2026-01-14 16:24:00.822,6.131
2026-01-14 16:24:00.836,6.137
2026-01-14 16:24:00.836,6.145
2026-01-14 16:24:00.858,6.156
2026-01-14 16:24:00.860,6.167
2026-01-14 16:24:00.887,6.176
2026-01-14 16:24:00.888,6.185
2026-01-14 16:24:00.905,6.197
2026-01-14 16:24:00.919,6.213
2026-01-14 16:24:00.920,6.225
2026-01-14 16:24:00.937,6.235
2026-01-14 16:24:00.955,6.241
2026-01-14 16:24:00.956,6.254
2026-01-14 16:24:00.970,6.268
2026-01-14 16:24:00.987,6.287
2026-01-14 16:24:01.004,6.29
2026-01-14 16:24:01.004,6.3
2026-01-14 16:24:01.021,6.31
2026-01-14 16:24:01.037,6.318
2026-01-14 16:24:01.065,6.321
2026-01-14 16:24:01.065,6.325
2026-01-14 16:24:01.066,6.333
2026-01-14 16:24:01.087,6.339
2026-01-14 16:24:01.088,6.354
2026-01-14 16:24:01.106,6.368
2026-01-14 16:24:01.119,6.384
2026-01-14 16:24:01.137,6.392
2026-01-14 16:24:01.137,6.403
2026-01-14 16:24:01.154,6.418
2026-01-14 16:24:01.173,6.428
2026-01-14 16:24:01.174,6.441
2026-01-14 16:24:01.187,6.455
2026-01-14 16:24:01.203,6.47
2026-01-14 16:24:01.222,6.489
2026-01-14 16:24:01.222,6.506
2026-01-14 16:24:01.236,6.511
2026-01-14 16:24:01.253,6.524
2026-01-14 16:24:01.270,6.54
2026-01-14 16:24:01.271,6.558
2026-01-14 16:24:01.285,6.571
2026-01-14 16:24:01.305,6.578
2026-01-14 16:24:01.305,6.587
2026-01-14 16:24:01.321,6.605
2026-01-14 16:24:01.336,6.618
2026-01-14 16:24:01.355,6.63
2026-01-14 16:24:01.355,6.648
2026-01-14 16:24:01.371,6.667
2026-01-14 16:24:01.387,6.687
2026-01-14 16:24:01.387,6.703
2026-01-14 16:24:01.403,6.714
2026-01-14 16:24:01.421,6.738
2026-01-14 16:24:01.437,6.756
2026-01-14 16:24:01.438,6.772
2026-01-14 16:24:01.454,6.786
2026-01-14 16:24:01.469,6.799
2026-01-14 16:24:01.488,6.807
2026-01-14 16:24:01.504,6.813
2026-01-14 16:24:01.520,6.828
2026-01-14 16:24:01.520,6.845
2026-01-14 16:24:01.537,6.86
2026-01-14 16:24:01.554,6.874
2026-01-14 16:24:01.571,6.886
2026-01-14 16:24:01.571,6.895
2026-01-14 16:24:01.592,6.897
2026-01-14 16:24:01.593,6.906
2026-01-14 16:24:01.603,6.912
2026-01-14 16:24:01.620,6.919
2026-01-14 16:24:01.637,6.939
2026-01-14 16:24:01.654,6.951
2026-01-14 16:24:01.654,6.963
2026-01-14 16:24:01.670,6.982
2026-01-14 16:24:01.687,6.99
2026-01-14 16:24:01.688,6.999
2026-01-14 16:24:01.703,7.019
2026-01-14 16:24:01.720,7.028
2026-01-14 16:24:01.737,7.039
2026-01-14 16:24:01.737,7.054
2026-01-14 16:24:01.754,7.072
2026-01-14 16:24:01.770,7.083
2026-01-14 16:24:01.771,7.093
2026-01-14 16:24:01.787,7.107
2026-01-14 16:24:01.805,7.128
2026-01-14 16:24:01.821,7.142
2026-01-14 16:24:01.822,7.161
2026-01-14 16:24:01.836,7.177
2026-01-14 16:24:01.855,7.187
2026-01-14 16:24:01.870,7.192
2026-01-14 16:24:01.870,7.2
2026-01-14 16:24:01.886,7.213
2026-01-14 16:24:01.904,7.228
2026-01-14 16:24:01.905,7.242
2026-01-14 16:24:01.921,7.25
2026-01-14 16:24:01.937,7.269
2026-01-14 16:24:01.953,7.282
2026-01-14 16:24:01.953,7.289
2026-01-14 16:24:01.969,7.305
2026-01-14 16:24:01.987,7.323
2026-01-14 16:24:01.988,7.336
2026-01-14 16:24:02.004,7.346
2026-01-14 16:24:02.021,7.351
2026-01-14 16:24:02.037,7.362
2026-01-14 16:24:02.037,7.375
2026-01-14 16:24:02.054,7.392
2026-01-14 16:24:02.072,7.401
2026-01-14 16:24:02.072,7.412
2026-01-14 16:24:02.087,7.426
2026-01-14 16:24:02.104,7.437
2026-01-14 16:24:02.120,7.454
2026-01-14 16:24:02.136,7.471
2026-01-14 16:24:02.155,7.485
2026-01-14 16:24:02.170,7.499
2026-01-14 16:24:02.170,7.517
2026-01-14 16:24:02.187,7.526
2026-01-14 16:24:02.204,7.535
2026-01-14 16:24:02.204,7.549
2026-01-14 16:24:02.220,7.567
2026-01-14 16:24:02.237,7.575
2026-01-14 16:24:02.254,7.585
2026-01-14 16:24:02.254,7.595
2026-01-14 16:24:02.270,7.606
2026-01-14 16:24:02.287,7.606
2026-01-14 16:24:02.288,7.608
2026-01-14 16:24:02.302,7.618
2026-01-14 16:24:02.320,7.627
2026-01-14 16:24:02.338,7.637
2026-01-14 16:24:02.338,7.649
2026-01-14 16:24:02.353,7.657
2026-01-14 16:24:02.369,7.669
2026-01-14 16:24:02.387,7.679
2026-01-14 16:24:02.387,7.688
2026-01-14 16:24:02.403,7.705
2026-01-14 16:24:02.443,7.722
2026-01-14 16:24:02.444,7.736
2026-01-14 16:24:02.444,7.756
2026-01-14 16:24:02.444,7.787
2026-01-14 16:24:02.470,7.793
2026-01-14 16:24:02.470,7.807
2026-01-14 16:24:02.486,7.821
2026-01-14 16:24:02.502,7.834
2026-01-14 16:24:02.503,7.845
2026-01-14 16:24:02.520,7.864
2026-01-14 16:24:02.537,7.878
2026-01-14 16:24:02.554,7.884
2026-01-14 16:24:02.554,7.891
2026-01-14 16:24:02.570,7.904
2026-01-14 16:24:02.586,7.917
2026-01-14 16:24:02.609,7.938
2026-01-14 16:24:02.610,7.956
2026-01-14 16:24:02.619,7.967
2026-01-14 16:24:02.637,7.989
2026-01-14 16:24:02.637,7.997
2026-01-14 16:24:02.653,8.004
2026-01-14 16:24:02.670,8.014
2026-01-14 16:24:02.671,8.029
2026-01-14 16:24:02.687,8.042
2026-01-14 16:24:02.704,8.057
2026-01-14 16:24:02.720,8.071
2026-01-14 16:24:02.721,8.081
2026-01-14 16:24:02.737,8.089
2026-01-14 16:24:02.754,8.107
2026-01-14 16:24:02.770,8.124
2026-01-14 16:24:02.771,8.134
2026-01-14 16:24:02.786,8.143
2026-01-14 16:24:02.805,8.159
2026-01-14 16:24:02.805,8.178
2026-01-14 16:24:02.820,8.202
2026-01-14 16:24:02.837,8.206
2026-01-14 16:24:02.854,8.226
2026-01-14 16:24:02.854,8.242
2026-01-14 16:24:02.869,8.258
2026-01-14 16:24:02.887,8.27
2026-01-14 16:24:02.888,8.277
2026-01-14 16:24:02.904,8.287
2026-01-14 16:24:02.920,8.295
2026-01-14 16:24:02.937,8.301
2026-01-14 16:24:02.937,8.304
2026-01-14 16:24:02.953,8.314
2026-01-14 16:24:02.971,8.317
2026-01-14 16:24:02.972,8.331
2026-01-14 16:24:02.987,8.344
2026-01-14 16:24:03.004,8.358
2026-01-14 16:24:03.020,8.367
2026-01-14 16:24:03.021,8.371
2026-01-14 16:24:03.036,8.382
2026-01-14 16:24:03.055,8.395
2026-01-14 16:24:03.055,8.409
2026-01-14 16:24:03.070,8.418
2026-01-14 16:24:03.087,8.431
2026-01-14 16:24:03.103,8.451
2026-01-14 16:24:03.104,8.465
2026-01-14 16:24:03.121,8.472
2026-01-14 16:24:03.137,8.486
2026-01-14 16:24:03.154,8.5
2026-01-14 16:24:03.154,8.516
2026-01-14 16:24:03.171,8.533
2026-01-14 16:24:03.187,8.544
2026-01-14 16:24:03.188,8.563
2026-01-14 16:24:03.202,8.582
2026-01-14 16:24:03.220,8.588
2026-01-14 16:24:03.237,8.6
2026-01-14 16:24:03.238,8.605
2026-01-14 16:24:03.253,8.607
2026-01-14 16:24:03.271,8.623
2026-01-14 16:24:03.287,8.64
2026-01-14 16:24:03.287,8.64
2026-01-14 16:24:03.303,8.645
2026-01-14 16:24:03.321,8.647
2026-01-14 16:24:03.321,8.648
2026-01-14 16:24:03.336,8.662
2026-01-14 16:24:03.354,8.671
2026-01-14 16:24:03.370,8.69
2026-01-14 16:24:03.371,8.702
2026-01-14 16:24:03.386,8.711
2026-01-14 16:24:03.403,8.717
2026-01-14 16:24:03.404,8.733
2026-01-14 16:24:03.420,8.747
2026-01-14 16:24:03.437,8.764
2026-01-14 16:24:03.454,8.776
2026-01-14 16:24:03.454,8.797
2026-01-14 16:24:03.469,8.818
2026-01-14 16:24:03.486,8.833
2026-01-14 16:24:03.504,8.849
2026-01-14 16:24:03.505,8.863
2026-01-14 16:24:03.537,8.882
2026-01-14 16:24:03.538,8.903
2026-01-14 16:24:03.554,8.913
2026-01-14 16:24:03.570,8.929
2026-01-14 16:24:03.571,8.942
2026-01-14 16:24:03.590,8.961
2026-01-14 16:24:03.602,8.972
2026-01-14 16:24:03.621,8.979
2026-01-14 16:24:03.621,8.992
2026-01-14 16:24:03.656,9.005
2026-01-14 16:24:03.656,9.026
2026-01-14 16:24:03.669,9.047
2026-01-14 16:24:03.688,9.066
2026-01-14 16:24:03.702,9.075
2026-01-14 16:24:03.721,9.09
2026-01-14 16:24:03.721,9.097
2026-01-14 16:24:03.736,9.11
2026-01-14 16:24:03.754,9.125
2026-01-14 16:24:03.754,9.135
2026-01-14 16:24:03.770,9.153
2026-01-14 16:24:03.786,9.17
2026-01-14 16:24:03.814,9.184
2026-01-14 16:24:03.815,9.192
2026-01-14 16:24:03.816,9.204
2026-01-14 16:24:03.824,9.214
2026-01-14 16:24:03.838,9.224
2026-01-14 16:24:03.853,9.236
2026-01-14 16:24:03.870,9.242
2026-01-14 16:24:03.887,9.251
2026-01-14 16:24:03.887,9.264
2026-01-14 16:24:03.903,9.28
2026-01-14 16:24:03.921,9.293
2026-01-14 16:24:03.922,9.312
2026-01-14 16:24:03.936,9.331
2026-01-14 16:24:03.953,9.343
2026-01-14 16:24:03.969,9.361
2026-01-14 16:24:03.969,9.377
2026-01-14 16:24:03.986,9.392
2026-01-14 16:24:04.004,9.409
2026-01-14 16:24:04.004,9.435
2026-01-14 16:24:04.020,9.448
2026-01-14 16:24:04.037,9.464
2026-01-14 16:24:04.055,9.478
2026-01-14 16:24:04.055,9.491
2026-01-14 16:24:04.070,9.5
2026-01-14 16:24:04.087,9.511
2026-01-14 16:24:04.088,9.519
2026-01-14 16:24:04.102,9.528
2026-01-14 16:24:04.120,9.533
2026-01-14 16:24:04.137,9.543
2026-01-14 16:24:04.137,9.549
2026-01-14 16:24:04.152,9.561
2026-01-14 16:24:04.170,9.568
2026-01-14 16:24:04.171,9.574
2026-01-14 16:24:04.187,9.581
2026-01-14 16:24:04.203,9.599
2026-01-14 16:24:04.219,9.617
2026-01-14 16:24:04.220,9.634
2026-01-14 16:24:04.236,9.659
2026-01-14 16:24:04.253,9.671
2026-01-14 16:24:04.270,9.684
2026-01-14 16:24:04.271,9.705
2026-01-14 16:24:04.287,9.728
2026-01-14 16:24:04.303,9.738
2026-01-14 16:24:04.303,9.755
2026-01-14 16:24:04.318,9.763
2026-01-14 16:24:04.334,9.769
2026-01-14 16:24:04.353,9.782
2026-01-14 16:24:04.353,9.79
2026-01-14 16:24:04.368,9.806
2026-01-14 16:24:04.387,9.801
2026-01-14 16:24:04.387,9.807
2026-01-14 16:24:04.403,9.826
2026-01-14 16:24:04.420,9.839
2026-01-14 16:24:04.436,9.848
2026-01-14 16:24:04.437,9.854
2026-01-14 16:24:04.452,9.858
2026-01-14 16:24:04.471,9.868
2026-01-14 16:24:04.486,9.875
2026-01-14 16:24:04.487,9.887
2026-01-14 16:24:04.503,9.903
2026-01-14 16:24:04.520,9.913
2026-01-14 16:24:04.521,9.923
2026-01-14 16:24:04.536,9.925
2026-01-14 16:24:04.554,9.94
2026-01-14 16:24:04.570,9.953
2026-01-14 16:24:04.570,9.969
2026-01-14 16:24:04.585,9.978
2026-01-14 16:24:04.611,9.993
2026-01-14 16:24:04.611,10.004
2026-01-14 16:24:04.617,10.019
2026-01-14 16:24:04.636,10.032
2026-01-14 16:24:04.652,10.054
2026-01-14 16:24:04.652,10.064
2026-01-14 16:24:04.669,10.09
2026-01-14 16:24:04.685,10.098
2026-01-14 16:24:04.702,10.109
2026-01-14 16:24:04.702,10.12
2026-01-14 16:24:04.719,10.134
2026-01-14 16:24:04.736,10.149
2026-01-14 16:24:04.736,10.16
2026-01-14 16:24:04.752,10.17
2026-01-14 16:24:04.769,10.187
2026-01-14 16:24:04.786,10.204
2026-01-14 16:24:04.802,10.23
2026-01-14 16:24:04.819,10.257
2026-01-14 16:24:04.820,10.262
2026-01-14 16:24:04.837,10.282
2026-01-14 16:24:04.853,10.293
2026-01-14 16:24:04.869,10.303
2026-01-14 16:24:04.870,10.324
2026-01-14 16:24:04.886,10.343
2026-01-14 16:24:04.902,10.35
2026-01-14 16:24:04.903,10.361
2026-01-14 16:24:04.919,10.371
2026-01-14 16:24:04.936,10.363
2026-01-14 16:24:04.952,10.361
2026-01-14 16:24:04.971,10.362
2026-01-14 16:24:04.985,10.372
2026-01-14 16:24:05.003,10.385
2026-01-14 16:24:05.003,10.388
2026-01-14 16:24:05.020,10.393
2026-01-14 16:24:05.037,10.397
2026-01-14 16:24:05.037,10.419
2026-01-14 16:24:05.054,10.43
2026-01-14 16:24:05.070,10.418
2026-01-14 16:24:05.086,10.418
2026-01-14 16:24:05.086,10.426
2026-01-14 16:24:05.104,10.434
2026-01-14 16:24:05.120,10.449
2026-01-14 16:24:05.121,10.455
2026-01-14 16:24:05.135,10.458
2026-01-14 16:24:05.179,10.463
2026-01-14 16:24:05.179,10.469
2026-01-14 16:24:05.180,10.471
2026-01-14 16:24:05.180,10.469
2026-01-14 16:24:05.191,10.474
2026-01-14 16:24:05.203,10.485
2026-01-14 16:24:05.220,10.485
2026-01-14 16:24:05.237,10.483
2026-01-14 16:24:05.253,10.491
2026-01-14 16:24:05.270,10.505
2026-01-14 16:24:05.287,10.521
2026-01-14 16:24:05.288,10.537
2026-01-14 16:24:05.303,10.546
2026-01-14 16:24:05.320,10.563
2026-01-14 16:24:05.336,10.577
2026-01-14 16:24:05.336,10.593
2026-01-14 16:24:05.352,10.609
2026-01-14 16:24:05.370,10.621
2026-01-14 16:24:05.386,10.641
2026-01-14 16:24:05.386,10.666
2026-01-14 16:24:05.403,10.68
2026-01-14 16:24:05.419,10.694
2026-01-14 16:24:05.421,10.716
2026-01-14 16:24:05.435,10.741
2026-01-14 16:24:05.453,10.765
2026-01-14 16:24:05.470,10.787
2026-01-14 16:24:05.470,10.8
2026-01-14 16:24:05.485,10.828
2026-01-14 16:24:05.504,10.84
2026-01-14 16:24:05.520,10.858
2026-01-14 16:24:05.536,10.883
2026-01-14 16:24:05.553,10.904
2026-01-14 16:24:05.553,10.917
2026-01-14 16:24:05.569,10.93
2026-01-14 16:24:05.586,10.949
2026-01-14 16:24:05.610,10.968
2026-01-14 16:24:05.611,10.981
2026-01-14 16:24:05.611,10.986
2026-01-14 16:24:05.636,10.993
2026-01-14 16:24:05.637,10.998
2026-01-14 16:24:05.654,11.011
2026-01-14 16:24:05.672,11.017
2026-01-14 16:24:05.672,11.03
2026-01-14 16:24:05.687,11.049
2026-01-14 16:24:05.702,11.063
2026-01-14 16:24:05.720,11.073
2026-01-14 16:24:05.720,11.088
2026-01-14 16:24:05.735,11.103
2026-01-14 16:24:05.770,11.11
2026-01-14 16:24:05.771,11.12
2026-01-14 16:24:05.785,11.134
2026-01-14 16:24:05.805,11.148
2026-01-14 16:24:05.820,11.164
2026-01-14 16:24:05.836,11.177
2026-01-14 16:24:05.852,11.184
2026-01-14 16:24:05.852,11.191
2026-01-14 16:24:05.869,11.204
2026-01-14 16:24:05.886,11.21
2026-01-14 16:24:05.903,11.22
2026-01-14 16:24:05.903,11.227
2026-01-14 16:24:05.920,11.234
2026-01-14 16:24:05.936,11.248
2026-01-14 16:24:05.936,11.256
2026-01-14 16:24:05.952,11.269
2026-01-14 16:24:05.969,11.289
2026-01-14 16:24:05.985,11.299
2026-01-14 16:24:05.986,11.318
2026-01-14 16:24:06.002,11.337
2026-01-14 16:24:06.021,11.352
2026-01-14 16:24:06.021,11.369
2026-01-14 16:24:06.037,11.383
2026-01-14 16:24:06.053,11.402
2026-01-14 16:24:06.071,11.422
2026-01-14 16:24:06.072,11.444
2026-01-14 16:24:06.086,11.465
2026-01-14 16:24:06.104,11.487
2026-01-14 16:24:06.104,11.51
2026-01-14 16:24:06.119,11.53
2026-01-14 16:24:06.137,11.55
2026-01-14 16:24:06.152,11.562
2026-01-14 16:24:06.152,11.571
2026-01-14 16:24:06.168,11.584
2026-01-14 16:24:06.186,11.598
2026-01-14 16:24:06.203,11.609
2026-01-14 16:24:06.203,11.62
2026-01-14 16:24:06.219,11.63
2026-01-14 16:24:06.237,11.643
2026-01-14 16:24:06.237,11.646
2026-01-14 16:24:06.252,11.654
2026-01-14 16:24:06.268,11.658
2026-01-14 16:24:06.287,11.667
2026-01-14 16:24:06.288,11.672
2026-01-14 16:24:06.303,11.674
2026-01-14 16:24:06.320,11.678
2026-01-14 16:24:06.321,11.695
2026-01-14 16:24:06.335,11.712
2026-01-14 16:24:06.353,11.722
2026-01-14 16:24:06.369,11.735
2026-01-14 16:24:06.370,11.75
2026-01-14 16:24:06.386,11.762
2026-01-14 16:24:06.404,11.779
2026-01-14 16:24:06.404,11.794
2026-01-14 16:24:06.420,11.801
2026-01-14 16:24:06.435,11.817
2026-01-14 16:24:06.453,11.831
2026-01-14 16:24:06.453,11.846
2026-01-14 16:24:06.470,11.861
2026-01-14 16:24:06.486,11.873
2026-01-14 16:24:06.502,11.883
2026-01-14 16:24:06.502,11.893
2026-01-14 16:24:06.522,11.908
2026-01-14 16:24:06.546,11.922
2026-01-14 16:24:06.547,11.934
2026-01-14 16:24:06.547,11.945
2026-01-14 16:24:06.607,11.956
2026-01-14 16:24:06.608,11.977
2026-01-14 16:24:06.608,11.991
2026-01-14 16:24:06.609,12.0
2026-01-14 16:24:06.609,12.014
2026-01-14 16:24:06.622,12.027
2026-01-14 16:24:06.635,12.035
2026-01-14 16:24:06.653,12.056
2026-01-14 16:24:06.670,12.072
2026-01-14 16:24:06.670,12.08
2026-01-14 16:24:06.686,12.088
2026-01-14 16:24:06.704,12.094
2026-01-14 16:24:06.704,12.106
2026-01-14 16:24:06.718,12.125
2026-01-14 16:24:06.735,12.138
2026-01-14 16:24:06.752,12.152
2026-01-14 16:24:06.753,12.156
2026-01-14 16:24:06.768,12.167
2026-01-14 16:24:06.786,12.171
2026-01-14 16:24:06.802,12.184
2026-01-14 16:24:06.803,12.199
2026-01-14 16:24:06.819,12.211
2026-01-14 16:24:06.835,12.222
2026-01-14 16:24:06.836,12.239
2026-01-14 16:24:06.852,12.255
2026-01-14 16:24:06.868,12.267
2026-01-14 16:24:06.885,12.274
2026-01-14 16:24:06.886,12.291
2026-01-14 16:24:06.902,12.303
2026-01-14 16:24:06.921,12.313
2026-01-14 16:24:06.921,12.323
2026-01-14 16:24:06.936,12.332
2026-01-14 16:24:06.951,12.346
2026-01-14 16:24:06.968,12.359
2026-01-14 16:24:06.968,12.375
2026-01-14 16:24:06.984,12.383
2026-01-14 16:24:07.002,12.394
2026-01-14 16:24:07.018,12.411
2026-01-14 16:24:07.018,12.42
2026-01-14 16:24:07.034,12.426
2026-01-14 16:24:07.051,12.437
2026-01-14 16:24:07.052,12.46
2026-01-14 16:24:07.068,12.48
2026-01-14 16:24:07.085,12.49
2026-01-14 16:24:07.101,12.506
2026-01-14 16:24:07.102,12.514
2026-01-14 16:24:07.117,12.535
2026-01-14 16:24:07.135,12.555
2026-01-14 16:24:07.135,12.571
2026-01-14 16:24:07.151,12.589
2026-01-14 16:24:07.169,12.61
2026-01-14 16:24:07.185,12.621
2026-01-14 16:24:07.185,12.639
2026-01-14 16:24:07.201,12.658
2026-01-14 16:24:07.217,12.666
2026-01-14 16:24:07.234,12.684
2026-01-14 16:24:07.235,12.705
2026-01-14 16:24:07.252,12.722
2026-01-14 16:24:07.268,12.742
2026-01-14 16:24:07.269,12.76
2026-01-14 16:24:07.284,12.775
2026-01-14 16:24:07.302,12.795
2026-01-14 16:24:07.318,12.808
2026-01-14 16:24:07.319,12.826
2026-01-14 16:24:07.335,12.846
2026-01-14 16:24:07.351,12.866
2026-01-14 16:24:07.352,12.874
2026-01-14 16:24:07.368,12.885
2026-01-14 16:24:07.386,12.895
2026-01-14 16:24:07.402,12.915
2026-01-14 16:24:07.403,12.935
2026-01-14 16:24:07.421,12.952
2026-01-14 16:24:07.436,12.965
2026-01-14 16:24:07.436,12.976
2026-01-14 16:24:07.451,12.993
2026-01-14 16:24:07.468,13.001
2026-01-14 16:24:07.485,13.015
2026-01-14 16:24:07.486,13.034
2026-01-14 16:24:07.502,13.042
2026-01-14 16:24:07.519,13.048
2026-01-14 16:24:07.520,13.054
2026-01-14 16:24:07.535,13.06
2026-01-14 16:24:07.551,13.067
2026-01-14 16:24:07.568,13.075
2026-01-14 16:24:07.569,13.084
2026-01-14 16:24:07.585,13.087
2026-01-14 16:24:07.608,13.097
2026-01-14 16:24:07.608,13.112
2026-01-14 16:24:07.618,13.128
2026-01-14 16:24:07.635,13.145
2026-01-14 16:24:07.652,13.173
2026-01-14 16:24:07.653,13.184
2026-01-14 16:24:07.669,13.199
2026-01-14 16:24:07.687,13.216
2026-01-14 16:24:07.688,13.222
2026-01-14 16:24:07.700,13.227
2026-01-14 16:24:07.718,13.242
2026-01-14 16:24:07.734,13.259
2026-01-14 16:24:07.752,13.266
2026-01-14 16:24:07.752,13.28
2026-01-14 16:24:07.768,13.284
2026-01-14 16:24:07.785,13.298
2026-01-14 16:24:07.785,13.31
2026-01-14 16:24:07.801,13.318
2026-01-14 16:24:07.818,13.33
2026-01-14 16:24:07.835,13.334
2026-01-14 16:24:07.836,13.344
2026-01-14 16:24:07.852,13.358
2026-01-14 16:24:07.868,13.369
2026-01-14 16:24:07.868,13.388
2026-01-14 16:24:07.886,13.4
2026-01-14 16:24:07.902,13.41
2026-01-14 16:24:07.919,13.419
2026-01-14 16:24:07.919,13.424
2026-01-14 16:24:07.959,13.434
2026-01-14 16:24:07.959,13.448
2026-01-14 16:24:07.960,13.454
2026-01-14 16:24:07.965,13.464
2026-01-14 16:24:07.985,13.476
2026-01-14 16:24:08.001,13.48
2026-01-14 16:24:08.002,13.493
2026-01-14 16:24:08.018,13.505
2026-01-14 16:24:08.034,13.516
2026-01-14 16:24:08.035,13.529
2026-01-14 16:24:08.052,13.542
2026-01-14 16:24:08.069,13.552
2026-01-14 16:24:08.085,13.558
2026-01-14 16:24:08.086,13.569
2026-01-14 16:24:08.102,13.584
2026-01-14 16:24:08.118,13.591
2026-01-14 16:24:08.119,13.603
2026-01-14 16:24:08.136,13.615
2026-01-14 16:24:08.151,13.624
2026-01-14 16:24:08.169,13.635
2026-01-14 16:24:08.169,13.643
2026-01-14 16:24:08.185,13.656
2026-01-14 16:24:08.218,13.668
2026-01-14 16:24:08.219,13.687
2026-01-14 16:24:08.235,13.699
2026-01-14 16:24:08.251,13.715
2026-01-14 16:24:08.252,13.726
2026-01-14 16:24:08.268,13.739
2026-01-14 16:24:08.286,13.748
2026-01-14 16:24:08.303,13.749
2026-01-14 16:24:08.303,13.759
2026-01-14 16:24:08.318,13.763
2026-01-14 16:24:08.336,13.771
2026-01-14 16:24:08.336,13.775
2026-01-14 16:24:08.353,13.785
2026-01-14 16:24:08.369,13.791
2026-01-14 16:24:08.386,13.801
2026-01-14 16:24:08.386,13.814
2026-01-14 16:24:08.400,13.813
2026-01-14 16:24:08.418,13.818
2026-01-14 16:24:08.419,13.825
2026-01-14 16:24:08.436,13.832
2026-01-14 16:24:08.451,13.839
2026-01-14 16:24:08.467,13.84
2026-01-14 16:24:08.467,13.851
2026-01-14 16:24:08.485,13.856
2026-01-14 16:24:08.501,13.866
2026-01-14 16:24:08.519,13.878
2026-01-14 16:24:08.520,13.895
2026-01-14 16:24:08.535,13.908
2026-01-14 16:24:08.551,13.915
2026-01-14 16:24:08.552,13.926
2026-01-14 16:24:08.568,13.933
2026-01-14 16:24:08.585,13.946
2026-01-14 16:24:08.609,13.96
2026-01-14 16:24:08.609,13.966
2026-01-14 16:24:08.619,13.973
2026-01-14 16:24:08.636,13.981
2026-01-14 16:24:08.636,13.989
2026-01-14 16:24:08.652,14.005
2026-01-14 16:24:08.669,14.015
2026-01-14 16:24:08.685,14.028
2026-01-14 16:24:08.685,14.04
2026-01-14 16:24:08.702,14.05
2026-01-14 16:24:08.719,14.059
2026-01-14 16:24:08.720,14.072
2026-01-14 16:24:08.734,14.08
2026-01-14 16:24:08.751,14.092
2026-01-14 16:24:08.767,14.099
2026-01-14 16:24:08.768,14.119
2026-01-14 16:24:08.784,14.136
2026-01-14 16:24:08.801,14.154
2026-01-14 16:24:08.817,14.17
2026-01-14 16:24:08.818,14.192
2026-01-14 16:24:08.835,14.218
2026-01-14 16:24:08.851,14.236
2026-01-14 16:24:08.868,14.254
2026-01-14 16:24:08.887,14.268
2026-01-14 16:24:08.887,14.28
2026-01-14 16:24:08.902,14.3
2026-01-14 16:24:08.918,14.306
2026-01-14 16:24:08.934,14.316
2026-01-14 16:24:08.935,14.329
2026-01-14 16:24:08.951,14.341
2026-01-14 16:24:08.968,14.352
2026-01-14 16:24:08.986,14.366
2026-01-14 16:24:08.987,14.378
2026-01-14 16:24:09.001,14.387
2026-01-14 16:24:09.018,14.404
2026-01-14 16:24:09.018,14.413
2026-01-14 16:24:09.035,14.426
2026-01-14 16:24:09.052,14.43
2026-01-14 16:24:09.068,14.44
2026-01-14 16:24:09.069,14.449
2026-01-14 16:24:09.086,14.461
2026-01-14 16:24:09.101,14.483
2026-01-14 16:24:09.118,14.498
2026-01-14 16:24:09.118,14.516
2026-01-14 16:24:09.134,14.534
2026-01-14 16:24:09.151,14.545
2026-01-14 16:24:09.152,14.571
2026-01-14 16:24:09.167,14.594
2026-01-14 16:24:09.184,14.611
2026-01-14 16:24:09.201,14.622
2026-01-14 16:24:09.201,14.631
2026-01-14 16:24:09.217,14.645
2026-01-14 16:24:09.234,14.665
2026-01-14 16:24:09.235,14.685
2026-01-14 16:24:09.250,14.704
2026-01-14 16:24:09.267,14.722
2026-01-14 16:24:09.284,14.732
2026-01-14 16:24:09.284,14.744
2026-01-14 16:24:09.300,14.75
2026-01-14 16:24:09.327,14.763
2026-01-14 16:24:09.328,14.773
2026-01-14 16:24:09.333,14.787
2026-01-14 16:24:09.350,14.805
2026-01-14 16:24:09.367,14.819
2026-01-14 16:24:09.367,14.83
2026-01-14 16:24:09.384,14.843
2026-01-14 16:24:09.400,14.853
2026-01-14 16:24:09.417,14.867
2026-01-14 16:24:09.417,14.879
2026-01-14 16:24:09.450,14.888
2026-01-14 16:24:09.467,14.901
2026-01-14 16:24:09.467,14.909
2026-01-14 16:24:09.484,14.915
2026-01-14 16:24:09.501,14.933
2026-01-14 16:24:09.502,14.947
2026-01-14 16:24:09.517,14.957
2026-01-14 16:24:09.533,14.974
2026-01-14 16:24:09.551,14.98
2026-01-14 16:24:09.551,14.987
2026-01-14 16:24:09.568,14.997
2026-01-14 16:24:09.588,15.017
2026-01-14 16:24:09.588,15.032
2026-01-14 16:24:09.600,15.05
2026-01-14 16:24:09.618,15.059
2026-01-14 16:24:09.634,15.067
2026-01-14 16:24:09.635,15.071
2026-01-14 16:24:09.650,15.084
2026-01-14 16:24:09.668,15.107
2026-01-14 16:24:09.668,15.126
2026-01-14 16:24:09.685,15.138
2026-01-14 16:24:09.700,15.15
2026-01-14 16:24:09.718,15.16
2026-01-14 16:24:09.718,15.178
2026-01-14 16:24:09.734,15.187
2026-01-14 16:24:09.751,15.198
2026-01-14 16:24:09.752,15.211
2026-01-14 16:24:09.767,15.226
2026-01-14 16:24:09.784,15.236
2026-01-14 16:24:09.801,15.243
2026-01-14 16:24:09.801,15.253
2026-01-14 16:24:09.817,15.256
2026-01-14 16:24:09.834,15.272
2026-01-14 16:24:09.851,15.284
2026-01-14 16:24:09.851,15.294
2026-01-14 16:24:09.869,15.31
2026-01-14 16:24:09.885,15.321
2026-01-14 16:24:09.902,15.333
2026-01-14 16:24:09.920,15.344
2026-01-14 16:24:09.920,15.357
2026-01-14 16:24:09.935,15.371
2026-01-14 16:24:09.950,15.392
2026-01-14 16:24:09.969,15.402
2026-01-14 16:24:09.970,15.414
2026-01-14 16:24:09.985,15.427
2026-01-14 16:24:10.002,15.437
2026-01-14 16:24:10.020,15.451
2026-01-14 16:24:10.020,15.465
2026-01-14 16:24:10.035,15.468
2026-01-14 16:24:10.052,15.474
2026-01-14 16:24:10.053,15.481
2026-01-14 16:24:10.069,15.502
2026-01-14 16:24:10.085,15.507
2026-01-14 16:24:10.102,15.522
2026-01-14 16:24:10.102,15.534
2026-01-14 16:24:10.125,15.545
2026-01-14 16:24:10.136,15.551
2026-01-14 16:24:10.152,15.567
2026-01-14 16:24:10.169,15.578
2026-01-14 16:24:10.185,15.586
2026-01-14 16:24:10.185,15.608
2026-01-14 16:24:10.202,15.62
2026-01-14 16:24:10.220,15.626
2026-01-14 16:24:10.221,15.647
2026-01-14 16:24:10.236,15.653
2026-01-14 16:24:10.252,15.668
2026-01-14 16:24:10.270,15.67
2026-01-14 16:24:10.271,15.676
2026-01-14 16:24:10.285,15.692
2026-01-14 16:24:10.302,15.695
2026-01-14 16:24:10.319,15.697
2026-01-14 16:24:10.319,15.706
2026-01-14 16:24:10.334,15.717
2026-01-14 16:24:10.354,15.723
2026-01-14 16:24:10.354,15.733
2026-01-14 16:24:10.369,15.745
2026-01-14 16:24:10.386,15.756
2026-01-14 16:24:10.402,15.763
2026-01-14 16:24:10.402,15.773
2026-01-14 16:24:10.420,15.779
2026-01-14 16:24:10.436,15.794
2026-01-14 16:24:10.436,15.8
2026-01-14 16:24:10.452,15.815
2026-01-14 16:24:10.469,15.825
2026-01-14 16:24:10.484,15.832
2026-01-14 16:24:10.485,15.847
2026-01-14 16:24:10.502,15.865
2026-01-14 16:24:10.519,15.878
2026-01-14 16:24:10.520,15.893
2026-01-14 16:24:10.535,15.907
2026-01-14 16:24:10.552,15.922
2026-01-14 16:24:10.569,15.932
2026-01-14 16:24:10.569,15.942
2026-01-14 16:24:10.584,15.954
2026-01-14 16:24:10.608,15.968
2026-01-14 16:24:10.609,15.987
2026-01-14 16:24:10.619,15.995
2026-01-14 16:24:10.642,16.007
2026-01-14 16:24:10.642,16.015
2026-01-14 16:24:10.652,16.025
2026-01-14 16:24:10.669,16.045
2026-01-14 16:24:10.695,16.049
2026-01-14 16:24:10.696,16.064
2026-01-14 16:24:10.702,16.072
2026-01-14 16:24:10.717,16.083
2026-01-14 16:24:10.735,16.094
2026-01-14 16:24:10.735,16.107
2026-01-14 16:24:10.752,16.116
2026-01-14 16:24:10.769,16.127
2026-01-14 16:24:10.785,16.137
2026-01-14 16:24:10.786,16.153
2026-01-14 16:24:10.802,16.162
2026-01-14 16:24:10.818,16.178
2026-01-14 16:24:10.819,16.192
2026-01-14 16:24:10.835,16.198
2026-01-14 16:24:10.851,16.21
2026-01-14 16:24:10.869,16.218
2026-01-14 16:24:10.869,16.224
2026-01-14 16:24:10.885,16.233
2026-01-14 16:24:10.902,16.246
2026-01-14 16:24:10.904,16.259
2026-01-14 16:24:10.919,16.273
2026-01-14 16:24:10.935,16.283
2026-01-14 16:24:10.951,16.299
2026-01-14 16:24:10.953,16.302
2026-01-14 16:24:10.970,16.319
2026-01-14 16:24:10.985,16.33
2026-01-14 16:24:11.002,16.34
2026-01-14 16:24:11.002,16.354
2026-01-14 16:24:11.020,16.368
2026-01-14 16:24:11.034,16.38
2026-01-14 16:24:11.036,16.384
2026-01-14 16:24:11.052,16.395
2026-01-14 16:24:11.069,16.413
2026-01-14 16:24:11.085,16.424
2026-01-14 16:24:11.086,16.435
2026-01-14 16:24:11.102,16.446
2026-01-14 16:24:11.119,16.453
2026-01-14 16:24:11.120,16.465
2026-01-14 16:24:11.135,16.473
2026-01-14 16:24:11.152,16.491
2026-01-14 16:24:11.169,16.5
2026-01-14 16:24:11.169,16.508
2026-01-14 16:24:11.186,16.518
2026-01-14 16:24:11.201,16.528
2026-01-14 16:24:11.219,16.538
2026-01-14 16:24:11.220,16.555
2026-01-14 16:24:11.236,16.564
2026-01-14 16:24:11.252,16.572
2026-01-14 16:24:11.269,16.586
2026-01-14 16:24:11.286,16.602
2026-01-14 16:24:11.287,16.615
2026-01-14 16:24:11.301,16.622
2026-01-14 16:24:11.319,16.632
2026-01-14 16:24:11.334,16.647
2026-01-14 16:24:11.351,16.659
2026-01-14 16:24:11.352,16.668
2026-01-14 16:24:11.369,16.675
2026-01-14 16:24:11.385,16.683
2026-01-14 16:24:11.401,16.692
2026-01-14 16:24:11.420,16.712
2026-01-14 16:24:11.420,16.721
2026-01-14 16:24:11.435,16.732
2026-01-14 16:24:11.452,16.745
2026-01-14 16:24:11.469,16.753
2026-01-14 16:24:11.469,16.763
2026-01-14 16:24:11.485,16.772
2026-01-14 16:24:11.501,16.777
2026-01-14 16:24:11.519,16.785
2026-01-14 16:24:11.519,16.8
2026-01-14 16:24:11.535,16.808
2026-01-14 16:24:11.552,16.818
2026-01-14 16:24:11.553,16.828
2026-01-14 16:24:11.568,16.838
2026-01-14 16:24:11.585,16.852
2026-01-14 16:24:11.606,16.858
2026-01-14 16:24:11.606,16.865
2026-01-14 16:24:11.619,16.874
2026-01-14 16:24:11.636,16.892
2026-01-14 16:24:11.636,16.906
2026-01-14 16:24:11.651,16.914
2026-01-14 16:24:11.667,16.928
2026-01-14 16:24:11.684,16.942
2026-01-14 16:24:11.684,16.968
2026-01-14 16:24:11.700,16.984
2026-01-14 16:24:11.717,16.997
2026-01-14 16:24:11.734,17.012
2026-01-14 16:24:11.734,17.024
2026-01-14 16:24:11.751,17.043
2026-01-14 16:24:11.768,17.054
2026-01-14 16:24:11.768,17.06
2026-01-14 16:24:11.784,17.075
2026-01-14 16:24:11.800,17.089
2026-01-14 16:24:11.818,17.112
2026-01-14 16:24:11.818,17.125
2026-01-14 16:24:11.835,17.131
2026-01-14 16:24:11.851,17.141
2026-01-14 16:24:11.852,17.148
2026-01-14 16:24:11.868,17.164
2026-01-14 16:24:11.885,17.169
2026-01-14 16:24:11.902,17.174
2026-01-14 16:24:11.902,17.183
2026-01-14 16:24:11.919,17.189
2026-01-14 16:24:11.936,17.197
2026-01-14 16:24:11.936,17.215
2026-01-14 16:24:11.952,17.224
2026-01-14 16:24:11.968,17.234
2026-01-14 16:24:11.985,17.239
2026-01-14 16:24:11.985,17.245
2026-01-14 16:24:12.001,17.26
2026-01-14 16:24:12.043,17.271
2026-01-14 16:24:12.044,17.286
2026-01-14 16:24:12.044,17.301
2026-01-14 16:24:12.044,17.314
2026-01-14 16:24:12.068,17.328
2026-01-14 16:24:12.069,17.336
2026-01-14 16:24:12.084,17.352
2026-01-14 16:24:12.101,17.372
2026-01-14 16:24:12.118,17.377
2026-01-14 16:24:12.118,17.387
2026-01-14 16:24:12.134,17.398
2026-01-14 16:24:12.151,17.404
2026-01-14 16:24:12.151,17.415
2026-01-14 16:24:12.168,17.422
2026-01-14 16:24:12.184,17.426
2026-01-14 16:24:12.201,17.44
2026-01-14 16:24:12.201,17.454
2026-01-14 16:24:12.217,17.466
2026-01-14 16:24:12.234,17.492
2026-01-14 16:24:12.252,17.515
2026-01-14 16:24:12.253,17.524
2026-01-14 16:24:12.268,17.539
2026-01-14 16:24:12.284,17.545
2026-01-14 16:24:12.285,17.556
2026-01-14 16:24:12.301,17.57
2026-01-14 16:24:12.320,17.572
2026-01-14 16:24:12.320,17.584
2026-01-14 16:24:12.335,17.6
2026-01-14 16:24:12.368,17.605
2026-01-14 16:24:12.368,17.617
2026-01-14 16:24:12.386,17.628
2026-01-14 16:24:12.402,17.642
2026-01-14 16:24:12.403,17.666
2026-01-14 16:24:12.419,17.681
2026-01-14 16:24:12.435,17.69
2026-01-14 16:24:12.453,17.694
2026-01-14 16:24:12.453,17.708
2026-01-14 16:24:12.468,17.728
2026-01-14 16:24:12.485,17.736
2026-01-14 16:24:12.502,17.739
2026-01-14 16:24:12.502,17.754
2026-01-14 16:24:12.520,17.761
2026-01-14 16:24:12.535,17.775
2026-01-14 16:24:12.535,17.777
2026-01-14 16:24:12.552,17.777
2026-01-14 16:24:12.569,17.784
2026-01-14 16:24:12.585,17.794
2026-01-14 16:24:12.586,17.812
2026-01-14 16:24:12.602,17.82
2026-01-14 16:24:12.624,17.833
2026-01-14 16:24:12.624,17.838
2026-01-14 16:24:12.635,17.847
2026-01-14 16:24:12.651,17.855
2026-01-14 16:24:12.668,17.867
2026-01-14 16:24:12.668,17.878
2026-01-14 16:24:12.685,17.882
2026-01-14 16:24:12.718,17.888
2026-01-14 16:24:12.718,17.893
2026-01-14 16:24:12.735,17.902
2026-01-14 16:24:12.750,17.911
2026-01-14 16:24:12.751,17.925
2026-01-14 16:24:12.768,17.939
2026-01-14 16:24:12.784,17.962
2026-01-14 16:24:12.801,17.972
2026-01-14 16:24:12.801,17.982
2026-01-14 16:24:12.818,18.0
2026-01-14 16:24:12.837,18.014
2026-01-14 16:24:12.837,18.035
2026-01-14 16:24:12.852,18.055
2026-01-14 16:24:12.868,18.073
2026-01-14 16:24:12.885,18.089
2026-01-14 16:24:12.885,18.106
2026-01-14 16:24:12.901,18.122
2026-01-14 16:24:12.919,18.133
2026-01-14 16:24:12.919,18.151
2026-01-14 16:24:12.936,18.163
2026-01-14 16:24:12.953,18.175
2026-01-14 16:24:12.968,18.183
2026-01-14 16:24:12.970,18.203
2026-01-14 16:24:12.985,18.21
2026-01-14 16:24:13.002,18.216
2026-01-14 16:24:13.003,18.239
2026-01-14 16:24:13.018,18.245
2026-01-14 16:24:13.034,18.254
2026-01-14 16:24:13.053,18.263
2026-01-14 16:24:13.053,18.27
2026-01-14 16:24:13.068,18.284
2026-01-14 16:24:13.085,18.298
2026-01-14 16:24:13.101,18.313
2026-01-14 16:24:13.101,18.323
2026-01-14 16:24:13.119,18.332
2026-01-14 16:24:13.135,18.347
2026-01-14 16:24:13.136,18.362
2026-01-14 16:24:13.151,18.365
2026-01-14 16:24:13.168,18.369
2026-01-14 16:24:13.186,18.379
2026-01-14 16:24:13.187,18.386
2026-01-14 16:24:13.202,18.398
2026-01-14 16:24:13.218,18.406
2026-01-14 16:24:13.219,18.414
2026-01-14 16:24:13.234,18.415
2026-01-14 16:24:13.252,18.428
2026-01-14 16:24:13.269,18.432
2026-01-14 16:24:13.269,18.439
2026-01-14 16:24:13.285,18.439
2026-01-14 16:24:13.301,18.443
2026-01-14 16:24:13.303,18.449
2026-01-14 16:24:13.318,18.452
2026-01-14 16:24:13.335,18.457
2026-01-14 16:24:13.351,18.471
2026-01-14 16:24:13.351,18.49
2026-01-14 16:24:13.368,18.508
2026-01-14 16:24:13.429,18.528
2026-01-14 16:24:13.430,18.544
2026-01-14 16:24:13.430,18.552
2026-01-14 16:24:13.431,18.563
2026-01-14 16:24:13.431,18.581
2026-01-14 16:24:13.437,18.591
2026-01-14 16:24:13.450,18.603
2026-01-14 16:24:13.468,18.624
2026-01-14 16:24:13.484,18.64
2026-01-14 16:24:13.485,18.66
2026-01-14 16:24:13.500,18.681
2026-01-14 16:24:13.516,18.696
2026-01-14 16:24:13.533,18.706
2026-01-14 16:24:13.534,18.724
2026-01-14 16:24:13.550,18.746
2026-01-14 16:24:13.568,18.761
2026-01-14 16:24:13.568,18.78
2026-01-14 16:24:13.584,18.783
2026-01-14 16:24:13.601,18.8
2026-01-14 16:24:13.625,18.814
2026-01-14 16:24:13.625,18.82
2026-01-14 16:24:13.633,18.834
2026-01-14 16:24:13.651,18.839
2026-01-14 16:24:13.651,18.848
2026-01-14 16:24:13.667,18.862
2026-01-14 16:24:13.684,18.88
2026-01-14 16:24:13.701,18.881
2026-01-14 16:24:13.718,18.892
2026-01-14 16:24:13.735,18.906
2026-01-14 16:24:13.735,18.913
2026-01-14 16:24:13.751,18.917
2026-01-14 16:24:13.770,18.922
2026-01-14 16:24:13.784,18.929
2026-01-14 16:24:13.785,18.942
2026-01-14 16:24:13.802,18.95
2026-01-14 16:24:13.817,18.952
2026-01-14 16:24:13.835,18.962
2026-01-14 16:24:13.835,18.972
2026-01-14 16:24:13.851,18.99
2026-01-14 16:24:13.867,18.996
2026-01-14 16:24:13.867,19.007
2026-01-14 16:24:13.885,19.021
2026-01-14 16:24:13.901,19.04
2026-01-14 16:24:13.917,19.044
2026-01-14 16:24:13.918,19.05
2026-01-14 16:24:13.934,19.066
2026-01-14 16:24:13.950,19.064
2026-01-14 16:24:13.951,19.072
2026-01-14 16:24:13.968,19.089
2026-01-14 16:24:13.984,19.101
2026-01-14 16:24:14.001,19.112
2026-01-14 16:24:14.002,19.128
2026-01-14 16:24:14.018,19.15
2026-01-14 16:24:14.035,19.165
2026-01-14 16:24:14.036,19.175
2026-01-14 16:24:14.051,19.187
2026-01-14 16:24:14.068,19.199
2026-01-14 16:24:14.085,19.215
2026-01-14 16:24:14.086,19.237
2026-01-14 16:24:14.101,19.242
2026-01-14 16:24:14.118,19.251
2026-01-14 16:24:14.120,19.266
2026-01-14 16:24:14.153,19.272
2026-01-14 16:24:14.168,19.279
2026-01-14 16:24:14.168,19.29
2026-01-14 16:24:14.185,19.3
2026-01-14 16:24:14.202,19.313
2026-01-14 16:24:14.204,19.339
2026-01-14 16:24:14.218,19.345
2026-01-14 16:24:14.235,19.354
2026-01-14 16:24:14.253,19.368
2026-01-14 16:24:14.253,19.379
2026-01-14 16:24:14.268,19.389
2026-01-14 16:24:14.285,19.397
2026-01-14 16:24:14.302,19.401
2026-01-14 16:24:14.303,19.413
2026-01-14 16:24:14.318,19.419
2026-01-14 16:24:14.336,19.429
2026-01-14 16:24:14.351,19.442
2026-01-14 16:24:14.369,19.457
2026-01-14 16:24:14.384,19.472
2026-01-14 16:24:14.385,19.479
2026-01-14 16:24:14.400,19.478
2026-01-14 16:24:14.419,19.476
2026-01-14 16:24:14.419,19.477
2026-01-14 16:24:14.435,19.487
2026-01-14 16:24:14.451,19.506
2026-01-14 16:24:14.469,19.514
2026-01-14 16:24:14.470,19.521
2026-01-14 16:24:14.485,19.536
2026-01-14 16:24:14.502,19.538
2026-01-14 16:24:14.503,19.538
2026-01-14 16:24:14.518,19.546
2026-01-14 16:24:14.535,19.564
2026-01-14 16:24:14.552,19.567
2026-01-14 16:24:14.552,19.574
2026-01-14 16:24:14.568,19.58
2026-01-14 16:24:14.584,19.596
2026-01-14 16:24:14.602,19.602
2026-01-14 16:24:14.602,19.614
2026-01-14 16:24:14.625,19.634
2026-01-14 16:24:14.625,19.657
2026-01-14 16:24:14.635,19.668
2026-01-14 16:24:14.652,19.692
2026-01-14 16:24:14.668,19.707
2026-01-14 16:24:14.684,19.721
2026-01-14 16:24:14.685,19.736
2026-01-14 16:24:14.702,19.746
2026-01-14 16:24:14.718,19.76
2026-01-14 16:24:14.719,19.751
2026-01-14 16:24:14.735,19.756
2026-01-14 16:24:14.778,19.795
2026-01-14 16:24:14.779,19.797
2026-01-14 16:24:14.779,19.796
2026-01-14 16:24:14.801,19.794
2026-01-14 16:24:14.817,19.791
2026-01-14 16:24:14.818,19.785
2026-01-14 16:24:14.839,19.787
2026-01-14 16:24:14.851,19.795
2026-01-14 16:24:14.868,19.803
2026-01-14 16:24:14.885,19.818
2026-01-14 16:24:14.900,19.837
2026-01-14 16:24:14.901,19.859
2026-01-14 16:24:14.919,19.875
2026-01-14 16:24:14.935,19.902
2026-01-14 16:24:14.936,19.917
2026-01-14 16:24:14.951,19.932
2026-01-14 16:24:14.967,19.95
2026-01-14 16:24:14.985,19.973
2026-01-14 16:24:14.985,19.993
2026-01-14 16:24:15.001,20.002
2026-01-14 16:24:15.018,20.019
2026-01-14 16:24:15.018,20.029
2026-01-14 16:24:15.053,20.036
2026-01-14 16:24:15.068,20.049
2026-01-14 16:24:15.069,20.073
2026-01-14 16:24:15.084,20.083
2026-01-14 16:24:15.119,20.091
2026-01-14 16:24:15.120,20.109
2026-01-14 16:24:15.135,20.118
2026-01-14 16:24:15.151,20.129
2026-01-14 16:24:15.168,20.143
2026-01-14 16:24:15.184,20.163
2026-01-14 16:24:15.201,20.175
2026-01-14 16:24:15.202,20.19
2026-01-14 16:24:15.235,20.201
2026-01-14 16:24:15.236,20.214
2026-01-14 16:24:15.251,20.233
2026-01-14 16:24:15.268,20.247
2026-01-14 16:24:15.285,20.266
2026-01-14 16:24:15.301,20.283
2026-01-14 16:24:15.320,20.294
2026-01-14 16:24:15.320,20.307
2026-01-14 16:24:15.334,20.322
2026-01-14 16:24:15.351,20.339
2026-01-14 16:24:15.368,20.357
2026-01-14 16:24:15.368,20.374
2026-01-14 16:24:15.385,20.383
2026-01-14 16:24:15.402,20.396
2026-01-14 16:24:15.403,20.418
2026-01-14 16:24:15.417,20.427
2026-01-14 16:24:15.434,20.433
2026-01-14 16:24:15.451,20.437
2026-01-14 16:24:15.453,20.445
2026-01-14 16:24:15.467,20.467
2026-01-14 16:24:15.484,20.487
2026-01-14 16:24:15.502,20.494
2026-01-14 16:24:15.502,20.503
2026-01-14 16:24:15.518,20.513
2026-01-14 16:24:15.534,20.531
2026-01-14 16:24:15.535,20.537
2026-01-14 16:24:15.550,20.548
2026-01-14 16:24:15.568,20.556
2026-01-14 16:24:15.585,20.563
2026-01-14 16:24:15.600,20.574
2026-01-14 16:24:15.625,20.58
2026-01-14 16:24:15.625,20.588
2026-01-14 16:24:15.635,20.601
2026-01-14 16:24:15.652,20.608
2026-01-14 16:24:15.668,20.623
2026-01-14 16:24:15.668,20.64
2026-01-14 16:24:15.684,20.65
2026-01-14 16:24:15.702,20.66
2026-01-14 16:24:15.703,20.669
2026-01-14 16:24:15.717,20.676
2026-01-14 16:24:15.734,20.686
2026-01-14 16:24:15.751,20.696
2026-01-14 16:24:15.751,20.71
2026-01-14 16:24:15.768,20.73
2026-01-14 16:24:15.784,20.742
2026-01-14 16:24:15.801,20.754
2026-01-14 16:24:15.801,20.763
2026-01-14 16:24:15.837,20.776
2026-01-14 16:24:15.837,20.788
2026-01-14 16:24:15.851,20.802
2026-01-14 16:24:15.867,20.815
2026-01-14 16:24:15.885,20.83
2026-01-14 16:24:15.885,20.849
2026-01-14 16:24:15.901,20.865
2026-01-14 16:24:15.919,20.872
2026-01-14 16:24:15.919,20.884
2026-01-14 16:24:15.953,20.901
2026-01-14 16:24:15.968,20.918
2026-01-14 16:24:15.969,20.935
2026-01-14 16:24:15.984,20.947
2026-01-14 16:24:16.017,20.956
2026-01-14 16:24:16.018,20.97
2026-01-14 16:24:16.034,20.983
2026-01-14 16:24:16.051,20.996
2026-01-14 16:24:16.068,21.006
2026-01-14 16:24:16.084,21.021
2026-01-14 16:24:16.101,21.033
2026-01-14 16:24:16.102,21.047
2026-01-14 16:24:16.143,21.057
2026-01-14 16:24:16.143,21.074
2026-01-14 16:24:16.150,21.081
2026-01-14 16:24:16.167,21.092
2026-01-14 16:24:16.184,21.099
2026-01-14 16:24:16.199,21.112
2026-01-14 16:24:16.216,21.125
2026-01-14 16:24:16.237,21.135
2026-01-14 16:24:16.250,21.141
2026-01-14 16:24:16.266,21.159
2026-01-14 16:24:16.267,21.172
2026-01-14 16:24:16.284,21.185
2026-01-14 16:24:16.318,21.201
2026-01-14 16:24:16.318,21.223
2026-01-14 16:24:16.335,21.234
2026-01-14 16:24:16.350,21.248
2026-01-14 16:24:16.368,21.263
2026-01-14 16:24:16.384,21.277
2026-01-14 16:24:16.401,21.286
2026-01-14 16:24:16.401,21.294
2026-01-14 16:24:16.423,21.306
2026-01-14 16:24:16.451,21.323
2026-01-14 16:24:16.452,21.337
2026-01-14 16:24:16.468,21.35
2026-01-14 16:24:16.484,21.364
2026-01-14 16:24:16.500,21.38
2026-01-14 16:24:16.516,21.393
2026-01-14 16:24:16.533,21.411
2026-01-14 16:24:16.552,21.425
2026-01-14 16:24:16.568,21.444
2026-01-14 16:24:16.568,21.461
2026-01-14 16:24:16.583,21.476
2026-01-14 16:24:16.624,21.49
2026-01-14 16:24:16.624,21.499
2026-01-14 16:24:16.634,21.507
2026-01-14 16:24:16.651,21.523
2026-01-14 16:24:16.668,21.535
2026-01-14 16:24:16.684,21.564
2026-01-14 16:24:16.701,21.581
2026-01-14 16:24:16.702,21.596
2026-01-14 16:24:16.735,21.617
2026-01-14 16:24:16.735,21.634
2026-01-14 16:24:16.750,21.649
2026-01-14 16:24:16.769,21.66
2026-01-14 16:24:16.785,21.673
2026-01-14 16:24:16.801,21.684
2026-01-14 16:24:16.819,21.692
2026-01-14 16:24:16.820,21.698
2026-01-14 16:24:16.852,21.706
2026-01-14 16:24:16.868,21.712
2026-01-14 16:24:16.884,21.717
2026-01-14 16:24:16.919,21.723
2026-01-14 16:24:16.919,21.733
2026-01-14 16:24:16.934,21.743
2026-01-14 16:24:16.951,21.753
2026-01-14 16:24:16.967,21.761
2026-01-14 16:24:16.984,21.775
2026-01-14 16:24:17.001,21.783
2026-01-14 16:24:17.035,21.796
2026-01-14 16:24:17.035,21.81
2026-01-14 16:24:17.051,21.823
2026-01-14 16:24:17.069,21.841
2026-01-14 16:24:17.102,21.852
2026-01-14 16:24:17.117,21.87
2026-01-14 16:24:17.135,21.882
2026-01-14 16:24:17.152,21.894
2026-01-14 16:24:17.167,21.906
2026-01-14 16:24:17.167,21.92
2026-01-14 16:24:17.183,21.93
2026-01-14 16:24:17.218,21.95
2026-01-14 16:24:17.219,21.965
2026-01-14 16:24:17.235,21.981
2026-01-14 16:24:17.250,21.998
2026-01-14 16:24:17.268,22.012
2026-01-14 16:24:17.284,22.026
2026-01-14 16:24:17.300,22.038
2026-01-14 16:24:17.334,22.047
2026-01-14 16:24:17.351,22.062
2026-01-14 16:24:17.351,22.081
2026-01-14 16:24:17.367,22.098
2026-01-14 16:24:17.384,22.11
2026-01-14 16:24:17.400,22.128
2026-01-14 16:24:17.417,22.141
2026-01-14 16:24:17.433,22.155
2026-01-14 16:24:17.450,22.167
2026-01-14 16:24:17.467,22.176
2026-01-14 16:24:17.468,22.182
2026-01-14 16:24:17.485,22.191
2026-01-14 16:24:17.509,22.197
2026-01-14 16:24:17.517,22.211
2026-01-14 16:24:17.533,22.215
2026-01-14 16:24:17.550,22.225
2026-01-14 16:24:17.567,22.23
2026-01-14 16:24:17.583,22.236
2026-01-14 16:24:17.607,22.237
2026-01-14 16:24:17.607,22.252
2026-01-14 16:24:17.632,22.257
2026-01-14 16:24:17.650,22.259
2026-01-14 16:24:17.650,22.263
2026-01-14 16:24:17.668,22.269
2026-01-14 16:24:17.684,22.271
2026-01-14 16:24:17.701,22.277
2026-01-14 16:24:17.719,22.276
2026-01-14 16:24:17.719,22.274
2026-01-14 16:24:17.752,22.273
2026-01-14 16:24:17.768,22.277
2026-01-14 16:24:17.769,22.285
2026-01-14 16:24:17.784,22.285
2026-01-14 16:24:17.818,22.289
2026-01-14 16:24:17.819,22.292
2026-01-14 16:24:17.834,22.3
2026-01-14 16:24:17.851,22.314
2026-01-14 16:24:17.869,22.325
2026-01-14 16:24:17.884,22.335
2026-01-14 16:24:17.900,22.347
2026-01-14 16:24:17.900,22.349
2026-01-14 16:24:17.933,22.35
2026-01-14 16:24:17.952,22.362
2026-01-14 16:24:17.953,22.373
2026-01-14 16:24:17.967,22.382
2026-01-14 16:24:17.984,22.392
2026-01-14 16:24:18.001,22.393
2026-01-14 16:24:18.018,22.397
2026-01-14 16:24:18.034,22.4
2026-01-14 16:24:18.050,22.415
2026-01-14 16:24:18.068,22.427
2026-01-14 16:24:18.068,22.424
2026-01-14 16:24:18.084,22.423
2026-01-14 16:24:18.104,22.421
2026-01-14 16:24:18.118,22.42
2026-01-14 16:24:18.133,22.424
2026-01-14 16:24:18.152,22.443
2026-01-14 16:24:18.168,22.445
2026-01-14 16:24:18.184,22.439
2026-01-14 16:24:18.202,22.437
2026-01-14 16:24:18.203,22.442
2026-01-14 16:24:18.234,22.447
2026-01-14 16:24:18.252,22.449
2026-01-14 16:24:18.252,22.447
2026-01-14 16:24:18.268,22.444
2026-01-14 16:24:18.286,22.448
2026-01-14 16:24:18.301,22.476
2026-01-14 16:24:18.318,22.472
2026-01-14 16:24:18.333,22.467
2026-01-14 16:24:18.351,22.459
2026-01-14 16:24:18.367,22.47
2026-01-14 16:24:18.368,22.471
2026-01-14 16:24:18.384,22.465
2026-01-14 16:24:18.416,22.459
2026-01-14 16:24:18.416,22.472
2026-01-14 16:24:18.434,22.474
2026-01-14 16:24:18.450,22.5
2026-01-14 16:24:18.467,22.498
2026-01-14 16:24:18.483,22.5
2026-01-14 16:24:18.501,22.496
2026-01-14 16:24:18.502,22.502
2026-01-14 16:24:18.533,22.504
2026-01-14 16:24:18.549,22.499
2026-01-14 16:24:18.550,22.495
2026-01-14 16:24:18.568,22.517
2026-01-14 16:24:18.583,22.525
2026-01-14 16:24:18.601,22.523
2026-01-14 16:24:18.624,22.525
2026-01-14 16:24:18.624,22.524
2026-01-14 16:24:18.652,22.535
2026-01-14 16:24:18.667,22.53
2026-01-14 16:24:18.667,22.524
2026-01-14 16:24:18.685,22.528
2026-01-14 16:24:18.716,22.529
2026-01-14 16:24:18.717,22.524
2026-01-14 16:24:18.734,22.519
2026-01-14 16:24:18.751,22.511
2026-01-14 16:24:18.768,22.505
2026-01-14 16:24:18.783,22.505
2026-01-14 16:24:18.801,22.506
2026-01-14 16:24:18.801,22.521
2026-01-14 16:24:18.834,22.51
2026-01-14 16:24:18.835,22.509
2026-01-14 16:24:18.862,22.503
2026-01-14 16:24:18.863,22.505
2026-01-14 16:24:18.883,22.504
2026-01-14 16:24:18.902,22.5
2026-01-14 16:24:18.917,22.507
2026-01-14 16:24:18.932,22.508
2026-01-14 16:24:18.952,22.507
2026-01-14 16:24:18.968,22.508
2026-01-14 16:24:18.968,22.51
2026-01-14 16:24:18.984,22.511
2026-01-14 16:24:19.019,22.505
2026-01-14 16:24:19.021,22.509
2026-01-14 16:24:19.033,22.507
2026-01-14 16:24:19.051,22.502
2026-01-14 16:24:19.067,22.502
2026-01-14 16:24:19.085,22.502
2026-01-14 16:24:19.099,22.503
2026-01-14 16:24:19.100,22.51
2026-01-14 16:24:19.134,22.509
2026-01-14 16:24:19.152,22.514
2026-01-14 16:24:19.152,22.508
2026-01-14 16:24:19.167,22.502
2026-01-14 16:24:19.183,22.505
2026-01-14 16:24:19.200,22.503
2026-01-14 16:24:19.217,22.5
2026-01-14 16:24:19.218,22.496
2026-01-14 16:24:19.252,22.49
2026-01-14 16:24:19.267,22.488
2026-01-14 16:24:19.267,22.488
2026-01-14 16:24:19.284,22.489
2026-01-14 16:24:19.318,22.493
2026-01-14 16:24:19.319,22.492
2026-01-14 16:24:19.334,22.498
2026-01-14 16:24:19.351,22.5
2026-01-14 16:24:19.367,22.509
2026-01-14 16:24:19.383,22.513
2026-01-14 16:24:19.402,22.511
2026-01-14 16:24:19.402,22.506
2026-01-14 16:24:19.417,22.51
2026-01-14 16:24:19.434,22.515
2026-01-14 16:24:19.451,22.522
2026-01-14 16:24:19.452,22.518
2026-01-14 16:24:19.467,22.513
2026-01-14 16:24:19.484,22.506
2026-01-14 16:24:19.501,22.509
2026-01-14 16:24:19.517,22.499
2026-01-14 16:24:19.534,22.501
2026-01-14 16:24:19.550,22.507
2026-01-14 16:24:19.568,22.524
2026-01-14 16:24:19.568,22.549
2026-01-14 16:24:19.584,22.568
2026-01-14 16:24:19.616,22.589
2026-01-14 16:24:19.616,22.59
2026-01-14 16:24:19.640,22.572
2026-01-14 16:24:19.641,22.56
2026-01-14 16:24:19.667,22.531
2026-01-14 16:24:19.684,22.514
2026-01-14 16:24:19.701,22.492
2026-01-14 16:24:19.702,22.485
2026-01-14 16:24:19.717,22.485
2026-01-14 16:24:19.734,22.474
2026-01-14 16:24:19.735,22.471
2026-01-14 16:24:19.751,22.464
2026-01-14 16:24:19.767,22.451
2026-01-14 16:24:19.782,22.443
2026-01-14 16:24:19.783,22.437
2026-01-14 16:24:19.801,22.434
2026-01-14 16:24:19.817,22.427
2026-01-14 16:24:19.834,22.427
2026-01-14 16:24:19.851,22.416
2026-01-14 16:24:19.867,22.403
2026-01-14 16:24:19.868,22.383
2026-01-14 16:24:19.883,22.368
2026-01-14 16:24:19.901,22.355
2026-01-14 16:24:19.917,22.338
2026-01-14 16:24:19.917,22.326
2026-01-14 16:24:19.934,22.313
2026-01-14 16:24:19.949,22.322
2026-01-14 16:24:19.968,22.323
2026-01-14 16:24:19.968,22.311
2026-01-14 16:24:19.983,22.304
2026-01-14 16:24:20.002,22.299
2026-01-14 16:24:20.003,22.298
2026-01-14 16:24:20.017,22.3
2026-01-14 16:24:20.035,22.305
2026-01-14 16:24:20.036,22.308
2026-01-14 16:24:20.051,22.309
2026-01-14 16:24:20.065,22.307
2026-01-14 16:24:20.083,22.308
2026-01-14 16:24:20.083,22.308
2026-01-14 16:24:20.117,22.311
2026-01-14 16:24:20.134,22.301
2026-01-14 16:24:20.134,22.304
2026-01-14 16:24:20.149,22.307
2026-01-14 16:24:20.167,22.31
2026-01-14 16:24:20.167,22.305
2026-01-14 16:24:20.183,22.306
2026-01-14 16:24:20.246,22.302
2026-01-14 16:24:20.248,22.295
2026-01-14 16:24:20.248,22.291
2026-01-14 16:24:20.248,22.295
2026-01-14 16:24:20.249,22.295
2026-01-14 16:24:20.255,22.292
2026-01-14 16:24:20.267,22.296
2026-01-14 16:24:20.284,22.289
2026-01-14 16:24:20.301,22.287
2026-01-14 16:24:20.302,22.283
2026-01-14 16:24:20.316,22.282
2026-01-14 16:24:20.334,22.282
2026-01-14 16:24:20.351,22.282
2026-01-14 16:24:20.351,22.284
2026-01-14 16:24:20.367,22.27
2026-01-14 16:24:20.383,22.275
2026-01-14 16:24:20.384,22.279
2026-01-14 16:24:20.402,22.281
2026-01-14 16:24:20.417,22.283
2026-01-14 16:24:20.434,22.271
2026-01-14 16:24:20.434,22.271
2026-01-14 16:24:20.451,22.273
2026-01-14 16:24:20.467,22.268
2026-01-14 16:24:20.468,22.264
2026-01-14 16:24:20.483,22.25
2026-01-14 16:24:20.500,22.247
2026-01-14 16:24:20.517,22.234
2026-01-14 16:24:20.517,22.218
2026-01-14 16:24:20.534,22.202
2026-01-14 16:24:20.550,22.196
2026-01-14 16:24:20.551,22.189
2026-01-14 16:24:20.567,22.174
2026-01-14 16:24:20.583,22.152
2026-01-14 16:24:20.600,22.133
2026-01-14 16:24:20.600,22.113
2026-01-14 16:24:20.622,22.098
2026-01-14 16:24:20.623,22.08
2026-01-14 16:24:20.651,22.07
2026-01-14 16:24:20.651,22.067
2026-01-14 16:24:20.666,22.05
2026-01-14 16:24:20.681,22.034
2026-01-14 16:24:20.700,22.021
2026-01-14 16:24:20.701,22.009
2026-01-14 16:24:20.717,21.991
2026-01-14 16:24:20.734,21.98
2026-01-14 16:24:20.735,21.973
2026-01-14 16:24:20.749,21.957
2026-01-14 16:24:20.766,21.936
2026-01-14 16:24:20.768,21.923
2026-01-14 16:24:20.784,21.928
2026-01-14 16:24:20.799,21.907
2026-01-14 16:24:20.816,21.891
2026-01-14 16:24:20.817,21.87
2026-01-14 16:24:20.834,21.854
2026-01-14 16:24:20.850,21.836
2026-01-14 16:24:20.851,21.81
2026-01-14 16:24:20.867,21.798
2026-01-14 16:24:20.884,21.791
2026-01-14 16:24:20.900,21.772
2026-01-14 16:24:20.900,21.767
2026-01-14 16:24:20.917,21.744
2026-01-14 16:24:20.933,21.733
2026-01-14 16:24:20.951,21.723
2026-01-14 16:24:20.952,21.711
2026-01-14 16:24:20.965,21.697
2026-01-14 16:24:20.984,21.693
2026-01-14 16:24:20.985,21.694
2026-01-14 16:24:21.000,21.676
2026-01-14 16:24:21.018,21.658
2026-01-14 16:24:21.034,21.643
2026-01-14 16:24:21.034,21.637
2026-01-14 16:24:21.052,21.623
2026-01-14 16:24:21.067,21.623
2026-01-14 16:24:21.067,21.619
2026-01-14 16:24:21.083,21.609
2026-01-14 16:24:21.100,21.603
2026-01-14 16:24:21.117,21.6
2026-01-14 16:24:21.117,21.6
2026-01-14 16:24:21.133,21.586
2026-01-14 16:24:21.150,21.583
2026-01-14 16:24:21.150,21.577
2026-01-14 16:24:21.167,21.567
2026-01-14 16:24:21.184,21.559
2026-01-14 16:24:21.200,21.557
2026-01-14 16:24:21.201,21.551
2026-01-14 16:24:21.217,21.534
2026-01-14 16:24:21.234,21.531
2026-01-14 16:24:21.250,21.529
2026-01-14 16:24:21.251,21.524
2026-01-14 16:24:21.267,21.511
2026-01-14 16:24:21.284,21.497
2026-01-14 16:24:21.284,21.495
2026-01-14 16:24:21.301,21.48
2026-01-14 16:24:21.318,21.478
2026-01-14 16:24:21.335,21.467
2026-01-14 16:24:21.335,21.458
2026-01-14 16:24:21.350,21.455
2026-01-14 16:24:21.367,21.439
2026-01-14 16:24:21.367,21.425
2026-01-14 16:24:21.384,21.418
2026-01-14 16:24:21.399,21.409
2026-01-14 16:24:21.417,21.402
2026-01-14 16:24:21.418,21.407
2026-01-14 16:24:21.435,21.394
2026-01-14 16:24:21.450,21.378
2026-01-14 16:24:21.451,21.364
2026-01-14 16:24:21.468,21.355
2026-01-14 16:24:21.484,21.347
2026-01-14 16:24:21.500,21.345
2026-01-14 16:24:21.500,21.343
2026-01-14 16:24:21.515,21.329
2026-01-14 16:24:21.533,21.317
2026-01-14 16:24:21.549,21.313
2026-01-14 16:24:21.549,21.3
2026-01-14 16:24:21.566,21.279
2026-01-14 16:24:21.584,21.265
2026-01-14 16:24:21.584,21.262
2026-01-14 16:24:21.599,21.255
2026-01-14 16:24:21.626,21.245
2026-01-14 16:24:21.627,21.233
2026-01-14 16:24:21.635,21.221
2026-01-14 16:24:21.650,21.204
2026-01-14 16:24:21.668,21.177
2026-01-14 16:24:21.668,21.149
2026-01-14 16:24:21.683,21.126
2026-01-14 16:24:21.700,21.118
2026-01-14 16:24:21.717,21.105
2026-01-14 16:24:21.717,21.091
2026-01-14 16:24:21.733,21.079
2026-01-14 16:24:21.750,21.069
2026-01-14 16:24:21.767,21.054
2026-01-14 16:24:21.768,21.05
2026-01-14 16:24:21.784,21.044
2026-01-14 16:24:21.801,21.04
2026-01-14 16:24:21.801,21.019
2026-01-14 16:24:21.816,21.0
2026-01-14 16:24:21.833,20.979
2026-01-14 16:24:21.850,20.957
2026-01-14 16:24:21.851,20.939
2026-01-14 16:24:21.868,20.91
2026-01-14 16:24:21.883,20.889
2026-01-14 16:24:21.883,20.867
2026-01-14 16:24:21.900,20.852
2026-01-14 16:24:21.917,20.833
2026-01-14 16:24:21.933,20.822
2026-01-14 16:24:21.934,20.81
2026-01-14 16:24:21.950,20.802
2026-01-14 16:24:21.967,20.781
2026-01-14 16:24:21.968,20.773
2026-01-14 16:24:21.984,20.758
2026-01-14 16:24:21.999,20.749
2026-01-14 16:24:22.018,20.74
2026-01-14 16:24:22.018,20.727
2026-01-14 16:24:22.034,20.711
2026-01-14 16:24:22.051,20.717
2026-01-14 16:24:22.051,20.708
2026-01-14 16:24:22.067,20.698
2026-01-14 16:24:22.083,20.691
2026-01-14 16:24:22.101,20.679
2026-01-14 16:24:22.101,20.667
2026-01-14 16:24:22.117,20.661
2026-01-14 16:24:22.133,20.646
2026-01-14 16:24:22.150,20.633
2026-01-14 16:24:22.151,20.63
2026-01-14 16:24:22.167,20.621
2026-01-14 16:24:22.183,20.605
2026-01-14 16:24:22.183,20.589
2026-01-14 16:24:22.200,20.58
2026-01-14 16:24:22.218,20.558
2026-01-14 16:24:22.219,20.529
2026-01-14 16:24:22.232,20.508
2026-01-14 16:24:22.250,20.503
2026-01-14 16:24:22.267,20.49
2026-01-14 16:24:22.267,20.482
2026-01-14 16:24:22.282,20.466
2026-01-14 16:24:22.301,20.45
2026-01-14 16:24:22.317,20.446
2026-01-14 16:24:22.317,20.441
2026-01-14 16:24:22.333,20.427
2026-01-14 16:24:22.350,20.419
2026-01-14 16:24:22.351,20.418
2026-01-14 16:24:22.367,20.403
2026-01-14 16:24:22.386,20.387
2026-01-14 16:24:22.400,20.369
2026-01-14 16:24:22.400,20.359
2026-01-14 16:24:22.417,20.347
2026-01-14 16:24:22.433,20.333
2026-01-14 16:24:22.449,20.317
2026-01-14 16:24:22.450,20.301
2026-01-14 16:24:22.467,20.308
2026-01-14 16:24:22.484,20.295
2026-01-14 16:24:22.484,20.282
2026-01-14 16:24:22.499,20.265
2026-01-14 16:24:22.518,20.249
2026-01-14 16:24:22.519,20.239
2026-01-14 16:24:22.551,20.228
2026-01-14 16:24:22.566,20.212
2026-01-14 16:24:22.567,20.197
2026-01-14 16:24:22.583,20.185
2026-01-14 16:24:22.601,20.172
2026-01-14 16:24:22.624,20.154
2026-01-14 16:24:22.625,20.144
2026-01-14 16:24:22.634,20.129
2026-01-14 16:24:22.649,20.121
2026-01-14 16:24:22.667,20.109
2026-01-14 16:24:22.668,20.105
2026-01-14 16:24:22.683,20.102
2026-01-14 16:24:22.700,20.095
2026-01-14 16:24:22.700,20.085
2026-01-14 16:24:22.717,20.075
2026-01-14 16:24:22.733,20.061
2026-01-14 16:24:22.749,20.042
2026-01-14 16:24:22.749,20.023
2026-01-14 16:24:22.767,20.01
2026-01-14 16:24:22.783,19.996
2026-01-14 16:24:22.783,19.981
2026-01-14 16:24:22.801,19.966
2026-01-14 16:24:22.817,19.949
2026-01-14 16:24:22.834,19.949
2026-01-14 16:24:22.834,19.942
2026-01-14 16:24:22.850,19.926
2026-01-14 16:24:22.866,19.926
2026-01-14 16:24:22.883,19.92
2026-01-14 16:24:22.883,19.918
2026-01-14 16:24:22.900,19.9
2026-01-14 16:24:22.916,19.882
2026-01-14 16:24:22.916,19.868
2026-01-14 16:24:22.933,19.853
2026-01-14 16:24:22.962,19.843
2026-01-14 16:24:22.963,19.816
2026-01-14 16:24:22.963,19.797
2026-01-14 16:24:22.983,19.789
2026-01-14 16:24:22.999,19.775
2026-01-14 16:24:22.999,19.754
2026-01-14 16:24:23.014,19.738
2026-01-14 16:24:23.031,19.721
2026-01-14 16:24:23.049,19.707
2026-01-14 16:24:23.049,19.697
2026-01-14 16:24:23.066,19.682
2026-01-14 16:24:23.082,19.666
2026-01-14 16:24:23.083,19.656
2026-01-14 16:24:23.099,19.639
2026-01-14 16:24:23.116,19.627
2026-01-14 16:24:23.132,19.613
2026-01-14 16:24:23.133,19.599
2026-01-14 16:24:23.149,19.589
2026-01-14 16:24:23.166,19.582
2026-01-14 16:24:23.167,19.575
2026-01-14 16:24:23.183,19.57
2026-01-14 16:24:23.199,19.562
2026-01-14 16:24:23.215,19.552
2026-01-14 16:24:23.216,19.551
2026-01-14 16:24:23.233,19.552
2026-01-14 16:24:23.249,19.568
2026-01-14 16:24:23.250,19.557
2026-01-14 16:24:23.267,19.544
2026-01-14 16:24:23.283,19.533
2026-01-14 16:24:23.299,19.509
2026-01-14 16:24:23.299,19.483
2026-01-14 16:24:23.315,19.459
2026-01-14 16:24:23.332,19.448
2026-01-14 16:24:23.350,19.425
2026-01-14 16:24:23.351,19.411
2026-01-14 16:24:23.366,19.398
2026-01-14 16:24:23.383,19.387
2026-01-14 16:24:23.383,19.376
2026-01-14 16:24:23.399,19.38
2026-01-14 16:24:23.416,19.369
2026-01-14 16:24:23.432,19.36
2026-01-14 16:24:23.433,19.357
2026-01-14 16:24:23.449,19.36
2026-01-14 16:24:23.466,19.362
2026-01-14 16:24:23.467,19.369
2026-01-14 16:24:23.483,19.374
2026-01-14 16:24:23.516,19.387
2026-01-14 16:24:23.517,19.386
2026-01-14 16:24:23.533,19.383
2026-01-14 16:24:23.548,19.377
2026-01-14 16:24:23.565,19.365
2026-01-14 16:24:23.566,19.355
2026-01-14 16:24:23.582,19.342
2026-01-14 16:24:23.598,19.331
2026-01-14 16:24:23.599,19.32
2026-01-14 16:24:23.623,19.313
2026-01-14 16:24:23.623,19.3
2026-01-14 16:24:23.650,19.287
2026-01-14 16:24:23.651,19.269
2026-01-14 16:24:23.666,19.267
2026-01-14 16:24:23.683,19.253
2026-01-14 16:24:23.683,19.237
2026-01-14 16:24:23.699,19.22
2026-01-14 16:24:23.717,19.198
2026-01-14 16:24:23.733,19.18
2026-01-14 16:24:23.734,19.161
2026-01-14 16:24:23.750,19.148
2026-01-14 16:24:23.767,19.129
2026-01-14 16:24:23.767,19.112
2026-01-14 16:24:23.783,19.104
2026-01-14 16:24:23.800,19.097
2026-01-14 16:24:23.817,19.084
2026-01-14 16:24:23.818,19.072
2026-01-14 16:24:23.833,19.067
2026-01-14 16:24:23.851,19.058
2026-01-14 16:24:23.851,19.035
2026-01-14 16:24:23.866,19.02
2026-01-14 16:24:23.883,18.998
2026-01-14 16:24:23.899,18.988
2026-01-14 16:24:23.899,18.966
2026-01-14 16:24:23.918,18.948
2026-01-14 16:24:23.932,18.94
2026-01-14 16:24:23.950,18.921
2026-01-14 16:24:23.951,18.9
2026-01-14 16:24:23.966,18.895
2026-01-14 16:24:23.984,18.88
2026-01-14 16:24:23.984,18.882
2026-01-14 16:24:24.000,18.872
2026-01-14 16:24:24.017,18.87
2026-01-14 16:24:24.033,18.871
2026-01-14 16:24:24.033,18.86
2026-01-14 16:24:24.049,18.868
2026-01-14 16:24:24.067,18.876
2026-01-14 16:24:24.067,18.886
2026-01-14 16:24:24.083,18.896
2026-01-14 16:24:24.101,18.905
2026-01-14 16:24:24.116,18.907
2026-01-14 16:24:24.116,18.918
2026-01-14 16:24:24.133,18.913
2026-01-14 16:24:24.151,18.894
2026-01-14 16:24:24.152,18.879
2026-01-14 16:24:24.166,18.861
2026-01-14 16:24:24.182,18.836
2026-01-14 16:24:24.200,18.804
2026-01-14 16:24:24.200,18.775
2026-01-14 16:24:24.216,18.747
2026-01-14 16:24:24.233,18.718
2026-01-14 16:24:24.235,18.689
2026-01-14 16:24:24.250,18.66
2026-01-14 16:24:24.266,18.633
2026-01-14 16:24:24.282,18.603
2026-01-14 16:24:24.283,18.587
2026-01-14 16:24:24.311,18.569
2026-01-14 16:24:24.311,18.549
2026-01-14 16:24:24.320,18.536
2026-01-14 16:24:24.333,18.533
2026-01-14 16:24:24.351,18.534
2026-01-14 16:24:24.368,18.527
2026-01-14 16:24:24.368,18.517
2026-01-14 16:24:24.382,18.52
2026-01-14 16:24:24.400,18.512
2026-01-14 16:24:24.417,18.494
2026-01-14 16:24:24.417,18.474
2026-01-14 16:24:24.432,18.444
2026-01-14 16:24:24.450,18.417
2026-01-14 16:24:24.451,18.384
2026-01-14 16:24:24.466,18.359
2026-01-14 16:24:24.483,18.339
2026-01-14 16:24:24.501,18.318
2026-01-14 16:24:24.501,18.299
2026-01-14 16:24:24.516,18.284
2026-01-14 16:24:24.532,18.266
2026-01-14 16:24:24.549,18.245
2026-01-14 16:24:24.551,18.233
2026-01-14 16:24:24.565,18.213
2026-01-14 16:24:24.583,18.201
2026-01-14 16:24:24.583,18.195
2026-01-14 16:24:24.599,18.193
2026-01-14 16:24:24.616,18.189
2026-01-14 16:24:24.639,18.182
2026-01-14 16:24:24.639,18.172
2026-01-14 16:24:24.649,18.169
2026-01-14 16:24:24.666,18.169
2026-01-14 16:24:24.667,18.165
2026-01-14 16:24:24.682,18.162
2026-01-14 16:24:24.700,18.15
2026-01-14 16:24:24.717,18.137
2026-01-14 16:24:24.717,18.131
2026-01-14 16:24:24.733,18.115
2026-01-14 16:24:24.750,18.096
2026-01-14 16:24:24.751,18.078
2026-01-14 16:24:24.766,18.065
2026-01-14 16:24:24.782,18.048
2026-01-14 16:24:24.800,18.031
2026-01-14 16:24:24.801,18.035
2026-01-14 16:24:24.816,18.011
2026-01-14 16:24:24.833,17.992
2026-01-14 16:24:24.850,17.975
2026-01-14 16:24:24.851,17.958
2026-01-14 16:24:24.866,17.942
2026-01-14 16:24:24.882,17.925
2026-01-14 16:24:24.883,17.91
2026-01-14 16:24:24.899,17.895
2026-01-14 16:24:24.916,17.882
2026-01-14 16:24:24.933,17.878
2026-01-14 16:24:24.933,17.87
2026-01-14 16:24:24.950,17.862
2026-01-14 16:24:24.966,17.862
2026-01-14 16:24:24.966,17.849
2026-01-14 16:24:24.983,17.826
2026-01-14 16:24:24.999,17.812
2026-01-14 16:24:25.015,17.796
2026-01-14 16:24:25.016,17.774
2026-01-14 16:24:25.033,17.767
2026-01-14 16:24:25.050,17.752
2026-01-14 16:24:25.051,17.736
2026-01-14 16:24:25.065,17.718
2026-01-14 16:24:25.083,17.711
2026-01-14 16:24:25.103,17.703
2026-01-14 16:24:25.103,17.691
2026-01-14 16:24:25.115,17.671
2026-01-14 16:24:25.134,17.653
2026-01-14 16:24:25.149,17.638
2026-01-14 16:24:25.150,17.625
2026-01-14 16:24:25.166,17.603
2026-01-14 16:24:25.183,17.586
2026-01-14 16:24:25.184,17.576
2026-01-14 16:24:25.200,17.559
2026-01-14 16:24:25.217,17.548
2026-01-14 16:24:25.232,17.531
2026-01-14 16:24:25.233,17.517
2026-01-14 16:24:25.249,17.504
2026-01-14 16:24:25.266,17.5
2026-01-14 16:24:25.267,17.49
2026-01-14 16:24:25.283,17.478
2026-01-14 16:24:25.299,17.464
2026-01-14 16:24:25.316,17.442
2026-01-14 16:24:25.316,17.44
2026-01-14 16:24:25.332,17.425
2026-01-14 16:24:25.348,17.414
2026-01-14 16:24:25.365,17.398
2026-01-14 16:24:25.366,17.381
2026-01-14 16:24:25.382,17.37
2026-01-14 16:24:25.398,17.354
2026-01-14 16:24:25.399,17.333
2026-01-14 16:24:25.415,17.312
2026-01-14 16:24:25.430,17.3
2026-01-14 16:24:25.449,17.302
2026-01-14 16:24:25.449,17.302
2026-01-14 16:24:25.466,17.305
2026-01-14 16:24:25.482,17.305
2026-01-14 16:24:25.483,17.299
2026-01-14 16:24:25.498,17.288
2026-01-14 16:24:25.515,17.278
2026-01-14 16:24:25.532,17.275
2026-01-14 16:24:25.532,17.264
2026-01-14 16:24:25.548,17.253
2026-01-14 16:24:25.565,17.246
2026-01-14 16:24:25.582,17.247
2026-01-14 16:24:25.582,17.241
2026-01-14 16:24:25.599,17.232
2026-01-14 16:24:25.623,17.236
2026-01-14 16:24:25.623,17.235
2026-01-14 16:24:25.632,17.218
2026-01-14 16:24:25.649,17.208
2026-01-14 16:24:25.676,17.209
2026-01-14 16:24:25.676,17.21
2026-01-14 16:24:25.687,17.186
2026-01-14 16:24:25.700,17.181
2026-01-14 16:24:25.715,17.173
2026-01-14 16:24:25.731,17.147
2026-01-14 16:24:25.749,17.125
2026-01-14 16:24:25.750,17.107
2026-01-14 16:24:25.765,17.096
2026-01-14 16:24:25.782,17.084
2026-01-14 16:24:25.782,17.071
2026-01-14 16:24:25.798,17.063
2026-01-14 16:24:25.816,17.059
2026-01-14 16:24:25.832,17.049
2026-01-14 16:24:25.832,17.04
2026-01-14 16:24:25.849,17.027
2026-01-14 16:24:25.865,17.023
2026-01-14 16:24:25.881,17.018
2026-01-14 16:24:25.881,17.002
2026-01-14 16:24:25.898,16.993
2026-01-14 16:24:25.915,16.981
2026-01-14 16:24:25.916,16.966
2026-01-14 16:24:25.932,16.947
2026-01-14 16:24:25.950,16.94
2026-01-14 16:24:25.950,16.915
2026-01-14 16:24:25.966,16.893
2026-01-14 16:24:25.983,16.883
2026-01-14 16:24:26.001,16.857
2026-01-14 16:24:26.001,16.832
2026-01-14 16:24:26.018,16.81
2026-01-14 16:24:26.032,16.779
2026-01-14 16:24:26.049,16.764
2026-01-14 16:24:26.049,16.745
2026-01-14 16:24:26.066,16.739
2026-01-14 16:24:26.082,16.722
2026-01-14 16:24:26.100,16.714
2026-01-14 16:24:26.116,16.693
2026-01-14 16:24:26.133,16.664
2026-01-14 16:24:26.134,16.63
2026-01-14 16:24:26.150,16.613
2026-01-14 16:24:26.165,16.587
2026-01-14 16:24:26.182,16.558
2026-01-14 16:24:26.183,16.534
2026-01-14 16:24:26.200,16.515
2026-01-14 16:24:26.216,16.5
2026-01-14 16:24:26.217,16.472
2026-01-14 16:24:26.232,16.448
2026-01-14 16:24:26.251,16.432
2026-01-14 16:24:26.251,16.412
2026-01-14 16:24:26.266,16.399
2026-01-14 16:24:26.283,16.384
2026-01-14 16:24:26.300,16.373
2026-01-14 16:24:26.301,16.367
2026-01-14 16:24:26.316,16.362
2026-01-14 16:24:26.332,16.348
2026-01-14 16:24:26.350,16.339
2026-01-14 16:24:26.350,16.326
2026-01-14 16:24:26.366,16.338
2026-01-14 16:24:26.383,16.33
2026-01-14 16:24:26.383,16.327
2026-01-14 16:24:26.399,16.319
2026-01-14 16:24:26.416,16.306
2026-01-14 16:24:26.432,16.301
2026-01-14 16:24:26.433,16.298
2026-01-14 16:24:26.449,16.289
2026-01-14 16:24:26.469,16.284
2026-01-14 16:24:26.469,16.286
2026-01-14 16:24:26.483,16.295
2026-01-14 16:24:26.499,16.298
2026-01-14 16:24:26.516,16.282
2026-01-14 16:24:26.517,16.277
2026-01-14 16:24:26.533,16.265
2026-01-14 16:24:26.548,16.27
2026-01-14 16:24:26.566,16.269
2026-01-14 16:24:26.567,16.256
2026-01-14 16:24:26.582,16.247
2026-01-14 16:24:26.600,16.223
2026-01-14 16:24:26.601,16.193
2026-01-14 16:24:26.616,16.182
2026-01-14 16:24:26.639,16.174
2026-01-14 16:24:26.640,16.167
2026-01-14 16:24:26.649,16.157
2026-01-14 16:24:26.665,16.136
2026-01-14 16:24:26.683,16.117
2026-01-14 16:24:26.683,16.091
2026-01-14 16:24:26.699,16.069
2026-01-14 16:24:26.716,16.056
2026-01-14 16:24:26.732,16.037
2026-01-14 16:24:26.733,16.019
2026-01-14 16:24:26.750,16.006
2026-01-14 16:24:26.766,15.996
2026-01-14 16:24:26.767,15.975
2026-01-14 16:24:26.783,15.954
2026-01-14 16:24:26.799,15.939
2026-01-14 16:24:26.816,15.929
2026-01-14 16:24:26.817,15.92
2026-01-14 16:24:26.832,15.906
2026-01-14 16:24:26.849,15.898
2026-01-14 16:24:26.866,15.888
2026-01-14 16:24:26.866,15.879
2026-01-14 16:24:26.883,15.879
2026-01-14 16:24:26.898,15.867
2026-01-14 16:24:26.899,15.853
2026-01-14 16:24:26.916,15.828
2026-01-14 16:24:26.932,15.809
2026-01-14 16:24:26.948,15.805
2026-01-14 16:24:26.949,15.8
2026-01-14 16:24:26.966,15.788
2026-01-14 16:24:26.982,15.765
2026-01-14 16:24:26.982,15.753
2026-01-14 16:24:26.999,15.734
2026-01-14 16:24:27.017,15.717
2026-01-14 16:24:27.066,15.707
2026-01-14 16:24:27.067,15.689
2026-01-14 16:24:27.067,15.672
2026-01-14 16:24:27.067,15.658
2026-01-14 16:24:27.067,15.643
2026-01-14 16:24:27.099,15.624
2026-01-14 16:24:27.100,15.605
2026-01-14 16:24:27.115,15.584
2026-01-14 16:24:27.116,15.58
2026-01-14 16:24:27.131,15.568
2026-01-14 16:24:27.150,15.552
2026-01-14 16:24:27.151,15.537
2026-01-14 16:24:27.166,15.532
2026-01-14 16:24:27.182,15.523
2026-01-14 16:24:27.199,15.518
2026-01-14 16:24:27.200,15.502
2026-01-14 16:24:27.216,15.482
2026-01-14 16:24:27.232,15.467
2026-01-14 16:24:27.250,15.449
2026-01-14 16:24:27.250,15.436
2026-01-14 16:24:27.266,15.425
2026-01-14 16:24:27.283,15.415
2026-01-14 16:24:27.283,15.399
2026-01-14 16:24:27.298,15.392
2026-01-14 16:24:27.316,15.383
2026-01-14 16:24:27.333,15.38
2026-01-14 16:24:27.333,15.357
2026-01-14 16:24:27.349,15.347
2026-01-14 16:24:27.366,15.335
2026-01-14 16:24:27.367,15.324
2026-01-14 16:24:27.382,15.308
2026-01-14 16:24:27.399,15.295
2026-01-14 16:24:27.416,15.282
2026-01-14 16:24:27.416,15.275
2026-01-14 16:24:27.432,15.255
2026-01-14 16:24:27.449,15.238
2026-01-14 16:24:27.464,15.225
2026-01-14 16:24:27.465,15.207
2026-01-14 16:24:27.481,15.201
2026-01-14 16:24:27.497,15.188
2026-01-14 16:24:27.499,15.172
2026-01-14 16:24:27.515,15.159
2026-01-14 16:24:27.531,15.149
2026-01-14 16:24:27.548,15.129
2026-01-14 16:24:27.549,15.103
2026-01-14 16:24:27.565,15.101
2026-01-14 16:24:27.582,15.088
2026-01-14 16:24:27.599,15.071
2026-01-14 16:24:27.599,15.061
2026-01-14 16:24:27.622,15.037
2026-01-14 16:24:27.623,15.033
2026-01-14 16:24:27.631,15.023
2026-01-14 16:24:27.648,15.015
2026-01-14 16:24:27.664,15.008
2026-01-14 16:24:27.682,14.999
2026-01-14 16:24:27.682,14.981
2026-01-14 16:24:27.698,14.96
2026-01-14 16:24:27.714,14.948
2026-01-14 16:24:27.715,14.933
2026-01-14 16:24:27.731,14.911
2026-01-14 16:24:27.748,14.904
2026-01-14 16:24:27.765,14.884
2026-01-14 16:24:27.767,14.874
2026-01-14 16:24:27.781,14.852
2026-01-14 16:24:27.797,14.834
2026-01-14 16:24:27.798,14.824
2026-01-14 16:24:27.814,14.811
2026-01-14 16:24:27.831,14.799
2026-01-14 16:24:27.847,14.781
2026-01-14 16:24:27.848,14.772
2026-01-14 16:24:27.865,14.755
2026-01-14 16:24:27.882,14.743
2026-01-14 16:24:27.882,14.736
2026-01-14 16:24:27.898,14.73
2026-01-14 16:24:27.915,14.717
2026-01-14 16:24:27.933,14.704
2026-01-14 16:24:27.934,14.695
2026-01-14 16:24:27.948,14.683
2026-01-14 16:24:27.965,14.666
2026-01-14 16:24:27.966,14.653
2026-01-14 16:24:27.982,14.639
2026-01-14 16:24:27.999,14.623
2026-01-14 16:24:28.016,14.607
2026-01-14 16:24:28.017,14.597
2026-01-14 16:24:28.032,14.578
2026-01-14 16:24:28.049,14.56
2026-01-14 16:24:28.066,14.544
2026-01-14 16:24:28.067,14.533
2026-01-14 16:24:28.082,14.52
2026-01-14 16:24:28.099,14.5
2026-01-14 16:24:28.100,14.485
2026-01-14 16:24:28.116,14.476
2026-01-14 16:24:28.132,14.461
2026-01-14 16:24:28.147,14.447
2026-01-14 16:24:28.148,14.439
2026-01-14 16:24:28.166,14.435
2026-01-14 16:24:28.183,14.419
2026-01-14 16:24:28.183,14.403
2026-01-14 16:24:28.199,14.393
2026-01-14 16:24:28.216,14.387
2026-01-14 16:24:28.233,14.377
2026-01-14 16:24:28.233,14.366
2026-01-14 16:24:28.250,14.349
2026-01-14 16:24:28.266,14.331
2026-01-14 16:24:28.267,14.323
2026-01-14 16:24:28.282,14.303
2026-01-14 16:24:28.299,14.287
2026-01-14 16:24:28.316,14.271
2026-01-14 16:24:28.316,14.249
2026-01-14 16:24:28.332,14.237
2026-01-14 16:24:28.348,14.224
2026-01-14 16:24:28.366,14.213
2026-01-14 16:24:28.366,14.203
2026-01-14 16:24:28.407,14.191
2026-01-14 16:24:28.408,14.177
2026-01-14 16:24:28.408,14.165
2026-01-14 16:24:28.414,14.152
2026-01-14 16:24:28.432,14.14
2026-01-14 16:24:28.448,14.13
2026-01-14 16:24:28.448,14.115
2026-01-14 16:24:28.466,14.102
2026-01-14 16:24:28.482,14.085
2026-01-14 16:24:28.482,14.076
2026-01-14 16:24:28.499,14.061
2026-01-14 16:24:28.516,14.044
2026-01-14 16:24:28.533,14.029
2026-01-14 16:24:28.533,14.01
2026-01-14 16:24:28.549,13.997
2026-01-14 16:24:28.566,13.988
2026-01-14 16:24:28.567,13.966
2026-01-14 16:24:28.581,13.952
2026-01-14 16:24:28.599,13.939
2026-01-14 16:24:28.622,13.927
2026-01-14 16:24:28.622,13.916
2026-01-14 16:24:28.633,13.893
2026-01-14 16:24:28.648,13.888
2026-01-14 16:24:28.650,13.873
2026-01-14 16:24:28.666,13.857
2026-01-14 16:24:28.682,13.844
2026-01-14 16:24:28.699,13.837
2026-01-14 16:24:28.700,13.83
2026-01-14 16:24:28.716,13.811
2026-01-14 16:24:28.732,13.803
2026-01-14 16:24:28.749,13.794
2026-01-14 16:24:28.750,13.781
2026-01-14 16:24:28.766,13.766
2026-01-14 16:24:28.782,13.755
2026-01-14 16:24:28.783,13.747
2026-01-14 16:24:28.799,13.737
2026-01-14 16:24:28.816,13.737
2026-01-14 16:24:28.832,13.728
2026-01-14 16:24:28.832,13.721
2026-01-14 16:24:28.849,13.71
2026-01-14 16:24:28.866,13.699
2026-01-14 16:24:28.867,13.688
2026-01-14 16:24:28.882,13.673
2026-01-14 16:24:28.899,13.664
2026-01-14 16:24:28.916,13.648
2026-01-14 16:24:28.916,13.633
2026-01-14 16:24:28.932,13.614
2026-01-14 16:24:28.949,13.606
2026-01-14 16:24:28.965,13.592
2026-01-14 16:24:28.966,13.577
2026-01-14 16:24:28.983,13.566
2026-01-14 16:24:28.998,13.55
2026-01-14 16:24:28.999,13.536
2026-01-14 16:24:29.015,13.527
2026-01-14 16:24:29.032,13.514
2026-01-14 16:24:29.049,13.5
2026-01-14 16:24:29.050,13.491
2026-01-14 16:24:29.065,13.475
2026-01-14 16:24:29.082,13.46
2026-01-14 16:24:29.082,13.459
2026-01-14 16:24:29.100,13.446
2026-01-14 16:24:29.116,13.417
2026-01-14 16:24:29.132,13.401
2026-01-14 16:24:29.133,13.376
2026-01-14 16:24:29.150,13.351
2026-01-14 16:24:29.165,13.33
2026-01-14 16:24:29.184,13.309
2026-01-14 16:24:29.185,13.289
2026-01-14 16:24:29.198,13.266
2026-01-14 16:24:29.216,13.241
2026-01-14 16:24:29.216,13.225
2026-01-14 16:24:29.233,13.202
2026-01-14 16:24:29.247,13.184
2026-01-14 16:24:29.265,13.168
2026-01-14 16:24:29.265,13.148
2026-01-14 16:24:29.280,13.143
2026-01-14 16:24:29.298,13.131
2026-01-14 16:24:29.299,13.12
2026-01-14 16:24:29.316,13.102
2026-01-14 16:24:29.332,13.097
2026-01-14 16:24:29.350,13.093
2026-01-14 16:24:29.351,13.083
2026-01-14 16:24:29.365,13.072
2026-01-14 16:24:29.382,13.071
2026-01-14 16:24:29.383,13.07
2026-01-14 16:24:29.399,13.072
2026-01-14 16:24:29.416,13.08
2026-01-14 16:24:29.432,13.073
2026-01-14 16:24:29.432,13.063
2026-01-14 16:24:29.449,13.061
2026-01-14 16:24:29.466,13.054
2026-01-14 16:24:29.467,13.042
2026-01-14 16:24:29.481,13.03
2026-01-14 16:24:29.499,13.029
2026-01-14 16:24:29.515,13.031
2026-01-14 16:24:29.515,13.021
2026-01-14 16:24:29.531,13.005
2026-01-14 16:24:29.549,12.997
2026-01-14 16:24:29.567,12.987
2026-01-14 16:24:29.567,12.976
2026-01-14 16:24:29.581,12.958
2026-01-14 16:24:29.599,12.949
2026-01-14 16:24:29.599,12.935
2026-01-14 16:24:29.615,12.926
2026-01-14 16:24:29.638,12.919
2026-01-14 16:24:29.638,12.909
2026-01-14 16:24:29.648,12.898
2026-01-14 16:24:29.663,12.893
2026-01-14 16:24:29.683,12.867
2026-01-14 16:24:29.684,12.848
2026-01-14 16:24:29.698,12.82
2026-01-14 16:24:29.715,12.785
2026-01-14 16:24:29.732,12.746
2026-01-14 16:24:29.732,12.724
2026-01-14 16:24:29.749,12.701
2026-01-14 16:24:29.778,12.676
2026-01-14 16:24:29.779,12.656
2026-01-14 16:24:29.779,12.633
2026-01-14 16:24:29.798,12.613
2026-01-14 16:24:29.815,12.593
2026-01-14 16:24:29.816,12.575
2026-01-14 16:24:29.832,12.553
2026-01-14 16:24:29.847,12.546
2026-01-14 16:24:29.864,12.528
2026-01-14 16:24:29.864,12.508
2026-01-14 16:24:29.882,12.497
2026-01-14 16:24:29.898,12.479
2026-01-14 16:24:29.899,12.466
2026-01-14 16:24:29.915,12.441
2026-01-14 16:24:29.931,12.418
2026-01-14 16:24:29.949,12.401
2026-01-14 16:24:29.950,12.392
2026-01-14 16:24:29.965,12.384
2026-01-14 16:24:29.982,12.382
2026-01-14 16:24:29.982,12.379
2026-01-14 16:24:29.999,12.389
2026-01-14 16:24:30.016,12.383
2026-01-14 16:24:30.032,12.387
2026-01-14 16:24:30.032,12.385
2026-01-14 16:24:30.049,12.377
2026-01-14 16:24:30.065,12.374
2026-01-14 16:24:30.066,12.37
2026-01-14 16:24:30.082,12.364
2026-01-14 16:24:30.099,12.36
2026-01-14 16:24:30.115,12.349
2026-01-14 16:24:30.116,12.339
2026-01-14 16:24:30.131,12.326
2026-01-14 16:24:30.149,12.306
2026-01-14 16:24:30.166,12.285
2026-01-14 16:24:30.167,12.264
2026-01-14 16:24:30.181,12.242
2026-01-14 16:24:30.200,12.211
2026-01-14 16:24:30.200,12.181
2026-01-14 16:24:30.216,12.151
2026-01-14 16:24:30.232,12.13
2026-01-14 16:24:30.249,12.115
2026-01-14 16:24:30.250,12.099
2026-01-14 16:24:30.265,12.094
2026-01-14 16:24:30.282,12.076
2026-01-14 16:24:30.283,12.065
2026-01-14 16:24:30.299,12.055
2026-01-14 16:24:30.316,12.044
2026-01-14 16:24:30.331,12.036
2026-01-14 16:24:30.331,12.037
2026-01-14 16:24:30.349,12.032
2026-01-14 16:24:30.366,12.018
2026-01-14 16:24:30.382,12.014
2026-01-14 16:24:30.382,12.006
2026-01-14 16:24:30.399,11.993
2026-01-14 16:24:30.414,11.983
2026-01-14 16:24:30.415,11.976
2026-01-14 16:24:30.432,11.962
2026-01-14 16:24:30.449,11.943
2026-01-14 16:24:30.465,11.912
2026-01-14 16:24:30.466,11.893
2026-01-14 16:24:30.481,11.878
2026-01-14 16:24:30.500,11.87
2026-01-14 16:24:30.501,11.868
2026-01-14 16:24:30.516,11.855
2026-01-14 16:24:30.532,11.838
2026-01-14 16:24:30.548,11.829
2026-01-14 16:24:30.548,11.823
2026-01-14 16:24:30.565,11.81
2026-01-14 16:24:30.582,11.798
2026-01-14 16:24:30.583,11.782
2026-01-14 16:24:30.599,11.77
2026-01-14 16:24:30.615,11.757
2026-01-14 16:24:30.640,11.741
2026-01-14 16:24:30.640,11.729
2026-01-14 16:24:30.649,11.712
2026-01-14 16:24:30.665,11.699
2026-01-14 16:24:30.680,11.681
2026-01-14 16:24:30.682,11.661
2026-01-14 16:24:30.698,11.65
2026-01-14 16:24:30.716,11.635
2026-01-14 16:24:30.716,11.623
2026-01-14 16:24:30.732,11.613
2026-01-14 16:24:30.750,11.586
2026-01-14 16:24:30.751,11.574
2026-01-14 16:24:30.764,11.565
2026-01-14 16:24:30.783,11.549
2026-01-14 16:24:30.799,11.538
2026-01-14 16:24:30.799,11.522
2026-01-14 16:24:30.816,11.5
2026-01-14 16:24:30.832,11.483
2026-01-14 16:24:30.849,11.473
2026-01-14 16:24:30.849,11.451
2026-01-14 16:24:30.866,11.436
2026-01-14 16:24:30.881,11.421
2026-01-14 16:24:30.903,11.412
2026-01-14 16:24:30.905,11.399
2026-01-14 16:24:30.916,11.383
2026-01-14 16:24:30.933,11.372
2026-01-14 16:24:30.934,11.355
2026-01-14 16:24:30.953,11.339
2026-01-14 16:24:30.966,11.33
2026-01-14 16:24:30.968,11.312
2026-01-14 16:24:30.981,11.304
2026-01-14 16:24:30.998,11.289
2026-01-14 16:24:31.015,11.267
2026-01-14 16:24:31.016,11.253
2026-01-14 16:24:31.032,11.242
2026-01-14 16:24:31.049,11.228
2026-01-14 16:24:31.067,11.214
2026-01-14 16:24:31.067,11.199
2026-01-14 16:24:31.082,11.187
2026-01-14 16:24:31.099,11.172
2026-01-14 16:24:31.100,11.154
2026-01-14 16:24:31.140,11.133
2026-01-14 16:24:31.141,11.12
2026-01-14 16:24:31.141,11.111
2026-01-14 16:24:31.151,11.093
2026-01-14 16:24:31.165,11.075
2026-01-14 16:24:31.182,11.064
2026-01-14 16:24:31.182,11.052
2026-01-14 16:24:31.198,11.036
2026-01-14 16:24:31.217,11.022
2026-01-14 16:24:31.231,11.02
2026-01-14 16:24:31.232,11.003
2026-01-14 16:24:31.250,10.988
2026-01-14 16:24:31.265,10.978
2026-01-14 16:24:31.282,10.956
2026-01-14 16:24:31.282,10.939
2026-01-14 16:24:31.299,10.928
2026-01-14 16:24:31.315,10.912
2026-01-14 16:24:31.315,10.902
2026-01-14 16:24:31.332,10.887
2026-01-14 16:24:31.349,10.871
2026-01-14 16:24:31.365,10.856
2026-01-14 16:24:31.366,10.84
2026-01-14 16:24:31.382,10.832
2026-01-14 16:24:31.400,10.82
2026-01-14 16:24:31.401,10.817
2026-01-14 16:24:31.414,10.8
2026-01-14 16:24:31.432,10.783
2026-01-14 16:24:31.449,10.763
2026-01-14 16:24:31.449,10.745
2026-01-14 16:24:31.466,10.724
2026-01-14 16:24:31.482,10.7
2026-01-14 16:24:31.499,10.68
2026-01-14 16:24:31.500,10.658
2026-01-14 16:24:31.514,10.636
2026-01-14 16:24:31.532,10.625
2026-01-14 16:24:31.532,10.617
2026-01-14 16:24:31.550,10.608
2026-01-14 16:24:31.566,10.597
2026-01-14 16:24:31.567,10.586
2026-01-14 16:24:31.582,10.584
2026-01-14 16:24:31.599,10.572
2026-01-14 16:24:31.615,10.565
2026-01-14 16:24:31.616,10.553
2026-01-14 16:24:31.640,10.543
2026-01-14 16:24:31.640,10.531
2026-01-14 16:24:31.665,10.518
2026-01-14 16:24:31.665,10.499
2026-01-14 16:24:31.681,10.486
2026-01-14 16:24:31.698,10.471
2026-01-14 16:24:31.700,10.459
2026-01-14 16:24:31.716,10.448
2026-01-14 16:24:31.730,10.428
2026-01-14 16:24:31.749,10.414
2026-01-14 16:24:31.749,10.403
2026-01-14 16:24:31.766,10.403
2026-01-14 16:24:31.783,10.388
2026-01-14 16:24:31.783,10.373
2026-01-14 16:24:31.798,10.353
2026-01-14 16:24:31.815,10.341
2026-01-14 16:24:31.831,10.336
2026-01-14 16:24:31.831,10.322
2026-01-14 16:24:31.848,10.293
2026-01-14 16:24:31.865,10.274
2026-01-14 16:24:31.866,10.266
2026-01-14 16:24:31.882,10.246
2026-01-14 16:24:31.898,10.233
2026-01-14 16:24:31.914,10.208
2026-01-14 16:24:31.919,10.19
2026-01-14 16:24:31.931,10.175
2026-01-14 16:24:31.948,10.162
2026-01-14 16:24:31.965,10.152
2026-01-14 16:24:31.966,10.142
2026-01-14 16:24:31.982,10.131
2026-01-14 16:24:31.998,10.112
2026-01-14 16:24:31.999,10.103
2026-01-14 16:24:32.014,10.099
2026-01-14 16:24:32.031,10.091
2026-01-14 16:24:32.047,10.079
2026-01-14 16:24:32.047,10.07
2026-01-14 16:24:32.064,10.065
2026-01-14 16:24:32.081,10.055
2026-01-14 16:24:32.097,10.043
2026-01-14 16:24:32.098,10.033
2026-01-14 16:24:32.114,10.024
2026-01-14 16:24:32.131,10.011
2026-01-14 16:24:32.132,9.995
2026-01-14 16:24:32.147,9.986
2026-01-14 16:24:32.164,9.981
2026-01-14 16:24:32.181,9.966
2026-01-14 16:24:32.181,9.953
2026-01-14 16:24:32.197,9.936
2026-01-14 16:24:32.215,9.92
2026-01-14 16:24:32.216,9.906
2026-01-14 16:24:32.231,9.892
2026-01-14 16:24:32.249,9.878
2026-01-14 16:24:32.265,9.86
2026-01-14 16:24:32.282,9.843
2026-01-14 16:24:32.298,9.831
2026-01-14 16:24:32.299,9.814
2026-01-14 16:24:32.316,9.802
2026-01-14 16:24:32.331,9.782
2026-01-14 16:24:32.349,9.772
2026-01-14 16:24:32.350,9.76
2026-01-14 16:24:32.365,9.751
2026-01-14 16:24:32.382,9.731
2026-01-14 16:24:32.399,9.715
2026-01-14 16:24:32.399,9.694
2026-01-14 16:24:32.415,9.678
2026-01-14 16:24:32.432,9.665
2026-01-14 16:24:32.432,9.649
2026-01-14 16:24:32.448,9.639
2026-01-14 16:24:32.491,9.624
2026-01-14 16:24:32.492,9.603
2026-01-14 16:24:32.492,9.589
2026-01-14 16:24:32.493,9.57
2026-01-14 16:24:32.503,9.555
2026-01-14 16:24:32.515,9.541
2026-01-14 16:24:32.531,9.534
2026-01-14 16:24:32.548,9.531
2026-01-14 16:24:32.565,9.509
2026-01-14 16:24:32.566,9.487
2026-01-14 16:24:32.582,9.475
2026-01-14 16:24:32.600,9.453
2026-01-14 16:24:32.601,9.439
2026-01-14 16:24:32.615,9.423
2026-01-14 16:24:32.630,9.405
2026-01-14 16:24:32.659,9.387
2026-01-14 16:24:32.659,9.379
2026-01-14 16:24:32.660,9.36
2026-01-14 16:24:32.672,9.348
2026-01-14 16:24:32.698,9.337
2026-01-14 16:24:32.699,9.327
2026-01-14 16:24:32.715,9.304
2026-01-14 16:24:32.732,9.288
2026-01-14 16:24:32.732,9.272
2026-01-14 16:24:32.749,9.257
2026-01-14 16:24:32.765,9.247
2026-01-14 16:24:32.782,9.229
2026-01-14 16:24:32.783,9.211
2026-01-14 16:24:32.798,9.194
2026-01-14 16:24:32.815,9.177
2026-01-14 16:24:32.816,9.159
2026-01-14 16:24:32.831,9.142
2026-01-14 16:24:32.849,9.125
2026-01-14 16:24:32.865,9.109
2026-01-14 16:24:32.865,9.103
2026-01-14 16:24:32.882,9.087
2026-01-14 16:24:32.899,9.063
2026-01-14 16:24:32.900,9.046
2026-01-14 16:24:32.916,9.032
2026-01-14 16:24:32.931,9.009
2026-01-14 16:24:32.949,8.996
2026-01-14 16:24:32.949,8.978
2026-01-14 16:24:32.965,8.974
2026-01-14 16:24:32.981,8.956
2026-01-14 16:24:32.999,8.946
2026-01-14 16:24:32.999,8.93
2026-01-14 16:24:33.014,8.909
2026-01-14 16:24:33.032,8.897
2026-01-14 16:24:33.033,8.884
2026-01-14 16:24:33.047,8.865
2026-01-14 16:24:33.064,8.847
2026-01-14 16:24:33.080,8.828
2026-01-14 16:24:33.080,8.811
2026-01-14 16:24:33.097,8.794
2026-01-14 16:24:33.114,8.778
2026-01-14 16:24:33.115,8.771
2026-01-14 16:24:33.131,8.758
2026-01-14 16:24:33.147,8.751
2026-01-14 16:24:33.164,8.74
2026-01-14 16:24:33.164,8.73
2026-01-14 16:24:33.180,8.719
2026-01-14 16:24:33.198,8.702
2026-01-14 16:24:33.199,8.685
2026-01-14 16:24:33.213,8.67
2026-01-14 16:24:33.231,8.657
2026-01-14 16:24:33.247,8.647
2026-01-14 16:24:33.248,8.631
2026-01-14 16:24:33.265,8.617
2026-01-14 16:24:33.283,8.603
2026-01-14 16:24:33.283,8.584
2026-01-14 16:24:33.299,8.567
2026-01-14 16:24:33.315,8.55
2026-01-14 16:24:33.331,8.542
2026-01-14 16:24:33.331,8.523
2026-01-14 16:24:33.348,8.509
2026-01-14 16:24:33.365,8.492
2026-01-14 16:24:33.366,8.477
2026-01-14 16:24:33.381,8.46
2026-01-14 16:24:33.398,8.441
2026-01-14 16:24:33.416,8.428
2026-01-14 16:24:33.417,8.409
2026-01-14 16:24:33.431,8.399
2026-01-14 16:24:33.448,8.382
2026-01-14 16:24:33.464,8.369
2026-01-14 16:24:33.465,8.355
2026-01-14 16:24:33.481,8.339
2026-01-14 16:24:33.499,8.327
2026-01-14 16:24:33.499,8.312
2026-01-14 16:24:33.514,8.3
2026-01-14 16:24:33.530,8.281
2026-01-14 16:24:33.549,8.27
2026-01-14 16:24:33.549,8.249
2026-01-14 16:24:33.564,8.236
2026-01-14 16:24:33.581,8.219
2026-01-14 16:24:33.597,8.2
2026-01-14 16:24:33.598,8.191
2026-01-14 16:24:33.615,8.181
2026-01-14 16:24:33.640,8.169
2026-01-14 16:24:33.641,8.156
2026-01-14 16:24:33.648,8.148
2026-01-14 16:24:33.665,8.138
2026-01-14 16:24:33.681,8.118
2026-01-14 16:24:33.682,8.102
2026-01-14 16:24:33.697,8.085
2026-01-14 16:24:33.715,8.071
2026-01-14 16:24:33.715,8.054
2026-01-14 16:24:33.730,8.04
2026-01-14 16:24:33.748,8.032
2026-01-14 16:24:33.764,8.02
2026-01-14 16:24:33.764,8.01
2026-01-14 16:24:33.781,7.996
2026-01-14 16:24:33.800,7.977
2026-01-14 16:24:33.800,7.956
2026-01-14 16:24:33.815,7.94
2026-01-14 16:24:33.873,7.928
2026-01-14 16:24:33.874,7.923
2026-01-14 16:24:33.875,7.905
2026-01-14 16:24:33.875,7.888
2026-01-14 16:24:33.876,7.873
2026-01-14 16:24:33.884,7.855
2026-01-14 16:24:33.898,7.846
2026-01-14 16:24:33.915,7.833
2026-01-14 16:24:33.931,7.816
2026-01-14 16:24:33.932,7.808
2026-01-14 16:24:33.949,7.782
2026-01-14 16:24:33.966,7.77
2026-01-14 16:24:33.967,7.743
2026-01-14 16:24:33.982,7.732
2026-01-14 16:24:33.999,7.723
2026-01-14 16:24:34.015,7.705
2026-01-14 16:24:34.015,7.698
2026-01-14 16:24:34.031,7.686
2026-01-14 16:24:34.049,7.667
2026-01-14 16:24:34.065,7.657
2026-01-14 16:24:34.065,7.639
2026-01-14 16:24:34.082,7.623
2026-01-14 16:24:34.099,7.611
2026-01-14 16:24:34.099,7.595
2026-01-14 16:24:34.115,7.593
2026-01-14 16:24:34.131,7.581
2026-01-14 16:24:34.149,7.565
2026-01-14 16:24:34.150,7.555
2026-01-14 16:24:34.166,7.545
2026-01-14 16:24:34.181,7.543
2026-01-14 16:24:34.199,7.525
2026-01-14 16:24:34.199,7.502
2026-01-14 16:24:34.215,7.496
2026-01-14 16:24:34.232,7.487
2026-01-14 16:24:34.232,7.468
2026-01-14 16:24:34.248,7.449
2026-01-14 16:24:34.263,7.447
2026-01-14 16:24:34.281,7.433
2026-01-14 16:24:34.282,7.408
2026-01-14 16:24:34.298,7.386
2026-01-14 16:24:34.313,7.366
2026-01-14 16:24:34.313,7.35
2026-01-14 16:24:34.330,7.336
2026-01-14 16:24:34.347,7.342
2026-01-14 16:24:34.364,7.328
2026-01-14 16:24:34.364,7.316
2026-01-14 16:24:34.380,7.298
2026-01-14 16:24:34.397,7.281
2026-01-14 16:24:34.414,7.265
2026-01-14 16:24:34.414,7.249
2026-01-14 16:24:34.430,7.228
2026-01-14 16:24:34.447,7.209
2026-01-14 16:24:34.448,7.189
2026-01-14 16:24:34.463,7.171
2026-01-14 16:24:34.480,7.155
2026-01-14 16:24:34.499,7.139
2026-01-14 16:24:34.499,7.127
2026-01-14 16:24:34.514,7.119
2026-01-14 16:24:34.531,7.094
2026-01-14 16:24:34.531,7.078
2026-01-14 16:24:34.548,7.064
2026-01-14 16:24:34.566,7.051
2026-01-14 16:24:34.567,7.038
2026-01-14 16:24:34.580,7.025
2026-01-14 16:24:34.598,7.009
2026-01-14 16:24:34.615,6.988
2026-01-14 16:24:34.615,6.97
2026-01-14 16:24:34.637,6.959
2026-01-14 16:24:34.647,6.94
2026-01-14 16:24:34.663,6.924
2026-01-14 16:24:34.663,6.911
2026-01-14 16:24:34.681,6.895
2026-01-14 16:24:34.698,6.881
2026-01-14 16:24:34.699,6.874
2026-01-14 16:24:34.713,6.857
2026-01-14 16:24:34.732,6.848
2026-01-14 16:24:34.748,6.836
2026-01-14 16:24:34.748,6.817
2026-01-14 16:24:34.765,6.807
2026-01-14 16:24:34.780,6.788
2026-01-14 16:24:34.798,6.771
2026-01-14 16:24:34.816,6.756
2026-01-14 16:24:34.831,6.742
2026-01-14 16:24:34.831,6.73
2026-01-14 16:24:34.848,6.714
2026-01-14 16:24:34.865,6.698
2026-01-14 16:24:34.881,6.684
2026-01-14 16:24:34.881,6.667
2026-01-14 16:24:34.898,6.648
2026-01-14 16:24:34.914,6.633
2026-01-14 16:24:34.915,6.619
2026-01-14 16:24:34.931,6.603
2026-01-14 16:24:34.949,6.583
2026-01-14 16:24:34.966,6.574
2026-01-14 16:24:34.966,6.556
2026-01-14 16:24:34.981,6.538
2026-01-14 16:24:34.999,6.523
2026-01-14 16:24:34.999,6.509
2026-01-14 16:24:35.015,6.494
2026-01-14 16:24:35.031,6.482
2026-01-14 16:24:35.047,6.478
2026-01-14 16:24:35.047,6.464
2026-01-14 16:24:35.064,6.453
2026-01-14 16:24:35.081,6.442
2026-01-14 16:24:35.098,6.423
2026-01-14 16:24:35.098,6.406
2026-01-14 16:24:35.114,6.395
2026-01-14 16:24:35.131,6.382
2026-01-14 16:24:35.132,6.368
2026-01-14 16:24:35.148,6.35
2026-01-14 16:24:35.165,6.335
2026-01-14 16:24:35.180,6.322
2026-01-14 16:24:35.181,6.304
2026-01-14 16:24:35.198,6.292
2026-01-14 16:24:35.225,6.276
2026-01-14 16:24:35.225,6.264
2026-01-14 16:24:35.233,6.254
2026-01-14 16:24:35.248,6.242
2026-01-14 16:24:35.265,6.228
2026-01-14 16:24:35.266,6.211
2026-01-14 16:24:35.281,6.185
2026-01-14 16:24:35.299,6.169
2026-01-14 16:24:35.299,6.156
2026-01-14 16:24:35.315,6.14
2026-01-14 16:24:35.331,6.127
2026-01-14 16:24:35.349,6.105
2026-01-14 16:24:35.349,6.097
2026-01-14 16:24:35.364,6.083
2026-01-14 16:24:35.381,6.07
2026-01-14 16:24:35.399,6.058
2026-01-14 16:24:35.399,6.04
2026-01-14 16:24:35.415,6.019
2026-01-14 16:24:35.431,6.0
2026-01-14 16:24:35.431,6.027
2026-01-14 16:24:35.448,5.999
2026-01-14 16:24:35.465,5.973
2026-01-14 16:24:35.481,5.954
2026-01-14 16:24:35.482,5.946
2026-01-14 16:24:35.498,5.931
2026-01-14 16:24:35.515,5.91
2026-01-14 16:24:35.516,5.891
2026-01-14 16:24:35.531,5.874
2026-01-14 16:24:35.548,5.852
2026-01-14 16:24:35.564,5.844
2026-01-14 16:24:35.565,5.834
2026-01-14 16:24:35.580,5.813
2026-01-14 16:24:35.598,5.797
2026-01-14 16:24:35.599,5.777
2026-01-14 16:24:35.615,5.769
2026-01-14 16:24:35.637,5.753
2026-01-14 16:24:35.647,5.737
2026-01-14 16:24:35.664,5.717
2026-01-14 16:24:35.680,5.7
2026-01-14 16:24:35.699,5.682
2026-01-14 16:24:35.714,5.668
2026-01-14 16:24:35.731,5.646
2026-01-14 16:24:35.731,5.623
2026-01-14 16:24:35.746,5.608
2026-01-14 16:24:35.765,5.596
2026-01-14 16:24:35.781,5.575
2026-01-14 16:24:35.782,5.555
2026-01-14 16:24:35.797,5.539
2026-01-14 16:24:35.816,5.523
2026-01-14 16:24:35.817,5.515
2026-01-14 16:24:35.831,5.5
2026-01-14 16:24:35.848,5.486
2026-01-14 16:24:35.865,5.478
2026-01-14 16:24:35.865,5.474
2026-01-14 16:24:35.881,5.462
2026-01-14 16:24:35.899,5.451
2026-01-14 16:24:35.900,5.444
2026-01-14 16:24:35.915,5.429
2026-01-14 16:24:35.930,5.413
2026-01-14 16:24:35.947,5.403
2026-01-14 16:24:35.948,5.387
2026-01-14 16:24:35.964,5.368
2026-01-14 16:24:35.980,5.355
2026-01-14 16:24:35.997,5.333
2026-01-14 16:24:35.997,5.318
2026-01-14 16:24:36.013,5.306
2026-01-14 16:24:36.031,5.302
2026-01-14 16:24:36.032,5.292
2026-01-14 16:24:36.048,5.277
2026-01-14 16:24:36.063,5.272
2026-01-14 16:24:36.081,5.254
2026-01-14 16:24:36.082,5.24
2026-01-14 16:24:36.098,5.226
2026-01-14 16:24:36.114,5.208
2026-01-14 16:24:36.115,5.206
2026-01-14 16:24:36.130,5.189
2026-01-14 16:24:36.148,5.161
2026-01-14 16:24:36.165,5.152
2026-01-14 16:24:36.165,5.136
2026-01-14 16:24:36.180,5.126
2026-01-14 16:24:36.199,5.123
2026-01-14 16:24:36.199,5.114
2026-01-14 16:24:36.214,5.105
2026-01-14 16:24:36.231,5.101
2026-01-14 16:24:36.248,5.082
2026-01-14 16:24:36.249,5.071
2026-01-14 16:24:36.265,5.052
2026-01-14 16:24:36.282,5.045
2026-01-14 16:24:36.283,5.036
2026-01-14 16:24:36.297,5.025
2026-01-14 16:24:36.315,5.009
2026-01-14 16:24:36.331,4.997
2026-01-14 16:24:36.331,4.986
2026-01-14 16:24:36.348,4.973
2026-01-14 16:24:36.365,4.957
2026-01-14 16:24:36.381,4.942
2026-01-14 16:24:36.382,4.923
2026-01-14 16:24:36.398,4.911
2026-01-14 16:24:36.414,4.903
2026-01-14 16:24:36.415,4.885
2026-01-14 16:24:36.430,4.879
2026-01-14 16:24:36.448,4.867
2026-01-14 16:24:36.464,4.856
2026-01-14 16:24:36.465,4.839
2026-01-14 16:24:36.481,4.824
2026-01-14 16:24:36.497,4.816
2026-01-14 16:24:36.499,4.806
2026-01-14 16:24:36.514,4.796
2026-01-14 16:24:36.530,4.78
2026-01-14 16:24:36.549,4.771
2026-01-14 16:24:36.549,4.765
2026-01-14 16:24:36.589,4.755
2026-01-14 16:24:36.589,4.743
2026-01-14 16:24:36.590,4.726
2026-01-14 16:24:36.599,4.715
2026-01-14 16:24:36.613,4.691
2026-01-14 16:24:36.637,4.681
2026-01-14 16:24:36.637,4.664
2026-01-14 16:24:36.647,4.651
2026-01-14 16:24:36.664,4.631
2026-01-14 16:24:36.681,4.617
2026-01-14 16:24:36.681,4.596
2026-01-14 16:24:36.697,4.587
2026-01-14 16:24:36.714,4.572
2026-01-14 16:24:36.714,4.557
2026-01-14 16:24:36.731,4.545
2026-01-14 16:24:36.747,4.527
2026-01-14 16:24:36.763,4.511
2026-01-14 16:24:36.763,4.494
2026-01-14 16:24:36.782,4.486
2026-01-14 16:24:36.797,4.471
2026-01-14 16:24:36.814,4.453
2026-01-14 16:24:36.815,4.433
2026-01-14 16:24:36.831,4.42
2026-01-14 16:24:36.847,4.415
2026-01-14 16:24:36.848,4.407
2026-01-14 16:24:36.863,4.392
2026-01-14 16:24:36.883,4.375
2026-01-14 16:24:36.884,4.357
2026-01-14 16:24:36.897,4.353
2026-01-14 16:24:36.914,4.339
2026-01-14 16:24:36.930,4.325
2026-01-14 16:24:36.930,4.311
2026-01-14 16:24:36.949,4.293
2026-01-14 16:24:36.964,4.284
2026-01-14 16:24:36.981,4.273
2026-01-14 16:24:36.981,4.264
2026-01-14 16:24:36.998,4.247
2026-01-14 16:24:37.014,4.232
2026-01-14 16:24:37.014,4.218
2026-01-14 16:24:37.030,4.208
2026-01-14 16:24:37.047,4.203
2026-01-14 16:24:37.065,4.187
2026-01-14 16:24:37.065,4.171
2026-01-14 16:24:37.081,4.153
2026-01-14 16:24:37.097,4.137
2026-01-14 16:24:37.098,4.129
2026-01-14 16:24:37.115,4.115
2026-01-14 16:24:37.131,4.099
2026-01-14 16:24:37.148,4.095
2026-01-14 16:24:37.148,4.084
2026-01-14 16:24:37.164,4.078
2026-01-14 16:24:37.181,4.066
2026-01-14 16:24:37.198,4.057
2026-01-14 16:24:37.198,4.042
2026-01-14 16:24:37.215,4.03
2026-01-14 16:24:37.231,4.005
2026-01-14 16:24:37.231,3.998
2026-01-14 16:24:37.248,3.979
2026-01-14 16:24:37.263,3.967
2026-01-14 16:24:37.282,3.954
2026-01-14 16:24:37.283,3.94
2026-01-14 16:24:37.297,3.937
2026-01-14 16:24:37.314,3.915
2026-01-14 16:24:37.314,3.899
2026-01-14 16:24:37.330,3.885
2026-01-14 16:24:37.348,3.869
2026-01-14 16:24:37.364,3.853
2026-01-14 16:24:37.364,3.838
2026-01-14 16:24:37.382,3.828
2026-01-14 16:24:37.396,3.816
2026-01-14 16:24:37.415,3.804
2026-01-14 16:24:37.415,3.795
2026-01-14 16:24:37.431,3.776
2026-01-14 16:24:37.448,3.753
2026-01-14 16:24:37.449,3.74
2026-01-14 16:24:37.463,3.735
2026-01-14 16:24:37.481,3.719
2026-01-14 16:24:37.499,3.699
2026-01-14 16:24:37.499,3.687
2026-01-14 16:24:37.515,3.665
2026-01-14 16:24:37.530,3.648
2026-01-14 16:24:37.530,3.632
2026-01-14 16:24:37.548,3.627
2026-01-14 16:24:37.563,3.606
2026-01-14 16:24:37.580,3.596
2026-01-14 16:24:37.581,3.578
2026-01-14 16:24:37.597,3.57
2026-01-14 16:24:37.614,3.555
2026-01-14 16:24:37.615,3.549
2026-01-14 16:24:37.636,3.53
2026-01-14 16:24:37.647,3.529
2026-01-14 16:24:37.664,3.52
2026-01-14 16:24:37.664,3.525
2026-01-14 16:24:37.680,3.523
2026-01-14 16:24:37.699,3.516
2026-01-14 16:24:37.700,3.502
2026-01-14 16:24:37.713,3.482
2026-01-14 16:24:37.731,3.477
2026-01-14 16:24:37.747,3.458
2026-01-14 16:24:37.748,3.451
2026-01-14 16:24:37.764,3.444
2026-01-14 16:24:37.780,3.424
2026-01-14 16:24:37.797,3.403
2026-01-14 16:24:37.798,3.394
2026-01-14 16:24:37.814,3.381
2026-01-14 16:24:37.832,3.36
2026-01-14 16:24:37.833,3.341
2026-01-14 16:24:37.847,3.321
2026-01-14 16:24:37.864,3.308
2026-01-14 16:24:37.881,3.292
2026-01-14 16:24:37.881,3.278
2026-01-14 16:24:37.898,3.265
2026-01-14 16:24:37.914,3.259
2026-01-14 16:24:37.915,3.253
2026-01-14 16:24:37.954,3.243
2026-01-14 16:24:37.955,3.225
2026-01-14 16:24:37.955,3.21
2026-01-14 16:24:37.962,3.201
2026-01-14 16:24:37.980,3.194
2026-01-14 16:24:37.997,3.191
2026-01-14 16:24:38.013,3.183
2026-01-14 16:24:38.014,3.18
2026-01-14 16:24:38.031,3.169
2026-01-14 16:24:38.046,3.159
2026-01-14 16:24:38.047,3.146
2026-01-14 16:24:38.063,3.142
2026-01-14 16:24:38.080,3.129
2026-01-14 16:24:38.097,3.125
2026-01-14 16:24:38.098,3.106
2026-01-14 16:24:38.113,3.095
2026-01-14 16:24:38.130,3.083
2026-01-14 16:24:38.130,3.066
2026-01-14 16:24:38.147,3.055
2026-01-14 16:24:38.163,3.035
2026-01-14 16:24:38.180,3.026
2026-01-14 16:24:38.180,3.016
2026-01-14 16:24:38.195,3.0
2026-01-14 16:24:38.213,2.978
2026-01-14 16:24:38.229,2.965
2026-01-14 16:24:38.229,2.946
2026-01-14 16:24:38.246,2.933
2026-01-14 16:24:38.263,2.913
2026-01-14 16:24:38.263,2.908
2026-01-14 16:24:38.280,2.889
2026-01-14 16:24:38.297,2.885
2026-01-14 16:24:38.313,2.878
2026-01-14 16:24:38.314,2.869
2026-01-14 16:24:38.331,2.858
2026-01-14 16:24:38.347,2.847
2026-01-14 16:24:38.347,2.833
2026-01-14 16:24:38.363,2.813
2026-01-14 16:24:38.381,2.803
2026-01-14 16:24:38.397,2.784
2026-01-14 16:24:38.397,2.77
2026-01-14 16:24:38.415,2.755
2026-01-14 16:24:38.430,2.743
2026-01-14 16:24:38.431,2.732
2026-01-14 16:24:38.446,2.723
2026-01-14 16:24:38.463,2.715
2026-01-14 16:24:38.480,2.709
2026-01-14 16:24:38.481,2.695
2026-01-14 16:24:38.496,2.682
2026-01-14 16:24:38.513,2.674
2026-01-14 16:24:38.530,2.665
2026-01-14 16:24:38.531,2.653
2026-01-14 16:24:38.546,2.646
2026-01-14 16:24:38.563,2.632
2026-01-14 16:24:38.563,2.62
2026-01-14 16:24:38.580,2.609
2026-01-14 16:24:38.597,2.603
2026-01-14 16:24:38.598,2.591
2026-01-14 16:24:38.614,2.575
2026-01-14 16:24:38.638,2.562
2026-01-14 16:24:38.638,2.552
2026-01-14 16:24:38.647,2.533
2026-01-14 16:24:38.664,2.519
2026-01-14 16:24:38.680,2.503
2026-01-14 16:24:38.697,2.487
2026-01-14 16:24:38.697,2.473
2026-01-14 16:24:38.714,2.46
2026-01-14 16:24:38.731,2.445
2026-01-14 16:24:38.731,2.428
2026-01-14 16:24:38.747,2.421
2026-01-14 16:24:38.764,2.41
2026-01-14 16:24:38.781,2.4
2026-01-14 16:24:38.781,2.397
2026-01-14 16:24:38.798,2.388
2026-01-14 16:24:38.813,2.39
2026-01-14 16:24:38.814,2.387
2026-01-14 16:24:38.830,2.374
2026-01-14 16:24:38.846,2.365
2026-01-14 16:24:38.863,2.349
2026-01-14 16:24:38.864,2.34
2026-01-14 16:24:38.880,2.331
2026-01-14 16:24:38.896,2.322
2026-01-14 16:24:38.912,2.304
2026-01-14 16:24:38.912,2.292
2026-01-14 16:24:38.930,2.282
2026-01-14 16:24:38.945,2.264
2026-01-14 16:24:38.946,2.249
2026-01-14 16:24:38.963,2.237
2026-01-14 16:24:38.980,2.222
2026-01-14 16:24:38.996,2.216
2026-01-14 16:24:38.997,2.217
2026-01-14 16:24:39.014,2.214
2026-01-14 16:24:39.031,2.212
2026-01-14 16:24:39.031,2.204
2026-01-14 16:24:39.047,2.192
2026-01-14 16:24:39.064,2.182
2026-01-14 16:24:39.081,2.172
2026-01-14 16:24:39.081,2.157
2026-01-14 16:24:39.097,2.151
2026-01-14 16:24:39.113,2.141
2026-01-14 16:24:39.114,2.124
2026-01-14 16:24:39.130,2.108
2026-01-14 16:24:39.148,2.088
2026-01-14 16:24:39.163,2.068
2026-01-14 16:24:39.164,2.053
2026-01-14 16:24:39.181,2.038
2026-01-14 16:24:39.197,2.031
2026-01-14 16:24:39.214,2.019
2026-01-14 16:24:39.215,2.013
2026-01-14 16:24:39.230,1.997
2026-01-14 16:24:39.248,1.985
2026-01-14 16:24:39.248,1.972
2026-01-14 16:24:39.264,1.957
2026-01-14 16:24:39.280,1.951
2026-01-14 16:24:39.307,1.942
2026-01-14 16:24:39.308,1.935
2026-01-14 16:24:39.308,1.923
2026-01-14 16:24:39.318,1.911
2026-01-14 16:24:39.332,1.893
2026-01-14 16:24:39.347,1.877
2026-01-14 16:24:39.364,1.868
2026-01-14 16:24:39.380,1.85
2026-01-14 16:24:39.381,1.837
2026-01-14 16:24:39.396,1.823
2026-01-14 16:24:39.415,1.806
2026-01-14 16:24:39.416,1.789
2026-01-14 16:24:39.430,1.774
2026-01-14 16:24:39.448,1.758
2026-01-14 16:24:39.464,1.738
2026-01-14 16:24:39.465,1.726
2026-01-14 16:24:39.480,1.714
2026-01-14 16:24:39.498,1.705
2026-01-14 16:24:39.498,1.695
2026-01-14 16:24:39.514,1.683
2026-01-14 16:24:39.531,1.67
2026-01-14 16:24:39.548,1.654
2026-01-14 16:24:39.548,1.642
2026-01-14 16:24:39.564,1.638
2026-01-14 16:24:39.580,1.635
2026-01-14 16:24:39.596,1.626
2026-01-14 16:24:39.597,1.613
2026-01-14 16:24:39.614,1.601
2026-01-14 16:24:39.636,1.589
2026-01-14 16:24:39.636,1.58
2026-01-14 16:24:39.647,1.571
2026-01-14 16:24:39.664,1.562
2026-01-14 16:24:39.680,1.552
2026-01-14 16:24:39.681,1.549
2026-01-14 16:24:39.698,1.541
2026-01-14 16:24:39.714,1.529
2026-01-14 16:24:39.714,1.519
2026-01-14 16:24:39.729,1.506
2026-01-14 16:24:39.747,1.497
2026-01-14 16:24:39.764,1.481
2026-01-14 16:24:39.765,1.463
2026-01-14 16:24:39.780,1.452
2026-01-14 16:24:39.798,1.435
2026-01-14 16:24:39.799,1.416
2026-01-14 16:24:39.813,1.4
2026-01-14 16:24:39.829,1.393
2026-01-14 16:24:39.847,1.393
2026-01-14 16:24:39.848,1.396
2026-01-14 16:24:39.863,1.388
2026-01-14 16:24:39.880,1.372
2026-01-14 16:24:39.896,1.356
2026-01-14 16:24:39.896,1.346
2026-01-14 16:24:39.914,1.327
2026-01-14 16:24:39.930,1.315
2026-01-14 16:24:39.930,1.307
2026-01-14 16:24:39.946,1.298
2026-01-14 16:24:39.964,1.285
2026-01-14 16:24:39.979,1.269
2026-01-14 16:24:39.980,1.249
2026-01-14 16:24:39.998,1.234
2026-01-14 16:24:40.014,1.226
2026-01-14 16:24:40.014,1.217
2026-01-14 16:24:40.029,1.205
2026-01-14 16:24:40.047,1.198
2026-01-14 16:24:40.064,1.192
2026-01-14 16:24:40.064,1.185
2026-01-14 16:24:40.079,1.175
2026-01-14 16:24:40.099,1.159
2026-01-14 16:24:40.101,1.147
2026-01-14 16:24:40.113,1.135
2026-01-14 16:24:40.130,1.125
2026-01-14 16:24:40.147,1.121
2026-01-14 16:24:40.147,1.112
2026-01-14 16:24:40.164,1.109
2026-01-14 16:24:40.179,1.103
2026-01-14 16:24:40.197,1.095
2026-01-14 16:24:40.198,1.082
2026-01-14 16:24:40.214,1.068
2026-01-14 16:24:40.230,1.061
2026-01-14 16:24:40.231,1.046
2026-01-14 16:24:40.247,1.036
2026-01-14 16:24:40.265,1.032
2026-01-14 16:24:40.280,1.014
2026-01-14 16:24:40.280,0.995
2026-01-14 16:24:40.297,0.988
2026-01-14 16:24:40.314,0.968
2026-01-14 16:24:40.314,0.954
2026-01-14 16:24:40.332,0.948
2026-01-14 16:24:40.347,0.945
2026-01-14 16:24:40.364,0.939
2026-01-14 16:24:40.365,0.939
2026-01-14 16:24:40.380,0.929
2026-01-14 16:24:40.397,0.922
2026-01-14 16:24:40.398,0.909
2026-01-14 16:24:40.413,0.898
2026-01-14 16:24:40.430,0.883
2026-01-14 16:24:40.447,0.875
2026-01-14 16:24:40.449,0.864
2026-01-14 16:24:40.464,0.848
2026-01-14 16:24:40.480,0.841
2026-01-14 16:24:40.497,0.829
2026-01-14 16:24:40.498,0.82
2026-01-14 16:24:40.514,0.811
2026-01-14 16:24:40.530,0.794
2026-01-14 16:24:40.531,0.785
2026-01-14 16:24:40.547,0.771
2026-01-14 16:24:40.565,0.762
2026-01-14 16:24:40.580,0.753
2026-01-14 16:24:40.580,0.747
2026-01-14 16:24:40.597,0.745
2026-01-14 16:24:40.613,0.728
2026-01-14 16:24:40.630,0.712
2026-01-14 16:24:40.630,0.709
2026-01-14 16:24:40.694,0.701
2026-01-14 16:24:40.695,0.691
2026-01-14 16:24:40.696,0.685
2026-01-14 16:24:40.696,0.675
2026-01-14 16:24:40.696,0.668
2026-01-14 16:24:40.702,0.663
2026-01-14 16:24:40.713,0.662
2026-01-14 16:24:40.730,0.659
2026-01-14 16:24:40.747,0.657
2026-01-14 16:24:40.747,0.652
2026-01-14 16:24:40.763,0.645
2026-01-14 16:24:40.779,0.635
2026-01-14 16:24:40.798,0.624
2026-01-14 16:24:40.798,0.61
2026-01-14 16:24:40.814,0.595
2026-01-14 16:24:40.830,0.585
2026-01-14 16:24:40.830,0.574
2026-01-14 16:24:40.847,0.562
2026-01-14 16:24:40.864,0.554
2026-01-14 16:24:40.880,0.544
2026-01-14 16:24:40.880,0.531
2026-01-14 16:24:40.897,0.522
2026-01-14 16:24:40.913,0.514
2026-01-14 16:24:40.914,0.5
2026-01-14 16:24:40.929,0.492
2026-01-14 16:24:40.947,0.484
2026-01-14 16:24:40.964,0.467
2026-01-14 16:24:40.964,0.464
2026-01-14 16:24:40.980,0.455
2026-01-14 16:24:40.997,0.451
2026-01-14 16:24:40.998,0.444
2026-01-14 16:24:41.014,0.439
2026-01-14 16:24:41.030,0.438
2026-01-14 16:24:41.047,0.431
2026-01-14 16:24:41.047,0.426
2026-01-14 16:24:41.064,0.423
2026-01-14 16:24:41.080,0.418
2026-01-14 16:24:41.097,0.403
2026-01-14 16:24:41.097,0.392
2026-01-14 16:24:41.114,0.377
2026-01-14 16:24:41.129,0.364
2026-01-14 16:24:41.129,0.36
2026-01-14 16:24:41.146,0.356
2026-01-14 16:24:41.162,0.349
2026-01-14 16:24:41.179,0.344
2026-01-14 16:24:41.179,0.339
2026-01-14 16:24:41.196,0.333
2026-01-14 16:24:41.212,0.327
2026-01-14 16:24:41.229,0.324
2026-01-14 16:24:41.230,0.323
2026-01-14 16:24:41.246,0.321
2026-01-14 16:24:41.262,0.318
2026-01-14 16:24:41.263,0.317
2026-01-14 16:24:41.279,0.32
2026-01-14 16:24:41.296,0.322
2026-01-14 16:24:41.312,0.32
2026-01-14 16:24:41.313,0.316
2026-01-14 16:24:41.330,0.314
2026-01-14 16:24:41.346,0.314
2026-01-14 16:24:41.347,0.318
2026-01-14 16:24:41.363,0.319
2026-01-14 16:24:41.379,0.317
2026-01-14 16:24:41.396,0.316
2026-01-14 16:24:41.397,0.313
2026-01-14 16:24:41.414,0.317
2026-01-14 16:24:41.429,0.317
2026-01-14 16:24:41.429,0.321
2026-01-14 16:24:41.446,0.319
2026-01-14 16:24:41.463,0.318
2026-01-14 16:24:41.479,0.321
2026-01-14 16:24:41.479,0.318
2026-01-14 16:24:41.496,0.315
2026-01-14 16:24:41.513,0.315
2026-01-14 16:24:41.529,0.311
2026-01-14 16:24:41.530,0.31
2026-01-14 16:24:41.547,0.305
2026-01-14 16:24:41.562,0.302
2026-01-14 16:24:41.563,0.297
2026-01-14 16:24:41.579,0.294
2026-01-14 16:24:41.595,0.285
2026-01-14 16:24:41.612,0.275
2026-01-14 16:24:41.613,0.268
2026-01-14 16:24:41.637,0.267
2026-01-14 16:24:41.637,0.262
2026-01-14 16:24:41.646,0.258
2026-01-14 16:24:41.662,0.255
2026-01-14 16:24:41.678,0.248
2026-01-14 16:24:41.695,0.247
2026-01-14 16:24:41.696,0.248
2026-01-14 16:24:41.712,0.239
2026-01-14 16:24:41.730,0.241
2026-01-14 16:24:41.731,0.238
2026-01-14 16:24:41.746,0.238
2026-01-14 16:24:41.762,0.239
2026-01-14 16:24:41.777,0.243
2026-01-14 16:24:41.779,0.239
2026-01-14 16:24:41.795,0.238
2026-01-14 16:24:41.812,0.237
2026-01-14 16:24:41.830,0.235
2026-01-14 16:24:41.831,0.237
2026-01-14 16:24:41.847,0.233
2026-01-14 16:24:41.864,0.238
2026-01-14 16:24:41.865,0.236
2026-01-14 16:24:41.879,0.237
2026-01-14 16:24:41.897,0.236
2026-01-14 16:24:41.898,0.237
2026-01-14 16:24:41.914,0.236
2026-01-14 16:24:41.930,0.23
2026-01-14 16:24:41.945,0.219
2026-01-14 16:24:41.964,0.213
2026-01-14 16:24:41.965,0.207
2026-01-14 16:24:41.979,0.207
2026-01-14 16:24:41.997,0.209
2026-01-14 16:24:41.997,0.203
2026-01-14 16:24:42.036,0.202
2026-01-14 16:24:42.037,0.201
2026-01-14 16:24:42.037,0.201
2026-01-14 16:24:42.047,0.202
2026-01-14 16:24:42.064,0.204
2026-01-14 16:24:42.080,0.206
2026-01-14 16:24:42.080,0.209
2026-01-14 16:24:42.096,0.201
2026-01-14 16:24:42.113,0.199
2026-01-14 16:24:42.114,0.201
2026-01-14 16:24:42.130,0.204
2026-01-14 16:24:42.147,0.201
2026-01-14 16:24:42.163,0.201
2026-01-14 16:24:42.164,0.201
2026-01-14 16:24:42.179,0.2
2026-01-14 16:24:42.198,0.202
2026-01-14 16:24:42.198,0.2
2026-01-14 16:24:42.213,0.201
2026-01-14 16:24:42.230,0.204
2026-01-14 16:24:42.247,0.201
2026-01-14 16:24:42.248,0.204
2026-01-14 16:24:42.263,0.203
2026-01-14 16:24:42.280,0.212
2026-01-14 16:24:42.297,0.211
2026-01-14 16:24:42.297,0.208
2026-01-14 16:24:42.313,0.204
2026-01-14 16:24:42.331,0.206
2026-01-14 16:24:42.332,0.208
2026-01-14 16:24:42.346,0.202
2026-01-14 16:24:42.363,0.201
2026-01-14 16:24:42.380,0.199
2026-01-14 16:24:42.380,0.196
2026-01-14 16:24:42.397,0.193
2026-01-14 16:24:42.414,0.192
2026-01-14 16:24:42.415,0.187
2026-01-14 16:24:42.430,0.186
2026-01-14 16:24:42.447,0.185
2026-01-14 16:24:42.464,0.184
2026-01-14 16:24:42.464,0.177
2026-01-14 16:24:42.480,0.174
2026-01-14 16:24:42.497,0.176
2026-01-14 16:24:42.514,0.175
2026-01-14 16:24:42.514,0.175
2026-01-14 16:24:42.530,0.177
2026-01-14 16:24:42.547,0.178
2026-01-14 16:24:42.547,0.177
2026-01-14 16:24:42.564,0.174
2026-01-14 16:24:42.579,0.176
2026-01-14 16:24:42.597,0.171
2026-01-14 16:24:42.598,0.168
2026-01-14 16:24:42.612,0.163
2026-01-14 16:24:42.629,0.163
2026-01-14 16:24:42.630,0.169
2026-01-14 16:24:42.654,0.167
2026-01-14 16:24:42.655,0.169
2026-01-14 16:24:42.678,0.172
2026-01-14 16:24:42.680,0.174
2026-01-14 16:24:42.698,0.172
2026-01-14 16:24:42.713,0.167
2026-01-14 16:24:42.714,0.167
2026-01-14 16:24:42.728,0.165
2026-01-14 16:24:42.747,0.164
2026-01-14 16:24:42.763,0.159
2026-01-14 16:24:42.764,0.154
2026-01-14 16:24:42.781,0.151
2026-01-14 16:24:42.796,0.151
2026-01-14 16:24:42.814,0.143
2026-01-14 16:24:42.814,0.146
2026-01-14 16:24:42.830,0.145
2026-01-14 16:24:42.846,0.144
2026-01-14 16:24:42.847,0.145
2026-01-14 16:24:42.863,0.144
2026-01-14 16:24:42.880,0.141
2026-01-14 16:24:42.897,0.145
2026-01-14 16:24:42.897,0.145
2026-01-14 16:24:42.913,0.142
2026-01-14 16:24:42.930,0.138
2026-01-14 16:24:42.930,0.142
2026-01-14 16:24:42.948,0.14
2026-01-14 16:24:42.963,0.143
2026-01-14 16:24:42.979,0.149
2026-01-14 16:24:42.980,0.147
2026-01-14 16:24:42.997,0.145
2026-01-14 16:24:43.013,0.144
2026-01-14 16:24:43.014,0.144
2026-01-14 16:24:43.029,0.143
2026-01-14 16:24:43.047,0.144
2026-01-14 16:24:43.064,0.143
2026-01-14 16:24:43.064,0.142
2026-01-14 16:24:43.080,0.139
2026-01-14 16:24:43.098,0.148
2026-01-14 16:24:43.099,0.152
2026-01-14 16:24:43.113,0.15
2026-01-14 16:24:43.129,0.153
2026-01-14 16:24:43.148,0.15
2026-01-14 16:24:43.148,0.146
2026-01-14 16:24:43.162,0.144
2026-01-14 16:24:43.180,0.141
2026-01-14 16:24:43.197,0.138
2026-01-14 16:24:43.198,0.139
2026-01-14 16:24:43.213,0.138
2026-01-14 16:24:43.230,0.13
2026-01-14 16:24:43.248,0.13
2026-01-14 16:24:43.263,0.125
2026-01-14 16:24:43.267,0.123
2026-01-14 16:24:43.280,0.116
2026-01-14 16:24:43.296,0.116
2026-01-14 16:24:43.313,0.112
2026-01-14 16:24:43.329,0.113
2026-01-14 16:24:43.329,0.11
2026-01-14 16:24:43.346,0.112
2026-01-14 16:24:43.363,0.112
2026-01-14 16:24:43.364,0.113
2026-01-14 16:24:43.405,0.109
2026-01-14 16:24:43.406,0.106
2026-01-14 16:24:43.406,0.104
2026-01-14 16:24:43.412,0.099
2026-01-14 16:24:43.428,0.1
2026-01-14 16:24:43.445,0.106
2026-01-14 16:24:43.446,0.099
2026-01-14 16:24:43.462,0.099
2026-01-14 16:24:43.479,0.101
2026-01-14 16:24:43.496,0.103
2026-01-14 16:24:43.496,0.104
2026-01-14 16:24:43.513,0.115
2026-01-14 16:24:43.528,0.111
2026-01-14 16:24:43.545,0.112
2026-01-14 16:24:43.546,0.12
2026-01-14 16:24:43.562,0.12
2026-01-14 16:24:43.581,0.123
2026-01-14 16:24:43.596,0.122
2026-01-14 16:24:43.613,0.124
2026-01-14 16:24:43.635,0.125
2026-01-14 16:24:43.636,0.124
2026-01-14 16:24:43.645,0.129
2026-01-14 16:24:43.662,0.132
2026-01-14 16:24:43.663,0.137
2026-01-14 16:24:43.680,0.138
2026-01-14 16:24:43.697,0.139
2026-01-14 16:24:43.698,0.146
2026-01-14 16:24:43.712,0.148
2026-01-14 16:24:43.731,0.155
2026-01-14 16:24:43.746,0.155
2026-01-14 16:24:43.747,0.151
2026-01-14 16:24:43.763,0.147
2026-01-14 16:24:43.780,0.147
2026-01-14 16:24:43.782,0.144
2026-01-14 16:24:43.795,0.141
2026-01-14 16:24:43.813,0.133
2026-01-14 16:24:43.829,0.123
2026-01-14 16:24:43.831,0.116
2026-01-14 16:24:43.846,0.114
2026-01-14 16:24:43.864,0.115
2026-01-14 16:24:43.880,0.116
2026-01-14 16:24:43.880,0.116
2026-01-14 16:24:43.896,0.114
2026-01-14 16:24:43.914,0.112
2026-01-14 16:24:43.914,0.117
2026-01-14 16:24:43.929,0.116
2026-01-14 16:24:43.947,0.114
2026-01-14 16:24:43.963,0.114
2026-01-14 16:24:43.963,0.115
2026-01-14 16:24:43.979,0.114
2026-01-14 16:24:43.995,0.121
2026-01-14 16:24:44.012,0.128
2026-01-14 16:24:44.013,0.125
2026-01-14 16:24:44.030,0.12
2026-01-14 16:24:44.044,0.125
2026-01-14 16:24:44.064,0.128
2026-01-14 16:24:44.064,0.127
2026-01-14 16:24:44.080,0.134
2026-01-14 16:24:44.096,0.135
2026-01-14 16:24:44.096,0.139
2026-01-14 16:24:44.113,0.14
2026-01-14 16:24:44.130,0.152
2026-01-14 16:24:44.131,0.168
2026-01-14 16:24:44.147,0.183
2026-01-14 16:24:44.163,0.2
2026-01-14 16:24:44.179,0.208
2026-01-14 16:24:44.180,0.223
2026-01-14 16:24:44.196,0.239
2026-01-14 16:24:44.213,0.247
2026-01-14 16:24:44.214,0.272
2026-01-14 16:24:44.230,0.296
2026-01-14 16:24:44.247,0.319
2026-01-14 16:24:44.263,0.363
2026-01-14 16:24:44.263,0.41
2026-01-14 16:24:44.280,0.465
2026-01-14 16:24:44.297,0.508
2026-01-14 16:24:44.313,0.535
2026-01-14 16:24:44.313,0.553
2026-01-14 16:24:44.330,0.555
2026-01-14 16:24:44.346,0.543
2026-01-14 16:24:44.347,0.531
2026-01-14 16:24:44.363,0.507
2026-01-14 16:24:44.381,0.48
2026-01-14 16:24:44.397,0.456
2026-01-14 16:24:44.397,0.428
2026-01-14 16:24:44.414,0.406
2026-01-14 16:24:44.429,0.384
2026-01-14 16:24:44.430,0.363
2026-01-14 16:24:44.446,0.346
2026-01-14 16:24:44.463,0.33
2026-01-14 16:24:44.479,0.315
2026-01-14 16:24:44.479,0.307
2026-01-14 16:24:44.497,0.301
2026-01-14 16:24:44.512,0.293
2026-01-14 16:24:44.530,0.282
2026-01-14 16:24:44.530,0.271
2026-01-14 16:24:44.547,0.255
2026-01-14 16:24:44.562,0.24
2026-01-14 16:24:44.563,0.225
2026-01-14 16:24:44.579,0.208
2026-01-14 16:24:44.597,0.203
2026-01-14 16:24:44.613,0.195
2026-01-14 16:24:44.613,0.191
2026-01-14 16:24:44.630,0.185
2026-01-14 16:24:44.652,0.18
2026-01-14 16:24:44.652,0.174
2026-01-14 16:24:44.662,0.176
2026-01-14 16:24:44.680,0.175
2026-01-14 16:24:44.696,0.182
2026-01-14 16:24:44.696,0.175
