Timestamp,Distance(m)
2026-01-14 16:34:29.597,0.971
2026-01-14 16:34:29.598,0.987
2026-01-14 16:34:29.613,1.002
2026-01-14 16:34:29.630,1.03
2026-01-14 16:34:29.630,1.051
2026-01-14 16:34:29.647,1.074
2026-01-14 16:34:29.664,1.091
2026-01-14 16:34:29.681,1.108
2026-01-14 16:34:29.681,1.126
2026-01-14 16:34:29.697,1.154
2026-01-14 16:34:29.714,1.177
2026-01-14 16:34:29.714,1.196
2026-01-14 16:34:29.730,1.211
2026-01-14 16:34:29.747,1.222
2026-01-14 16:34:29.763,1.235
2026-01-14 16:34:29.763,1.248
2026-01-14 16:34:29.781,1.265
2026-01-14 16:34:29.796,1.279
2026-01-14 16:34:29.813,1.296
2026-01-14 16:34:29.813,1.309
2026-01-14 16:34:29.830,1.323
2026-01-14 16:34:29.846,1.342
2026-01-14 16:34:29.847,1.354
2026-01-14 16:34:29.863,1.368
2026-01-14 16:34:29.879,1.385
2026-01-14 16:34:29.895,1.406
2026-01-14 16:34:29.896,1.424
2026-01-14 16:34:29.913,1.449
2026-01-14 16:34:29.929,1.467
2026-01-14 16:34:29.930,1.483
2026-01-14 16:34:29.946,1.503
2026-01-14 16:34:29.963,1.512
2026-01-14 16:34:29.980,1.534
2026-01-14 16:34:29.980,1.558
2026-01-14 16:34:29.996,1.58
2026-01-14 16:34:30.013,1.595
2026-01-14 16:34:30.014,1.614
2026-01-14 16:34:30.029,1.623
2026-01-14 16:34:30.047,1.634
2026-01-14 16:34:30.062,1.638
2026-01-14 16:34:30.063,1.653
2026-01-14 16:34:30.080,1.658
2026-01-14 16:34:30.130,1.657
2026-01-14 16:34:30.130,1.657
2026-01-14 16:34:30.131,1.667
2026-01-14 16:34:30.131,1.676
2026-01-14 16:34:30.137,1.685
2026-01-14 16:34:30.146,1.695
2026-01-14 16:34:30.162,1.697
2026-01-14 16:34:30.178,1.7
2026-01-14 16:34:30.200,1.697
2026-01-14 16:34:30.200,1.684
2026-01-14 16:34:30.212,1.676
2026-01-14 16:34:30.230,1.669
2026-01-14 16:34:30.230,1.659
2026-01-14 16:34:30.246,1.653
2026-01-14 16:34:30.262,1.647
2026-01-14 16:34:30.279,1.644
2026-01-14 16:34:30.279,1.643
2026-01-14 16:34:30.296,1.641
2026-01-14 16:34:30.312,1.647
2026-01-14 16:34:30.313,1.656
2026-01-14 16:34:30.329,1.681
2026-01-14 16:34:30.346,1.702
2026-01-14 16:34:30.363,1.713
2026-01-14 16:34:30.363,1.724
2026-01-14 16:34:30.380,1.741
2026-01-14 16:34:30.395,1.75
2026-01-14 16:34:30.412,1.768
2026-01-14 16:34:30.412,1.776
2026-01-14 16:34:30.430,1.783
2026-01-14 16:34:30.445,1.794
2026-01-14 16:34:30.446,1.81
2026-01-14 16:34:30.463,1.823
2026-01-14 16:34:30.479,1.849
2026-01-14 16:34:30.498,1.863
2026-01-14 16:34:30.498,1.878
2026-01-14 16:34:30.514,1.882
2026-01-14 16:34:30.530,1.889
2026-01-14 16:34:30.531,1.912
2026-01-14 16:34:30.546,1.953
2026-01-14 16:34:30.564,2.002
2026-01-14 16:34:30.565,2.012
2026-01-14 16:34:30.580,2.015
2026-01-14 16:34:30.597,2.004
2026-01-14 16:34:30.613,1.997
2026-01-14 16:34:30.614,1.99
2026-01-14 16:34:30.629,1.993
2026-01-14 16:34:30.649,2.006
2026-01-14 16:34:30.650,2.007
2026-01-14 16:34:30.663,2.028
2026-01-14 16:34:30.680,2.036
2026-01-14 16:34:30.697,2.05
2026-01-14 16:34:30.713,2.055
2026-01-14 16:34:30.714,2.072
2026-01-14 16:34:30.731,2.092
2026-01-14 16:34:30.747,2.138
2026-01-14 16:34:30.747,2.179
2026-01-14 16:34:30.763,2.204
2026-01-14 16:34:30.780,2.228
2026-01-14 16:34:30.796,2.251
2026-01-14 16:34:30.797,2.275
2026-01-14 16:34:30.814,2.298
2026-01-14 16:34:30.830,2.331
2026-01-14 16:34:30.830,2.359
2026-01-14 16:34:30.846,2.394
2026-01-14 16:34:30.864,2.419
2026-01-14 16:34:30.880,2.452
2026-01-14 16:34:30.881,2.479
2026-01-14 16:34:30.897,2.514
2026-01-14 16:34:30.913,2.553
2026-01-14 16:34:30.913,2.586
2026-01-14 16:34:30.929,2.621
2026-01-14 16:34:30.948,2.657
2026-01-14 16:34:30.964,2.691
2026-01-14 16:34:30.964,2.731
2026-01-14 16:34:30.984,2.761
2026-01-14 16:34:30.985,2.775
2026-01-14 16:34:30.997,2.787
2026-01-14 16:34:31.020,2.804
2026-01-14 16:34:31.023,2.822
2026-01-14 16:34:31.045,2.832
2026-01-14 16:34:31.046,2.834
2026-01-14 16:34:31.064,2.842
2026-01-14 16:34:31.080,2.855
2026-01-14 16:34:31.081,2.855
2026-01-14 16:34:31.096,2.873
2026-01-14 16:34:31.114,2.886
2026-01-14 16:34:31.130,2.921
2026-01-14 16:34:31.131,2.974
2026-01-14 16:34:31.147,3.018
2026-01-14 16:34:31.163,3.046
2026-01-14 16:34:31.180,3.067
2026-01-14 16:34:31.181,3.086
2026-01-14 16:34:31.196,3.105
2026-01-14 16:34:31.221,3.101
2026-01-14 16:34:31.221,3.114
2026-01-14 16:34:31.229,3.12
2026-01-14 16:34:31.248,3.128
2026-01-14 16:34:31.263,3.131
2026-01-14 16:34:31.263,3.123
2026-01-14 16:34:31.280,3.12
2026-01-14 16:34:31.296,3.111
2026-01-14 16:34:31.313,3.109
2026-01-14 16:34:31.314,3.1
2026-01-14 16:34:31.329,3.094
2026-01-14 16:34:31.347,3.082
2026-01-14 16:34:31.347,3.069
2026-01-14 16:34:31.363,3.056
2026-01-14 16:34:31.381,3.038
2026-01-14 16:34:31.382,3.027
2026-01-14 16:34:31.397,3.017
2026-01-14 16:34:31.413,3.007
2026-01-14 16:34:31.430,3.019
2026-01-14 16:34:31.430,3.045
2026-01-14 16:34:31.472,3.064
2026-01-14 16:34:31.473,3.081
2026-01-14 16:34:31.473,3.088
2026-01-14 16:34:31.481,3.099
2026-01-14 16:34:31.497,3.119
2026-01-14 16:34:31.513,3.141
2026-01-14 16:34:31.513,3.2
2026-01-14 16:34:31.529,3.22
2026-01-14 16:34:31.548,3.22
2026-01-14 16:34:31.562,3.221
2026-01-14 16:34:31.562,3.217
2026-01-14 16:34:31.580,3.216
2026-01-14 16:34:31.596,3.208
2026-01-14 16:34:31.613,3.213
2026-01-14 16:34:31.613,3.216
2026-01-14 16:34:31.630,3.219
2026-01-14 16:34:31.647,3.227
2026-01-14 16:34:31.647,3.236
2026-01-14 16:34:31.663,3.242
2026-01-14 16:34:31.680,3.272
2026-01-14 16:34:31.698,3.366
2026-01-14 16:34:31.699,3.388
2026-01-14 16:34:31.713,3.397
2026-01-14 16:34:31.731,3.405
2026-01-14 16:34:31.732,3.413
2026-01-14 16:34:31.746,3.447
2026-01-14 16:34:31.762,3.468
2026-01-14 16:34:31.779,3.504
2026-01-14 16:34:31.780,3.516
2026-01-14 16:34:31.796,3.52
2026-01-14 16:34:31.813,3.521
2026-01-14 16:34:31.813,3.522
2026-01-14 16:34:31.829,3.531
2026-01-14 16:34:31.846,3.535
2026-01-14 16:34:31.863,3.546
2026-01-14 16:34:31.863,3.563
2026-01-14 16:34:31.879,3.581
2026-01-14 16:34:31.897,3.6
2026-01-14 16:34:31.898,3.618
2026-01-14 16:34:31.913,3.651
2026-01-14 16:34:31.930,3.678
2026-01-14 16:34:31.946,3.716
2026-01-14 16:34:31.947,3.751
2026-01-14 16:34:31.963,3.795
2026-01-14 16:34:31.980,3.833
2026-01-14 16:34:31.996,3.868
2026-01-14 16:34:31.997,3.904
2026-01-14 16:34:32.013,3.943
2026-01-14 16:34:32.030,3.976
2026-01-14 16:34:32.031,4.005
2026-01-14 16:34:32.046,4.034
2026-01-14 16:34:32.063,4.06
2026-01-14 16:34:32.080,4.086
2026-01-14 16:34:32.081,4.117
2026-01-14 16:34:32.096,4.149
2026-01-14 16:34:32.114,4.172
2026-01-14 16:34:32.115,4.209
2026-01-14 16:34:32.130,4.233
2026-01-14 16:34:32.147,4.244
2026-01-14 16:34:32.163,4.252
2026-01-14 16:34:32.163,4.268
2026-01-14 16:34:32.179,4.281
2026-01-14 16:34:32.203,4.297
2026-01-14 16:34:32.203,4.314
2026-01-14 16:34:32.212,4.332
2026-01-14 16:34:32.229,4.363
2026-01-14 16:34:32.246,4.386
2026-01-14 16:34:32.247,4.413
2026-01-14 16:34:32.262,4.442
2026-01-14 16:34:32.279,4.461
2026-01-14 16:34:32.296,4.481
2026-01-14 16:34:32.297,4.501
2026-01-14 16:34:32.313,4.523
2026-01-14 16:34:32.329,4.536
2026-01-14 16:34:32.330,4.544
2026-01-14 16:34:32.345,4.55
2026-01-14 16:34:32.362,4.557
2026-01-14 16:34:32.379,4.571
2026-01-14 16:34:32.380,4.582
2026-01-14 16:34:32.396,4.596
2026-01-14 16:34:32.412,4.602
2026-01-14 16:34:32.413,4.6
2026-01-14 16:34:32.430,4.597
2026-01-14 16:34:32.445,4.594
2026-01-14 16:34:32.464,4.598
2026-01-14 16:34:32.464,4.595
2026-01-14 16:34:32.480,4.604
2026-01-14 16:34:32.496,4.608
2026-01-14 16:34:32.497,4.607
2026-01-14 16:34:32.513,4.599
2026-01-14 16:34:32.530,4.595
2026-01-14 16:34:32.546,4.59
2026-01-14 16:34:32.547,4.587
2026-01-14 16:34:32.563,4.582
2026-01-14 16:34:32.579,4.575
2026-01-14 16:34:32.596,4.57
2026-01-14 16:34:32.597,4.565
2026-01-14 16:34:32.613,4.567
2026-01-14 16:34:32.629,4.571
2026-01-14 16:34:32.629,4.577
2026-01-14 16:34:32.647,4.583
2026-01-14 16:34:32.663,4.59
2026-01-14 16:34:32.680,4.615
2026-01-14 16:34:32.680,4.651
2026-01-14 16:34:32.696,4.707
2026-01-14 16:34:32.713,4.736
2026-01-14 16:34:32.714,4.747
2026-01-14 16:34:32.730,4.755
2026-01-14 16:34:32.746,4.765
2026-01-14 16:34:32.763,4.782
2026-01-14 16:34:32.764,4.799
2026-01-14 16:34:32.780,4.811
2026-01-14 16:34:32.796,4.825
2026-01-14 16:34:32.839,4.842
2026-01-14 16:34:32.840,4.867
2026-01-14 16:34:32.840,4.884
2026-01-14 16:34:32.841,4.906
2026-01-14 16:34:32.850,4.919
2026-01-14 16:34:32.863,4.93
2026-01-14 16:34:32.879,4.947
2026-01-14 16:34:32.897,4.955
2026-01-14 16:34:32.898,4.957
2026-01-14 16:34:32.913,4.968
2026-01-14 16:34:32.930,4.979
2026-01-14 16:34:32.930,4.992
2026-01-14 16:34:32.946,4.999
2026-01-14 16:34:32.963,5.031
2026-01-14 16:34:32.978,5.049
2026-01-14 16:34:32.979,5.095
2026-01-14 16:34:32.996,5.132
2026-01-14 16:34:33.014,5.137
2026-01-14 16:34:33.014,5.136
2026-01-14 16:34:33.030,5.13
2026-01-14 16:34:33.046,5.127
2026-01-14 16:34:33.063,5.124
2026-01-14 16:34:33.063,5.127
2026-01-14 16:34:33.080,5.142
2026-01-14 16:34:33.095,5.162
2026-01-14 16:34:33.113,5.193
2026-01-14 16:34:33.114,5.225
2026-01-14 16:34:33.131,5.246
2026-01-14 16:34:33.147,5.28
2026-01-14 16:34:33.147,5.314
2026-01-14 16:34:33.162,5.351
2026-01-14 16:34:33.180,5.384
2026-01-14 16:34:33.196,5.415
2026-01-14 16:34:33.196,5.444
2026-01-14 16:34:33.219,5.487
2026-01-14 16:34:33.219,5.521
2026-01-14 16:34:33.229,5.553
2026-01-14 16:34:33.246,5.575
2026-01-14 16:34:33.264,5.603
2026-01-14 16:34:33.279,5.628
2026-01-14 16:34:33.279,5.657
2026-01-14 16:34:33.296,5.683
2026-01-14 16:34:33.314,5.712
2026-01-14 16:34:33.314,5.741
2026-01-14 16:34:33.329,5.756
2026-01-14 16:34:33.346,5.773
2026-01-14 16:34:33.363,5.793
2026-01-14 16:34:33.364,5.814
2026-01-14 16:34:33.379,5.839
2026-01-14 16:34:33.397,5.867
2026-01-14 16:34:33.398,5.889
2026-01-14 16:34:33.413,5.915
2026-01-14 16:34:33.430,5.939
2026-01-14 16:34:33.446,5.963
2026-01-14 16:34:33.446,5.976
2026-01-14 16:34:33.463,5.997
2026-01-14 16:34:33.479,6.028
2026-01-14 16:34:33.497,6.058
2026-01-14 16:34:33.497,6.076
2026-01-14 16:34:33.514,6.094
2026-01-14 16:34:33.529,6.116
2026-01-14 16:34:33.530,6.133
2026-01-14 16:34:33.546,6.158
2026-01-14 16:34:33.564,6.167
2026-01-14 16:34:33.580,6.173
2026-01-14 16:34:33.580,6.178
2026-01-14 16:34:33.596,6.181
2026-01-14 16:34:33.613,6.185
2026-01-14 16:34:33.613,6.191
2026-01-14 16:34:33.629,6.187
2026-01-14 16:34:33.646,6.178
2026-01-14 16:34:33.663,6.181
2026-01-14 16:34:33.663,6.184
2026-01-14 16:34:33.679,6.242
2026-01-14 16:34:33.696,6.296
2026-01-14 16:34:33.713,6.267
2026-01-14 16:34:33.713,6.241
2026-01-14 16:34:33.730,6.236
2026-01-14 16:34:33.746,6.218
2026-01-14 16:34:33.746,6.186
2026-01-14 16:34:33.763,6.165
2026-01-14 16:34:33.780,6.149
2026-01-14 16:34:33.796,6.126
2026-01-14 16:34:33.797,6.112
2026-01-14 16:34:33.812,6.104
2026-01-14 16:34:33.830,6.096
2026-01-14 16:34:33.830,6.1
2026-01-14 16:34:33.847,6.106
2026-01-14 16:34:33.861,6.117
2026-01-14 16:34:33.879,6.142
2026-01-14 16:34:33.879,6.184
2026-01-14 16:34:33.896,6.212
2026-01-14 16:34:33.914,6.215
2026-01-14 16:34:33.915,6.219
2026-01-14 16:34:33.931,6.219
2026-01-14 16:34:33.946,6.216
2026-01-14 16:34:33.963,6.235
2026-01-14 16:34:33.964,6.257
2026-01-14 16:34:33.980,6.313
2026-01-14 16:34:33.995,6.316
2026-01-14 16:34:34.012,6.317
2026-01-14 16:34:34.012,6.322
2026-01-14 16:34:34.029,6.349
2026-01-14 16:34:34.046,6.373
2026-01-14 16:34:34.047,6.385
2026-01-14 16:34:34.063,6.381
2026-01-14 16:34:34.079,6.384
2026-01-14 16:34:34.095,6.387
2026-01-14 16:34:34.096,6.412
2026-01-14 16:34:34.112,6.426
2026-01-14 16:34:34.129,6.423
2026-01-14 16:34:34.129,6.423
2026-01-14 16:34:34.146,6.431
2026-01-14 16:34:34.188,6.431
2026-01-14 16:34:34.189,6.451
2026-01-14 16:34:34.189,6.473
2026-01-14 16:34:34.190,6.503
2026-01-14 16:34:34.205,6.53
2026-01-14 16:34:34.214,6.575
2026-01-14 16:34:34.230,6.596
2026-01-14 16:34:34.246,6.612
2026-01-14 16:34:34.264,6.623
2026-01-14 16:34:34.264,6.647
2026-01-14 16:34:34.279,6.664
2026-01-14 16:34:34.296,6.684
2026-01-14 16:34:34.312,6.694
2026-01-14 16:34:34.313,6.704
2026-01-14 16:34:34.329,6.707
2026-01-14 16:34:34.346,6.714
2026-01-14 16:34:34.347,6.725
2026-01-14 16:34:34.362,6.743
2026-01-14 16:34:34.379,6.76
2026-01-14 16:34:34.397,6.793
2026-01-14 16:34:34.397,6.819
2026-01-14 16:34:34.413,6.84
2026-01-14 16:34:34.429,6.877
2026-01-14 16:34:34.430,6.921
2026-01-14 16:34:34.446,6.954
2026-01-14 16:34:34.462,6.984
2026-01-14 16:34:34.479,7.017
2026-01-14 16:34:34.480,7.052
2026-01-14 16:34:34.495,7.084
2026-01-14 16:34:34.512,7.112
2026-01-14 16:34:34.529,7.15
2026-01-14 16:34:34.530,7.193
2026-01-14 16:34:34.545,7.222
2026-01-14 16:34:34.562,7.263
2026-01-14 16:34:34.563,7.301
2026-01-14 16:34:34.577,7.337
2026-01-14 16:34:34.594,7.371
2026-01-14 16:34:34.611,7.396
2026-01-14 16:34:34.612,7.428
2026-01-14 16:34:34.627,7.464
2026-01-14 16:34:34.646,7.497
2026-01-14 16:34:34.646,7.525
2026-01-14 16:34:34.662,7.568
2026-01-14 16:34:34.678,7.633
2026-01-14 16:34:34.696,7.735
2026-01-14 16:34:34.697,7.826
2026-01-14 16:34:34.713,7.899
2026-01-14 16:34:34.729,8.044
2026-01-14 16:34:34.729,8.016
2026-01-14 16:34:34.746,8.046
2026-01-14 16:34:34.763,8.108
2026-01-14 16:34:34.779,8.067
2026-01-14 16:34:34.781,8.004
2026-01-14 16:34:34.796,7.964
2026-01-14 16:34:34.813,7.987
2026-01-14 16:34:34.813,7.952
2026-01-14 16:34:34.829,7.929
2026-01-14 16:34:34.846,7.908
2026-01-14 16:34:34.864,7.898
2026-01-14 16:34:34.864,7.893
2026-01-14 16:34:34.879,7.885
2026-01-14 16:34:34.896,7.885
2026-01-14 16:34:34.913,7.889
2026-01-14 16:34:34.914,7.884
2026-01-14 16:34:34.929,7.875
2026-01-14 16:34:34.946,7.864
2026-01-14 16:34:34.946,7.855
2026-01-14 16:34:34.963,7.849
2026-01-14 16:34:34.979,7.838
2026-01-14 16:34:34.997,7.826
2026-01-14 16:34:34.997,7.808
2026-01-14 16:34:35.012,7.805
2026-01-14 16:34:35.028,7.783
2026-01-14 16:34:35.029,7.765
2026-01-14 16:34:35.045,7.741
2026-01-14 16:34:35.064,7.735
2026-01-14 16:34:35.079,7.734
2026-01-14 16:34:35.079,7.719
2026-01-14 16:34:35.096,7.724
2026-01-14 16:34:35.112,7.737
2026-01-14 16:34:35.129,7.758
2026-01-14 16:34:35.130,7.814
2026-01-14 16:34:35.146,7.82
2026-01-14 16:34:35.163,7.822
2026-01-14 16:34:35.164,7.83
2026-01-14 16:34:35.179,7.839
2026-01-14 16:34:35.196,7.867
2026-01-14 16:34:35.221,7.843
2026-01-14 16:34:35.221,7.834
2026-01-14 16:34:35.221,7.841
2026-01-14 16:34:35.246,7.835
2026-01-14 16:34:35.247,7.814
2026-01-14 16:34:35.264,7.799
2026-01-14 16:34:35.280,7.785
2026-01-14 16:34:35.295,7.788
2026-01-14 16:34:35.296,7.787
2026-01-14 16:34:35.313,7.78
2026-01-14 16:34:35.329,7.791
2026-01-14 16:34:35.330,7.802
2026-01-14 16:34:35.346,7.791
2026-01-14 16:34:35.362,7.789
2026-01-14 16:34:35.379,7.802
2026-01-14 16:34:35.379,7.82
2026-01-14 16:34:35.395,7.827
2026-01-14 16:34:35.412,7.831
2026-01-14 16:34:35.429,7.826
2026-01-14 16:34:35.429,7.833
2026-01-14 16:34:35.445,7.837
2026-01-14 16:34:35.461,7.843
2026-01-14 16:34:35.462,7.843
2026-01-14 16:34:35.479,7.846
2026-01-14 16:34:35.495,7.849
2026-01-14 16:34:35.513,7.853
2026-01-14 16:34:35.513,7.859
2026-01-14 16:34:35.528,7.867
2026-01-14 16:34:35.556,7.879
2026-01-14 16:34:35.557,7.894
2026-01-14 16:34:35.558,7.923
2026-01-14 16:34:35.578,7.949
2026-01-14 16:34:35.596,7.972
2026-01-14 16:34:35.597,7.996
2026-01-14 16:34:35.612,8.021
2026-01-14 16:34:35.629,8.044
2026-01-14 16:34:35.629,8.062
2026-01-14 16:34:35.645,8.076
2026-01-14 16:34:35.663,8.097
2026-01-14 16:34:35.678,8.118
2026-01-14 16:34:35.679,8.129
2026-01-14 16:34:35.696,8.141
2026-01-14 16:34:35.712,8.153
2026-01-14 16:34:35.713,8.173
2026-01-14 16:34:35.729,8.204
2026-01-14 16:34:35.746,8.23
2026-01-14 16:34:35.762,8.246
2026-01-14 16:34:35.763,8.264
2026-01-14 16:34:35.779,8.287
2026-01-14 16:34:35.797,8.305
2026-01-14 16:34:35.798,8.317
2026-01-14 16:34:35.813,8.334
2026-01-14 16:34:35.829,8.347
2026-01-14 16:34:35.847,8.365
2026-01-14 16:34:35.847,8.385
2026-01-14 16:34:35.863,8.41
2026-01-14 16:34:35.883,8.424
2026-01-14 16:34:35.885,8.444
2026-01-14 16:34:35.895,8.468
2026-01-14 16:34:35.911,8.475
2026-01-14 16:34:35.928,8.481
2026-01-14 16:34:35.929,8.492
2026-01-14 16:34:35.945,8.494
2026-01-14 16:34:35.961,8.498
2026-01-14 16:34:35.979,8.505
2026-01-14 16:34:35.979,8.517
2026-01-14 16:34:35.995,8.526
2026-01-14 16:34:36.011,8.537
2026-01-14 16:34:36.028,8.548
2026-01-14 16:34:36.029,8.562
2026-01-14 16:34:36.047,8.577
2026-01-14 16:34:36.061,8.594
2026-01-14 16:34:36.062,8.604
2026-01-14 16:34:36.079,8.616
2026-01-14 16:34:36.096,8.619
2026-01-14 16:34:36.097,8.628
2026-01-14 16:34:36.113,8.634
2026-01-14 16:34:36.129,8.641
2026-01-14 16:34:36.145,8.647
2026-01-14 16:34:36.146,8.652
2026-01-14 16:34:36.162,8.668
2026-01-14 16:34:36.179,8.672
2026-01-14 16:34:36.204,8.673
2026-01-14 16:34:36.204,8.682
2026-01-14 16:34:36.212,8.686
2026-01-14 16:34:36.229,8.685
2026-01-14 16:34:36.229,8.687
2026-01-14 16:34:36.246,8.688
2026-01-14 16:34:36.264,8.692
2026-01-14 16:34:36.279,8.695
2026-01-14 16:34:36.280,8.697
2026-01-14 16:34:36.296,8.7
2026-01-14 16:34:36.312,8.695
2026-01-14 16:34:36.313,8.689
2026-01-14 16:34:36.329,8.692
2026-01-14 16:34:36.346,8.686
2026-01-14 16:34:36.362,8.685
2026-01-14 16:34:36.362,8.685
2026-01-14 16:34:36.378,8.692
2026-01-14 16:34:36.396,8.695
2026-01-14 16:34:36.413,8.694
2026-01-14 16:34:36.413,8.696
2026-01-14 16:34:36.429,8.695
2026-01-14 16:34:36.447,8.696
2026-01-14 16:34:36.447,8.701
2026-01-14 16:34:36.463,8.698
2026-01-14 16:34:36.479,8.695
2026-01-14 16:34:36.497,8.694
2026-01-14 16:34:36.498,8.696
2026-01-14 16:34:36.512,8.697
2026-01-14 16:34:36.529,8.705
2026-01-14 16:34:36.529,8.718
2026-01-14 16:34:36.546,8.726
2026-01-14 16:34:36.563,8.741
2026-01-14 16:34:36.579,8.747
2026-01-14 16:34:36.579,8.752
2026-01-14 16:34:36.595,8.751
2026-01-14 16:34:36.613,8.75
2026-01-14 16:34:36.614,8.769
2026-01-14 16:34:36.628,8.766
2026-01-14 16:34:36.646,8.757
2026-01-14 16:34:36.662,8.752
2026-01-14 16:34:36.663,8.747
2026-01-14 16:34:36.679,8.744
2026-01-14 16:34:36.695,8.753
2026-01-14 16:34:36.711,8.759
2026-01-14 16:34:36.713,8.77
2026-01-14 16:34:36.728,8.785
2026-01-14 16:34:36.744,8.793
2026-01-14 16:34:36.745,8.811
2026-01-14 16:34:36.761,8.815
2026-01-14 16:34:36.777,8.82
2026-01-14 16:34:36.794,8.825
2026-01-14 16:34:36.795,8.831
2026-01-14 16:34:36.812,8.838
2026-01-14 16:34:36.829,8.85
2026-01-14 16:34:36.829,8.87
2026-01-14 16:34:36.845,8.888
2026-01-14 16:34:36.861,8.897
2026-01-14 16:34:36.878,8.896
2026-01-14 16:34:36.879,8.888
2026-01-14 16:34:36.896,8.892
2026-01-14 16:34:36.912,8.893
2026-01-14 16:34:36.913,8.895
2026-01-14 16:34:36.929,8.896
2026-01-14 16:34:36.946,8.899
2026-01-14 16:34:36.962,8.897
2026-01-14 16:34:36.962,8.9
2026-01-14 16:34:36.979,8.907
2026-01-14 16:34:36.996,8.907
2026-01-14 16:34:37.012,8.907
2026-01-14 16:34:37.013,8.912
2026-01-14 16:34:37.030,8.916
2026-01-14 16:34:37.046,8.925
2026-01-14 16:34:37.046,8.917
2026-01-14 16:34:37.062,8.916
2026-01-14 16:34:37.077,8.924
2026-01-14 16:34:37.096,8.93
2026-01-14 16:34:37.097,8.94
2026-01-14 16:34:37.112,8.938
2026-01-14 16:34:37.131,8.944
2026-01-14 16:34:37.131,8.947
2026-01-14 16:34:37.146,8.948
2026-01-14 16:34:37.162,8.966
2026-01-14 16:34:37.179,8.97
2026-01-14 16:34:37.179,8.975
2026-01-14 16:34:37.196,8.981
2026-01-14 16:34:37.220,8.986
2026-01-14 16:34:37.220,8.988
2026-01-14 16:34:37.230,8.997
2026-01-14 16:34:37.246,8.994
2026-01-14 16:34:37.262,8.99
2026-01-14 16:34:37.263,8.99
2026-01-14 16:34:37.278,8.993
2026-01-14 16:34:37.294,9.002
2026-01-14 16:34:37.312,8.998
2026-01-14 16:34:37.313,9.013
2026-01-14 16:34:37.329,9.011
2026-01-14 16:34:37.346,9.023
2026-01-14 16:34:37.347,9.014
2026-01-14 16:34:37.361,9.018
2026-01-14 16:34:37.378,9.016
2026-01-14 16:34:37.396,9.017
2026-01-14 16:34:37.397,9.014
2026-01-14 16:34:37.412,9.012
2026-01-14 16:34:37.429,9.008
2026-01-14 16:34:37.430,9.012
2026-01-14 16:34:37.446,9.014
2026-01-14 16:34:37.460,9.017
2026-01-14 16:34:37.479,9.028
2026-01-14 16:34:37.479,9.035
2026-01-14 16:34:37.495,9.032
2026-01-14 16:34:37.513,9.029
2026-01-14 16:34:37.513,9.038
2026-01-14 16:34:37.529,9.04
2026-01-14 16:34:37.547,9.031
2026-01-14 16:34:37.562,9.029
2026-01-14 16:34:37.563,9.023
2026-01-14 16:34:37.579,9.034
2026-01-14 16:34:37.597,9.027
2026-01-14 16:34:37.598,9.036
2026-01-14 16:34:37.612,9.039
2026-01-14 16:34:37.628,9.042
2026-01-14 16:34:37.646,9.052
2026-01-14 16:34:37.647,9.053
2026-01-14 16:34:37.661,9.05
2026-01-14 16:34:37.679,9.051
2026-01-14 16:34:37.695,9.053
2026-01-14 16:34:37.695,9.065
2026-01-14 16:34:37.711,9.064
2026-01-14 16:34:37.729,9.059
2026-01-14 16:34:37.730,9.062
2026-01-14 16:34:37.745,9.066
2026-01-14 16:34:37.762,9.069
2026-01-14 16:34:37.779,9.062
2026-01-14 16:34:37.779,9.051
2026-01-14 16:34:37.795,9.055
2026-01-14 16:34:37.812,9.063
2026-01-14 16:34:37.812,9.069
2026-01-14 16:34:37.831,9.087
2026-01-14 16:34:37.844,9.108
2026-01-14 16:34:37.862,9.116
2026-01-14 16:34:37.862,9.118
2026-01-14 16:34:37.879,9.123
2026-01-14 16:34:37.894,9.14
2026-01-14 16:34:37.912,9.157
2026-01-14 16:34:37.912,9.157
2026-01-14 16:34:37.928,9.159
2026-01-14 16:34:37.946,9.157
2026-01-14 16:34:37.946,9.15
2026-01-14 16:34:37.962,9.15
2026-01-14 16:34:37.979,9.151
2026-01-14 16:34:37.995,9.157
2026-01-14 16:34:37.996,9.158
2026-01-14 16:34:38.012,9.163
2026-01-14 16:34:38.029,9.17
2026-01-14 16:34:38.029,9.173
2026-01-14 16:34:38.046,9.171
2026-01-14 16:34:38.063,9.175
2026-01-14 16:34:38.079,9.167
2026-01-14 16:34:38.080,9.164
2026-01-14 16:34:38.096,9.163
2026-01-14 16:34:38.112,9.161
2026-01-14 16:34:38.113,9.162
2026-01-14 16:34:38.129,9.155
2026-01-14 16:34:38.146,9.153
2026-01-14 16:34:38.162,9.151
2026-01-14 16:34:38.162,9.15
2026-01-14 16:34:38.179,9.159
2026-01-14 16:34:38.196,9.162
2026-01-14 16:34:38.218,9.159
2026-01-14 16:34:38.219,9.16
2026-01-14 16:34:38.229,9.16
2026-01-14 16:34:38.244,9.168
2026-01-14 16:34:38.245,9.166
2026-01-14 16:34:38.261,9.161
2026-01-14 16:34:38.289,9.161
2026-01-14 16:34:38.290,9.157
2026-01-14 16:34:38.300,9.158
2026-01-14 16:34:38.312,9.154
2026-01-14 16:34:38.328,9.153
2026-01-14 16:34:38.329,9.157
2026-01-14 16:34:38.345,9.166
2026-01-14 16:34:38.363,9.165
2026-01-14 16:34:38.379,9.17
2026-01-14 16:34:38.379,9.179
2026-01-14 16:34:38.395,9.183
2026-01-14 16:34:38.412,9.201
2026-01-14 16:34:38.429,9.203
2026-01-14 16:34:38.430,9.214
2026-01-14 16:34:38.444,9.217
2026-01-14 16:34:38.462,9.225
2026-01-14 16:34:38.462,9.231
2026-01-14 16:34:38.478,9.235
2026-01-14 16:34:38.494,9.231
2026-01-14 16:34:38.512,9.237
2026-01-14 16:34:38.513,9.233
2026-01-14 16:34:38.528,9.244
2026-01-14 16:34:38.545,9.241
2026-01-14 16:34:38.546,9.24
2026-01-14 16:34:38.563,9.239
2026-01-14 16:34:38.579,9.246
2026-01-14 16:34:38.595,9.243
2026-01-14 16:34:38.595,9.256
2026-01-14 16:34:38.611,9.256
2026-01-14 16:34:38.628,9.263
2026-01-14 16:34:38.645,9.265
2026-01-14 16:34:38.646,9.265
2026-01-14 16:34:38.661,9.271
2026-01-14 16:34:38.678,9.275
2026-01-14 16:34:38.678,9.279
2026-01-14 16:34:38.694,9.289
2026-01-14 16:34:38.711,9.297
2026-01-14 16:34:38.728,9.308
2026-01-14 16:34:38.729,9.318
2026-01-14 16:34:38.744,9.324
2026-01-14 16:34:38.760,9.327
2026-01-14 16:34:38.777,9.328
2026-01-14 16:34:38.777,9.336
2026-01-14 16:34:38.794,9.337
2026-01-14 16:34:38.812,9.339
2026-01-14 16:34:38.812,9.342
2026-01-14 16:34:38.828,9.341
2026-01-14 16:34:38.844,9.345
2026-01-14 16:34:38.860,9.35
2026-01-14 16:34:38.860,9.355
2026-01-14 16:34:38.878,9.36
2026-01-14 16:34:38.893,9.369
2026-01-14 16:34:38.894,9.381
2026-01-14 16:34:38.911,9.383
2026-01-14 16:34:38.928,9.382
2026-01-14 16:34:38.944,9.393
2026-01-14 16:34:38.944,9.404
2026-01-14 16:34:38.961,9.414
2026-01-14 16:34:38.977,9.423
2026-01-14 16:34:38.978,9.422
2026-01-14 16:34:38.995,9.422
2026-01-14 16:34:39.012,9.422
2026-01-14 16:34:39.028,9.435
2026-01-14 16:34:39.029,9.447
2026-01-14 16:34:39.043,9.458
2026-01-14 16:34:39.060,9.467
2026-01-14 16:34:39.062,9.474
2026-01-14 16:34:39.077,9.471
2026-01-14 16:34:39.094,9.463
2026-01-14 16:34:39.112,9.456
2026-01-14 16:34:39.112,9.458
2026-01-14 16:34:39.128,9.459
2026-01-14 16:34:39.145,9.456
2026-01-14 16:34:39.145,9.457
2026-01-14 16:34:39.161,9.471
2026-01-14 16:34:39.179,9.473
2026-01-14 16:34:39.194,9.477
2026-01-14 16:34:39.194,9.482
2026-01-14 16:34:39.220,9.469
2026-01-14 16:34:39.220,9.466
2026-01-14 16:34:39.246,9.46
2026-01-14 16:34:39.247,9.467
2026-01-14 16:34:39.262,9.474
2026-01-14 16:34:39.278,9.475
2026-01-14 16:34:39.278,9.471
2026-01-14 16:34:39.294,9.469
2026-01-14 16:34:39.312,9.479
2026-01-14 16:34:39.328,9.494
2026-01-14 16:34:39.329,9.5
2026-01-14 16:34:39.344,9.508
2026-01-14 16:34:39.362,9.522
2026-01-14 16:34:39.362,9.531
2026-01-14 16:34:39.379,9.534
2026-01-14 16:34:39.395,9.532
2026-01-14 16:34:39.412,9.536
2026-01-14 16:34:39.412,9.534
2026-01-14 16:34:39.429,9.537
2026-01-14 16:34:39.445,9.549
2026-01-14 16:34:39.445,9.563
2026-01-14 16:34:39.462,9.57
2026-01-14 16:34:39.479,9.575
2026-01-14 16:34:39.494,9.579
2026-01-14 16:34:39.495,9.589
2026-01-14 16:34:39.511,9.594
2026-01-14 16:34:39.527,9.599
2026-01-14 16:34:39.546,9.609
2026-01-14 16:34:39.546,9.618
2026-01-14 16:34:39.561,9.625
2026-01-14 16:34:39.578,9.626
2026-01-14 16:34:39.579,9.627
2026-01-14 16:34:39.593,9.632
2026-01-14 16:34:39.612,9.642
2026-01-14 16:34:39.613,9.648
2026-01-14 16:34:39.652,9.656
2026-01-14 16:34:39.653,9.664
2026-01-14 16:34:39.653,9.674
2026-01-14 16:34:39.663,9.686
2026-01-14 16:34:39.677,9.691
2026-01-14 16:34:39.694,9.695
2026-01-14 16:34:39.712,9.708
2026-01-14 16:34:39.713,9.713
2026-01-14 16:34:39.728,9.724
2026-01-14 16:34:39.744,9.734
2026-01-14 16:34:39.763,9.741
2026-01-14 16:34:39.763,9.746
2026-01-14 16:34:39.778,9.753
2026-01-14 16:34:39.795,9.753
2026-01-14 16:34:39.795,9.754
2026-01-14 16:34:39.812,9.751
2026-01-14 16:34:39.828,9.754
2026-01-14 16:34:39.845,9.755
2026-01-14 16:34:39.846,9.76
2026-01-14 16:34:39.862,9.764
2026-01-14 16:34:39.878,9.772
2026-01-14 16:34:39.878,9.775
2026-01-14 16:34:39.895,9.781
2026-01-14 16:34:39.911,9.787
2026-01-14 16:34:39.928,9.804
2026-01-14 16:34:39.929,9.81
2026-01-14 16:34:39.945,9.825
2026-01-14 16:34:39.961,9.836
2026-01-14 16:34:39.962,9.842
2026-01-14 16:34:39.977,9.84
2026-01-14 16:34:39.995,9.838
2026-01-14 16:34:40.011,9.836
2026-01-14 16:34:40.012,9.829
2026-01-14 16:34:40.029,9.826
2026-01-14 16:34:40.045,9.82
2026-01-14 16:34:40.046,9.825
2026-01-14 16:34:40.062,9.829
2026-01-14 16:34:40.077,9.831
2026-01-14 16:34:40.095,9.834
2026-01-14 16:34:40.095,9.831
2026-01-14 16:34:40.112,9.833
2026-01-14 16:34:40.128,9.826
2026-01-14 16:34:40.129,9.817
2026-01-14 16:34:40.145,9.816
2026-01-14 16:34:40.162,9.822
2026-01-14 16:34:40.177,9.827
2026-01-14 16:34:40.203,9.833
2026-01-14 16:34:40.204,9.851
2026-01-14 16:34:40.229,9.871
2026-01-14 16:34:40.229,9.893
2026-01-14 16:34:40.244,9.918
2026-01-14 16:34:40.262,9.936
2026-01-14 16:34:40.262,9.948
2026-01-14 16:34:40.278,9.951
2026-01-14 16:34:40.296,9.964
2026-01-14 16:34:40.312,9.968
2026-01-14 16:34:40.328,9.976
2026-01-14 16:34:40.345,9.974
2026-01-14 16:34:40.346,9.981
2026-01-14 16:34:40.362,9.997
2026-01-14 16:34:40.378,10.016
2026-01-14 16:34:40.395,10.021
2026-01-14 16:34:40.396,10.036
2026-01-14 16:34:40.412,10.043
2026-01-14 16:34:40.428,10.052
2026-01-14 16:34:40.447,10.063
2026-01-14 16:34:40.447,10.07
2026-01-14 16:34:40.462,10.081
2026-01-14 16:34:40.479,10.104
2026-01-14 16:34:40.479,10.117
2026-01-14 16:34:40.495,10.135
2026-01-14 16:34:40.512,10.15
2026-01-14 16:34:40.513,10.157
2026-01-14 16:34:40.528,10.163
2026-01-14 16:34:40.546,10.171
2026-01-14 16:34:40.561,10.178
2026-01-14 16:34:40.561,10.186
2026-01-14 16:34:40.588,10.193
2026-01-14 16:34:40.588,10.208
2026-01-14 16:34:40.604,10.225
2026-01-14 16:34:40.612,10.232
2026-01-14 16:34:40.628,10.241
2026-01-14 16:34:40.645,10.252
2026-01-14 16:34:40.645,10.263
2026-01-14 16:34:40.662,10.275
2026-01-14 16:34:40.678,10.286
2026-01-14 16:34:40.695,10.293
2026-01-14 16:34:40.696,10.301
2026-01-14 16:34:40.711,10.304
2026-01-14 16:34:40.728,10.313
2026-01-14 16:34:40.745,10.32
2026-01-14 16:34:40.745,10.327
2026-01-14 16:34:40.762,10.338
2026-01-14 16:34:40.778,10.351
2026-01-14 16:34:40.780,10.36
2026-01-14 16:34:40.795,10.374
2026-01-14 16:34:40.813,10.379
2026-01-14 16:34:40.813,10.382
2026-01-14 16:34:40.828,10.389
2026-01-14 16:34:40.845,10.392
2026-01-14 16:34:40.862,10.4
2026-01-14 16:34:40.862,10.409
2026-01-14 16:34:40.879,10.416
2026-01-14 16:34:40.895,10.426
2026-01-14 16:34:40.912,10.429
2026-01-14 16:34:40.912,10.44
2026-01-14 16:34:40.928,10.452
2026-01-14 16:34:40.946,10.456
2026-01-14 16:34:40.946,10.465
2026-01-14 16:34:40.962,10.474
2026-01-14 16:34:40.978,10.487
2026-01-14 16:34:41.018,10.485
2026-01-14 16:34:41.019,10.496
2026-01-14 16:34:41.019,10.499
2026-01-14 16:34:41.020,10.489
2026-01-14 16:34:41.046,10.481
2026-01-14 16:34:41.046,10.477
2026-01-14 16:34:41.062,10.471
2026-01-14 16:34:41.078,10.464
2026-01-14 16:34:41.079,10.454
2026-01-14 16:34:41.095,10.443
2026-01-14 16:34:41.111,10.442
2026-01-14 16:34:41.127,10.445
2026-01-14 16:34:41.128,10.444
2026-01-14 16:34:41.143,10.439
2026-01-14 16:34:41.160,10.45
2026-01-14 16:34:41.161,10.465
2026-01-14 16:34:41.178,10.481
2026-01-14 16:34:41.201,10.503
2026-01-14 16:34:41.202,10.526
2026-01-14 16:34:41.211,10.555
2026-01-14 16:34:41.227,10.579
2026-01-14 16:34:41.245,10.605
2026-01-14 16:34:41.246,10.622
2026-01-14 16:34:41.260,10.626
2026-01-14 16:34:41.277,10.633
2026-01-14 16:34:41.293,10.639
2026-01-14 16:34:41.294,10.648
2026-01-14 16:34:41.310,10.658
2026-01-14 16:34:41.327,10.667
2026-01-14 16:34:41.344,10.682
2026-01-14 16:34:41.344,10.7
2026-01-14 16:34:41.361,10.707
2026-01-14 16:34:41.378,10.707
2026-01-14 16:34:41.378,10.7
2026-01-14 16:34:41.395,10.707
2026-01-14 16:34:41.411,10.708
2026-01-14 16:34:41.428,10.709
2026-01-14 16:34:41.428,10.715
2026-01-14 16:34:41.443,10.721
2026-01-14 16:34:41.460,10.746
2026-01-14 16:34:41.477,10.754
2026-01-14 16:34:41.477,10.756
2026-01-14 16:34:41.494,10.771
2026-01-14 16:34:41.510,10.797
2026-01-14 16:34:41.511,10.83
2026-01-14 16:34:41.527,10.845
2026-01-14 16:34:41.544,10.86
2026-01-14 16:34:41.546,10.879
2026-01-14 16:34:41.561,10.906
2026-01-14 16:34:41.579,10.938
2026-01-14 16:34:41.594,10.968
2026-01-14 16:34:41.595,10.985
2026-01-14 16:34:41.611,11.002
2026-01-14 16:34:41.628,11.01
2026-01-14 16:34:41.644,11.026
2026-01-14 16:34:41.645,11.047
2026-01-14 16:34:41.661,11.066
2026-01-14 16:34:41.677,11.077
2026-01-14 16:34:41.678,11.094
2026-01-14 16:34:41.693,11.107
2026-01-14 16:34:41.711,11.126
2026-01-14 16:34:41.728,11.144
2026-01-14 16:34:41.728,11.161
2026-01-14 16:34:41.744,11.176
2026-01-14 16:34:41.761,11.188
2026-01-14 16:34:41.761,11.197
2026-01-14 16:34:41.778,11.212
2026-01-14 16:34:41.793,11.221
2026-01-14 16:34:41.810,11.223
2026-01-14 16:34:41.811,11.229
2026-01-14 16:34:41.828,11.24
2026-01-14 16:34:41.844,11.25
2026-01-14 16:34:41.845,11.259
2026-01-14 16:34:41.860,11.268
2026-01-14 16:34:41.878,11.286
2026-01-14 16:34:41.894,11.299
2026-01-14 16:34:41.895,11.306
2026-01-14 16:34:41.911,11.311
2026-01-14 16:34:41.928,11.319
2026-01-14 16:34:41.929,11.333
2026-01-14 16:34:41.945,11.352
2026-01-14 16:34:41.961,11.363
2026-01-14 16:34:41.978,11.371
2026-01-14 16:34:41.978,11.371
2026-01-14 16:34:41.996,11.384
2026-01-14 16:34:42.011,11.388
2026-01-14 16:34:42.028,11.38
2026-01-14 16:34:42.028,11.373
2026-01-14 16:34:42.044,11.371
2026-01-14 16:34:42.061,11.37
2026-01-14 16:34:42.062,11.369
2026-01-14 16:34:42.077,11.378
2026-01-14 16:34:42.096,11.393
2026-01-14 16:34:42.111,11.394
2026-01-14 16:34:42.112,11.396
2026-01-14 16:34:42.128,11.4
2026-01-14 16:34:42.144,11.403
2026-01-14 16:34:42.164,11.408
2026-01-14 16:34:42.164,11.421
2026-01-14 16:34:42.179,11.434
2026-01-14 16:34:42.195,11.43
2026-01-14 16:34:42.195,11.444
2026-01-14 16:34:42.211,11.458
2026-01-14 16:34:42.234,11.467
2026-01-14 16:34:42.234,11.478
2026-01-14 16:34:42.245,11.481
2026-01-14 16:34:42.262,11.48
2026-01-14 16:34:42.278,11.48
2026-01-14 16:34:42.279,11.486
2026-01-14 16:34:42.295,11.492
2026-01-14 16:34:42.311,11.5
2026-01-14 16:34:42.328,11.513
2026-01-14 16:34:42.328,11.527
2026-01-14 16:34:42.357,11.534
2026-01-14 16:34:42.359,11.544
2026-01-14 16:34:42.368,11.55
2026-01-14 16:34:42.378,11.559
2026-01-14 16:34:42.395,11.567
2026-01-14 16:34:42.411,11.57
2026-01-14 16:34:42.412,11.588
2026-01-14 16:34:42.428,11.6
2026-01-14 16:34:42.445,11.612
2026-01-14 16:34:42.446,11.629
2026-01-14 16:34:42.460,11.634
2026-01-14 16:34:42.476,11.644
2026-01-14 16:34:42.493,11.653
2026-01-14 16:34:42.494,11.669
2026-01-14 16:34:42.510,11.68
2026-01-14 16:34:42.528,11.68
2026-01-14 16:34:42.544,11.696
2026-01-14 16:34:42.545,11.714
2026-01-14 16:34:42.561,11.746
2026-01-14 16:34:42.577,11.777
2026-01-14 16:34:42.577,11.806
2026-01-14 16:34:42.593,11.82
2026-01-14 16:34:42.611,11.832
2026-01-14 16:34:42.627,11.852
2026-01-14 16:34:42.627,11.871
2026-01-14 16:34:42.643,11.887
2026-01-14 16:34:42.660,11.902
2026-01-14 16:34:42.661,11.923
2026-01-14 16:34:42.678,11.951
2026-01-14 16:34:42.694,11.978
2026-01-14 16:34:42.710,11.999
2026-01-14 16:34:42.711,12.015
2026-01-14 16:34:42.744,12.024
2026-01-14 16:34:42.761,12.038
2026-01-14 16:34:42.794,12.061
2026-01-14 16:34:42.795,12.093
2026-01-14 16:34:42.810,12.125
2026-01-14 16:34:42.828,12.149
2026-01-14 16:34:42.843,12.166
2026-01-14 16:34:42.844,12.18
2026-01-14 16:34:42.859,12.194
2026-01-14 16:34:42.878,12.214
2026-01-14 16:34:42.910,12.237
2026-01-14 16:34:42.926,12.258
2026-01-14 16:34:42.927,12.275
2026-01-14 16:34:42.945,12.292
2026-01-14 16:34:42.960,12.301
2026-01-14 16:34:42.961,12.309
2026-01-14 16:34:42.978,12.315
2026-01-14 16:34:42.995,12.315
2026-01-14 16:34:43.010,12.311
2026-01-14 16:34:43.011,12.316
2026-01-14 16:34:43.028,12.321
2026-01-14 16:34:43.045,12.333
2026-01-14 16:34:43.046,12.34
2026-01-14 16:34:43.061,12.344
2026-01-14 16:34:43.078,12.353
2026-01-14 16:34:43.095,12.362
2026-01-14 16:34:43.095,12.373
2026-01-14 16:34:43.110,12.391
2026-01-14 16:34:43.127,12.403
2026-01-14 16:34:43.144,12.419
2026-01-14 16:34:43.144,12.423
2026-01-14 16:34:43.162,12.418
2026-01-14 16:34:43.178,12.413
2026-01-14 16:34:43.178,12.407
2026-01-14 16:34:43.195,12.402
2026-01-14 16:34:43.210,12.393
2026-01-14 16:34:43.235,12.403
2026-01-14 16:34:43.236,12.401
2026-01-14 16:34:43.245,12.406
2026-01-14 16:34:43.261,12.422
2026-01-14 16:34:43.261,12.442
2026-01-14 16:34:43.278,12.46
2026-01-14 16:34:43.295,12.464
2026-01-14 16:34:43.297,12.465
2026-01-14 16:34:43.311,12.47
2026-01-14 16:34:43.328,12.477
2026-01-14 16:34:43.344,12.475
2026-01-14 16:34:43.345,12.475
2026-01-14 16:34:43.360,12.473
2026-01-14 16:34:43.379,12.489
2026-01-14 16:34:43.395,12.513
2026-01-14 16:34:43.396,12.532
2026-01-14 16:34:43.411,12.55
2026-01-14 16:34:43.428,12.571
2026-01-14 16:34:43.429,12.59
2026-01-14 16:34:43.446,12.597
2026-01-14 16:34:43.461,12.62
2026-01-14 16:34:43.477,12.633
2026-01-14 16:34:43.478,12.653
2026-01-14 16:34:43.494,12.67
2026-01-14 16:34:43.510,12.685
2026-01-14 16:34:43.526,12.697
2026-01-14 16:34:43.527,12.694
2026-01-14 16:34:43.543,12.698
2026-01-14 16:34:43.560,12.713
2026-01-14 16:34:43.577,12.73
2026-01-14 16:34:43.577,12.732
2026-01-14 16:34:43.593,12.729
2026-01-14 16:34:43.610,12.734
2026-01-14 16:34:43.611,12.753
2026-01-14 16:34:43.627,12.769
2026-01-14 16:34:43.645,12.789
2026-01-14 16:34:43.646,12.814
2026-01-14 16:34:43.660,12.843
2026-01-14 16:34:43.678,12.875
2026-01-14 16:34:43.693,12.894
2026-01-14 16:34:43.755,12.908
2026-01-14 16:34:43.758,12.918
2026-01-14 16:34:43.758,12.94
2026-01-14 16:34:43.777,12.965
2026-01-14 16:34:43.794,12.983
2026-01-14 16:34:43.810,13.0
2026-01-14 16:34:43.827,13.023
2026-01-14 16:34:43.828,13.059
2026-01-14 16:34:43.843,13.069
2026-01-14 16:34:43.861,13.093
2026-01-14 16:34:43.862,13.113
2026-01-14 16:34:43.879,13.12
2026-01-14 16:34:43.896,13.137
2026-01-14 16:34:43.912,13.155
2026-01-14 16:34:43.913,13.172
2026-01-14 16:34:43.927,13.194
2026-01-14 16:34:43.944,13.218
2026-01-14 16:34:43.945,13.231
2026-01-14 16:34:43.961,13.258
2026-01-14 16:34:43.978,13.277
2026-01-14 16:34:43.994,13.293
2026-01-14 16:34:43.994,13.309
2026-01-14 16:34:44.010,13.33
2026-01-14 16:34:44.030,13.356
2026-01-14 16:34:44.032,13.371
2026-01-14 16:34:44.044,13.395
2026-01-14 16:34:44.078,13.416
2026-01-14 16:34:44.094,13.431
2026-01-14 16:34:44.109,13.452
2026-01-14 16:34:44.127,13.467
2026-01-14 16:34:44.127,13.478
2026-01-14 16:34:44.145,13.488
2026-01-14 16:34:44.161,13.487
2026-01-14 16:34:44.161,13.478
2026-01-14 16:34:44.176,13.485
2026-01-14 16:34:44.194,13.492
2026-01-14 16:34:44.210,13.496
2026-01-14 16:34:44.210,13.506
2026-01-14 16:34:44.237,13.514
2026-01-14 16:34:44.237,13.525
2026-01-14 16:34:44.252,13.522
2026-01-14 16:34:44.260,13.53
2026-01-14 16:34:44.276,13.538
2026-01-14 16:34:44.294,13.542
2026-01-14 16:34:44.294,13.542
2026-01-14 16:34:44.310,13.551
2026-01-14 16:34:44.327,13.557
2026-01-14 16:34:44.343,13.573
2026-01-14 16:34:44.344,13.569
2026-01-14 16:34:44.361,13.572
2026-01-14 16:34:44.377,13.579
2026-01-14 16:34:44.378,13.594
2026-01-14 16:34:44.393,13.613
2026-01-14 16:34:44.411,13.625
2026-01-14 16:34:44.426,13.635
2026-01-14 16:34:44.427,13.642
2026-01-14 16:34:44.443,13.652
2026-01-14 16:34:44.461,13.675
2026-01-14 16:34:44.462,13.691
2026-01-14 16:34:44.478,13.708
2026-01-14 16:34:44.494,13.719
2026-01-14 16:34:44.512,13.727
2026-01-14 16:34:44.512,13.742
2026-01-14 16:34:44.527,13.747
2026-01-14 16:34:44.544,13.761
2026-01-14 16:34:44.545,13.768
2026-01-14 16:34:44.561,13.785
2026-01-14 16:34:44.577,13.802
2026-01-14 16:34:44.593,13.811
2026-01-14 16:34:44.594,13.82
2026-01-14 16:34:44.610,13.846
2026-01-14 16:34:44.627,13.869
2026-01-14 16:34:44.643,13.886
2026-01-14 16:34:44.644,13.907
2026-01-14 16:34:44.660,13.92
2026-01-14 16:34:44.679,13.932
2026-01-14 16:34:44.680,13.95
2026-01-14 16:34:44.692,13.973
2026-01-14 16:34:44.711,13.989
2026-01-14 16:34:44.728,14.015
2026-01-14 16:34:44.728,14.036
2026-01-14 16:34:44.762,14.053
2026-01-14 16:34:44.762,14.082
2026-01-14 16:34:44.778,14.117
2026-01-14 16:34:44.812,14.144
2026-01-14 16:34:44.813,14.174
2026-01-14 16:34:44.826,14.199
2026-01-14 16:34:44.846,14.221
2026-01-14 16:34:44.861,14.253
2026-01-14 16:34:44.878,14.294
2026-01-14 16:34:44.894,14.33
2026-01-14 16:34:44.895,14.369
2026-01-14 16:34:44.911,14.407
2026-01-14 16:34:44.928,14.446
2026-01-14 16:34:44.930,14.48
2026-01-14 16:34:44.944,14.51
2026-01-14 16:34:44.960,14.537
2026-01-14 16:34:44.976,14.56
2026-01-14 16:34:44.977,14.566
2026-01-14 16:34:44.993,14.582
2026-01-14 16:34:45.010,14.592
2026-01-14 16:34:45.027,14.599
2026-01-14 16:34:45.027,14.613
2026-01-14 16:34:45.061,14.629
2026-01-14 16:34:45.062,14.659
2026-01-14 16:34:45.101,14.686
2026-01-14 16:34:45.102,14.709
2026-01-14 16:34:45.103,14.733
2026-01-14 16:34:45.110,14.746
2026-01-14 16:34:45.128,14.764
2026-01-14 16:34:45.144,14.774
2026-01-14 16:34:45.161,14.791
2026-01-14 16:34:45.162,14.799
2026-01-14 16:34:45.177,14.813
2026-01-14 16:34:45.195,14.829
2026-01-14 16:34:45.195,14.844
2026-01-14 16:34:45.211,14.852
2026-01-14 16:34:45.235,14.861
2026-01-14 16:34:45.235,14.871
2026-01-14 16:34:45.244,14.88
2026-01-14 16:34:45.261,14.885
2026-01-14 16:34:45.277,14.873
2026-01-14 16:34:45.278,14.887
2026-01-14 16:34:45.294,14.889
2026-01-14 16:34:45.312,14.895
2026-01-14 16:34:45.328,14.89
2026-01-14 16:34:45.329,14.89
2026-01-14 16:34:45.344,14.895
2026-01-14 16:34:45.361,14.893
2026-01-14 16:34:45.362,14.892
2026-01-14 16:34:45.378,14.894
2026-01-14 16:34:45.396,14.892
2026-01-14 16:34:45.410,14.893
2026-01-14 16:34:45.430,14.888
2026-01-14 16:34:45.443,14.887
2026-01-14 16:34:45.461,14.887
2026-01-14 16:34:45.477,14.89
2026-01-14 16:34:45.494,14.895
2026-01-14 16:34:45.495,14.896
2026-01-14 16:34:45.510,14.905
2026-01-14 16:34:45.527,14.914
2026-01-14 16:34:45.529,14.938
2026-01-14 16:34:45.544,14.957
2026-01-14 16:34:45.560,14.972
2026-01-14 16:34:45.577,14.986
2026-01-14 16:34:45.577,15.004
2026-01-14 16:34:45.593,15.032
2026-01-14 16:34:45.610,15.056
2026-01-14 16:34:45.627,15.078
2026-01-14 16:34:45.628,15.092
2026-01-14 16:34:45.643,15.11
2026-01-14 16:34:45.660,15.131
2026-01-14 16:34:45.661,15.138
2026-01-14 16:34:45.677,15.141
2026-01-14 16:34:45.693,15.147
2026-01-14 16:34:45.709,15.161
2026-01-14 16:34:45.709,15.169
2026-01-14 16:34:45.727,15.175
2026-01-14 16:34:45.743,15.181
2026-01-14 16:34:45.759,15.19
2026-01-14 16:34:45.759,15.196
2026-01-14 16:34:45.777,15.203
2026-01-14 16:34:45.794,15.212
2026-01-14 16:34:45.794,15.226
2026-01-14 16:34:45.810,15.245
2026-01-14 16:34:45.827,15.268
2026-01-14 16:34:45.843,15.283
2026-01-14 16:34:45.843,15.308
2026-01-14 16:34:45.859,15.331
2026-01-14 16:34:45.877,15.353
2026-01-14 16:34:45.877,15.382
2026-01-14 16:34:45.894,15.403
2026-01-14 16:34:45.910,15.423
2026-01-14 16:34:45.927,15.455
2026-01-14 16:34:45.943,15.48
2026-01-14 16:34:45.961,15.508
2026-01-14 16:34:45.962,15.533
2026-01-14 16:34:45.977,15.563
2026-01-14 16:34:45.994,15.593
2026-01-14 16:34:46.011,15.619
2026-01-14 16:34:46.011,15.64
2026-01-14 16:34:46.027,15.664
2026-01-14 16:34:46.043,15.684
2026-01-14 16:34:46.062,15.698
2026-01-14 16:34:46.062,15.726
2026-01-14 16:34:46.077,15.747
2026-01-14 16:34:46.094,15.766
2026-01-14 16:34:46.095,15.782
2026-01-14 16:34:46.111,15.799
2026-01-14 16:34:46.127,15.825
2026-01-14 16:34:46.143,15.844
2026-01-14 16:34:46.144,15.858
2026-01-14 16:34:46.161,15.875
2026-01-14 16:34:46.176,15.898
2026-01-14 16:34:46.177,15.917
2026-01-14 16:34:46.193,15.925
2026-01-14 16:34:46.211,15.929
2026-01-14 16:34:46.234,15.962
2026-01-14 16:34:46.234,15.982
2026-01-14 16:34:46.244,15.992
2026-01-14 16:34:46.262,15.995
2026-01-14 16:34:46.262,16.003
2026-01-14 16:34:46.278,16.024
2026-01-14 16:34:46.294,16.036
2026-01-14 16:34:46.311,16.039
2026-01-14 16:34:46.311,16.046
2026-01-14 16:34:46.326,16.063
2026-01-14 16:34:46.344,16.066
2026-01-14 16:34:46.345,16.073
2026-01-14 16:34:46.361,16.076
2026-01-14 16:34:46.377,16.089
2026-01-14 16:34:46.394,16.094
2026-01-14 16:34:46.394,16.096
2026-01-14 16:34:46.411,16.099
2026-01-14 16:34:46.428,16.109
2026-01-14 16:34:46.429,16.115
2026-01-14 16:34:46.465,16.117
2026-01-14 16:34:46.466,16.122
2026-01-14 16:34:46.466,16.132
2026-01-14 16:34:46.494,16.135
2026-01-14 16:34:46.495,16.129
2026-01-14 16:34:46.511,16.124
2026-01-14 16:34:46.527,16.122
2026-01-14 16:34:46.528,16.135
2026-01-14 16:34:46.543,16.139
2026-01-14 16:34:46.561,16.138
2026-01-14 16:34:46.561,16.139
2026-01-14 16:34:46.578,16.143
2026-01-14 16:34:46.594,16.15
2026-01-14 16:34:46.610,16.155
2026-01-14 16:34:46.611,16.161
2026-01-14 16:34:46.627,16.167
2026-01-14 16:34:46.645,16.17
2026-01-14 16:34:46.645,16.181
2026-01-14 16:34:46.660,16.188
2026-01-14 16:34:46.676,16.195
2026-01-14 16:34:46.693,16.212
2026-01-14 16:34:46.693,16.231
2026-01-14 16:34:46.710,16.242
2026-01-14 16:34:46.727,16.256
2026-01-14 16:34:46.728,16.265
2026-01-14 16:34:46.744,16.272
2026-01-14 16:34:46.761,16.285
2026-01-14 16:34:46.777,16.307
2026-01-14 16:34:46.794,16.32
2026-01-14 16:34:46.811,16.341
2026-01-14 16:34:46.828,16.367
2026-01-14 16:34:46.828,16.38
2026-01-14 16:34:46.844,16.399
2026-01-14 16:34:46.860,16.409
2026-01-14 16:34:46.861,16.426
2026-01-14 16:34:46.877,16.464
2026-01-14 16:34:46.894,16.474
2026-01-14 16:34:46.911,16.488
2026-01-14 16:34:46.911,16.505
2026-01-14 16:34:46.928,16.527
2026-01-14 16:34:46.944,16.544
2026-01-14 16:34:46.961,16.563
2026-01-14 16:34:46.962,16.583
2026-01-14 16:34:46.977,16.607
2026-01-14 16:34:46.995,16.631
2026-01-14 16:34:46.995,16.65
2026-01-14 16:34:47.011,16.677
2026-01-14 16:34:47.027,16.708
2026-01-14 16:34:47.044,16.737
2026-01-14 16:34:47.044,16.759
2026-01-14 16:34:47.077,16.785
2026-01-14 16:34:47.114,16.816
2026-01-14 16:34:47.127,16.851
2026-01-14 16:34:47.144,16.881
2026-01-14 16:34:47.160,16.908
2026-01-14 16:34:47.161,16.94
2026-01-14 16:34:47.177,16.972
2026-01-14 16:34:47.194,17.002
2026-01-14 16:34:47.212,17.024
2026-01-14 16:34:47.213,17.044
2026-01-14 16:34:47.227,17.065
2026-01-14 16:34:47.249,17.082
2026-01-14 16:34:47.249,17.103
2026-01-14 16:34:47.260,17.12
2026-01-14 16:34:47.277,17.14
2026-01-14 16:34:47.293,17.153
2026-01-14 16:34:47.294,17.188
2026-01-14 16:34:47.311,17.201
2026-01-14 16:34:47.327,17.211
2026-01-14 16:34:47.344,17.223
2026-01-14 16:34:47.344,17.235
2026-01-14 16:34:47.361,17.248
2026-01-14 16:34:47.377,17.261
2026-01-14 16:34:47.378,17.273
2026-01-14 16:34:47.393,17.282
2026-01-14 16:34:47.428,17.288
2026-01-14 16:34:47.428,17.305
2026-01-14 16:34:47.443,17.316
2026-01-14 16:34:47.461,17.337
2026-01-14 16:34:47.461,17.35
2026-01-14 16:34:47.477,17.365
2026-01-14 16:34:47.493,17.369
2026-01-14 16:34:47.511,17.373
2026-01-14 16:34:47.513,17.376
2026-01-14 16:34:47.527,17.467
2026-01-14 16:34:47.543,17.493
2026-01-14 16:34:47.560,17.526
2026-01-14 16:34:47.561,17.539
2026-01-14 16:34:47.577,17.543
2026-01-14 16:34:47.594,17.542
2026-01-14 16:34:47.594,17.543
2026-01-14 16:34:47.610,17.534
2026-01-14 16:34:47.627,17.528
2026-01-14 16:34:47.642,17.529
2026-01-14 16:34:47.659,17.532
2026-01-14 16:34:47.675,17.519
2026-01-14 16:34:47.693,17.509
2026-01-14 16:34:47.694,17.508
2026-01-14 16:34:47.711,17.507
2026-01-14 16:34:47.728,17.511
2026-01-14 16:34:47.728,17.519
2026-01-14 16:34:47.744,17.522
2026-01-14 16:34:47.760,17.533
2026-01-14 16:34:47.761,17.545
2026-01-14 16:34:47.778,17.549
2026-01-14 16:34:47.794,17.565
2026-01-14 16:34:47.823,17.566
2026-01-14 16:34:47.823,17.559
2026-01-14 16:34:47.835,17.56
2026-01-14 16:34:47.861,17.571
2026-01-14 16:34:47.861,17.577
2026-01-14 16:34:47.878,17.599
2026-01-14 16:34:47.894,17.623
2026-01-14 16:34:47.894,17.634
2026-01-14 16:34:47.910,17.65
2026-01-14 16:34:47.929,17.666
2026-01-14 16:34:47.930,17.684
2026-01-14 16:34:47.944,17.703
2026-01-14 16:34:47.960,17.721
2026-01-14 16:34:47.977,17.741
2026-01-14 16:34:47.978,17.75
2026-01-14 16:34:47.993,17.763
2026-01-14 16:34:48.009,17.778
2026-01-14 16:34:48.027,17.804
2026-01-14 16:34:48.027,17.835
2026-01-14 16:34:48.042,17.87
2026-01-14 16:34:48.059,17.888
2026-01-14 16:34:48.076,17.912
2026-01-14 16:34:48.076,17.947
2026-01-14 16:34:48.093,17.97
2026-01-14 16:34:48.109,18.006
2026-01-14 16:34:48.111,18.026
2026-01-14 16:34:48.126,18.042
2026-01-14 16:34:48.142,18.074
2026-01-14 16:34:48.159,18.095
2026-01-14 16:34:48.160,18.105
2026-01-14 16:34:48.176,18.11
2026-01-14 16:34:48.192,18.119
2026-01-14 16:34:48.208,18.132
2026-01-14 16:34:48.209,18.151
2026-01-14 16:34:48.226,18.165
2026-01-14 16:34:48.248,18.183
2026-01-14 16:34:48.249,18.197
2026-01-14 16:34:48.259,18.231
2026-01-14 16:34:48.276,18.246
2026-01-14 16:34:48.277,18.26
2026-01-14 16:34:48.294,18.27
2026-01-14 16:34:48.310,18.291
2026-01-14 16:34:48.326,18.306
2026-01-14 16:34:48.343,18.32
2026-01-14 16:34:48.359,18.338
2026-01-14 16:34:48.376,18.35
2026-01-14 16:34:48.377,18.391
2026-01-14 16:34:48.393,18.404
2026-01-14 16:34:48.409,18.413
2026-01-14 16:34:48.410,18.425
2026-01-14 16:34:48.426,18.432
2026-01-14 16:34:48.444,18.446
2026-01-14 16:34:48.459,18.465
2026-01-14 16:34:48.460,18.476
2026-01-14 16:34:48.476,18.496
2026-01-14 16:34:48.494,18.513
2026-01-14 16:34:48.494,18.525
2026-01-14 16:34:48.510,18.535
2026-01-14 16:34:48.526,18.543
2026-01-14 16:34:48.542,18.55
2026-01-14 16:34:48.543,18.555
2026-01-14 16:34:48.560,18.59
2026-01-14 16:34:48.577,18.595
2026-01-14 16:34:48.577,18.61
2026-01-14 16:34:48.592,18.623
2026-01-14 16:34:48.610,18.632
2026-01-14 16:34:48.627,18.647
2026-01-14 16:34:48.627,18.661
2026-01-14 16:34:48.644,18.698
2026-01-14 16:34:48.660,18.731
2026-01-14 16:34:48.661,18.748
2026-01-14 16:34:48.678,18.748
2026-01-14 16:34:48.693,18.75
2026-01-14 16:34:48.710,18.75
2026-01-14 16:34:48.710,18.75
2026-01-14 16:34:48.726,18.755
2026-01-14 16:34:48.745,18.752
2026-01-14 16:34:48.760,18.751
2026-01-14 16:34:48.777,18.733
2026-01-14 16:34:48.794,18.731
2026-01-14 16:34:48.794,18.737
2026-01-14 16:34:48.809,18.73
2026-01-14 16:34:48.827,18.74
2026-01-14 16:34:48.844,18.739
2026-01-14 16:34:48.844,18.733
2026-01-14 16:34:48.860,18.738
2026-01-14 16:34:48.877,18.752
2026-01-14 16:34:48.877,18.769
2026-01-14 16:34:48.893,18.775
2026-01-14 16:34:48.910,18.773
2026-01-14 16:34:48.927,18.772
2026-01-14 16:34:48.928,18.794
2026-01-14 16:34:48.944,18.81
2026-01-14 16:34:48.962,18.818
2026-01-14 16:34:48.963,18.827
2026-01-14 16:34:48.978,18.839
2026-01-14 16:34:48.993,18.845
2026-01-14 16:34:49.009,18.849
2026-01-14 16:34:49.010,18.852
2026-01-14 16:34:49.025,18.86
2026-01-14 16:34:49.042,18.87
2026-01-14 16:34:49.059,18.887
2026-01-14 16:34:49.059,18.908
2026-01-14 16:34:49.076,18.92
2026-01-14 16:34:49.093,18.938
2026-01-14 16:34:49.093,18.963
2026-01-14 16:34:49.109,18.985
2026-01-14 16:34:49.126,18.999
2026-01-14 16:34:49.143,19.02
2026-01-14 16:34:49.143,19.047
2026-01-14 16:34:49.160,19.073
2026-01-14 16:34:49.186,19.096
2026-01-14 16:34:49.187,19.124
2026-01-14 16:34:49.193,19.157
2026-01-14 16:34:49.209,19.184
2026-01-14 16:34:49.225,19.214
2026-01-14 16:34:49.226,19.239
2026-01-14 16:34:49.249,19.257
2026-01-14 16:34:49.249,19.276
2026-01-14 16:34:49.276,19.293
2026-01-14 16:34:49.277,19.308
2026-01-14 16:34:49.295,19.326
2026-01-14 16:34:49.310,19.338
2026-01-14 16:34:49.310,19.361
2026-01-14 16:34:49.327,19.379
2026-01-14 16:34:49.344,19.419
2026-01-14 16:34:49.361,19.43
2026-01-14 16:34:49.361,19.448
2026-01-14 16:34:49.377,19.462
2026-01-14 16:34:49.393,19.488
2026-01-14 16:34:49.394,19.52
2026-01-14 16:34:49.409,19.535
2026-01-14 16:34:49.427,19.555
2026-01-14 16:34:49.442,19.571
2026-01-14 16:34:49.442,19.585
2026-01-14 16:34:49.459,19.605
2026-01-14 16:34:49.479,19.621
2026-01-14 16:34:49.479,19.63
2026-01-14 16:34:49.493,19.636
2026-01-14 16:34:49.510,19.647
2026-01-14 16:34:49.527,19.664
2026-01-14 16:34:49.527,19.671
2026-01-14 16:34:49.542,19.68
2026-01-14 16:34:49.561,19.696
2026-01-14 16:34:49.561,19.703
2026-01-14 16:34:49.577,19.707
2026-01-14 16:34:49.593,19.717
2026-01-14 16:34:49.610,19.725
2026-01-14 16:34:49.611,19.731
2026-01-14 16:34:49.628,19.738
2026-01-14 16:34:49.643,19.769
2026-01-14 16:34:49.660,19.778
2026-01-14 16:34:49.677,19.785
2026-01-14 16:34:49.694,19.804
2026-01-14 16:34:49.694,19.83
2026-01-14 16:34:49.710,19.843
2026-01-14 16:34:49.728,19.846
2026-01-14 16:34:49.729,19.856
2026-01-14 16:34:49.743,19.861
2026-01-14 16:34:49.759,19.879
2026-01-14 16:34:49.779,19.894
2026-01-14 16:34:49.780,19.903
2026-01-14 16:34:49.794,19.911
2026-01-14 16:34:49.808,19.919
2026-01-14 16:34:49.826,19.925
2026-01-14 16:34:49.843,19.939
2026-01-14 16:34:49.860,19.947
2026-01-14 16:34:49.878,19.962
2026-01-14 16:34:49.878,19.978
2026-01-14 16:34:49.894,19.998
2026-01-14 16:34:49.910,20.024
2026-01-14 16:34:49.910,20.031
2026-01-14 16:34:49.926,20.041
2026-01-14 16:34:49.944,20.056
2026-01-14 16:34:49.945,20.067
2026-01-14 16:34:49.961,20.097
2026-01-14 16:34:49.977,20.142
2026-01-14 16:34:49.993,20.227
2026-01-14 16:34:49.993,20.194
2026-01-14 16:34:50.009,20.178
2026-01-14 16:34:50.028,20.176
2026-01-14 16:34:50.044,20.181
2026-01-14 16:34:50.044,20.178
2026-01-14 16:34:50.060,20.172
2026-01-14 16:34:50.077,20.17
2026-01-14 16:34:50.093,20.165
2026-01-14 16:34:50.110,20.163
2026-01-14 16:34:50.127,20.162
2026-01-14 16:34:50.128,20.163
2026-01-14 16:34:50.144,20.173
2026-01-14 16:34:50.159,20.189
2026-01-14 16:34:50.177,20.186
2026-01-14 16:34:50.192,20.202
2026-01-14 16:34:50.210,20.21
2026-01-14 16:34:50.226,20.216
2026-01-14 16:34:50.243,20.228
2026-01-14 16:34:50.266,20.242
2026-01-14 16:34:50.277,20.237
2026-01-14 16:34:50.293,20.263
2026-01-14 16:34:50.294,20.292
2026-01-14 16:34:50.309,20.34
2026-01-14 16:34:50.343,20.388
2026-01-14 16:34:50.344,20.445
2026-01-14 16:34:50.359,20.499
2026-01-14 16:34:50.376,20.559
2026-01-14 16:34:50.377,20.621
2026-01-14 16:34:50.392,20.69
2026-01-14 16:34:50.410,20.67
2026-01-14 16:34:50.428,20.672
2026-01-14 16:34:50.429,20.685
2026-01-14 16:34:50.442,20.704
2026-01-14 16:34:50.460,20.717
2026-01-14 16:34:50.461,20.727
2026-01-14 16:34:50.476,20.74
2026-01-14 16:34:50.493,20.751
2026-01-14 16:34:50.510,20.771
2026-01-14 16:34:50.510,20.786
2026-01-14 16:34:50.528,20.805
2026-01-14 16:34:50.574,20.827
2026-01-14 16:34:50.575,20.841
2026-01-14 16:34:50.575,20.865
2026-01-14 16:34:50.575,20.886
2026-01-14 16:34:50.580,20.91
2026-01-14 16:34:50.609,20.943
2026-01-14 16:34:50.628,20.962
2026-01-14 16:34:50.643,20.976
2026-01-14 16:34:50.643,20.985
2026-01-14 16:34:50.660,20.996
2026-01-14 16:34:50.677,20.996
2026-01-14 16:34:50.678,21.012
2026-01-14 16:34:50.693,21.016
2026-01-14 16:34:50.710,21.03
2026-01-14 16:34:50.727,21.041
2026-01-14 16:34:50.728,21.059
2026-01-14 16:34:50.742,21.076
2026-01-14 16:34:50.761,21.098
2026-01-14 16:34:50.762,21.104
2026-01-14 16:34:50.777,21.106
2026-01-14 16:34:50.793,21.124
2026-01-14 16:34:50.810,21.134
2026-01-14 16:34:50.811,21.157
2026-01-14 16:34:50.827,21.176
2026-01-14 16:34:50.844,21.186
2026-01-14 16:34:50.860,21.208
2026-01-14 16:34:50.877,21.221
2026-01-14 16:34:50.893,21.241
2026-01-14 16:34:50.893,21.268
2026-01-14 16:34:50.910,21.295
2026-01-14 16:34:50.942,21.318
2026-01-14 16:34:50.961,21.342
2026-01-14 16:34:50.978,21.382
2026-01-14 16:34:50.979,21.424
2026-01-14 16:34:50.993,21.48
2026-01-14 16:34:51.010,21.545
2026-01-14 16:34:51.026,21.503
2026-01-14 16:34:51.027,21.494
2026-01-14 16:34:51.044,21.485
2026-01-14 16:34:51.060,21.474
2026-01-14 16:34:51.077,21.46
2026-01-14 16:34:51.093,21.463
2026-01-14 16:34:51.110,21.475
2026-01-14 16:34:51.111,21.497
2026-01-14 16:34:51.127,21.482
2026-01-14 16:34:51.143,21.459
2026-01-14 16:34:51.160,21.496
2026-01-14 16:34:51.161,21.5
2026-01-14 16:34:51.178,21.508
2026-01-14 16:34:51.193,21.513
2026-01-14 16:34:51.193,21.53
2026-01-14 16:34:51.209,21.547
2026-01-14 16:34:51.227,21.548
2026-01-14 16:34:51.250,21.552
2026-01-14 16:34:51.250,21.57
2026-01-14 16:34:51.260,21.605
2026-01-14 16:34:51.277,21.656
2026-01-14 16:34:51.278,21.725
2026-01-14 16:34:51.294,21.722
2026-01-14 16:34:51.309,21.719
2026-01-14 16:34:51.327,21.716
2026-01-14 16:34:51.328,21.722
2026-01-14 16:34:51.343,21.75
2026-01-14 16:34:51.360,21.761
2026-01-14 16:34:51.378,21.778
2026-01-14 16:34:51.378,21.786
2026-01-14 16:34:51.392,21.862
2026-01-14 16:34:51.410,21.909
2026-01-14 16:34:51.411,21.946
2026-01-14 16:34:51.427,21.982
2026-01-14 16:34:51.443,22.009
2026-01-14 16:34:51.459,22.045
2026-01-14 16:34:51.459,22.067
2026-01-14 16:34:51.477,22.085
2026-01-14 16:34:51.493,22.096
2026-01-14 16:34:51.494,22.097
2026-01-14 16:34:51.509,22.103
2026-01-14 16:34:51.526,22.112
2026-01-14 16:34:51.543,22.122
2026-01-14 16:34:51.543,22.123
2026-01-14 16:34:51.560,22.125
2026-01-14 16:34:51.577,22.131
2026-01-14 16:34:51.578,22.139
2026-01-14 16:34:51.592,22.143
2026-01-14 16:34:51.610,22.143
2026-01-14 16:34:51.626,22.153
2026-01-14 16:34:51.627,22.163
2026-01-14 16:34:51.643,22.178
2026-01-14 16:34:51.659,22.197
2026-01-14 16:34:51.677,22.216
2026-01-14 16:34:51.677,22.233
2026-01-14 16:34:51.693,22.259
2026-01-14 16:34:51.710,22.278
2026-01-14 16:34:51.711,22.3
2026-01-14 16:34:51.726,22.315
2026-01-14 16:34:51.744,22.33
2026-01-14 16:34:51.759,22.345
2026-01-14 16:34:51.759,22.363
2026-01-14 16:34:51.776,22.381
2026-01-14 16:34:51.793,22.394
2026-01-14 16:34:51.794,22.425
2026-01-14 16:34:51.810,22.452
2026-01-14 16:34:51.826,22.469
2026-01-14 16:34:51.842,22.48
2026-01-14 16:34:51.843,22.49
2026-01-14 16:34:51.860,22.507
2026-01-14 16:34:51.876,22.52
2026-01-14 16:34:51.877,22.531
2026-01-14 16:34:51.892,22.55
2026-01-14 16:34:51.922,22.557
2026-01-14 16:34:51.924,22.564
2026-01-14 16:34:51.925,22.566
2026-01-14 16:34:51.961,22.574
2026-01-14 16:34:51.961,22.585
2026-01-14 16:34:51.961,22.594
2026-01-14 16:34:51.976,22.6
2026-01-14 16:34:51.993,22.614
2026-01-14 16:34:52.010,22.615
2026-01-14 16:34:52.026,22.613
2026-01-14 16:34:52.043,22.617
2026-01-14 16:34:52.060,22.627
2026-01-14 16:34:52.077,22.626
2026-01-14 16:34:52.092,22.642
2026-01-14 16:34:52.093,22.643
2026-01-14 16:34:52.109,22.656
2026-01-14 16:34:52.128,22.665
2026-01-14 16:34:52.143,22.687
2026-01-14 16:34:52.159,22.71
2026-01-14 16:34:52.176,22.729
2026-01-14 16:34:52.176,22.714
2026-01-14 16:34:52.193,22.785
2026-01-14 16:34:52.210,22.822
2026-01-14 16:34:52.226,22.848
2026-01-14 16:34:52.226,22.888
2026-01-14 16:34:52.252,22.856
2026-01-14 16:34:52.252,22.872
2026-01-14 16:34:52.277,22.889
2026-01-14 16:34:52.278,22.894
2026-01-14 16:34:52.293,22.91
2026-01-14 16:34:52.310,22.916
2026-01-14 16:34:52.311,22.934
2026-01-14 16:34:52.326,22.94
2026-01-14 16:34:52.343,22.935
2026-01-14 16:34:52.361,22.932
2026-01-14 16:34:52.361,22.914
2026-01-14 16:34:52.376,22.924
2026-01-14 16:34:52.393,22.948
2026-01-14 16:34:52.394,22.97
2026-01-14 16:34:52.410,22.996
2026-01-14 16:34:52.426,23.022
2026-01-14 16:34:52.443,23.046
2026-01-14 16:34:52.443,23.072
2026-01-14 16:34:52.460,23.106
2026-01-14 16:34:52.475,23.146
2026-01-14 16:34:52.492,23.143
2026-01-14 16:34:52.494,23.21
2026-01-14 16:34:52.507,23.258
2026-01-14 16:34:52.525,23.296
2026-01-14 16:34:52.526,23.324
2026-01-14 16:34:52.559,23.341
2026-01-14 16:34:52.576,23.34
2026-01-14 16:34:52.576,23.338
2026-01-14 16:34:52.592,23.348
2026-01-14 16:34:52.609,23.353
2026-01-14 16:34:52.610,23.369
2026-01-14 16:34:52.625,23.385
2026-01-14 16:34:52.642,23.412
2026-01-14 16:34:52.658,23.433
2026-01-14 16:34:52.659,23.446
2026-01-14 16:34:52.675,23.468
2026-01-14 16:34:52.693,23.472
2026-01-14 16:34:52.693,23.475
2026-01-14 16:34:52.709,23.481
2026-01-14 16:34:52.725,23.481
2026-01-14 16:34:52.742,23.493
2026-01-14 16:34:52.742,23.513
2026-01-14 16:34:52.760,23.535
2026-01-14 16:34:52.775,23.562
2026-01-14 16:34:52.793,23.579
2026-01-14 16:34:52.793,23.602
2026-01-14 16:34:52.811,23.624
2026-01-14 16:34:52.827,23.645
2026-01-14 16:34:52.827,23.678
2026-01-14 16:34:52.843,23.694
2026-01-14 16:34:52.860,23.714
2026-01-14 16:34:52.876,23.746
2026-01-14 16:34:52.877,23.769
2026-01-14 16:34:52.893,23.803
2026-01-14 16:34:52.910,23.821
2026-01-14 16:34:52.911,23.841
2026-01-14 16:34:52.926,23.857
2026-01-14 16:34:52.943,23.871
2026-01-14 16:34:52.960,23.884
2026-01-14 16:34:52.961,23.902
2026-01-14 16:34:52.976,23.909
2026-01-14 16:34:52.992,23.915
2026-01-14 16:34:52.993,23.916
2026-01-14 16:34:53.009,23.925
2026-01-14 16:34:53.026,23.943
2026-01-14 16:34:53.041,23.952
2026-01-14 16:34:53.042,23.959
2026-01-14 16:34:53.060,23.965
2026-01-14 16:34:53.076,23.963
2026-01-14 16:34:53.092,23.971
2026-01-14 16:34:53.092,23.989
2026-01-14 16:34:53.110,24.005
2026-01-14 16:34:53.126,24.024
2026-01-14 16:34:53.126,24.04
2026-01-14 16:34:53.143,24.043
2026-01-14 16:34:53.160,24.057
2026-01-14 16:34:53.177,24.059
2026-01-14 16:34:53.177,24.068
2026-01-14 16:34:53.193,24.08
2026-01-14 16:34:53.210,24.095
2026-01-14 16:34:53.226,24.117
2026-01-14 16:34:53.249,24.12
2026-01-14 16:34:53.249,24.122
2026-01-14 16:34:53.277,24.124
2026-01-14 16:34:53.278,24.187
2026-01-14 16:34:53.284,24.211
2026-01-14 16:34:53.310,24.213
2026-01-14 16:34:53.311,24.212
2026-01-14 16:34:53.343,24.198
2026-01-14 16:34:53.343,24.188
2026-01-14 16:34:53.361,24.209
2026-01-14 16:34:53.376,24.221
2026-01-14 16:34:53.377,24.234
2026-01-14 16:34:53.393,24.241
2026-01-14 16:34:53.410,24.239
2026-01-14 16:34:53.426,24.243
2026-01-14 16:34:53.427,24.254
2026-01-14 16:34:53.442,24.262
2026-01-14 16:34:53.460,24.276
2026-01-14 16:34:53.461,24.3
2026-01-14 16:34:53.476,24.323
2026-01-14 16:34:53.493,24.344
2026-01-14 16:34:53.509,24.368
2026-01-14 16:34:53.509,24.39
2026-01-14 16:34:53.526,24.418
2026-01-14 16:34:53.543,24.45
2026-01-14 16:34:53.545,24.491
2026-01-14 16:34:53.559,24.539
2026-01-14 16:34:53.576,24.613
2026-01-14 16:34:53.592,24.663
2026-01-14 16:34:53.609,24.7
2026-01-14 16:34:53.610,24.719
2026-01-14 16:34:53.626,24.728
2026-01-14 16:34:53.643,24.718
2026-01-14 16:34:53.643,24.709
2026-01-14 16:34:53.661,24.713
2026-01-14 16:34:53.676,24.724
2026-01-14 16:34:53.677,24.745
2026-01-14 16:34:53.693,24.776
2026-01-14 16:34:53.709,24.802
2026-01-14 16:34:53.726,24.822
2026-01-14 16:34:53.726,24.845
2026-01-14 16:34:53.742,24.857
2026-01-14 16:34:53.760,24.857
2026-01-14 16:34:53.761,24.847
2026-01-14 16:34:53.776,24.838
2026-01-14 16:34:53.793,24.839
2026-01-14 16:34:53.809,24.845
2026-01-14 16:34:53.809,24.857
2026-01-14 16:34:53.826,24.864
2026-01-14 16:34:53.842,24.879
2026-01-14 16:34:53.860,24.905
2026-01-14 16:34:53.860,24.924
2026-01-14 16:34:53.875,24.951
2026-01-14 16:34:53.892,24.978
2026-01-14 16:34:53.893,24.994
2026-01-14 16:34:53.908,25.01
2026-01-14 16:34:53.925,25.032
2026-01-14 16:34:53.942,25.05
2026-01-14 16:34:53.942,25.071
2026-01-14 16:34:53.958,25.094
2026-01-14 16:34:53.975,25.109
2026-01-14 16:34:53.976,25.134
2026-01-14 16:34:53.993,25.156
2026-01-14 16:34:54.009,25.168
2026-01-14 16:34:54.026,25.187
2026-01-14 16:34:54.026,25.201
2026-01-14 16:34:54.042,25.212
2026-01-14 16:34:54.057,25.226
2026-01-14 16:34:54.076,25.241
2026-01-14 16:34:54.092,25.259
2026-01-14 16:34:54.109,25.279
2026-01-14 16:34:54.110,25.294
2026-01-14 16:34:54.142,25.311
2026-01-14 16:34:54.160,25.311
2026-01-14 16:34:54.161,25.329
2026-01-14 16:34:54.176,25.445
2026-01-14 16:34:54.193,25.503
2026-01-14 16:34:54.193,25.508
2026-01-14 16:34:54.209,25.525
2026-01-14 16:34:54.227,25.54
2026-01-14 16:34:54.243,25.559
2026-01-14 16:34:54.243,25.582
2026-01-14 16:34:54.266,25.587
2026-01-14 16:34:54.266,25.574
2026-01-14 16:34:54.294,25.552
2026-01-14 16:34:54.295,25.528
2026-01-14 16:34:54.309,25.505
2026-01-14 16:34:54.325,25.497
2026-01-14 16:34:54.325,25.501
2026-01-14 16:34:54.342,25.503
2026-01-14 16:34:54.360,25.503
2026-01-14 16:34:54.361,25.493
2026-01-14 16:34:54.376,25.481
2026-01-14 16:34:54.392,25.468
2026-01-14 16:34:54.410,25.467
2026-01-14 16:34:54.411,25.469
2026-01-14 16:34:54.425,25.473
2026-01-14 16:34:54.443,25.488
2026-01-14 16:34:54.459,25.5
2026-01-14 16:34:54.459,25.508
2026-01-14 16:34:54.476,25.514
2026-01-14 16:34:54.493,25.527
2026-01-14 16:34:54.493,25.534
2026-01-14 16:34:54.509,25.541
2026-01-14 16:34:54.526,25.542
2026-01-14 16:34:54.543,25.546
2026-01-14 16:34:54.544,25.554
2026-01-14 16:34:54.558,25.565
2026-01-14 16:34:54.576,25.588
2026-01-14 16:34:54.577,25.603
2026-01-14 16:34:54.592,25.62
2026-01-14 16:34:54.651,25.642
2026-01-14 16:34:54.652,25.679
2026-01-14 16:34:54.652,25.715
2026-01-14 16:34:54.652,25.754
2026-01-14 16:34:54.677,25.797
2026-01-14 16:34:54.693,25.846
2026-01-14 16:34:54.709,25.89
2026-01-14 16:34:54.710,25.937
2026-01-14 16:34:54.742,25.972
2026-01-14 16:34:54.758,26.014
2026-01-14 16:34:54.758,26.04
2026-01-14 16:34:54.775,26.063
2026-01-14 16:34:54.793,26.081
2026-01-14 16:34:54.808,26.095
2026-01-14 16:34:54.826,26.109
2026-01-14 16:34:54.842,26.123
2026-01-14 16:34:54.858,26.146
2026-01-14 16:34:54.875,26.162
2026-01-14 16:34:54.876,26.183
2026-01-14 16:34:54.892,26.198
2026-01-14 16:34:54.908,26.216
2026-01-14 16:34:54.925,26.23
2026-01-14 16:34:54.926,26.249
2026-01-14 16:34:54.943,26.263
2026-01-14 16:34:54.958,26.278
2026-01-14 16:34:54.975,26.29
2026-01-14 16:34:54.976,26.311
2026-01-14 16:34:54.991,26.326
2026-01-14 16:34:55.009,26.339
2026-01-14 16:34:55.009,26.351
2026-01-14 16:34:55.026,26.367
2026-01-14 16:34:55.042,26.386
2026-01-14 16:34:55.058,26.394
2026-01-14 16:34:55.058,26.4
2026-01-14 16:34:55.074,26.404
2026-01-14 16:34:55.092,26.408
2026-01-14 16:34:55.107,26.42
2026-01-14 16:34:55.107,26.431
2026-01-14 16:34:55.124,26.439
2026-01-14 16:34:55.141,26.447
2026-01-14 16:34:55.142,26.454
2026-01-14 16:34:55.158,26.455
2026-01-14 16:34:55.174,26.466
2026-01-14 16:34:55.192,26.465
2026-01-14 16:34:55.192,26.46
2026-01-14 16:34:55.209,26.459
2026-01-14 16:34:55.225,26.455
2026-01-14 16:34:55.226,26.45
2026-01-14 16:34:55.248,26.452
2026-01-14 16:34:55.249,26.448
2026-01-14 16:34:55.275,26.435
2026-01-14 16:34:55.275,26.423
2026-01-14 16:34:55.292,26.412
2026-01-14 16:34:55.309,26.404
2026-01-14 16:34:55.309,26.396
2026-01-14 16:34:55.325,26.383
2026-01-14 16:34:55.342,26.381
2026-01-14 16:34:55.358,26.364
2026-01-14 16:34:55.358,26.363
2026-01-14 16:34:55.376,26.369
2026-01-14 16:34:55.392,26.352
2026-01-14 16:34:55.393,26.34
2026-01-14 16:34:55.408,26.334
2026-01-14 16:34:55.442,26.335
2026-01-14 16:34:55.443,26.318
2026-01-14 16:34:55.459,26.311
2026-01-14 16:34:55.476,26.313
2026-01-14 16:34:55.492,26.324
2026-01-14 16:34:55.493,26.321
2026-01-14 16:34:55.509,26.31
2026-01-14 16:34:55.527,26.318
2026-01-14 16:34:55.528,26.32
2026-01-14 16:34:55.542,26.326
2026-01-14 16:34:55.559,26.328
2026-01-14 16:34:55.576,26.32
2026-01-14 16:34:55.577,26.326
2026-01-14 16:34:55.593,26.322
2026-01-14 16:34:55.608,26.325
2026-01-14 16:34:55.609,26.322
2026-01-14 16:34:55.625,26.315
2026-01-14 16:34:55.642,26.308
2026-01-14 16:34:55.658,26.304
2026-01-14 16:34:55.676,26.301
2026-01-14 16:34:55.693,26.311
2026-01-14 16:34:55.694,26.321
2026-01-14 16:34:55.709,26.323
2026-01-14 16:34:55.725,26.326
2026-01-14 16:34:55.742,26.324
2026-01-14 16:34:55.742,26.326
2026-01-14 16:34:55.758,26.33
2026-01-14 16:34:55.775,26.338
2026-01-14 16:34:55.792,26.343
2026-01-14 16:34:55.792,26.342
2026-01-14 16:34:55.809,26.346
2026-01-14 16:34:55.825,26.345
2026-01-14 16:34:55.825,26.342
2026-01-14 16:34:55.842,26.342
2026-01-14 16:34:55.859,26.352
2026-01-14 16:34:55.875,26.354
2026-01-14 16:34:55.875,26.361
2026-01-14 16:34:55.893,26.371
2026-01-14 16:34:55.909,26.371
2026-01-14 16:34:55.909,26.364
2026-01-14 16:34:55.926,26.362
2026-01-14 16:34:55.941,26.368
2026-01-14 16:34:55.959,26.366
2026-01-14 16:34:55.959,26.364
2026-01-14 16:34:55.999,26.355
2026-01-14 16:34:56.001,26.361
2026-01-14 16:34:56.001,26.368
2026-01-14 16:34:56.011,26.377
2026-01-14 16:34:56.026,26.38
2026-01-14 16:34:56.044,26.393
2026-01-14 16:34:56.044,26.401
2026-01-14 16:34:56.059,26.393
2026-01-14 16:34:56.076,26.393
2026-01-14 16:34:56.077,26.4
2026-01-14 16:34:56.092,26.405
2026-01-14 16:34:56.110,26.407
2026-01-14 16:34:56.125,26.425
2026-01-14 16:34:56.125,26.426
2026-01-14 16:34:56.141,26.421
2026-01-14 16:34:56.160,26.416
2026-01-14 16:34:56.176,26.417
2026-01-14 16:34:56.177,26.428
2026-01-14 16:34:56.191,26.428
2026-01-14 16:34:56.209,26.423
2026-01-14 16:34:56.210,26.423
2026-01-14 16:34:56.226,26.423
2026-01-14 16:34:56.250,26.43
2026-01-14 16:34:56.250,26.433
2026-01-14 16:34:56.258,26.43
2026-01-14 16:34:56.276,26.426
2026-01-14 16:34:56.292,26.418
2026-01-14 16:34:56.308,26.425
2026-01-14 16:34:56.308,26.416
2026-01-14 16:34:56.327,26.404
2026-01-14 16:34:56.342,26.404
2026-01-14 16:34:56.342,26.407
2026-01-14 16:34:56.359,26.418
2026-01-14 16:34:56.376,26.416
2026-01-14 16:34:56.393,26.407
2026-01-14 16:34:56.393,26.405
2026-01-14 16:34:56.409,26.403
2026-01-14 16:34:56.427,26.395
2026-01-14 16:34:56.427,26.394
2026-01-14 16:34:56.443,26.381
2026-01-14 16:34:56.459,26.38
2026-01-14 16:34:56.476,26.371
2026-01-14 16:34:56.476,26.371
2026-01-14 16:34:56.492,26.366
2026-01-14 16:34:56.509,26.356
2026-01-14 16:34:56.509,26.353
2026-01-14 16:34:56.526,26.357
2026-01-14 16:34:56.542,26.357
2026-01-14 16:34:56.559,26.355
2026-01-14 16:34:56.560,26.345
2026-01-14 16:34:56.575,26.346
2026-01-14 16:34:56.592,26.347
2026-01-14 16:34:56.593,26.334
2026-01-14 16:34:56.609,26.34
2026-01-14 16:34:56.626,26.345
2026-01-14 16:34:56.641,26.348
2026-01-14 16:34:56.642,26.35
2026-01-14 16:34:56.659,26.368
2026-01-14 16:34:56.676,26.362
2026-01-14 16:34:56.692,26.358
2026-01-14 16:34:56.693,26.355
2026-01-14 16:34:56.709,26.361
2026-01-14 16:34:56.725,26.383
2026-01-14 16:34:56.726,26.378
2026-01-14 16:34:56.741,26.37
2026-01-14 16:34:56.760,26.375
2026-01-14 16:34:56.775,26.373
2026-01-14 16:34:56.791,26.375
2026-01-14 16:34:56.809,26.37
2026-01-14 16:34:56.810,26.367
2026-01-14 16:34:56.825,26.355
2026-01-14 16:34:56.841,26.353
2026-01-14 16:34:56.859,26.349
2026-01-14 16:34:56.860,26.34
2026-01-14 16:34:56.875,26.335
2026-01-14 16:34:56.892,26.325
2026-01-14 16:34:56.909,26.315
2026-01-14 16:34:56.909,26.303
2026-01-14 16:34:56.926,26.296
2026-01-14 16:34:56.943,26.29
2026-01-14 16:34:56.943,26.288
2026-01-14 16:34:56.958,26.275
2026-01-14 16:34:56.974,26.264
2026-01-14 16:34:56.990,26.254
2026-01-14 16:34:56.992,26.25
2026-01-14 16:34:57.007,26.239
2026-01-14 16:34:57.025,26.24
2026-01-14 16:34:57.026,26.239
2026-01-14 16:34:57.041,26.225
2026-01-14 16:34:57.058,26.218
2026-01-14 16:34:57.075,26.207
2026-01-14 16:34:57.075,26.202
2026-01-14 16:34:57.092,26.199
2026-01-14 16:34:57.107,26.205
2026-01-14 16:34:57.124,26.206
2026-01-14 16:34:57.125,26.212
2026-01-14 16:34:57.141,26.216
2026-01-14 16:34:57.158,26.218
2026-01-14 16:34:57.159,26.211
2026-01-14 16:34:57.175,26.208
2026-01-14 16:34:57.190,26.198
2026-01-14 16:34:57.209,26.193
2026-01-14 16:34:57.209,26.184
2026-01-14 16:34:57.226,26.167
2026-01-14 16:34:57.242,26.154
2026-01-14 16:34:57.242,26.145
2026-01-14 16:34:57.265,26.142
2026-01-14 16:34:57.265,26.137
2026-01-14 16:34:57.277,26.129
2026-01-14 16:34:57.290,26.119
2026-01-14 16:34:57.309,26.11
2026-01-14 16:34:57.325,26.11
2026-01-14 16:34:57.326,26.104
2026-01-14 16:34:57.385,26.098
2026-01-14 16:34:57.387,26.093
2026-01-14 16:34:57.387,26.092
2026-01-14 16:34:57.388,26.099
2026-01-14 16:34:57.410,26.103
2026-01-14 16:34:57.410,26.106
2026-01-14 16:34:57.426,26.112
2026-01-14 16:34:57.442,26.113
2026-01-14 16:34:57.459,26.114
2026-01-14 16:34:57.460,26.115
2026-01-14 16:34:57.475,26.108
2026-01-14 16:34:57.492,26.111
2026-01-14 16:34:57.493,26.112
2026-01-14 16:34:57.509,26.116
2026-01-14 16:34:57.525,26.117
2026-01-14 16:34:57.542,26.126
2026-01-14 16:34:57.542,26.132
2026-01-14 16:34:57.559,26.131
2026-01-14 16:34:57.576,26.123
2026-01-14 16:34:57.591,26.118
2026-01-14 16:34:57.592,26.117
2026-01-14 16:34:57.609,26.117
2026-01-14 16:34:57.625,26.107
2026-01-14 16:34:57.626,26.099
2026-01-14 16:34:57.641,26.091
2026-01-14 16:34:57.660,26.095
2026-01-14 16:34:57.661,26.086
2026-01-14 16:34:57.674,26.078
2026-01-14 16:34:57.691,26.072
2026-01-14 16:34:57.709,26.076
2026-01-14 16:34:57.709,26.075
2026-01-14 16:34:57.726,26.071
2026-01-14 16:34:57.742,26.075
2026-01-14 16:34:57.758,26.074
2026-01-14 16:34:57.759,26.085
2026-01-14 16:34:57.775,26.094
2026-01-14 16:34:57.791,26.089
2026-01-14 16:34:57.808,26.078
2026-01-14 16:34:57.809,26.073
2026-01-14 16:34:57.825,26.066
2026-01-14 16:34:57.842,26.079
2026-01-14 16:34:57.842,26.078
2026-01-14 16:34:57.859,26.078
2026-01-14 16:34:57.875,26.074
2026-01-14 16:34:57.892,26.064
2026-01-14 16:34:57.892,26.055
2026-01-14 16:34:57.908,26.044
2026-01-14 16:34:57.925,26.033
2026-01-14 16:34:57.926,26.032
2026-01-14 16:34:57.942,26.025
2026-01-14 16:34:57.959,26.027
2026-01-14 16:34:57.975,26.019
2026-01-14 16:34:57.976,26.007
2026-01-14 16:34:57.992,26.01
2026-01-14 16:34:58.009,26.004
2026-01-14 16:34:58.010,26.0
2026-01-14 16:34:58.025,25.99
2026-01-14 16:34:58.043,25.988
2026-01-14 16:34:58.058,25.983
2026-01-14 16:34:58.059,25.974
2026-01-14 16:34:58.074,25.969
2026-01-14 16:34:58.091,25.966
2026-01-14 16:34:58.109,25.962
2026-01-14 16:34:58.109,25.954
2026-01-14 16:34:58.125,25.949
2026-01-14 16:34:58.142,25.945
2026-01-14 16:34:58.142,25.938
2026-01-14 16:34:58.159,25.931
2026-01-14 16:34:58.176,25.925
2026-01-14 16:34:58.177,25.912
2026-01-14 16:34:58.191,25.909
2026-01-14 16:34:58.208,25.904
2026-01-14 16:34:58.225,25.901
2026-01-14 16:34:58.225,25.901
2026-01-14 16:34:58.241,25.899
2026-01-14 16:34:58.259,25.906
2026-01-14 16:34:58.282,25.905
2026-01-14 16:34:58.282,25.901
2026-01-14 16:34:58.296,25.892
2026-01-14 16:34:58.296,25.884
2026-01-14 16:34:58.310,25.895
2026-01-14 16:34:58.324,25.891
2026-01-14 16:34:58.342,25.888
2026-01-14 16:34:58.358,25.884
2026-01-14 16:34:58.359,25.885
2026-01-14 16:34:58.376,25.88
2026-01-14 16:34:58.391,25.878
2026-01-14 16:34:58.409,25.865
2026-01-14 16:34:58.409,25.86
2026-01-14 16:34:58.425,25.859
2026-01-14 16:34:58.441,25.858
2026-01-14 16:34:58.441,25.857
2026-01-14 16:34:58.459,25.852
2026-01-14 16:34:58.475,25.844
2026-01-14 16:34:58.491,25.839
2026-01-14 16:34:58.492,25.837
2026-01-14 16:34:58.509,25.836
2026-01-14 16:34:58.526,25.834
2026-01-14 16:34:58.526,25.829
2026-01-14 16:34:58.542,25.826
2026-01-14 16:34:58.560,25.83
2026-01-14 16:34:58.575,25.832
2026-01-14 16:34:58.576,25.829
2026-01-14 16:34:58.591,25.824
2026-01-14 16:34:58.610,25.82
2026-01-14 16:34:58.610,25.816
2026-01-14 16:34:58.625,25.821
2026-01-14 16:34:58.642,25.819
2026-01-14 16:34:58.659,25.814
2026-01-14 16:34:58.660,25.808
2026-01-14 16:34:58.674,25.806
2026-01-14 16:34:58.692,25.805
2026-01-14 16:34:58.693,25.802
2026-01-14 16:34:58.733,25.797
2026-01-14 16:34:58.734,25.793
2026-01-14 16:34:58.734,25.795
2026-01-14 16:34:58.743,25.786
2026-01-14 16:34:58.758,25.781
2026-01-14 16:34:58.775,25.782
2026-01-14 16:34:58.793,25.78
2026-01-14 16:34:58.793,25.784
2026-01-14 16:34:58.808,25.788
2026-01-14 16:34:58.824,25.78
2026-01-14 16:34:58.825,25.778
2026-01-14 16:34:58.841,25.771
2026-01-14 16:34:58.858,25.771
2026-01-14 16:34:58.875,25.774
2026-01-14 16:34:58.876,25.776
2026-01-14 16:34:58.891,25.774
2026-01-14 16:34:58.909,25.784
2026-01-14 16:34:58.909,25.793
2026-01-14 16:34:58.926,25.794
2026-01-14 16:34:58.942,25.816
2026-01-14 16:34:58.958,25.811
2026-01-14 16:34:58.959,25.806
2026-01-14 16:34:58.975,25.812
2026-01-14 16:34:58.992,25.809
2026-01-14 16:34:59.009,25.804
2026-01-14 16:34:59.009,25.797
2026-01-14 16:34:59.025,25.79
2026-01-14 16:34:59.041,25.784
2026-01-14 16:34:59.041,25.778
2026-01-14 16:34:59.059,25.767
2026-01-14 16:34:59.074,25.761
2026-01-14 16:34:59.091,25.753
2026-01-14 16:34:59.092,25.747
2026-01-14 16:34:59.107,25.745
2026-01-14 16:34:59.124,25.75
2026-01-14 16:34:59.124,25.748
2026-01-14 16:34:59.140,25.744
2026-01-14 16:34:59.159,25.747
2026-01-14 16:34:59.174,25.748
2026-01-14 16:34:59.175,25.738
2026-01-14 16:34:59.191,25.729
2026-01-14 16:34:59.209,25.721
2026-01-14 16:34:59.209,25.71
2026-01-14 16:34:59.226,25.71
2026-01-14 16:34:59.240,25.701
2026-01-14 16:34:59.263,25.689
2026-01-14 16:34:59.264,25.679
2026-01-14 16:34:59.273,25.671
2026-01-14 16:34:59.291,25.669
2026-01-14 16:34:59.308,25.654
2026-01-14 16:34:59.308,25.646
2026-01-14 16:34:59.324,25.634
2026-01-14 16:34:59.341,25.631
2026-01-14 16:34:59.341,25.627
2026-01-14 16:34:59.358,25.621
2026-01-14 16:34:59.374,25.618
2026-01-14 16:34:59.390,25.615
2026-01-14 16:34:59.391,25.61
2026-01-14 16:34:59.407,25.612
2026-01-14 16:34:59.423,25.626
2026-01-14 16:34:59.440,25.633
2026-01-14 16:34:59.440,25.628
2026-01-14 16:34:59.457,25.626
2026-01-14 16:34:59.474,25.634
2026-01-14 16:34:59.474,25.63
2026-01-14 16:34:59.491,25.625
2026-01-14 16:34:59.508,25.618
2026-01-14 16:34:59.509,25.615
2026-01-14 16:34:59.524,25.612
2026-01-14 16:34:59.541,25.601
2026-01-14 16:34:59.557,25.596
2026-01-14 16:34:59.558,25.589
2026-01-14 16:34:59.574,25.585
2026-01-14 16:34:59.590,25.581
2026-01-14 16:34:59.608,25.584
2026-01-14 16:34:59.608,25.579
2026-01-14 16:34:59.625,25.57
2026-01-14 16:34:59.641,25.561
2026-01-14 16:34:59.642,25.561
2026-01-14 16:34:59.658,25.558
2026-01-14 16:34:59.676,25.553
2026-01-14 16:34:59.692,25.545
2026-01-14 16:34:59.693,25.539
2026-01-14 16:34:59.708,25.532
2026-01-14 16:34:59.725,25.529
2026-01-14 16:34:59.726,25.531
2026-01-14 16:34:59.741,25.533
2026-01-14 16:34:59.759,25.535
2026-01-14 16:34:59.774,25.537
2026-01-14 16:34:59.774,25.537
2026-01-14 16:34:59.791,25.542
2026-01-14 16:34:59.809,25.545
2026-01-14 16:34:59.809,25.543
2026-01-14 16:34:59.824,25.542
2026-01-14 16:34:59.842,25.542
2026-01-14 16:34:59.857,25.555
2026-01-14 16:34:59.858,25.555
2026-01-14 16:34:59.874,25.547
2026-01-14 16:34:59.892,25.544
2026-01-14 16:34:59.892,25.538
2026-01-14 16:34:59.908,25.531
2026-01-14 16:34:59.926,25.539
2026-01-14 16:34:59.941,25.53
2026-01-14 16:34:59.942,25.529
2026-01-14 16:34:59.958,25.543
2026-01-14 16:34:59.975,25.538
2026-01-14 16:34:59.991,25.527
2026-01-14 16:34:59.991,25.516
2026-01-14 16:35:00.008,25.507
2026-01-14 16:35:00.024,25.505
2026-01-14 16:35:00.025,25.501
2026-01-14 16:35:00.040,25.502
2026-01-14 16:35:00.057,25.498
2026-01-14 16:35:00.074,25.489
2026-01-14 16:35:00.075,25.487
2026-01-14 16:35:00.109,25.483
2026-01-14 16:35:00.110,25.482
2026-01-14 16:35:00.110,25.477
2026-01-14 16:35:00.123,25.473
2026-01-14 16:35:00.139,25.465
2026-01-14 16:35:00.158,25.463
2026-01-14 16:35:00.158,25.461
2026-01-14 16:35:00.174,25.463
2026-01-14 16:35:00.191,25.459
2026-01-14 16:35:00.207,25.47
2026-01-14 16:35:00.207,25.469
2026-01-14 16:35:00.224,25.465
2026-01-14 16:35:00.242,25.468
2026-01-14 16:35:00.242,25.463
2026-01-14 16:35:00.257,25.458
2026-01-14 16:35:00.280,25.457
2026-01-14 16:35:00.280,25.451
2026-01-14 16:35:00.290,25.445
2026-01-14 16:35:00.308,25.445
2026-01-14 16:35:00.325,25.444
2026-01-14 16:35:00.325,25.444
2026-01-14 16:35:00.342,25.434
2026-01-14 16:35:00.358,25.427
2026-01-14 16:35:00.375,25.425
2026-01-14 16:35:00.376,25.418
2026-01-14 16:35:00.393,25.415
2026-01-14 16:35:00.409,25.415
2026-01-14 16:35:00.409,25.406
2026-01-14 16:35:00.425,25.41
2026-01-14 16:35:00.441,25.406
2026-01-14 16:35:00.458,25.408
2026-01-14 16:35:00.459,25.414
2026-01-14 16:35:00.475,25.415
2026-01-14 16:35:00.492,25.415
2026-01-14 16:35:00.508,25.407
2026-01-14 16:35:00.526,25.403
2026-01-14 16:35:00.541,25.397
2026-01-14 16:35:00.559,25.395
2026-01-14 16:35:00.575,25.396
2026-01-14 16:35:00.591,25.389
2026-01-14 16:35:00.592,25.39
2026-01-14 16:35:00.608,25.395
2026-01-14 16:35:00.624,25.392
2026-01-14 16:35:00.625,25.393
2026-01-14 16:35:00.641,25.391
2026-01-14 16:35:00.658,25.396
2026-01-14 16:35:00.675,25.402
2026-01-14 16:35:00.692,25.404
2026-01-14 16:35:00.710,25.4
2026-01-14 16:35:00.711,25.402
2026-01-14 16:35:00.725,25.395
2026-01-14 16:35:00.741,25.391
2026-01-14 16:35:00.758,25.385
2026-01-14 16:35:00.758,25.377
2026-01-14 16:35:00.775,25.376
2026-01-14 16:35:00.791,25.374
2026-01-14 16:35:00.808,25.38
2026-01-14 16:35:00.809,25.386
2026-01-14 16:35:00.825,25.391
2026-01-14 16:35:00.842,25.393
2026-01-14 16:35:00.842,25.388
2026-01-14 16:35:00.859,25.382
2026-01-14 16:35:00.874,25.382
2026-01-14 16:35:00.891,25.386
2026-01-14 16:35:00.892,25.386
2026-01-14 16:35:00.908,25.388
2026-01-14 16:35:00.924,25.383
2026-01-14 16:35:00.925,25.369
2026-01-14 16:35:00.941,25.371
2026-01-14 16:35:00.957,25.37
2026-01-14 16:35:00.975,25.369
2026-01-14 16:35:00.975,25.363
2026-01-14 16:35:00.991,25.362
2026-01-14 16:35:01.008,25.368
2026-01-14 16:35:01.009,25.371
2026-01-14 16:35:01.024,25.364
2026-01-14 16:35:01.041,25.357
2026-01-14 16:35:01.057,25.356
2026-01-14 16:35:01.057,25.344
2026-01-14 16:35:01.074,25.338
2026-01-14 16:35:01.091,25.337
2026-01-14 16:35:01.108,25.336
2026-01-14 16:35:01.108,25.344
2026-01-14 16:35:01.126,25.349
2026-01-14 16:35:01.142,25.341
2026-01-14 16:35:01.142,25.344
2026-01-14 16:35:01.159,25.354
2026-01-14 16:35:01.175,25.35
2026-01-14 16:35:01.191,25.351
2026-01-14 16:35:01.191,25.357
2026-01-14 16:35:01.208,25.352
2026-01-14 16:35:01.225,25.369
2026-01-14 16:35:01.226,25.376
2026-01-14 16:35:01.241,25.38
2026-01-14 16:35:01.265,25.383
2026-01-14 16:35:01.265,25.377
2026-01-14 16:35:01.274,25.374
2026-01-14 16:35:01.292,25.364
2026-01-14 16:35:01.308,25.363
2026-01-14 16:35:01.309,25.368
2026-01-14 16:35:01.324,25.371
2026-01-14 16:35:01.341,25.371
2026-01-14 16:35:01.357,25.363
2026-01-14 16:35:01.357,25.349
2026-01-14 16:35:01.374,25.344
2026-01-14 16:35:01.390,25.338
2026-01-14 16:35:01.407,25.345
2026-01-14 16:35:01.407,25.327
2026-01-14 16:35:01.424,25.314
2026-01-14 16:35:01.465,25.307
2026-01-14 16:35:01.465,25.302
2026-01-14 16:35:01.466,25.29
2026-01-14 16:35:01.466,25.278
2026-01-14 16:35:01.492,25.274
2026-01-14 16:35:01.492,25.27
2026-01-14 16:35:01.508,25.26
2026-01-14 16:35:01.524,25.249
2026-01-14 16:35:01.525,25.253
2026-01-14 16:35:01.541,25.25
2026-01-14 16:35:01.556,25.249
2026-01-14 16:35:01.573,25.249
2026-01-14 16:35:01.573,25.256
2026-01-14 16:35:01.590,25.251
2026-01-14 16:35:01.607,25.247
2026-01-14 16:35:01.624,25.243
2026-01-14 16:35:01.624,25.239
2026-01-14 16:35:01.640,25.243
2026-01-14 16:35:01.657,25.248
2026-01-14 16:35:01.657,25.235
2026-01-14 16:35:01.674,25.228
2026-01-14 16:35:01.691,25.228
2026-01-14 16:35:01.707,25.239
2026-01-14 16:35:01.707,25.237
2026-01-14 16:35:01.724,25.232
2026-01-14 16:35:01.741,25.233
2026-01-14 16:35:01.741,25.231
2026-01-14 16:35:01.758,25.228
2026-01-14 16:35:01.775,25.235
2026-01-14 16:35:01.791,25.237
2026-01-14 16:35:01.791,25.244
2026-01-14 16:35:01.808,25.246
2026-01-14 16:35:01.825,25.258
2026-01-14 16:35:01.825,25.26
2026-01-14 16:35:01.841,25.263
2026-01-14 16:35:01.859,25.261
2026-01-14 16:35:01.875,25.261
2026-01-14 16:35:01.875,25.26
2026-01-14 16:35:01.891,25.256
2026-01-14 16:35:01.907,25.266
2026-01-14 16:35:01.924,25.271
2026-01-14 16:35:01.925,25.272
2026-01-14 16:35:01.941,25.272
2026-01-14 16:35:01.958,25.269
2026-01-14 16:35:01.958,25.272
2026-01-14 16:35:01.975,25.277
2026-01-14 16:35:01.991,25.292
2026-01-14 16:35:02.008,25.302
2026-01-14 16:35:02.008,25.293
2026-01-14 16:35:02.024,25.288
2026-01-14 16:35:02.041,25.282
2026-01-14 16:35:02.042,25.28
2026-01-14 16:35:02.058,25.29
2026-01-14 16:35:02.075,25.284
2026-01-14 16:35:02.091,25.276
2026-01-14 16:35:02.091,25.269
2026-01-14 16:35:02.107,25.267
2026-01-14 16:35:02.124,25.272
2026-01-14 16:35:02.125,25.265
2026-01-14 16:35:02.140,25.262
2026-01-14 16:35:02.157,25.255
2026-01-14 16:35:02.174,25.249
2026-01-14 16:35:02.175,25.246
2026-01-14 16:35:02.190,25.253
2026-01-14 16:35:02.208,25.251
2026-01-14 16:35:02.209,25.25
2026-01-14 16:35:02.225,25.247
2026-01-14 16:35:02.240,25.24
2026-01-14 16:35:02.264,25.236
2026-01-14 16:35:02.265,25.234
2026-01-14 16:35:02.274,25.234
2026-01-14 16:35:02.292,25.241
2026-01-14 16:35:02.293,25.238
2026-01-14 16:35:02.307,25.238
2026-01-14 16:35:02.325,25.247
2026-01-14 16:35:02.340,25.255
2026-01-14 16:35:02.341,25.263
2026-01-14 16:35:02.356,25.281
2026-01-14 16:35:02.374,25.279
2026-01-14 16:35:02.391,25.272
2026-01-14 16:35:02.391,25.263
2026-01-14 16:35:02.407,25.255
2026-01-14 16:35:02.424,25.266
2026-01-14 16:35:02.425,25.26
2026-01-14 16:35:02.440,25.254
2026-01-14 16:35:02.458,25.251
2026-01-14 16:35:02.474,25.243
2026-01-14 16:35:02.474,25.239
2026-01-14 16:35:02.491,25.242
2026-01-14 16:35:02.508,25.249
2026-01-14 16:35:02.510,25.253
2026-01-14 16:35:02.524,25.255
2026-01-14 16:35:02.541,25.253
2026-01-14 16:35:02.558,25.255
2026-01-14 16:35:02.558,25.248
2026-01-14 16:35:02.574,25.242
2026-01-14 16:35:02.590,25.234
2026-01-14 16:35:02.607,25.226
2026-01-14 16:35:02.608,25.217
2026-01-14 16:35:02.625,25.218
2026-01-14 16:35:02.640,25.223
2026-01-14 16:35:02.640,25.236
2026-01-14 16:35:02.658,25.237
2026-01-14 16:35:02.674,25.226
2026-01-14 16:35:02.691,25.213
2026-01-14 16:35:02.691,25.203
2026-01-14 16:35:02.709,25.209
2026-01-14 16:35:02.725,25.21
2026-01-14 16:35:02.725,25.217
2026-01-14 16:35:02.742,25.207
2026-01-14 16:35:02.758,25.204
2026-01-14 16:35:02.774,25.206
2026-01-14 16:35:02.775,25.226
2026-01-14 16:35:02.790,25.224
2026-01-14 16:35:02.819,25.222
2026-01-14 16:35:02.820,25.22
2026-01-14 16:35:02.821,25.22
2026-01-14 16:35:02.832,25.213
2026-01-14 16:35:02.856,25.217
2026-01-14 16:35:02.858,25.224
2026-01-14 16:35:02.875,25.225
2026-01-14 16:35:02.892,25.231
2026-01-14 16:35:02.908,25.235
2026-01-14 16:35:02.908,25.235
2026-01-14 16:35:02.923,25.247
2026-01-14 16:35:02.940,25.248
2026-01-14 16:35:02.941,25.246
2026-01-14 16:35:02.958,25.247
2026-01-14 16:35:02.976,25.241
2026-01-14 16:35:02.977,25.238
2026-01-14 16:35:02.991,25.237
2026-01-14 16:35:03.009,25.227
2026-01-14 16:35:03.024,25.232
2026-01-14 16:35:03.025,25.232
2026-01-14 16:35:03.040,25.228
2026-01-14 16:35:03.057,25.222
2026-01-14 16:35:03.074,25.226
2026-01-14 16:35:03.075,25.228
2026-01-14 16:35:03.090,25.233
2026-01-14 16:35:03.109,25.244
2026-01-14 16:35:03.110,25.245
2026-01-14 16:35:03.124,25.247
2026-01-14 16:35:03.141,25.252
2026-01-14 16:35:03.158,25.254
2026-01-14 16:35:03.159,25.257
2026-01-14 16:35:03.173,25.253
2026-01-14 16:35:03.190,25.251
2026-01-14 16:35:03.208,25.251
2026-01-14 16:35:03.209,25.254
2026-01-14 16:35:03.224,25.253
2026-01-14 16:35:03.241,25.252
2026-01-14 16:35:03.241,25.251
2026-01-14 16:35:03.257,25.244
2026-01-14 16:35:03.279,25.237
2026-01-14 16:35:03.280,25.236
2026-01-14 16:35:03.290,25.234
2026-01-14 16:35:03.307,25.227
2026-01-14 16:35:03.323,25.233
2026-01-14 16:35:03.341,25.233
2026-01-14 16:35:03.341,25.238
2026-01-14 16:35:03.356,25.244
2026-01-14 16:35:03.375,25.245
2026-01-14 16:35:03.376,25.243
2026-01-14 16:35:03.390,25.234
2026-01-14 16:35:03.408,25.229
2026-01-14 16:35:03.409,25.223
2026-01-14 16:35:03.424,25.218
2026-01-14 16:35:03.441,25.212
2026-01-14 16:35:03.459,25.211
2026-01-14 16:35:03.459,25.213
2026-01-14 16:35:03.475,25.219
2026-01-14 16:35:03.491,25.228
2026-01-14 16:35:03.509,25.236
2026-01-14 16:35:03.509,25.233
2026-01-14 16:35:03.524,25.229
2026-01-14 16:35:03.541,25.234
2026-01-14 16:35:03.542,25.241
2026-01-14 16:35:03.558,25.243
2026-01-14 16:35:03.575,25.228
2026-01-14 16:35:03.576,25.229
2026-01-14 16:35:03.591,25.233
2026-01-14 16:35:03.608,25.234
2026-01-14 16:35:03.624,25.232
2026-01-14 16:35:03.625,25.237
2026-01-14 16:35:03.641,25.243
2026-01-14 16:35:03.657,25.239
2026-01-14 16:35:03.674,25.237
2026-01-14 16:35:03.674,25.235
2026-01-14 16:35:03.689,25.234
2026-01-14 16:35:03.708,25.234
2026-01-14 16:35:03.709,25.224
2026-01-14 16:35:03.725,25.216
2026-01-14 16:35:03.741,25.216
2026-01-14 16:35:03.758,25.222
2026-01-14 16:35:03.758,25.223
2026-01-14 16:35:03.775,25.22
2026-01-14 16:35:03.791,25.219
2026-01-14 16:35:03.807,25.233
2026-01-14 16:35:03.807,25.224
2026-01-14 16:35:03.823,25.212
2026-01-14 16:35:03.840,25.21
2026-01-14 16:35:03.840,25.211
2026-01-14 16:35:03.856,25.21
2026-01-14 16:35:03.873,25.213
2026-01-14 16:35:03.890,25.215
2026-01-14 16:35:03.891,25.216
2026-01-14 16:35:03.906,25.213
2026-01-14 16:35:03.922,25.217
2026-01-14 16:35:03.940,25.222
2026-01-14 16:35:03.940,25.235
2026-01-14 16:35:03.957,25.251
2026-01-14 16:35:03.974,25.261
2026-01-14 16:35:03.974,25.276
2026-01-14 16:35:03.990,25.279
2026-01-14 16:35:04.007,25.279
2026-01-14 16:35:04.025,25.289
2026-01-14 16:35:04.040,25.295
2026-01-14 16:35:04.058,25.298
2026-01-14 16:35:04.059,25.298
2026-01-14 16:35:04.073,25.308
2026-01-14 16:35:04.108,25.308
2026-01-14 16:35:04.108,25.312
2026-01-14 16:35:04.124,25.314
2026-01-14 16:35:04.141,25.313
2026-01-14 16:35:04.141,25.323
2026-01-14 16:35:04.204,25.333
2026-01-14 16:35:04.206,25.334
2026-01-14 16:35:04.206,25.331
2026-01-14 16:35:04.207,25.33
2026-01-14 16:35:04.207,25.33
2026-01-14 16:35:04.213,25.334
2026-01-14 16:35:04.241,25.338
2026-01-14 16:35:04.242,25.343
2026-01-14 16:35:04.258,25.349
2026-01-14 16:35:04.280,25.354
2026-01-14 16:35:04.280,25.353
2026-01-14 16:35:04.293,25.355
2026-01-14 16:35:04.307,25.358
2026-01-14 16:35:04.324,25.364
2026-01-14 16:35:04.324,25.363
2026-01-14 16:35:04.341,25.366
2026-01-14 16:35:04.357,25.361
2026-01-14 16:35:04.358,25.36
2026-01-14 16:35:04.375,25.367
2026-01-14 16:35:04.391,25.366
2026-01-14 16:35:04.392,25.36
2026-01-14 16:35:04.408,25.364
2026-01-14 16:35:04.423,25.363
2026-01-14 16:35:04.441,25.368
2026-01-14 16:35:04.441,25.366
2026-01-14 16:35:04.457,25.367
2026-01-14 16:35:04.476,25.365
2026-01-14 16:35:04.477,25.367
2026-01-14 16:35:04.490,25.368
2026-01-14 16:35:04.508,25.365
2026-01-14 16:35:04.524,25.365
2026-01-14 16:35:04.525,25.366
2026-01-14 16:35:04.541,25.373
2026-01-14 16:35:04.558,25.383
2026-01-14 16:35:04.574,25.387
2026-01-14 16:35:04.574,25.392
2026-01-14 16:35:04.590,25.392
2026-01-14 16:35:04.607,25.388
2026-01-14 16:35:04.609,25.379
2026-01-14 16:35:04.624,25.378
2026-01-14 16:35:04.641,25.368
2026-01-14 16:35:04.658,25.367
2026-01-14 16:35:04.659,25.368
2026-01-14 16:35:04.673,25.365
2026-01-14 16:35:04.693,25.364
2026-01-14 16:35:04.693,25.368
2026-01-14 16:35:04.708,25.374
2026-01-14 16:35:04.724,25.39
2026-01-14 16:35:04.740,25.407
2026-01-14 16:35:04.757,25.406
2026-01-14 16:35:04.758,25.414
2026-01-14 16:35:04.773,25.424
2026-01-14 16:35:04.790,25.428
2026-01-14 16:35:04.791,25.427
2026-01-14 16:35:04.808,25.426
2026-01-14 16:35:04.824,25.428
2026-01-14 16:35:04.825,25.43
2026-01-14 16:35:04.840,25.431
2026-01-14 16:35:04.858,25.429
2026-01-14 16:35:04.876,25.428
2026-01-14 16:35:04.877,25.434
2026-01-14 16:35:04.890,25.426
2026-01-14 16:35:04.906,25.431
2026-01-14 16:35:04.924,25.441
2026-01-14 16:35:04.924,25.445
2026-01-14 16:35:04.941,25.446
2026-01-14 16:35:04.957,25.446
2026-01-14 16:35:04.957,25.439
2026-01-14 16:35:04.973,25.44
2026-01-14 16:35:04.991,25.442
2026-01-14 16:35:05.007,25.45
2026-01-14 16:35:05.007,25.466
2026-01-14 16:35:05.024,25.476
2026-01-14 16:35:05.041,25.487
2026-01-14 16:35:05.042,25.496
2026-01-14 16:35:05.057,25.504
2026-01-14 16:35:05.074,25.512
2026-01-14 16:35:05.091,25.515
2026-01-14 16:35:05.108,25.524
2026-01-14 16:35:05.124,25.528
2026-01-14 16:35:05.125,25.527
2026-01-14 16:35:05.141,25.532
2026-01-14 16:35:05.158,25.535
2026-01-14 16:35:05.174,25.539
2026-01-14 16:35:05.174,25.54
2026-01-14 16:35:05.190,25.54
2026-01-14 16:35:05.208,25.542
2026-01-14 16:35:05.208,25.549
2026-01-14 16:35:05.224,25.549
2026-01-14 16:35:05.241,25.559
2026-01-14 16:35:05.257,25.567
2026-01-14 16:35:05.257,25.575
2026-01-14 16:35:05.279,25.579
2026-01-14 16:35:05.289,25.577
2026-01-14 16:35:05.308,25.575
2026-01-14 16:35:05.309,25.576
2026-01-14 16:35:05.324,25.58
2026-01-14 16:35:05.341,25.597
2026-01-14 16:35:05.341,25.614
2026-01-14 16:35:05.357,25.63
2026-01-14 16:35:05.374,25.635
2026-01-14 16:35:05.390,25.637
2026-01-14 16:35:05.390,25.636
2026-01-14 16:35:05.408,25.647
2026-01-14 16:35:05.424,25.659
2026-01-14 16:35:05.424,25.667
2026-01-14 16:35:05.441,25.668
2026-01-14 16:35:05.459,25.668
2026-01-14 16:35:05.474,25.667
2026-01-14 16:35:05.474,25.663
2026-01-14 16:35:05.489,25.663
2026-01-14 16:35:05.507,25.655
2026-01-14 16:35:05.547,25.649
2026-01-14 16:35:05.548,25.65
2026-01-14 16:35:05.548,25.648
2026-01-14 16:35:05.549,25.645
2026-01-14 16:35:05.559,25.642
2026-01-14 16:35:05.573,25.636
2026-01-14 16:35:05.591,25.638
2026-01-14 16:35:05.608,25.634
2026-01-14 16:35:05.609,25.633
2026-01-14 16:35:05.624,25.641
2026-01-14 16:35:05.641,25.652
2026-01-14 16:35:05.641,25.656
2026-01-14 16:35:05.658,25.667
2026-01-14 16:35:05.673,25.673
2026-01-14 16:35:05.691,25.68
2026-01-14 16:35:05.691,25.692
2026-01-14 16:35:05.707,25.698
2026-01-14 16:35:05.724,25.704
2026-01-14 16:35:05.724,25.701
2026-01-14 16:35:05.740,25.7
2026-01-14 16:35:05.758,25.704
2026-01-14 16:35:05.774,25.702
2026-01-14 16:35:05.775,25.705
2026-01-14 16:35:05.791,25.709
2026-01-14 16:35:05.807,25.709
2026-01-14 16:35:05.824,25.711
2026-01-14 16:35:05.825,25.708
2026-01-14 16:35:05.841,25.705
2026-01-14 16:35:05.858,25.7
2026-01-14 16:35:05.859,25.698
2026-01-14 16:35:05.880,25.695
2026-01-14 16:35:05.881,25.697
2026-01-14 16:35:05.892,25.695
2026-01-14 16:35:05.906,25.695
2026-01-14 16:35:05.922,25.697
2026-01-14 16:35:05.940,25.694
2026-01-14 16:35:05.941,25.694
2026-01-14 16:35:05.956,25.696
2026-01-14 16:35:05.973,25.691
2026-01-14 16:35:05.989,25.694
2026-01-14 16:35:05.990,25.7
2026-01-14 16:35:06.007,25.7
2026-01-14 16:35:06.024,25.717
2026-01-14 16:35:06.040,25.726
2026-01-14 16:35:06.041,25.733
2026-01-14 16:35:06.057,25.737
2026-01-14 16:35:06.074,25.753
2026-01-14 16:35:06.074,25.761
2026-01-14 16:35:06.090,25.774
2026-01-14 16:35:06.106,25.784
2026-01-14 16:35:06.123,25.794
2026-01-14 16:35:06.123,25.8
2026-01-14 16:35:06.139,25.81
2026-01-14 16:35:06.156,25.825
2026-01-14 16:35:06.156,25.832
2026-01-14 16:35:06.173,25.839
2026-01-14 16:35:06.190,25.842
2026-01-14 16:35:06.206,25.847
2026-01-14 16:35:06.207,25.852
2026-01-14 16:35:06.223,25.854
2026-01-14 16:35:06.240,25.863
2026-01-14 16:35:06.256,25.866
2026-01-14 16:35:06.257,25.867
2026-01-14 16:35:06.280,25.868
2026-01-14 16:35:06.281,25.867
2026-01-14 16:35:06.290,25.864
2026-01-14 16:35:06.306,25.863
2026-01-14 16:35:06.323,25.865
2026-01-14 16:35:06.339,25.864
2026-01-14 16:35:06.339,25.863
2026-01-14 16:35:06.356,25.857
2026-01-14 16:35:06.373,25.859
2026-01-14 16:35:06.373,25.859
2026-01-14 16:35:06.389,25.863
2026-01-14 16:35:06.407,25.875
2026-01-14 16:35:06.424,25.895
2026-01-14 16:35:06.424,25.914
2026-01-14 16:35:06.441,25.931
2026-01-14 16:35:06.456,25.941
2026-01-14 16:35:06.457,25.944
2026-01-14 16:35:06.473,25.944
2026-01-14 16:35:06.490,25.951
2026-01-14 16:35:06.507,25.955
2026-01-14 16:35:06.507,25.965
2026-01-14 16:35:06.523,25.974
2026-01-14 16:35:06.540,25.987
2026-01-14 16:35:06.540,25.99
2026-01-14 16:35:06.556,25.99
2026-01-14 16:35:06.573,25.987
2026-01-14 16:35:06.590,25.985
2026-01-14 16:35:06.590,25.984
2026-01-14 16:35:06.607,25.988
2026-01-14 16:35:06.623,25.986
2026-01-14 16:35:06.624,25.981
2026-01-14 16:35:06.639,25.98
2026-01-14 16:35:06.656,25.979
2026-01-14 16:35:06.672,25.983
2026-01-14 16:35:06.673,25.983
2026-01-14 16:35:06.689,25.977
2026-01-14 16:35:06.706,25.976
2026-01-14 16:35:06.722,25.98
2026-01-14 16:35:06.722,25.986
2026-01-14 16:35:06.741,25.991
2026-01-14 16:35:06.756,25.997
2026-01-14 16:35:06.757,26.0
2026-01-14 16:35:06.774,25.997
2026-01-14 16:35:06.791,25.996
2026-01-14 16:35:06.807,25.995
2026-01-14 16:35:06.807,25.988
2026-01-14 16:35:06.824,25.981
2026-01-14 16:35:06.840,25.979
2026-01-14 16:35:06.840,25.974
2026-01-14 16:35:06.857,25.976
2026-01-14 16:35:06.875,25.973
2026-01-14 16:35:06.915,25.976
2026-01-14 16:35:06.916,25.975
2026-01-14 16:35:06.917,25.969
2026-01-14 16:35:06.917,25.964
2026-01-14 16:35:06.925,25.971
2026-01-14 16:35:06.939,25.974
2026-01-14 16:35:06.956,25.979
2026-01-14 16:35:06.974,25.978
2026-01-14 16:35:06.975,26.001
2026-01-14 16:35:06.990,25.997
2026-01-14 16:35:07.007,26.003
2026-01-14 16:35:07.008,26.009
2026-01-14 16:35:07.023,26.011
2026-01-14 16:35:07.040,26.021
2026-01-14 16:35:07.057,26.021
2026-01-14 16:35:07.058,26.016
2026-01-14 16:35:07.074,26.018
2026-01-14 16:35:07.090,26.017
2026-01-14 16:35:07.107,26.033
2026-01-14 16:35:07.108,26.044
2026-01-14 16:35:07.124,26.043
2026-01-14 16:35:07.140,26.054
2026-01-14 16:35:07.141,26.061
2026-01-14 16:35:07.157,26.065
2026-01-14 16:35:07.174,26.073
2026-01-14 16:35:07.191,26.078
2026-01-14 16:35:07.191,26.093
2026-01-14 16:35:07.206,26.1
2026-01-14 16:35:07.223,26.109
2026-01-14 16:35:07.241,26.116
2026-01-14 16:35:07.242,26.128
2026-01-14 16:35:07.256,26.141
2026-01-14 16:35:07.282,26.147
2026-01-14 16:35:07.283,26.147
2026-01-14 16:35:07.294,26.156
2026-01-14 16:35:07.306,26.156
2026-01-14 16:35:07.324,26.165
2026-01-14 16:35:07.324,26.169
2026-01-14 16:35:07.341,26.178
2026-01-14 16:35:07.356,26.186
2026-01-14 16:35:07.357,26.194
2026-01-14 16:35:07.373,26.205
2026-01-14 16:35:07.391,26.223
2026-01-14 16:35:07.406,26.232
2026-01-14 16:35:07.407,26.235
2026-01-14 16:35:07.424,26.241
2026-01-14 16:35:07.440,26.251
2026-01-14 16:35:07.440,26.256
2026-01-14 16:35:07.457,26.264
2026-01-14 16:35:07.474,26.278
2026-01-14 16:35:07.490,26.291
2026-01-14 16:35:07.491,26.301
2026-01-14 16:35:07.507,26.308
2026-01-14 16:35:07.524,26.309
2026-01-14 16:35:07.525,26.312
2026-01-14 16:35:07.540,26.31
2026-01-14 16:35:07.557,26.307
2026-01-14 16:35:07.574,26.302
2026-01-14 16:35:07.575,26.305
2026-01-14 16:35:07.590,26.317
2026-01-14 16:35:07.605,26.322
2026-01-14 16:35:07.625,26.333
2026-01-14 16:35:07.626,26.34
2026-01-14 16:35:07.641,26.341
2026-01-14 16:35:07.656,26.344
2026-01-14 16:35:07.657,26.347
2026-01-14 16:35:07.673,26.352
2026-01-14 16:35:07.689,26.35
2026-01-14 16:35:07.706,26.346
2026-01-14 16:35:07.707,26.34
2026-01-14 16:35:07.724,26.34
2026-01-14 16:35:07.740,26.335
2026-01-14 16:35:07.740,26.325
2026-01-14 16:35:07.757,26.325
2026-01-14 16:35:07.774,26.325
2026-01-14 16:35:07.790,26.319
2026-01-14 16:35:07.790,26.32
2026-01-14 16:35:07.807,26.316
2026-01-14 16:35:07.823,26.314
2026-01-14 16:35:07.840,26.314
2026-01-14 16:35:07.841,26.312
2026-01-14 16:35:07.857,26.314
2026-01-14 16:35:07.873,26.308
2026-01-14 16:35:07.874,26.304
2026-01-14 16:35:07.889,26.305
2026-01-14 16:35:07.909,26.299
2026-01-14 16:35:07.910,26.298
2026-01-14 16:35:07.923,26.301
2026-01-14 16:35:07.940,26.298
2026-01-14 16:35:07.957,26.299
2026-01-14 16:35:07.957,26.296
2026-01-14 16:35:07.974,26.311
2026-01-14 16:35:07.990,26.305
2026-01-14 16:35:08.006,26.308
2026-01-14 16:35:08.007,26.31
2026-01-14 16:35:08.023,26.308
2026-01-14 16:35:08.039,26.319
2026-01-14 16:35:08.041,26.316
2026-01-14 16:35:08.056,26.315
2026-01-14 16:35:08.074,26.32
2026-01-14 16:35:08.090,26.328
2026-01-14 16:35:08.090,26.338
2026-01-14 16:35:08.106,26.345
2026-01-14 16:35:08.123,26.339
2026-01-14 16:35:08.124,26.342
2026-01-14 16:35:08.158,26.345
2026-01-14 16:35:08.174,26.345
2026-01-14 16:35:08.174,26.349
2026-01-14 16:35:08.208,26.365
2026-01-14 16:35:08.209,26.375
2026-01-14 16:35:08.224,26.378
2026-01-14 16:35:08.240,26.381
2026-01-14 16:35:08.275,26.387
2026-01-14 16:35:08.276,26.399
2026-01-14 16:35:08.276,26.41
2026-01-14 16:35:08.294,26.415
2026-01-14 16:35:08.294,26.423
2026-01-14 16:35:08.307,26.431
2026-01-14 16:35:08.323,26.443
2026-01-14 16:35:08.338,26.447
2026-01-14 16:35:08.355,26.462
2026-01-14 16:35:08.357,26.468
2026-01-14 16:35:08.372,26.483
2026-01-14 16:35:08.390,26.493
2026-01-14 16:35:08.390,26.502
2026-01-14 16:35:08.406,26.517
2026-01-14 16:35:08.423,26.527
2026-01-14 16:35:08.439,26.54
2026-01-14 16:35:08.439,26.55
2026-01-14 16:35:08.456,26.563
2026-01-14 16:35:08.473,26.571
2026-01-14 16:35:08.473,26.581
2026-01-14 16:35:08.489,26.591
2026-01-14 16:35:08.506,26.605
2026-01-14 16:35:08.524,26.612
2026-01-14 16:35:08.524,26.617
2026-01-14 16:35:08.540,26.618
2026-01-14 16:35:08.557,26.627
2026-01-14 16:35:08.557,26.647
2026-01-14 16:35:08.572,26.663
2026-01-14 16:35:08.589,26.676
2026-01-14 16:35:08.607,26.689
2026-01-14 16:35:08.607,26.693
2026-01-14 16:35:08.624,26.705
2026-01-14 16:35:08.641,26.712
2026-01-14 16:35:08.641,26.719
2026-01-14 16:35:08.657,26.73
2026-01-14 16:35:08.675,26.743
2026-01-14 16:35:08.689,26.748
2026-01-14 16:35:08.691,26.759
2026-01-14 16:35:08.707,26.766
2026-01-14 16:35:08.724,26.772
2026-01-14 16:35:08.725,26.775
2026-01-14 16:35:08.740,26.77
2026-01-14 16:35:08.757,26.775
2026-01-14 16:35:08.774,26.776
2026-01-14 16:35:08.774,26.775
2026-01-14 16:35:08.789,26.776
2026-01-14 16:35:08.808,26.781
2026-01-14 16:35:08.809,26.784
2026-01-14 16:35:08.823,26.78
2026-01-14 16:35:08.840,26.777
2026-01-14 16:35:08.857,26.775
2026-01-14 16:35:08.857,26.769
2026-01-14 16:35:08.872,26.769
2026-01-14 16:35:08.889,26.768
2026-01-14 16:35:08.907,26.769
2026-01-14 16:35:08.908,26.767
2026-01-14 16:35:08.924,26.761
2026-01-14 16:35:08.940,26.761
2026-01-14 16:35:08.941,26.753
2026-01-14 16:35:08.956,26.753
2026-01-14 16:35:08.974,26.756
2026-01-14 16:35:08.990,26.75
2026-01-14 16:35:08.990,26.743
2026-01-14 16:35:09.007,26.737
2026-01-14 16:35:09.022,26.734
2026-01-14 16:35:09.040,26.738
2026-01-14 16:35:09.041,26.736
2026-01-14 16:35:09.057,26.746
2026-01-14 16:35:09.073,26.749
2026-01-14 16:35:09.073,26.752
2026-01-14 16:35:09.109,26.756
2026-01-14 16:35:09.109,26.773
2026-01-14 16:35:09.124,26.78
2026-01-14 16:35:09.138,26.787
2026-01-14 16:35:09.155,26.793
2026-01-14 16:35:09.173,26.798
2026-01-14 16:35:09.174,26.81
2026-01-14 16:35:09.189,26.817
2026-01-14 16:35:09.207,26.82
2026-01-14 16:35:09.208,26.822
2026-01-14 16:35:09.240,26.823
2026-01-14 16:35:09.241,26.829
2026-01-14 16:35:09.264,26.831
2026-01-14 16:35:09.265,26.832
2026-01-14 16:35:09.290,26.835
2026-01-14 16:35:09.291,26.845
2026-01-14 16:35:09.308,26.848
2026-01-14 16:35:09.324,26.85
2026-01-14 16:35:09.340,26.855
2026-01-14 16:35:09.341,26.862
2026-01-14 16:35:09.357,26.869
2026-01-14 16:35:09.373,26.878
2026-01-14 16:35:09.373,26.883
2026-01-14 16:35:09.389,26.887
2026-01-14 16:35:09.407,26.889
2026-01-14 16:35:09.409,26.891
2026-01-14 16:35:09.423,26.903
2026-01-14 16:35:09.441,26.906
2026-01-14 16:35:09.457,26.915
2026-01-14 16:35:09.457,26.924
2026-01-14 16:35:09.474,26.934
2026-01-14 16:35:09.490,26.946
2026-01-14 16:35:09.506,26.96
2026-01-14 16:35:09.506,26.962
2026-01-14 16:35:09.524,26.973
2026-01-14 16:35:09.540,26.998
2026-01-14 16:35:09.541,27.014
2026-01-14 16:35:09.557,27.017
2026-01-14 16:35:09.574,27.033
2026-01-14 16:35:09.590,27.045
2026-01-14 16:35:09.590,27.064
2026-01-14 16:35:09.606,27.075
2026-01-14 16:35:09.642,27.092
2026-01-14 16:35:09.643,27.096
2026-01-14 16:35:09.643,27.111
2026-01-14 16:35:09.655,27.132
2026-01-14 16:35:09.672,27.137
2026-01-14 16:35:09.673,27.154
2026-01-14 16:35:09.689,27.176
2026-01-14 16:35:09.706,27.191
2026-01-14 16:35:09.722,27.214
2026-01-14 16:35:09.723,27.231
2026-01-14 16:35:09.739,27.258
2026-01-14 16:35:09.756,27.272
2026-01-14 16:35:09.772,27.288
2026-01-14 16:35:09.788,27.301
2026-01-14 16:35:09.805,27.339
2026-01-14 16:35:09.805,27.35
2026-01-14 16:35:09.822,27.363
2026-01-14 16:35:09.838,27.382
2026-01-14 16:35:09.855,27.387
2026-01-14 16:35:09.856,27.401
2026-01-14 16:35:09.872,27.412
2026-01-14 16:35:09.889,27.42
2026-01-14 16:35:09.890,27.436
2026-01-14 16:35:09.906,27.435
2026-01-14 16:35:09.922,27.439
2026-01-14 16:35:09.940,27.444
2026-01-14 16:35:09.941,27.448
2026-01-14 16:35:09.957,27.45
2026-01-14 16:35:09.972,27.444
2026-01-14 16:35:09.973,27.439
2026-01-14 16:35:09.990,27.435
2026-01-14 16:35:10.006,27.433
2026-01-14 16:35:10.024,27.437
2026-01-14 16:35:10.025,27.436
2026-01-14 16:35:10.039,27.441
2026-01-14 16:35:10.059,27.444
2026-01-14 16:35:10.060,27.447
2026-01-14 16:35:10.072,27.443
2026-01-14 16:35:10.089,27.437
2026-01-14 16:35:10.106,27.43
2026-01-14 16:35:10.106,27.425
2026-01-14 16:35:10.124,27.426
2026-01-14 16:35:10.140,27.427
2026-01-14 16:35:10.140,27.415
2026-01-14 16:35:10.157,27.417
2026-01-14 16:35:10.173,27.403
2026-01-14 16:35:10.189,27.404
2026-01-14 16:35:10.190,27.408
2026-01-14 16:35:10.207,27.397
2026-01-14 16:35:10.223,27.391
2026-01-14 16:35:10.240,27.395
2026-01-14 16:35:10.240,27.399
2026-01-14 16:35:10.257,27.405
2026-01-14 16:35:10.281,27.405
2026-01-14 16:35:10.282,27.408
2026-01-14 16:35:10.289,27.406
2026-01-14 16:35:10.306,27.412
2026-01-14 16:35:10.322,27.42
2026-01-14 16:35:10.324,27.421
2026-01-14 16:35:10.341,27.419
2026-01-14 16:35:10.356,27.428
2026-01-14 16:35:10.356,27.432
2026-01-14 16:35:10.372,27.441
2026-01-14 16:35:10.389,27.443
2026-01-14 16:35:10.407,27.445
2026-01-14 16:35:10.407,27.451
2026-01-14 16:35:10.423,27.46
2026-01-14 16:35:10.439,27.458
2026-01-14 16:35:10.457,27.454
2026-01-14 16:35:10.459,27.459
2026-01-14 16:35:10.473,27.461
2026-01-14 16:35:10.490,27.454
2026-01-14 16:35:10.491,27.459
2026-01-14 16:35:10.506,27.468
2026-01-14 16:35:10.523,27.468
2026-01-14 16:35:10.524,27.478
2026-01-14 16:35:10.540,27.489
2026-01-14 16:35:10.557,27.495
2026-01-14 16:35:10.571,27.506
2026-01-14 16:35:10.573,27.511
2026-01-14 16:35:10.588,27.515
2026-01-14 16:35:10.605,27.527
2026-01-14 16:35:10.622,27.532
2026-01-14 16:35:10.623,27.542
2026-01-14 16:35:10.639,27.545
2026-01-14 16:35:10.656,27.557
2026-01-14 16:35:10.657,27.564
2026-01-14 16:35:10.671,27.586
2026-01-14 16:35:10.689,27.597
2026-01-14 16:35:10.706,27.607
2026-01-14 16:35:10.707,27.614
2026-01-14 16:35:10.722,27.619
2026-01-14 16:35:10.740,27.636
2026-01-14 16:35:10.740,27.644
2026-01-14 16:35:10.756,27.651
2026-01-14 16:35:10.772,27.666
2026-01-14 16:35:10.789,27.667
2026-01-14 16:35:10.789,27.684
2026-01-14 16:35:10.805,27.683
2026-01-14 16:35:10.822,27.702
2026-01-14 16:35:10.839,27.723
2026-01-14 16:35:10.840,27.741
2026-01-14 16:35:10.856,27.76
2026-01-14 16:35:10.873,27.78
2026-01-14 16:35:10.873,27.789
2026-01-14 16:35:10.888,27.806
2026-01-14 16:35:10.906,27.82
2026-01-14 16:35:10.922,27.838
2026-01-14 16:35:10.922,27.852
2026-01-14 16:35:10.939,27.872
2026-01-14 16:35:10.955,27.894
2026-01-14 16:35:10.957,27.911
2026-01-14 16:35:10.998,27.916
2026-01-14 16:35:10.998,27.928
2026-01-14 16:35:10.999,27.938
2026-01-14 16:35:11.007,27.95
2026-01-14 16:35:11.022,27.962
2026-01-14 16:35:11.039,27.972
2026-01-14 16:35:11.056,27.975
2026-01-14 16:35:11.057,27.978
2026-01-14 16:35:11.073,27.982
2026-01-14 16:35:11.089,27.984
2026-01-14 16:35:11.090,27.994
2026-01-14 16:35:11.106,28.002
2026-01-14 16:35:11.122,27.996
2026-01-14 16:35:11.139,27.995
2026-01-14 16:35:11.139,27.992
2026-01-14 16:35:11.156,27.985
2026-01-14 16:35:11.172,27.981
2026-01-14 16:35:11.173,27.975
2026-01-14 16:35:11.189,27.968
2026-01-14 16:35:11.206,27.967
2026-01-14 16:35:11.222,27.969
2026-01-14 16:35:11.223,27.963
2026-01-14 16:35:11.239,27.953
2026-01-14 16:35:11.255,27.95
2026-01-14 16:35:11.256,27.939
2026-01-14 16:35:11.277,27.943
2026-01-14 16:35:11.289,27.933
2026-01-14 16:35:11.293,27.923
2026-01-14 16:35:11.305,27.919
2026-01-14 16:35:11.322,27.904
2026-01-14 16:35:11.338,27.91
2026-01-14 16:35:11.356,27.894
2026-01-14 16:35:11.356,27.908
2026-01-14 16:35:11.372,27.9
2026-01-14 16:35:11.389,27.894
2026-01-14 16:35:11.389,27.895
2026-01-14 16:35:11.405,27.884
2026-01-14 16:35:11.422,27.888
2026-01-14 16:35:11.439,27.876
2026-01-14 16:35:11.439,27.865
2026-01-14 16:35:11.456,27.868
2026-01-14 16:35:11.472,27.86
2026-01-14 16:35:11.473,27.871
2026-01-14 16:35:11.489,27.86
2026-01-14 16:35:11.506,27.855
2026-01-14 16:35:11.522,27.852
2026-01-14 16:35:11.522,27.846
2026-01-14 16:35:11.539,27.858
2026-01-14 16:35:11.555,27.854
2026-01-14 16:35:11.556,27.859
2026-01-14 16:35:11.572,27.855
2026-01-14 16:35:11.589,27.846
2026-01-14 16:35:11.605,27.845
2026-01-14 16:35:11.606,27.846
2026-01-14 16:35:11.621,27.848
2026-01-14 16:35:11.639,27.844
2026-01-14 16:35:11.655,27.845
2026-01-14 16:35:11.655,27.844
2026-01-14 16:35:11.672,27.85
2026-01-14 16:35:11.689,27.851
2026-01-14 16:35:11.689,27.854
2026-01-14 16:35:11.705,27.864
2026-01-14 16:35:11.723,27.87
2026-01-14 16:35:11.739,27.878
2026-01-14 16:35:11.740,27.878
2026-01-14 16:35:11.756,27.878
2026-01-14 16:35:11.772,27.886
2026-01-14 16:35:11.773,27.886
2026-01-14 16:35:11.789,27.892
2026-01-14 16:35:11.806,27.883
2026-01-14 16:35:11.823,27.891
2026-01-14 16:35:11.824,27.889
2026-01-14 16:35:11.839,27.901
2026-01-14 16:35:11.856,27.906
2026-01-14 16:35:11.856,27.921
2026-01-14 16:35:11.873,27.924
2026-01-14 16:35:11.889,27.936
2026-01-14 16:35:11.907,27.952
2026-01-14 16:35:11.907,27.953
2026-01-14 16:35:11.922,27.959
2026-01-14 16:35:11.940,27.959
2026-01-14 16:35:11.940,27.959
2026-01-14 16:35:11.955,27.974
2026-01-14 16:35:11.973,27.969
2026-01-14 16:35:11.989,27.97
2026-01-14 16:35:11.990,27.97
2026-01-14 16:35:12.024,27.973
2026-01-14 16:35:12.025,28.001
2026-01-14 16:35:12.040,28.011
2026-01-14 16:35:12.056,28.026
2026-01-14 16:35:12.073,28.031
2026-01-14 16:35:12.073,28.049
2026-01-14 16:35:12.089,28.044
2026-01-14 16:35:12.107,28.048
2026-01-14 16:35:12.108,28.05
2026-01-14 16:35:12.123,28.047
2026-01-14 16:35:12.139,28.044
2026-01-14 16:35:12.155,28.042
2026-01-14 16:35:12.174,28.033
2026-01-14 16:35:12.175,28.033
2026-01-14 16:35:12.189,28.028
2026-01-14 16:35:12.205,28.024
2026-01-14 16:35:12.206,28.029
2026-01-14 16:35:12.224,28.04
2026-01-14 16:35:12.240,28.043
2026-01-14 16:35:12.240,28.056
2026-01-14 16:35:12.256,28.066
2026-01-14 16:35:12.273,28.081
2026-01-14 16:35:12.297,28.087
2026-01-14 16:35:12.298,28.09
2026-01-14 16:35:12.305,28.083
2026-01-14 16:35:12.323,28.084
2026-01-14 16:35:12.339,28.07
2026-01-14 16:35:12.340,28.048
2026-01-14 16:35:12.367,28.038
2026-01-14 16:35:12.369,28.015
2026-01-14 16:35:12.378,28.008
2026-01-14 16:35:12.388,28.004
2026-01-14 16:35:12.407,27.977
2026-01-14 16:35:12.422,27.968
2026-01-14 16:35:12.422,27.946
2026-01-14 16:35:12.440,27.959
2026-01-14 16:35:12.456,27.934
2026-01-14 16:35:12.457,27.915
2026-01-14 16:35:12.474,27.885
2026-01-14 16:35:12.490,27.866
2026-01-14 16:35:12.506,27.864
2026-01-14 16:35:12.506,27.862
2026-01-14 16:35:12.523,27.841
2026-01-14 16:35:12.540,27.835
2026-01-14 16:35:12.556,27.815
2026-01-14 16:35:12.556,27.833
2026-01-14 16:35:12.573,27.817
2026-01-14 16:35:12.589,27.813
2026-01-14 16:35:12.590,27.808
2026-01-14 16:35:12.605,27.798
2026-01-14 16:35:12.622,27.805
2026-01-14 16:35:12.639,27.789
2026-01-14 16:35:12.640,27.775
2026-01-14 16:35:12.657,27.766
2026-01-14 16:35:12.673,27.769
2026-01-14 16:35:12.673,27.765
2026-01-14 16:35:12.689,27.759
2026-01-14 16:35:12.706,27.761
2026-01-14 16:35:12.730,27.768
2026-01-14 16:35:12.730,27.77
2026-01-14 16:35:12.739,27.772
2026-01-14 16:35:12.756,27.777
2026-01-14 16:35:12.772,27.776
2026-01-14 16:35:12.772,27.772
2026-01-14 16:35:12.788,27.771
2026-01-14 16:35:12.806,27.771
2026-01-14 16:35:12.806,27.768
2026-01-14 16:35:12.821,27.767
2026-01-14 16:35:12.838,27.773
2026-01-14 16:35:12.855,27.778
2026-01-14 16:35:12.855,27.784
2026-01-14 16:35:12.871,27.78
2026-01-14 16:35:12.889,27.77
2026-01-14 16:35:12.889,27.76
2026-01-14 16:35:12.906,27.748
2026-01-14 16:35:12.923,27.746
2026-01-14 16:35:12.939,27.74
2026-01-14 16:35:12.940,27.725
2026-01-14 16:35:12.955,27.707
2026-01-14 16:35:12.972,27.685
2026-01-14 16:35:12.972,27.666
2026-01-14 16:35:12.990,27.655
2026-01-14 16:35:13.005,27.634
2026-01-14 16:35:13.023,27.605
2026-01-14 16:35:13.023,27.59
2026-01-14 16:35:13.039,27.588
2026-01-14 16:35:13.055,27.57
2026-01-14 16:35:13.056,27.55
2026-01-14 16:35:13.072,27.522
2026-01-14 16:35:13.088,27.504
2026-01-14 16:35:13.105,27.489
2026-01-14 16:35:13.106,27.467
2026-01-14 16:35:13.121,27.452
2026-01-14 16:35:13.138,27.434
2026-01-14 16:35:13.155,27.406
2026-01-14 16:35:13.156,27.397
2026-01-14 16:35:13.171,27.369
2026-01-14 16:35:13.188,27.347
2026-01-14 16:35:13.188,27.325
2026-01-14 16:35:13.206,27.312
2026-01-14 16:35:13.222,27.294
2026-01-14 16:35:13.239,27.277
2026-01-14 16:35:13.239,27.267
2026-01-14 16:35:13.255,27.253
2026-01-14 16:35:13.272,27.238
2026-01-14 16:35:13.272,27.213
2026-01-14 16:35:13.294,27.185
2026-01-14 16:35:13.305,27.159
2026-01-14 16:35:13.321,27.139
2026-01-14 16:35:13.321,27.118
2026-01-14 16:35:13.339,27.096
2026-01-14 16:35:13.355,27.087
2026-01-14 16:35:13.356,27.078
2026-01-14 16:35:13.372,27.071
2026-01-14 16:35:13.405,27.061
2026-01-14 16:35:13.406,27.045
2026-01-14 16:35:13.422,27.026
2026-01-14 16:35:13.440,27.01
2026-01-14 16:35:13.455,26.994
2026-01-14 16:35:13.455,26.985
2026-01-14 16:35:13.472,26.983
2026-01-14 16:35:13.489,26.983
2026-01-14 16:35:13.489,26.967
2026-01-14 16:35:13.505,26.948
2026-01-14 16:35:13.524,26.952
2026-01-14 16:35:13.539,26.949
2026-01-14 16:35:13.540,26.939
2026-01-14 16:35:13.556,26.924
2026-01-14 16:35:13.573,26.914
2026-01-14 16:35:13.574,26.906
2026-01-14 16:35:13.588,26.897
2026-01-14 16:35:13.606,26.897
2026-01-14 16:35:13.623,26.887
2026-01-14 16:35:13.623,26.874
2026-01-14 16:35:13.639,26.864
2026-01-14 16:35:13.657,26.857
2026-01-14 16:35:13.657,26.852
2026-01-14 16:35:13.673,26.837
2026-01-14 16:35:13.689,26.825
2026-01-14 16:35:13.733,26.817
2026-01-14 16:35:13.734,26.808
2026-01-14 16:35:13.734,26.807
2026-01-14 16:35:13.735,26.809
2026-01-14 16:35:13.743,26.811
2026-01-14 16:35:13.756,26.823
2026-01-14 16:35:13.772,26.826
2026-01-14 16:35:13.789,26.825
2026-01-14 16:35:13.789,26.831
2026-01-14 16:35:13.806,26.83
2026-01-14 16:35:13.823,26.827
2026-01-14 16:35:13.824,26.824
2026-01-14 16:35:13.839,26.822
2026-01-14 16:35:13.857,26.82
2026-01-14 16:35:13.873,26.82
2026-01-14 16:35:13.873,26.827
2026-01-14 16:35:13.889,26.829
2026-01-14 16:35:13.906,26.825
2026-01-14 16:35:13.922,26.828
2026-01-14 16:35:13.925,26.823
2026-01-14 16:35:13.939,26.819
2026-01-14 16:35:13.957,26.818
2026-01-14 16:35:13.957,26.813
2026-01-14 16:35:13.973,26.797
2026-01-14 16:35:13.989,26.786
2026-01-14 16:35:14.006,26.779
2026-01-14 16:35:14.006,26.768
2026-01-14 16:35:14.023,26.763
2026-01-14 16:35:14.038,26.749
2026-01-14 16:35:14.056,26.744
2026-01-14 16:35:14.057,26.726
2026-01-14 16:35:14.073,26.713
2026-01-14 16:35:14.088,26.704
2026-01-14 16:35:14.089,26.701
2026-01-14 16:35:14.106,26.693
2026-01-14 16:35:14.123,26.673
2026-01-14 16:35:14.138,26.656
2026-01-14 16:35:14.139,26.644
2026-01-14 16:35:14.156,26.63
2026-01-14 16:35:14.171,26.615
2026-01-14 16:35:14.188,26.603
2026-01-14 16:35:14.188,26.59
2026-01-14 16:35:14.222,26.585
2026-01-14 16:35:14.222,26.561
2026-01-14 16:35:14.238,26.526
2026-01-14 16:35:14.255,26.489
2026-01-14 16:35:14.256,26.451
2026-01-14 16:35:14.278,26.419
2026-01-14 16:35:14.289,26.392
2026-01-14 16:35:14.305,26.359
2026-01-14 16:35:14.305,26.333
2026-01-14 16:35:14.322,26.309
2026-01-14 16:35:14.338,26.288
2026-01-14 16:35:14.355,26.272
2026-01-14 16:35:14.356,26.251
2026-01-14 16:35:14.371,26.231
2026-01-14 16:35:14.388,26.212
2026-01-14 16:35:14.388,26.189
2026-01-14 16:35:14.405,26.168
2026-01-14 16:35:14.421,26.144
2026-01-14 16:35:14.438,26.123
2026-01-14 16:35:14.438,26.1
2026-01-14 16:35:14.455,26.08
2026-01-14 16:35:14.472,26.05
2026-01-14 16:35:14.473,26.024
2026-01-14 16:35:14.488,26.01
2026-01-14 16:35:14.505,25.99
2026-01-14 16:35:14.523,25.967
2026-01-14 16:35:14.523,25.921
2026-01-14 16:35:14.538,25.905
2026-01-14 16:35:14.556,25.888
2026-01-14 16:35:14.556,25.869
2026-01-14 16:35:14.572,25.857
2026-01-14 16:35:14.589,25.834
2026-01-14 16:35:14.605,25.805
2026-01-14 16:35:14.606,25.79
2026-01-14 16:35:14.621,25.774
2026-01-14 16:35:14.638,25.758
2026-01-14 16:35:14.655,25.744
2026-01-14 16:35:14.655,25.725
2026-01-14 16:35:14.671,25.704
2026-01-14 16:35:14.687,25.694
2026-01-14 16:35:14.687,25.696
2026-01-14 16:35:14.704,25.713
2026-01-14 16:35:14.722,25.71
2026-01-14 16:35:14.739,25.712
2026-01-14 16:35:14.739,25.705
2026-01-14 16:35:14.754,25.698
2026-01-14 16:35:14.771,25.698
2026-01-14 16:35:14.788,25.699
2026-01-14 16:35:14.788,25.7
2026-01-14 16:35:14.806,25.697
2026-01-14 16:35:14.821,25.691
2026-01-14 16:35:14.822,25.676
2026-01-14 16:35:14.839,25.669
2026-01-14 16:35:14.857,25.667
2026-01-14 16:35:14.858,25.663
2026-01-14 16:35:14.872,25.649
2026-01-14 16:35:14.889,25.649
2026-01-14 16:35:14.904,25.659
2026-01-14 16:35:14.905,25.661
2026-01-14 16:35:14.922,25.655
2026-01-14 16:35:14.938,25.647
2026-01-14 16:35:14.954,25.64
2026-01-14 16:35:14.954,25.631
2026-01-14 16:35:14.971,25.631
2026-01-14 16:35:14.989,25.626
2026-01-14 16:35:14.989,25.621
2026-01-14 16:35:15.006,25.614
2026-01-14 16:35:15.023,25.615
2026-01-14 16:35:15.039,25.617
2026-01-14 16:35:15.040,25.614
2026-01-14 16:35:15.055,25.618
2026-01-14 16:35:15.071,25.61
2026-01-14 16:35:15.099,25.611
2026-01-14 16:35:15.099,25.608
2026-01-14 16:35:15.100,25.605
2026-01-14 16:35:15.108,25.6
2026-01-14 16:35:15.121,25.594
2026-01-14 16:35:15.138,25.581
2026-01-14 16:35:15.154,25.574
2026-01-14 16:35:15.171,25.571
2026-01-14 16:35:15.172,25.564
2026-01-14 16:35:15.188,25.562
2026-01-14 16:35:15.204,25.552
2026-01-14 16:35:15.204,25.548
2026-01-14 16:35:15.221,25.54
2026-01-14 16:35:15.238,25.537
2026-01-14 16:35:15.254,25.522
2026-01-14 16:35:15.254,25.511
2026-01-14 16:35:15.272,25.501
2026-01-14 16:35:15.295,25.488
2026-01-14 16:35:15.295,25.482
2026-01-14 16:35:15.305,25.464
2026-01-14 16:35:15.322,25.448
2026-01-14 16:35:15.338,25.436
2026-01-14 16:35:15.338,25.424
2026-01-14 16:35:15.354,25.426
2026-01-14 16:35:15.371,25.414
2026-01-14 16:35:15.372,25.4
2026-01-14 16:35:15.389,25.387
2026-01-14 16:35:15.405,25.365
2026-01-14 16:35:15.422,25.334
2026-01-14 16:35:15.422,25.31
2026-01-14 16:35:15.439,25.277
2026-01-14 16:35:15.456,25.251
2026-01-14 16:35:15.457,25.227
2026-01-14 16:35:15.472,25.208
2026-01-14 16:35:15.489,25.18
2026-01-14 16:35:15.506,25.155
2026-01-14 16:35:15.506,25.123
2026-01-14 16:35:15.522,25.094
2026-01-14 16:35:15.538,25.07
2026-01-14 16:35:15.557,25.042
2026-01-14 16:35:15.558,25.027
2026-01-14 16:35:15.572,25.0
2026-01-14 16:35:15.589,24.968
2026-01-14 16:35:15.589,24.948
2026-01-14 16:35:15.606,24.931
2026-01-14 16:35:15.622,24.913
2026-01-14 16:35:15.638,24.875
2026-01-14 16:35:15.639,24.839
2026-01-14 16:35:15.656,24.807
2026-01-14 16:35:15.672,24.772
2026-01-14 16:35:15.689,24.742
2026-01-14 16:35:15.706,24.713
2026-01-14 16:35:15.723,24.692
2026-01-14 16:35:15.723,24.662
2026-01-14 16:35:15.740,24.635
2026-01-14 16:35:15.756,24.613
2026-01-14 16:35:15.757,24.591
2026-01-14 16:35:15.772,24.566
2026-01-14 16:35:15.788,24.544
2026-01-14 16:35:15.806,24.524
2026-01-14 16:35:15.807,24.501
2026-01-14 16:35:15.822,24.475
2026-01-14 16:35:15.838,24.466
2026-01-14 16:35:15.856,24.46
2026-01-14 16:35:15.857,24.443
2026-01-14 16:35:15.872,24.435
2026-01-14 16:35:15.889,24.43
2026-01-14 16:35:15.889,24.417
2026-01-14 16:35:15.905,24.401
2026-01-14 16:35:15.921,24.389
2026-01-14 16:35:15.939,24.375
2026-01-14 16:35:15.939,24.37
2026-01-14 16:35:15.956,24.375
2026-01-14 16:35:15.972,24.369
2026-01-14 16:35:15.972,24.371
2026-01-14 16:35:15.988,24.379
2026-01-14 16:35:16.006,24.386
2026-01-14 16:35:16.022,24.383
2026-01-14 16:35:16.022,24.371
2026-01-14 16:35:16.039,24.362
2026-01-14 16:35:16.055,24.367
2026-01-14 16:35:16.056,24.355
2026-01-14 16:35:16.072,24.352
2026-01-14 16:35:16.090,24.348
2026-01-14 16:35:16.105,24.358
2026-01-14 16:35:16.105,24.347
2026-01-14 16:35:16.122,24.332
2026-01-14 16:35:16.138,24.318
2026-01-14 16:35:16.155,24.301
2026-01-14 16:35:16.155,24.307
2026-01-14 16:35:16.172,24.299
2026-01-14 16:35:16.189,24.3
2026-01-14 16:35:16.189,24.291
2026-01-14 16:35:16.204,24.284
2026-01-14 16:35:16.221,24.296
2026-01-14 16:35:16.237,24.289
2026-01-14 16:35:16.238,24.28
2026-01-14 16:35:16.254,24.276
2026-01-14 16:35:16.272,24.277
2026-01-14 16:35:16.273,24.286
2026-01-14 16:35:16.294,24.265
2026-01-14 16:35:16.304,24.255
2026-01-14 16:35:16.322,24.251
2026-01-14 16:35:16.338,24.242
2026-01-14 16:35:16.356,24.234
2026-01-14 16:35:16.356,24.235
2026-01-14 16:35:16.373,24.23
2026-01-14 16:35:16.388,24.229
2026-01-14 16:35:16.405,24.227
2026-01-14 16:35:16.406,24.223
2026-01-14 16:35:16.420,24.217
2026-01-14 16:35:16.468,24.213
2026-01-14 16:35:16.469,24.204
2026-01-14 16:35:16.469,24.2
2026-01-14 16:35:16.470,24.188
2026-01-14 16:35:16.478,24.179
2026-01-14 16:35:16.489,24.171
2026-01-14 16:35:16.505,24.162
2026-01-14 16:35:16.522,24.15
2026-01-14 16:35:16.540,24.139
2026-01-14 16:35:16.540,24.131
2026-01-14 16:35:16.555,24.118
2026-01-14 16:35:16.572,24.099
2026-01-14 16:35:16.573,24.088
2026-01-14 16:35:16.587,24.076
2026-01-14 16:35:16.607,24.056
2026-01-14 16:35:16.622,24.036
2026-01-14 16:35:16.623,24.008
2026-01-14 16:35:16.644,23.99
2026-01-14 16:35:16.644,23.967
2026-01-14 16:35:16.656,23.944
2026-01-14 16:35:16.671,23.918
2026-01-14 16:35:16.689,23.896
2026-01-14 16:35:16.705,23.884
2026-01-14 16:35:16.705,23.854
2026-01-14 16:35:16.722,23.833
2026-01-14 16:35:16.739,23.804
2026-01-14 16:35:16.755,23.77
2026-01-14 16:35:16.756,23.753
2026-01-14 16:35:16.772,23.725
2026-01-14 16:35:16.789,23.701
2026-01-14 16:35:16.789,23.669
2026-01-14 16:35:16.806,23.633
2026-01-14 16:35:16.822,23.632
2026-01-14 16:35:16.838,23.601
2026-01-14 16:35:16.839,23.575
2026-01-14 16:35:16.855,23.544
2026-01-14 16:35:16.872,23.504
2026-01-14 16:35:16.873,23.476
2026-01-14 16:35:16.889,23.443
2026-01-14 16:35:16.905,23.412
2026-01-14 16:35:16.922,23.382
2026-01-14 16:35:16.922,23.355
2026-01-14 16:35:16.938,23.326
2026-01-14 16:35:16.956,23.304
2026-01-14 16:35:16.956,23.284
2026-01-14 16:35:16.972,23.27
2026-01-14 16:35:16.988,23.242
2026-01-14 16:35:17.005,23.215
2026-01-14 16:35:17.005,23.184
2026-01-14 16:35:17.022,23.159
2026-01-14 16:35:17.038,23.15
2026-01-14 16:35:17.056,23.133
2026-01-14 16:35:17.056,23.118
2026-01-14 16:35:17.073,23.095
2026-01-14 16:35:17.089,23.081
2026-01-14 16:35:17.090,23.068
2026-01-14 16:35:17.105,23.05
2026-01-14 16:35:17.123,23.041
2026-01-14 16:35:17.138,23.035
2026-01-14 16:35:17.139,23.02
2026-01-14 16:35:17.156,23.01
2026-01-14 16:35:17.172,22.997
2026-01-14 16:35:17.172,22.992
2026-01-14 16:35:17.189,22.984
2026-01-14 16:35:17.206,22.966
2026-01-14 16:35:17.222,22.946
2026-01-14 16:35:17.222,22.936
2026-01-14 16:35:17.238,22.923
2026-01-14 16:35:17.256,22.907
2026-01-14 16:35:17.257,22.893
2026-01-14 16:35:17.279,22.876
2026-01-14 16:35:17.280,22.859
2026-01-14 16:35:17.293,22.845
2026-01-14 16:35:17.304,22.838
2026-01-14 16:35:17.323,22.834
2026-01-14 16:35:17.339,22.823
2026-01-14 16:35:17.354,22.804
2026-01-14 16:35:17.355,22.793
2026-01-14 16:35:17.371,22.788
2026-01-14 16:35:17.388,22.775
2026-01-14 16:35:17.389,22.769
2026-01-14 16:35:17.404,22.762
2026-01-14 16:35:17.421,22.757
2026-01-14 16:35:17.438,22.752
2026-01-14 16:35:17.438,22.746
2026-01-14 16:35:17.455,22.747
2026-01-14 16:35:17.471,22.734
2026-01-14 16:35:17.471,22.74
2026-01-14 16:35:17.488,22.747
2026-01-14 16:35:17.504,22.754
2026-01-14 16:35:17.522,22.755
2026-01-14 16:35:17.522,22.756
2026-01-14 16:35:17.538,22.755
2026-01-14 16:35:17.555,22.757
2026-01-14 16:35:17.556,22.76
2026-01-14 16:35:17.572,22.769
2026-01-14 16:35:17.588,22.766
2026-01-14 16:35:17.606,22.769
2026-01-14 16:35:17.607,22.773
2026-01-14 16:35:17.621,22.773
2026-01-14 16:35:17.639,22.773
2026-01-14 16:35:17.655,22.771
2026-01-14 16:35:17.655,22.769
2026-01-14 16:35:17.671,22.766
2026-01-14 16:35:17.688,22.758
2026-01-14 16:35:17.688,22.754
2026-01-14 16:35:17.707,22.748
2026-01-14 16:35:17.722,22.737
2026-01-14 16:35:17.739,22.724
2026-01-14 16:35:17.739,22.716
2026-01-14 16:35:17.756,22.714
2026-01-14 16:35:17.772,22.702
2026-01-14 16:35:17.773,22.709
2026-01-14 16:35:17.813,22.695
2026-01-14 16:35:17.814,22.683
2026-01-14 16:35:17.814,22.67
2026-01-14 16:35:17.821,22.658
2026-01-14 16:35:17.839,22.662
2026-01-14 16:35:17.854,22.64
2026-01-14 16:35:17.872,22.621
2026-01-14 16:35:17.872,22.593
2026-01-14 16:35:17.888,22.573
2026-01-14 16:35:17.905,22.572
2026-01-14 16:35:17.905,22.544
2026-01-14 16:35:17.922,22.513
2026-01-14 16:35:17.938,22.48
2026-01-14 16:35:17.955,22.449
2026-01-14 16:35:17.956,22.418
2026-01-14 16:35:17.972,22.387
2026-01-14 16:35:17.988,22.353
2026-01-14 16:35:17.989,22.323
2026-01-14 16:35:18.005,22.291
2026-01-14 16:35:18.022,22.266
2026-01-14 16:35:18.038,22.233
2026-01-14 16:35:18.039,22.198
2026-01-14 16:35:18.055,22.174
2026-01-14 16:35:18.073,22.148
2026-01-14 16:35:18.073,22.122
2026-01-14 16:35:18.088,22.098
2026-01-14 16:35:18.106,22.074
2026-01-14 16:35:18.109,22.037
2026-01-14 16:35:18.122,22.004
2026-01-14 16:35:18.139,21.983
2026-01-14 16:35:18.155,21.968
2026-01-14 16:35:18.155,21.95
2026-01-14 16:35:18.171,21.938
2026-01-14 16:35:18.189,21.916
2026-01-14 16:35:18.205,21.893
2026-01-14 16:35:18.206,21.872
2026-01-14 16:35:18.222,21.852
2026-01-14 16:35:18.240,21.831
2026-01-14 16:35:18.240,21.806
2026-01-14 16:35:18.254,21.794
2026-01-14 16:35:18.272,21.773
2026-01-14 16:35:18.297,21.748
2026-01-14 16:35:18.298,21.732
2026-01-14 16:35:18.306,21.707
2026-01-14 16:35:18.321,21.696
2026-01-14 16:35:18.337,21.672
2026-01-14 16:35:18.337,21.652
2026-01-14 16:35:18.355,21.636
2026-01-14 16:35:18.372,21.618
2026-01-14 16:35:18.372,21.61
2026-01-14 16:35:18.388,21.595
2026-01-14 16:35:18.404,21.566
2026-01-14 16:35:18.421,21.55
2026-01-14 16:35:18.422,21.542
2026-01-14 16:35:18.439,21.547
2026-01-14 16:35:18.455,21.534
2026-01-14 16:35:18.455,21.524
2026-01-14 16:35:18.472,21.514
2026-01-14 16:35:18.489,21.501
2026-01-14 16:35:18.505,21.496
2026-01-14 16:35:18.506,21.494
2026-01-14 16:35:18.521,21.486
2026-01-14 16:35:18.538,21.467
2026-01-14 16:35:18.554,21.459
2026-01-14 16:35:18.555,21.459
2026-01-14 16:35:18.572,21.441
2026-01-14 16:35:18.590,21.442
2026-01-14 16:35:18.590,21.448
2026-01-14 16:35:18.605,21.446
2026-01-14 16:35:18.622,21.444
2026-01-14 16:35:18.639,21.44
2026-01-14 16:35:18.639,21.437
2026-01-14 16:35:18.655,21.439
2026-01-14 16:35:18.672,21.445
2026-01-14 16:35:18.673,21.45
2026-01-14 16:35:18.688,21.452
2026-01-14 16:35:18.705,21.451
2026-01-14 16:35:18.723,21.459
2026-01-14 16:35:18.724,21.455
2026-01-14 16:35:18.739,21.454
2026-01-14 16:35:18.756,21.453
2026-01-14 16:35:18.757,21.457
2026-01-14 16:35:18.771,21.454
2026-01-14 16:35:18.788,21.46
2026-01-14 16:35:18.805,21.461
2026-01-14 16:35:18.805,21.467
2026-01-14 16:35:18.822,21.475
2026-01-14 16:35:18.839,21.467
2026-01-14 16:35:18.856,21.461
2026-01-14 16:35:18.857,21.452
2026-01-14 16:35:18.872,21.452
2026-01-14 16:35:18.889,21.447
2026-01-14 16:35:18.889,21.442
2026-01-14 16:35:18.904,21.439
2026-01-14 16:35:18.922,21.434
2026-01-14 16:35:18.938,21.428
2026-01-14 16:35:18.938,21.418
2026-01-14 16:35:18.955,21.404
2026-01-14 16:35:18.970,21.386
2026-01-14 16:35:18.988,21.372
2026-01-14 16:35:18.988,21.358
2026-01-14 16:35:19.004,21.337
2026-01-14 16:35:19.022,21.314
2026-01-14 16:35:19.022,21.298
2026-01-14 16:35:19.037,21.276
2026-01-14 16:35:19.053,21.257
2026-01-14 16:35:19.071,21.235
2026-01-14 16:35:19.072,21.215
2026-01-14 16:35:19.087,21.19
2026-01-14 16:35:19.105,21.162
2026-01-14 16:35:19.105,21.145
2026-01-14 16:35:19.122,21.113
2026-01-14 16:35:19.138,21.08
2026-01-14 16:35:19.181,21.051
2026-01-14 16:35:19.182,21.023
2026-01-14 16:35:19.182,21.003
2026-01-14 16:35:19.183,20.986
2026-01-14 16:35:19.191,20.958
2026-01-14 16:35:19.204,20.913
2026-01-14 16:35:19.222,20.877
2026-01-14 16:35:19.239,20.86
2026-01-14 16:35:19.239,20.821
2026-01-14 16:35:19.255,20.804
2026-01-14 16:35:19.272,20.78
2026-01-14 16:35:19.273,20.751
2026-01-14 16:35:19.296,20.726
2026-01-14 16:35:19.296,20.701
2026-01-14 16:35:19.322,20.675
2026-01-14 16:35:19.323,20.649
2026-01-14 16:35:19.339,20.632
2026-01-14 16:35:19.355,20.605
2026-01-14 16:35:19.357,20.578
2026-01-14 16:35:19.371,20.55
2026-01-14 16:35:19.388,20.522
2026-01-14 16:35:19.404,20.511
2026-01-14 16:35:19.404,20.483
2026-01-14 16:35:19.421,20.462
2026-01-14 16:35:19.438,20.442
2026-01-14 16:35:19.454,20.42
2026-01-14 16:35:19.455,20.397
2026-01-14 16:35:19.473,20.379
2026-01-14 16:35:19.486,20.362
2026-01-14 16:35:19.506,20.344
2026-01-14 16:35:19.506,20.334
2026-01-14 16:35:19.522,20.334
2026-01-14 16:35:19.538,20.318
2026-01-14 16:35:19.538,20.303
2026-01-14 16:35:19.555,20.29
2026-01-14 16:35:19.570,20.281
2026-01-14 16:35:19.586,20.274
2026-01-14 16:35:19.587,20.27
2026-01-14 16:35:19.604,20.262
2026-01-14 16:35:19.620,20.248
2026-01-14 16:35:19.620,20.241
2026-01-14 16:35:19.637,20.237
2026-01-14 16:35:19.653,20.231
2026-01-14 16:35:19.670,20.239
2026-01-14 16:35:19.671,20.236
2026-01-14 16:35:19.687,20.232
2026-01-14 16:35:19.704,20.22
2026-01-14 16:35:19.705,20.218
2026-01-14 16:35:19.721,20.23
2026-01-14 16:35:19.737,20.24
2026-01-14 16:35:19.754,20.235
2026-01-14 16:35:19.754,20.224
2026-01-14 16:35:19.772,20.22
2026-01-14 16:35:19.788,20.227
2026-01-14 16:35:19.789,20.224
2026-01-14 16:35:19.805,20.212
2026-01-14 16:35:19.821,20.19
2026-01-14 16:35:19.838,20.235
2026-01-14 16:35:19.838,20.256
2026-01-14 16:35:19.855,20.263
2026-01-14 16:35:19.872,20.265
2026-01-14 16:35:19.873,20.277
2026-01-14 16:35:19.887,20.275
2026-01-14 16:35:19.905,20.275
2026-01-14 16:35:19.922,20.276
2026-01-14 16:35:19.922,20.274
2026-01-14 16:35:19.938,20.276
2026-01-14 16:35:19.955,20.279
2026-01-14 16:35:19.956,20.275
2026-01-14 16:35:19.972,20.266
2026-01-14 16:35:19.988,20.263
2026-01-14 16:35:20.004,20.256
2026-01-14 16:35:20.004,20.247
2026-01-14 16:35:20.020,20.245
2026-01-14 16:35:20.038,20.226
2026-01-14 16:35:20.055,20.212
2026-01-14 16:35:20.057,20.197
2026-01-14 16:35:20.071,20.186
2026-01-14 16:35:20.087,20.176
2026-01-14 16:35:20.088,20.163
2026-01-14 16:35:20.103,20.154
2026-01-14 16:35:20.120,20.157
2026-01-14 16:35:20.137,20.147
2026-01-14 16:35:20.138,20.129
2026-01-14 16:35:20.153,20.112
2026-01-14 16:35:20.171,20.089
2026-01-14 16:35:20.188,20.072
2026-01-14 16:35:20.188,20.062
2026-01-14 16:35:20.204,20.043
2026-01-14 16:35:20.220,20.025
2026-01-14 16:35:20.220,20.016
2026-01-14 16:35:20.237,20.012
2026-01-14 16:35:20.254,20.019
2026-01-14 16:35:20.270,19.963
2026-01-14 16:35:20.270,19.914
2026-01-14 16:35:20.288,19.876
2026-01-14 16:35:20.310,19.838
2026-01-14 16:35:20.311,19.815
2026-01-14 16:35:20.320,19.774
2026-01-14 16:35:20.337,19.756
2026-01-14 16:35:20.355,19.743
2026-01-14 16:35:20.355,19.72
2026-01-14 16:35:20.372,19.694
2026-01-14 16:35:20.388,19.664
2026-01-14 16:35:20.389,19.636
2026-01-14 16:35:20.403,19.602
2026-01-14 16:35:20.422,19.572
2026-01-14 16:35:20.439,19.539
2026-01-14 16:35:20.439,19.515
2026-01-14 16:35:20.455,19.496
2026-01-14 16:35:20.471,19.465
2026-01-14 16:35:20.472,19.439
2026-01-14 16:35:20.487,19.415
2026-01-14 16:35:20.505,19.394
2026-01-14 16:35:20.544,19.372
2026-01-14 16:35:20.545,19.349
2026-01-14 16:35:20.545,19.323
2026-01-14 16:35:20.546,19.304
2026-01-14 16:35:20.556,19.284
2026-01-14 16:35:20.572,19.27
2026-01-14 16:35:20.587,19.246
2026-01-14 16:35:20.604,19.232
2026-01-14 16:35:20.604,19.219
2026-01-14 16:35:20.622,19.198
2026-01-14 16:35:20.638,19.183
2026-01-14 16:35:20.655,19.17
2026-01-14 16:35:20.655,19.167
2026-01-14 16:35:20.671,19.153
2026-01-14 16:35:20.688,19.136
2026-01-14 16:35:20.688,19.126
2026-01-14 16:35:20.704,19.115
2026-01-14 16:35:20.722,19.102
2026-01-14 16:35:20.737,19.092
2026-01-14 16:35:20.738,19.091
2026-01-14 16:35:20.755,19.078
2026-01-14 16:35:20.771,19.063
2026-01-14 16:35:20.772,19.076
2026-01-14 16:35:20.788,19.062
2026-01-14 16:35:20.805,19.056
2026-01-14 16:35:20.822,19.053
2026-01-14 16:35:20.822,19.049
2026-01-14 16:35:20.839,19.046
2026-01-14 16:35:20.855,19.045
2026-01-14 16:35:20.871,19.052
2026-01-14 16:35:20.872,19.05
2026-01-14 16:35:20.888,19.048
2026-01-14 16:35:20.905,19.051
2026-01-14 16:35:20.905,19.056
2026-01-14 16:35:20.921,19.077
2026-01-14 16:35:20.937,19.088
2026-01-14 16:35:20.955,19.085
2026-01-14 16:35:20.955,19.087
2026-01-14 16:35:20.973,19.081
2026-01-14 16:35:20.987,19.079
2026-01-14 16:35:20.988,19.086
2026-01-14 16:35:21.004,19.093
2026-01-14 16:35:21.022,19.086
2026-01-14 16:35:21.038,19.077
2026-01-14 16:35:21.038,19.098
2026-01-14 16:35:21.054,19.133
2026-01-14 16:35:21.072,19.164
2026-01-14 16:35:21.072,19.191
2026-01-14 16:35:21.087,19.199
2026-01-14 16:35:21.105,19.212
2026-01-14 16:35:21.122,19.217
2026-01-14 16:35:21.122,19.227
2026-01-14 16:35:21.137,19.23
2026-01-14 16:35:21.155,19.224
2026-01-14 16:35:21.156,19.221
2026-01-14 16:35:21.172,19.226
2026-01-14 16:35:21.187,19.219
2026-01-14 16:35:21.206,19.193
2026-01-14 16:35:21.206,19.18
2026-01-14 16:35:21.221,19.158
2026-01-14 16:35:21.238,19.143
2026-01-14 16:35:21.255,19.125
2026-01-14 16:35:21.256,19.099
2026-01-14 16:35:21.272,19.094
2026-01-14 16:35:21.296,19.119
2026-01-14 16:35:21.296,19.101
2026-01-14 16:35:21.305,19.051
2026-01-14 16:35:21.321,19.006
2026-01-14 16:35:21.338,18.975
2026-01-14 16:35:21.338,18.947
2026-01-14 16:35:21.354,18.905
2026-01-14 16:35:21.371,18.874
2026-01-14 16:35:21.372,18.843
2026-01-14 16:35:21.387,18.804
2026-01-14 16:35:21.406,18.766
2026-01-14 16:35:21.421,18.724
2026-01-14 16:35:21.422,18.686
2026-01-14 16:35:21.438,18.653
2026-01-14 16:35:21.452,18.607
2026-01-14 16:35:21.470,18.565
2026-01-14 16:35:21.470,18.531
2026-01-14 16:35:21.487,18.499
2026-01-14 16:35:21.505,18.465
2026-01-14 16:35:21.505,18.426
2026-01-14 16:35:21.521,18.397
2026-01-14 16:35:21.538,18.375
2026-01-14 16:35:21.555,18.345
2026-01-14 16:35:21.555,18.313
2026-01-14 16:35:21.572,18.292
2026-01-14 16:35:21.587,18.272
2026-01-14 16:35:21.588,18.259
2026-01-14 16:35:21.605,18.239
2026-01-14 16:35:21.622,18.226
2026-01-14 16:35:21.637,18.207
2026-01-14 16:35:21.638,18.19
2026-01-14 16:35:21.654,18.177
2026-01-14 16:35:21.671,18.16
2026-01-14 16:35:21.672,18.144
2026-01-14 16:35:21.687,18.129
2026-01-14 16:35:21.705,18.121
2026-01-14 16:35:21.722,18.114
2026-01-14 16:35:21.722,18.099
2026-01-14 16:35:21.738,18.088
2026-01-14 16:35:21.755,18.067
2026-01-14 16:35:21.756,18.054
2026-01-14 16:35:21.771,18.05
2026-01-14 16:35:21.788,18.043
2026-01-14 16:35:21.804,18.039
2026-01-14 16:35:21.804,18.031
2026-01-14 16:35:21.821,18.024
2026-01-14 16:35:21.838,18.015
2026-01-14 16:35:21.854,18.001
2026-01-14 16:35:21.854,17.988
2026-01-14 16:35:21.869,17.979
2026-01-14 16:35:21.909,17.973
2026-01-14 16:35:21.909,17.975
2026-01-14 16:35:21.909,17.971
2026-01-14 16:35:21.916,17.985
2026-01-14 16:35:21.937,17.983
2026-01-14 16:35:21.938,17.978
2026-01-14 16:35:21.954,17.977
2026-01-14 16:35:21.971,17.977
2026-01-14 16:35:21.972,17.996
2026-01-14 16:35:21.988,17.998
2026-01-14 16:35:22.004,17.997
2026-01-14 16:35:22.022,18.016
2026-01-14 16:35:22.022,18.012
2026-01-14 16:35:22.037,18.007
2026-01-14 16:35:22.055,18.01
2026-01-14 16:35:22.072,18.007
2026-01-14 16:35:22.074,18.015
2026-01-14 16:35:22.088,18.015
2026-01-14 16:35:22.104,18.032
2026-01-14 16:35:22.104,18.041
2026-01-14 16:35:22.121,18.053
2026-01-14 16:35:22.139,18.076
2026-01-14 16:35:22.154,18.088
2026-01-14 16:35:22.154,18.083
2026-01-14 16:35:22.171,18.091
2026-01-14 16:35:22.187,18.093
2026-01-14 16:35:22.204,18.094
2026-01-14 16:35:22.221,18.093
2026-01-14 16:35:22.237,18.089
2026-01-14 16:35:22.238,18.086
2026-01-14 16:35:22.254,18.075
2026-01-14 16:35:22.273,18.064
2026-01-14 16:35:22.296,18.059
2026-01-14 16:35:22.296,18.042
2026-01-14 16:35:22.322,18.019
2026-01-14 16:35:22.323,17.999
2026-01-14 16:35:22.337,17.979
2026-01-14 16:35:22.356,17.957
2026-01-14 16:35:22.357,17.941
2026-01-14 16:35:22.371,17.935
2026-01-14 16:35:22.388,17.926
2026-01-14 16:35:22.406,17.908
2026-01-14 16:35:22.406,17.895
2026-01-14 16:35:22.422,17.877
2026-01-14 16:35:22.438,17.849
2026-01-14 16:35:22.455,17.817
2026-01-14 16:35:22.456,17.791
2026-01-14 16:35:22.472,17.788
2026-01-14 16:35:22.487,17.772
2026-01-14 16:35:22.488,17.733
2026-01-14 16:35:22.503,17.688
2026-01-14 16:35:22.521,17.652
2026-01-14 16:35:22.537,17.611
2026-01-14 16:35:22.537,17.589
2026-01-14 16:35:22.555,17.558
2026-01-14 16:35:22.571,17.525
2026-01-14 16:35:22.572,17.502
2026-01-14 16:35:22.587,17.474
2026-01-14 16:35:22.622,17.444
2026-01-14 16:35:22.622,17.402
2026-01-14 16:35:22.638,17.376
2026-01-14 16:35:22.654,17.357
2026-01-14 16:35:22.671,17.334
2026-01-14 16:35:22.671,17.306
2026-01-14 16:35:22.687,17.285
2026-01-14 16:35:22.704,17.25
2026-01-14 16:35:22.705,17.23
2026-01-14 16:35:22.721,17.212
2026-01-14 16:35:22.737,17.203
2026-01-14 16:35:22.755,17.185
2026-01-14 16:35:22.755,17.178
2026-01-14 16:35:22.772,17.167
2026-01-14 16:35:22.788,17.153
2026-01-14 16:35:22.789,17.141
2026-01-14 16:35:22.804,17.124
2026-01-14 16:35:22.821,17.109
2026-01-14 16:35:22.837,17.102
2026-01-14 16:35:22.838,17.09
2026-01-14 16:35:22.853,17.079
2026-01-14 16:35:22.872,17.066
2026-01-14 16:35:22.872,17.052
2026-01-14 16:35:22.887,17.034
2026-01-14 16:35:22.904,17.016
2026-01-14 16:35:22.921,17.006
2026-01-14 16:35:22.921,16.995
2026-01-14 16:35:22.938,16.994
2026-01-14 16:35:22.954,16.984
2026-01-14 16:35:22.971,16.977
2026-01-14 16:35:22.971,16.973
2026-01-14 16:35:22.987,16.964
2026-01-14 16:35:23.005,16.964
2026-01-14 16:35:23.005,16.952
2026-01-14 16:35:23.021,16.947
2026-01-14 16:35:23.037,16.94
2026-01-14 16:35:23.054,16.938
2026-01-14 16:35:23.054,16.944
2026-01-14 16:35:23.071,16.931
2026-01-14 16:35:23.088,16.925
2026-01-14 16:35:23.088,16.919
2026-01-14 16:35:23.103,16.915
2026-01-14 16:35:23.120,16.933
2026-01-14 16:35:23.138,16.934
2026-01-14 16:35:23.139,16.932
2026-01-14 16:35:23.154,16.937
2026-01-14 16:35:23.172,16.935
2026-01-14 16:35:23.172,16.947
2026-01-14 16:35:23.187,16.944
2026-01-14 16:35:23.204,16.941
2026-01-14 16:35:23.221,16.947
2026-01-14 16:35:23.221,16.949
2026-01-14 16:35:23.238,16.958
2026-01-14 16:35:23.288,16.961
2026-01-14 16:35:23.289,16.97
2026-01-14 16:35:23.289,16.973
2026-01-14 16:35:23.289,16.974
2026-01-14 16:35:23.304,16.981
2026-01-14 16:35:23.304,16.992
2026-01-14 16:35:23.321,16.998
2026-01-14 16:35:23.338,16.984
2026-01-14 16:35:23.355,16.981
2026-01-14 16:35:23.355,16.974
2026-01-14 16:35:23.372,16.962
2026-01-14 16:35:23.389,16.957
2026-01-14 16:35:23.389,16.959
2026-01-14 16:35:23.404,16.952
2026-01-14 16:35:23.421,16.945
2026-01-14 16:35:23.438,16.942
2026-01-14 16:35:23.438,16.934
2026-01-14 16:35:23.454,16.932
2026-01-14 16:35:23.471,16.923
2026-01-14 16:35:23.488,16.909
2026-01-14 16:35:23.488,16.901
2026-01-14 16:35:23.503,16.892
2026-01-14 16:35:23.520,16.878
2026-01-14 16:35:23.521,16.86
2026-01-14 16:35:23.538,16.855
2026-01-14 16:35:23.554,16.829
2026-01-14 16:35:23.571,16.802
2026-01-14 16:35:23.571,16.778
2026-01-14 16:35:23.587,16.767
2026-01-14 16:35:23.604,16.75
2026-01-14 16:35:23.604,16.713
2026-01-14 16:35:23.621,16.672
2026-01-14 16:35:23.636,16.628
2026-01-14 16:35:23.654,16.594
2026-01-14 16:35:23.655,16.569
2026-01-14 16:35:23.670,16.536
2026-01-14 16:35:23.688,16.497
2026-01-14 16:35:23.688,16.469
2026-01-14 16:35:23.704,16.444
2026-01-14 16:35:23.721,16.413
2026-01-14 16:35:23.737,16.387
2026-01-14 16:35:23.738,16.362
2026-01-14 16:35:23.754,16.338
2026-01-14 16:35:23.771,16.313
2026-01-14 16:35:23.772,16.294
2026-01-14 16:35:23.788,16.272
2026-01-14 16:35:23.804,16.249
2026-01-14 16:35:23.821,16.237
2026-01-14 16:35:23.821,16.226
2026-01-14 16:35:23.838,16.21
2026-01-14 16:35:23.855,16.201
2026-01-14 16:35:23.871,16.192
2026-01-14 16:35:23.872,16.181
2026-01-14 16:35:23.887,16.175
2026-01-14 16:35:23.904,16.162
2026-01-14 16:35:23.904,16.147
2026-01-14 16:35:23.921,16.129
2026-01-14 16:35:23.938,16.114
2026-01-14 16:35:23.954,16.105
2026-01-14 16:35:23.954,16.095
2026-01-14 16:35:23.971,16.086
2026-01-14 16:35:23.988,16.074
2026-01-14 16:35:23.988,16.063
2026-01-14 16:35:24.004,16.051
2026-01-14 16:35:24.021,16.033
2026-01-14 16:35:24.038,16.022
2026-01-14 16:35:24.038,16.012
2026-01-14 16:35:24.053,16.006
2026-01-14 16:35:24.069,15.993
2026-01-14 16:35:24.087,16.003
2026-01-14 16:35:24.087,15.99
2026-01-14 16:35:24.104,15.978
2026-01-14 16:35:24.121,15.969
2026-01-14 16:35:24.121,15.961
2026-01-14 16:35:24.138,15.963
2026-01-14 16:35:24.154,15.957
2026-01-14 16:35:24.171,15.949
2026-01-14 16:35:24.171,15.941
2026-01-14 16:35:24.187,15.938
2026-01-14 16:35:24.204,15.94
2026-01-14 16:35:24.204,15.924
2026-01-14 16:35:24.220,15.917
2026-01-14 16:35:24.237,15.909
2026-01-14 16:35:24.253,15.903
2026-01-14 16:35:24.254,15.906
2026-01-14 16:35:24.271,15.9
2026-01-14 16:35:24.294,15.908
2026-01-14 16:35:24.294,15.909
2026-01-14 16:35:24.303,15.911
2026-01-14 16:35:24.320,15.904
2026-01-14 16:35:24.337,15.904
2026-01-14 16:35:24.338,15.906
2026-01-14 16:35:24.355,15.898
2026-01-14 16:35:24.371,15.905
2026-01-14 16:35:24.388,15.9
2026-01-14 16:35:24.388,15.901
2026-01-14 16:35:24.403,15.896
2026-01-14 16:35:24.422,15.9
2026-01-14 16:35:24.422,15.907
2026-01-14 16:35:24.437,15.91
2026-01-14 16:35:24.454,15.91
2026-01-14 16:35:24.471,15.903
2026-01-14 16:35:24.472,15.901
2026-01-14 16:35:24.488,15.911
2026-01-14 16:35:24.504,15.907
2026-01-14 16:35:24.504,15.906
2026-01-14 16:35:24.520,15.905
2026-01-14 16:35:24.538,15.895
2026-01-14 16:35:24.554,15.89
2026-01-14 16:35:24.554,15.893
2026-01-14 16:35:24.570,15.888
2026-01-14 16:35:24.587,15.87
2026-01-14 16:35:24.588,15.85
2026-01-14 16:35:24.603,15.839
2026-01-14 16:35:24.631,15.834
2026-01-14 16:35:24.631,15.811
2026-01-14 16:35:24.644,15.781
2026-01-14 16:35:24.653,15.759
2026-01-14 16:35:24.669,15.735
2026-01-14 16:35:24.688,15.715
2026-01-14 16:35:24.689,15.686
2026-01-14 16:35:24.704,15.665
2026-01-14 16:35:24.721,15.629
2026-01-14 16:35:24.722,15.6
2026-01-14 16:35:24.738,15.573
2026-01-14 16:35:24.755,15.543
2026-01-14 16:35:24.756,15.52
2026-01-14 16:35:24.771,15.482
2026-01-14 16:35:24.786,15.447
2026-01-14 16:35:24.804,15.426
2026-01-14 16:35:24.804,15.404
2026-01-14 16:35:24.821,15.378
2026-01-14 16:35:24.837,15.358
2026-01-14 16:35:24.854,15.335
2026-01-14 16:35:24.854,15.32
2026-01-14 16:35:24.870,15.302
2026-01-14 16:35:24.887,15.284
2026-01-14 16:35:24.888,15.267
2026-01-14 16:35:24.903,15.255
2026-01-14 16:35:24.921,15.248
2026-01-14 16:35:24.924,15.243
2026-01-14 16:35:24.937,15.238
2026-01-14 16:35:24.956,15.227
2026-01-14 16:35:24.970,15.209
2026-01-14 16:35:24.988,15.194
2026-01-14 16:35:24.988,15.178
2026-01-14 16:35:25.003,15.161
2026-01-14 16:35:25.021,15.143
2026-01-14 16:35:25.021,15.134
2026-01-14 16:35:25.037,15.131
2026-01-14 16:35:25.055,15.125
2026-01-14 16:35:25.056,15.11
2026-01-14 16:35:25.071,15.107
2026-01-14 16:35:25.086,15.093
2026-01-14 16:35:25.105,15.082
2026-01-14 16:35:25.106,15.074
2026-01-14 16:35:25.121,15.065
2026-01-14 16:35:25.138,15.062
2026-01-14 16:35:25.154,15.06
2026-01-14 16:35:25.155,15.048
2026-01-14 16:35:25.169,15.047
2026-01-14 16:35:25.186,15.042
2026-01-14 16:35:25.203,15.032
2026-01-14 16:35:25.204,15.023
2026-01-14 16:35:25.221,15.013
2026-01-14 16:35:25.238,15.008
2026-01-14 16:35:25.238,14.999
2026-01-14 16:35:25.254,14.999
2026-01-14 16:35:25.270,14.993
2026-01-14 16:35:25.294,14.984
2026-01-14 16:35:25.295,14.977
2026-01-14 16:35:25.295,14.978
2026-01-14 16:35:25.322,14.973
2026-01-14 16:35:25.322,14.966
2026-01-14 16:35:25.337,14.966
2026-01-14 16:35:25.353,14.959
2026-01-14 16:35:25.371,14.967
2026-01-14 16:35:25.371,14.968
2026-01-14 16:35:25.386,14.969
2026-01-14 16:35:25.404,14.971
2026-01-14 16:35:25.405,14.973
2026-01-14 16:35:25.421,14.969
2026-01-14 16:35:25.437,14.967
2026-01-14 16:35:25.454,14.962
2026-01-14 16:35:25.455,14.961
2026-01-14 16:35:25.471,14.97
2026-01-14 16:35:25.487,14.965
2026-01-14 16:35:25.488,14.962
2026-01-14 16:35:25.504,14.967
2026-01-14 16:35:25.521,14.964
2026-01-14 16:35:25.536,14.965
2026-01-14 16:35:25.536,14.969
2026-01-14 16:35:25.552,14.965
2026-01-14 16:35:25.572,14.953
2026-01-14 16:35:25.573,14.948
2026-01-14 16:35:25.586,14.939
2026-01-14 16:35:25.605,14.934
2026-01-14 16:35:25.621,14.932
2026-01-14 16:35:25.621,14.921
2026-01-14 16:35:25.636,14.91
2026-01-14 16:35:25.654,14.896
2026-01-14 16:35:25.670,14.887
2026-01-14 16:35:25.671,14.878
2026-01-14 16:35:25.687,14.86
2026-01-14 16:35:25.703,14.841
2026-01-14 16:35:25.703,14.826
2026-01-14 16:35:25.720,14.814
2026-01-14 16:35:25.736,14.788
2026-01-14 16:35:25.754,14.768
2026-01-14 16:35:25.755,14.741
2026-01-14 16:35:25.771,14.714
2026-01-14 16:35:25.787,14.69
2026-01-14 16:35:25.787,14.673
2026-01-14 16:35:25.804,14.656
2026-01-14 16:35:25.821,14.638
2026-01-14 16:35:25.838,14.619
2026-01-14 16:35:25.839,14.607
2026-01-14 16:35:25.858,14.593
2026-01-14 16:35:25.870,14.571
2026-01-14 16:35:25.886,14.553
2026-01-14 16:35:25.887,14.544
2026-01-14 16:35:25.902,14.529
2026-01-14 16:35:25.920,14.522
2026-01-14 16:35:25.921,14.505
2026-01-14 16:35:25.937,14.509
2026-01-14 16:35:25.954,14.501
2026-01-14 16:35:25.996,14.493
2026-01-14 16:35:25.997,14.474
2026-01-14 16:35:25.997,14.467
2026-01-14 16:35:25.997,14.469
2026-01-14 16:35:26.008,14.456
2026-01-14 16:35:26.021,14.447
2026-01-14 16:35:26.036,14.434
2026-01-14 16:35:26.054,14.412
2026-01-14 16:35:26.054,14.399
2026-01-14 16:35:26.070,14.391
2026-01-14 16:35:26.087,14.384
2026-01-14 16:35:26.088,14.375
2026-01-14 16:35:26.105,14.366
2026-01-14 16:35:26.120,14.369
2026-01-14 16:35:26.137,14.362
2026-01-14 16:35:26.138,14.347
2026-01-14 16:35:26.154,14.33
2026-01-14 16:35:26.172,14.324
2026-01-14 16:35:26.173,14.31
2026-01-14 16:35:26.187,14.298
2026-01-14 16:35:26.204,14.286
2026-01-14 16:35:26.221,14.281
2026-01-14 16:35:26.221,14.267
2026-01-14 16:35:26.236,14.265
2026-01-14 16:35:26.254,14.272
2026-01-14 16:35:26.270,14.273
2026-01-14 16:35:26.271,14.269
2026-01-14 16:35:26.287,14.276
2026-01-14 16:35:26.309,14.284
2026-01-14 16:35:26.309,14.287
2026-01-14 16:35:26.320,14.295
2026-01-14 16:35:26.337,14.296
2026-01-14 16:35:26.354,14.292
2026-01-14 16:35:26.354,14.305
2026-01-14 16:35:26.370,14.304
2026-01-14 16:35:26.387,14.299
2026-01-14 16:35:26.388,14.293
2026-01-14 16:35:26.404,14.29
2026-01-14 16:35:26.419,14.301
2026-01-14 16:35:26.435,14.292
2026-01-14 16:35:26.436,14.282
2026-01-14 16:35:26.454,14.28
2026-01-14 16:35:26.469,14.276
2026-01-14 16:35:26.485,14.283
2026-01-14 16:35:26.485,14.277
2026-01-14 16:35:26.502,14.266
2026-01-14 16:35:26.520,14.256
2026-01-14 16:35:26.520,14.246
2026-01-14 16:35:26.536,14.241
2026-01-14 16:35:26.553,14.23
2026-01-14 16:35:26.569,14.232
2026-01-14 16:35:26.569,14.23
2026-01-14 16:35:26.585,14.223
2026-01-14 16:35:26.603,14.216
2026-01-14 16:35:26.619,14.227
2026-01-14 16:35:26.620,14.22
2026-01-14 16:35:26.636,14.213
2026-01-14 16:35:26.652,14.221
2026-01-14 16:35:26.652,14.212
2026-01-14 16:35:26.670,14.211
2026-01-14 16:35:26.687,14.216
2026-01-14 16:35:26.688,14.215
2026-01-14 16:35:26.703,14.209
2026-01-14 16:35:26.719,14.189
2026-01-14 16:35:26.735,14.177
2026-01-14 16:35:26.736,14.176
2026-01-14 16:35:26.752,14.163
2026-01-14 16:35:26.770,14.155
2026-01-14 16:35:26.786,14.153
2026-01-14 16:35:26.787,14.148
2026-01-14 16:35:26.804,14.139
2026-01-14 16:35:26.820,14.134
2026-01-14 16:35:26.821,14.125
2026-01-14 16:35:26.837,14.127
2026-01-14 16:35:26.853,14.122
2026-01-14 16:35:26.869,14.112
2026-01-14 16:35:26.870,14.09
2026-01-14 16:35:26.886,14.082
2026-01-14 16:35:26.904,14.089
2026-01-14 16:35:26.904,14.078
2026-01-14 16:35:26.919,14.061
2026-01-14 16:35:26.936,14.04
2026-01-14 16:35:26.953,14.022
2026-01-14 16:35:26.953,14.022
2026-01-14 16:35:26.970,14.014
2026-01-14 16:35:26.986,14.003
2026-01-14 16:35:27.004,13.985
2026-01-14 16:35:27.004,13.971
2026-01-14 16:35:27.021,13.969
2026-01-14 16:35:27.037,13.966
2026-01-14 16:35:27.037,13.95
2026-01-14 16:35:27.054,13.937
2026-01-14 16:35:27.070,13.929
2026-01-14 16:35:27.087,13.929
2026-01-14 16:35:27.087,13.939
2026-01-14 16:35:27.103,13.945
2026-01-14 16:35:27.121,13.946
2026-01-14 16:35:27.121,13.934
2026-01-14 16:35:27.136,13.928
2026-01-14 16:35:27.153,13.918
2026-01-14 16:35:27.171,13.906
2026-01-14 16:35:27.171,13.888
2026-01-14 16:35:27.186,13.877
2026-01-14 16:35:27.205,13.869
2026-01-14 16:35:27.206,13.86
2026-01-14 16:35:27.221,13.851
2026-01-14 16:35:27.238,13.838
2026-01-14 16:35:27.254,13.837
2026-01-14 16:35:27.255,13.824
2026-01-14 16:35:27.270,13.833
2026-01-14 16:35:27.287,13.837
2026-01-14 16:35:27.288,13.832
2026-01-14 16:35:27.310,13.827
2026-01-14 16:35:27.319,13.858
2026-01-14 16:35:27.363,13.871
2026-01-14 16:35:27.363,13.864
2026-01-14 16:35:27.364,13.84
2026-01-14 16:35:27.364,13.842
2026-01-14 16:35:27.387,13.854
2026-01-14 16:35:27.388,13.835
2026-01-14 16:35:27.404,13.836
2026-01-14 16:35:27.420,13.824
2026-01-14 16:35:27.421,13.815
2026-01-14 16:35:27.437,13.814
2026-01-14 16:35:27.454,13.81
2026-01-14 16:35:27.471,13.806
2026-01-14 16:35:27.471,13.805
2026-01-14 16:35:27.488,13.791
2026-01-14 16:35:27.503,13.794
2026-01-14 16:35:27.504,13.789
2026-01-14 16:35:27.519,13.788
2026-01-14 16:35:27.536,13.777
2026-01-14 16:35:27.552,13.766
2026-01-14 16:35:27.553,13.76
2026-01-14 16:35:27.569,13.754
2026-01-14 16:35:27.586,13.748
2026-01-14 16:35:27.604,13.75
2026-01-14 16:35:27.604,13.747
2026-01-14 16:35:27.618,13.766
2026-01-14 16:35:27.636,13.77
2026-01-14 16:35:27.637,13.769
2026-01-14 16:35:27.652,13.776
2026-01-14 16:35:27.670,13.781
2026-01-14 16:35:27.687,13.777
2026-01-14 16:35:27.687,13.78
2026-01-14 16:35:27.702,13.773
2026-01-14 16:35:27.718,13.757
2026-01-14 16:35:27.735,13.755
2026-01-14 16:35:27.736,13.756
2026-01-14 16:35:27.753,13.761
2026-01-14 16:35:27.770,13.755
2026-01-14 16:35:27.770,13.748
2026-01-14 16:35:27.787,13.744
2026-01-14 16:35:27.804,13.733
2026-01-14 16:35:27.804,13.724
2026-01-14 16:35:27.820,13.71
2026-01-14 16:35:27.837,13.699
2026-01-14 16:35:27.853,13.697
2026-01-14 16:35:27.854,13.696
2026-01-14 16:35:27.870,13.699
2026-01-14 16:35:27.887,13.695
2026-01-14 16:35:27.904,13.692
2026-01-14 16:35:27.904,13.697
2026-01-14 16:35:27.921,13.687
2026-01-14 16:35:27.937,13.666
2026-01-14 16:35:27.937,13.658
2026-01-14 16:35:27.953,13.645
2026-01-14 16:35:27.971,13.642
2026-01-14 16:35:27.986,13.632
2026-01-14 16:35:27.987,13.628
2026-01-14 16:35:28.005,13.622
2026-01-14 16:35:28.021,13.612
2026-01-14 16:35:28.021,13.618
2026-01-14 16:35:28.037,13.635
2026-01-14 16:35:28.054,13.621
2026-01-14 16:35:28.070,13.609
2026-01-14 16:35:28.070,13.603
2026-01-14 16:35:28.087,13.588
2026-01-14 16:35:28.103,13.576
2026-01-14 16:35:28.120,13.571
2026-01-14 16:35:28.121,13.574
2026-01-14 16:35:28.136,13.579
2026-01-14 16:35:28.154,13.564
2026-01-14 16:35:28.154,13.554
2026-01-14 16:35:28.169,13.547
2026-01-14 16:35:28.187,13.537
2026-01-14 16:35:28.187,13.537
2026-01-14 16:35:28.203,13.54
2026-01-14 16:35:28.221,13.541
2026-01-14 16:35:28.236,13.536
2026-01-14 16:35:28.237,13.531
2026-01-14 16:35:28.253,13.525
2026-01-14 16:35:28.269,13.518
2026-01-14 16:35:28.286,13.512
2026-01-14 16:35:28.286,13.509
2026-01-14 16:35:28.307,13.502
2026-01-14 16:35:28.308,13.483
2026-01-14 16:35:28.321,13.473
2026-01-14 16:35:28.337,13.468
2026-01-14 16:35:28.353,13.467
2026-01-14 16:35:28.370,13.462
2026-01-14 16:35:28.370,13.468
2026-01-14 16:35:28.386,13.465
2026-01-14 16:35:28.402,13.467
2026-01-14 16:35:28.403,13.473
2026-01-14 16:35:28.420,13.475
2026-01-14 16:35:28.437,13.481
2026-01-14 16:35:28.454,13.489
2026-01-14 16:35:28.454,13.489
2026-01-14 16:35:28.469,13.49
2026-01-14 16:35:28.487,13.499
2026-01-14 16:35:28.488,13.492
2026-01-14 16:35:28.504,13.497
2026-01-14 16:35:28.519,13.509
2026-01-14 16:35:28.537,13.506
2026-01-14 16:35:28.537,13.498
2026-01-14 16:35:28.553,13.491
2026-01-14 16:35:28.570,13.491
2026-01-14 16:35:28.586,13.492
2026-01-14 16:35:28.587,13.483
2026-01-14 16:35:28.603,13.48
2026-01-14 16:35:28.619,13.47
2026-01-14 16:35:28.620,13.469
2026-01-14 16:35:28.636,13.467
2026-01-14 16:35:28.653,13.463
2026-01-14 16:35:28.669,13.452
2026-01-14 16:35:28.669,13.443
2026-01-14 16:35:28.685,13.439
2026-01-14 16:35:28.727,13.447
2026-01-14 16:35:28.727,13.437
2026-01-14 16:35:28.728,13.419
2026-01-14 16:35:28.728,13.409
2026-01-14 16:35:28.753,13.407
2026-01-14 16:35:28.754,13.416
2026-01-14 16:35:28.770,13.411
2026-01-14 16:35:28.787,13.411
2026-01-14 16:35:28.804,13.415
2026-01-14 16:35:28.804,13.422
2026-01-14 16:35:28.820,13.422
2026-01-14 16:35:28.837,13.414
2026-01-14 16:35:28.837,13.41
2026-01-14 16:35:28.853,13.408
2026-01-14 16:35:28.871,13.403
2026-01-14 16:35:28.887,13.406
2026-01-14 16:35:28.887,13.412
2026-01-14 16:35:28.903,13.398
2026-01-14 16:35:28.920,13.391
2026-01-14 16:35:28.921,13.39
2026-01-14 16:35:28.937,13.381
2026-01-14 16:35:28.966,13.367
2026-01-14 16:35:28.967,13.351
2026-01-14 16:35:28.967,13.33
2026-01-14 16:35:28.998,13.327
2026-01-14 16:35:29.010,13.32
2026-01-14 16:35:29.023,13.319
2026-01-14 16:35:29.035,13.302
2026-01-14 16:35:29.053,13.299
2026-01-14 16:35:29.053,13.301
2026-01-14 16:35:29.070,13.293
2026-01-14 16:35:29.087,13.294
2026-01-14 16:35:29.104,13.291
2026-01-14 16:35:29.105,13.287
2026-01-14 16:35:29.121,13.265
2026-01-14 16:35:29.137,13.254
2026-01-14 16:35:29.137,13.26
2026-01-14 16:35:29.154,13.29
2026-01-14 16:35:29.170,13.31
2026-01-14 16:35:29.186,13.346
2026-01-14 16:35:29.187,13.351
2026-01-14 16:35:29.204,13.347
2026-01-14 16:35:29.220,13.344
2026-01-14 16:35:29.221,13.331
2026-01-14 16:35:29.236,13.328
2026-01-14 16:35:29.254,13.322
2026-01-14 16:35:29.271,13.307
2026-01-14 16:35:29.271,13.288
2026-01-14 16:35:29.294,13.27
2026-01-14 16:35:29.294,13.264
2026-01-14 16:35:29.319,13.251
2026-01-14 16:35:29.320,13.242
2026-01-14 16:35:29.337,13.235
2026-01-14 16:35:29.353,13.233
2026-01-14 16:35:29.353,13.239
2026-01-14 16:35:29.369,13.226
2026-01-14 16:35:29.387,13.213
2026-01-14 16:35:29.403,13.209
2026-01-14 16:35:29.404,13.206
2026-01-14 16:35:29.420,13.221
2026-01-14 16:35:29.438,13.217
2026-01-14 16:35:29.438,13.211
2026-01-14 16:35:29.453,13.208
2026-01-14 16:35:29.469,13.2
2026-01-14 16:35:29.487,13.203
2026-01-14 16:35:29.487,13.206
2026-01-14 16:35:29.503,13.198
2026-01-14 16:35:29.520,13.204
2026-01-14 16:35:29.521,13.204
2026-01-14 16:35:29.537,13.207
2026-01-14 16:35:29.553,13.205
2026-01-14 16:35:29.570,13.202
2026-01-14 16:35:29.571,13.212
2026-01-14 16:35:29.586,13.223
2026-01-14 16:35:29.604,13.232
2026-01-14 16:35:29.605,13.258
2026-01-14 16:35:29.620,13.301
2026-01-14 16:35:29.637,13.32
2026-01-14 16:35:29.653,13.344
2026-01-14 16:35:29.653,13.386
2026-01-14 16:35:29.669,13.426
2026-01-14 16:35:29.686,13.462
2026-01-14 16:35:29.703,13.515
2026-01-14 16:35:29.703,13.439
2026-01-14 16:35:29.721,13.375
2026-01-14 16:35:29.737,13.331
2026-01-14 16:35:29.737,13.293
2026-01-14 16:35:29.753,13.257
2026-01-14 16:35:29.770,13.233
2026-01-14 16:35:29.788,13.219
2026-01-14 16:35:29.789,13.213
2026-01-14 16:35:29.803,13.207
2026-01-14 16:35:29.819,13.213
2026-01-14 16:35:29.836,13.209
2026-01-14 16:35:29.836,13.199
2026-01-14 16:35:29.852,13.19
2026-01-14 16:35:29.870,13.181
2026-01-14 16:35:29.871,13.177
2026-01-14 16:35:29.887,13.173
2026-01-14 16:35:29.904,13.165
2026-01-14 16:35:29.904,13.15
2026-01-14 16:35:29.920,13.147
2026-01-14 16:35:29.937,13.141
2026-01-14 16:35:29.953,13.145
2026-01-14 16:35:29.954,13.146
2026-01-14 16:35:29.970,13.151
2026-01-14 16:35:29.986,13.152
2026-01-14 16:35:30.003,13.15
2026-01-14 16:35:30.004,13.15
2026-01-14 16:35:30.019,13.148
2026-01-14 16:35:30.036,13.144
2026-01-14 16:35:30.037,13.143
2026-01-14 16:35:30.079,13.138
2026-01-14 16:35:30.080,13.139
2026-01-14 16:35:30.081,13.141
2026-01-14 16:35:30.089,13.135
2026-01-14 16:35:30.102,13.132
2026-01-14 16:35:30.120,13.121
2026-01-14 16:35:30.120,13.109
2026-01-14 16:35:30.137,13.104
2026-01-14 16:35:30.154,13.092
2026-01-14 16:35:30.170,13.078
2026-01-14 16:35:30.171,13.075
2026-01-14 16:35:30.187,13.07
2026-01-14 16:35:30.203,13.074
2026-01-14 16:35:30.203,13.083
2026-01-14 16:35:30.220,13.07
2026-01-14 16:35:30.236,13.052
2026-01-14 16:35:30.253,13.034
2026-01-14 16:35:30.254,13.003
2026-01-14 16:35:30.270,12.971
2026-01-14 16:35:30.296,13.019
2026-01-14 16:35:30.296,13.109
2026-01-14 16:35:30.303,13.169
2026-01-14 16:35:30.320,13.215
2026-01-14 16:35:30.337,13.245
2026-01-14 16:35:30.337,13.251
2026-01-14 16:35:30.354,13.235
2026-01-14 16:35:30.370,13.22
2026-01-14 16:35:30.386,13.206
2026-01-14 16:35:30.387,13.184
2026-01-14 16:35:30.404,13.147
2026-01-14 16:35:30.419,13.117
2026-01-14 16:35:30.419,13.091
2026-01-14 16:35:30.435,13.074
2026-01-14 16:35:30.451,13.058
2026-01-14 16:35:30.469,13.053
2026-01-14 16:35:30.469,13.038
2026-01-14 16:35:30.485,13.024
2026-01-14 16:35:30.502,13.0
2026-01-14 16:35:30.517,12.989
2026-01-14 16:35:30.518,12.969
2026-01-14 16:35:30.535,12.955
2026-01-14 16:35:30.552,12.952
2026-01-14 16:35:30.553,12.949
2026-01-14 16:35:30.568,12.943
2026-01-14 16:35:30.586,12.937
2026-01-14 16:35:30.602,12.923
2026-01-14 16:35:30.602,12.921
2026-01-14 16:35:30.619,12.914
2026-01-14 16:35:30.636,12.916
2026-01-14 16:35:30.636,12.92
2026-01-14 16:35:30.653,12.916
2026-01-14 16:35:30.669,12.907
2026-01-14 16:35:30.672,12.904
2026-01-14 16:35:30.685,12.909
2026-01-14 16:35:30.702,12.914
2026-01-14 16:35:30.720,12.927
2026-01-14 16:35:30.720,12.934
2026-01-14 16:35:30.735,12.942
2026-01-14 16:35:30.753,12.96
2026-01-14 16:35:30.770,12.977
2026-01-14 16:35:30.770,13.005
2026-01-14 16:35:30.788,13.033
2026-01-14 16:35:30.803,13.066
2026-01-14 16:35:30.804,13.097
2026-01-14 16:35:30.819,13.141
2026-01-14 16:35:30.835,13.172
2026-01-14 16:35:30.853,13.125
2026-01-14 16:35:30.853,13.037
2026-01-14 16:35:30.869,12.978
2026-01-14 16:35:30.886,12.907
2026-01-14 16:35:30.902,12.966
2026-01-14 16:35:30.902,12.968
2026-01-14 16:35:30.919,12.96
2026-01-14 16:35:30.937,12.952
2026-01-14 16:35:30.937,12.944
2026-01-14 16:35:30.953,12.947
2026-01-14 16:35:30.969,12.953
2026-01-14 16:35:30.989,12.971
2026-01-14 16:35:30.990,12.987
2026-01-14 16:35:31.002,12.998
2026-01-14 16:35:31.020,13.017
2026-01-14 16:35:31.020,13.031
2026-01-14 16:35:31.037,13.04
2026-01-14 16:35:31.052,13.055
2026-01-14 16:35:31.069,13.059
2026-01-14 16:35:31.069,13.061
2026-01-14 16:35:31.085,13.066
2026-01-14 16:35:31.103,13.072
2026-01-14 16:35:31.104,13.08
2026-01-14 16:35:31.119,13.086
2026-01-14 16:35:31.137,13.092
2026-01-14 16:35:31.154,13.1
2026-01-14 16:35:31.154,13.118
2026-01-14 16:35:31.169,13.124
2026-01-14 16:35:31.187,13.126
2026-01-14 16:35:31.203,13.124
2026-01-14 16:35:31.203,13.124
2026-01-14 16:35:31.220,13.125
2026-01-14 16:35:31.237,13.121
2026-01-14 16:35:31.237,13.114
2026-01-14 16:35:31.254,13.099
2026-01-14 16:35:31.270,13.088
2026-01-14 16:35:31.292,13.073
2026-01-14 16:35:31.293,13.056
2026-01-14 16:35:31.302,13.035
2026-01-14 16:35:31.319,13.015
2026-01-14 16:35:31.320,12.996
2026-01-14 16:35:31.336,12.977
2026-01-14 16:35:31.354,12.954
2026-01-14 16:35:31.370,12.937
2026-01-14 16:35:31.370,12.91
2026-01-14 16:35:31.385,12.883
2026-01-14 16:35:31.403,12.868
2026-01-14 16:35:31.404,12.859
2026-01-14 16:35:31.464,12.887
2026-01-14 16:35:31.465,12.911
2026-01-14 16:35:31.466,12.887
2026-01-14 16:35:31.466,12.886
2026-01-14 16:35:31.477,12.901
2026-01-14 16:35:31.488,12.903
2026-01-14 16:35:31.502,12.897
2026-01-14 16:35:31.519,12.886
2026-01-14 16:35:31.536,12.872
2026-01-14 16:35:31.536,12.858
2026-01-14 16:35:31.553,12.825
2026-01-14 16:35:31.569,12.784
2026-01-14 16:35:31.585,12.747
2026-01-14 16:35:31.586,12.685
2026-01-14 16:35:31.602,12.613
2026-01-14 16:35:31.620,12.54
2026-01-14 16:35:31.620,12.477
2026-01-14 16:35:31.637,12.412
2026-01-14 16:35:31.653,12.356
2026-01-14 16:35:31.670,12.309
2026-01-14 16:35:31.671,12.274
2026-01-14 16:35:31.686,12.219
2026-01-14 16:35:31.702,12.177
2026-01-14 16:35:31.718,12.132
2026-01-14 16:35:31.719,12.097
2026-01-14 16:35:31.741,12.057
2026-01-14 16:35:31.741,12.025
2026-01-14 16:35:31.752,11.995
2026-01-14 16:35:31.770,11.963
2026-01-14 16:35:31.787,11.928
2026-01-14 16:35:31.787,11.89
2026-01-14 16:35:31.803,11.864
2026-01-14 16:35:31.820,11.842
2026-01-14 16:35:31.835,11.819
2026-01-14 16:35:31.836,11.797
2026-01-14 16:35:31.853,11.783
2026-01-14 16:35:31.870,11.774
2026-01-14 16:35:31.886,11.764
2026-01-14 16:35:31.887,11.734
2026-01-14 16:35:31.903,11.72
2026-01-14 16:35:31.920,11.703
2026-01-14 16:35:31.920,11.697
2026-01-14 16:35:31.935,11.686
2026-01-14 16:35:31.953,11.676
2026-01-14 16:35:31.969,11.677
2026-01-14 16:35:31.969,11.664
2026-01-14 16:35:31.985,11.653
2026-01-14 16:35:32.001,11.644
2026-01-14 16:35:32.019,11.648
2026-01-14 16:35:32.019,11.669
2026-01-14 16:35:32.036,11.674
2026-01-14 16:35:32.052,11.679
2026-01-14 16:35:32.053,11.686
2026-01-14 16:35:32.070,11.697
2026-01-14 16:35:32.085,11.704
2026-01-14 16:35:32.103,11.73
2026-01-14 16:35:32.104,11.753
2026-01-14 16:35:32.120,11.795
2026-01-14 16:35:32.136,11.826
2026-01-14 16:35:32.137,11.868
2026-01-14 16:35:32.152,11.886
2026-01-14 16:35:32.170,11.916
2026-01-14 16:35:32.185,11.962
2026-01-14 16:35:32.186,11.976
2026-01-14 16:35:32.203,11.986
2026-01-14 16:35:32.220,12.01
2026-01-14 16:35:32.220,12.038
2026-01-14 16:35:32.236,12.067
2026-01-14 16:35:32.251,12.077
2026-01-14 16:35:32.271,12.075
2026-01-14 16:35:32.271,12.073
2026-01-14 16:35:32.293,12.069
2026-01-14 16:35:32.307,12.047
2026-01-14 16:35:32.319,12.028
2026-01-14 16:35:32.336,12.008
2026-01-14 16:35:32.352,11.996
2026-01-14 16:35:32.353,11.97
2026-01-14 16:35:32.369,11.951
2026-01-14 16:35:32.386,11.93
2026-01-14 16:35:32.403,11.913
2026-01-14 16:35:32.403,11.897
2026-01-14 16:35:32.420,11.882
2026-01-14 16:35:32.436,11.865
2026-01-14 16:35:32.437,11.844
2026-01-14 16:35:32.453,11.833
2026-01-14 16:35:32.470,11.82
2026-01-14 16:35:32.486,11.803
2026-01-14 16:35:32.487,11.79
2026-01-14 16:35:32.503,11.771
2026-01-14 16:35:32.519,11.75
2026-01-14 16:35:32.520,11.732
2026-01-14 16:35:32.536,11.722
2026-01-14 16:35:32.553,11.706
2026-01-14 16:35:32.570,11.7
2026-01-14 16:35:32.571,11.685
2026-01-14 16:35:32.604,11.68
2026-01-14 16:35:32.604,11.656
2026-01-14 16:35:32.619,11.621
2026-01-14 16:35:32.636,11.57
2026-01-14 16:35:32.653,11.537
2026-01-14 16:35:32.654,11.528
2026-01-14 16:35:32.670,11.505
2026-01-14 16:35:32.686,11.491
2026-01-14 16:35:32.705,11.464
2026-01-14 16:35:32.705,11.435
2026-01-14 16:35:32.720,11.397
2026-01-14 16:35:32.735,11.354
2026-01-14 16:35:32.737,11.306
2026-01-14 16:35:32.752,11.251
2026-01-14 16:35:32.770,11.191
2026-01-14 16:35:32.785,11.122
2026-01-14 16:35:32.786,11.051
2026-01-14 16:35:32.811,10.98
2026-01-14 16:35:32.811,10.911
2026-01-14 16:35:32.821,10.848
2026-01-14 16:35:32.837,10.785
2026-01-14 16:35:32.853,10.719
2026-01-14 16:35:32.868,10.656
2026-01-14 16:35:32.869,10.598
2026-01-14 16:35:32.886,10.561
2026-01-14 16:35:32.903,10.526
2026-01-14 16:35:32.920,10.542
2026-01-14 16:35:32.920,10.524
2026-01-14 16:35:32.936,10.533
2026-01-14 16:35:32.952,10.563
2026-01-14 16:35:32.954,10.547
2026-01-14 16:35:32.969,10.537
2026-01-14 16:35:32.986,10.525
2026-01-14 16:35:33.002,10.507
2026-01-14 16:35:33.002,10.493
2026-01-14 16:35:33.019,10.495
2026-01-14 16:35:33.036,10.496
2026-01-14 16:35:33.036,10.513
2026-01-14 16:35:33.053,10.495
2026-01-14 16:35:33.067,10.485
2026-01-14 16:35:33.085,10.493
2026-01-14 16:35:33.086,10.495
2026-01-14 16:35:33.103,10.51
2026-01-14 16:35:33.119,10.522
2026-01-14 16:35:33.120,10.531
2026-01-14 16:35:33.135,10.462
2026-01-14 16:35:33.152,10.477
2026-01-14 16:35:33.169,10.488
2026-01-14 16:35:33.169,10.5
2026-01-14 16:35:33.186,10.408
2026-01-14 16:35:33.202,10.39
2026-01-14 16:35:33.219,10.331
2026-01-14 16:35:33.219,10.268
2026-01-14 16:35:33.234,10.225
2026-01-14 16:35:33.252,10.207
2026-01-14 16:35:33.252,10.197
2026-01-14 16:35:33.269,10.182
2026-01-14 16:35:33.287,10.174
2026-01-14 16:35:33.288,10.195
2026-01-14 16:35:33.309,10.245
2026-01-14 16:35:33.318,10.273
2026-01-14 16:35:33.336,10.298
2026-01-14 16:35:33.337,10.342
2026-01-14 16:35:33.352,10.384
2026-01-14 16:35:33.368,10.408
2026-01-14 16:35:33.384,10.433
2026-01-14 16:35:33.384,10.443
2026-01-14 16:35:33.401,10.443
2026-01-14 16:35:33.419,10.438
2026-01-14 16:35:33.435,10.472
2026-01-14 16:35:33.451,10.462
2026-01-14 16:35:33.467,10.466
2026-01-14 16:35:33.468,10.456
2026-01-14 16:35:33.501,10.449
2026-01-14 16:35:33.518,10.421
2026-01-14 16:35:33.519,10.391
2026-01-14 16:35:33.535,10.363
2026-01-14 16:35:33.551,10.333
2026-01-14 16:35:33.551,10.318
2026-01-14 16:35:33.569,10.3
2026-01-14 16:35:33.585,10.277
2026-01-14 16:35:33.602,10.257
2026-01-14 16:35:33.618,10.242
2026-01-14 16:35:33.634,10.21
2026-01-14 16:35:33.651,10.185
2026-01-14 16:35:33.651,10.156
2026-01-14 16:35:33.685,10.13
2026-01-14 16:35:33.685,10.119
2026-01-14 16:35:33.701,10.099
2026-01-14 16:35:33.718,10.076
2026-01-14 16:35:33.735,10.072
2026-01-14 16:35:33.735,10.089
2026-01-14 16:35:33.753,10.104
2026-01-14 16:35:33.769,10.106
2026-01-14 16:35:33.769,10.031
2026-01-14 16:35:33.784,9.972
2026-01-14 16:35:33.803,9.942
2026-01-14 16:35:33.804,9.991
2026-01-14 16:35:33.819,9.91
2026-01-14 16:35:33.836,9.808
2026-01-14 16:35:33.852,9.737
2026-01-14 16:35:33.853,9.654
2026-01-14 16:35:33.869,9.56
2026-01-14 16:35:33.886,9.472
2026-01-14 16:35:33.903,9.404
2026-01-14 16:35:33.903,9.459
2026-01-14 16:35:33.919,9.486
2026-01-14 16:35:33.936,9.493
2026-01-14 16:35:33.937,9.477
2026-01-14 16:35:33.953,9.452
2026-01-14 16:35:33.969,9.407
2026-01-14 16:35:33.985,9.369
2026-01-14 16:35:33.986,9.331
2026-01-14 16:35:34.003,9.274
2026-01-14 16:35:34.020,9.209
2026-01-14 16:35:34.020,9.145
2026-01-14 16:35:34.036,9.112
2026-01-14 16:35:34.053,9.064
2026-01-14 16:35:34.069,9.02
2026-01-14 16:35:34.070,8.984
2026-01-14 16:35:34.086,8.951
2026-01-14 16:35:34.103,8.934
2026-01-14 16:35:34.118,8.896
2026-01-14 16:35:34.118,8.873
2026-01-14 16:35:34.135,8.853
2026-01-14 16:35:34.179,8.832
2026-01-14 16:35:34.179,8.819
2026-01-14 16:35:34.179,8.812
2026-01-14 16:35:34.180,8.791
2026-01-14 16:35:34.188,8.772
2026-01-14 16:35:34.203,8.753
2026-01-14 16:35:34.220,8.744
2026-01-14 16:35:34.236,8.736
2026-01-14 16:35:34.237,8.731
2026-01-14 16:35:34.253,8.732
2026-01-14 16:35:34.269,8.722
2026-01-14 16:35:34.293,8.716
2026-01-14 16:35:34.293,8.7
2026-01-14 16:35:34.305,8.681
2026-01-14 16:35:34.318,8.674
2026-01-14 16:35:34.334,8.681
2026-01-14 16:35:34.335,8.716
2026-01-14 16:35:34.353,8.735
2026-01-14 16:35:34.369,8.77
2026-01-14 16:35:34.369,8.805
2026-01-14 16:35:34.385,8.835
2026-01-14 16:35:34.404,8.823
2026-01-14 16:35:34.405,8.845
2026-01-14 16:35:34.419,8.838
2026-01-14 16:35:34.435,8.802
2026-01-14 16:35:34.453,8.841
2026-01-14 16:35:34.453,8.83
2026-01-14 16:35:34.472,8.819
2026-01-14 16:35:34.486,8.819
2026-01-14 16:35:34.503,8.81
2026-01-14 16:35:34.503,8.804
2026-01-14 16:35:34.521,8.857
2026-01-14 16:35:34.536,8.889
2026-01-14 16:35:34.536,8.897
2026-01-14 16:35:34.552,8.884
2026-01-14 16:35:34.569,8.862
2026-01-14 16:35:34.586,8.832
2026-01-14 16:35:34.586,8.806
2026-01-14 16:35:34.604,8.782
2026-01-14 16:35:34.619,8.757
2026-01-14 16:35:34.620,8.733
2026-01-14 16:35:34.635,8.711
2026-01-14 16:35:34.654,8.694
2026-01-14 16:35:34.669,8.676
2026-01-14 16:35:34.670,8.658
2026-01-14 16:35:34.686,8.637
2026-01-14 16:35:34.702,8.626
2026-01-14 16:35:34.719,8.606
2026-01-14 16:35:34.719,8.582
2026-01-14 16:35:34.735,8.561
2026-01-14 16:35:34.753,8.538
2026-01-14 16:35:34.754,8.536
2026-01-14 16:35:34.768,8.516
2026-01-14 16:35:34.786,8.496
2026-01-14 16:35:34.801,8.48
2026-01-14 16:35:34.802,8.469
2026-01-14 16:35:34.820,8.468
2026-01-14 16:35:34.836,8.453
2026-01-14 16:35:34.836,8.428
2026-01-14 16:35:34.852,8.402
2026-01-14 16:35:34.869,8.371
2026-01-14 16:35:34.886,8.357
2026-01-14 16:35:34.886,8.343
2026-01-14 16:35:34.903,8.314
2026-01-14 16:35:34.919,8.294
2026-01-14 16:35:34.920,8.297
2026-01-14 16:35:34.935,8.301
2026-01-14 16:35:34.951,8.289
2026-01-14 16:35:34.970,8.266
2026-01-14 16:35:34.971,8.237
2026-01-14 16:35:34.986,8.196
2026-01-14 16:35:35.001,8.149
2026-01-14 16:35:35.019,8.091
2026-01-14 16:35:35.020,8.009
2026-01-14 16:35:35.035,7.949
2026-01-14 16:35:35.052,7.888
2026-01-14 16:35:35.053,7.816
2026-01-14 16:35:35.069,7.74
2026-01-14 16:35:35.085,7.666
2026-01-14 16:35:35.102,7.598
2026-01-14 16:35:35.102,7.546
2026-01-14 16:35:35.119,7.499
2026-01-14 16:35:35.136,7.456
2026-01-14 16:35:35.136,7.417
2026-01-14 16:35:35.152,7.478
2026-01-14 16:35:35.168,7.483
2026-01-14 16:35:35.185,7.476
2026-01-14 16:35:35.185,7.53
2026-01-14 16:35:35.202,7.57
2026-01-14 16:35:35.219,7.587
2026-01-14 16:35:35.220,7.599
2026-01-14 16:35:35.236,7.568
2026-01-14 16:35:35.252,7.575
2026-01-14 16:35:35.269,7.586
2026-01-14 16:35:35.269,7.563
2026-01-14 16:35:35.286,7.581
2026-01-14 16:35:35.309,7.549
2026-01-14 16:35:35.309,7.566
2026-01-14 16:35:35.317,7.52
2026-01-14 16:35:35.335,7.471
2026-01-14 16:35:35.351,7.396
2026-01-14 16:35:35.351,7.331
2026-01-14 16:35:35.367,7.271
2026-01-14 16:35:35.385,7.233
2026-01-14 16:35:35.402,7.188
2026-01-14 16:35:35.402,7.166
2026-01-14 16:35:35.419,7.133
2026-01-14 16:35:35.435,7.124
2026-01-14 16:35:35.436,7.111
2026-01-14 16:35:35.452,7.128
2026-01-14 16:35:35.469,7.172
2026-01-14 16:35:35.484,7.268
2026-01-14 16:35:35.485,7.299
2026-01-14 16:35:35.501,7.308
2026-01-14 16:35:35.544,7.318
2026-01-14 16:35:35.545,7.347
2026-01-14 16:35:35.545,7.374
2026-01-14 16:35:35.545,7.392
2026-01-14 16:35:35.569,7.396
2026-01-14 16:35:35.570,7.392
2026-01-14 16:35:35.586,7.378
2026-01-14 16:35:35.601,7.383
2026-01-14 16:35:35.620,7.363
2026-01-14 16:35:35.620,7.347
2026-01-14 16:35:35.636,7.329
2026-01-14 16:35:35.652,7.313
2026-01-14 16:35:35.653,7.299
2026-01-14 16:35:35.669,7.28
2026-01-14 16:35:35.685,7.26
2026-01-14 16:35:35.702,7.237
2026-01-14 16:35:35.703,7.222
2026-01-14 16:35:35.720,7.208
2026-01-14 16:35:35.736,7.199
2026-01-14 16:35:35.736,7.187
2026-01-14 16:35:35.752,7.182
2026-01-14 16:35:35.769,7.163
2026-01-14 16:35:35.785,7.147
2026-01-14 16:35:35.785,7.137
2026-01-14 16:35:35.803,7.112
2026-01-14 16:35:35.819,7.081
2026-01-14 16:35:35.834,7.052
2026-01-14 16:35:35.835,7.039
2026-01-14 16:35:35.851,7.013
2026-01-14 16:35:35.870,6.989
2026-01-14 16:35:35.871,6.968
2026-01-14 16:35:35.885,6.963
2026-01-14 16:35:35.901,6.97
2026-01-14 16:35:35.918,6.977
2026-01-14 16:35:35.918,7.007
2026-01-14 16:35:35.934,6.937
2026-01-14 16:35:35.952,6.903
2026-01-14 16:35:35.953,6.899
2026-01-14 16:35:35.968,6.886
2026-01-14 16:35:35.984,6.95
2026-01-14 16:35:36.003,6.923
2026-01-14 16:35:36.003,6.914
2026-01-14 16:35:36.019,6.84
2026-01-14 16:35:36.035,6.786
2026-01-14 16:35:36.036,6.764
2026-01-14 16:35:36.052,6.726
2026-01-14 16:35:36.069,6.683
2026-01-14 16:35:36.085,6.63
2026-01-14 16:35:36.086,6.555
2026-01-14 16:35:36.102,6.484
2026-01-14 16:35:36.119,6.413
2026-01-14 16:35:36.134,6.341
2026-01-14 16:35:36.135,6.272
2026-01-14 16:35:36.151,6.196
2026-01-14 16:35:36.170,6.14
2026-01-14 16:35:36.171,6.099
2026-01-14 16:35:36.186,6.072
2026-01-14 16:35:36.202,6.035
2026-01-14 16:35:36.219,6.006
2026-01-14 16:35:36.219,5.976
2026-01-14 16:35:36.236,5.971
2026-01-14 16:35:36.252,5.971
2026-01-14 16:35:36.252,5.983
2026-01-14 16:35:36.269,5.981
2026-01-14 16:35:36.286,5.967
2026-01-14 16:35:36.302,5.955
2026-01-14 16:35:36.303,5.924
2026-01-14 16:35:36.326,5.931
2026-01-14 16:35:36.326,5.936
2026-01-14 16:35:36.336,5.93
2026-01-14 16:35:36.352,5.943
2026-01-14 16:35:36.368,5.915
2026-01-14 16:35:36.384,5.899
2026-01-14 16:35:36.385,5.896
2026-01-14 16:35:36.402,5.85
2026-01-14 16:35:36.419,5.793
2026-01-14 16:35:36.419,5.748
2026-01-14 16:35:36.435,5.698
2026-01-14 16:35:36.453,5.657
2026-01-14 16:35:36.469,5.644
2026-01-14 16:35:36.469,5.653
2026-01-14 16:35:36.485,5.643
2026-01-14 16:35:36.503,5.682
2026-01-14 16:35:36.504,5.768
2026-01-14 16:35:36.519,5.806
2026-01-14 16:35:36.534,5.845
2026-01-14 16:35:36.551,5.859
2026-01-14 16:35:36.552,5.897
2026-01-14 16:35:36.568,5.912
2026-01-14 16:35:36.585,5.909
2026-01-14 16:35:36.602,5.901
2026-01-14 16:35:36.602,5.895
2026-01-14 16:35:36.618,5.894
2026-01-14 16:35:36.635,5.885
2026-01-14 16:35:36.636,5.873
2026-01-14 16:35:36.652,5.872
2026-01-14 16:35:36.669,5.858
2026-01-14 16:35:36.686,5.845
2026-01-14 16:35:36.686,5.824
2026-01-14 16:35:36.701,5.809
2026-01-14 16:35:36.720,5.792
2026-01-14 16:35:36.735,5.77
2026-01-14 16:35:36.735,5.759
2026-01-14 16:35:36.752,5.739
2026-01-14 16:35:36.769,5.717
2026-01-14 16:35:36.770,5.693
2026-01-14 16:35:36.785,5.675
2026-01-14 16:35:36.801,5.66
2026-01-14 16:35:36.819,5.644
2026-01-14 16:35:36.819,5.624
2026-01-14 16:35:36.835,5.614
2026-01-14 16:35:36.851,5.589
2026-01-14 16:35:36.852,5.573
2026-01-14 16:35:36.869,5.552
2026-01-14 16:35:36.896,5.527
2026-01-14 16:35:36.896,5.506
2026-01-14 16:35:36.908,5.486
2026-01-14 16:35:36.919,5.475
2026-01-14 16:35:36.935,5.447
2026-01-14 16:35:36.935,5.422
2026-01-14 16:35:36.951,5.398
2026-01-14 16:35:36.969,5.379
2026-01-14 16:35:36.985,5.387
2026-01-14 16:35:36.986,5.364
2026-01-14 16:35:37.003,5.324
2026-01-14 16:35:37.019,5.284
2026-01-14 16:35:37.020,5.242
2026-01-14 16:35:37.034,5.289
2026-01-14 16:35:37.052,5.259
2026-01-14 16:35:37.068,5.245
2026-01-14 16:35:37.068,5.213
2026-01-14 16:35:37.085,5.21
2026-01-14 16:35:37.101,5.202
2026-01-14 16:35:37.118,5.2
2026-01-14 16:35:37.119,5.134
2026-01-14 16:35:37.135,5.051
2026-01-14 16:35:37.152,4.973
2026-01-14 16:35:37.153,4.892
2026-01-14 16:35:37.168,4.831
2026-01-14 16:35:37.188,4.776
2026-01-14 16:35:37.188,4.738
2026-01-14 16:35:37.202,4.675
2026-01-14 16:35:37.219,4.622
2026-01-14 16:35:37.235,4.577
2026-01-14 16:35:37.235,4.539
2026-01-14 16:35:37.252,4.5
2026-01-14 16:35:37.269,4.466
2026-01-14 16:35:37.285,4.429
2026-01-14 16:35:37.286,4.418
2026-01-14 16:35:37.302,4.371
2026-01-14 16:35:37.319,4.335
2026-01-14 16:35:37.321,4.318
2026-01-14 16:35:37.342,4.299
2026-01-14 16:35:37.351,4.279
2026-01-14 16:35:37.368,4.266
2026-01-14 16:35:37.369,4.239
2026-01-14 16:35:37.384,4.207
2026-01-14 16:35:37.401,4.18
2026-01-14 16:35:37.403,4.151
2026-01-14 16:35:37.418,4.132
2026-01-14 16:35:37.435,4.11
2026-01-14 16:35:37.451,4.094
2026-01-14 16:35:37.451,4.082
2026-01-14 16:35:37.468,4.065
2026-01-14 16:35:37.484,4.046
2026-01-14 16:35:37.502,4.043
2026-01-14 16:35:37.503,4.04
2026-01-14 16:35:37.519,4.037
2026-01-14 16:35:37.535,4.036
2026-01-14 16:35:37.536,4.022
2026-01-14 16:35:37.551,3.998
2026-01-14 16:35:37.568,3.966
2026-01-14 16:35:37.586,3.938
2026-01-14 16:35:37.586,3.924
2026-01-14 16:35:37.601,3.905
2026-01-14 16:35:37.618,3.893
2026-01-14 16:35:37.634,3.893
2026-01-14 16:35:37.635,3.966
2026-01-14 16:35:37.652,3.966
2026-01-14 16:35:37.667,4.015
2026-01-14 16:35:37.668,4.028
2026-01-14 16:35:37.684,4.11
2026-01-14 16:35:37.701,4.117
2026-01-14 16:35:37.719,4.102
2026-01-14 16:35:37.719,4.095
2026-01-14 16:35:37.735,4.159
2026-01-14 16:35:37.751,4.184
2026-01-14 16:35:37.752,4.205
2026-01-14 16:35:37.767,4.207
2026-01-14 16:35:37.785,4.206
2026-01-14 16:35:37.801,4.183
2026-01-14 16:35:37.802,4.168
2026-01-14 16:35:37.818,4.165
2026-01-14 16:35:37.834,4.144
2026-01-14 16:35:37.852,4.13
2026-01-14 16:35:37.852,4.119
2026-01-14 16:35:37.868,4.109
2026-01-14 16:35:37.885,4.098
2026-01-14 16:35:37.885,4.087
2026-01-14 16:35:37.902,4.075
2026-01-14 16:35:37.919,4.066
2026-01-14 16:35:37.919,4.052
2026-01-14 16:35:37.934,4.039
2026-01-14 16:35:37.951,4.02
2026-01-14 16:35:37.970,3.992
2026-01-14 16:35:37.970,3.962
2026-01-14 16:35:37.985,3.93
2026-01-14 16:35:38.000,3.914
2026-01-14 16:35:38.019,3.896
2026-01-14 16:35:38.020,3.892
2026-01-14 16:35:38.035,3.864
2026-01-14 16:35:38.052,3.83
2026-01-14 16:35:38.052,3.806
2026-01-14 16:35:38.069,3.786
2026-01-14 16:35:38.103,3.766
2026-01-14 16:35:38.103,3.739
2026-01-14 16:35:38.119,3.715
2026-01-14 16:35:38.136,3.689
2026-01-14 16:35:38.152,3.7
2026-01-14 16:35:38.152,3.693
2026-01-14 16:35:38.168,3.668
2026-01-14 16:35:38.184,3.658
2026-01-14 16:35:38.185,3.651
2026-01-14 16:35:38.201,3.595
2026-01-14 16:35:38.218,3.514
2026-01-14 16:35:38.281,3.418
2026-01-14 16:35:38.282,3.342
2026-01-14 16:35:38.283,3.271
2026-01-14 16:35:38.284,3.21
2026-01-14 16:35:38.284,3.168
2026-01-14 16:35:38.284,3.121
2026-01-14 16:35:38.302,3.079
2026-01-14 16:35:38.318,3.038
2026-01-14 16:35:38.319,2.992
2026-01-14 16:35:38.340,2.964
2026-01-14 16:35:38.340,2.933
2026-01-14 16:35:38.351,2.913
2026-01-14 16:35:38.369,2.882
2026-01-14 16:35:38.384,2.85
2026-01-14 16:35:38.402,2.819
2026-01-14 16:35:38.402,2.793
2026-01-14 16:35:38.419,2.773
2026-01-14 16:35:38.436,2.742
2026-01-14 16:35:38.436,2.707
2026-01-14 16:35:38.452,2.69
2026-01-14 16:35:38.468,2.669
2026-01-14 16:35:38.485,2.652
2026-01-14 16:35:38.485,2.636
2026-01-14 16:35:38.502,2.62
2026-01-14 16:35:38.519,2.603
2026-01-14 16:35:38.520,2.586
2026-01-14 16:35:38.534,2.569
2026-01-14 16:35:38.554,2.559
2026-01-14 16:35:38.570,2.554
2026-01-14 16:35:38.570,2.549
2026-01-14 16:35:38.584,2.548
2026-01-14 16:35:38.603,2.544
2026-01-14 16:35:38.604,2.524
2026-01-14 16:35:38.617,2.512
2026-01-14 16:35:38.635,2.497
2026-01-14 16:35:38.652,2.494
2026-01-14 16:35:38.652,2.505
2026-01-14 16:35:38.668,2.529
2026-01-14 16:35:38.686,2.556
2026-01-14 16:35:38.702,2.583
2026-01-14 16:35:38.702,2.593
2026-01-14 16:35:38.718,2.662
2026-01-14 16:35:38.734,2.657
2026-01-14 16:35:38.735,2.683
2026-01-14 16:35:38.752,2.689
2026-01-14 16:35:38.769,2.691
2026-01-14 16:35:38.784,2.703
2026-01-14 16:35:38.785,2.729
2026-01-14 16:35:38.802,2.753
2026-01-14 16:35:38.818,2.773
2026-01-14 16:35:38.819,2.78
2026-01-14 16:35:38.836,2.786
2026-01-14 16:35:38.852,2.788
2026-01-14 16:35:38.867,2.791
2026-01-14 16:35:38.868,2.791
2026-01-14 16:35:38.884,2.798
2026-01-14 16:35:38.901,2.799
2026-01-14 16:35:38.918,2.789
2026-01-14 16:35:38.918,2.789
2026-01-14 16:35:38.933,2.782
2026-01-14 16:35:38.951,2.781
2026-01-14 16:35:38.951,2.771
2026-01-14 16:35:38.967,2.762
2026-01-14 16:35:38.985,2.749
2026-01-14 16:35:39.002,2.747
2026-01-14 16:35:39.002,2.731
2026-01-14 16:35:39.019,2.706
2026-01-14 16:35:39.036,2.671
2026-01-14 16:35:39.036,2.64
2026-01-14 16:35:39.050,2.614
2026-01-14 16:35:39.067,2.592
2026-01-14 16:35:39.084,2.584
2026-01-14 16:35:39.084,2.569
2026-01-14 16:35:39.102,2.552
2026-01-14 16:35:39.119,2.54
2026-01-14 16:35:39.134,2.527
2026-01-14 16:35:39.134,2.496
2026-01-14 16:35:39.152,2.474
2026-01-14 16:35:39.169,2.455
2026-01-14 16:35:39.169,2.449
2026-01-14 16:35:39.184,2.438
2026-01-14 16:35:39.220,2.418
2026-01-14 16:35:39.220,2.369
2026-01-14 16:35:39.235,2.345
2026-01-14 16:35:39.252,2.293
2026-01-14 16:35:39.253,2.259
2026-01-14 16:35:39.268,2.21
2026-01-14 16:35:39.285,2.164
2026-01-14 16:35:39.301,2.114
2026-01-14 16:35:39.302,2.064
2026-01-14 16:35:39.325,2.025
2026-01-14 16:35:39.325,1.981
2026-01-14 16:35:39.335,1.937
2026-01-14 16:35:39.352,1.882
2026-01-14 16:35:39.368,1.828
2026-01-14 16:35:39.385,1.785
2026-01-14 16:35:39.386,1.746
2026-01-14 16:35:39.402,1.7
2026-01-14 16:35:39.418,1.652
2026-01-14 16:35:39.435,1.603
2026-01-14 16:35:39.436,1.57
2026-01-14 16:35:39.451,1.541
2026-01-14 16:35:39.469,1.507
2026-01-14 16:35:39.469,1.468
2026-01-14 16:35:39.485,1.433
2026-01-14 16:35:39.501,1.401
2026-01-14 16:35:39.517,1.361
2026-01-14 16:35:39.518,1.335
2026-01-14 16:35:39.534,1.314
2026-01-14 16:35:39.552,1.288
2026-01-14 16:35:39.553,1.269
2026-01-14 16:35:39.568,1.245
2026-01-14 16:35:39.585,1.214
2026-01-14 16:35:39.587,1.193
2026-01-14 16:35:39.601,1.175
2026-01-14 16:35:39.634,1.154
2026-01-14 16:35:39.636,1.13
2026-01-14 16:35:39.636,1.108
2026-01-14 16:35:39.647,1.084
2026-01-14 16:35:39.668,1.065
2026-01-14 16:35:39.685,1.051
2026-01-14 16:35:39.702,1.044
2026-01-14 16:35:39.718,1.029
2026-01-14 16:35:39.734,1.009
2026-01-14 16:35:39.735,1.01
2026-01-14 16:35:39.751,1.002
2026-01-14 16:35:39.768,0.986
2026-01-14 16:35:39.768,0.969
2026-01-14 16:35:39.784,0.959
2026-01-14 16:35:39.800,0.949
2026-01-14 16:35:39.817,0.948
2026-01-14 16:35:39.817,0.944
2026-01-14 16:35:39.833,0.931
2026-01-14 16:35:39.850,0.914
2026-01-14 16:35:39.867,0.918
2026-01-14 16:35:39.868,0.904
2026-01-14 16:35:39.884,0.894
2026-01-14 16:35:39.900,0.884
2026-01-14 16:35:39.900,0.872
2026-01-14 16:35:39.917,0.868
2026-01-14 16:35:39.935,0.862
2026-01-14 16:35:39.950,0.86
2026-01-14 16:35:39.950,0.851
2026-01-14 16:35:39.967,0.852
2026-01-14 16:35:39.984,0.852
2026-01-14 16:35:39.984,0.843
2026-01-14 16:35:40.000,0.841
2026-01-14 16:35:40.017,0.847
2026-01-14 16:35:40.034,0.846
2026-01-14 16:35:40.035,0.846
2026-01-14 16:35:40.052,0.843
2026-01-14 16:35:40.068,0.845
2026-01-14 16:35:40.069,0.841
2026-01-14 16:35:40.084,0.831
2026-01-14 16:35:40.103,0.829
2026-01-14 16:35:40.104,0.832
2026-01-14 16:35:40.118,0.833
2026-01-14 16:35:40.135,0.828
2026-01-14 16:35:40.151,0.83
2026-01-14 16:35:40.152,0.818
2026-01-14 16:35:40.169,0.814
2026-01-14 16:35:40.184,0.808
2026-01-14 16:35:40.203,0.801
2026-01-14 16:35:40.204,0.796
2026-01-14 16:35:40.218,0.794
2026-01-14 16:35:40.235,0.787
2026-01-14 16:35:40.235,0.78
2026-01-14 16:35:40.251,0.773
2026-01-14 16:35:40.268,0.767
2026-01-14 16:35:40.285,0.759
2026-01-14 16:35:40.286,0.754
2026-01-14 16:35:40.301,0.746
2026-01-14 16:35:40.318,0.739
2026-01-14 16:35:40.340,0.73
2026-01-14 16:35:40.340,0.722
2026-01-14 16:35:40.351,0.725
2026-01-14 16:35:40.368,0.724
2026-01-14 16:35:40.368,0.727
2026-01-14 16:35:40.384,0.724
2026-01-14 16:35:40.402,0.721
2026-01-14 16:35:40.418,0.726
2026-01-14 16:35:40.419,0.728
2026-01-14 16:35:40.434,0.731
2026-01-14 16:35:40.453,0.733
2026-01-14 16:35:40.454,0.736
2026-01-14 16:35:40.468,0.735
2026-01-14 16:35:40.484,0.726
2026-01-14 16:35:40.501,0.718
2026-01-14 16:35:40.501,0.716
2026-01-14 16:35:40.519,0.711
2026-01-14 16:35:40.535,0.708
2026-01-14 16:35:40.535,0.707
2026-01-14 16:35:40.551,0.709
2026-01-14 16:35:40.569,0.711
2026-01-14 16:35:40.583,0.705
2026-01-14 16:35:40.584,0.7
2026-01-14 16:35:40.603,0.705
2026-01-14 16:35:40.617,0.707
2026-01-14 16:35:40.635,0.708
2026-01-14 16:35:40.635,0.704
2026-01-14 16:35:40.653,0.71
2026-01-14 16:35:40.670,0.72
2026-01-14 16:35:40.671,0.723
2026-01-14 16:35:40.686,0.719
2026-01-14 16:35:40.701,0.718
2026-01-14 16:35:40.717,0.719
2026-01-14 16:35:40.718,0.716
2026-01-14 16:35:40.734,0.712
2026-01-14 16:35:40.751,0.702
2026-01-14 16:35:40.767,0.698
2026-01-14 16:35:40.768,0.7
2026-01-14 16:35:40.784,0.695
2026-01-14 16:35:40.800,0.698
2026-01-14 16:35:40.801,0.697
2026-01-14 16:35:40.817,0.692
2026-01-14 16:35:40.834,0.689
2026-01-14 16:35:40.850,0.694
2026-01-14 16:35:40.851,0.697
2026-01-14 16:35:40.867,0.699
2026-01-14 16:35:40.884,0.701
2026-01-14 16:35:40.884,0.699
2026-01-14 16:35:40.901,0.705
2026-01-14 16:35:40.917,0.708
2026-01-14 16:35:40.932,0.707
2026-01-14 16:35:40.934,0.71
2026-01-14 16:35:40.950,0.706
2026-01-14 16:35:40.992,0.703
2026-01-14 16:35:40.993,0.702
2026-01-14 16:35:40.993,0.702
2026-01-14 16:35:40.993,0.704
2026-01-14 16:35:41.018,0.702
2026-01-14 16:35:41.019,0.701
2026-01-14 16:35:41.035,0.697
2026-01-14 16:35:41.051,0.693
2026-01-14 16:35:41.052,0.691
2026-01-14 16:35:41.069,0.689
2026-01-14 16:35:41.084,0.69
2026-01-14 16:35:41.102,0.684
2026-01-14 16:35:41.102,0.681
2026-01-14 16:35:41.118,0.679
2026-01-14 16:35:41.135,0.681
2026-01-14 16:35:41.135,0.68
2026-01-14 16:35:41.151,0.687
2026-01-14 16:35:41.170,0.69
2026-01-14 16:35:41.185,0.687
2026-01-14 16:35:41.185,0.693
2026-01-14 16:35:41.201,0.696
2026-01-14 16:35:41.218,0.694
2026-01-14 16:35:41.235,0.696
2026-01-14 16:35:41.236,0.699
2026-01-14 16:35:41.252,0.703
2026-01-14 16:35:41.269,0.704
2026-01-14 16:35:41.269,0.709
2026-01-14 16:35:41.288,0.71
2026-01-14 16:35:41.301,0.708
2026-01-14 16:35:41.319,0.704
2026-01-14 16:35:41.319,0.704
2026-01-14 16:35:41.339,0.709
2026-01-14 16:35:41.340,0.715
2026-01-14 16:35:41.351,0.715
2026-01-14 16:35:41.368,0.72
2026-01-14 16:35:41.385,0.721
2026-01-14 16:35:41.401,0.727
2026-01-14 16:35:41.401,0.733
2026-01-14 16:35:41.419,0.73
2026-01-14 16:35:41.436,0.728
2026-01-14 16:35:41.436,0.723
2026-01-14 16:35:41.451,0.719
2026-01-14 16:35:41.467,0.71
2026-01-14 16:35:41.484,0.711
2026-01-14 16:35:41.484,0.714
2026-01-14 16:35:41.501,0.718
2026-01-14 16:35:41.518,0.724
2026-01-14 16:35:41.535,0.729
2026-01-14 16:35:41.535,0.729
2026-01-14 16:35:41.551,0.725
2026-01-14 16:35:41.568,0.726
2026-01-14 16:35:41.569,0.729
2026-01-14 16:35:41.585,0.733
2026-01-14 16:35:41.602,0.732
2026-01-14 16:35:41.619,0.73
2026-01-14 16:35:41.620,0.729
2026-01-14 16:35:41.635,0.724
2026-01-14 16:35:41.649,0.717
2026-01-14 16:35:41.669,0.714
2026-01-14 16:35:41.669,0.708
2026-01-14 16:35:41.684,0.704
2026-01-14 16:35:41.701,0.707
2026-01-14 16:35:41.701,0.702
2026-01-14 16:35:41.718,0.703
2026-01-14 16:35:41.734,0.705
2026-01-14 16:35:41.735,0.705
2026-01-14 16:35:41.750,0.703
2026-01-14 16:35:41.769,0.708
2026-01-14 16:35:41.784,0.708
2026-01-14 16:35:41.784,0.705
2026-01-14 16:35:41.801,0.702
2026-01-14 16:35:41.818,0.696
2026-01-14 16:35:41.834,0.691
2026-01-14 16:35:41.835,0.695
2026-01-14 16:35:41.852,0.692
2026-01-14 16:35:41.868,0.689
2026-01-14 16:35:41.869,0.689
2026-01-14 16:35:41.884,0.688
2026-01-14 16:35:41.901,0.689
2026-01-14 16:35:41.918,0.689
2026-01-14 16:35:41.918,0.692
2026-01-14 16:35:41.935,0.7
2026-01-14 16:35:41.950,0.701
2026-01-14 16:35:41.951,0.708
2026-01-14 16:35:41.968,0.708
2026-01-14 16:35:41.985,0.708
2026-01-14 16:35:42.000,0.707
2026-01-14 16:35:42.001,0.707
2026-01-14 16:35:42.018,0.704
2026-01-14 16:35:42.035,0.699
2026-01-14 16:35:42.036,0.693
2026-01-14 16:35:42.050,0.688
2026-01-14 16:35:42.067,0.688
2026-01-14 16:35:42.085,0.69
2026-01-14 16:35:42.085,0.689
2026-01-14 16:35:42.099,0.692
2026-01-14 16:35:42.117,0.689
2026-01-14 16:35:42.134,0.693
2026-01-14 16:35:42.135,0.7
2026-01-14 16:35:42.150,0.701
2026-01-14 16:35:42.168,0.701
2026-01-14 16:35:42.168,0.706
2026-01-14 16:35:42.185,0.707
2026-01-14 16:35:42.200,0.706
2026-01-14 16:35:42.217,0.706
2026-01-14 16:35:42.218,0.7
2026-01-14 16:35:42.234,0.698
2026-01-14 16:35:42.249,0.693
2026-01-14 16:35:42.266,0.687
2026-01-14 16:35:42.267,0.685
2026-01-14 16:35:42.283,0.678
2026-01-14 16:35:42.301,0.677
2026-01-14 16:35:42.301,0.676
2026-01-14 16:35:42.318,0.676
2026-01-14 16:35:42.357,0.674
2026-01-14 16:35:42.358,0.67
2026-01-14 16:35:42.358,0.673
2026-01-14 16:35:42.371,0.668
2026-01-14 16:35:42.372,0.673
2026-01-14 16:35:42.384,0.672
2026-01-14 16:35:42.401,0.671
2026-01-14 16:35:42.418,0.67
2026-01-14 16:35:42.434,0.674
2026-01-14 16:35:42.434,0.675
2026-01-14 16:35:42.452,0.676
2026-01-14 16:35:42.469,0.676
2026-01-14 16:35:42.469,0.679
2026-01-14 16:35:42.484,0.684
2026-01-14 16:35:42.502,0.683
2026-01-14 16:35:42.518,0.686
2026-01-14 16:35:42.518,0.688
2026-01-14 16:35:42.534,0.683
2026-01-14 16:35:42.551,0.682
2026-01-14 16:35:42.552,0.683
2026-01-14 16:35:42.567,0.689
2026-01-14 16:35:42.585,0.689
2026-01-14 16:35:42.601,0.691
2026-01-14 16:35:42.601,0.687
2026-01-14 16:35:42.617,0.697
2026-01-14 16:35:42.635,0.696
2026-01-14 16:35:42.635,0.692
2026-01-14 16:35:42.650,0.7
2026-01-14 16:35:42.668,0.702
2026-01-14 16:35:42.684,0.702
2026-01-14 16:35:42.684,0.699
2026-01-14 16:35:42.700,0.702
2026-01-14 16:35:42.719,0.704
2026-01-14 16:35:42.720,0.709
2026-01-14 16:35:42.733,0.712
2026-01-14 16:35:42.751,0.714
2026-01-14 16:35:42.769,0.717
2026-01-14 16:35:42.769,0.711
2026-01-14 16:35:42.784,0.714
2026-01-14 16:35:42.802,0.72
2026-01-14 16:35:42.817,0.718
2026-01-14 16:35:42.818,0.72
2026-01-14 16:35:42.835,0.721
2026-01-14 16:35:42.852,0.721
2026-01-14 16:35:42.852,0.718
2026-01-14 16:35:42.868,0.721
2026-01-14 16:35:42.885,0.716
2026-01-14 16:35:42.903,0.71
2026-01-14 16:35:42.903,0.706
2026-01-14 16:35:42.917,0.707
2026-01-14 16:35:42.933,0.702
2026-01-14 16:35:42.951,0.697
2026-01-14 16:35:42.952,0.695
2026-01-14 16:35:42.967,0.693
2026-01-14 16:35:42.984,0.695
2026-01-14 16:35:42.984,0.693
2026-01-14 16:35:43.001,0.695
2026-01-14 16:35:43.018,0.701
2026-01-14 16:35:43.019,0.705
2026-01-14 16:35:43.033,0.706
2026-01-14 16:35:43.050,0.715
2026-01-14 16:35:43.068,0.718
2026-01-14 16:35:43.068,0.718
2026-01-14 16:35:43.085,0.718
2026-01-14 16:35:43.101,0.719
2026-01-14 16:35:43.118,0.723
2026-01-14 16:35:43.118,0.723
2026-01-14 16:35:43.134,0.727
2026-01-14 16:35:43.151,0.724
2026-01-14 16:35:43.152,0.726
2026-01-14 16:35:43.168,0.72
2026-01-14 16:35:43.184,0.719
2026-01-14 16:35:43.201,0.722
2026-01-14 16:35:43.202,0.722
2026-01-14 16:35:43.218,0.723
2026-01-14 16:35:43.234,0.719
2026-01-14 16:35:43.234,0.716
2026-01-14 16:35:43.250,0.71
2026-01-14 16:35:43.268,0.714
2026-01-14 16:35:43.283,0.72
2026-01-14 16:35:43.285,0.72
2026-01-14 16:35:43.301,0.716
2026-01-14 16:35:43.318,0.716
2026-01-14 16:35:43.334,0.712
2026-01-14 16:35:43.335,0.712
2026-01-14 16:35:43.358,0.709
2026-01-14 16:35:43.358,0.714
2026-01-14 16:35:43.368,0.713
2026-01-14 16:35:43.385,0.716
2026-01-14 16:35:43.400,0.72
2026-01-14 16:35:43.418,0.722
2026-01-14 16:35:43.418,0.733
2026-01-14 16:35:43.433,0.732
2026-01-14 16:35:43.451,0.728
2026-01-14 16:35:43.452,0.732
2026-01-14 16:35:43.468,0.729
2026-01-14 16:35:43.484,0.73
2026-01-14 16:35:43.501,0.732
2026-01-14 16:35:43.501,0.734
2026-01-14 16:35:43.518,0.73
2026-01-14 16:35:43.534,0.728
2026-01-14 16:35:43.551,0.73
2026-01-14 16:35:43.551,0.733
2026-01-14 16:35:43.568,0.735
2026-01-14 16:35:43.585,0.732
2026-01-14 16:35:43.585,0.737
2026-01-14 16:35:43.601,0.743
2026-01-14 16:35:43.618,0.741
2026-01-14 16:35:43.633,0.742
2026-01-14 16:35:43.634,0.739
2026-01-14 16:35:43.651,0.741
2026-01-14 16:35:43.668,0.746
2026-01-14 16:35:43.668,0.755
2026-01-14 16:35:43.709,0.763
2026-01-14 16:35:43.710,0.77
2026-01-14 16:35:43.711,0.771
2026-01-14 16:35:43.719,0.775
2026-01-14 16:35:43.734,0.781
2026-01-14 16:35:43.750,0.786
2026-01-14 16:35:43.767,0.786
2026-01-14 16:35:43.767,0.779
2026-01-14 16:35:43.783,0.777
2026-01-14 16:35:43.801,0.773
2026-01-14 16:35:43.801,0.781
2026-01-14 16:35:43.817,0.782
2026-01-14 16:35:43.834,0.78
2026-01-14 16:35:43.851,0.776
2026-01-14 16:35:43.851,0.775
2026-01-14 16:35:43.868,0.773
2026-01-14 16:35:43.883,0.772
2026-01-14 16:35:43.884,0.772
2026-01-14 16:35:43.900,0.769
2026-01-14 16:35:43.917,0.765
2026-01-14 16:35:43.933,0.758
2026-01-14 16:35:43.933,0.761
2026-01-14 16:35:43.953,0.758
2026-01-14 16:35:43.967,0.75
2026-01-14 16:35:43.967,0.752
2026-01-14 16:35:43.985,0.756
2026-01-14 16:35:44.001,0.751
2026-01-14 16:35:44.018,0.742
2026-01-14 16:35:44.018,0.743
2026-01-14 16:35:44.035,0.737
2026-01-14 16:35:44.051,0.734
2026-01-14 16:35:44.051,0.729
2026-01-14 16:35:44.068,0.726
2026-01-14 16:35:44.084,0.718
2026-01-14 16:35:44.101,0.705
2026-01-14 16:35:44.102,0.705
2026-01-14 16:35:44.119,0.697
2026-01-14 16:35:44.133,0.694
2026-01-14 16:35:44.152,0.697
2026-01-14 16:35:44.152,0.689
2026-01-14 16:35:44.167,0.679
2026-01-14 16:35:44.184,0.668
2026-01-14 16:35:44.185,0.674
2026-01-14 16:35:44.201,0.674
2026-01-14 16:35:44.217,0.67
2026-01-14 16:35:44.235,0.658
2026-01-14 16:35:44.236,0.654
2026-01-14 16:35:44.251,0.653
2026-01-14 16:35:44.274,0.64
2026-01-14 16:35:44.274,0.631
2026-01-14 16:35:44.287,0.633
2026-01-14 16:35:44.300,0.638
2026-01-14 16:35:44.317,0.642
2026-01-14 16:35:44.317,0.635
2026-01-14 16:35:44.333,0.626
2026-01-14 16:35:44.356,0.617
2026-01-14 16:35:44.357,0.606
2026-01-14 16:35:44.367,0.603
2026-01-14 16:35:44.382,0.589
2026-01-14 16:35:44.400,0.584
2026-01-14 16:35:44.401,0.575
2026-01-14 16:35:44.416,0.566
2026-01-14 16:35:44.434,0.57
2026-01-14 16:35:44.450,0.578
2026-01-14 16:35:44.450,0.587
2026-01-14 16:35:44.466,0.59
2026-01-14 16:35:44.483,0.6
2026-01-14 16:35:44.484,0.61
2026-01-14 16:35:44.500,0.607
2026-01-14 16:35:44.516,0.601
2026-01-14 16:35:44.533,0.59
2026-01-14 16:35:44.534,0.592
2026-01-14 16:35:44.550,0.593
2026-01-14 16:35:44.567,0.593
2026-01-14 16:35:44.568,0.6
2026-01-14 16:35:44.582,0.611
2026-01-14 16:35:44.598,0.613
2026-01-14 16:35:44.616,0.61
2026-01-14 16:35:44.617,0.615
2026-01-14 16:35:44.633,0.624
2026-01-14 16:35:44.651,0.622
2026-01-14 16:35:44.667,0.621
2026-01-14 16:35:44.667,0.628
2026-01-14 16:35:44.684,0.636
2026-01-14 16:35:44.701,0.64
2026-01-14 16:35:44.701,0.647
2026-01-14 16:35:44.718,0.658
2026-01-14 16:35:44.733,0.664
2026-01-14 16:35:44.750,0.671
2026-01-14 16:35:44.751,0.671
2026-01-14 16:35:44.767,0.677
2026-01-14 16:35:44.783,0.685
2026-01-14 16:35:44.801,0.696
2026-01-14 16:35:44.801,0.711
2026-01-14 16:35:44.816,0.739
2026-01-14 16:35:44.833,0.759
2026-01-14 16:35:44.834,0.773
2026-01-14 16:35:44.851,0.795
2026-01-14 16:35:44.867,0.818
2026-01-14 16:35:44.868,0.828
2026-01-14 16:35:44.883,0.836
2026-01-14 16:35:44.901,0.836
2026-01-14 16:35:44.917,0.837
2026-01-14 16:35:44.918,0.842
2026-01-14 16:35:44.935,0.847
2026-01-14 16:35:44.950,0.856
2026-01-14 16:35:44.967,0.862
2026-01-14 16:35:44.967,0.865
2026-01-14 16:35:44.983,0.876
2026-01-14 16:35:45.001,0.881
2026-01-14 16:35:45.001,0.888
2026-01-14 16:35:45.017,0.881
2026-01-14 16:35:45.033,0.869
