Timestamp,Distance(m)
2026-01-14 16:19:29.965,1.017
2026-01-14 16:19:29.982,1.028
2026-01-14 16:19:29.982,1.04
2026-01-14 16:19:30.000,1.048
2026-01-14 16:19:30.017,1.06
2026-01-14 16:19:30.017,1.07
2026-01-14 16:19:30.032,1.079
2026-01-14 16:19:30.050,1.089
2026-01-14 16:19:30.051,1.104
2026-01-14 16:19:30.066,1.114
2026-01-14 16:19:30.083,1.126
2026-01-14 16:19:30.099,1.142
2026-01-14 16:19:30.100,1.148
2026-01-14 16:19:30.117,1.157
2026-01-14 16:19:30.132,1.164
2026-01-14 16:19:30.148,1.179
2026-01-14 16:19:30.148,1.191
2026-01-14 16:19:30.165,1.202
2026-01-14 16:19:30.182,1.208
2026-01-14 16:19:30.182,1.226
2026-01-14 16:19:30.199,1.24
2026-01-14 16:19:30.216,1.257
2026-01-14 16:19:30.233,1.271
2026-01-14 16:19:30.233,1.288
2026-01-14 16:19:30.249,1.31
2026-01-14 16:19:30.266,1.324
2026-01-14 16:19:30.266,1.337
2026-01-14 16:19:30.282,1.35
2026-01-14 16:19:30.298,1.371
2026-01-14 16:19:30.316,1.394
2026-01-14 16:19:30.316,1.416
2026-01-14 16:19:30.332,1.429
2026-01-14 16:19:30.349,1.451
2026-01-14 16:19:30.350,1.48
2026-01-14 16:19:30.366,1.503
2026-01-14 16:19:30.384,1.522
2026-01-14 16:19:30.399,1.545
2026-01-14 16:19:30.400,1.563
2026-01-14 16:19:30.415,1.58
2026-01-14 16:19:30.433,1.601
2026-01-14 16:19:30.450,1.616
2026-01-14 16:19:30.450,1.633
2026-01-14 16:19:30.467,1.65
2026-01-14 16:19:30.483,1.66
2026-01-14 16:19:30.483,1.671
2026-01-14 16:19:30.499,1.68
2026-01-14 16:19:30.516,1.695
2026-01-14 16:19:30.532,1.713
2026-01-14 16:19:30.533,1.725
2026-01-14 16:19:30.549,1.741
2026-01-14 16:19:30.565,1.758
2026-01-14 16:19:30.566,1.766
2026-01-14 16:19:30.581,1.765
2026-01-14 16:19:30.598,1.777
2026-01-14 16:19:30.615,1.786
2026-01-14 16:19:30.615,1.785
2026-01-14 16:19:30.631,1.787
2026-01-14 16:19:30.649,1.796
2026-01-14 16:19:30.650,1.808
2026-01-14 16:19:30.666,1.815
2026-01-14 16:19:30.682,1.822
2026-01-14 16:19:30.699,1.834
2026-01-14 16:19:30.699,1.844
2026-01-14 16:19:30.715,1.849
2026-01-14 16:19:30.733,1.858
2026-01-14 16:19:30.749,1.874
2026-01-14 16:19:30.749,1.886
2026-01-14 16:19:30.766,1.893
2026-01-14 16:19:30.783,1.907
2026-01-14 16:19:30.783,1.916
2026-01-14 16:19:30.800,1.927
2026-01-14 16:19:30.815,1.939
2026-01-14 16:19:30.832,1.954
2026-01-14 16:19:30.833,1.966
2026-01-14 16:19:30.859,1.981
2026-01-14 16:19:30.859,1.994
2026-01-14 16:19:30.867,2.014
2026-01-14 16:19:30.883,2.026
2026-01-14 16:19:30.900,2.038
2026-01-14 16:19:30.916,2.053
2026-01-14 16:19:30.917,2.07
2026-01-14 16:19:30.932,2.08
2026-01-14 16:19:30.976,2.093
2026-01-14 16:19:30.976,2.108
2026-01-14 16:19:30.977,2.125
2026-01-14 16:19:30.977,2.145
2026-01-14 16:19:30.999,2.158
2026-01-14 16:19:31.000,2.164
2026-01-14 16:19:31.016,2.188
2026-01-14 16:19:31.033,2.202
2026-01-14 16:19:31.050,2.214
2026-01-14 16:19:31.050,2.235
2026-01-14 16:19:31.067,2.25
2026-01-14 16:19:31.082,2.258
2026-01-14 16:19:31.083,2.276
2026-01-14 16:19:31.101,2.291
2026-01-14 16:19:31.116,2.303
2026-01-14 16:19:31.133,2.315
2026-01-14 16:19:31.133,2.328
2026-01-14 16:19:31.151,2.34
2026-01-14 16:19:31.166,2.359
2026-01-14 16:19:31.167,2.385
2026-01-14 16:19:31.183,2.397
2026-01-14 16:19:31.200,2.41
2026-01-14 16:19:31.217,2.423
2026-01-14 16:19:31.218,2.431
2026-01-14 16:19:31.232,2.445
2026-01-14 16:19:31.250,2.462
2026-01-14 16:19:31.251,2.479
2026-01-14 16:19:31.266,2.493
2026-01-14 16:19:31.282,2.507
2026-01-14 16:19:31.300,2.524
2026-01-14 16:19:31.300,2.536
2026-01-14 16:19:31.316,2.548
2026-01-14 16:19:31.332,2.559
2026-01-14 16:19:31.351,2.574
2026-01-14 16:19:31.352,2.598
2026-01-14 16:19:31.366,2.617
2026-01-14 16:19:31.382,2.639
2026-01-14 16:19:31.383,2.655
2026-01-14 16:19:31.401,2.672
2026-01-14 16:19:31.416,2.692
2026-01-14 16:19:31.433,2.707
2026-01-14 16:19:31.433,2.726
2026-01-14 16:19:31.450,2.739
2026-01-14 16:19:31.466,2.751
2026-01-14 16:19:31.467,2.769
2026-01-14 16:19:31.483,2.779
2026-01-14 16:19:31.499,2.786
2026-01-14 16:19:31.516,2.805
2026-01-14 16:19:31.517,2.821
2026-01-14 16:19:31.532,2.829
2026-01-14 16:19:31.551,2.837
2026-01-14 16:19:31.551,2.853
2026-01-14 16:19:31.567,2.867
2026-01-14 16:19:31.582,2.889
2026-01-14 16:19:31.601,2.902
2026-01-14 16:19:31.602,2.906
2026-01-14 16:19:31.615,2.912
2026-01-14 16:19:31.633,2.924
2026-01-14 16:19:31.650,2.93
2026-01-14 16:19:31.650,2.945
2026-01-14 16:19:31.665,2.963
2026-01-14 16:19:31.683,2.976
2026-01-14 16:19:31.684,2.989
2026-01-14 16:19:31.699,3.005
2026-01-14 16:19:31.717,3.012
2026-01-14 16:19:31.732,3.019
2026-01-14 16:19:31.732,3.027
2026-01-14 16:19:31.751,3.035
2026-01-14 16:19:31.766,3.047
2026-01-14 16:19:31.766,3.064
2026-01-14 16:19:31.782,3.076
2026-01-14 16:19:31.800,3.086
2026-01-14 16:19:31.817,3.094
2026-01-14 16:19:31.817,3.109
2026-01-14 16:19:31.832,3.126
2026-01-14 16:19:31.857,3.146
2026-01-14 16:19:31.857,3.158
2026-01-14 16:19:31.865,3.161
2026-01-14 16:19:31.883,3.177
2026-01-14 16:19:31.900,3.188
2026-01-14 16:19:31.900,3.2
2026-01-14 16:19:31.916,3.215
2026-01-14 16:19:31.932,3.227
2026-01-14 16:19:31.950,3.232
2026-01-14 16:19:31.951,3.242
2026-01-14 16:19:31.967,3.248
2026-01-14 16:19:31.983,3.263
2026-01-14 16:19:31.983,3.282
2026-01-14 16:19:31.999,3.293
2026-01-14 16:19:32.016,3.302
2026-01-14 16:19:32.033,3.319
2026-01-14 16:19:32.033,3.343
2026-01-14 16:19:32.049,3.361
2026-01-14 16:19:32.066,3.378
2026-01-14 16:19:32.067,3.385
2026-01-14 16:19:32.082,3.394
2026-01-14 16:19:32.100,3.407
2026-01-14 16:19:32.116,3.413
2026-01-14 16:19:32.117,3.424
2026-01-14 16:19:32.133,3.433
2026-01-14 16:19:32.149,3.442
2026-01-14 16:19:32.150,3.452
2026-01-14 16:19:32.167,3.453
2026-01-14 16:19:32.182,3.461
2026-01-14 16:19:32.199,3.47
2026-01-14 16:19:32.200,3.485
2026-01-14 16:19:32.216,3.5
2026-01-14 16:19:32.233,3.516
2026-01-14 16:19:32.234,3.537
2026-01-14 16:19:32.249,3.56
2026-01-14 16:19:32.267,3.567
2026-01-14 16:19:32.283,3.583
2026-01-14 16:19:32.283,3.579
2026-01-14 16:19:32.299,3.59
2026-01-14 16:19:32.315,3.608
2026-01-14 16:19:32.342,3.615
2026-01-14 16:19:32.342,3.629
2026-01-14 16:19:32.342,3.642
2026-01-14 16:19:32.366,3.663
2026-01-14 16:19:32.382,3.689
2026-01-14 16:19:32.398,3.709
2026-01-14 16:19:32.416,3.721
2026-01-14 16:19:32.417,3.734
2026-01-14 16:19:32.433,3.754
2026-01-14 16:19:32.449,3.772
2026-01-14 16:19:32.450,3.789
2026-01-14 16:19:32.466,3.807
2026-01-14 16:19:32.483,3.825
2026-01-14 16:19:32.498,3.832
2026-01-14 16:19:32.498,3.845
2026-01-14 16:19:32.515,3.862
2026-01-14 16:19:32.532,3.872
2026-01-14 16:19:32.548,3.881
2026-01-14 16:19:32.548,3.889
2026-01-14 16:19:32.565,3.901
2026-01-14 16:19:32.581,3.916
2026-01-14 16:19:32.582,3.926
2026-01-14 16:19:32.599,3.94
2026-01-14 16:19:32.616,3.955
2026-01-14 16:19:32.632,3.971
2026-01-14 16:19:32.633,3.985
2026-01-14 16:19:32.649,4.004
2026-01-14 16:19:32.666,4.024
2026-01-14 16:19:32.667,4.04
2026-01-14 16:19:32.682,4.071
2026-01-14 16:19:32.699,4.089
2026-01-14 16:19:32.715,4.096
2026-01-14 16:19:32.716,4.112
2026-01-14 16:19:32.732,4.127
2026-01-14 16:19:32.748,4.14
2026-01-14 16:19:32.766,4.154
2026-01-14 16:19:32.767,4.166
2026-01-14 16:19:32.782,4.171
2026-01-14 16:19:32.799,4.182
2026-01-14 16:19:32.799,4.192
2026-01-14 16:19:32.816,4.218
2026-01-14 16:19:32.832,4.244
2026-01-14 16:19:32.848,4.263
2026-01-14 16:19:32.849,4.279
2026-01-14 16:19:32.873,4.29
2026-01-14 16:19:32.873,4.304
2026-01-14 16:19:32.883,4.323
2026-01-14 16:19:32.899,4.336
2026-01-14 16:19:32.916,4.349
2026-01-14 16:19:32.932,4.36
2026-01-14 16:19:32.933,4.364
2026-01-14 16:19:32.949,4.364
2026-01-14 16:19:32.966,4.37
2026-01-14 16:19:32.967,4.376
2026-01-14 16:19:32.982,4.384
2026-01-14 16:19:32.999,4.394
2026-01-14 16:19:33.016,4.401
2026-01-14 16:19:33.017,4.41
2026-01-14 16:19:33.033,4.415
2026-01-14 16:19:33.048,4.43
2026-01-14 16:19:33.067,4.448
2026-01-14 16:19:33.067,4.46
2026-01-14 16:19:33.082,4.469
2026-01-14 16:19:33.101,4.488
2026-01-14 16:19:33.101,4.498
2026-01-14 16:19:33.116,4.512
2026-01-14 16:19:33.132,4.53
2026-01-14 16:19:33.149,4.545
2026-01-14 16:19:33.149,4.554
2026-01-14 16:19:33.166,4.563
2026-01-14 16:19:33.182,4.581
2026-01-14 16:19:33.183,4.59
2026-01-14 16:19:33.200,4.605
2026-01-14 16:19:33.217,4.619
2026-01-14 16:19:33.233,4.63
2026-01-14 16:19:33.233,4.649
2026-01-14 16:19:33.249,4.668
2026-01-14 16:19:33.267,4.684
2026-01-14 16:19:33.267,4.709
2026-01-14 16:19:33.283,4.731
2026-01-14 16:19:33.299,4.743
2026-01-14 16:19:33.316,4.752
2026-01-14 16:19:33.317,4.766
2026-01-14 16:19:33.332,4.775
2026-01-14 16:19:33.349,4.787
2026-01-14 16:19:33.350,4.806
2026-01-14 16:19:33.366,4.82
2026-01-14 16:19:33.382,4.835
2026-01-14 16:19:33.399,4.848
2026-01-14 16:19:33.400,4.854
2026-01-14 16:19:33.415,4.867
2026-01-14 16:19:33.432,4.891
2026-01-14 16:19:33.449,4.897
2026-01-14 16:19:33.449,4.911
2026-01-14 16:19:33.466,4.92
2026-01-14 16:19:33.482,4.924
2026-01-14 16:19:33.482,4.942
2026-01-14 16:19:33.516,4.951
2026-01-14 16:19:33.533,4.979
2026-01-14 16:19:33.533,5.002
2026-01-14 16:19:33.548,5.015
2026-01-14 16:19:33.566,5.02
2026-01-14 16:19:33.567,5.04
2026-01-14 16:19:33.581,5.049
2026-01-14 16:19:33.597,5.063
2026-01-14 16:19:33.615,5.075
2026-01-14 16:19:33.615,5.086
2026-01-14 16:19:33.631,5.1
2026-01-14 16:19:33.649,5.121
2026-01-14 16:19:33.650,5.134
2026-01-14 16:19:33.666,5.153
2026-01-14 16:19:33.724,5.172
2026-01-14 16:19:33.725,5.194
2026-01-14 16:19:33.726,5.205
2026-01-14 16:19:33.726,5.223
2026-01-14 16:19:33.726,5.234
2026-01-14 16:19:33.750,5.253
2026-01-14 16:19:33.750,5.275
2026-01-14 16:19:33.766,5.29
2026-01-14 16:19:33.782,5.302
2026-01-14 16:19:33.783,5.305
2026-01-14 16:19:33.799,5.32
2026-01-14 16:19:33.816,5.328
2026-01-14 16:19:33.834,5.34
2026-01-14 16:19:33.834,5.348
2026-01-14 16:19:33.849,5.357
2026-01-14 16:19:33.867,5.374
2026-01-14 16:19:33.868,5.392
2026-01-14 16:19:33.881,5.401
2026-01-14 16:19:33.907,5.412
2026-01-14 16:19:33.907,5.419
2026-01-14 16:19:33.915,5.433
2026-01-14 16:19:33.933,5.451
2026-01-14 16:19:33.950,5.462
2026-01-14 16:19:33.951,5.472
2026-01-14 16:19:33.965,5.486
2026-01-14 16:19:33.983,5.498
2026-01-14 16:19:33.999,5.509
2026-01-14 16:19:34.000,5.516
2026-01-14 16:19:34.016,5.528
2026-01-14 16:19:34.032,5.542
2026-01-14 16:19:34.049,5.56
2026-01-14 16:19:34.050,5.568
2026-01-14 16:19:34.065,5.579
2026-01-14 16:19:34.081,5.592
2026-01-14 16:19:34.100,5.604
2026-01-14 16:19:34.100,5.616
2026-01-14 16:19:34.117,5.626
2026-01-14 16:19:34.132,5.637
2026-01-14 16:19:34.132,5.644
2026-01-14 16:19:34.149,5.654
2026-01-14 16:19:34.165,5.668
2026-01-14 16:19:34.166,5.681
2026-01-14 16:19:34.182,5.694
2026-01-14 16:19:34.200,5.706
2026-01-14 16:19:34.216,5.712
2026-01-14 16:19:34.217,5.726
2026-01-14 16:19:34.232,5.739
2026-01-14 16:19:34.249,5.746
2026-01-14 16:19:34.250,5.757
2026-01-14 16:19:34.266,5.768
2026-01-14 16:19:34.282,5.777
2026-01-14 16:19:34.299,5.797
2026-01-14 16:19:34.301,5.812
2026-01-14 16:19:34.315,5.822
2026-01-14 16:19:34.333,5.842
2026-01-14 16:19:34.349,5.857
2026-01-14 16:19:34.349,5.869
2026-01-14 16:19:34.366,5.881
2026-01-14 16:19:34.382,5.901
2026-01-14 16:19:34.383,5.91
2026-01-14 16:19:34.399,5.925
2026-01-14 16:19:34.416,5.938
2026-01-14 16:19:34.431,5.945
2026-01-14 16:19:34.432,5.964
2026-01-14 16:19:34.447,5.981
2026-01-14 16:19:34.466,5.994
2026-01-14 16:19:34.467,6.007
2026-01-14 16:19:34.481,6.021
2026-01-14 16:19:34.499,6.033
2026-01-14 16:19:34.516,6.039
2026-01-14 16:19:34.517,6.059
2026-01-14 16:19:34.531,6.075
2026-01-14 16:19:34.549,6.083
2026-01-14 16:19:34.551,6.099
2026-01-14 16:19:34.567,6.106
2026-01-14 16:19:34.582,6.116
2026-01-14 16:19:34.599,6.129
2026-01-14 16:19:34.600,6.143
2026-01-14 16:19:34.615,6.158
2026-01-14 16:19:34.631,6.178
2026-01-14 16:19:34.649,6.187
2026-01-14 16:19:34.649,6.198
2026-01-14 16:19:34.667,6.216
2026-01-14 16:19:34.682,6.227
2026-01-14 16:19:34.683,6.245
2026-01-14 16:19:34.699,6.251
2026-01-14 16:19:34.716,6.262
2026-01-14 16:19:34.732,6.27
2026-01-14 16:19:34.733,6.281
2026-01-14 16:19:34.748,6.297
2026-01-14 16:19:34.764,6.31
2026-01-14 16:19:34.782,6.322
2026-01-14 16:19:34.782,6.331
2026-01-14 16:19:34.798,6.345
2026-01-14 16:19:34.815,6.357
2026-01-14 16:19:34.815,6.366
2026-01-14 16:19:34.831,6.386
2026-01-14 16:19:34.848,6.399
2026-01-14 16:19:34.865,6.41
2026-01-14 16:19:34.865,6.425
2026-01-14 16:19:34.881,6.431
2026-01-14 16:19:34.905,6.449
2026-01-14 16:19:34.905,6.465
2026-01-14 16:19:34.915,6.482
2026-01-14 16:19:34.932,6.489
2026-01-14 16:19:34.948,6.509
2026-01-14 16:19:34.948,6.521
2026-01-14 16:19:34.965,6.528
2026-01-14 16:19:34.981,6.544
2026-01-14 16:19:34.982,6.542
2026-01-14 16:19:34.999,6.555
2026-01-14 16:19:35.014,6.576
2026-01-14 16:19:35.031,6.591
2026-01-14 16:19:35.032,6.595
2026-01-14 16:19:35.047,6.607
2026-01-14 16:19:35.075,6.62
2026-01-14 16:19:35.075,6.636
2026-01-14 16:19:35.085,6.645
2026-01-14 16:19:35.098,6.662
2026-01-14 16:19:35.114,6.678
2026-01-14 16:19:35.115,6.693
2026-01-14 16:19:35.130,6.705
2026-01-14 16:19:35.148,6.723
2026-01-14 16:19:35.166,6.738
2026-01-14 16:19:35.166,6.754
2026-01-14 16:19:35.182,6.763
2026-01-14 16:19:35.198,6.782
2026-01-14 16:19:35.199,6.797
2026-01-14 16:19:35.216,6.808
2026-01-14 16:19:35.232,6.822
2026-01-14 16:19:35.249,6.845
2026-01-14 16:19:35.249,6.858
2026-01-14 16:19:35.266,6.872
2026-01-14 16:19:35.282,6.881
2026-01-14 16:19:35.282,6.901
2026-01-14 16:19:35.298,6.907
2026-01-14 16:19:35.314,6.925
2026-01-14 16:19:35.331,6.943
2026-01-14 16:19:35.332,6.955
2026-01-14 16:19:35.348,6.966
2026-01-14 16:19:35.364,6.984
2026-01-14 16:19:35.380,6.991
2026-01-14 16:19:35.380,6.995
2026-01-14 16:19:35.397,7.008
2026-01-14 16:19:35.414,7.021
2026-01-14 16:19:35.415,7.035
2026-01-14 16:19:35.431,7.046
2026-01-14 16:19:35.451,7.055
2026-01-14 16:19:35.451,7.07
2026-01-14 16:19:35.466,7.078
2026-01-14 16:19:35.481,7.082
2026-01-14 16:19:35.500,7.094
2026-01-14 16:19:35.501,7.104
2026-01-14 16:19:35.515,7.116
2026-01-14 16:19:35.531,7.133
2026-01-14 16:19:35.549,7.149
2026-01-14 16:19:35.550,7.165
2026-01-14 16:19:35.565,7.183
2026-01-14 16:19:35.582,7.186
2026-01-14 16:19:35.583,7.197
2026-01-14 16:19:35.599,7.205
2026-01-14 16:19:35.615,7.213
2026-01-14 16:19:35.634,7.224
2026-01-14 16:19:35.634,7.239
2026-01-14 16:19:35.648,7.24
2026-01-14 16:19:35.666,7.251
2026-01-14 16:19:35.666,7.267
2026-01-14 16:19:35.681,7.274
2026-01-14 16:19:35.700,7.297
2026-01-14 16:19:35.716,7.306
2026-01-14 16:19:35.716,7.321
2026-01-14 16:19:35.732,7.34
2026-01-14 16:19:35.750,7.352
2026-01-14 16:19:35.751,7.37
2026-01-14 16:19:35.764,7.389
2026-01-14 16:19:35.782,7.4
2026-01-14 16:19:35.798,7.411
2026-01-14 16:19:35.798,7.422
2026-01-14 16:19:35.815,7.438
2026-01-14 16:19:35.831,7.456
2026-01-14 16:19:35.849,7.467
2026-01-14 16:19:35.849,7.48
2026-01-14 16:19:35.866,7.498
2026-01-14 16:19:35.882,7.512
2026-01-14 16:19:35.883,7.514
2026-01-14 16:19:35.906,7.523
2026-01-14 16:19:35.907,7.532
2026-01-14 16:19:35.932,7.542
2026-01-14 16:19:35.933,7.556
2026-01-14 16:19:35.948,7.563
2026-01-14 16:19:35.965,7.58
2026-01-14 16:19:35.982,7.592
2026-01-14 16:19:35.982,7.593
2026-01-14 16:19:35.997,7.601
2026-01-14 16:19:36.014,7.61
2026-01-14 16:19:36.014,7.622
2026-01-14 16:19:36.032,7.634
2026-01-14 16:19:36.049,7.652
2026-01-14 16:19:36.065,7.657
2026-01-14 16:19:36.066,7.66
2026-01-14 16:19:36.081,7.671
2026-01-14 16:19:36.099,7.68
2026-01-14 16:19:36.099,7.686
2026-01-14 16:19:36.115,7.692
2026-01-14 16:19:36.131,7.702
2026-01-14 16:19:36.149,7.71
2026-01-14 16:19:36.150,7.72
2026-01-14 16:19:36.164,7.722
2026-01-14 16:19:36.182,7.727
2026-01-14 16:19:36.182,7.733
2026-01-14 16:19:36.216,7.74
2026-01-14 16:19:36.231,7.748
2026-01-14 16:19:36.232,7.758
2026-01-14 16:19:36.249,7.768
2026-01-14 16:19:36.266,7.778
2026-01-14 16:19:36.266,7.794
2026-01-14 16:19:36.282,7.8
2026-01-14 16:19:36.299,7.81
2026-01-14 16:19:36.316,7.825
2026-01-14 16:19:36.316,7.84
2026-01-14 16:19:36.332,7.846
2026-01-14 16:19:36.350,7.855
2026-01-14 16:19:36.351,7.867
2026-01-14 16:19:36.366,7.884
2026-01-14 16:19:36.381,7.893
2026-01-14 16:19:36.426,7.899
2026-01-14 16:19:36.427,7.911
2026-01-14 16:19:36.428,7.928
2026-01-14 16:19:36.428,7.94
2026-01-14 16:19:36.434,7.951
2026-01-14 16:19:36.448,7.964
2026-01-14 16:19:36.467,7.981
2026-01-14 16:19:36.483,7.994
2026-01-14 16:19:36.483,8.007
2026-01-14 16:19:36.498,8.023
2026-01-14 16:19:36.516,8.041
2026-01-14 16:19:36.532,8.054
2026-01-14 16:19:36.532,8.066
2026-01-14 16:19:36.548,8.08
2026-01-14 16:19:36.565,8.09
2026-01-14 16:19:36.566,8.106
2026-01-14 16:19:36.581,8.118
2026-01-14 16:19:36.599,8.126
2026-01-14 16:19:36.616,8.137
2026-01-14 16:19:36.616,8.151
2026-01-14 16:19:36.632,8.167
2026-01-14 16:19:36.648,8.185
2026-01-14 16:19:36.649,8.198
2026-01-14 16:19:36.665,8.21
2026-01-14 16:19:36.682,8.22
2026-01-14 16:19:36.699,8.247
2026-01-14 16:19:36.699,8.254
2026-01-14 16:19:36.715,8.262
2026-01-14 16:19:36.732,8.278
2026-01-14 16:19:36.750,8.289
2026-01-14 16:19:36.750,8.306
2026-01-14 16:19:36.765,8.315
2026-01-14 16:19:36.781,8.323
2026-01-14 16:19:36.799,8.334
2026-01-14 16:19:36.799,8.346
2026-01-14 16:19:36.815,8.361
2026-01-14 16:19:36.831,8.366
2026-01-14 16:19:36.831,8.373
2026-01-14 16:19:36.849,8.377
2026-01-14 16:19:36.866,8.38
2026-01-14 16:19:36.866,8.389
2026-01-14 16:19:36.890,8.394
2026-01-14 16:19:36.890,8.394
2026-01-14 16:19:36.915,8.401
2026-01-14 16:19:36.916,8.406
2026-01-14 16:19:36.931,8.41
2026-01-14 16:19:36.947,8.416
2026-01-14 16:19:36.964,8.423
2026-01-14 16:19:36.965,8.423
2026-01-14 16:19:36.982,8.428
2026-01-14 16:19:36.999,8.435
2026-01-14 16:19:36.999,8.45
2026-01-14 16:19:37.013,8.465
2026-01-14 16:19:37.030,8.473
2026-01-14 16:19:37.048,8.48
2026-01-14 16:19:37.049,8.492
2026-01-14 16:19:37.064,8.5
2026-01-14 16:19:37.081,8.512
2026-01-14 16:19:37.098,8.527
2026-01-14 16:19:37.099,8.539
2026-01-14 16:19:37.114,8.546
2026-01-14 16:19:37.131,8.553
2026-01-14 16:19:37.131,8.551
2026-01-14 16:19:37.147,8.555
2026-01-14 16:19:37.165,8.566
2026-01-14 16:19:37.182,8.581
2026-01-14 16:19:37.182,8.59
2026-01-14 16:19:37.199,8.596
2026-01-14 16:19:37.214,8.608
2026-01-14 16:19:37.215,8.612
2026-01-14 16:19:37.232,8.626
2026-01-14 16:19:37.248,8.621
2026-01-14 16:19:37.265,8.634
2026-01-14 16:19:37.265,8.643
2026-01-14 16:19:37.282,8.654
2026-01-14 16:19:37.299,8.67
2026-01-14 16:19:37.299,8.676
2026-01-14 16:19:37.315,8.687
2026-01-14 16:19:37.332,8.7
2026-01-14 16:19:37.348,8.701
2026-01-14 16:19:37.349,8.714
2026-01-14 16:19:37.365,8.715
2026-01-14 16:19:37.381,8.729
2026-01-14 16:19:37.381,8.735
2026-01-14 16:19:37.398,8.737
2026-01-14 16:19:37.415,8.747
2026-01-14 16:19:37.432,8.749
2026-01-14 16:19:37.432,8.755
2026-01-14 16:19:37.450,8.758
2026-01-14 16:19:37.466,8.758
2026-01-14 16:19:37.467,8.766
2026-01-14 16:19:37.481,8.764
2026-01-14 16:19:37.498,8.766
2026-01-14 16:19:37.515,8.768
2026-01-14 16:19:37.517,8.769
2026-01-14 16:19:37.532,8.774
2026-01-14 16:19:37.547,8.777
2026-01-14 16:19:37.565,8.771
2026-01-14 16:19:37.566,8.776
2026-01-14 16:19:37.582,8.782
2026-01-14 16:19:37.598,8.785
2026-01-14 16:19:37.599,8.788
2026-01-14 16:19:37.615,8.796
2026-01-14 16:19:37.632,8.816
2026-01-14 16:19:37.648,8.83
2026-01-14 16:19:37.648,8.847
2026-01-14 16:19:37.666,8.859
2026-01-14 16:19:37.681,8.865
2026-01-14 16:19:37.699,8.866
2026-01-14 16:19:37.699,8.876
2026-01-14 16:19:37.715,8.882
2026-01-14 16:19:37.731,8.888
2026-01-14 16:19:37.732,8.89
2026-01-14 16:19:37.748,8.896
2026-01-14 16:19:37.765,8.902
2026-01-14 16:19:37.791,8.913
2026-01-14 16:19:37.791,8.918
2026-01-14 16:19:37.792,8.923
2026-01-14 16:19:37.802,8.934
2026-01-14 16:19:37.815,8.937
2026-01-14 16:19:37.831,8.942
2026-01-14 16:19:37.850,8.945
2026-01-14 16:19:37.850,8.941
2026-01-14 16:19:37.865,8.947
2026-01-14 16:19:37.889,8.943
2026-01-14 16:19:37.892,8.949
2026-01-14 16:19:37.901,8.95
2026-01-14 16:19:37.915,8.95
2026-01-14 16:19:37.931,8.953
2026-01-14 16:19:37.947,8.955
2026-01-14 16:19:37.948,8.959
2026-01-14 16:19:37.965,8.959
2026-01-14 16:19:37.982,8.958
2026-01-14 16:19:37.982,8.96
2026-01-14 16:19:37.997,8.964
2026-01-14 16:19:38.015,8.966
2026-01-14 16:19:38.031,8.966
2026-01-14 16:19:38.032,8.975
2026-01-14 16:19:38.046,8.973
2026-01-14 16:19:38.064,8.974
2026-01-14 16:19:38.081,8.971
2026-01-14 16:19:38.081,8.972
2026-01-14 16:19:38.097,8.971
2026-01-14 16:19:38.114,8.971
2026-01-14 16:19:38.114,8.978
2026-01-14 16:19:38.131,8.982
2026-01-14 16:19:38.147,8.988
2026-01-14 16:19:38.163,8.996
2026-01-14 16:19:38.163,9.003
2026-01-14 16:19:38.181,9.009
2026-01-14 16:19:38.198,9.004
2026-01-14 16:19:38.199,9.005
2026-01-14 16:19:38.214,9.009
2026-01-14 16:19:38.231,9.009
2026-01-14 16:19:38.248,9.004
2026-01-14 16:19:38.249,9.004
2026-01-14 16:19:38.265,9.006
2026-01-14 16:19:38.281,9.009
2026-01-14 16:19:38.282,9.007
2026-01-14 16:19:38.298,9.01
2026-01-14 16:19:38.315,9.013
2026-01-14 16:19:38.332,9.015
2026-01-14 16:19:38.333,9.02
2026-01-14 16:19:38.348,9.024
2026-01-14 16:19:38.365,9.032
2026-01-14 16:19:38.366,9.038
2026-01-14 16:19:38.382,9.046
2026-01-14 16:19:38.397,9.051
2026-01-14 16:19:38.415,9.054
2026-01-14 16:19:38.415,9.052
2026-01-14 16:19:38.431,9.051
2026-01-14 16:19:38.448,9.053
2026-01-14 16:19:38.466,9.058
2026-01-14 16:19:38.466,9.065
2026-01-14 16:19:38.481,9.072
2026-01-14 16:19:38.498,9.074
2026-01-14 16:19:38.500,9.081
2026-01-14 16:19:38.514,9.081
2026-01-14 16:19:38.532,9.08
2026-01-14 16:19:38.548,9.082
2026-01-14 16:19:38.548,9.082
2026-01-14 16:19:38.565,9.083
2026-01-14 16:19:38.580,9.088
2026-01-14 16:19:38.599,9.092
2026-01-14 16:19:38.600,9.095
2026-01-14 16:19:38.615,9.103
2026-01-14 16:19:38.632,9.114
2026-01-14 16:19:38.632,9.122
2026-01-14 16:19:38.648,9.123
2026-01-14 16:19:38.665,9.124
2026-01-14 16:19:38.665,9.125
2026-01-14 16:19:38.681,9.127
2026-01-14 16:19:38.697,9.13
2026-01-14 16:19:38.716,9.138
2026-01-14 16:19:38.716,9.142
2026-01-14 16:19:38.731,9.154
2026-01-14 16:19:38.748,9.161
2026-01-14 16:19:38.766,9.178
2026-01-14 16:19:38.767,9.182
2026-01-14 16:19:38.782,9.188
2026-01-14 16:19:38.798,9.191
2026-01-14 16:19:38.799,9.194
2026-01-14 16:19:38.814,9.198
2026-01-14 16:19:38.831,9.196
2026-01-14 16:19:38.848,9.196
2026-01-14 16:19:38.849,9.198
2026-01-14 16:19:38.865,9.199
2026-01-14 16:19:38.888,9.199
2026-01-14 16:19:38.889,9.201
2026-01-14 16:19:38.898,9.21
2026-01-14 16:19:38.915,9.219
2026-01-14 16:19:38.931,9.226
2026-01-14 16:19:38.932,9.235
2026-01-14 16:19:38.948,9.23
2026-01-14 16:19:38.965,9.23
2026-01-14 16:19:38.966,9.236
2026-01-14 16:19:38.982,9.244
2026-01-14 16:19:38.999,9.244
2026-01-14 16:19:39.014,9.249
2026-01-14 16:19:39.016,9.251
2026-01-14 16:19:39.032,9.256
2026-01-14 16:19:39.048,9.254
2026-01-14 16:19:39.064,9.256
2026-01-14 16:19:39.065,9.261
2026-01-14 16:19:39.083,9.262
2026-01-14 16:19:39.098,9.273
2026-01-14 16:19:39.099,9.268
2026-01-14 16:19:39.114,9.272
2026-01-14 16:19:39.131,9.265
2026-01-14 16:19:39.159,9.267
2026-01-14 16:19:39.159,9.263
2026-01-14 16:19:39.160,9.262
2026-01-14 16:19:39.171,9.26
2026-01-14 16:19:39.183,9.261
2026-01-14 16:19:39.197,9.261
2026-01-14 16:19:39.215,9.26
2026-01-14 16:19:39.231,9.269
2026-01-14 16:19:39.232,9.268
2026-01-14 16:19:39.247,9.264
2026-01-14 16:19:39.265,9.26
2026-01-14 16:19:39.266,9.266
2026-01-14 16:19:39.281,9.268
2026-01-14 16:19:39.298,9.282
2026-01-14 16:19:39.315,9.282
2026-01-14 16:19:39.315,9.281
2026-01-14 16:19:39.331,9.284
2026-01-14 16:19:39.347,9.283
2026-01-14 16:19:39.364,9.282
2026-01-14 16:19:39.365,9.283
2026-01-14 16:19:39.380,9.288
2026-01-14 16:19:39.397,9.29
2026-01-14 16:19:39.398,9.288
2026-01-14 16:19:39.414,9.291
2026-01-14 16:19:39.430,9.299
2026-01-14 16:19:39.449,9.299
2026-01-14 16:19:39.449,9.306
2026-01-14 16:19:39.464,9.313
2026-01-14 16:19:39.481,9.318
2026-01-14 16:19:39.498,9.327
2026-01-14 16:19:39.498,9.337
2026-01-14 16:19:39.514,9.343
2026-01-14 16:19:39.531,9.346
2026-01-14 16:19:39.531,9.355
2026-01-14 16:19:39.548,9.359
2026-01-14 16:19:39.566,9.362
2026-01-14 16:19:39.566,9.367
2026-01-14 16:19:39.581,9.375
2026-01-14 16:19:39.597,9.373
2026-01-14 16:19:39.615,9.38
2026-01-14 16:19:39.616,9.384
2026-01-14 16:19:39.631,9.386
2026-01-14 16:19:39.649,9.388
2026-01-14 16:19:39.650,9.388
2026-01-14 16:19:39.665,9.388
2026-01-14 16:19:39.681,9.393
2026-01-14 16:19:39.698,9.394
2026-01-14 16:19:39.699,9.396
2026-01-14 16:19:39.715,9.402
2026-01-14 16:19:39.731,9.403
2026-01-14 16:19:39.748,9.405
2026-01-14 16:19:39.748,9.404
2026-01-14 16:19:39.765,9.405
2026-01-14 16:19:39.780,9.403
2026-01-14 16:19:39.799,9.407
2026-01-14 16:19:39.799,9.41
2026-01-14 16:19:39.815,9.411
2026-01-14 16:19:39.831,9.41
2026-01-14 16:19:39.831,9.421
2026-01-14 16:19:39.848,9.427
2026-01-14 16:19:39.865,9.425
2026-01-14 16:19:39.881,9.416
2026-01-14 16:19:39.881,9.421
2026-01-14 16:19:39.905,9.427
2026-01-14 16:19:39.905,9.431
2026-01-14 16:19:39.914,9.432
2026-01-14 16:19:39.931,9.44
2026-01-14 16:19:39.948,9.444
2026-01-14 16:19:39.965,9.448
2026-01-14 16:19:39.965,9.455
2026-01-14 16:19:39.981,9.456
2026-01-14 16:19:39.998,9.458
2026-01-14 16:19:39.999,9.466
2026-01-14 16:19:40.015,9.473
2026-01-14 16:19:40.032,9.478
2026-01-14 16:19:40.049,9.479
2026-01-14 16:19:40.049,9.488
2026-01-14 16:19:40.065,9.487
2026-01-14 16:19:40.081,9.493
2026-01-14 16:19:40.081,9.501
2026-01-14 16:19:40.099,9.513
2026-01-14 16:19:40.114,9.512
2026-01-14 16:19:40.131,9.517
2026-01-14 16:19:40.131,9.518
2026-01-14 16:19:40.148,9.519
2026-01-14 16:19:40.165,9.527
2026-01-14 16:19:40.166,9.524
2026-01-14 16:19:40.181,9.533
2026-01-14 16:19:40.197,9.529
2026-01-14 16:19:40.216,9.53
2026-01-14 16:19:40.216,9.539
2026-01-14 16:19:40.231,9.546
2026-01-14 16:19:40.248,9.547
2026-01-14 16:19:40.265,9.549
2026-01-14 16:19:40.266,9.547
2026-01-14 16:19:40.281,9.547
2026-01-14 16:19:40.297,9.542
2026-01-14 16:19:40.316,9.543
2026-01-14 16:19:40.316,9.551
2026-01-14 16:19:40.331,9.556
2026-01-14 16:19:40.348,9.557
2026-01-14 16:19:40.349,9.555
2026-01-14 16:19:40.365,9.554
2026-01-14 16:19:40.381,9.55
2026-01-14 16:19:40.381,9.55
2026-01-14 16:19:40.398,9.556
2026-01-14 16:19:40.415,9.563
2026-01-14 16:19:40.431,9.563
2026-01-14 16:19:40.431,9.563
2026-01-14 16:19:40.448,9.562
2026-01-14 16:19:40.465,9.569
2026-01-14 16:19:40.466,9.573
2026-01-14 16:19:40.482,9.576
2026-01-14 16:19:40.545,9.585
2026-01-14 16:19:40.547,9.595
2026-01-14 16:19:40.547,9.597
2026-01-14 16:19:40.547,9.597
2026-01-14 16:19:40.547,9.601
2026-01-14 16:19:40.554,9.601
2026-01-14 16:19:40.564,9.603
2026-01-14 16:19:40.581,9.602
2026-01-14 16:19:40.599,9.612
2026-01-14 16:19:40.599,9.617
2026-01-14 16:19:40.613,9.626
2026-01-14 16:19:40.631,9.629
2026-01-14 16:19:40.646,9.625
2026-01-14 16:19:40.647,9.633
2026-01-14 16:19:40.663,9.63
2026-01-14 16:19:40.681,9.629
2026-01-14 16:19:40.682,9.637
2026-01-14 16:19:40.697,9.645
2026-01-14 16:19:40.716,9.654
2026-01-14 16:19:40.731,9.659
2026-01-14 16:19:40.732,9.668
2026-01-14 16:19:40.748,9.678
2026-01-14 16:19:40.765,9.684
2026-01-14 16:19:40.782,9.693
2026-01-14 16:19:40.782,9.697
2026-01-14 16:19:40.798,9.701
2026-01-14 16:19:40.815,9.709
2026-01-14 16:19:40.815,9.712
2026-01-14 16:19:40.830,9.719
2026-01-14 16:19:40.849,9.726
2026-01-14 16:19:40.850,9.726
2026-01-14 16:19:40.865,9.726
2026-01-14 16:19:40.881,9.726
2026-01-14 16:19:40.899,9.725
2026-01-14 16:19:40.899,9.727
2026-01-14 16:19:40.922,9.729
2026-01-14 16:19:40.922,9.726
2026-01-14 16:19:40.949,9.724
2026-01-14 16:19:40.949,9.719
2026-01-14 16:19:40.965,9.722
2026-01-14 16:19:40.982,9.726
2026-01-14 16:19:40.982,9.729
2026-01-14 16:19:40.998,9.733
2026-01-14 16:19:41.016,9.738
2026-01-14 16:19:41.031,9.742
2026-01-14 16:19:41.032,9.746
2026-01-14 16:19:41.048,9.75
2026-01-14 16:19:41.066,9.758
2026-01-14 16:19:41.067,9.762
2026-01-14 16:19:41.081,9.773
2026-01-14 16:19:41.098,9.782
2026-01-14 16:19:41.115,9.792
2026-01-14 16:19:41.116,9.802
2026-01-14 16:19:41.131,9.811
2026-01-14 16:19:41.149,9.81
2026-01-14 16:19:41.165,9.816
2026-01-14 16:19:41.166,9.82
2026-01-14 16:19:41.181,9.821
2026-01-14 16:19:41.198,9.828
2026-01-14 16:19:41.199,9.83
2026-01-14 16:19:41.214,9.846
2026-01-14 16:19:41.231,9.86
2026-01-14 16:19:41.247,9.87
2026-01-14 16:19:41.248,9.881
2026-01-14 16:19:41.265,9.89
2026-01-14 16:19:41.280,9.904
2026-01-14 16:19:41.298,9.916
2026-01-14 16:19:41.299,9.933
2026-01-14 16:19:41.315,9.94
2026-01-14 16:19:41.331,9.948
2026-01-14 16:19:41.331,9.954
2026-01-14 16:19:41.348,9.954
2026-01-14 16:19:41.365,9.955
2026-01-14 16:19:41.366,9.962
2026-01-14 16:19:41.382,9.968
2026-01-14 16:19:41.398,9.97
2026-01-14 16:19:41.414,9.975
2026-01-14 16:19:41.418,9.987
2026-01-14 16:19:41.431,9.997
2026-01-14 16:19:41.448,10.004
2026-01-14 16:19:41.464,10.002
2026-01-14 16:19:41.464,10.006
2026-01-14 16:19:41.480,10.009
2026-01-14 16:19:41.497,10.006
2026-01-14 16:19:41.514,10.011
2026-01-14 16:19:41.514,10.017
2026-01-14 16:19:41.530,10.03
2026-01-14 16:19:41.547,10.037
2026-01-14 16:19:41.548,10.045
2026-01-14 16:19:41.563,10.051
2026-01-14 16:19:41.581,10.058
2026-01-14 16:19:41.597,10.059
2026-01-14 16:19:41.598,10.056
2026-01-14 16:19:41.614,10.056
2026-01-14 16:19:41.630,10.06
2026-01-14 16:19:41.631,10.063
2026-01-14 16:19:41.648,10.062
2026-01-14 16:19:41.663,10.068
2026-01-14 16:19:41.679,10.072
2026-01-14 16:19:41.679,10.079
2026-01-14 16:19:41.697,10.082
2026-01-14 16:19:41.714,10.089
2026-01-14 16:19:41.714,10.098
2026-01-14 16:19:41.730,10.114
2026-01-14 16:19:41.747,10.13
2026-01-14 16:19:41.764,10.144
2026-01-14 16:19:41.764,10.151
2026-01-14 16:19:41.781,10.158
2026-01-14 16:19:41.798,10.163
2026-01-14 16:19:41.799,10.169
2026-01-14 16:19:41.813,10.175
2026-01-14 16:19:41.831,10.18
2026-01-14 16:19:41.848,10.174
2026-01-14 16:19:41.848,10.177
2026-01-14 16:19:41.863,10.176
2026-01-14 16:19:41.880,10.181
2026-01-14 16:19:41.897,10.195
2026-01-14 16:19:41.897,10.206
2026-01-14 16:19:41.922,10.226
2026-01-14 16:19:41.922,10.234
2026-01-14 16:19:41.930,10.237
2026-01-14 16:19:41.948,10.242
2026-01-14 16:19:41.964,10.248
2026-01-14 16:19:41.981,10.258
2026-01-14 16:19:41.981,10.262
2026-01-14 16:19:41.998,10.268
2026-01-14 16:19:42.015,10.275
2026-01-14 16:19:42.016,10.279
2026-01-14 16:19:42.031,10.282
2026-01-14 16:19:42.048,10.282
2026-01-14 16:19:42.066,10.284
2026-01-14 16:19:42.066,10.288
2026-01-14 16:19:42.081,10.29
2026-01-14 16:19:42.098,10.296
2026-01-14 16:19:42.099,10.304
2026-01-14 16:19:42.114,10.319
2026-01-14 16:19:42.131,10.336
2026-01-14 16:19:42.148,10.345
2026-01-14 16:19:42.148,10.358
2026-01-14 16:19:42.164,10.37
2026-01-14 16:19:42.180,10.376
2026-01-14 16:19:42.181,10.383
2026-01-14 16:19:42.198,10.386
2026-01-14 16:19:42.214,10.395
2026-01-14 16:19:42.230,10.41
2026-01-14 16:19:42.231,10.426
2026-01-14 16:19:42.247,10.439
2026-01-14 16:19:42.263,10.451
2026-01-14 16:19:42.281,10.463
2026-01-14 16:19:42.282,10.471
2026-01-14 16:19:42.297,10.474
2026-01-14 16:19:42.315,10.481
2026-01-14 16:19:42.316,10.493
2026-01-14 16:19:42.331,10.505
2026-01-14 16:19:42.348,10.51
2026-01-14 16:19:42.349,10.521
2026-01-14 16:19:42.364,10.524
2026-01-14 16:19:42.382,10.533
2026-01-14 16:19:42.398,10.545
2026-01-14 16:19:42.399,10.552
2026-01-14 16:19:42.414,10.56
2026-01-14 16:19:42.430,10.573
2026-01-14 16:19:42.447,10.585
2026-01-14 16:19:42.448,10.591
2026-01-14 16:19:42.463,10.6
2026-01-14 16:19:42.480,10.604
2026-01-14 16:19:42.499,10.616
2026-01-14 16:19:42.515,10.624
2026-01-14 16:19:42.531,10.634
2026-01-14 16:19:42.531,10.65
2026-01-14 16:19:42.549,10.655
2026-01-14 16:19:42.565,10.672
2026-01-14 16:19:42.580,10.68
2026-01-14 16:19:42.581,10.686
2026-01-14 16:19:42.616,10.709
2026-01-14 16:19:42.617,10.718
2026-01-14 16:19:42.631,10.719
2026-01-14 16:19:42.648,10.727
2026-01-14 16:19:42.664,10.737
2026-01-14 16:19:42.665,10.746
2026-01-14 16:19:42.681,10.748
2026-01-14 16:19:42.696,10.756
2026-01-14 16:19:42.715,10.755
2026-01-14 16:19:42.715,10.761
2026-01-14 16:19:42.730,10.764
2026-01-14 16:19:42.749,10.772
2026-01-14 16:19:42.750,10.783
2026-01-14 16:19:42.763,10.796
2026-01-14 16:19:42.781,10.817
2026-01-14 16:19:42.781,10.821
2026-01-14 16:19:42.798,10.833
2026-01-14 16:19:42.814,10.839
2026-01-14 16:19:42.831,10.841
2026-01-14 16:19:42.831,10.843
2026-01-14 16:19:42.848,10.842
2026-01-14 16:19:42.865,10.841
2026-01-14 16:19:42.881,10.846
2026-01-14 16:19:42.881,10.854
2026-01-14 16:19:42.897,10.856
2026-01-14 16:19:42.920,10.867
2026-01-14 16:19:42.921,10.875
2026-01-14 16:19:42.930,10.886
2026-01-14 16:19:42.947,10.894
2026-01-14 16:19:42.964,10.907
2026-01-14 16:19:42.964,10.921
2026-01-14 16:19:42.980,10.925
2026-01-14 16:19:42.997,10.93
2026-01-14 16:19:42.998,10.934
2026-01-14 16:19:43.013,10.936
2026-01-14 16:19:43.030,10.937
2026-01-14 16:19:43.046,10.94
2026-01-14 16:19:43.047,10.937
2026-01-14 16:19:43.064,10.943
2026-01-14 16:19:43.079,10.941
2026-01-14 16:19:43.096,10.955
2026-01-14 16:19:43.096,10.956
2026-01-14 16:19:43.113,10.963
2026-01-14 16:19:43.129,10.972
2026-01-14 16:19:43.130,10.996
2026-01-14 16:19:43.146,11.009
2026-01-14 16:19:43.163,11.019
2026-01-14 16:19:43.180,11.03
2026-01-14 16:19:43.181,11.046
2026-01-14 16:19:43.196,11.057
2026-01-14 16:19:43.214,11.062
2026-01-14 16:19:43.215,11.065
2026-01-14 16:19:43.254,11.081
2026-01-14 16:19:43.255,11.082
2026-01-14 16:19:43.255,11.095
2026-01-14 16:19:43.263,11.111
2026-01-14 16:19:43.279,11.122
2026-01-14 16:19:43.296,11.135
2026-01-14 16:19:43.313,11.145
2026-01-14 16:19:43.313,11.157
2026-01-14 16:19:43.330,11.171
2026-01-14 16:19:43.346,11.185
2026-01-14 16:19:43.347,11.188
2026-01-14 16:19:43.363,11.192
2026-01-14 16:19:43.380,11.194
2026-01-14 16:19:43.396,11.197
2026-01-14 16:19:43.397,11.202
2026-01-14 16:19:43.413,11.21
2026-01-14 16:19:43.430,11.216
2026-01-14 16:19:43.431,11.225
2026-01-14 16:19:43.447,11.227
2026-01-14 16:19:43.463,11.231
2026-01-14 16:19:43.479,11.228
2026-01-14 16:19:43.480,11.237
2026-01-14 16:19:43.496,11.237
2026-01-14 16:19:43.513,11.232
2026-01-14 16:19:43.514,11.239
2026-01-14 16:19:43.529,11.239
2026-01-14 16:19:43.546,11.238
2026-01-14 16:19:43.563,11.243
2026-01-14 16:19:43.564,11.252
2026-01-14 16:19:43.580,11.259
2026-01-14 16:19:43.596,11.273
2026-01-14 16:19:43.613,11.286
2026-01-14 16:19:43.613,11.299
2026-01-14 16:19:43.630,11.313
2026-01-14 16:19:43.647,11.317
2026-01-14 16:19:43.647,11.332
2026-01-14 16:19:43.663,11.34
2026-01-14 16:19:43.679,11.349
2026-01-14 16:19:43.697,11.362
2026-01-14 16:19:43.697,11.365
2026-01-14 16:19:43.714,11.367
2026-01-14 16:19:43.730,11.363
2026-01-14 16:19:43.730,11.372
2026-01-14 16:19:43.746,11.379
2026-01-14 16:19:43.763,11.389
2026-01-14 16:19:43.780,11.411
2026-01-14 16:19:43.780,11.425
2026-01-14 16:19:43.796,11.43
2026-01-14 16:19:43.813,11.443
2026-01-14 16:19:43.814,11.448
2026-01-14 16:19:43.829,11.452
2026-01-14 16:19:43.847,11.451
2026-01-14 16:19:43.864,11.454
2026-01-14 16:19:43.864,11.465
2026-01-14 16:19:43.879,11.471
2026-01-14 16:19:43.895,11.475
2026-01-14 16:19:43.913,11.475
2026-01-14 16:19:43.914,11.485
2026-01-14 16:19:43.937,11.494
2026-01-14 16:19:43.937,11.506
2026-01-14 16:19:43.946,11.517
2026-01-14 16:19:43.962,11.539
2026-01-14 16:19:43.980,11.538
2026-01-14 16:19:43.996,11.55
2026-01-14 16:19:43.997,11.559
2026-01-14 16:19:44.012,11.565
2026-01-14 16:19:44.030,11.575
2026-01-14 16:19:44.030,11.582
2026-01-14 16:19:44.047,11.592
2026-01-14 16:19:44.064,11.6
2026-01-14 16:19:44.080,11.604
2026-01-14 16:19:44.081,11.613
2026-01-14 16:19:44.096,11.621
2026-01-14 16:19:44.113,11.634
2026-01-14 16:19:44.113,11.652
2026-01-14 16:19:44.130,11.658
2026-01-14 16:19:44.148,11.664
2026-01-14 16:19:44.164,11.666
2026-01-14 16:19:44.164,11.676
2026-01-14 16:19:44.181,11.686
2026-01-14 16:19:44.197,11.703
2026-01-14 16:19:44.198,11.706
2026-01-14 16:19:44.213,11.718
2026-01-14 16:19:44.231,11.733
2026-01-14 16:19:44.248,11.744
2026-01-14 16:19:44.248,11.75
2026-01-14 16:19:44.264,11.752
2026-01-14 16:19:44.280,11.762
2026-01-14 16:19:44.297,11.77
2026-01-14 16:19:44.298,11.772
2026-01-14 16:19:44.314,11.778
2026-01-14 16:19:44.330,11.786
2026-01-14 16:19:44.331,11.793
2026-01-14 16:19:44.347,11.806
2026-01-14 16:19:44.364,11.818
2026-01-14 16:19:44.365,11.834
2026-01-14 16:19:44.381,11.834
2026-01-14 16:19:44.396,11.85
2026-01-14 16:19:44.415,11.861
2026-01-14 16:19:44.415,11.866
2026-01-14 16:19:44.430,11.871
2026-01-14 16:19:44.448,11.882
2026-01-14 16:19:44.463,11.894
2026-01-14 16:19:44.464,11.904
2026-01-14 16:19:44.480,11.908
2026-01-14 16:19:44.498,11.911
2026-01-14 16:19:44.499,11.919
2026-01-14 16:19:44.513,11.925
2026-01-14 16:19:44.530,11.935
2026-01-14 16:19:44.547,11.94
2026-01-14 16:19:44.547,11.947
2026-01-14 16:19:44.564,11.952
2026-01-14 16:19:44.580,11.956
2026-01-14 16:19:44.608,11.961
2026-01-14 16:19:44.609,11.97
2026-01-14 16:19:44.610,11.978
2026-01-14 16:19:44.619,11.985
2026-01-14 16:19:44.630,11.997
2026-01-14 16:19:44.647,12.009
2026-01-14 16:19:44.664,12.028
2026-01-14 16:19:44.681,12.043
2026-01-14 16:19:44.681,12.051
2026-01-14 16:19:44.697,12.066
2026-01-14 16:19:44.715,12.077
2026-01-14 16:19:44.716,12.087
2026-01-14 16:19:44.731,12.091
2026-01-14 16:19:44.747,12.099
2026-01-14 16:19:44.762,12.11
2026-01-14 16:19:44.763,12.127
2026-01-14 16:19:44.781,12.142
2026-01-14 16:19:44.797,12.151
2026-01-14 16:19:44.797,12.16
2026-01-14 16:19:44.814,12.169
2026-01-14 16:19:44.830,12.173
2026-01-14 16:19:44.847,12.179
2026-01-14 16:19:44.848,12.183
2026-01-14 16:19:44.864,12.195
2026-01-14 16:19:44.881,12.204
2026-01-14 16:19:44.897,12.216
2026-01-14 16:19:44.897,12.23
2026-01-14 16:19:44.913,12.238
2026-01-14 16:19:44.940,12.242
2026-01-14 16:19:44.940,12.25
2026-01-14 16:19:44.948,12.258
2026-01-14 16:19:44.964,12.274
2026-01-14 16:19:44.980,12.289
2026-01-14 16:19:44.980,12.3
2026-01-14 16:19:44.997,12.312
2026-01-14 16:19:45.014,12.317
2026-01-14 16:19:45.014,12.317
2026-01-14 16:19:45.030,12.321
2026-01-14 16:19:45.047,12.324
2026-01-14 16:19:45.064,12.327
2026-01-14 16:19:45.065,12.337
2026-01-14 16:19:45.080,12.358
2026-01-14 16:19:45.097,12.375
2026-01-14 16:19:45.098,12.385
2026-01-14 16:19:45.114,12.392
2026-01-14 16:19:45.131,12.397
2026-01-14 16:19:45.147,12.413
2026-01-14 16:19:45.148,12.425
2026-01-14 16:19:45.164,12.439
2026-01-14 16:19:45.181,12.45
2026-01-14 16:19:45.198,12.462
2026-01-14 16:19:45.199,12.475
2026-01-14 16:19:45.213,12.491
2026-01-14 16:19:45.230,12.5
2026-01-14 16:19:45.230,12.52
2026-01-14 16:19:45.247,12.538
2026-01-14 16:19:45.264,12.549
2026-01-14 16:19:45.280,12.56
2026-01-14 16:19:45.280,12.571
2026-01-14 16:19:45.296,12.58
2026-01-14 16:19:45.314,12.588
2026-01-14 16:19:45.315,12.599
2026-01-14 16:19:45.330,12.609
2026-01-14 16:19:45.348,12.621
2026-01-14 16:19:45.364,12.63
2026-01-14 16:19:45.364,12.644
2026-01-14 16:19:45.380,12.651
2026-01-14 16:19:45.397,12.66
2026-01-14 16:19:45.398,12.665
2026-01-14 16:19:45.413,12.67
2026-01-14 16:19:45.430,12.677
2026-01-14 16:19:45.446,12.685
2026-01-14 16:19:45.447,12.696
2026-01-14 16:19:45.463,12.713
2026-01-14 16:19:45.480,12.728
2026-01-14 16:19:45.498,12.746
2026-01-14 16:19:45.498,12.758
2026-01-14 16:19:45.515,12.769
2026-01-14 16:19:45.530,12.774
2026-01-14 16:19:45.530,12.784
2026-01-14 16:19:45.550,12.791
2026-01-14 16:19:45.564,12.8
2026-01-14 16:19:45.580,12.805
2026-01-14 16:19:45.583,12.819
2026-01-14 16:19:45.596,12.833
2026-01-14 16:19:45.613,12.852
2026-01-14 16:19:45.614,12.873
2026-01-14 16:19:45.630,12.887
2026-01-14 16:19:45.647,12.899
2026-01-14 16:19:45.664,12.912
2026-01-14 16:19:45.664,12.919
2026-01-14 16:19:45.681,12.936
2026-01-14 16:19:45.697,12.95
2026-01-14 16:19:45.698,12.963
2026-01-14 16:19:45.714,12.975
2026-01-14 16:19:45.730,12.984
2026-01-14 16:19:45.747,12.995
2026-01-14 16:19:45.748,13.013
2026-01-14 16:19:45.765,13.017
2026-01-14 16:19:45.780,13.027
2026-01-14 16:19:45.796,13.034
2026-01-14 16:19:45.796,13.038
2026-01-14 16:19:45.815,13.05
2026-01-14 16:19:45.830,13.058
2026-01-14 16:19:45.831,13.063
2026-01-14 16:19:45.846,13.072
2026-01-14 16:19:45.865,13.079
2026-01-14 16:19:45.867,13.095
2026-01-14 16:19:45.880,13.102
2026-01-14 16:19:45.897,13.107
2026-01-14 16:19:45.914,13.112
2026-01-14 16:19:45.914,13.124
2026-01-14 16:19:45.930,13.144
2026-01-14 16:19:45.952,13.148
2026-01-14 16:19:45.952,13.164
2026-01-14 16:19:45.982,13.17
2026-01-14 16:19:45.983,13.179
2026-01-14 16:19:45.993,13.201
2026-01-14 16:19:46.013,13.208
2026-01-14 16:19:46.013,13.221
2026-01-14 16:19:46.030,13.232
2026-01-14 16:19:46.046,13.239
2026-01-14 16:19:46.047,13.248
2026-01-14 16:19:46.063,13.256
2026-01-14 16:19:46.080,13.263
2026-01-14 16:19:46.097,13.269
2026-01-14 16:19:46.097,13.276
2026-01-14 16:19:46.112,13.284
2026-01-14 16:19:46.130,13.292
2026-01-14 16:19:46.130,13.302
2026-01-14 16:19:46.147,13.316
2026-01-14 16:19:46.164,13.332
2026-01-14 16:19:46.181,13.349
2026-01-14 16:19:46.196,13.366
2026-01-14 16:19:46.215,13.377
2026-01-14 16:19:46.230,13.383
2026-01-14 16:19:46.247,13.39
2026-01-14 16:19:46.264,13.405
2026-01-14 16:19:46.264,13.419
2026-01-14 16:19:46.280,13.439
2026-01-14 16:19:46.297,13.463
2026-01-14 16:19:46.298,13.476
2026-01-14 16:19:46.314,13.485
2026-01-14 16:19:46.329,13.493
2026-01-14 16:19:46.347,13.499
2026-01-14 16:19:46.363,13.509
2026-01-14 16:19:46.379,13.518
2026-01-14 16:19:46.398,13.53
2026-01-14 16:19:46.398,13.543
2026-01-14 16:19:46.414,13.569
2026-01-14 16:19:46.430,13.58
2026-01-14 16:19:46.430,13.593
2026-01-14 16:19:46.447,13.601
2026-01-14 16:19:46.464,13.609
2026-01-14 16:19:46.480,13.624
2026-01-14 16:19:46.480,13.628
2026-01-14 16:19:46.495,13.639
2026-01-14 16:19:46.514,13.652
2026-01-14 16:19:46.514,13.665
2026-01-14 16:19:46.531,13.686
2026-01-14 16:19:46.546,13.702
2026-01-14 16:19:46.564,13.713
2026-01-14 16:19:46.565,13.727
2026-01-14 16:19:46.580,13.731
2026-01-14 16:19:46.597,13.737
2026-01-14 16:19:46.599,13.745
2026-01-14 16:19:46.613,13.76
2026-01-14 16:19:46.630,13.769
2026-01-14 16:19:46.646,13.771
2026-01-14 16:19:46.647,13.776
2026-01-14 16:19:46.664,13.778
2026-01-14 16:19:46.679,13.781
2026-01-14 16:19:46.698,13.787
2026-01-14 16:19:46.699,13.804
2026-01-14 16:19:46.714,13.819
2026-01-14 16:19:46.730,13.831
2026-01-14 16:19:46.730,13.841
2026-01-14 16:19:46.748,13.851
2026-01-14 16:19:46.764,13.874
2026-01-14 16:19:46.780,13.896
2026-01-14 16:19:46.780,13.906
2026-01-14 16:19:46.797,13.915
2026-01-14 16:19:46.813,13.921
2026-01-14 16:19:46.814,13.921
2026-01-14 16:19:46.829,13.933
2026-01-14 16:19:46.848,13.942
2026-01-14 16:19:46.863,13.956
2026-01-14 16:19:46.863,13.973
2026-01-14 16:19:46.880,13.981
2026-01-14 16:19:46.897,13.993
2026-01-14 16:19:46.898,14.002
2026-01-14 16:19:46.917,14.005
2026-01-14 16:19:46.929,14.005
2026-01-14 16:19:46.951,14.004
2026-01-14 16:19:46.952,14.015
2026-01-14 16:19:46.964,14.023
2026-01-14 16:19:46.979,14.028
2026-01-14 16:19:46.997,14.038
2026-01-14 16:19:46.999,14.05
2026-01-14 16:19:47.014,14.066
2026-01-14 16:19:47.030,14.077
2026-01-14 16:19:47.031,14.089
2026-01-14 16:19:47.049,14.103
2026-01-14 16:19:47.063,14.115
2026-01-14 16:19:47.080,14.138
2026-01-14 16:19:47.080,14.152
2026-01-14 16:19:47.096,14.173
2026-01-14 16:19:47.115,14.185
2026-01-14 16:19:47.115,14.194
2026-01-14 16:19:47.130,14.203
2026-01-14 16:19:47.147,14.205
2026-01-14 16:19:47.164,14.211
2026-01-14 16:19:47.164,14.217
2026-01-14 16:19:47.180,14.224
2026-01-14 16:19:47.197,14.234
2026-01-14 16:19:47.197,14.239
2026-01-14 16:19:47.213,14.245
2026-01-14 16:19:47.231,14.256
2026-01-14 16:19:47.246,14.267
2026-01-14 16:19:47.246,14.275
2026-01-14 16:19:47.263,14.282
2026-01-14 16:19:47.280,14.294
2026-01-14 16:19:47.296,14.308
2026-01-14 16:19:47.296,14.321
2026-01-14 16:19:47.313,14.34
2026-01-14 16:19:47.360,14.349
2026-01-14 16:19:47.360,14.364
2026-01-14 16:19:47.362,14.374
2026-01-14 16:19:47.368,14.389
2026-01-14 16:19:47.380,14.401
2026-01-14 16:19:47.396,14.411
2026-01-14 16:19:47.413,14.424
2026-01-14 16:19:47.430,14.435
2026-01-14 16:19:47.431,14.453
2026-01-14 16:19:47.446,14.465
2026-01-14 16:19:47.464,14.465
2026-01-14 16:19:47.464,14.479
2026-01-14 16:19:47.481,14.487
2026-01-14 16:19:47.496,14.509
2026-01-14 16:19:47.498,14.519
2026-01-14 16:19:47.514,14.533
2026-01-14 16:19:47.530,14.546
2026-01-14 16:19:47.546,14.559
2026-01-14 16:19:47.547,14.573
2026-01-14 16:19:47.564,14.582
2026-01-14 16:19:47.580,14.586
2026-01-14 16:19:47.597,14.594
2026-01-14 16:19:47.597,14.604
2026-01-14 16:19:47.614,14.613
2026-01-14 16:19:47.630,14.623
2026-01-14 16:19:47.630,14.632
2026-01-14 16:19:47.647,14.643
2026-01-14 16:19:47.663,14.65
2026-01-14 16:19:47.680,14.66
2026-01-14 16:19:47.680,14.667
2026-01-14 16:19:47.697,14.675
2026-01-14 16:19:47.714,14.681
2026-01-14 16:19:47.715,14.685
2026-01-14 16:19:47.729,14.686
2026-01-14 16:19:47.747,14.694
2026-01-14 16:19:47.764,14.699
2026-01-14 16:19:47.764,14.707
2026-01-14 16:19:47.779,14.712
2026-01-14 16:19:47.798,14.723
2026-01-14 16:19:47.798,14.732
2026-01-14 16:19:47.814,14.736
2026-01-14 16:19:47.830,14.748
2026-01-14 16:19:47.846,14.759
2026-01-14 16:19:47.846,14.769
2026-01-14 16:19:47.864,14.787
2026-01-14 16:19:47.880,14.805
2026-01-14 16:19:47.897,14.813
2026-01-14 16:19:47.898,14.831
2026-01-14 16:19:47.914,14.858
2026-01-14 16:19:47.930,14.867
2026-01-14 16:19:47.931,14.879
2026-01-14 16:19:47.955,14.888
2026-01-14 16:19:47.955,14.894
2026-01-14 16:19:47.980,14.911
2026-01-14 16:19:47.981,14.917
2026-01-14 16:19:47.997,14.919
2026-01-14 16:19:48.014,14.923
2026-01-14 16:19:48.015,14.931
2026-01-14 16:19:48.029,14.95
2026-01-14 16:19:48.046,14.952
2026-01-14 16:19:48.063,14.957
2026-01-14 16:19:48.064,14.97
2026-01-14 16:19:48.080,14.977
2026-01-14 16:19:48.097,14.999
2026-01-14 16:19:48.098,15.01
2026-01-14 16:19:48.114,15.019
2026-01-14 16:19:48.130,15.032
2026-01-14 16:19:48.146,15.043
2026-01-14 16:19:48.147,15.05
2026-01-14 16:19:48.163,15.058
2026-01-14 16:19:48.180,15.065
2026-01-14 16:19:48.182,15.071
2026-01-14 16:19:48.197,15.08
2026-01-14 16:19:48.213,15.092
2026-01-14 16:19:48.229,15.106
2026-01-14 16:19:48.230,15.118
2026-01-14 16:19:48.247,15.139
2026-01-14 16:19:48.264,15.151
2026-01-14 16:19:48.281,15.163
2026-01-14 16:19:48.282,15.167
2026-01-14 16:19:48.295,15.18
2026-01-14 16:19:48.312,15.182
2026-01-14 16:19:48.328,15.193
2026-01-14 16:19:48.329,15.207
2026-01-14 16:19:48.345,15.233
2026-01-14 16:19:48.362,15.247
2026-01-14 16:19:48.362,15.263
2026-01-14 16:19:48.378,15.265
2026-01-14 16:19:48.395,15.274
2026-01-14 16:19:48.412,15.285
2026-01-14 16:19:48.412,15.297
2026-01-14 16:19:48.429,15.308
2026-01-14 16:19:48.445,15.332
2026-01-14 16:19:48.445,15.349
2026-01-14 16:19:48.462,15.352
2026-01-14 16:19:48.479,15.361
2026-01-14 16:19:48.495,15.367
2026-01-14 16:19:48.496,15.377
2026-01-14 16:19:48.513,15.39
2026-01-14 16:19:48.529,15.403
2026-01-14 16:19:48.530,15.415
2026-01-14 16:19:48.546,15.422
2026-01-14 16:19:48.580,15.428
2026-01-14 16:19:48.581,15.446
2026-01-14 16:19:48.595,15.465
2026-01-14 16:19:48.613,15.478
2026-01-14 16:19:48.614,15.489
2026-01-14 16:19:48.631,15.503
2026-01-14 16:19:48.647,15.516
2026-01-14 16:19:48.664,15.53
2026-01-14 16:19:48.664,15.54
2026-01-14 16:19:48.706,15.546
2026-01-14 16:19:48.707,15.559
2026-01-14 16:19:48.708,15.581
2026-01-14 16:19:48.715,15.592
2026-01-14 16:19:48.730,15.61
2026-01-14 16:19:48.747,15.627
2026-01-14 16:19:48.747,15.64
2026-01-14 16:19:48.763,15.652
2026-01-14 16:19:48.779,15.664
2026-01-14 16:19:48.797,15.685
2026-01-14 16:19:48.798,15.689
2026-01-14 16:19:48.814,15.691
2026-01-14 16:19:48.830,15.7
2026-01-14 16:19:48.830,15.711
2026-01-14 16:19:48.847,15.719
2026-01-14 16:19:48.862,15.728
2026-01-14 16:19:48.880,15.734
2026-01-14 16:19:48.880,15.741
2026-01-14 16:19:48.897,15.754
2026-01-14 16:19:48.913,15.769
2026-01-14 16:19:48.914,15.785
2026-01-14 16:19:48.929,15.801
2026-01-14 16:19:48.954,15.814
2026-01-14 16:19:48.955,15.828
2026-01-14 16:19:48.963,15.84
2026-01-14 16:19:48.981,15.855
2026-01-14 16:19:48.996,15.869
2026-01-14 16:19:48.997,15.878
2026-01-14 16:19:49.013,15.889
2026-01-14 16:19:49.028,15.897
2026-01-14 16:19:49.045,15.904
2026-01-14 16:19:49.063,15.913
2026-01-14 16:19:49.080,15.926
2026-01-14 16:19:49.098,15.934
2026-01-14 16:19:49.113,15.946
2026-01-14 16:19:49.130,15.962
2026-01-14 16:19:49.130,15.978
2026-01-14 16:19:49.147,15.986
2026-01-14 16:19:49.163,16.001
2026-01-14 16:19:49.180,16.014
2026-01-14 16:19:49.180,16.03
2026-01-14 16:19:49.196,16.044
2026-01-14 16:19:49.214,16.055
2026-01-14 16:19:49.215,16.068
2026-01-14 16:19:49.230,16.085
2026-01-14 16:19:49.248,16.103
2026-01-14 16:19:49.262,16.126
2026-01-14 16:19:49.263,16.137
2026-01-14 16:19:49.279,16.148
2026-01-14 16:19:49.297,16.158
2026-01-14 16:19:49.298,16.167
2026-01-14 16:19:49.313,16.187
2026-01-14 16:19:49.329,16.196
2026-01-14 16:19:49.346,16.207
2026-01-14 16:19:49.347,16.211
2026-01-14 16:19:49.362,16.213
2026-01-14 16:19:49.380,16.214
2026-01-14 16:19:49.398,16.222
2026-01-14 16:19:49.398,16.236
2026-01-14 16:19:49.413,16.258
2026-01-14 16:19:49.430,16.269
2026-01-14 16:19:49.430,16.282
2026-01-14 16:19:49.446,16.291
2026-01-14 16:19:49.463,16.305
2026-01-14 16:19:49.479,16.316
2026-01-14 16:19:49.480,16.327
2026-01-14 16:19:49.497,16.337
2026-01-14 16:19:49.513,16.346
2026-01-14 16:19:49.513,16.356
2026-01-14 16:19:49.529,16.36
2026-01-14 16:19:49.547,16.368
2026-01-14 16:19:49.563,16.38
2026-01-14 16:19:49.563,16.389
2026-01-14 16:19:49.580,16.404
2026-01-14 16:19:49.594,16.416
2026-01-14 16:19:49.613,16.434
2026-01-14 16:19:49.614,16.452
2026-01-14 16:19:49.630,16.467
2026-01-14 16:19:49.650,16.482
2026-01-14 16:19:49.650,16.498
2026-01-14 16:19:49.662,16.51
2026-01-14 16:19:49.680,16.523
2026-01-14 16:19:49.696,16.533
2026-01-14 16:19:49.712,16.553
2026-01-14 16:19:49.730,16.562
2026-01-14 16:19:49.730,16.581
2026-01-14 16:19:49.746,16.595
2026-01-14 16:19:49.763,16.607
2026-01-14 16:19:49.779,16.631
2026-01-14 16:19:49.780,16.647
2026-01-14 16:19:49.798,16.653
2026-01-14 16:19:49.812,16.663
2026-01-14 16:19:49.813,16.677
2026-01-14 16:19:49.829,16.692
2026-01-14 16:19:49.847,16.703
2026-01-14 16:19:49.863,16.714
2026-01-14 16:19:49.864,16.727
2026-01-14 16:19:49.880,16.732
2026-01-14 16:19:49.897,16.747
2026-01-14 16:19:49.912,16.758
2026-01-14 16:19:49.912,16.771
2026-01-14 16:19:49.927,16.783
2026-01-14 16:19:49.946,16.8
2026-01-14 16:19:49.947,16.818
2026-01-14 16:19:49.970,16.831
2026-01-14 16:19:49.970,16.845
2026-01-14 16:19:49.996,16.863
2026-01-14 16:19:49.996,16.88
2026-01-14 16:19:50.012,16.893
2026-01-14 16:19:50.031,16.91
2026-01-14 16:19:50.031,16.918
2026-01-14 16:19:50.070,16.928
2026-01-14 16:19:50.071,16.934
2026-01-14 16:19:50.071,16.941
2026-01-14 16:19:50.078,16.951
2026-01-14 16:19:50.096,16.957
2026-01-14 16:19:50.113,16.969
2026-01-14 16:19:50.130,16.976
2026-01-14 16:19:50.131,16.987
2026-01-14 16:19:50.147,16.999
2026-01-14 16:19:50.163,17.013
2026-01-14 16:19:50.163,17.024
2026-01-14 16:19:50.180,17.037
2026-01-14 16:19:50.198,17.047
2026-01-14 16:19:50.198,17.058
2026-01-14 16:19:50.212,17.066
2026-01-14 16:19:50.230,17.081
2026-01-14 16:19:50.247,17.088
2026-01-14 16:19:50.247,17.098
2026-01-14 16:19:50.264,17.112
2026-01-14 16:19:50.279,17.126
2026-01-14 16:19:50.297,17.136
2026-01-14 16:19:50.297,17.147
2026-01-14 16:19:50.313,17.157
2026-01-14 16:19:50.329,17.168
2026-01-14 16:19:50.330,17.183
2026-01-14 16:19:50.346,17.196
2026-01-14 16:19:50.363,17.209
2026-01-14 16:19:50.379,17.217
2026-01-14 16:19:50.380,17.233
2026-01-14 16:19:50.397,17.24
2026-01-14 16:19:50.412,17.255
2026-01-14 16:19:50.430,17.267
2026-01-14 16:19:50.431,17.277
2026-01-14 16:19:50.446,17.29
2026-01-14 16:19:50.463,17.301
2026-01-14 16:19:50.463,17.317
2026-01-14 16:19:50.479,17.33
2026-01-14 16:19:50.496,17.335
2026-01-14 16:19:50.512,17.343
2026-01-14 16:19:50.529,17.35
2026-01-14 16:19:50.545,17.356
2026-01-14 16:19:50.545,17.368
2026-01-14 16:19:50.561,17.382
2026-01-14 16:19:50.579,17.391
2026-01-14 16:19:50.596,17.409
2026-01-14 16:19:50.597,17.423
2026-01-14 16:19:50.612,17.436
2026-01-14 16:19:50.628,17.451
2026-01-14 16:19:50.629,17.462
2026-01-14 16:19:50.646,17.474
2026-01-14 16:19:50.663,17.492
2026-01-14 16:19:50.679,17.503
2026-01-14 16:19:50.680,17.516
2026-01-14 16:19:50.696,17.525
2026-01-14 16:19:50.712,17.54
2026-01-14 16:19:50.729,17.56
2026-01-14 16:19:50.730,17.574
2026-01-14 16:19:50.745,17.594
2026-01-14 16:19:50.762,17.604
2026-01-14 16:19:50.762,17.617
2026-01-14 16:19:50.779,17.63
2026-01-14 16:19:50.796,17.646
2026-01-14 16:19:50.812,17.665
2026-01-14 16:19:50.812,17.681
2026-01-14 16:19:50.829,17.69
2026-01-14 16:19:50.845,17.695
2026-01-14 16:19:50.845,17.711
2026-01-14 16:19:50.862,17.722
2026-01-14 16:19:50.880,17.733
2026-01-14 16:19:50.895,17.746
2026-01-14 16:19:50.896,17.754
2026-01-14 16:19:50.912,17.765
2026-01-14 16:19:50.928,17.777
2026-01-14 16:19:50.945,17.789
2026-01-14 16:19:50.945,17.797
2026-01-14 16:19:50.968,17.809
2026-01-14 16:19:50.979,17.825
2026-01-14 16:19:50.995,17.843
2026-01-14 16:19:51.012,17.859
2026-01-14 16:19:51.029,17.875
2026-01-14 16:19:51.030,17.892
2026-01-14 16:19:51.045,17.903
2026-01-14 16:19:51.062,17.916
2026-01-14 16:19:51.062,17.932
2026-01-14 16:19:51.079,17.949
2026-01-14 16:19:51.096,17.962
2026-01-14 16:19:51.113,17.973
2026-01-14 16:19:51.113,17.991
2026-01-14 16:19:51.129,18.003
2026-01-14 16:19:51.145,18.012
2026-01-14 16:19:51.163,18.029
2026-01-14 16:19:51.163,18.036
2026-01-14 16:19:51.180,18.046
2026-01-14 16:19:51.195,18.056
2026-01-14 16:19:51.195,18.069
2026-01-14 16:19:51.212,18.083
2026-01-14 16:19:51.228,18.091
2026-01-14 16:19:51.244,18.109
2026-01-14 16:19:51.245,18.118
2026-01-14 16:19:51.263,18.132
2026-01-14 16:19:51.279,18.146
2026-01-14 16:19:51.280,18.16
2026-01-14 16:19:51.296,18.169
2026-01-14 16:19:51.313,18.181
2026-01-14 16:19:51.314,18.2
2026-01-14 16:19:51.328,18.212
2026-01-14 16:19:51.346,18.22
2026-01-14 16:19:51.362,18.233
2026-01-14 16:19:51.362,18.247
2026-01-14 16:19:51.378,18.262
2026-01-14 16:19:51.397,18.271
2026-01-14 16:19:51.433,18.281
2026-01-14 16:19:51.434,18.292
2026-01-14 16:19:51.434,18.301
2026-01-14 16:19:51.434,18.317
2026-01-14 16:19:51.464,18.331
2026-01-14 16:19:51.464,18.343
2026-01-14 16:19:51.480,18.359
2026-01-14 16:19:51.497,18.37
2026-01-14 16:19:51.515,18.386
2026-01-14 16:19:51.529,18.404
2026-01-14 16:19:51.530,18.413
2026-01-14 16:19:51.547,18.421
2026-01-14 16:19:51.562,18.433
2026-01-14 16:19:51.579,18.444
2026-01-14 16:19:51.579,18.453
2026-01-14 16:19:51.595,18.47
2026-01-14 16:19:51.613,18.482
2026-01-14 16:19:51.614,18.5
2026-01-14 16:19:51.630,18.514
2026-01-14 16:19:51.646,18.518
2026-01-14 16:19:51.661,18.539
2026-01-14 16:19:51.662,18.546
2026-01-14 16:19:51.695,18.56
2026-01-14 16:19:51.712,18.574
2026-01-14 16:19:51.713,18.588
2026-01-14 16:19:51.730,18.597
2026-01-14 16:19:51.745,18.61
2026-01-14 16:19:51.746,18.634
2026-01-14 16:19:51.761,18.652
2026-01-14 16:19:51.778,18.67
2026-01-14 16:19:51.795,18.679
2026-01-14 16:19:51.796,18.699
2026-01-14 16:19:51.812,18.706
2026-01-14 16:19:51.829,18.721
2026-01-14 16:19:51.845,18.738
2026-01-14 16:19:51.846,18.751
2026-01-14 16:19:51.862,18.766
2026-01-14 16:19:51.878,18.784
2026-01-14 16:19:51.879,18.797
2026-01-14 16:19:51.895,18.815
2026-01-14 16:19:51.911,18.825
2026-01-14 16:19:51.929,18.835
2026-01-14 16:19:51.930,18.844
2026-01-14 16:19:51.944,18.856
2026-01-14 16:19:51.967,18.866
2026-01-14 16:19:51.967,18.877
2026-01-14 16:19:51.978,18.889
2026-01-14 16:19:51.995,18.902
2026-01-14 16:19:52.011,18.921
2026-01-14 16:19:52.011,18.933
2026-01-14 16:19:52.028,18.941
2026-01-14 16:19:52.046,18.956
2026-01-14 16:19:52.063,18.975
2026-01-14 16:19:52.080,18.989
2026-01-14 16:19:52.097,18.999
2026-01-14 16:19:52.097,19.021
2026-01-14 16:19:52.112,19.03
2026-01-14 16:19:52.130,19.039
2026-01-14 16:19:52.131,19.054
2026-01-14 16:19:52.146,19.071
2026-01-14 16:19:52.179,19.087
2026-01-14 16:19:52.179,19.094
2026-01-14 16:19:52.196,19.124
2026-01-14 16:19:52.213,19.141
2026-01-14 16:19:52.229,19.15
2026-01-14 16:19:52.247,19.165
2026-01-14 16:19:52.263,19.174
2026-01-14 16:19:52.264,19.185
2026-01-14 16:19:52.297,19.203
2026-01-14 16:19:52.313,19.214
2026-01-14 16:19:52.314,19.226
2026-01-14 16:19:52.330,19.248
2026-01-14 16:19:52.347,19.257
2026-01-14 16:19:52.347,19.27
2026-01-14 16:19:52.363,19.293
2026-01-14 16:19:52.379,19.304
2026-01-14 16:19:52.395,19.317
2026-01-14 16:19:52.396,19.326
2026-01-14 16:19:52.412,19.334
2026-01-14 16:19:52.429,19.344
2026-01-14 16:19:52.430,19.362
2026-01-14 16:19:52.446,19.374
2026-01-14 16:19:52.463,19.382
2026-01-14 16:19:52.479,19.393
2026-01-14 16:19:52.479,19.407
2026-01-14 16:19:52.496,19.42
2026-01-14 16:19:52.514,19.431
2026-01-14 16:19:52.515,19.441
2026-01-14 16:19:52.529,19.454
2026-01-14 16:19:52.547,19.464
2026-01-14 16:19:52.563,19.482
2026-01-14 16:19:52.563,19.497
2026-01-14 16:19:52.594,19.507
2026-01-14 16:19:52.614,19.517
2026-01-14 16:19:52.614,19.523
2026-01-14 16:19:52.631,19.528
2026-01-14 16:19:52.646,19.54
2026-01-14 16:19:52.646,19.564
2026-01-14 16:19:52.663,19.571
2026-01-14 16:19:52.679,19.587
2026-01-14 16:19:52.696,19.595
2026-01-14 16:19:52.696,19.606
2026-01-14 16:19:52.714,19.619
2026-01-14 16:19:52.730,19.629
2026-01-14 16:19:52.731,19.651
2026-01-14 16:19:52.745,19.657
2026-01-14 16:19:52.763,19.656
2026-01-14 16:19:52.791,19.67
2026-01-14 16:19:52.792,19.69
2026-01-14 16:19:52.792,19.698
2026-01-14 16:19:52.802,19.71
2026-01-14 16:19:52.814,19.717
2026-01-14 16:19:52.828,19.729
2026-01-14 16:19:52.845,19.736
2026-01-14 16:19:52.862,19.747
2026-01-14 16:19:52.862,19.759
2026-01-14 16:19:52.878,19.766
2026-01-14 16:19:52.895,19.787
2026-01-14 16:19:52.912,19.807
2026-01-14 16:19:52.912,19.819
2026-01-14 16:19:52.928,19.843
2026-01-14 16:19:52.945,19.856
2026-01-14 16:19:52.946,19.864
2026-01-14 16:19:52.968,19.877
2026-01-14 16:19:52.970,19.882
2026-01-14 16:19:52.996,19.889
2026-01-14 16:19:52.996,19.898
2026-01-14 16:19:53.011,19.911
2026-01-14 16:19:53.030,19.927
2026-01-14 16:19:53.030,19.943
2026-01-14 16:19:53.045,19.954
2026-01-14 16:19:53.063,19.97
2026-01-14 16:19:53.079,19.992
2026-01-14 16:19:53.079,20.006
2026-01-14 16:19:53.096,20.019
2026-01-14 16:19:53.111,20.032
2026-01-14 16:19:53.129,20.043
2026-01-14 16:19:53.129,20.06
2026-01-14 16:19:53.146,20.074
2026-01-14 16:19:53.163,20.082
2026-01-14 16:19:53.164,20.094
2026-01-14 16:19:53.178,20.104
2026-01-14 16:19:53.197,20.126
2026-01-14 16:19:53.213,20.13
2026-01-14 16:19:53.213,20.137
2026-01-14 16:19:53.229,20.154
2026-01-14 16:19:53.245,20.168
2026-01-14 16:19:53.246,20.182
2026-01-14 16:19:53.263,20.189
2026-01-14 16:19:53.278,20.208
2026-01-14 16:19:53.296,20.219
2026-01-14 16:19:53.297,20.234
2026-01-14 16:19:53.312,20.241
2026-01-14 16:19:53.329,20.256
2026-01-14 16:19:53.330,20.269
2026-01-14 16:19:53.346,20.278
2026-01-14 16:19:53.363,20.29
2026-01-14 16:19:53.378,20.306
2026-01-14 16:19:53.379,20.312
2026-01-14 16:19:53.396,20.32
2026-01-14 16:19:53.412,20.328
2026-01-14 16:19:53.430,20.343
2026-01-14 16:19:53.430,20.36
2026-01-14 16:19:53.446,20.379
2026-01-14 16:19:53.463,20.389
2026-01-14 16:19:53.464,20.396
2026-01-14 16:19:53.479,20.409
2026-01-14 16:19:53.496,20.42
2026-01-14 16:19:53.514,20.433
2026-01-14 16:19:53.514,20.443
2026-01-14 16:19:53.529,20.459
2026-01-14 16:19:53.546,20.476
2026-01-14 16:19:53.547,20.492
2026-01-14 16:19:53.563,20.507
2026-01-14 16:19:53.579,20.535
2026-01-14 16:19:53.596,20.544
2026-01-14 16:19:53.597,20.554
2026-01-14 16:19:53.613,20.569
2026-01-14 16:19:53.629,20.58
2026-01-14 16:19:53.630,20.587
2026-01-14 16:19:53.645,20.592
2026-01-14 16:19:53.662,20.597
2026-01-14 16:19:53.679,20.613
2026-01-14 16:19:53.680,20.625
2026-01-14 16:19:53.697,20.633
2026-01-14 16:19:53.711,20.644
2026-01-14 16:19:53.730,20.658
2026-01-14 16:19:53.730,20.675
2026-01-14 16:19:53.745,20.685
2026-01-14 16:19:53.763,20.689
2026-01-14 16:19:53.763,20.694
2026-01-14 16:19:53.778,20.703
2026-01-14 16:19:53.796,20.716
2026-01-14 16:19:53.812,20.724
2026-01-14 16:19:53.813,20.731
2026-01-14 16:19:53.829,20.743
2026-01-14 16:19:53.845,20.758
2026-01-14 16:19:53.845,20.77
2026-01-14 16:19:53.862,20.778
2026-01-14 16:19:53.879,20.786
2026-01-14 16:19:53.896,20.79
2026-01-14 16:19:53.913,20.805
2026-01-14 16:19:53.929,20.82
2026-01-14 16:19:53.929,20.831
2026-01-14 16:19:53.946,20.839
2026-01-14 16:19:53.969,20.856
2026-01-14 16:19:53.969,20.866
2026-01-14 16:19:53.979,20.877
2026-01-14 16:19:53.996,20.896
2026-01-14 16:19:54.013,20.911
2026-01-14 16:19:54.013,20.927
2026-01-14 16:19:54.028,20.94
2026-01-14 16:19:54.046,20.95
2026-01-14 16:19:54.062,20.958
2026-01-14 16:19:54.062,20.977
2026-01-14 16:19:54.079,20.985
2026-01-14 16:19:54.096,20.996
2026-01-14 16:19:54.112,21.001
2026-01-14 16:19:54.112,21.018
2026-01-14 16:19:54.174,21.035
2026-01-14 16:19:54.176,21.054
2026-01-14 16:19:54.177,21.069
2026-01-14 16:19:54.177,21.082
2026-01-14 16:19:54.177,21.093
2026-01-14 16:19:54.184,21.109
2026-01-14 16:19:54.196,21.123
2026-01-14 16:19:54.212,21.144
2026-01-14 16:19:54.229,21.161
2026-01-14 16:19:54.229,21.174
2026-01-14 16:19:54.244,21.18
2026-01-14 16:19:54.263,21.186
2026-01-14 16:19:54.278,21.197
2026-01-14 16:19:54.279,21.211
2026-01-14 16:19:54.295,21.233
2026-01-14 16:19:54.312,21.243
2026-01-14 16:19:54.329,21.252
2026-01-14 16:19:54.329,21.276
2026-01-14 16:19:54.347,21.28
2026-01-14 16:19:54.362,21.281
2026-01-14 16:19:54.362,21.29
2026-01-14 16:19:54.379,21.303
2026-01-14 16:19:54.396,21.312
2026-01-14 16:19:54.413,21.322
2026-01-14 16:19:54.413,21.33
2026-01-14 16:19:54.428,21.34
2026-01-14 16:19:54.446,21.355
2026-01-14 16:19:54.446,21.377
2026-01-14 16:19:54.463,21.383
2026-01-14 16:19:54.478,21.414
2026-01-14 16:19:54.497,21.427
2026-01-14 16:19:54.497,21.441
2026-01-14 16:19:54.512,21.451
2026-01-14 16:19:54.529,21.458
2026-01-14 16:19:54.529,21.479
2026-01-14 16:19:54.545,21.494
2026-01-14 16:19:54.563,21.511
2026-01-14 16:19:54.578,21.509
2026-01-14 16:19:54.579,21.528
2026-01-14 16:19:54.596,21.532
2026-01-14 16:19:54.613,21.54
2026-01-14 16:19:54.628,21.55
2026-01-14 16:19:54.629,21.556
2026-01-14 16:19:54.646,21.568
2026-01-14 16:19:54.662,21.595
2026-01-14 16:19:54.663,21.612
2026-01-14 16:19:54.678,21.616
2026-01-14 16:19:54.697,21.621
2026-01-14 16:19:54.713,21.626
2026-01-14 16:19:54.714,21.639
2026-01-14 16:19:54.728,21.652
2026-01-14 16:19:54.747,21.662
2026-01-14 16:19:54.748,21.668
2026-01-14 16:19:54.763,21.675
2026-01-14 16:19:54.778,21.686
2026-01-14 16:19:54.794,21.702
2026-01-14 16:19:54.794,21.718
2026-01-14 16:19:54.813,21.726
2026-01-14 16:19:54.829,21.733
2026-01-14 16:19:54.846,21.738
2026-01-14 16:19:54.847,21.76
2026-01-14 16:19:54.862,21.777
2026-01-14 16:19:54.879,21.789
2026-01-14 16:19:54.879,21.798
2026-01-14 16:19:54.896,21.809
2026-01-14 16:19:54.912,21.819
2026-01-14 16:19:54.928,21.837
2026-01-14 16:19:54.929,21.85
2026-01-14 16:19:54.955,21.862
2026-01-14 16:19:54.955,21.877
2026-01-14 16:19:54.964,21.888
2026-01-14 16:19:54.982,21.895
2026-01-14 16:19:54.995,21.907
2026-01-14 16:19:55.011,21.921
2026-01-14 16:19:55.011,21.932
2026-01-14 16:19:55.027,21.948
2026-01-14 16:19:55.044,21.965
2026-01-14 16:19:55.061,21.975
2026-01-14 16:19:55.062,21.983
2026-01-14 16:19:55.078,21.988
2026-01-14 16:19:55.095,22.012
2026-01-14 16:19:55.096,22.028
2026-01-14 16:19:55.111,22.034
2026-01-14 16:19:55.130,22.042
2026-01-14 16:19:55.145,22.058
2026-01-14 16:19:55.160,22.077
2026-01-14 16:19:55.177,22.091
2026-01-14 16:19:55.195,22.122
2026-01-14 16:19:55.211,22.139
2026-01-14 16:19:55.228,22.156
2026-01-14 16:19:55.229,22.165
2026-01-14 16:19:55.245,22.173
2026-01-14 16:19:55.261,22.19
2026-01-14 16:19:55.262,22.203
2026-01-14 16:19:55.278,22.21
2026-01-14 16:19:55.295,22.215
2026-01-14 16:19:55.312,22.218
2026-01-14 16:19:55.312,22.227
2026-01-14 16:19:55.328,22.242
2026-01-14 16:19:55.344,22.254
2026-01-14 16:19:55.345,22.265
2026-01-14 16:19:55.361,22.273
2026-01-14 16:19:55.378,22.284
2026-01-14 16:19:55.395,22.299
2026-01-14 16:19:55.395,22.316
2026-01-14 16:19:55.412,22.327
2026-01-14 16:19:55.429,22.331
2026-01-14 16:19:55.430,22.347
2026-01-14 16:19:55.444,22.362
2026-01-14 16:19:55.461,22.37
2026-01-14 16:19:55.477,22.382
2026-01-14 16:19:55.478,22.392
2026-01-14 16:19:55.520,22.403
2026-01-14 16:19:55.520,22.418
2026-01-14 16:19:55.521,22.43
2026-01-14 16:19:55.527,22.438
2026-01-14 16:19:55.545,22.45
2026-01-14 16:19:55.561,22.455
2026-01-14 16:19:55.562,22.47
2026-01-14 16:19:55.579,22.487
2026-01-14 16:19:55.594,22.501
2026-01-14 16:19:55.611,22.513
2026-01-14 16:19:55.612,22.531
2026-01-14 16:19:55.627,22.537
2026-01-14 16:19:55.644,22.549
2026-01-14 16:19:55.660,22.566
2026-01-14 16:19:55.677,22.579
2026-01-14 16:19:55.694,22.6
2026-01-14 16:19:55.694,22.615
2026-01-14 16:19:55.711,22.632
2026-01-14 16:19:55.729,22.647
2026-01-14 16:19:55.745,22.663
2026-01-14 16:19:55.745,22.67
2026-01-14 16:19:55.762,22.676
2026-01-14 16:19:55.779,22.689
2026-01-14 16:19:55.780,22.7
2026-01-14 16:19:55.795,22.71
2026-01-14 16:19:55.812,22.726
2026-01-14 16:19:55.829,22.736
2026-01-14 16:19:55.829,22.746
2026-01-14 16:19:55.845,22.759
2026-01-14 16:19:55.862,22.764
2026-01-14 16:19:55.863,22.78
2026-01-14 16:19:55.878,22.793
2026-01-14 16:19:55.896,22.8
2026-01-14 16:19:55.912,22.806
2026-01-14 16:19:55.912,22.82
2026-01-14 16:19:55.929,22.837
2026-01-14 16:19:55.945,22.853
2026-01-14 16:19:55.945,22.859
2026-01-14 16:19:55.970,22.87
2026-01-14 16:19:55.970,22.882
2026-01-14 16:19:55.996,22.894
2026-01-14 16:19:55.997,22.912
2026-01-14 16:19:56.011,22.917
2026-01-14 16:19:56.028,22.929
2026-01-14 16:19:56.046,22.93
2026-01-14 16:19:56.046,22.943
2026-01-14 16:19:56.060,22.953
2026-01-14 16:19:56.079,22.961
2026-01-14 16:19:56.079,22.973
2026-01-14 16:19:56.095,22.988
2026-01-14 16:19:56.113,22.999
2026-01-14 16:19:56.128,23.007
2026-01-14 16:19:56.129,23.017
2026-01-14 16:19:56.146,23.03
2026-01-14 16:19:56.163,23.047
2026-01-14 16:19:56.164,23.059
2026-01-14 16:19:56.178,23.072
2026-01-14 16:19:56.195,23.082
2026-01-14 16:19:56.213,23.092
2026-01-14 16:19:56.213,23.103
2026-01-14 16:19:56.228,23.119
2026-01-14 16:19:56.245,23.131
2026-01-14 16:19:56.245,23.144
2026-01-14 16:19:56.263,23.158
2026-01-14 16:19:56.279,23.173
2026-01-14 16:19:56.297,23.192
2026-01-14 16:19:56.298,23.203
2026-01-14 16:19:56.312,23.221
2026-01-14 16:19:56.329,23.23
2026-01-14 16:19:56.330,23.249
2026-01-14 16:19:56.345,23.262
2026-01-14 16:19:56.363,23.275
2026-01-14 16:19:56.378,23.283
2026-01-14 16:19:56.379,23.291
2026-01-14 16:19:56.394,23.307
2026-01-14 16:19:56.412,23.323
2026-01-14 16:19:56.429,23.337
2026-01-14 16:19:56.429,23.352
2026-01-14 16:19:56.446,23.364
2026-01-14 16:19:56.461,23.376
2026-01-14 16:19:56.465,23.386
2026-01-14 16:19:56.478,23.392
2026-01-14 16:19:56.495,23.4
2026-01-14 16:19:56.512,23.407
2026-01-14 16:19:56.513,23.42
2026-01-14 16:19:56.528,23.435
2026-01-14 16:19:56.544,23.445
2026-01-14 16:19:56.545,23.453
2026-01-14 16:19:56.562,23.457
2026-01-14 16:19:56.579,23.478
2026-01-14 16:19:56.594,23.49
2026-01-14 16:19:56.596,23.502
2026-01-14 16:19:56.612,23.517
2026-01-14 16:19:56.629,23.524
2026-01-14 16:19:56.630,23.55
2026-01-14 16:19:56.645,23.555
2026-01-14 16:19:56.662,23.569
2026-01-14 16:19:56.678,23.583
2026-01-14 16:19:56.678,23.586
2026-01-14 16:19:56.695,23.604
2026-01-14 16:19:56.712,23.611
2026-01-14 16:19:56.728,23.618
2026-01-14 16:19:56.728,23.643
2026-01-14 16:19:56.745,23.656
2026-01-14 16:19:56.763,23.664
2026-01-14 16:19:56.763,23.669
2026-01-14 16:19:56.796,23.675
2026-01-14 16:19:56.813,23.69
2026-01-14 16:19:56.814,23.703
2026-01-14 16:19:56.828,23.716
2026-01-14 16:19:56.845,23.725
2026-01-14 16:19:56.846,23.743
2026-01-14 16:19:56.874,23.757
2026-01-14 16:19:56.876,23.774
2026-01-14 16:19:56.887,23.791
2026-01-14 16:19:56.896,23.803
2026-01-14 16:19:56.912,23.809
2026-01-14 16:19:56.928,23.819
2026-01-14 16:19:56.945,23.832
2026-01-14 16:19:56.945,23.851
2026-01-14 16:19:56.970,23.86
2026-01-14 16:19:56.970,23.866
2026-01-14 16:19:56.979,23.878
2026-01-14 16:19:56.995,23.906
2026-01-14 16:19:57.013,23.916
2026-01-14 16:19:57.013,23.926
2026-01-14 16:19:57.028,23.93
2026-01-14 16:19:57.045,23.934
2026-01-14 16:19:57.063,23.942
2026-01-14 16:19:57.063,23.954
2026-01-14 16:19:57.078,23.959
2026-01-14 16:19:57.095,23.971
2026-01-14 16:19:57.111,23.982
2026-01-14 16:19:57.112,23.987
2026-01-14 16:19:57.128,23.996
2026-01-14 16:19:57.145,24.002
2026-01-14 16:19:57.146,24.016
2026-01-14 16:19:57.162,24.031
2026-01-14 16:19:57.178,24.039
2026-01-14 16:19:57.196,24.045
2026-01-14 16:19:57.196,24.057
2026-01-14 16:19:57.211,24.068
2026-01-14 16:19:57.229,24.076
2026-01-14 16:19:57.245,24.091
2026-01-14 16:19:57.246,24.108
2026-01-14 16:19:57.262,24.124
2026-01-14 16:19:57.278,24.134
2026-01-14 16:19:57.278,24.147
2026-01-14 16:19:57.295,24.159
2026-01-14 16:19:57.312,24.171
2026-01-14 16:19:57.329,24.181
2026-01-14 16:19:57.330,24.199
2026-01-14 16:19:57.345,24.209
2026-01-14 16:19:57.362,24.224
2026-01-14 16:19:57.362,24.238
2026-01-14 16:19:57.378,24.255
2026-01-14 16:19:57.395,24.266
2026-01-14 16:19:57.411,24.271
2026-01-14 16:19:57.411,24.284
2026-01-14 16:19:57.428,24.295
2026-01-14 16:19:57.443,24.298
2026-01-14 16:19:57.460,24.307
2026-01-14 16:19:57.461,24.318
2026-01-14 16:19:57.477,24.323
2026-01-14 16:19:57.494,24.333
2026-01-14 16:19:57.495,24.347
2026-01-14 16:19:57.511,24.362
2026-01-14 16:19:57.527,24.371
2026-01-14 16:19:57.543,24.384
2026-01-14 16:19:57.545,24.398
2026-01-14 16:19:57.562,24.412
2026-01-14 16:19:57.578,24.428
2026-01-14 16:19:57.578,24.438
2026-01-14 16:19:57.594,24.451
2026-01-14 16:19:57.612,24.461
2026-01-14 16:19:57.628,24.464
2026-01-14 16:19:57.628,24.473
2026-01-14 16:19:57.645,24.484
2026-01-14 16:19:57.661,24.497
2026-01-14 16:19:57.662,24.51
2026-01-14 16:19:57.679,24.525
2026-01-14 16:19:57.695,24.536
2026-01-14 16:19:57.712,24.544
2026-01-14 16:19:57.713,24.557
2026-01-14 16:19:57.728,24.568
2026-01-14 16:19:57.746,24.583
2026-01-14 16:19:57.747,24.597
2026-01-14 16:19:57.761,24.609
2026-01-14 16:19:57.779,24.617
2026-01-14 16:19:57.794,24.63
2026-01-14 16:19:57.795,24.643
2026-01-14 16:19:57.811,24.659
2026-01-14 16:19:57.828,24.669
2026-01-14 16:19:57.845,24.7
2026-01-14 16:19:57.846,24.715
2026-01-14 16:19:57.861,24.721
2026-01-14 16:19:57.878,24.731
2026-01-14 16:19:57.878,24.74
2026-01-14 16:19:57.896,24.753
2026-01-14 16:19:57.912,24.764
2026-01-14 16:19:57.928,24.771
2026-01-14 16:19:57.929,24.783
2026-01-14 16:19:57.945,24.792
2026-01-14 16:19:57.970,24.812
2026-01-14 16:19:57.970,24.824
2026-01-14 16:19:57.978,24.834
2026-01-14 16:19:57.996,24.843
2026-01-14 16:19:58.013,24.853
2026-01-14 16:19:58.013,24.865
2026-01-14 16:19:58.028,24.875
2026-01-14 16:19:58.045,24.88
2026-01-14 16:19:58.046,24.896
2026-01-14 16:19:58.062,24.909
2026-01-14 16:19:58.078,24.915
2026-01-14 16:19:58.095,24.923
2026-01-14 16:19:58.095,24.938
2026-01-14 16:19:58.112,24.954
2026-01-14 16:19:58.128,24.971
2026-01-14 16:19:58.145,24.982
2026-01-14 16:19:58.145,24.994
2026-01-14 16:19:58.162,25.006
2026-01-14 16:19:58.178,25.02
2026-01-14 16:19:58.178,25.028
2026-01-14 16:19:58.195,25.042
2026-01-14 16:19:58.212,25.069
2026-01-14 16:19:58.247,25.071
2026-01-14 16:19:58.248,25.071
2026-01-14 16:19:58.248,25.08
2026-01-14 16:19:58.253,25.095
2026-01-14 16:19:58.279,25.109
2026-01-14 16:19:58.280,25.112
2026-01-14 16:19:58.294,25.118
2026-01-14 16:19:58.312,25.126
2026-01-14 16:19:58.313,25.138
2026-01-14 16:19:58.328,25.149
2026-01-14 16:19:58.344,25.165
2026-01-14 16:19:58.363,25.17
2026-01-14 16:19:58.363,25.18
2026-01-14 16:19:58.378,25.189
2026-01-14 16:19:58.394,25.196
2026-01-14 16:19:58.394,25.212
2026-01-14 16:19:58.412,25.221
2026-01-14 16:19:58.428,25.223
2026-01-14 16:19:58.445,25.252
2026-01-14 16:19:58.445,25.257
2026-01-14 16:19:58.462,25.266
2026-01-14 16:19:58.477,25.276
2026-01-14 16:19:58.478,25.29
2026-01-14 16:19:58.495,25.297
2026-01-14 16:19:58.511,25.306
2026-01-14 16:19:58.532,25.313
2026-01-14 16:19:58.532,25.323
2026-01-14 16:19:58.544,25.33
2026-01-14 16:19:58.563,25.345
2026-01-14 16:19:58.564,25.358
2026-01-14 16:19:58.579,25.369
2026-01-14 16:19:58.595,25.382
2026-01-14 16:19:58.611,25.39
2026-01-14 16:19:58.611,25.414
2026-01-14 16:19:58.644,25.429
2026-01-14 16:19:58.661,25.436
2026-01-14 16:19:58.661,25.445
2026-01-14 16:19:58.677,25.461
2026-01-14 16:19:58.696,25.468
2026-01-14 16:19:58.696,25.485
2026-01-14 16:19:58.710,25.497
2026-01-14 16:19:58.727,25.509
2026-01-14 16:19:58.744,25.52
2026-01-14 16:19:58.745,25.534
2026-01-14 16:19:58.760,25.545
2026-01-14 16:19:58.777,25.55
2026-01-14 16:19:58.795,25.561
2026-01-14 16:19:58.810,25.568
2026-01-14 16:19:58.828,25.58
2026-01-14 16:19:58.828,25.59
2026-01-14 16:19:58.843,25.6
2026-01-14 16:19:58.860,25.628
2026-01-14 16:19:58.861,25.632
2026-01-14 16:19:58.878,25.638
2026-01-14 16:19:58.896,25.644
2026-01-14 16:19:58.910,25.653
2026-01-14 16:19:58.911,25.68
2026-01-14 16:19:58.928,25.692
2026-01-14 16:19:58.944,25.699
2026-01-14 16:19:58.945,25.703
2026-01-14 16:19:58.969,25.71
2026-01-14 16:19:58.970,25.723
2026-01-14 16:19:58.996,25.731
2026-01-14 16:19:58.997,25.742
2026-01-14 16:19:59.012,25.757
2026-01-14 16:19:59.030,25.774
2026-01-14 16:19:59.030,25.777
2026-01-14 16:19:59.045,25.79
2026-01-14 16:19:59.063,25.797
2026-01-14 16:19:59.077,25.804
2026-01-14 16:19:59.078,25.818
2026-01-14 16:19:59.096,25.833
2026-01-14 16:19:59.111,25.844
2026-01-14 16:19:59.128,25.845
2026-01-14 16:19:59.128,25.859
2026-01-14 16:19:59.144,25.869
2026-01-14 16:19:59.163,25.877
2026-01-14 16:19:59.163,25.891
2026-01-14 16:19:59.177,25.911
2026-01-14 16:19:59.195,25.914
2026-01-14 16:19:59.212,25.924
2026-01-14 16:19:59.212,25.957
2026-01-14 16:19:59.229,25.968
2026-01-14 16:19:59.245,25.975
2026-01-14 16:19:59.245,25.976
2026-01-14 16:19:59.261,25.988
2026-01-14 16:19:59.277,26.004
2026-01-14 16:19:59.295,26.014
2026-01-14 16:19:59.296,26.021
2026-01-14 16:19:59.312,26.031
2026-01-14 16:19:59.329,26.035
2026-01-14 16:19:59.329,26.067
2026-01-14 16:19:59.345,26.074
2026-01-14 16:19:59.361,26.085
2026-01-14 16:19:59.377,26.097
2026-01-14 16:19:59.377,26.098
2026-01-14 16:19:59.394,26.105
2026-01-14 16:19:59.413,26.118
2026-01-14 16:19:59.414,26.119
2026-01-14 16:19:59.427,26.136
2026-01-14 16:19:59.445,26.15
2026-01-14 16:19:59.461,26.164
2026-01-14 16:19:59.462,26.169
2026-01-14 16:19:59.478,26.178
2026-01-14 16:19:59.495,26.185
2026-01-14 16:19:59.512,26.201
2026-01-14 16:19:59.512,26.216
2026-01-14 16:19:59.528,26.223
2026-01-14 16:19:59.545,26.238
2026-01-14 16:19:59.546,26.245
2026-01-14 16:19:59.562,26.25
2026-01-14 16:19:59.577,26.26
2026-01-14 16:19:59.608,26.271
2026-01-14 16:19:59.608,26.28
2026-01-14 16:19:59.608,26.29
2026-01-14 16:19:59.627,26.304
2026-01-14 16:19:59.644,26.315
2026-01-14 16:19:59.644,26.332
2026-01-14 16:19:59.661,26.344
2026-01-14 16:19:59.678,26.355
2026-01-14 16:19:59.678,26.367
2026-01-14 16:19:59.694,26.38
2026-01-14 16:19:59.710,26.401
2026-01-14 16:19:59.727,26.411
2026-01-14 16:19:59.728,26.419
2026-01-14 16:19:59.744,26.429
2026-01-14 16:19:59.761,26.436
2026-01-14 16:19:59.762,26.443
2026-01-14 16:19:59.778,26.449
2026-01-14 16:19:59.794,26.461
2026-01-14 16:19:59.812,26.471
2026-01-14 16:19:59.812,26.476
2026-01-14 16:19:59.827,26.485
2026-01-14 16:19:59.845,26.497
2026-01-14 16:19:59.846,26.508
2026-01-14 16:19:59.861,26.512
2026-01-14 16:19:59.877,26.531
2026-01-14 16:19:59.894,26.535
2026-01-14 16:19:59.895,26.546
2026-01-14 16:19:59.912,26.55
2026-01-14 16:19:59.929,26.562
2026-01-14 16:19:59.930,26.587
2026-01-14 16:19:59.944,26.591
2026-01-14 16:19:59.961,26.592
2026-01-14 16:19:59.984,26.607
2026-01-14 16:19:59.985,26.619
2026-01-14 16:19:59.994,26.626
2026-01-14 16:20:00.010,26.641
2026-01-14 16:20:00.029,26.652
2026-01-14 16:20:00.030,26.67
2026-01-14 16:20:00.044,26.684
2026-01-14 16:20:00.060,26.698
2026-01-14 16:20:00.078,26.71
2026-01-14 16:20:00.078,26.719
2026-01-14 16:20:00.094,26.728
2026-01-14 16:20:00.111,26.745
2026-01-14 16:20:00.111,26.754
2026-01-14 16:20:00.127,26.768
2026-01-14 16:20:00.144,26.781
2026-01-14 16:20:00.160,26.793
2026-01-14 16:20:00.161,26.804
2026-01-14 16:20:00.177,26.81
2026-01-14 16:20:00.193,26.827
2026-01-14 16:20:00.193,26.837
2026-01-14 16:20:00.209,26.853
2026-01-14 16:20:00.228,26.867
2026-01-14 16:20:00.229,26.883
2026-01-14 16:20:00.244,26.891
2026-01-14 16:20:00.261,26.904
2026-01-14 16:20:00.277,26.913
2026-01-14 16:20:00.295,26.928
2026-01-14 16:20:00.296,26.939
2026-01-14 16:20:00.310,26.953
2026-01-14 16:20:00.328,26.966
2026-01-14 16:20:00.329,26.977
2026-01-14 16:20:00.362,26.986
2026-01-14 16:20:00.363,26.999
2026-01-14 16:20:00.378,27.005
2026-01-14 16:20:00.396,27.016
2026-01-14 16:20:00.411,27.025
2026-01-14 16:20:00.412,27.037
2026-01-14 16:20:00.428,27.05
2026-01-14 16:20:00.446,27.056
2026-01-14 16:20:00.446,27.065
2026-01-14 16:20:00.461,27.078
2026-01-14 16:20:00.479,27.1
2026-01-14 16:20:00.494,27.115
2026-01-14 16:20:00.494,27.12
2026-01-14 16:20:00.511,27.124
2026-01-14 16:20:00.528,27.138
2026-01-14 16:20:00.547,27.155
2026-01-14 16:20:00.548,27.161
2026-01-14 16:20:00.561,27.168
2026-01-14 16:20:00.579,27.174
2026-01-14 16:20:00.579,27.183
2026-01-14 16:20:00.596,27.195
2026-01-14 16:20:00.611,27.204
2026-01-14 16:20:00.629,27.213
2026-01-14 16:20:00.629,27.227
2026-01-14 16:20:00.644,27.24
2026-01-14 16:20:00.662,27.248
2026-01-14 16:20:00.662,27.258
2026-01-14 16:20:00.677,27.264
2026-01-14 16:20:00.695,27.278
2026-01-14 16:20:00.711,27.292
2026-01-14 16:20:00.711,27.319
2026-01-14 16:20:00.729,27.328
2026-01-14 16:20:00.744,27.345
2026-01-14 16:20:00.761,27.355
2026-01-14 16:20:00.761,27.366
2026-01-14 16:20:00.777,27.372
2026-01-14 16:20:00.795,27.378
2026-01-14 16:20:00.795,27.39
2026-01-14 16:20:00.811,27.401
2026-01-14 16:20:00.833,27.411
2026-01-14 16:20:00.844,27.421
2026-01-14 16:20:00.860,27.433
2026-01-14 16:20:00.879,27.444
2026-01-14 16:20:00.879,27.449
2026-01-14 16:20:00.895,27.472
2026-01-14 16:20:00.912,27.482
2026-01-14 16:20:00.927,27.49
2026-01-14 16:20:00.928,27.498
2026-01-14 16:20:00.986,27.511
2026-01-14 16:20:00.987,27.53
2026-01-14 16:20:00.988,27.54
2026-01-14 16:20:00.988,27.553
2026-01-14 16:20:00.988,27.569
2026-01-14 16:20:01.001,27.58
2026-01-14 16:20:01.011,27.595
2026-01-14 16:20:01.027,27.605
2026-01-14 16:20:01.045,27.614
2026-01-14 16:20:01.045,27.624
2026-01-14 16:20:01.061,27.637
2026-01-14 16:20:01.077,27.648
2026-01-14 16:20:01.095,27.662
2026-01-14 16:20:01.096,27.672
2026-01-14 16:20:01.112,27.678
2026-01-14 16:20:01.127,27.687
2026-01-14 16:20:01.144,27.697
2026-01-14 16:20:01.145,27.7
2026-01-14 16:20:01.161,27.708
2026-01-14 16:20:01.176,27.715
2026-01-14 16:20:01.194,27.726
2026-01-14 16:20:01.194,27.733
2026-01-14 16:20:01.212,27.74
2026-01-14 16:20:01.227,27.751
2026-01-14 16:20:01.227,27.767
2026-01-14 16:20:01.244,27.774
2026-01-14 16:20:01.262,27.797
2026-01-14 16:20:01.262,27.8
2026-01-14 16:20:01.279,27.813
2026-01-14 16:20:01.294,27.829
2026-01-14 16:20:01.311,27.835
2026-01-14 16:20:01.312,27.843
2026-01-14 16:20:01.327,27.857
2026-01-14 16:20:01.345,27.873
2026-01-14 16:20:01.361,27.881
2026-01-14 16:20:01.362,27.89
2026-01-14 16:20:01.379,27.907
2026-01-14 16:20:01.394,27.914
2026-01-14 16:20:01.394,27.924
2026-01-14 16:20:01.411,27.941
2026-01-14 16:20:01.427,27.953
2026-01-14 16:20:01.444,27.961
2026-01-14 16:20:01.444,27.978
2026-01-14 16:20:01.461,27.993
2026-01-14 16:20:01.478,28.008
2026-01-14 16:20:01.479,28.017
2026-01-14 16:20:01.495,28.031
2026-01-14 16:20:01.511,28.05
2026-01-14 16:20:01.527,28.059
2026-01-14 16:20:01.527,28.063
2026-01-14 16:20:01.544,28.079
2026-01-14 16:20:01.561,28.101
2026-01-14 16:20:01.562,28.113
2026-01-14 16:20:01.579,28.125
2026-01-14 16:20:01.594,28.142
2026-01-14 16:20:01.612,28.157
2026-01-14 16:20:01.612,28.172
2026-01-14 16:20:01.627,28.186
2026-01-14 16:20:01.645,28.199
2026-01-14 16:20:01.645,28.206
2026-01-14 16:20:01.661,28.219
2026-01-14 16:20:01.678,28.242
2026-01-14 16:20:01.694,28.25
2026-01-14 16:20:01.694,28.264
2026-01-14 16:20:01.711,28.273
2026-01-14 16:20:01.727,28.281
2026-01-14 16:20:01.744,28.289
2026-01-14 16:20:01.746,28.303
2026-01-14 16:20:01.761,28.319
2026-01-14 16:20:01.778,28.329
2026-01-14 16:20:01.779,28.344
2026-01-14 16:20:01.793,28.357
2026-01-14 16:20:01.811,28.369
2026-01-14 16:20:01.828,28.375
2026-01-14 16:20:01.830,28.386
2026-01-14 16:20:01.844,28.399
2026-01-14 16:20:01.859,28.413
2026-01-14 16:20:01.877,28.428
2026-01-14 16:20:01.878,28.436
2026-01-14 16:20:01.894,28.439
2026-01-14 16:20:01.911,28.46
2026-01-14 16:20:01.911,28.474
2026-01-14 16:20:01.927,28.488
2026-01-14 16:20:01.943,28.498
2026-01-14 16:20:01.968,28.51
2026-01-14 16:20:01.968,28.52
2026-01-14 16:20:01.976,28.529
2026-01-14 16:20:01.994,28.543
2026-01-14 16:20:01.995,28.56
2026-01-14 16:20:02.010,28.579
2026-01-14 16:20:02.029,28.595
2026-01-14 16:20:02.044,28.605
2026-01-14 16:20:02.045,28.614
2026-01-14 16:20:02.061,28.626
2026-01-14 16:20:02.078,28.651
2026-01-14 16:20:02.078,28.659
2026-01-14 16:20:02.095,28.669
2026-01-14 16:20:02.111,28.686
2026-01-14 16:20:02.128,28.7
2026-01-14 16:20:02.128,28.715
2026-01-14 16:20:02.145,28.721
2026-01-14 16:20:02.161,28.733
2026-01-14 16:20:02.161,28.737
2026-01-14 16:20:02.178,28.747
2026-01-14 16:20:02.194,28.757
2026-01-14 16:20:02.212,28.763
2026-01-14 16:20:02.212,28.778
2026-01-14 16:20:02.228,28.783
2026-01-14 16:20:02.243,28.794
2026-01-14 16:20:02.261,28.806
2026-01-14 16:20:02.261,28.815
2026-01-14 16:20:02.277,28.819
2026-01-14 16:20:02.294,28.826
2026-01-14 16:20:02.295,28.837
2026-01-14 16:20:02.337,28.848
2026-01-14 16:20:02.338,28.853
2026-01-14 16:20:02.338,28.868
2026-01-14 16:20:02.346,28.874
2026-01-14 16:20:02.361,28.876
2026-01-14 16:20:02.379,28.88
2026-01-14 16:20:02.379,28.893
2026-01-14 16:20:02.393,28.901
2026-01-14 16:20:02.412,28.912
2026-01-14 16:20:02.413,28.926
2026-01-14 16:20:02.428,28.938
2026-01-14 16:20:02.445,28.952
2026-01-14 16:20:02.461,28.975
2026-01-14 16:20:02.462,28.978
2026-01-14 16:20:02.478,28.995
2026-01-14 16:20:02.494,29.003
2026-01-14 16:20:02.511,29.015
2026-01-14 16:20:02.512,29.036
2026-01-14 16:20:02.528,29.049
2026-01-14 16:20:02.544,29.061
2026-01-14 16:20:02.561,29.082
2026-01-14 16:20:02.561,29.097
2026-01-14 16:20:02.578,29.102
2026-01-14 16:20:02.595,29.114
2026-01-14 16:20:02.595,29.124
2026-01-14 16:20:02.611,29.144
2026-01-14 16:20:02.627,29.148
2026-01-14 16:20:02.644,29.149
2026-01-14 16:20:02.644,29.155
2026-01-14 16:20:02.662,29.162
2026-01-14 16:20:02.678,29.179
2026-01-14 16:20:02.678,29.188
2026-01-14 16:20:02.693,29.197
2026-01-14 16:20:02.711,29.203
2026-01-14 16:20:02.727,29.214
2026-01-14 16:20:02.727,29.236
2026-01-14 16:20:02.745,29.242
2026-01-14 16:20:02.761,29.249
2026-01-14 16:20:02.762,29.261
2026-01-14 16:20:02.779,29.268
2026-01-14 16:20:02.793,29.28
2026-01-14 16:20:02.812,29.288
2026-01-14 16:20:02.813,29.301
2026-01-14 16:20:02.827,29.31
2026-01-14 16:20:02.844,29.318
2026-01-14 16:20:02.861,29.329
2026-01-14 16:20:02.862,29.335
2026-01-14 16:20:02.877,29.346
2026-01-14 16:20:02.894,29.357
2026-01-14 16:20:02.895,29.367
2026-01-14 16:20:02.911,29.378
2026-01-14 16:20:02.927,29.388
2026-01-14 16:20:02.944,29.395
2026-01-14 16:20:02.944,29.408
2026-01-14 16:20:02.961,29.418
2026-01-14 16:20:02.984,29.431
2026-01-14 16:20:02.984,29.443
2026-01-14 16:20:02.994,29.456
2026-01-14 16:20:03.011,29.466
2026-01-14 16:20:03.027,29.478
2026-01-14 16:20:03.028,29.492
2026-01-14 16:20:03.043,29.505
2026-01-14 16:20:03.062,29.528
2026-01-14 16:20:03.062,29.54
2026-01-14 16:20:03.078,29.557
2026-01-14 16:20:03.093,29.571
2026-01-14 16:20:03.111,29.589
2026-01-14 16:20:03.111,29.615
2026-01-14 16:20:03.127,29.628
2026-01-14 16:20:03.144,29.644
2026-01-14 16:20:03.145,29.66
2026-01-14 16:20:03.161,29.676
2026-01-14 16:20:03.178,29.688
2026-01-14 16:20:03.194,29.694
2026-01-14 16:20:03.195,29.712
2026-01-14 16:20:03.211,29.722
2026-01-14 16:20:03.228,29.728
2026-01-14 16:20:03.243,29.739
2026-01-14 16:20:03.244,29.745
2026-01-14 16:20:03.261,29.758
2026-01-14 16:20:03.281,29.766
2026-01-14 16:20:03.282,29.772
2026-01-14 16:20:03.294,29.787
2026-01-14 16:20:03.311,29.795
2026-01-14 16:20:03.325,29.807
2026-01-14 16:20:03.327,29.825
2026-01-14 16:20:03.344,29.831
2026-01-14 16:20:03.361,29.847
2026-01-14 16:20:03.361,29.862
2026-01-14 16:20:03.377,29.869
2026-01-14 16:20:03.394,29.875
2026-01-14 16:20:03.411,29.884
2026-01-14 16:20:03.412,29.892
2026-01-14 16:20:03.427,29.906
2026-01-14 16:20:03.444,29.908
2026-01-14 16:20:03.445,29.916
2026-01-14 16:20:03.460,29.925
2026-01-14 16:20:03.477,29.941
2026-01-14 16:20:03.493,29.95
2026-01-14 16:20:03.493,29.962
2026-01-14 16:20:03.511,29.971
2026-01-14 16:20:03.527,29.979
2026-01-14 16:20:03.543,29.992
2026-01-14 16:20:03.544,30.005
2026-01-14 16:20:03.560,30.014
2026-01-14 16:20:03.577,30.025
2026-01-14 16:20:03.578,30.037
2026-01-14 16:20:03.593,30.049
2026-01-14 16:20:03.611,30.057
2026-01-14 16:20:03.626,30.068
2026-01-14 16:20:03.627,30.078
2026-01-14 16:20:03.645,30.089
2026-01-14 16:20:03.661,30.1
2026-01-14 16:20:03.662,30.107
2026-01-14 16:20:03.687,30.114
2026-01-14 16:20:03.687,30.121
2026-01-14 16:20:03.700,30.131
2026-01-14 16:20:03.709,30.148
2026-01-14 16:20:03.727,30.156
2026-01-14 16:20:03.744,30.164
2026-01-14 16:20:03.745,30.183
2026-01-14 16:20:03.760,30.201
2026-01-14 16:20:03.778,30.211
2026-01-14 16:20:03.794,30.218
2026-01-14 16:20:03.811,30.219
2026-01-14 16:20:03.828,30.228
2026-01-14 16:20:03.844,30.233
2026-01-14 16:20:03.844,30.246
2026-01-14 16:20:03.878,30.251
2026-01-14 16:20:03.879,30.262
2026-01-14 16:20:03.893,30.266
2026-01-14 16:20:03.911,30.28
2026-01-14 16:20:03.926,30.288
2026-01-14 16:20:03.944,30.301
2026-01-14 16:20:03.961,30.313
2026-01-14 16:20:03.962,30.319
2026-01-14 16:20:03.987,30.327
2026-01-14 16:20:04.010,30.339
2026-01-14 16:20:04.011,30.342
2026-01-14 16:20:04.028,30.347
2026-01-14 16:20:04.044,30.351
2026-01-14 16:20:04.061,30.355
2026-01-14 16:20:04.061,30.36
2026-01-14 16:20:04.077,30.385
2026-01-14 16:20:04.092,30.39
2026-01-14 16:20:04.093,30.402
2026-01-14 16:20:04.112,30.408
2026-01-14 16:20:04.126,30.409
2026-01-14 16:20:04.143,30.41
2026-01-14 16:20:04.143,30.419
2026-01-14 16:20:04.161,30.43
2026-01-14 16:20:04.176,30.436
2026-01-14 16:20:04.191,30.448
2026-01-14 16:20:04.193,30.448
2026-01-14 16:20:04.210,30.455
2026-01-14 16:20:04.227,30.458
2026-01-14 16:20:04.227,30.461
2026-01-14 16:20:04.243,30.46
2026-01-14 16:20:04.259,30.472
2026-01-14 16:20:04.276,30.476
2026-01-14 16:20:04.277,30.481
2026-01-14 16:20:04.293,30.49
2026-01-14 16:20:04.310,30.495
2026-01-14 16:20:04.310,30.505
2026-01-14 16:20:04.326,30.513
2026-01-14 16:20:04.344,30.526
2026-01-14 16:20:04.359,30.542
2026-01-14 16:20:04.360,30.545
2026-01-14 16:20:04.376,30.555
2026-01-14 16:20:04.393,30.564
2026-01-14 16:20:04.394,30.568
2026-01-14 16:20:04.409,30.583
2026-01-14 16:20:04.426,30.589
2026-01-14 16:20:04.443,30.589
2026-01-14 16:20:04.443,30.597
2026-01-14 16:20:04.476,30.605
2026-01-14 16:20:04.477,30.615
2026-01-14 16:20:04.495,30.622
2026-01-14 16:20:04.510,30.636
2026-01-14 16:20:04.527,30.646
2026-01-14 16:20:04.527,30.665
2026-01-14 16:20:04.543,30.671
2026-01-14 16:20:04.560,30.688
2026-01-14 16:20:04.577,30.691
2026-01-14 16:20:04.577,30.687
2026-01-14 16:20:04.594,30.695
2026-01-14 16:20:04.610,30.695
2026-01-14 16:20:04.611,30.703
2026-01-14 16:20:04.627,30.708
2026-01-14 16:20:04.644,30.719
2026-01-14 16:20:04.661,30.719
2026-01-14 16:20:04.662,30.732
2026-01-14 16:20:04.676,30.736
2026-01-14 16:20:04.694,30.741
2026-01-14 16:20:04.694,30.742
2026-01-14 16:20:04.710,30.749
2026-01-14 16:20:04.728,30.752
2026-01-14 16:20:04.743,30.764
2026-01-14 16:20:04.744,30.77
2026-01-14 16:20:04.762,30.782
2026-01-14 16:20:04.777,30.788
2026-01-14 16:20:04.777,30.793
2026-01-14 16:20:04.794,30.794
2026-01-14 16:20:04.810,30.797
2026-01-14 16:20:04.826,30.808
2026-01-14 16:20:04.827,30.809
2026-01-14 16:20:04.843,30.814
2026-01-14 16:20:04.860,30.819
2026-01-14 16:20:04.860,30.828
2026-01-14 16:20:04.878,30.836
2026-01-14 16:20:04.893,30.838
2026-01-14 16:20:04.912,30.842
2026-01-14 16:20:04.912,30.847
2026-01-14 16:20:04.927,30.848
2026-01-14 16:20:04.944,30.85
2026-01-14 16:20:04.960,30.861
2026-01-14 16:20:04.961,30.869
2026-01-14 16:20:04.985,30.868
2026-01-14 16:20:04.985,30.874
2026-01-14 16:20:04.994,30.878
2026-01-14 16:20:05.011,30.891
2026-01-14 16:20:05.028,30.886
2026-01-14 16:20:05.061,30.897
2026-01-14 16:20:05.062,30.902
2026-01-14 16:20:05.062,30.899
2026-01-14 16:20:05.071,30.907
2026-01-14 16:20:05.093,30.913
2026-01-14 16:20:05.093,30.933
2026-01-14 16:20:05.109,30.934
2026-01-14 16:20:05.126,30.937
2026-01-14 16:20:05.143,30.94
2026-01-14 16:20:05.159,30.948
2026-01-14 16:20:05.177,30.952
2026-01-14 16:20:05.193,30.961
2026-01-14 16:20:05.211,30.962
2026-01-14 16:20:05.212,30.969
2026-01-14 16:20:05.227,30.979
2026-01-14 16:20:05.244,30.977
2026-01-14 16:20:05.260,30.989
2026-01-14 16:20:05.261,30.984
2026-01-14 16:20:05.276,30.981
2026-01-14 16:20:05.294,30.978
2026-01-14 16:20:05.295,30.97
2026-01-14 16:20:05.310,30.964
2026-01-14 16:20:05.328,30.96
2026-01-14 16:20:05.344,30.95
2026-01-14 16:20:05.344,30.949
2026-01-14 16:20:05.359,30.942
2026-01-14 16:20:05.378,30.937
2026-01-14 16:20:05.378,30.935
2026-01-14 16:20:05.392,30.935
2026-01-14 16:20:05.412,30.939
2026-01-14 16:20:05.427,30.936
2026-01-14 16:20:05.427,30.946
2026-01-14 16:20:05.445,30.944
2026-01-14 16:20:05.460,30.957
2026-01-14 16:20:05.478,30.958
2026-01-14 16:20:05.478,30.952
2026-01-14 16:20:05.493,30.946
2026-01-14 16:20:05.511,30.95
2026-01-14 16:20:05.511,30.946
2026-01-14 16:20:05.526,30.944
2026-01-14 16:20:05.545,30.944
2026-01-14 16:20:05.545,30.949
2026-01-14 16:20:05.561,30.951
2026-01-14 16:20:05.577,30.959
2026-01-14 16:20:05.594,30.961
2026-01-14 16:20:05.594,30.964
2026-01-14 16:20:05.611,30.958
2026-01-14 16:20:05.627,30.959
2026-01-14 16:20:05.643,30.961
2026-01-14 16:20:05.643,30.963
2026-01-14 16:20:05.661,30.965
2026-01-14 16:20:05.677,30.963
2026-01-14 16:20:05.677,30.969
2026-01-14 16:20:05.693,30.965
2026-01-14 16:20:05.711,30.963
2026-01-14 16:20:05.727,30.96
2026-01-14 16:20:05.728,30.956
2026-01-14 16:20:05.761,30.95
2026-01-14 16:20:05.761,30.95
2026-01-14 16:20:05.777,30.944
2026-01-14 16:20:05.794,30.951
2026-01-14 16:20:05.810,30.951
2026-01-14 16:20:05.810,30.95
2026-01-14 16:20:05.827,30.948
2026-01-14 16:20:05.843,30.946
2026-01-14 16:20:05.861,30.946
2026-01-14 16:20:05.862,30.946
2026-01-14 16:20:05.877,30.954
2026-01-14 16:20:05.894,30.945
2026-01-14 16:20:05.895,30.945
2026-01-14 16:20:05.910,30.945
2026-01-14 16:20:05.927,30.945
2026-01-14 16:20:05.943,30.947
2026-01-14 16:20:05.944,30.954
2026-01-14 16:20:05.961,30.955
2026-01-14 16:20:05.977,30.953
2026-01-14 16:20:05.977,30.948
2026-01-14 16:20:06.001,30.946
2026-01-14 16:20:06.001,30.943
2026-01-14 16:20:06.027,30.935
2026-01-14 16:20:06.028,30.935
2026-01-14 16:20:06.044,30.932
2026-01-14 16:20:06.060,30.92
2026-01-14 16:20:06.077,30.912
2026-01-14 16:20:06.077,30.912
2026-01-14 16:20:06.094,30.911
2026-01-14 16:20:06.111,30.903
2026-01-14 16:20:06.111,30.896
2026-01-14 16:20:06.127,30.894
2026-01-14 16:20:06.144,30.888
2026-01-14 16:20:06.160,30.883
2026-01-14 16:20:06.160,30.882
2026-01-14 16:20:06.178,30.883
2026-01-14 16:20:06.193,30.886
2026-01-14 16:20:06.211,30.884
2026-01-14 16:20:06.227,30.883
2026-01-14 16:20:06.244,30.89
2026-01-14 16:20:06.244,30.886
2026-01-14 16:20:06.277,30.884
2026-01-14 16:20:06.278,30.879
2026-01-14 16:20:06.294,30.874
2026-01-14 16:20:06.311,30.868
2026-01-14 16:20:06.327,30.868
2026-01-14 16:20:06.327,30.86
2026-01-14 16:20:06.344,30.859
2026-01-14 16:20:06.361,30.854
2026-01-14 16:20:06.361,30.857
2026-01-14 16:20:06.377,30.851
2026-01-14 16:20:06.415,30.856
2026-01-14 16:20:06.416,30.856
2026-01-14 16:20:06.416,30.854
2026-01-14 16:20:06.423,30.849
2026-01-14 16:20:06.442,30.844
2026-01-14 16:20:06.460,30.844
2026-01-14 16:20:06.460,30.832
2026-01-14 16:20:06.476,30.824
2026-01-14 16:20:06.494,30.819
2026-01-14 16:20:06.494,30.82
2026-01-14 16:20:06.510,30.815
2026-01-14 16:20:06.526,30.809
2026-01-14 16:20:06.543,30.818
2026-01-14 16:20:06.543,30.812
2026-01-14 16:20:06.560,30.805
2026-01-14 16:20:06.577,30.802
2026-01-14 16:20:06.593,30.8
2026-01-14 16:20:06.593,30.796
2026-01-14 16:20:06.609,30.798
2026-01-14 16:20:06.627,30.797
2026-01-14 16:20:06.627,30.794
2026-01-14 16:20:06.643,30.8
2026-01-14 16:20:06.660,30.806
2026-01-14 16:20:06.661,30.803
2026-01-14 16:20:06.677,30.799
2026-01-14 16:20:06.693,30.787
2026-01-14 16:20:06.710,30.775
2026-01-14 16:20:06.710,30.767
2026-01-14 16:20:06.727,30.759
2026-01-14 16:20:06.742,30.76
2026-01-14 16:20:06.760,30.761
2026-01-14 16:20:06.760,30.757
2026-01-14 16:20:06.777,30.756
2026-01-14 16:20:06.794,30.75
2026-01-14 16:20:06.794,30.746
2026-01-14 16:20:06.809,30.747
2026-01-14 16:20:06.828,30.744
2026-01-14 16:20:06.829,30.739
2026-01-14 16:20:06.842,30.736
2026-01-14 16:20:06.859,30.723
2026-01-14 16:20:06.876,30.717
2026-01-14 16:20:06.876,30.712
2026-01-14 16:20:06.894,30.709
2026-01-14 16:20:06.909,30.706
2026-01-14 16:20:06.928,30.71
2026-01-14 16:20:06.928,30.711
2026-01-14 16:20:06.944,30.71
2026-01-14 16:20:06.961,30.716
2026-01-14 16:20:06.961,30.719
2026-01-14 16:20:06.978,30.714
2026-01-14 16:20:07.000,30.713
2026-01-14 16:20:07.000,30.706
2026-01-14 16:20:07.009,30.702
2026-01-14 16:20:07.026,30.712
2026-01-14 16:20:07.043,30.702
2026-01-14 16:20:07.061,30.698
2026-01-14 16:20:07.061,30.689
2026-01-14 16:20:07.077,30.687
2026-01-14 16:20:07.092,30.68
2026-01-14 16:20:07.093,30.667
2026-01-14 16:20:07.110,30.65
2026-01-14 16:20:07.127,30.643
2026-01-14 16:20:07.143,30.647
2026-01-14 16:20:07.143,30.636
2026-01-14 16:20:07.160,30.635
2026-01-14 16:20:07.177,30.629
2026-01-14 16:20:07.178,30.624
2026-01-14 16:20:07.193,30.619
2026-01-14 16:20:07.210,30.617
2026-01-14 16:20:07.227,30.617
2026-01-14 16:20:07.228,30.618
2026-01-14 16:20:07.243,30.616
2026-01-14 16:20:07.259,30.623
2026-01-14 16:20:07.276,30.625
2026-01-14 16:20:07.276,30.635
2026-01-14 16:20:07.293,30.641
2026-01-14 16:20:07.310,30.645
2026-01-14 16:20:07.311,30.647
2026-01-14 16:20:07.326,30.654
2026-01-14 16:20:07.342,30.654
2026-01-14 16:20:07.361,30.657
2026-01-14 16:20:07.361,30.653
2026-01-14 16:20:07.376,30.653
2026-01-14 16:20:07.393,30.645
2026-01-14 16:20:07.394,30.642
2026-01-14 16:20:07.410,30.636
2026-01-14 16:20:07.428,30.626
2026-01-14 16:20:07.429,30.622
2026-01-14 16:20:07.443,30.615
2026-01-14 16:20:07.459,30.605
2026-01-14 16:20:07.476,30.596
2026-01-14 16:20:07.477,30.591
2026-01-14 16:20:07.493,30.582
2026-01-14 16:20:07.510,30.572
2026-01-14 16:20:07.527,30.566
2026-01-14 16:20:07.528,30.557
2026-01-14 16:20:07.543,30.546
2026-01-14 16:20:07.560,30.543
2026-01-14 16:20:07.578,30.533
2026-01-14 16:20:07.579,30.529
2026-01-14 16:20:07.593,30.529
2026-01-14 16:20:07.611,30.526
2026-01-14 16:20:07.611,30.529
2026-01-14 16:20:07.626,30.527
2026-01-14 16:20:07.642,30.528
2026-01-14 16:20:07.660,30.527
2026-01-14 16:20:07.660,30.526
2026-01-14 16:20:07.676,30.532
2026-01-14 16:20:07.693,30.538
2026-01-14 16:20:07.693,30.533
2026-01-14 16:20:07.709,30.53
2026-01-14 16:20:07.726,30.529
2026-01-14 16:20:07.742,30.518
2026-01-14 16:20:07.743,30.512
2026-01-14 16:20:07.759,30.514
2026-01-14 16:20:07.806,30.511
2026-01-14 16:20:07.807,30.516
2026-01-14 16:20:07.807,30.52
2026-01-14 16:20:07.807,30.518
2026-01-14 16:20:07.817,30.51
2026-01-14 16:20:07.826,30.505
2026-01-14 16:20:07.843,30.495
2026-01-14 16:20:07.861,30.499
2026-01-14 16:20:07.861,30.495
2026-01-14 16:20:07.878,30.494
2026-01-14 16:20:07.893,30.492
2026-01-14 16:20:07.911,30.489
2026-01-14 16:20:07.912,30.497
2026-01-14 16:20:07.926,30.491
2026-01-14 16:20:07.943,30.493
2026-01-14 16:20:07.960,30.488
2026-01-14 16:20:07.960,30.485
2026-01-14 16:20:07.977,30.481
2026-01-14 16:20:08.000,30.473
2026-01-14 16:20:08.000,30.468
2026-01-14 16:20:08.009,30.459
2026-01-14 16:20:08.027,30.454
2026-01-14 16:20:08.043,30.448
2026-01-14 16:20:08.043,30.448
2026-01-14 16:20:08.060,30.447
2026-01-14 16:20:08.077,30.461
2026-01-14 16:20:08.077,30.457
2026-01-14 16:20:08.093,30.459
2026-01-14 16:20:08.111,30.45
2026-01-14 16:20:08.128,30.444
2026-01-14 16:20:08.128,30.441
2026-01-14 16:20:08.143,30.436
2026-01-14 16:20:08.161,30.434
2026-01-14 16:20:08.161,30.428
2026-01-14 16:20:08.177,30.418
2026-01-14 16:20:08.193,30.413
2026-01-14 16:20:08.210,30.413
2026-01-14 16:20:08.211,30.417
2026-01-14 16:20:08.226,30.408
2026-01-14 16:20:08.243,30.405
2026-01-14 16:20:08.260,30.402
2026-01-14 16:20:08.260,30.4
2026-01-14 16:20:08.277,30.391
2026-01-14 16:20:08.293,30.394
2026-01-14 16:20:08.293,30.392
2026-01-14 16:20:08.311,30.391
2026-01-14 16:20:08.330,30.389
2026-01-14 16:20:08.343,30.387
2026-01-14 16:20:08.361,30.389
2026-01-14 16:20:08.376,30.39
2026-01-14 16:20:08.392,30.386
2026-01-14 16:20:08.393,30.372
2026-01-14 16:20:08.411,30.372
2026-01-14 16:20:08.428,30.375
2026-01-14 16:20:08.428,30.368
2026-01-14 16:20:08.442,30.359
2026-01-14 16:20:08.461,30.36
2026-01-14 16:20:08.462,30.355
2026-01-14 16:20:08.476,30.357
2026-01-14 16:20:08.492,30.355
2026-01-14 16:20:08.511,30.354
2026-01-14 16:20:08.511,30.354
2026-01-14 16:20:08.527,30.354
2026-01-14 16:20:08.543,30.348
2026-01-14 16:20:08.560,30.346
2026-01-14 16:20:08.560,30.353
2026-01-14 16:20:08.577,30.352
2026-01-14 16:20:08.592,30.355
2026-01-14 16:20:08.594,30.358
2026-01-14 16:20:08.610,30.362
2026-01-14 16:20:08.627,30.36
2026-01-14 16:20:08.644,30.365
2026-01-14 16:20:08.644,30.364
2026-01-14 16:20:08.660,30.362
2026-01-14 16:20:08.676,30.353
2026-01-14 16:20:08.677,30.356
2026-01-14 16:20:08.693,30.349
2026-01-14 16:20:08.709,30.351
2026-01-14 16:20:08.726,30.35
2026-01-14 16:20:08.727,30.347
2026-01-14 16:20:08.744,30.342
2026-01-14 16:20:08.759,30.345
2026-01-14 16:20:08.775,30.341
2026-01-14 16:20:08.776,30.334
2026-01-14 16:20:08.793,30.329
2026-01-14 16:20:08.809,30.333
2026-01-14 16:20:08.810,30.333
2026-01-14 16:20:08.825,30.341
2026-01-14 16:20:08.842,30.335
2026-01-14 16:20:08.859,30.341
2026-01-14 16:20:08.859,30.339
2026-01-14 16:20:08.875,30.334
2026-01-14 16:20:08.893,30.328
2026-01-14 16:20:08.894,30.323
2026-01-14 16:20:08.909,30.326
2026-01-14 16:20:08.925,30.32
2026-01-14 16:20:08.942,30.322
2026-01-14 16:20:08.943,30.32
2026-01-14 16:20:08.959,30.322
2026-01-14 16:20:08.975,30.314
2026-01-14 16:20:08.997,30.311
2026-01-14 16:20:08.997,30.305
2026-01-14 16:20:09.009,30.305
2026-01-14 16:20:09.025,30.3
2026-01-14 16:20:09.026,30.296
2026-01-14 16:20:09.042,30.297
2026-01-14 16:20:09.058,30.302
2026-01-14 16:20:09.075,30.302
2026-01-14 16:20:09.076,30.301
2026-01-14 16:20:09.092,30.296
2026-01-14 16:20:09.108,30.29
2026-01-14 16:20:09.109,30.296
2026-01-14 16:20:09.149,30.289
2026-01-14 16:20:09.149,30.29
2026-01-14 16:20:09.150,30.282
2026-01-14 16:20:09.158,30.279
2026-01-14 16:20:09.176,30.281
2026-01-14 16:20:09.192,30.277
2026-01-14 16:20:09.209,30.282
2026-01-14 16:20:09.226,30.275
2026-01-14 16:20:09.243,30.278
2026-01-14 16:20:09.243,30.282
2026-01-14 16:20:09.277,30.273
2026-01-14 16:20:09.278,30.269
2026-01-14 16:20:09.293,30.265
2026-01-14 16:20:09.309,30.264
2026-01-14 16:20:09.325,30.255
2026-01-14 16:20:09.343,30.253
2026-01-14 16:20:09.359,30.258
2026-01-14 16:20:09.378,30.247
2026-01-14 16:20:09.379,30.244
2026-01-14 16:20:09.392,30.247
2026-01-14 16:20:09.410,30.243
2026-01-14 16:20:09.410,30.249
2026-01-14 16:20:09.426,30.245
2026-01-14 16:20:09.461,30.246
2026-01-14 16:20:09.461,30.245
2026-01-14 16:20:09.477,30.242
2026-01-14 16:20:09.494,30.244
2026-01-14 16:20:09.494,30.247
2026-01-14 16:20:09.509,30.245
2026-01-14 16:20:09.527,30.252
2026-01-14 16:20:09.543,30.249
2026-01-14 16:20:09.543,30.26
2026-01-14 16:20:09.560,30.266
2026-01-14 16:20:09.577,30.266
2026-01-14 16:20:09.577,30.266
2026-01-14 16:20:09.593,30.262
2026-01-14 16:20:09.610,30.267
2026-01-14 16:20:09.626,30.265
2026-01-14 16:20:09.626,30.275
2026-01-14 16:20:09.644,30.276
2026-01-14 16:20:09.660,30.275
2026-01-14 16:20:09.676,30.279
2026-01-14 16:20:09.677,30.274
2026-01-14 16:20:09.693,30.274
2026-01-14 16:20:09.709,30.271
2026-01-14 16:20:09.711,30.269
2026-01-14 16:20:09.727,30.276
2026-01-14 16:20:09.742,30.274
2026-01-14 16:20:09.760,30.264
2026-01-14 16:20:09.776,30.263
2026-01-14 16:20:09.792,30.263
2026-01-14 16:20:09.793,30.263
2026-01-14 16:20:09.810,30.263
2026-01-14 16:20:09.830,30.264
2026-01-14 16:20:09.843,30.263
2026-01-14 16:20:09.859,30.26
2026-01-14 16:20:09.876,30.258
2026-01-14 16:20:09.894,30.258
2026-01-14 16:20:09.894,30.26
2026-01-14 16:20:09.910,30.263
2026-01-14 16:20:09.927,30.263
2026-01-14 16:20:09.928,30.258
2026-01-14 16:20:09.942,30.257
2026-01-14 16:20:09.960,30.263
2026-01-14 16:20:09.961,30.26
2026-01-14 16:20:09.976,30.258
2026-01-14 16:20:09.993,30.259
2026-01-14 16:20:10.010,30.256
2026-01-14 16:20:10.010,30.257
2026-01-14 16:20:10.033,30.257
2026-01-14 16:20:10.033,30.254
2026-01-14 16:20:10.060,30.253
2026-01-14 16:20:10.061,30.249
2026-01-14 16:20:10.077,30.257
2026-01-14 16:20:10.093,30.251
2026-01-14 16:20:10.093,30.247
2026-01-14 16:20:10.110,30.245
2026-01-14 16:20:10.127,30.244
2026-01-14 16:20:10.143,30.239
2026-01-14 16:20:10.143,30.231
2026-01-14 16:20:10.160,30.237
2026-01-14 16:20:10.176,30.236
2026-01-14 16:20:10.193,30.23
2026-01-14 16:20:10.209,30.226
2026-01-14 16:20:10.227,30.223
2026-01-14 16:20:10.227,30.223
2026-01-14 16:20:10.243,30.217
2026-01-14 16:20:10.260,30.214
2026-01-14 16:20:10.276,30.207
2026-01-14 16:20:10.277,30.209
2026-01-14 16:20:10.291,30.205
2026-01-14 16:20:10.311,30.2
2026-01-14 16:20:10.311,30.199
2026-01-14 16:20:10.326,30.203
2026-01-14 16:20:10.342,30.198
2026-01-14 16:20:10.361,30.197
2026-01-14 16:20:10.361,30.194
2026-01-14 16:20:10.376,30.195
2026-01-14 16:20:10.393,30.195
2026-01-14 16:20:10.393,30.196
2026-01-14 16:20:10.410,30.193
2026-01-14 16:20:10.426,30.188
2026-01-14 16:20:10.442,30.183
2026-01-14 16:20:10.443,30.178
2026-01-14 16:20:10.461,30.174
2026-01-14 16:20:10.475,30.179
2026-01-14 16:20:10.517,30.17
2026-01-14 16:20:10.518,30.177
2026-01-14 16:20:10.518,30.166
2026-01-14 16:20:10.527,30.17
2026-01-14 16:20:10.559,30.173
2026-01-14 16:20:10.577,30.175
2026-01-14 16:20:10.577,30.169
2026-01-14 16:20:10.592,30.163
2026-01-14 16:20:10.610,30.166
2026-01-14 16:20:10.626,30.172
2026-01-14 16:20:10.643,30.172
2026-01-14 16:20:10.659,30.171
2026-01-14 16:20:10.659,30.17
2026-01-14 16:20:10.676,30.177
2026-01-14 16:20:10.693,30.178
2026-01-14 16:20:10.693,30.181
2026-01-14 16:20:10.709,30.184
2026-01-14 16:20:10.729,30.181
2026-01-14 16:20:10.743,30.18
2026-01-14 16:20:10.761,30.182
2026-01-14 16:20:10.776,30.175
2026-01-14 16:20:10.777,30.172
2026-01-14 16:20:10.792,30.174
2026-01-14 16:20:10.810,30.168
2026-01-14 16:20:10.826,30.172
2026-01-14 16:20:10.826,30.175
2026-01-14 16:20:10.842,30.174
2026-01-14 16:20:10.860,30.179
2026-01-14 16:20:10.861,30.175
2026-01-14 16:20:10.876,30.174
2026-01-14 16:20:10.893,30.177
2026-01-14 16:20:10.910,30.177
2026-01-14 16:20:10.912,30.18
2026-01-14 16:20:10.926,30.181
2026-01-14 16:20:10.943,30.188
2026-01-14 16:20:10.959,30.191
2026-01-14 16:20:10.959,30.191
2026-01-14 16:20:10.978,30.188
2026-01-14 16:20:10.993,30.192
2026-01-14 16:20:10.994,30.188
2026-01-14 16:20:11.016,30.194
2026-01-14 16:20:11.043,30.191
2026-01-14 16:20:11.043,30.195
2026-01-14 16:20:11.059,30.193
2026-01-14 16:20:11.075,30.196
2026-01-14 16:20:11.093,30.194
2026-01-14 16:20:11.094,30.188
2026-01-14 16:20:11.108,30.183
2026-01-14 16:20:11.126,30.182
2026-01-14 16:20:11.127,30.176
2026-01-14 16:20:11.158,30.178
2026-01-14 16:20:11.176,30.177
2026-01-14 16:20:11.177,30.177
2026-01-14 16:20:11.193,30.171
2026-01-14 16:20:11.210,30.172
2026-01-14 16:20:11.225,30.162
2026-01-14 16:20:11.243,30.16
2026-01-14 16:20:11.260,30.162
2026-01-14 16:20:11.261,30.17
2026-01-14 16:20:11.276,30.177
2026-01-14 16:20:11.294,30.174
2026-01-14 16:20:11.294,30.174
2026-01-14 16:20:11.309,30.174
2026-01-14 16:20:11.326,30.174
2026-01-14 16:20:11.343,30.168
2026-01-14 16:20:11.343,30.162
2026-01-14 16:20:11.359,30.164
2026-01-14 16:20:11.377,30.167
2026-01-14 16:20:11.377,30.166
2026-01-14 16:20:11.392,30.164
2026-01-14 16:20:11.410,30.16
2026-01-14 16:20:11.426,30.156
2026-01-14 16:20:11.426,30.156
2026-01-14 16:20:11.461,30.159
2026-01-14 16:20:11.461,30.154
2026-01-14 16:20:11.475,30.155
2026-01-14 16:20:11.492,30.149
2026-01-14 16:20:11.509,30.146
2026-01-14 16:20:11.510,30.155
2026-01-14 16:20:11.526,30.145
2026-01-14 16:20:11.542,30.141
2026-01-14 16:20:11.559,30.146
2026-01-14 16:20:11.559,30.144
2026-01-14 16:20:11.576,30.15
2026-01-14 16:20:11.593,30.151
2026-01-14 16:20:11.593,30.151
2026-01-14 16:20:11.609,30.142
2026-01-14 16:20:11.627,30.133
2026-01-14 16:20:11.642,30.135
2026-01-14 16:20:11.642,30.143
2026-01-14 16:20:11.660,30.139
2026-01-14 16:20:11.676,30.139
2026-01-14 16:20:11.677,30.136
2026-01-14 16:20:11.693,30.139
2026-01-14 16:20:11.709,30.142
2026-01-14 16:20:11.726,30.135
2026-01-14 16:20:11.726,30.144
2026-01-14 16:20:11.742,30.142
2026-01-14 16:20:11.760,30.151
2026-01-14 16:20:11.776,30.147
2026-01-14 16:20:11.777,30.15
2026-01-14 16:20:11.793,30.155
2026-01-14 16:20:11.811,30.155
2026-01-14 16:20:11.811,30.157
2026-01-14 16:20:11.826,30.155
2026-01-14 16:20:11.868,30.153
2026-01-14 16:20:11.869,30.155
2026-01-14 16:20:11.870,30.143
2026-01-14 16:20:11.892,30.149
2026-01-14 16:20:11.893,30.15
2026-01-14 16:20:11.909,30.153
2026-01-14 16:20:11.925,30.153
2026-01-14 16:20:11.942,30.159
2026-01-14 16:20:11.942,30.163
2026-01-14 16:20:11.959,30.168
2026-01-14 16:20:11.977,30.162
2026-01-14 16:20:11.977,30.159
2026-01-14 16:20:11.992,30.162
2026-01-14 16:20:12.009,30.162
2026-01-14 16:20:12.032,30.159
2026-01-14 16:20:12.033,30.162
2026-01-14 16:20:12.043,30.163
2026-01-14 16:20:12.060,30.163
2026-01-14 16:20:12.076,30.166
2026-01-14 16:20:12.076,30.161
2026-01-14 16:20:12.093,30.166
2026-01-14 16:20:12.109,30.17
2026-01-14 16:20:12.109,30.168
2026-01-14 16:20:12.127,30.162
2026-01-14 16:20:12.142,30.158
2026-01-14 16:20:12.160,30.155
2026-01-14 16:20:12.160,30.154
2026-01-14 16:20:12.176,30.145
2026-01-14 16:20:12.193,30.143
2026-01-14 16:20:12.193,30.146
2026-01-14 16:20:12.208,30.136
2026-01-14 16:20:12.227,30.138
2026-01-14 16:20:12.242,30.122
2026-01-14 16:20:12.243,30.108
2026-01-14 16:20:12.260,30.095
2026-01-14 16:20:12.277,30.099
2026-01-14 16:20:12.278,30.089
2026-01-14 16:20:12.292,30.081
2026-01-14 16:20:12.310,30.075
2026-01-14 16:20:12.326,30.063
2026-01-14 16:20:12.326,30.059
2026-01-14 16:20:12.343,30.059
2026-01-14 16:20:12.359,30.062
2026-01-14 16:20:12.376,30.072
2026-01-14 16:20:12.377,30.078
2026-01-14 16:20:12.393,30.085
2026-01-14 16:20:12.410,30.086
2026-01-14 16:20:12.410,30.092
2026-01-14 16:20:12.426,30.094
2026-01-14 16:20:12.443,30.09
2026-01-14 16:20:12.459,30.094
2026-01-14 16:20:12.459,30.095
2026-01-14 16:20:12.476,30.091
2026-01-14 16:20:12.493,30.09
2026-01-14 16:20:12.493,30.083
2026-01-14 16:20:12.509,30.076
2026-01-14 16:20:12.527,30.08
2026-01-14 16:20:12.543,30.083
2026-01-14 16:20:12.543,30.09
2026-01-14 16:20:12.559,30.092
2026-01-14 16:20:12.576,30.087
2026-01-14 16:20:12.592,30.088
2026-01-14 16:20:12.592,30.087
2026-01-14 16:20:12.610,30.089
2026-01-14 16:20:12.626,30.091
2026-01-14 16:20:12.626,30.086
2026-01-14 16:20:12.643,30.087
2026-01-14 16:20:12.660,30.088
2026-01-14 16:20:12.676,30.087
2026-01-14 16:20:12.677,30.088
2026-01-14 16:20:12.692,30.086
2026-01-14 16:20:12.710,30.083
2026-01-14 16:20:12.710,30.084
2026-01-14 16:20:12.726,30.079
2026-01-14 16:20:12.741,30.078
2026-01-14 16:20:12.760,30.067
2026-01-14 16:20:12.761,30.058
2026-01-14 16:20:12.776,30.055
2026-01-14 16:20:12.792,30.052
2026-01-14 16:20:12.810,30.054
2026-01-14 16:20:12.826,30.056
2026-01-14 16:20:12.842,30.048
2026-01-14 16:20:12.843,30.05
2026-01-14 16:20:12.859,30.049
2026-01-14 16:20:12.874,30.046
2026-01-14 16:20:12.894,30.041
2026-01-14 16:20:12.895,30.047
2026-01-14 16:20:12.909,30.042
2026-01-14 16:20:12.926,30.049
2026-01-14 16:20:12.927,30.063
2026-01-14 16:20:12.942,30.066
2026-01-14 16:20:12.959,30.067
2026-01-14 16:20:12.976,30.068
2026-01-14 16:20:12.977,30.075
2026-01-14 16:20:12.992,30.081
2026-01-14 16:20:13.017,30.08
2026-01-14 16:20:13.017,30.077
2026-01-14 16:20:13.025,30.072
2026-01-14 16:20:13.043,30.07
2026-01-14 16:20:13.059,30.069
2026-01-14 16:20:13.059,30.067
2026-01-14 16:20:13.076,30.059
2026-01-14 16:20:13.093,30.058
2026-01-14 16:20:13.093,30.049
2026-01-14 16:20:13.109,30.051
2026-01-14 16:20:13.127,30.051
2026-01-14 16:20:13.142,30.049
2026-01-14 16:20:13.143,30.047
2026-01-14 16:20:13.159,30.041
2026-01-14 16:20:13.177,30.037
2026-01-14 16:20:13.177,30.04
2026-01-14 16:20:13.193,30.044
2026-01-14 16:20:13.209,30.046
2026-01-14 16:20:13.242,30.045
2026-01-14 16:20:13.243,30.049
2026-01-14 16:20:13.243,30.054
2026-01-14 16:20:13.254,30.056
2026-01-14 16:20:13.275,30.06
2026-01-14 16:20:13.275,30.063
2026-01-14 16:20:13.292,30.065
2026-01-14 16:20:13.309,30.07
2026-01-14 16:20:13.309,30.074
2026-01-14 16:20:13.326,30.072
2026-01-14 16:20:13.342,30.07
2026-01-14 16:20:13.359,30.067
2026-01-14 16:20:13.359,30.063
2026-01-14 16:20:13.375,30.061
2026-01-14 16:20:13.392,30.063
2026-01-14 16:20:13.393,30.057
2026-01-14 16:20:13.408,30.054
2026-01-14 16:20:13.424,30.05
2026-01-14 16:20:13.442,30.056
2026-01-14 16:20:13.442,30.055
2026-01-14 16:20:13.458,30.059
2026-01-14 16:20:13.474,30.055
2026-01-14 16:20:13.491,30.054
2026-01-14 16:20:13.491,30.064
2026-01-14 16:20:13.509,30.057
2026-01-14 16:20:13.525,30.053
2026-01-14 16:20:13.526,30.052
2026-01-14 16:20:13.542,30.054
2026-01-14 16:20:13.559,30.063
2026-01-14 16:20:13.576,30.067
2026-01-14 16:20:13.576,30.062
2026-01-14 16:20:13.591,30.064
2026-01-14 16:20:13.608,30.067
2026-01-14 16:20:13.626,30.067
2026-01-14 16:20:13.626,30.073
2026-01-14 16:20:13.642,30.075
2026-01-14 16:20:13.658,30.078
2026-01-14 16:20:13.676,30.077
2026-01-14 16:20:13.692,30.079
2026-01-14 16:20:13.709,30.078
2026-01-14 16:20:13.710,30.083
2026-01-14 16:20:13.727,30.083
2026-01-14 16:20:13.742,30.085
2026-01-14 16:20:13.742,30.089
2026-01-14 16:20:13.759,30.088
2026-01-14 16:20:13.777,30.086
2026-01-14 16:20:13.778,30.085
2026-01-14 16:20:13.792,30.081
2026-01-14 16:20:13.809,30.081
2026-01-14 16:20:13.825,30.08
2026-01-14 16:20:13.826,30.085
2026-01-14 16:20:13.860,30.091
2026-01-14 16:20:13.876,30.093
2026-01-14 16:20:13.876,30.094
2026-01-14 16:20:13.892,30.101
2026-01-14 16:20:13.909,30.101
2026-01-14 16:20:13.910,30.115
2026-01-14 16:20:13.926,30.119
2026-01-14 16:20:13.959,30.118
2026-01-14 16:20:13.961,30.116
2026-01-14 16:20:13.976,30.122
2026-01-14 16:20:13.993,30.119
2026-01-14 16:20:14.009,30.124
2026-01-14 16:20:14.033,30.124
2026-01-14 16:20:14.034,30.131
2026-01-14 16:20:14.042,30.14
2026-01-14 16:20:14.076,30.141
2026-01-14 16:20:14.092,30.146
2026-01-14 16:20:14.092,30.151
2026-01-14 16:20:14.110,30.161
2026-01-14 16:20:14.126,30.168
2026-01-14 16:20:14.126,30.182
2026-01-14 16:20:14.142,30.187
2026-01-14 16:20:14.159,30.191
2026-01-14 16:20:14.174,30.191
2026-01-14 16:20:14.193,30.198
2026-01-14 16:20:14.209,30.209
2026-01-14 16:20:14.209,30.214
2026-01-14 16:20:14.225,30.219
2026-01-14 16:20:14.241,30.221
2026-01-14 16:20:14.259,30.227
2026-01-14 16:20:14.260,30.232
2026-01-14 16:20:14.275,30.23
2026-01-14 16:20:14.292,30.228
2026-01-14 16:20:14.293,30.224
2026-01-14 16:20:14.308,30.22
2026-01-14 16:20:14.325,30.222
2026-01-14 16:20:14.341,30.227
2026-01-14 16:20:14.341,30.224
2026-01-14 16:20:14.358,30.223
2026-01-14 16:20:14.375,30.221
2026-01-14 16:20:14.392,30.221
2026-01-14 16:20:14.393,30.216
2026-01-14 16:20:14.408,30.212
2026-01-14 16:20:14.426,30.209
2026-01-14 16:20:14.427,30.218
2026-01-14 16:20:14.443,30.217
2026-01-14 16:20:14.458,30.216
2026-01-14 16:20:14.476,30.216
2026-01-14 16:20:14.476,30.222
2026-01-14 16:20:14.491,30.232
2026-01-14 16:20:14.508,30.238
2026-01-14 16:20:14.527,30.247
2026-01-14 16:20:14.527,30.254
2026-01-14 16:20:14.558,30.258
2026-01-14 16:20:14.559,30.254
2026-01-14 16:20:14.619,30.259
2026-01-14 16:20:14.620,30.257
2026-01-14 16:20:14.620,30.273
2026-01-14 16:20:14.620,30.269
2026-01-14 16:20:14.629,30.269
2026-01-14 16:20:14.642,30.275
2026-01-14 16:20:14.658,30.274
2026-01-14 16:20:14.674,30.285
2026-01-14 16:20:14.691,30.291
2026-01-14 16:20:14.691,30.29
2026-01-14 16:20:14.708,30.29
2026-01-14 16:20:14.727,30.285
2026-01-14 16:20:14.741,30.285
2026-01-14 16:20:14.758,30.28
2026-01-14 16:20:14.775,30.275
2026-01-14 16:20:14.775,30.272
2026-01-14 16:20:14.791,30.268
2026-01-14 16:20:14.808,30.267
2026-01-14 16:20:14.809,30.266
2026-01-14 16:20:14.842,30.268
2026-01-14 16:20:14.858,30.277
2026-01-14 16:20:14.859,30.272
2026-01-14 16:20:14.874,30.281
2026-01-14 16:20:14.892,30.296
2026-01-14 16:20:14.909,30.301
2026-01-14 16:20:14.910,30.311
2026-01-14 16:20:14.925,30.312
2026-01-14 16:20:14.941,30.31
2026-01-14 16:20:14.941,30.316
2026-01-14 16:20:14.957,30.324
2026-01-14 16:20:14.975,30.321
2026-01-14 16:20:14.991,30.326
2026-01-14 16:20:14.992,30.33
2026-01-14 16:20:15.008,30.329
2026-01-14 16:20:15.033,30.329
2026-01-14 16:20:15.034,30.337
2026-01-14 16:20:15.041,30.346
2026-01-14 16:20:15.058,30.344
2026-01-14 16:20:15.075,30.353
2026-01-14 16:20:15.075,30.357
2026-01-14 16:20:15.091,30.352
2026-01-14 16:20:15.108,30.346
2026-01-14 16:20:15.108,30.349
2026-01-14 16:20:15.125,30.347
2026-01-14 16:20:15.142,30.355
2026-01-14 16:20:15.158,30.348
2026-01-14 16:20:15.158,30.349
2026-01-14 16:20:15.174,30.353
2026-01-14 16:20:15.192,30.344
2026-01-14 16:20:15.193,30.351
2026-01-14 16:20:15.208,30.354
2026-01-14 16:20:15.225,30.351
2026-01-14 16:20:15.241,30.354
2026-01-14 16:20:15.242,30.357
2026-01-14 16:20:15.257,30.364
2026-01-14 16:20:15.275,30.369
2026-01-14 16:20:15.277,30.37
2026-01-14 16:20:15.291,30.372
2026-01-14 16:20:15.308,30.385
2026-01-14 16:20:15.325,30.388
2026-01-14 16:20:15.326,30.397
2026-01-14 16:20:15.343,30.4
2026-01-14 16:20:15.358,30.408
2026-01-14 16:20:15.374,30.418
2026-01-14 16:20:15.374,30.423
2026-01-14 16:20:15.391,30.44
2026-01-14 16:20:15.408,30.446
2026-01-14 16:20:15.409,30.452
2026-01-14 16:20:15.425,30.462
2026-01-14 16:20:15.442,30.462
2026-01-14 16:20:15.456,30.459
2026-01-14 16:20:15.458,30.46
2026-01-14 16:20:15.475,30.463
2026-01-14 16:20:15.491,30.461
2026-01-14 16:20:15.508,30.458
2026-01-14 16:20:15.509,30.458
2026-01-14 16:20:15.525,30.458
2026-01-14 16:20:15.542,30.46
2026-01-14 16:20:15.543,30.458
2026-01-14 16:20:15.558,30.466
2026-01-14 16:20:15.575,30.465
2026-01-14 16:20:15.593,30.468
2026-01-14 16:20:15.609,30.472
2026-01-14 16:20:15.625,30.466
2026-01-14 16:20:15.626,30.465
2026-01-14 16:20:15.642,30.468
2026-01-14 16:20:15.658,30.473
2026-01-14 16:20:15.674,30.473
2026-01-14 16:20:15.674,30.477
2026-01-14 16:20:15.690,30.485
2026-01-14 16:20:15.707,30.488
2026-01-14 16:20:15.724,30.488
2026-01-14 16:20:15.724,30.481
2026-01-14 16:20:15.758,30.478
2026-01-14 16:20:15.759,30.479
2026-01-14 16:20:15.775,30.487
2026-01-14 16:20:15.791,30.491
2026-01-14 16:20:15.808,30.491
2026-01-14 16:20:15.825,30.504
2026-01-14 16:20:15.842,30.505
2026-01-14 16:20:15.843,30.506
2026-01-14 16:20:15.858,30.512
2026-01-14 16:20:15.874,30.507
2026-01-14 16:20:15.890,30.504
2026-01-14 16:20:15.891,30.504
2026-01-14 16:20:15.907,30.495
2026-01-14 16:20:15.924,30.492
2026-01-14 16:20:15.925,30.501
2026-01-14 16:20:15.965,30.497
2026-01-14 16:20:15.965,30.489
2026-01-14 16:20:15.965,30.491
2026-01-14 16:20:15.974,30.484
2026-01-14 16:20:15.991,30.483
2026-01-14 16:20:16.008,30.487
2026-01-14 16:20:16.032,30.487
2026-01-14 16:20:16.033,30.482
2026-01-14 16:20:16.041,30.482
2026-01-14 16:20:16.057,30.479
2026-01-14 16:20:16.057,30.476
2026-01-14 16:20:16.073,30.475
2026-01-14 16:20:16.092,30.476
2026-01-14 16:20:16.108,30.479
2026-01-14 16:20:16.108,30.477
2026-01-14 16:20:16.124,30.474
2026-01-14 16:20:16.141,30.478
2026-01-14 16:20:16.141,30.477
2026-01-14 16:20:16.159,30.48
2026-01-14 16:20:16.175,30.48
2026-01-14 16:20:16.191,30.485
2026-01-14 16:20:16.191,30.487
2026-01-14 16:20:16.207,30.493
2026-01-14 16:20:16.228,30.492
2026-01-14 16:20:16.241,30.499
2026-01-14 16:20:16.258,30.504
2026-01-14 16:20:16.274,30.51
2026-01-14 16:20:16.275,30.515
2026-01-14 16:20:16.291,30.516
2026-01-14 16:20:16.307,30.523
2026-01-14 16:20:16.324,30.531
2026-01-14 16:20:16.324,30.541
2026-01-14 16:20:16.341,30.542
2026-01-14 16:20:16.357,30.557
2026-01-14 16:20:16.357,30.563
2026-01-14 16:20:16.374,30.562
2026-01-14 16:20:16.391,30.566
2026-01-14 16:20:16.409,30.572
2026-01-14 16:20:16.425,30.581
2026-01-14 16:20:16.441,30.587
2026-01-14 16:20:16.442,30.587
2026-01-14 16:20:16.473,30.593
2026-01-14 16:20:16.491,30.594
2026-01-14 16:20:16.492,30.6
2026-01-14 16:20:16.507,30.6
2026-01-14 16:20:16.524,30.607
2026-01-14 16:20:16.525,30.611
2026-01-14 16:20:16.543,30.618
2026-01-14 16:20:16.558,30.621
2026-01-14 16:20:16.575,30.618
2026-01-14 16:20:16.575,30.612
2026-01-14 16:20:16.592,30.613
2026-01-14 16:20:16.608,30.613
2026-01-14 16:20:16.609,30.619
2026-01-14 16:20:16.624,30.621
2026-01-14 16:20:16.641,30.615
2026-01-14 16:20:16.658,30.621
2026-01-14 16:20:16.658,30.62
2026-01-14 16:20:16.674,30.621
2026-01-14 16:20:16.691,30.623
2026-01-14 16:20:16.707,30.624
2026-01-14 16:20:16.708,30.628
2026-01-14 16:20:16.724,30.636
2026-01-14 16:20:16.740,30.638
2026-01-14 16:20:16.741,30.642
2026-01-14 16:20:16.757,30.645
2026-01-14 16:20:16.774,30.653
2026-01-14 16:20:16.790,30.66
2026-01-14 16:20:16.791,30.662
2026-01-14 16:20:16.806,30.663
2026-01-14 16:20:16.825,30.664
2026-01-14 16:20:16.840,30.674
2026-01-14 16:20:16.856,30.679
2026-01-14 16:20:16.873,30.684
2026-01-14 16:20:16.890,30.685
2026-01-14 16:20:16.908,30.692
2026-01-14 16:20:16.923,30.693
2026-01-14 16:20:16.924,30.696
2026-01-14 16:20:16.940,30.7
2026-01-14 16:20:16.957,30.709
2026-01-14 16:20:16.957,30.716
2026-01-14 16:20:16.973,30.722
2026-01-14 16:20:16.991,30.727
2026-01-14 16:20:17.012,30.728
2026-01-14 16:20:17.024,30.737
2026-01-14 16:20:17.040,30.745
2026-01-14 16:20:17.057,30.75
2026-01-14 16:20:17.057,30.754
2026-01-14 16:20:17.073,30.757
2026-01-14 16:20:17.090,30.751
2026-01-14 16:20:17.091,30.748
2026-01-14 16:20:17.123,30.753
2026-01-14 16:20:17.140,30.754
2026-01-14 16:20:17.140,30.757
2026-01-14 16:20:17.157,30.762
2026-01-14 16:20:17.173,30.762
2026-01-14 16:20:17.174,30.765
2026-01-14 16:20:17.190,30.771
2026-01-14 16:20:17.207,30.768
2026-01-14 16:20:17.223,30.763
2026-01-14 16:20:17.224,30.761
2026-01-14 16:20:17.240,30.764
2026-01-14 16:20:17.256,30.771
2026-01-14 16:20:17.258,30.778
2026-01-14 16:20:17.274,30.78
2026-01-14 16:20:17.290,30.786
2026-01-14 16:20:17.307,30.789
2026-01-14 16:20:17.308,30.8
2026-01-14 16:20:17.334,30.802
2026-01-14 16:20:17.335,30.81
2026-01-14 16:20:17.343,30.817
2026-01-14 16:20:17.357,30.823
2026-01-14 16:20:17.373,30.832
2026-01-14 16:20:17.390,30.833
2026-01-14 16:20:17.390,30.839
2026-01-14 16:20:17.406,30.844
2026-01-14 16:20:17.425,30.841
2026-01-14 16:20:17.441,30.846
2026-01-14 16:20:17.457,30.838
2026-01-14 16:20:17.474,30.841
2026-01-14 16:20:17.475,30.839
2026-01-14 16:20:17.491,30.852
2026-01-14 16:20:17.508,30.85
2026-01-14 16:20:17.509,30.853
2026-01-14 16:20:17.525,30.861
2026-01-14 16:20:17.541,30.862
2026-01-14 16:20:17.558,30.874
2026-01-14 16:20:17.559,30.871
2026-01-14 16:20:17.575,30.87
2026-01-14 16:20:17.592,30.868
2026-01-14 16:20:17.608,30.866
2026-01-14 16:20:17.624,30.866
2026-01-14 16:20:17.641,30.866
2026-01-14 16:20:17.642,30.872
2026-01-14 16:20:17.660,30.874
2026-01-14 16:20:17.674,30.88
2026-01-14 16:20:17.692,30.882
2026-01-14 16:20:17.692,30.888
2026-01-14 16:20:17.709,30.891
2026-01-14 16:20:17.726,30.892
2026-01-14 16:20:17.726,30.896
2026-01-14 16:20:17.739,30.889
2026-01-14 16:20:17.759,30.893
2026-01-14 16:20:17.776,30.901
2026-01-14 16:20:17.792,30.906
2026-01-14 16:20:17.811,30.905
2026-01-14 16:20:17.811,30.907
2026-01-14 16:20:17.826,30.911
2026-01-14 16:20:17.842,30.914
2026-01-14 16:20:17.858,30.922
2026-01-14 16:20:17.859,30.925
2026-01-14 16:20:17.874,30.926
2026-01-14 16:20:17.892,30.919
2026-01-14 16:20:17.908,30.922
2026-01-14 16:20:17.908,30.93
2026-01-14 16:20:17.924,30.93
2026-01-14 16:20:17.940,30.926
2026-01-14 16:20:17.941,30.929
2026-01-14 16:20:17.958,30.935
2026-01-14 16:20:17.974,30.94
2026-01-14 16:20:17.991,30.942
2026-01-14 16:20:17.991,30.945
2026-01-14 16:20:18.008,30.944
2026-01-14 16:20:18.029,30.94
2026-01-14 16:20:18.030,30.944
2026-01-14 16:20:18.040,30.947
2026-01-14 16:20:18.057,30.948
2026-01-14 16:20:18.075,30.954
2026-01-14 16:20:18.075,30.959
2026-01-14 16:20:18.092,30.959
2026-01-14 16:20:18.107,30.962
2026-01-14 16:20:18.125,30.965
2026-01-14 16:20:18.126,30.964
2026-01-14 16:20:18.142,30.96
2026-01-14 16:20:18.158,30.96
2026-01-14 16:20:18.175,30.96
2026-01-14 16:20:18.191,30.96
2026-01-14 16:20:18.208,30.963
2026-01-14 16:20:18.209,30.961
2026-01-14 16:20:18.241,30.965
2026-01-14 16:20:18.241,30.971
2026-01-14 16:20:18.260,30.976
2026-01-14 16:20:18.276,30.978
2026-01-14 16:20:18.292,30.979
2026-01-14 16:20:18.309,30.991
2026-01-14 16:20:18.325,30.995
2026-01-14 16:20:18.326,31.002
2026-01-14 16:20:18.359,31.004
2026-01-14 16:20:18.374,31.007
2026-01-14 16:20:18.375,31.012
2026-01-14 16:20:18.392,31.007
2026-01-14 16:20:18.409,31.012
2026-01-14 16:20:18.409,31.02
2026-01-14 16:20:18.425,31.016
2026-01-14 16:20:18.441,31.02
2026-01-14 16:20:18.459,31.032
2026-01-14 16:20:18.459,31.037
2026-01-14 16:20:18.475,31.042
2026-01-14 16:20:18.491,31.052
2026-01-14 16:20:18.508,31.052
2026-01-14 16:20:18.508,31.052
2026-01-14 16:20:18.541,31.055
2026-01-14 16:20:18.542,31.055
2026-01-14 16:20:18.558,31.058
2026-01-14 16:20:18.575,31.06
2026-01-14 16:20:18.592,31.053
2026-01-14 16:20:18.592,31.057
2026-01-14 16:20:18.608,31.062
2026-01-14 16:20:18.626,31.065
2026-01-14 16:20:18.626,31.076
2026-01-14 16:20:18.685,31.073
2026-01-14 16:20:18.686,31.083
2026-01-14 16:20:18.687,31.075
2026-01-14 16:20:18.687,31.086
2026-01-14 16:20:18.710,31.091
2026-01-14 16:20:18.724,31.108
2026-01-14 16:20:18.742,31.113
2026-01-14 16:20:18.759,31.123
2026-01-14 16:20:18.759,31.122
2026-01-14 16:20:18.775,31.12
2026-01-14 16:20:18.793,31.125
2026-01-14 16:20:18.794,31.129
2026-01-14 16:20:18.807,31.129
2026-01-14 16:20:18.841,31.132
2026-01-14 16:20:18.842,31.133
2026-01-14 16:20:18.859,31.134
2026-01-14 16:20:18.875,31.136
2026-01-14 16:20:18.891,31.133
2026-01-14 16:20:18.892,31.133
2026-01-14 16:20:18.908,31.133
2026-01-14 16:20:18.926,31.138
2026-01-14 16:20:18.926,31.143
2026-01-14 16:20:18.942,31.147
2026-01-14 16:20:18.959,31.155
2026-01-14 16:20:18.975,31.161
2026-01-14 16:20:18.976,31.161
2026-01-14 16:20:18.992,31.168
2026-01-14 16:20:19.008,31.172
2026-01-14 16:20:19.031,31.175
2026-01-14 16:20:19.032,31.18
2026-01-14 16:20:19.041,31.181
2026-01-14 16:20:19.058,31.179
2026-01-14 16:20:19.059,31.183
2026-01-14 16:20:19.074,31.195
2026-01-14 16:20:19.092,31.199
2026-01-14 16:20:19.107,31.209
2026-01-14 16:20:19.107,31.216
2026-01-14 16:20:19.125,31.214
2026-01-14 16:20:19.141,31.221
2026-01-14 16:20:19.141,31.217
2026-01-14 16:20:19.157,31.214
2026-01-14 16:20:19.173,31.22
2026-01-14 16:20:19.192,31.224
2026-01-14 16:20:19.192,31.228
2026-01-14 16:20:19.207,31.237
2026-01-14 16:20:19.225,31.236
2026-01-14 16:20:19.225,31.242
2026-01-14 16:20:19.242,31.241
2026-01-14 16:20:19.258,31.243
2026-01-14 16:20:19.276,31.24
2026-01-14 16:20:19.276,31.236
2026-01-14 16:20:19.292,31.239
2026-01-14 16:20:19.309,31.233
2026-01-14 16:20:19.310,31.226
2026-01-14 16:20:19.326,31.224
2026-01-14 16:20:19.342,31.221
2026-01-14 16:20:19.358,31.221
2026-01-14 16:20:19.358,31.222
2026-01-14 16:20:19.374,31.217
2026-01-14 16:20:19.391,31.228
2026-01-14 16:20:19.407,31.229
2026-01-14 16:20:19.408,31.232
2026-01-14 16:20:19.424,31.238
2026-01-14 16:20:19.440,31.25
2026-01-14 16:20:19.441,31.248
2026-01-14 16:20:19.457,31.248
2026-01-14 16:20:19.474,31.254
2026-01-14 16:20:19.491,31.256
2026-01-14 16:20:19.491,31.261
2026-01-14 16:20:19.507,31.267
2026-01-14 16:20:19.524,31.263
2026-01-14 16:20:19.524,31.27
2026-01-14 16:20:19.540,31.272
2026-01-14 16:20:19.557,31.264
2026-01-14 16:20:19.574,31.276
2026-01-14 16:20:19.591,31.283
2026-01-14 16:20:19.606,31.283
2026-01-14 16:20:19.624,31.293
2026-01-14 16:20:19.624,31.298
2026-01-14 16:20:19.640,31.305
2026-01-14 16:20:19.657,31.312
2026-01-14 16:20:19.658,31.317
2026-01-14 16:20:19.674,31.32
2026-01-14 16:20:19.690,31.332
2026-01-14 16:20:19.708,31.341
2026-01-14 16:20:19.709,31.338
2026-01-14 16:20:19.723,31.353
2026-01-14 16:20:19.741,31.355
2026-01-14 16:20:19.742,31.356
2026-01-14 16:20:19.758,31.351
2026-01-14 16:20:19.775,31.36
2026-01-14 16:20:19.790,31.365
2026-01-14 16:20:19.791,31.368
2026-01-14 16:20:19.808,31.372
2026-01-14 16:20:19.825,31.38
2026-01-14 16:20:19.825,31.381
2026-01-14 16:20:19.841,31.382
2026-01-14 16:20:19.856,31.389
2026-01-14 16:20:19.875,31.397
2026-01-14 16:20:19.876,31.397
2026-01-14 16:20:19.890,31.406
2026-01-14 16:20:19.907,31.409
2026-01-14 16:20:19.909,31.42
2026-01-14 16:20:19.925,31.426
2026-01-14 16:20:19.941,31.438
2026-01-14 16:20:19.959,31.444
2026-01-14 16:20:19.959,31.45
2026-01-14 16:20:19.975,31.459
2026-01-14 16:20:19.992,31.456
2026-01-14 16:20:20.016,31.453
2026-01-14 16:20:20.050,31.455
2026-01-14 16:20:20.051,31.459
2026-01-14 16:20:20.051,31.469
2026-01-14 16:20:20.061,31.468
2026-01-14 16:20:20.074,31.468
2026-01-14 16:20:20.089,31.473
2026-01-14 16:20:20.090,31.478
2026-01-14 16:20:20.106,31.477
2026-01-14 16:20:20.123,31.48
2026-01-14 16:20:20.141,31.49
2026-01-14 16:20:20.141,31.481
2026-01-14 16:20:20.157,31.488
2026-01-14 16:20:20.174,31.499
2026-01-14 16:20:20.174,31.504
2026-01-14 16:20:20.191,31.514
2026-01-14 16:20:20.207,31.519
2026-01-14 16:20:20.223,31.525
2026-01-14 16:20:20.223,31.532
2026-01-14 16:20:20.240,31.545
2026-01-14 16:20:20.257,31.555
2026-01-14 16:20:20.257,31.567
2026-01-14 16:20:20.275,31.574
2026-01-14 16:20:20.291,31.582
2026-01-14 16:20:20.306,31.593
2026-01-14 16:20:20.307,31.598
2026-01-14 16:20:20.324,31.601
2026-01-14 16:20:20.340,31.607
2026-01-14 16:20:20.341,31.611
2026-01-14 16:20:20.356,31.62
2026-01-14 16:20:20.374,31.625
2026-01-14 16:20:20.390,31.635
2026-01-14 16:20:20.391,31.644
2026-01-14 16:20:20.406,31.646
2026-01-14 16:20:20.424,31.649
2026-01-14 16:20:20.440,31.653
2026-01-14 16:20:20.440,31.661
2026-01-14 16:20:20.457,31.67
2026-01-14 16:20:20.473,31.668
2026-01-14 16:20:20.474,31.67
2026-01-14 16:20:20.491,31.685
2026-01-14 16:20:20.509,31.689
2026-01-14 16:20:20.524,31.696
2026-01-14 16:20:20.541,31.697
2026-01-14 16:20:20.557,31.71
2026-01-14 16:20:20.574,31.718
2026-01-14 16:20:20.591,31.736
2026-01-14 16:20:20.607,31.745
2026-01-14 16:20:20.608,31.751
2026-01-14 16:20:20.640,31.762
2026-01-14 16:20:20.641,31.775
2026-01-14 16:20:20.657,31.781
2026-01-14 16:20:20.673,31.788
2026-01-14 16:20:20.691,31.795
2026-01-14 16:20:20.707,31.806
2026-01-14 16:20:20.723,31.811
2026-01-14 16:20:20.740,31.816
2026-01-14 16:20:20.741,31.821
2026-01-14 16:20:20.757,31.826
2026-01-14 16:20:20.774,31.823
2026-01-14 16:20:20.774,31.829
2026-01-14 16:20:20.790,31.826
2026-01-14 16:20:20.806,31.829
2026-01-14 16:20:20.822,31.834
2026-01-14 16:20:20.824,31.84
2026-01-14 16:20:20.839,31.846
2026-01-14 16:20:20.858,31.851
2026-01-14 16:20:20.858,31.852
2026-01-14 16:20:20.874,31.861
2026-01-14 16:20:20.889,31.862
2026-01-14 16:20:20.907,31.862
2026-01-14 16:20:20.909,31.863
2026-01-14 16:20:20.924,31.866
2026-01-14 16:20:20.941,31.869
2026-01-14 16:20:20.942,31.872
2026-01-14 16:20:20.958,31.876
2026-01-14 16:20:20.975,31.875
2026-01-14 16:20:20.990,31.871
2026-01-14 16:20:21.009,31.877
2026-01-14 16:20:21.031,31.877
2026-01-14 16:20:21.032,31.877
2026-01-14 16:20:21.057,31.871
2026-01-14 16:20:21.075,31.882
2026-01-14 16:20:21.075,31.887
2026-01-14 16:20:21.091,31.9
2026-01-14 16:20:21.108,31.913
2026-01-14 16:20:21.109,31.923
2026-01-14 16:20:21.124,31.931
2026-01-14 16:20:21.140,31.94
2026-01-14 16:20:21.158,31.95
2026-01-14 16:20:21.158,31.956
2026-01-14 16:20:21.176,31.97
2026-01-14 16:20:21.191,31.98
2026-01-14 16:20:21.208,31.989
2026-01-14 16:20:21.209,31.996
2026-01-14 16:20:21.225,32.003
2026-01-14 16:20:21.240,32.011
2026-01-14 16:20:21.241,32.016
2026-01-14 16:20:21.258,32.015
2026-01-14 16:20:21.274,32.02
2026-01-14 16:20:21.291,32.027
2026-01-14 16:20:21.291,32.036
2026-01-14 16:20:21.309,32.048
2026-01-14 16:20:21.325,32.051
2026-01-14 16:20:21.326,32.06
2026-01-14 16:20:21.340,32.071
2026-01-14 16:20:21.359,32.076
2026-01-14 16:20:21.373,32.079
2026-01-14 16:20:21.374,32.086
2026-01-14 16:20:21.411,32.092
2026-01-14 16:20:21.412,32.091
2026-01-14 16:20:21.412,32.098
2026-01-14 16:20:21.442,32.106
2026-01-14 16:20:21.442,32.107
2026-01-14 16:20:21.458,32.109
2026-01-14 16:20:21.458,32.112
2026-01-14 16:20:21.475,32.122
2026-01-14 16:20:21.491,32.122
2026-01-14 16:20:21.508,32.126
2026-01-14 16:20:21.508,32.127
2026-01-14 16:20:21.541,32.13
2026-01-14 16:20:21.541,32.139
2026-01-14 16:20:21.559,32.138
2026-01-14 16:20:21.575,32.137
2026-01-14 16:20:21.590,32.142
2026-01-14 16:20:21.591,32.153
2026-01-14 16:20:21.608,32.165
2026-01-14 16:20:21.624,32.174
2026-01-14 16:20:21.625,32.187
2026-01-14 16:20:21.659,32.196
2026-01-14 16:20:21.674,32.21
2026-01-14 16:20:21.674,32.232
2026-01-14 16:20:21.697,32.238
2026-01-14 16:20:21.697,32.251
2026-01-14 16:20:21.709,32.256
2026-01-14 16:20:21.725,32.257
2026-01-14 16:20:21.740,32.271
2026-01-14 16:20:21.758,32.279
2026-01-14 16:20:21.758,32.28
2026-01-14 16:20:21.773,32.293
2026-01-14 16:20:21.789,32.29
2026-01-14 16:20:21.807,32.292
2026-01-14 16:20:21.808,32.293
2026-01-14 16:20:21.824,32.301
2026-01-14 16:20:21.841,32.302
2026-01-14 16:20:21.841,32.313
2026-01-14 16:20:21.859,32.317
2026-01-14 16:20:21.874,32.33
2026-01-14 16:20:21.890,32.331
2026-01-14 16:20:21.891,32.33
2026-01-14 16:20:21.908,32.327
2026-01-14 16:20:21.925,32.324
2026-01-14 16:20:21.925,32.334
2026-01-14 16:20:21.940,32.332
2026-01-14 16:20:21.957,32.336
2026-01-14 16:20:21.974,32.343
2026-01-14 16:20:21.974,32.345
2026-01-14 16:20:21.990,32.347
2026-01-14 16:20:22.010,32.352
2026-01-14 16:20:22.010,32.365
2026-01-14 16:20:22.032,32.374
2026-01-14 16:20:22.041,32.369
2026-01-14 16:20:22.058,32.364
2026-01-14 16:20:22.059,32.367
2026-01-14 16:20:22.073,32.375
2026-01-14 16:20:22.091,32.381
2026-01-14 16:20:22.107,32.381
2026-01-14 16:20:22.108,32.381
2026-01-14 16:20:22.124,32.387
2026-01-14 16:20:22.140,32.394
2026-01-14 16:20:22.142,32.391
2026-01-14 16:20:22.157,32.388
2026-01-14 16:20:22.174,32.393
2026-01-14 16:20:22.191,32.409
2026-01-14 16:20:22.191,32.417
2026-01-14 16:20:22.208,32.425
2026-01-14 16:20:22.224,32.434
2026-01-14 16:20:22.225,32.442
2026-01-14 16:20:22.240,32.458
2026-01-14 16:20:22.258,32.472
2026-01-14 16:20:22.274,32.488
2026-01-14 16:20:22.275,32.498
2026-01-14 16:20:22.291,32.508
2026-01-14 16:20:22.308,32.526
2026-01-14 16:20:22.309,32.529
2026-01-14 16:20:22.323,32.538
2026-01-14 16:20:22.340,32.546
2026-01-14 16:20:22.358,32.565
2026-01-14 16:20:22.359,32.571
2026-01-14 16:20:22.377,32.574
2026-01-14 16:20:22.391,32.584
2026-01-14 16:20:22.409,32.588
2026-01-14 16:20:22.409,32.594
2026-01-14 16:20:22.425,32.594
2026-01-14 16:20:22.440,32.597
2026-01-14 16:20:22.441,32.598
2026-01-14 16:20:22.457,32.604
2026-01-14 16:20:22.474,32.619
2026-01-14 16:20:22.489,32.623
2026-01-14 16:20:22.490,32.628
2026-01-14 16:20:22.506,32.626
2026-01-14 16:20:22.523,32.621
2026-01-14 16:20:22.540,32.628
2026-01-14 16:20:22.540,32.636
2026-01-14 16:20:22.557,32.635
2026-01-14 16:20:22.573,32.637
2026-01-14 16:20:22.574,32.641
2026-01-14 16:20:22.590,32.648
2026-01-14 16:20:22.606,32.656
2026-01-14 16:20:22.624,32.666
2026-01-14 16:20:22.624,32.665
2026-01-14 16:20:22.640,32.669
2026-01-14 16:20:22.656,32.671
2026-01-14 16:20:22.658,32.684
2026-01-14 16:20:22.674,32.689
2026-01-14 16:20:22.690,32.694
2026-01-14 16:20:22.706,32.699
2026-01-14 16:20:22.707,32.704
2026-01-14 16:20:22.722,32.704
2026-01-14 16:20:22.740,32.714
2026-01-14 16:20:22.757,32.721
2026-01-14 16:20:22.782,32.729
2026-01-14 16:20:22.782,32.738
2026-01-14 16:20:22.783,32.746
2026-01-14 16:20:22.789,32.76
2026-01-14 16:20:22.807,32.766
2026-01-14 16:20:22.840,32.773
2026-01-14 16:20:22.841,32.773
2026-01-14 16:20:22.856,32.786
2026-01-14 16:20:22.873,32.795
2026-01-14 16:20:22.873,32.801
2026-01-14 16:20:22.890,32.81
2026-01-14 16:20:22.907,32.807
2026-01-14 16:20:22.923,32.81
2026-01-14 16:20:22.923,32.821
2026-01-14 16:20:22.940,32.833
2026-01-14 16:20:22.957,32.844
2026-01-14 16:20:22.958,32.844
2026-01-14 16:20:22.974,32.843
2026-01-14 16:20:22.990,32.844
2026-01-14 16:20:23.006,32.85
2026-01-14 16:20:23.022,32.848
2026-01-14 16:20:23.046,32.85
2026-01-14 16:20:23.046,32.851
2026-01-14 16:20:23.056,32.853
2026-01-14 16:20:23.072,32.861
2026-01-14 16:20:23.089,32.865
2026-01-14 16:20:23.090,32.87
2026-01-14 16:20:23.107,32.873
2026-01-14 16:20:23.124,32.873
2026-01-14 16:20:23.140,32.88
2026-01-14 16:20:23.141,32.883
2026-01-14 16:20:23.157,32.884
2026-01-14 16:20:23.173,32.889
2026-01-14 16:20:23.174,32.896
2026-01-14 16:20:23.190,32.905
2026-01-14 16:20:23.208,32.905
2026-01-14 16:20:23.209,32.907
2026-01-14 16:20:23.224,32.905
2026-01-14 16:20:23.241,32.906
2026-01-14 16:20:23.257,32.912
2026-01-14 16:20:23.257,32.925
2026-01-14 16:20:23.274,32.926
2026-01-14 16:20:23.290,32.924
2026-01-14 16:20:23.306,32.935
2026-01-14 16:20:23.325,32.942
2026-01-14 16:20:23.341,32.951
2026-01-14 16:20:23.341,32.953
2026-01-14 16:20:23.357,32.957
2026-01-14 16:20:23.373,32.964
2026-01-14 16:20:23.390,32.974
2026-01-14 16:20:23.391,32.979
2026-01-14 16:20:23.408,32.985
2026-01-14 16:20:23.426,32.991
2026-01-14 16:20:23.440,32.999
2026-01-14 16:20:23.457,33.011
2026-01-14 16:20:23.474,33.021
2026-01-14 16:20:23.474,33.026
2026-01-14 16:20:23.490,33.039
2026-01-14 16:20:23.507,33.042
2026-01-14 16:20:23.524,33.048
2026-01-14 16:20:23.525,33.052
2026-01-14 16:20:23.558,33.063
2026-01-14 16:20:23.560,33.073
2026-01-14 16:20:23.574,33.074
2026-01-14 16:20:23.591,33.08
2026-01-14 16:20:23.606,33.086
2026-01-14 16:20:23.607,33.094
2026-01-14 16:20:23.625,33.11
2026-01-14 16:20:23.641,33.118
2026-01-14 16:20:23.642,33.124
2026-01-14 16:20:23.657,33.13
2026-01-14 16:20:23.674,33.129
2026-01-14 16:20:23.691,33.141
2026-01-14 16:20:23.691,33.141
2026-01-14 16:20:23.708,33.14
2026-01-14 16:20:23.724,33.142
2026-01-14 16:20:23.725,33.151
2026-01-14 16:20:23.740,33.15
2026-01-14 16:20:23.756,33.151
2026-01-14 16:20:23.774,33.143
2026-01-14 16:20:23.774,33.145
2026-01-14 16:20:23.791,33.15
2026-01-14 16:20:23.808,33.149
2026-01-14 16:20:23.809,33.143
2026-01-14 16:20:23.822,33.143
2026-01-14 16:20:23.839,33.149
2026-01-14 16:20:23.857,33.148
2026-01-14 16:20:23.857,33.15
2026-01-14 16:20:23.874,33.156
2026-01-14 16:20:23.890,33.17
2026-01-14 16:20:23.906,33.177
2026-01-14 16:20:23.924,33.183
2026-01-14 16:20:23.940,33.191
2026-01-14 16:20:23.941,33.199
2026-01-14 16:20:23.958,33.206
2026-01-14 16:20:23.974,33.218
2026-01-14 16:20:23.991,33.228
2026-01-14 16:20:23.991,33.242
2026-01-14 16:20:24.008,33.253
2026-01-14 16:20:24.024,33.266
2026-01-14 16:20:24.025,33.263
2026-01-14 16:20:24.040,33.262
2026-01-14 16:20:24.063,33.269
2026-01-14 16:20:24.065,33.281
2026-01-14 16:20:24.073,33.295
2026-01-14 16:20:24.090,33.305
2026-01-14 16:20:24.107,33.313
2026-01-14 16:20:24.147,33.313
2026-01-14 16:20:24.148,33.312
2026-01-14 16:20:24.148,33.314
2026-01-14 16:20:24.148,33.314
2026-01-14 16:20:24.158,33.321
2026-01-14 16:20:24.173,33.329
2026-01-14 16:20:24.190,33.339
2026-01-14 16:20:24.209,33.332
2026-01-14 16:20:24.209,33.332
2026-01-14 16:20:24.224,33.334
2026-01-14 16:20:24.241,33.336
2026-01-14 16:20:24.241,33.336
2026-01-14 16:20:24.257,33.33
2026-01-14 16:20:24.274,33.339
2026-01-14 16:20:24.291,33.344
2026-01-14 16:20:24.291,33.35
2026-01-14 16:20:24.308,33.359
2026-01-14 16:20:24.325,33.369
2026-01-14 16:20:24.326,33.376
2026-01-14 16:20:24.340,33.381
2026-01-14 16:20:24.356,33.381
2026-01-14 16:20:24.374,33.385
2026-01-14 16:20:24.375,33.377
2026-01-14 16:20:24.390,33.372
2026-01-14 16:20:24.408,33.368
2026-01-14 16:20:24.424,33.366
2026-01-14 16:20:24.425,33.367
2026-01-14 16:20:24.440,33.373
2026-01-14 16:20:24.457,33.376
2026-01-14 16:20:24.458,33.386
2026-01-14 16:20:24.474,33.391
2026-01-14 16:20:24.490,33.399
2026-01-14 16:20:24.507,33.415
2026-01-14 16:20:24.508,33.426
2026-01-14 16:20:24.524,33.439
2026-01-14 16:20:24.540,33.448
2026-01-14 16:20:24.540,33.454
2026-01-14 16:20:24.574,33.453
2026-01-14 16:20:24.590,33.457
2026-01-14 16:20:24.590,33.454
2026-01-14 16:20:24.607,33.441
2026-01-14 16:20:24.624,33.431
2026-01-14 16:20:24.625,33.43
2026-01-14 16:20:24.640,33.423
2026-01-14 16:20:24.657,33.412
2026-01-14 16:20:24.673,33.398
2026-01-14 16:20:24.673,33.385
2026-01-14 16:20:24.691,33.376
2026-01-14 16:20:24.708,33.374
2026-01-14 16:20:24.709,33.372
2026-01-14 16:20:24.724,33.379
2026-01-14 16:20:24.757,33.379
2026-01-14 16:20:24.757,33.387
2026-01-14 16:20:24.773,33.39
2026-01-14 16:20:24.790,33.388
2026-01-14 16:20:24.806,33.395
2026-01-14 16:20:24.839,33.401
2026-01-14 16:20:24.856,33.408
2026-01-14 16:20:24.856,33.401
2026-01-14 16:20:24.873,33.398
2026-01-14 16:20:24.890,33.405
2026-01-14 16:20:24.891,33.403
2026-01-14 16:20:24.906,33.387
2026-01-14 16:20:24.922,33.377
2026-01-14 16:20:24.940,33.369
2026-01-14 16:20:24.940,33.365
2026-01-14 16:20:24.956,33.359
2026-01-14 16:20:24.973,33.355
2026-01-14 16:20:24.975,33.359
2026-01-14 16:20:24.989,33.363
2026-01-14 16:20:25.006,33.372
2026-01-14 16:20:25.024,33.38
2026-01-14 16:20:25.024,33.404
2026-01-14 16:20:25.039,33.415
2026-01-14 16:20:25.065,33.435
2026-01-14 16:20:25.066,33.444
2026-01-14 16:20:25.073,33.451
2026-01-14 16:20:25.092,33.463
2026-01-14 16:20:25.092,33.475
2026-01-14 16:20:25.107,33.481
2026-01-14 16:20:25.124,33.49
2026-01-14 16:20:25.140,33.498
2026-01-14 16:20:25.140,33.503
2026-01-14 16:20:25.157,33.481
2026-01-14 16:20:25.173,33.486
2026-01-14 16:20:25.190,33.487
2026-01-14 16:20:25.190,33.517
2026-01-14 16:20:25.206,33.549
2026-01-14 16:20:25.225,33.536
2026-01-14 16:20:25.226,33.606
2026-01-14 16:20:25.240,33.662
2026-01-14 16:20:25.257,33.704
2026-01-14 16:20:25.274,33.747
2026-01-14 16:20:25.291,33.73
2026-01-14 16:20:25.306,33.641
2026-01-14 16:20:25.324,33.567
2026-01-14 16:20:25.324,33.536
2026-01-14 16:20:25.357,33.501
2026-01-14 16:20:25.358,33.46
2026-01-14 16:20:25.374,33.434
2026-01-14 16:20:25.390,33.492
2026-01-14 16:20:25.408,33.545
2026-01-14 16:20:25.425,33.584
2026-01-14 16:20:25.440,33.618
2026-01-14 16:20:25.441,33.651
2026-01-14 16:20:25.501,33.689
2026-01-14 16:20:25.502,33.722
2026-01-14 16:20:25.502,33.748
2026-01-14 16:20:25.503,33.776
2026-01-14 16:20:25.524,33.799
2026-01-14 16:20:25.524,33.832
2026-01-14 16:20:25.539,33.865
2026-01-14 16:20:25.558,33.904
2026-01-14 16:20:25.574,33.942
2026-01-14 16:20:25.574,33.877
2026-01-14 16:20:25.590,33.768
2026-01-14 16:20:25.607,33.745
2026-01-14 16:20:25.624,33.658
2026-01-14 16:20:25.625,33.655
2026-01-14 16:20:25.640,33.652
2026-01-14 16:20:25.657,33.65
2026-01-14 16:20:25.657,33.642
2026-01-14 16:20:25.674,33.64
2026-01-14 16:20:25.690,33.645
2026-01-14 16:20:25.707,33.632
2026-01-14 16:20:25.708,33.608
2026-01-14 16:20:25.724,33.577
2026-01-14 16:20:25.740,33.551
2026-01-14 16:20:25.741,33.527
2026-01-14 16:20:25.757,33.509
2026-01-14 16:20:25.774,33.493
2026-01-14 16:20:25.791,33.478
2026-01-14 16:20:25.791,33.458
2026-01-14 16:20:25.807,33.443
2026-01-14 16:20:25.823,33.419
2026-01-14 16:20:25.840,33.39
2026-01-14 16:20:25.841,33.29
2026-01-14 16:20:25.856,33.281
2026-01-14 16:20:25.875,33.19
2026-01-14 16:20:25.876,33.113
2026-01-14 16:20:25.890,33.037
2026-01-14 16:20:25.925,32.98
2026-01-14 16:20:25.925,32.946
2026-01-14 16:20:25.939,32.913
2026-01-14 16:20:25.957,32.883
2026-01-14 16:20:25.958,32.861
2026-01-14 16:20:25.973,32.842
2026-01-14 16:20:25.991,32.835
2026-01-14 16:20:26.007,32.842
2026-01-14 16:20:26.007,32.859
2026-01-14 16:20:26.023,32.931
2026-01-14 16:20:26.039,33.007
2026-01-14 16:20:26.064,33.039
2026-01-14 16:20:26.064,33.057
2026-01-14 16:20:26.064,33.04
2026-01-14 16:20:26.090,33.014
2026-01-14 16:20:26.108,33.0
2026-01-14 16:20:26.124,32.994
2026-01-14 16:20:26.125,32.994
2026-01-14 16:20:26.140,33.034
2026-01-14 16:20:26.156,33.06
2026-01-14 16:20:26.174,33.078
2026-01-14 16:20:26.175,33.084
2026-01-14 16:20:26.190,33.096
2026-01-14 16:20:26.207,33.061
2026-01-14 16:20:26.223,33.036
2026-01-14 16:20:26.224,33.001
2026-01-14 16:20:26.240,32.961
2026-01-14 16:20:26.257,32.933
2026-01-14 16:20:26.257,32.908
2026-01-14 16:20:26.273,32.882
2026-01-14 16:20:26.290,32.851
2026-01-14 16:20:26.307,32.823
2026-01-14 16:20:26.308,32.808
2026-01-14 16:20:26.340,32.793
2026-01-14 16:20:26.340,32.759
2026-01-14 16:20:26.358,32.725
2026-01-14 16:20:26.374,32.71
2026-01-14 16:20:26.390,32.688
2026-01-14 16:20:26.391,32.658
2026-01-14 16:20:26.407,32.624
2026-01-14 16:20:26.424,32.599
2026-01-14 16:20:26.440,32.574
2026-01-14 16:20:26.441,32.541
2026-01-14 16:20:26.455,32.517
2026-01-14 16:20:26.475,32.49
2026-01-14 16:20:26.475,32.469
2026-01-14 16:20:26.489,32.452
2026-01-14 16:20:26.507,32.438
2026-01-14 16:20:26.523,32.423
2026-01-14 16:20:26.524,32.412
2026-01-14 16:20:26.540,32.403
2026-01-14 16:20:26.556,32.398
2026-01-14 16:20:26.573,32.392
2026-01-14 16:20:26.591,32.387
2026-01-14 16:20:26.606,32.393
2026-01-14 16:20:26.607,32.389
2026-01-14 16:20:26.624,32.389
2026-01-14 16:20:26.639,32.392
2026-01-14 16:20:26.656,32.4
2026-01-14 16:20:26.657,32.39
2026-01-14 16:20:26.673,32.375
2026-01-14 16:20:26.690,32.358
2026-01-14 16:20:26.690,32.342
2026-01-14 16:20:26.706,32.328
2026-01-14 16:20:26.723,32.311
2026-01-14 16:20:26.739,32.297
2026-01-14 16:20:26.739,32.281
2026-01-14 16:20:26.757,32.266
2026-01-14 16:20:26.774,32.243
2026-01-14 16:20:26.775,32.221
2026-01-14 16:20:26.789,32.212
2026-01-14 16:20:26.807,32.209
2026-01-14 16:20:26.824,32.201
2026-01-14 16:20:26.825,32.183
2026-01-14 16:20:26.863,32.161
2026-01-14 16:20:26.863,32.153
2026-01-14 16:20:26.864,32.135
2026-01-14 16:20:26.869,32.111
2026-01-14 16:20:26.890,32.087
2026-01-14 16:20:26.906,32.068
2026-01-14 16:20:26.907,32.056
2026-01-14 16:20:26.923,32.037
2026-01-14 16:20:26.941,32.024
2026-01-14 16:20:26.941,32.014
2026-01-14 16:20:26.956,32.002
2026-01-14 16:20:26.972,31.993
2026-01-14 16:20:26.989,31.987
2026-01-14 16:20:26.991,31.972
2026-01-14 16:20:27.006,31.959
2026-01-14 16:20:27.023,31.938
2026-01-14 16:20:27.043,31.933
2026-01-14 16:20:27.045,31.92
2026-01-14 16:20:27.055,31.907
2026-01-14 16:20:27.073,31.895
2026-01-14 16:20:27.073,31.885
2026-01-14 16:20:27.090,31.882
2026-01-14 16:20:27.106,31.874
2026-01-14 16:20:27.122,31.861
2026-01-14 16:20:27.123,31.849
2026-01-14 16:20:27.139,31.838
2026-01-14 16:20:27.155,31.844
2026-01-14 16:20:27.172,31.832
2026-01-14 16:20:27.173,31.815
2026-01-14 16:20:27.189,31.809
2026-01-14 16:20:27.207,31.802
2026-01-14 16:20:27.208,31.798
2026-01-14 16:20:27.223,31.789
2026-01-14 16:20:27.239,31.788
2026-01-14 16:20:27.258,31.773
2026-01-14 16:20:27.258,31.765
2026-01-14 16:20:27.273,31.755
2026-01-14 16:20:27.289,31.749
2026-01-14 16:20:27.290,31.737
2026-01-14 16:20:27.308,31.718
2026-01-14 16:20:27.324,31.715
2026-01-14 16:20:27.340,31.708
2026-01-14 16:20:27.340,31.709
2026-01-14 16:20:27.357,31.7
2026-01-14 16:20:27.374,31.7
2026-01-14 16:20:27.375,31.688
2026-01-14 16:20:27.389,31.672
2026-01-14 16:20:27.408,31.655
2026-01-14 16:20:27.424,31.636
2026-01-14 16:20:27.424,31.619
2026-01-14 16:20:27.440,31.605
2026-01-14 16:20:27.457,31.592
2026-01-14 16:20:27.457,31.572
2026-01-14 16:20:27.473,31.554
2026-01-14 16:20:27.490,31.537
2026-01-14 16:20:27.508,31.527
2026-01-14 16:20:27.508,31.506
2026-01-14 16:20:27.523,31.487
2026-01-14 16:20:27.539,31.472
2026-01-14 16:20:27.557,31.455
2026-01-14 16:20:27.558,31.444
2026-01-14 16:20:27.573,31.426
2026-01-14 16:20:27.590,31.406
2026-01-14 16:20:27.607,31.383
2026-01-14 16:20:27.623,31.36
2026-01-14 16:20:27.640,31.341
2026-01-14 16:20:27.641,31.325
2026-01-14 16:20:27.656,31.313
2026-01-14 16:20:27.674,31.304
2026-01-14 16:20:27.674,31.296
2026-01-14 16:20:27.689,31.282
2026-01-14 16:20:27.724,31.274
2026-01-14 16:20:27.724,31.267
2026-01-14 16:20:27.739,31.26
2026-01-14 16:20:27.757,31.256
2026-01-14 16:20:27.758,31.242
2026-01-14 16:20:27.773,31.241
2026-01-14 16:20:27.789,31.24
2026-01-14 16:20:27.809,31.238
2026-01-14 16:20:27.809,31.235
2026-01-14 16:20:27.822,31.227
2026-01-14 16:20:27.840,31.214
2026-01-14 16:20:27.841,31.21
2026-01-14 16:20:27.856,31.194
2026-01-14 16:20:27.874,31.185
2026-01-14 16:20:27.891,31.172
2026-01-14 16:20:27.893,31.166
2026-01-14 16:20:27.908,31.162
2026-01-14 16:20:27.923,31.146
2026-01-14 16:20:27.939,31.133
2026-01-14 16:20:27.940,31.114
2026-01-14 16:20:27.956,31.104
2026-01-14 16:20:27.974,31.089
2026-01-14 16:20:27.975,31.063
2026-01-14 16:20:27.989,31.042
2026-01-14 16:20:28.007,31.048
2026-01-14 16:20:28.008,31.03
2026-01-14 16:20:28.023,31.017
2026-01-14 16:20:28.047,30.99
2026-01-14 16:20:28.047,30.956
2026-01-14 16:20:28.072,30.935
2026-01-14 16:20:28.072,30.913
2026-01-14 16:20:28.088,30.889
2026-01-14 16:20:28.106,30.877
2026-01-14 16:20:28.106,30.864
2026-01-14 16:20:28.138,30.85
2026-01-14 16:20:28.156,30.843
2026-01-14 16:20:28.157,30.831
2026-01-14 16:20:28.173,30.818
2026-01-14 16:20:28.190,30.795
2026-01-14 16:20:28.249,30.778
2026-01-14 16:20:28.250,30.756
2026-01-14 16:20:28.250,30.742
2026-01-14 16:20:28.251,30.727
2026-01-14 16:20:28.251,30.716
2026-01-14 16:20:28.273,30.703
2026-01-14 16:20:28.274,30.685
2026-01-14 16:20:28.290,30.67
2026-01-14 16:20:28.307,30.655
2026-01-14 16:20:28.323,30.639
2026-01-14 16:20:28.323,30.632
2026-01-14 16:20:28.340,30.613
2026-01-14 16:20:28.356,30.604
2026-01-14 16:20:28.373,30.588
2026-01-14 16:20:28.390,30.569
2026-01-14 16:20:28.407,30.554
2026-01-14 16:20:28.408,30.546
2026-01-14 16:20:28.440,30.533
2026-01-14 16:20:28.441,30.517
2026-01-14 16:20:28.458,30.511
2026-01-14 16:20:28.473,30.513
2026-01-14 16:20:28.490,30.513
2026-01-14 16:20:28.491,30.515
2026-01-14 16:20:28.506,30.511
2026-01-14 16:20:28.523,30.498
2026-01-14 16:20:28.540,30.495
2026-01-14 16:20:28.540,30.484
2026-01-14 16:20:28.557,30.476
2026-01-14 16:20:28.574,30.463
2026-01-14 16:20:28.574,30.446
2026-01-14 16:20:28.590,30.437
2026-01-14 16:20:28.606,30.423
2026-01-14 16:20:28.622,30.411
2026-01-14 16:20:28.623,30.393
2026-01-14 16:20:28.639,30.378
2026-01-14 16:20:28.656,30.364
2026-01-14 16:20:28.674,30.347
2026-01-14 16:20:28.690,30.333
2026-01-14 16:20:28.706,30.315
2026-01-14 16:20:28.707,30.295
2026-01-14 16:20:28.740,30.28
2026-01-14 16:20:28.758,30.26
2026-01-14 16:20:28.758,30.24
2026-01-14 16:20:28.773,30.218
2026-01-14 16:20:28.790,30.2
2026-01-14 16:20:28.806,30.183
2026-01-14 16:20:28.823,30.156
2026-01-14 16:20:28.824,30.138
2026-01-14 16:20:28.858,30.124
2026-01-14 16:20:28.873,30.117
2026-01-14 16:20:28.873,30.101
2026-01-14 16:20:28.890,30.091
2026-01-14 16:20:28.924,30.085
2026-01-14 16:20:28.925,30.068
2026-01-14 16:20:28.940,30.057
2026-01-14 16:20:28.957,30.042
2026-01-14 16:20:28.957,30.026
2026-01-14 16:20:28.973,30.016
2026-01-14 16:20:28.989,30.002
2026-01-14 16:20:29.006,29.986
2026-01-14 16:20:29.006,29.974
2026-01-14 16:20:29.022,29.959
2026-01-14 16:20:29.038,29.939
2026-01-14 16:20:29.064,29.922
2026-01-14 16:20:29.064,29.909
2026-01-14 16:20:29.065,29.9
2026-01-14 16:20:29.092,29.885
2026-01-14 16:20:29.092,29.873
2026-01-14 16:20:29.105,29.861
2026-01-14 16:20:29.124,29.841
2026-01-14 16:20:29.125,29.823
2026-01-14 16:20:29.140,29.813
2026-01-14 16:20:29.157,29.804
2026-01-14 16:20:29.172,29.795
2026-01-14 16:20:29.172,29.772
2026-01-14 16:20:29.189,29.76
2026-01-14 16:20:29.223,29.744
2026-01-14 16:20:29.224,29.729
2026-01-14 16:20:29.240,29.721
2026-01-14 16:20:29.256,29.707
2026-01-14 16:20:29.258,29.696
2026-01-14 16:20:29.273,29.681
2026-01-14 16:20:29.289,29.66
2026-01-14 16:20:29.304,29.642
2026-01-14 16:20:29.304,29.631
2026-01-14 16:20:29.321,29.618
2026-01-14 16:20:29.339,29.601
2026-01-14 16:20:29.355,29.582
2026-01-14 16:20:29.356,29.561
2026-01-14 16:20:29.373,29.535
2026-01-14 16:20:29.389,29.515
2026-01-14 16:20:29.390,29.497
2026-01-14 16:20:29.405,29.48
2026-01-14 16:20:29.422,29.464
2026-01-14 16:20:29.438,29.455
2026-01-14 16:20:29.439,29.437
2026-01-14 16:20:29.455,29.426
2026-01-14 16:20:29.473,29.416
2026-01-14 16:20:29.473,29.409
2026-01-14 16:20:29.489,29.398
2026-01-14 16:20:29.507,29.396
2026-01-14 16:20:29.523,29.397
2026-01-14 16:20:29.523,29.391
2026-01-14 16:20:29.540,29.382
2026-01-14 16:20:29.557,29.372
2026-01-14 16:20:29.558,29.352
2026-01-14 16:20:29.598,29.333
2026-01-14 16:20:29.599,29.322
2026-01-14 16:20:29.599,29.307
2026-01-14 16:20:29.610,29.297
2026-01-14 16:20:29.622,29.286
2026-01-14 16:20:29.640,29.273
2026-01-14 16:20:29.641,29.26
2026-01-14 16:20:29.656,29.247
2026-01-14 16:20:29.672,29.23
2026-01-14 16:20:29.689,29.209
2026-01-14 16:20:29.690,29.197
2026-01-14 16:20:29.706,29.186
2026-01-14 16:20:29.722,29.182
2026-01-14 16:20:29.738,29.178
2026-01-14 16:20:29.738,29.17
2026-01-14 16:20:29.755,29.168
2026-01-14 16:20:29.772,29.164
2026-01-14 16:20:29.773,29.157
2026-01-14 16:20:29.790,29.151
2026-01-14 16:20:29.804,29.14
2026-01-14 16:20:29.821,29.136
2026-01-14 16:20:29.822,29.123
2026-01-14 16:20:29.838,29.114
2026-01-14 16:20:29.856,29.099
2026-01-14 16:20:29.857,29.082
2026-01-14 16:20:29.872,29.072
2026-01-14 16:20:29.889,29.052
2026-01-14 16:20:29.905,29.032
2026-01-14 16:20:29.906,29.013
2026-01-14 16:20:29.922,28.989
2026-01-14 16:20:29.939,28.966
2026-01-14 16:20:29.956,28.954
2026-01-14 16:20:29.956,28.948
2026-01-14 16:20:29.972,28.937
2026-01-14 16:20:29.989,28.927
2026-01-14 16:20:29.990,28.915
2026-01-14 16:20:30.006,28.899
2026-01-14 16:20:30.024,28.889
2026-01-14 16:20:30.025,28.875
2026-01-14 16:20:30.040,28.864
2026-01-14 16:20:30.063,28.844
2026-01-14 16:20:30.064,28.822
2026-01-14 16:20:30.073,28.801
2026-01-14 16:20:30.089,28.794
2026-01-14 16:20:30.106,28.781
2026-01-14 16:20:30.122,28.763
2026-01-14 16:20:30.122,28.747
2026-01-14 16:20:30.139,28.738
2026-01-14 16:20:30.156,28.735
2026-01-14 16:20:30.157,28.719
2026-01-14 16:20:30.173,28.707
2026-01-14 16:20:30.189,28.7
2026-01-14 16:20:30.206,28.692
2026-01-14 16:20:30.207,28.675
2026-01-14 16:20:30.223,28.667
2026-01-14 16:20:30.239,28.649
2026-01-14 16:20:30.257,28.633
2026-01-14 16:20:30.257,28.617
2026-01-14 16:20:30.273,28.601
2026-01-14 16:20:30.289,28.593
2026-01-14 16:20:30.290,28.58
2026-01-14 16:20:30.306,28.574
2026-01-14 16:20:30.323,28.562
2026-01-14 16:20:30.340,28.55
2026-01-14 16:20:30.340,28.543
2026-01-14 16:20:30.356,28.529
2026-01-14 16:20:30.372,28.519
2026-01-14 16:20:30.388,28.504
2026-01-14 16:20:30.389,28.49
2026-01-14 16:20:30.406,28.48
2026-01-14 16:20:30.423,28.468
2026-01-14 16:20:30.424,28.456
2026-01-14 16:20:30.439,28.438
2026-01-14 16:20:30.456,28.423
2026-01-14 16:20:30.457,28.406
2026-01-14 16:20:30.472,28.388
2026-01-14 16:20:30.489,28.371
2026-01-14 16:20:30.505,28.355
2026-01-14 16:20:30.506,28.342
2026-01-14 16:20:30.523,28.323
2026-01-14 16:20:30.541,28.309
2026-01-14 16:20:30.541,28.292
2026-01-14 16:20:30.556,28.274
2026-01-14 16:20:30.572,28.264
2026-01-14 16:20:30.588,28.249
2026-01-14 16:20:30.588,28.237
2026-01-14 16:20:30.606,28.228
2026-01-14 16:20:30.623,28.217
2026-01-14 16:20:30.624,28.206
2026-01-14 16:20:30.639,28.197
2026-01-14 16:20:30.657,28.189
2026-01-14 16:20:30.675,28.179
2026-01-14 16:20:30.675,28.165
2026-01-14 16:20:30.689,28.154
2026-01-14 16:20:30.705,28.143
2026-01-14 16:20:30.722,28.133
2026-01-14 16:20:30.723,28.129
2026-01-14 16:20:30.740,28.122
2026-01-14 16:20:30.755,28.113
2026-01-14 16:20:30.756,28.119
2026-01-14 16:20:30.773,28.109
2026-01-14 16:20:30.789,28.111
2026-01-14 16:20:30.807,28.105
2026-01-14 16:20:30.807,28.104
2026-01-14 16:20:30.825,28.09
2026-01-14 16:20:30.839,28.079
2026-01-14 16:20:30.857,28.068
2026-01-14 16:20:30.858,28.061
2026-01-14 16:20:30.875,28.047
2026-01-14 16:20:30.876,28.035
2026-01-14 16:20:30.892,28.024
2026-01-14 16:20:30.924,28.013
2026-01-14 16:20:30.925,27.998
2026-01-14 16:20:30.951,27.989
2026-01-14 16:20:30.952,27.979
2026-01-14 16:20:30.961,27.948
2026-01-14 16:20:30.972,27.917
2026-01-14 16:20:30.992,27.894
2026-01-14 16:20:31.006,27.876
2026-01-14 16:20:31.023,27.85
2026-01-14 16:20:31.023,27.827
2026-01-14 16:20:31.040,27.804
2026-01-14 16:20:31.063,27.779
2026-01-14 16:20:31.064,27.76
2026-01-14 16:20:31.071,27.742
2026-01-14 16:20:31.089,27.733
2026-01-14 16:20:31.105,27.718
2026-01-14 16:20:31.105,27.7
2026-01-14 16:20:31.140,27.681
2026-01-14 16:20:31.141,27.666
2026-01-14 16:20:31.154,27.651
2026-01-14 16:20:31.174,27.636
2026-01-14 16:20:31.189,27.619
2026-01-14 16:20:31.189,27.604
2026-01-14 16:20:31.206,27.597
2026-01-14 16:20:31.224,27.594
2026-01-14 16:20:31.239,27.588
2026-01-14 16:20:31.239,27.586
2026-01-14 16:20:31.256,27.582
2026-01-14 16:20:31.274,27.582
2026-01-14 16:20:31.274,27.582
2026-01-14 16:20:31.288,27.58
2026-01-14 16:20:31.307,27.583
2026-01-14 16:20:31.322,27.573
2026-01-14 16:20:31.322,27.569
2026-01-14 16:20:31.339,27.559
2026-01-14 16:20:31.357,27.552
2026-01-14 16:20:31.357,27.541
2026-01-14 16:20:31.373,27.527
2026-01-14 16:20:31.389,27.516
2026-01-14 16:20:31.408,27.502
2026-01-14 16:20:31.409,27.487
2026-01-14 16:20:31.422,27.471
2026-01-14 16:20:31.438,27.458
2026-01-14 16:20:31.455,27.44
2026-01-14 16:20:31.457,27.421
2026-01-14 16:20:31.472,27.405
2026-01-14 16:20:31.488,27.387
2026-01-14 16:20:31.489,27.373
2026-01-14 16:20:31.506,27.355
2026-01-14 16:20:31.524,27.337
2026-01-14 16:20:31.524,27.319
2026-01-14 16:20:31.538,27.301
2026-01-14 16:20:31.555,27.284
2026-01-14 16:20:31.572,27.273
2026-01-14 16:20:31.572,27.262
2026-01-14 16:20:31.589,27.248
2026-01-14 16:20:31.605,27.235
2026-01-14 16:20:31.621,27.231
2026-01-14 16:20:31.622,27.215
2026-01-14 16:20:31.639,27.2
2026-01-14 16:20:31.655,27.186
2026-01-14 16:20:31.672,27.175
2026-01-14 16:20:31.673,27.164
2026-01-14 16:20:31.688,27.147
2026-01-14 16:20:31.704,27.137
2026-01-14 16:20:31.704,27.127
2026-01-14 16:20:31.722,27.11
2026-01-14 16:20:31.738,27.096
2026-01-14 16:20:31.756,27.087
2026-01-14 16:20:31.757,27.073
2026-01-14 16:20:31.772,27.058
2026-01-14 16:20:31.789,27.044
2026-01-14 16:20:31.790,27.032
2026-01-14 16:20:31.807,27.022
2026-01-14 16:20:31.823,27.014
2026-01-14 16:20:31.838,27.008
2026-01-14 16:20:31.838,27.006
2026-01-14 16:20:31.857,26.999
2026-01-14 16:20:31.873,26.988
2026-01-14 16:20:31.874,26.979
2026-01-14 16:20:31.888,26.96
2026-01-14 16:20:31.908,26.953
2026-01-14 16:20:31.908,26.946
2026-01-14 16:20:31.923,26.947
2026-01-14 16:20:31.939,26.952
2026-01-14 16:20:31.957,26.95
2026-01-14 16:20:31.957,26.949
2026-01-14 16:20:31.973,26.952
2026-01-14 16:20:31.989,26.937
2026-01-14 16:20:32.006,26.922
2026-01-14 16:20:32.007,26.909
2026-01-14 16:20:32.023,26.896
2026-01-14 16:20:32.039,26.883
2026-01-14 16:20:32.040,26.874
2026-01-14 16:20:32.064,26.853
2026-01-14 16:20:32.064,26.83
2026-01-14 16:20:32.089,26.807
2026-01-14 16:20:32.091,26.788
2026-01-14 16:20:32.106,26.767
2026-01-14 16:20:32.122,26.746
2026-01-14 16:20:32.138,26.727
2026-01-14 16:20:32.138,26.718
2026-01-14 16:20:32.157,26.713
2026-01-14 16:20:32.172,26.707
2026-01-14 16:20:32.173,26.701
2026-01-14 16:20:32.189,26.689
2026-01-14 16:20:32.206,26.672
2026-01-14 16:20:32.223,26.654
2026-01-14 16:20:32.224,26.638
2026-01-14 16:20:32.239,26.625
2026-01-14 16:20:32.256,26.605
2026-01-14 16:20:32.256,26.6
2026-01-14 16:20:32.273,26.595
2026-01-14 16:20:32.290,26.586
2026-01-14 16:20:32.317,26.582
2026-01-14 16:20:32.318,26.573
2026-01-14 16:20:32.319,26.562
2026-01-14 16:20:32.330,26.549
2026-01-14 16:20:32.356,26.541
2026-01-14 16:20:32.356,26.532
2026-01-14 16:20:32.373,26.525
2026-01-14 16:20:32.389,26.517
2026-01-14 16:20:32.390,26.502
2026-01-14 16:20:32.405,26.485
2026-01-14 16:20:32.424,26.461
2026-01-14 16:20:32.425,26.444
2026-01-14 16:20:32.439,26.432
2026-01-14 16:20:32.456,26.422
2026-01-14 16:20:32.473,26.407
2026-01-14 16:20:32.473,26.392
2026-01-14 16:20:32.489,26.377
2026-01-14 16:20:32.507,26.36
2026-01-14 16:20:32.523,26.342
2026-01-14 16:20:32.523,26.324
2026-01-14 16:20:32.538,26.303
2026-01-14 16:20:32.556,26.288
2026-01-14 16:20:32.557,26.27
2026-01-14 16:20:32.573,26.259
2026-01-14 16:20:32.589,26.245
2026-01-14 16:20:32.606,26.229
2026-01-14 16:20:32.606,26.225
2026-01-14 16:20:32.622,26.213
2026-01-14 16:20:32.640,26.195
2026-01-14 16:20:32.654,26.173
2026-01-14 16:20:32.654,26.159
2026-01-14 16:20:32.673,26.141
2026-01-14 16:20:32.689,26.129
2026-01-14 16:20:32.690,26.115
2026-01-14 16:20:32.705,26.108
2026-01-14 16:20:32.720,26.098
2026-01-14 16:20:32.739,26.084
2026-01-14 16:20:32.740,26.065
2026-01-14 16:20:32.755,26.046
2026-01-14 16:20:32.774,26.033
2026-01-14 16:20:32.775,26.021
2026-01-14 16:20:32.789,26.015
2026-01-14 16:20:32.805,26.019
2026-01-14 16:20:32.821,26.013
2026-01-14 16:20:32.822,26.005
2026-01-14 16:20:32.838,25.993
2026-01-14 16:20:32.856,25.978
2026-01-14 16:20:32.857,25.961
2026-01-14 16:20:32.873,25.948
2026-01-14 16:20:32.889,25.936
2026-01-14 16:20:32.907,25.922
2026-01-14 16:20:32.907,25.923
2026-01-14 16:20:32.923,25.912
2026-01-14 16:20:32.939,25.898
2026-01-14 16:20:32.956,25.886
2026-01-14 16:20:32.957,25.869
2026-01-14 16:20:32.973,25.859
2026-01-14 16:20:32.988,25.847
2026-01-14 16:20:32.988,25.828
2026-01-14 16:20:33.006,25.811
2026-01-14 16:20:33.022,25.802
2026-01-14 16:20:33.046,25.794
2026-01-14 16:20:33.046,25.779
2026-01-14 16:20:33.055,25.76
2026-01-14 16:20:33.072,25.749
2026-01-14 16:20:33.072,25.742
2026-01-14 16:20:33.088,25.742
2026-01-14 16:20:33.107,25.734
2026-01-14 16:20:33.123,25.731
2026-01-14 16:20:33.123,25.727
2026-01-14 16:20:33.140,25.715
2026-01-14 16:20:33.155,25.704
2026-01-14 16:20:33.173,25.688
2026-01-14 16:20:33.174,25.669
2026-01-14 16:20:33.189,25.659
2026-01-14 16:20:33.206,25.648
2026-01-14 16:20:33.206,25.637
2026-01-14 16:20:33.222,25.621
2026-01-14 16:20:33.239,25.6
2026-01-14 16:20:33.256,25.576
2026-01-14 16:20:33.257,25.549
2026-01-14 16:20:33.274,25.523
2026-01-14 16:20:33.289,25.519
2026-01-14 16:20:33.289,25.507
2026-01-14 16:20:33.305,25.497
2026-01-14 16:20:33.322,25.492
2026-01-14 16:20:33.339,25.486
2026-01-14 16:20:33.339,25.474
2026-01-14 16:20:33.357,25.457
2026-01-14 16:20:33.372,25.439
2026-01-14 16:20:33.373,25.425
2026-01-14 16:20:33.388,25.408
2026-01-14 16:20:33.408,25.4
2026-01-14 16:20:33.423,25.396
2026-01-14 16:20:33.423,25.396
2026-01-14 16:20:33.439,25.392
2026-01-14 16:20:33.456,25.384
2026-01-14 16:20:33.457,25.377
2026-01-14 16:20:33.471,25.371
2026-01-14 16:20:33.489,25.362
2026-01-14 16:20:33.506,25.345
2026-01-14 16:20:33.507,25.335
2026-01-14 16:20:33.522,25.332
2026-01-14 16:20:33.539,25.316
2026-01-14 16:20:33.556,25.294
2026-01-14 16:20:33.571,25.271
2026-01-14 16:20:33.589,25.254
2026-01-14 16:20:33.589,25.223
2026-01-14 16:20:33.606,25.204
2026-01-14 16:20:33.621,25.179
2026-01-14 16:20:33.639,25.171
2026-01-14 16:20:33.639,25.154
2026-01-14 16:20:33.655,25.138
2026-01-14 16:20:33.684,25.127
2026-01-14 16:20:33.684,25.108
2026-01-14 16:20:33.685,25.097
2026-01-14 16:20:33.705,25.086
2026-01-14 16:20:33.724,25.064
2026-01-14 16:20:33.724,25.05
2026-01-14 16:20:33.740,25.042
2026-01-14 16:20:33.755,25.035
2026-01-14 16:20:33.772,25.022
2026-01-14 16:20:33.772,25.015
2026-01-14 16:20:33.791,24.996
2026-01-14 16:20:33.793,24.978
2026-01-14 16:20:33.806,24.965
2026-01-14 16:20:33.822,24.946
2026-01-14 16:20:33.838,24.923
2026-01-14 16:20:33.855,24.909
2026-01-14 16:20:33.856,24.898
2026-01-14 16:20:33.871,24.887
2026-01-14 16:20:33.889,24.874
2026-01-14 16:20:33.890,24.862
2026-01-14 16:20:33.905,24.842
2026-01-14 16:20:33.922,24.828
2026-01-14 16:20:33.938,24.812
2026-01-14 16:20:33.938,24.802
2026-01-14 16:20:33.954,24.793
2026-01-14 16:20:33.972,24.784
2026-01-14 16:20:33.972,24.773
2026-01-14 16:20:33.988,24.77
2026-01-14 16:20:34.005,24.752
2026-01-14 16:20:34.021,24.747
2026-01-14 16:20:34.022,24.737
2026-01-14 16:20:34.045,24.724
2026-01-14 16:20:34.046,24.713
2026-01-14 16:20:34.072,24.701
2026-01-14 16:20:34.073,24.698
2026-01-14 16:20:34.089,24.688
2026-01-14 16:20:34.106,24.678
2026-01-14 16:20:34.106,24.669
2026-01-14 16:20:34.123,24.654
2026-01-14 16:20:34.138,24.649
2026-01-14 16:20:34.157,24.647
2026-01-14 16:20:34.157,24.629
2026-01-14 16:20:34.172,24.618
2026-01-14 16:20:34.188,24.613
2026-01-14 16:20:34.188,24.595
2026-01-14 16:20:34.205,24.586
2026-01-14 16:20:34.222,24.571
2026-01-14 16:20:34.238,24.553
2026-01-14 16:20:34.239,24.537
2026-01-14 16:20:34.256,24.525
2026-01-14 16:20:34.273,24.514
2026-01-14 16:20:34.273,24.501
2026-01-14 16:20:34.289,24.489
2026-01-14 16:20:34.307,24.47
2026-01-14 16:20:34.322,24.447
2026-01-14 16:20:34.322,24.431
2026-01-14 16:20:34.339,24.415
2026-01-14 16:20:34.356,24.402
2026-01-14 16:20:34.357,24.387
2026-01-14 16:20:34.372,24.375
2026-01-14 16:20:34.389,24.365
2026-01-14 16:20:34.404,24.36
2026-01-14 16:20:34.404,24.357
2026-01-14 16:20:34.422,24.352
2026-01-14 16:20:34.439,24.339
2026-01-14 16:20:34.456,24.328
2026-01-14 16:20:34.457,24.324
2026-01-14 16:20:34.472,24.323
2026-01-14 16:20:34.488,24.322
2026-01-14 16:20:34.489,24.314
2026-01-14 16:20:34.506,24.306
2026-01-14 16:20:34.522,24.296
2026-01-14 16:20:34.539,24.295
2026-01-14 16:20:34.539,24.293
2026-01-14 16:20:34.555,24.279
2026-01-14 16:20:34.573,24.265
2026-01-14 16:20:34.573,24.247
2026-01-14 16:20:34.589,24.226
2026-01-14 16:20:34.605,24.199
2026-01-14 16:20:34.621,24.174
2026-01-14 16:20:34.621,24.156
2026-01-14 16:20:34.638,24.149
2026-01-14 16:20:34.657,24.137
2026-01-14 16:20:34.657,24.119
2026-01-14 16:20:34.672,24.116
2026-01-14 16:20:34.689,24.102
2026-01-14 16:20:34.705,24.089
2026-01-14 16:20:34.705,24.08
2026-01-14 16:20:34.724,24.077
2026-01-14 16:20:34.739,24.063
2026-01-14 16:20:34.757,24.056
2026-01-14 16:20:34.757,24.049
2026-01-14 16:20:34.771,24.047
2026-01-14 16:20:34.789,24.037
2026-01-14 16:20:34.789,24.034
2026-01-14 16:20:34.805,24.025
2026-01-14 16:20:34.823,24.017
2026-01-14 16:20:34.839,24.008
2026-01-14 16:20:34.839,23.993
2026-01-14 16:20:34.856,23.968
2026-01-14 16:20:34.872,23.946
2026-01-14 16:20:34.872,23.923
2026-01-14 16:20:34.889,23.908
2026-01-14 16:20:34.905,23.889
2026-01-14 16:20:34.923,23.871
2026-01-14 16:20:34.923,23.848
2026-01-14 16:20:34.940,23.837
2026-01-14 16:20:34.955,23.823
2026-01-14 16:20:34.972,23.805
2026-01-14 16:20:34.972,23.788
2026-01-14 16:20:34.988,23.779
2026-01-14 16:20:35.006,23.763
2026-01-14 16:20:35.007,23.758
2026-01-14 16:20:35.067,23.748
2026-01-14 16:20:35.068,23.734
2026-01-14 16:20:35.070,23.718
2026-01-14 16:20:35.070,23.699
2026-01-14 16:20:35.070,23.689
2026-01-14 16:20:35.085,23.679
2026-01-14 16:20:35.093,23.662
2026-01-14 16:20:35.106,23.645
2026-01-14 16:20:35.123,23.625
2026-01-14 16:20:35.138,23.621
2026-01-14 16:20:35.138,23.612
2026-01-14 16:20:35.156,23.605
2026-01-14 16:20:35.173,23.597
2026-01-14 16:20:35.173,23.575
2026-01-14 16:20:35.189,23.564
2026-01-14 16:20:35.207,23.554
2026-01-14 16:20:35.208,23.534
2026-01-14 16:20:35.222,23.51
2026-01-14 16:20:35.238,23.49
2026-01-14 16:20:35.256,23.476
2026-01-14 16:20:35.257,23.459
2026-01-14 16:20:35.272,23.45
2026-01-14 16:20:35.289,23.434
2026-01-14 16:20:35.306,23.419
2026-01-14 16:20:35.307,23.413
2026-01-14 16:20:35.321,23.402
2026-01-14 16:20:35.339,23.412
2026-01-14 16:20:35.355,23.404
2026-01-14 16:20:35.356,23.395
2026-01-14 16:20:35.372,23.377
2026-01-14 16:20:35.389,23.359
2026-01-14 16:20:35.390,23.36
2026-01-14 16:20:35.404,23.344
2026-01-14 16:20:35.421,23.334
2026-01-14 16:20:35.439,23.329
2026-01-14 16:20:35.439,23.32
2026-01-14 16:20:35.454,23.332
2026-01-14 16:20:35.472,23.322
2026-01-14 16:20:35.472,23.306
2026-01-14 16:20:35.489,23.292
2026-01-14 16:20:35.504,23.274
2026-01-14 16:20:35.521,23.27
2026-01-14 16:20:35.521,23.255
2026-01-14 16:20:35.537,23.237
2026-01-14 16:20:35.555,23.224
2026-01-14 16:20:35.572,23.215
2026-01-14 16:20:35.572,23.198
2026-01-14 16:20:35.589,23.178
2026-01-14 16:20:35.605,23.164
2026-01-14 16:20:35.605,23.154
2026-01-14 16:20:35.622,23.138
2026-01-14 16:20:35.639,23.126
2026-01-14 16:20:35.655,23.121
2026-01-14 16:20:35.655,23.102
2026-01-14 16:20:35.671,23.091
2026-01-14 16:20:35.687,23.072
2026-01-14 16:20:35.704,23.057
2026-01-14 16:20:35.704,23.04
2026-01-14 16:20:35.722,23.026
2026-01-14 16:20:35.737,23.012
2026-01-14 16:20:35.738,23.003
2026-01-14 16:20:35.753,22.993
2026-01-14 16:20:35.771,22.985
2026-01-14 16:20:35.772,22.977
2026-01-14 16:20:35.788,22.967
2026-01-14 16:20:35.804,22.955
2026-01-14 16:20:35.822,22.946
2026-01-14 16:20:35.822,22.944
2026-01-14 16:20:35.837,22.932
2026-01-14 16:20:35.853,22.928
2026-01-14 16:20:35.871,22.923
2026-01-14 16:20:35.871,22.914
2026-01-14 16:20:35.887,22.897
2026-01-14 16:20:35.904,22.881
2026-01-14 16:20:35.904,22.87
2026-01-14 16:20:35.920,22.862
2026-01-14 16:20:35.937,22.847
2026-01-14 16:20:35.953,22.839
2026-01-14 16:20:35.970,22.831
2026-01-14 16:20:35.987,22.812
2026-01-14 16:20:36.004,22.804
2026-01-14 16:20:36.004,22.785
2026-01-14 16:20:36.020,22.774
2026-01-14 16:20:36.044,22.765
2026-01-14 16:20:36.044,22.748
2026-01-14 16:20:36.054,22.732
2026-01-14 16:20:36.070,22.72
2026-01-14 16:20:36.087,22.703
2026-01-14 16:20:36.088,22.687
2026-01-14 16:20:36.105,22.667
2026-01-14 16:20:36.122,22.651
2026-01-14 16:20:36.122,22.643
2026-01-14 16:20:36.138,22.633
2026-01-14 16:20:36.154,22.623
2026-01-14 16:20:36.172,22.612
2026-01-14 16:20:36.172,22.603
2026-01-14 16:20:36.189,22.599
2026-01-14 16:20:36.204,22.591
2026-01-14 16:20:36.205,22.584
2026-01-14 16:20:36.220,22.574
2026-01-14 16:20:36.238,22.588
2026-01-14 16:20:36.254,22.587
2026-01-14 16:20:36.254,22.582
2026-01-14 16:20:36.271,22.564
2026-01-14 16:20:36.288,22.547
2026-01-14 16:20:36.289,22.537
2026-01-14 16:20:36.304,22.522
2026-01-14 16:20:36.321,22.513
2026-01-14 16:20:36.337,22.53
2026-01-14 16:20:36.337,22.528
2026-01-14 16:20:36.354,22.52
2026-01-14 16:20:36.370,22.509
2026-01-14 16:20:36.411,22.505
2026-01-14 16:20:36.411,22.503
2026-01-14 16:20:36.412,22.493
2026-01-14 16:20:36.412,22.483
2026-01-14 16:20:36.438,22.477
2026-01-14 16:20:36.438,22.47
2026-01-14 16:20:36.455,22.475
2026-01-14 16:20:36.470,22.471
2026-01-14 16:20:36.470,22.469
2026-01-14 16:20:36.487,22.472
2026-01-14 16:20:36.504,22.469
2026-01-14 16:20:36.504,22.473
2026-01-14 16:20:36.522,22.464
2026-01-14 16:20:36.538,22.493
2026-01-14 16:20:36.555,22.497
2026-01-14 16:20:36.555,22.486
2026-01-14 16:20:36.571,22.482
2026-01-14 16:20:36.588,22.487
2026-01-14 16:20:36.589,22.496
2026-01-14 16:20:36.604,22.463
2026-01-14 16:20:36.621,22.404
2026-01-14 16:20:36.638,22.343
2026-01-14 16:20:36.638,22.296
2026-01-14 16:20:36.654,22.254
2026-01-14 16:20:36.670,22.22
2026-01-14 16:20:36.688,22.183
2026-01-14 16:20:36.689,22.152
2026-01-14 16:20:36.705,22.122
2026-01-14 16:20:36.721,22.095
2026-01-14 16:20:36.722,22.062
2026-01-14 16:20:36.738,22.03
2026-01-14 16:20:36.754,22.013
2026-01-14 16:20:36.771,21.993
2026-01-14 16:20:36.771,21.965
2026-01-14 16:20:36.788,21.942
2026-01-14 16:20:36.804,21.925
2026-01-14 16:20:36.804,21.903
2026-01-14 16:20:36.821,21.895
2026-01-14 16:20:36.838,21.881
2026-01-14 16:20:36.854,21.869
2026-01-14 16:20:36.855,21.857
2026-01-14 16:20:36.870,21.85
2026-01-14 16:20:36.888,21.847
2026-01-14 16:20:36.888,21.846
2026-01-14 16:20:36.904,21.832
2026-01-14 16:20:36.921,21.819
2026-01-14 16:20:36.937,21.811
2026-01-14 16:20:36.937,21.807
2026-01-14 16:20:36.954,21.8
2026-01-14 16:20:36.972,21.809
2026-01-14 16:20:36.973,21.822
2026-01-14 16:20:36.987,21.83
2026-01-14 16:20:37.004,21.834
2026-01-14 16:20:37.020,21.84
2026-01-14 16:20:37.021,21.852
2026-01-14 16:20:37.037,21.853
2026-01-14 16:20:37.060,21.849
2026-01-14 16:20:37.060,21.847
2026-01-14 16:20:37.071,21.834
2026-01-14 16:20:37.088,21.821
2026-01-14 16:20:37.104,21.803
2026-01-14 16:20:37.105,21.784
2026-01-14 16:20:37.121,21.77
2026-01-14 16:20:37.137,21.78
2026-01-14 16:20:37.154,21.759
2026-01-14 16:20:37.154,21.74
2026-01-14 16:20:37.171,21.724
2026-01-14 16:20:37.188,21.709
2026-01-14 16:20:37.189,21.693
2026-01-14 16:20:37.205,21.678
2026-01-14 16:20:37.221,21.665
2026-01-14 16:20:37.238,21.656
2026-01-14 16:20:37.239,21.644
2026-01-14 16:20:37.255,21.636
2026-01-14 16:20:37.271,21.629
2026-01-14 16:20:37.273,21.622
2026-01-14 16:20:37.287,21.612
2026-01-14 16:20:37.304,21.604
2026-01-14 16:20:37.321,21.613
2026-01-14 16:20:37.321,21.61
2026-01-14 16:20:37.338,21.608
2026-01-14 16:20:37.354,21.605
2026-01-14 16:20:37.371,21.598
2026-01-14 16:20:37.371,21.588
2026-01-14 16:20:37.387,21.58
2026-01-14 16:20:37.405,21.571
2026-01-14 16:20:37.405,21.558
2026-01-14 16:20:37.421,21.546
2026-01-14 16:20:37.438,21.535
2026-01-14 16:20:37.454,21.523
2026-01-14 16:20:37.455,21.506
2026-01-14 16:20:37.471,21.491
2026-01-14 16:20:37.488,21.482
2026-01-14 16:20:37.503,21.476
2026-01-14 16:20:37.503,21.469
2026-01-14 16:20:37.520,21.457
2026-01-14 16:20:37.537,21.45
2026-01-14 16:20:37.538,21.441
2026-01-14 16:20:37.554,21.425
2026-01-14 16:20:37.570,21.415
2026-01-14 16:20:37.586,21.404
2026-01-14 16:20:37.587,21.396
2026-01-14 16:20:37.605,21.384
2026-01-14 16:20:37.621,21.369
2026-01-14 16:20:37.621,21.351
2026-01-14 16:20:37.638,21.334
2026-01-14 16:20:37.654,21.318
2026-01-14 16:20:37.670,21.302
2026-01-14 16:20:37.671,21.293
2026-01-14 16:20:37.687,21.278
2026-01-14 16:20:37.704,21.268
2026-01-14 16:20:37.705,21.253
2026-01-14 16:20:37.721,21.244
2026-01-14 16:20:37.737,21.228
2026-01-14 16:20:37.753,21.214
2026-01-14 16:20:37.770,21.206
2026-01-14 16:20:37.787,21.194
2026-01-14 16:20:37.803,21.183
2026-01-14 16:20:37.804,21.178
2026-01-14 16:20:37.820,21.168
2026-01-14 16:20:37.836,21.161
2026-01-14 16:20:37.837,21.149
2026-01-14 16:20:37.853,21.128
2026-01-14 16:20:37.869,21.109
2026-01-14 16:20:37.886,21.089
2026-01-14 16:20:37.886,21.069
2026-01-14 16:20:37.903,21.059
2026-01-14 16:20:37.920,21.048
2026-01-14 16:20:37.921,21.036
2026-01-14 16:20:37.937,21.026
2026-01-14 16:20:37.953,21.016
2026-01-14 16:20:37.970,21.007
2026-01-14 16:20:37.970,20.995
2026-01-14 16:20:37.986,20.977
2026-01-14 16:20:38.003,20.958
2026-01-14 16:20:38.020,20.942
2026-01-14 16:20:38.020,20.925
2026-01-14 16:20:38.037,20.915
2026-01-14 16:20:38.058,20.906
2026-01-14 16:20:38.059,20.894
2026-01-14 16:20:38.070,20.882
2026-01-14 16:20:38.087,20.865
2026-01-14 16:20:38.103,20.846
2026-01-14 16:20:38.103,20.83
2026-01-14 16:20:38.120,20.819
2026-01-14 16:20:38.137,20.816
2026-01-14 16:20:38.137,20.808
2026-01-14 16:20:38.153,20.802
2026-01-14 16:20:38.170,20.789
2026-01-14 16:20:38.186,20.775
2026-01-14 16:20:38.186,20.756
2026-01-14 16:20:38.203,20.744
2026-01-14 16:20:38.220,20.735
2026-01-14 16:20:38.220,20.729
2026-01-14 16:20:38.237,20.719
2026-01-14 16:20:38.253,20.714
2026-01-14 16:20:38.270,20.709
2026-01-14 16:20:38.270,20.694
2026-01-14 16:20:38.286,20.677
2026-01-14 16:20:38.303,20.662
2026-01-14 16:20:38.320,20.653
2026-01-14 16:20:38.320,20.641
2026-01-14 16:20:38.336,20.642
2026-01-14 16:20:38.353,20.642
2026-01-14 16:20:38.353,20.636
2026-01-14 16:20:38.370,20.635
2026-01-14 16:20:38.387,20.63
2026-01-14 16:20:38.403,20.619
2026-01-14 16:20:38.403,20.607
2026-01-14 16:20:38.420,20.601
2026-01-14 16:20:38.437,20.595
2026-01-14 16:20:38.437,20.582
2026-01-14 16:20:38.453,20.572
2026-01-14 16:20:38.470,20.568
2026-01-14 16:20:38.487,20.556
2026-01-14 16:20:38.487,20.539
2026-01-14 16:20:38.503,20.53
2026-01-14 16:20:38.522,20.533
2026-01-14 16:20:38.522,20.513
2026-01-14 16:20:38.538,20.504
2026-01-14 16:20:38.555,20.495
2026-01-14 16:20:38.571,20.483
2026-01-14 16:20:38.571,20.476
2026-01-14 16:20:38.588,20.462
2026-01-14 16:20:38.604,20.446
2026-01-14 16:20:38.605,20.421
2026-01-14 16:20:38.620,20.397
2026-01-14 16:20:38.638,20.377
2026-01-14 16:20:38.655,20.361
2026-01-14 16:20:38.655,20.344
2026-01-14 16:20:38.672,20.329
2026-01-14 16:20:38.688,20.316
2026-01-14 16:20:38.688,20.299
2026-01-14 16:20:38.705,20.29
2026-01-14 16:20:38.724,20.276
2026-01-14 16:20:38.724,20.266
2026-01-14 16:20:38.738,20.257
2026-01-14 16:20:38.755,20.246
2026-01-14 16:20:38.771,20.235
2026-01-14 16:20:38.788,20.228
2026-01-14 16:20:38.788,20.22
2026-01-14 16:20:38.805,20.212
2026-01-14 16:20:38.822,20.199
2026-01-14 16:20:38.822,20.189
2026-01-14 16:20:38.838,20.184
2026-01-14 16:20:38.857,20.185
2026-01-14 16:20:38.857,20.168
2026-01-14 16:20:38.871,20.161
2026-01-14 16:20:38.887,20.142
2026-01-14 16:20:38.905,20.133
2026-01-14 16:20:38.905,20.127
2026-01-14 16:20:38.922,20.12
2026-01-14 16:20:38.938,20.11
2026-01-14 16:20:38.954,20.1
2026-01-14 16:20:38.954,20.085
2026-01-14 16:20:38.971,20.075
2026-01-14 16:20:38.988,20.064
2026-01-14 16:20:38.988,20.074
2026-01-14 16:20:39.005,20.057
2026-01-14 16:20:39.022,20.038
2026-01-14 16:20:39.037,20.021
2026-01-14 16:20:39.038,20.004
2026-01-14 16:20:39.062,19.989
2026-01-14 16:20:39.062,19.975
2026-01-14 16:20:39.073,19.957
2026-01-14 16:20:39.088,19.943
2026-01-14 16:20:39.105,19.929
2026-01-14 16:20:39.144,19.924
2026-01-14 16:20:39.145,19.907
2026-01-14 16:20:39.146,19.89
2026-01-14 16:20:39.146,19.873
2026-01-14 16:20:39.172,19.857
2026-01-14 16:20:39.172,19.84
2026-01-14 16:20:39.189,19.825
2026-01-14 16:20:39.205,19.812
2026-01-14 16:20:39.205,19.803
2026-01-14 16:20:39.222,19.8
2026-01-14 16:20:39.237,19.785
2026-01-14 16:20:39.256,19.77
2026-01-14 16:20:39.257,19.763
2026-01-14 16:20:39.272,19.754
2026-01-14 16:20:39.288,19.754
2026-01-14 16:20:39.288,19.758
2026-01-14 16:20:39.306,19.756
2026-01-14 16:20:39.321,19.743
2026-01-14 16:20:39.339,19.727
2026-01-14 16:20:39.339,19.719
2026-01-14 16:20:39.354,19.716
2026-01-14 16:20:39.372,19.7
2026-01-14 16:20:39.372,19.692
2026-01-14 16:20:39.388,19.688
2026-01-14 16:20:39.405,19.692
2026-01-14 16:20:39.421,19.681
2026-01-14 16:20:39.422,19.675
2026-01-14 16:20:39.456,19.665
2026-01-14 16:20:39.456,19.654
2026-01-14 16:20:39.471,19.657
2026-01-14 16:20:39.488,19.654
2026-01-14 16:20:39.505,19.651
2026-01-14 16:20:39.506,19.646
2026-01-14 16:20:39.521,19.634
2026-01-14 16:20:39.537,19.644
2026-01-14 16:20:39.553,19.627
2026-01-14 16:20:39.553,19.618
2026-01-14 16:20:39.572,19.61
2026-01-14 16:20:39.587,19.603
2026-01-14 16:20:39.588,19.606
2026-01-14 16:20:39.604,19.589
2026-01-14 16:20:39.621,19.567
2026-01-14 16:20:39.637,19.546
2026-01-14 16:20:39.638,19.524
2026-01-14 16:20:39.655,19.514
2026-01-14 16:20:39.671,19.503
2026-01-14 16:20:39.672,19.486
2026-01-14 16:20:39.687,19.47
2026-01-14 16:20:39.722,19.458
2026-01-14 16:20:39.722,19.443
2026-01-14 16:20:39.738,19.426
2026-01-14 16:20:39.755,19.409
2026-01-14 16:20:39.771,19.397
2026-01-14 16:20:39.772,19.386
2026-01-14 16:20:39.787,19.37
2026-01-14 16:20:39.805,19.353
2026-01-14 16:20:39.806,19.341
2026-01-14 16:20:39.821,19.324
2026-01-14 16:20:39.837,19.314
2026-01-14 16:20:39.855,19.313
2026-01-14 16:20:39.855,19.311
2026-01-14 16:20:39.872,19.308
2026-01-14 16:20:39.888,19.299
2026-01-14 16:20:39.888,19.299
2026-01-14 16:20:39.904,19.299
2026-01-14 16:20:39.921,19.298
2026-01-14 16:20:39.938,19.289
2026-01-14 16:20:39.938,19.292
2026-01-14 16:20:39.955,19.306
2026-01-14 16:20:39.972,19.295
2026-01-14 16:20:39.973,19.289
2026-01-14 16:20:39.988,19.283
2026-01-14 16:20:40.004,19.271
2026-01-14 16:20:40.021,19.268
2026-01-14 16:20:40.021,19.254
2026-01-14 16:20:40.046,19.242
2026-01-14 16:20:40.046,19.231
2026-01-14 16:20:40.070,19.213
2026-01-14 16:20:40.071,19.204
2026-01-14 16:20:40.087,19.191
2026-01-14 16:20:40.107,19.183
2026-01-14 16:20:40.107,19.177
2026-01-14 16:20:40.127,19.167
2026-01-14 16:20:40.136,19.169
2026-01-14 16:20:40.153,19.15
2026-01-14 16:20:40.153,19.134
2026-01-14 16:20:40.170,19.122
2026-01-14 16:20:40.187,19.105
2026-01-14 16:20:40.203,19.088
2026-01-14 16:20:40.204,19.067
2026-01-14 16:20:40.220,19.05
2026-01-14 16:20:40.237,19.041
2026-01-14 16:20:40.238,19.024
2026-01-14 16:20:40.253,19.024
2026-01-14 16:20:40.270,19.01
2026-01-14 16:20:40.287,18.993
2026-01-14 16:20:40.288,18.984
2026-01-14 16:20:40.303,18.972
2026-01-14 16:20:40.320,18.972
2026-01-14 16:20:40.322,18.961
2026-01-14 16:20:40.337,18.949
2026-01-14 16:20:40.355,18.939
2026-01-14 16:20:40.371,18.928
2026-01-14 16:20:40.371,18.921
2026-01-14 16:20:40.387,18.919
2026-01-14 16:20:40.405,18.913
2026-01-14 16:20:40.406,18.909
2026-01-14 16:20:40.421,18.904
2026-01-14 16:20:40.437,18.9
2026-01-14 16:20:40.454,18.883
2026-01-14 16:20:40.454,18.87
2026-01-14 16:20:40.496,18.859
2026-01-14 16:20:40.497,18.848
2026-01-14 16:20:40.497,18.833
2026-01-14 16:20:40.506,18.824
2026-01-14 16:20:40.521,18.815
2026-01-14 16:20:40.537,18.807
2026-01-14 16:20:40.537,18.798
2026-01-14 16:20:40.554,18.798
2026-01-14 16:20:40.570,18.773
2026-01-14 16:20:40.572,18.748
2026-01-14 16:20:40.588,18.744
2026-01-14 16:20:40.604,18.734
2026-01-14 16:20:40.620,18.725
2026-01-14 16:20:40.621,18.72
2026-01-14 16:20:40.637,18.708
2026-01-14 16:20:40.654,18.7
2026-01-14 16:20:40.670,18.686
2026-01-14 16:20:40.671,18.696
2026-01-14 16:20:40.687,18.687
2026-01-14 16:20:40.703,18.675
2026-01-14 16:20:40.704,18.665
2026-01-14 16:20:40.721,18.657
2026-01-14 16:20:40.737,18.644
2026-01-14 16:20:40.753,18.635
2026-01-14 16:20:40.754,18.621
2026-01-14 16:20:40.770,18.609
2026-01-14 16:20:40.786,18.595
2026-01-14 16:20:40.804,18.588
2026-01-14 16:20:40.804,18.585
2026-01-14 16:20:40.821,18.576
2026-01-14 16:20:40.837,18.569
2026-01-14 16:20:40.838,18.573
2026-01-14 16:20:40.854,18.556
2026-01-14 16:20:40.870,18.543
2026-01-14 16:20:40.872,18.535
2026-01-14 16:20:40.887,18.526
2026-01-14 16:20:40.903,18.517
2026-01-14 16:20:40.920,18.51
2026-01-14 16:20:40.920,18.502
2026-01-14 16:20:40.937,18.506
2026-01-14 16:20:40.953,18.494
2026-01-14 16:20:40.970,18.495
2026-01-14 16:20:40.971,18.497
2026-01-14 16:20:40.987,18.496
2026-01-14 16:20:41.003,18.496
2026-01-14 16:20:41.005,18.491
2026-01-14 16:20:41.020,18.487
2026-01-14 16:20:41.037,18.491
2026-01-14 16:20:41.052,18.483
2026-01-14 16:20:41.053,18.475
2026-01-14 16:20:41.076,18.471
2026-01-14 16:20:41.076,18.461
2026-01-14 16:20:41.102,18.451
2026-01-14 16:20:41.103,18.44
2026-01-14 16:20:41.120,18.429
2026-01-14 16:20:41.138,18.423
2026-01-14 16:20:41.139,18.414
2026-01-14 16:20:41.152,18.399
2026-01-14 16:20:41.170,18.381
2026-01-14 16:20:41.188,18.365
2026-01-14 16:20:41.188,18.352
2026-01-14 16:20:41.204,18.346
2026-01-14 16:20:41.220,18.327
2026-01-14 16:20:41.220,18.321
2026-01-14 16:20:41.237,18.31
2026-01-14 16:20:41.253,18.295
2026-01-14 16:20:41.270,18.285
2026-01-14 16:20:41.270,18.278
2026-01-14 16:20:41.287,18.259
2026-01-14 16:20:41.303,18.256
2026-01-14 16:20:41.304,18.249
2026-01-14 16:20:41.321,18.239
2026-01-14 16:20:41.337,18.221
2026-01-14 16:20:41.353,18.204
2026-01-14 16:20:41.353,18.185
2026-01-14 16:20:41.372,18.17
2026-01-14 16:20:41.387,18.15
2026-01-14 16:20:41.405,18.125
2026-01-14 16:20:41.406,18.102
2026-01-14 16:20:41.424,18.091
2026-01-14 16:20:41.438,18.074
2026-01-14 16:20:41.454,18.061
2026-01-14 16:20:41.472,18.047
2026-01-14 16:20:41.472,18.04
2026-01-14 16:20:41.487,18.035
2026-01-14 16:20:41.505,18.03
2026-01-14 16:20:41.521,18.014
2026-01-14 16:20:41.521,18.0
2026-01-14 16:20:41.537,17.991
2026-01-14 16:20:41.556,17.973
2026-01-14 16:20:41.557,17.963
2026-01-14 16:20:41.571,17.95
2026-01-14 16:20:41.588,17.945
2026-01-14 16:20:41.602,17.939
2026-01-14 16:20:41.622,17.94
2026-01-14 16:20:41.622,17.929
2026-01-14 16:20:41.637,17.917
2026-01-14 16:20:41.655,17.908
2026-01-14 16:20:41.656,17.899
2026-01-14 16:20:41.672,17.887
2026-01-14 16:20:41.687,17.884
2026-01-14 16:20:41.688,17.877
2026-01-14 16:20:41.704,17.873
2026-01-14 16:20:41.721,17.868
2026-01-14 16:20:41.737,17.868
2026-01-14 16:20:41.738,17.857
2026-01-14 16:20:41.754,17.845
2026-01-14 16:20:41.771,17.838
2026-01-14 16:20:41.788,17.832
2026-01-14 16:20:41.788,17.819
2026-01-14 16:20:41.804,17.811
2026-01-14 16:20:41.820,17.808
2026-01-14 16:20:41.821,17.799
2026-01-14 16:20:41.886,17.788
2026-01-14 16:20:41.888,17.789
2026-01-14 16:20:41.889,17.788
2026-01-14 16:20:41.889,17.782
2026-01-14 16:20:41.889,17.776
2026-01-14 16:20:41.895,17.768
2026-01-14 16:20:41.906,17.762
2026-01-14 16:20:41.920,17.754
2026-01-14 16:20:41.937,17.739
2026-01-14 16:20:41.954,17.738
2026-01-14 16:20:41.955,17.729
2026-01-14 16:20:41.970,17.719
2026-01-14 16:20:41.987,17.709
2026-01-14 16:20:42.003,17.707
2026-01-14 16:20:42.004,17.703
2026-01-14 16:20:42.020,17.696
2026-01-14 16:20:42.037,17.696
2026-01-14 16:20:42.037,17.684
2026-01-14 16:20:42.054,17.677
2026-01-14 16:20:42.078,17.677
2026-01-14 16:20:42.088,17.672
2026-01-14 16:20:42.104,17.659
2026-01-14 16:20:42.120,17.642
2026-01-14 16:20:42.121,17.629
2026-01-14 16:20:42.139,17.618
2026-01-14 16:20:42.154,17.613
2026-01-14 16:20:42.172,17.616
2026-01-14 16:20:42.172,17.603
2026-01-14 16:20:42.188,17.59
2026-01-14 16:20:42.204,17.574
2026-01-14 16:20:42.204,17.568
2026-01-14 16:20:42.221,17.554
2026-01-14 16:20:42.236,17.549
2026-01-14 16:20:42.254,17.536
2026-01-14 16:20:42.255,17.523
2026-01-14 16:20:42.270,17.512
2026-01-14 16:20:42.286,17.506
2026-01-14 16:20:42.303,17.501
2026-01-14 16:20:42.304,17.494
2026-01-14 16:20:42.321,17.495
2026-01-14 16:20:42.338,17.482
2026-01-14 16:20:42.338,17.476
2026-01-14 16:20:42.353,17.468
2026-01-14 16:20:42.370,17.466
2026-01-14 16:20:42.387,17.46
2026-01-14 16:20:42.388,17.45
2026-01-14 16:20:42.405,17.438
2026-01-14 16:20:42.422,17.432
2026-01-14 16:20:42.422,17.426
2026-01-14 16:20:42.437,17.412
2026-01-14 16:20:42.454,17.399
2026-01-14 16:20:42.471,17.387
2026-01-14 16:20:42.473,17.387
2026-01-14 16:20:42.487,17.377
2026-01-14 16:20:42.504,17.376
2026-01-14 16:20:42.505,17.362
2026-01-14 16:20:42.521,17.355
2026-01-14 16:20:42.537,17.358
2026-01-14 16:20:42.554,17.358
2026-01-14 16:20:42.555,17.361
2026-01-14 16:20:42.588,17.345
2026-01-14 16:20:42.588,17.32
2026-01-14 16:20:42.604,17.302
2026-01-14 16:20:42.620,17.29
2026-01-14 16:20:42.637,17.283
2026-01-14 16:20:42.637,17.269
2026-01-14 16:20:42.654,17.265
2026-01-14 16:20:42.670,17.253
2026-01-14 16:20:42.686,17.241
2026-01-14 16:20:42.686,17.229
2026-01-14 16:20:42.705,17.221
2026-01-14 16:20:42.721,17.217
2026-01-14 16:20:42.721,17.218
2026-01-14 16:20:42.736,17.215
2026-01-14 16:20:42.754,17.214
2026-01-14 16:20:42.771,17.208
2026-01-14 16:20:42.771,17.207
2026-01-14 16:20:42.787,17.203
2026-01-14 16:20:42.807,17.192
2026-01-14 16:20:42.808,17.196
2026-01-14 16:20:42.821,17.196
2026-01-14 16:20:42.837,17.204
2026-01-14 16:20:42.854,17.204
2026-01-14 16:20:42.854,17.199
2026-01-14 16:20:42.870,17.2
2026-01-14 16:20:42.887,17.201
2026-01-14 16:20:42.889,17.202
2026-01-14 16:20:42.904,17.196
2026-01-14 16:20:42.920,17.193
2026-01-14 16:20:42.937,17.186
2026-01-14 16:20:42.938,17.177
2026-01-14 16:20:42.953,17.175
2026-01-14 16:20:42.969,17.155
2026-01-14 16:20:42.987,17.138
2026-01-14 16:20:42.987,17.115
2026-01-14 16:20:43.003,17.092
2026-01-14 16:20:43.021,17.075
2026-01-14 16:20:43.021,17.059
2026-01-14 16:20:43.036,17.042
2026-01-14 16:20:43.053,17.029
2026-01-14 16:20:43.076,17.014
2026-01-14 16:20:43.076,16.993
2026-01-14 16:20:43.086,16.97
2026-01-14 16:20:43.105,16.959
2026-01-14 16:20:43.106,16.942
2026-01-14 16:20:43.120,16.931
2026-01-14 16:20:43.137,16.925
2026-01-14 16:20:43.155,16.915
2026-01-14 16:20:43.155,16.915
2026-01-14 16:20:43.171,16.919
2026-01-14 16:20:43.187,16.921
2026-01-14 16:20:43.188,16.929
2026-01-14 16:20:43.203,16.931
2026-01-14 16:20:43.230,16.938
2026-01-14 16:20:43.231,16.939
2026-01-14 16:20:43.245,16.936
2026-01-14 16:20:43.254,16.932
2026-01-14 16:20:43.272,16.922
2026-01-14 16:20:43.272,16.929
2026-01-14 16:20:43.287,16.916
2026-01-14 16:20:43.305,16.896
2026-01-14 16:20:43.321,16.89
2026-01-14 16:20:43.322,16.889
2026-01-14 16:20:43.337,16.887
2026-01-14 16:20:43.354,16.88
2026-01-14 16:20:43.371,16.865
2026-01-14 16:20:43.371,16.869
2026-01-14 16:20:43.387,16.847
2026-01-14 16:20:43.404,16.831
2026-01-14 16:20:43.405,16.815
2026-01-14 16:20:43.421,16.797
2026-01-14 16:20:43.437,16.791
2026-01-14 16:20:43.453,16.777
2026-01-14 16:20:43.455,16.764
2026-01-14 16:20:43.471,16.757
2026-01-14 16:20:43.486,16.741
2026-01-14 16:20:43.505,16.74
2026-01-14 16:20:43.505,16.73
2026-01-14 16:20:43.521,16.706
2026-01-14 16:20:43.537,16.685
2026-01-14 16:20:43.538,16.671
2026-01-14 16:20:43.554,16.653
2026-01-14 16:20:43.570,16.646
2026-01-14 16:20:43.587,16.64
2026-01-14 16:20:43.588,16.63
2026-01-14 16:20:43.604,16.627
2026-01-14 16:20:43.621,16.62
2026-01-14 16:20:43.621,16.618
2026-01-14 16:20:43.637,16.602
2026-01-14 16:20:43.653,16.602
2026-01-14 16:20:43.672,16.595
2026-01-14 16:20:43.672,16.588
2026-01-14 16:20:43.687,16.58
2026-01-14 16:20:43.704,16.577
2026-01-14 16:20:43.705,16.566
2026-01-14 16:20:43.721,16.549
2026-01-14 16:20:43.736,16.53
2026-01-14 16:20:43.755,16.513
2026-01-14 16:20:43.755,16.505
2026-01-14 16:20:43.771,16.504
2026-01-14 16:20:43.787,16.507
2026-01-14 16:20:43.804,16.513
2026-01-14 16:20:43.804,16.525
2026-01-14 16:20:43.821,16.531
2026-01-14 16:20:43.836,16.539
2026-01-14 16:20:43.836,16.53
2026-01-14 16:20:43.854,16.527
2026-01-14 16:20:43.871,16.516
2026-01-14 16:20:43.872,16.498
2026-01-14 16:20:43.887,16.487
2026-01-14 16:20:43.904,16.475
2026-01-14 16:20:43.921,16.464
2026-01-14 16:20:43.922,16.469
2026-01-14 16:20:43.936,16.464
2026-01-14 16:20:43.954,16.458
2026-01-14 16:20:43.970,16.447
2026-01-14 16:20:43.971,16.431
2026-01-14 16:20:43.986,16.414
2026-01-14 16:20:44.004,16.404
2026-01-14 16:20:44.020,16.391
2026-01-14 16:20:44.037,16.386
2026-01-14 16:20:44.061,16.369
2026-01-14 16:20:44.061,16.365
2026-01-14 16:20:44.070,16.351
2026-01-14 16:20:44.088,16.345
2026-01-14 16:20:44.089,16.36
2026-01-14 16:20:44.104,16.35
2026-01-14 16:20:44.121,16.343
2026-01-14 16:20:44.137,16.334
2026-01-14 16:20:44.137,16.319
2026-01-14 16:20:44.154,16.313
2026-01-14 16:20:44.171,16.303
2026-01-14 16:20:44.187,16.288
2026-01-14 16:20:44.188,16.285
2026-01-14 16:20:44.204,16.278
2026-01-14 16:20:44.220,16.275
2026-01-14 16:20:44.221,16.277
2026-01-14 16:20:44.237,16.276
2026-01-14 16:20:44.254,16.27
2026-01-14 16:20:44.272,16.26
2026-01-14 16:20:44.272,16.263
2026-01-14 16:20:44.287,16.259
2026-01-14 16:20:44.304,16.248
2026-01-14 16:20:44.304,16.247
2026-01-14 16:20:44.321,16.232
2026-01-14 16:20:44.337,16.222
2026-01-14 16:20:44.354,16.216
2026-01-14 16:20:44.354,16.205
2026-01-14 16:20:44.387,16.196
2026-01-14 16:20:44.389,16.192
2026-01-14 16:20:44.404,16.189
2026-01-14 16:20:44.420,16.178
2026-01-14 16:20:44.437,16.171
2026-01-14 16:20:44.438,16.163
2026-01-14 16:20:44.454,16.161
2026-01-14 16:20:44.471,16.148
2026-01-14 16:20:44.487,16.145
2026-01-14 16:20:44.487,16.142
2026-01-14 16:20:44.504,16.133
2026-01-14 16:20:44.519,16.137
2026-01-14 16:20:44.520,16.129
2026-01-14 16:20:44.537,16.118
2026-01-14 16:20:44.554,16.106
2026-01-14 16:20:44.594,16.1
2026-01-14 16:20:44.595,16.103
2026-01-14 16:20:44.596,16.091
2026-01-14 16:20:44.596,16.082
2026-01-14 16:20:44.606,16.071
2026-01-14 16:20:44.620,16.065
2026-01-14 16:20:44.637,16.071
2026-01-14 16:20:44.654,16.058
2026-01-14 16:20:44.655,16.048
2026-01-14 16:20:44.669,16.044
2026-01-14 16:20:44.688,16.036
2026-01-14 16:20:44.689,16.024
2026-01-14 16:20:44.704,16.004
2026-01-14 16:20:44.720,15.996
2026-01-14 16:20:44.736,15.988
2026-01-14 16:20:44.737,15.979
2026-01-14 16:20:44.754,15.97
2026-01-14 16:20:44.770,15.968
2026-01-14 16:20:44.787,15.957
2026-01-14 16:20:44.787,15.946
2026-01-14 16:20:44.804,15.94
2026-01-14 16:20:44.820,15.921
2026-01-14 16:20:44.821,15.914
2026-01-14 16:20:44.836,15.915
2026-01-14 16:20:44.854,15.905
2026-01-14 16:20:44.870,15.898
2026-01-14 16:20:44.871,15.887
2026-01-14 16:20:44.887,15.887
2026-01-14 16:20:44.905,15.88
2026-01-14 16:20:44.905,15.873
2026-01-14 16:20:44.921,15.874
2026-01-14 16:20:44.936,15.881
2026-01-14 16:20:44.954,15.868
2026-01-14 16:20:44.954,15.866
2026-01-14 16:20:44.971,15.854
2026-01-14 16:20:44.988,15.84
2026-01-14 16:20:44.989,15.835
2026-01-14 16:20:45.003,15.831
2026-01-14 16:20:45.020,15.828
2026-01-14 16:20:45.036,15.819
2026-01-14 16:20:45.036,15.814
2026-01-14 16:20:45.059,15.82
2026-01-14 16:20:45.069,15.807
2026-01-14 16:20:45.088,15.794
2026-01-14 16:20:45.088,15.784
2026-01-14 16:20:45.104,15.78
2026-01-14 16:20:45.120,15.785
2026-01-14 16:20:45.120,15.78
2026-01-14 16:20:45.157,15.775
2026-01-14 16:20:45.158,15.763
2026-01-14 16:20:45.158,15.765
2026-01-14 16:20:45.186,15.772
2026-01-14 16:20:45.186,15.76
2026-01-14 16:20:45.203,15.747
2026-01-14 16:20:45.204,15.732
2026-01-14 16:20:45.219,15.717
2026-01-14 16:20:45.236,15.71
2026-01-14 16:20:45.253,15.709
2026-01-14 16:20:45.253,15.702
2026-01-14 16:20:45.269,15.697
2026-01-14 16:20:45.287,15.694
2026-01-14 16:20:45.302,15.688
2026-01-14 16:20:45.303,15.674
2026-01-14 16:20:45.319,15.662
2026-01-14 16:20:45.338,15.655
2026-01-14 16:20:45.338,15.651
2026-01-14 16:20:45.352,15.652
2026-01-14 16:20:45.369,15.659
2026-01-14 16:20:45.386,15.647
2026-01-14 16:20:45.386,15.645
2026-01-14 16:20:45.405,15.642
2026-01-14 16:20:45.420,15.631
2026-01-14 16:20:45.421,15.618
2026-01-14 16:20:45.436,15.604
2026-01-14 16:20:45.454,15.598
2026-01-14 16:20:45.470,15.601
2026-01-14 16:20:45.471,15.595
2026-01-14 16:20:45.487,15.584
2026-01-14 16:20:45.503,15.57
2026-01-14 16:20:45.504,15.565
2026-01-14 16:20:45.519,15.548
2026-01-14 16:20:45.537,15.54
2026-01-14 16:20:45.555,15.521
2026-01-14 16:20:45.557,15.501
2026-01-14 16:20:45.570,15.483
2026-01-14 16:20:45.587,15.475
2026-01-14 16:20:45.604,15.475
2026-01-14 16:20:45.604,15.474
2026-01-14 16:20:45.620,15.471
2026-01-14 16:20:45.636,15.469
2026-01-14 16:20:45.637,15.458
2026-01-14 16:20:45.654,15.471
2026-01-14 16:20:45.670,15.463
2026-01-14 16:20:45.671,15.472
2026-01-14 16:20:45.687,15.474
2026-01-14 16:20:45.702,15.473
2026-01-14 16:20:45.721,15.459
2026-01-14 16:20:45.721,15.442
2026-01-14 16:20:45.736,15.433
2026-01-14 16:20:45.755,15.43
2026-01-14 16:20:45.770,15.429
2026-01-14 16:20:45.771,15.418
2026-01-14 16:20:45.787,15.412
2026-01-14 16:20:45.804,15.397
2026-01-14 16:20:45.805,15.39
2026-01-14 16:20:45.819,15.382
2026-01-14 16:20:45.837,15.378
2026-01-14 16:20:45.854,15.367
2026-01-14 16:20:45.854,15.364
2026-01-14 16:20:45.870,15.372
2026-01-14 16:20:45.886,15.372
2026-01-14 16:20:45.905,15.374
2026-01-14 16:20:45.905,15.373
2026-01-14 16:20:45.945,15.366
2026-01-14 16:20:45.946,15.359
2026-01-14 16:20:45.947,15.345
2026-01-14 16:20:45.957,15.339
2026-01-14 16:20:45.970,15.336
2026-01-14 16:20:45.986,15.333
2026-01-14 16:20:45.986,15.333
2026-01-14 16:20:46.004,15.332
2026-01-14 16:20:46.020,15.33
2026-01-14 16:20:46.020,15.327
2026-01-14 16:20:46.036,15.322
2026-01-14 16:20:46.054,15.311
2026-01-14 16:20:46.076,15.301
2026-01-14 16:20:46.076,15.302
2026-01-14 16:20:46.087,15.286
2026-01-14 16:20:46.104,15.282
2026-01-14 16:20:46.104,15.28
2026-01-14 16:20:46.120,15.274
2026-01-14 16:20:46.136,15.274
2026-01-14 16:20:46.154,15.262
2026-01-14 16:20:46.155,15.249
2026-01-14 16:20:46.169,15.234
2026-01-14 16:20:46.186,15.222
2026-01-14 16:20:46.203,15.23
2026-01-14 16:20:46.203,15.221
2026-01-14 16:20:46.220,15.21
2026-01-14 16:20:46.237,15.203
2026-01-14 16:20:46.237,15.193
2026-01-14 16:20:46.254,15.199
2026-01-14 16:20:46.270,15.19
2026-01-14 16:20:46.287,15.192
2026-01-14 16:20:46.287,15.191
2026-01-14 16:20:46.304,15.195
2026-01-14 16:20:46.320,15.191
2026-01-14 16:20:46.320,15.183
2026-01-14 16:20:46.336,15.179
2026-01-14 16:20:46.354,15.169
2026-01-14 16:20:46.371,15.16
2026-01-14 16:20:46.371,15.149
2026-01-14 16:20:46.386,15.141
2026-01-14 16:20:46.404,15.139
2026-01-14 16:20:46.404,15.139
2026-01-14 16:20:46.420,15.135
2026-01-14 16:20:46.436,15.127
2026-01-14 16:20:46.454,15.118
2026-01-14 16:20:46.455,15.111
2026-01-14 16:20:46.470,15.104
2026-01-14 16:20:46.487,15.09
2026-01-14 16:20:46.503,15.082
2026-01-14 16:20:46.503,15.08
2026-01-14 16:20:46.519,15.073
2026-01-14 16:20:46.536,15.072
2026-01-14 16:20:46.537,15.075
2026-01-14 16:20:46.553,15.082
2026-01-14 16:20:46.571,15.078
2026-01-14 16:20:46.572,15.067
2026-01-14 16:20:46.587,15.059
2026-01-14 16:20:46.604,15.049
2026-01-14 16:20:46.620,15.068
2026-01-14 16:20:46.620,15.05
2026-01-14 16:20:46.636,15.038
2026-01-14 16:20:46.654,15.03
2026-01-14 16:20:46.670,15.025
2026-01-14 16:20:46.670,15.043
2026-01-14 16:20:46.687,15.036
2026-01-14 16:20:46.704,15.029
2026-01-14 16:20:46.705,15.019
2026-01-14 16:20:46.720,15.012
2026-01-14 16:20:46.736,15.014
2026-01-14 16:20:46.754,15.004
2026-01-14 16:20:46.754,14.999
2026-01-14 16:20:46.770,15.001
2026-01-14 16:20:46.787,14.991
2026-01-14 16:20:46.803,14.991
2026-01-14 16:20:46.803,14.989
2026-01-14 16:20:46.820,14.981
2026-01-14 16:20:46.837,14.981
2026-01-14 16:20:46.837,14.981
2026-01-14 16:20:46.854,14.977
2026-01-14 16:20:46.870,14.967
2026-01-14 16:20:46.886,14.965
2026-01-14 16:20:46.886,14.961
2026-01-14 16:20:46.903,14.95
2026-01-14 16:20:46.908,14.951
2026-01-14 16:20:46.920,14.952
2026-01-14 16:20:46.937,14.937
2026-01-14 16:20:46.954,14.939
2026-01-14 16:20:46.970,14.934
2026-01-14 16:20:46.970,14.926
2026-01-14 16:20:46.986,14.926
2026-01-14 16:20:47.003,14.928
2026-01-14 16:20:47.004,14.933
2026-01-14 16:20:47.020,14.933
2026-01-14 16:20:47.037,14.935
2026-01-14 16:20:47.053,14.93
2026-01-14 16:20:47.053,14.929
2026-01-14 16:20:47.070,14.925
2026-01-14 16:20:47.095,14.926
2026-01-14 16:20:47.095,14.926
2026-01-14 16:20:47.102,14.928
2026-01-14 16:20:47.137,14.922
2026-01-14 16:20:47.137,14.914
2026-01-14 16:20:47.154,14.913
2026-01-14 16:20:47.169,14.913
2026-01-14 16:20:47.187,14.914
2026-01-14 16:20:47.203,14.913
2026-01-14 16:20:47.220,14.908
2026-01-14 16:20:47.221,14.905
2026-01-14 16:20:47.254,14.895
2026-01-14 16:20:47.270,14.892
2026-01-14 16:20:47.270,14.883
2026-01-14 16:20:47.312,14.881
2026-01-14 16:20:47.313,14.882
2026-01-14 16:20:47.313,14.874
2026-01-14 16:20:47.321,14.861
2026-01-14 16:20:47.337,14.866
2026-01-14 16:20:47.352,14.863
2026-01-14 16:20:47.353,14.866
2026-01-14 16:20:47.369,14.86
2026-01-14 16:20:47.387,14.863
2026-01-14 16:20:47.388,14.869
2026-01-14 16:20:47.403,14.868
2026-01-14 16:20:47.420,14.862
2026-01-14 16:20:47.437,14.867
2026-01-14 16:20:47.437,14.867
2026-01-14 16:20:47.452,14.868
2026-01-14 16:20:47.469,14.866
2026-01-14 16:20:47.484,14.861
2026-01-14 16:20:47.485,14.863
2026-01-14 16:20:47.502,14.854
2026-01-14 16:20:47.518,14.85
2026-01-14 16:20:47.536,14.848
2026-01-14 16:20:47.536,14.843
2026-01-14 16:20:47.553,14.839
2026-01-14 16:20:47.569,14.838
2026-01-14 16:20:47.569,14.836
2026-01-14 16:20:47.585,14.833
2026-01-14 16:20:47.603,14.827
2026-01-14 16:20:47.619,14.823
2026-01-14 16:20:47.620,14.822
2026-01-14 16:20:47.636,14.81
2026-01-14 16:20:47.653,14.811
2026-01-14 16:20:47.653,14.812
2026-01-14 16:20:47.669,14.811
2026-01-14 16:20:47.686,14.806
2026-01-14 16:20:47.703,14.801
2026-01-14 16:20:47.703,14.794
2026-01-14 16:20:47.719,14.787
2026-01-14 16:20:47.735,14.781
2026-01-14 16:20:47.735,14.771
2026-01-14 16:20:47.753,14.766
2026-01-14 16:20:47.769,14.762
2026-01-14 16:20:47.787,14.76
2026-01-14 16:20:47.787,14.764
2026-01-14 16:20:47.803,14.759
2026-01-14 16:20:47.819,14.763
2026-01-14 16:20:47.836,14.762
2026-01-14 16:20:47.837,14.758
2026-01-14 16:20:47.852,14.764
2026-01-14 16:20:47.869,14.757
2026-01-14 16:20:47.869,14.754
2026-01-14 16:20:47.885,14.75
2026-01-14 16:20:47.902,14.752
2026-01-14 16:20:47.919,14.747
2026-01-14 16:20:47.920,14.746
2026-01-14 16:20:47.936,14.748
2026-01-14 16:20:47.953,14.747
2026-01-14 16:20:47.954,14.735
2026-01-14 16:20:47.970,14.728
2026-01-14 16:20:47.985,14.716
2026-01-14 16:20:48.002,14.705
2026-01-14 16:20:48.003,14.705
2026-01-14 16:20:48.019,14.703
2026-01-14 16:20:48.037,14.7
2026-01-14 16:20:48.037,14.709
2026-01-14 16:20:48.053,14.702
2026-01-14 16:20:48.069,14.7
2026-01-14 16:20:48.094,14.7
2026-01-14 16:20:48.094,14.703
2026-01-14 16:20:48.103,14.704
2026-01-14 16:20:48.119,14.704
2026-01-14 16:20:48.120,14.7
2026-01-14 16:20:48.136,14.694
2026-01-14 16:20:48.153,14.692
2026-01-14 16:20:48.170,14.695
2026-01-14 16:20:48.170,14.692
2026-01-14 16:20:48.185,14.69
2026-01-14 16:20:48.203,14.689
2026-01-14 16:20:48.204,14.682
2026-01-14 16:20:48.221,14.676
2026-01-14 16:20:48.237,14.665
2026-01-14 16:20:48.255,14.657
2026-01-14 16:20:48.257,14.66
2026-01-14 16:20:48.268,14.664
2026-01-14 16:20:48.287,14.671
2026-01-14 16:20:48.303,14.67
2026-01-14 16:20:48.303,14.668
2026-01-14 16:20:48.320,14.664
2026-01-14 16:20:48.336,14.655
2026-01-14 16:20:48.336,14.648
2026-01-14 16:20:48.353,14.643
2026-01-14 16:20:48.371,14.638
2026-01-14 16:20:48.387,14.636
2026-01-14 16:20:48.387,14.636
2026-01-14 16:20:48.403,14.636
2026-01-14 16:20:48.420,14.64
2026-01-14 16:20:48.420,14.64
2026-01-14 16:20:48.435,14.644
2026-01-14 16:20:48.454,14.642
2026-01-14 16:20:48.469,14.639
2026-01-14 16:20:48.470,14.639
2026-01-14 16:20:48.486,14.636
2026-01-14 16:20:48.502,14.632
2026-01-14 16:20:48.519,14.631
2026-01-14 16:20:48.519,14.629
2026-01-14 16:20:48.536,14.625
2026-01-14 16:20:48.552,14.626
2026-01-14 16:20:48.553,14.619
2026-01-14 16:20:48.569,14.617
2026-01-14 16:20:48.585,14.615
2026-01-14 16:20:48.603,14.611
2026-01-14 16:20:48.603,14.609
2026-01-14 16:20:48.619,14.606
2026-01-14 16:20:48.635,14.599
2026-01-14 16:20:48.636,14.593
2026-01-14 16:20:48.652,14.588
2026-01-14 16:20:48.699,14.582
2026-01-14 16:20:48.702,14.575
2026-01-14 16:20:48.702,14.58
2026-01-14 16:20:48.702,14.583
2026-01-14 16:20:48.712,14.57
2026-01-14 16:20:48.720,14.562
2026-01-14 16:20:48.735,14.555
2026-01-14 16:20:48.753,14.558
2026-01-14 16:20:48.770,14.575
2026-01-14 16:20:48.770,14.571
2026-01-14 16:20:48.787,14.571
2026-01-14 16:20:48.802,14.564
2026-01-14 16:20:48.819,14.562
2026-01-14 16:20:48.820,14.551
2026-01-14 16:20:48.836,14.529
2026-01-14 16:20:48.853,14.511
2026-01-14 16:20:48.869,14.487
2026-01-14 16:20:48.886,14.487
2026-01-14 16:20:48.904,14.472
2026-01-14 16:20:48.904,14.467
2026-01-14 16:20:48.920,14.461
2026-01-14 16:20:48.935,14.454
2026-01-14 16:20:48.936,14.459
2026-01-14 16:20:48.953,14.454
2026-01-14 16:20:48.970,14.461
2026-01-14 16:20:48.987,14.455
2026-01-14 16:20:48.988,14.455
2026-01-14 16:20:49.003,14.462
2026-01-14 16:20:49.019,14.465
2026-01-14 16:20:49.035,14.464
2026-01-14 16:20:49.036,14.456
2026-01-14 16:20:49.051,14.453
2026-01-14 16:20:49.069,14.448
2026-01-14 16:20:49.069,14.446
2026-01-14 16:20:49.092,14.448
2026-01-14 16:20:49.092,14.443
2026-01-14 16:20:49.119,14.433
2026-01-14 16:20:49.120,14.429
2026-01-14 16:20:49.137,14.414
2026-01-14 16:20:49.153,14.403
2026-01-14 16:20:49.153,14.398
2026-01-14 16:20:49.169,14.4
2026-01-14 16:20:49.185,14.405
2026-01-14 16:20:49.204,14.401
2026-01-14 16:20:49.204,14.398
2026-01-14 16:20:49.220,14.393
2026-01-14 16:20:49.236,14.404
2026-01-14 16:20:49.236,14.411
2026-01-14 16:20:49.253,14.412
2026-01-14 16:20:49.270,14.416
2026-01-14 16:20:49.286,14.414
2026-01-14 16:20:49.286,14.414
2026-01-14 16:20:49.303,14.409
2026-01-14 16:20:49.320,14.405
2026-01-14 16:20:49.321,14.409
2026-01-14 16:20:49.336,14.417
2026-01-14 16:20:49.353,14.415
2026-01-14 16:20:49.370,14.406
2026-01-14 16:20:49.370,14.409
2026-01-14 16:20:49.387,14.427
2026-01-14 16:20:49.403,14.428
2026-01-14 16:20:49.420,14.439
2026-01-14 16:20:49.421,14.51
2026-01-14 16:20:49.436,14.564
2026-01-14 16:20:49.454,14.599
2026-01-14 16:20:49.454,14.667
2026-01-14 16:20:49.470,14.733
2026-01-14 16:20:49.486,14.724
2026-01-14 16:20:49.503,14.741
2026-01-14 16:20:49.504,14.748
2026-01-14 16:20:49.519,14.766
2026-01-14 16:20:49.537,14.776
2026-01-14 16:20:49.537,14.762
2026-01-14 16:20:49.552,14.73
2026-01-14 16:20:49.569,14.76
2026-01-14 16:20:49.586,14.781
2026-01-14 16:20:49.586,14.749
2026-01-14 16:20:49.603,14.716
2026-01-14 16:20:49.622,14.697
2026-01-14 16:20:49.622,14.743
2026-01-14 16:20:49.635,14.748
2026-01-14 16:20:49.653,14.791
2026-01-14 16:20:49.668,14.809
2026-01-14 16:20:49.669,14.742
2026-01-14 16:20:49.685,14.736
2026-01-14 16:20:49.701,14.761
2026-01-14 16:20:49.718,14.784
2026-01-14 16:20:49.718,14.812
2026-01-14 16:20:49.734,14.836
2026-01-14 16:20:49.752,14.853
2026-01-14 16:20:49.753,14.869
2026-01-14 16:20:49.769,14.88
2026-01-14 16:20:49.785,14.847
2026-01-14 16:20:49.802,14.863
2026-01-14 16:20:49.803,14.881
2026-01-14 16:20:49.819,14.895
2026-01-14 16:20:49.835,14.908
2026-01-14 16:20:49.836,14.868
2026-01-14 16:20:49.852,14.876
2026-01-14 16:20:49.868,14.826
2026-01-14 16:20:49.886,14.846
2026-01-14 16:20:49.886,14.817
2026-01-14 16:20:49.903,14.831
2026-01-14 16:20:49.920,14.798
2026-01-14 16:20:49.920,14.765
2026-01-14 16:20:49.935,14.783
2026-01-14 16:20:49.954,14.795
2026-01-14 16:20:49.970,14.805
2026-01-14 16:20:49.970,14.811
2026-01-14 16:20:49.986,14.814
2026-01-14 16:20:50.002,14.816
2026-01-14 16:20:50.044,14.824
2026-01-14 16:20:50.044,14.834
2026-01-14 16:20:50.045,14.849
2026-01-14 16:20:50.045,14.851
2026-01-14 16:20:50.054,14.857
2026-01-14 16:20:50.070,14.872
2026-01-14 16:20:50.085,14.878
2026-01-14 16:20:50.109,14.888
2026-01-14 16:20:50.110,14.881
2026-01-14 16:20:50.118,14.892
2026-01-14 16:20:50.136,14.91
2026-01-14 16:20:50.137,14.926
2026-01-14 16:20:50.155,14.951
2026-01-14 16:20:50.170,14.975
2026-01-14 16:20:50.186,15.001
2026-01-14 16:20:50.186,15.039
2026-01-14 16:20:50.203,15.099
2026-01-14 16:20:50.220,15.029
2026-01-14 16:20:50.221,14.981
2026-01-14 16:20:50.237,14.945
2026-01-14 16:20:50.253,14.917
2026-01-14 16:20:50.271,14.896
2026-01-14 16:20:50.271,14.877
2026-01-14 16:20:50.286,14.859
2026-01-14 16:20:50.302,14.846
2026-01-14 16:20:50.319,14.834
2026-01-14 16:20:50.319,14.825
2026-01-14 16:20:50.336,14.828
2026-01-14 16:20:50.353,14.829
2026-01-14 16:20:50.354,14.835
2026-01-14 16:20:50.370,14.841
2026-01-14 16:20:50.386,14.841
2026-01-14 16:20:50.402,14.852
2026-01-14 16:20:50.402,14.864
2026-01-14 16:20:50.419,14.875
2026-01-14 16:20:50.435,14.899
2026-01-14 16:20:50.452,14.871
2026-01-14 16:20:50.452,14.825
2026-01-14 16:20:50.468,14.793
2026-01-14 16:20:50.485,14.763
2026-01-14 16:20:50.485,14.728
2026-01-14 16:20:50.501,14.705
2026-01-14 16:20:50.518,14.682
2026-01-14 16:20:50.535,14.66
2026-01-14 16:20:50.535,14.639
2026-01-14 16:20:50.552,14.627
2026-01-14 16:20:50.569,14.611
2026-01-14 16:20:50.570,14.607
2026-01-14 16:20:50.586,14.594
2026-01-14 16:20:50.603,14.578
2026-01-14 16:20:50.618,14.566
2026-01-14 16:20:50.618,14.545
2026-01-14 16:20:50.635,14.545
2026-01-14 16:20:50.651,14.522
2026-01-14 16:20:50.652,14.51
2026-01-14 16:20:50.669,14.482
2026-01-14 16:20:50.686,14.469
2026-01-14 16:20:50.702,14.474
2026-01-14 16:20:50.703,14.454
2026-01-14 16:20:50.720,14.437
2026-01-14 16:20:50.735,14.432
2026-01-14 16:20:50.736,14.419
2026-01-14 16:20:50.752,14.403
2026-01-14 16:20:50.770,14.376
2026-01-14 16:20:50.786,14.341
2026-01-14 16:20:50.786,14.309
2026-01-14 16:20:50.803,14.276
2026-01-14 16:20:50.820,14.227
2026-01-14 16:20:50.821,14.194
2026-01-14 16:20:50.836,14.161
2026-01-14 16:20:50.852,14.133
2026-01-14 16:20:50.869,14.109
2026-01-14 16:20:50.869,14.089
2026-01-14 16:20:50.885,14.067
2026-01-14 16:20:50.903,14.045
2026-01-14 16:20:50.919,14.018
2026-01-14 16:20:50.920,13.988
2026-01-14 16:20:50.935,13.961
2026-01-14 16:20:50.952,13.942
2026-01-14 16:20:50.953,13.908
2026-01-14 16:20:50.968,13.888
2026-01-14 16:20:50.984,13.864
2026-01-14 16:20:51.001,13.853
2026-01-14 16:20:51.001,13.842
2026-01-14 16:20:51.018,13.87
2026-01-14 16:20:51.036,13.917
2026-01-14 16:20:51.036,13.939
2026-01-14 16:20:51.054,13.967
2026-01-14 16:20:51.069,13.979
2026-01-14 16:20:51.093,13.972
2026-01-14 16:20:51.093,13.962
2026-01-14 16:20:51.102,13.964
2026-01-14 16:20:51.119,13.971
2026-01-14 16:20:51.120,13.964
2026-01-14 16:20:51.135,13.97
2026-01-14 16:20:51.152,13.935
2026-01-14 16:20:51.169,13.921
2026-01-14 16:20:51.169,13.929
2026-01-14 16:20:51.186,13.899
2026-01-14 16:20:51.203,13.878
2026-01-14 16:20:51.204,13.848
2026-01-14 16:20:51.219,13.824
2026-01-14 16:20:51.237,13.82
2026-01-14 16:20:51.253,13.796
2026-01-14 16:20:51.253,13.774
2026-01-14 16:20:51.269,13.762
2026-01-14 16:20:51.285,13.74
2026-01-14 16:20:51.302,13.733
2026-01-14 16:20:51.303,13.708
2026-01-14 16:20:51.320,13.683
2026-01-14 16:20:51.336,13.662
2026-01-14 16:20:51.336,13.642
2026-01-14 16:20:51.353,13.609
2026-01-14 16:20:51.369,13.584
2026-01-14 16:20:51.412,13.574
2026-01-14 16:20:51.413,13.553
2026-01-14 16:20:51.413,13.548
2026-01-14 16:20:51.414,13.542
2026-01-14 16:20:51.423,13.537
2026-01-14 16:20:51.436,13.521
2026-01-14 16:20:51.453,13.513
2026-01-14 16:20:51.469,13.508
2026-01-14 16:20:51.470,13.498
2026-01-14 16:20:51.485,13.478
2026-01-14 16:20:51.503,13.473
2026-01-14 16:20:51.504,13.459
2026-01-14 16:20:51.519,13.444
2026-01-14 16:20:51.535,13.431
2026-01-14 16:20:51.553,13.409
2026-01-14 16:20:51.553,13.388
2026-01-14 16:20:51.570,13.367
2026-01-14 16:20:51.585,13.353
2026-01-14 16:20:51.602,13.348
2026-01-14 16:20:51.602,13.324
2026-01-14 16:20:51.621,13.307
2026-01-14 16:20:51.635,13.294
2026-01-14 16:20:51.654,13.277
2026-01-14 16:20:51.655,13.276
2026-01-14 16:20:51.669,13.256
2026-01-14 16:20:51.685,13.241
2026-01-14 16:20:51.686,13.227
2026-01-14 16:20:51.702,13.216
2026-01-14 16:20:51.719,13.199
2026-01-14 16:20:51.720,13.181
2026-01-14 16:20:51.736,13.171
2026-01-14 16:20:51.753,13.159
2026-01-14 16:20:51.768,13.145
2026-01-14 16:20:51.769,13.156
2026-01-14 16:20:51.785,13.14
2026-01-14 16:20:51.802,13.114
2026-01-14 16:20:51.819,13.102
2026-01-14 16:20:51.820,13.093
2026-01-14 16:20:51.836,13.089
2026-01-14 16:20:51.852,13.087
2026-01-14 16:20:51.852,13.091
2026-01-14 16:20:51.868,13.097
2026-01-14 16:20:51.887,13.102
2026-01-14 16:20:51.903,13.104
2026-01-14 16:20:51.903,13.103
2026-01-14 16:20:51.919,13.097
2026-01-14 16:20:51.934,13.089
2026-01-14 16:20:51.951,13.073
2026-01-14 16:20:51.951,13.067
2026-01-14 16:20:51.967,13.051
2026-01-14 16:20:51.985,13.042
2026-01-14 16:20:51.985,13.033
2026-01-14 16:20:52.002,13.022
2026-01-14 16:20:52.019,12.993
2026-01-14 16:20:52.035,12.975
2026-01-14 16:20:52.036,12.96
2026-01-14 16:20:52.052,12.941
2026-01-14 16:20:52.069,12.912
2026-01-14 16:20:52.070,12.884
2026-01-14 16:20:52.085,12.849
2026-01-14 16:20:52.101,12.818
2026-01-14 16:20:52.126,12.788
2026-01-14 16:20:52.126,12.763
2026-01-14 16:20:52.134,12.745
2026-01-14 16:20:52.152,12.716
2026-01-14 16:20:52.153,12.695
2026-01-14 16:20:52.168,12.67
2026-01-14 16:20:52.185,12.649
2026-01-14 16:20:52.202,12.645
2026-01-14 16:20:52.203,12.626
2026-01-14 16:20:52.219,12.597
2026-01-14 16:20:52.235,12.575
2026-01-14 16:20:52.253,12.556
2026-01-14 16:20:52.269,12.546
2026-01-14 16:20:52.286,12.53
2026-01-14 16:20:52.286,12.516
2026-01-14 16:20:52.302,12.5
2026-01-14 16:20:52.319,12.505
2026-01-14 16:20:52.320,12.489
2026-01-14 16:20:52.335,12.478
2026-01-14 16:20:52.353,12.462
2026-01-14 16:20:52.368,12.448
2026-01-14 16:20:52.370,12.455
2026-01-14 16:20:52.385,12.444
2026-01-14 16:20:52.402,12.436
2026-01-14 16:20:52.419,12.417
2026-01-14 16:20:52.419,12.399
2026-01-14 16:20:52.435,12.393
2026-01-14 16:20:52.454,12.376
2026-01-14 16:20:52.454,12.355
2026-01-14 16:20:52.469,12.343
2026-01-14 16:20:52.485,12.325
2026-01-14 16:20:52.502,12.305
2026-01-14 16:20:52.503,12.279
2026-01-14 16:20:52.519,12.261
2026-01-14 16:20:52.536,12.236
2026-01-14 16:20:52.537,12.223
2026-01-14 16:20:52.552,12.199
2026-01-14 16:20:52.568,12.186
2026-01-14 16:20:52.585,12.161
2026-01-14 16:20:52.586,12.147
2026-01-14 16:20:52.602,12.124
2026-01-14 16:20:52.618,12.104
2026-01-14 16:20:52.619,12.088
2026-01-14 16:20:52.634,12.072
2026-01-14 16:20:52.653,12.057
2026-01-14 16:20:52.669,12.034
2026-01-14 16:20:52.685,12.014
2026-01-14 16:20:52.703,11.996
2026-01-14 16:20:52.719,11.983
2026-01-14 16:20:52.719,11.967
2026-01-14 16:20:52.735,11.955
2026-01-14 16:20:52.763,11.944
2026-01-14 16:20:52.764,11.926
2026-01-14 16:20:52.765,11.907
2026-01-14 16:20:52.788,11.887
2026-01-14 16:20:52.800,11.867
2026-01-14 16:20:52.819,11.841
2026-01-14 16:20:52.835,11.832
2026-01-14 16:20:52.836,11.824
2026-01-14 16:20:52.852,11.826
2026-01-14 16:20:52.870,11.82
2026-01-14 16:20:52.886,11.816
2026-01-14 16:20:52.886,11.803
2026-01-14 16:20:52.902,11.794
2026-01-14 16:20:52.919,11.781
2026-01-14 16:20:52.920,11.777
2026-01-14 16:20:52.935,11.774
2026-01-14 16:20:52.952,11.768
2026-01-14 16:20:52.970,11.771
2026-01-14 16:20:52.970,11.763
2026-01-14 16:20:52.986,11.758
2026-01-14 16:20:53.003,11.744
2026-01-14 16:20:53.004,11.737
2026-01-14 16:20:53.019,11.73
2026-01-14 16:20:53.036,11.726
2026-01-14 16:20:53.052,11.712
2026-01-14 16:20:53.053,11.679
2026-01-14 16:20:53.069,11.666
2026-01-14 16:20:53.086,11.659
2026-01-14 16:20:53.102,11.632
2026-01-14 16:20:53.103,11.608
2026-01-14 16:20:53.127,11.583
2026-01-14 16:20:53.127,11.557
2026-01-14 16:20:53.140,11.532
2026-01-14 16:20:53.151,11.505
2026-01-14 16:20:53.168,11.489
2026-01-14 16:20:53.186,11.468
2026-01-14 16:20:53.187,11.445
2026-01-14 16:20:53.202,11.431
2026-01-14 16:20:53.219,11.413
2026-01-14 16:20:53.220,11.396
2026-01-14 16:20:53.235,11.384
2026-01-14 16:20:53.252,11.364
2026-01-14 16:20:53.269,11.364
2026-01-14 16:20:53.270,11.359
2026-01-14 16:20:53.286,11.357
2026-01-14 16:20:53.303,11.344
2026-01-14 16:20:53.304,11.333
2026-01-14 16:20:53.336,11.331
2026-01-14 16:20:53.353,11.326
2026-01-14 16:20:53.353,11.322
2026-01-14 16:20:53.369,11.308
2026-01-14 16:20:53.402,11.284
2026-01-14 16:20:53.419,11.274
2026-01-14 16:20:53.436,11.249
2026-01-14 16:20:53.437,11.222
2026-01-14 16:20:53.452,11.205
2026-01-14 16:20:53.469,11.183
2026-01-14 16:20:53.485,11.171
2026-01-14 16:20:53.486,11.153
2026-01-14 16:20:53.502,11.136
2026-01-14 16:20:53.520,11.113
2026-01-14 16:20:53.521,11.101
2026-01-14 16:20:53.536,11.095
2026-01-14 16:20:53.552,11.077
2026-01-14 16:20:53.569,11.067
2026-01-14 16:20:53.570,11.05
2026-01-14 16:20:53.585,11.044
2026-01-14 16:20:53.602,11.042
2026-01-14 16:20:53.619,11.032
2026-01-14 16:20:53.619,11.015
2026-01-14 16:20:53.636,11.006
2026-01-14 16:20:53.653,10.993
2026-01-14 16:20:53.654,10.976
2026-01-14 16:20:53.669,10.956
2026-01-14 16:20:53.686,10.94
2026-01-14 16:20:53.703,10.925
2026-01-14 16:20:53.703,10.9
2026-01-14 16:20:53.718,10.878
2026-01-14 16:20:53.736,10.868
2026-01-14 16:20:53.737,10.841
2026-01-14 16:20:53.752,10.812
2026-01-14 16:20:53.768,10.796
2026-01-14 16:20:53.786,10.781
2026-01-14 16:20:53.786,10.776
2026-01-14 16:20:53.802,10.747
2026-01-14 16:20:53.819,10.737
2026-01-14 16:20:53.820,10.72
2026-01-14 16:20:53.835,10.696
2026-01-14 16:20:53.853,10.691
2026-01-14 16:20:53.869,10.676
2026-01-14 16:20:53.869,10.659
2026-01-14 16:20:53.884,10.645
2026-01-14 16:20:53.903,10.621
2026-01-14 16:20:53.919,10.594
2026-01-14 16:20:53.920,10.582
2026-01-14 16:20:53.936,10.586
2026-01-14 16:20:53.952,10.568
2026-01-14 16:20:53.953,10.558
2026-01-14 16:20:53.968,10.553
2026-01-14 16:20:53.985,10.54
2026-01-14 16:20:54.002,10.529
2026-01-14 16:20:54.003,10.515
2026-01-14 16:20:54.020,10.499
2026-01-14 16:20:54.036,10.482
2026-01-14 16:20:54.052,10.48
2026-01-14 16:20:54.069,10.461
2026-01-14 16:20:54.085,10.439
2026-01-14 16:20:54.085,10.419
2026-01-14 16:20:54.102,10.403
2026-01-14 16:20:54.130,10.379
2026-01-14 16:20:54.131,10.355
2026-01-14 16:20:54.144,10.317
2026-01-14 16:20:54.145,10.271
2026-01-14 16:20:54.167,10.244
2026-01-14 16:20:54.168,10.203
2026-01-14 16:20:54.185,10.165
2026-01-14 16:20:54.201,10.131
2026-01-14 16:20:54.218,10.094
2026-01-14 16:20:54.218,10.07
2026-01-14 16:20:54.234,10.039
2026-01-14 16:20:54.252,10.011
2026-01-14 16:20:54.253,9.99
2026-01-14 16:20:54.268,9.975
2026-01-14 16:20:54.284,9.965
2026-01-14 16:20:54.300,9.942
2026-01-14 16:20:54.300,9.925
2026-01-14 16:20:54.318,9.916
2026-01-14 16:20:54.335,9.911
2026-01-14 16:20:54.336,9.918
2026-01-14 16:20:54.351,9.917
2026-01-14 16:20:54.368,9.91
2026-01-14 16:20:54.386,9.904
2026-01-14 16:20:54.386,9.888
2026-01-14 16:20:54.402,9.88
2026-01-14 16:20:54.420,9.886
2026-01-14 16:20:54.420,9.873
2026-01-14 16:20:54.435,9.855
2026-01-14 16:20:54.452,9.839
2026-01-14 16:20:54.468,9.818
2026-01-14 16:20:54.485,9.807
2026-01-14 16:20:54.502,9.797
2026-01-14 16:20:54.519,9.787
2026-01-14 16:20:54.535,9.778
2026-01-14 16:20:54.552,9.759
2026-01-14 16:20:54.552,9.745
2026-01-14 16:20:54.569,9.728
2026-01-14 16:20:54.601,9.714
2026-01-14 16:20:54.601,9.695
2026-01-14 16:20:54.619,9.672
2026-01-14 16:20:54.635,9.646
2026-01-14 16:20:54.636,9.622
2026-01-14 16:20:54.652,9.604
2026-01-14 16:20:54.669,9.578
2026-01-14 16:20:54.685,9.556
2026-01-14 16:20:54.686,9.53
2026-01-14 16:20:54.703,9.501
2026-01-14 16:20:54.718,9.468
2026-01-14 16:20:54.736,9.441
2026-01-14 16:20:54.736,9.414
2026-01-14 16:20:54.752,9.389
2026-01-14 16:20:54.770,9.364
2026-01-14 16:20:54.770,9.345
2026-01-14 16:20:54.785,9.336
2026-01-14 16:20:54.801,9.323
2026-01-14 16:20:54.818,9.315
2026-01-14 16:20:54.819,9.308
2026-01-14 16:20:54.835,9.307
2026-01-14 16:20:54.853,9.296
2026-01-14 16:20:54.853,9.284
2026-01-14 16:20:54.868,9.273
2026-01-14 16:20:54.886,9.257
2026-01-14 16:20:54.902,9.243
2026-01-14 16:20:54.902,9.229
2026-01-14 16:20:54.919,9.215
2026-01-14 16:20:54.935,9.199
2026-01-14 16:20:54.952,9.178
2026-01-14 16:20:54.953,9.169
2026-01-14 16:20:54.969,9.145
2026-01-14 16:20:54.986,9.122
2026-01-14 16:20:54.987,9.102
2026-01-14 16:20:55.020,9.076
2026-01-14 16:20:55.022,9.055
2026-01-14 16:20:55.036,9.039
2026-01-14 16:20:55.051,9.015
2026-01-14 16:20:55.069,9.004
2026-01-14 16:20:55.084,8.975
2026-01-14 16:20:55.110,8.952
2026-01-14 16:20:55.111,8.934
2026-01-14 16:20:55.135,8.916
2026-01-14 16:20:55.153,8.904
2026-01-14 16:20:55.153,8.875
2026-01-14 16:20:55.169,8.86
2026-01-14 16:20:55.185,8.84
2026-01-14 16:20:55.203,8.828
2026-01-14 16:20:55.204,8.806
2026-01-14 16:20:55.235,8.79
2026-01-14 16:20:55.235,8.762
2026-01-14 16:20:55.253,8.737
2026-01-14 16:20:55.269,8.715
2026-01-14 16:20:55.285,8.692
2026-01-14 16:20:55.285,8.66
2026-01-14 16:20:55.302,8.636
2026-01-14 16:20:55.319,8.612
2026-01-14 16:20:55.335,8.585
2026-01-14 16:20:55.336,8.566
2026-01-14 16:20:55.352,8.548
2026-01-14 16:20:55.369,8.541
2026-01-14 16:20:55.370,8.539
2026-01-14 16:20:55.385,8.534
2026-01-14 16:20:55.403,8.53
2026-01-14 16:20:55.403,8.524
2026-01-14 16:20:55.419,8.516
2026-01-14 16:20:55.435,8.511
2026-01-14 16:20:55.453,8.508
2026-01-14 16:20:55.453,8.493
2026-01-14 16:20:55.514,8.475
2026-01-14 16:20:55.516,8.468
2026-01-14 16:20:55.517,8.468
2026-01-14 16:20:55.517,8.45
2026-01-14 16:20:55.517,8.44
2026-01-14 16:20:55.526,8.43
2026-01-14 16:20:55.552,8.416
2026-01-14 16:20:55.569,8.407
2026-01-14 16:20:55.586,8.382
2026-01-14 16:20:55.586,8.368
2026-01-14 16:20:55.618,8.352
2026-01-14 16:20:55.636,8.326
2026-01-14 16:20:55.637,8.303
2026-01-14 16:20:55.652,8.275
2026-01-14 16:20:55.669,8.253
2026-01-14 16:20:55.670,8.239
2026-01-14 16:20:55.684,8.221
2026-01-14 16:20:55.702,8.199
2026-01-14 16:20:55.719,8.177
2026-01-14 16:20:55.719,8.16
2026-01-14 16:20:55.735,8.162
2026-01-14 16:20:55.753,8.146
2026-01-14 16:20:55.753,8.131
2026-01-14 16:20:55.769,8.111
2026-01-14 16:20:55.784,8.095
2026-01-14 16:20:55.802,8.076
2026-01-14 16:20:55.802,8.06
2026-01-14 16:20:55.820,8.06
2026-01-14 16:20:55.836,8.041
2026-01-14 16:20:55.837,8.026
2026-01-14 16:20:55.851,8.019
2026-01-14 16:20:55.869,8.003
2026-01-14 16:20:55.884,7.986
2026-01-14 16:20:55.885,7.977
2026-01-14 16:20:55.901,7.964
2026-01-14 16:20:55.919,7.943
2026-01-14 16:20:55.934,7.926
2026-01-14 16:20:55.935,7.91
2026-01-14 16:20:55.951,7.894
2026-01-14 16:20:55.969,7.881
2026-01-14 16:20:55.969,7.858
2026-01-14 16:20:55.985,7.846
2026-01-14 16:20:56.002,7.827
2026-01-14 16:20:56.018,7.807
2026-01-14 16:20:56.018,7.793
2026-01-14 16:20:56.034,7.786
2026-01-14 16:20:56.052,7.76
2026-01-14 16:20:56.053,7.741
2026-01-14 16:20:56.068,7.722
2026-01-14 16:20:56.109,7.699
2026-01-14 16:20:56.109,7.678
2026-01-14 16:20:56.118,7.661
2026-01-14 16:20:56.135,7.644
2026-01-14 16:20:56.152,7.628
2026-01-14 16:20:56.169,7.604
2026-01-14 16:20:56.185,7.585
2026-01-14 16:20:56.185,7.572
2026-01-14 16:20:56.202,7.552
2026-01-14 16:20:56.218,7.546
2026-01-14 16:20:56.235,7.523
2026-01-14 16:20:56.236,7.501
2026-01-14 16:20:56.251,7.474
2026-01-14 16:20:56.268,7.448
2026-01-14 16:20:56.269,7.437
2026-01-14 16:20:56.285,7.406
2026-01-14 16:20:56.302,7.394
2026-01-14 16:20:56.319,7.372
2026-01-14 16:20:56.319,7.347
2026-01-14 16:20:56.334,7.327
2026-01-14 16:20:56.352,7.311
2026-01-14 16:20:56.353,7.298
2026-01-14 16:20:56.367,7.287
2026-01-14 16:20:56.385,7.274
2026-01-14 16:20:56.402,7.274
2026-01-14 16:20:56.402,7.26
2026-01-14 16:20:56.418,7.253
2026-01-14 16:20:56.435,7.235
2026-01-14 16:20:56.436,7.216
2026-01-14 16:20:56.451,7.201
2026-01-14 16:20:56.468,7.19
2026-01-14 16:20:56.485,7.17
2026-01-14 16:20:56.485,7.157
2026-01-14 16:20:56.501,7.144
2026-01-14 16:20:56.518,7.128
2026-01-14 16:20:56.534,7.119
2026-01-14 16:20:56.535,7.096
2026-01-14 16:20:56.551,7.068
2026-01-14 16:20:56.567,7.036
2026-01-14 16:20:56.568,7.017
2026-01-14 16:20:56.584,7.001
2026-01-14 16:20:56.601,6.988
2026-01-14 16:20:56.618,6.979
2026-01-14 16:20:56.618,6.972
2026-01-14 16:20:56.634,6.973
2026-01-14 16:20:56.652,6.964
2026-01-14 16:20:56.652,6.954
2026-01-14 16:20:56.668,6.935
2026-01-14 16:20:56.684,6.922
2026-01-14 16:20:56.702,6.921
2026-01-14 16:20:56.703,6.905
2026-01-14 16:20:56.719,6.895
2026-01-14 16:20:56.734,6.88
2026-01-14 16:20:56.752,6.862
2026-01-14 16:20:56.753,6.866
2026-01-14 16:20:56.769,6.848
2026-01-14 16:20:56.784,6.829
2026-01-14 16:20:56.784,6.808
2026-01-14 16:20:56.802,6.786
2026-01-14 16:20:56.819,6.777
2026-01-14 16:20:56.859,6.76
2026-01-14 16:20:56.860,6.741
2026-01-14 16:20:56.860,6.724
2026-01-14 16:20:56.861,6.706
2026-01-14 16:20:56.868,6.683
2026-01-14 16:20:56.885,6.666
2026-01-14 16:20:56.901,6.647
2026-01-14 16:20:56.918,6.629
2026-01-14 16:20:56.918,6.614
2026-01-14 16:20:56.934,6.598
2026-01-14 16:20:56.951,6.579
2026-01-14 16:20:56.969,6.559
2026-01-14 16:20:56.969,6.542
2026-01-14 16:20:56.984,6.518
2026-01-14 16:20:57.002,6.501
2026-01-14 16:20:57.003,6.486
2026-01-14 16:20:57.019,6.468
2026-01-14 16:20:57.034,6.449
2026-01-14 16:20:57.051,6.434
2026-01-14 16:20:57.052,6.417
2026-01-14 16:20:57.069,6.406
2026-01-14 16:20:57.085,6.382
2026-01-14 16:20:57.085,6.368
2026-01-14 16:20:57.101,6.355
2026-01-14 16:20:57.126,6.335
2026-01-14 16:20:57.126,6.322
2026-01-14 16:20:57.136,6.304
2026-01-14 16:20:57.152,6.29
2026-01-14 16:20:57.168,6.273
2026-01-14 16:20:57.168,6.256
2026-01-14 16:20:57.184,6.245
2026-01-14 16:20:57.203,6.232
2026-01-14 16:20:57.204,6.218
2026-01-14 16:20:57.219,6.204
2026-01-14 16:20:57.235,6.186
2026-01-14 16:20:57.252,6.17
2026-01-14 16:20:57.252,6.158
2026-01-14 16:20:57.269,6.136
2026-01-14 16:20:57.285,6.114
2026-01-14 16:20:57.301,6.112
2026-01-14 16:20:57.301,6.09
2026-01-14 16:20:57.318,6.073
2026-01-14 16:20:57.335,6.057
2026-01-14 16:20:57.335,6.037
2026-01-14 16:20:57.352,6.032
2026-01-14 16:20:57.368,6.016
2026-01-14 16:20:57.385,5.99
2026-01-14 16:20:57.385,5.971
2026-01-14 16:20:57.403,5.949
2026-01-14 16:20:57.417,5.933
2026-01-14 16:20:57.435,5.908
2026-01-14 16:20:57.435,5.887
2026-01-14 16:20:57.452,5.871
2026-01-14 16:20:57.468,5.855
2026-01-14 16:20:57.469,5.853
2026-01-14 16:20:57.485,5.837
2026-01-14 16:20:57.502,5.819
2026-01-14 16:20:57.518,5.803
2026-01-14 16:20:57.518,5.784
2026-01-14 16:20:57.534,5.789
2026-01-14 16:20:57.553,5.766
2026-01-14 16:20:57.553,5.754
2026-01-14 16:20:57.568,5.737
2026-01-14 16:20:57.585,5.724
2026-01-14 16:20:57.602,5.704
2026-01-14 16:20:57.603,5.689
2026-01-14 16:20:57.618,5.676
2026-01-14 16:20:57.635,5.662
2026-01-14 16:20:57.652,5.648
2026-01-14 16:20:57.653,5.633
2026-01-14 16:20:57.668,5.612
2026-01-14 16:20:57.685,5.598
2026-01-14 16:20:57.685,5.578
2026-01-14 16:20:57.701,5.561
2026-01-14 16:20:57.719,5.545
2026-01-14 16:20:57.734,5.527
2026-01-14 16:20:57.734,5.515
2026-01-14 16:20:57.752,5.5
2026-01-14 16:20:57.769,5.482
2026-01-14 16:20:57.769,5.468
2026-01-14 16:20:57.784,5.445
2026-01-14 16:20:57.804,5.434
2026-01-14 16:20:57.806,5.415
2026-01-14 16:20:57.818,5.405
2026-01-14 16:20:57.835,5.404
2026-01-14 16:20:57.852,5.385
2026-01-14 16:20:57.852,5.374
2026-01-14 16:20:57.867,5.357
2026-01-14 16:20:57.885,5.342
2026-01-14 16:20:57.901,5.337
2026-01-14 16:20:57.902,5.32
2026-01-14 16:20:57.917,5.301
2026-01-14 16:20:57.936,5.278
2026-01-14 16:20:57.936,5.258
2026-01-14 16:20:57.952,5.254
2026-01-14 16:20:57.969,5.229
2026-01-14 16:20:57.984,5.214
2026-01-14 16:20:57.984,5.188
2026-01-14 16:20:58.002,5.17
2026-01-14 16:20:58.018,5.162
2026-01-14 16:20:58.019,5.135
2026-01-14 16:20:58.035,5.117
2026-01-14 16:20:58.051,5.098
2026-01-14 16:20:58.067,5.082
2026-01-14 16:20:58.067,5.085
2026-01-14 16:20:58.084,5.071
2026-01-14 16:20:58.112,5.05
2026-01-14 16:20:58.112,5.036
2026-01-14 16:20:58.118,5.019
2026-01-14 16:20:58.135,5.011
2026-01-14 16:20:58.151,5.0
2026-01-14 16:20:58.151,4.99
2026-01-14 16:20:58.168,4.973
2026-01-14 16:20:58.184,4.968
2026-01-14 16:20:58.228,4.952
2026-01-14 16:20:58.229,4.93
2026-01-14 16:20:58.229,4.917
2026-01-14 16:20:58.229,4.898
2026-01-14 16:20:58.236,4.877
2026-01-14 16:20:58.251,4.86
2026-01-14 16:20:58.269,4.84
2026-01-14 16:20:58.284,4.826
2026-01-14 16:20:58.285,4.814
2026-01-14 16:20:58.301,4.799
2026-01-14 16:20:58.318,4.792
2026-01-14 16:20:58.335,4.771
2026-01-14 16:20:58.336,4.76
2026-01-14 16:20:58.351,4.741
2026-01-14 16:20:58.369,4.733
2026-01-14 16:20:58.369,4.728
2026-01-14 16:20:58.385,4.721
2026-01-14 16:20:58.402,4.709
2026-01-14 16:20:58.419,4.695
2026-01-14 16:20:58.419,4.68
2026-01-14 16:20:58.435,4.678
2026-01-14 16:20:58.452,4.657
2026-01-14 16:20:58.453,4.634
2026-01-14 16:20:58.468,4.618
2026-01-14 16:20:58.484,4.594
2026-01-14 16:20:58.501,4.59
2026-01-14 16:20:58.501,4.573
2026-01-14 16:20:58.520,4.558
2026-01-14 16:20:58.535,4.544
2026-01-14 16:20:58.551,4.526
2026-01-14 16:20:58.552,4.517
2026-01-14 16:20:58.568,4.499
2026-01-14 16:20:58.584,4.475
2026-01-14 16:20:58.585,4.461
2026-01-14 16:20:58.601,4.437
2026-01-14 16:20:58.617,4.429
2026-01-14 16:20:58.635,4.411
2026-01-14 16:20:58.635,4.399
2026-01-14 16:20:58.651,4.379
2026-01-14 16:20:58.670,4.364
2026-01-14 16:20:58.670,4.346
2026-01-14 16:20:58.684,4.324
2026-01-14 16:20:58.700,4.317
2026-01-14 16:20:58.717,4.294
2026-01-14 16:20:58.718,4.28
2026-01-14 16:20:58.734,4.258
2026-01-14 16:20:58.750,4.243
2026-01-14 16:20:58.751,4.228
2026-01-14 16:20:58.767,4.208
2026-01-14 16:20:58.784,4.197
2026-01-14 16:20:58.800,4.18
2026-01-14 16:20:58.801,4.169
2026-01-14 16:20:58.817,4.156
2026-01-14 16:20:58.834,4.143
2026-01-14 16:20:58.851,4.124
2026-01-14 16:20:58.851,4.11
2026-01-14 16:20:58.867,4.089
2026-01-14 16:20:58.884,4.078
2026-01-14 16:20:58.885,4.055
2026-01-14 16:20:58.900,4.042
2026-01-14 16:20:58.916,4.048
2026-01-14 16:20:58.933,4.034
2026-01-14 16:20:58.933,4.015
2026-01-14 16:20:58.952,3.995
2026-01-14 16:20:58.967,3.978
2026-01-14 16:20:58.968,3.977
2026-01-14 16:20:58.984,3.951
2026-01-14 16:20:59.002,3.938
2026-01-14 16:20:59.018,3.919
2026-01-14 16:20:59.019,3.91
2026-01-14 16:20:59.034,3.909
2026-01-14 16:20:59.050,3.89
2026-01-14 16:20:59.051,3.869
2026-01-14 16:20:59.067,3.85
2026-01-14 16:20:59.084,3.832
2026-01-14 16:20:59.107,3.828
2026-01-14 16:20:59.107,3.816
2026-01-14 16:20:59.117,3.796
2026-01-14 16:20:59.135,3.786
2026-01-14 16:20:59.150,3.76
2026-01-14 16:20:59.151,3.757
2026-01-14 16:20:59.168,3.747
2026-01-14 16:20:59.185,3.728
2026-01-14 16:20:59.186,3.709
2026-01-14 16:20:59.200,3.691
2026-01-14 16:20:59.218,3.675
2026-01-14 16:20:59.219,3.661
2026-01-14 16:20:59.234,3.642
2026-01-14 16:20:59.251,3.625
2026-01-14 16:20:59.268,3.61
2026-01-14 16:20:59.269,3.603
2026-01-14 16:20:59.285,3.588
2026-01-14 16:20:59.301,3.568
2026-01-14 16:20:59.318,3.552
2026-01-14 16:20:59.319,3.541
2026-01-14 16:20:59.335,3.525
2026-01-14 16:20:59.351,3.515
2026-01-14 16:20:59.352,3.502
2026-01-14 16:20:59.368,3.488
2026-01-14 16:20:59.385,3.471
2026-01-14 16:20:59.400,3.46
2026-01-14 16:20:59.400,3.449
2026-01-14 16:20:59.417,3.44
2026-01-14 16:20:59.434,3.421
2026-01-14 16:20:59.452,3.403
2026-01-14 16:20:59.453,3.401
2026-01-14 16:20:59.467,3.389
2026-01-14 16:20:59.485,3.369
2026-01-14 16:20:59.485,3.361
2026-01-14 16:20:59.501,3.352
2026-01-14 16:20:59.517,3.35
2026-01-14 16:20:59.534,3.336
2026-01-14 16:20:59.535,3.314
2026-01-14 16:20:59.551,3.304
2026-01-14 16:20:59.578,3.275
2026-01-14 16:20:59.579,3.27
2026-01-14 16:20:59.579,3.255
2026-01-14 16:20:59.592,3.236
2026-01-14 16:20:59.618,3.211
2026-01-14 16:20:59.619,3.194
2026-01-14 16:20:59.636,3.195
2026-01-14 16:20:59.651,3.186
2026-01-14 16:20:59.651,3.169
2026-01-14 16:20:59.667,3.148
2026-01-14 16:20:59.684,3.137
2026-01-14 16:20:59.700,3.129
2026-01-14 16:20:59.700,3.117
2026-01-14 16:20:59.718,3.097
2026-01-14 16:20:59.734,3.082
2026-01-14 16:20:59.751,3.067
2026-01-14 16:20:59.752,3.052
2026-01-14 16:20:59.768,3.041
2026-01-14 16:20:59.784,3.021
2026-01-14 16:20:59.784,3.001
2026-01-14 16:20:59.801,2.988
2026-01-14 16:20:59.817,2.973
2026-01-14 16:20:59.834,2.962
2026-01-14 16:20:59.835,2.948
2026-01-14 16:20:59.852,2.937
2026-01-14 16:20:59.868,2.927
2026-01-14 16:20:59.868,2.917
2026-01-14 16:20:59.884,2.904
2026-01-14 16:20:59.901,2.894
2026-01-14 16:20:59.918,2.881
2026-01-14 16:20:59.918,2.869
2026-01-14 16:20:59.934,2.86
2026-01-14 16:20:59.951,2.85
2026-01-14 16:20:59.952,2.844
2026-01-14 16:20:59.968,2.835
2026-01-14 16:20:59.986,2.821
2026-01-14 16:21:00.001,2.815
2026-01-14 16:21:00.001,2.805
2026-01-14 16:21:00.018,2.79
2026-01-14 16:21:00.034,2.768
2026-01-14 16:21:00.049,2.757
2026-01-14 16:21:00.050,2.752
2026-01-14 16:21:00.066,2.738
2026-01-14 16:21:00.084,2.716
2026-01-14 16:21:00.084,2.709
2026-01-14 16:21:00.099,2.696
2026-01-14 16:21:00.124,2.69
2026-01-14 16:21:00.124,2.663
2026-01-14 16:21:00.133,2.645
2026-01-14 16:21:00.149,2.627
2026-01-14 16:21:00.166,2.6
2026-01-14 16:21:00.167,2.585
2026-01-14 16:21:00.184,2.564
2026-01-14 16:21:00.200,2.548
2026-01-14 16:21:00.217,2.539
2026-01-14 16:21:00.218,2.52
2026-01-14 16:21:00.234,2.504
2026-01-14 16:21:00.250,2.486
2026-01-14 16:21:00.266,2.478
2026-01-14 16:21:00.266,2.471
2026-01-14 16:21:00.284,2.456
2026-01-14 16:21:00.302,2.458
2026-01-14 16:21:00.302,2.454
2026-01-14 16:21:00.318,2.446
2026-01-14 16:21:00.334,2.446
2026-01-14 16:21:00.352,2.431
2026-01-14 16:21:00.352,2.417
2026-01-14 16:21:00.368,2.407
2026-01-14 16:21:00.384,2.395
2026-01-14 16:21:00.385,2.389
2026-01-14 16:21:00.401,2.38
2026-01-14 16:21:00.418,2.367
2026-01-14 16:21:00.434,2.353
2026-01-14 16:21:00.435,2.341
2026-01-14 16:21:00.451,2.324
2026-01-14 16:21:00.468,2.307
2026-01-14 16:21:00.469,2.287
2026-01-14 16:21:00.484,2.274
2026-01-14 16:21:00.502,2.256
2026-01-14 16:21:00.518,2.246
2026-01-14 16:21:00.518,2.23
2026-01-14 16:21:00.536,2.215
2026-01-14 16:21:00.551,2.197
2026-01-14 16:21:00.551,2.183
2026-01-14 16:21:00.567,2.161
2026-01-14 16:21:00.584,2.137
2026-01-14 16:21:00.604,2.126
2026-01-14 16:21:00.604,2.109
2026-01-14 16:21:00.617,2.1
2026-01-14 16:21:00.634,2.087
2026-01-14 16:21:00.651,2.077
2026-01-14 16:21:00.652,2.068
2026-01-14 16:21:00.669,2.051
2026-01-14 16:21:00.684,2.029
2026-01-14 16:21:00.684,2.007
2026-01-14 16:21:00.701,1.992
2026-01-14 16:21:00.718,1.989
2026-01-14 16:21:00.733,1.984
2026-01-14 16:21:00.734,1.973
2026-01-14 16:21:00.750,1.958
2026-01-14 16:21:00.766,1.949
2026-01-14 16:21:00.767,1.94
2026-01-14 16:21:00.783,1.927
2026-01-14 16:21:00.800,1.91
2026-01-14 16:21:00.816,1.898
2026-01-14 16:21:00.817,1.887
2026-01-14 16:21:00.832,1.883
2026-01-14 16:21:00.850,1.872
2026-01-14 16:21:00.866,1.866
2026-01-14 16:21:00.866,1.846
2026-01-14 16:21:00.883,1.836
2026-01-14 16:21:00.905,1.826
2026-01-14 16:21:00.905,1.817
2026-01-14 16:21:00.916,1.8
2026-01-14 16:21:00.951,1.782
2026-01-14 16:21:00.953,1.763
2026-01-14 16:21:00.953,1.742
2026-01-14 16:21:00.960,1.723
2026-01-14 16:21:00.983,1.703
2026-01-14 16:21:00.984,1.692
2026-01-14 16:21:01.000,1.68
2026-01-14 16:21:01.015,1.661
2026-01-14 16:21:01.033,1.643
2026-01-14 16:21:01.033,1.629
2026-01-14 16:21:01.049,1.613
2026-01-14 16:21:01.067,1.6
2026-01-14 16:21:01.068,1.583
2026-01-14 16:21:01.083,1.567
2026-01-14 16:21:01.100,1.553
2026-01-14 16:21:01.121,1.541
2026-01-14 16:21:01.122,1.53
2026-01-14 16:21:01.134,1.512
2026-01-14 16:21:01.150,1.496
2026-01-14 16:21:01.167,1.481
2026-01-14 16:21:01.167,1.473
2026-01-14 16:21:01.184,1.46
2026-01-14 16:21:01.201,1.449
2026-01-14 16:21:01.201,1.433
2026-01-14 16:21:01.218,1.424
2026-01-14 16:21:01.234,1.417
2026-01-14 16:21:01.250,1.405
2026-01-14 16:21:01.251,1.394
2026-01-14 16:21:01.267,1.381
2026-01-14 16:21:01.284,1.367
2026-01-14 16:21:01.284,1.351
2026-01-14 16:21:01.301,1.332
2026-01-14 16:21:01.317,1.317
2026-01-14 16:21:01.334,1.305
2026-01-14 16:21:01.335,1.293
2026-01-14 16:21:01.350,1.285
2026-01-14 16:21:01.367,1.272
2026-01-14 16:21:01.368,1.261
2026-01-14 16:21:01.384,1.258
2026-01-14 16:21:01.400,1.249
2026-01-14 16:21:01.417,1.245
2026-01-14 16:21:01.417,1.239
2026-01-14 16:21:01.434,1.235
2026-01-14 16:21:01.451,1.22
2026-01-14 16:21:01.452,1.208
2026-01-14 16:21:01.467,1.191
2026-01-14 16:21:01.483,1.18
2026-01-14 16:21:01.500,1.164
2026-01-14 16:21:01.501,1.158
2026-01-14 16:21:01.517,1.141
2026-01-14 16:21:01.533,1.129
2026-01-14 16:21:01.550,1.124
2026-01-14 16:21:01.551,1.11
2026-01-14 16:21:01.568,1.092
2026-01-14 16:21:01.584,1.084
2026-01-14 16:21:01.585,1.074
2026-01-14 16:21:01.600,1.061
2026-01-14 16:21:01.616,1.051
2026-01-14 16:21:01.633,1.038
2026-01-14 16:21:01.634,1.023
2026-01-14 16:21:01.649,1.004
2026-01-14 16:21:01.667,0.99
2026-01-14 16:21:01.668,0.977
2026-01-14 16:21:01.682,0.971
2026-01-14 16:21:01.699,0.961
2026-01-14 16:21:01.718,0.947
2026-01-14 16:21:01.719,0.93
2026-01-14 16:21:01.732,0.909
2026-01-14 16:21:01.751,0.901
2026-01-14 16:21:01.768,0.889
2026-01-14 16:21:01.768,0.874
2026-01-14 16:21:01.783,0.863
2026-01-14 16:21:01.801,0.849
2026-01-14 16:21:01.801,0.842
2026-01-14 16:21:01.818,0.835
2026-01-14 16:21:01.833,0.827
2026-01-14 16:21:01.851,0.82
2026-01-14 16:21:01.851,0.807
2026-01-14 16:21:01.868,0.791
2026-01-14 16:21:01.884,0.778
2026-01-14 16:21:01.884,0.755
2026-01-14 16:21:01.901,0.747
2026-01-14 16:21:01.916,0.741
2026-01-14 16:21:01.934,0.733
2026-01-14 16:21:01.935,0.718
2026-01-14 16:21:01.950,0.706
2026-01-14 16:21:01.968,0.692
2026-01-14 16:21:01.968,0.681
2026-01-14 16:21:01.983,0.668
2026-01-14 16:21:02.001,0.656
2026-01-14 16:21:02.018,0.643
2026-01-14 16:21:02.019,0.642
2026-01-14 16:21:02.033,0.628
2026-01-14 16:21:02.052,0.628
2026-01-14 16:21:02.052,0.617
2026-01-14 16:21:02.068,0.604
2026-01-14 16:21:02.083,0.596
2026-01-14 16:21:02.101,0.583
2026-01-14 16:21:02.102,0.575
2026-01-14 16:21:02.117,0.561
2026-01-14 16:21:02.139,0.546
2026-01-14 16:21:02.139,0.539
2026-01-14 16:21:02.150,0.529
2026-01-14 16:21:02.168,0.523
2026-01-14 16:21:02.183,0.515
2026-01-14 16:21:02.184,0.504
2026-01-14 16:21:02.201,0.494
2026-01-14 16:21:02.218,0.481
2026-01-14 16:21:02.234,0.47
2026-01-14 16:21:02.234,0.455
2026-01-14 16:21:02.251,0.448
2026-01-14 16:21:02.268,0.435
2026-01-14 16:21:02.269,0.425
2026-01-14 16:21:02.327,0.415
2026-01-14 16:21:02.329,0.406
2026-01-14 16:21:02.329,0.397
2026-01-14 16:21:02.330,0.389
2026-01-14 16:21:02.330,0.385
2026-01-14 16:21:02.351,0.376
2026-01-14 16:21:02.352,0.369
2026-01-14 16:21:02.367,0.362
2026-01-14 16:21:02.384,0.358
2026-01-14 16:21:02.401,0.352
2026-01-14 16:21:02.403,0.345
2026-01-14 16:21:02.418,0.346
2026-01-14 16:21:02.434,0.335
2026-01-14 16:21:02.452,0.336
2026-01-14 16:21:02.453,0.33
2026-01-14 16:21:02.467,0.326
2026-01-14 16:21:02.484,0.32
2026-01-14 16:21:02.485,0.319
2026-01-14 16:21:02.501,0.309
2026-01-14 16:21:02.517,0.304
2026-01-14 16:21:02.534,0.301
2026-01-14 16:21:02.534,0.294
2026-01-14 16:21:02.551,0.286
2026-01-14 16:21:02.569,0.273
2026-01-14 16:21:02.570,0.257
2026-01-14 16:21:02.585,0.242
2026-01-14 16:21:02.601,0.233
2026-01-14 16:21:02.617,0.22
2026-01-14 16:21:02.618,0.211
2026-01-14 16:21:02.634,0.202
2026-01-14 16:21:02.650,0.192
2026-01-14 16:21:02.667,0.185
2026-01-14 16:21:02.668,0.174
2026-01-14 16:21:02.684,0.166
2026-01-14 16:21:02.699,0.159
2026-01-14 16:21:02.700,0.147
2026-01-14 16:21:02.718,0.14
2026-01-14 16:21:02.735,0.133
2026-01-14 16:21:02.736,0.125
2026-01-14 16:21:02.750,0.124
2026-01-14 16:21:02.766,0.122
2026-01-14 16:21:02.784,0.115
2026-01-14 16:21:02.784,0.113
2026-01-14 16:21:02.802,0.111
2026-01-14 16:21:02.817,0.11
2026-01-14 16:21:02.833,0.106
2026-01-14 16:21:02.834,0.098
2026-01-14 16:21:02.852,0.092
2026-01-14 16:21:02.868,0.084
2026-01-14 16:21:02.868,0.081
2026-01-14 16:21:02.884,0.075
2026-01-14 16:21:02.902,0.069
2026-01-14 16:21:02.917,0.062
2026-01-14 16:21:02.918,0.055
2026-01-14 16:21:02.933,0.051
2026-01-14 16:21:02.951,0.045
2026-01-14 16:21:02.967,0.044
2026-01-14 16:21:03.143,0.042
2026-01-14 16:21:03.166,0.035
2026-01-14 16:21:03.184,0.03
2026-01-14 16:21:04.068,0.027
2026-01-14 16:21:04.224,0.025
2026-01-14 16:21:04.368,0.024
2026-01-14 16:21:04.384,0.031
2026-01-14 16:21:04.402,0.031
2026-01-14 16:21:04.417,0.045
2026-01-14 16:21:04.417,0.047
2026-01-14 16:21:04.433,0.05
2026-01-14 16:21:04.450,0.057
2026-01-14 16:21:04.451,0.061
2026-01-14 16:21:04.468,0.068
2026-01-14 16:21:04.484,0.073
2026-01-14 16:21:04.501,0.083
2026-01-14 16:21:04.501,0.09
2026-01-14 16:21:04.517,0.092
2026-01-14 16:21:04.534,0.101
2026-01-14 16:21:04.550,0.101
2026-01-14 16:21:04.551,0.101
2026-01-14 16:21:04.566,0.099
2026-01-14 16:21:04.585,0.097
2026-01-14 16:21:04.585,0.097
2026-01-14 16:21:04.600,0.1
2026-01-14 16:21:04.617,0.092
2026-01-14 16:21:04.633,0.089
2026-01-14 16:21:04.634,0.093
2026-01-14 16:21:04.651,0.1
2026-01-14 16:21:04.668,0.108
2026-01-14 16:21:04.668,0.121
2026-01-14 16:21:04.683,0.138
2026-01-14 16:21:04.700,0.147
2026-01-14 16:21:04.716,0.163
2026-01-14 16:21:04.716,0.174
2026-01-14 16:21:04.734,0.193
2026-01-14 16:21:04.750,0.208
2026-01-14 16:21:04.751,0.226
2026-01-14 16:21:04.768,0.25
2026-01-14 16:21:04.784,0.264
2026-01-14 16:21:04.800,0.265
2026-01-14 16:21:04.800,0.272
2026-01-14 16:21:04.817,0.272
2026-01-14 16:21:04.833,0.284
2026-01-14 16:21:04.850,0.29
2026-01-14 16:21:04.851,0.303
2026-01-14 16:21:04.867,0.314
2026-01-14 16:21:04.884,0.329
2026-01-14 16:21:04.884,0.334
2026-01-14 16:21:04.900,0.35
2026-01-14 16:21:04.917,0.357
2026-01-14 16:21:04.933,0.366
2026-01-14 16:21:04.933,0.373
2026-01-14 16:21:04.950,0.382
2026-01-14 16:21:04.967,0.394
2026-01-14 16:21:04.968,0.409
2026-01-14 16:21:04.983,0.414
2026-01-14 16:21:05.000,0.421
2026-01-14 16:21:05.041,0.43
2026-01-14 16:21:05.041,0.441
2026-01-14 16:21:05.042,0.446
2026-01-14 16:21:05.042,0.458
2026-01-14 16:21:05.052,0.463
2026-01-14 16:21:05.067,0.467
2026-01-14 16:21:05.083,0.475
2026-01-14 16:21:05.099,0.483
2026-01-14 16:21:05.100,0.491
2026-01-14 16:21:05.117,0.49
2026-01-14 16:21:05.140,0.502
2026-01-14 16:21:05.141,0.512
2026-01-14 16:21:05.150,0.526
2026-01-14 16:21:05.167,0.523
2026-01-14 16:21:05.182,0.516
2026-01-14 16:21:05.183,0.531
2026-01-14 16:21:05.200,0.544
2026-01-14 16:21:05.220,0.564
2026-01-14 16:21:05.220,0.618
2026-01-14 16:21:05.239,0.657
2026-01-14 16:21:05.249,0.691
2026-01-14 16:21:05.265,0.715
2026-01-14 16:21:05.284,0.715
2026-01-14 16:21:05.285,0.713
2026-01-14 16:21:05.300,0.707
2026-01-14 16:21:05.317,0.693
2026-01-14 16:21:05.318,0.679
2026-01-14 16:21:05.333,0.658
2026-01-14 16:21:05.350,0.634
2026-01-14 16:21:05.367,0.616
2026-01-14 16:21:05.367,0.601
2026-01-14 16:21:05.383,0.585
2026-01-14 16:21:05.401,0.572
2026-01-14 16:21:05.401,0.561
2026-01-14 16:21:05.417,0.556
2026-01-14 16:21:05.433,0.549
2026-01-14 16:21:05.451,0.546
2026-01-14 16:21:05.452,0.541
2026-01-14 16:21:05.467,0.536
2026-01-14 16:21:05.483,0.532
2026-01-14 16:21:05.484,0.531
2026-01-14 16:21:05.499,0.528
2026-01-14 16:21:05.516,0.534
2026-01-14 16:21:05.533,0.533
2026-01-14 16:21:05.533,0.532
2026-01-14 16:21:05.549,0.529
2026-01-14 16:21:05.566,0.53
2026-01-14 16:21:05.583,0.527
2026-01-14 16:21:05.583,0.522
2026-01-14 16:21:05.600,0.522
2026-01-14 16:21:05.616,0.531
2026-01-14 16:21:05.617,0.539
2026-01-14 16:21:05.633,0.542
2026-01-14 16:21:05.649,0.54
2026-01-14 16:21:05.666,0.538
2026-01-14 16:21:05.666,0.531
2026-01-14 16:21:05.682,0.527
2026-01-14 16:21:05.699,0.529
2026-01-14 16:21:05.699,0.534
2026-01-14 16:21:05.717,0.539
2026-01-14 16:21:05.733,0.538
2026-01-14 16:21:05.749,0.535
2026-01-14 16:21:05.750,0.536
2026-01-14 16:21:05.766,0.528
2026-01-14 16:21:05.783,0.52
2026-01-14 16:21:05.784,0.516
2026-01-14 16:21:05.800,0.511
2026-01-14 16:21:05.817,0.516
2026-01-14 16:21:05.832,0.526
2026-01-14 16:21:05.833,0.528
2026-01-14 16:21:05.849,0.531
2026-01-14 16:21:05.867,0.531
2026-01-14 16:21:05.868,0.535
2026-01-14 16:21:05.884,0.533
2026-01-14 16:21:05.899,0.54
2026-01-14 16:21:05.915,0.541
2026-01-14 16:21:05.916,0.549
2026-01-14 16:21:05.933,0.541
2026-01-14 16:21:05.949,0.533
2026-01-14 16:21:05.967,0.527
2026-01-14 16:21:05.967,0.52
2026-01-14 16:21:05.983,0.518
2026-01-14 16:21:06.000,0.513
2026-01-14 16:21:06.000,0.507
2026-01-14 16:21:06.016,0.513
2026-01-14 16:21:06.032,0.519
2026-01-14 16:21:06.049,0.524
2026-01-14 16:21:06.050,0.521
2026-01-14 16:21:06.065,0.521
2026-01-14 16:21:06.082,0.522
2026-01-14 16:21:06.083,0.521
2026-01-14 16:21:06.099,0.519
2026-01-14 16:21:06.117,0.522
2026-01-14 16:21:06.140,0.528
2026-01-14 16:21:06.140,0.537
2026-01-14 16:21:06.150,0.548
2026-01-14 16:21:06.166,0.559
2026-01-14 16:21:06.167,0.575
2026-01-14 16:21:06.183,0.586
2026-01-14 16:21:06.199,0.596
2026-01-14 16:21:06.215,0.607
2026-01-14 16:21:06.216,0.625
2026-01-14 16:21:06.231,0.638
2026-01-14 16:21:06.250,0.655
2026-01-14 16:21:06.251,0.664
2026-01-14 16:21:06.266,0.675
2026-01-14 16:21:06.283,0.684
2026-01-14 16:21:06.300,0.69
2026-01-14 16:21:06.300,0.705
2026-01-14 16:21:06.317,0.723
2026-01-14 16:21:06.332,0.737
2026-01-14 16:21:06.350,0.759
2026-01-14 16:21:06.351,0.768
2026-01-14 16:21:06.367,0.767
