Timestamp,Distance(m)
2026-01-14 16:32:27.667,0.82
2026-01-14 16:32:27.668,0.83
2026-01-14 16:32:27.683,0.849
2026-01-14 16:32:27.700,0.869
2026-01-14 16:32:27.701,0.89
2026-01-14 16:32:27.716,0.914
2026-01-14 16:32:27.733,0.932
2026-01-14 16:32:27.750,0.954
2026-01-14 16:32:27.751,0.978
2026-01-14 16:32:27.766,0.998
2026-01-14 16:32:27.783,1.018
2026-01-14 16:32:27.800,1.034
2026-01-14 16:32:27.801,1.054
2026-01-14 16:32:27.818,1.071
2026-01-14 16:32:27.834,1.083
2026-01-14 16:32:27.834,1.094
2026-01-14 16:32:27.859,1.119
2026-01-14 16:32:27.859,1.151
2026-01-14 16:32:27.869,1.172
2026-01-14 16:32:27.883,1.195
2026-01-14 16:32:27.901,1.223
2026-01-14 16:32:27.917,1.244
2026-01-14 16:32:27.918,1.265
2026-01-14 16:32:27.934,1.283
2026-01-14 16:32:27.950,1.305
2026-01-14 16:32:27.968,1.318
2026-01-14 16:32:27.968,1.328
2026-01-14 16:32:27.982,1.34
2026-01-14 16:32:27.999,1.349
2026-01-14 16:32:28.016,1.353
2026-01-14 16:32:28.016,1.356
2026-01-14 16:32:28.033,1.362
2026-01-14 16:32:28.051,1.368
2026-01-14 16:32:28.052,1.373
2026-01-14 16:32:28.067,1.384
2026-01-14 16:32:28.084,1.393
2026-01-14 16:32:28.084,1.413
2026-01-14 16:32:28.102,1.427
2026-01-14 16:32:28.117,1.426
2026-01-14 16:32:28.133,1.433
2026-01-14 16:32:28.133,1.435
2026-01-14 16:32:28.151,1.442
2026-01-14 16:32:28.166,1.446
2026-01-14 16:32:28.183,1.457
2026-01-14 16:32:28.183,1.462
2026-01-14 16:32:28.201,1.473
2026-01-14 16:32:28.216,1.489
2026-01-14 16:32:28.217,1.503
2026-01-14 16:32:28.250,1.512
2026-01-14 16:32:28.266,1.522
2026-01-14 16:32:28.267,1.528
2026-01-14 16:32:28.282,1.538
2026-01-14 16:32:28.300,1.552
2026-01-14 16:32:28.300,1.561
2026-01-14 16:32:28.316,1.561
2026-01-14 16:32:28.333,1.561
2026-01-14 16:32:28.351,1.567
2026-01-14 16:32:28.351,1.569
2026-01-14 16:32:28.368,1.574
2026-01-14 16:32:28.385,1.574
2026-01-14 16:32:28.385,1.571
2026-01-14 16:32:28.401,1.575
2026-01-14 16:32:28.418,1.578
2026-01-14 16:32:28.433,1.593
2026-01-14 16:32:28.434,1.601
2026-01-14 16:32:28.450,1.618
2026-01-14 16:32:28.468,1.637
2026-01-14 16:32:28.469,1.67
2026-01-14 16:32:28.484,1.691
2026-01-14 16:32:28.501,1.708
2026-01-14 16:32:28.517,1.72
2026-01-14 16:32:28.518,1.732
2026-01-14 16:32:28.534,1.752
2026-01-14 16:32:28.550,1.763
2026-01-14 16:32:28.567,1.782
2026-01-14 16:32:28.568,1.797
2026-01-14 16:32:28.583,1.825
2026-01-14 16:32:28.600,1.85
2026-01-14 16:32:28.601,1.887
2026-01-14 16:32:28.617,1.918
2026-01-14 16:32:28.634,1.957
2026-01-14 16:32:28.650,1.989
2026-01-14 16:32:28.650,2.014
2026-01-14 16:32:28.667,2.021
2026-01-14 16:32:28.683,2.022
2026-01-14 16:32:28.699,2.018
2026-01-14 16:32:28.699,2.017
2026-01-14 16:32:28.736,2.012
2026-01-14 16:32:28.736,2.013
2026-01-14 16:32:28.736,2.026
2026-01-14 16:32:28.766,2.037
2026-01-14 16:32:28.767,2.061
2026-01-14 16:32:28.783,2.096
2026-01-14 16:32:28.784,2.125
2026-01-14 16:32:28.800,2.138
2026-01-14 16:32:28.818,2.148
2026-01-14 16:32:28.818,2.157
2026-01-14 16:32:28.833,2.145
2026-01-14 16:32:28.857,2.149
2026-01-14 16:32:28.857,2.145
2026-01-14 16:32:28.866,2.144
2026-01-14 16:32:28.882,2.141
2026-01-14 16:32:28.900,2.139
2026-01-14 16:32:28.901,2.144
2026-01-14 16:32:28.917,2.147
2026-01-14 16:32:28.933,2.161
2026-01-14 16:32:28.949,2.171
2026-01-14 16:32:28.949,2.185
2026-01-14 16:32:28.966,2.204
2026-01-14 16:32:28.983,2.222
2026-01-14 16:32:28.999,2.243
2026-01-14 16:32:28.999,2.268
2026-01-14 16:32:29.016,2.291
2026-01-14 16:32:29.033,2.312
2026-01-14 16:32:29.034,2.346
2026-01-14 16:32:29.049,2.38
2026-01-14 16:32:29.065,2.406
2026-01-14 16:32:29.083,2.434
2026-01-14 16:32:29.083,2.46
2026-01-14 16:32:29.099,2.494
2026-01-14 16:32:29.116,2.532
2026-01-14 16:32:29.117,2.565
2026-01-14 16:32:29.132,2.592
2026-01-14 16:32:29.149,2.626
2026-01-14 16:32:29.167,2.649
2026-01-14 16:32:29.167,2.679
2026-01-14 16:32:29.181,2.707
2026-01-14 16:32:29.200,2.733
2026-01-14 16:32:29.217,2.76
2026-01-14 16:32:29.217,2.783
2026-01-14 16:32:29.234,2.796
2026-01-14 16:32:29.249,2.813
2026-01-14 16:32:29.249,2.826
2026-01-14 16:32:29.266,2.841
2026-01-14 16:32:29.283,2.852
2026-01-14 16:32:29.301,2.879
2026-01-14 16:32:29.302,2.9
2026-01-14 16:32:29.316,2.916
2026-01-14 16:32:29.333,2.939
2026-01-14 16:32:29.334,2.952
2026-01-14 16:32:29.351,2.974
2026-01-14 16:32:29.367,2.998
2026-01-14 16:32:29.384,3.024
2026-01-14 16:32:29.384,3.058
2026-01-14 16:32:29.398,3.095
2026-01-14 16:32:29.417,3.143
2026-01-14 16:32:29.417,3.179
2026-01-14 16:32:29.432,3.155
2026-01-14 16:32:29.450,3.131
2026-01-14 16:32:29.467,3.14
2026-01-14 16:32:29.468,3.156
2026-01-14 16:32:29.483,3.16
2026-01-14 16:32:29.501,3.151
2026-01-14 16:32:29.501,3.142
2026-01-14 16:32:29.517,3.138
2026-01-14 16:32:29.533,3.131
2026-01-14 16:32:29.549,3.119
2026-01-14 16:32:29.549,3.109
2026-01-14 16:32:29.565,3.097
2026-01-14 16:32:29.582,3.087
2026-01-14 16:32:29.602,3.077
2026-01-14 16:32:29.602,3.066
2026-01-14 16:32:29.617,3.054
2026-01-14 16:32:29.634,3.037
2026-01-14 16:32:29.634,3.023
2026-01-14 16:32:29.650,3.011
2026-01-14 16:32:29.668,3.0
2026-01-14 16:32:29.685,2.999
2026-01-14 16:32:29.685,3.004
2026-01-14 16:32:29.700,3.015
2026-01-14 16:32:29.716,3.026
2026-01-14 16:32:29.717,3.043
2026-01-14 16:32:29.733,3.076
2026-01-14 16:32:29.752,3.116
2026-01-14 16:32:29.767,3.154
2026-01-14 16:32:29.767,3.182
2026-01-14 16:32:29.783,3.203
2026-01-14 16:32:29.800,3.238
2026-01-14 16:32:29.802,3.315
2026-01-14 16:32:29.817,3.306
2026-01-14 16:32:29.833,3.291
2026-01-14 16:32:29.858,3.269
2026-01-14 16:32:29.858,3.249
2026-01-14 16:32:29.867,3.234
2026-01-14 16:32:29.884,3.226
2026-01-14 16:32:29.884,3.221
2026-01-14 16:32:29.901,3.217
2026-01-14 16:32:29.918,3.214
2026-01-14 16:32:29.933,3.214
2026-01-14 16:32:29.933,3.218
2026-01-14 16:32:29.949,3.221
2026-01-14 16:32:29.967,3.218
2026-01-14 16:32:29.984,3.227
2026-01-14 16:32:29.984,3.24
2026-01-14 16:32:30.001,3.255
2026-01-14 16:32:30.017,3.261
2026-01-14 16:32:30.017,3.269
2026-01-14 16:32:30.033,3.291
2026-01-14 16:32:30.050,3.32
2026-01-14 16:32:30.093,3.34
2026-01-14 16:32:30.093,3.43
2026-01-14 16:32:30.093,3.469
2026-01-14 16:32:30.094,3.494
2026-01-14 16:32:30.102,3.517
2026-01-14 16:32:30.116,3.541
2026-01-14 16:32:30.132,3.567
2026-01-14 16:32:30.150,3.575
2026-01-14 16:32:30.151,3.569
2026-01-14 16:32:30.166,3.571
2026-01-14 16:32:30.183,3.577
2026-01-14 16:32:30.200,3.584
2026-01-14 16:32:30.201,3.597
2026-01-14 16:32:30.216,3.612
2026-01-14 16:32:30.233,3.632
2026-01-14 16:32:30.233,3.658
2026-01-14 16:32:30.250,3.688
2026-01-14 16:32:30.267,3.722
2026-01-14 16:32:30.283,3.753
2026-01-14 16:32:30.284,3.784
2026-01-14 16:32:30.300,3.816
2026-01-14 16:32:30.316,3.846
2026-01-14 16:32:30.317,3.878
2026-01-14 16:32:30.333,3.908
2026-01-14 16:32:30.350,3.942
2026-01-14 16:32:30.367,3.976
2026-01-14 16:32:30.367,4.024
2026-01-14 16:32:30.383,4.068
2026-01-14 16:32:30.400,4.097
2026-01-14 16:32:30.416,4.122
2026-01-14 16:32:30.433,4.131
2026-01-14 16:32:30.450,4.142
2026-01-14 16:32:30.450,4.166
2026-01-14 16:32:30.466,4.203
2026-01-14 16:32:30.483,4.236
2026-01-14 16:32:30.499,4.277
2026-01-14 16:32:30.500,4.308
2026-01-14 16:32:30.517,4.346
2026-01-14 16:32:30.534,4.382
2026-01-14 16:32:30.535,4.405
2026-01-14 16:32:30.550,4.509
2026-01-14 16:32:30.567,4.551
2026-01-14 16:32:30.584,4.649
2026-01-14 16:32:30.584,4.742
2026-01-14 16:32:30.599,4.815
2026-01-14 16:32:30.617,4.893
2026-01-14 16:32:30.632,4.881
2026-01-14 16:32:30.649,4.885
2026-01-14 16:32:30.666,4.894
2026-01-14 16:32:30.666,4.901
2026-01-14 16:32:30.683,4.911
2026-01-14 16:32:30.699,4.939
2026-01-14 16:32:30.716,4.961
2026-01-14 16:32:30.716,4.981
2026-01-14 16:32:30.732,4.971
2026-01-14 16:32:30.749,4.942
2026-01-14 16:32:30.750,4.915
2026-01-14 16:32:30.766,4.877
2026-01-14 16:32:30.782,4.842
2026-01-14 16:32:30.800,4.812
2026-01-14 16:32:30.800,4.776
2026-01-14 16:32:30.816,4.764
2026-01-14 16:32:30.832,4.742
2026-01-14 16:32:30.833,4.723
2026-01-14 16:32:30.853,4.704
2026-01-14 16:32:30.866,4.689
2026-01-14 16:32:30.883,4.669
2026-01-14 16:32:30.883,4.661
2026-01-14 16:32:30.899,4.646
2026-01-14 16:32:30.916,4.632
2026-01-14 16:32:30.932,4.619
2026-01-14 16:32:30.933,4.602
2026-01-14 16:32:30.949,4.593
2026-01-14 16:32:30.968,4.585
2026-01-14 16:32:30.968,4.593
2026-01-14 16:32:30.985,4.59
2026-01-14 16:32:30.999,4.591
2026-01-14 16:32:31.016,4.601
2026-01-14 16:32:31.017,4.618
2026-01-14 16:32:31.032,4.632
2026-01-14 16:32:31.050,4.652
2026-01-14 16:32:31.050,4.677
2026-01-14 16:32:31.068,4.699
2026-01-14 16:32:31.084,4.724
2026-01-14 16:32:31.085,4.797
2026-01-14 16:32:31.100,4.794
2026-01-14 16:32:31.117,4.79
2026-01-14 16:32:31.133,4.798
2026-01-14 16:32:31.134,4.799
2026-01-14 16:32:31.150,4.804
2026-01-14 16:32:31.167,4.807
2026-01-14 16:32:31.182,4.825
2026-01-14 16:32:31.183,4.853
2026-01-14 16:32:31.198,4.859
2026-01-14 16:32:31.215,4.861
2026-01-14 16:32:31.232,4.866
2026-01-14 16:32:31.232,4.879
2026-01-14 16:32:31.250,4.87
2026-01-14 16:32:31.265,4.861
2026-01-14 16:32:31.266,4.846
2026-01-14 16:32:31.282,4.855
2026-01-14 16:32:31.299,4.869
2026-01-14 16:32:31.317,4.879
2026-01-14 16:32:31.317,4.902
2026-01-14 16:32:31.334,4.917
2026-01-14 16:32:31.350,4.93
2026-01-14 16:32:31.350,4.947
2026-01-14 16:32:31.367,4.966
2026-01-14 16:32:31.383,4.988
2026-01-14 16:32:31.399,5.012
2026-01-14 16:32:31.400,5.022
2026-01-14 16:32:31.416,5.038
2026-01-14 16:32:31.459,5.067
2026-01-14 16:32:31.459,5.091
2026-01-14 16:32:31.460,5.135
2026-01-14 16:32:31.460,5.195
2026-01-14 16:32:31.483,5.232
2026-01-14 16:32:31.483,5.264
2026-01-14 16:32:31.499,5.328
2026-01-14 16:32:31.516,5.354
2026-01-14 16:32:31.518,5.34
2026-01-14 16:32:31.533,5.344
2026-01-14 16:32:31.550,5.351
2026-01-14 16:32:31.566,5.359
2026-01-14 16:32:31.567,5.362
2026-01-14 16:32:31.583,5.367
2026-01-14 16:32:31.599,5.382
2026-01-14 16:32:31.616,5.403
2026-01-14 16:32:31.616,5.427
2026-01-14 16:32:31.634,5.45
2026-01-14 16:32:31.650,5.478
2026-01-14 16:32:31.650,5.499
2026-01-14 16:32:31.667,5.524
2026-01-14 16:32:31.684,5.555
2026-01-14 16:32:31.685,5.584
2026-01-14 16:32:31.700,5.609
2026-01-14 16:32:31.717,5.647
2026-01-14 16:32:31.733,5.672
2026-01-14 16:32:31.734,5.709
2026-01-14 16:32:31.749,5.744
2026-01-14 16:32:31.766,5.776
2026-01-14 16:32:31.783,5.807
2026-01-14 16:32:31.783,5.841
2026-01-14 16:32:31.799,5.873
2026-01-14 16:32:31.817,5.92
2026-01-14 16:32:31.817,5.954
2026-01-14 16:32:31.833,5.988
2026-01-14 16:32:31.853,6.026
2026-01-14 16:32:31.853,6.066
2026-01-14 16:32:31.866,6.107
2026-01-14 16:32:31.884,6.149
2026-01-14 16:32:31.900,6.212
2026-01-14 16:32:31.916,6.272
2026-01-14 16:32:31.916,6.304
2026-01-14 16:32:31.934,6.302
2026-01-14 16:32:31.950,6.309
2026-01-14 16:32:31.950,6.317
2026-01-14 16:32:31.968,6.334
2026-01-14 16:32:31.984,6.347
2026-01-14 16:32:32.000,6.349
2026-01-14 16:32:32.001,6.36
2026-01-14 16:32:32.017,6.361
2026-01-14 16:32:32.033,6.36
2026-01-14 16:32:32.034,6.366
2026-01-14 16:32:32.049,6.37
2026-01-14 16:32:32.068,6.373
2026-01-14 16:32:32.083,6.379
2026-01-14 16:32:32.084,6.382
2026-01-14 16:32:32.100,6.392
2026-01-14 16:32:32.117,6.401
2026-01-14 16:32:32.118,6.416
2026-01-14 16:32:32.133,6.437
2026-01-14 16:32:32.152,6.46
2026-01-14 16:32:32.167,6.466
2026-01-14 16:32:32.168,6.463
2026-01-14 16:32:32.184,6.467
2026-01-14 16:32:32.200,6.475
2026-01-14 16:32:32.216,6.481
2026-01-14 16:32:32.217,6.475
2026-01-14 16:32:32.232,6.471
2026-01-14 16:32:32.250,6.462
2026-01-14 16:32:32.250,6.454
2026-01-14 16:32:32.268,6.451
2026-01-14 16:32:32.284,6.448
2026-01-14 16:32:32.300,6.447
2026-01-14 16:32:32.300,6.44
2026-01-14 16:32:32.316,6.43
2026-01-14 16:32:32.334,6.422
2026-01-14 16:32:32.334,6.422
2026-01-14 16:32:32.349,6.42
2026-01-14 16:32:32.367,6.416
2026-01-14 16:32:32.382,6.413
2026-01-14 16:32:32.383,6.407
2026-01-14 16:32:32.400,6.419
2026-01-14 16:32:32.416,6.454
2026-01-14 16:32:32.433,6.527
2026-01-14 16:32:32.434,6.614
2026-01-14 16:32:32.449,6.656
2026-01-14 16:32:32.466,6.716
2026-01-14 16:32:32.466,6.716
2026-01-14 16:32:32.482,6.702
2026-01-14 16:32:32.500,6.678
2026-01-14 16:32:32.500,6.668
2026-01-14 16:32:32.517,6.658
2026-01-14 16:32:32.534,6.649
2026-01-14 16:32:32.550,6.637
2026-01-14 16:32:32.550,6.619
2026-01-14 16:32:32.567,6.618
2026-01-14 16:32:32.584,6.61
2026-01-14 16:32:32.601,6.604
2026-01-14 16:32:32.601,6.602
2026-01-14 16:32:32.617,6.604
2026-01-14 16:32:32.634,6.595
2026-01-14 16:32:32.634,6.601
2026-01-14 16:32:32.649,6.613
2026-01-14 16:32:32.667,6.629
2026-01-14 16:32:32.683,6.64
2026-01-14 16:32:32.683,6.656
2026-01-14 16:32:32.701,6.676
2026-01-14 16:32:32.716,6.707
2026-01-14 16:32:32.732,6.733
2026-01-14 16:32:32.732,6.759
2026-01-14 16:32:32.750,6.783
2026-01-14 16:32:32.767,6.794
2026-01-14 16:32:32.767,6.787
2026-01-14 16:32:32.783,6.793
2026-01-14 16:32:32.846,6.879
2026-01-14 16:32:32.847,6.967
2026-01-14 16:32:32.848,7.001
2026-01-14 16:32:32.848,7.038
2026-01-14 16:32:32.848,7.086
2026-01-14 16:32:32.849,7.099
2026-01-14 16:32:32.862,7.08
2026-01-14 16:32:32.883,7.075
2026-01-14 16:32:32.884,7.077
2026-01-14 16:32:32.900,7.081
2026-01-14 16:32:32.917,7.092
2026-01-14 16:32:32.932,7.101
2026-01-14 16:32:32.933,7.118
2026-01-14 16:32:32.950,7.144
2026-01-14 16:32:32.967,7.172
2026-01-14 16:32:32.982,7.202
2026-01-14 16:32:32.983,7.228
2026-01-14 16:32:32.999,7.251
2026-01-14 16:32:33.016,7.273
2026-01-14 16:32:33.033,7.299
2026-01-14 16:32:33.034,7.319
2026-01-14 16:32:33.049,7.345
2026-01-14 16:32:33.066,7.378
2026-01-14 16:32:33.066,7.426
2026-01-14 16:32:33.083,7.466
2026-01-14 16:32:33.099,7.509
2026-01-14 16:32:33.116,7.548
2026-01-14 16:32:33.117,7.574
2026-01-14 16:32:33.133,7.607
2026-01-14 16:32:33.149,7.689
2026-01-14 16:32:33.149,7.696
2026-01-14 16:32:33.167,7.699
2026-01-14 16:32:33.184,7.713
2026-01-14 16:32:33.201,7.727
2026-01-14 16:32:33.201,7.736
2026-01-14 16:32:33.217,7.756
2026-01-14 16:32:33.232,7.776
2026-01-14 16:32:33.233,7.796
2026-01-14 16:32:33.249,7.813
2026-01-14 16:32:33.266,7.83
2026-01-14 16:32:33.283,7.845
2026-01-14 16:32:33.284,7.857
2026-01-14 16:32:33.300,7.866
2026-01-14 16:32:33.315,7.867
2026-01-14 16:32:33.332,7.871
2026-01-14 16:32:33.332,7.87
2026-01-14 16:32:33.350,7.869
2026-01-14 16:32:33.367,7.861
2026-01-14 16:32:33.367,7.858
2026-01-14 16:32:33.382,7.849
2026-01-14 16:32:33.402,7.835
2026-01-14 16:32:33.402,7.824
2026-01-14 16:32:33.417,7.812
2026-01-14 16:32:33.433,7.801
2026-01-14 16:32:33.448,7.796
2026-01-14 16:32:33.449,7.789
2026-01-14 16:32:33.468,7.778
2026-01-14 16:32:33.481,7.773
2026-01-14 16:32:33.498,7.777
2026-01-14 16:32:33.498,7.797
2026-01-14 16:32:33.518,7.844
2026-01-14 16:32:33.533,7.849
2026-01-14 16:32:33.534,7.842
2026-01-14 16:32:33.550,7.841
2026-01-14 16:32:33.568,7.833
2026-01-14 16:32:33.583,7.822
2026-01-14 16:32:33.583,7.807
2026-01-14 16:32:33.600,7.802
2026-01-14 16:32:33.618,7.789
2026-01-14 16:32:33.618,7.778
2026-01-14 16:32:33.633,7.766
2026-01-14 16:32:33.650,7.76
2026-01-14 16:32:33.666,7.749
2026-01-14 16:32:33.667,7.727
2026-01-14 16:32:33.686,7.721
2026-01-14 16:32:33.699,7.73
2026-01-14 16:32:33.718,7.739
2026-01-14 16:32:33.718,7.743
2026-01-14 16:32:33.732,7.741
2026-01-14 16:32:33.750,7.735
2026-01-14 16:32:33.751,7.739
2026-01-14 16:32:33.767,7.748
2026-01-14 16:32:33.782,7.758
2026-01-14 16:32:33.800,7.765
2026-01-14 16:32:33.800,7.774
2026-01-14 16:32:33.815,7.775
2026-01-14 16:32:33.837,7.793
2026-01-14 16:32:33.837,7.791
2026-01-14 16:32:33.849,7.804
2026-01-14 16:32:33.865,7.823
2026-01-14 16:32:33.881,7.834
2026-01-14 16:32:33.882,7.844
2026-01-14 16:32:33.900,7.859
2026-01-14 16:32:33.916,7.869
2026-01-14 16:32:33.932,7.881
2026-01-14 16:32:33.932,7.895
2026-01-14 16:32:33.949,7.905
2026-01-14 16:32:33.966,7.918
2026-01-14 16:32:33.967,7.936
2026-01-14 16:32:33.981,7.954
2026-01-14 16:32:33.999,7.963
2026-01-14 16:32:34.015,7.973
2026-01-14 16:32:34.015,7.992
2026-01-14 16:32:34.031,8.013
2026-01-14 16:32:34.049,8.025
2026-01-14 16:32:34.049,8.032
2026-01-14 16:32:34.065,8.048
2026-01-14 16:32:34.082,8.07
2026-01-14 16:32:34.099,8.071
2026-01-14 16:32:34.100,8.09
2026-01-14 16:32:34.116,8.102
2026-01-14 16:32:34.131,8.117
2026-01-14 16:32:34.149,8.137
2026-01-14 16:32:34.150,8.154
2026-01-14 16:32:34.191,8.175
2026-01-14 16:32:34.192,8.192
2026-01-14 16:32:34.192,8.21
2026-01-14 16:32:34.202,8.235
2026-01-14 16:32:34.216,8.253
2026-01-14 16:32:34.217,8.275
2026-01-14 16:32:34.233,8.297
2026-01-14 16:32:34.250,8.322
2026-01-14 16:32:34.267,8.344
2026-01-14 16:32:34.268,8.359
2026-01-14 16:32:34.284,8.388
2026-01-14 16:32:34.301,8.409
2026-01-14 16:32:34.303,8.423
2026-01-14 16:32:34.316,8.439
2026-01-14 16:32:34.332,8.457
2026-01-14 16:32:34.349,8.47
2026-01-14 16:32:34.350,8.486
2026-01-14 16:32:34.366,8.492
2026-01-14 16:32:34.383,8.503
2026-01-14 16:32:34.399,8.507
2026-01-14 16:32:34.400,8.513
2026-01-14 16:32:34.416,8.518
2026-01-14 16:32:34.435,8.52
2026-01-14 16:32:34.435,8.526
2026-01-14 16:32:34.448,8.533
2026-01-14 16:32:34.465,8.538
2026-01-14 16:32:34.482,8.545
2026-01-14 16:32:34.482,8.554
2026-01-14 16:32:34.499,8.571
2026-01-14 16:32:34.516,8.575
2026-01-14 16:32:34.531,8.582
2026-01-14 16:32:34.532,8.583
2026-01-14 16:32:34.548,8.594
2026-01-14 16:32:34.565,8.596
2026-01-14 16:32:34.566,8.604
2026-01-14 16:32:34.582,8.606
2026-01-14 16:32:34.599,8.613
2026-01-14 16:32:34.616,8.617
2026-01-14 16:32:34.617,8.623
2026-01-14 16:32:34.632,8.621
2026-01-14 16:32:34.648,8.627
2026-01-14 16:32:34.649,8.629
2026-01-14 16:32:34.665,8.633
2026-01-14 16:32:34.682,8.629
2026-01-14 16:32:34.698,8.627
2026-01-14 16:32:34.699,8.632
2026-01-14 16:32:34.716,8.632
2026-01-14 16:32:34.732,8.632
2026-01-14 16:32:34.733,8.632
2026-01-14 16:32:34.749,8.638
2026-01-14 16:32:34.766,8.636
2026-01-14 16:32:34.782,8.639
2026-01-14 16:32:34.783,8.635
2026-01-14 16:32:34.800,8.631
2026-01-14 16:32:34.816,8.631
2026-01-14 16:32:34.817,8.637
2026-01-14 16:32:34.839,8.637
2026-01-14 16:32:34.848,8.646
2026-01-14 16:32:34.865,8.651
2026-01-14 16:32:34.866,8.654
2026-01-14 16:32:34.883,8.654
2026-01-14 16:32:34.899,8.649
2026-01-14 16:32:34.915,8.659
2026-01-14 16:32:34.915,8.674
2026-01-14 16:32:34.932,8.693
2026-01-14 16:32:34.948,8.71
2026-01-14 16:32:34.948,8.714
2026-01-14 16:32:34.965,8.722
2026-01-14 16:32:34.982,8.721
2026-01-14 16:32:34.999,8.723
2026-01-14 16:32:34.999,8.729
2026-01-14 16:32:35.016,8.742
2026-01-14 16:32:35.033,8.761
2026-01-14 16:32:35.034,8.781
2026-01-14 16:32:35.048,8.797
2026-01-14 16:32:35.065,8.813
2026-01-14 16:32:35.082,8.83
2026-01-14 16:32:35.083,8.838
2026-01-14 16:32:35.098,8.843
2026-01-14 16:32:35.116,8.856
2026-01-14 16:32:35.117,8.871
2026-01-14 16:32:35.133,8.879
2026-01-14 16:32:35.149,8.898
2026-01-14 16:32:35.166,8.913
2026-01-14 16:32:35.166,8.922
2026-01-14 16:32:35.183,8.911
2026-01-14 16:32:35.200,8.906
2026-01-14 16:32:35.216,8.916
2026-01-14 16:32:35.217,8.942
2026-01-14 16:32:35.233,8.955
2026-01-14 16:32:35.249,8.954
2026-01-14 16:32:35.250,8.932
2026-01-14 16:32:35.265,8.937
2026-01-14 16:32:35.283,8.95
2026-01-14 16:32:35.300,8.952
2026-01-14 16:32:35.301,8.95
2026-01-14 16:32:35.317,8.945
2026-01-14 16:32:35.333,8.939
2026-01-14 16:32:35.333,8.945
2026-01-14 16:32:35.350,8.948
2026-01-14 16:32:35.367,8.947
2026-01-14 16:32:35.384,8.942
2026-01-14 16:32:35.384,8.945
2026-01-14 16:32:35.401,8.939
2026-01-14 16:32:35.415,8.943
2026-01-14 16:32:35.433,8.947
2026-01-14 16:32:35.434,8.956
2026-01-14 16:32:35.449,8.963
2026-01-14 16:32:35.466,8.973
2026-01-14 16:32:35.466,8.977
2026-01-14 16:32:35.481,8.981
2026-01-14 16:32:35.498,8.99
2026-01-14 16:32:35.516,8.995
2026-01-14 16:32:35.516,8.996
2026-01-14 16:32:35.555,9.0
2026-01-14 16:32:35.556,9.006
2026-01-14 16:32:35.556,9.007
2026-01-14 16:32:35.563,9.008
2026-01-14 16:32:35.582,9.014
2026-01-14 16:32:35.599,9.022
2026-01-14 16:32:35.599,9.03
2026-01-14 16:32:35.616,9.037
2026-01-14 16:32:35.632,9.044
2026-01-14 16:32:35.633,9.057
2026-01-14 16:32:35.650,9.059
2026-01-14 16:32:35.666,9.069
2026-01-14 16:32:35.682,9.068
2026-01-14 16:32:35.682,9.067
2026-01-14 16:32:35.700,9.071
2026-01-14 16:32:35.716,9.071
2026-01-14 16:32:35.717,9.082
2026-01-14 16:32:35.732,9.087
2026-01-14 16:32:35.750,9.103
2026-01-14 16:32:35.766,9.109
2026-01-14 16:32:35.767,9.115
2026-01-14 16:32:35.784,9.122
2026-01-14 16:32:35.800,9.123
2026-01-14 16:32:35.816,9.125
2026-01-14 16:32:35.817,9.131
2026-01-14 16:32:35.833,9.141
2026-01-14 16:32:35.856,9.148
2026-01-14 16:32:35.857,9.149
2026-01-14 16:32:35.866,9.154
2026-01-14 16:32:35.882,9.154
2026-01-14 16:32:35.902,9.161
2026-01-14 16:32:35.902,9.161
2026-01-14 16:32:35.917,9.162
2026-01-14 16:32:35.932,9.162
2026-01-14 16:32:35.934,9.164
2026-01-14 16:32:35.948,9.17
2026-01-14 16:32:35.964,9.176
2026-01-14 16:32:35.982,9.182
2026-01-14 16:32:35.982,9.185
2026-01-14 16:32:36.000,9.196
2026-01-14 16:32:36.016,9.2
2026-01-14 16:32:36.033,9.201
2026-01-14 16:32:36.033,9.207
2026-01-14 16:32:36.050,9.217
2026-01-14 16:32:36.066,9.218
2026-01-14 16:32:36.066,9.227
2026-01-14 16:32:36.083,9.239
2026-01-14 16:32:36.100,9.245
2026-01-14 16:32:36.101,9.258
2026-01-14 16:32:36.116,9.274
2026-01-14 16:32:36.133,9.281
2026-01-14 16:32:36.149,9.286
2026-01-14 16:32:36.150,9.294
2026-01-14 16:32:36.165,9.309
2026-01-14 16:32:36.182,9.324
2026-01-14 16:32:36.198,9.349
2026-01-14 16:32:36.198,9.37
2026-01-14 16:32:36.215,9.383
2026-01-14 16:32:36.232,9.387
2026-01-14 16:32:36.233,9.391
2026-01-14 16:32:36.248,9.399
2026-01-14 16:32:36.266,9.424
2026-01-14 16:32:36.282,9.447
2026-01-14 16:32:36.283,9.49
2026-01-14 16:32:36.298,9.54
2026-01-14 16:32:36.315,9.584
2026-01-14 16:32:36.332,9.628
2026-01-14 16:32:36.332,9.649
2026-01-14 16:32:36.348,9.632
2026-01-14 16:32:36.365,9.604
2026-01-14 16:32:36.366,9.596
2026-01-14 16:32:36.382,9.567
2026-01-14 16:32:36.399,9.562
2026-01-14 16:32:36.400,9.581
2026-01-14 16:32:36.416,9.596
2026-01-14 16:32:36.432,9.629
2026-01-14 16:32:36.449,9.633
2026-01-14 16:32:36.449,9.607
2026-01-14 16:32:36.467,9.581
2026-01-14 16:32:36.482,9.565
2026-01-14 16:32:36.500,9.551
2026-01-14 16:32:36.500,9.552
2026-01-14 16:32:36.516,9.545
2026-01-14 16:32:36.533,9.544
2026-01-14 16:32:36.534,9.526
2026-01-14 16:32:36.548,9.528
2026-01-14 16:32:36.564,9.518
2026-01-14 16:32:36.583,9.51
2026-01-14 16:32:36.583,9.5
2026-01-14 16:32:36.599,9.497
2026-01-14 16:32:36.616,9.492
2026-01-14 16:32:36.617,9.482
2026-01-14 16:32:36.632,9.478
2026-01-14 16:32:36.650,9.471
2026-01-14 16:32:36.666,9.466
2026-01-14 16:32:36.666,9.467
2026-01-14 16:32:36.682,9.462
2026-01-14 16:32:36.700,9.462
2026-01-14 16:32:36.701,9.465
2026-01-14 16:32:36.715,9.467
2026-01-14 16:32:36.732,9.474
2026-01-14 16:32:36.749,9.479
2026-01-14 16:32:36.750,9.484
2026-01-14 16:32:36.765,9.49
2026-01-14 16:32:36.783,9.5
2026-01-14 16:32:36.799,9.496
2026-01-14 16:32:36.799,9.498
2026-01-14 16:32:36.815,9.499
2026-01-14 16:32:36.832,9.511
2026-01-14 16:32:36.857,9.519
2026-01-14 16:32:36.857,9.519
2026-01-14 16:32:36.857,9.528
2026-01-14 16:32:36.883,9.535
2026-01-14 16:32:36.884,9.539
2026-01-14 16:32:36.911,9.548
2026-01-14 16:32:36.913,9.547
2026-01-14 16:32:36.923,9.554
2026-01-14 16:32:36.933,9.565
2026-01-14 16:32:36.948,9.567
2026-01-14 16:32:36.966,9.574
2026-01-14 16:32:36.967,9.581
2026-01-14 16:32:36.982,9.586
2026-01-14 16:32:36.998,9.593
2026-01-14 16:32:37.017,9.6
2026-01-14 16:32:37.017,9.608
2026-01-14 16:32:37.032,9.617
2026-01-14 16:32:37.049,9.619
2026-01-14 16:32:37.050,9.62
2026-01-14 16:32:37.067,9.619
2026-01-14 16:32:37.082,9.627
2026-01-14 16:32:37.099,9.633
2026-01-14 16:32:37.100,9.634
2026-01-14 16:32:37.115,9.636
2026-01-14 16:32:37.133,9.643
2026-01-14 16:32:37.134,9.64
2026-01-14 16:32:37.148,9.641
2026-01-14 16:32:37.165,9.636
2026-01-14 16:32:37.182,9.637
2026-01-14 16:32:37.182,9.636
2026-01-14 16:32:37.198,9.645
2026-01-14 16:32:37.216,9.648
2026-01-14 16:32:37.217,9.649
2026-01-14 16:32:37.232,9.65
2026-01-14 16:32:37.252,9.653
2026-01-14 16:32:37.252,9.664
2026-01-14 16:32:37.266,9.668
2026-01-14 16:32:37.282,9.675
2026-01-14 16:32:37.298,9.68
2026-01-14 16:32:37.315,9.689
2026-01-14 16:32:37.316,9.7
2026-01-14 16:32:37.333,9.71
2026-01-14 16:32:37.348,9.716
2026-01-14 16:32:37.367,9.71
2026-01-14 16:32:37.368,9.715
2026-01-14 16:32:37.381,9.719
2026-01-14 16:32:37.399,9.721
2026-01-14 16:32:37.400,9.729
2026-01-14 16:32:37.417,9.733
2026-01-14 16:32:37.432,9.746
2026-01-14 16:32:37.433,9.751
2026-01-14 16:32:37.449,9.767
2026-01-14 16:32:37.466,9.772
2026-01-14 16:32:37.482,9.759
2026-01-14 16:32:37.482,9.742
2026-01-14 16:32:37.500,9.731
2026-01-14 16:32:37.516,9.72
2026-01-14 16:32:37.517,9.719
2026-01-14 16:32:37.532,9.71
2026-01-14 16:32:37.549,9.698
2026-01-14 16:32:37.566,9.695
2026-01-14 16:32:37.567,9.694
2026-01-14 16:32:37.582,9.697
2026-01-14 16:32:37.600,9.702
2026-01-14 16:32:37.601,9.703
2026-01-14 16:32:37.615,9.712
2026-01-14 16:32:37.633,9.718
2026-01-14 16:32:37.649,9.727
2026-01-14 16:32:37.650,9.741
2026-01-14 16:32:37.666,9.741
2026-01-14 16:32:37.682,9.751
2026-01-14 16:32:37.699,9.76
2026-01-14 16:32:37.699,9.772
2026-01-14 16:32:37.716,9.781
2026-01-14 16:32:37.732,9.778
2026-01-14 16:32:37.733,9.78
2026-01-14 16:32:37.749,9.781
2026-01-14 16:32:37.766,9.777
2026-01-14 16:32:37.782,9.782
2026-01-14 16:32:37.783,9.788
2026-01-14 16:32:37.799,9.789
2026-01-14 16:32:37.816,9.802
2026-01-14 16:32:37.817,9.804
2026-01-14 16:32:37.832,9.818
2026-01-14 16:32:37.857,9.833
2026-01-14 16:32:37.857,9.829
2026-01-14 16:32:37.865,9.839
2026-01-14 16:32:37.883,9.85
2026-01-14 16:32:37.898,9.852
2026-01-14 16:32:37.916,9.866
2026-01-14 16:32:37.917,9.87
2026-01-14 16:32:37.932,9.876
2026-01-14 16:32:37.949,9.875
2026-01-14 16:32:37.950,9.88
2026-01-14 16:32:37.965,9.898
2026-01-14 16:32:37.982,9.901
2026-01-14 16:32:38.000,9.924
2026-01-14 16:32:38.000,9.946
2026-01-14 16:32:38.016,9.953
2026-01-14 16:32:38.033,9.962
2026-01-14 16:32:38.034,9.974
2026-01-14 16:32:38.048,9.989
2026-01-14 16:32:38.066,9.996
2026-01-14 16:32:38.082,9.996
2026-01-14 16:32:38.082,10.003
2026-01-14 16:32:38.099,10.005
2026-01-14 16:32:38.116,10.011
2026-01-14 16:32:38.118,10.01
2026-01-14 16:32:38.132,10.012
2026-01-14 16:32:38.150,10.012
2026-01-14 16:32:38.166,10.014
2026-01-14 16:32:38.167,10.022
2026-01-14 16:32:38.181,10.026
2026-01-14 16:32:38.198,10.031
2026-01-14 16:32:38.217,10.046
2026-01-14 16:32:38.231,10.049
2026-01-14 16:32:38.250,10.056
2026-01-14 16:32:38.250,10.066
2026-01-14 16:32:38.278,10.072
2026-01-14 16:32:38.279,10.087
2026-01-14 16:32:38.289,10.094
2026-01-14 16:32:38.298,10.104
2026-01-14 16:32:38.315,10.109
2026-01-14 16:32:38.332,10.118
2026-01-14 16:32:38.334,10.125
2026-01-14 16:32:38.351,10.136
2026-01-14 16:32:38.366,10.14
2026-01-14 16:32:38.383,10.141
2026-01-14 16:32:38.384,10.143
2026-01-14 16:32:38.399,10.145
2026-01-14 16:32:38.416,10.148
2026-01-14 16:32:38.417,10.152
2026-01-14 16:32:38.432,10.159
2026-01-14 16:32:38.448,10.162
2026-01-14 16:32:38.466,10.168
2026-01-14 16:32:38.466,10.171
2026-01-14 16:32:38.483,10.177
2026-01-14 16:32:38.498,10.185
2026-01-14 16:32:38.515,10.194
2026-01-14 16:32:38.515,10.197
2026-01-14 16:32:38.532,10.201
2026-01-14 16:32:38.549,10.206
2026-01-14 16:32:38.549,10.217
2026-01-14 16:32:38.565,10.218
2026-01-14 16:32:38.581,10.209
2026-01-14 16:32:38.599,10.206
2026-01-14 16:32:38.599,10.193
2026-01-14 16:32:38.614,10.184
2026-01-14 16:32:38.632,10.191
2026-01-14 16:32:38.648,10.201
2026-01-14 16:32:38.648,10.207
2026-01-14 16:32:38.664,10.217
2026-01-14 16:32:38.682,10.228
2026-01-14 16:32:38.684,10.229
2026-01-14 16:32:38.698,10.242
2026-01-14 16:32:38.717,10.246
2026-01-14 16:32:38.718,10.241
2026-01-14 16:32:38.732,10.236
2026-01-14 16:32:38.765,10.231
2026-01-14 16:32:38.766,10.223
2026-01-14 16:32:38.781,10.213
2026-01-14 16:32:38.799,10.207
2026-01-14 16:32:38.814,10.203
2026-01-14 16:32:38.814,10.211
2026-01-14 16:32:38.831,10.218
2026-01-14 16:32:38.853,10.225
2026-01-14 16:32:38.854,10.227
2026-01-14 16:32:38.864,10.229
2026-01-14 16:32:38.881,10.238
2026-01-14 16:32:38.898,10.243
2026-01-14 16:32:38.899,10.243
2026-01-14 16:32:38.916,10.251
2026-01-14 16:32:38.932,10.256
2026-01-14 16:32:38.933,10.263
2026-01-14 16:32:38.965,10.273
2026-01-14 16:32:38.981,10.284
2026-01-14 16:32:38.981,10.298
2026-01-14 16:32:38.998,10.315
2026-01-14 16:32:39.015,10.346
2026-01-14 16:32:39.031,10.366
2026-01-14 16:32:39.031,10.382
2026-01-14 16:32:39.047,10.406
2026-01-14 16:32:39.064,10.42
2026-01-14 16:32:39.064,10.435
2026-01-14 16:32:39.081,10.451
2026-01-14 16:32:39.098,10.46
2026-01-14 16:32:39.114,10.468
2026-01-14 16:32:39.115,10.474
2026-01-14 16:32:39.131,10.48
2026-01-14 16:32:39.148,10.484
2026-01-14 16:32:39.149,10.481
2026-01-14 16:32:39.165,10.479
2026-01-14 16:32:39.183,10.475
2026-01-14 16:32:39.198,10.47
2026-01-14 16:32:39.199,10.463
2026-01-14 16:32:39.215,10.455
2026-01-14 16:32:39.232,10.461
2026-01-14 16:32:39.233,10.465
2026-01-14 16:32:39.247,10.465
2026-01-14 16:32:39.265,10.463
2026-01-14 16:32:39.282,10.481
2026-01-14 16:32:39.282,10.504
2026-01-14 16:32:39.296,10.525
2026-01-14 16:32:39.315,10.535
2026-01-14 16:32:39.331,10.553
2026-01-14 16:32:39.332,10.563
2026-01-14 16:32:39.348,10.587
2026-01-14 16:32:39.364,10.598
2026-01-14 16:32:39.365,10.612
2026-01-14 16:32:39.381,10.622
2026-01-14 16:32:39.398,10.633
2026-01-14 16:32:39.415,10.642
2026-01-14 16:32:39.415,10.649
2026-01-14 16:32:39.433,10.657
2026-01-14 16:32:39.449,10.671
2026-01-14 16:32:39.450,10.677
2026-01-14 16:32:39.465,10.684
2026-01-14 16:32:39.481,10.695
2026-01-14 16:32:39.498,10.705
2026-01-14 16:32:39.498,10.715
2026-01-14 16:32:39.515,10.728
2026-01-14 16:32:39.531,10.736
2026-01-14 16:32:39.549,10.743
2026-01-14 16:32:39.549,10.756
2026-01-14 16:32:39.566,10.767
2026-01-14 16:32:39.582,10.772
2026-01-14 16:32:39.583,10.781
2026-01-14 16:32:39.597,10.79
2026-01-14 16:32:39.615,10.802
2026-01-14 16:32:39.655,10.806
2026-01-14 16:32:39.655,10.821
2026-01-14 16:32:39.656,10.825
2026-01-14 16:32:39.656,10.822
2026-01-14 16:32:39.665,10.836
2026-01-14 16:32:39.682,10.841
2026-01-14 16:32:39.699,10.849
2026-01-14 16:32:39.716,10.861
2026-01-14 16:32:39.717,10.858
2026-01-14 16:32:39.731,10.866
2026-01-14 16:32:39.748,10.869
2026-01-14 16:32:39.750,10.875
2026-01-14 16:32:39.765,10.882
2026-01-14 16:32:39.781,10.886
2026-01-14 16:32:39.798,10.888
2026-01-14 16:32:39.798,10.894
2026-01-14 16:32:39.815,10.897
2026-01-14 16:32:39.832,10.905
2026-01-14 16:32:39.833,10.913
2026-01-14 16:32:39.855,10.913
2026-01-14 16:32:39.857,10.91
2026-01-14 16:32:39.881,10.896
2026-01-14 16:32:39.882,10.878
2026-01-14 16:32:39.897,10.86
2026-01-14 16:32:39.914,10.847
2026-01-14 16:32:39.932,10.846
2026-01-14 16:32:39.932,10.841
2026-01-14 16:32:39.947,10.839
2026-01-14 16:32:39.964,10.84
2026-01-14 16:32:39.964,10.839
2026-01-14 16:32:39.980,10.838
2026-01-14 16:32:39.999,10.831
2026-01-14 16:32:40.015,10.83
2026-01-14 16:32:40.016,10.824
2026-01-14 16:32:40.031,10.833
2026-01-14 16:32:40.049,10.835
2026-01-14 16:32:40.050,10.842
2026-01-14 16:32:40.066,10.85
2026-01-14 16:32:40.081,10.861
2026-01-14 16:32:40.098,10.869
2026-01-14 16:32:40.099,10.874
2026-01-14 16:32:40.116,10.879
2026-01-14 16:32:40.132,10.876
2026-01-14 16:32:40.133,10.862
2026-01-14 16:32:40.148,10.86
2026-01-14 16:32:40.165,10.863
2026-01-14 16:32:40.181,10.871
2026-01-14 16:32:40.182,10.878
2026-01-14 16:32:40.198,10.888
2026-01-14 16:32:40.215,10.895
2026-01-14 16:32:40.216,10.902
2026-01-14 16:32:40.232,10.915
2026-01-14 16:32:40.252,10.923
2026-01-14 16:32:40.253,10.934
2026-01-14 16:32:40.265,10.948
2026-01-14 16:32:40.282,10.96
2026-01-14 16:32:40.299,10.972
2026-01-14 16:32:40.316,10.972
2026-01-14 16:32:40.316,10.979
2026-01-14 16:32:40.332,10.994
2026-01-14 16:32:40.349,11.001
2026-01-14 16:32:40.349,10.999
2026-01-14 16:32:40.365,11.0
2026-01-14 16:32:40.382,11.002
2026-01-14 16:32:40.399,11.009
2026-01-14 16:32:40.400,11.011
2026-01-14 16:32:40.416,11.015
2026-01-14 16:32:40.432,11.016
2026-01-14 16:32:40.433,11.017
2026-01-14 16:32:40.448,11.021
2026-01-14 16:32:40.464,11.03
2026-01-14 16:32:40.480,11.059
2026-01-14 16:32:40.481,11.088
2026-01-14 16:32:40.498,11.112
2026-01-14 16:32:40.515,11.123
2026-01-14 16:32:40.532,11.13
2026-01-14 16:32:40.532,11.134
2026-01-14 16:32:40.549,11.143
2026-01-14 16:32:40.566,11.161
2026-01-14 16:32:40.567,11.169
2026-01-14 16:32:40.581,11.185
2026-01-14 16:32:40.597,11.2
2026-01-14 16:32:40.615,11.214
2026-01-14 16:32:40.615,11.232
2026-01-14 16:32:40.631,11.259
2026-01-14 16:32:40.647,11.279
2026-01-14 16:32:40.665,11.3
2026-01-14 16:32:40.665,11.315
2026-01-14 16:32:40.681,11.338
2026-01-14 16:32:40.698,11.354
2026-01-14 16:32:40.698,11.36
2026-01-14 16:32:40.716,11.381
2026-01-14 16:32:40.732,11.391
2026-01-14 16:32:40.733,11.405
2026-01-14 16:32:40.748,11.417
2026-01-14 16:32:40.764,11.44
2026-01-14 16:32:40.780,11.457
2026-01-14 16:32:40.780,11.479
2026-01-14 16:32:40.797,11.508
2026-01-14 16:32:40.815,11.531
2026-01-14 16:32:40.831,11.552
2026-01-14 16:32:40.831,11.576
2026-01-14 16:32:40.851,11.597
2026-01-14 16:32:40.863,11.62
2026-01-14 16:32:40.880,11.631
2026-01-14 16:32:40.881,11.648
2026-01-14 16:32:40.898,11.658
2026-01-14 16:32:40.914,11.672
2026-01-14 16:32:40.914,11.682
2026-01-14 16:32:40.931,11.687
2026-01-14 16:32:40.947,11.693
2026-01-14 16:32:40.965,11.703
2026-01-14 16:32:40.965,11.719
2026-01-14 16:32:41.007,11.723
2026-01-14 16:32:41.007,11.741
2026-01-14 16:32:41.007,11.746
2026-01-14 16:32:41.013,11.757
2026-01-14 16:32:41.031,11.769
2026-01-14 16:32:41.048,11.78
2026-01-14 16:32:41.049,11.791
2026-01-14 16:32:41.064,11.797
2026-01-14 16:32:41.080,11.802
2026-01-14 16:32:41.081,11.805
2026-01-14 16:32:41.098,11.809
2026-01-14 16:32:41.114,11.817
2026-01-14 16:32:41.131,11.826
2026-01-14 16:32:41.131,11.829
2026-01-14 16:32:41.147,11.825
2026-01-14 16:32:41.164,11.809
2026-01-14 16:32:41.181,11.804
2026-01-14 16:32:41.181,11.803
2026-01-14 16:32:41.197,11.797
2026-01-14 16:32:41.214,11.791
2026-01-14 16:32:41.214,11.788
2026-01-14 16:32:41.231,11.785
2026-01-14 16:32:41.247,11.782
2026-01-14 16:32:41.264,11.777
2026-01-14 16:32:41.265,11.786
2026-01-14 16:32:41.281,11.794
2026-01-14 16:32:41.299,11.793
2026-01-14 16:32:41.299,11.787
2026-01-14 16:32:41.314,11.773
2026-01-14 16:32:41.330,11.767
2026-01-14 16:32:41.350,11.772
2026-01-14 16:32:41.350,11.786
2026-01-14 16:32:41.364,11.793
2026-01-14 16:32:41.381,11.799
2026-01-14 16:32:41.381,11.811
2026-01-14 16:32:41.398,11.828
2026-01-14 16:32:41.414,11.837
2026-01-14 16:32:41.430,11.825
2026-01-14 16:32:41.430,11.827
2026-01-14 16:32:41.449,11.841
2026-01-14 16:32:41.465,11.852
2026-01-14 16:32:41.465,11.85
2026-01-14 16:32:41.482,11.854
2026-01-14 16:32:41.499,11.853
2026-01-14 16:32:41.514,11.856
2026-01-14 16:32:41.515,11.869
2026-01-14 16:32:41.532,11.877
2026-01-14 16:32:41.549,11.901
2026-01-14 16:32:41.550,11.908
2026-01-14 16:32:41.564,11.93
2026-01-14 16:32:41.582,11.95
2026-01-14 16:32:41.598,11.962
2026-01-14 16:32:41.599,11.972
2026-01-14 16:32:41.614,11.971
2026-01-14 16:32:41.632,11.971
2026-01-14 16:32:41.633,11.964
2026-01-14 16:32:41.648,11.964
2026-01-14 16:32:41.666,11.968
2026-01-14 16:32:41.682,11.972
2026-01-14 16:32:41.682,11.986
2026-01-14 16:32:41.699,12.008
2026-01-14 16:32:41.715,12.031
2026-01-14 16:32:41.732,12.051
2026-01-14 16:32:41.733,12.064
2026-01-14 16:32:41.748,12.085
2026-01-14 16:32:41.764,12.108
2026-01-14 16:32:41.765,12.131
2026-01-14 16:32:41.781,12.14
2026-01-14 16:32:41.799,12.135
2026-01-14 16:32:41.816,12.129
2026-01-14 16:32:41.816,12.127
2026-01-14 16:32:41.832,12.131
2026-01-14 16:32:41.848,12.14
2026-01-14 16:32:41.850,12.155
2026-01-14 16:32:41.873,12.177
2026-01-14 16:32:41.874,12.187
2026-01-14 16:32:41.885,12.197
2026-01-14 16:32:41.897,12.217
2026-01-14 16:32:41.915,12.232
2026-01-14 16:32:41.931,12.255
2026-01-14 16:32:41.948,12.276
2026-01-14 16:32:41.948,12.294
2026-01-14 16:32:41.965,12.315
2026-01-14 16:32:41.981,12.336
2026-01-14 16:32:41.982,12.355
2026-01-14 16:32:41.999,12.377
2026-01-14 16:32:42.015,12.393
2026-01-14 16:32:42.031,12.402
2026-01-14 16:32:42.031,12.416
2026-01-14 16:32:42.050,12.437
2026-01-14 16:32:42.063,12.458
2026-01-14 16:32:42.082,12.469
2026-01-14 16:32:42.082,12.49
2026-01-14 16:32:42.099,12.511
2026-01-14 16:32:42.117,12.53
2026-01-14 16:32:42.117,12.548
2026-01-14 16:32:42.131,12.562
2026-01-14 16:32:42.150,12.582
2026-01-14 16:32:42.151,12.599
2026-01-14 16:32:42.166,12.615
2026-01-14 16:32:42.181,12.633
2026-01-14 16:32:42.199,12.644
2026-01-14 16:32:42.199,12.662
2026-01-14 16:32:42.214,12.673
2026-01-14 16:32:42.233,12.687
2026-01-14 16:32:42.247,12.705
2026-01-14 16:32:42.265,12.718
2026-01-14 16:32:42.282,12.732
2026-01-14 16:32:42.283,12.745
2026-01-14 16:32:42.297,12.756
2026-01-14 16:32:42.314,12.774
2026-01-14 16:32:42.331,12.782
2026-01-14 16:32:42.332,12.792
2026-01-14 16:32:42.359,12.794
2026-01-14 16:32:42.360,12.809
2026-01-14 16:32:42.369,12.829
2026-01-14 16:32:42.380,12.851
2026-01-14 16:32:42.399,12.851
2026-01-14 16:32:42.415,12.861
2026-01-14 16:32:42.416,12.871
2026-01-14 16:32:42.449,12.884
2026-01-14 16:32:42.450,12.902
2026-01-14 16:32:42.466,12.921
2026-01-14 16:32:42.482,12.928
2026-01-14 16:32:42.498,12.939
2026-01-14 16:32:42.519,12.945
2026-01-14 16:32:42.532,12.962
2026-01-14 16:32:42.533,12.97
2026-01-14 16:32:42.547,12.976
2026-01-14 16:32:42.564,12.986
2026-01-14 16:32:42.581,12.993
2026-01-14 16:32:42.581,13.0
2026-01-14 16:32:42.599,13.008
2026-01-14 16:32:42.615,13.008
2026-01-14 16:32:42.632,13.014
2026-01-14 16:32:42.632,13.015
2026-01-14 16:32:42.648,13.013
2026-01-14 16:32:42.665,13.011
2026-01-14 16:32:42.665,13.005
2026-01-14 16:32:42.682,13.007
2026-01-14 16:32:42.699,13.009
2026-01-14 16:32:42.714,13.016
2026-01-14 16:32:42.714,13.008
2026-01-14 16:32:42.731,13.016
2026-01-14 16:32:42.748,13.035
2026-01-14 16:32:42.749,13.038
2026-01-14 16:32:42.764,13.059
2026-01-14 16:32:42.781,13.082
2026-01-14 16:32:42.798,13.093
2026-01-14 16:32:42.799,13.099
2026-01-14 16:32:42.815,13.119
2026-01-14 16:32:42.832,13.124
2026-01-14 16:32:42.833,13.129
2026-01-14 16:32:42.847,13.147
2026-01-14 16:32:42.865,13.153
2026-01-14 16:32:42.889,13.167
2026-01-14 16:32:42.889,13.188
2026-01-14 16:32:42.897,13.2
2026-01-14 16:32:42.915,13.208
2026-01-14 16:32:42.931,13.215
2026-01-14 16:32:42.932,13.217
2026-01-14 16:32:42.948,13.236
2026-01-14 16:32:42.963,13.252
2026-01-14 16:32:42.981,13.258
2026-01-14 16:32:42.982,13.261
2026-01-14 16:32:43.000,13.259
2026-01-14 16:32:43.001,13.262
2026-01-14 16:32:43.014,13.274
2026-01-14 16:32:43.031,13.289
2026-01-14 16:32:43.047,13.293
2026-01-14 16:32:43.049,13.298
2026-01-14 16:32:43.064,13.309
2026-01-14 16:32:43.081,13.338
2026-01-14 16:32:43.097,13.343
2026-01-14 16:32:43.098,13.354
2026-01-14 16:32:43.114,13.37
2026-01-14 16:32:43.131,13.372
2026-01-14 16:32:43.146,13.385
2026-01-14 16:32:43.147,13.403
2026-01-14 16:32:43.165,13.402
2026-01-14 16:32:43.181,13.413
2026-01-14 16:32:43.182,13.419
2026-01-14 16:32:43.196,13.432
2026-01-14 16:32:43.213,13.453
2026-01-14 16:32:43.230,13.47
2026-01-14 16:32:43.231,13.488
2026-01-14 16:32:43.248,13.506
2026-01-14 16:32:43.265,13.531
2026-01-14 16:32:43.265,13.561
2026-01-14 16:32:43.281,13.579
2026-01-14 16:32:43.314,13.588
2026-01-14 16:32:43.314,13.607
2026-01-14 16:32:43.330,13.628
2026-01-14 16:32:43.347,13.643
2026-01-14 16:32:43.363,13.65
2026-01-14 16:32:43.363,13.666
2026-01-14 16:32:43.380,13.677
2026-01-14 16:32:43.398,13.698
2026-01-14 16:32:43.398,13.709
2026-01-14 16:32:43.415,13.724
2026-01-14 16:32:43.431,13.742
2026-01-14 16:32:43.447,13.762
2026-01-14 16:32:43.447,13.771
2026-01-14 16:32:43.464,13.78
2026-01-14 16:32:43.481,13.796
2026-01-14 16:32:43.481,13.808
2026-01-14 16:32:43.498,13.828
2026-01-14 16:32:43.514,13.847
2026-01-14 16:32:43.531,13.858
2026-01-14 16:32:43.531,13.873
2026-01-14 16:32:43.548,13.889
2026-01-14 16:32:43.565,13.9
2026-01-14 16:32:43.566,13.912
2026-01-14 16:32:43.581,13.922
2026-01-14 16:32:43.598,13.932
2026-01-14 16:32:43.615,13.945
2026-01-14 16:32:43.616,13.96
2026-01-14 16:32:43.632,13.967
2026-01-14 16:32:43.647,13.979
2026-01-14 16:32:43.648,13.993
2026-01-14 16:32:43.665,14.002
2026-01-14 16:32:43.682,14.015
2026-01-14 16:32:43.698,14.027
2026-01-14 16:32:43.698,14.028
2026-01-14 16:32:43.725,14.043
2026-01-14 16:32:43.726,14.052
2026-01-14 16:32:43.737,14.064
2026-01-14 16:32:43.747,14.08
2026-01-14 16:32:43.765,14.094
2026-01-14 16:32:43.781,14.104
2026-01-14 16:32:43.781,14.114
2026-01-14 16:32:43.798,14.118
2026-01-14 16:32:43.815,14.125
2026-01-14 16:32:43.832,14.124
2026-01-14 16:32:43.847,14.116
2026-01-14 16:32:43.864,14.117
2026-01-14 16:32:43.865,14.116
2026-01-14 16:32:43.888,14.116
2026-01-14 16:32:43.889,14.113
2026-01-14 16:32:43.915,14.129
2026-01-14 16:32:43.915,14.124
2026-01-14 16:32:43.931,14.128
2026-01-14 16:32:43.946,14.131
2026-01-14 16:32:43.963,14.135
2026-01-14 16:32:43.963,14.145
2026-01-14 16:32:43.980,14.165
2026-01-14 16:32:43.997,14.189
2026-01-14 16:32:43.997,14.23
2026-01-14 16:32:44.014,14.276
2026-01-14 16:32:44.032,14.307
2026-01-14 16:32:44.032,14.271
2026-01-14 16:32:44.047,14.259
2026-01-14 16:32:44.063,14.259
2026-01-14 16:32:44.080,14.255
2026-01-14 16:32:44.097,14.259
2026-01-14 16:32:44.114,14.263
2026-01-14 16:32:44.130,14.267
2026-01-14 16:32:44.130,14.267
2026-01-14 16:32:44.147,14.259
2026-01-14 16:32:44.163,14.404
2026-01-14 16:32:44.180,14.528
2026-01-14 16:32:44.180,14.538
2026-01-14 16:32:44.197,14.53
2026-01-14 16:32:44.214,14.516
2026-01-14 16:32:44.214,14.508
2026-01-14 16:32:44.230,14.503
2026-01-14 16:32:44.247,14.492
2026-01-14 16:32:44.263,14.486
2026-01-14 16:32:44.263,14.481
2026-01-14 16:32:44.280,14.476
2026-01-14 16:32:44.297,14.483
2026-01-14 16:32:44.297,14.482
2026-01-14 16:32:44.314,14.493
2026-01-14 16:32:44.330,14.508
2026-01-14 16:32:44.347,14.515
2026-01-14 16:32:44.347,14.541
2026-01-14 16:32:44.364,14.567
2026-01-14 16:32:44.381,14.585
2026-01-14 16:32:44.381,14.615
2026-01-14 16:32:44.398,14.632
2026-01-14 16:32:44.415,14.659
2026-01-14 16:32:44.431,14.678
2026-01-14 16:32:44.431,14.703
2026-01-14 16:32:44.464,14.719
2026-01-14 16:32:44.464,14.739
2026-01-14 16:32:44.496,14.758
2026-01-14 16:32:44.515,14.793
2026-01-14 16:32:44.515,14.82
2026-01-14 16:32:44.531,14.839
2026-01-14 16:32:44.547,14.871
2026-01-14 16:32:44.563,14.897
2026-01-14 16:32:44.563,14.921
2026-01-14 16:32:44.581,14.942
2026-01-14 16:32:44.598,14.968
2026-01-14 16:32:44.598,14.979
2026-01-14 16:32:44.614,14.994
2026-01-14 16:32:44.631,15.004
2026-01-14 16:32:44.647,15.023
2026-01-14 16:32:44.648,15.033
2026-01-14 16:32:44.665,15.048
2026-01-14 16:32:44.682,15.054
2026-01-14 16:32:44.682,15.078
2026-01-14 16:32:44.697,15.08
2026-01-14 16:32:44.714,15.096
2026-01-14 16:32:44.731,15.121
2026-01-14 16:32:44.731,15.137
2026-01-14 16:32:44.747,15.155
2026-01-14 16:32:44.763,15.169
2026-01-14 16:32:44.781,15.175
2026-01-14 16:32:44.781,15.183
2026-01-14 16:32:44.798,15.192
2026-01-14 16:32:44.814,15.197
2026-01-14 16:32:44.815,15.195
2026-01-14 16:32:44.831,15.21
2026-01-14 16:32:44.849,15.208
2026-01-14 16:32:44.864,15.204
2026-01-14 16:32:44.881,15.212
2026-01-14 16:32:44.903,15.215
2026-01-14 16:32:44.903,15.228
2026-01-14 16:32:44.914,15.236
2026-01-14 16:32:44.930,15.245
2026-01-14 16:32:44.947,15.248
2026-01-14 16:32:44.947,15.247
2026-01-14 16:32:44.964,15.245
2026-01-14 16:32:44.980,15.245
2026-01-14 16:32:44.981,15.246
2026-01-14 16:32:44.996,15.251
2026-01-14 16:32:45.013,15.262
2026-01-14 16:32:45.031,15.257
2026-01-14 16:32:45.031,15.259
2026-01-14 16:32:45.046,15.262
2026-01-14 16:32:45.088,15.275
2026-01-14 16:32:45.088,15.269
2026-01-14 16:32:45.088,15.264
2026-01-14 16:32:45.088,15.264
2026-01-14 16:32:45.113,15.268
2026-01-14 16:32:45.114,15.277
2026-01-14 16:32:45.130,15.296
2026-01-14 16:32:45.147,15.326
2026-01-14 16:32:45.164,15.36
2026-01-14 16:32:45.165,15.401
2026-01-14 16:32:45.180,15.444
2026-01-14 16:32:45.198,15.474
2026-01-14 16:32:45.198,15.49
2026-01-14 16:32:45.213,15.491
2026-01-14 16:32:45.231,15.494
2026-01-14 16:32:45.247,15.499
2026-01-14 16:32:45.248,15.507
2026-01-14 16:32:45.263,15.508
2026-01-14 16:32:45.281,15.513
2026-01-14 16:32:45.282,15.523
2026-01-14 16:32:45.314,15.56
2026-01-14 16:32:45.331,15.589
2026-01-14 16:32:45.332,15.606
2026-01-14 16:32:45.347,15.608
2026-01-14 16:32:45.364,15.598
2026-01-14 16:32:45.365,15.607
2026-01-14 16:32:45.380,15.614
2026-01-14 16:32:45.397,15.608
2026-01-14 16:32:45.415,15.605
2026-01-14 16:32:45.415,15.62
2026-01-14 16:32:45.431,15.635
2026-01-14 16:32:45.448,15.643
2026-01-14 16:32:45.464,15.661
2026-01-14 16:32:45.464,15.685
2026-01-14 16:32:45.480,15.714
2026-01-14 16:32:45.496,15.731
2026-01-14 16:32:45.497,15.741
2026-01-14 16:32:45.513,15.751
2026-01-14 16:32:45.530,15.768
2026-01-14 16:32:45.546,15.786
2026-01-14 16:32:45.547,15.81
2026-01-14 16:32:45.564,15.827
2026-01-14 16:32:45.581,15.856
2026-01-14 16:32:45.597,15.878
2026-01-14 16:32:45.614,15.896
2026-01-14 16:32:45.631,15.92
2026-01-14 16:32:45.632,15.944
2026-01-14 16:32:45.647,15.963
2026-01-14 16:32:45.663,15.989
2026-01-14 16:32:45.681,16.012
2026-01-14 16:32:45.682,16.036
2026-01-14 16:32:45.697,16.058
2026-01-14 16:32:45.714,16.084
2026-01-14 16:32:45.714,16.103
2026-01-14 16:32:45.729,16.129
2026-01-14 16:32:45.747,16.146
2026-01-14 16:32:45.763,16.164
2026-01-14 16:32:45.763,16.183
2026-01-14 16:32:45.780,16.2
2026-01-14 16:32:45.796,16.219
2026-01-14 16:32:45.796,16.226
2026-01-14 16:32:45.812,16.243
2026-01-14 16:32:45.829,16.252
2026-01-14 16:32:45.846,16.262
2026-01-14 16:32:45.846,16.276
2026-01-14 16:32:45.863,16.281
2026-01-14 16:32:45.880,16.297
2026-01-14 16:32:45.880,16.308
2026-01-14 16:32:45.896,16.319
2026-01-14 16:32:45.916,16.329
2026-01-14 16:32:45.917,16.335
2026-01-14 16:32:45.929,16.345
2026-01-14 16:32:45.946,16.348
2026-01-14 16:32:45.963,16.356
2026-01-14 16:32:45.980,16.366
2026-01-14 16:32:45.980,16.36
2026-01-14 16:32:45.998,16.366
2026-01-14 16:32:46.013,16.366
2026-01-14 16:32:46.013,16.37
2026-01-14 16:32:46.029,16.383
2026-01-14 16:32:46.045,16.399
2026-01-14 16:32:46.063,16.407
2026-01-14 16:32:46.063,16.412
2026-01-14 16:32:46.079,16.423
2026-01-14 16:32:46.096,16.432
2026-01-14 16:32:46.096,16.436
2026-01-14 16:32:46.112,16.432
2026-01-14 16:32:46.129,16.437
2026-01-14 16:32:46.146,16.43
2026-01-14 16:32:46.146,16.437
2026-01-14 16:32:46.163,16.441
2026-01-14 16:32:46.179,16.438
2026-01-14 16:32:46.180,16.436
2026-01-14 16:32:46.196,16.429
2026-01-14 16:32:46.213,16.435
2026-01-14 16:32:46.229,16.436
2026-01-14 16:32:46.229,16.437
2026-01-14 16:32:46.246,16.441
2026-01-14 16:32:46.263,16.45
2026-01-14 16:32:46.279,16.466
2026-01-14 16:32:46.279,16.476
2026-01-14 16:32:46.296,16.494
2026-01-14 16:32:46.313,16.512
2026-01-14 16:32:46.313,16.532
2026-01-14 16:32:46.329,16.554
2026-01-14 16:32:46.347,16.578
2026-01-14 16:32:46.363,16.603
2026-01-14 16:32:46.363,16.629
2026-01-14 16:32:46.379,16.653
2026-01-14 16:32:46.396,16.671
2026-01-14 16:32:46.396,16.688
2026-01-14 16:32:46.412,16.698
2026-01-14 16:32:46.472,16.697
2026-01-14 16:32:46.473,16.702
2026-01-14 16:32:46.473,16.705
2026-01-14 16:32:46.473,16.701
2026-01-14 16:32:46.473,16.706
2026-01-14 16:32:46.496,16.712
2026-01-14 16:32:46.496,16.718
2026-01-14 16:32:46.513,16.72
2026-01-14 16:32:46.529,16.731
2026-01-14 16:32:46.530,16.742
2026-01-14 16:32:46.546,16.762
2026-01-14 16:32:46.562,16.781
2026-01-14 16:32:46.579,16.8
2026-01-14 16:32:46.580,16.82
2026-01-14 16:32:46.595,16.838
2026-01-14 16:32:46.612,16.861
2026-01-14 16:32:46.613,16.889
2026-01-14 16:32:46.629,16.912
2026-01-14 16:32:46.646,16.934
2026-01-14 16:32:46.662,16.957
2026-01-14 16:32:46.662,16.98
2026-01-14 16:32:46.679,16.993
2026-01-14 16:32:46.697,17.013
2026-01-14 16:32:46.712,17.03
2026-01-14 16:32:46.729,17.051
2026-01-14 16:32:46.746,17.069
2026-01-14 16:32:46.746,17.084
2026-01-14 16:32:46.762,17.099
2026-01-14 16:32:46.779,17.117
2026-01-14 16:32:46.797,17.124
2026-01-14 16:32:46.797,17.147
2026-01-14 16:32:46.813,17.157
2026-01-14 16:32:46.830,17.172
2026-01-14 16:32:46.862,17.19
2026-01-14 16:32:46.879,17.211
2026-01-14 16:32:46.879,17.229
2026-01-14 16:32:46.902,17.258
2026-01-14 16:32:46.903,17.276
2026-01-14 16:32:46.913,17.291
2026-01-14 16:32:46.930,17.311
2026-01-14 16:32:46.946,17.348
2026-01-14 16:32:46.964,17.359
2026-01-14 16:32:46.965,17.379
2026-01-14 16:32:46.980,17.385
2026-01-14 16:32:46.998,17.391
2026-01-14 16:32:46.998,17.407
2026-01-14 16:32:47.012,17.427
2026-01-14 16:32:47.031,17.435
2026-01-14 16:32:47.032,17.44
2026-01-14 16:32:47.048,17.454
2026-01-14 16:32:47.063,17.468
2026-01-14 16:32:47.080,17.477
2026-01-14 16:32:47.098,17.493
2026-01-14 16:32:47.098,17.497
2026-01-14 16:32:47.130,17.509
2026-01-14 16:32:47.146,17.526
2026-01-14 16:32:47.163,17.541
2026-01-14 16:32:47.164,17.553
2026-01-14 16:32:47.179,17.561
2026-01-14 16:32:47.198,17.571
2026-01-14 16:32:47.214,17.58
2026-01-14 16:32:47.214,17.584
2026-01-14 16:32:47.231,17.591
2026-01-14 16:32:47.247,17.591
2026-01-14 16:32:47.248,17.606
2026-01-14 16:32:47.264,17.608
2026-01-14 16:32:47.280,17.615
2026-01-14 16:32:47.298,17.625
2026-01-14 16:32:47.299,17.624
2026-01-14 16:32:47.314,17.629
2026-01-14 16:32:47.331,17.64
2026-01-14 16:32:47.347,17.646
2026-01-14 16:32:47.348,17.652
2026-01-14 16:32:47.364,17.661
2026-01-14 16:32:47.381,17.675
2026-01-14 16:32:47.381,17.688
2026-01-14 16:32:47.398,17.695
2026-01-14 16:32:47.414,17.728
2026-01-14 16:32:47.431,17.753
2026-01-14 16:32:47.431,17.786
2026-01-14 16:32:47.447,17.814
2026-01-14 16:32:47.463,17.835
2026-01-14 16:32:47.464,17.855
2026-01-14 16:32:47.481,17.88
2026-01-14 16:32:47.497,17.903
2026-01-14 16:32:47.514,17.918
2026-01-14 16:32:47.514,17.941
2026-01-14 16:32:47.530,17.969
2026-01-14 16:32:47.547,17.988
2026-01-14 16:32:47.564,17.991
2026-01-14 16:32:47.564,18.005
2026-01-14 16:32:47.580,18.003
2026-01-14 16:32:47.597,18.002
2026-01-14 16:32:47.598,18.0
2026-01-14 16:32:47.614,17.998
2026-01-14 16:32:47.630,17.999
2026-01-14 16:32:47.645,18.001
2026-01-14 16:32:47.646,18.023
2026-01-14 16:32:47.663,18.071
2026-01-14 16:32:47.679,18.107
2026-01-14 16:32:47.696,18.154
2026-01-14 16:32:47.696,18.236
2026-01-14 16:32:47.713,18.277
2026-01-14 16:32:47.730,18.288
2026-01-14 16:32:47.730,18.3
2026-01-14 16:32:47.746,18.305
2026-01-14 16:32:47.764,18.318
2026-01-14 16:32:47.765,18.333
2026-01-14 16:32:47.780,18.35
2026-01-14 16:32:47.822,18.367
2026-01-14 16:32:47.822,18.367
2026-01-14 16:32:47.823,18.38
2026-01-14 16:32:47.830,18.386
2026-01-14 16:32:47.847,18.396
2026-01-14 16:32:47.863,18.403
2026-01-14 16:32:47.864,18.41
2026-01-14 16:32:47.880,18.418
2026-01-14 16:32:47.896,18.429
2026-01-14 16:32:47.896,18.445
2026-01-14 16:32:47.919,18.453
2026-01-14 16:32:47.930,18.465
2026-01-14 16:32:47.946,18.482
2026-01-14 16:32:47.963,18.489
2026-01-14 16:32:47.979,18.503
2026-01-14 16:32:47.980,18.517
2026-01-14 16:32:47.997,18.531
2026-01-14 16:32:48.014,18.545
2026-01-14 16:32:48.030,18.562
2026-01-14 16:32:48.030,18.576
2026-01-14 16:32:48.045,18.597
2026-01-14 16:32:48.062,18.61
2026-01-14 16:32:48.079,18.634
2026-01-14 16:32:48.096,18.652
2026-01-14 16:32:48.113,18.666
2026-01-14 16:32:48.114,18.667
2026-01-14 16:32:48.129,18.688
2026-01-14 16:32:48.146,18.689
2026-01-14 16:32:48.163,18.706
2026-01-14 16:32:48.164,18.721
2026-01-14 16:32:48.179,18.732
2026-01-14 16:32:48.196,18.738
2026-01-14 16:32:48.196,18.743
2026-01-14 16:32:48.213,18.744
2026-01-14 16:32:48.229,18.764
2026-01-14 16:32:48.248,18.777
2026-01-14 16:32:48.248,18.789
2026-01-14 16:32:48.264,18.805
2026-01-14 16:32:48.281,18.826
2026-01-14 16:32:48.281,18.845
2026-01-14 16:32:48.297,18.854
2026-01-14 16:32:48.314,18.848
2026-01-14 16:32:48.330,18.926
2026-01-14 16:32:48.330,18.974
2026-01-14 16:32:48.348,19.003
2026-01-14 16:32:48.364,19.017
2026-01-14 16:32:48.365,19.027
2026-01-14 16:32:48.380,19.027
2026-01-14 16:32:48.398,19.021
2026-01-14 16:32:48.413,19.015
2026-01-14 16:32:48.414,19.01
2026-01-14 16:32:48.431,19.041
2026-01-14 16:32:48.447,19.004
2026-01-14 16:32:48.464,18.997
2026-01-14 16:32:48.465,18.98
2026-01-14 16:32:48.480,18.963
2026-01-14 16:32:48.497,18.963
2026-01-14 16:32:48.498,18.962
2026-01-14 16:32:48.514,18.953
2026-01-14 16:32:48.531,18.95
2026-01-14 16:32:48.548,18.949
2026-01-14 16:32:48.549,18.95
2026-01-14 16:32:48.564,18.959
2026-01-14 16:32:48.580,18.98
2026-01-14 16:32:48.581,18.992
2026-01-14 16:32:48.596,18.992
2026-01-14 16:32:48.614,18.993
2026-01-14 16:32:48.630,19.011
2026-01-14 16:32:48.631,19.035
2026-01-14 16:32:48.647,19.057
2026-01-14 16:32:48.663,19.081
2026-01-14 16:32:48.681,19.088
2026-01-14 16:32:48.682,19.101
2026-01-14 16:32:48.697,19.102
2026-01-14 16:32:48.713,19.108
2026-01-14 16:32:48.713,19.107
2026-01-14 16:32:48.730,19.107
2026-01-14 16:32:48.746,19.107
2026-01-14 16:32:48.764,19.112
2026-01-14 16:32:48.765,19.121
2026-01-14 16:32:48.781,19.127
2026-01-14 16:32:48.798,19.148
2026-01-14 16:32:48.798,19.162
2026-01-14 16:32:48.814,19.161
2026-01-14 16:32:48.831,19.18
2026-01-14 16:32:48.847,19.207
2026-01-14 16:32:48.847,19.244
2026-01-14 16:32:48.864,19.326
2026-01-14 16:32:48.880,19.414
2026-01-14 16:32:48.905,19.415
2026-01-14 16:32:48.905,19.42
2026-01-14 16:32:48.917,19.432
2026-01-14 16:32:48.930,19.441
2026-01-14 16:32:48.948,19.456
2026-01-14 16:32:48.964,19.462
2026-01-14 16:32:48.965,19.479
2026-01-14 16:32:48.981,19.487
2026-01-14 16:32:48.998,19.495
2026-01-14 16:32:49.013,19.503
2026-01-14 16:32:49.014,19.517
2026-01-14 16:32:49.031,19.527
2026-01-14 16:32:49.047,19.532
2026-01-14 16:32:49.048,19.54
2026-01-14 16:32:49.064,19.56
2026-01-14 16:32:49.081,19.578
2026-01-14 16:32:49.096,19.589
2026-01-14 16:32:49.097,19.612
2026-01-14 16:32:49.113,19.633
2026-01-14 16:32:49.131,19.648
2026-01-14 16:32:49.146,19.667
2026-01-14 16:32:49.147,19.683
2026-01-14 16:32:49.189,19.697
2026-01-14 16:32:49.190,19.716
2026-01-14 16:32:49.190,19.73
2026-01-14 16:32:49.199,19.742
2026-01-14 16:32:49.213,19.758
2026-01-14 16:32:49.231,19.767
2026-01-14 16:32:49.231,19.782
2026-01-14 16:32:49.247,19.799
2026-01-14 16:32:49.263,19.814
2026-01-14 16:32:49.280,19.823
2026-01-14 16:32:49.281,19.84
2026-01-14 16:32:49.295,19.847
2026-01-14 16:32:49.313,19.86
2026-01-14 16:32:49.313,19.865
2026-01-14 16:32:49.330,19.878
2026-01-14 16:32:49.346,19.883
2026-01-14 16:32:49.363,19.886
2026-01-14 16:32:49.363,19.901
2026-01-14 16:32:49.379,19.913
2026-01-14 16:32:49.397,19.919
2026-01-14 16:32:49.397,19.921
2026-01-14 16:32:49.431,19.92
2026-01-14 16:32:49.448,19.928
2026-01-14 16:32:49.448,19.935
2026-01-14 16:32:49.465,19.962
2026-01-14 16:32:49.480,19.968
2026-01-14 16:32:49.481,19.972
2026-01-14 16:32:49.497,19.972
2026-01-14 16:32:49.514,19.975
2026-01-14 16:32:49.529,19.98
2026-01-14 16:32:49.530,19.996
2026-01-14 16:32:49.547,20.006
2026-01-14 16:32:49.565,20.015
2026-01-14 16:32:49.565,20.028
2026-01-14 16:32:49.579,20.042
2026-01-14 16:32:49.597,20.072
2026-01-14 16:32:49.614,20.114
2026-01-14 16:32:49.614,20.14
2026-01-14 16:32:49.631,20.156
2026-01-14 16:32:49.646,20.155
2026-01-14 16:32:49.663,20.138
2026-01-14 16:32:49.663,20.13
2026-01-14 16:32:49.681,20.137
2026-01-14 16:32:49.697,20.137
2026-01-14 16:32:49.698,20.106
2026-01-14 16:32:49.714,20.102
2026-01-14 16:32:49.731,20.109
2026-01-14 16:32:49.747,20.1
2026-01-14 16:32:49.747,20.1
2026-01-14 16:32:49.763,20.105
2026-01-14 16:32:49.779,20.104
2026-01-14 16:32:49.796,20.105
2026-01-14 16:32:49.813,20.122
2026-01-14 16:32:49.829,20.138
2026-01-14 16:32:49.829,20.149
2026-01-14 16:32:49.846,20.156
2026-01-14 16:32:49.862,20.172
2026-01-14 16:32:49.880,20.18
2026-01-14 16:32:49.880,20.188
2026-01-14 16:32:49.897,20.197
2026-01-14 16:32:49.917,20.204
2026-01-14 16:32:49.917,20.211
2026-01-14 16:32:49.929,20.217
2026-01-14 16:32:49.946,20.218
2026-01-14 16:32:49.963,20.22
2026-01-14 16:32:49.963,20.23
2026-01-14 16:32:49.980,20.238
2026-01-14 16:32:49.996,20.251
2026-01-14 16:32:49.997,20.264
2026-01-14 16:32:50.012,20.277
2026-01-14 16:32:50.030,20.285
2026-01-14 16:32:50.047,20.288
2026-01-14 16:32:50.047,20.316
2026-01-14 16:32:50.064,20.347
2026-01-14 16:32:50.080,20.398
2026-01-14 16:32:50.080,20.492
2026-01-14 16:32:50.098,20.555
2026-01-14 16:32:50.113,20.58
2026-01-14 16:32:50.130,20.587
2026-01-14 16:32:50.131,20.594
2026-01-14 16:32:50.148,20.597
2026-01-14 16:32:50.164,20.6
2026-01-14 16:32:50.165,20.61
2026-01-14 16:32:50.180,20.634
2026-01-14 16:32:50.196,20.645
2026-01-14 16:32:50.214,20.668
2026-01-14 16:32:50.215,20.676
2026-01-14 16:32:50.230,20.692
2026-01-14 16:32:50.246,20.707
2026-01-14 16:32:50.263,20.717
2026-01-14 16:32:50.264,20.726
2026-01-14 16:32:50.281,20.742
2026-01-14 16:32:50.295,20.758
2026-01-14 16:32:50.314,20.786
2026-01-14 16:32:50.314,20.795
2026-01-14 16:32:50.329,20.811
2026-01-14 16:32:50.347,20.831
2026-01-14 16:32:50.348,20.846
2026-01-14 16:32:50.364,20.867
2026-01-14 16:32:50.380,20.878
2026-01-14 16:32:50.381,20.881
2026-01-14 16:32:50.396,20.888
2026-01-14 16:32:50.413,20.9
2026-01-14 16:32:50.431,20.903
2026-01-14 16:32:50.431,20.911
2026-01-14 16:32:50.446,20.924
2026-01-14 16:32:50.467,20.928
2026-01-14 16:32:50.467,20.943
2026-01-14 16:32:50.480,20.945
2026-01-14 16:32:50.499,20.967
2026-01-14 16:32:50.513,20.982
2026-01-14 16:32:50.515,21.001
2026-01-14 16:32:50.531,21.014
2026-01-14 16:32:50.546,21.023
2026-01-14 16:32:50.566,21.036
2026-01-14 16:32:50.567,21.045
2026-01-14 16:32:50.580,21.055
2026-01-14 16:32:50.598,21.064
2026-01-14 16:32:50.598,21.075
2026-01-14 16:32:50.614,21.097
2026-01-14 16:32:50.631,21.107
2026-01-14 16:32:50.646,21.116
2026-01-14 16:32:50.647,21.127
2026-01-14 16:32:50.663,21.129
2026-01-14 16:32:50.681,21.137
2026-01-14 16:32:50.681,21.147
2026-01-14 16:32:50.696,21.156
2026-01-14 16:32:50.715,21.156
2026-01-14 16:32:50.730,21.178
2026-01-14 16:32:50.731,21.193
2026-01-14 16:32:50.747,21.215
2026-01-14 16:32:50.765,21.223
2026-01-14 16:32:50.765,21.238
2026-01-14 16:32:50.779,21.252
2026-01-14 16:32:50.797,21.261
2026-01-14 16:32:50.813,21.272
2026-01-14 16:32:50.815,21.291
2026-01-14 16:32:50.830,21.335
2026-01-14 16:32:50.847,21.311
2026-01-14 16:32:50.864,21.31
2026-01-14 16:32:50.864,21.302
2026-01-14 16:32:50.882,21.302
2026-01-14 16:32:50.903,21.298
2026-01-14 16:32:50.903,21.296
2026-01-14 16:32:50.914,21.283
2026-01-14 16:32:50.947,21.288
2026-01-14 16:32:50.948,21.294
2026-01-14 16:32:50.965,21.3
2026-01-14 16:32:50.980,21.309
2026-01-14 16:32:50.980,21.32
2026-01-14 16:32:50.996,21.32
2026-01-14 16:32:51.016,21.336
2026-01-14 16:32:51.017,21.349
2026-01-14 16:32:51.029,21.348
2026-01-14 16:32:51.047,21.364
2026-01-14 16:32:51.064,21.373
2026-01-14 16:32:51.064,21.39
2026-01-14 16:32:51.080,21.4
2026-01-14 16:32:51.097,21.415
2026-01-14 16:32:51.114,21.423
2026-01-14 16:32:51.115,21.438
2026-01-14 16:32:51.130,21.455
2026-01-14 16:32:51.147,21.47
2026-01-14 16:32:51.163,21.48
2026-01-14 16:32:51.164,21.484
2026-01-14 16:32:51.179,21.482
2026-01-14 16:32:51.197,21.487
2026-01-14 16:32:51.198,21.494
2026-01-14 16:32:51.214,21.501
2026-01-14 16:32:51.230,21.509
2026-01-14 16:32:51.247,21.514
2026-01-14 16:32:51.262,21.542
2026-01-14 16:32:51.279,21.557
2026-01-14 16:32:51.297,21.578
2026-01-14 16:32:51.298,21.595
2026-01-14 16:32:51.313,21.618
2026-01-14 16:32:51.328,21.641
2026-01-14 16:32:51.329,21.683
2026-01-14 16:32:51.348,21.708
2026-01-14 16:32:51.363,21.724
2026-01-14 16:32:51.364,21.745
2026-01-14 16:32:51.380,21.767
2026-01-14 16:32:51.397,21.789
2026-01-14 16:32:51.414,21.814
2026-01-14 16:32:51.415,21.83
2026-01-14 16:32:51.428,21.856
2026-01-14 16:32:51.447,21.896
2026-01-14 16:32:51.448,21.936
2026-01-14 16:32:51.463,21.965
2026-01-14 16:32:51.479,21.985
2026-01-14 16:32:51.496,22.015
2026-01-14 16:32:51.496,22.029
2026-01-14 16:32:51.514,22.044
2026-01-14 16:32:51.529,22.061
2026-01-14 16:32:51.546,22.085
2026-01-14 16:32:51.547,22.11
2026-01-14 16:32:51.564,22.134
2026-01-14 16:32:51.580,22.157
2026-01-14 16:32:51.580,22.178
2026-01-14 16:32:51.596,22.196
2026-01-14 16:32:51.614,22.208
2026-01-14 16:32:51.631,22.232
2026-01-14 16:32:51.631,22.249
2026-01-14 16:32:51.665,22.266
2026-01-14 16:32:51.666,22.283
2026-01-14 16:32:51.679,22.307
2026-01-14 16:32:51.697,22.329
2026-01-14 16:32:51.714,22.345
2026-01-14 16:32:51.715,22.364
2026-01-14 16:32:51.729,22.382
2026-01-14 16:32:51.746,22.392
2026-01-14 16:32:51.764,22.407
2026-01-14 16:32:51.764,22.423
2026-01-14 16:32:51.780,22.439
2026-01-14 16:32:51.798,22.459
2026-01-14 16:32:51.798,22.476
2026-01-14 16:32:51.813,22.494
2026-01-14 16:32:51.830,22.505
2026-01-14 16:32:51.846,22.509
2026-01-14 16:32:51.846,22.514
2026-01-14 16:32:51.863,22.513
2026-01-14 16:32:51.880,22.518
2026-01-14 16:32:51.881,22.524
2026-01-14 16:32:51.913,22.541
2026-01-14 16:32:51.915,22.558
2026-01-14 16:32:51.927,22.579
2026-01-14 16:32:51.948,22.597
2026-01-14 16:32:51.949,22.61
2026-01-14 16:32:51.962,22.586
2026-01-14 16:32:51.980,22.606
2026-01-14 16:32:51.980,22.625
2026-01-14 16:32:51.996,22.639
2026-01-14 16:32:52.014,22.666
2026-01-14 16:32:52.015,22.723
2026-01-14 16:32:52.031,22.725
2026-01-14 16:32:52.046,22.703
2026-01-14 16:32:52.062,22.684
2026-01-14 16:32:52.079,22.68
2026-01-14 16:32:52.096,22.692
2026-01-14 16:32:52.096,22.678
2026-01-14 16:32:52.111,22.679
2026-01-14 16:32:52.130,22.669
2026-01-14 16:32:52.145,22.667
2026-01-14 16:32:52.145,22.664
2026-01-14 16:32:52.163,22.656
2026-01-14 16:32:52.179,22.645
2026-01-14 16:32:52.195,22.648
2026-01-14 16:32:52.196,22.646
2026-01-14 16:32:52.212,22.651
2026-01-14 16:32:52.230,22.653
2026-01-14 16:32:52.230,22.649
2026-01-14 16:32:52.246,22.65
2026-01-14 16:32:52.263,22.653
2026-01-14 16:32:52.280,22.658
2026-01-14 16:32:52.280,22.668
2026-01-14 16:32:52.297,22.681
2026-01-14 16:32:52.312,22.684
2026-01-14 16:32:52.329,22.696
2026-01-14 16:32:52.347,22.724
2026-01-14 16:32:52.364,22.737
2026-01-14 16:32:52.364,22.749
2026-01-14 16:32:52.379,22.757
2026-01-14 16:32:52.397,22.771
2026-01-14 16:32:52.398,22.78
2026-01-14 16:32:52.413,22.803
2026-01-14 16:32:52.429,22.828
2026-01-14 16:32:52.447,22.848
2026-01-14 16:32:52.448,22.867
2026-01-14 16:32:52.464,22.895
2026-01-14 16:32:52.479,22.91
2026-01-14 16:32:52.481,22.93
2026-01-14 16:32:52.497,22.963
2026-01-14 16:32:52.513,22.994
2026-01-14 16:32:52.530,23.038
2026-01-14 16:32:52.531,23.118
2026-01-14 16:32:52.546,23.239
2026-01-14 16:32:52.563,23.206
2026-01-14 16:32:52.564,23.21
2026-01-14 16:32:52.579,23.212
2026-01-14 16:32:52.597,23.208
2026-01-14 16:32:52.614,23.277
2026-01-14 16:32:52.614,23.339
2026-01-14 16:32:52.629,23.412
2026-01-14 16:32:52.648,23.492
2026-01-14 16:32:52.648,23.515
2026-01-14 16:32:52.663,23.536
2026-01-14 16:32:52.680,23.533
2026-01-14 16:32:52.697,23.525
2026-01-14 16:32:52.698,23.517
2026-01-14 16:32:52.713,23.512
2026-01-14 16:32:52.729,23.511
2026-01-14 16:32:52.747,23.512
2026-01-14 16:32:52.748,23.507
2026-01-14 16:32:52.763,23.502
2026-01-14 16:32:52.779,23.498
2026-01-14 16:32:52.780,23.505
2026-01-14 16:32:52.797,23.513
2026-01-14 16:32:52.813,23.522
2026-01-14 16:32:52.830,23.536
2026-01-14 16:32:52.830,23.56
2026-01-14 16:32:52.846,23.58
2026-01-14 16:32:52.863,23.608
2026-01-14 16:32:52.879,23.634
2026-01-14 16:32:52.879,23.658
2026-01-14 16:32:52.897,23.676
2026-01-14 16:32:52.920,23.695
2026-01-14 16:32:52.920,23.713
2026-01-14 16:32:52.930,23.729
2026-01-14 16:32:52.947,23.743
2026-01-14 16:32:52.963,23.756
2026-01-14 16:32:52.963,23.773
2026-01-14 16:32:52.979,23.791
2026-01-14 16:32:52.998,23.808
2026-01-14 16:32:52.998,23.824
2026-01-14 16:32:53.013,23.841
2026-01-14 16:32:53.030,23.853
2026-01-14 16:32:53.046,23.866
2026-01-14 16:32:53.063,23.87
2026-01-14 16:32:53.079,23.874
2026-01-14 16:32:53.080,23.877
2026-01-14 16:32:53.097,23.884
2026-01-14 16:32:53.112,23.91
2026-01-14 16:32:53.129,23.929
2026-01-14 16:32:53.130,23.947
2026-01-14 16:32:53.147,23.957
2026-01-14 16:32:53.162,23.971
2026-01-14 16:32:53.179,23.987
2026-01-14 16:32:53.180,23.993
2026-01-14 16:32:53.197,23.998
2026-01-14 16:32:53.214,23.989
2026-01-14 16:32:53.214,23.983
2026-01-14 16:32:53.229,23.967
2026-01-14 16:32:53.247,23.957
2026-01-14 16:32:53.296,23.959
2026-01-14 16:32:53.296,23.961
2026-01-14 16:32:53.297,23.981
2026-01-14 16:32:53.297,24.06
2026-01-14 16:32:53.297,24.069
2026-01-14 16:32:53.314,24.074
2026-01-14 16:32:53.332,24.07
2026-01-14 16:32:53.333,24.073
2026-01-14 16:32:53.344,24.086
2026-01-14 16:32:53.364,24.089
2026-01-14 16:32:53.379,24.084
2026-01-14 16:32:53.380,24.063
2026-01-14 16:32:53.397,24.053
2026-01-14 16:32:53.414,24.047
2026-01-14 16:32:53.430,24.052
2026-01-14 16:32:53.430,24.045
2026-01-14 16:32:53.446,24.035
2026-01-14 16:32:53.463,24.021
2026-01-14 16:32:53.480,24.013
2026-01-14 16:32:53.480,24.012
2026-01-14 16:32:53.495,23.998
2026-01-14 16:32:53.512,23.985
2026-01-14 16:32:53.513,23.978
2026-01-14 16:32:53.529,23.973
2026-01-14 16:32:53.545,23.964
2026-01-14 16:32:53.563,23.962
2026-01-14 16:32:53.563,23.959
2026-01-14 16:32:53.578,23.956
2026-01-14 16:32:53.598,23.955
2026-01-14 16:32:53.598,23.967
2026-01-14 16:32:53.629,23.98
2026-01-14 16:32:53.648,23.999
2026-01-14 16:32:53.648,24.01
2026-01-14 16:32:53.663,24.024
2026-01-14 16:32:53.680,24.04
2026-01-14 16:32:53.680,24.066
2026-01-14 16:32:53.714,24.096
2026-01-14 16:32:53.730,24.143
2026-01-14 16:32:53.731,24.181
2026-01-14 16:32:53.747,24.262
2026-01-14 16:32:53.763,24.307
2026-01-14 16:32:53.780,24.388
2026-01-14 16:32:53.780,24.418
2026-01-14 16:32:53.797,24.455
2026-01-14 16:32:53.813,24.48
2026-01-14 16:32:53.813,24.511
2026-01-14 16:32:53.830,24.549
2026-01-14 16:32:53.846,24.658
2026-01-14 16:32:53.863,24.73
2026-01-14 16:32:53.864,24.776
2026-01-14 16:32:53.897,24.839
2026-01-14 16:32:53.897,24.822
2026-01-14 16:32:53.913,24.836
2026-01-14 16:32:53.936,24.86
2026-01-14 16:32:53.937,24.881
2026-01-14 16:32:53.946,24.903
2026-01-14 16:32:53.963,24.922
2026-01-14 16:32:53.979,24.925
2026-01-14 16:32:53.980,24.918
2026-01-14 16:32:53.998,24.929
2026-01-14 16:32:54.013,24.955
2026-01-14 16:32:54.030,24.972
2026-01-14 16:32:54.030,24.987
2026-01-14 16:32:54.046,25.001
2026-01-14 16:32:54.063,25.014
2026-01-14 16:32:54.080,25.031
2026-01-14 16:32:54.080,25.051
2026-01-14 16:32:54.096,25.068
2026-01-14 16:32:54.113,25.086
2026-01-14 16:32:54.113,25.107
2026-01-14 16:32:54.129,25.121
2026-01-14 16:32:54.146,25.139
2026-01-14 16:32:54.162,25.149
2026-01-14 16:32:54.162,25.167
2026-01-14 16:32:54.179,25.184
2026-01-14 16:32:54.197,25.193
2026-01-14 16:32:54.197,25.21
2026-01-14 16:32:54.211,25.227
2026-01-14 16:32:54.230,25.24
2026-01-14 16:32:54.245,25.253
2026-01-14 16:32:54.246,25.269
2026-01-14 16:32:54.263,25.282
2026-01-14 16:32:54.280,25.29
2026-01-14 16:32:54.280,25.296
2026-01-14 16:32:54.296,25.298
2026-01-14 16:32:54.313,25.29
2026-01-14 16:32:54.329,25.284
2026-01-14 16:32:54.330,25.298
2026-01-14 16:32:54.347,25.328
2026-01-14 16:32:54.362,25.348
2026-01-14 16:32:54.380,25.36
2026-01-14 16:32:54.381,25.386
2026-01-14 16:32:54.395,25.397
2026-01-14 16:32:54.412,25.405
2026-01-14 16:32:54.413,25.404
2026-01-14 16:32:54.431,25.406
2026-01-14 16:32:54.447,25.402
2026-01-14 16:32:54.462,25.388
2026-01-14 16:32:54.463,25.373
2026-01-14 16:32:54.479,25.365
2026-01-14 16:32:54.496,25.368
2026-01-14 16:32:54.497,25.362
2026-01-14 16:32:54.513,25.381
2026-01-14 16:32:54.528,25.391
2026-01-14 16:32:54.545,25.395
2026-01-14 16:32:54.546,25.399
2026-01-14 16:32:54.563,25.432
2026-01-14 16:32:54.597,25.433
2026-01-14 16:32:54.632,25.446
2026-01-14 16:32:54.633,25.461
2026-01-14 16:32:54.633,25.437
2026-01-14 16:32:54.640,25.429
2026-01-14 16:32:54.663,25.413
2026-01-14 16:32:54.679,25.399
2026-01-14 16:32:54.680,25.377
2026-01-14 16:32:54.696,25.361
2026-01-14 16:32:54.714,25.346
2026-01-14 16:32:54.714,25.335
2026-01-14 16:32:54.729,25.323
2026-01-14 16:32:54.747,25.311
2026-01-14 16:32:54.763,25.3
2026-01-14 16:32:54.763,25.297
2026-01-14 16:32:54.780,25.296
2026-01-14 16:32:54.797,25.292
2026-01-14 16:32:54.797,25.294
2026-01-14 16:32:54.812,25.297
2026-01-14 16:32:54.830,25.312
2026-01-14 16:32:54.846,25.319
2026-01-14 16:32:54.847,25.341
2026-01-14 16:32:54.863,25.363
2026-01-14 16:32:54.880,25.384
2026-01-14 16:32:54.880,25.441
2026-01-14 16:32:54.896,25.526
2026-01-14 16:32:54.913,25.631
2026-01-14 16:32:54.936,25.634
2026-01-14 16:32:54.936,25.65
2026-01-14 16:32:54.946,25.659
2026-01-14 16:32:54.962,25.656
2026-01-14 16:32:54.980,25.655
2026-01-14 16:32:54.981,25.659
2026-01-14 16:32:54.996,25.675
2026-01-14 16:32:55.013,25.696
2026-01-14 16:32:55.014,25.718
2026-01-14 16:32:55.030,25.743
2026-01-14 16:32:55.047,25.765
2026-01-14 16:32:55.048,25.793
2026-01-14 16:32:55.062,25.832
2026-01-14 16:32:55.095,25.908
2026-01-14 16:32:55.096,25.984
2026-01-14 16:32:55.114,25.991
2026-01-14 16:32:55.129,26.008
2026-01-14 16:32:55.145,26.029
2026-01-14 16:32:55.146,26.054
2026-01-14 16:32:55.161,26.08
2026-01-14 16:32:55.178,26.114
2026-01-14 16:32:55.195,26.147
2026-01-14 16:32:55.195,26.169
2026-01-14 16:32:55.212,26.199
2026-01-14 16:32:55.228,26.225
2026-01-14 16:32:55.229,26.25
2026-01-14 16:32:55.245,26.248
2026-01-14 16:32:55.262,26.272
2026-01-14 16:32:55.279,26.313
2026-01-14 16:32:55.281,26.318
2026-01-14 16:32:55.295,26.318
2026-01-14 16:32:55.313,26.317
2026-01-14 16:32:55.329,26.323
2026-01-14 16:32:55.344,26.332
2026-01-14 16:32:55.361,26.338
2026-01-14 16:32:55.362,26.351
2026-01-14 16:32:55.378,26.362
2026-01-14 16:32:55.395,26.373
2026-01-14 16:32:55.395,26.385
2026-01-14 16:32:55.412,26.394
2026-01-14 16:32:55.429,26.406
2026-01-14 16:32:55.446,26.415
2026-01-14 16:32:55.446,26.417
2026-01-14 16:32:55.463,26.425
2026-01-14 16:32:55.480,26.434
2026-01-14 16:32:55.481,26.443
2026-01-14 16:32:55.495,26.461
2026-01-14 16:32:55.517,26.484
2026-01-14 16:32:55.529,26.498
2026-01-14 16:32:55.546,26.52
2026-01-14 16:32:55.563,26.544
2026-01-14 16:32:55.580,26.553
2026-01-14 16:32:55.580,26.56
2026-01-14 16:32:55.596,26.564
2026-01-14 16:32:55.614,26.557
2026-01-14 16:32:55.614,26.554
2026-01-14 16:32:55.630,26.589
2026-01-14 16:32:55.646,26.608
2026-01-14 16:32:55.663,26.597
2026-01-14 16:32:55.663,26.58
2026-01-14 16:32:55.680,26.553
2026-01-14 16:32:55.696,26.525
2026-01-14 16:32:55.697,26.504
2026-01-14 16:32:55.712,26.472
2026-01-14 16:32:55.730,26.45
2026-01-14 16:32:55.746,26.437
2026-01-14 16:32:55.747,26.422
2026-01-14 16:32:55.763,26.394
2026-01-14 16:32:55.779,26.372
2026-01-14 16:32:55.780,26.357
2026-01-14 16:32:55.795,26.339
2026-01-14 16:32:55.813,26.32
2026-01-14 16:32:55.830,26.31
2026-01-14 16:32:55.831,26.305
2026-01-14 16:32:55.846,26.298
2026-01-14 16:32:55.863,26.283
2026-01-14 16:32:55.864,26.271
2026-01-14 16:32:55.878,26.257
2026-01-14 16:32:55.896,26.252
2026-01-14 16:32:55.914,26.255
2026-01-14 16:32:55.914,26.258
2026-01-14 16:32:55.936,26.257
2026-01-14 16:32:55.963,26.248
2026-01-14 16:32:55.963,26.252
2026-01-14 16:32:56.003,26.257
2026-01-14 16:32:56.004,26.268
2026-01-14 16:32:56.005,26.292
2026-01-14 16:32:56.014,26.303
2026-01-14 16:32:56.030,26.305
2026-01-14 16:32:56.045,26.316
2026-01-14 16:32:56.046,26.318
2026-01-14 16:32:56.062,26.316
2026-01-14 16:32:56.079,26.322
2026-01-14 16:32:56.080,26.324
2026-01-14 16:32:56.096,26.332
2026-01-14 16:32:56.113,26.34
2026-01-14 16:32:56.129,26.349
2026-01-14 16:32:56.130,26.353
2026-01-14 16:32:56.164,26.356
2026-01-14 16:32:56.165,26.37
2026-01-14 16:32:56.178,26.382
2026-01-14 16:32:56.195,26.389
2026-01-14 16:32:56.211,26.4
2026-01-14 16:32:56.212,26.418
2026-01-14 16:32:56.228,26.432
2026-01-14 16:32:56.246,26.454
2026-01-14 16:32:56.262,26.463
2026-01-14 16:32:56.262,26.479
2026-01-14 16:32:56.280,26.487
2026-01-14 16:32:56.296,26.494
2026-01-14 16:32:56.297,26.502
2026-01-14 16:32:56.312,26.517
2026-01-14 16:32:56.329,26.528
2026-01-14 16:32:56.346,26.541
2026-01-14 16:32:56.347,26.547
2026-01-14 16:32:56.361,26.556
2026-01-14 16:32:56.377,26.572
2026-01-14 16:32:56.395,26.587
2026-01-14 16:32:56.396,26.596
2026-01-14 16:32:56.412,26.614
2026-01-14 16:32:56.428,26.616
2026-01-14 16:32:56.430,26.625
2026-01-14 16:32:56.445,26.625
2026-01-14 16:32:56.461,26.643
2026-01-14 16:32:56.480,26.661
2026-01-14 16:32:56.481,26.671
2026-01-14 16:32:56.495,26.679
2026-01-14 16:32:56.512,26.688
2026-01-14 16:32:56.513,26.694
2026-01-14 16:32:56.529,26.703
2026-01-14 16:32:56.545,26.707
2026-01-14 16:32:56.563,26.71
2026-01-14 16:32:56.564,26.719
2026-01-14 16:32:56.578,26.728
2026-01-14 16:32:56.596,26.735
2026-01-14 16:32:56.597,26.75
2026-01-14 16:32:56.612,26.761
2026-01-14 16:32:56.630,26.764
2026-01-14 16:32:56.646,26.77
2026-01-14 16:32:56.646,26.773
2026-01-14 16:32:56.661,26.776
2026-01-14 16:32:56.679,26.774
2026-01-14 16:32:56.680,26.77
2026-01-14 16:32:56.695,26.769
2026-01-14 16:32:56.711,26.771
2026-01-14 16:32:56.727,26.77
2026-01-14 16:32:56.728,26.767
2026-01-14 16:32:56.745,26.769
2026-01-14 16:32:56.762,26.765
2026-01-14 16:32:56.778,26.76
2026-01-14 16:32:56.778,26.756
2026-01-14 16:32:56.794,26.751
2026-01-14 16:32:56.812,26.755
2026-01-14 16:32:56.812,26.762
2026-01-14 16:32:56.829,26.765
2026-01-14 16:32:56.845,26.775
2026-01-14 16:32:56.861,26.784
2026-01-14 16:32:56.861,26.787
2026-01-14 16:32:56.878,26.783
2026-01-14 16:32:56.894,26.775
2026-01-14 16:32:56.913,26.772
2026-01-14 16:32:56.913,26.77
2026-01-14 16:32:56.935,26.781
2026-01-14 16:32:56.935,26.781
2026-01-14 16:32:56.945,26.779
2026-01-14 16:32:56.962,26.784
2026-01-14 16:32:56.978,26.766
2026-01-14 16:32:56.996,26.754
2026-01-14 16:32:56.996,26.741
2026-01-14 16:32:57.013,26.732
2026-01-14 16:32:57.029,26.719
2026-01-14 16:32:57.029,26.705
2026-01-14 16:32:57.046,26.699
2026-01-14 16:32:57.063,26.703
2026-01-14 16:32:57.079,26.697
2026-01-14 16:32:57.079,26.687
2026-01-14 16:32:57.096,26.679
2026-01-14 16:32:57.114,26.67
2026-01-14 16:32:57.114,26.656
2026-01-14 16:32:57.129,26.652
2026-01-14 16:32:57.146,26.639
2026-01-14 16:32:57.163,26.634
2026-01-14 16:32:57.164,26.629
2026-01-14 16:32:57.179,26.633
2026-01-14 16:32:57.197,26.633
2026-01-14 16:32:57.197,26.633
2026-01-14 16:32:57.213,26.616
2026-01-14 16:32:57.228,26.615
2026-01-14 16:32:57.247,26.615
2026-01-14 16:32:57.247,26.615
2026-01-14 16:32:57.263,26.619
2026-01-14 16:32:57.279,26.611
2026-01-14 16:32:57.280,26.61
2026-01-14 16:32:57.295,26.607
2026-01-14 16:32:57.313,26.607
2026-01-14 16:32:57.355,26.608
2026-01-14 16:32:57.356,26.609
2026-01-14 16:32:57.356,26.609
2026-01-14 16:32:57.357,26.604
2026-01-14 16:32:57.366,26.604
2026-01-14 16:32:57.379,26.623
2026-01-14 16:32:57.395,26.615
2026-01-14 16:32:57.413,26.612
2026-01-14 16:32:57.414,26.605
2026-01-14 16:32:57.428,26.601
2026-01-14 16:32:57.446,26.597
2026-01-14 16:32:57.463,26.598
2026-01-14 16:32:57.463,26.598
2026-01-14 16:32:57.478,26.596
2026-01-14 16:32:57.497,26.598
2026-01-14 16:32:57.498,26.599
2026-01-14 16:32:57.513,26.601
2026-01-14 16:32:57.529,26.594
2026-01-14 16:32:57.545,26.595
2026-01-14 16:32:57.545,26.589
2026-01-14 16:32:57.563,26.586
2026-01-14 16:32:57.578,26.586
2026-01-14 16:32:57.596,26.586
2026-01-14 16:32:57.596,26.585
2026-01-14 16:32:57.612,26.574
2026-01-14 16:32:57.629,26.564
2026-01-14 16:32:57.630,26.556
2026-01-14 16:32:57.645,26.547
2026-01-14 16:32:57.662,26.534
2026-01-14 16:32:57.679,26.525
2026-01-14 16:32:57.679,26.513
2026-01-14 16:32:57.697,26.502
2026-01-14 16:32:57.713,26.495
2026-01-14 16:32:57.713,26.497
2026-01-14 16:32:57.729,26.488
2026-01-14 16:32:57.747,26.478
2026-01-14 16:32:57.763,26.472
2026-01-14 16:32:57.763,26.461
2026-01-14 16:32:57.779,26.461
2026-01-14 16:32:57.795,26.458
2026-01-14 16:32:57.797,26.458
2026-01-14 16:32:57.813,26.448
2026-01-14 16:32:57.830,26.451
2026-01-14 16:32:57.845,26.444
2026-01-14 16:32:57.845,26.447
2026-01-14 16:32:57.861,26.445
2026-01-14 16:32:57.878,26.441
2026-01-14 16:32:57.896,26.442
2026-01-14 16:32:57.896,26.446
2026-01-14 16:32:57.912,26.456
2026-01-14 16:32:57.928,26.461
2026-01-14 16:32:57.929,26.46
2026-01-14 16:32:57.952,26.467
2026-01-14 16:32:57.952,26.463
2026-01-14 16:32:57.977,26.467
2026-01-14 16:32:57.978,26.457
2026-01-14 16:32:57.995,26.456
2026-01-14 16:32:58.011,26.453
2026-01-14 16:32:58.028,26.444
2026-01-14 16:32:58.029,26.439
2026-01-14 16:32:58.045,26.432
2026-01-14 16:32:58.063,26.434
2026-01-14 16:32:58.063,26.435
2026-01-14 16:32:58.079,26.43
2026-01-14 16:32:58.096,26.424
2026-01-14 16:32:58.097,26.415
2026-01-14 16:32:58.112,26.41
2026-01-14 16:32:58.129,26.41
2026-01-14 16:32:58.146,26.413
2026-01-14 16:32:58.147,26.41
2026-01-14 16:32:58.162,26.405
2026-01-14 16:32:58.179,26.401
2026-01-14 16:32:58.195,26.406
2026-01-14 16:32:58.196,26.405
2026-01-14 16:32:58.212,26.408
2026-01-14 16:32:58.228,26.406
2026-01-14 16:32:58.229,26.406
2026-01-14 16:32:58.246,26.403
2026-01-14 16:32:58.261,26.406
2026-01-14 16:32:58.277,26.402
2026-01-14 16:32:58.278,26.396
2026-01-14 16:32:58.294,26.396
2026-01-14 16:32:58.312,26.396
2026-01-14 16:32:58.312,26.39
2026-01-14 16:32:58.328,26.386
2026-01-14 16:32:58.345,26.38
2026-01-14 16:32:58.362,26.378
2026-01-14 16:32:58.362,26.378
2026-01-14 16:32:58.379,26.374
2026-01-14 16:32:58.395,26.367
2026-01-14 16:32:58.396,26.369
2026-01-14 16:32:58.412,26.366
2026-01-14 16:32:58.429,26.363
2026-01-14 16:32:58.446,26.362
2026-01-14 16:32:58.447,26.352
2026-01-14 16:32:58.462,26.35
2026-01-14 16:32:58.477,26.355
2026-01-14 16:32:58.497,26.361
2026-01-14 16:32:58.498,26.361
2026-01-14 16:32:58.513,26.37
2026-01-14 16:32:58.529,26.373
2026-01-14 16:32:58.530,26.371
2026-01-14 16:32:58.544,26.372
2026-01-14 16:32:58.561,26.363
2026-01-14 16:32:58.578,26.355
2026-01-14 16:32:58.578,26.351
2026-01-14 16:32:58.596,26.355
2026-01-14 16:32:58.612,26.355
2026-01-14 16:32:58.614,26.357
2026-01-14 16:32:58.628,26.351
2026-01-14 16:32:58.645,26.349
2026-01-14 16:32:58.661,26.346
2026-01-14 16:32:58.662,26.34
2026-01-14 16:32:58.679,26.349
2026-01-14 16:32:58.695,26.344
2026-01-14 16:32:58.696,26.339
2026-01-14 16:32:58.729,26.332
2026-01-14 16:32:58.729,26.327
2026-01-14 16:32:58.739,26.316
2026-01-14 16:32:58.761,26.315
2026-01-14 16:32:58.762,26.309
2026-01-14 16:32:58.778,26.302
2026-01-14 16:32:58.794,26.296
2026-01-14 16:32:58.794,26.29
2026-01-14 16:32:58.811,26.292
2026-01-14 16:32:58.828,26.285
2026-01-14 16:32:58.829,26.276
2026-01-14 16:32:58.845,26.268
2026-01-14 16:32:58.861,26.27
2026-01-14 16:32:58.879,26.26
2026-01-14 16:32:58.879,26.248
2026-01-14 16:32:58.896,26.238
2026-01-14 16:32:58.911,26.23
2026-01-14 16:32:58.912,26.223
2026-01-14 16:32:58.927,26.211
2026-01-14 16:32:58.949,26.222
2026-01-14 16:32:58.949,26.213
2026-01-14 16:32:58.962,26.196
2026-01-14 16:32:58.978,26.187
2026-01-14 16:32:58.994,26.181
2026-01-14 16:32:59.010,26.168
2026-01-14 16:32:59.011,26.164
2026-01-14 16:32:59.027,26.153
2026-01-14 16:32:59.045,26.15
2026-01-14 16:32:59.045,26.142
2026-01-14 16:32:59.061,26.138
2026-01-14 16:32:59.078,26.13
2026-01-14 16:32:59.095,26.131
2026-01-14 16:32:59.095,26.135
2026-01-14 16:32:59.112,26.126
2026-01-14 16:32:59.129,26.126
2026-01-14 16:32:59.129,26.126
2026-01-14 16:32:59.145,26.13
2026-01-14 16:32:59.162,26.13
2026-01-14 16:32:59.179,26.124
2026-01-14 16:32:59.179,26.117
2026-01-14 16:32:59.195,26.116
2026-01-14 16:32:59.212,26.111
2026-01-14 16:32:59.212,26.117
2026-01-14 16:32:59.229,26.112
2026-01-14 16:32:59.245,26.107
2026-01-14 16:32:59.261,26.108
2026-01-14 16:32:59.261,26.114
2026-01-14 16:32:59.278,26.111
2026-01-14 16:32:59.295,26.109
2026-01-14 16:32:59.296,26.103
2026-01-14 16:32:59.312,26.104
2026-01-14 16:32:59.328,26.109
2026-01-14 16:32:59.347,26.108
2026-01-14 16:32:59.347,26.106
2026-01-14 16:32:59.361,26.104
2026-01-14 16:32:59.378,26.103
2026-01-14 16:32:59.395,26.095
2026-01-14 16:32:59.395,26.087
2026-01-14 16:32:59.411,26.089
2026-01-14 16:32:59.429,26.09
2026-01-14 16:32:59.429,26.093
2026-01-14 16:32:59.448,26.089
2026-01-14 16:32:59.461,26.085
2026-01-14 16:32:59.477,26.081
2026-01-14 16:32:59.478,26.072
2026-01-14 16:32:59.494,26.077
2026-01-14 16:32:59.511,26.083
2026-01-14 16:32:59.513,26.087
2026-01-14 16:32:59.529,26.095
2026-01-14 16:32:59.544,26.091
2026-01-14 16:32:59.561,26.089
2026-01-14 16:32:59.562,26.078
2026-01-14 16:32:59.578,26.078
2026-01-14 16:32:59.610,26.068
2026-01-14 16:32:59.611,26.06
2026-01-14 16:32:59.628,26.055
2026-01-14 16:32:59.645,26.051
2026-01-14 16:32:59.645,26.059
2026-01-14 16:32:59.662,26.08
2026-01-14 16:32:59.679,26.074
2026-01-14 16:32:59.694,26.08
2026-01-14 16:32:59.695,26.078
2026-01-14 16:32:59.711,26.069
2026-01-14 16:32:59.727,26.066
2026-01-14 16:32:59.728,26.059
2026-01-14 16:32:59.743,26.054
2026-01-14 16:32:59.760,26.048
2026-01-14 16:32:59.777,26.04
2026-01-14 16:32:59.777,26.031
2026-01-14 16:32:59.794,26.03
2026-01-14 16:32:59.810,26.029
2026-01-14 16:32:59.827,26.039
2026-01-14 16:32:59.828,26.037
2026-01-14 16:32:59.844,26.025
2026-01-14 16:32:59.860,26.021
2026-01-14 16:32:59.860,26.014
2026-01-14 16:32:59.877,26.013
2026-01-14 16:32:59.893,26.008
2026-01-14 16:32:59.911,26.008
2026-01-14 16:32:59.912,25.999
2026-01-14 16:32:59.928,25.999
2026-01-14 16:32:59.944,25.998
2026-01-14 16:32:59.944,26.0
2026-01-14 16:32:59.965,25.999
2026-01-14 16:32:59.977,25.991
2026-01-14 16:32:59.995,25.992
2026-01-14 16:32:59.995,25.99
2026-01-14 16:33:00.011,25.992
2026-01-14 16:33:00.028,25.995
2026-01-14 16:33:00.029,25.993
2026-01-14 16:33:00.045,25.997
2026-01-14 16:33:00.061,25.992
2026-01-14 16:33:00.114,26.002
2026-01-14 16:33:00.115,26.011
2026-01-14 16:33:00.115,26.007
2026-01-14 16:33:00.115,26.0
2026-01-14 16:33:00.115,25.988
2026-01-14 16:33:00.144,25.984
2026-01-14 16:33:00.145,25.977
2026-01-14 16:33:00.161,25.963
2026-01-14 16:33:00.162,25.958
2026-01-14 16:33:00.178,25.954
2026-01-14 16:33:00.194,25.944
2026-01-14 16:33:00.211,25.924
2026-01-14 16:33:00.211,25.911
2026-01-14 16:33:00.227,25.903
2026-01-14 16:33:00.245,25.907
2026-01-14 16:33:00.245,25.906
2026-01-14 16:33:00.261,25.907
2026-01-14 16:33:00.277,25.896
2026-01-14 16:33:00.295,25.88
2026-01-14 16:33:00.295,25.868
2026-01-14 16:33:00.311,25.864
2026-01-14 16:33:00.327,25.86
2026-01-14 16:33:00.343,25.859
2026-01-14 16:33:00.344,25.869
2026-01-14 16:33:00.361,25.876
2026-01-14 16:33:00.378,25.874
2026-01-14 16:33:00.378,25.872
2026-01-14 16:33:00.394,25.876
2026-01-14 16:33:00.411,25.875
2026-01-14 16:33:00.427,25.88
2026-01-14 16:33:00.427,25.878
2026-01-14 16:33:00.444,25.88
2026-01-14 16:33:00.461,25.878
2026-01-14 16:33:00.461,25.875
2026-01-14 16:33:00.477,25.885
2026-01-14 16:33:00.495,25.887
2026-01-14 16:33:00.510,25.889
2026-01-14 16:33:00.511,25.89
2026-01-14 16:33:00.528,25.892
2026-01-14 16:33:00.546,25.887
2026-01-14 16:33:00.546,25.891
2026-01-14 16:33:00.562,25.883
2026-01-14 16:33:00.579,25.875
2026-01-14 16:33:00.595,25.858
2026-01-14 16:33:00.595,25.851
2026-01-14 16:33:00.612,25.846
2026-01-14 16:33:00.627,25.847
2026-01-14 16:33:00.643,25.848
2026-01-14 16:33:00.643,25.851
2026-01-14 16:33:00.661,25.85
2026-01-14 16:33:00.679,25.841
2026-01-14 16:33:00.679,25.833
2026-01-14 16:33:00.698,25.838
2026-01-14 16:33:00.712,25.835
2026-01-14 16:33:00.712,25.838
2026-01-14 16:33:00.727,25.84
2026-01-14 16:33:00.744,25.84
2026-01-14 16:33:00.761,25.843
2026-01-14 16:33:00.762,25.843
2026-01-14 16:33:00.777,25.84
2026-01-14 16:33:00.794,25.839
2026-01-14 16:33:00.810,25.845
2026-01-14 16:33:00.810,25.829
2026-01-14 16:33:00.828,25.824
2026-01-14 16:33:00.844,25.817
2026-01-14 16:33:00.845,25.821
2026-01-14 16:33:00.861,25.821
2026-01-14 16:33:00.878,25.827
2026-01-14 16:33:00.894,25.828
2026-01-14 16:33:00.894,25.831
2026-01-14 16:33:00.911,25.833
2026-01-14 16:33:00.928,25.823
2026-01-14 16:33:00.928,25.828
2026-01-14 16:33:00.952,25.831
2026-01-14 16:33:00.952,25.848
2026-01-14 16:33:00.977,25.853
2026-01-14 16:33:00.978,25.841
2026-01-14 16:33:00.994,25.845
2026-01-14 16:33:01.011,25.839
2026-01-14 16:33:01.029,25.841
2026-01-14 16:33:01.029,25.841
2026-01-14 16:33:01.044,25.841
2026-01-14 16:33:01.060,25.839
2026-01-14 16:33:01.060,25.84
2026-01-14 16:33:01.077,25.837
2026-01-14 16:33:01.094,25.833
2026-01-14 16:33:01.110,25.834
2026-01-14 16:33:01.110,25.829
2026-01-14 16:33:01.126,25.826
2026-01-14 16:33:01.145,25.832
2026-01-14 16:33:01.145,25.832
2026-01-14 16:33:01.161,25.846
2026-01-14 16:33:01.177,25.857
2026-01-14 16:33:01.194,25.86
2026-01-14 16:33:01.194,25.858
2026-01-14 16:33:01.211,25.858
2026-01-14 16:33:01.227,25.848
2026-01-14 16:33:01.244,25.84
2026-01-14 16:33:01.245,25.833
2026-01-14 16:33:01.260,25.829
2026-01-14 16:33:01.277,25.831
2026-01-14 16:33:01.277,25.828
2026-01-14 16:33:01.294,25.82
2026-01-14 16:33:01.311,25.817
2026-01-14 16:33:01.327,25.808
2026-01-14 16:33:01.327,25.796
2026-01-14 16:33:01.344,25.786
2026-01-14 16:33:01.361,25.769
2026-01-14 16:33:01.361,25.758
2026-01-14 16:33:01.377,25.752
2026-01-14 16:33:01.394,25.747
2026-01-14 16:33:01.410,25.734
2026-01-14 16:33:01.410,25.729
2026-01-14 16:33:01.453,25.718
2026-01-14 16:33:01.453,25.708
2026-01-14 16:33:01.453,25.703
2026-01-14 16:33:01.460,25.693
2026-01-14 16:33:01.478,25.685
2026-01-14 16:33:01.494,25.67
2026-01-14 16:33:01.494,25.667
2026-01-14 16:33:01.511,25.669
2026-01-14 16:33:01.527,25.661
2026-01-14 16:33:01.528,25.663
2026-01-14 16:33:01.544,25.66
2026-01-14 16:33:01.560,25.665
2026-01-14 16:33:01.577,25.665
2026-01-14 16:33:01.577,25.668
2026-01-14 16:33:01.594,25.671
2026-01-14 16:33:01.610,25.673
2026-01-14 16:33:01.627,25.682
2026-01-14 16:33:01.627,25.68
2026-01-14 16:33:01.643,25.686
2026-01-14 16:33:01.660,25.691
2026-01-14 16:33:01.660,25.697
2026-01-14 16:33:01.677,25.704
2026-01-14 16:33:01.693,25.708
2026-01-14 16:33:01.710,25.712
2026-01-14 16:33:01.710,25.721
2026-01-14 16:33:01.726,25.736
2026-01-14 16:33:01.743,25.752
2026-01-14 16:33:01.744,25.771
2026-01-14 16:33:01.760,25.785
2026-01-14 16:33:01.777,25.797
2026-01-14 16:33:01.794,25.807
2026-01-14 16:33:01.794,25.809
2026-01-14 16:33:01.810,25.808
2026-01-14 16:33:01.826,25.801
2026-01-14 16:33:01.844,25.796
2026-01-14 16:33:01.844,25.792
2026-01-14 16:33:01.860,25.783
2026-01-14 16:33:01.877,25.782
2026-01-14 16:33:01.877,25.781
2026-01-14 16:33:01.893,25.789
2026-01-14 16:33:01.910,25.796
2026-01-14 16:33:01.926,25.802
2026-01-14 16:33:01.926,25.802
2026-01-14 16:33:01.948,25.81
2026-01-14 16:33:01.948,25.806
2026-01-14 16:33:01.960,25.796
2026-01-14 16:33:01.977,25.785
2026-01-14 16:33:01.994,25.782
2026-01-14 16:33:02.010,25.782
2026-01-14 16:33:02.011,25.775
2026-01-14 16:33:02.027,25.773
2026-01-14 16:33:02.044,25.766
2026-01-14 16:33:02.045,25.755
2026-01-14 16:33:02.061,25.745
2026-01-14 16:33:02.076,25.74
2026-01-14 16:33:02.094,25.737
2026-01-14 16:33:02.109,25.727
2026-01-14 16:33:02.127,25.721
2026-01-14 16:33:02.143,25.706
2026-01-14 16:33:02.144,25.7
2026-01-14 16:33:02.160,25.691
2026-01-14 16:33:02.177,25.689
2026-01-14 16:33:02.177,25.685
2026-01-14 16:33:02.194,25.691
2026-01-14 16:33:02.210,25.691
2026-01-14 16:33:02.226,25.701
2026-01-14 16:33:02.227,25.7
2026-01-14 16:33:02.243,25.705
2026-01-14 16:33:02.261,25.703
2026-01-14 16:33:02.261,25.703
2026-01-14 16:33:02.277,25.697
2026-01-14 16:33:02.293,25.697
2026-01-14 16:33:02.310,25.699
2026-01-14 16:33:02.310,25.703
2026-01-14 16:33:02.327,25.707
2026-01-14 16:33:02.343,25.701
2026-01-14 16:33:02.343,25.708
2026-01-14 16:33:02.360,25.702
2026-01-14 16:33:02.377,25.704
2026-01-14 16:33:02.394,25.702
2026-01-14 16:33:02.394,25.707
2026-01-14 16:33:02.410,25.703
2026-01-14 16:33:02.426,25.702
2026-01-14 16:33:02.443,25.703
2026-01-14 16:33:02.444,25.705
2026-01-14 16:33:02.460,25.708
2026-01-14 16:33:02.477,25.705
2026-01-14 16:33:02.477,25.704
2026-01-14 16:33:02.493,25.699
2026-01-14 16:33:02.511,25.695
2026-01-14 16:33:02.527,25.701
2026-01-14 16:33:02.527,25.7
2026-01-14 16:33:02.543,25.701
2026-01-14 16:33:02.559,25.707
2026-01-14 16:33:02.560,25.705
2026-01-14 16:33:02.577,25.694
2026-01-14 16:33:02.594,25.697
2026-01-14 16:33:02.610,25.686
2026-01-14 16:33:02.611,25.686
2026-01-14 16:33:02.626,25.683
2026-01-14 16:33:02.646,25.686
2026-01-14 16:33:02.661,25.683
2026-01-14 16:33:02.677,25.69
2026-01-14 16:33:02.693,25.689
2026-01-14 16:33:02.694,25.687
2026-01-14 16:33:02.710,25.688
2026-01-14 16:33:02.726,25.691
2026-01-14 16:33:02.743,25.688
2026-01-14 16:33:02.743,25.683
2026-01-14 16:33:02.760,25.682
2026-01-14 16:33:02.777,25.683
2026-01-14 16:33:02.777,25.682
2026-01-14 16:33:02.816,25.684
2026-01-14 16:33:02.817,25.681
2026-01-14 16:33:02.817,25.687
2026-01-14 16:33:02.844,25.689
2026-01-14 16:33:02.845,25.694
2026-01-14 16:33:02.861,25.692
2026-01-14 16:33:02.861,25.701
2026-01-14 16:33:02.877,25.709
2026-01-14 16:33:02.894,25.719
2026-01-14 16:33:02.911,25.721
2026-01-14 16:33:02.912,25.726
2026-01-14 16:33:02.928,25.738
2026-01-14 16:33:02.944,25.748
2026-01-14 16:33:02.944,25.759
2026-01-14 16:33:02.967,25.766
2026-01-14 16:33:02.967,25.768
2026-01-14 16:33:02.995,25.778
2026-01-14 16:33:02.996,25.778
2026-01-14 16:33:03.012,25.782
2026-01-14 16:33:03.029,25.784
2026-01-14 16:33:03.030,25.792
2026-01-14 16:33:03.045,25.794
2026-01-14 16:33:03.062,25.791
2026-01-14 16:33:03.078,25.792
2026-01-14 16:33:03.078,25.785
2026-01-14 16:33:03.094,25.79
2026-01-14 16:33:03.112,25.788
2026-01-14 16:33:03.113,25.784
2026-01-14 16:33:03.130,25.789
2026-01-14 16:33:03.144,25.781
2026-01-14 16:33:03.162,25.781
2026-01-14 16:33:03.163,25.773
2026-01-14 16:33:03.178,25.773
2026-01-14 16:33:03.196,25.78
2026-01-14 16:33:03.196,25.794
2026-01-14 16:33:03.211,25.797
2026-01-14 16:33:03.228,25.798
2026-01-14 16:33:03.245,25.802
2026-01-14 16:33:03.262,25.801
2026-01-14 16:33:03.277,25.807
2026-01-14 16:33:03.295,25.807
2026-01-14 16:33:03.296,25.805
2026-01-14 16:33:03.312,25.797
2026-01-14 16:33:03.327,25.792
2026-01-14 16:33:03.328,25.793
2026-01-14 16:33:03.344,25.784
2026-01-14 16:33:03.362,25.78
2026-01-14 16:33:03.378,25.771
2026-01-14 16:33:03.378,25.753
2026-01-14 16:33:03.395,25.745
2026-01-14 16:33:03.411,25.734
2026-01-14 16:33:03.412,25.72
2026-01-14 16:33:03.427,25.723
2026-01-14 16:33:03.444,25.726
2026-01-14 16:33:03.462,25.722
2026-01-14 16:33:03.463,25.716
2026-01-14 16:33:03.477,25.706
2026-01-14 16:33:03.495,25.697
2026-01-14 16:33:03.512,25.694
2026-01-14 16:33:03.513,25.685
2026-01-14 16:33:03.528,25.685
2026-01-14 16:33:03.544,25.691
2026-01-14 16:33:03.545,25.692
2026-01-14 16:33:03.561,25.699
2026-01-14 16:33:03.578,25.695
2026-01-14 16:33:03.594,25.693
2026-01-14 16:33:03.595,25.694
2026-01-14 16:33:03.610,25.681
2026-01-14 16:33:03.627,25.672
2026-01-14 16:33:03.645,25.675
2026-01-14 16:33:03.645,25.679
2026-01-14 16:33:03.660,25.694
2026-01-14 16:33:03.677,25.697
2026-01-14 16:33:03.677,25.696
2026-01-14 16:33:03.694,25.7
2026-01-14 16:33:03.711,25.696
2026-01-14 16:33:03.728,25.699
2026-01-14 16:33:03.728,25.695
2026-01-14 16:33:03.744,25.692
2026-01-14 16:33:03.761,25.689
2026-01-14 16:33:03.761,25.683
2026-01-14 16:33:03.777,25.693
2026-01-14 16:33:03.795,25.693
2026-01-14 16:33:03.811,25.687
2026-01-14 16:33:03.811,25.693
2026-01-14 16:33:03.828,25.692
2026-01-14 16:33:03.843,25.687
2026-01-14 16:33:03.859,25.685
2026-01-14 16:33:03.860,25.699
2026-01-14 16:33:03.877,25.696
2026-01-14 16:33:03.893,25.694
2026-01-14 16:33:03.894,25.694
2026-01-14 16:33:03.910,25.698
2026-01-14 16:33:03.927,25.712
2026-01-14 16:33:03.929,25.717
2026-01-14 16:33:03.944,25.715
2026-01-14 16:33:03.966,25.715
2026-01-14 16:33:03.977,25.715
2026-01-14 16:33:03.995,25.726
2026-01-14 16:33:04.011,25.728
2026-01-14 16:33:04.012,25.725
2026-01-14 16:33:04.028,25.731
2026-01-14 16:33:04.044,25.729
2026-01-14 16:33:04.061,25.731
2026-01-14 16:33:04.061,25.742
2026-01-14 16:33:04.077,25.742
2026-01-14 16:33:04.095,25.739
2026-01-14 16:33:04.096,25.746
2026-01-14 16:33:04.111,25.748
2026-01-14 16:33:04.129,25.76
2026-01-14 16:33:04.170,25.766
2026-01-14 16:33:04.171,25.776
2026-01-14 16:33:04.171,25.772
2026-01-14 16:33:04.172,25.776
2026-01-14 16:33:04.180,25.787
2026-01-14 16:33:04.212,25.789
2026-01-14 16:33:04.228,25.81
2026-01-14 16:33:04.228,25.827
2026-01-14 16:33:04.245,25.836
2026-01-14 16:33:04.279,25.84
2026-01-14 16:33:04.279,25.839
2026-01-14 16:33:04.296,25.838
2026-01-14 16:33:04.311,25.836
2026-01-14 16:33:04.312,25.834
2026-01-14 16:33:04.328,25.831
2026-01-14 16:33:04.345,25.807
2026-01-14 16:33:04.361,25.795
2026-01-14 16:33:04.361,25.788
2026-01-14 16:33:04.378,25.777
2026-01-14 16:33:04.395,25.773
2026-01-14 16:33:04.413,25.764
2026-01-14 16:33:04.413,25.765
2026-01-14 16:33:04.428,25.756
2026-01-14 16:33:04.444,25.758
2026-01-14 16:33:04.445,25.755
2026-01-14 16:33:04.461,25.754
2026-01-14 16:33:04.479,25.75
2026-01-14 16:33:04.493,25.746
2026-01-14 16:33:04.511,25.75
2026-01-14 16:33:04.528,25.768
2026-01-14 16:33:04.529,25.771
2026-01-14 16:33:04.545,25.783
2026-01-14 16:33:04.578,25.795
2026-01-14 16:33:04.578,25.814
2026-01-14 16:33:04.596,25.815
2026-01-14 16:33:04.611,25.819
2026-01-14 16:33:04.611,25.815
2026-01-14 16:33:04.627,25.818
2026-01-14 16:33:04.645,25.822
2026-01-14 16:33:04.661,25.823
2026-01-14 16:33:04.661,25.829
2026-01-14 16:33:04.678,25.823
2026-01-14 16:33:04.695,25.824
2026-01-14 16:33:04.711,25.812
2026-01-14 16:33:04.711,25.807
2026-01-14 16:33:04.728,25.806
2026-01-14 16:33:04.745,25.801
2026-01-14 16:33:04.746,25.801
2026-01-14 16:33:04.761,25.795
2026-01-14 16:33:04.777,25.788
2026-01-14 16:33:04.793,25.784
2026-01-14 16:33:04.793,25.783
2026-01-14 16:33:04.810,25.781
2026-01-14 16:33:04.828,25.773
2026-01-14 16:33:04.828,25.772
2026-01-14 16:33:04.844,25.764
2026-01-14 16:33:04.861,25.771
2026-01-14 16:33:04.877,25.772
2026-01-14 16:33:04.878,25.772
2026-01-14 16:33:04.894,25.771
2026-01-14 16:33:04.910,25.771
2026-01-14 16:33:04.912,25.784
2026-01-14 16:33:04.927,25.794
2026-01-14 16:33:04.946,25.802
2026-01-14 16:33:04.961,25.806
2026-01-14 16:33:04.961,25.814
2026-01-14 16:33:04.985,25.815
2026-01-14 16:33:04.986,25.816
2026-01-14 16:33:04.995,25.819
2026-01-14 16:33:05.011,25.827
2026-01-14 16:33:05.028,25.829
2026-01-14 16:33:05.045,25.836
2026-01-14 16:33:05.046,25.841
2026-01-14 16:33:05.062,25.841
2026-01-14 16:33:05.078,25.838
2026-01-14 16:33:05.094,25.836
2026-01-14 16:33:05.111,25.834
2026-01-14 16:33:05.127,25.833
2026-01-14 16:33:05.128,25.835
2026-01-14 16:33:05.144,25.844
2026-01-14 16:33:05.161,25.84
2026-01-14 16:33:05.178,25.847
2026-01-14 16:33:05.179,25.85
2026-01-14 16:33:05.195,25.858
2026-01-14 16:33:05.212,25.874
2026-01-14 16:33:05.213,25.876
2026-01-14 16:33:05.227,25.87
2026-01-14 16:33:05.245,25.866
2026-01-14 16:33:05.261,25.859
2026-01-14 16:33:05.262,25.865
2026-01-14 16:33:05.277,25.864
2026-01-14 16:33:05.293,25.868
2026-01-14 16:33:05.311,25.875
2026-01-14 16:33:05.311,25.874
2026-01-14 16:33:05.328,25.865
2026-01-14 16:33:05.345,25.862
2026-01-14 16:33:05.346,25.863
2026-01-14 16:33:05.361,25.867
2026-01-14 16:33:05.377,25.861
2026-01-14 16:33:05.395,25.861
2026-01-14 16:33:05.396,25.864
2026-01-14 16:33:05.411,25.867
2026-01-14 16:33:05.428,25.879
2026-01-14 16:33:05.429,25.883
2026-01-14 16:33:05.446,25.895
2026-01-14 16:33:05.461,25.908
2026-01-14 16:33:05.479,25.918
2026-01-14 16:33:05.480,25.927
2026-01-14 16:33:05.494,25.933
2026-01-14 16:33:05.510,25.945
2026-01-14 16:33:05.527,25.95
2026-01-14 16:33:05.537,25.963
2026-01-14 16:33:05.561,25.972
2026-01-14 16:33:05.561,25.982
2026-01-14 16:33:05.577,25.989
2026-01-14 16:33:05.594,25.993
2026-01-14 16:33:05.610,25.989
2026-01-14 16:33:05.610,25.972
2026-01-14 16:33:05.627,25.961
2026-01-14 16:33:05.644,25.954
2026-01-14 16:33:05.660,25.959
2026-01-14 16:33:05.677,25.959
2026-01-14 16:33:05.694,25.962
2026-01-14 16:33:05.711,25.958
2026-01-14 16:33:05.727,25.959
2026-01-14 16:33:05.727,25.97
2026-01-14 16:33:05.743,25.971
2026-01-14 16:33:05.760,25.978
2026-01-14 16:33:05.778,25.98
2026-01-14 16:33:05.778,25.98
2026-01-14 16:33:05.794,25.977
2026-01-14 16:33:05.811,25.977
2026-01-14 16:33:05.828,25.981
2026-01-14 16:33:05.844,25.992
2026-01-14 16:33:05.860,26.009
2026-01-14 16:33:05.860,26.025
2026-01-14 16:33:05.878,26.033
2026-01-14 16:33:05.894,26.039
2026-01-14 16:33:05.911,26.054
2026-01-14 16:33:05.911,26.055
2026-01-14 16:33:05.928,26.07
2026-01-14 16:33:05.944,26.071
2026-01-14 16:33:05.961,26.073
2026-01-14 16:33:05.985,26.071
2026-01-14 16:33:05.985,26.064
2026-01-14 16:33:05.994,26.058
2026-01-14 16:33:06.010,26.051
2026-01-14 16:33:06.026,26.051
2026-01-14 16:33:06.043,26.069
2026-01-14 16:33:06.043,26.07
2026-01-14 16:33:06.060,26.069
2026-01-14 16:33:06.077,26.064
2026-01-14 16:33:06.077,26.057
2026-01-14 16:33:06.094,26.057
2026-01-14 16:33:06.112,26.054
2026-01-14 16:33:06.112,26.056
2026-01-14 16:33:06.144,26.054
2026-01-14 16:33:06.160,26.057
2026-01-14 16:33:06.160,26.049
2026-01-14 16:33:06.177,26.049
2026-01-14 16:33:06.194,26.053
2026-01-14 16:33:06.211,26.053
2026-01-14 16:33:06.211,26.052
2026-01-14 16:33:06.227,26.051
2026-01-14 16:33:06.244,26.049
2026-01-14 16:33:06.244,26.053
2026-01-14 16:33:06.261,26.061
2026-01-14 16:33:06.278,26.069
2026-01-14 16:33:06.293,26.084
2026-01-14 16:33:06.294,26.099
2026-01-14 16:33:06.311,26.107
2026-01-14 16:33:06.327,26.114
2026-01-14 16:33:06.328,26.111
2026-01-14 16:33:06.361,26.114
2026-01-14 16:33:06.378,26.114
2026-01-14 16:33:06.378,26.112
2026-01-14 16:33:06.394,26.119
2026-01-14 16:33:06.412,26.133
2026-01-14 16:33:06.412,26.133
2026-01-14 16:33:06.427,26.129
2026-01-14 16:33:06.444,26.118
2026-01-14 16:33:06.460,26.114
2026-01-14 16:33:06.461,26.117
2026-01-14 16:33:06.477,26.124
2026-01-14 16:33:06.494,26.131
2026-01-14 16:33:06.511,26.13
2026-01-14 16:33:06.511,26.127
2026-01-14 16:33:06.528,26.126
2026-01-14 16:33:06.544,26.127
2026-01-14 16:33:06.561,26.132
2026-01-14 16:33:06.577,26.133
2026-01-14 16:33:06.595,26.128
2026-01-14 16:33:06.595,26.133
2026-01-14 16:33:06.611,26.134
2026-01-14 16:33:06.628,26.157
2026-01-14 16:33:06.629,26.159
2026-01-14 16:33:06.644,26.159
2026-01-14 16:33:06.678,26.171
2026-01-14 16:33:06.678,26.188
2026-01-14 16:33:06.695,26.196
2026-01-14 16:33:06.711,26.208
2026-01-14 16:33:06.712,26.22
2026-01-14 16:33:06.727,26.23
2026-01-14 16:33:06.744,26.235
2026-01-14 16:33:06.760,26.243
2026-01-14 16:33:06.778,26.252
2026-01-14 16:33:06.794,26.241
2026-01-14 16:33:06.810,26.23
2026-01-14 16:33:06.810,26.229
2026-01-14 16:33:06.828,26.222
2026-01-14 16:33:06.844,26.212
2026-01-14 16:33:06.844,26.209
2026-01-14 16:33:06.861,26.21
2026-01-14 16:33:06.877,26.216
2026-01-14 16:33:06.925,26.221
2026-01-14 16:33:06.925,26.233
2026-01-14 16:33:06.926,26.245
2026-01-14 16:33:06.926,26.251
2026-01-14 16:33:06.935,26.259
2026-01-14 16:33:06.945,26.262
2026-01-14 16:33:06.961,26.267
2026-01-14 16:33:06.984,26.263
2026-01-14 16:33:06.985,26.265
2026-01-14 16:33:06.995,26.269
2026-01-14 16:33:07.009,26.272
2026-01-14 16:33:07.027,26.28
2026-01-14 16:33:07.027,26.296
2026-01-14 16:33:07.042,26.311
2026-01-14 16:33:07.061,26.327
2026-01-14 16:33:07.062,26.341
2026-01-14 16:33:07.077,26.35
2026-01-14 16:33:07.093,26.364
2026-01-14 16:33:07.110,26.366
2026-01-14 16:33:07.111,26.377
2026-01-14 16:33:07.128,26.391
2026-01-14 16:33:07.144,26.402
2026-01-14 16:33:07.144,26.412
2026-01-14 16:33:07.161,26.414
2026-01-14 16:33:07.178,26.417
2026-01-14 16:33:07.194,26.419
2026-01-14 16:33:07.194,26.419
2026-01-14 16:33:07.211,26.419
2026-01-14 16:33:07.228,26.421
2026-01-14 16:33:07.228,26.415
2026-01-14 16:33:07.244,26.42
2026-01-14 16:33:07.260,26.415
2026-01-14 16:33:07.278,26.414
2026-01-14 16:33:07.279,26.41
2026-01-14 16:33:07.293,26.406
2026-01-14 16:33:07.312,26.414
2026-01-14 16:33:07.313,26.419
2026-01-14 16:33:07.327,26.416
2026-01-14 16:33:07.344,26.426
2026-01-14 16:33:07.361,26.429
2026-01-14 16:33:07.362,26.434
2026-01-14 16:33:07.377,26.437
2026-01-14 16:33:07.394,26.438
2026-01-14 16:33:07.410,26.441
2026-01-14 16:33:07.411,26.442
2026-01-14 16:33:07.429,26.445
2026-01-14 16:33:07.444,26.435
2026-01-14 16:33:07.444,26.431
2026-01-14 16:33:07.460,26.428
2026-01-14 16:33:07.478,26.438
2026-01-14 16:33:07.494,26.449
2026-01-14 16:33:07.494,26.465
2026-01-14 16:33:07.511,26.471
2026-01-14 16:33:07.529,26.476
2026-01-14 16:33:07.529,26.479
2026-01-14 16:33:07.544,26.485
2026-01-14 16:33:07.562,26.477
2026-01-14 16:33:07.577,26.475
2026-01-14 16:33:07.577,26.486
2026-01-14 16:33:07.593,26.485
2026-01-14 16:33:07.609,26.48
2026-01-14 16:33:07.627,26.484
2026-01-14 16:33:07.628,26.492
2026-01-14 16:33:07.644,26.496
2026-01-14 16:33:07.661,26.495
2026-01-14 16:33:07.662,26.5
2026-01-14 16:33:07.677,26.503
2026-01-14 16:33:07.694,26.504
2026-01-14 16:33:07.711,26.504
2026-01-14 16:33:07.712,26.503
2026-01-14 16:33:07.728,26.501
2026-01-14 16:33:07.743,26.507
2026-01-14 16:33:07.744,26.506
2026-01-14 16:33:07.760,26.508
2026-01-14 16:33:07.776,26.517
2026-01-14 16:33:07.794,26.525
2026-01-14 16:33:07.795,26.529
2026-01-14 16:33:07.811,26.54
2026-01-14 16:33:07.826,26.55
2026-01-14 16:33:07.843,26.561
2026-01-14 16:33:07.844,26.575
2026-01-14 16:33:07.861,26.585
2026-01-14 16:33:07.878,26.59
2026-01-14 16:33:07.878,26.596
2026-01-14 16:33:07.893,26.61
2026-01-14 16:33:07.910,26.617
2026-01-14 16:33:07.928,26.627
2026-01-14 16:33:07.928,26.632
2026-01-14 16:33:07.944,26.64
2026-01-14 16:33:07.961,26.657
2026-01-14 16:33:07.962,26.673
2026-01-14 16:33:07.977,26.682
2026-01-14 16:33:08.002,26.694
2026-01-14 16:33:08.010,26.701
2026-01-14 16:33:08.027,26.711
2026-01-14 16:33:08.044,26.715
2026-01-14 16:33:08.044,26.724
2026-01-14 16:33:08.061,26.729
2026-01-14 16:33:08.077,26.734
2026-01-14 16:33:08.093,26.744
2026-01-14 16:33:08.093,26.746
2026-01-14 16:33:08.111,26.747
2026-01-14 16:33:08.127,26.758
2026-01-14 16:33:08.128,26.77
2026-01-14 16:33:08.144,26.778
2026-01-14 16:33:08.161,26.793
2026-01-14 16:33:08.178,26.801
2026-01-14 16:33:08.178,26.813
2026-01-14 16:33:08.194,26.817
2026-01-14 16:33:08.211,26.829
2026-01-14 16:33:08.212,26.824
2026-01-14 16:33:08.227,26.815
2026-01-14 16:33:08.263,26.802
2026-01-14 16:33:08.263,26.809
2026-01-14 16:33:08.264,26.815
2026-01-14 16:33:08.294,26.81
2026-01-14 16:33:08.294,26.807
2026-01-14 16:33:08.311,26.805
2026-01-14 16:33:08.311,26.804
2026-01-14 16:33:08.329,26.802
2026-01-14 16:33:08.344,26.799
2026-01-14 16:33:08.344,26.801
2026-01-14 16:33:08.360,26.802
2026-01-14 16:33:08.376,26.809
2026-01-14 16:33:08.393,26.8
2026-01-14 16:33:08.393,26.798
2026-01-14 16:33:08.409,26.796
2026-01-14 16:33:08.427,26.802
2026-01-14 16:33:08.443,26.801
2026-01-14 16:33:08.444,26.798
2026-01-14 16:33:08.460,26.788
2026-01-14 16:33:08.476,26.78
2026-01-14 16:33:08.476,26.775
2026-01-14 16:33:08.492,26.771
2026-01-14 16:33:08.511,26.776
2026-01-14 16:33:08.527,26.779
2026-01-14 16:33:08.528,26.777
2026-01-14 16:33:08.544,26.781
2026-01-14 16:33:08.561,26.79
2026-01-14 16:33:08.561,26.796
2026-01-14 16:33:08.578,26.794
2026-01-14 16:33:08.592,26.78
2026-01-14 16:33:08.611,26.783
2026-01-14 16:33:08.611,26.782
2026-01-14 16:33:08.626,26.782
2026-01-14 16:33:08.643,26.79
2026-01-14 16:33:08.644,26.782
2026-01-14 16:33:08.660,26.775
2026-01-14 16:33:08.678,26.763
2026-01-14 16:33:08.693,26.757
2026-01-14 16:33:08.693,26.756
2026-01-14 16:33:08.710,26.76
2026-01-14 16:33:08.726,26.758
2026-01-14 16:33:08.743,26.756
2026-01-14 16:33:08.743,26.76
2026-01-14 16:33:08.761,26.766
2026-01-14 16:33:08.778,26.763
2026-01-14 16:33:08.778,26.77
2026-01-14 16:33:08.793,26.772
2026-01-14 16:33:08.810,26.776
2026-01-14 16:33:08.827,26.788
2026-01-14 16:33:08.827,26.806
2026-01-14 16:33:08.844,26.815
2026-01-14 16:33:08.860,26.82
2026-01-14 16:33:08.877,26.816
2026-01-14 16:33:08.894,26.807
2026-01-14 16:33:08.911,26.806
2026-01-14 16:33:08.912,26.8
2026-01-14 16:33:08.928,26.809
2026-01-14 16:33:08.943,26.806
2026-01-14 16:33:08.944,26.806
2026-01-14 16:33:08.961,26.802
2026-01-14 16:33:08.976,26.814
2026-01-14 16:33:09.000,26.82
2026-01-14 16:33:09.001,26.823
2026-01-14 16:33:09.010,26.827
2026-01-14 16:33:09.027,26.831
2026-01-14 16:33:09.028,26.839
2026-01-14 16:33:09.043,26.846
2026-01-14 16:33:09.061,26.846
2026-01-14 16:33:09.078,26.859
2026-01-14 16:33:09.078,26.866
2026-01-14 16:33:09.093,26.875
2026-01-14 16:33:09.111,26.882
2026-01-14 16:33:09.113,26.892
2026-01-14 16:33:09.127,26.901
2026-01-14 16:33:09.144,26.914
2026-01-14 16:33:09.161,26.919
2026-01-14 16:33:09.161,26.929
2026-01-14 16:33:09.177,26.945
2026-01-14 16:33:09.193,26.957
2026-01-14 16:33:09.210,26.97
2026-01-14 16:33:09.211,26.975
2026-01-14 16:33:09.227,26.991
2026-01-14 16:33:09.244,27.009
2026-01-14 16:33:09.245,27.019
2026-01-14 16:33:09.260,27.039
2026-01-14 16:33:09.278,27.051
2026-01-14 16:33:09.293,27.064
2026-01-14 16:33:09.311,27.083
2026-01-14 16:33:09.327,27.096
2026-01-14 16:33:09.327,27.111
2026-01-14 16:33:09.344,27.122
2026-01-14 16:33:09.361,27.139
2026-01-14 16:33:09.377,27.15
2026-01-14 16:33:09.378,27.169
2026-01-14 16:33:09.393,27.179
2026-01-14 16:33:09.412,27.193
2026-01-14 16:33:09.413,27.202
2026-01-14 16:33:09.425,27.218
2026-01-14 16:33:09.443,27.231
2026-01-14 16:33:09.459,27.239
2026-01-14 16:33:09.461,27.249
2026-01-14 16:33:09.478,27.256
2026-01-14 16:33:09.493,27.265
2026-01-14 16:33:09.510,27.27
2026-01-14 16:33:09.510,27.269
2026-01-14 16:33:09.527,27.266
2026-01-14 16:33:09.543,27.263
2026-01-14 16:33:09.544,27.26
2026-01-14 16:33:09.560,27.267
2026-01-14 16:33:09.578,27.269
2026-01-14 16:33:09.593,27.279
2026-01-14 16:33:09.593,27.286
2026-01-14 16:33:09.624,27.288
2026-01-14 16:33:09.625,27.286
2026-01-14 16:33:09.635,27.283
2026-01-14 16:33:09.644,27.283
2026-01-14 16:33:09.660,27.273
2026-01-14 16:33:09.677,27.277
2026-01-14 16:33:09.677,27.266
2026-01-14 16:33:09.694,27.268
2026-01-14 16:33:09.711,27.263
2026-01-14 16:33:09.712,27.26
2026-01-14 16:33:09.728,27.256
2026-01-14 16:33:09.744,27.261
2026-01-14 16:33:09.761,27.252
2026-01-14 16:33:09.761,27.247
2026-01-14 16:33:09.776,27.24
2026-01-14 16:33:09.794,27.228
2026-01-14 16:33:09.810,27.222
2026-01-14 16:33:09.811,27.21
2026-01-14 16:33:09.826,27.208
2026-01-14 16:33:09.843,27.203
2026-01-14 16:33:09.844,27.196
2026-01-14 16:33:09.859,27.189
2026-01-14 16:33:09.877,27.187
2026-01-14 16:33:09.893,27.184
2026-01-14 16:33:09.894,27.182
2026-01-14 16:33:09.910,27.172
2026-01-14 16:33:09.926,27.168
2026-01-14 16:33:09.943,27.163
2026-01-14 16:33:09.943,27.157
2026-01-14 16:33:09.959,27.162
2026-01-14 16:33:09.980,27.17
2026-01-14 16:33:09.981,27.175
2026-01-14 16:33:09.993,27.185
2026-01-14 16:33:10.015,27.18
2026-01-14 16:33:10.027,27.181
2026-01-14 16:33:10.043,27.179
2026-01-14 16:33:10.061,27.174
2026-01-14 16:33:10.061,27.177
2026-01-14 16:33:10.078,27.185
2026-01-14 16:33:10.093,27.191
2026-01-14 16:33:10.110,27.203
2026-01-14 16:33:10.111,27.209
2026-01-14 16:33:10.126,27.211
2026-01-14 16:33:10.144,27.219
2026-01-14 16:33:10.144,27.219
2026-01-14 16:33:10.160,27.217
2026-01-14 16:33:10.177,27.212
2026-01-14 16:33:10.193,27.215
2026-01-14 16:33:10.194,27.216
2026-01-14 16:33:10.209,27.22
2026-01-14 16:33:10.227,27.229
2026-01-14 16:33:10.227,27.236
2026-01-14 16:33:10.243,27.249
2026-01-14 16:33:10.260,27.278
2026-01-14 16:33:10.278,27.284
2026-01-14 16:33:10.278,27.296
2026-01-14 16:33:10.295,27.294
2026-01-14 16:33:10.311,27.292
2026-01-14 16:33:10.313,27.303
2026-01-14 16:33:10.327,27.317
2026-01-14 16:33:10.342,27.326
2026-01-14 16:33:10.360,27.336
2026-01-14 16:33:10.360,27.343
2026-01-14 16:33:10.376,27.353
2026-01-14 16:33:10.393,27.363
2026-01-14 16:33:10.410,27.371
2026-01-14 16:33:10.411,27.38
2026-01-14 16:33:10.427,27.389
2026-01-14 16:33:10.443,27.404
2026-01-14 16:33:10.444,27.412
2026-01-14 16:33:10.460,27.423
2026-01-14 16:33:10.476,27.427
2026-01-14 16:33:10.493,27.438
2026-01-14 16:33:10.494,27.447
2026-01-14 16:33:10.510,27.452
2026-01-14 16:33:10.527,27.467
2026-01-14 16:33:10.543,27.486
2026-01-14 16:33:10.543,27.491
2026-01-14 16:33:10.560,27.503
2026-01-14 16:33:10.576,27.516
2026-01-14 16:33:10.576,27.533
2026-01-14 16:33:10.593,27.549
2026-01-14 16:33:10.609,27.561
2026-01-14 16:33:10.625,27.574
2026-01-14 16:33:10.625,27.583
2026-01-14 16:33:10.642,27.593
2026-01-14 16:33:10.658,27.61
2026-01-14 16:33:10.675,27.623
2026-01-14 16:33:10.676,27.638
2026-01-14 16:33:10.692,27.654
2026-01-14 16:33:10.708,27.667
2026-01-14 16:33:10.709,27.685
2026-01-14 16:33:10.725,27.701
2026-01-14 16:33:10.742,27.714
2026-01-14 16:33:10.759,27.723
2026-01-14 16:33:10.760,27.736
2026-01-14 16:33:10.775,27.738
2026-01-14 16:33:10.793,27.745
2026-01-14 16:33:10.793,27.755
2026-01-14 16:33:10.809,27.773
2026-01-14 16:33:10.825,27.775
2026-01-14 16:33:10.844,27.781
2026-01-14 16:33:10.844,27.78
2026-01-14 16:33:10.860,27.791
2026-01-14 16:33:10.876,27.79
2026-01-14 16:33:10.877,27.791
2026-01-14 16:33:10.909,27.793
2026-01-14 16:33:10.926,27.788
2026-01-14 16:33:10.926,27.794
2026-01-14 16:33:10.943,27.791
2026-01-14 16:33:10.986,27.793
2026-01-14 16:33:10.986,27.79
2026-01-14 16:33:10.987,27.79
2026-01-14 16:33:10.987,27.794
2026-01-14 16:33:11.015,27.787
2026-01-14 16:33:11.015,27.792
2026-01-14 16:33:11.027,27.785
2026-01-14 16:33:11.042,27.785
2026-01-14 16:33:11.060,27.773
2026-01-14 16:33:11.060,27.764
2026-01-14 16:33:11.077,27.761
2026-01-14 16:33:11.094,27.754
2026-01-14 16:33:11.095,27.752
2026-01-14 16:33:11.110,27.75
2026-01-14 16:33:11.128,27.742
2026-01-14 16:33:11.129,27.747
2026-01-14 16:33:11.143,27.749
2026-01-14 16:33:11.159,27.741
2026-01-14 16:33:11.175,27.736
2026-01-14 16:33:11.175,27.735
2026-01-14 16:33:11.192,27.726
2026-01-14 16:33:11.209,27.727
2026-01-14 16:33:11.227,27.725
2026-01-14 16:33:11.227,27.719
2026-01-14 16:33:11.242,27.715
2026-01-14 16:33:11.259,27.711
2026-01-14 16:33:11.276,27.71
2026-01-14 16:33:11.276,27.713
2026-01-14 16:33:11.292,27.716
2026-01-14 16:33:11.308,27.714
2026-01-14 16:33:11.308,27.718
2026-01-14 16:33:11.326,27.72
2026-01-14 16:33:11.342,27.742
2026-01-14 16:33:11.359,27.747
2026-01-14 16:33:11.359,27.748
2026-01-14 16:33:11.377,27.748
2026-01-14 16:33:11.393,27.743
2026-01-14 16:33:11.394,27.744
2026-01-14 16:33:11.427,27.745
2026-01-14 16:33:11.428,27.746
2026-01-14 16:33:11.444,27.748
2026-01-14 16:33:11.459,27.755
2026-01-14 16:33:11.478,27.772
2026-01-14 16:33:11.478,27.793
2026-01-14 16:33:11.494,27.803
2026-01-14 16:33:11.510,27.812
2026-01-14 16:33:11.526,27.814
2026-01-14 16:33:11.526,27.812
2026-01-14 16:33:11.544,27.819
2026-01-14 16:33:11.559,27.826
2026-01-14 16:33:11.560,27.84
2026-01-14 16:33:11.576,27.852
2026-01-14 16:33:11.593,27.856
2026-01-14 16:33:11.609,27.86
2026-01-14 16:33:11.610,27.86
2026-01-14 16:33:11.627,27.853
2026-01-14 16:33:11.644,27.861
2026-01-14 16:33:11.645,27.865
2026-01-14 16:33:11.663,27.874
2026-01-14 16:33:11.676,27.878
2026-01-14 16:33:11.694,27.894
2026-01-14 16:33:11.694,27.894
2026-01-14 16:33:11.709,27.899
2026-01-14 16:33:11.727,27.91
2026-01-14 16:33:11.727,27.92
2026-01-14 16:33:11.744,27.933
2026-01-14 16:33:11.760,27.937
2026-01-14 16:33:11.777,27.947
2026-01-14 16:33:11.778,27.953
2026-01-14 16:33:11.793,27.957
2026-01-14 16:33:11.810,27.966
2026-01-14 16:33:11.827,27.965
2026-01-14 16:33:11.828,27.969
2026-01-14 16:33:11.843,27.978
2026-01-14 16:33:11.860,27.98
2026-01-14 16:33:11.861,27.987
2026-01-14 16:33:11.877,27.996
2026-01-14 16:33:11.893,28.006
2026-01-14 16:33:11.910,28.014
2026-01-14 16:33:11.910,28.021
2026-01-14 16:33:11.927,28.023
2026-01-14 16:33:11.943,28.04
2026-01-14 16:33:11.944,28.045
2026-01-14 16:33:11.960,28.053
2026-01-14 16:33:11.977,28.066
2026-01-14 16:33:11.994,28.077
2026-01-14 16:33:11.994,28.088
2026-01-14 16:33:12.010,28.091
2026-01-14 16:33:12.036,28.095
2026-01-14 16:33:12.036,28.108
2026-01-14 16:33:12.047,28.115
2026-01-14 16:33:12.059,28.133
2026-01-14 16:33:12.076,28.142
2026-01-14 16:33:12.077,28.151
2026-01-14 16:33:12.093,28.156
2026-01-14 16:33:12.110,28.175
2026-01-14 16:33:12.127,28.186
2026-01-14 16:33:12.127,28.198
2026-01-14 16:33:12.143,28.206
2026-01-14 16:33:12.159,28.216
2026-01-14 16:33:12.159,28.227
2026-01-14 16:33:12.177,28.238
2026-01-14 16:33:12.193,28.247
2026-01-14 16:33:12.210,28.255
2026-01-14 16:33:12.211,28.262
2026-01-14 16:33:12.226,28.263
2026-01-14 16:33:12.243,28.269
2026-01-14 16:33:12.261,28.272
2026-01-14 16:33:12.261,28.277
2026-01-14 16:33:12.277,28.27
2026-01-14 16:33:12.292,28.284
2026-01-14 16:33:12.293,28.29
2026-01-14 16:33:12.310,28.286
2026-01-14 16:33:12.326,28.282
2026-01-14 16:33:12.354,28.276
2026-01-14 16:33:12.354,28.279
2026-01-14 16:33:12.355,28.275
2026-01-14 16:33:12.365,28.274
2026-01-14 16:33:12.376,28.269
2026-01-14 16:33:12.393,28.262
2026-01-14 16:33:12.410,28.259
2026-01-14 16:33:12.426,28.253
2026-01-14 16:33:12.426,28.243
2026-01-14 16:33:12.442,28.239
2026-01-14 16:33:12.459,28.233
2026-01-14 16:33:12.460,28.229
2026-01-14 16:33:12.476,28.227
2026-01-14 16:33:12.493,28.223
2026-01-14 16:33:12.510,28.22
2026-01-14 16:33:12.511,28.224
2026-01-14 16:33:12.527,28.221
2026-01-14 16:33:12.543,28.223
2026-01-14 16:33:12.544,28.23
2026-01-14 16:33:12.560,28.227
2026-01-14 16:33:12.577,28.233
2026-01-14 16:33:12.593,28.239
2026-01-14 16:33:12.593,28.242
2026-01-14 16:33:12.610,28.244
2026-01-14 16:33:12.626,28.242
2026-01-14 16:33:12.644,28.238
2026-01-14 16:33:12.644,28.241
2026-01-14 16:33:12.660,28.248
2026-01-14 16:33:12.677,28.254
2026-01-14 16:33:12.678,28.264
2026-01-14 16:33:12.691,28.282
2026-01-14 16:33:12.710,28.285
2026-01-14 16:33:12.727,28.29
2026-01-14 16:33:12.727,28.302
2026-01-14 16:33:12.743,28.299
2026-01-14 16:33:12.760,28.297
2026-01-14 16:33:12.760,28.299
2026-01-14 16:33:12.776,28.298
2026-01-14 16:33:12.792,28.3
2026-01-14 16:33:12.809,28.306
2026-01-14 16:33:12.810,28.307
2026-01-14 16:33:12.826,28.307
2026-01-14 16:33:12.842,28.308
2026-01-14 16:33:12.843,28.301
2026-01-14 16:33:12.859,28.307
2026-01-14 16:33:12.875,28.299
2026-01-14 16:33:12.893,28.289
2026-01-14 16:33:12.893,28.284
2026-01-14 16:33:12.909,28.285
2026-01-14 16:33:12.926,28.287
2026-01-14 16:33:12.942,28.295
2026-01-14 16:33:12.959,28.304
2026-01-14 16:33:12.976,28.307
2026-01-14 16:33:12.977,28.307
2026-01-14 16:33:12.993,28.306
2026-01-14 16:33:13.010,28.301
2026-01-14 16:33:13.034,28.3
2026-01-14 16:33:13.035,28.309
2026-01-14 16:33:13.043,28.304
2026-01-14 16:33:13.059,28.3
2026-01-14 16:33:13.075,28.298
2026-01-14 16:33:13.076,28.296
2026-01-14 16:33:13.092,28.286
2026-01-14 16:33:13.110,28.283
2026-01-14 16:33:13.111,28.282
2026-01-14 16:33:13.126,28.285
2026-01-14 16:33:13.143,28.289
2026-01-14 16:33:13.160,28.297
2026-01-14 16:33:13.161,28.291
2026-01-14 16:33:13.176,28.285
2026-01-14 16:33:13.192,28.286
2026-01-14 16:33:13.193,28.285
2026-01-14 16:33:13.209,28.307
2026-01-14 16:33:13.225,28.304
2026-01-14 16:33:13.242,28.3
2026-01-14 16:33:13.242,28.305
2026-01-14 16:33:13.258,28.31
2026-01-14 16:33:13.276,28.326
2026-01-14 16:33:13.277,28.329
2026-01-14 16:33:13.292,28.331
2026-01-14 16:33:13.308,28.33
2026-01-14 16:33:13.326,28.333
2026-01-14 16:33:13.326,28.354
2026-01-14 16:33:13.343,28.357
2026-01-14 16:33:13.359,28.362
2026-01-14 16:33:13.360,28.37
2026-01-14 16:33:13.375,28.376
2026-01-14 16:33:13.392,28.389
2026-01-14 16:33:13.409,28.392
2026-01-14 16:33:13.410,28.396
2026-01-14 16:33:13.426,28.406
2026-01-14 16:33:13.443,28.413
2026-01-14 16:33:13.444,28.418
2026-01-14 16:33:13.459,28.416
2026-01-14 16:33:13.476,28.416
2026-01-14 16:33:13.492,28.41
2026-01-14 16:33:13.493,28.409
2026-01-14 16:33:13.508,28.408
2026-01-14 16:33:13.525,28.399
2026-01-14 16:33:13.542,28.401
2026-01-14 16:33:13.543,28.405
2026-01-14 16:33:13.559,28.396
2026-01-14 16:33:13.576,28.4
2026-01-14 16:33:13.576,28.385
2026-01-14 16:33:13.594,28.375
2026-01-14 16:33:13.610,28.364
2026-01-14 16:33:13.627,28.359
2026-01-14 16:33:13.627,28.346
2026-01-14 16:33:13.642,28.339
2026-01-14 16:33:13.660,28.357
2026-01-14 16:33:13.660,28.362
2026-01-14 16:33:13.677,28.35
2026-01-14 16:33:13.736,28.349
2026-01-14 16:33:13.738,28.343
2026-01-14 16:33:13.738,28.337
2026-01-14 16:33:13.739,28.326
2026-01-14 16:33:13.739,28.332
2026-01-14 16:33:13.747,28.335
2026-01-14 16:33:13.759,28.336
2026-01-14 16:33:13.776,28.339
2026-01-14 16:33:13.793,28.352
2026-01-14 16:33:13.793,28.349
2026-01-14 16:33:13.809,28.354
2026-01-14 16:33:13.825,28.352
2026-01-14 16:33:13.843,28.349
2026-01-14 16:33:13.843,28.358
2026-01-14 16:33:13.859,28.358
2026-01-14 16:33:13.875,28.358
2026-01-14 16:33:13.876,28.364
2026-01-14 16:33:13.892,28.368
2026-01-14 16:33:13.909,28.375
2026-01-14 16:33:13.926,28.39
2026-01-14 16:33:13.926,28.391
2026-01-14 16:33:13.942,28.407
2026-01-14 16:33:13.960,28.421
2026-01-14 16:33:13.960,28.425
2026-01-14 16:33:13.975,28.433
2026-01-14 16:33:13.991,28.44
2026-01-14 16:33:14.009,28.443
2026-01-14 16:33:14.009,28.447
2026-01-14 16:33:14.032,28.449
2026-01-14 16:33:14.033,28.45
2026-01-14 16:33:14.043,28.454
2026-01-14 16:33:14.059,28.461
2026-01-14 16:33:14.076,28.466
2026-01-14 16:33:14.092,28.471
2026-01-14 16:33:14.092,28.478
2026-01-14 16:33:14.110,28.487
2026-01-14 16:33:14.125,28.484
2026-01-14 16:33:14.141,28.486
2026-01-14 16:33:14.142,28.485
2026-01-14 16:33:14.160,28.502
2026-01-14 16:33:14.176,28.498
2026-01-14 16:33:14.176,28.495
2026-01-14 16:33:14.192,28.494
2026-01-14 16:33:14.210,28.493
2026-01-14 16:33:14.226,28.49
2026-01-14 16:33:14.226,28.486
2026-01-14 16:33:14.243,28.47
2026-01-14 16:33:14.259,28.46
2026-01-14 16:33:14.260,28.443
2026-01-14 16:33:14.276,28.441
2026-01-14 16:33:14.293,28.423
2026-01-14 16:33:14.311,28.409
2026-01-14 16:33:14.311,28.393
2026-01-14 16:33:14.326,28.383
2026-01-14 16:33:14.342,28.357
2026-01-14 16:33:14.343,28.336
2026-01-14 16:33:14.360,28.309
2026-01-14 16:33:14.376,28.292
2026-01-14 16:33:14.393,28.275
2026-01-14 16:33:14.393,28.249
2026-01-14 16:33:14.410,28.229
2026-01-14 16:33:14.427,28.216
2026-01-14 16:33:14.428,28.193
2026-01-14 16:33:14.441,28.17
2026-01-14 16:33:14.460,28.146
2026-01-14 16:33:14.476,28.127
2026-01-14 16:33:14.477,28.117
2026-01-14 16:33:14.492,28.096
2026-01-14 16:33:14.511,28.079
2026-01-14 16:33:14.525,28.06
2026-01-14 16:33:14.525,28.05
2026-01-14 16:33:14.541,28.037
2026-01-14 16:33:14.560,28.024
2026-01-14 16:33:14.560,28.011
2026-01-14 16:33:14.593,28.008
2026-01-14 16:33:14.610,27.998
2026-01-14 16:33:14.610,27.989
2026-01-14 16:33:14.627,27.984
2026-01-14 16:33:14.643,27.981
2026-01-14 16:33:14.644,27.972
2026-01-14 16:33:14.660,27.965
2026-01-14 16:33:14.676,27.963
2026-01-14 16:33:14.693,27.954
2026-01-14 16:33:14.693,27.95
2026-01-14 16:33:14.710,27.941
2026-01-14 16:33:14.726,27.935
2026-01-14 16:33:14.743,27.929
2026-01-14 16:33:14.743,27.927
2026-01-14 16:33:14.759,27.919
2026-01-14 16:33:14.777,27.916
2026-01-14 16:33:14.777,27.914
2026-01-14 16:33:14.793,27.91
2026-01-14 16:33:14.809,27.913
2026-01-14 16:33:14.827,27.903
2026-01-14 16:33:14.827,27.892
2026-01-14 16:33:14.843,27.883
2026-01-14 16:33:14.859,27.88
2026-01-14 16:33:14.876,27.879
2026-01-14 16:33:14.877,27.876
2026-01-14 16:33:14.893,27.87
2026-01-14 16:33:14.910,27.863
2026-01-14 16:33:14.910,27.861
2026-01-14 16:33:14.926,27.864
2026-01-14 16:33:14.943,27.868
2026-01-14 16:33:14.960,27.87
2026-01-14 16:33:14.960,27.868
2026-01-14 16:33:14.975,27.863
2026-01-14 16:33:14.997,27.869
2026-01-14 16:33:14.997,27.871
2026-01-14 16:33:15.015,27.861
2026-01-14 16:33:15.017,27.865
2026-01-14 16:33:15.028,27.868
2026-01-14 16:33:15.042,27.885
2026-01-14 16:33:15.060,27.884
2026-01-14 16:33:15.086,27.893
2026-01-14 16:33:15.087,27.889
2026-01-14 16:33:15.088,27.881
2026-01-14 16:33:15.110,27.891
2026-01-14 16:33:15.125,27.891
2026-01-14 16:33:15.125,27.904
2026-01-14 16:33:15.143,27.902
2026-01-14 16:33:15.159,27.909
2026-01-14 16:33:15.159,27.911
2026-01-14 16:33:15.175,27.907
2026-01-14 16:33:15.194,27.913
2026-01-14 16:33:15.209,27.903
2026-01-14 16:33:15.209,27.911
2026-01-14 16:33:15.225,27.913
2026-01-14 16:33:15.242,27.919
2026-01-14 16:33:15.259,27.916
2026-01-14 16:33:15.260,27.916
2026-01-14 16:33:15.275,27.926
2026-01-14 16:33:15.292,27.916
2026-01-14 16:33:15.293,27.927
2026-01-14 16:33:15.309,27.92
2026-01-14 16:33:15.326,27.914
2026-01-14 16:33:15.341,27.91
2026-01-14 16:33:15.343,27.899
2026-01-14 16:33:15.359,27.894
2026-01-14 16:33:15.376,27.881
2026-01-14 16:33:15.377,27.872
2026-01-14 16:33:15.392,27.861
2026-01-14 16:33:15.409,27.857
2026-01-14 16:33:15.426,27.848
2026-01-14 16:33:15.426,27.838
2026-01-14 16:33:15.441,27.823
2026-01-14 16:33:15.458,27.819
2026-01-14 16:33:15.459,27.805
2026-01-14 16:33:15.476,27.796
2026-01-14 16:33:15.493,27.777
2026-01-14 16:33:15.509,27.766
2026-01-14 16:33:15.510,27.741
2026-01-14 16:33:15.527,27.725
2026-01-14 16:33:15.542,27.706
2026-01-14 16:33:15.561,27.684
2026-01-14 16:33:15.561,27.666
2026-01-14 16:33:15.575,27.639
2026-01-14 16:33:15.592,27.619
2026-01-14 16:33:15.592,27.593
2026-01-14 16:33:15.609,27.558
2026-01-14 16:33:15.625,27.529
2026-01-14 16:33:15.641,27.505
2026-01-14 16:33:15.641,27.484
2026-01-14 16:33:15.658,27.457
2026-01-14 16:33:15.675,27.429
2026-01-14 16:33:15.675,27.411
2026-01-14 16:33:15.692,27.384
2026-01-14 16:33:15.707,27.353
2026-01-14 16:33:15.723,27.332
2026-01-14 16:33:15.724,27.313
2026-01-14 16:33:15.742,27.304
2026-01-14 16:33:15.757,27.273
2026-01-14 16:33:15.775,27.248
2026-01-14 16:33:15.775,27.222
2026-01-14 16:33:15.791,27.198
2026-01-14 16:33:15.808,27.177
2026-01-14 16:33:15.808,27.158
2026-01-14 16:33:15.825,27.143
2026-01-14 16:33:15.842,27.121
2026-01-14 16:33:15.858,27.101
2026-01-14 16:33:15.858,27.08
2026-01-14 16:33:15.874,27.062
2026-01-14 16:33:15.891,27.052
2026-01-14 16:33:15.891,27.038
2026-01-14 16:33:15.908,27.025
2026-01-14 16:33:15.925,27.016
2026-01-14 16:33:15.942,26.997
2026-01-14 16:33:15.942,26.988
2026-01-14 16:33:15.958,26.981
2026-01-14 16:33:15.975,26.972
2026-01-14 16:33:15.977,26.965
2026-01-14 16:33:15.991,26.96
2026-01-14 16:33:16.013,26.95
2026-01-14 16:33:16.013,26.941
2026-01-14 16:33:16.025,26.937
2026-01-14 16:33:16.041,26.927
2026-01-14 16:33:16.058,26.927
2026-01-14 16:33:16.075,26.918
2026-01-14 16:33:16.075,26.912
2026-01-14 16:33:16.092,26.912
2026-01-14 16:33:16.107,26.908
2026-01-14 16:33:16.109,26.908
2026-01-14 16:33:16.125,26.909
2026-01-14 16:33:16.141,26.909
2026-01-14 16:33:16.159,26.901
2026-01-14 16:33:16.159,26.889
2026-01-14 16:33:16.175,26.885
2026-01-14 16:33:16.192,26.879
2026-01-14 16:33:16.192,26.866
2026-01-14 16:33:16.209,26.848
2026-01-14 16:33:16.225,26.836
2026-01-14 16:33:16.241,26.831
2026-01-14 16:33:16.242,26.829
2026-01-14 16:33:16.258,26.83
2026-01-14 16:33:16.275,26.83
2026-01-14 16:33:16.276,26.83
2026-01-14 16:33:16.291,26.841
2026-01-14 16:33:16.308,26.845
2026-01-14 16:33:16.324,26.84
2026-01-14 16:33:16.324,26.836
2026-01-14 16:33:16.341,26.831
2026-01-14 16:33:16.357,26.835
2026-01-14 16:33:16.374,26.837
2026-01-14 16:33:16.375,26.832
2026-01-14 16:33:16.392,26.839
2026-01-14 16:33:16.408,26.841
2026-01-14 16:33:16.409,26.85
2026-01-14 16:33:16.451,26.849
2026-01-14 16:33:16.451,26.853
2026-01-14 16:33:16.451,26.858
2026-01-14 16:33:16.460,26.847
2026-01-14 16:33:16.476,26.852
2026-01-14 16:33:16.492,26.855
2026-01-14 16:33:16.492,26.855
2026-01-14 16:33:16.509,26.85
2026-01-14 16:33:16.525,26.848
2026-01-14 16:33:16.542,26.843
2026-01-14 16:33:16.542,26.833
2026-01-14 16:33:16.558,26.828
2026-01-14 16:33:16.575,26.822
2026-01-14 16:33:16.576,26.814
2026-01-14 16:33:16.592,26.802
2026-01-14 16:33:16.609,26.793
2026-01-14 16:33:16.625,26.778
2026-01-14 16:33:16.625,26.77
2026-01-14 16:33:16.641,26.763
2026-01-14 16:33:16.659,26.754
2026-01-14 16:33:16.659,26.739
2026-01-14 16:33:16.675,26.721
2026-01-14 16:33:16.692,26.71
2026-01-14 16:33:16.708,26.694
2026-01-14 16:33:16.709,26.682
2026-01-14 16:33:16.724,26.661
2026-01-14 16:33:16.742,26.639
2026-01-14 16:33:16.744,26.619
2026-01-14 16:33:16.758,26.6
2026-01-14 16:33:16.775,26.579
2026-01-14 16:33:16.791,26.568
2026-01-14 16:33:16.792,26.547
2026-01-14 16:33:16.808,26.527
2026-01-14 16:33:16.824,26.511
2026-01-14 16:33:16.841,26.487
2026-01-14 16:33:16.841,26.473
2026-01-14 16:33:16.858,26.454
2026-01-14 16:33:16.874,26.438
2026-01-14 16:33:16.891,26.405
2026-01-14 16:33:16.891,26.379
2026-01-14 16:33:16.908,26.353
2026-01-14 16:33:16.924,26.329
2026-01-14 16:33:16.924,26.298
2026-01-14 16:33:16.940,26.274
2026-01-14 16:33:16.957,26.25
2026-01-14 16:33:16.975,26.222
2026-01-14 16:33:16.975,26.196
2026-01-14 16:33:16.990,26.174
2026-01-14 16:33:17.012,26.158
2026-01-14 16:33:17.013,26.136
2026-01-14 16:33:17.025,26.121
2026-01-14 16:33:17.042,26.11
2026-01-14 16:33:17.057,26.09
2026-01-14 16:33:17.058,26.069
2026-01-14 16:33:17.074,26.054
2026-01-14 16:33:17.091,26.044
2026-01-14 16:33:17.092,26.023
2026-01-14 16:33:17.108,26.004
2026-01-14 16:33:17.125,25.991
2026-01-14 16:33:17.141,25.972
2026-01-14 16:33:17.141,25.95
2026-01-14 16:33:17.158,25.916
2026-01-14 16:33:17.175,25.897
2026-01-14 16:33:17.175,25.876
2026-01-14 16:33:17.191,25.853
2026-01-14 16:33:17.208,25.837
2026-01-14 16:33:17.225,25.815
2026-01-14 16:33:17.225,25.787
2026-01-14 16:33:17.241,25.773
2026-01-14 16:33:17.258,25.763
2026-01-14 16:33:17.275,25.748
2026-01-14 16:33:17.275,25.734
2026-01-14 16:33:17.292,25.719
2026-01-14 16:33:17.308,25.706
2026-01-14 16:33:17.308,25.693
2026-01-14 16:33:17.324,25.683
2026-01-14 16:33:17.341,25.684
2026-01-14 16:33:17.358,25.678
2026-01-14 16:33:17.358,25.67
2026-01-14 16:33:17.374,25.665
2026-01-14 16:33:17.390,25.654
2026-01-14 16:33:17.407,25.649
2026-01-14 16:33:17.408,25.639
2026-01-14 16:33:17.424,25.63
2026-01-14 16:33:17.440,25.621
2026-01-14 16:33:17.441,25.611
2026-01-14 16:33:17.457,25.604
2026-01-14 16:33:17.474,25.601
2026-01-14 16:33:17.490,25.599
2026-01-14 16:33:17.490,25.596
2026-01-14 16:33:17.508,25.605
2026-01-14 16:33:17.524,25.595
2026-01-14 16:33:17.524,25.59
2026-01-14 16:33:17.541,25.585
2026-01-14 16:33:17.558,25.584
2026-01-14 16:33:17.574,25.576
2026-01-14 16:33:17.575,25.569
2026-01-14 16:33:17.591,25.564
2026-01-14 16:33:17.608,25.568
2026-01-14 16:33:17.609,25.566
2026-01-14 16:33:17.624,25.567
2026-01-14 16:33:17.641,25.571
2026-01-14 16:33:17.657,25.566
2026-01-14 16:33:17.657,25.575
2026-01-14 16:33:17.673,25.574
2026-01-14 16:33:17.690,25.571
2026-01-14 16:33:17.707,25.569
2026-01-14 16:33:17.708,25.574
2026-01-14 16:33:17.724,25.578
2026-01-14 16:33:17.741,25.577
2026-01-14 16:33:17.741,25.592
2026-01-14 16:33:17.757,25.585
2026-01-14 16:33:17.774,25.582
2026-01-14 16:33:17.814,25.579
2026-01-14 16:33:17.815,25.577
2026-01-14 16:33:17.815,25.575
2026-01-14 16:33:17.816,25.57
2026-01-14 16:33:17.841,25.57
2026-01-14 16:33:17.841,25.561
2026-01-14 16:33:17.857,25.557
2026-01-14 16:33:17.873,25.549
2026-01-14 16:33:17.874,25.536
2026-01-14 16:33:17.890,25.525
2026-01-14 16:33:17.907,25.515
2026-01-14 16:33:17.908,25.506
2026-01-14 16:33:17.925,25.498
2026-01-14 16:33:17.940,25.485
2026-01-14 16:33:17.957,25.481
2026-01-14 16:33:17.958,25.463
2026-01-14 16:33:17.974,25.445
2026-01-14 16:33:17.991,25.429
2026-01-14 16:33:18.011,25.415
2026-01-14 16:33:18.012,25.396
2026-01-14 16:33:18.024,25.384
2026-01-14 16:33:18.040,25.362
2026-01-14 16:33:18.040,25.35
2026-01-14 16:33:18.057,25.334
2026-01-14 16:33:18.073,25.313
2026-01-14 16:33:18.090,25.298
2026-01-14 16:33:18.091,25.273
2026-01-14 16:33:18.108,25.256
2026-01-14 16:33:18.123,25.232
2026-01-14 16:33:18.124,25.216
2026-01-14 16:33:18.141,25.191
2026-01-14 16:33:18.158,25.171
2026-01-14 16:33:18.174,25.142
2026-01-14 16:33:18.174,25.11
2026-01-14 16:33:18.190,25.082
2026-01-14 16:33:18.207,25.058
2026-01-14 16:33:18.208,25.035
2026-01-14 16:33:18.224,25.01
2026-01-14 16:33:18.241,24.991
2026-01-14 16:33:18.257,24.961
2026-01-14 16:33:18.257,24.934
2026-01-14 16:33:18.274,24.906
2026-01-14 16:33:18.291,24.879
2026-01-14 16:33:18.292,24.849
2026-01-14 16:33:18.307,24.818
2026-01-14 16:33:18.323,24.796
2026-01-14 16:33:18.340,24.772
2026-01-14 16:33:18.341,24.746
2026-01-14 16:33:18.358,24.719
2026-01-14 16:33:18.374,24.697
2026-01-14 16:33:18.390,24.676
2026-01-14 16:33:18.390,24.646
2026-01-14 16:33:18.408,24.612
2026-01-14 16:33:18.424,24.588
2026-01-14 16:33:18.424,24.562
2026-01-14 16:33:18.441,24.537
2026-01-14 16:33:18.457,24.515
2026-01-14 16:33:18.474,24.501
2026-01-14 16:33:18.474,24.487
2026-01-14 16:33:18.490,24.464
2026-01-14 16:33:18.508,24.453
2026-01-14 16:33:18.508,24.446
2026-01-14 16:33:18.525,24.432
2026-01-14 16:33:18.541,24.427
2026-01-14 16:33:18.559,24.416
2026-01-14 16:33:18.559,24.405
2026-01-14 16:33:18.576,24.392
2026-01-14 16:33:18.591,24.383
2026-01-14 16:33:18.592,24.369
2026-01-14 16:33:18.609,24.345
2026-01-14 16:33:18.625,24.316
2026-01-14 16:33:18.641,24.288
2026-01-14 16:33:18.641,24.264
2026-01-14 16:33:18.659,24.253
2026-01-14 16:33:18.676,24.237
2026-01-14 16:33:18.676,24.227
2026-01-14 16:33:18.691,24.218
2026-01-14 16:33:18.710,24.218
2026-01-14 16:33:18.725,24.214
2026-01-14 16:33:18.726,24.212
2026-01-14 16:33:18.741,24.202
2026-01-14 16:33:18.759,24.193
2026-01-14 16:33:18.760,24.184
2026-01-14 16:33:18.774,24.177
2026-01-14 16:33:18.791,24.171
2026-01-14 16:33:18.811,24.182
2026-01-14 16:33:18.812,24.184
2026-01-14 16:33:18.828,24.187
2026-01-14 16:33:18.842,24.187
2026-01-14 16:33:18.843,24.185
2026-01-14 16:33:18.859,24.201
2026-01-14 16:33:18.875,24.202
2026-01-14 16:33:18.892,24.204
2026-01-14 16:33:18.893,24.199
2026-01-14 16:33:18.909,24.205
2026-01-14 16:33:18.926,24.208
2026-01-14 16:33:18.928,24.212
2026-01-14 16:33:18.942,24.225
2026-01-14 16:33:18.959,24.227
2026-01-14 16:33:18.976,24.232
2026-01-14 16:33:18.976,24.233
2026-01-14 16:33:18.992,24.233
2026-01-14 16:33:19.008,24.237
2026-01-14 16:33:19.032,24.243
2026-01-14 16:33:19.033,24.245
2026-01-14 16:33:19.045,24.245
2026-01-14 16:33:19.059,24.246
2026-01-14 16:33:19.059,24.246
2026-01-14 16:33:19.075,24.241
2026-01-14 16:33:19.091,24.241
2026-01-14 16:33:19.108,24.238
2026-01-14 16:33:19.108,24.237
2026-01-14 16:33:19.126,24.246
2026-01-14 16:33:19.166,24.234
2026-01-14 16:33:19.167,24.228
2026-01-14 16:33:19.167,24.218
2026-01-14 16:33:19.168,24.204
2026-01-14 16:33:19.192,24.191
2026-01-14 16:33:19.192,24.181
2026-01-14 16:33:19.209,24.171
2026-01-14 16:33:19.226,24.156
2026-01-14 16:33:19.241,24.145
2026-01-14 16:33:19.242,24.138
2026-01-14 16:33:19.258,24.123
2026-01-14 16:33:19.276,24.108
2026-01-14 16:33:19.276,24.094
2026-01-14 16:33:19.292,24.072
2026-01-14 16:33:19.309,24.052
2026-01-14 16:33:19.326,24.038
2026-01-14 16:33:19.327,24.017
2026-01-14 16:33:19.342,23.997
2026-01-14 16:33:19.359,23.977
2026-01-14 16:33:19.359,23.947
2026-01-14 16:33:19.376,23.932
2026-01-14 16:33:19.391,23.902
2026-01-14 16:33:19.409,23.878
2026-01-14 16:33:19.409,23.848
2026-01-14 16:33:19.426,23.816
2026-01-14 16:33:19.442,23.784
2026-01-14 16:33:19.460,23.752
2026-01-14 16:33:19.460,23.724
2026-01-14 16:33:19.476,23.691
2026-01-14 16:33:19.491,23.652
2026-01-14 16:33:19.492,23.626
2026-01-14 16:33:19.512,23.601
2026-01-14 16:33:19.525,23.569
2026-01-14 16:33:19.541,23.548
2026-01-14 16:33:19.542,23.523
2026-01-14 16:33:19.559,23.501
2026-01-14 16:33:19.577,23.474
2026-01-14 16:33:19.591,23.445
2026-01-14 16:33:19.609,23.423
2026-01-14 16:33:19.628,23.412
2026-01-14 16:33:19.628,23.395
2026-01-14 16:33:19.641,23.38
2026-01-14 16:33:19.657,23.372
2026-01-14 16:33:19.674,23.354
2026-01-14 16:33:19.674,23.345
2026-01-14 16:33:19.693,23.336
2026-01-14 16:33:19.707,23.325
2026-01-14 16:33:19.709,23.312
2026-01-14 16:33:19.724,23.302
2026-01-14 16:33:19.741,23.291
2026-01-14 16:33:19.758,23.279
2026-01-14 16:33:19.759,23.265
2026-01-14 16:33:19.775,23.249
2026-01-14 16:33:19.791,23.245
2026-01-14 16:33:19.792,23.237
2026-01-14 16:33:19.808,23.224
2026-01-14 16:33:19.825,23.213
2026-01-14 16:33:19.841,23.201
2026-01-14 16:33:19.842,23.188
2026-01-14 16:33:19.858,23.173
2026-01-14 16:33:19.874,23.157
2026-01-14 16:33:19.891,23.14
2026-01-14 16:33:19.891,23.126
2026-01-14 16:33:19.909,23.118
2026-01-14 16:33:19.925,23.11
2026-01-14 16:33:19.925,23.099
2026-01-14 16:33:19.941,23.086
2026-01-14 16:33:19.958,23.069
2026-01-14 16:33:19.974,23.054
2026-01-14 16:33:19.974,23.042
2026-01-14 16:33:19.991,23.036
2026-01-14 16:33:20.009,23.026
2026-01-14 16:33:20.009,23.024
2026-01-14 16:33:20.032,23.023
2026-01-14 16:33:20.032,23.021
2026-01-14 16:33:20.059,23.028
2026-01-14 16:33:20.060,23.032
2026-01-14 16:33:20.075,23.037
2026-01-14 16:33:20.092,23.038
2026-01-14 16:33:20.093,23.03
2026-01-14 16:33:20.109,23.023
2026-01-14 16:33:20.126,23.022
2026-01-14 16:33:20.142,23.027
2026-01-14 16:33:20.142,23.023
2026-01-14 16:33:20.158,23.018
2026-01-14 16:33:20.175,23.022
2026-01-14 16:33:20.175,23.02
2026-01-14 16:33:20.192,23.022
2026-01-14 16:33:20.210,23.025
2026-01-14 16:33:20.226,23.037
2026-01-14 16:33:20.226,23.043
2026-01-14 16:33:20.242,23.039
2026-01-14 16:33:20.259,23.039
2026-01-14 16:33:20.260,23.049
2026-01-14 16:33:20.274,23.055
2026-01-14 16:33:20.292,23.058
2026-01-14 16:33:20.309,23.064
2026-01-14 16:33:20.309,23.079
2026-01-14 16:33:20.324,23.086
2026-01-14 16:33:20.342,23.084
2026-01-14 16:33:20.359,23.082
2026-01-14 16:33:20.359,23.082
2026-01-14 16:33:20.375,23.083
2026-01-14 16:33:20.391,23.09
2026-01-14 16:33:20.392,23.097
2026-01-14 16:33:20.409,23.092
2026-01-14 16:33:20.425,23.096
2026-01-14 16:33:20.441,23.093
2026-01-14 16:33:20.442,23.09
2026-01-14 16:33:20.459,23.09
2026-01-14 16:33:20.475,23.091
2026-01-14 16:33:20.475,23.076
2026-01-14 16:33:20.492,23.069
2026-01-14 16:33:20.554,23.061
2026-01-14 16:33:20.556,23.056
2026-01-14 16:33:20.557,23.041
2026-01-14 16:33:20.558,23.027
2026-01-14 16:33:20.558,23.019
2026-01-14 16:33:20.565,23.01
2026-01-14 16:33:20.574,22.992
2026-01-14 16:33:20.592,22.972
2026-01-14 16:33:20.608,22.954
2026-01-14 16:33:20.609,22.944
2026-01-14 16:33:20.624,22.921
2026-01-14 16:33:20.641,22.902
2026-01-14 16:33:20.659,22.881
2026-01-14 16:33:20.660,22.854
2026-01-14 16:33:20.675,22.83
2026-01-14 16:33:20.691,22.812
2026-01-14 16:33:20.693,22.791
2026-01-14 16:33:20.709,22.765
2026-01-14 16:33:20.725,22.745
2026-01-14 16:33:20.742,22.713
2026-01-14 16:33:20.742,22.679
2026-01-14 16:33:20.759,22.657
2026-01-14 16:33:20.775,22.622
2026-01-14 16:33:20.776,22.595
2026-01-14 16:33:20.791,22.564
2026-01-14 16:33:20.809,22.532
2026-01-14 16:33:20.826,22.508
2026-01-14 16:33:20.826,22.474
2026-01-14 16:33:20.842,22.449
2026-01-14 16:33:20.858,22.415
2026-01-14 16:33:20.878,22.38
2026-01-14 16:33:20.878,22.358
2026-01-14 16:33:20.890,22.334
2026-01-14 16:33:20.909,22.307
2026-01-14 16:33:20.910,22.27
2026-01-14 16:33:20.925,22.252
2026-01-14 16:33:20.941,22.229
2026-01-14 16:33:20.959,22.201
2026-01-14 16:33:20.960,22.179
2026-01-14 16:33:20.975,22.156
2026-01-14 16:33:20.992,22.127
2026-01-14 16:33:20.993,22.097
2026-01-14 16:33:21.007,22.071
2026-01-14 16:33:21.025,22.059
2026-01-14 16:33:21.048,22.049
2026-01-14 16:33:21.049,22.041
2026-01-14 16:33:21.058,22.021
2026-01-14 16:33:21.075,22.011
2026-01-14 16:33:21.076,21.996
2026-01-14 16:33:21.091,21.984
2026-01-14 16:33:21.109,21.968
2026-01-14 16:33:21.125,21.958
2026-01-14 16:33:21.125,21.94
2026-01-14 16:33:21.143,21.923
2026-01-14 16:33:21.158,21.906
2026-01-14 16:33:21.159,21.894
2026-01-14 16:33:21.175,21.87
2026-01-14 16:33:21.192,21.856
2026-01-14 16:33:21.208,21.841
2026-01-14 16:33:21.209,21.83
2026-01-14 16:33:21.225,21.817
2026-01-14 16:33:21.241,21.804
2026-01-14 16:33:21.258,21.798
2026-01-14 16:33:21.258,21.784
2026-01-14 16:33:21.275,21.765
2026-01-14 16:33:21.291,21.755
2026-01-14 16:33:21.292,21.743
2026-01-14 16:33:21.309,21.739
2026-01-14 16:33:21.325,21.734
2026-01-14 16:33:21.341,21.73
2026-01-14 16:33:21.341,21.728
2026-01-14 16:33:21.359,21.725
2026-01-14 16:33:21.375,21.72
2026-01-14 16:33:21.376,21.71
2026-01-14 16:33:21.391,21.692
2026-01-14 16:33:21.410,21.687
2026-01-14 16:33:21.411,21.682
2026-01-14 16:33:21.425,21.679
2026-01-14 16:33:21.442,21.661
2026-01-14 16:33:21.458,21.64
2026-01-14 16:33:21.475,21.64
2026-01-14 16:33:21.475,21.639
2026-01-14 16:33:21.492,21.643
2026-01-14 16:33:21.509,21.636
2026-01-14 16:33:21.509,21.637
2026-01-14 16:33:21.524,21.643
2026-01-14 16:33:21.542,21.647
2026-01-14 16:33:21.559,21.647
2026-01-14 16:33:21.559,21.65
2026-01-14 16:33:21.574,21.647
2026-01-14 16:33:21.591,21.66
2026-01-14 16:33:21.591,21.667
2026-01-14 16:33:21.608,21.671
2026-01-14 16:33:21.625,21.677
2026-01-14 16:33:21.641,21.683
2026-01-14 16:33:21.658,21.692
2026-01-14 16:33:21.676,21.699
2026-01-14 16:33:21.676,21.704
2026-01-14 16:33:21.692,21.716
2026-01-14 16:33:21.709,21.723
2026-01-14 16:33:21.725,21.731
2026-01-14 16:33:21.725,21.741
2026-01-14 16:33:21.741,21.748
2026-01-14 16:33:21.759,21.752
2026-01-14 16:33:21.760,21.764
2026-01-14 16:33:21.775,21.759
2026-01-14 16:33:21.792,21.759
2026-01-14 16:33:21.810,21.76
2026-01-14 16:33:21.810,21.755
2026-01-14 16:33:21.824,21.752
2026-01-14 16:33:21.843,21.745
2026-01-14 16:33:21.844,21.735
2026-01-14 16:33:21.859,21.727
2026-01-14 16:33:21.875,21.718
2026-01-14 16:33:21.902,21.711
2026-01-14 16:33:21.902,21.692
2026-01-14 16:33:21.912,21.674
2026-01-14 16:33:21.924,21.659
2026-01-14 16:33:21.942,21.644
2026-01-14 16:33:21.942,21.621
2026-01-14 16:33:21.958,21.597
2026-01-14 16:33:21.975,21.57
2026-01-14 16:33:21.991,21.532
2026-01-14 16:33:21.992,21.504
2026-01-14 16:33:22.007,21.484
2026-01-14 16:33:22.023,21.469
2026-01-14 16:33:22.023,21.439
2026-01-14 16:33:22.040,21.415
2026-01-14 16:33:22.059,21.389
2026-01-14 16:33:22.059,21.367
2026-01-14 16:33:22.072,21.339
2026-01-14 16:33:22.090,21.313
2026-01-14 16:33:22.108,21.278
2026-01-14 16:33:22.108,21.26
2026-01-14 16:33:22.124,21.231
2026-01-14 16:33:22.141,21.211
2026-01-14 16:33:22.156,21.184
2026-01-14 16:33:22.156,21.14
2026-01-14 16:33:22.174,21.118
2026-01-14 16:33:22.192,21.093
2026-01-14 16:33:22.192,21.062
2026-01-14 16:33:22.208,21.028
2026-01-14 16:33:22.224,21.015
2026-01-14 16:33:22.241,20.999
2026-01-14 16:33:22.241,20.969
2026-01-14 16:33:22.258,20.941
2026-01-14 16:33:22.276,20.916
2026-01-14 16:33:22.276,20.899
2026-01-14 16:33:22.291,20.871
2026-01-14 16:33:22.308,20.853
2026-01-14 16:33:22.325,20.828
2026-01-14 16:33:22.325,20.8
2026-01-14 16:33:22.342,20.776
2026-01-14 16:33:22.358,20.75
2026-01-14 16:33:22.373,20.734
2026-01-14 16:33:22.374,20.719
2026-01-14 16:33:22.390,20.702
2026-01-14 16:33:22.407,20.683
2026-01-14 16:33:22.408,20.669
2026-01-14 16:33:22.425,20.655
2026-01-14 16:33:22.441,20.637
2026-01-14 16:33:22.458,20.623
2026-01-14 16:33:22.458,20.611
2026-01-14 16:33:22.474,20.599
2026-01-14 16:33:22.491,20.592
2026-01-14 16:33:22.492,20.579
2026-01-14 16:33:22.508,20.565
2026-01-14 16:33:22.524,20.552
2026-01-14 16:33:22.542,20.537
2026-01-14 16:33:22.542,20.528
2026-01-14 16:33:22.558,20.527
2026-01-14 16:33:22.575,20.525
2026-01-14 16:33:22.590,20.522
2026-01-14 16:33:22.590,20.514
2026-01-14 16:33:22.606,20.512
2026-01-14 16:33:22.624,20.515
2026-01-14 16:33:22.625,20.525
2026-01-14 16:33:22.641,20.527
2026-01-14 16:33:22.656,20.533
2026-01-14 16:33:22.675,20.542
2026-01-14 16:33:22.675,20.555
2026-01-14 16:33:22.691,20.552
2026-01-14 16:33:22.708,20.551
2026-01-14 16:33:22.708,20.556
2026-01-14 16:33:22.725,20.56
2026-01-14 16:33:22.742,20.551
2026-01-14 16:33:22.758,20.542
2026-01-14 16:33:22.760,20.545
2026-01-14 16:33:22.774,20.555
2026-01-14 16:33:22.792,20.563
2026-01-14 16:33:22.792,20.579
2026-01-14 16:33:22.808,20.592
2026-01-14 16:33:22.825,20.609
2026-01-14 16:33:22.842,20.628
2026-01-14 16:33:22.842,20.641
2026-01-14 16:33:22.858,20.651
2026-01-14 16:33:22.876,20.663
2026-01-14 16:33:22.877,20.668
2026-01-14 16:33:22.891,20.669
2026-01-14 16:33:22.907,20.675
2026-01-14 16:33:22.925,20.688
2026-01-14 16:33:22.926,20.696
2026-01-14 16:33:22.941,20.715
2026-01-14 16:33:22.958,20.733
2026-01-14 16:33:22.974,20.75
2026-01-14 16:33:22.975,20.752
2026-01-14 16:33:22.991,20.75
2026-01-14 16:33:23.008,20.752
2026-01-14 16:33:23.009,20.752
2026-01-14 16:33:23.025,20.735
2026-01-14 16:33:23.041,20.732
2026-01-14 16:33:23.062,20.736
2026-01-14 16:33:23.064,20.743
2026-01-14 16:33:23.074,20.746
2026-01-14 16:33:23.091,20.743
2026-01-14 16:33:23.091,20.746
2026-01-14 16:33:23.107,20.738
2026-01-14 16:33:23.125,20.704
2026-01-14 16:33:23.142,20.675
2026-01-14 16:33:23.142,20.653
2026-01-14 16:33:23.158,20.621
2026-01-14 16:33:23.175,20.591
2026-01-14 16:33:23.176,20.563
2026-01-14 16:33:23.191,20.533
2026-01-14 16:33:23.210,20.509
2026-01-14 16:33:23.225,20.488
2026-01-14 16:33:23.226,20.458
2026-01-14 16:33:23.264,20.437
2026-01-14 16:33:23.265,20.426
2026-01-14 16:33:23.265,20.369
2026-01-14 16:33:23.274,20.323
2026-01-14 16:33:23.292,20.273
2026-01-14 16:33:23.307,20.242
2026-01-14 16:33:23.308,20.198
2026-01-14 16:33:23.324,20.175
2026-01-14 16:33:23.341,20.135
2026-01-14 16:33:23.357,20.093
2026-01-14 16:33:23.358,20.063
2026-01-14 16:33:23.374,20.031
2026-01-14 16:33:23.389,20.012
2026-01-14 16:33:23.391,19.975
2026-01-14 16:33:23.408,19.942
2026-01-14 16:33:23.424,19.909
2026-01-14 16:33:23.440,19.876
2026-01-14 16:33:23.441,19.852
2026-01-14 16:33:23.456,19.826
2026-01-14 16:33:23.474,19.794
2026-01-14 16:33:23.475,19.762
2026-01-14 16:33:23.493,19.733
2026-01-14 16:33:23.507,19.708
2026-01-14 16:33:23.525,19.689
2026-01-14 16:33:23.526,19.661
2026-01-14 16:33:23.542,19.636
2026-01-14 16:33:23.557,19.615
2026-01-14 16:33:23.576,19.597
2026-01-14 16:33:23.576,19.582
2026-01-14 16:33:23.591,19.566
2026-01-14 16:33:23.609,19.54
2026-01-14 16:33:23.610,19.526
2026-01-14 16:33:23.625,19.509
2026-01-14 16:33:23.642,19.491
2026-01-14 16:33:23.658,19.474
2026-01-14 16:33:23.658,19.461
2026-01-14 16:33:23.674,19.452
2026-01-14 16:33:23.691,19.449
2026-01-14 16:33:23.691,19.445
2026-01-14 16:33:23.707,19.435
2026-01-14 16:33:23.726,19.424
2026-01-14 16:33:23.740,19.418
2026-01-14 16:33:23.741,19.418
2026-01-14 16:33:23.758,19.413
2026-01-14 16:33:23.775,19.41
2026-01-14 16:33:23.776,19.405
2026-01-14 16:33:23.791,19.405
2026-01-14 16:33:23.808,19.406
2026-01-14 16:33:23.825,19.409
2026-01-14 16:33:23.826,19.409
2026-01-14 16:33:23.841,19.412
2026-01-14 16:33:23.859,19.412
2026-01-14 16:33:23.860,19.416
2026-01-14 16:33:23.874,19.422
2026-01-14 16:33:23.892,19.417
2026-01-14 16:33:23.908,19.415
2026-01-14 16:33:23.908,19.434
2026-01-14 16:33:23.924,19.444
2026-01-14 16:33:23.939,19.436
2026-01-14 16:33:23.958,19.431
2026-01-14 16:33:23.959,19.431
2026-01-14 16:33:23.974,19.44
2026-01-14 16:33:23.991,19.436
2026-01-14 16:33:23.991,19.448
2026-01-14 16:33:24.008,19.456
2026-01-14 16:33:24.023,19.454
2026-01-14 16:33:24.039,19.445
2026-01-14 16:33:24.040,19.441
2026-01-14 16:33:24.056,19.452
2026-01-14 16:33:24.078,19.484
2026-01-14 16:33:24.079,19.5
2026-01-14 16:33:24.088,19.511
2026-01-14 16:33:24.107,19.508
2026-01-14 16:33:24.123,19.523
2026-01-14 16:33:24.123,19.521
2026-01-14 16:33:24.141,19.514
2026-01-14 16:33:24.156,19.501
2026-01-14 16:33:24.173,19.484
2026-01-14 16:33:24.173,19.463
2026-01-14 16:33:24.190,19.436
2026-01-14 16:33:24.207,19.417
2026-01-14 16:33:24.208,19.4
2026-01-14 16:33:24.224,19.379
2026-01-14 16:33:24.240,19.362
2026-01-14 16:33:24.256,19.334
2026-01-14 16:33:24.258,19.308
2026-01-14 16:33:24.274,19.298
2026-01-14 16:33:24.291,19.292
2026-01-14 16:33:24.292,19.277
2026-01-14 16:33:24.306,19.266
2026-01-14 16:33:24.323,19.269
2026-01-14 16:33:24.341,19.283
2026-01-14 16:33:24.341,19.28
2026-01-14 16:33:24.357,19.274
2026-01-14 16:33:24.374,19.255
2026-01-14 16:33:24.390,19.217
2026-01-14 16:33:24.390,19.183
2026-01-14 16:33:24.406,19.159
2026-01-14 16:33:24.425,19.151
2026-01-14 16:33:24.425,19.143
2026-01-14 16:33:24.442,19.129
2026-01-14 16:33:24.458,19.115
2026-01-14 16:33:24.474,19.097
2026-01-14 16:33:24.475,19.083
2026-01-14 16:33:24.492,19.074
2026-01-14 16:33:24.507,19.061
2026-01-14 16:33:24.508,19.036
2026-01-14 16:33:24.525,19.026
2026-01-14 16:33:24.541,19.015
2026-01-14 16:33:24.558,18.996
2026-01-14 16:33:24.558,18.958
2026-01-14 16:33:24.574,18.927
2026-01-14 16:33:24.590,18.909
2026-01-14 16:33:24.591,18.89
2026-01-14 16:33:24.619,18.866
2026-01-14 16:33:24.620,18.845
2026-01-14 16:33:24.629,18.817
2026-01-14 16:33:24.640,18.796
2026-01-14 16:33:24.657,18.769
2026-01-14 16:33:24.674,18.747
2026-01-14 16:33:24.692,18.728
2026-01-14 16:33:24.692,18.709
2026-01-14 16:33:24.708,18.696
2026-01-14 16:33:24.726,18.673
2026-01-14 16:33:24.727,18.649
2026-01-14 16:33:24.741,18.631
2026-01-14 16:33:24.758,18.608
2026-01-14 16:33:24.774,18.591
2026-01-14 16:33:24.775,18.581
2026-01-14 16:33:24.790,18.565
2026-01-14 16:33:24.808,18.544
2026-01-14 16:33:24.809,18.534
2026-01-14 16:33:24.825,18.531
2026-01-14 16:33:24.841,18.521
2026-01-14 16:33:24.857,18.507
2026-01-14 16:33:24.859,18.499
2026-01-14 16:33:24.875,18.485
2026-01-14 16:33:24.891,18.478
2026-01-14 16:33:24.891,18.475
2026-01-14 16:33:24.909,18.47
2026-01-14 16:33:24.924,18.466
2026-01-14 16:33:24.941,18.453
2026-01-14 16:33:24.941,18.443
2026-01-14 16:33:24.958,18.426
2026-01-14 16:33:24.974,18.416
2026-01-14 16:33:24.976,18.412
2026-01-14 16:33:24.991,18.403
2026-01-14 16:33:25.008,18.402
2026-01-14 16:33:25.025,18.394
2026-01-14 16:33:25.025,18.394
2026-01-14 16:33:25.041,18.389
2026-01-14 16:33:25.065,18.387
2026-01-14 16:33:25.065,18.388
2026-01-14 16:33:25.074,18.393
2026-01-14 16:33:25.091,18.389
2026-01-14 16:33:25.108,18.391
2026-01-14 16:33:25.109,18.388
2026-01-14 16:33:25.125,18.388
2026-01-14 16:33:25.141,18.378
2026-01-14 16:33:25.158,18.379
2026-01-14 16:33:25.158,18.389
2026-01-14 16:33:25.175,18.39
2026-01-14 16:33:25.191,18.386
2026-01-14 16:33:25.192,18.376
2026-01-14 16:33:25.208,18.378
2026-01-14 16:33:25.224,18.377
2026-01-14 16:33:25.241,18.376
2026-01-14 16:33:25.241,18.374
2026-01-14 16:33:25.257,18.369
2026-01-14 16:33:25.274,18.363
2026-01-14 16:33:25.275,18.351
2026-01-14 16:33:25.291,18.336
2026-01-14 16:33:25.308,18.319
2026-01-14 16:33:25.324,18.311
2026-01-14 16:33:25.324,18.296
2026-01-14 16:33:25.341,18.299
2026-01-14 16:33:25.357,18.296
2026-01-14 16:33:25.376,18.291
2026-01-14 16:33:25.376,18.3
2026-01-14 16:33:25.391,18.304
2026-01-14 16:33:25.408,18.305
2026-01-14 16:33:25.408,18.32
2026-01-14 16:33:25.424,18.337
2026-01-14 16:33:25.440,18.351
2026-01-14 16:33:25.458,18.366
2026-01-14 16:33:25.459,18.366
2026-01-14 16:33:25.474,18.375
2026-01-14 16:33:25.491,18.379
2026-01-14 16:33:25.492,18.386
2026-01-14 16:33:25.507,18.376
2026-01-14 16:33:25.525,18.365
2026-01-14 16:33:25.541,18.352
2026-01-14 16:33:25.541,18.327
2026-01-14 16:33:25.558,18.315
2026-01-14 16:33:25.574,18.284
2026-01-14 16:33:25.591,18.25
2026-01-14 16:33:25.591,18.217
2026-01-14 16:33:25.608,18.216
2026-01-14 16:33:25.625,18.198
2026-01-14 16:33:25.625,18.174
2026-01-14 16:33:25.640,18.141
2026-01-14 16:33:25.659,18.108
2026-01-14 16:33:25.660,18.073
2026-01-14 16:33:25.674,18.046
2026-01-14 16:33:25.689,18.008
2026-01-14 16:33:25.708,17.986
2026-01-14 16:33:25.708,17.978
2026-01-14 16:33:25.724,17.967
2026-01-14 16:33:25.741,17.939
2026-01-14 16:33:25.758,17.913
2026-01-14 16:33:25.758,17.889
2026-01-14 16:33:25.775,17.867
2026-01-14 16:33:25.791,17.848
2026-01-14 16:33:25.791,17.822
2026-01-14 16:33:25.808,17.795
2026-01-14 16:33:25.824,17.781
2026-01-14 16:33:25.841,17.756
2026-01-14 16:33:25.841,17.753
2026-01-14 16:33:25.858,17.735
2026-01-14 16:33:25.874,17.711
2026-01-14 16:33:25.876,17.699
2026-01-14 16:33:25.891,17.676
2026-01-14 16:33:25.908,17.664
2026-01-14 16:33:25.924,17.647
2026-01-14 16:33:25.925,17.629
2026-01-14 16:33:25.940,17.619
2026-01-14 16:33:25.984,17.61
2026-01-14 16:33:25.985,17.602
2026-01-14 16:33:25.985,17.593
2026-01-14 16:33:25.986,17.581
2026-01-14 16:33:25.995,17.572
2026-01-14 16:33:26.008,17.572
2026-01-14 16:33:26.023,17.565
2026-01-14 16:33:26.041,17.554
2026-01-14 16:33:26.058,17.545
2026-01-14 16:33:26.058,17.537
2026-01-14 16:33:26.081,17.527
2026-01-14 16:33:26.082,17.517
2026-01-14 16:33:26.091,17.506
2026-01-14 16:33:26.110,17.501
2026-01-14 16:33:26.123,17.495
2026-01-14 16:33:26.141,17.496
2026-01-14 16:33:26.141,17.5
2026-01-14 16:33:26.158,17.495
2026-01-14 16:33:26.174,17.496
2026-01-14 16:33:26.191,17.501
2026-01-14 16:33:26.192,17.498
2026-01-14 16:33:26.207,17.494
2026-01-14 16:33:26.224,17.488
2026-01-14 16:33:26.224,17.484
2026-01-14 16:33:26.240,17.485
2026-01-14 16:33:26.257,17.485
2026-01-14 16:33:26.273,17.495
2026-01-14 16:33:26.274,17.496
2026-01-14 16:33:26.290,17.489
2026-01-14 16:33:26.306,17.482
2026-01-14 16:33:26.307,17.476
2026-01-14 16:33:26.323,17.474
2026-01-14 16:33:26.340,17.471
2026-01-14 16:33:26.357,17.469
2026-01-14 16:33:26.358,17.469
2026-01-14 16:33:26.372,17.471
2026-01-14 16:33:26.390,17.473
2026-01-14 16:33:26.391,17.479
2026-01-14 16:33:26.407,17.487
2026-01-14 16:33:26.423,17.493
2026-01-14 16:33:26.441,17.488
2026-01-14 16:33:26.441,17.479
2026-01-14 16:33:26.456,17.479
2026-01-14 16:33:26.473,17.48
2026-01-14 16:33:26.490,17.474
2026-01-14 16:33:26.491,17.467
2026-01-14 16:33:26.505,17.468
2026-01-14 16:33:26.523,17.457
2026-01-14 16:33:26.523,17.447
2026-01-14 16:33:26.540,17.434
2026-01-14 16:33:26.557,17.415
2026-01-14 16:33:26.573,17.4
2026-01-14 16:33:26.573,17.378
2026-01-14 16:33:26.590,17.365
2026-01-14 16:33:26.607,17.36
2026-01-14 16:33:26.607,17.341
2026-01-14 16:33:26.624,17.316
2026-01-14 16:33:26.641,17.283
2026-01-14 16:33:26.656,17.264
2026-01-14 16:33:26.657,17.255
2026-01-14 16:33:26.673,17.24
2026-01-14 16:33:26.691,17.217
2026-01-14 16:33:26.691,17.202
2026-01-14 16:33:26.707,17.187
2026-01-14 16:33:26.724,17.167
2026-01-14 16:33:26.742,17.148
2026-01-14 16:33:26.742,17.133
2026-01-14 16:33:26.757,17.107
2026-01-14 16:33:26.774,17.077
2026-01-14 16:33:26.791,17.052
2026-01-14 16:33:26.791,17.03
2026-01-14 16:33:26.808,17.006
2026-01-14 16:33:26.824,16.984
2026-01-14 16:33:26.824,16.969
2026-01-14 16:33:26.841,16.947
2026-01-14 16:33:26.858,16.922
2026-01-14 16:33:26.875,16.919
2026-01-14 16:33:26.876,16.894
2026-01-14 16:33:26.891,16.875
2026-01-14 16:33:26.907,16.859
2026-01-14 16:33:26.907,16.844
2026-01-14 16:33:26.926,16.833
2026-01-14 16:33:26.942,16.822
2026-01-14 16:33:26.956,16.808
2026-01-14 16:33:26.956,16.801
2026-01-14 16:33:26.975,16.793
2026-01-14 16:33:26.991,16.784
2026-01-14 16:33:26.991,16.776
2026-01-14 16:33:27.008,16.77
2026-01-14 16:33:27.024,16.758
2026-01-14 16:33:27.041,16.749
2026-01-14 16:33:27.041,16.75
2026-01-14 16:33:27.058,16.742
2026-01-14 16:33:27.081,16.732
2026-01-14 16:33:27.081,16.727
2026-01-14 16:33:27.090,16.719
2026-01-14 16:33:27.108,16.728
2026-01-14 16:33:27.123,16.714
2026-01-14 16:33:27.124,16.705
2026-01-14 16:33:27.141,16.703
2026-01-14 16:33:27.157,16.7
2026-01-14 16:33:27.160,16.698
2026-01-14 16:33:27.174,16.697
2026-01-14 16:33:27.190,16.696
2026-01-14 16:33:27.208,16.687
2026-01-14 16:33:27.208,16.679
2026-01-14 16:33:27.223,16.682
2026-01-14 16:33:27.241,16.68
2026-01-14 16:33:27.259,16.677
2026-01-14 16:33:27.259,16.673
2026-01-14 16:33:27.275,16.672
2026-01-14 16:33:27.290,16.67
2026-01-14 16:33:27.309,16.675
2026-01-14 16:33:27.309,16.678
2026-01-14 16:33:27.349,16.675
2026-01-14 16:33:27.350,16.676
2026-01-14 16:33:27.350,16.674
2026-01-14 16:33:27.351,16.667
2026-01-14 16:33:27.374,16.651
2026-01-14 16:33:27.375,16.637
2026-01-14 16:33:27.391,16.63
2026-01-14 16:33:27.406,16.63
2026-01-14 16:33:27.425,16.619
2026-01-14 16:33:27.426,16.617
2026-01-14 16:33:27.441,16.615
2026-01-14 16:33:27.459,16.624
2026-01-14 16:33:27.460,16.627
2026-01-14 16:33:27.473,16.621
2026-01-14 16:33:27.491,16.618
2026-01-14 16:33:27.507,16.615
2026-01-14 16:33:27.508,16.618
2026-01-14 16:33:27.524,16.618
2026-01-14 16:33:27.540,16.613
2026-01-14 16:33:27.558,16.606
2026-01-14 16:33:27.559,16.597
2026-01-14 16:33:27.574,16.58
2026-01-14 16:33:27.591,16.571
2026-01-14 16:33:27.591,16.57
2026-01-14 16:33:27.607,16.573
2026-01-14 16:33:27.624,16.572
2026-01-14 16:33:27.641,16.552
2026-01-14 16:33:27.641,16.542
2026-01-14 16:33:27.658,16.534
2026-01-14 16:33:27.674,16.518
2026-01-14 16:33:27.693,16.498
2026-01-14 16:33:27.693,16.479
2026-01-14 16:33:27.708,16.462
2026-01-14 16:33:27.724,16.452
2026-01-14 16:33:27.725,16.444
2026-01-14 16:33:27.740,16.43
2026-01-14 16:33:27.757,16.417
2026-01-14 16:33:27.774,16.394
2026-01-14 16:33:27.775,16.368
2026-01-14 16:33:27.790,16.353
2026-01-14 16:33:27.808,16.335
2026-01-14 16:33:27.808,16.322
2026-01-14 16:33:27.825,16.313
2026-01-14 16:33:27.841,16.297
2026-01-14 16:33:27.857,16.279
2026-01-14 16:33:27.858,16.264
2026-01-14 16:33:27.874,16.249
2026-01-14 16:33:27.891,16.234
2026-01-14 16:33:27.891,16.225
2026-01-14 16:33:27.906,16.204
2026-01-14 16:33:27.924,16.181
2026-01-14 16:33:27.942,16.166
2026-01-14 16:33:27.943,16.159
2026-01-14 16:33:27.957,16.147
2026-01-14 16:33:27.974,16.133
2026-01-14 16:33:27.989,16.119
2026-01-14 16:33:27.990,16.112
2026-01-14 16:33:28.005,16.108
2026-01-14 16:33:28.022,16.104
2026-01-14 16:33:28.022,16.1
2026-01-14 16:33:28.038,16.098
2026-01-14 16:33:28.061,16.091
2026-01-14 16:33:28.061,16.084
2026-01-14 16:33:28.072,16.081
2026-01-14 16:33:28.089,16.078
2026-01-14 16:33:28.107,16.066
2026-01-14 16:33:28.108,16.055
2026-01-14 16:33:28.123,16.056
2026-01-14 16:33:28.139,16.054
2026-01-14 16:33:28.157,16.048
2026-01-14 16:33:28.157,16.049
2026-01-14 16:33:28.174,16.042
2026-01-14 16:33:28.190,16.036
2026-01-14 16:33:28.191,16.036
2026-01-14 16:33:28.206,16.028
2026-01-14 16:33:28.223,16.023
2026-01-14 16:33:28.240,16.017
2026-01-14 16:33:28.240,16.018
2026-01-14 16:33:28.256,16.016
2026-01-14 16:33:28.272,16.001
2026-01-14 16:33:28.290,15.995
2026-01-14 16:33:28.290,15.99
2026-01-14 16:33:28.306,15.996
2026-01-14 16:33:28.323,15.982
2026-01-14 16:33:28.323,15.974
2026-01-14 16:33:28.340,15.976
2026-01-14 16:33:28.355,15.975
2026-01-14 16:33:28.372,15.976
2026-01-14 16:33:28.372,15.976
2026-01-14 16:33:28.391,15.975
2026-01-14 16:33:28.407,15.974
2026-01-14 16:33:28.408,15.987
2026-01-14 16:33:28.423,15.991
2026-01-14 16:33:28.441,15.986
2026-01-14 16:33:28.456,15.974
2026-01-14 16:33:28.458,15.959
2026-01-14 16:33:28.473,15.959
2026-01-14 16:33:28.492,15.958
2026-01-14 16:33:28.492,15.963
2026-01-14 16:33:28.506,15.966
2026-01-14 16:33:28.521,15.963
2026-01-14 16:33:28.540,15.964
2026-01-14 16:33:28.540,15.979
2026-01-14 16:33:28.556,15.973
2026-01-14 16:33:28.572,15.961
2026-01-14 16:33:28.591,15.952
2026-01-14 16:33:28.592,15.939
2026-01-14 16:33:28.606,15.932
2026-01-14 16:33:28.625,15.923
2026-01-14 16:33:28.625,15.92
2026-01-14 16:33:28.641,15.923
2026-01-14 16:33:28.656,15.918
2026-01-14 16:33:28.659,15.924
2026-01-14 16:33:28.674,15.917
2026-01-14 16:33:28.735,15.915
2026-01-14 16:33:28.737,15.915
2026-01-14 16:33:28.737,15.91
2026-01-14 16:33:28.737,15.905
2026-01-14 16:33:28.737,15.891
2026-01-14 16:33:28.744,15.878
2026-01-14 16:33:28.757,15.886
2026-01-14 16:33:28.774,15.878
2026-01-14 16:33:28.789,15.862
2026-01-14 16:33:28.805,15.853
2026-01-14 16:33:28.806,15.833
2026-01-14 16:33:28.822,15.828
2026-01-14 16:33:28.838,15.828
2026-01-14 16:33:28.839,15.819
2026-01-14 16:33:28.857,15.798
2026-01-14 16:33:28.873,15.775
2026-01-14 16:33:28.890,15.769
2026-01-14 16:33:28.891,15.752
2026-01-14 16:33:28.906,15.745
2026-01-14 16:33:28.922,15.729
2026-01-14 16:33:28.923,15.709
2026-01-14 16:33:28.940,15.699
2026-01-14 16:33:28.957,15.683
2026-01-14 16:33:28.973,15.67
2026-01-14 16:33:28.974,15.656
2026-01-14 16:33:28.989,15.634
2026-01-14 16:33:29.007,15.622
2026-01-14 16:33:29.008,15.596
2026-01-14 16:33:29.023,15.575
2026-01-14 16:33:29.041,15.571
2026-01-14 16:33:29.057,15.563
2026-01-14 16:33:29.058,15.554
2026-01-14 16:33:29.082,15.546
2026-01-14 16:33:29.082,15.539
2026-01-14 16:33:29.094,15.529
2026-01-14 16:33:29.106,15.52
2026-01-14 16:33:29.122,15.509
2026-01-14 16:33:29.140,15.496
2026-01-14 16:33:29.140,15.486
2026-01-14 16:33:29.156,15.47
2026-01-14 16:33:29.172,15.464
2026-01-14 16:33:29.189,15.464
2026-01-14 16:33:29.190,15.468
2026-01-14 16:33:29.206,15.46
2026-01-14 16:33:29.222,15.462
2026-01-14 16:33:29.223,15.465
2026-01-14 16:33:29.239,15.46
2026-01-14 16:33:29.256,15.458
2026-01-14 16:33:29.274,15.433
2026-01-14 16:33:29.274,15.403
2026-01-14 16:33:29.289,15.395
2026-01-14 16:33:29.307,15.393
2026-01-14 16:33:29.308,15.385
2026-01-14 16:33:29.323,15.367
2026-01-14 16:33:29.340,15.359
2026-01-14 16:33:29.356,15.362
2026-01-14 16:33:29.356,15.362
2026-01-14 16:33:29.373,15.36
2026-01-14 16:33:29.388,15.367
2026-01-14 16:33:29.405,15.371
2026-01-14 16:33:29.405,15.364
2026-01-14 16:33:29.423,15.362
2026-01-14 16:33:29.440,15.359
2026-01-14 16:33:29.440,15.354
2026-01-14 16:33:29.457,15.344
2026-01-14 16:33:29.474,15.347
2026-01-14 16:33:29.491,15.35
2026-01-14 16:33:29.491,15.357
2026-01-14 16:33:29.507,15.364
2026-01-14 16:33:29.523,15.36
2026-01-14 16:33:29.524,15.355
2026-01-14 16:33:29.540,15.353
2026-01-14 16:33:29.557,15.352
2026-01-14 16:33:29.574,15.353
2026-01-14 16:33:29.574,15.337
2026-01-14 16:33:29.590,15.324
2026-01-14 16:33:29.606,15.322
2026-01-14 16:33:29.607,15.321
2026-01-14 16:33:29.624,15.322
2026-01-14 16:33:29.640,15.335
2026-01-14 16:33:29.657,15.336
2026-01-14 16:33:29.657,15.332
2026-01-14 16:33:29.674,15.324
2026-01-14 16:33:29.690,15.314
2026-01-14 16:33:29.707,15.302
2026-01-14 16:33:29.707,15.298
2026-01-14 16:33:29.724,15.298
2026-01-14 16:33:29.740,15.293
2026-01-14 16:33:29.740,15.298
2026-01-14 16:33:29.758,15.295
2026-01-14 16:33:29.775,15.292
2026-01-14 16:33:29.789,15.294
2026-01-14 16:33:29.790,15.29
2026-01-14 16:33:29.808,15.3
2026-01-14 16:33:29.824,15.297
2026-01-14 16:33:29.824,15.288
2026-01-14 16:33:29.840,15.283
2026-01-14 16:33:29.858,15.271
2026-01-14 16:33:29.873,15.259
2026-01-14 16:33:29.873,15.241
2026-01-14 16:33:29.890,15.236
2026-01-14 16:33:29.909,15.237
2026-01-14 16:33:29.910,15.236
2026-01-14 16:33:29.924,15.237
2026-01-14 16:33:29.941,15.228
2026-01-14 16:33:29.958,15.218
2026-01-14 16:33:29.958,15.208
2026-01-14 16:33:29.973,15.19
2026-01-14 16:33:29.990,15.182
2026-01-14 16:33:30.008,15.172
2026-01-14 16:33:30.009,15.166
2026-01-14 16:33:30.023,15.154
2026-01-14 16:33:30.041,15.145
2026-01-14 16:33:30.041,15.137
2026-01-14 16:33:30.057,15.132
2026-01-14 16:33:30.084,15.12
2026-01-14 16:33:30.084,15.108
2026-01-14 16:33:30.096,15.096
2026-01-14 16:33:30.105,15.083
2026-01-14 16:33:30.123,15.069
2026-01-14 16:33:30.123,15.046
2026-01-14 16:33:30.141,15.035
2026-01-14 16:33:30.157,15.022
2026-01-14 16:33:30.174,15.023
2026-01-14 16:33:30.174,15.016
2026-01-14 16:33:30.190,14.999
2026-01-14 16:33:30.207,14.994
2026-01-14 16:33:30.208,14.986
2026-01-14 16:33:30.223,14.98
2026-01-14 16:33:30.239,14.96
2026-01-14 16:33:30.257,14.95
2026-01-14 16:33:30.258,14.95
2026-01-14 16:33:30.272,14.952
2026-01-14 16:33:30.290,14.946
2026-01-14 16:33:30.291,14.934
2026-01-14 16:33:30.307,14.918
2026-01-14 16:33:30.323,14.912
2026-01-14 16:33:30.341,14.895
2026-01-14 16:33:30.341,14.884
2026-01-14 16:33:30.357,14.879
2026-01-14 16:33:30.373,14.882
2026-01-14 16:33:30.390,14.877
2026-01-14 16:33:30.391,14.882
2026-01-14 16:33:30.407,14.888
2026-01-14 16:33:30.423,14.889
2026-01-14 16:33:30.424,14.892
2026-01-14 16:33:30.440,14.905
2026-01-14 16:33:30.458,14.902
2026-01-14 16:33:30.474,14.899
2026-01-14 16:33:30.489,14.89
2026-01-14 16:33:30.507,14.88
2026-01-14 16:33:30.508,14.872
2026-01-14 16:33:30.524,14.888
2026-01-14 16:33:30.539,14.887
2026-01-14 16:33:30.557,14.875
2026-01-14 16:33:30.558,14.871
2026-01-14 16:33:30.573,14.868
2026-01-14 16:33:30.590,14.861
2026-01-14 16:33:30.608,14.853
2026-01-14 16:33:30.608,14.845
2026-01-14 16:33:30.624,14.839
2026-01-14 16:33:30.641,14.836
2026-01-14 16:33:30.641,14.832
2026-01-14 16:33:30.657,14.816
2026-01-14 16:33:30.673,14.812
2026-01-14 16:33:30.690,14.806
2026-01-14 16:33:30.690,14.803
2026-01-14 16:33:30.707,14.791
2026-01-14 16:33:30.724,14.777
2026-01-14 16:33:30.724,14.772
2026-01-14 16:33:30.740,14.781
2026-01-14 16:33:30.758,14.775
2026-01-14 16:33:30.772,14.772
2026-01-14 16:33:30.772,14.766
2026-01-14 16:33:30.790,14.766
2026-01-14 16:33:30.807,14.764
2026-01-14 16:33:30.807,14.76
2026-01-14 16:33:30.824,14.76
2026-01-14 16:33:30.840,14.763
2026-01-14 16:33:30.859,14.76
2026-01-14 16:33:30.859,14.759
2026-01-14 16:33:30.874,14.754
2026-01-14 16:33:30.908,14.763
2026-01-14 16:33:30.909,14.764
2026-01-14 16:33:30.922,14.769
2026-01-14 16:33:30.939,14.775
2026-01-14 16:33:30.940,14.78
2026-01-14 16:33:30.958,14.771
2026-01-14 16:33:30.974,14.762
2026-01-14 16:33:30.987,14.754
2026-01-14 16:33:30.989,14.752
2026-01-14 16:33:31.007,14.759
2026-01-14 16:33:31.022,14.752
2026-01-14 16:33:31.023,14.747
2026-01-14 16:33:31.040,14.745
2026-01-14 16:33:31.055,14.735
2026-01-14 16:33:31.077,14.739
2026-01-14 16:33:31.077,14.735
2026-01-14 16:33:31.090,14.728
2026-01-14 16:33:31.106,14.722
2026-01-14 16:33:31.123,14.717
2026-01-14 16:33:31.123,14.716
2026-01-14 16:33:31.139,14.71
2026-01-14 16:33:31.155,14.706
2026-01-14 16:33:31.156,14.693
2026-01-14 16:33:31.172,14.691
2026-01-14 16:33:31.189,14.684
2026-01-14 16:33:31.207,14.667
2026-01-14 16:33:31.207,14.66
2026-01-14 16:33:31.224,14.656
2026-01-14 16:33:31.240,14.644
2026-01-14 16:33:31.240,14.643
2026-01-14 16:33:31.257,14.636
2026-01-14 16:33:31.272,14.623
2026-01-14 16:33:31.289,14.609
2026-01-14 16:33:31.289,14.602
2026-01-14 16:33:31.306,14.586
2026-01-14 16:33:31.324,14.574
2026-01-14 16:33:31.324,14.561
2026-01-14 16:33:31.340,14.546
2026-01-14 16:33:31.357,14.532
2026-01-14 16:33:31.374,14.525
2026-01-14 16:33:31.374,14.52
2026-01-14 16:33:31.389,14.503
2026-01-14 16:33:31.431,14.491
2026-01-14 16:33:31.433,14.487
2026-01-14 16:33:31.433,14.482
2026-01-14 16:33:31.433,14.473
2026-01-14 16:33:31.457,14.461
2026-01-14 16:33:31.458,14.467
2026-01-14 16:33:31.473,14.464
2026-01-14 16:33:31.491,14.465
2026-01-14 16:33:31.491,14.464
2026-01-14 16:33:31.507,14.461
2026-01-14 16:33:31.525,14.461
2026-01-14 16:33:31.540,14.459
2026-01-14 16:33:31.540,14.447
2026-01-14 16:33:31.558,14.439
2026-01-14 16:33:31.574,14.433
2026-01-14 16:33:31.589,14.444
2026-01-14 16:33:31.590,14.435
2026-01-14 16:33:31.607,14.43
2026-01-14 16:33:31.624,14.424
2026-01-14 16:33:31.624,14.421
2026-01-14 16:33:31.640,14.417
2026-01-14 16:33:31.656,14.414
2026-01-14 16:33:31.672,14.416
2026-01-14 16:33:31.673,14.413
2026-01-14 16:33:31.690,14.417
2026-01-14 16:33:31.707,14.414
2026-01-14 16:33:31.707,14.415
2026-01-14 16:33:31.724,14.413
2026-01-14 16:33:31.740,14.409
2026-01-14 16:33:31.756,14.4
2026-01-14 16:33:31.756,14.385
2026-01-14 16:33:31.774,14.388
2026-01-14 16:33:31.790,14.402
2026-01-14 16:33:31.808,14.403
2026-01-14 16:33:31.808,14.395
2026-01-14 16:33:31.823,14.381
2026-01-14 16:33:31.840,14.359
2026-01-14 16:33:31.841,14.347
2026-01-14 16:33:31.856,14.336
2026-01-14 16:33:31.873,14.323
2026-01-14 16:33:31.890,14.319
2026-01-14 16:33:31.890,14.304
2026-01-14 16:33:31.905,14.297
2026-01-14 16:33:31.922,14.286
2026-01-14 16:33:31.923,14.276
2026-01-14 16:33:31.939,14.261
2026-01-14 16:33:31.955,14.248
2026-01-14 16:33:31.973,14.228
2026-01-14 16:33:31.973,14.223
2026-01-14 16:33:31.989,14.207
2026-01-14 16:33:32.005,14.204
2026-01-14 16:33:32.023,14.201
2026-01-14 16:33:32.023,14.204
2026-01-14 16:33:32.041,14.209
2026-01-14 16:33:32.056,14.204
2026-01-14 16:33:32.056,14.207
2026-01-14 16:33:32.076,14.199
2026-01-14 16:33:32.089,14.207
2026-01-14 16:33:32.105,14.197
2026-01-14 16:33:32.105,14.202
2026-01-14 16:33:32.122,14.205
2026-01-14 16:33:32.139,14.203
2026-01-14 16:33:32.140,14.207
2026-01-14 16:33:32.155,14.208
2026-01-14 16:33:32.173,14.202
2026-01-14 16:33:32.188,14.203
2026-01-14 16:33:32.189,14.208
2026-01-14 16:33:32.206,14.219
2026-01-14 16:33:32.223,14.217
2026-01-14 16:33:32.224,14.219
2026-01-14 16:33:32.240,14.214
2026-01-14 16:33:32.256,14.215
2026-01-14 16:33:32.272,14.221
2026-01-14 16:33:32.273,14.215
2026-01-14 16:33:32.288,14.211
2026-01-14 16:33:32.307,14.198
2026-01-14 16:33:32.308,14.199
2026-01-14 16:33:32.323,14.208
2026-01-14 16:33:32.340,14.194
2026-01-14 16:33:32.357,14.183
2026-01-14 16:33:32.357,14.174
2026-01-14 16:33:32.373,14.174
2026-01-14 16:33:32.390,14.174
2026-01-14 16:33:32.406,14.163
2026-01-14 16:33:32.407,14.162
2026-01-14 16:33:32.422,14.159
2026-01-14 16:33:32.439,14.157
2026-01-14 16:33:32.439,14.147
2026-01-14 16:33:32.456,14.132
2026-01-14 16:33:32.473,14.122
2026-01-14 16:33:32.490,14.101
2026-01-14 16:33:32.490,14.087
2026-01-14 16:33:32.505,14.08
2026-01-14 16:33:32.522,14.06
2026-01-14 16:33:32.523,14.047
2026-01-14 16:33:32.539,14.027
2026-01-14 16:33:32.556,14.018
2026-01-14 16:33:32.572,14.014
2026-01-14 16:33:32.572,13.992
2026-01-14 16:33:32.589,13.99
2026-01-14 16:33:32.605,13.971
2026-01-14 16:33:32.622,13.951
2026-01-14 16:33:32.622,13.944
2026-01-14 16:33:32.639,13.932
2026-01-14 16:33:32.656,13.924
2026-01-14 16:33:32.657,13.898
2026-01-14 16:33:32.673,13.866
2026-01-14 16:33:32.690,13.84
2026-01-14 16:33:32.707,13.816
2026-01-14 16:33:32.708,13.808
2026-01-14 16:33:32.723,13.804
2026-01-14 16:33:32.740,13.78
2026-01-14 16:33:32.757,13.778
2026-01-14 16:33:32.799,13.834
2026-01-14 16:33:32.800,13.859
2026-01-14 16:33:32.800,13.871
2026-01-14 16:33:32.823,13.872
2026-01-14 16:33:32.823,13.866
2026-01-14 16:33:32.840,13.865
2026-01-14 16:33:32.858,13.86
2026-01-14 16:33:32.873,13.863
2026-01-14 16:33:32.874,13.854
2026-01-14 16:33:32.890,13.841
2026-01-14 16:33:32.906,13.832
2026-01-14 16:33:32.924,13.817
2026-01-14 16:33:32.939,13.824
2026-01-14 16:33:32.957,13.809
2026-01-14 16:33:32.957,13.793
2026-01-14 16:33:32.990,13.775
2026-01-14 16:33:33.008,13.76
2026-01-14 16:33:33.009,13.746
2026-01-14 16:33:33.023,13.752
2026-01-14 16:33:33.040,13.76
2026-01-14 16:33:33.055,13.759
2026-01-14 16:33:33.080,13.766
2026-01-14 16:33:33.080,13.777
2026-01-14 16:33:33.090,13.796
2026-01-14 16:33:33.105,13.837
2026-01-14 16:33:33.122,13.873
2026-01-14 16:33:33.139,13.897
2026-01-14 16:33:33.140,13.918
2026-01-14 16:33:33.173,13.811
2026-01-14 16:33:33.173,13.72
2026-01-14 16:33:33.189,13.66
2026-01-14 16:33:33.204,13.623
2026-01-14 16:33:33.222,13.579
2026-01-14 16:33:33.222,13.563
2026-01-14 16:33:33.239,13.549
2026-01-14 16:33:33.255,13.541
2026-01-14 16:33:33.255,13.535
2026-01-14 16:33:33.272,13.531
2026-01-14 16:33:33.289,13.533
2026-01-14 16:33:33.305,13.52
2026-01-14 16:33:33.306,13.518
2026-01-14 16:33:33.321,13.509
2026-01-14 16:33:33.337,13.499
2026-01-14 16:33:33.355,13.506
2026-01-14 16:33:33.356,13.503
2026-01-14 16:33:33.372,13.507
2026-01-14 16:33:33.388,13.506
2026-01-14 16:33:33.389,13.505
2026-01-14 16:33:33.405,13.518
2026-01-14 16:33:33.422,13.523
2026-01-14 16:33:33.439,13.531
2026-01-14 16:33:33.439,13.544
2026-01-14 16:33:33.456,13.543
2026-01-14 16:33:33.472,13.546
2026-01-14 16:33:33.473,13.551
2026-01-14 16:33:33.490,13.555
2026-01-14 16:33:33.505,13.558
2026-01-14 16:33:33.522,13.562
2026-01-14 16:33:33.538,13.562
2026-01-14 16:33:33.555,13.559
2026-01-14 16:33:33.556,13.558
2026-01-14 16:33:33.588,13.561
2026-01-14 16:33:33.605,13.57
2026-01-14 16:33:33.605,13.568
2026-01-14 16:33:33.622,13.565
2026-01-14 16:33:33.640,13.564
2026-01-14 16:33:33.656,13.566
2026-01-14 16:33:33.672,13.565
2026-01-14 16:33:33.689,13.559
2026-01-14 16:33:33.705,13.558
2026-01-14 16:33:33.722,13.56
2026-01-14 16:33:33.738,13.556
2026-01-14 16:33:33.739,13.551
2026-01-14 16:33:33.772,13.542
2026-01-14 16:33:33.773,13.524
2026-01-14 16:33:33.789,13.512
2026-01-14 16:33:33.805,13.494
2026-01-14 16:33:33.823,13.481
2026-01-14 16:33:33.823,13.474
2026-01-14 16:33:33.838,13.456
2026-01-14 16:33:33.857,13.437
2026-01-14 16:33:33.857,13.419
2026-01-14 16:33:33.873,13.394
2026-01-14 16:33:33.890,13.376
2026-01-14 16:33:33.907,13.361
2026-01-14 16:33:33.907,13.335
2026-01-14 16:33:33.923,13.315
2026-01-14 16:33:33.939,13.29
2026-01-14 16:33:33.940,13.257
2026-01-14 16:33:33.956,13.224
2026-01-14 16:33:33.974,13.183
2026-01-14 16:33:33.989,13.147
2026-01-14 16:33:33.990,13.099
2026-01-14 16:33:34.006,13.046
2026-01-14 16:33:34.023,13.024
2026-01-14 16:33:34.023,12.977
2026-01-14 16:33:34.039,12.924
2026-01-14 16:33:34.055,12.879
2026-01-14 16:33:34.080,12.858
2026-01-14 16:33:34.080,12.811
2026-01-14 16:33:34.089,12.775
2026-01-14 16:33:34.105,12.754
2026-01-14 16:33:34.123,12.783
2026-01-14 16:33:34.124,12.842
2026-01-14 16:33:34.140,12.895
2026-01-14 16:33:34.168,12.928
2026-01-14 16:33:34.169,12.955
2026-01-14 16:33:34.170,12.955
2026-01-14 16:33:34.180,12.946
2026-01-14 16:33:34.190,12.92
2026-01-14 16:33:34.205,12.904
2026-01-14 16:33:34.221,12.899
2026-01-14 16:33:34.239,12.877
2026-01-14 16:33:34.239,12.855
2026-01-14 16:33:34.255,12.827
2026-01-14 16:33:34.273,12.796
2026-01-14 16:33:34.289,12.771
2026-01-14 16:33:34.323,12.758
2026-01-14 16:33:34.323,12.731
2026-01-14 16:33:34.339,12.698
2026-01-14 16:33:34.355,12.662
2026-01-14 16:33:34.374,12.63
2026-01-14 16:33:34.374,12.607
2026-01-14 16:33:34.389,12.582
2026-01-14 16:33:34.407,12.56
2026-01-14 16:33:34.407,12.542
2026-01-14 16:33:34.438,12.523
2026-01-14 16:33:34.455,12.494
2026-01-14 16:33:34.456,12.474
2026-01-14 16:33:34.489,12.455
2026-01-14 16:33:34.505,12.426
2026-01-14 16:33:34.505,12.403
2026-01-14 16:33:34.522,12.386
2026-01-14 16:33:34.539,12.366
2026-01-14 16:33:34.556,12.356
2026-01-14 16:33:34.572,12.345
2026-01-14 16:33:34.589,12.344
2026-01-14 16:33:34.589,12.331
2026-01-14 16:33:34.607,12.327
2026-01-14 16:33:34.623,12.334
2026-01-14 16:33:34.623,12.355
2026-01-14 16:33:34.640,12.383
2026-01-14 16:33:34.654,12.421
2026-01-14 16:33:34.671,12.365
2026-01-14 16:33:34.671,12.426
2026-01-14 16:33:34.690,12.475
2026-01-14 16:33:34.704,12.391
2026-01-14 16:33:34.721,12.395
2026-01-14 16:33:34.739,12.447
2026-01-14 16:33:34.756,12.387
2026-01-14 16:33:34.757,12.443
2026-01-14 16:33:34.788,12.462
2026-01-14 16:33:34.807,12.405
2026-01-14 16:33:34.807,12.472
2026-01-14 16:33:34.823,12.516
2026-01-14 16:33:34.839,12.482
2026-01-14 16:33:34.856,12.457
2026-01-14 16:33:34.872,12.429
2026-01-14 16:33:34.889,12.408
2026-01-14 16:33:34.906,12.395
2026-01-14 16:33:34.923,12.38
2026-01-14 16:33:34.924,12.367
2026-01-14 16:33:34.939,12.359
2026-01-14 16:33:34.974,12.343
2026-01-14 16:33:34.974,12.322
2026-01-14 16:33:34.989,12.308
2026-01-14 16:33:35.006,12.314
2026-01-14 16:33:35.023,12.314
2026-01-14 16:33:35.039,12.327
2026-01-14 16:33:35.064,12.34
2026-01-14 16:33:35.064,12.339
2026-01-14 16:33:35.090,12.34
2026-01-14 16:33:35.091,12.33
2026-01-14 16:33:35.107,12.319
2026-01-14 16:33:35.121,12.311
2026-01-14 16:33:35.138,12.297
2026-01-14 16:33:35.156,12.287
2026-01-14 16:33:35.173,12.27
2026-01-14 16:33:35.190,12.253
2026-01-14 16:33:35.206,12.221
2026-01-14 16:33:35.222,12.202
2026-01-14 16:33:35.223,12.19
2026-01-14 16:33:35.238,12.178
2026-01-14 16:33:35.256,12.167
2026-01-14 16:33:35.272,12.187
2026-01-14 16:33:35.272,12.141
2026-01-14 16:33:35.290,12.097
2026-01-14 16:33:35.306,12.064
2026-01-14 16:33:35.321,12.021
2026-01-14 16:33:35.339,12.025
2026-01-14 16:33:35.355,11.943
2026-01-14 16:33:35.355,11.93
2026-01-14 16:33:35.390,11.9
2026-01-14 16:33:35.405,11.861
2026-01-14 16:33:35.406,11.819
2026-01-14 16:33:35.423,11.773
2026-01-14 16:33:35.441,11.724
2026-01-14 16:33:35.456,11.641
2026-01-14 16:33:35.473,11.567
2026-01-14 16:33:35.491,11.505
2026-01-14 16:33:35.505,11.453
2026-01-14 16:33:35.534,11.384
2026-01-14 16:33:35.534,11.325
2026-01-14 16:33:35.546,11.274
2026-01-14 16:33:35.571,11.226
2026-01-14 16:33:35.571,11.161
2026-01-14 16:33:35.588,11.103
2026-01-14 16:33:35.605,11.041
2026-01-14 16:33:35.622,10.997
2026-01-14 16:33:35.622,10.951
2026-01-14 16:33:35.640,10.91
2026-01-14 16:33:35.656,10.863
2026-01-14 16:33:35.656,10.826
2026-01-14 16:33:35.690,10.806
2026-01-14 16:33:35.705,10.765
2026-01-14 16:33:35.706,10.734
2026-01-14 16:33:35.723,10.72
2026-01-14 16:33:35.740,10.707
2026-01-14 16:33:35.740,10.694
2026-01-14 16:33:35.755,10.682
2026-01-14 16:33:35.772,10.679
2026-01-14 16:33:35.788,10.696
2026-01-14 16:33:35.789,10.709
2026-01-14 16:33:35.804,10.717
2026-01-14 16:33:35.821,10.721
2026-01-14 16:33:35.838,10.732
2026-01-14 16:33:35.838,10.749
2026-01-14 16:33:35.855,10.762
2026-01-14 16:33:35.871,10.768
2026-01-14 16:33:35.871,10.781
2026-01-14 16:33:35.888,10.788
2026-01-14 16:33:35.904,10.788
2026-01-14 16:33:35.922,10.79
2026-01-14 16:33:35.922,10.825
2026-01-14 16:33:35.939,10.841
2026-01-14 16:33:35.955,10.856
2026-01-14 16:33:35.956,10.9
2026-01-14 16:33:35.972,10.926
2026-01-14 16:33:35.989,10.942
2026-01-14 16:33:36.006,10.961
2026-01-14 16:33:36.006,10.992
2026-01-14 16:33:36.021,11.022
2026-01-14 16:33:36.038,11.046
2026-01-14 16:33:36.059,11.063
2026-01-14 16:33:36.059,11.072
2026-01-14 16:33:36.071,11.08
2026-01-14 16:33:36.088,11.082
2026-01-14 16:33:36.089,11.078
2026-01-14 16:33:36.105,11.076
2026-01-14 16:33:36.121,11.077
2026-01-14 16:33:36.138,11.069
2026-01-14 16:33:36.138,11.065
2026-01-14 16:33:36.154,11.063
2026-01-14 16:33:36.171,11.054
2026-01-14 16:33:36.172,11.045
2026-01-14 16:33:36.188,11.034
2026-01-14 16:33:36.205,11.011
2026-01-14 16:33:36.222,10.989
2026-01-14 16:33:36.223,10.965
2026-01-14 16:33:36.238,10.945
2026-01-14 16:33:36.255,10.922
2026-01-14 16:33:36.256,10.911
2026-01-14 16:33:36.271,10.89
2026-01-14 16:33:36.288,10.867
2026-01-14 16:33:36.305,10.846
2026-01-14 16:33:36.305,10.828
2026-01-14 16:33:36.321,10.816
2026-01-14 16:33:36.338,10.798
2026-01-14 16:33:36.354,10.778
2026-01-14 16:33:36.355,10.76
2026-01-14 16:33:36.371,10.74
2026-01-14 16:33:36.388,10.731
2026-01-14 16:33:36.388,10.709
2026-01-14 16:33:36.404,10.682
2026-01-14 16:33:36.421,10.667
2026-01-14 16:33:36.437,10.658
2026-01-14 16:33:36.439,10.655
2026-01-14 16:33:36.455,10.641
2026-01-14 16:33:36.471,10.591
2026-01-14 16:33:36.471,10.542
2026-01-14 16:33:36.489,10.511
2026-01-14 16:33:36.505,10.503
2026-01-14 16:33:36.521,10.477
2026-01-14 16:33:36.521,10.426
2026-01-14 16:33:36.538,10.356
2026-01-14 16:33:36.554,10.303
2026-01-14 16:33:36.555,10.24
2026-01-14 16:33:36.572,10.181
2026-01-14 16:33:36.591,10.126
2026-01-14 16:33:36.591,10.068
2026-01-14 16:33:36.604,10.014
2026-01-14 16:33:36.621,9.953
2026-01-14 16:33:36.638,9.899
2026-01-14 16:33:36.655,9.861
2026-01-14 16:33:36.655,9.808
2026-01-14 16:33:36.672,9.763
2026-01-14 16:33:36.688,9.719
2026-01-14 16:33:36.689,9.734
2026-01-14 16:33:36.703,9.709
2026-01-14 16:33:36.721,9.759
2026-01-14 16:33:36.738,9.788
2026-01-14 16:33:36.738,9.799
2026-01-14 16:33:36.756,9.793
2026-01-14 16:33:36.772,9.789
2026-01-14 16:33:36.772,9.784
2026-01-14 16:33:36.787,9.776
2026-01-14 16:33:36.805,9.766
2026-01-14 16:33:36.822,9.751
2026-01-14 16:33:36.822,9.726
2026-01-14 16:33:36.838,9.703
2026-01-14 16:33:36.854,9.675
2026-01-14 16:33:36.854,9.657
2026-01-14 16:33:36.895,9.638
2026-01-14 16:33:36.896,9.614
2026-01-14 16:33:36.896,9.596
2026-01-14 16:33:36.905,9.599
2026-01-14 16:33:36.921,9.6
2026-01-14 16:33:36.937,9.572
2026-01-14 16:33:36.954,9.579
2026-01-14 16:33:36.955,9.556
2026-01-14 16:33:36.972,9.549
2026-01-14 16:33:36.989,9.461
2026-01-14 16:33:36.990,9.39
2026-01-14 16:33:37.006,9.337
2026-01-14 16:33:37.021,9.286
2026-01-14 16:33:37.038,9.241
2026-01-14 16:33:37.038,9.197
2026-01-14 16:33:37.059,9.181
2026-01-14 16:33:37.060,9.209
2026-01-14 16:33:37.071,9.22
2026-01-14 16:33:37.088,9.311
2026-01-14 16:33:37.104,9.318
2026-01-14 16:33:37.121,9.324
2026-01-14 16:33:37.121,9.334
2026-01-14 16:33:37.138,9.358
2026-01-14 16:33:37.154,9.366
2026-01-14 16:33:37.154,9.366
2026-01-14 16:33:37.171,9.378
2026-01-14 16:33:37.188,9.375
2026-01-14 16:33:37.204,9.387
2026-01-14 16:33:37.204,9.407
2026-01-14 16:33:37.221,9.487
2026-01-14 16:33:37.239,9.543
2026-01-14 16:33:37.240,9.484
2026-01-14 16:33:37.256,9.451
2026-01-14 16:33:37.272,9.415
2026-01-14 16:33:37.288,9.386
2026-01-14 16:33:37.288,9.357
2026-01-14 16:33:37.304,9.34
2026-01-14 16:33:37.321,9.326
2026-01-14 16:33:37.338,9.313
2026-01-14 16:33:37.339,9.303
2026-01-14 16:33:37.354,9.292
2026-01-14 16:33:37.371,9.278
2026-01-14 16:33:37.372,9.262
2026-01-14 16:33:37.387,9.245
2026-01-14 16:33:37.404,9.228
2026-01-14 16:33:37.421,9.213
2026-01-14 16:33:37.422,9.2
2026-01-14 16:33:37.438,9.184
2026-01-14 16:33:37.455,9.162
2026-01-14 16:33:37.455,9.149
2026-01-14 16:33:37.471,9.132
2026-01-14 16:33:37.488,9.115
2026-01-14 16:33:37.504,9.101
2026-01-14 16:33:37.505,9.091
2026-01-14 16:33:37.521,9.069
2026-01-14 16:33:37.538,9.055
2026-01-14 16:33:37.538,9.048
2026-01-14 16:33:37.554,9.019
2026-01-14 16:33:37.570,8.988
2026-01-14 16:33:37.588,8.957
2026-01-14 16:33:37.588,8.929
2026-01-14 16:33:37.604,8.947
2026-01-14 16:33:37.621,8.914
2026-01-14 16:33:37.637,8.89
2026-01-14 16:33:37.637,8.886
2026-01-14 16:33:37.654,8.867
2026-01-14 16:33:37.671,8.871
2026-01-14 16:33:37.671,8.855
2026-01-14 16:33:37.688,8.84
2026-01-14 16:33:37.704,8.83
2026-01-14 16:33:37.721,8.815
2026-01-14 16:33:37.721,8.797
2026-01-14 16:33:37.738,8.772
2026-01-14 16:33:37.755,8.735
2026-01-14 16:33:37.755,8.687
2026-01-14 16:33:37.771,8.636
2026-01-14 16:33:37.787,8.585
2026-01-14 16:33:37.804,8.533
2026-01-14 16:33:37.804,8.484
2026-01-14 16:33:37.820,8.425
2026-01-14 16:33:37.837,8.384
2026-01-14 16:33:37.855,8.345
2026-01-14 16:33:37.855,8.295
2026-01-14 16:33:37.871,8.248
2026-01-14 16:33:37.888,8.203
2026-01-14 16:33:37.888,8.17
2026-01-14 16:33:37.904,8.128
2026-01-14 16:33:37.921,8.086
2026-01-14 16:33:37.937,8.052
2026-01-14 16:33:37.937,8.023
2026-01-14 16:33:37.954,7.988
2026-01-14 16:33:37.971,7.958
2026-01-14 16:33:37.971,7.928
2026-01-14 16:33:37.987,7.92
2026-01-14 16:33:38.004,7.89
2026-01-14 16:33:38.021,7.875
2026-01-14 16:33:38.022,7.85
2026-01-14 16:33:38.038,7.819
2026-01-14 16:33:38.059,7.801
2026-01-14 16:33:38.060,7.806
2026-01-14 16:33:38.070,7.805
2026-01-14 16:33:38.088,7.802
2026-01-14 16:33:38.104,7.805
2026-01-14 16:33:38.104,7.803
2026-01-14 16:33:38.121,7.792
2026-01-14 16:33:38.138,7.787
2026-01-14 16:33:38.154,7.787
2026-01-14 16:33:38.154,7.783
2026-01-14 16:33:38.170,7.803
2026-01-14 16:33:38.188,7.812
2026-01-14 16:33:38.189,7.816
2026-01-14 16:33:38.204,7.836
2026-01-14 16:33:38.221,7.875
2026-01-14 16:33:38.247,7.879
2026-01-14 16:33:38.247,7.889
2026-01-14 16:33:38.247,7.917
2026-01-14 16:33:38.270,7.953
2026-01-14 16:33:38.271,7.963
2026-01-14 16:33:38.287,7.959
2026-01-14 16:33:38.304,7.958
2026-01-14 16:33:38.321,7.959
2026-01-14 16:33:38.321,7.963
2026-01-14 16:33:38.338,7.973
2026-01-14 16:33:38.355,7.99
2026-01-14 16:33:38.355,8.006
2026-01-14 16:33:38.370,8.02
2026-01-14 16:33:38.388,8.026
2026-01-14 16:33:38.405,8.008
2026-01-14 16:33:38.421,7.992
2026-01-14 16:33:38.437,7.975
2026-01-14 16:33:38.454,7.966
2026-01-14 16:33:38.454,7.951
2026-01-14 16:33:38.471,7.933
2026-01-14 16:33:38.488,7.926
2026-01-14 16:33:38.489,7.91
2026-01-14 16:33:38.505,7.894
2026-01-14 16:33:38.521,7.87
2026-01-14 16:33:38.539,7.849
2026-01-14 16:33:38.539,7.832
2026-01-14 16:33:38.555,7.816
2026-01-14 16:33:38.571,7.787
2026-01-14 16:33:38.572,7.768
2026-01-14 16:33:38.587,7.748
2026-01-14 16:33:38.604,7.729
2026-01-14 16:33:38.621,7.711
2026-01-14 16:33:38.622,7.705
2026-01-14 16:33:38.638,7.697
2026-01-14 16:33:38.656,7.685
2026-01-14 16:33:38.656,7.672
2026-01-14 16:33:38.672,7.656
2026-01-14 16:33:38.689,7.637
2026-01-14 16:33:38.704,7.631
2026-01-14 16:33:38.705,7.611
2026-01-14 16:33:38.724,7.603
2026-01-14 16:33:38.739,7.57
2026-01-14 16:33:38.739,7.522
2026-01-14 16:33:38.756,7.482
2026-01-14 16:33:38.771,7.465
2026-01-14 16:33:38.789,7.463
2026-01-14 16:33:38.789,7.448
2026-01-14 16:33:38.807,7.428
2026-01-14 16:33:38.822,7.405
2026-01-14 16:33:38.840,7.378
2026-01-14 16:33:38.840,7.363
2026-01-14 16:33:38.854,7.355
2026-01-14 16:33:38.871,7.337
2026-01-14 16:33:38.871,7.311
2026-01-14 16:33:38.888,7.247
2026-01-14 16:33:38.905,7.225
2026-01-14 16:33:38.921,7.18
2026-01-14 16:33:38.922,7.11
2026-01-14 16:33:38.938,7.028
2026-01-14 16:33:38.955,6.947
2026-01-14 16:33:38.956,6.889
2026-01-14 16:33:38.972,6.837
2026-01-14 16:33:38.988,6.783
2026-01-14 16:33:39.005,6.748
2026-01-14 16:33:39.005,6.71
2026-01-14 16:33:39.021,6.721
2026-01-14 16:33:39.038,6.719
2026-01-14 16:33:39.039,6.695
2026-01-14 16:33:39.054,6.722
2026-01-14 16:33:39.079,6.751
2026-01-14 16:33:39.079,6.729
2026-01-14 16:33:39.089,6.723
2026-01-14 16:33:39.105,6.714
2026-01-14 16:33:39.122,6.681
2026-01-14 16:33:39.139,6.657
2026-01-14 16:33:39.139,6.646
2026-01-14 16:33:39.155,6.617
2026-01-14 16:33:39.173,6.595
2026-01-14 16:33:39.173,6.575
2026-01-14 16:33:39.189,6.555
2026-01-14 16:33:39.206,6.541
2026-01-14 16:33:39.221,6.526
2026-01-14 16:33:39.221,6.507
2026-01-14 16:33:39.237,6.503
2026-01-14 16:33:39.254,6.475
2026-01-14 16:33:39.255,6.455
2026-01-14 16:33:39.272,6.481
2026-01-14 16:33:39.289,6.494
2026-01-14 16:33:39.305,6.441
2026-01-14 16:33:39.306,6.444
2026-01-14 16:33:39.321,6.474
2026-01-14 16:33:39.340,6.521
2026-01-14 16:33:39.340,6.544
2026-01-14 16:33:39.356,6.558
2026-01-14 16:33:39.372,6.577
2026-01-14 16:33:39.388,6.621
2026-01-14 16:33:39.389,6.645
2026-01-14 16:33:39.405,6.643
2026-01-14 16:33:39.422,6.627
2026-01-14 16:33:39.437,6.609
2026-01-14 16:33:39.438,6.568
2026-01-14 16:33:39.456,6.517
2026-01-14 16:33:39.472,6.557
2026-01-14 16:33:39.473,6.544
2026-01-14 16:33:39.488,6.522
2026-01-14 16:33:39.506,6.507
2026-01-14 16:33:39.522,6.508
2026-01-14 16:33:39.523,6.52
2026-01-14 16:33:39.538,6.541
2026-01-14 16:33:39.556,6.537
2026-01-14 16:33:39.557,6.527
2026-01-14 16:33:39.571,6.503
2026-01-14 16:33:39.613,6.468
2026-01-14 16:33:39.614,6.447
2026-01-14 16:33:39.615,6.419
2026-01-14 16:33:39.615,6.395
2026-01-14 16:33:39.640,6.374
2026-01-14 16:33:39.640,6.361
2026-01-14 16:33:39.655,6.342
2026-01-14 16:33:39.673,6.319
2026-01-14 16:33:39.688,6.298
2026-01-14 16:33:39.689,6.278
2026-01-14 16:33:39.704,6.267
2026-01-14 16:33:39.723,6.247
2026-01-14 16:33:39.724,6.233
2026-01-14 16:33:39.739,6.22
2026-01-14 16:33:39.756,6.213
2026-01-14 16:33:39.772,6.206
2026-01-14 16:33:39.773,6.203
2026-01-14 16:33:39.788,6.193
2026-01-14 16:33:39.805,6.193
2026-01-14 16:33:39.806,6.191
2026-01-14 16:33:39.822,6.183
2026-01-14 16:33:39.839,6.177
2026-01-14 16:33:39.856,6.171
2026-01-14 16:33:39.856,6.15
2026-01-14 16:33:39.873,6.128
2026-01-14 16:33:39.889,6.088
2026-01-14 16:33:39.905,6.037
2026-01-14 16:33:39.905,6.002
2026-01-14 16:33:39.922,5.97
2026-01-14 16:33:39.938,5.972
2026-01-14 16:33:39.940,5.977
2026-01-14 16:33:39.954,5.963
2026-01-14 16:33:39.972,5.924
2026-01-14 16:33:39.989,5.91
2026-01-14 16:33:39.989,5.901
2026-01-14 16:33:40.005,5.893
2026-01-14 16:33:40.022,5.876
2026-01-14 16:33:40.040,5.858
2026-01-14 16:33:40.040,5.861
2026-01-14 16:33:40.055,5.862
2026-01-14 16:33:40.074,5.845
2026-01-14 16:33:40.075,5.829
2026-01-14 16:33:40.087,5.835
2026-01-14 16:33:40.104,5.844
2026-01-14 16:33:40.120,5.739
2026-01-14 16:33:40.121,5.628
2026-01-14 16:33:40.137,5.524
2026-01-14 16:33:40.153,5.432
2026-01-14 16:33:40.171,5.352
2026-01-14 16:33:40.171,5.291
2026-01-14 16:33:40.189,5.225
2026-01-14 16:33:40.204,5.158
2026-01-14 16:33:40.205,5.103
2026-01-14 16:33:40.222,5.074
2026-01-14 16:33:40.238,5.107
2026-01-14 16:33:40.238,5.121
2026-01-14 16:33:40.255,5.148
2026-01-14 16:33:40.271,5.155
2026-01-14 16:33:40.289,5.158
2026-01-14 16:33:40.290,5.129
2026-01-14 16:33:40.304,5.142
2026-01-14 16:33:40.321,5.119
2026-01-14 16:33:40.338,5.094
2026-01-14 16:33:40.339,5.059
2026-01-14 16:33:40.354,5.036
2026-01-14 16:33:40.373,5.022
2026-01-14 16:33:40.373,5.001
2026-01-14 16:33:40.388,4.971
2026-01-14 16:33:40.406,4.944
2026-01-14 16:33:40.422,4.907
2026-01-14 16:33:40.423,4.874
2026-01-14 16:33:40.438,4.865
2026-01-14 16:33:40.456,4.905
2026-01-14 16:33:40.456,4.877
2026-01-14 16:33:40.473,4.887
2026-01-14 16:33:40.488,4.941
2026-01-14 16:33:40.503,4.982
2026-01-14 16:33:40.504,5.009
2026-01-14 16:33:40.522,5.039
2026-01-14 16:33:40.538,4.991
2026-01-14 16:33:40.539,5.049
2026-01-14 16:33:40.555,5.069
2026-01-14 16:33:40.573,5.07
2026-01-14 16:33:40.588,5.055
2026-01-14 16:33:40.589,5.037
2026-01-14 16:33:40.606,5.025
2026-01-14 16:33:40.621,5.026
2026-01-14 16:33:40.640,5.002
2026-01-14 16:33:40.641,4.97
2026-01-14 16:33:40.655,4.952
2026-01-14 16:33:40.672,4.944
2026-01-14 16:33:40.673,4.967
2026-01-14 16:33:40.688,5.019
2026-01-14 16:33:40.705,5.058
2026-01-14 16:33:40.722,5.082
2026-01-14 16:33:40.723,5.074
2026-01-14 16:33:40.737,5.028
2026-01-14 16:33:40.755,4.982
2026-01-14 16:33:40.756,4.946
2026-01-14 16:33:40.772,4.909
2026-01-14 16:33:40.789,4.878
2026-01-14 16:33:40.805,4.85
2026-01-14 16:33:40.805,4.819
2026-01-14 16:33:40.822,4.797
2026-01-14 16:33:40.839,4.785
2026-01-14 16:33:40.839,4.774
2026-01-14 16:33:40.856,4.765
2026-01-14 16:33:40.872,4.746
2026-01-14 16:33:40.889,4.731
2026-01-14 16:33:40.889,4.716
2026-01-14 16:33:40.923,4.703
2026-01-14 16:33:40.923,4.693
2026-01-14 16:33:40.938,4.682
2026-01-14 16:33:40.956,4.674
2026-01-14 16:33:40.971,4.681
2026-01-14 16:33:40.971,4.657
2026-01-14 16:33:40.987,4.632
2026-01-14 16:33:41.007,4.61
2026-01-14 16:33:41.007,4.596
2026-01-14 16:33:41.022,4.565
2026-01-14 16:33:41.037,4.535
2026-01-14 16:33:41.055,4.501
2026-01-14 16:33:41.056,4.46
2026-01-14 16:33:41.071,4.451
2026-01-14 16:33:41.094,4.459
2026-01-14 16:33:41.094,4.44
2026-01-14 16:33:41.103,4.418
2026-01-14 16:33:41.122,4.439
2026-01-14 16:33:41.138,4.396
2026-01-14 16:33:41.139,4.372
2026-01-14 16:33:41.154,4.35
2026-01-14 16:33:41.170,4.383
2026-01-14 16:33:41.187,4.326
2026-01-14 16:33:41.188,4.308
2026-01-14 16:33:41.204,4.303
2026-01-14 16:33:41.223,4.249
2026-01-14 16:33:41.224,4.212
2026-01-14 16:33:41.239,4.189
2026-01-14 16:33:41.255,4.163
2026-01-14 16:33:41.271,4.147
2026-01-14 16:33:41.271,4.149
2026-01-14 16:33:41.287,4.151
2026-01-14 16:33:41.304,4.168
2026-01-14 16:33:41.322,4.19
2026-01-14 16:33:41.322,4.193
2026-01-14 16:33:41.338,4.077
2026-01-14 16:33:41.355,3.975
2026-01-14 16:33:41.355,3.88
2026-01-14 16:33:41.372,3.796
2026-01-14 16:33:41.389,3.723
2026-01-14 16:33:41.405,3.662
2026-01-14 16:33:41.405,3.601
2026-01-14 16:33:41.420,3.558
2026-01-14 16:33:41.437,3.52
2026-01-14 16:33:41.454,3.472
2026-01-14 16:33:41.455,3.441
2026-01-14 16:33:41.472,3.411
2026-01-14 16:33:41.487,3.384
2026-01-14 16:33:41.488,3.367
2026-01-14 16:33:41.505,3.346
2026-01-14 16:33:41.520,3.329
2026-01-14 16:33:41.539,3.313
2026-01-14 16:33:41.539,3.294
2026-01-14 16:33:41.555,3.275
2026-01-14 16:33:41.572,3.271
2026-01-14 16:33:41.573,3.252
2026-01-14 16:33:41.588,3.23
2026-01-14 16:33:41.604,3.218
2026-01-14 16:33:41.622,3.206
2026-01-14 16:33:41.623,3.199
2026-01-14 16:33:41.638,3.185
2026-01-14 16:33:41.656,3.179
2026-01-14 16:33:41.656,3.17
2026-01-14 16:33:41.672,3.185
2026-01-14 16:33:41.688,3.219
2026-01-14 16:33:41.705,3.235
2026-01-14 16:33:41.706,3.253
2026-01-14 16:33:41.722,3.262
2026-01-14 16:33:41.739,3.27
2026-01-14 16:33:41.739,3.271
2026-01-14 16:33:41.755,3.296
2026-01-14 16:33:41.772,3.286
2026-01-14 16:33:41.787,3.285
2026-01-14 16:33:41.787,3.302
2026-01-14 16:33:41.804,3.331
2026-01-14 16:33:41.822,3.335
2026-01-14 16:33:41.839,3.323
2026-01-14 16:33:41.839,3.319
2026-01-14 16:33:41.855,3.319
2026-01-14 16:33:41.871,3.327
2026-01-14 16:33:41.872,3.346
2026-01-14 16:33:41.887,3.352
2026-01-14 16:33:41.908,3.355
2026-01-14 16:33:41.908,3.356
2026-01-14 16:33:41.922,3.353
2026-01-14 16:33:41.938,3.353
2026-01-14 16:33:41.956,3.355
2026-01-14 16:33:41.957,3.354
2026-01-14 16:33:41.972,3.367
2026-01-14 16:33:41.988,3.372
2026-01-14 16:33:42.005,3.367
2026-01-14 16:33:42.006,3.342
2026-01-14 16:33:42.021,3.308
2026-01-14 16:33:42.037,3.286
2026-01-14 16:33:42.056,3.265
2026-01-14 16:33:42.072,3.232
2026-01-14 16:33:42.094,3.198
2026-01-14 16:33:42.094,3.171
2026-01-14 16:33:42.103,3.148
2026-01-14 16:33:42.122,3.114
2026-01-14 16:33:42.123,3.08
2026-01-14 16:33:42.138,3.05
2026-01-14 16:33:42.154,3.025
2026-01-14 16:33:42.172,3.006
2026-01-14 16:33:42.174,2.994
2026-01-14 16:33:42.189,2.98
2026-01-14 16:33:42.205,2.973
2026-01-14 16:33:42.222,2.96
2026-01-14 16:33:42.222,2.959
2026-01-14 16:33:42.238,2.946
2026-01-14 16:33:42.256,2.926
2026-01-14 16:33:42.256,2.912
2026-01-14 16:33:42.271,2.891
2026-01-14 16:33:42.288,2.874
2026-01-14 16:33:42.305,2.864
2026-01-14 16:33:42.305,2.843
2026-01-14 16:33:42.321,2.824
2026-01-14 16:33:42.375,2.795
2026-01-14 16:33:42.375,2.762
2026-01-14 16:33:42.376,2.734
2026-01-14 16:33:42.376,2.715
2026-01-14 16:33:42.376,2.694
2026-01-14 16:33:42.404,2.656
2026-01-14 16:33:42.404,2.614
2026-01-14 16:33:42.421,2.581
2026-01-14 16:33:42.437,2.549
2026-01-14 16:33:42.437,2.521
2026-01-14 16:33:42.455,2.492
2026-01-14 16:33:42.470,2.453
2026-01-14 16:33:42.471,2.419
2026-01-14 16:33:42.487,2.384
2026-01-14 16:33:42.503,2.357
2026-01-14 16:33:42.522,2.321
2026-01-14 16:33:42.522,2.289
2026-01-14 16:33:42.538,2.253
2026-01-14 16:33:42.555,2.218
2026-01-14 16:33:42.555,2.187
2026-01-14 16:33:42.571,2.152
2026-01-14 16:33:42.589,2.125
2026-01-14 16:33:42.604,2.1
2026-01-14 16:33:42.605,2.071
2026-01-14 16:33:42.622,2.038
2026-01-14 16:33:42.638,2.015
2026-01-14 16:33:42.655,1.993
2026-01-14 16:33:42.656,1.968
2026-01-14 16:33:42.672,1.941
2026-01-14 16:33:42.689,1.921
2026-01-14 16:33:42.689,1.904
2026-01-14 16:33:42.705,1.891
2026-01-14 16:33:42.722,1.867
2026-01-14 16:33:42.723,1.858
2026-01-14 16:33:42.738,1.861
2026-01-14 16:33:42.753,1.835
2026-01-14 16:33:42.770,1.805
2026-01-14 16:33:42.770,1.791
2026-01-14 16:33:42.790,1.771
2026-01-14 16:33:42.805,1.755
2026-01-14 16:33:42.821,1.748
2026-01-14 16:33:42.821,1.733
2026-01-14 16:33:42.837,1.714
2026-01-14 16:33:42.854,1.686
2026-01-14 16:33:42.855,1.672
2026-01-14 16:33:42.871,1.66
2026-01-14 16:33:42.888,1.653
2026-01-14 16:33:42.905,1.644
2026-01-14 16:33:42.905,1.638
2026-01-14 16:33:42.922,1.635
2026-01-14 16:33:42.938,1.633
2026-01-14 16:33:42.939,1.631
2026-01-14 16:33:42.954,1.627
2026-01-14 16:33:42.972,1.621
2026-01-14 16:33:42.987,1.624
2026-01-14 16:33:42.988,1.62
2026-01-14 16:33:43.004,1.63
2026-01-14 16:33:43.024,1.646
2026-01-14 16:33:43.024,1.655
2026-01-14 16:33:43.037,1.656
2026-01-14 16:33:43.055,1.659
2026-01-14 16:33:43.071,1.676
2026-01-14 16:33:43.071,1.7
2026-01-14 16:33:43.093,1.715
2026-01-14 16:33:43.104,1.726
2026-01-14 16:33:43.120,1.737
2026-01-14 16:33:43.121,1.744
2026-01-14 16:33:43.138,1.753
2026-01-14 16:33:43.155,1.751
2026-01-14 16:33:43.156,1.755
2026-01-14 16:33:43.171,1.764
2026-01-14 16:33:43.188,1.775
2026-01-14 16:33:43.204,1.784
2026-01-14 16:33:43.205,1.792
2026-01-14 16:33:43.222,1.804
2026-01-14 16:33:43.238,1.812
2026-01-14 16:33:43.255,1.817
2026-01-14 16:33:43.256,1.825
2026-01-14 16:33:43.272,1.823
2026-01-14 16:33:43.288,1.824
2026-01-14 16:33:43.288,1.823
2026-01-14 16:33:43.305,1.833
2026-01-14 16:33:43.322,1.828
2026-01-14 16:33:43.324,1.825
2026-01-14 16:33:43.338,1.822
2026-01-14 16:33:43.355,1.811
2026-01-14 16:33:43.372,1.802
2026-01-14 16:33:43.372,1.802
2026-01-14 16:33:43.388,1.799
2026-01-14 16:33:43.406,1.795
2026-01-14 16:33:43.406,1.792
2026-01-14 16:33:43.421,1.784
2026-01-14 16:33:43.437,1.78
2026-01-14 16:33:43.455,1.779
2026-01-14 16:33:43.455,1.775
2026-01-14 16:33:43.472,1.764
2026-01-14 16:33:43.488,1.761
2026-01-14 16:33:43.505,1.763
2026-01-14 16:33:43.506,1.763
2026-01-14 16:33:43.521,1.764
2026-01-14 16:33:43.538,1.751
2026-01-14 16:33:43.539,1.743
2026-01-14 16:33:43.555,1.73
2026-01-14 16:33:43.570,1.718
2026-01-14 16:33:43.586,1.712
2026-01-14 16:33:43.587,1.699
2026-01-14 16:33:43.605,1.677
2026-01-14 16:33:43.621,1.653
2026-01-14 16:33:43.638,1.627
2026-01-14 16:33:43.639,1.599
2026-01-14 16:33:43.655,1.577
2026-01-14 16:33:43.673,1.553
2026-01-14 16:33:43.673,1.528
2026-01-14 16:33:43.713,1.513
2026-01-14 16:33:43.714,1.479
2026-01-14 16:33:43.714,1.456
2026-01-14 16:33:43.723,1.437
2026-01-14 16:33:43.738,1.414
2026-01-14 16:33:43.753,1.391
2026-01-14 16:33:43.772,1.375
2026-01-14 16:33:43.773,1.359
2026-01-14 16:33:43.788,1.339
2026-01-14 16:33:43.805,1.325
2026-01-14 16:33:43.805,1.308
2026-01-14 16:33:43.821,1.294
2026-01-14 16:33:43.837,1.278
2026-01-14 16:33:43.856,1.267
2026-01-14 16:33:43.856,1.262
2026-01-14 16:33:43.871,1.255
2026-01-14 16:33:43.888,1.237
2026-01-14 16:33:43.888,1.217
2026-01-14 16:33:43.904,1.191
2026-01-14 16:33:43.922,1.169
2026-01-14 16:33:43.938,1.152
2026-01-14 16:33:43.938,1.139
2026-01-14 16:33:43.955,1.123
2026-01-14 16:33:43.972,1.118
2026-01-14 16:33:43.972,1.107
2026-01-14 16:33:43.987,1.098
2026-01-14 16:33:44.006,1.082
2026-01-14 16:33:44.022,1.068
2026-01-14 16:33:44.022,1.055
2026-01-14 16:33:44.039,1.042
2026-01-14 16:33:44.053,1.033
2026-01-14 16:33:44.070,1.036
2026-01-14 16:33:44.070,1.043
2026-01-14 16:33:44.086,1.048
2026-01-14 16:33:44.112,1.049
2026-01-14 16:33:44.112,1.049
2026-01-14 16:33:44.121,1.039
2026-01-14 16:33:44.136,1.033
2026-01-14 16:33:44.157,1.021
2026-01-14 16:33:44.158,1.019
2026-01-14 16:33:44.171,1.016
2026-01-14 16:33:44.188,1.015
2026-01-14 16:33:44.188,1.017
2026-01-14 16:33:44.204,1.015
2026-01-14 16:33:44.221,1.023
2026-01-14 16:33:44.224,1.022
2026-01-14 16:33:44.239,1.024
2026-01-14 16:33:44.254,1.025
2026-01-14 16:33:44.270,1.02
2026-01-14 16:33:44.271,1.019
2026-01-14 16:33:44.287,1.017
2026-01-14 16:33:44.304,1.012
2026-01-14 16:33:44.321,1.009
2026-01-14 16:33:44.321,1.003
2026-01-14 16:33:44.337,1.001
2026-01-14 16:33:44.353,1.0
2026-01-14 16:33:44.354,1.001
2026-01-14 16:33:44.370,1.001
2026-01-14 16:33:44.387,0.996
2026-01-14 16:33:44.404,0.997
2026-01-14 16:33:44.404,0.991
2026-01-14 16:33:44.420,0.988
2026-01-14 16:33:44.437,0.985
2026-01-14 16:33:44.454,0.986
2026-01-14 16:33:44.454,0.986
2026-01-14 16:33:44.472,0.995
2026-01-14 16:33:44.487,0.999
2026-01-14 16:33:44.487,1.009
2026-01-14 16:33:44.504,1.023
2026-01-14 16:33:44.521,1.023
2026-01-14 16:33:44.537,1.029
2026-01-14 16:33:44.537,1.036
2026-01-14 16:33:44.553,1.034
2026-01-14 16:33:44.571,1.03
2026-01-14 16:33:44.571,1.038
2026-01-14 16:33:44.587,1.047
2026-01-14 16:33:44.603,1.045
2026-01-14 16:33:44.620,1.049
2026-01-14 16:33:44.620,1.058
2026-01-14 16:33:44.637,1.059
2026-01-14 16:33:44.653,1.059
2026-01-14 16:33:44.670,1.063
2026-01-14 16:33:44.671,1.06
2026-01-14 16:33:44.687,1.065
2026-01-14 16:33:44.705,1.062
2026-01-14 16:33:44.705,1.059
2026-01-14 16:33:44.720,1.053
2026-01-14 16:33:44.737,1.047
2026-01-14 16:33:44.754,1.046
2026-01-14 16:33:44.754,1.037
2026-01-14 16:33:44.771,1.032
2026-01-14 16:33:44.787,1.042
2026-01-14 16:33:44.788,1.036
2026-01-14 16:33:44.804,1.03
2026-01-14 16:33:44.820,1.035
2026-01-14 16:33:44.837,1.038
2026-01-14 16:33:44.838,1.034
2026-01-14 16:33:44.854,1.037
2026-01-14 16:33:44.870,1.035
2026-01-14 16:33:44.871,1.033
2026-01-14 16:33:44.887,1.028
2026-01-14 16:33:44.904,1.021
2026-01-14 16:33:44.921,1.021
2026-01-14 16:33:44.922,1.015
2026-01-14 16:33:44.937,1.011
2026-01-14 16:33:44.954,1.012
2026-01-14 16:33:44.955,1.005
2026-01-14 16:33:44.970,1.005
2026-01-14 16:33:44.987,1.008
2026-01-14 16:33:45.004,1.022
2026-01-14 16:33:45.004,1.022
2026-01-14 16:33:45.020,1.025
2026-01-14 16:33:45.037,1.019
2026-01-14 16:33:45.064,1.01
2026-01-14 16:33:45.064,1.003
2026-01-14 16:33:45.065,1.004
2026-01-14 16:33:45.087,1.005
2026-01-14 16:33:45.087,1.017
2026-01-14 16:33:45.109,1.025
2026-01-14 16:33:45.121,1.028
2026-01-14 16:33:45.138,1.027
2026-01-14 16:33:45.138,1.018
2026-01-14 16:33:45.153,1.007
2026-01-14 16:33:45.170,1.002
2026-01-14 16:33:45.170,0.999
2026-01-14 16:33:45.188,1.0
2026-01-14 16:33:45.203,1.006
2026-01-14 16:33:45.221,1.008
2026-01-14 16:33:45.221,1.011
2026-01-14 16:33:45.238,1.015
2026-01-14 16:33:45.254,1.024
2026-01-14 16:33:45.255,1.025
2026-01-14 16:33:45.270,1.025
2026-01-14 16:33:45.287,1.02
2026-01-14 16:33:45.303,1.016
2026-01-14 16:33:45.303,1.016
2026-01-14 16:33:45.320,1.018
2026-01-14 16:33:45.337,1.018
2026-01-14 16:33:45.353,1.015
2026-01-14 16:33:45.354,1.01
2026-01-14 16:33:45.371,1.009
2026-01-14 16:33:45.387,1.004
2026-01-14 16:33:45.388,0.998
2026-01-14 16:33:45.403,0.992
2026-01-14 16:33:45.420,0.99
2026-01-14 16:33:45.437,0.988
2026-01-14 16:33:45.437,0.991
2026-01-14 16:33:45.453,0.996
2026-01-14 16:33:45.471,0.995
2026-01-14 16:33:45.471,0.996
2026-01-14 16:33:45.486,0.998
2026-01-14 16:33:45.503,0.998
2026-01-14 16:33:45.520,1.001
2026-01-14 16:33:45.520,1.004
2026-01-14 16:33:45.537,1.006
2026-01-14 16:33:45.553,1.002
2026-01-14 16:33:45.569,1.004
2026-01-14 16:33:45.570,1.005
2026-01-14 16:33:45.587,1.005
2026-01-14 16:33:45.603,1.004
2026-01-14 16:33:45.604,1.006
2026-01-14 16:33:45.620,1.007
2026-01-14 16:33:45.636,1.01
2026-01-14 16:33:45.653,1.016
2026-01-14 16:33:45.653,1.014
2026-01-14 16:33:45.670,1.016
2026-01-14 16:33:45.688,1.025
2026-01-14 16:33:45.688,1.03
2026-01-14 16:33:45.703,1.031
2026-01-14 16:33:45.720,1.038
2026-01-14 16:33:45.737,1.04
2026-01-14 16:33:45.737,1.04
2026-01-14 16:33:45.754,1.041
2026-01-14 16:33:45.770,1.038
2026-01-14 16:33:45.771,1.035
2026-01-14 16:33:45.787,1.04
2026-01-14 16:33:45.803,1.045
2026-01-14 16:33:45.819,1.047
2026-01-14 16:33:45.820,1.053
2026-01-14 16:33:45.836,1.047
2026-01-14 16:33:45.854,1.05
2026-01-14 16:33:45.855,1.049
2026-01-14 16:33:45.870,1.047
2026-01-14 16:33:45.888,1.054
2026-01-14 16:33:45.903,1.061
2026-01-14 16:33:45.903,1.064
2026-01-14 16:33:45.920,1.066
2026-01-14 16:33:45.937,1.07
2026-01-14 16:33:45.954,1.068
2026-01-14 16:33:45.954,1.069
2026-01-14 16:33:45.970,1.077
2026-01-14 16:33:45.987,1.084
2026-01-14 16:33:45.987,1.087
2026-01-14 16:33:46.004,1.087
2026-01-14 16:33:46.020,1.095
2026-01-14 16:33:46.037,1.096
2026-01-14 16:33:46.037,1.104
2026-01-14 16:33:46.053,1.096
2026-01-14 16:33:46.069,1.081
2026-01-14 16:33:46.071,1.079
2026-01-14 16:33:46.087,1.081
2026-01-14 16:33:46.103,1.079
2026-01-14 16:33:46.124,1.077
2026-01-14 16:33:46.124,1.077
2026-01-14 16:33:46.136,1.075
2026-01-14 16:33:46.153,1.075
2026-01-14 16:33:46.170,1.072
2026-01-14 16:33:46.170,1.076
2026-01-14 16:33:46.189,1.076
2026-01-14 16:33:46.203,1.067
2026-01-14 16:33:46.205,1.058
2026-01-14 16:33:46.220,1.059
2026-01-14 16:33:46.236,1.059
2026-01-14 16:33:46.253,1.061
2026-01-14 16:33:46.254,1.064
2026-01-14 16:33:46.270,1.061
2026-01-14 16:33:46.287,1.066
2026-01-14 16:33:46.288,1.066
2026-01-14 16:33:46.303,1.06
2026-01-14 16:33:46.320,1.061
2026-01-14 16:33:46.336,1.062
2026-01-14 16:33:46.337,1.062
2026-01-14 16:33:46.353,1.064
2026-01-14 16:33:46.369,1.064
2026-01-14 16:33:46.386,1.061
2026-01-14 16:33:46.387,1.064
2026-01-14 16:33:46.403,1.058
2026-01-14 16:33:46.431,1.062
2026-01-14 16:33:46.431,1.066
2026-01-14 16:33:46.431,1.063
2026-01-14 16:33:46.442,1.056
2026-01-14 16:33:46.470,1.051
2026-01-14 16:33:46.471,1.041
2026-01-14 16:33:46.487,1.03
2026-01-14 16:33:46.503,1.025
2026-01-14 16:33:46.504,1.022
2026-01-14 16:33:46.519,1.017
2026-01-14 16:33:46.536,1.02
2026-01-14 16:33:46.552,1.024
2026-01-14 16:33:46.553,1.022
2026-01-14 16:33:46.569,1.028
2026-01-14 16:33:46.586,1.035
2026-01-14 16:33:46.602,1.035
2026-01-14 16:33:46.603,1.032
2026-01-14 16:33:46.619,1.027
2026-01-14 16:33:46.636,1.034
2026-01-14 16:33:46.636,1.032
2026-01-14 16:33:46.653,1.038
2026-01-14 16:33:46.670,1.04
2026-01-14 16:33:46.671,1.039
2026-01-14 16:33:46.686,1.035
2026-01-14 16:33:46.703,1.036
2026-01-14 16:33:46.719,1.038
2026-01-14 16:33:46.720,1.033
2026-01-14 16:33:46.736,1.031
2026-01-14 16:33:46.752,1.028
2026-01-14 16:33:46.770,1.029
2026-01-14 16:33:46.770,1.032
2026-01-14 16:33:46.786,1.026
2026-01-14 16:33:46.803,1.027
2026-01-14 16:33:46.819,1.025
2026-01-14 16:33:46.837,1.018
2026-01-14 16:33:46.853,1.011
2026-01-14 16:33:46.854,1.015
2026-01-14 16:33:46.871,1.013
2026-01-14 16:33:46.886,1.005
2026-01-14 16:33:46.887,1.003
2026-01-14 16:33:46.903,1.007
2026-01-14 16:33:46.920,1.006
2026-01-14 16:33:46.936,1.007
2026-01-14 16:33:46.937,1.005
2026-01-14 16:33:46.954,1.013
2026-01-14 16:33:46.970,1.01
2026-01-14 16:33:46.986,1.011
2026-01-14 16:33:46.987,1.008
2026-01-14 16:33:47.002,1.004
2026-01-14 16:33:47.019,1.0
2026-01-14 16:33:47.020,1.009
2026-01-14 16:33:47.035,1.016
2026-01-14 16:33:47.052,1.019
2026-01-14 16:33:47.069,1.018
2026-01-14 16:33:47.069,1.033
2026-01-14 16:33:47.085,1.043
2026-01-14 16:33:47.103,1.051
2026-01-14 16:33:47.103,1.056
2026-01-14 16:33:47.123,1.053
2026-01-14 16:33:47.136,1.06
2026-01-14 16:33:47.152,1.064
2026-01-14 16:33:47.152,1.068
2026-01-14 16:33:47.169,1.072
2026-01-14 16:33:47.186,1.092
2026-01-14 16:33:47.203,1.09
2026-01-14 16:33:47.203,1.085
2026-01-14 16:33:47.219,1.076
2026-01-14 16:33:47.236,1.074
2026-01-14 16:33:47.236,1.071
2026-01-14 16:33:47.253,1.067
2026-01-14 16:33:47.269,1.068
2026-01-14 16:33:47.286,1.068
2026-01-14 16:33:47.287,1.065
2026-01-14 16:33:47.302,1.063
2026-01-14 16:33:47.319,1.066
2026-01-14 16:33:47.319,1.067
2026-01-14 16:33:47.336,1.072
2026-01-14 16:33:47.353,1.068
2026-01-14 16:33:47.369,1.068
2026-01-14 16:33:47.369,1.069
2026-01-14 16:33:47.385,1.07
2026-01-14 16:33:47.402,1.069
2026-01-14 16:33:47.402,1.072
2026-01-14 16:33:47.419,1.076
2026-01-14 16:33:47.436,1.068
2026-01-14 16:33:47.453,1.068
2026-01-14 16:33:47.454,1.068
2026-01-14 16:33:47.470,1.065
2026-01-14 16:33:47.485,1.072
2026-01-14 16:33:47.502,1.072
2026-01-14 16:33:47.503,1.075
2026-01-14 16:33:47.519,1.07
2026-01-14 16:33:47.536,1.059
2026-01-14 16:33:47.536,1.059
2026-01-14 16:33:47.553,1.06
2026-01-14 16:33:47.572,1.062
2026-01-14 16:33:47.572,1.051
2026-01-14 16:33:47.586,1.053
2026-01-14 16:33:47.604,1.056
2026-01-14 16:33:47.621,1.065
2026-01-14 16:33:47.621,1.063
2026-01-14 16:33:47.636,1.063
2026-01-14 16:33:47.654,1.068
2026-01-14 16:33:47.655,1.073
2026-01-14 16:33:47.670,1.07
2026-01-14 16:33:47.689,1.068
2026-01-14 16:33:47.703,1.071
2026-01-14 16:33:47.704,1.074
2026-01-14 16:33:47.721,1.07
2026-01-14 16:33:47.736,1.071
2026-01-14 16:33:47.752,1.078
2026-01-14 16:33:47.753,1.079
2026-01-14 16:33:47.769,1.086
2026-01-14 16:33:47.804,1.088
2026-01-14 16:33:47.805,1.09
2026-01-14 16:33:47.805,1.087
2026-01-14 16:33:47.812,1.09
2026-01-14 16:33:47.823,1.089
2026-01-14 16:33:47.837,1.095
2026-01-14 16:33:47.853,1.096
2026-01-14 16:33:47.871,1.099
2026-01-14 16:33:47.872,1.098
2026-01-14 16:33:47.887,1.101
2026-01-14 16:33:47.906,1.103
2026-01-14 16:33:47.907,1.107
2026-01-14 16:33:47.921,1.113
2026-01-14 16:33:47.938,1.11
2026-01-14 16:33:47.954,1.11
2026-01-14 16:33:47.971,1.117
2026-01-14 16:33:47.972,1.105
2026-01-14 16:33:47.987,1.085
2026-01-14 16:33:48.003,1.084
2026-01-14 16:33:48.004,1.077
2026-01-14 16:33:48.021,1.068
2026-01-14 16:33:48.037,1.068
2026-01-14 16:33:48.055,1.068
2026-01-14 16:33:48.055,1.069
2026-01-14 16:33:48.071,1.068
2026-01-14 16:33:48.087,1.062
2026-01-14 16:33:48.087,1.057
2026-01-14 16:33:48.112,1.065
2026-01-14 16:33:48.113,1.069
2026-01-14 16:33:48.139,1.074
2026-01-14 16:33:48.140,1.069
2026-01-14 16:33:48.154,1.065
2026-01-14 16:33:48.172,1.063
2026-01-14 16:33:48.173,1.072
2026-01-14 16:33:48.187,1.078
2026-01-14 16:33:48.205,1.069
2026-01-14 16:33:48.221,1.075
2026-01-14 16:33:48.222,1.082
2026-01-14 16:33:48.235,1.077
2026-01-14 16:33:48.254,1.072
2026-01-14 16:33:48.255,1.069
2026-01-14 16:33:48.270,1.066
2026-01-14 16:33:48.287,1.067
2026-01-14 16:33:48.304,1.075
2026-01-14 16:33:48.304,1.076
2026-01-14 16:33:48.321,1.078
2026-01-14 16:33:48.337,1.075
2026-01-14 16:33:48.354,1.074
2026-01-14 16:33:48.355,1.089
2026-01-14 16:33:48.371,1.098
2026-01-14 16:33:48.387,1.095
2026-01-14 16:33:48.387,1.099
2026-01-14 16:33:48.404,1.093
2026-01-14 16:33:48.420,1.094
2026-01-14 16:33:48.437,1.097
2026-01-14 16:33:48.437,1.087
2026-01-14 16:33:48.454,1.093
2026-01-14 16:33:48.470,1.092
2026-01-14 16:33:48.471,1.086
2026-01-14 16:33:48.485,1.086
2026-01-14 16:33:48.504,1.074
2026-01-14 16:33:48.521,1.064
2026-01-14 16:33:48.521,1.05
2026-01-14 16:33:48.536,1.042
2026-01-14 16:33:48.554,1.039
2026-01-14 16:33:48.555,1.037
2026-01-14 16:33:48.571,1.04
2026-01-14 16:33:48.587,1.044
2026-01-14 16:33:48.604,1.054
2026-01-14 16:33:48.605,1.061
2026-01-14 16:33:48.621,1.07
2026-01-14 16:33:48.637,1.071
2026-01-14 16:33:48.638,1.069
2026-01-14 16:33:48.653,1.069
2026-01-14 16:33:48.671,1.069
2026-01-14 16:33:48.686,1.071
2026-01-14 16:33:48.688,1.064
2026-01-14 16:33:48.703,1.056
2026-01-14 16:33:48.721,1.05
2026-01-14 16:33:48.737,1.047
2026-01-14 16:33:48.737,1.045
2026-01-14 16:33:48.754,1.05
2026-01-14 16:33:48.771,1.048
2026-01-14 16:33:48.771,1.041
2026-01-14 16:33:48.786,1.031
2026-01-14 16:33:48.804,1.033
2026-01-14 16:33:48.820,1.029
2026-01-14 16:33:48.820,1.036
2026-01-14 16:33:48.836,1.054
2026-01-14 16:33:48.853,1.072
2026-01-14 16:33:48.871,1.088
2026-01-14 16:33:48.872,1.09
2026-01-14 16:33:48.887,1.085
2026-01-14 16:33:48.903,1.079
2026-01-14 16:33:48.904,1.076
2026-01-14 16:33:48.919,1.083
2026-01-14 16:33:48.937,1.085
2026-01-14 16:33:48.954,1.08
2026-01-14 16:33:48.955,1.082
2026-01-14 16:33:48.970,1.082
2026-01-14 16:33:48.987,1.075
2026-01-14 16:33:48.987,1.073
2026-01-14 16:33:49.004,1.072
2026-01-14 16:33:49.021,1.064
2026-01-14 16:33:49.038,1.051
2026-01-14 16:33:49.038,1.042
2026-01-14 16:33:49.054,1.031
2026-01-14 16:33:49.071,1.026
2026-01-14 16:33:49.072,1.011
2026-01-14 16:33:49.090,1.01
2026-01-14 16:33:49.103,1.001
2026-01-14 16:33:49.125,0.994
2026-01-14 16:33:49.126,0.991
2026-01-14 16:33:49.181,0.982
2026-01-14 16:33:49.182,0.968
2026-01-14 16:33:49.182,0.959
2026-01-14 16:33:49.182,0.95
2026-01-14 16:33:49.182,0.943
2026-01-14 16:33:49.202,0.932
2026-01-14 16:33:49.202,0.932
2026-01-14 16:33:49.236,0.932
2026-01-14 16:33:49.253,0.926
2026-01-14 16:33:49.253,0.916
2026-01-14 16:33:49.271,0.903
2026-01-14 16:33:49.285,0.89
2026-01-14 16:33:49.287,0.878
2026-01-14 16:33:49.303,0.871
2026-01-14 16:33:49.320,0.862
2026-01-14 16:33:49.337,0.86
2026-01-14 16:33:49.338,0.859
2026-01-14 16:33:49.354,0.86
2026-01-14 16:33:49.369,0.861
2026-01-14 16:33:49.370,0.865
2026-01-14 16:33:49.387,0.862
2026-01-14 16:33:49.406,0.86
2026-01-14 16:33:49.406,0.86
2026-01-14 16:33:49.420,0.862
2026-01-14 16:33:49.435,0.859
2026-01-14 16:33:49.454,0.859
2026-01-14 16:33:49.455,0.855
