Timestamp,Distance(m)
2026-01-18 17:05:58.568,2.0
2026-01-18 17:05:58.570,2.022
2026-01-18 17:05:58.585,2.046
2026-01-18 17:05:58.602,2.048
2026-01-18 17:05:58.619,2.059
2026-01-18 17:05:58.619,2.078
2026-01-18 17:05:58.635,2.104
2026-01-18 17:05:58.652,2.147
2026-01-18 17:05:58.669,2.162
2026-01-18 17:05:58.670,2.366
2026-01-18 17:05:58.685,2.314
2026-01-18 17:05:58.703,2.296
2026-01-18 17:05:58.703,2.286
2026-01-18 17:05:58.719,2.264
2026-01-18 17:05:58.735,2.247
2026-01-18 17:05:58.752,2.207
2026-01-18 17:05:58.752,2.226
2026-01-18 17:05:58.776,2.299
2026-01-18 17:05:58.776,2.274
2026-01-18 17:05:58.785,2.279
2026-01-18 17:05:58.803,2.278
2026-01-18 17:05:58.820,2.256
2026-01-18 17:05:58.836,2.242
2026-01-18 17:05:58.836,2.248
2026-01-18 17:05:58.852,2.246
2026-01-18 17:05:58.870,2.234
2026-01-18 17:05:58.870,2.235
2026-01-18 17:05:58.886,2.243
2026-01-18 17:05:58.902,2.255
2026-01-18 17:05:58.919,2.253
2026-01-18 17:05:58.919,2.255
2026-01-18 17:05:58.937,2.259
2026-01-18 17:05:58.953,2.262
2026-01-18 17:05:58.953,2.278
2026-01-18 17:05:58.969,2.278
2026-01-18 17:05:58.986,2.285
2026-01-18 17:05:59.002,2.302
2026-01-18 17:05:59.003,2.309
2026-01-18 17:05:59.020,2.329
2026-01-18 17:05:59.036,2.344
2026-01-18 17:05:59.053,2.349
2026-01-18 17:05:59.053,2.361
2026-01-18 17:05:59.070,2.378
2026-01-18 17:05:59.085,2.398
2026-01-18 17:05:59.086,2.406
2026-01-18 17:05:59.104,2.416
2026-01-18 17:05:59.120,2.447
2026-01-18 17:05:59.137,2.453
2026-01-18 17:05:59.137,2.468
2026-01-18 17:05:59.153,2.477
2026-01-18 17:05:59.169,2.479
2026-01-18 17:05:59.169,2.486
2026-01-18 17:05:59.186,2.495
2026-01-18 17:05:59.202,2.506
2026-01-18 17:05:59.220,2.525
2026-01-18 17:05:59.220,2.555
2026-01-18 17:05:59.236,2.562
2026-01-18 17:05:59.252,2.65
2026-01-18 17:05:59.253,2.64
2026-01-18 17:05:59.269,2.642
2026-01-18 17:05:59.286,2.648
2026-01-18 17:05:59.302,2.656
2026-01-18 17:05:59.303,2.652
2026-01-18 17:05:59.319,2.672
2026-01-18 17:05:59.335,2.68
2026-01-18 17:05:59.363,2.68
2026-01-18 17:05:59.364,2.681
2026-01-18 17:05:59.364,2.673
2026-01-18 17:05:59.376,2.706
2026-01-18 17:05:59.385,2.747
2026-01-18 17:05:59.403,2.742
2026-01-18 17:05:59.421,2.745
2026-01-18 17:05:59.422,2.757
2026-01-18 17:05:59.435,2.753
2026-01-18 17:05:59.452,2.753
2026-01-18 17:05:59.470,2.745
2026-01-18 17:05:59.470,2.752
2026-01-18 17:05:59.485,2.768
2026-01-18 17:05:59.502,2.778
2026-01-18 17:05:59.519,2.786
2026-01-18 17:05:59.519,2.794
2026-01-18 17:05:59.536,2.81
2026-01-18 17:05:59.552,2.825
2026-01-18 17:05:59.553,2.838
2026-01-18 17:05:59.569,2.849
2026-01-18 17:05:59.586,2.858
2026-01-18 17:05:59.602,2.861
2026-01-18 17:05:59.603,2.877
2026-01-18 17:05:59.619,2.893
2026-01-18 17:05:59.636,2.922
2026-01-18 17:05:59.637,2.953
2026-01-18 17:05:59.653,2.988
2026-01-18 17:05:59.668,3.006
2026-01-18 17:05:59.686,3.026
2026-01-18 17:05:59.687,3.052
2026-01-18 17:05:59.701,3.057
2026-01-18 17:05:59.718,3.059
2026-01-18 17:05:59.736,3.06
2026-01-18 17:05:59.736,3.079
2026-01-18 17:05:59.752,3.115
2026-01-18 17:05:59.775,3.148
2026-01-18 17:05:59.776,3.17
2026-01-18 17:05:59.785,3.2
2026-01-18 17:05:59.802,3.262
2026-01-18 17:05:59.819,3.367
2026-01-18 17:05:59.819,3.334
2026-01-18 17:05:59.836,3.356
2026-01-18 17:05:59.852,3.318
2026-01-18 17:05:59.852,3.285
2026-01-18 17:05:59.869,3.34
2026-01-18 17:05:59.886,3.463
2026-01-18 17:05:59.903,3.492
2026-01-18 17:05:59.904,3.445
2026-01-18 17:05:59.920,3.395
2026-01-18 17:05:59.935,3.366
2026-01-18 17:05:59.951,3.348
2026-01-18 17:05:59.953,3.344
2026-01-18 17:05:59.968,3.345
2026-01-18 17:05:59.985,3.338
2026-01-18 17:05:59.985,3.337
2026-01-18 17:06:00.001,3.34
2026-01-18 17:06:00.017,3.338
2026-01-18 17:06:00.034,3.328
2026-01-18 17:06:00.034,3.33
2026-01-18 17:06:00.051,3.312
2026-01-18 17:06:00.068,3.305
2026-01-18 17:06:00.069,3.314
2026-01-18 17:06:00.085,3.312
2026-01-18 17:06:00.103,3.306
2026-01-18 17:06:00.118,3.313
2026-01-18 17:06:00.118,3.32
2026-01-18 17:06:00.135,3.332
2026-01-18 17:06:00.152,3.34
2026-01-18 17:06:00.169,3.364
2026-01-18 17:06:00.169,3.389
2026-01-18 17:06:00.185,3.401
2026-01-18 17:06:00.201,3.405
2026-01-18 17:06:00.202,3.41
2026-01-18 17:06:00.218,3.419
2026-01-18 17:06:00.234,3.429
2026-01-18 17:06:00.251,3.435
2026-01-18 17:06:00.252,3.44
2026-01-18 17:06:00.269,3.452
2026-01-18 17:06:00.286,3.461
2026-01-18 17:06:00.287,3.47
2026-01-18 17:06:00.301,3.482
2026-01-18 17:06:00.318,3.495
2026-01-18 17:06:00.334,3.512
2026-01-18 17:06:00.334,3.528
2026-01-18 17:06:00.352,3.527
2026-01-18 17:06:00.368,3.539
2026-01-18 17:06:00.369,3.561
2026-01-18 17:06:00.385,3.571
2026-01-18 17:06:00.401,3.581
2026-01-18 17:06:00.418,3.6
2026-01-18 17:06:00.418,3.618
2026-01-18 17:06:00.436,3.639
2026-01-18 17:06:00.452,3.663
2026-01-18 17:06:00.468,3.682
2026-01-18 17:06:00.469,3.697
2026-01-18 17:06:00.485,3.711
2026-01-18 17:06:00.503,3.724
2026-01-18 17:06:00.503,3.726
2026-01-18 17:06:00.519,3.728
2026-01-18 17:06:00.536,3.729
2026-01-18 17:06:00.537,3.737
2026-01-18 17:06:00.552,3.752
2026-01-18 17:06:00.568,3.758
2026-01-18 17:06:00.584,3.756
2026-01-18 17:06:00.585,3.748
2026-01-18 17:06:00.601,3.747
2026-01-18 17:06:00.619,3.755
2026-01-18 17:06:00.637,3.766
2026-01-18 17:06:00.637,3.79
2026-01-18 17:06:00.653,3.793
2026-01-18 17:06:00.669,3.807
2026-01-18 17:06:00.670,3.829
2026-01-18 17:06:00.685,3.844
2026-01-18 17:06:00.744,3.862
2026-01-18 17:06:00.745,3.872
2026-01-18 17:06:00.745,3.884
2026-01-18 17:06:00.745,3.895
2026-01-18 17:06:00.745,3.9
2026-01-18 17:06:00.755,3.912
2026-01-18 17:06:00.776,3.929
2026-01-18 17:06:00.787,3.954
2026-01-18 17:06:00.802,3.984
2026-01-18 17:06:00.802,3.999
2026-01-18 17:06:00.819,4.009
2026-01-18 17:06:00.836,4.016
2026-01-18 17:06:00.852,4.028
2026-01-18 17:06:00.853,4.043
2026-01-18 17:06:00.869,4.058
2026-01-18 17:06:00.885,4.068
2026-01-18 17:06:00.885,4.082
2026-01-18 17:06:00.902,4.11
2026-01-18 17:06:00.918,4.13
2026-01-18 17:06:00.934,4.165
2026-01-18 17:06:00.935,4.205
2026-01-18 17:06:00.951,4.215
2026-01-18 17:06:00.968,4.231
2026-01-18 17:06:00.969,4.341
2026-01-18 17:06:00.985,4.427
2026-01-18 17:06:01.001,4.509
2026-01-18 17:06:01.018,4.576
2026-01-18 17:06:01.018,4.631
2026-01-18 17:06:01.035,4.605
2026-01-18 17:06:01.051,4.58
2026-01-18 17:06:01.067,4.506
2026-01-18 17:06:01.068,4.445
2026-01-18 17:06:01.084,4.464
2026-01-18 17:06:01.102,4.493
2026-01-18 17:06:01.102,4.566
2026-01-18 17:06:01.118,4.646
2026-01-18 17:06:01.136,4.589
2026-01-18 17:06:01.153,4.589
2026-01-18 17:06:01.153,4.544
2026-01-18 17:06:01.169,4.511
2026-01-18 17:06:01.186,4.481
2026-01-18 17:06:01.186,4.46
2026-01-18 17:06:01.202,4.451
2026-01-18 17:06:01.219,4.443
2026-01-18 17:06:01.235,4.42
2026-01-18 17:06:01.236,4.404
2026-01-18 17:06:01.252,4.398
2026-01-18 17:06:01.268,4.406
2026-01-18 17:06:01.269,4.423
2026-01-18 17:06:01.285,4.44
2026-01-18 17:06:01.302,4.448
2026-01-18 17:06:01.318,4.446
2026-01-18 17:06:01.319,4.441
2026-01-18 17:06:01.334,4.461
2026-01-18 17:06:01.350,4.489
2026-01-18 17:06:01.369,4.52
2026-01-18 17:06:01.369,4.548
2026-01-18 17:06:01.385,4.58
2026-01-18 17:06:01.403,4.596
2026-01-18 17:06:01.403,4.6
2026-01-18 17:06:01.419,4.609
2026-01-18 17:06:01.436,4.621
2026-01-18 17:06:01.452,4.635
2026-01-18 17:06:01.452,4.66
2026-01-18 17:06:01.469,4.682
2026-01-18 17:06:01.486,4.691
2026-01-18 17:06:01.486,4.7
2026-01-18 17:06:01.502,4.709
2026-01-18 17:06:01.518,4.724
2026-01-18 17:06:01.536,4.737
2026-01-18 17:06:01.536,4.757
2026-01-18 17:06:01.551,4.782
2026-01-18 17:06:01.569,4.821
2026-01-18 17:06:01.570,4.858
2026-01-18 17:06:01.585,4.885
2026-01-18 17:06:01.601,4.895
2026-01-18 17:06:01.618,4.91
2026-01-18 17:06:01.618,4.956
2026-01-18 17:06:01.636,5.006
2026-01-18 17:06:01.652,5.061
2026-01-18 17:06:01.652,5.115
2026-01-18 17:06:01.669,5.123
2026-01-18 17:06:01.686,5.138
2026-01-18 17:06:01.702,5.166
2026-01-18 17:06:01.703,5.191
2026-01-18 17:06:01.719,5.23
2026-01-18 17:06:01.736,5.248
2026-01-18 17:06:01.752,5.267
2026-01-18 17:06:01.752,5.286
2026-01-18 17:06:01.775,5.316
2026-01-18 17:06:01.780,5.269
2026-01-18 17:06:01.787,5.233
2026-01-18 17:06:01.800,5.317
2026-01-18 17:06:01.818,5.316
2026-01-18 17:06:01.835,5.383
2026-01-18 17:06:01.836,5.289
2026-01-18 17:06:01.852,5.223
2026-01-18 17:06:01.868,5.173
2026-01-18 17:06:01.869,5.156
2026-01-18 17:06:01.886,5.187
2026-01-18 17:06:01.902,5.151
2026-01-18 17:06:01.920,5.121
2026-01-18 17:06:01.920,5.179
2026-01-18 17:06:01.935,5.17
2026-01-18 17:06:01.952,5.221
2026-01-18 17:06:01.953,5.234
2026-01-18 17:06:01.968,5.227
2026-01-18 17:06:01.986,5.215
2026-01-18 17:06:02.002,5.21
2026-01-18 17:06:02.002,5.211
2026-01-18 17:06:02.018,5.218
2026-01-18 17:06:02.036,5.232
2026-01-18 17:06:02.053,5.244
2026-01-18 17:06:02.053,5.262
2026-01-18 17:06:02.082,5.268
2026-01-18 17:06:02.084,5.249
2026-01-18 17:06:02.093,5.288
2026-01-18 17:06:02.101,5.277
2026-01-18 17:06:02.120,5.294
2026-01-18 17:06:02.121,5.305
2026-01-18 17:06:02.135,5.319
2026-01-18 17:06:02.153,5.341
2026-01-18 17:06:02.168,5.364
2026-01-18 17:06:02.169,5.392
2026-01-18 17:06:02.186,5.406
2026-01-18 17:06:02.201,5.413
2026-01-18 17:06:02.219,5.447
2026-01-18 17:06:02.219,5.465
2026-01-18 17:06:02.235,5.473
2026-01-18 17:06:02.253,5.472
2026-01-18 17:06:02.253,5.468
2026-01-18 17:06:02.268,5.479
2026-01-18 17:06:02.286,5.499
2026-01-18 17:06:02.301,5.518
2026-01-18 17:06:02.302,5.54
2026-01-18 17:06:02.318,5.568
2026-01-18 17:06:02.335,5.59
2026-01-18 17:06:02.352,5.591
2026-01-18 17:06:02.353,5.58
2026-01-18 17:06:02.369,5.601
2026-01-18 17:06:02.384,5.591
2026-01-18 17:06:02.385,5.59
2026-01-18 17:06:02.400,5.581
2026-01-18 17:06:02.418,5.562
2026-01-18 17:06:02.434,5.556
2026-01-18 17:06:02.436,5.55
2026-01-18 17:06:02.452,5.552
2026-01-18 17:06:02.467,5.543
2026-01-18 17:06:02.468,5.545
2026-01-18 17:06:02.484,5.543
2026-01-18 17:06:02.501,5.546
2026-01-18 17:06:02.518,5.546
2026-01-18 17:06:02.518,5.553
2026-01-18 17:06:02.535,5.566
2026-01-18 17:06:02.553,5.585
2026-01-18 17:06:02.553,5.61
2026-01-18 17:06:02.568,5.655
2026-01-18 17:06:02.585,5.685
2026-01-18 17:06:02.603,5.702
2026-01-18 17:06:02.603,5.708
2026-01-18 17:06:02.618,5.713
2026-01-18 17:06:02.637,5.715
2026-01-18 17:06:02.637,5.723
2026-01-18 17:06:02.651,5.735
2026-01-18 17:06:02.668,5.753
2026-01-18 17:06:02.686,5.761
2026-01-18 17:06:02.686,5.769
2026-01-18 17:06:02.702,5.791
2026-01-18 17:06:02.718,5.807
2026-01-18 17:06:02.736,5.833
2026-01-18 17:06:02.737,5.856
2026-01-18 17:06:02.751,5.872
2026-01-18 17:06:02.768,5.894
2026-01-18 17:06:02.792,5.919
2026-01-18 17:06:02.792,5.945
2026-01-18 17:06:02.801,5.969
2026-01-18 17:06:02.819,6.005
2026-01-18 17:06:02.820,6.04
2026-01-18 17:06:02.835,6.078
2026-01-18 17:06:02.851,6.118
2026-01-18 17:06:02.852,6.154
2026-01-18 17:06:02.868,6.154
2026-01-18 17:06:02.886,6.169
2026-01-18 17:06:02.902,6.199
2026-01-18 17:06:02.903,6.194
2026-01-18 17:06:02.918,6.206
2026-01-18 17:06:02.935,6.211
2026-01-18 17:06:02.951,6.217
2026-01-18 17:06:02.952,6.242
2026-01-18 17:06:02.967,6.253
2026-01-18 17:06:02.984,6.259
2026-01-18 17:06:02.985,6.287
2026-01-18 17:06:03.002,6.298
2026-01-18 17:06:03.019,6.281
2026-01-18 17:06:03.035,6.259
2026-01-18 17:06:03.035,6.249
2026-01-18 17:06:03.051,6.249
2026-01-18 17:06:03.069,6.253
2026-01-18 17:06:03.069,6.236
2026-01-18 17:06:03.085,6.242
2026-01-18 17:06:03.102,6.242
2026-01-18 17:06:03.118,6.243
2026-01-18 17:06:03.119,6.298
2026-01-18 17:06:03.135,6.333
2026-01-18 17:06:03.152,6.42
2026-01-18 17:06:03.168,6.395
2026-01-18 17:06:03.169,6.39
2026-01-18 17:06:03.185,6.397
2026-01-18 17:06:03.202,6.406
2026-01-18 17:06:03.202,6.466
2026-01-18 17:06:03.218,6.435
2026-01-18 17:06:03.235,6.414
2026-01-18 17:06:03.252,6.45
2026-01-18 17:06:03.252,6.422
2026-01-18 17:06:03.268,6.55
2026-01-18 17:06:03.285,6.583
2026-01-18 17:06:03.286,6.534
2026-01-18 17:06:03.302,6.504
2026-01-18 17:06:03.318,6.491
2026-01-18 17:06:03.335,6.477
2026-01-18 17:06:03.336,6.48
2026-01-18 17:06:03.352,6.512
2026-01-18 17:06:03.368,6.551
2026-01-18 17:06:03.369,6.592
2026-01-18 17:06:03.386,6.607
2026-01-18 17:06:03.401,6.614
2026-01-18 17:06:03.443,6.643
2026-01-18 17:06:03.444,6.66
2026-01-18 17:06:03.444,6.661
2026-01-18 17:06:03.445,6.658
2026-01-18 17:06:03.452,6.661
2026-01-18 17:06:03.469,6.671
2026-01-18 17:06:03.502,6.686
2026-01-18 17:06:03.502,6.706
2026-01-18 17:06:03.519,6.711
2026-01-18 17:06:03.535,6.713
2026-01-18 17:06:03.553,6.714
2026-01-18 17:06:03.554,6.728
2026-01-18 17:06:03.568,6.753
2026-01-18 17:06:03.586,6.775
2026-01-18 17:06:03.587,6.797
2026-01-18 17:06:03.601,6.829
2026-01-18 17:06:03.619,6.871
2026-01-18 17:06:03.635,6.901
2026-01-18 17:06:03.636,6.927
2026-01-18 17:06:03.652,6.934
2026-01-18 17:06:03.669,6.932
2026-01-18 17:06:03.669,6.935
2026-01-18 17:06:03.684,6.932
2026-01-18 17:06:03.701,6.94
2026-01-18 17:06:03.719,6.961
2026-01-18 17:06:03.719,6.982
2026-01-18 17:06:03.734,7.007
2026-01-18 17:06:03.752,7.018
2026-01-18 17:06:03.753,7.028
2026-01-18 17:06:03.768,7.025
2026-01-18 17:06:03.790,7.022
2026-01-18 17:06:03.791,7.041
2026-01-18 17:06:03.801,7.058
2026-01-18 17:06:03.819,7.071
2026-01-18 17:06:03.836,7.072
2026-01-18 17:06:03.853,7.085
2026-01-18 17:06:03.854,7.107
2026-01-18 17:06:03.868,7.112
2026-01-18 17:06:03.886,7.11
2026-01-18 17:06:03.886,7.118
2026-01-18 17:06:03.901,7.1
2026-01-18 17:06:03.918,7.108
2026-01-18 17:06:03.934,7.118
2026-01-18 17:06:03.934,7.153
2026-01-18 17:06:03.951,7.193
2026-01-18 17:06:03.967,7.231
2026-01-18 17:06:03.984,7.258
2026-01-18 17:06:03.984,7.269
2026-01-18 17:06:04.001,7.273
2026-01-18 17:06:04.018,7.271
2026-01-18 17:06:04.018,7.264
2026-01-18 17:06:04.034,7.276
2026-01-18 17:06:04.050,7.285
2026-01-18 17:06:04.067,7.283
2026-01-18 17:06:04.068,7.287
2026-01-18 17:06:04.084,7.299
2026-01-18 17:06:04.101,7.311
2026-01-18 17:06:04.102,7.336
2026-01-18 17:06:04.118,7.356
2026-01-18 17:06:04.135,7.385
2026-01-18 17:06:04.152,7.404
2026-01-18 17:06:04.152,7.433
2026-01-18 17:06:04.168,7.452
2026-01-18 17:06:04.185,7.469
2026-01-18 17:06:04.186,7.483
2026-01-18 17:06:04.201,7.486
2026-01-18 17:06:04.218,7.486
2026-01-18 17:06:04.235,7.485
2026-01-18 17:06:04.235,7.498
2026-01-18 17:06:04.251,7.506
2026-01-18 17:06:04.268,7.513
2026-01-18 17:06:04.269,7.529
2026-01-18 17:06:04.285,7.518
2026-01-18 17:06:04.301,7.52
2026-01-18 17:06:04.317,7.537
2026-01-18 17:06:04.318,7.559
2026-01-18 17:06:04.335,7.582
2026-01-18 17:06:04.351,7.6
2026-01-18 17:06:04.368,7.613
2026-01-18 17:06:04.368,7.632
2026-01-18 17:06:04.385,7.648
2026-01-18 17:06:04.401,7.669
2026-01-18 17:06:04.402,7.697
2026-01-18 17:06:04.417,7.726
2026-01-18 17:06:04.434,7.748
2026-01-18 17:06:04.452,7.765
2026-01-18 17:06:04.467,7.764
2026-01-18 17:06:04.485,7.771
2026-01-18 17:06:04.486,7.772
2026-01-18 17:06:04.519,7.777
2026-01-18 17:06:04.536,7.792
2026-01-18 17:06:04.536,7.798
2026-01-18 17:06:04.552,7.815
2026-01-18 17:06:04.568,7.844
2026-01-18 17:06:04.569,7.884
2026-01-18 17:06:04.585,7.917
2026-01-18 17:06:04.602,7.942
2026-01-18 17:06:04.617,7.965
2026-01-18 17:06:04.619,7.99
2026-01-18 17:06:04.635,8.033
2026-01-18 17:06:04.659,8.063
2026-01-18 17:06:04.660,8.093
2026-01-18 17:06:04.671,8.125
2026-01-18 17:06:04.684,8.17
2026-01-18 17:06:04.700,8.208
2026-01-18 17:06:04.716,8.235
2026-01-18 17:06:04.717,8.26
2026-01-18 17:06:04.733,8.282
2026-01-18 17:06:04.750,8.312
2026-01-18 17:06:04.767,8.341
2026-01-18 17:06:04.810,8.373
2026-01-18 17:06:04.810,8.398
2026-01-18 17:06:04.811,8.42
2026-01-18 17:06:04.834,8.445
2026-01-18 17:06:04.834,8.462
2026-01-18 17:06:04.851,8.48
2026-01-18 17:06:04.867,8.5
2026-01-18 17:06:04.885,8.519
2026-01-18 17:06:04.886,8.533
2026-01-18 17:06:04.901,8.538
2026-01-18 17:06:04.917,8.545
2026-01-18 17:06:04.918,8.555
2026-01-18 17:06:04.934,8.562
2026-01-18 17:06:04.951,8.566
2026-01-18 17:06:04.968,8.579
2026-01-18 17:06:04.968,8.56
2026-01-18 17:06:04.984,8.547
2026-01-18 17:06:05.001,8.55
2026-01-18 17:06:05.002,8.547
2026-01-18 17:06:05.018,8.54
2026-01-18 17:06:05.034,8.534
2026-01-18 17:06:05.053,8.525
2026-01-18 17:06:05.054,8.526
2026-01-18 17:06:05.067,8.522
2026-01-18 17:06:05.084,8.536
2026-01-18 17:06:05.085,8.527
2026-01-18 17:06:05.119,8.511
2026-01-18 17:06:05.136,8.519
2026-01-18 17:06:05.136,8.508
2026-01-18 17:06:05.151,8.486
2026-01-18 17:06:05.170,8.475
2026-01-18 17:06:05.185,8.467
2026-01-18 17:06:05.201,8.458
2026-01-18 17:06:05.217,8.455
2026-01-18 17:06:05.218,8.448
2026-01-18 17:06:05.234,8.457
2026-01-18 17:06:05.251,8.455
2026-01-18 17:06:05.253,8.452
2026-01-18 17:06:05.267,8.465
2026-01-18 17:06:05.302,8.473
2026-01-18 17:06:05.303,8.477
2026-01-18 17:06:05.317,8.485
2026-01-18 17:06:05.335,8.489
2026-01-18 17:06:05.351,8.497
2026-01-18 17:06:05.368,8.505
2026-01-18 17:06:05.385,8.513
2026-01-18 17:06:05.386,8.522
2026-01-18 17:06:05.421,8.524
2026-01-18 17:06:05.435,8.538
2026-01-18 17:06:05.450,8.562
2026-01-18 17:06:05.469,8.584
2026-01-18 17:06:05.485,8.604
2026-01-18 17:06:05.503,8.623
2026-01-18 17:06:05.518,8.642
2026-01-18 17:06:05.534,8.661
2026-01-18 17:06:05.551,8.694
2026-01-18 17:06:05.568,8.733
2026-01-18 17:06:05.569,8.767
2026-01-18 17:06:05.602,8.796
2026-01-18 17:06:05.603,8.835
2026-01-18 17:06:05.618,8.86
2026-01-18 17:06:05.635,8.872
2026-01-18 17:06:05.652,8.876
2026-01-18 17:06:05.666,8.894
2026-01-18 17:06:05.686,8.908
2026-01-18 17:06:05.686,8.913
2026-01-18 17:06:05.701,8.919
2026-01-18 17:06:05.717,8.93
2026-01-18 17:06:05.735,8.94
2026-01-18 17:06:05.735,8.954
2026-01-18 17:06:05.751,8.964
2026-01-18 17:06:05.774,8.973
2026-01-18 17:06:05.775,8.982
2026-01-18 17:06:05.784,8.998
2026-01-18 17:06:05.801,9.025
2026-01-18 17:06:05.817,9.051
2026-01-18 17:06:05.852,9.068
2026-01-18 17:06:05.853,9.079
2026-01-18 17:06:05.866,9.088
2026-01-18 17:06:05.900,9.105
2026-01-18 17:06:05.901,9.12
2026-01-18 17:06:05.919,9.129
2026-01-18 17:06:05.935,9.14
2026-01-18 17:06:05.952,9.149
2026-01-18 17:06:05.953,9.155
2026-01-18 17:06:05.967,9.162
2026-01-18 17:06:05.983,9.173
2026-01-18 17:06:06.000,9.185
2026-01-18 17:06:06.019,9.202
2026-01-18 17:06:06.034,9.22
2026-01-18 17:06:06.035,9.239
2026-01-18 17:06:06.052,9.246
2026-01-18 17:06:06.069,9.262
2026-01-18 17:06:06.085,9.283
2026-01-18 17:06:06.101,9.3
2026-01-18 17:06:06.118,9.319
2026-01-18 17:06:06.134,9.337
2026-01-18 17:06:06.151,9.366
2026-01-18 17:06:06.177,9.397
2026-01-18 17:06:06.178,9.414
2026-01-18 17:06:06.202,9.437
2026-01-18 17:06:06.203,9.435
2026-01-18 17:06:06.217,9.443
2026-01-18 17:06:06.234,9.461
2026-01-18 17:06:06.251,9.502
2026-01-18 17:06:06.268,9.549
2026-01-18 17:06:06.285,9.559
2026-01-18 17:06:06.286,9.537
2026-01-18 17:06:06.317,9.534
2026-01-18 17:06:06.335,9.536
2026-01-18 17:06:06.336,9.533
2026-01-18 17:06:06.351,9.536
2026-01-18 17:06:06.386,9.545
2026-01-18 17:06:06.401,9.559
2026-01-18 17:06:06.419,9.574
2026-01-18 17:06:06.419,9.597
2026-01-18 17:06:06.434,9.61
2026-01-18 17:06:06.452,9.625
2026-01-18 17:06:06.452,9.636
2026-01-18 17:06:06.467,9.666
2026-01-18 17:06:06.502,9.692
2026-01-18 17:06:06.502,9.7
2026-01-18 17:06:06.517,9.705
2026-01-18 17:06:06.534,9.724
2026-01-18 17:06:06.550,9.73
2026-01-18 17:06:06.568,9.735
2026-01-18 17:06:06.585,9.741
2026-01-18 17:06:06.586,9.749
2026-01-18 17:06:06.617,9.756
2026-01-18 17:06:06.636,9.768
2026-01-18 17:06:06.637,9.794
2026-01-18 17:06:06.657,9.839
2026-01-18 17:06:06.670,9.868
2026-01-18 17:06:06.684,9.895
2026-01-18 17:06:06.701,9.915
2026-01-18 17:06:06.717,9.946
2026-01-18 17:06:06.736,9.959
2026-01-18 17:06:06.750,9.981
2026-01-18 17:06:06.771,9.984
2026-01-18 17:06:06.771,10.008
2026-01-18 17:06:06.800,10.02
2026-01-18 17:06:06.800,10.032
2026-01-18 17:06:06.816,10.059
2026-01-18 17:06:06.834,10.073
2026-01-18 17:06:06.852,10.093
2026-01-18 17:06:06.867,10.104
2026-01-18 17:06:06.884,10.122
2026-01-18 17:06:06.884,10.141
2026-01-18 17:06:06.917,10.152
2026-01-18 17:06:06.933,10.173
2026-01-18 17:06:06.934,10.195
2026-01-18 17:06:06.951,10.211
2026-01-18 17:06:06.984,10.232
2026-01-18 17:06:06.984,10.248
2026-01-18 17:06:07.000,10.263
2026-01-18 17:06:07.016,10.279
2026-01-18 17:06:07.033,10.297
2026-01-18 17:06:07.050,10.308
2026-01-18 17:06:07.067,10.319
2026-01-18 17:06:07.067,10.334
2026-01-18 17:06:07.100,10.358
2026-01-18 17:06:07.100,10.38
2026-01-18 17:06:07.117,10.391
2026-01-18 17:06:07.134,10.41
2026-01-18 17:06:07.150,10.422
2026-01-18 17:06:07.166,10.437
2026-01-18 17:06:07.184,10.446
2026-01-18 17:06:07.200,10.467
2026-01-18 17:06:07.217,10.483
2026-01-18 17:06:07.234,10.491
2026-01-18 17:06:07.234,10.487
2026-01-18 17:06:07.250,10.486
2026-01-18 17:06:07.284,10.501
2026-01-18 17:06:07.284,10.507
2026-01-18 17:06:07.300,10.509
2026-01-18 17:06:07.316,10.518
2026-01-18 17:06:07.334,10.522
2026-01-18 17:06:07.350,10.541
2026-01-18 17:06:07.367,10.551
2026-01-18 17:06:07.367,10.576
2026-01-18 17:06:07.400,10.605
2026-01-18 17:06:07.401,10.638
2026-01-18 17:06:07.418,10.662
2026-01-18 17:06:07.434,10.691
2026-01-18 17:06:07.450,10.723
2026-01-18 17:06:07.467,10.763
2026-01-18 17:06:07.484,10.793
2026-01-18 17:06:07.485,10.829
2026-01-18 17:06:07.558,10.865
2026-01-18 17:06:07.559,10.889
2026-01-18 17:06:07.560,10.899
2026-01-18 17:06:07.560,10.914
2026-01-18 17:06:07.584,10.924
2026-01-18 17:06:07.585,10.958
2026-01-18 17:06:07.601,10.971
2026-01-18 17:06:07.618,10.974
2026-01-18 17:06:07.633,10.978
2026-01-18 17:06:07.651,11.001
2026-01-18 17:06:07.667,11.008
2026-01-18 17:06:07.668,11.008
2026-01-18 17:06:07.701,11.014
2026-01-18 17:06:07.702,11.016
2026-01-18 17:06:07.717,11.013
2026-01-18 17:06:07.734,11.011
2026-01-18 17:06:07.750,11.006
2026-01-18 17:06:07.770,10.992
2026-01-18 17:06:07.783,10.997
2026-01-18 17:06:07.801,11.006
2026-01-18 17:06:07.817,11.017
2026-01-18 17:06:07.834,11.035
2026-01-18 17:06:07.835,11.053
2026-01-18 17:06:07.851,11.067
2026-01-18 17:06:07.869,11.071
2026-01-18 17:06:07.884,11.09
2026-01-18 17:06:07.900,11.116
2026-01-18 17:06:07.918,11.122
2026-01-18 17:06:07.934,11.123
2026-01-18 17:06:07.951,11.134
2026-01-18 17:06:07.966,11.129
2026-01-18 17:06:07.967,11.144
2026-01-18 17:06:08.002,11.168
2026-01-18 17:06:08.003,11.197
2026-01-18 17:06:08.018,11.227
2026-01-18 17:06:08.035,11.247
2026-01-18 17:06:08.051,11.271
2026-01-18 17:06:08.068,11.283
2026-01-18 17:06:08.085,11.303
2026-01-18 17:06:08.085,11.314
2026-01-18 17:06:08.118,11.332
2026-01-18 17:06:08.134,11.335
2026-01-18 17:06:08.135,11.343
2026-01-18 17:06:08.151,11.357
2026-01-18 17:06:08.169,11.357
2026-01-18 17:06:08.185,11.354
2026-01-18 17:06:08.200,11.366
2026-01-18 17:06:08.217,11.385
2026-01-18 17:06:08.234,11.396
2026-01-18 17:06:08.251,11.421
2026-01-18 17:06:08.267,11.45
2026-01-18 17:06:08.268,11.465
2026-01-18 17:06:08.302,11.485
2026-01-18 17:06:08.302,11.499
2026-01-18 17:06:08.317,11.514
2026-01-18 17:06:08.334,11.539
2026-01-18 17:06:08.352,11.552
2026-01-18 17:06:08.352,11.565
2026-01-18 17:06:08.370,11.576
2026-01-18 17:06:08.383,11.578
2026-01-18 17:06:08.385,11.581
2026-01-18 17:06:08.401,11.6
2026-01-18 17:06:08.417,11.608
2026-01-18 17:06:08.434,11.619
2026-01-18 17:06:08.435,11.628
2026-01-18 17:06:08.452,11.651
2026-01-18 17:06:08.467,11.663
2026-01-18 17:06:08.484,11.693
2026-01-18 17:06:08.484,11.703
2026-01-18 17:06:08.500,11.714
2026-01-18 17:06:08.517,11.72
2026-01-18 17:06:08.534,11.723
2026-01-18 17:06:08.551,11.746
2026-01-18 17:06:08.567,11.747
2026-01-18 17:06:08.568,11.737
2026-01-18 17:06:08.602,11.74
2026-01-18 17:06:08.602,11.742
2026-01-18 17:06:08.617,11.757
2026-01-18 17:06:08.634,11.788
2026-01-18 17:06:08.651,11.875
2026-01-18 17:06:08.651,11.945
2026-01-18 17:06:08.667,12.001
2026-01-18 17:06:08.684,12.04
2026-01-18 17:06:08.685,12.079
2026-01-18 17:06:08.717,12.125
2026-01-18 17:06:08.735,12.133
2026-01-18 17:06:08.735,12.141
2026-01-18 17:06:08.750,12.132
2026-01-18 17:06:08.767,12.12
2026-01-18 17:06:08.790,12.119
2026-01-18 17:06:08.792,12.121
2026-01-18 17:06:08.801,12.123
2026-01-18 17:06:08.818,12.123
2026-01-18 17:06:08.818,12.114
2026-01-18 17:06:08.834,12.108
2026-01-18 17:06:08.851,12.102
2026-01-18 17:06:08.867,12.101
2026-01-18 17:06:08.868,12.104
2026-01-18 17:06:08.904,12.112
2026-01-18 17:06:08.905,12.123
2026-01-18 17:06:08.905,12.133
2026-01-18 17:06:08.912,12.144
2026-01-18 17:06:08.934,12.151
2026-01-18 17:06:08.951,12.16
2026-01-18 17:06:08.952,12.165
2026-01-18 17:06:08.967,12.178
2026-01-18 17:06:08.985,12.176
2026-01-18 17:06:08.985,12.169
2026-01-18 17:06:09.001,12.181
2026-01-18 17:06:09.018,12.289
2026-01-18 17:06:09.034,12.268
2026-01-18 17:06:09.035,12.251
2026-01-18 17:06:09.051,12.233
2026-01-18 17:06:09.069,12.219
2026-01-18 17:06:09.084,12.225
2026-01-18 17:06:09.100,12.24
2026-01-18 17:06:09.117,12.245
2026-01-18 17:06:09.118,12.256
2026-01-18 17:06:09.133,12.272
2026-01-18 17:06:09.150,12.282
2026-01-18 17:06:09.167,12.357
2026-01-18 17:06:09.167,12.374
2026-01-18 17:06:09.184,12.462
2026-01-18 17:06:09.200,12.529
2026-01-18 17:06:09.200,12.491
2026-01-18 17:06:09.217,12.471
2026-01-18 17:06:09.234,12.45
2026-01-18 17:06:09.251,12.44
2026-01-18 17:06:09.251,12.448
2026-01-18 17:06:09.267,12.441
2026-01-18 17:06:09.284,12.45
2026-01-18 17:06:09.284,12.456
2026-01-18 17:06:09.300,12.466
2026-01-18 17:06:09.317,12.478
2026-01-18 17:06:09.334,12.489
2026-01-18 17:06:09.334,12.514
2026-01-18 17:06:09.351,12.626
2026-01-18 17:06:09.368,12.688
2026-01-18 17:06:09.383,12.676
2026-01-18 17:06:09.384,12.668
2026-01-18 17:06:09.402,12.663
2026-01-18 17:06:09.417,12.663
2026-01-18 17:06:09.418,12.658
2026-01-18 17:06:09.434,12.657
2026-01-18 17:06:09.451,12.658
2026-01-18 17:06:09.467,12.669
2026-01-18 17:06:09.467,12.683
2026-01-18 17:06:09.485,12.688
2026-01-18 17:06:09.501,12.691
2026-01-18 17:06:09.501,12.706
2026-01-18 17:06:09.517,12.72
2026-01-18 17:06:09.534,12.73
2026-01-18 17:06:09.551,12.738
2026-01-18 17:06:09.551,12.735
2026-01-18 17:06:09.566,12.744
2026-01-18 17:06:09.583,12.758
2026-01-18 17:06:09.584,12.77
2026-01-18 17:06:09.601,12.78
2026-01-18 17:06:09.617,12.938
2026-01-18 17:06:09.636,13.053
2026-01-18 17:06:09.636,13.077
2026-01-18 17:06:09.650,13.015
2026-01-18 17:06:09.667,12.991
2026-01-18 17:06:09.685,12.987
2026-01-18 17:06:09.685,12.975
2026-01-18 17:06:09.701,12.975
2026-01-18 17:06:09.717,12.988
2026-01-18 17:06:09.717,13.0
2026-01-18 17:06:09.734,13.014
2026-01-18 17:06:09.751,13.028
2026-01-18 17:06:09.772,13.037
2026-01-18 17:06:09.773,13.052
2026-01-18 17:06:09.785,13.066
2026-01-18 17:06:09.800,13.079
2026-01-18 17:06:09.801,13.089
2026-01-18 17:06:09.817,13.109
2026-01-18 17:06:09.834,13.12
2026-01-18 17:06:09.851,13.132
2026-01-18 17:06:09.851,13.145
2026-01-18 17:06:09.867,13.16
2026-01-18 17:06:09.884,13.176
2026-01-18 17:06:09.884,13.199
2026-01-18 17:06:09.901,13.223
2026-01-18 17:06:09.917,13.243
2026-01-18 17:06:09.934,13.257
2026-01-18 17:06:09.935,13.271
2026-01-18 17:06:09.951,13.285
2026-01-18 17:06:09.967,13.29
2026-01-18 17:06:09.983,13.299
2026-01-18 17:06:09.984,13.308
2026-01-18 17:06:10.001,13.331
2026-01-18 17:06:10.017,13.34
2026-01-18 17:06:10.018,13.349
2026-01-18 17:06:10.035,13.353
2026-01-18 17:06:10.050,13.369
2026-01-18 17:06:10.066,13.385
2026-01-18 17:06:10.067,13.398
2026-01-18 17:06:10.084,13.415
2026-01-18 17:06:10.102,13.436
2026-01-18 17:06:10.102,13.453
2026-01-18 17:06:10.117,13.466
2026-01-18 17:06:10.133,13.487
2026-01-18 17:06:10.150,13.509
2026-01-18 17:06:10.151,13.528
2026-01-18 17:06:10.167,13.552
2026-01-18 17:06:10.183,13.568
2026-01-18 17:06:10.200,13.584
2026-01-18 17:06:10.201,13.595
2026-01-18 17:06:10.218,13.601
2026-01-18 17:06:10.232,13.602
2026-01-18 17:06:10.233,13.609
2026-01-18 17:06:10.259,13.616
2026-01-18 17:06:10.260,13.629
2026-01-18 17:06:10.273,13.63
2026-01-18 17:06:10.283,13.645
2026-01-18 17:06:10.301,13.655
2026-01-18 17:06:10.317,13.665
2026-01-18 17:06:10.317,13.686
2026-01-18 17:06:10.333,13.701
2026-01-18 17:06:10.351,13.718
2026-01-18 17:06:10.367,13.728
2026-01-18 17:06:10.367,13.738
2026-01-18 17:06:10.385,13.743
2026-01-18 17:06:10.401,13.751
2026-01-18 17:06:10.401,13.759
2026-01-18 17:06:10.417,13.769
2026-01-18 17:06:10.434,13.774
2026-01-18 17:06:10.451,13.785
2026-01-18 17:06:10.466,13.798
2026-01-18 17:06:10.485,13.795
2026-01-18 17:06:10.485,13.8
2026-01-18 17:06:10.500,13.803
2026-01-18 17:06:10.517,13.816
2026-01-18 17:06:10.534,13.826
2026-01-18 17:06:10.534,13.841
2026-01-18 17:06:10.550,13.854
2026-01-18 17:06:10.567,13.866
2026-01-18 17:06:10.584,13.883
2026-01-18 17:06:10.584,13.901
2026-01-18 17:06:10.601,13.918
2026-01-18 17:06:10.617,13.932
2026-01-18 17:06:10.618,13.945
2026-01-18 17:06:10.635,13.966
2026-01-18 17:06:10.650,13.973
2026-01-18 17:06:10.666,13.995
2026-01-18 17:06:10.667,14.004
2026-01-18 17:06:10.685,14.015
2026-01-18 17:06:10.700,14.022
2026-01-18 17:06:10.701,14.04
2026-01-18 17:06:10.717,14.056
2026-01-18 17:06:10.734,14.069
2026-01-18 17:06:10.750,14.074
2026-01-18 17:06:10.751,14.081
2026-01-18 17:06:10.772,14.088
2026-01-18 17:06:10.772,14.098
2026-01-18 17:06:10.801,14.11
2026-01-18 17:06:10.801,14.127
2026-01-18 17:06:10.816,14.147
2026-01-18 17:06:10.834,14.157
2026-01-18 17:06:10.834,14.176
2026-01-18 17:06:10.850,14.193
2026-01-18 17:06:10.866,14.204
2026-01-18 17:06:10.884,14.217
2026-01-18 17:06:10.884,14.23
2026-01-18 17:06:10.900,14.237
2026-01-18 17:06:10.916,14.253
2026-01-18 17:06:10.916,14.258
2026-01-18 17:06:10.933,14.27
2026-01-18 17:06:10.951,14.281
2026-01-18 17:06:10.968,14.292
2026-01-18 17:06:10.969,14.304
2026-01-18 17:06:10.984,14.315
2026-01-18 17:06:11.000,14.332
2026-01-18 17:06:11.001,14.344
2026-01-18 17:06:11.016,14.362
2026-01-18 17:06:11.034,14.385
2026-01-18 17:06:11.051,14.398
2026-01-18 17:06:11.051,14.404
2026-01-18 17:06:11.067,14.415
2026-01-18 17:06:11.083,14.423
2026-01-18 17:06:11.100,14.436
2026-01-18 17:06:11.100,14.449
2026-01-18 17:06:11.117,14.46
2026-01-18 17:06:11.133,14.465
2026-01-18 17:06:11.134,14.475
2026-01-18 17:06:11.149,14.485
2026-01-18 17:06:11.167,14.488
2026-01-18 17:06:11.169,14.505
2026-01-18 17:06:11.183,14.519
2026-01-18 17:06:11.199,14.536
2026-01-18 17:06:11.215,14.551
2026-01-18 17:06:11.233,14.561
2026-01-18 17:06:11.234,14.569
2026-01-18 17:06:11.249,14.583
2026-01-18 17:06:11.266,14.599
2026-01-18 17:06:11.266,14.609
2026-01-18 17:06:11.283,14.617
2026-01-18 17:06:11.299,14.637
2026-01-18 17:06:11.300,14.652
2026-01-18 17:06:11.316,14.671
2026-01-18 17:06:11.333,14.689
2026-01-18 17:06:11.350,14.708
2026-01-18 17:06:11.350,14.72
2026-01-18 17:06:11.366,14.736
2026-01-18 17:06:11.382,14.75
2026-01-18 17:06:11.399,14.77
2026-01-18 17:06:11.400,14.785
2026-01-18 17:06:11.417,14.801
2026-01-18 17:06:11.433,14.822
2026-01-18 17:06:11.433,14.832
2026-01-18 17:06:11.450,14.866
2026-01-18 17:06:11.468,14.883
2026-01-18 17:06:11.469,14.907
2026-01-18 17:06:11.483,14.924
2026-01-18 17:06:11.500,14.955
2026-01-18 17:06:11.516,14.983
2026-01-18 17:06:11.517,15.013
2026-01-18 17:06:11.534,15.038
2026-01-18 17:06:11.550,15.059
2026-01-18 17:06:11.566,15.091
2026-01-18 17:06:11.567,15.128
2026-01-18 17:06:11.583,15.172
2026-01-18 17:06:11.601,15.229
2026-01-18 17:06:11.601,15.291
2026-01-18 17:06:11.632,15.344
2026-01-18 17:06:11.633,15.364
2026-01-18 17:06:11.641,15.345
2026-01-18 17:06:11.650,15.326
2026-01-18 17:06:11.667,15.325
2026-01-18 17:06:11.685,15.332
2026-01-18 17:06:11.685,15.346
2026-01-18 17:06:11.716,15.36
2026-01-18 17:06:11.734,15.381
2026-01-18 17:06:11.735,15.403
2026-01-18 17:06:11.750,15.428
2026-01-18 17:06:11.773,15.463
2026-01-18 17:06:11.774,15.508
2026-01-18 17:06:11.782,15.558
2026-01-18 17:06:11.800,15.599
2026-01-18 17:06:11.816,15.634
2026-01-18 17:06:11.816,15.672
2026-01-18 17:06:11.833,15.729
2026-01-18 17:06:11.851,15.764
2026-01-18 17:06:11.866,15.807
2026-01-18 17:06:11.867,15.85
2026-01-18 17:06:11.884,15.895
2026-01-18 17:06:11.900,15.957
2026-01-18 17:06:11.900,15.988
2026-01-18 17:06:11.917,16.025
2026-01-18 17:06:11.933,16.052
2026-01-18 17:06:11.951,16.081
2026-01-18 17:06:11.966,16.108
2026-01-18 17:06:11.984,16.051
2026-01-18 17:06:11.984,16.012
2026-01-18 17:06:12.016,16.045
2026-01-18 17:06:12.034,15.9
2026-01-18 17:06:12.035,15.776
2026-01-18 17:06:12.050,15.68
2026-01-18 17:06:12.084,15.607
2026-01-18 17:06:12.084,15.555
2026-01-18 17:06:12.099,15.529
2026-01-18 17:06:12.117,15.522
2026-01-18 17:06:12.133,15.511
2026-01-18 17:06:12.152,15.524
2026-01-18 17:06:12.165,15.536
2026-01-18 17:06:12.166,15.547
2026-01-18 17:06:12.200,15.561
2026-01-18 17:06:12.201,15.556
2026-01-18 17:06:12.217,15.557
2026-01-18 17:06:12.234,15.552
2026-01-18 17:06:12.249,15.55
2026-01-18 17:06:12.267,15.547
2026-01-18 17:06:12.284,15.545
2026-01-18 17:06:12.299,15.545
2026-01-18 17:06:12.316,15.543
2026-01-18 17:06:12.334,15.535
2026-01-18 17:06:12.334,15.53
2026-01-18 17:06:12.349,15.537
2026-01-18 17:06:12.385,15.54
2026-01-18 17:06:12.385,15.545
2026-01-18 17:06:12.400,15.549
2026-01-18 17:06:12.418,15.557
2026-01-18 17:06:12.434,15.559
2026-01-18 17:06:12.451,15.57
2026-01-18 17:06:12.467,15.583
2026-01-18 17:06:12.467,15.604
2026-01-18 17:06:12.501,15.627
2026-01-18 17:06:12.502,15.655
2026-01-18 17:06:12.518,15.675
2026-01-18 17:06:12.533,15.695
2026-01-18 17:06:12.551,15.713
2026-01-18 17:06:12.567,15.728
2026-01-18 17:06:12.584,15.75
2026-01-18 17:06:12.584,15.777
2026-01-18 17:06:12.616,15.793
2026-01-18 17:06:12.633,15.819
2026-01-18 17:06:12.633,15.827
2026-01-18 17:06:12.649,15.85
2026-01-18 17:06:12.671,15.86
2026-01-18 17:06:12.683,15.877
2026-01-18 17:06:12.701,15.887
2026-01-18 17:06:12.718,15.905
2026-01-18 17:06:12.733,15.932
2026-01-18 17:06:12.751,15.961
2026-01-18 17:06:12.772,15.978
2026-01-18 17:06:12.773,15.991
2026-01-18 17:06:12.800,16.009
2026-01-18 17:06:12.802,16.033
2026-01-18 17:06:12.816,16.053
2026-01-18 17:06:12.833,16.066
2026-01-18 17:06:12.849,16.085
2026-01-18 17:06:12.850,16.092
2026-01-18 17:06:12.866,16.099
2026-01-18 17:06:12.884,16.112
2026-01-18 17:06:12.884,16.115
2026-01-18 17:06:12.917,16.134
2026-01-18 17:06:12.934,16.159
2026-01-18 17:06:12.935,16.173
2026-01-18 17:06:12.951,16.197
2026-01-18 17:06:12.987,16.215
2026-01-18 17:06:12.987,16.236
2026-01-18 17:06:12.999,16.257
2026-01-18 17:06:13.017,16.272
2026-01-18 17:06:13.034,16.293
2026-01-18 17:06:13.050,16.308
2026-01-18 17:06:13.067,16.327
2026-01-18 17:06:13.067,16.341
2026-01-18 17:06:13.083,16.361
2026-01-18 17:06:13.099,16.382
2026-01-18 17:06:13.100,16.392
2026-01-18 17:06:13.116,16.407
2026-01-18 17:06:13.133,16.42
2026-01-18 17:06:13.150,16.43
2026-01-18 17:06:13.166,16.439
2026-01-18 17:06:13.182,16.45
2026-01-18 17:06:13.201,16.455
2026-01-18 17:06:13.217,16.465
2026-01-18 17:06:13.234,16.473
2026-01-18 17:06:13.235,16.481
2026-01-18 17:06:13.250,16.491
2026-01-18 17:06:13.284,16.505
2026-01-18 17:06:13.285,16.519
2026-01-18 17:06:13.300,16.555
2026-01-18 17:06:13.317,16.582
2026-01-18 17:06:13.333,16.602
2026-01-18 17:06:13.349,16.618
2026-01-18 17:06:13.366,16.639
2026-01-18 17:06:13.367,16.663
2026-01-18 17:06:13.401,16.679
2026-01-18 17:06:13.401,16.691
2026-01-18 17:06:13.417,16.716
2026-01-18 17:06:13.434,16.729
2026-01-18 17:06:13.450,16.749
2026-01-18 17:06:13.467,16.784
2026-01-18 17:06:13.483,16.815
2026-01-18 17:06:13.500,16.846
2026-01-18 17:06:13.516,16.874
2026-01-18 17:06:13.533,16.894
2026-01-18 17:06:13.534,16.915
2026-01-18 17:06:13.550,16.942
2026-01-18 17:06:13.582,16.962
2026-01-18 17:06:13.598,16.98
2026-01-18 17:06:13.615,17.002
2026-01-18 17:06:13.616,17.011
2026-01-18 17:06:13.633,17.021
2026-01-18 17:06:13.649,17.03
2026-01-18 17:06:13.666,17.039
2026-01-18 17:06:13.666,17.058
2026-01-18 17:06:13.682,17.067
2026-01-18 17:06:13.699,17.081
2026-01-18 17:06:13.700,17.089
2026-01-18 17:06:13.716,17.103
2026-01-18 17:06:13.732,17.11
2026-01-18 17:06:13.749,17.127
2026-01-18 17:06:13.769,17.145
2026-01-18 17:06:13.782,17.161
2026-01-18 17:06:13.800,17.184
2026-01-18 17:06:13.800,17.193
2026-01-18 17:06:13.817,17.205
2026-01-18 17:06:13.833,17.214
2026-01-18 17:06:13.833,17.222
2026-01-18 17:06:13.848,17.232
2026-01-18 17:06:13.866,17.241
2026-01-18 17:06:13.882,17.255
2026-01-18 17:06:13.882,17.268
2026-01-18 17:06:13.899,17.279
2026-01-18 17:06:13.916,17.293
2026-01-18 17:06:13.933,17.303
2026-01-18 17:06:13.950,17.314
2026-01-18 17:06:13.965,17.329
2026-01-18 17:06:13.966,17.348
2026-01-18 17:06:13.983,17.363
2026-01-18 17:06:13.999,17.381
2026-01-18 17:06:14.016,17.392
2026-01-18 17:06:14.017,17.411
2026-01-18 17:06:14.033,17.43
2026-01-18 17:06:14.049,17.438
2026-01-18 17:06:14.050,17.451
2026-01-18 17:06:14.066,17.47
2026-01-18 17:06:14.081,17.482
2026-01-18 17:06:14.099,17.503
2026-01-18 17:06:14.100,17.516
2026-01-18 17:06:14.116,17.538
2026-01-18 17:06:14.133,17.555
2026-01-18 17:06:14.133,17.575
2026-01-18 17:06:14.150,17.593
2026-01-18 17:06:14.167,17.602
2026-01-18 17:06:14.183,17.616
2026-01-18 17:06:14.184,17.643
2026-01-18 17:06:14.200,17.646
2026-01-18 17:06:14.216,17.666
2026-01-18 17:06:14.217,17.67
2026-01-18 17:06:14.233,17.681
2026-01-18 17:06:14.249,17.696
2026-01-18 17:06:14.266,17.697
2026-01-18 17:06:14.267,17.693
2026-01-18 17:06:14.283,17.695
2026-01-18 17:06:14.301,17.707
2026-01-18 17:06:14.316,17.721
2026-01-18 17:06:14.347,17.728
2026-01-18 17:06:14.348,17.753
2026-01-18 17:06:14.349,17.788
2026-01-18 17:06:14.382,17.814
2026-01-18 17:06:14.383,17.849
2026-01-18 17:06:14.401,17.871
2026-01-18 17:06:14.401,17.905
2026-01-18 17:06:14.417,17.932
2026-01-18 17:06:14.434,17.943
2026-01-18 17:06:14.434,17.956
2026-01-18 17:06:14.451,17.962
2026-01-18 17:06:14.466,17.963
2026-01-18 17:06:14.483,17.971
2026-01-18 17:06:14.484,17.993
2026-01-18 17:06:14.499,18.017
2026-01-18 17:06:14.516,18.033
2026-01-18 17:06:14.517,18.065
2026-01-18 17:06:14.532,18.106
2026-01-18 17:06:14.549,18.132
2026-01-18 17:06:14.565,18.144
2026-01-18 17:06:14.566,18.174
2026-01-18 17:06:14.583,18.196
2026-01-18 17:06:14.600,18.193
2026-01-18 17:06:14.600,18.191
2026-01-18 17:06:14.616,18.2
2026-01-18 17:06:14.634,18.198
2026-01-18 17:06:14.637,18.192
2026-01-18 17:06:14.649,18.199
2026-01-18 17:06:14.666,18.216
2026-01-18 17:06:14.683,18.229
2026-01-18 17:06:14.684,18.246
2026-01-18 17:06:14.700,18.266
2026-01-18 17:06:14.734,18.287
2026-01-18 17:06:14.735,18.313
2026-01-18 17:06:14.749,18.329
2026-01-18 17:06:14.773,18.341
2026-01-18 17:06:14.773,18.347
2026-01-18 17:06:14.782,18.374
2026-01-18 17:06:14.798,18.403
2026-01-18 17:06:14.816,18.43
2026-01-18 17:06:14.817,18.46
2026-01-18 17:06:14.833,18.471
2026-01-18 17:06:14.851,18.481
2026-01-18 17:06:14.866,18.492
2026-01-18 17:06:14.866,18.511
2026-01-18 17:06:14.884,18.52
2026-01-18 17:06:14.900,18.52
2026-01-18 17:06:14.901,18.525
2026-01-18 17:06:14.916,18.522
2026-01-18 17:06:14.933,18.513
2026-01-18 17:06:14.949,18.518
2026-01-18 17:06:14.949,18.517
2026-01-18 17:06:14.965,18.513
2026-01-18 17:06:14.983,18.528
2026-01-18 17:06:14.984,18.541
2026-01-18 17:06:15.000,18.547
2026-01-18 17:06:15.016,18.558
2026-01-18 17:06:15.033,18.56
2026-01-18 17:06:15.033,18.574
2026-01-18 17:06:15.049,18.589
2026-01-18 17:06:15.066,18.594
2026-01-18 17:06:15.082,18.608
2026-01-18 17:06:15.083,18.616
2026-01-18 17:06:15.099,18.624
2026-01-18 17:06:15.115,18.642
2026-01-18 17:06:15.133,18.654
2026-01-18 17:06:15.133,18.676
2026-01-18 17:06:15.151,18.693
2026-01-18 17:06:15.165,18.712
2026-01-18 17:06:15.165,18.73
2026-01-18 17:06:15.183,18.749
2026-01-18 17:06:15.200,18.764
2026-01-18 17:06:15.201,18.784
2026-01-18 17:06:15.216,18.789
2026-01-18 17:06:15.232,18.79
2026-01-18 17:06:15.250,18.794
2026-01-18 17:06:15.251,18.79
2026-01-18 17:06:15.266,18.801
2026-01-18 17:06:15.283,18.81
2026-01-18 17:06:15.299,18.81
2026-01-18 17:06:15.300,18.815
2026-01-18 17:06:15.316,18.814
2026-01-18 17:06:15.333,18.813
2026-01-18 17:06:15.334,18.811
2026-01-18 17:06:15.350,18.809
2026-01-18 17:06:15.365,18.807
2026-01-18 17:06:15.384,18.813
2026-01-18 17:06:15.384,18.822
2026-01-18 17:06:15.400,18.832
2026-01-18 17:06:15.421,18.839
2026-01-18 17:06:15.422,18.84
2026-01-18 17:06:15.436,18.841
2026-01-18 17:06:15.449,18.845
2026-01-18 17:06:15.466,18.859
2026-01-18 17:06:15.467,18.884
2026-01-18 17:06:15.482,18.904
2026-01-18 17:06:15.499,18.915
2026-01-18 17:06:15.515,18.941
2026-01-18 17:06:15.515,18.951
2026-01-18 17:06:15.531,18.971
2026-01-18 17:06:15.550,19.0
2026-01-18 17:06:15.550,19.012
2026-01-18 17:06:15.566,19.029
2026-01-18 17:06:15.583,19.041
2026-01-18 17:06:15.600,19.061
2026-01-18 17:06:15.600,19.081
2026-01-18 17:06:15.616,19.101
2026-01-18 17:06:15.633,19.116
2026-01-18 17:06:15.634,19.125
2026-01-18 17:06:15.649,19.15
2026-01-18 17:06:15.666,19.172
2026-01-18 17:06:15.683,19.19
2026-01-18 17:06:15.683,19.216
2026-01-18 17:06:15.710,19.234
2026-01-18 17:06:15.710,19.252
2026-01-18 17:06:15.722,19.263
2026-01-18 17:06:15.733,19.287
2026-01-18 17:06:15.748,19.306
2026-01-18 17:06:15.770,19.323
2026-01-18 17:06:15.770,19.353
2026-01-18 17:06:15.782,19.372
2026-01-18 17:06:15.799,19.39
2026-01-18 17:06:15.815,19.413
2026-01-18 17:06:15.815,19.434
2026-01-18 17:06:15.832,19.476
2026-01-18 17:06:15.848,19.509
2026-01-18 17:06:15.848,19.531
2026-01-18 17:06:15.865,19.55
2026-01-18 17:06:15.881,19.577
2026-01-18 17:06:15.898,19.573
2026-01-18 17:06:15.899,19.571
2026-01-18 17:06:15.914,19.573
2026-01-18 17:06:15.932,19.567
2026-01-18 17:06:15.933,19.566
2026-01-18 17:06:15.950,19.558
2026-01-18 17:06:15.966,19.563
2026-01-18 17:06:15.981,19.562
2026-01-18 17:06:15.982,19.562
2026-01-18 17:06:15.998,19.564
2026-01-18 17:06:16.016,19.57
2026-01-18 17:06:16.017,19.58
2026-01-18 17:06:16.033,19.594
2026-01-18 17:06:16.049,19.614
2026-01-18 17:06:16.065,19.637
2026-01-18 17:06:16.082,19.653
2026-01-18 17:06:16.099,19.668
2026-01-18 17:06:16.116,19.677
2026-01-18 17:06:16.116,19.687
2026-01-18 17:06:16.133,19.696
2026-01-18 17:06:16.150,19.701
2026-01-18 17:06:16.150,19.697
2026-01-18 17:06:16.167,19.687
2026-01-18 17:06:16.183,19.697
2026-01-18 17:06:16.200,19.704
2026-01-18 17:06:16.201,19.709
2026-01-18 17:06:16.216,19.719
2026-01-18 17:06:16.232,19.729
2026-01-18 17:06:16.232,19.748
2026-01-18 17:06:16.248,19.767
2026-01-18 17:06:16.265,19.779
2026-01-18 17:06:16.283,19.794
2026-01-18 17:06:16.283,19.817
2026-01-18 17:06:16.298,19.829
2026-01-18 17:06:16.315,19.845
2026-01-18 17:06:16.331,19.86
2026-01-18 17:06:16.332,19.874
2026-01-18 17:06:16.348,19.889
2026-01-18 17:06:16.364,19.911
2026-01-18 17:06:16.364,19.923
2026-01-18 17:06:16.381,19.926
2026-01-18 17:06:16.398,19.927
2026-01-18 17:06:16.415,19.934
2026-01-18 17:06:16.416,19.945
2026-01-18 17:06:16.431,19.955
2026-01-18 17:06:16.448,19.96
2026-01-18 17:06:16.449,19.969
2026-01-18 17:06:16.466,19.975
2026-01-18 17:06:16.482,19.992
2026-01-18 17:06:16.500,20.015
2026-01-18 17:06:16.501,20.04
2026-01-18 17:06:16.516,20.065
2026-01-18 17:06:16.532,20.093
2026-01-18 17:06:16.533,20.11
2026-01-18 17:06:16.549,20.132
2026-01-18 17:06:16.565,20.154
2026-01-18 17:06:16.582,20.175
2026-01-18 17:06:16.582,20.203
2026-01-18 17:06:16.599,20.226
2026-01-18 17:06:16.615,20.23
2026-01-18 17:06:16.631,20.251
2026-01-18 17:06:16.631,20.274
2026-01-18 17:06:16.647,20.291
2026-01-18 17:06:16.664,20.301
2026-01-18 17:06:16.665,20.308
2026-01-18 17:06:16.682,20.318
2026-01-18 17:06:16.699,20.312
2026-01-18 17:06:16.717,20.314
2026-01-18 17:06:16.717,20.32
2026-01-18 17:06:16.733,20.333
2026-01-18 17:06:16.749,20.349
2026-01-18 17:06:16.751,20.369
2026-01-18 17:06:16.768,20.381
2026-01-18 17:06:16.789,20.392
2026-01-18 17:06:16.789,20.404
2026-01-18 17:06:16.798,20.426
2026-01-18 17:06:16.816,20.439
2026-01-18 17:06:16.831,20.453
2026-01-18 17:06:16.848,20.473
2026-01-18 17:06:16.848,20.486
2026-01-18 17:06:16.866,20.486
2026-01-18 17:06:16.882,20.508
2026-01-18 17:06:16.882,20.507
2026-01-18 17:06:16.898,20.507
2026-01-18 17:06:16.914,20.518
2026-01-18 17:06:16.932,20.533
2026-01-18 17:06:16.932,20.556
2026-01-18 17:06:16.949,20.568
2026-01-18 17:06:16.965,20.579
2026-01-18 17:06:16.965,20.6
2026-01-18 17:06:16.981,20.615
2026-01-18 17:06:16.998,20.63
2026-01-18 17:06:17.015,20.641
2026-01-18 17:06:17.015,20.644
2026-01-18 17:06:17.031,20.649
2026-01-18 17:06:17.072,20.667
2026-01-18 17:06:17.073,20.673
2026-01-18 17:06:17.073,20.673
2026-01-18 17:06:17.100,20.664
2026-01-18 17:06:17.100,20.677
2026-01-18 17:06:17.116,20.675
2026-01-18 17:06:17.133,20.686
2026-01-18 17:06:17.133,20.698
2026-01-18 17:06:17.149,20.707
2026-01-18 17:06:17.165,20.705
2026-01-18 17:06:17.182,20.707
2026-01-18 17:06:17.182,20.725
2026-01-18 17:06:17.198,20.718
2026-01-18 17:06:17.214,20.716
2026-01-18 17:06:17.231,20.711
2026-01-18 17:06:17.232,20.722
2026-01-18 17:06:17.250,20.728
2026-01-18 17:06:17.265,20.746
2026-01-18 17:06:17.266,20.752
2026-01-18 17:06:17.283,20.757
2026-01-18 17:06:17.299,20.754
2026-01-18 17:06:17.316,20.745
2026-01-18 17:06:17.316,20.738
2026-01-18 17:06:17.333,20.742
2026-01-18 17:06:17.349,20.759
2026-01-18 17:06:17.349,20.759
2026-01-18 17:06:17.365,20.77
2026-01-18 17:06:17.381,20.786
2026-01-18 17:06:17.398,20.804
2026-01-18 17:06:17.398,20.808
2026-01-18 17:06:17.414,20.839
2026-01-18 17:06:17.431,20.904
2026-01-18 17:06:17.449,20.898
2026-01-18 17:06:17.450,20.896
2026-01-18 17:06:17.465,21.033
2026-01-18 17:06:17.483,21.143
2026-01-18 17:06:17.483,21.095
2026-01-18 17:06:17.501,21.04
2026-01-18 17:06:17.515,21.011
2026-01-18 17:06:17.534,20.998
2026-01-18 17:06:17.549,21.008
2026-01-18 17:06:17.565,21.007
2026-01-18 17:06:17.566,21.017
2026-01-18 17:06:17.583,21.049
2026-01-18 17:06:17.599,21.066
2026-01-18 17:06:17.615,21.081
2026-01-18 17:06:17.615,21.081
2026-01-18 17:06:17.634,21.093
2026-01-18 17:06:17.650,21.098
2026-01-18 17:06:17.650,21.094
2026-01-18 17:06:17.665,21.089
2026-01-18 17:06:17.683,21.099
2026-01-18 17:06:17.699,21.098
2026-01-18 17:06:17.699,21.098
2026-01-18 17:06:17.715,21.092
2026-01-18 17:06:17.733,21.103
2026-01-18 17:06:17.733,21.102
2026-01-18 17:06:17.752,21.119
2026-01-18 17:06:17.765,21.147
2026-01-18 17:06:17.790,21.163
2026-01-18 17:06:17.790,21.201
2026-01-18 17:06:17.798,21.228
2026-01-18 17:06:17.815,21.249
2026-01-18 17:06:17.831,21.262
2026-01-18 17:06:17.848,21.307
2026-01-18 17:06:17.865,21.334
2026-01-18 17:06:17.866,21.367
2026-01-18 17:06:17.882,21.384
2026-01-18 17:06:17.899,21.399
2026-01-18 17:06:17.916,21.4
2026-01-18 17:06:17.916,21.407
2026-01-18 17:06:17.933,21.423
2026-01-18 17:06:17.949,21.443
2026-01-18 17:06:17.950,21.462
2026-01-18 17:06:17.965,21.47
2026-01-18 17:06:17.982,21.475
2026-01-18 17:06:17.999,21.479
2026-01-18 17:06:18.000,21.494
2026-01-18 17:06:18.016,21.505
2026-01-18 17:06:18.031,21.516
2026-01-18 17:06:18.032,21.544
2026-01-18 17:06:18.048,21.572
2026-01-18 17:06:18.065,21.601
2026-01-18 17:06:18.082,21.632
2026-01-18 17:06:18.083,21.65
2026-01-18 17:06:18.099,21.667
2026-01-18 17:06:18.115,21.676
2026-01-18 17:06:18.116,21.684
2026-01-18 17:06:18.133,21.69
2026-01-18 17:06:18.149,21.7
2026-01-18 17:06:18.166,21.727
2026-01-18 17:06:18.167,21.76
2026-01-18 17:06:18.182,21.793
2026-01-18 17:06:18.200,21.804
2026-01-18 17:06:18.200,21.81
2026-01-18 17:06:18.215,21.823
2026-01-18 17:06:18.233,21.846
2026-01-18 17:06:18.250,21.873
2026-01-18 17:06:18.265,21.898
2026-01-18 17:06:18.282,21.921
2026-01-18 17:06:18.299,21.934
2026-01-18 17:06:18.299,21.941
2026-01-18 17:06:18.316,21.949
2026-01-18 17:06:18.333,21.957
2026-01-18 17:06:18.333,21.973
2026-01-18 17:06:18.348,21.999
2026-01-18 17:06:18.366,22.02
2026-01-18 17:06:18.383,22.033
2026-01-18 17:06:18.383,22.064
2026-01-18 17:06:18.399,22.08
2026-01-18 17:06:18.415,22.101
2026-01-18 17:06:18.441,22.109
2026-01-18 17:06:18.442,22.102
2026-01-18 17:06:18.442,22.109
2026-01-18 17:06:18.453,22.113
2026-01-18 17:06:18.467,22.129
2026-01-18 17:06:18.482,22.154
2026-01-18 17:06:18.499,22.157
2026-01-18 17:06:18.516,22.159
2026-01-18 17:06:18.516,22.178
2026-01-18 17:06:18.532,22.194
2026-01-18 17:06:18.549,22.179
2026-01-18 17:06:18.550,22.175
2026-01-18 17:06:18.565,22.164
2026-01-18 17:06:18.582,22.143
2026-01-18 17:06:18.599,22.151
2026-01-18 17:06:18.600,22.148
2026-01-18 17:06:18.615,22.149
2026-01-18 17:06:18.633,22.152
2026-01-18 17:06:18.634,22.149
2026-01-18 17:06:18.648,22.16
2026-01-18 17:06:18.666,22.155
2026-01-18 17:06:18.682,22.156
2026-01-18 17:06:18.683,22.157
2026-01-18 17:06:18.698,22.163
2026-01-18 17:06:18.715,22.18
2026-01-18 17:06:18.732,22.2
2026-01-18 17:06:18.733,22.218
2026-01-18 17:06:18.748,22.234
2026-01-18 17:06:18.766,22.255
2026-01-18 17:06:18.766,22.273
2026-01-18 17:06:18.787,22.286
2026-01-18 17:06:18.788,22.298
2026-01-18 17:06:18.801,22.323
2026-01-18 17:06:18.815,22.339
2026-01-18 17:06:18.833,22.367
2026-01-18 17:06:18.848,22.396
2026-01-18 17:06:18.849,22.417
2026-01-18 17:06:18.863,22.429
2026-01-18 17:06:18.883,22.436
2026-01-18 17:06:18.899,22.457
2026-01-18 17:06:18.899,22.469
2026-01-18 17:06:18.915,22.484
2026-01-18 17:06:18.932,22.505
2026-01-18 17:06:18.933,22.538
2026-01-18 17:06:18.949,22.57
2026-01-18 17:06:18.966,22.596
2026-01-18 17:06:18.983,22.629
2026-01-18 17:06:18.983,22.654
2026-01-18 17:06:19.000,22.679
2026-01-18 17:06:19.015,22.69
2026-01-18 17:06:19.015,22.699
2026-01-18 17:06:19.033,22.717
2026-01-18 17:06:19.049,22.739
2026-01-18 17:06:19.065,22.779
2026-01-18 17:06:19.066,22.814
2026-01-18 17:06:19.081,22.842
2026-01-18 17:06:19.099,22.875
2026-01-18 17:06:19.116,22.898
2026-01-18 17:06:19.116,22.917
2026-01-18 17:06:19.132,22.933
2026-01-18 17:06:19.149,22.945
2026-01-18 17:06:19.149,22.966
2026-01-18 17:06:19.166,22.992
2026-01-18 17:06:19.182,23.016
2026-01-18 17:06:19.198,23.046
2026-01-18 17:06:19.198,23.082
2026-01-18 17:06:19.216,23.121
2026-01-18 17:06:19.232,23.156
2026-01-18 17:06:19.232,23.185
2026-01-18 17:06:19.249,23.213
2026-01-18 17:06:19.265,23.206
2026-01-18 17:06:19.281,23.177
2026-01-18 17:06:19.282,23.221
2026-01-18 17:06:19.298,23.256
2026-01-18 17:06:19.315,23.151
2026-01-18 17:06:19.331,23.064
2026-01-18 17:06:19.333,22.995
2026-01-18 17:06:19.349,22.948
2026-01-18 17:06:19.366,22.907
2026-01-18 17:06:19.366,22.891
2026-01-18 17:06:19.382,22.888
2026-01-18 17:06:19.400,22.893
2026-01-18 17:06:19.400,22.896
2026-01-18 17:06:19.415,22.9
2026-01-18 17:06:19.432,22.907
2026-01-18 17:06:19.450,22.919
2026-01-18 17:06:19.450,22.922
2026-01-18 17:06:19.466,22.93
2026-01-18 17:06:19.483,22.943
2026-01-18 17:06:19.499,22.96
2026-01-18 17:06:19.499,22.969
2026-01-18 17:06:19.515,22.987
2026-01-18 17:06:19.533,22.994
2026-01-18 17:06:19.533,22.983
2026-01-18 17:06:19.548,22.998
2026-01-18 17:06:19.565,23.011
2026-01-18 17:06:19.582,23.01
2026-01-18 17:06:19.582,23.021
2026-01-18 17:06:19.599,23.025
2026-01-18 17:06:19.615,23.023
2026-01-18 17:06:19.633,23.027
2026-01-18 17:06:19.635,23.034
2026-01-18 17:06:19.648,23.032
2026-01-18 17:06:19.666,23.034
2026-01-18 17:06:19.666,23.048
2026-01-18 17:06:19.683,23.059
2026-01-18 17:06:19.699,23.071
2026-01-18 17:06:19.715,23.083
2026-01-18 17:06:19.716,23.096
2026-01-18 17:06:19.732,23.114
2026-01-18 17:06:19.750,23.124
2026-01-18 17:06:19.751,23.15
2026-01-18 17:06:19.766,23.175
2026-01-18 17:06:19.820,23.199
2026-01-18 17:06:19.822,23.214
2026-01-18 17:06:19.823,23.24
2026-01-18 17:06:19.823,23.259
2026-01-18 17:06:19.823,23.273
2026-01-18 17:06:19.849,23.294
2026-01-18 17:06:19.850,23.291
2026-01-18 17:06:19.866,23.306
2026-01-18 17:06:19.882,23.329
2026-01-18 17:06:19.882,23.345
2026-01-18 17:06:19.899,23.339
2026-01-18 17:06:19.915,23.338
2026-01-18 17:06:19.932,23.35
2026-01-18 17:06:19.933,23.353
2026-01-18 17:06:19.949,23.364
2026-01-18 17:06:19.965,23.378
2026-01-18 17:06:19.966,23.386
2026-01-18 17:06:19.983,23.405
2026-01-18 17:06:19.999,23.417
2026-01-18 17:06:20.015,23.43
2026-01-18 17:06:20.016,23.448
2026-01-18 17:06:20.032,23.472
2026-01-18 17:06:20.049,23.478
2026-01-18 17:06:20.050,23.493
2026-01-18 17:06:20.064,23.528
2026-01-18 17:06:20.083,23.53
2026-01-18 17:06:20.098,23.541
2026-01-18 17:06:20.098,23.578
2026-01-18 17:06:20.113,23.591
2026-01-18 17:06:20.131,23.609
2026-01-18 17:06:20.132,23.623
2026-01-18 17:06:20.147,23.652
2026-01-18 17:06:20.164,23.674
2026-01-18 17:06:20.181,23.693
2026-01-18 17:06:20.182,23.714
2026-01-18 17:06:20.198,23.727
2026-01-18 17:06:20.216,23.751
2026-01-18 17:06:20.216,23.775
2026-01-18 17:06:20.231,23.795
2026-01-18 17:06:20.248,23.803
2026-01-18 17:06:20.265,23.827
2026-01-18 17:06:20.265,23.86
2026-01-18 17:06:20.281,23.89
2026-01-18 17:06:20.298,23.914
2026-01-18 17:06:20.314,23.943
2026-01-18 17:06:20.314,23.982
2026-01-18 17:06:20.331,24.02
2026-01-18 17:06:20.348,23.911
2026-01-18 17:06:20.348,23.819
2026-01-18 17:06:20.364,23.746
2026-01-18 17:06:20.381,23.707
2026-01-18 17:06:20.398,23.672
2026-01-18 17:06:20.399,23.663
2026-01-18 17:06:20.415,23.669
2026-01-18 17:06:20.431,23.677
2026-01-18 17:06:20.449,23.703
2026-01-18 17:06:20.449,23.703
2026-01-18 17:06:20.465,23.717
2026-01-18 17:06:20.481,23.738
2026-01-18 17:06:20.482,23.761
2026-01-18 17:06:20.499,23.778
2026-01-18 17:06:20.515,23.798
2026-01-18 17:06:20.533,23.817
2026-01-18 17:06:20.533,23.838
2026-01-18 17:06:20.548,23.851
2026-01-18 17:06:20.565,23.871
2026-01-18 17:06:20.566,23.882
2026-01-18 17:06:20.582,23.902
2026-01-18 17:06:20.598,23.924
2026-01-18 17:06:20.615,23.931
2026-01-18 17:06:20.615,23.954
2026-01-18 17:06:20.631,23.988
2026-01-18 17:06:20.648,24.013
2026-01-18 17:06:20.649,24.029
2026-01-18 17:06:20.665,24.079
2026-01-18 17:06:20.683,24.113
2026-01-18 17:06:20.699,24.126
2026-01-18 17:06:20.699,24.169
2026-01-18 17:06:20.715,24.198
2026-01-18 17:06:20.732,24.219
2026-01-18 17:06:20.733,24.254
2026-01-18 17:06:20.749,24.249
2026-01-18 17:06:20.764,24.257
2026-01-18 17:06:20.789,24.274
2026-01-18 17:06:20.790,24.299
2026-01-18 17:06:20.798,24.305
2026-01-18 17:06:20.815,24.289
2026-01-18 17:06:20.833,24.275
2026-01-18 17:06:20.833,24.279
2026-01-18 17:06:20.849,24.293
2026-01-18 17:06:20.865,24.278
2026-01-18 17:06:20.866,24.271
2026-01-18 17:06:20.882,24.298
2026-01-18 17:06:20.899,24.313
2026-01-18 17:06:20.900,24.327
2026-01-18 17:06:20.915,24.352
2026-01-18 17:06:20.933,24.365
2026-01-18 17:06:20.949,24.373
2026-01-18 17:06:20.949,24.362
2026-01-18 17:06:20.965,24.344
2026-01-18 17:06:20.982,24.332
2026-01-18 17:06:20.998,24.336
2026-01-18 17:06:20.998,24.367
2026-01-18 17:06:21.015,24.348
2026-01-18 17:06:21.031,24.331
2026-01-18 17:06:21.032,24.333
2026-01-18 17:06:21.049,24.327
2026-01-18 17:06:21.065,24.316
2026-01-18 17:06:21.083,24.329
2026-01-18 17:06:21.083,24.349
2026-01-18 17:06:21.099,24.339
2026-01-18 17:06:21.116,24.346
2026-01-18 17:06:21.117,24.361
2026-01-18 17:06:21.132,24.366
2026-01-18 17:06:21.172,24.382
2026-01-18 17:06:21.173,24.389
2026-01-18 17:06:21.173,24.403
2026-01-18 17:06:21.182,24.413
2026-01-18 17:06:21.199,24.433
2026-01-18 17:06:21.215,24.446
2026-01-18 17:06:21.216,24.478
2026-01-18 17:06:21.232,24.486
2026-01-18 17:06:21.249,24.495
2026-01-18 17:06:21.249,24.491
2026-01-18 17:06:21.265,24.536
2026-01-18 17:06:21.283,24.547
2026-01-18 17:06:21.299,24.558
2026-01-18 17:06:21.299,24.562
2026-01-18 17:06:21.315,24.563
2026-01-18 17:06:21.330,24.59
2026-01-18 17:06:21.347,24.609
2026-01-18 17:06:21.348,24.611
2026-01-18 17:06:21.365,24.621
2026-01-18 17:06:21.381,24.643
2026-01-18 17:06:21.382,24.649
2026-01-18 17:06:21.399,24.667
2026-01-18 17:06:21.415,24.687
2026-01-18 17:06:21.432,24.704
2026-01-18 17:06:21.433,24.729
2026-01-18 17:06:21.448,24.758
2026-01-18 17:06:21.464,24.776
2026-01-18 17:06:21.465,24.828
2026-01-18 17:06:21.481,24.877
2026-01-18 17:06:21.498,24.966
2026-01-18 17:06:21.514,25.011
2026-01-18 17:06:21.514,25.04
2026-01-18 17:06:21.531,25.099
2026-01-18 17:06:21.548,25.121
2026-01-18 17:06:21.548,25.158
2026-01-18 17:06:21.564,25.187
2026-01-18 17:06:21.581,25.214
2026-01-18 17:06:21.598,25.229
2026-01-18 17:06:21.598,25.26
2026-01-18 17:06:21.615,25.283
2026-01-18 17:06:21.631,25.301
2026-01-18 17:06:21.648,25.317
2026-01-18 17:06:21.649,25.342
2026-01-18 17:06:21.665,25.359
2026-01-18 17:06:21.682,25.372
2026-01-18 17:06:21.682,25.391
2026-01-18 17:06:21.699,25.405
2026-01-18 17:06:21.715,25.414
2026-01-18 17:06:21.732,25.433
2026-01-18 17:06:21.732,25.458
2026-01-18 17:06:21.749,25.483
2026-01-18 17:06:21.765,25.512
2026-01-18 17:06:21.766,25.541
2026-01-18 17:06:21.781,25.562
2026-01-18 17:06:21.799,25.583
2026-01-18 17:06:21.820,25.602
2026-01-18 17:06:21.821,25.622
2026-01-18 17:06:21.831,25.637
2026-01-18 17:06:21.849,25.651
2026-01-18 17:06:21.850,25.664
2026-01-18 17:06:21.866,25.685
2026-01-18 17:06:21.882,25.702
2026-01-18 17:06:21.898,25.712
2026-01-18 17:06:21.899,25.727
2026-01-18 17:06:21.915,25.744
2026-01-18 17:06:21.932,25.77
2026-01-18 17:06:21.933,25.793
2026-01-18 17:06:21.948,25.811
2026-01-18 17:06:21.964,25.76
2026-01-18 17:06:21.982,25.785
2026-01-18 17:06:21.982,25.745
2026-01-18 17:06:21.998,25.79
2026-01-18 17:06:22.014,25.675
2026-01-18 17:06:22.032,25.737
2026-01-18 17:06:22.033,25.723
2026-01-18 17:06:22.048,25.649
2026-01-18 17:06:22.065,25.635
2026-01-18 17:06:22.065,25.703
2026-01-18 17:06:22.082,25.766
2026-01-18 17:06:22.099,25.815
2026-01-18 17:06:22.114,25.838
2026-01-18 17:06:22.115,25.755
2026-01-18 17:06:22.131,25.807
2026-01-18 17:06:22.149,25.855
2026-01-18 17:06:22.149,25.885
2026-01-18 17:06:22.165,25.92
2026-01-18 17:06:22.183,25.829
2026-01-18 17:06:22.198,25.826
2026-01-18 17:06:22.198,25.878
2026-01-18 17:06:22.214,25.92
2026-01-18 17:06:22.232,25.968
2026-01-18 17:06:22.233,25.993
2026-01-18 17:06:22.247,26.02
2026-01-18 17:06:22.264,26.036
2026-01-18 17:06:22.282,26.05
2026-01-18 17:06:22.282,26.054
2026-01-18 17:06:22.299,26.061
2026-01-18 17:06:22.314,26.063
2026-01-18 17:06:22.332,26.064
2026-01-18 17:06:22.332,26.07
2026-01-18 17:06:22.347,26.075
2026-01-18 17:06:22.365,26.079
2026-01-18 17:06:22.365,26.093
2026-01-18 17:06:22.382,26.1
2026-01-18 17:06:22.398,26.105
2026-01-18 17:06:22.414,26.121
2026-01-18 17:06:22.414,26.12
2026-01-18 17:06:22.431,26.124
2026-01-18 17:06:22.448,26.126
2026-01-18 17:06:22.449,26.137
2026-01-18 17:06:22.465,26.141
2026-01-18 17:06:22.482,26.149
2026-01-18 17:06:22.498,26.155
2026-01-18 17:06:22.498,26.161
2026-01-18 17:06:22.534,26.157
2026-01-18 17:06:22.534,26.172
2026-01-18 17:06:22.547,26.179
2026-01-18 17:06:22.563,26.193
2026-01-18 17:06:22.580,26.201
2026-01-18 17:06:22.581,26.213
2026-01-18 17:06:22.597,26.221
2026-01-18 17:06:22.614,26.227
2026-01-18 17:06:22.632,26.227
2026-01-18 17:06:22.632,26.226
2026-01-18 17:06:22.649,26.231
2026-01-18 17:06:22.665,26.235
2026-01-18 17:06:22.667,26.233
2026-01-18 17:06:22.682,26.236
2026-01-18 17:06:22.699,26.242
2026-01-18 17:06:22.714,26.241
2026-01-18 17:06:22.714,26.244
2026-01-18 17:06:22.730,26.248
2026-01-18 17:06:22.747,26.254
2026-01-18 17:06:22.764,26.259
2026-01-18 17:06:22.764,26.266
2026-01-18 17:06:22.781,26.276
2026-01-18 17:06:22.797,26.301
2026-01-18 17:06:22.797,26.306
2026-01-18 17:06:22.818,26.313
2026-01-18 17:06:22.831,26.317
2026-01-18 17:06:22.848,26.327
2026-01-18 17:06:22.848,26.331
2026-01-18 17:06:22.865,26.338
2026-01-18 17:06:22.880,26.342
2026-01-18 17:06:22.881,26.344
2026-01-18 17:06:22.898,26.362
2026-01-18 17:06:22.914,26.362
2026-01-18 17:06:22.931,26.371
2026-01-18 17:06:22.947,26.382
2026-01-18 17:06:22.965,26.387
2026-01-18 17:06:22.965,26.392
2026-01-18 17:06:22.997,26.403
2026-01-18 17:06:23.014,26.41
2026-01-18 17:06:23.014,26.417
2026-01-18 17:06:23.031,26.43
2026-01-18 17:06:23.049,26.444
2026-01-18 17:06:23.049,26.46
2026-01-18 17:06:23.064,26.471
2026-01-18 17:06:23.081,26.486
2026-01-18 17:06:23.098,26.495
2026-01-18 17:06:23.099,26.508
2026-01-18 17:06:23.114,26.515
2026-01-18 17:06:23.133,26.528
2026-01-18 17:06:23.133,26.527
2026-01-18 17:06:23.148,26.532
2026-01-18 17:06:23.164,26.538
2026-01-18 17:06:23.181,26.542
2026-01-18 17:06:23.182,26.547
2026-01-18 17:06:23.198,26.557
2026-01-18 17:06:23.215,26.561
2026-01-18 17:06:23.232,26.572
2026-01-18 17:06:23.232,26.577
2026-01-18 17:06:23.248,26.583
2026-01-18 17:06:23.264,26.591
2026-01-18 17:06:23.265,26.59
2026-01-18 17:06:23.282,26.599
2026-01-18 17:06:23.299,26.606
2026-01-18 17:06:23.314,26.612
2026-01-18 17:06:23.315,26.618
2026-01-18 17:06:23.333,26.624
2026-01-18 17:06:23.349,26.635
2026-01-18 17:06:23.349,26.646
2026-01-18 17:06:23.364,26.649
2026-01-18 17:06:23.381,26.653
2026-01-18 17:06:23.398,26.654
2026-01-18 17:06:23.398,26.659
2026-01-18 17:06:23.415,26.674
2026-01-18 17:06:23.432,26.688
2026-01-18 17:06:23.433,26.698
2026-01-18 17:06:23.447,26.71
2026-01-18 17:06:23.464,26.723
2026-01-18 17:06:23.481,26.742
2026-01-18 17:06:23.482,26.75
2026-01-18 17:06:23.498,26.76
2026-01-18 17:06:23.515,26.771
2026-01-18 17:06:23.532,26.782
2026-01-18 17:06:23.533,26.794
2026-01-18 17:06:23.548,26.814
2026-01-18 17:06:23.565,26.826
2026-01-18 17:06:23.565,26.835
2026-01-18 17:06:23.584,26.847
2026-01-18 17:06:23.597,26.858
2026-01-18 17:06:23.615,26.873
2026-01-18 17:06:23.615,26.886
2026-01-18 17:06:23.633,26.904
2026-01-18 17:06:23.649,26.916
2026-01-18 17:06:23.650,26.935
2026-01-18 17:06:23.665,26.951
2026-01-18 17:06:23.682,26.955
2026-01-18 17:06:23.698,26.962
2026-01-18 17:06:23.699,26.976
2026-01-18 17:06:23.714,26.982
2026-01-18 17:06:23.732,26.994
2026-01-18 17:06:23.732,27.01
2026-01-18 17:06:23.747,27.031
2026-01-18 17:06:23.765,27.042
2026-01-18 17:06:23.781,27.06
2026-01-18 17:06:23.782,27.07
2026-01-18 17:06:23.805,27.084
2026-01-18 17:06:23.805,27.1
2026-01-18 17:06:23.833,27.111
2026-01-18 17:06:23.833,27.127
2026-01-18 17:06:23.848,27.143
2026-01-18 17:06:23.887,27.165
2026-01-18 17:06:23.888,27.176
2026-01-18 17:06:23.889,27.186
2026-01-18 17:06:23.889,27.194
2026-01-18 17:06:23.901,27.209
2026-01-18 17:06:23.915,27.222
2026-01-18 17:06:23.932,27.241
2026-01-18 17:06:23.948,27.26
2026-01-18 17:06:23.949,27.271
2026-01-18 17:06:23.964,27.29
2026-01-18 17:06:23.983,27.314
2026-01-18 17:06:23.998,27.331
2026-01-18 17:06:23.999,27.344
2026-01-18 17:06:24.014,27.351
2026-01-18 17:06:24.032,27.36
2026-01-18 17:06:24.032,27.358
2026-01-18 17:06:24.048,27.367
2026-01-18 17:06:24.065,27.374
2026-01-18 17:06:24.082,27.381
2026-01-18 17:06:24.082,27.398
2026-01-18 17:06:24.098,27.421
2026-01-18 17:06:24.114,27.438
2026-01-18 17:06:24.132,27.459
2026-01-18 17:06:24.132,27.481
2026-01-18 17:06:24.148,27.488
2026-01-18 17:06:24.164,27.495
2026-01-18 17:06:24.165,27.502
2026-01-18 17:06:24.181,27.505
2026-01-18 17:06:24.198,27.511
2026-01-18 17:06:24.215,27.517
2026-01-18 17:06:24.215,27.525
2026-01-18 17:06:24.232,27.534
2026-01-18 17:06:24.249,27.544
2026-01-18 17:06:24.250,27.54
2026-01-18 17:06:24.264,27.547
2026-01-18 17:06:24.282,27.551
2026-01-18 17:06:24.297,27.567
2026-01-18 17:06:24.298,27.575
2026-01-18 17:06:24.314,27.585
2026-01-18 17:06:24.332,27.588
2026-01-18 17:06:24.333,27.593
2026-01-18 17:06:24.348,27.593
2026-01-18 17:06:24.365,27.602
2026-01-18 17:06:24.381,27.615
2026-01-18 17:06:24.381,27.617
2026-01-18 17:06:24.399,27.623
2026-01-18 17:06:24.414,27.627
2026-01-18 17:06:24.432,27.64
2026-01-18 17:06:24.432,27.65
2026-01-18 17:06:24.448,27.66
2026-01-18 17:06:24.465,27.678
2026-01-18 17:06:24.465,27.69
2026-01-18 17:06:24.481,27.702
2026-01-18 17:06:24.498,27.713
2026-01-18 17:06:24.514,27.726
2026-01-18 17:06:24.515,27.737
2026-01-18 17:06:24.532,27.748
2026-01-18 17:06:24.549,27.747
2026-01-18 17:06:24.549,27.754
2026-01-18 17:06:24.565,27.758
2026-01-18 17:06:24.581,27.764
2026-01-18 17:06:24.598,27.766
2026-01-18 17:06:24.599,27.77
2026-01-18 17:06:24.614,27.781
2026-01-18 17:06:24.631,27.791
2026-01-18 17:06:24.647,27.797
2026-01-18 17:06:24.647,27.814
2026-01-18 17:06:24.664,27.819
2026-01-18 17:06:24.680,27.838
2026-01-18 17:06:24.681,27.844
2026-01-18 17:06:24.697,27.857
2026-01-18 17:06:24.714,27.867
2026-01-18 17:06:24.730,27.876
2026-01-18 17:06:24.731,27.896
2026-01-18 17:06:24.747,27.906
2026-01-18 17:06:24.764,27.916
2026-01-18 17:06:24.765,27.923
2026-01-18 17:06:24.782,27.927
2026-01-18 17:06:24.805,27.928
2026-01-18 17:06:24.805,27.931
2026-01-18 17:06:24.813,27.934
2026-01-18 17:06:24.832,27.933
2026-01-18 17:06:24.847,27.942
2026-01-18 17:06:24.848,27.959
2026-01-18 17:06:24.865,27.972
2026-01-18 17:06:24.882,27.983
2026-01-18 17:06:24.898,28.004
2026-01-18 17:06:24.898,28.019
2026-01-18 17:06:24.914,28.03
2026-01-18 17:06:24.932,28.048
2026-01-18 17:06:24.947,28.057
2026-01-18 17:06:24.947,28.071
2026-01-18 17:06:24.964,28.081
2026-01-18 17:06:24.981,28.098
2026-01-18 17:06:24.981,28.109
2026-01-18 17:06:24.997,28.113
2026-01-18 17:06:25.014,28.12
2026-01-18 17:06:25.031,28.117
2026-01-18 17:06:25.032,28.127
2026-01-18 17:06:25.048,28.135
2026-01-18 17:06:25.064,28.142
2026-01-18 17:06:25.064,28.146
2026-01-18 17:06:25.081,28.153
2026-01-18 17:06:25.097,28.154
2026-01-18 17:06:25.100,28.15
2026-01-18 17:06:25.113,28.162
2026-01-18 17:06:25.132,28.161
2026-01-18 17:06:25.148,28.169
2026-01-18 17:06:25.149,28.174
2026-01-18 17:06:25.164,28.192
2026-01-18 17:06:25.181,28.203
2026-01-18 17:06:25.197,28.213
2026-01-18 17:06:25.198,28.23
2026-01-18 17:06:25.214,28.231
2026-01-18 17:06:25.231,28.24
2026-01-18 17:06:25.232,28.243
2026-01-18 17:06:25.259,28.257
2026-01-18 17:06:25.260,28.284
2026-01-18 17:06:25.272,28.298
2026-01-18 17:06:25.281,28.321
2026-01-18 17:06:25.298,28.344
2026-01-18 17:06:25.315,28.364
2026-01-18 17:06:25.316,28.39
2026-01-18 17:06:25.331,28.402
2026-01-18 17:06:25.349,28.425
2026-01-18 17:06:25.364,28.447
2026-01-18 17:06:25.365,28.464
2026-01-18 17:06:25.381,28.465
2026-01-18 17:06:25.397,28.476
2026-01-18 17:06:25.413,28.496
2026-01-18 17:06:25.413,28.505
2026-01-18 17:06:25.430,28.516
2026-01-18 17:06:25.449,28.514
2026-01-18 17:06:25.450,28.525
2026-01-18 17:06:25.464,28.529
2026-01-18 17:06:25.481,28.527
2026-01-18 17:06:25.498,28.532
2026-01-18 17:06:25.498,28.539
2026-01-18 17:06:25.514,28.545
2026-01-18 17:06:25.532,28.548
2026-01-18 17:06:25.533,28.554
2026-01-18 17:06:25.548,28.561
2026-01-18 17:06:25.564,28.578
2026-01-18 17:06:25.581,28.594
2026-01-18 17:06:25.582,28.603
2026-01-18 17:06:25.598,28.622
2026-01-18 17:06:25.614,28.636
2026-01-18 17:06:25.632,28.647
2026-01-18 17:06:25.633,28.664
2026-01-18 17:06:25.647,28.675
2026-01-18 17:06:25.665,28.691
2026-01-18 17:06:25.665,28.7
2026-01-18 17:06:25.681,28.712
2026-01-18 17:06:25.698,28.722
2026-01-18 17:06:25.714,28.726
2026-01-18 17:06:25.715,28.735
2026-01-18 17:06:25.732,28.742
2026-01-18 17:06:25.749,28.739
2026-01-18 17:06:25.750,28.733
2026-01-18 17:06:25.765,28.739
2026-01-18 17:06:25.782,28.746
2026-01-18 17:06:25.804,28.762
2026-01-18 17:06:25.805,28.767
2026-01-18 17:06:25.814,28.775
2026-01-18 17:06:25.831,28.783
2026-01-18 17:06:25.847,28.788
2026-01-18 17:06:25.848,28.802
2026-01-18 17:06:25.865,28.821
2026-01-18 17:06:25.881,28.834
2026-01-18 17:06:25.882,28.84
2026-01-18 17:06:25.899,28.846
2026-01-18 17:06:25.914,28.865
2026-01-18 17:06:25.932,28.868
2026-01-18 17:06:25.932,28.886
2026-01-18 17:06:25.948,28.898
2026-01-18 17:06:25.964,28.912
2026-01-18 17:06:25.965,28.926
2026-01-18 17:06:25.980,28.937
2026-01-18 17:06:25.998,28.948
2026-01-18 17:06:26.014,28.959
2026-01-18 17:06:26.015,28.976
2026-01-18 17:06:26.031,28.989
2026-01-18 17:06:26.048,28.999
2026-01-18 17:06:26.048,29.013
2026-01-18 17:06:26.065,29.023
2026-01-18 17:06:26.081,29.035
2026-01-18 17:06:26.098,29.046
2026-01-18 17:06:26.098,29.05
2026-01-18 17:06:26.114,29.054
2026-01-18 17:06:26.131,29.059
2026-01-18 17:06:26.148,29.06
2026-01-18 17:06:26.148,29.061
2026-01-18 17:06:26.164,29.06
2026-01-18 17:06:26.182,29.061
2026-01-18 17:06:26.183,29.063
2026-01-18 17:06:26.198,29.064
2026-01-18 17:06:26.214,29.064
2026-01-18 17:06:26.232,29.076
2026-01-18 17:06:26.233,29.097
2026-01-18 17:06:26.248,29.11
2026-01-18 17:06:26.264,29.127
2026-01-18 17:06:26.265,29.147
2026-01-18 17:06:26.281,29.163
2026-01-18 17:06:26.298,29.186
2026-01-18 17:06:26.314,29.2
2026-01-18 17:06:26.315,29.221
2026-01-18 17:06:26.331,29.231
2026-01-18 17:06:26.347,29.249
2026-01-18 17:06:26.348,29.265
2026-01-18 17:06:26.364,29.273
2026-01-18 17:06:26.381,29.306
2026-01-18 17:06:26.398,29.313
2026-01-18 17:06:26.399,29.321
2026-01-18 17:06:26.413,29.319
2026-01-18 17:06:26.432,29.326
2026-01-18 17:06:26.433,29.324
2026-01-18 17:06:26.448,29.332
2026-01-18 17:06:26.464,29.341
2026-01-18 17:06:26.481,29.35
2026-01-18 17:06:26.482,29.353
2026-01-18 17:06:26.498,29.358
2026-01-18 17:06:26.514,29.359
2026-01-18 17:06:26.532,29.364
2026-01-18 17:06:26.532,29.36
2026-01-18 17:06:26.548,29.37
2026-01-18 17:06:26.564,29.378
2026-01-18 17:06:26.565,29.384
2026-01-18 17:06:26.581,29.385
2026-01-18 17:06:26.598,29.401
2026-01-18 17:06:26.648,29.416
2026-01-18 17:06:26.648,29.425
2026-01-18 17:06:26.649,29.44
2026-01-18 17:06:26.649,29.448
2026-01-18 17:06:26.649,29.46
2026-01-18 17:06:26.665,29.481
2026-01-18 17:06:26.681,29.492
2026-01-18 17:06:26.698,29.506
2026-01-18 17:06:26.699,29.519
2026-01-18 17:06:26.715,29.538
2026-01-18 17:06:26.732,29.552
2026-01-18 17:06:26.732,29.564
2026-01-18 17:06:26.747,29.571
2026-01-18 17:06:26.764,29.578
2026-01-18 17:06:26.781,29.572
2026-01-18 17:06:26.781,29.567
2026-01-18 17:06:26.803,29.573
2026-01-18 17:06:26.804,29.565
2026-01-18 17:06:26.831,29.57
2026-01-18 17:06:26.831,29.58
2026-01-18 17:06:26.847,29.587
2026-01-18 17:06:26.864,29.584
2026-01-18 17:06:26.865,29.586
2026-01-18 17:06:26.880,29.591
2026-01-18 17:06:26.897,29.592
2026-01-18 17:06:26.916,29.603
2026-01-18 17:06:26.916,29.605
2026-01-18 17:06:26.930,29.613
2026-01-18 17:06:26.946,29.625
2026-01-18 17:06:26.962,29.633
2026-01-18 17:06:26.963,29.64
2026-01-18 17:06:26.980,29.656
2026-01-18 17:06:26.997,29.677
2026-01-18 17:06:26.997,29.694
2026-01-18 17:06:27.014,29.713
2026-01-18 17:06:27.031,29.722
2026-01-18 17:06:27.049,29.734
2026-01-18 17:06:27.049,29.751
2026-01-18 17:06:27.065,29.762
2026-01-18 17:06:27.080,29.771
2026-01-18 17:06:27.081,29.78
2026-01-18 17:06:27.097,29.789
2026-01-18 17:06:27.114,29.796
2026-01-18 17:06:27.131,29.804
2026-01-18 17:06:27.132,29.812
2026-01-18 17:06:27.147,29.823
2026-01-18 17:06:27.164,29.835
2026-01-18 17:06:27.165,29.845
2026-01-18 17:06:27.181,29.867
2026-01-18 17:06:27.198,29.873
2026-01-18 17:06:27.215,29.886
2026-01-18 17:06:27.215,29.882
2026-01-18 17:06:27.231,29.893
2026-01-18 17:06:27.248,29.893
2026-01-18 17:06:27.248,29.9
2026-01-18 17:06:27.264,29.913
2026-01-18 17:06:27.281,29.911
2026-01-18 17:06:27.297,29.922
2026-01-18 17:06:27.298,29.929
2026-01-18 17:06:27.314,29.937
2026-01-18 17:06:27.330,29.939
2026-01-18 17:06:27.348,29.941
2026-01-18 17:06:27.348,29.945
2026-01-18 17:06:27.364,29.947
2026-01-18 17:06:27.382,29.961
2026-01-18 17:06:27.383,29.972
2026-01-18 17:06:27.397,29.992
2026-01-18 17:06:27.415,30.001
2026-01-18 17:06:27.430,30.027
2026-01-18 17:06:27.431,30.058
2026-01-18 17:06:27.448,30.079
2026-01-18 17:06:27.464,30.091
2026-01-18 17:06:27.464,30.115
2026-01-18 17:06:27.480,30.128
2026-01-18 17:06:27.497,30.133
2026-01-18 17:06:27.515,30.139
2026-01-18 17:06:27.515,30.148
2026-01-18 17:06:27.531,30.159
2026-01-18 17:06:27.547,30.166
2026-01-18 17:06:27.548,30.172
2026-01-18 17:06:27.564,30.177
2026-01-18 17:06:27.581,30.189
2026-01-18 17:06:27.597,30.192
2026-01-18 17:06:27.597,30.196
2026-01-18 17:06:27.614,30.208
2026-01-18 17:06:27.630,30.22
2026-01-18 17:06:27.647,30.229
2026-01-18 17:06:27.648,30.251
2026-01-18 17:06:27.664,30.259
2026-01-18 17:06:27.681,30.271
2026-01-18 17:06:27.682,30.272
2026-01-18 17:06:27.698,30.283
2026-01-18 17:06:27.714,30.302
2026-01-18 17:06:27.731,30.315
2026-01-18 17:06:27.732,30.317
2026-01-18 17:06:27.747,30.323
2026-01-18 17:06:27.764,30.328
2026-01-18 17:06:27.764,30.344
2026-01-18 17:06:27.781,30.343
2026-01-18 17:06:27.803,30.356
2026-01-18 17:06:27.804,30.368
2026-01-18 17:06:27.814,30.378
2026-01-18 17:06:27.830,30.385
2026-01-18 17:06:27.847,30.389
2026-01-18 17:06:27.864,30.402
2026-01-18 17:06:27.864,30.409
2026-01-18 17:06:27.880,30.424
2026-01-18 17:06:27.898,30.432
2026-01-18 17:06:27.899,30.451
2026-01-18 17:06:27.933,30.461
2026-01-18 17:06:27.933,30.472
2026-01-18 17:06:27.947,30.484
2026-01-18 17:06:27.985,30.486
2026-01-18 17:06:27.986,30.49
2026-01-18 17:06:27.986,30.497
2026-01-18 17:06:27.994,30.509
2026-01-18 17:06:28.015,30.525
2026-01-18 17:06:28.030,30.545
2026-01-18 17:06:28.031,30.566
2026-01-18 17:06:28.047,30.584
2026-01-18 17:06:28.063,30.596
2026-01-18 17:06:28.064,30.615
2026-01-18 17:06:28.081,30.619
2026-01-18 17:06:28.098,30.623
2026-01-18 17:06:28.114,30.64
2026-01-18 17:06:28.114,30.649
2026-01-18 17:06:28.130,30.663
2026-01-18 17:06:28.147,30.674
2026-01-18 17:06:28.148,30.683
2026-01-18 17:06:28.164,30.692
2026-01-18 17:06:28.181,30.707
2026-01-18 17:06:28.197,30.724
2026-01-18 17:06:28.197,30.732
2026-01-18 17:06:28.213,30.739
2026-01-18 17:06:28.230,30.741
2026-01-18 17:06:28.247,30.75
2026-01-18 17:06:28.248,30.754
2026-01-18 17:06:28.264,30.773
2026-01-18 17:06:28.281,30.788
2026-01-18 17:06:28.281,30.799
2026-01-18 17:06:28.297,30.813
2026-01-18 17:06:28.315,30.826
2026-01-18 17:06:28.330,30.838
2026-01-18 17:06:28.331,30.845
2026-01-18 17:06:28.347,30.861
2026-01-18 17:06:28.365,30.87
2026-01-18 17:06:28.365,30.875
2026-01-18 17:06:28.381,30.877
2026-01-18 17:06:28.399,30.893
2026-01-18 17:06:28.414,30.899
2026-01-18 17:06:28.414,30.905
2026-01-18 17:06:28.430,30.923
2026-01-18 17:06:28.447,30.941
2026-01-18 17:06:28.464,30.951
2026-01-18 17:06:28.464,30.964
2026-01-18 17:06:28.482,30.972
2026-01-18 17:06:28.497,30.983
2026-01-18 17:06:28.498,30.986
2026-01-18 17:06:28.513,31.001
2026-01-18 17:06:28.531,31.007
2026-01-18 17:06:28.547,31.016
2026-01-18 17:06:28.548,31.019
2026-01-18 17:06:28.563,31.024
2026-01-18 17:06:28.581,31.029
2026-01-18 17:06:28.582,31.042
2026-01-18 17:06:28.597,31.049
2026-01-18 17:06:28.614,31.058
2026-01-18 17:06:28.632,31.061
2026-01-18 17:06:28.633,31.065
2026-01-18 17:06:28.646,31.067
2026-01-18 17:06:28.663,31.07
2026-01-18 17:06:28.664,31.079
2026-01-18 17:06:28.681,31.095
2026-01-18 17:06:28.697,31.108
2026-01-18 17:06:28.713,31.123
2026-01-18 17:06:28.714,31.129
2026-01-18 17:06:28.731,31.144
2026-01-18 17:06:28.748,31.163
2026-01-18 17:06:28.749,31.177
2026-01-18 17:06:28.764,31.183
2026-01-18 17:06:28.781,31.189
2026-01-18 17:06:28.798,31.196
2026-01-18 17:06:28.798,31.206
2026-01-18 17:06:28.819,31.221
2026-01-18 17:06:28.830,31.236
2026-01-18 17:06:28.848,31.247
2026-01-18 17:06:28.848,31.26
2026-01-18 17:06:28.864,31.272
2026-01-18 17:06:28.881,31.275
2026-01-18 17:06:28.882,31.291
2026-01-18 17:06:28.898,31.301
2026-01-18 17:06:28.914,31.31
2026-01-18 17:06:28.931,31.319
2026-01-18 17:06:28.932,31.33
2026-01-18 17:06:28.948,31.338
2026-01-18 17:06:28.963,31.343
2026-01-18 17:06:28.964,31.349
2026-01-18 17:06:28.981,31.356
2026-01-18 17:06:28.997,31.36
2026-01-18 17:06:29.015,31.364
2026-01-18 17:06:29.015,31.377
2026-01-18 17:06:29.030,31.388
2026-01-18 17:06:29.046,31.393
2026-01-18 17:06:29.048,31.394
2026-01-18 17:06:29.063,31.399
2026-01-18 17:06:29.079,31.403
2026-01-18 17:06:29.096,31.41
2026-01-18 17:06:29.096,31.418
2026-01-18 17:06:29.113,31.43
2026-01-18 17:06:29.129,31.451
2026-01-18 17:06:29.146,31.463
2026-01-18 17:06:29.146,31.473
2026-01-18 17:06:29.163,31.487
2026-01-18 17:06:29.180,31.499
2026-01-18 17:06:29.180,31.503
2026-01-18 17:06:29.197,31.514
2026-01-18 17:06:29.213,31.53
2026-01-18 17:06:29.231,31.533
2026-01-18 17:06:29.231,31.537
2026-01-18 17:06:29.248,31.55
2026-01-18 17:06:29.263,31.563
2026-01-18 17:06:29.264,31.577
2026-01-18 17:06:29.281,31.586
2026-01-18 17:06:29.298,31.603
2026-01-18 17:06:29.314,31.612
2026-01-18 17:06:29.315,31.615
2026-01-18 17:06:29.354,31.633
2026-01-18 17:06:29.355,31.651
2026-01-18 17:06:29.356,31.664
2026-01-18 17:06:29.364,31.671
2026-01-18 17:06:29.380,31.683
2026-01-18 17:06:29.398,31.699
2026-01-18 17:06:29.398,31.711
2026-01-18 17:06:29.414,31.715
2026-01-18 17:06:29.431,31.718
2026-01-18 17:06:29.446,31.725
2026-01-18 17:06:29.446,31.737
2026-01-18 17:06:29.464,31.747
2026-01-18 17:06:29.480,31.763
2026-01-18 17:06:29.480,31.771
2026-01-18 17:06:29.498,31.793
2026-01-18 17:06:29.513,31.8
2026-01-18 17:06:29.531,31.813
2026-01-18 17:06:29.531,31.826
2026-01-18 17:06:29.548,31.839
2026-01-18 17:06:29.564,31.844
2026-01-18 17:06:29.564,31.856
2026-01-18 17:06:29.581,31.873
2026-01-18 17:06:29.597,31.88
2026-01-18 17:06:29.613,31.884
2026-01-18 17:06:29.614,31.904
2026-01-18 17:06:29.631,31.912
2026-01-18 17:06:29.647,31.92
2026-01-18 17:06:29.663,31.926
2026-01-18 17:06:29.664,31.926
2026-01-18 17:06:29.679,31.927
2026-01-18 17:06:29.698,31.93
2026-01-18 17:06:29.698,31.928
2026-01-18 17:06:29.713,31.941
2026-01-18 17:06:29.731,31.954
2026-01-18 17:06:29.746,31.966
2026-01-18 17:06:29.747,31.969
2026-01-18 17:06:29.763,31.972
2026-01-18 17:06:29.781,31.979
2026-01-18 17:06:29.781,31.984
2026-01-18 17:06:29.804,31.993
2026-01-18 17:06:29.805,32.012
2026-01-18 17:06:29.832,32.025
2026-01-18 17:06:29.832,32.04
2026-01-18 17:06:29.846,32.051
2026-01-18 17:06:29.864,32.061
2026-01-18 17:06:29.865,32.068
2026-01-18 17:06:29.880,32.078
2026-01-18 17:06:29.898,32.088
2026-01-18 17:06:29.913,32.099
2026-01-18 17:06:29.914,32.112
2026-01-18 17:06:29.930,32.126
2026-01-18 17:06:29.948,32.139
2026-01-18 17:06:29.964,32.154
2026-01-18 17:06:29.981,32.168
2026-01-18 17:06:29.997,32.183
2026-01-18 17:06:29.998,32.198
2026-01-18 17:06:30.013,32.214
2026-01-18 17:06:30.031,32.219
2026-01-18 17:06:30.047,32.229
2026-01-18 17:06:30.047,32.243
2026-01-18 17:06:30.063,32.256
2026-01-18 17:06:30.080,32.27
2026-01-18 17:06:30.081,32.279
2026-01-18 17:06:30.096,32.284
2026-01-18 17:06:30.113,32.292
2026-01-18 17:06:30.130,32.309
2026-01-18 17:06:30.130,32.318
2026-01-18 17:06:30.146,32.325
2026-01-18 17:06:30.164,32.339
2026-01-18 17:06:30.164,32.355
2026-01-18 17:06:30.182,32.37
2026-01-18 17:06:30.197,32.372
2026-01-18 17:06:30.213,32.379
2026-01-18 17:06:30.214,32.388
2026-01-18 17:06:30.231,32.401
2026-01-18 17:06:30.247,32.411
2026-01-18 17:06:30.248,32.42
2026-01-18 17:06:30.264,32.424
2026-01-18 17:06:30.281,32.44
2026-01-18 17:06:30.297,32.456
2026-01-18 17:06:30.298,32.464
2026-01-18 17:06:30.314,32.489
2026-01-18 17:06:30.331,32.494
2026-01-18 17:06:30.347,32.499
2026-01-18 17:06:30.347,32.518
2026-01-18 17:06:30.364,32.527
2026-01-18 17:06:30.381,32.538
2026-01-18 17:06:30.381,32.543
2026-01-18 17:06:30.397,32.552
2026-01-18 17:06:30.413,32.551
2026-01-18 17:06:30.430,32.56
2026-01-18 17:06:30.431,32.555
2026-01-18 17:06:30.447,32.565
2026-01-18 17:06:30.463,32.576
2026-01-18 17:06:30.480,32.576
2026-01-18 17:06:30.480,32.572
2026-01-18 17:06:30.496,32.57
2026-01-18 17:06:30.513,32.573
2026-01-18 17:06:30.514,32.592
2026-01-18 17:06:30.529,32.61
2026-01-18 17:06:30.547,32.618
2026-01-18 17:06:30.564,32.625
2026-01-18 17:06:30.564,32.637
2026-01-18 17:06:30.580,32.642
2026-01-18 17:06:30.595,32.655
2026-01-18 17:06:30.596,32.663
2026-01-18 17:06:30.614,32.679
2026-01-18 17:06:30.631,32.697
2026-01-18 17:06:30.647,32.705
2026-01-18 17:06:30.648,32.712
2026-01-18 17:06:30.663,32.719
2026-01-18 17:06:30.681,32.724
2026-01-18 17:06:30.715,32.729
2026-01-18 17:06:30.716,32.739
2026-01-18 17:06:30.716,32.746
2026-01-18 17:06:30.747,32.76
2026-01-18 17:06:30.748,32.767
2026-01-18 17:06:30.764,32.777
2026-01-18 17:06:30.764,32.794
2026-01-18 17:06:30.780,32.8
2026-01-18 17:06:30.804,32.81
2026-01-18 17:06:30.804,32.823
2026-01-18 17:06:30.813,32.826
2026-01-18 17:06:30.831,32.83
2026-01-18 17:06:30.850,32.836
2026-01-18 17:06:30.850,32.85
2026-01-18 17:06:30.864,32.861
2026-01-18 17:06:30.881,32.872
2026-01-18 17:06:30.896,32.877
2026-01-18 17:06:30.897,32.883
2026-01-18 17:06:30.913,32.892
2026-01-18 17:06:30.930,32.9
2026-01-18 17:06:30.946,32.908
2026-01-18 17:06:30.964,32.916
2026-01-18 17:06:30.979,32.929
2026-01-18 17:06:30.997,32.935
2026-01-18 17:06:30.998,32.941
2026-01-18 17:06:31.014,32.95
2026-01-18 17:06:31.031,32.956
2026-01-18 17:06:31.032,32.965
2026-01-18 17:06:31.047,32.969
2026-01-18 17:06:31.062,32.974
2026-01-18 17:06:31.080,32.982
2026-01-18 17:06:31.081,32.99
2026-01-18 17:06:31.097,32.996
2026-01-18 17:06:31.113,33.006
2026-01-18 17:06:31.114,33.015
2026-01-18 17:06:31.130,33.031
2026-01-18 17:06:31.147,33.036
2026-01-18 17:06:31.148,33.048
2026-01-18 17:06:31.163,33.057
2026-01-18 17:06:31.181,33.065
2026-01-18 17:06:31.196,33.077
2026-01-18 17:06:31.196,33.088
2026-01-18 17:06:31.212,33.097
2026-01-18 17:06:31.231,33.113
2026-01-18 17:06:31.247,33.127
2026-01-18 17:06:31.247,33.142
2026-01-18 17:06:31.263,33.148
2026-01-18 17:06:31.279,33.15
2026-01-18 17:06:31.280,33.153
2026-01-18 17:06:31.296,33.156
2026-01-18 17:06:31.313,33.157
2026-01-18 17:06:31.329,33.163
2026-01-18 17:06:31.330,33.162
2026-01-18 17:06:31.346,33.173
2026-01-18 17:06:31.362,33.182
2026-01-18 17:06:31.379,33.186
2026-01-18 17:06:31.379,33.195
2026-01-18 17:06:31.396,33.2
2026-01-18 17:06:31.413,33.208
2026-01-18 17:06:31.413,33.217
2026-01-18 17:06:31.430,33.226
2026-01-18 17:06:31.447,33.238
2026-01-18 17:06:31.464,33.245
2026-01-18 17:06:31.464,33.259
2026-01-18 17:06:31.478,33.267
2026-01-18 17:06:31.497,33.277
2026-01-18 17:06:31.499,33.277
2026-01-18 17:06:31.513,33.288
2026-01-18 17:06:31.531,33.303
2026-01-18 17:06:31.548,33.316
2026-01-18 17:06:31.549,33.321
2026-01-18 17:06:31.564,33.324
2026-01-18 17:06:31.581,33.333
2026-01-18 17:06:31.581,33.341
2026-01-18 17:06:31.597,33.349
2026-01-18 17:06:31.613,33.37
2026-01-18 17:06:31.630,33.376
2026-01-18 17:06:31.631,33.385
2026-01-18 17:06:31.648,33.398
2026-01-18 17:06:31.664,33.401
2026-01-18 17:06:31.665,33.41
2026-01-18 17:06:31.679,33.404
2026-01-18 17:06:31.696,33.412
2026-01-18 17:06:31.713,33.429
2026-01-18 17:06:31.713,33.448
2026-01-18 17:06:31.730,33.457
2026-01-18 17:06:31.747,33.464
2026-01-18 17:06:31.762,33.478
2026-01-18 17:06:31.763,33.487
2026-01-18 17:06:31.780,33.493
2026-01-18 17:06:31.801,33.503
2026-01-18 17:06:31.801,33.506
2026-01-18 17:06:31.811,33.519
2026-01-18 17:06:31.845,33.527
2026-01-18 17:06:31.846,33.543
2026-01-18 17:06:31.862,33.552
2026-01-18 17:06:31.879,33.56
2026-01-18 17:06:31.896,33.572
2026-01-18 17:06:31.897,33.582
2026-01-18 17:06:31.912,33.591
2026-01-18 17:06:31.929,33.595
2026-01-18 17:06:31.929,33.601
2026-01-18 17:06:31.948,33.621
2026-01-18 17:06:31.963,33.629
2026-01-18 17:06:31.981,33.64
2026-01-18 17:06:31.981,33.655
2026-01-18 17:06:31.996,33.659
2026-01-18 17:06:32.014,33.671
2026-01-18 17:06:32.014,33.684
2026-01-18 17:06:32.031,33.696
2026-01-18 17:06:32.065,33.695
2026-01-18 17:06:32.066,33.705
2026-01-18 17:06:32.066,33.705
2026-01-18 17:06:32.076,33.705
2026-01-18 17:06:32.097,33.716
2026-01-18 17:06:32.098,33.729
2026-01-18 17:06:32.113,33.748
2026-01-18 17:06:32.131,33.767
2026-01-18 17:06:32.147,33.776
2026-01-18 17:06:32.148,33.793
2026-01-18 17:06:32.163,33.804
2026-01-18 17:06:32.180,33.816
2026-01-18 17:06:32.181,33.828
2026-01-18 17:06:32.196,33.842
2026-01-18 17:06:32.215,33.854
2026-01-18 17:06:32.216,33.862
2026-01-18 17:06:32.230,33.869
2026-01-18 17:06:32.248,33.871
2026-01-18 17:06:32.264,33.872
2026-01-18 17:06:32.280,33.881
2026-01-18 17:06:32.280,33.881
2026-01-18 17:06:32.295,33.881
2026-01-18 17:06:32.313,33.884
2026-01-18 17:06:32.313,33.888
2026-01-18 17:06:32.329,33.891
2026-01-18 17:06:32.346,33.901
2026-01-18 17:06:32.363,33.912
2026-01-18 17:06:32.363,33.927
2026-01-18 17:06:32.380,33.934
2026-01-18 17:06:32.398,33.947
2026-01-18 17:06:32.398,33.955
2026-01-18 17:06:32.413,33.966
2026-01-18 17:06:32.430,33.978
2026-01-18 17:06:32.447,33.983
2026-01-18 17:06:32.448,33.989
2026-01-18 17:06:32.463,33.995
2026-01-18 17:06:32.480,34.006
2026-01-18 17:06:32.481,34.011
2026-01-18 17:06:32.497,34.018
2026-01-18 17:06:32.513,34.025
2026-01-18 17:06:32.531,34.025
2026-01-18 17:06:32.531,34.032
2026-01-18 17:06:32.546,34.039
2026-01-18 17:06:32.564,34.048
2026-01-18 17:06:32.580,34.059
2026-01-18 17:06:32.581,34.077
2026-01-18 17:06:32.597,34.09
2026-01-18 17:06:32.613,34.097
2026-01-18 17:06:32.614,34.114
2026-01-18 17:06:32.630,34.123
2026-01-18 17:06:32.647,34.129
2026-01-18 17:06:32.664,34.136
2026-01-18 17:06:32.664,34.145
2026-01-18 17:06:32.681,34.153
2026-01-18 17:06:32.696,34.155
2026-01-18 17:06:32.697,34.158
2026-01-18 17:06:32.731,34.162
2026-01-18 17:06:32.747,34.167
2026-01-18 17:06:32.748,34.17
2026-01-18 17:06:32.763,34.177
2026-01-18 17:06:32.779,34.192
2026-01-18 17:06:32.797,34.2
2026-01-18 17:06:32.797,34.22
2026-01-18 17:06:32.820,34.234
2026-01-18 17:06:32.820,34.245
2026-01-18 17:06:32.829,34.252
2026-01-18 17:06:32.847,34.263
2026-01-18 17:06:32.863,34.272
2026-01-18 17:06:32.864,34.284
2026-01-18 17:06:32.880,34.293
2026-01-18 17:06:32.897,34.305
2026-01-18 17:06:32.914,34.309
2026-01-18 17:06:32.914,34.311
2026-01-18 17:06:32.930,34.317
2026-01-18 17:06:32.947,34.321
2026-01-18 17:06:32.963,34.334
2026-01-18 17:06:32.964,34.346
2026-01-18 17:06:32.981,34.357
2026-01-18 17:06:32.997,34.364
2026-01-18 17:06:32.998,34.372
2026-01-18 17:06:33.013,34.38
2026-01-18 17:06:33.030,34.398
2026-01-18 17:06:33.047,34.408
2026-01-18 17:06:33.048,34.418
2026-01-18 17:06:33.063,34.431
2026-01-18 17:06:33.080,34.441
2026-01-18 17:06:33.096,34.455
2026-01-18 17:06:33.097,34.459
2026-01-18 17:06:33.112,34.462
2026-01-18 17:06:33.130,34.468
2026-01-18 17:06:33.130,34.481
2026-01-18 17:06:33.146,34.491
2026-01-18 17:06:33.164,34.507
2026-01-18 17:06:33.164,34.518
2026-01-18 17:06:33.180,34.52
2026-01-18 17:06:33.197,34.527
2026-01-18 17:06:33.213,34.536
2026-01-18 17:06:33.214,34.55
2026-01-18 17:06:33.231,34.566
2026-01-18 17:06:33.246,34.577
2026-01-18 17:06:33.263,34.59
2026-01-18 17:06:33.264,34.591
2026-01-18 17:06:33.279,34.594
2026-01-18 17:06:33.297,34.597
2026-01-18 17:06:33.298,34.606
2026-01-18 17:06:33.312,34.607
2026-01-18 17:06:33.329,34.611
2026-01-18 17:06:33.346,34.62
2026-01-18 17:06:33.346,34.634
2026-01-18 17:06:33.363,34.647
2026-01-18 17:06:33.380,34.666
2026-01-18 17:06:33.380,34.672
2026-01-18 17:06:33.397,34.68
2026-01-18 17:06:33.457,34.69
2026-01-18 17:06:33.458,34.693
2026-01-18 17:06:33.458,34.7
2026-01-18 17:06:33.458,34.71
2026-01-18 17:06:33.459,34.724
2026-01-18 17:06:33.466,34.733
2026-01-18 17:06:33.479,34.739
2026-01-18 17:06:33.496,34.748
2026-01-18 17:06:33.513,34.763
2026-01-18 17:06:33.513,34.774
2026-01-18 17:06:33.530,34.781
2026-01-18 17:06:33.546,34.793
2026-01-18 17:06:33.563,34.811
2026-01-18 17:06:33.563,34.816
2026-01-18 17:06:33.579,34.827
2026-01-18 17:06:33.595,34.834
2026-01-18 17:06:33.596,34.842
2026-01-18 17:06:33.612,34.856
2026-01-18 17:06:33.629,34.857
2026-01-18 17:06:33.647,34.861
2026-01-18 17:06:33.647,34.869
2026-01-18 17:06:33.663,34.875
2026-01-18 17:06:33.680,34.883
2026-01-18 17:06:33.681,34.896
2026-01-18 17:06:33.697,34.9
2026-01-18 17:06:33.712,34.901
2026-01-18 17:06:33.730,34.903
2026-01-18 17:06:33.731,34.921
2026-01-18 17:06:33.746,34.926
2026-01-18 17:06:33.762,34.931
2026-01-18 17:06:33.763,34.937
2026-01-18 17:06:33.779,34.948
2026-01-18 17:06:33.796,34.96
2026-01-18 17:06:33.819,34.968
2026-01-18 17:06:33.820,34.977
2026-01-18 17:06:33.829,34.986
2026-01-18 17:06:33.847,34.996
2026-01-18 17:06:33.849,35.008
2026-01-18 17:06:33.862,35.016
2026-01-18 17:06:33.881,35.027
2026-01-18 17:06:33.897,35.04
2026-01-18 17:06:33.897,35.043
2026-01-18 17:06:33.914,35.055
2026-01-18 17:06:33.931,35.07
2026-01-18 17:06:33.946,35.077
2026-01-18 17:06:33.947,35.093
2026-01-18 17:06:33.962,35.098
2026-01-18 17:06:33.980,35.104
2026-01-18 17:06:33.980,35.113
2026-01-18 17:06:33.996,35.126
2026-01-18 17:06:34.012,35.136
2026-01-18 17:06:34.030,35.141
2026-01-18 17:06:34.030,35.151
2026-01-18 17:06:34.047,35.165
2026-01-18 17:06:34.062,35.174
2026-01-18 17:06:34.080,35.181
2026-01-18 17:06:34.081,35.193
2026-01-18 17:06:34.097,35.202
2026-01-18 17:06:34.113,35.216
2026-01-18 17:06:34.114,35.226
2026-01-18 17:06:34.130,35.234
2026-01-18 17:06:34.147,35.252
2026-01-18 17:06:34.148,35.273
2026-01-18 17:06:34.162,35.282
2026-01-18 17:06:34.181,35.293
2026-01-18 17:06:34.197,35.307
2026-01-18 17:06:34.197,35.317
2026-01-18 17:06:34.212,35.329
2026-01-18 17:06:34.230,35.338
2026-01-18 17:06:34.246,35.347
2026-01-18 17:06:34.247,35.352
2026-01-18 17:06:34.263,35.355
2026-01-18 17:06:34.280,35.355
2026-01-18 17:06:34.296,35.352
2026-01-18 17:06:34.297,35.368
2026-01-18 17:06:34.312,35.365
2026-01-18 17:06:34.328,35.368
2026-01-18 17:06:34.329,35.38
2026-01-18 17:06:34.344,35.391
2026-01-18 17:06:34.361,35.397
2026-01-18 17:06:34.380,35.401
2026-01-18 17:06:34.381,35.41
2026-01-18 17:06:34.397,35.417
2026-01-18 17:06:34.413,35.42
2026-01-18 17:06:34.413,35.426
2026-01-18 17:06:34.429,35.437
2026-01-18 17:06:34.447,35.449
2026-01-18 17:06:34.463,35.456
2026-01-18 17:06:34.464,35.477
2026-01-18 17:06:34.480,35.485
2026-01-18 17:06:34.496,35.494
2026-01-18 17:06:34.496,35.499
2026-01-18 17:06:34.512,35.511
2026-01-18 17:06:34.530,35.522
2026-01-18 17:06:34.546,35.536
2026-01-18 17:06:34.547,35.546
2026-01-18 17:06:34.563,35.558
2026-01-18 17:06:34.579,35.568
2026-01-18 17:06:34.580,35.583
2026-01-18 17:06:34.595,35.598
2026-01-18 17:06:34.612,35.608
2026-01-18 17:06:34.629,35.611
2026-01-18 17:06:34.630,35.617
2026-01-18 17:06:34.646,35.62
2026-01-18 17:06:34.663,35.63
2026-01-18 17:06:34.679,35.64
2026-01-18 17:06:34.680,35.646
2026-01-18 17:06:34.696,35.644
2026-01-18 17:06:34.712,35.648
2026-01-18 17:06:34.713,35.659
2026-01-18 17:06:34.729,35.674
2026-01-18 17:06:34.746,35.682
2026-01-18 17:06:34.763,35.696
2026-01-18 17:06:34.763,35.705
2026-01-18 17:06:34.798,35.713
2026-01-18 17:06:34.798,35.722
2026-01-18 17:06:34.799,35.732
2026-01-18 17:06:34.813,35.737
2026-01-18 17:06:34.829,35.753
2026-01-18 17:06:34.846,35.769
2026-01-18 17:06:34.846,35.782
2026-01-18 17:06:34.863,35.791
2026-01-18 17:06:34.879,35.81
2026-01-18 17:06:34.880,35.832
2026-01-18 17:06:34.897,35.848
2026-01-18 17:06:34.914,35.867
2026-01-18 17:06:34.930,35.877
2026-01-18 17:06:34.931,35.889
2026-01-18 17:06:34.946,35.892
2026-01-18 17:06:34.963,35.893
2026-01-18 17:06:34.980,35.902
2026-01-18 17:06:34.981,35.909
2026-01-18 17:06:34.997,35.915
2026-01-18 17:06:35.013,35.926
2026-01-18 17:06:35.013,35.932
2026-01-18 17:06:35.030,35.942
2026-01-18 17:06:35.046,35.957
2026-01-18 17:06:35.062,35.973
2026-01-18 17:06:35.063,35.978
2026-01-18 17:06:35.080,35.986
2026-01-18 17:06:35.096,36.002
2026-01-18 17:06:35.097,36.016
2026-01-18 17:06:35.114,36.027
2026-01-18 17:06:35.131,36.042
2026-01-18 17:06:35.148,36.048
2026-01-18 17:06:35.148,36.07
2026-01-18 17:06:35.164,36.072
2026-01-18 17:06:35.182,36.079
2026-01-18 17:06:35.182,36.089
2026-01-18 17:06:35.196,36.096
2026-01-18 17:06:35.213,36.107
2026-01-18 17:06:35.231,36.11
2026-01-18 17:06:35.232,36.118
2026-01-18 17:06:35.247,36.118
2026-01-18 17:06:35.264,36.123
2026-01-18 17:06:35.265,36.127
2026-01-18 17:06:35.280,36.135
2026-01-18 17:06:35.302,36.135
2026-01-18 17:06:35.313,36.144
2026-01-18 17:06:35.330,36.144
2026-01-18 17:06:35.348,36.146
2026-01-18 17:06:35.363,36.157
2026-01-18 17:06:35.364,36.159
2026-01-18 17:06:35.382,36.164
2026-01-18 17:06:35.396,36.17
2026-01-18 17:06:35.397,36.181
2026-01-18 17:06:35.416,36.189
2026-01-18 17:06:35.430,36.202
2026-01-18 17:06:35.446,36.212
2026-01-18 17:06:35.447,36.225
2026-01-18 17:06:35.464,36.235
2026-01-18 17:06:35.479,36.247
2026-01-18 17:06:35.498,36.255
2026-01-18 17:06:35.499,36.26
2026-01-18 17:06:35.514,36.275
2026-01-18 17:06:35.515,36.288
2026-01-18 17:06:35.530,36.294
2026-01-18 17:06:35.547,36.304
2026-01-18 17:06:35.562,36.318
2026-01-18 17:06:35.586,36.328
2026-01-18 17:06:35.586,36.342
2026-01-18 17:06:35.588,36.362
2026-01-18 17:06:35.612,36.386
2026-01-18 17:06:35.613,36.408
2026-01-18 17:06:35.629,36.437
2026-01-18 17:06:35.646,36.461
2026-01-18 17:06:35.663,36.484
2026-01-18 17:06:35.665,36.505
2026-01-18 17:06:35.679,36.526
2026-01-18 17:06:35.697,36.545
2026-01-18 17:06:35.697,36.563
2026-01-18 17:06:35.712,36.582
2026-01-18 17:06:35.728,36.59
2026-01-18 17:06:35.747,36.597
2026-01-18 17:06:35.747,36.6
2026-01-18 17:06:35.762,36.599
2026-01-18 17:06:35.781,36.6
2026-01-18 17:06:35.781,36.592
2026-01-18 17:06:35.802,36.59
2026-01-18 17:06:35.814,36.595
2026-01-18 17:06:35.828,36.591
2026-01-18 17:06:35.829,36.588
2026-01-18 17:06:35.845,36.595
2026-01-18 17:06:35.862,36.599
2026-01-18 17:06:35.878,36.604
2026-01-18 17:06:35.879,36.617
2026-01-18 17:06:35.896,36.623
2026-01-18 17:06:35.915,36.633
2026-01-18 17:06:35.916,36.644
2026-01-18 17:06:35.931,36.658
2026-01-18 17:06:35.947,36.668
2026-01-18 17:06:35.965,36.679
2026-01-18 17:06:35.965,36.694
2026-01-18 17:06:35.980,36.707
2026-01-18 17:06:35.998,36.727
2026-01-18 17:06:35.998,36.754
2026-01-18 17:06:36.013,36.779
2026-01-18 17:06:36.029,36.799
2026-01-18 17:06:36.046,36.819
2026-01-18 17:06:36.046,36.845
2026-01-18 17:06:36.062,36.869
2026-01-18 17:06:36.079,36.88
2026-01-18 17:06:36.095,36.892
2026-01-18 17:06:36.096,36.911
2026-01-18 17:06:36.112,36.918
2026-01-18 17:06:36.129,36.939
2026-01-18 17:06:36.156,36.958
2026-01-18 17:06:36.156,36.967
2026-01-18 17:06:36.156,36.977
2026-01-18 17:06:36.179,36.982
2026-01-18 17:06:36.180,36.987
2026-01-18 17:06:36.197,37.002
2026-01-18 17:06:36.213,37.013
2026-01-18 17:06:36.213,37.017
2026-01-18 17:06:36.230,37.02
2026-01-18 17:06:36.247,37.023
2026-01-18 17:06:36.263,37.031
2026-01-18 17:06:36.263,37.043
2026-01-18 17:06:36.280,37.047
2026-01-18 17:06:36.311,37.046
2026-01-18 17:06:36.312,37.047
2026-01-18 17:06:36.312,37.056
2026-01-18 17:06:36.353,37.059
2026-01-18 17:06:36.354,37.056
2026-01-18 17:06:36.354,37.071
2026-01-18 17:06:36.408,37.068
2026-01-18 17:06:36.409,37.07
2026-01-18 17:06:36.409,37.076
2026-01-18 17:06:36.409,37.084
2026-01-18 17:06:36.409,37.091
2026-01-18 17:06:36.432,37.094
2026-01-18 17:06:36.432,37.099
2026-01-18 17:06:36.448,37.097
2026-01-18 17:06:36.467,37.102
2026-01-18 17:06:36.470,37.11
2026-01-18 17:06:36.518,37.121
2026-01-18 17:06:36.519,37.125
2026-01-18 17:06:36.519,37.128
2026-01-18 17:06:36.520,37.138
2026-01-18 17:06:36.532,37.137
2026-01-18 17:06:36.547,37.145
2026-01-18 17:06:36.564,37.154
2026-01-18 17:06:36.564,37.156
2026-01-18 17:06:36.582,37.166
2026-01-18 17:06:36.599,37.163
2026-01-18 17:06:36.600,37.18
2026-01-18 17:06:36.614,37.193
2026-01-18 17:06:36.633,37.198
2026-01-18 17:06:36.633,37.204
2026-01-18 17:06:36.647,37.21
2026-01-18 17:06:36.664,37.219
2026-01-18 17:06:36.681,37.219
2026-01-18 17:06:36.682,37.224
2026-01-18 17:06:36.698,37.235
2026-01-18 17:06:36.715,37.24
2026-01-18 17:06:36.732,37.241
2026-01-18 17:06:36.732,37.244
2026-01-18 17:06:36.748,37.252
2026-01-18 17:06:36.765,37.261
2026-01-18 17:06:36.765,37.266
2026-01-18 17:06:36.783,37.28
2026-01-18 17:06:36.806,37.289
2026-01-18 17:06:36.807,37.301
2026-01-18 17:06:36.817,37.307
2026-01-18 17:06:36.831,37.317
2026-01-18 17:06:36.848,37.331
2026-01-18 17:06:36.848,37.345
2026-01-18 17:06:36.865,37.356
2026-01-18 17:06:36.899,37.37
2026-01-18 17:06:36.900,37.383
2026-01-18 17:06:36.914,37.394
2026-01-18 17:06:36.931,37.41
2026-01-18 17:06:36.948,37.428
2026-01-18 17:06:36.948,37.444
2026-01-18 17:06:36.969,37.463
2026-01-18 17:06:36.969,37.485
2026-01-18 17:06:36.981,37.507
2026-01-18 17:06:36.998,37.523
2026-01-18 17:06:37.013,37.54
2026-01-18 17:06:37.031,37.561
2026-01-18 17:06:37.031,37.594
2026-01-18 17:06:37.046,37.614
2026-01-18 17:06:37.063,37.636
2026-01-18 17:06:37.080,37.658
2026-01-18 17:06:37.080,37.688
2026-01-18 17:06:37.096,37.704
2026-01-18 17:06:37.113,37.709
2026-01-18 17:06:37.113,37.723
2026-01-18 17:06:37.130,37.73
2026-01-18 17:06:37.147,37.744
2026-01-18 17:06:37.163,37.755
2026-01-18 17:06:37.163,37.761
2026-01-18 17:06:37.180,37.781
2026-01-18 17:06:37.196,37.797
2026-01-18 17:06:37.196,37.806
2026-01-18 17:06:37.213,37.819
2026-01-18 17:06:37.231,37.821
2026-01-18 17:06:37.247,37.832
2026-01-18 17:06:37.248,37.838
2026-01-18 17:06:37.263,37.867
2026-01-18 17:06:37.280,37.877
2026-01-18 17:06:37.281,37.886
2026-01-18 17:06:37.297,37.895
2026-01-18 17:06:37.312,37.896
2026-01-18 17:06:37.332,37.908
2026-01-18 17:06:37.332,37.957
2026-01-18 17:06:37.347,37.95
2026-01-18 17:06:37.367,37.949
2026-01-18 17:06:37.367,37.933
2026-01-18 17:06:37.382,37.91
2026-01-18 17:06:37.421,37.951
2026-01-18 17:06:37.421,37.932
2026-01-18 17:06:37.421,37.916
2026-01-18 17:06:37.438,37.902
2026-01-18 17:06:37.439,37.939
2026-01-18 17:06:37.473,37.905
2026-01-18 17:06:37.475,37.892
2026-01-18 17:06:37.475,37.879
2026-01-18 17:06:37.496,37.874
2026-01-18 17:06:37.498,37.856
2026-01-18 17:06:37.530,37.849
2026-01-18 17:06:37.531,37.849
2026-01-18 17:06:37.533,37.864
2026-01-18 17:06:37.546,37.868
2026-01-18 17:06:37.562,37.877
2026-01-18 17:06:37.580,37.881
2026-01-18 17:06:37.580,37.877
2026-01-18 17:06:37.594,37.882
2026-01-18 17:06:37.613,37.89
2026-01-18 17:06:37.629,37.9
2026-01-18 17:06:37.629,37.914
2026-01-18 17:06:37.647,37.937
2026-01-18 17:06:37.664,37.956
2026-01-18 17:06:37.665,37.966
2026-01-18 17:06:37.678,37.991
2026-01-18 17:06:37.697,38.013
2026-01-18 17:06:37.714,38.039
2026-01-18 17:06:37.715,38.046
2026-01-18 17:06:37.730,38.057
2026-01-18 17:06:37.745,38.074
2026-01-18 17:06:37.764,38.085
2026-01-18 17:06:37.765,38.105
2026-01-18 17:06:37.779,38.115
2026-01-18 17:06:37.795,38.129
2026-01-18 17:06:37.796,38.146
2026-01-18 17:06:37.812,38.148
2026-01-18 17:06:37.830,38.156
2026-01-18 17:06:37.848,38.161
2026-01-18 17:06:37.849,38.164
2026-01-18 17:06:37.864,38.173
2026-01-18 17:06:37.880,38.175
2026-01-18 17:06:37.880,38.187
2026-01-18 17:06:37.897,38.191
2026-01-18 17:06:37.921,38.192
2026-01-18 17:06:37.921,38.196
2026-01-18 17:06:37.937,38.205
2026-01-18 17:06:37.952,38.204
2026-01-18 17:06:37.953,38.205
2026-01-18 17:06:37.968,38.213
2026-01-18 17:06:37.978,38.225
2026-01-18 17:06:37.997,38.225
2026-01-18 17:06:38.013,38.217
2026-01-18 17:06:38.013,38.226
2026-01-18 17:06:38.030,38.227
2026-01-18 17:06:38.046,38.234
2026-01-18 17:06:38.063,38.232
2026-01-18 17:06:38.064,38.237
2026-01-18 17:06:38.080,38.244
2026-01-18 17:06:38.096,38.25
2026-01-18 17:06:38.096,38.253
2026-01-18 17:06:38.113,38.262
2026-01-18 17:06:38.130,38.268
2026-01-18 17:06:38.147,38.27
2026-01-18 17:06:38.147,38.274
2026-01-18 17:06:38.163,38.283
2026-01-18 17:06:38.179,38.29
2026-01-18 17:06:38.196,38.289
2026-01-18 17:06:38.197,38.297
2026-01-18 17:06:38.212,38.306
2026-01-18 17:06:38.230,38.317
2026-01-18 17:06:38.230,38.327
2026-01-18 17:06:38.245,38.339
2026-01-18 17:06:38.261,38.343
2026-01-18 17:06:38.279,38.347
2026-01-18 17:06:38.280,38.366
2026-01-18 17:06:38.296,38.369
2026-01-18 17:06:38.313,38.367
2026-01-18 17:06:38.313,38.377
2026-01-18 17:06:38.329,38.39
2026-01-18 17:06:38.346,38.4
2026-01-18 17:06:38.362,38.409
2026-01-18 17:06:38.362,38.415
2026-01-18 17:06:38.377,38.421
2026-01-18 17:06:38.396,38.435
2026-01-18 17:06:38.397,38.454
2026-01-18 17:06:38.412,38.462
2026-01-18 17:06:38.429,38.465
2026-01-18 17:06:38.446,38.472
2026-01-18 17:06:38.463,38.486
2026-01-18 17:06:38.482,38.505
2026-01-18 17:06:38.486,38.526
2026-01-18 17:06:38.495,38.546
2026-01-18 17:06:38.512,38.561
2026-01-18 17:06:38.529,38.584
2026-01-18 17:06:38.530,38.597
2026-01-18 17:06:38.545,38.601
2026-01-18 17:06:38.562,38.611
2026-01-18 17:06:38.580,38.632
2026-01-18 17:06:38.580,38.646
2026-01-18 17:06:38.597,38.651
2026-01-18 17:06:38.612,38.659
2026-01-18 17:06:38.613,38.676
2026-01-18 17:06:38.628,38.693
2026-01-18 17:06:38.646,38.705
2026-01-18 17:06:38.662,38.72
2026-01-18 17:06:38.662,38.728
2026-01-18 17:06:38.680,38.736
2026-01-18 17:06:38.696,38.753
2026-01-18 17:06:38.713,38.763
2026-01-18 17:06:38.728,38.769
2026-01-18 17:06:38.747,38.788
2026-01-18 17:06:38.747,38.803
2026-01-18 17:06:38.779,38.814
2026-01-18 17:06:38.779,38.828
2026-01-18 17:06:38.796,38.841
2026-01-18 17:06:38.818,38.856
2026-01-18 17:06:38.819,38.863
2026-01-18 17:06:38.829,38.868
2026-01-18 17:06:38.846,38.882
2026-01-18 17:06:38.863,38.895
2026-01-18 17:06:38.896,38.902
2026-01-18 17:06:38.897,38.911
2026-01-18 17:06:38.905,38.928
2026-01-18 17:06:38.929,38.945
2026-01-18 17:06:38.929,38.954
2026-01-18 17:06:38.946,38.957
2026-01-18 17:06:38.962,38.965
2026-01-18 17:06:38.962,38.976
2026-01-18 17:06:38.978,38.989
2026-01-18 17:06:38.997,38.989
2026-01-18 17:06:38.997,39.004
2026-01-18 17:06:39.012,39.008
2026-01-18 17:06:39.031,39.02
2026-01-18 17:06:39.032,39.026
2026-01-18 17:06:39.046,39.03
2026-01-18 17:06:39.063,39.043
2026-01-18 17:06:39.080,39.054
2026-01-18 17:06:39.080,39.058
2026-01-18 17:06:39.096,39.071
2026-01-18 17:06:39.112,39.085
2026-01-18 17:06:39.129,39.095
2026-01-18 17:06:39.130,39.109
2026-01-18 17:06:39.146,39.125
2026-01-18 17:06:39.163,39.136
2026-01-18 17:06:39.179,39.152
2026-01-18 17:06:39.180,39.168
2026-01-18 17:06:39.195,39.183
2026-01-18 17:06:39.212,39.201
2026-01-18 17:06:39.229,39.22
2026-01-18 17:06:39.230,39.232
2026-01-18 17:06:39.249,39.239
2026-01-18 17:06:39.263,39.255
2026-01-18 17:06:39.280,39.268
2026-01-18 17:06:39.296,39.276
2026-01-18 17:06:39.319,39.289
2026-01-18 17:06:39.321,39.306
2026-01-18 17:06:39.333,39.317
2026-01-18 17:06:39.361,39.329
2026-01-18 17:06:39.363,39.35
2026-01-18 17:06:39.379,39.369
2026-01-18 17:06:39.380,39.377
2026-01-18 17:06:39.396,39.378
2026-01-18 17:06:39.413,39.385
2026-01-18 17:06:39.430,39.397
2026-01-18 17:06:39.431,39.401
2026-01-18 17:06:39.446,39.408
2026-01-18 17:06:39.463,39.408
2026-01-18 17:06:39.480,39.411
2026-01-18 17:06:39.480,39.419
2026-01-18 17:06:39.497,39.422
2026-01-18 17:06:39.512,39.429
2026-01-18 17:06:39.512,39.43
2026-01-18 17:06:39.529,39.442
2026-01-18 17:06:39.546,39.456
2026-01-18 17:06:39.548,39.47
2026-01-18 17:06:39.563,39.484
2026-01-18 17:06:39.579,39.489
2026-01-18 17:06:39.596,39.5
2026-01-18 17:06:39.611,39.509
2026-01-18 17:06:39.629,39.518
2026-01-18 17:06:39.646,39.522
2026-01-18 17:06:39.647,39.53
2026-01-18 17:06:39.662,39.535
2026-01-18 17:06:39.678,39.539
2026-01-18 17:06:39.696,39.55
2026-01-18 17:06:39.697,39.552
2026-01-18 17:06:39.712,39.549
2026-01-18 17:06:39.730,39.556
2026-01-18 17:06:39.731,39.555
2026-01-18 17:06:39.745,39.555
2026-01-18 17:06:39.763,39.564
2026-01-18 17:06:39.764,39.572
2026-01-18 17:06:39.798,39.581
2026-01-18 17:06:39.822,39.59
2026-01-18 17:06:39.825,39.602
2026-01-18 17:06:39.825,39.606
2026-01-18 17:06:39.863,39.618
2026-01-18 17:06:39.864,39.637
2026-01-18 17:06:39.881,39.65
2026-01-18 17:06:39.897,39.664
2026-01-18 17:06:39.898,39.684
2026-01-18 17:06:39.912,39.692
2026-01-18 17:06:39.930,39.698
2026-01-18 17:06:39.946,39.713
2026-01-18 17:06:39.946,39.721
2026-01-18 17:06:39.963,39.727
2026-01-18 17:06:39.981,39.733
2026-01-18 17:06:39.981,39.746
2026-01-18 17:06:39.995,39.751
2026-01-18 17:06:40.012,39.764
2026-01-18 17:06:40.030,39.776
2026-01-18 17:06:40.031,39.794
2026-01-18 17:06:40.046,39.801
2026-01-18 17:06:40.062,39.814
2026-01-18 17:06:40.079,39.819
2026-01-18 17:06:40.095,39.818
2026-01-18 17:06:40.112,39.828
2026-01-18 17:06:40.113,39.835
2026-01-18 17:06:40.129,39.846
2026-01-18 17:06:40.150,39.873
2026-01-18 17:06:40.150,39.88
2026-01-18 17:06:40.168,39.888
2026-01-18 17:06:40.185,39.9
2026-01-18 17:06:40.187,39.914
2026-01-18 17:06:40.196,39.928
2026-01-18 17:06:40.212,39.933
2026-01-18 17:06:40.236,39.941
2026-01-18 17:06:40.237,39.949
2026-01-18 17:06:40.245,39.968
2026-01-18 17:06:40.268,39.979
2026-01-18 17:06:40.270,39.973
2026-01-18 17:06:40.296,39.978
2026-01-18 17:06:40.296,39.978
2026-01-18 17:06:40.312,39.971
2026-01-18 17:06:40.329,39.977
2026-01-18 17:06:40.330,39.976
2026-01-18 17:06:40.345,39.981
2026-01-18 17:06:40.362,39.984
2026-01-18 17:06:40.380,39.988
2026-01-18 17:06:40.380,39.993
2026-01-18 17:06:40.394,39.994
2026-01-18 17:06:40.412,40.004
2026-01-18 17:06:40.412,39.997
2026-01-18 17:06:40.430,39.988
2026-01-18 17:06:40.446,39.983
2026-01-18 17:06:40.464,39.982
2026-01-18 17:06:40.464,39.992
2026-01-18 17:06:40.479,39.991
2026-01-18 17:06:40.495,39.987
2026-01-18 17:06:40.512,39.987
2026-01-18 17:06:40.513,39.983
2026-01-18 17:06:40.529,39.974
2026-01-18 17:06:40.546,39.968
2026-01-18 17:06:40.547,39.958
2026-01-18 17:06:40.562,39.965
2026-01-18 17:06:40.579,39.973
2026-01-18 17:06:40.595,39.988
2026-01-18 17:06:40.596,39.992
2026-01-18 17:06:40.615,40.001
2026-01-18 17:06:40.629,40.001
2026-01-18 17:06:40.645,40.012
2026-01-18 17:06:40.662,40.026
2026-01-18 17:06:40.678,40.048
2026-01-18 17:06:40.679,40.066
2026-01-18 17:06:40.695,40.084
2026-01-18 17:06:40.711,40.096
2026-01-18 17:06:40.712,40.112
2026-01-18 17:06:40.728,40.143
2026-01-18 17:06:40.745,40.196
2026-01-18 17:06:40.762,40.208
2026-01-18 17:06:40.762,40.209
2026-01-18 17:06:40.780,40.212
2026-01-18 17:06:40.795,40.222
2026-01-18 17:06:40.796,40.223
2026-01-18 17:06:40.823,40.233
2026-01-18 17:06:40.823,40.231
2026-01-18 17:06:40.847,40.234
2026-01-18 17:06:40.848,40.239
2026-01-18 17:06:40.862,40.237
2026-01-18 17:06:40.879,40.24
2026-01-18 17:06:40.896,40.258
2026-01-18 17:06:40.896,40.262
2026-01-18 17:06:40.911,40.266
2026-01-18 17:06:40.930,40.271
2026-01-18 17:06:40.930,40.269
2026-01-18 17:06:40.946,40.268
2026-01-18 17:06:40.962,40.279
2026-01-18 17:06:40.978,40.287
2026-01-18 17:06:40.979,40.293
2026-01-18 17:06:40.996,40.295
2026-01-18 17:06:41.011,40.307
2026-01-18 17:06:41.013,40.32
2026-01-18 17:06:41.029,40.324
2026-01-18 17:06:41.046,40.318
2026-01-18 17:06:41.062,40.329
2026-01-18 17:06:41.063,40.33
2026-01-18 17:06:41.080,40.341
2026-01-18 17:06:41.096,40.348
2026-01-18 17:06:41.096,40.351
2026-01-18 17:06:41.112,40.357
2026-01-18 17:06:41.129,40.368
2026-01-18 17:06:41.146,40.38
2026-01-18 17:06:41.147,40.384
2026-01-18 17:06:41.162,40.391
2026-01-18 17:06:41.179,40.399
2026-01-18 17:06:41.196,40.405
2026-01-18 17:06:41.196,40.412
2026-01-18 17:06:41.228,40.418
2026-01-18 17:06:41.245,40.429
2026-01-18 17:06:41.263,40.438
2026-01-18 17:06:41.264,40.445
2026-01-18 17:06:41.278,40.445
2026-01-18 17:06:41.296,40.447
2026-01-18 17:06:41.311,40.461
2026-01-18 17:06:41.312,40.464
2026-01-18 17:06:41.330,40.476
2026-01-18 17:06:41.346,40.481
2026-01-18 17:06:41.350,40.482
2026-01-18 17:06:41.362,40.49
2026-01-18 17:06:41.380,40.493
2026-01-18 17:06:41.396,40.499
2026-01-18 17:06:41.396,40.501
2026-01-18 17:06:41.412,40.499
2026-01-18 17:06:41.430,40.51
2026-01-18 17:06:41.446,40.505
2026-01-18 17:06:41.446,40.506
2026-01-18 17:06:41.462,40.507
2026-01-18 17:06:41.479,40.505
2026-01-18 17:06:41.495,40.512
2026-01-18 17:06:41.496,40.517
2026-01-18 17:06:41.511,40.515
2026-01-18 17:06:41.530,40.505
2026-01-18 17:06:41.531,40.514
2026-01-18 17:06:41.544,40.515
2026-01-18 17:06:41.563,40.535
2026-01-18 17:06:41.564,40.541
2026-01-18 17:06:41.579,40.548
2026-01-18 17:06:41.616,40.556
2026-01-18 17:06:41.617,40.563
2026-01-18 17:06:41.617,40.562
2026-01-18 17:06:41.627,40.568
2026-01-18 17:06:41.645,40.558
2026-01-18 17:06:41.661,40.574
2026-01-18 17:06:41.662,40.585
2026-01-18 17:06:41.679,40.577
2026-01-18 17:06:41.695,40.572
2026-01-18 17:06:41.711,40.559
2026-01-18 17:06:41.711,40.558
2026-01-18 17:06:41.729,40.553
2026-01-18 17:06:41.744,40.531
2026-01-18 17:06:41.744,40.512
2026-01-18 17:06:41.760,40.488
2026-01-18 17:06:41.781,40.463
2026-01-18 17:06:41.781,40.452
2026-01-18 17:06:41.796,40.447
2026-01-18 17:06:41.818,40.43
2026-01-18 17:06:41.819,40.419
2026-01-18 17:06:41.829,40.413
2026-01-18 17:06:41.845,40.403
2026-01-18 17:06:41.862,40.402
2026-01-18 17:06:41.879,40.403
2026-01-18 17:06:41.880,40.408
2026-01-18 17:06:41.895,40.411
2026-01-18 17:06:41.912,40.412
2026-01-18 17:06:41.913,40.418
2026-01-18 17:06:41.930,40.417
2026-01-18 17:06:41.948,40.414
2026-01-18 17:06:41.990,40.414
2026-01-18 17:06:41.990,40.425
2026-01-18 17:06:41.991,40.431
2026-01-18 17:06:42.013,40.429
2026-01-18 17:06:42.014,40.427
2026-01-18 17:06:42.031,40.432
2026-01-18 17:06:42.046,40.434
2026-01-18 17:06:42.047,40.438
2026-01-18 17:06:42.063,40.434
2026-01-18 17:06:42.080,40.432
2026-01-18 17:06:42.081,40.433
2026-01-18 17:06:42.095,40.435
2026-01-18 17:06:42.111,40.428
2026-01-18 17:06:42.128,40.423
2026-01-18 17:06:42.129,40.416
2026-01-18 17:06:42.145,40.427
2026-01-18 17:06:42.178,40.418
2026-01-18 17:06:42.179,40.409
2026-01-18 17:06:42.195,40.406
2026-01-18 17:06:42.212,40.398
2026-01-18 17:06:42.213,40.394
2026-01-18 17:06:42.229,40.397
2026-01-18 17:06:42.246,40.395
2026-01-18 17:06:42.262,40.396
2026-01-18 17:06:42.262,40.395
2026-01-18 17:06:42.279,40.398
2026-01-18 17:06:42.296,40.399
2026-01-18 17:06:42.312,40.405
2026-01-18 17:06:42.312,40.406
2026-01-18 17:06:42.329,40.405
2026-01-18 17:06:42.346,40.41
2026-01-18 17:06:42.347,40.415
2026-01-18 17:06:42.361,40.419
2026-01-18 17:06:42.379,40.433
2026-01-18 17:06:42.380,40.425
2026-01-18 17:06:42.396,40.426
2026-01-18 17:06:42.413,40.423
2026-01-18 17:06:42.430,40.423
2026-01-18 17:06:42.430,40.423
2026-01-18 17:06:42.445,40.415
2026-01-18 17:06:42.461,40.411
2026-01-18 17:06:42.479,40.406
2026-01-18 17:06:42.480,40.402
2026-01-18 17:06:42.496,40.393
2026-01-18 17:06:42.512,40.384
2026-01-18 17:06:42.513,40.379
2026-01-18 17:06:42.529,40.374
2026-01-18 17:06:42.545,40.369
2026-01-18 17:06:42.562,40.365
2026-01-18 17:06:42.563,40.362
2026-01-18 17:06:42.578,40.355
2026-01-18 17:06:42.595,40.352
2026-01-18 17:06:42.612,40.347
2026-01-18 17:06:42.612,40.359
2026-01-18 17:06:42.629,40.361
2026-01-18 17:06:42.645,40.354
2026-01-18 17:06:42.645,40.35
2026-01-18 17:06:42.661,40.344
2026-01-18 17:06:42.678,40.343
2026-01-18 17:06:42.696,40.339
2026-01-18 17:06:42.697,40.344
2026-01-18 17:06:42.712,40.338
2026-01-18 17:06:42.729,40.338
2026-01-18 17:06:42.729,40.334
2026-01-18 17:06:42.745,40.333
2026-01-18 17:06:42.762,40.334
2026-01-18 17:06:42.779,40.33
2026-01-18 17:06:42.780,40.328
2026-01-18 17:06:42.796,40.32
2026-01-18 17:06:42.818,40.319
2026-01-18 17:06:42.818,40.315
2026-01-18 17:06:42.828,40.311
2026-01-18 17:06:42.845,40.305
2026-01-18 17:06:42.862,40.32
2026-01-18 17:06:42.862,40.309
2026-01-18 17:06:42.879,40.301
2026-01-18 17:06:42.895,40.292
2026-01-18 17:06:42.912,40.282
2026-01-18 17:06:42.913,40.271
2026-01-18 17:06:42.930,40.267
2026-01-18 17:06:42.946,40.261
2026-01-18 17:06:42.946,40.261
2026-01-18 17:06:42.982,40.258
2026-01-18 17:06:42.983,40.246
2026-01-18 17:06:42.983,40.24
2026-01-18 17:06:43.013,40.234
2026-01-18 17:06:43.014,40.229
2026-01-18 17:06:43.029,40.224
2026-01-18 17:06:43.029,40.218
2026-01-18 17:06:43.045,40.213
2026-01-18 17:06:43.062,40.212
2026-01-18 17:06:43.077,40.203
2026-01-18 17:06:43.077,40.194
2026-01-18 17:06:43.095,40.187
2026-01-18 17:06:43.111,40.188
2026-01-18 17:06:43.112,40.185
2026-01-18 17:06:43.129,40.186
2026-01-18 17:06:43.145,40.18
2026-01-18 17:06:43.162,40.178
2026-01-18 17:06:43.163,40.179
2026-01-18 17:06:43.180,40.184
2026-01-18 17:06:43.196,40.189
2026-01-18 17:06:43.197,40.184
2026-01-18 17:06:43.212,40.174
2026-01-18 17:06:43.228,40.174
2026-01-18 17:06:43.246,40.17
2026-01-18 17:06:43.246,40.163
2026-01-18 17:06:43.262,40.157
2026-01-18 17:06:43.278,40.152
2026-01-18 17:06:43.296,40.154
2026-01-18 17:06:43.296,40.161
2026-01-18 17:06:43.312,40.159
2026-01-18 17:06:43.328,40.157
2026-01-18 17:06:43.329,40.154
2026-01-18 17:06:43.345,40.149
2026-01-18 17:06:43.362,40.146
2026-01-18 17:06:43.379,40.14
2026-01-18 17:06:43.380,40.131
2026-01-18 17:06:43.394,40.121
2026-01-18 17:06:43.411,40.117
2026-01-18 17:06:43.430,40.111
2026-01-18 17:06:43.430,40.113
2026-01-18 17:06:43.446,40.114
2026-01-18 17:06:43.461,40.114
2026-01-18 17:06:43.461,40.12
2026-01-18 17:06:43.479,40.129
2026-01-18 17:06:43.495,40.13
2026-01-18 17:06:43.512,40.133
2026-01-18 17:06:43.512,40.131
2026-01-18 17:06:43.528,40.128
2026-01-18 17:06:43.545,40.128
2026-01-18 17:06:43.546,40.135
2026-01-18 17:06:43.561,40.146
2026-01-18 17:06:43.579,40.154
2026-01-18 17:06:43.595,40.163
2026-01-18 17:06:43.596,40.162
2026-01-18 17:06:43.612,40.163
2026-01-18 17:06:43.628,40.165
2026-01-18 17:06:43.628,40.156
2026-01-18 17:06:43.646,40.141
2026-01-18 17:06:43.661,40.128
2026-01-18 17:06:43.678,40.114
2026-01-18 17:06:43.679,40.114
2026-01-18 17:06:43.694,40.108
2026-01-18 17:06:43.712,40.102
2026-01-18 17:06:43.712,40.09
2026-01-18 17:06:43.729,40.089
2026-01-18 17:06:43.746,40.08
2026-01-18 17:06:43.763,40.075
2026-01-18 17:06:43.764,40.078
2026-01-18 17:06:43.779,40.085
2026-01-18 17:06:43.795,40.078
2026-01-18 17:06:43.811,40.06
2026-01-18 17:06:43.812,40.056
2026-01-18 17:06:43.836,40.054
2026-01-18 17:06:43.836,40.062
2026-01-18 17:06:43.845,40.064
2026-01-18 17:06:43.864,40.069
2026-01-18 17:06:43.878,40.077
2026-01-18 17:06:43.896,40.085
2026-01-18 17:06:43.897,40.087
2026-01-18 17:06:43.911,40.092
2026-01-18 17:06:43.929,40.099
2026-01-18 17:06:43.929,40.103
2026-01-18 17:06:43.945,40.1
2026-01-18 17:06:43.961,40.094
2026-01-18 17:06:43.979,40.086
2026-01-18 17:06:43.979,40.086
2026-01-18 17:06:44.003,40.09
2026-01-18 17:06:44.005,40.083
2026-01-18 17:06:44.021,40.074
2026-01-18 17:06:44.046,40.064
2026-01-18 17:06:44.046,40.054
2026-01-18 17:06:44.062,40.044
2026-01-18 17:06:44.062,40.03
2026-01-18 17:06:44.079,40.01
2026-01-18 17:06:44.095,40.002
2026-01-18 17:06:44.096,39.99
2026-01-18 17:06:44.112,39.979
2026-01-18 17:06:44.129,39.975
2026-01-18 17:06:44.145,39.972
2026-01-18 17:06:44.146,39.972
2026-01-18 17:06:44.161,39.963
2026-01-18 17:06:44.179,39.965
2026-01-18 17:06:44.195,39.964
2026-01-18 17:06:44.196,39.964
2026-01-18 17:06:44.212,39.959
2026-01-18 17:06:44.228,39.957
2026-01-18 17:06:44.228,39.964
2026-01-18 17:06:44.245,39.976
2026-01-18 17:06:44.261,39.984
2026-01-18 17:06:44.278,39.992
2026-01-18 17:06:44.294,39.998
2026-01-18 17:06:44.311,40.0
2026-01-18 17:06:44.337,39.999
2026-01-18 17:06:44.338,40.004
2026-01-18 17:06:44.338,39.997
2026-01-18 17:06:44.348,39.987
2026-01-18 17:06:44.362,39.98
2026-01-18 17:06:44.379,39.977
2026-01-18 17:06:44.395,39.977
2026-01-18 17:06:44.396,39.976
2026-01-18 17:06:44.411,39.981
2026-01-18 17:06:44.428,39.979
2026-01-18 17:06:44.444,39.981
2026-01-18 17:06:44.445,39.98
2026-01-18 17:06:44.461,39.976
2026-01-18 17:06:44.478,39.978
2026-01-18 17:06:44.495,39.994
2026-01-18 17:06:44.496,39.987
2026-01-18 17:06:44.511,39.986
2026-01-18 17:06:44.529,39.982
2026-01-18 17:06:44.530,39.971
2026-01-18 17:06:44.546,39.97
2026-01-18 17:06:44.561,39.976
2026-01-18 17:06:44.577,39.974
2026-01-18 17:06:44.577,39.971
2026-01-18 17:06:44.597,39.96
2026-01-18 17:06:44.614,39.949
2026-01-18 17:06:44.614,39.949
2026-01-18 17:06:44.635,39.948
2026-01-18 17:06:44.636,39.945
2026-01-18 17:06:44.651,39.933
2026-01-18 17:06:44.667,39.93
2026-01-18 17:06:44.677,39.925
2026-01-18 17:06:44.694,39.923
2026-01-18 17:06:44.712,39.918
2026-01-18 17:06:44.712,39.92
2026-01-18 17:06:44.728,39.917
2026-01-18 17:06:44.744,39.918
2026-01-18 17:06:44.745,39.919
2026-01-18 17:06:44.761,39.914
2026-01-18 17:06:44.777,39.915
2026-01-18 17:06:44.794,39.904
2026-01-18 17:06:44.794,39.891
2026-01-18 17:06:44.812,39.888
2026-01-18 17:06:44.834,39.89
2026-01-18 17:06:44.834,39.894
2026-01-18 17:06:44.845,39.885
2026-01-18 17:06:44.880,39.879
2026-01-18 17:06:44.880,39.867
2026-01-18 17:06:44.896,39.863
2026-01-18 17:06:44.912,39.862
2026-01-18 17:06:44.913,39.864
2026-01-18 17:06:44.928,39.869
2026-01-18 17:06:44.945,39.869
2026-01-18 17:06:44.961,39.873
2026-01-18 17:06:44.962,39.878
2026-01-18 17:06:44.979,39.895
2026-01-18 17:06:44.995,39.899
2026-01-18 17:06:44.996,39.905
2026-01-18 17:06:45.011,39.902
2026-01-18 17:06:45.027,39.907
2026-01-18 17:06:45.045,39.91
2026-01-18 17:06:45.046,39.913
2026-01-18 17:06:45.061,39.923
2026-01-18 17:06:45.078,39.94
2026-01-18 17:06:45.095,39.953
2026-01-18 17:06:45.096,39.967
2026-01-18 17:06:45.111,39.985
2026-01-18 17:06:45.129,39.988
2026-01-18 17:06:45.129,39.985
2026-01-18 17:06:45.146,39.992
2026-01-18 17:06:45.161,39.996
2026-01-18 17:06:45.180,40.002
2026-01-18 17:06:45.181,40.015
2026-01-18 17:06:45.194,39.978
2026-01-18 17:06:45.211,39.987
2026-01-18 17:06:45.229,39.984
2026-01-18 17:06:45.230,39.997
2026-01-18 17:06:45.245,40.005
2026-01-18 17:06:45.261,39.976
2026-01-18 17:06:45.262,39.967
2026-01-18 17:06:45.278,39.998
2026-01-18 17:06:45.295,40.017
2026-01-18 17:06:45.311,40.066
2026-01-18 17:06:45.328,40.073
2026-01-18 17:06:45.344,40.087
2026-01-18 17:06:45.345,40.091
2026-01-18 17:06:45.363,40.089
2026-01-18 17:06:45.377,40.097
2026-01-18 17:06:45.395,40.102
2026-01-18 17:06:45.396,40.199
2026-01-18 17:06:45.412,40.282
2026-01-18 17:06:45.429,40.348
2026-01-18 17:06:45.429,40.311
2026-01-18 17:06:45.445,40.373
2026-01-18 17:06:45.461,40.427
2026-01-18 17:06:45.478,40.467
2026-01-18 17:06:45.479,40.505
2026-01-18 17:06:45.495,40.362
2026-01-18 17:06:45.511,40.247
2026-01-18 17:06:45.529,40.265
2026-01-18 17:06:45.530,40.153
2026-01-18 17:06:45.561,40.03
2026-01-18 17:06:45.561,39.932
2026-01-18 17:06:45.580,39.886
2026-01-18 17:06:45.595,39.842
2026-01-18 17:06:45.596,39.805
2026-01-18 17:06:45.613,39.745
2026-01-18 17:06:45.628,39.729
2026-01-18 17:06:45.645,39.716
2026-01-18 17:06:45.645,39.703
2026-01-18 17:06:45.660,39.683
2026-01-18 17:06:45.678,39.648
2026-01-18 17:06:45.712,39.643
2026-01-18 17:06:45.712,39.637
2026-01-18 17:06:45.714,39.632
2026-01-18 17:06:45.723,39.628
2026-01-18 17:06:45.744,39.625
2026-01-18 17:06:45.745,39.621
2026-01-18 17:06:45.762,39.617
2026-01-18 17:06:45.777,39.603
2026-01-18 17:06:45.777,39.597
2026-01-18 17:06:45.802,39.585
2026-01-18 17:06:45.815,39.573
2026-01-18 17:06:45.829,39.563
2026-01-18 17:06:45.845,39.578
2026-01-18 17:06:45.862,39.568
2026-01-18 17:06:45.863,39.558
2026-01-18 17:06:45.880,39.553
2026-01-18 17:06:45.895,39.547
2026-01-18 17:06:45.911,39.548
2026-01-18 17:06:45.912,39.541
2026-01-18 17:06:45.929,39.539
2026-01-18 17:06:45.945,39.543
2026-01-18 17:06:45.945,39.542
2026-01-18 17:06:45.979,39.541
2026-01-18 17:06:45.980,39.547
2026-01-18 17:06:45.995,39.549
2026-01-18 17:06:46.010,39.55
2026-01-18 17:06:46.029,39.552
2026-01-18 17:06:46.029,39.56
2026-01-18 17:06:46.046,39.56
2026-01-18 17:06:46.062,39.553
2026-01-18 17:06:46.079,39.549
2026-01-18 17:06:46.079,39.55
2026-01-18 17:06:46.095,39.549
2026-01-18 17:06:46.111,39.547
2026-01-18 17:06:46.112,39.548
2026-01-18 17:06:46.130,39.549
2026-01-18 17:06:46.146,39.548
2026-01-18 17:06:46.163,39.548
2026-01-18 17:06:46.163,39.546
2026-01-18 17:06:46.178,39.544
2026-01-18 17:06:46.195,39.541
2026-01-18 17:06:46.195,39.536
2026-01-18 17:06:46.211,39.54
2026-01-18 17:06:46.229,39.534
2026-01-18 17:06:46.245,39.531
2026-01-18 17:06:46.245,39.526
2026-01-18 17:06:46.261,39.523
2026-01-18 17:06:46.277,39.514
2026-01-18 17:06:46.296,39.517
2026-01-18 17:06:46.297,39.518
2026-01-18 17:06:46.311,39.518
2026-01-18 17:06:46.327,39.521
2026-01-18 17:06:46.328,39.53
2026-01-18 17:06:46.345,39.537
2026-01-18 17:06:46.362,39.545
2026-01-18 17:06:46.378,39.554
2026-01-18 17:06:46.379,39.553
2026-01-18 17:06:46.394,39.552
2026-01-18 17:06:46.414,39.551
2026-01-18 17:06:46.415,39.554
2026-01-18 17:06:46.441,39.554
2026-01-18 17:06:46.441,39.55
2026-01-18 17:06:46.461,39.554
2026-01-18 17:06:46.461,39.555
2026-01-18 17:06:46.478,39.552
2026-01-18 17:06:46.495,39.556
2026-01-18 17:06:46.511,39.557
2026-01-18 17:06:46.512,39.556
2026-01-18 17:06:46.529,39.556
2026-01-18 17:06:46.545,39.549
2026-01-18 17:06:46.546,39.543
2026-01-18 17:06:46.561,39.542
2026-01-18 17:06:46.579,39.542
2026-01-18 17:06:46.594,39.534
2026-01-18 17:06:46.594,39.525
2026-01-18 17:06:46.611,39.524
2026-01-18 17:06:46.628,39.527
2026-01-18 17:06:46.645,39.527
2026-01-18 17:06:46.646,39.53
2026-01-18 17:06:46.661,39.527
2026-01-18 17:06:46.678,39.529
2026-01-18 17:06:46.679,39.532
2026-01-18 17:06:46.698,39.531
2026-01-18 17:06:46.711,39.53
2026-01-18 17:06:46.727,39.528
2026-01-18 17:06:46.728,39.529
2026-01-18 17:06:46.746,39.525
2026-01-18 17:06:46.761,39.527
2026-01-18 17:06:46.761,39.523
2026-01-18 17:06:46.779,39.524
2026-01-18 17:06:46.794,39.521
2026-01-18 17:06:46.819,39.514
2026-01-18 17:06:46.819,39.514
2026-01-18 17:06:46.828,39.509
2026-01-18 17:06:46.844,39.514
2026-01-18 17:06:46.844,39.512
2026-01-18 17:06:46.861,39.509
2026-01-18 17:06:46.877,39.507
2026-01-18 17:06:46.893,39.501
2026-01-18 17:06:46.894,39.499
2026-01-18 17:06:46.910,39.495
2026-01-18 17:06:46.927,39.499
2026-01-18 17:06:46.928,39.498
2026-01-18 17:06:46.944,39.495
2026-01-18 17:06:46.961,39.496
2026-01-18 17:06:46.999,39.492
2026-01-18 17:06:47.001,39.491
2026-01-18 17:06:47.001,39.485
2026-01-18 17:06:47.013,39.479
2026-01-18 17:06:47.027,39.479
2026-01-18 17:06:47.089,39.473
2026-01-18 17:06:47.090,39.469
2026-01-18 17:06:47.091,39.472
2026-01-18 17:06:47.091,39.465
2026-01-18 17:06:47.092,39.469
2026-01-18 17:06:47.099,39.469
2026-01-18 17:06:47.112,39.472
2026-01-18 17:06:47.127,39.467
2026-01-18 17:06:47.145,39.46
2026-01-18 17:06:47.146,39.459
2026-01-18 17:06:47.162,39.461
2026-01-18 17:06:47.178,39.464
2026-01-18 17:06:47.195,39.463
2026-01-18 17:06:47.195,39.465
2026-01-18 17:06:47.212,39.471
2026-01-18 17:06:47.228,39.468
2026-01-18 17:06:47.228,39.475
2026-01-18 17:06:47.244,39.474
2026-01-18 17:06:47.261,39.476
2026-01-18 17:06:47.279,39.479
2026-01-18 17:06:47.279,39.481
2026-01-18 17:06:47.293,39.484
2026-01-18 17:06:47.310,39.481
2026-01-18 17:06:47.330,39.479
2026-01-18 17:06:47.330,39.477
2026-01-18 17:06:47.345,39.474
2026-01-18 17:06:47.362,39.471
2026-01-18 17:06:47.362,39.483
2026-01-18 17:06:47.379,39.489
2026-01-18 17:06:47.396,39.488
2026-01-18 17:06:47.396,39.493
2026-01-18 17:06:47.411,39.499
2026-01-18 17:06:47.428,39.488
2026-01-18 17:06:47.444,39.49
2026-01-18 17:06:47.445,39.495
2026-01-18 17:06:47.460,39.495
2026-01-18 17:06:47.479,39.489
2026-01-18 17:06:47.479,39.491
2026-01-18 17:06:47.495,39.496
2026-01-18 17:06:47.511,39.488
2026-01-18 17:06:47.528,39.485
2026-01-18 17:06:47.529,39.491
2026-01-18 17:06:47.544,39.491
2026-01-18 17:06:47.561,39.48
2026-01-18 17:06:47.578,39.477
2026-01-18 17:06:47.579,39.477
2026-01-18 17:06:47.595,39.489
2026-01-18 17:06:47.611,39.485
2026-01-18 17:06:47.629,39.494
2026-01-18 17:06:47.630,39.494
2026-01-18 17:06:47.645,39.485
2026-01-18 17:06:47.660,39.492
2026-01-18 17:06:47.661,39.496
2026-01-18 17:06:47.678,39.49
2026-01-18 17:06:47.694,39.487
2026-01-18 17:06:47.710,39.487
2026-01-18 17:06:47.712,39.488
2026-01-18 17:06:47.728,39.48
2026-01-18 17:06:47.744,39.48
2026-01-18 17:06:47.745,39.483
2026-01-18 17:06:47.761,39.484
2026-01-18 17:06:47.778,39.484
2026-01-18 17:06:47.794,39.488
2026-01-18 17:06:47.795,39.493
2026-01-18 17:06:47.811,39.5
2026-01-18 17:06:47.834,39.494
2026-01-18 17:06:47.835,39.503
2026-01-18 17:06:47.844,39.509
2026-01-18 17:06:47.861,39.501
2026-01-18 17:06:47.878,39.506
2026-01-18 17:06:47.879,39.515
2026-01-18 17:06:47.896,39.517
2026-01-18 17:06:47.911,39.504
2026-01-18 17:06:47.927,39.509
2026-01-18 17:06:47.927,39.508
2026-01-18 17:06:47.945,39.499
2026-01-18 17:06:47.961,39.493
2026-01-18 17:06:47.961,39.492
2026-01-18 17:06:47.977,39.497
2026-01-18 17:06:47.994,39.49
2026-01-18 17:06:48.011,39.476
2026-01-18 17:06:48.028,39.482
2026-01-18 17:06:48.044,39.474
2026-01-18 17:06:48.045,39.475
2026-01-18 17:06:48.060,39.478
2026-01-18 17:06:48.078,39.479
2026-01-18 17:06:48.093,39.47
2026-01-18 17:06:48.094,39.468
2026-01-18 17:06:48.110,39.468
2026-01-18 17:06:48.129,39.464
2026-01-18 17:06:48.130,39.462
2026-01-18 17:06:48.144,39.46
2026-01-18 17:06:48.161,39.461
2026-01-18 17:06:48.178,39.461
2026-01-18 17:06:48.178,39.455
2026-01-18 17:06:48.195,39.457
2026-01-18 17:06:48.211,39.461
2026-01-18 17:06:48.212,39.456
2026-01-18 17:06:48.228,39.451
2026-01-18 17:06:48.260,39.456
2026-01-18 17:06:48.261,39.46
2026-01-18 17:06:48.277,39.46
2026-01-18 17:06:48.294,39.459
2026-01-18 17:06:48.310,39.465
2026-01-18 17:06:48.311,39.462
2026-01-18 17:06:48.327,39.455
2026-01-18 17:06:48.344,39.449
2026-01-18 17:06:48.345,39.448
2026-01-18 17:06:48.361,39.448
2026-01-18 17:06:48.378,39.447
2026-01-18 17:06:48.393,39.451
2026-01-18 17:06:48.396,39.452
2026-01-18 17:06:48.431,39.448
2026-01-18 17:06:48.431,39.447
2026-01-18 17:06:48.432,39.441
2026-01-18 17:06:48.460,39.445
2026-01-18 17:06:48.461,39.449
2026-01-18 17:06:48.477,39.446
2026-01-18 17:06:48.477,39.45
2026-01-18 17:06:48.511,39.451
2026-01-18 17:06:48.529,39.447
2026-01-18 17:06:48.529,39.448
2026-01-18 17:06:48.544,39.452
2026-01-18 17:06:48.561,39.462
2026-01-18 17:06:48.562,39.456
2026-01-18 17:06:48.578,39.45
2026-01-18 17:06:48.594,39.456
2026-01-18 17:06:48.611,39.457
2026-01-18 17:06:48.612,39.461
2026-01-18 17:06:48.628,39.457
2026-01-18 17:06:48.644,39.46
2026-01-18 17:06:48.645,39.459
2026-01-18 17:06:48.661,39.459
2026-01-18 17:06:48.677,39.457
2026-01-18 17:06:48.695,39.458
2026-01-18 17:06:48.695,39.455
2026-01-18 17:06:48.710,39.457
2026-01-18 17:06:48.728,39.458
2026-01-18 17:06:48.729,39.475
2026-01-18 17:06:48.744,39.48
2026-01-18 17:06:48.760,39.477
2026-01-18 17:06:48.779,39.475
2026-01-18 17:06:48.779,39.477
2026-01-18 17:06:48.795,39.488
2026-01-18 17:06:48.815,39.484
2026-01-18 17:06:48.816,39.477
2026-01-18 17:06:48.826,39.476
2026-01-18 17:06:48.845,39.486
2026-01-18 17:06:48.861,39.489
2026-01-18 17:06:48.861,39.488
2026-01-18 17:06:48.877,39.483
2026-01-18 17:06:48.896,39.485
2026-01-18 17:06:48.899,39.484
2026-01-18 17:06:48.910,39.489
2026-01-18 17:06:48.927,39.494
2026-01-18 17:06:48.944,39.499
2026-01-18 17:06:48.945,39.497
2026-01-18 17:06:48.960,39.488
2026-01-18 17:06:48.978,39.488
2026-01-18 17:06:48.995,39.486
2026-01-18 17:06:48.995,39.495
2026-01-18 17:06:49.010,39.49
2026-01-18 17:06:49.029,39.482
2026-01-18 17:06:49.029,39.491
2026-01-18 17:06:49.046,39.5
2026-01-18 17:06:49.064,39.499
2026-01-18 17:06:49.065,39.492
2026-01-18 17:06:49.080,39.493
2026-01-18 17:06:49.094,39.5
2026-01-18 17:06:49.110,39.503
2026-01-18 17:06:49.127,39.5
2026-01-18 17:06:49.128,39.497
2026-01-18 17:06:49.144,39.493
2026-01-18 17:06:49.160,39.497
2026-01-18 17:06:49.161,39.496
2026-01-18 17:06:49.177,39.492
2026-01-18 17:06:49.193,39.489
2026-01-18 17:06:49.210,39.489
2026-01-18 17:06:49.211,39.492
2026-01-18 17:06:49.227,39.488
2026-01-18 17:06:49.243,39.489
2026-01-18 17:06:49.261,39.494
2026-01-18 17:06:49.278,39.494
2026-01-18 17:06:49.294,39.484
2026-01-18 17:06:49.294,39.477
2026-01-18 17:06:49.311,39.47
2026-01-18 17:06:49.327,39.468
2026-01-18 17:06:49.328,39.47
2026-01-18 17:06:49.344,39.466
2026-01-18 17:06:49.361,39.458
2026-01-18 17:06:49.378,39.457
2026-01-18 17:06:49.395,39.452
2026-01-18 17:06:49.412,39.443
2026-01-18 17:06:49.413,39.441
2026-01-18 17:06:49.427,39.445
2026-01-18 17:06:49.444,39.44
2026-01-18 17:06:49.461,39.44
2026-01-18 17:06:49.462,39.438
2026-01-18 17:06:49.478,39.436
2026-01-18 17:06:49.494,39.424
2026-01-18 17:06:49.510,39.411
2026-01-18 17:06:49.528,39.399
2026-01-18 17:06:49.543,39.384
2026-01-18 17:06:49.560,39.385
2026-01-18 17:06:49.560,39.392
2026-01-18 17:06:49.577,39.399
2026-01-18 17:06:49.594,39.396
2026-01-18 17:06:49.595,39.393
2026-01-18 17:06:49.611,39.389
2026-01-18 17:06:49.628,39.385
2026-01-18 17:06:49.644,39.378
2026-01-18 17:06:49.661,39.37
2026-01-18 17:06:49.678,39.37
2026-01-18 17:06:49.695,39.369
2026-01-18 17:06:49.711,39.366
2026-01-18 17:06:49.727,39.36
2026-01-18 17:06:49.728,39.357
2026-01-18 17:06:49.760,39.356
2026-01-18 17:06:49.760,39.35
2026-01-18 17:06:49.797,39.341
2026-01-18 17:06:49.798,39.331
2026-01-18 17:06:49.798,39.322
2026-01-18 17:06:49.808,39.318
2026-01-18 17:06:49.833,39.304
2026-01-18 17:06:49.834,39.296
2026-01-18 17:06:49.862,39.293
2026-01-18 17:06:49.862,39.28
2026-01-18 17:06:49.879,39.283
2026-01-18 17:06:49.881,39.28
2026-01-18 17:06:49.894,39.282
2026-01-18 17:06:49.910,39.269
2026-01-18 17:06:49.928,39.25
2026-01-18 17:06:49.945,39.239
2026-01-18 17:06:49.945,39.236
2026-01-18 17:06:49.960,39.24
2026-01-18 17:06:49.979,39.238
2026-01-18 17:06:49.995,39.231
2026-01-18 17:06:50.011,39.219
2026-01-18 17:06:50.028,39.227
2026-01-18 17:06:50.029,39.21
2026-01-18 17:06:50.062,39.207
2026-01-18 17:06:50.062,39.201
2026-01-18 17:06:50.077,39.198
2026-01-18 17:06:50.094,39.201
2026-01-18 17:06:50.110,39.204
2026-01-18 17:06:50.128,39.194
2026-01-18 17:06:50.145,39.177
2026-01-18 17:06:50.145,39.166
2026-01-18 17:06:50.179,39.154
2026-01-18 17:06:50.195,39.14
2026-01-18 17:06:50.195,39.142
2026-01-18 17:06:50.211,39.144
2026-01-18 17:06:50.228,39.139
2026-01-18 17:06:50.244,39.135
2026-01-18 17:06:50.261,39.123
2026-01-18 17:06:50.277,39.17
2026-01-18 17:06:50.294,39.147
2026-01-18 17:06:50.311,39.133
2026-01-18 17:06:50.328,39.122
2026-01-18 17:06:50.328,39.171
2026-01-18 17:06:50.360,39.191
2026-01-18 17:06:50.361,39.204
2026-01-18 17:06:50.378,39.275
2026-01-18 17:06:50.393,39.338
2026-01-18 17:06:50.411,39.332
2026-01-18 17:06:50.428,39.38
2026-01-18 17:06:50.444,39.356
2026-01-18 17:06:50.445,39.327
2026-01-18 17:06:50.480,39.248
2026-01-18 17:06:50.493,39.224
2026-01-18 17:06:50.511,39.155
2026-01-18 17:06:50.529,39.086
2026-01-18 17:06:50.545,39.021
2026-01-18 17:06:50.560,38.964
2026-01-18 17:06:50.578,38.914
2026-01-18 17:06:50.594,38.866
2026-01-18 17:06:50.611,38.828
2026-01-18 17:06:50.628,38.786
2026-01-18 17:06:50.629,38.752
2026-01-18 17:06:50.662,38.714
2026-01-18 17:06:50.662,38.688
2026-01-18 17:06:50.679,38.665
2026-01-18 17:06:50.694,38.634
2026-01-18 17:06:50.711,38.678
2026-01-18 17:06:50.728,38.659
2026-01-18 17:06:50.744,38.732
2026-01-18 17:06:50.745,38.703
2026-01-18 17:06:50.779,38.662
2026-01-18 17:06:50.794,38.629
2026-01-18 17:06:50.795,38.588
2026-01-18 17:06:50.810,38.564
2026-01-18 17:06:50.832,38.628
2026-01-18 17:06:50.843,38.587
2026-01-18 17:06:50.859,38.549
2026-01-18 17:06:50.876,38.514
2026-01-18 17:06:50.894,38.478
2026-01-18 17:06:50.909,38.453
2026-01-18 17:06:50.926,38.424
2026-01-18 17:06:50.926,38.4
2026-01-18 17:06:50.960,38.384
2026-01-18 17:06:50.960,38.368
2026-01-18 17:06:50.977,38.342
2026-01-18 17:06:50.994,38.321
2026-01-18 17:06:51.011,38.308
2026-01-18 17:06:51.028,38.295
2026-01-18 17:06:51.045,38.277
2026-01-18 17:06:51.045,38.265
2026-01-18 17:06:51.076,38.254
2026-01-18 17:06:51.095,38.226
2026-01-18 17:06:51.096,38.277
2026-01-18 17:06:51.110,38.311
2026-01-18 17:06:51.154,38.287
2026-01-18 17:06:51.155,38.258
2026-01-18 17:06:51.155,38.232
2026-01-18 17:06:51.178,38.207
2026-01-18 17:06:51.193,38.178
2026-01-18 17:06:51.211,38.162
2026-01-18 17:06:51.228,38.153
2026-01-18 17:06:51.228,38.151
2026-01-18 17:06:51.261,38.143
2026-01-18 17:06:51.261,38.119
2026-01-18 17:06:51.282,38.113
2026-01-18 17:06:51.292,38.113
2026-01-18 17:06:51.310,38.112
2026-01-18 17:06:51.326,38.1
2026-01-18 17:06:51.343,38.092
2026-01-18 17:06:51.344,38.087
2026-01-18 17:06:51.377,38.08
2026-01-18 17:06:51.393,38.057
2026-01-18 17:06:51.394,38.044
2026-01-18 17:06:51.410,38.027
2026-01-18 17:06:51.443,38.001
2026-01-18 17:06:51.443,37.982
2026-01-18 17:06:51.460,37.96
2026-01-18 17:06:51.477,37.942
2026-01-18 17:06:51.494,37.918
2026-01-18 17:06:51.510,37.903
2026-01-18 17:06:51.527,37.883
2026-01-18 17:06:51.528,37.862
2026-01-18 17:06:51.563,37.847
2026-01-18 17:06:51.563,37.823
2026-01-18 17:06:51.577,37.809
2026-01-18 17:06:51.594,37.783
2026-01-18 17:06:51.610,37.769
2026-01-18 17:06:51.626,37.77
2026-01-18 17:06:51.644,37.756
2026-01-18 17:06:51.645,37.739
2026-01-18 17:06:51.678,37.729
2026-01-18 17:06:51.694,37.713
2026-01-18 17:06:51.695,37.693
2026-01-18 17:06:51.710,37.681
2026-01-18 17:06:51.728,37.666
2026-01-18 17:06:51.744,37.639
2026-01-18 17:06:51.761,37.637
2026-01-18 17:06:51.777,37.63
2026-01-18 17:06:51.794,37.616
2026-01-18 17:06:51.818,37.616
2026-01-18 17:06:51.818,37.603
2026-01-18 17:06:51.830,37.609
2026-01-18 17:06:51.861,37.609
2026-01-18 17:06:51.861,37.594
2026-01-18 17:06:51.879,37.591
2026-01-18 17:06:51.893,37.611
2026-01-18 17:06:51.910,37.608
2026-01-18 17:06:51.927,37.596
2026-01-18 17:06:51.944,37.592
2026-01-18 17:06:51.944,37.573
2026-01-18 17:06:51.978,37.565
2026-01-18 17:06:51.993,37.556
2026-01-18 17:06:51.994,37.529
2026-01-18 17:06:52.012,37.519
2026-01-18 17:06:52.029,37.5
2026-01-18 17:06:52.046,37.493
2026-01-18 17:06:52.066,37.49
2026-01-18 17:06:52.066,37.486
2026-01-18 17:06:52.095,37.48
2026-01-18 17:06:52.113,37.471
2026-01-18 17:06:52.115,37.461
2026-01-18 17:06:52.126,37.447
2026-01-18 17:06:52.149,37.441
2026-01-18 17:06:52.160,37.434
2026-01-18 17:06:52.178,37.436
2026-01-18 17:06:52.194,37.437
2026-01-18 17:06:52.211,37.459
2026-01-18 17:06:52.228,37.435
2026-01-18 17:06:52.245,37.43
2026-01-18 17:06:52.246,37.442
2026-01-18 17:06:52.277,37.414
2026-01-18 17:06:52.293,37.401
2026-01-18 17:06:52.294,37.396
2026-01-18 17:06:52.310,37.386
2026-01-18 17:06:52.343,37.367
2026-01-18 17:06:52.344,37.345
2026-01-18 17:06:52.362,37.335
2026-01-18 17:06:52.377,37.312
2026-01-18 17:06:52.396,37.294
2026-01-18 17:06:52.414,37.277
2026-01-18 17:06:52.418,37.283
2026-01-18 17:06:52.429,37.262
2026-01-18 17:06:52.462,37.229
2026-01-18 17:06:52.463,37.208
2026-01-18 17:06:52.476,37.185
2026-01-18 17:06:52.515,37.175
2026-01-18 17:06:52.516,37.151
2026-01-18 17:06:52.525,37.142
2026-01-18 17:06:52.544,37.14
2026-01-18 17:06:52.544,37.13
2026-01-18 17:06:52.560,37.103
2026-01-18 17:06:52.577,37.088
2026-01-18 17:06:52.594,37.087
2026-01-18 17:06:52.595,37.067
2026-01-18 17:06:52.611,37.079
2026-01-18 17:06:52.629,37.06
2026-01-18 17:06:52.646,37.035
2026-01-18 17:06:52.664,37.016
2026-01-18 17:06:52.664,36.997
2026-01-18 17:06:52.695,36.989
2026-01-18 17:06:52.710,36.976
2026-01-18 17:06:52.728,36.954
2026-01-18 17:06:52.729,36.927
2026-01-18 17:06:52.760,36.929
2026-01-18 17:06:52.762,36.914
2026-01-18 17:06:52.778,36.893
2026-01-18 17:06:52.794,36.876
2026-01-18 17:06:52.810,36.863
2026-01-18 17:06:52.811,36.858
2026-01-18 17:06:52.833,36.849
2026-01-18 17:06:52.834,36.842
2026-01-18 17:06:52.845,36.831
2026-01-18 17:06:52.879,36.815
2026-01-18 17:06:52.895,36.795
2026-01-18 17:06:52.895,36.792
2026-01-18 17:06:52.913,36.785
2026-01-18 17:06:52.932,36.781
2026-01-18 17:06:52.949,36.785
2026-01-18 17:06:52.962,36.782
2026-01-18 17:06:52.965,36.785
2026-01-18 17:06:52.995,36.792
2026-01-18 17:06:53.012,36.779
2026-01-18 17:06:53.012,36.772
2026-01-18 17:06:53.027,36.777
2026-01-18 17:06:53.060,36.767
2026-01-18 17:06:53.060,36.745
2026-01-18 17:06:53.078,36.725
2026-01-18 17:06:53.094,36.708
2026-01-18 17:06:53.110,36.692
2026-01-18 17:06:53.111,36.678
2026-01-18 17:06:53.129,36.669
2026-01-18 17:06:53.151,36.668
2026-01-18 17:06:53.154,36.653
2026-01-18 17:06:53.168,36.627
2026-01-18 17:06:53.168,36.599
2026-01-18 17:06:53.185,36.576
2026-01-18 17:06:53.204,36.545
2026-01-18 17:06:53.206,36.515
2026-01-18 17:06:53.227,36.488
2026-01-18 17:06:53.228,36.474
2026-01-18 17:06:53.243,36.466
2026-01-18 17:06:53.260,36.449
2026-01-18 17:06:53.277,36.43
2026-01-18 17:06:53.278,36.413
2026-01-18 17:06:53.293,36.407
2026-01-18 17:06:53.310,36.4
2026-01-18 17:06:53.328,36.385
2026-01-18 17:06:53.328,36.377
2026-01-18 17:06:53.344,36.37
2026-01-18 17:06:53.361,36.352
2026-01-18 17:06:53.362,36.335
2026-01-18 17:06:53.377,36.33
2026-01-18 17:06:53.394,36.313
2026-01-18 17:06:53.410,36.305
2026-01-18 17:06:53.411,36.296
2026-01-18 17:06:53.427,36.287
2026-01-18 17:06:53.444,36.283
2026-01-18 17:06:53.444,36.283
2026-01-18 17:06:53.479,36.268
2026-01-18 17:06:53.493,36.244
2026-01-18 17:06:53.494,36.228
2026-01-18 17:06:53.510,36.212
2026-01-18 17:06:53.527,36.202
2026-01-18 17:06:53.528,36.188
2026-01-18 17:06:53.551,36.174
2026-01-18 17:06:53.567,36.168
2026-01-18 17:06:53.567,36.164
2026-01-18 17:06:53.593,36.17
2026-01-18 17:06:53.610,36.144
2026-01-18 17:06:53.627,36.138
2026-01-18 17:06:53.627,36.114
2026-01-18 17:06:53.643,36.097
2026-01-18 17:06:53.660,36.087
2026-01-18 17:06:53.661,36.071
2026-01-18 17:06:53.676,36.045
2026-01-18 17:06:53.693,36.021
2026-01-18 17:06:53.710,36.007
2026-01-18 17:06:53.711,35.992
2026-01-18 17:06:53.726,35.968
2026-01-18 17:06:53.744,35.95
2026-01-18 17:06:53.745,35.945
2026-01-18 17:06:53.761,35.931
2026-01-18 17:06:53.777,35.914
2026-01-18 17:06:53.793,35.907
2026-01-18 17:06:53.794,35.894
2026-01-18 17:06:53.810,35.881
2026-01-18 17:06:53.834,35.859
2026-01-18 17:06:53.835,35.847
2026-01-18 17:06:53.844,35.831
2026-01-18 17:06:53.898,35.83
2026-01-18 17:06:53.899,35.816
2026-01-18 17:06:53.899,35.801
2026-01-18 17:06:53.899,35.796
2026-01-18 17:06:53.904,35.79
2026-01-18 17:06:53.927,35.775
2026-01-18 17:06:53.927,35.768
2026-01-18 17:06:53.959,35.763
2026-01-18 17:06:53.960,35.748
2026-01-18 17:06:53.977,35.74
2026-01-18 17:06:53.993,35.743
2026-01-18 17:06:54.010,35.733
2026-01-18 17:06:54.011,35.72
2026-01-18 17:06:54.027,35.704
2026-01-18 17:06:54.043,35.699
2026-01-18 17:06:54.060,35.698
2026-01-18 17:06:54.061,35.686
2026-01-18 17:06:54.077,35.667
2026-01-18 17:06:54.094,35.646
2026-01-18 17:06:54.094,35.638
2026-01-18 17:06:54.111,35.63
2026-01-18 17:06:54.143,35.619
2026-01-18 17:06:54.143,35.616
2026-01-18 17:06:54.159,35.604
2026-01-18 17:06:54.177,35.607
2026-01-18 17:06:54.177,35.605
2026-01-18 17:06:54.194,35.604
2026-01-18 17:06:54.208,35.611
2026-01-18 17:06:54.228,35.616
2026-01-18 17:06:54.229,35.609
2026-01-18 17:06:54.244,35.602
2026-01-18 17:06:54.260,35.588
2026-01-18 17:06:54.261,35.572
2026-01-18 17:06:54.278,35.56
2026-01-18 17:06:54.299,35.545
2026-01-18 17:06:54.301,35.538
2026-01-18 17:06:54.318,35.527
2026-01-18 17:06:54.329,35.514
2026-01-18 17:06:54.345,35.492
2026-01-18 17:06:54.346,35.471
2026-01-18 17:06:54.359,35.454
2026-01-18 17:06:54.377,35.435
2026-01-18 17:06:54.394,35.418
2026-01-18 17:06:54.394,35.402
2026-01-18 17:06:54.410,35.388
2026-01-18 17:06:54.427,35.382
2026-01-18 17:06:54.428,35.377
2026-01-18 17:06:54.444,35.37
2026-01-18 17:06:54.461,35.354
2026-01-18 17:06:54.478,35.337
2026-01-18 17:06:54.478,35.323
2026-01-18 17:06:54.494,35.311
2026-01-18 17:06:54.511,35.297
2026-01-18 17:06:54.528,35.288
2026-01-18 17:06:54.529,35.268
2026-01-18 17:06:54.544,35.248
2026-01-18 17:06:54.560,35.246
2026-01-18 17:06:54.561,35.236
2026-01-18 17:06:54.577,35.226
2026-01-18 17:06:54.593,35.221
2026-01-18 17:06:54.610,35.2
2026-01-18 17:06:54.611,35.188
2026-01-18 17:06:54.646,35.169
2026-01-18 17:06:54.647,35.164
2026-01-18 17:06:54.647,35.154
2026-01-18 17:06:54.670,35.142
2026-01-18 17:06:54.671,35.139
2026-01-18 17:06:54.694,35.119
2026-01-18 17:06:54.695,35.108
2026-01-18 17:06:54.710,35.095
2026-01-18 17:06:54.726,35.085
2026-01-18 17:06:54.743,35.092
2026-01-18 17:06:54.743,35.088
2026-01-18 17:06:54.760,35.064
2026-01-18 17:06:54.777,35.054
2026-01-18 17:06:54.777,35.037
2026-01-18 17:06:54.793,35.013
2026-01-18 17:06:54.810,34.989
2026-01-18 17:06:54.832,34.968
2026-01-18 17:06:54.833,34.949
2026-01-18 17:06:54.842,34.94
2026-01-18 17:06:54.859,34.934
2026-01-18 17:06:54.879,34.922
2026-01-18 17:06:54.879,34.896
2026-01-18 17:06:54.893,34.879
2026-01-18 17:06:54.909,34.871
2026-01-18 17:06:54.910,34.857
2026-01-18 17:06:54.927,34.839
2026-01-18 17:06:54.944,34.838
2026-01-18 17:06:54.945,34.826
2026-01-18 17:06:54.960,34.811
2026-01-18 17:06:54.977,34.798
2026-01-18 17:06:54.993,34.78
2026-01-18 17:06:54.997,34.765
2026-01-18 17:06:55.021,34.747
2026-01-18 17:06:55.021,34.73
2026-01-18 17:06:55.043,34.714
2026-01-18 17:06:55.043,34.7
2026-01-18 17:06:55.059,34.698
2026-01-18 17:06:55.076,34.694
2026-01-18 17:06:55.076,34.687
2026-01-18 17:06:55.092,34.673
2026-01-18 17:06:55.110,34.659
2026-01-18 17:06:55.126,34.644
2026-01-18 17:06:55.126,34.623
2026-01-18 17:06:55.145,34.616
2026-01-18 17:06:55.160,34.611
2026-01-18 17:06:55.161,34.592
2026-01-18 17:06:55.177,34.581
2026-01-18 17:06:55.193,34.57
2026-01-18 17:06:55.210,34.559
2026-01-18 17:06:55.210,34.541
2026-01-18 17:06:55.246,34.521
2026-01-18 17:06:55.247,34.507
2026-01-18 17:06:55.247,34.493
2026-01-18 17:06:55.256,34.484
2026-01-18 17:06:55.277,34.469
2026-01-18 17:06:55.303,34.46
2026-01-18 17:06:55.305,34.436
2026-01-18 17:06:55.306,34.429
2026-01-18 17:06:55.318,34.409
2026-01-18 17:06:55.331,34.393
2026-01-18 17:06:55.345,34.382
2026-01-18 17:06:55.359,34.359
2026-01-18 17:06:55.376,34.339
2026-01-18 17:06:55.376,34.321
2026-01-18 17:06:55.394,34.314
2026-01-18 17:06:55.409,34.298
2026-01-18 17:06:55.429,34.288
2026-01-18 17:06:55.430,34.274
2026-01-18 17:06:55.445,34.252
2026-01-18 17:06:55.460,34.234
2026-01-18 17:06:55.460,34.211
2026-01-18 17:06:55.476,34.191
2026-01-18 17:06:55.493,34.173
2026-01-18 17:06:55.510,34.145
2026-01-18 17:06:55.510,34.132
2026-01-18 17:06:55.527,34.12
2026-01-18 17:06:55.543,34.108
2026-01-18 17:06:55.544,34.113
2026-01-18 17:06:55.559,34.102
2026-01-18 17:06:55.577,34.09
2026-01-18 17:06:55.593,34.065
2026-01-18 17:06:55.594,34.04
2026-01-18 17:06:55.611,34.021
2026-01-18 17:06:55.628,34.005
2026-01-18 17:06:55.644,33.995
2026-01-18 17:06:55.644,33.992
2026-01-18 17:06:55.660,33.986
2026-01-18 17:06:55.677,33.974
2026-01-18 17:06:55.677,33.968
2026-01-18 17:06:55.693,33.958
2026-01-18 17:06:55.710,33.948
2026-01-18 17:06:55.728,33.936
2026-01-18 17:06:55.728,33.924
2026-01-18 17:06:55.744,33.909
2026-01-18 17:06:55.760,33.902
2026-01-18 17:06:55.761,33.895
2026-01-18 17:06:55.777,33.885
2026-01-18 17:06:55.792,33.876
2026-01-18 17:06:55.809,33.864
2026-01-18 17:06:55.811,33.851
2026-01-18 17:06:55.835,33.835
2026-01-18 17:06:55.835,33.817
2026-01-18 17:06:55.847,33.802
2026-01-18 17:06:55.879,33.792
2026-01-18 17:06:55.879,33.777
2026-01-18 17:06:55.898,33.754
2026-01-18 17:06:55.899,33.738
2026-01-18 17:06:55.923,33.723
2026-01-18 17:06:55.923,33.702
2026-01-18 17:06:55.939,33.679
2026-01-18 17:06:55.948,33.661
2026-01-18 17:06:55.962,33.643
2026-01-18 17:06:55.976,33.633
2026-01-18 17:06:55.977,33.616
2026-01-18 17:06:55.992,33.6
2026-01-18 17:06:56.010,33.58
2026-01-18 17:06:56.028,33.564
2026-01-18 17:06:56.028,33.556
2026-01-18 17:06:56.043,33.547
2026-01-18 17:06:56.060,33.528
2026-01-18 17:06:56.061,33.512
2026-01-18 17:06:56.078,33.499
2026-01-18 17:06:56.093,33.477
2026-01-18 17:06:56.110,33.461
2026-01-18 17:06:56.110,33.442
2026-01-18 17:06:56.127,33.424
2026-01-18 17:06:56.144,33.406
2026-01-18 17:06:56.144,33.39
2026-01-18 17:06:56.159,33.377
2026-01-18 17:06:56.177,33.367
2026-01-18 17:06:56.193,33.343
2026-01-18 17:06:56.194,33.325
2026-01-18 17:06:56.211,33.305
2026-01-18 17:06:56.231,33.295
2026-01-18 17:06:56.231,33.282
2026-01-18 17:06:56.245,33.274
2026-01-18 17:06:56.269,33.252
2026-01-18 17:06:56.270,33.228
2026-01-18 17:06:56.281,33.215
2026-01-18 17:06:56.294,33.203
2026-01-18 17:06:56.309,33.195
2026-01-18 17:06:56.326,33.181
2026-01-18 17:06:56.327,33.172
2026-01-18 17:06:56.344,33.158
2026-01-18 17:06:56.360,33.141
2026-01-18 17:06:56.360,33.131
2026-01-18 17:06:56.376,33.117
2026-01-18 17:06:56.394,33.111
2026-01-18 17:06:56.410,33.108
2026-01-18 17:06:56.410,33.099
2026-01-18 17:06:56.426,33.089
2026-01-18 17:06:56.443,33.082
2026-01-18 17:06:56.461,33.075
2026-01-18 17:06:56.462,33.06
2026-01-18 17:06:56.480,33.046
2026-01-18 17:06:56.481,33.027
2026-01-18 17:06:56.493,33.008
2026-01-18 17:06:56.510,32.994
2026-01-18 17:06:56.527,32.984
2026-01-18 17:06:56.528,32.97
2026-01-18 17:06:56.543,32.959
2026-01-18 17:06:56.561,32.954
2026-01-18 17:06:56.578,32.947
2026-01-18 17:06:56.578,32.93
2026-01-18 17:06:56.618,32.916
2026-01-18 17:06:56.619,32.902
2026-01-18 17:06:56.620,32.884
2026-01-18 17:06:56.631,32.868
2026-01-18 17:06:56.642,32.85
2026-01-18 17:06:56.659,32.835
2026-01-18 17:06:56.677,32.819
2026-01-18 17:06:56.678,32.801
2026-01-18 17:06:56.693,32.796
2026-01-18 17:06:56.710,32.773
2026-01-18 17:06:56.711,32.751
2026-01-18 17:06:56.727,32.737
2026-01-18 17:06:56.742,32.731
2026-01-18 17:06:56.760,32.715
2026-01-18 17:06:56.760,32.694
2026-01-18 17:06:56.777,32.673
2026-01-18 17:06:56.794,32.65
2026-01-18 17:06:56.794,32.626
2026-01-18 17:06:56.809,32.606
2026-01-18 17:06:56.866,32.597
2026-01-18 17:06:56.867,32.593
2026-01-18 17:06:56.867,32.59
2026-01-18 17:06:56.867,32.586
2026-01-18 17:06:56.868,32.58
2026-01-18 17:06:56.888,32.573
2026-01-18 17:06:56.889,32.558
2026-01-18 17:06:56.905,32.545
2026-01-18 17:06:56.928,32.524
2026-01-18 17:06:56.929,32.512
2026-01-18 17:06:56.944,32.501
2026-01-18 17:06:56.960,32.491
2026-01-18 17:06:56.960,32.479
2026-01-18 17:06:56.976,32.468
2026-01-18 17:06:56.995,32.454
2026-01-18 17:06:56.997,32.441
2026-01-18 17:06:57.030,32.43
2026-01-18 17:06:57.030,32.418
2026-01-18 17:06:57.043,32.406
2026-01-18 17:06:57.061,32.394
2026-01-18 17:06:57.064,32.39
2026-01-18 17:06:57.087,32.383
2026-01-18 17:06:57.092,32.375
2026-01-18 17:06:57.092,32.357
2026-01-18 17:06:57.106,32.352
2026-01-18 17:06:57.121,32.336
2026-01-18 17:06:57.143,32.321
2026-01-18 17:06:57.144,32.303
2026-01-18 17:06:57.160,32.284
2026-01-18 17:06:57.176,32.263
2026-01-18 17:06:57.177,32.244
2026-01-18 17:06:57.193,32.231
2026-01-18 17:06:57.210,32.222
2026-01-18 17:06:57.226,32.214
2026-01-18 17:06:57.227,32.208
2026-01-18 17:06:57.243,32.202
2026-01-18 17:06:57.259,32.188
2026-01-18 17:06:57.260,32.177
2026-01-18 17:06:57.276,32.164
2026-01-18 17:06:57.293,32.153
2026-01-18 17:06:57.309,32.145
2026-01-18 17:06:57.310,32.133
2026-01-18 17:06:57.329,32.124
2026-01-18 17:06:57.344,32.116
2026-01-18 17:06:57.345,32.108
2026-01-18 17:06:57.359,32.098
2026-01-18 17:06:57.377,32.079
2026-01-18 17:06:57.393,32.062
2026-01-18 17:06:57.394,32.048
2026-01-18 17:06:57.409,32.039
2026-01-18 17:06:57.427,32.031
2026-01-18 17:06:57.443,32.021
2026-01-18 17:06:57.443,32.01
2026-01-18 17:06:57.459,31.999
2026-01-18 17:06:57.475,31.99
2026-01-18 17:06:57.476,31.978
2026-01-18 17:06:57.493,31.968
2026-01-18 17:06:57.509,31.961
2026-01-18 17:06:57.527,31.943
2026-01-18 17:06:57.528,31.936
2026-01-18 17:06:57.545,31.92
2026-01-18 17:06:57.581,31.906
2026-01-18 17:06:57.581,31.901
2026-01-18 17:06:57.582,31.887
2026-01-18 17:06:57.597,31.881
2026-01-18 17:06:57.597,31.879
2026-01-18 17:06:57.612,31.872
2026-01-18 17:06:57.636,31.857
2026-01-18 17:06:57.637,31.843
2026-01-18 17:06:57.646,31.83
2026-01-18 17:06:57.659,31.819
2026-01-18 17:06:57.677,31.802
2026-01-18 17:06:57.693,31.79
2026-01-18 17:06:57.694,31.772
2026-01-18 17:06:57.709,31.767
2026-01-18 17:06:57.728,31.759
2026-01-18 17:06:57.729,31.755
2026-01-18 17:06:57.743,31.736
2026-01-18 17:06:57.759,31.725
2026-01-18 17:06:57.776,31.719
2026-01-18 17:06:57.777,31.705
2026-01-18 17:06:57.794,31.702
2026-01-18 17:06:57.809,31.69
2026-01-18 17:06:57.832,31.686
2026-01-18 17:06:57.833,31.676
2026-01-18 17:06:57.843,31.665
2026-01-18 17:06:57.859,31.654
2026-01-18 17:06:57.860,31.645
2026-01-18 17:06:57.876,31.63
2026-01-18 17:06:57.894,31.607
2026-01-18 17:06:57.934,31.593
2026-01-18 17:06:57.942,31.582
2026-01-18 17:06:57.942,31.575
2026-01-18 17:06:57.942,31.56
2026-01-18 17:06:57.976,31.55
2026-01-18 17:06:57.976,31.531
2026-01-18 17:06:57.977,31.51
2026-01-18 17:06:57.990,31.49
2026-01-18 17:06:58.009,31.468
2026-01-18 17:06:58.009,31.448
2026-01-18 17:06:58.026,31.431
2026-01-18 17:06:58.028,31.424
2026-01-18 17:06:58.042,31.407
2026-01-18 17:06:58.059,31.382
2026-01-18 17:06:58.076,31.36
2026-01-18 17:06:58.076,31.341
2026-01-18 17:06:58.092,31.326
2026-01-18 17:06:58.111,31.311
2026-01-18 17:06:58.113,31.303
2026-01-18 17:06:58.127,31.289
2026-01-18 17:06:58.159,31.276
2026-01-18 17:06:58.160,31.271
2026-01-18 17:06:58.176,31.255
2026-01-18 17:06:58.195,31.243
2026-01-18 17:06:58.219,31.225
2026-01-18 17:06:58.219,31.206
2026-01-18 17:06:58.220,31.187
2026-01-18 17:06:58.232,31.178
2026-01-18 17:06:58.244,31.176
2026-01-18 17:06:58.277,31.168
2026-01-18 17:06:58.294,31.156
2026-01-18 17:06:58.294,31.135
2026-01-18 17:06:58.308,31.116
2026-01-18 17:06:58.328,31.096
2026-01-18 17:06:58.328,31.077
2026-01-18 17:06:58.343,31.067
2026-01-18 17:06:58.359,31.052
2026-01-18 17:06:58.376,31.035
2026-01-18 17:06:58.377,31.025
2026-01-18 17:06:58.393,31.02
2026-01-18 17:06:58.409,31.011
2026-01-18 17:06:58.427,30.999
2026-01-18 17:06:58.427,30.991
2026-01-18 17:06:58.458,30.988
2026-01-18 17:06:58.477,30.967
2026-01-18 17:06:58.478,30.948
2026-01-18 17:06:58.493,30.947
2026-01-18 17:06:58.510,30.936
2026-01-18 17:06:58.527,30.927
2026-01-18 17:06:58.543,30.915
2026-01-18 17:06:58.544,30.896
2026-01-18 17:06:58.577,30.883
2026-01-18 17:06:58.596,30.871
2026-01-18 17:06:58.597,30.859
2026-01-18 17:06:58.611,30.85
2026-01-18 17:06:58.630,30.832
2026-01-18 17:06:58.630,30.816
2026-01-18 17:06:58.658,30.792
2026-01-18 17:06:58.660,30.775
2026-01-18 17:06:58.684,30.76
2026-01-18 17:06:58.698,30.748
2026-01-18 17:06:58.709,30.736
2026-01-18 17:06:58.728,30.722
2026-01-18 17:06:58.728,30.707
2026-01-18 17:06:58.752,30.685
2026-01-18 17:06:58.765,30.671
2026-01-18 17:06:58.778,30.664
2026-01-18 17:06:58.793,30.656
2026-01-18 17:06:58.810,30.645
2026-01-18 17:06:58.810,30.637
2026-01-18 17:06:58.826,30.623
2026-01-18 17:06:58.850,30.612
2026-01-18 17:06:58.851,30.604
2026-01-18 17:06:58.859,30.589
2026-01-18 17:06:58.877,30.579
2026-01-18 17:06:58.893,30.572
2026-01-18 17:06:58.894,30.547
2026-01-18 17:06:58.909,30.529
2026-01-18 17:06:58.927,30.512
2026-01-18 17:06:58.942,30.497
2026-01-18 17:06:58.943,30.481
2026-01-18 17:06:58.959,30.465
2026-01-18 17:06:58.976,30.463
2026-01-18 17:06:58.976,30.451
2026-01-18 17:06:58.993,30.44
2026-01-18 17:06:59.011,30.424
2026-01-18 17:06:59.025,30.403
2026-01-18 17:06:59.026,30.395
2026-01-18 17:06:59.043,30.385
2026-01-18 17:06:59.080,30.376
2026-01-18 17:06:59.081,30.356
2026-01-18 17:06:59.093,30.334
2026-01-18 17:06:59.110,30.313
2026-01-18 17:06:59.110,30.301
2026-01-18 17:06:59.126,30.288
2026-01-18 17:06:59.152,30.274
2026-01-18 17:06:59.154,30.262
2026-01-18 17:06:59.160,30.256
2026-01-18 17:06:59.182,30.251
2026-01-18 17:06:59.183,30.24
2026-01-18 17:06:59.193,30.227
2026-01-18 17:06:59.209,30.21
2026-01-18 17:06:59.224,30.2
2026-01-18 17:06:59.244,30.186
2026-01-18 17:06:59.244,30.176
2026-01-18 17:06:59.259,30.167
2026-01-18 17:06:59.276,30.15
2026-01-18 17:06:59.277,30.137
2026-01-18 17:06:59.292,30.123
2026-01-18 17:06:59.309,30.107
2026-01-18 17:06:59.336,30.097
2026-01-18 17:06:59.337,30.084
2026-01-18 17:06:59.338,30.069
2026-01-18 17:06:59.349,30.052
2026-01-18 17:06:59.377,30.043
2026-01-18 17:06:59.378,30.037
2026-01-18 17:06:59.393,30.033
2026-01-18 17:06:59.410,30.013
2026-01-18 17:06:59.411,29.995
2026-01-18 17:06:59.425,29.984
2026-01-18 17:06:59.444,29.977
2026-01-18 17:06:59.444,29.966
2026-01-18 17:06:59.458,29.947
2026-01-18 17:06:59.475,29.928
2026-01-18 17:06:59.493,29.915
2026-01-18 17:06:59.493,29.899
2026-01-18 17:06:59.508,29.884
2026-01-18 17:06:59.525,29.876
2026-01-18 17:06:59.543,29.864
2026-01-18 17:06:59.543,29.861
2026-01-18 17:06:59.559,29.854
2026-01-18 17:06:59.576,29.847
2026-01-18 17:06:59.577,29.839
2026-01-18 17:06:59.591,29.828
2026-01-18 17:06:59.609,29.803
2026-01-18 17:06:59.626,29.784
2026-01-18 17:06:59.627,29.773
2026-01-18 17:06:59.642,29.763
2026-01-18 17:06:59.658,29.753
2026-01-18 17:06:59.676,29.744
2026-01-18 17:06:59.676,29.731
2026-01-18 17:06:59.693,29.715
2026-01-18 17:06:59.709,29.693
2026-01-18 17:06:59.709,29.683
2026-01-18 17:06:59.726,29.679
2026-01-18 17:06:59.744,29.669
2026-01-18 17:06:59.744,29.653
2026-01-18 17:06:59.759,29.641
2026-01-18 17:06:59.776,29.628
2026-01-18 17:06:59.792,29.618
2026-01-18 17:06:59.793,29.601
2026-01-18 17:06:59.808,29.587
2026-01-18 17:06:59.826,29.576
2026-01-18 17:06:59.847,29.562
2026-01-18 17:06:59.847,29.543
2026-01-18 17:06:59.858,29.531
2026-01-18 17:06:59.877,29.523
2026-01-18 17:06:59.877,29.517
2026-01-18 17:06:59.893,29.507
2026-01-18 17:06:59.909,29.502
2026-01-18 17:06:59.926,29.495
2026-01-18 17:06:59.926,29.483
2026-01-18 17:06:59.942,29.463
2026-01-18 17:06:59.961,29.455
2026-01-18 17:06:59.961,29.445
2026-01-18 17:06:59.976,29.436
2026-01-18 17:06:59.993,29.427
2026-01-18 17:07:00.010,29.428
2026-01-18 17:07:00.010,29.416
2026-01-18 17:07:00.025,29.397
2026-01-18 17:07:00.042,29.383
2026-01-18 17:07:00.046,29.378
2026-01-18 17:07:00.070,29.37
2026-01-18 17:07:00.070,29.367
2026-01-18 17:07:00.092,29.358
2026-01-18 17:07:00.093,29.344
2026-01-18 17:07:00.110,29.33
2026-01-18 17:07:00.125,29.316
2026-01-18 17:07:00.142,29.305
2026-01-18 17:07:00.142,29.301
2026-01-18 17:07:00.160,29.288
2026-01-18 17:07:00.175,29.27
2026-01-18 17:07:00.176,29.26
2026-01-18 17:07:00.191,29.261
2026-01-18 17:07:00.209,29.251
2026-01-18 17:07:00.225,29.232
2026-01-18 17:07:00.226,29.225
2026-01-18 17:07:00.242,29.216
2026-01-18 17:07:00.259,29.209
2026-01-18 17:07:00.275,29.198
2026-01-18 17:07:00.276,29.184
2026-01-18 17:07:00.292,29.171
2026-01-18 17:07:00.308,29.15
2026-01-18 17:07:00.308,29.142
2026-01-18 17:07:00.324,29.137
2026-01-18 17:07:00.342,29.123
2026-01-18 17:07:00.358,29.108
2026-01-18 17:07:00.359,29.091
2026-01-18 17:07:00.376,29.082
2026-01-18 17:07:00.393,29.067
2026-01-18 17:07:00.393,29.06
2026-01-18 17:07:00.409,29.047
2026-01-18 17:07:00.426,29.029
2026-01-18 17:07:00.442,29.019
2026-01-18 17:07:00.443,29.014
2026-01-18 17:07:00.459,29.001
2026-01-18 17:07:00.476,28.993
2026-01-18 17:07:00.477,28.979
2026-01-18 17:07:00.492,28.964
2026-01-18 17:07:00.509,28.956
2026-01-18 17:07:00.527,28.946
2026-01-18 17:07:00.528,28.943
2026-01-18 17:07:00.543,28.919
2026-01-18 17:07:00.559,28.906
2026-01-18 17:07:00.576,28.894
2026-01-18 17:07:00.576,28.883
2026-01-18 17:07:00.593,28.866
2026-01-18 17:07:00.609,28.848
2026-01-18 17:07:00.609,28.834
2026-01-18 17:07:00.626,28.822
2026-01-18 17:07:00.642,28.809
2026-01-18 17:07:00.658,28.797
2026-01-18 17:07:00.659,28.783
2026-01-18 17:07:00.676,28.775
2026-01-18 17:07:00.727,28.769
2026-01-18 17:07:00.728,28.762
2026-01-18 17:07:00.729,28.751
2026-01-18 17:07:00.729,28.746
2026-01-18 17:07:00.729,28.741
2026-01-18 17:07:00.760,28.734
2026-01-18 17:07:00.761,28.719
2026-01-18 17:07:00.776,28.704
2026-01-18 17:07:00.776,28.693
2026-01-18 17:07:00.793,28.678
2026-01-18 17:07:00.809,28.662
2026-01-18 17:07:00.832,28.647
2026-01-18 17:07:00.832,28.636
2026-01-18 17:07:00.842,28.624
2026-01-18 17:07:00.859,28.614
2026-01-18 17:07:00.876,28.597
2026-01-18 17:07:00.877,28.584
2026-01-18 17:07:00.893,28.576
2026-01-18 17:07:00.909,28.563
2026-01-18 17:07:00.909,28.552
2026-01-18 17:07:00.925,28.535
2026-01-18 17:07:00.942,28.529
2026-01-18 17:07:00.958,28.53
2026-01-18 17:07:00.959,28.519
2026-01-18 17:07:00.979,28.505
2026-01-18 17:07:00.980,28.488
2026-01-18 17:07:00.993,28.469
2026-01-18 17:07:01.012,28.45
2026-01-18 17:07:01.025,28.436
2026-01-18 17:07:01.041,28.434
2026-01-18 17:07:01.041,28.423
2026-01-18 17:07:01.059,28.414
2026-01-18 17:07:01.075,28.412
2026-01-18 17:07:01.092,28.408
2026-01-18 17:07:01.092,28.406
2026-01-18 17:07:01.109,28.393
2026-01-18 17:07:01.125,28.374
2026-01-18 17:07:01.126,28.356
2026-01-18 17:07:01.143,28.344
2026-01-18 17:07:01.158,28.346
2026-01-18 17:07:01.176,28.334
2026-01-18 17:07:01.176,28.33
2026-01-18 17:07:01.192,28.327
2026-01-18 17:07:01.209,28.316
2026-01-18 17:07:01.209,28.304
2026-01-18 17:07:01.226,28.287
2026-01-18 17:07:01.244,28.277
2026-01-18 17:07:01.245,28.27
2026-01-18 17:07:01.259,28.262
2026-01-18 17:07:01.275,28.249
2026-01-18 17:07:01.292,28.234
2026-01-18 17:07:01.292,28.225
2026-01-18 17:07:01.308,28.219
2026-01-18 17:07:01.326,28.21
2026-01-18 17:07:01.342,28.197
2026-01-18 17:07:01.342,28.188
2026-01-18 17:07:01.359,28.183
2026-01-18 17:07:01.375,28.172
2026-01-18 17:07:01.376,28.161
2026-01-18 17:07:01.392,28.149
2026-01-18 17:07:01.409,28.144
2026-01-18 17:07:01.427,28.132
2026-01-18 17:07:01.427,28.127
2026-01-18 17:07:01.441,28.119
2026-01-18 17:07:01.458,28.112
2026-01-18 17:07:01.477,28.105
2026-01-18 17:07:01.477,28.097
2026-01-18 17:07:01.493,28.094
2026-01-18 17:07:01.509,28.087
2026-01-18 17:07:01.509,28.075
2026-01-18 17:07:01.525,28.062
2026-01-18 17:07:01.543,28.051
2026-01-18 17:07:01.544,28.043
2026-01-18 17:07:01.559,28.025
2026-01-18 17:07:01.575,28.002
2026-01-18 17:07:01.594,27.977
2026-01-18 17:07:01.594,27.96
2026-01-18 17:07:01.608,27.956
2026-01-18 17:07:01.625,27.946
2026-01-18 17:07:01.642,27.94
2026-01-18 17:07:01.643,27.932
2026-01-18 17:07:01.659,27.91
2026-01-18 17:07:01.676,27.903
2026-01-18 17:07:01.677,27.883
2026-01-18 17:07:01.692,27.873
2026-01-18 17:07:01.708,27.867
2026-01-18 17:07:01.725,27.861
2026-01-18 17:07:01.726,27.854
2026-01-18 17:07:01.743,27.847
2026-01-18 17:07:01.759,27.839
2026-01-18 17:07:01.760,27.83
2026-01-18 17:07:01.777,27.823
2026-01-18 17:07:01.792,27.824
2026-01-18 17:07:01.808,27.818
2026-01-18 17:07:01.808,27.807
2026-01-18 17:07:01.831,27.804
2026-01-18 17:07:01.832,27.793
2026-01-18 17:07:01.843,27.775
2026-01-18 17:07:01.859,27.757
2026-01-18 17:07:01.876,27.741
2026-01-18 17:07:01.893,27.722
2026-01-18 17:07:01.894,27.695
2026-01-18 17:07:01.908,27.669
2026-01-18 17:07:01.926,27.651
2026-01-18 17:07:01.927,27.635
2026-01-18 17:07:01.942,27.626
2026-01-18 17:07:01.958,27.614
2026-01-18 17:07:01.976,27.598
2026-01-18 17:07:01.977,27.577
2026-01-18 17:07:01.992,27.554
2026-01-18 17:07:02.008,27.531
2026-01-18 17:07:02.029,27.512
2026-01-18 17:07:02.031,27.505
2026-01-18 17:07:02.063,27.504
2026-01-18 17:07:02.065,27.499
2026-01-18 17:07:02.067,27.486
2026-01-18 17:07:02.086,27.471
2026-01-18 17:07:02.087,27.468
2026-01-18 17:07:02.109,27.442
2026-01-18 17:07:02.109,27.412
2026-01-18 17:07:02.125,27.399
2026-01-18 17:07:02.145,27.392
2026-01-18 17:07:02.145,27.385
2026-01-18 17:07:02.158,27.378
2026-01-18 17:07:02.176,27.366
2026-01-18 17:07:02.191,27.357
2026-01-18 17:07:02.192,27.347
2026-01-18 17:07:02.208,27.335
2026-01-18 17:07:02.226,27.329
2026-01-18 17:07:02.242,27.321
2026-01-18 17:07:02.242,27.317
2026-01-18 17:07:02.258,27.306
2026-01-18 17:07:02.275,27.296
2026-01-18 17:07:02.276,27.277
2026-01-18 17:07:02.292,27.271
2026-01-18 17:07:02.308,27.262
2026-01-18 17:07:02.325,27.243
2026-01-18 17:07:02.326,27.229
2026-01-18 17:07:02.342,27.213
2026-01-18 17:07:02.360,27.195
2026-01-18 17:07:02.361,27.182
2026-01-18 17:07:02.377,27.168
2026-01-18 17:07:02.410,27.148
2026-01-18 17:07:02.410,27.137
2026-01-18 17:07:02.410,27.119
2026-01-18 17:07:02.477,27.103
2026-01-18 17:07:02.480,27.094
2026-01-18 17:07:02.481,27.083
2026-01-18 17:07:02.481,27.07
2026-01-18 17:07:02.481,27.056
2026-01-18 17:07:02.481,27.046
2026-01-18 17:07:02.492,27.031
2026-01-18 17:07:02.509,27.015
2026-01-18 17:07:02.526,27.004
2026-01-18 17:07:02.542,26.992
2026-01-18 17:07:02.542,26.974
2026-01-18 17:07:02.558,26.967
2026-01-18 17:07:02.575,26.95
2026-01-18 17:07:02.576,26.94
2026-01-18 17:07:02.592,26.929
2026-01-18 17:07:02.608,26.917
2026-01-18 17:07:02.625,26.908
2026-01-18 17:07:02.626,26.89
2026-01-18 17:07:02.641,26.878
2026-01-18 17:07:02.658,26.872
2026-01-18 17:07:02.677,26.862
2026-01-18 17:07:02.678,26.853
2026-01-18 17:07:02.693,26.852
2026-01-18 17:07:02.708,26.844
2026-01-18 17:07:02.709,26.832
2026-01-18 17:07:02.725,26.817
2026-01-18 17:07:02.741,26.812
2026-01-18 17:07:02.759,26.813
2026-01-18 17:07:02.759,26.805
2026-01-18 17:07:02.775,26.778
2026-01-18 17:07:02.792,26.766
2026-01-18 17:07:02.792,26.754
2026-01-18 17:07:02.808,26.743
2026-01-18 17:07:02.826,26.737
2026-01-18 17:07:02.849,26.728
2026-01-18 17:07:02.849,26.713
2026-01-18 17:07:02.861,26.697
2026-01-18 17:07:02.879,26.681
2026-01-18 17:07:02.879,26.675
2026-01-18 17:07:02.891,26.658
2026-01-18 17:07:02.909,26.638
2026-01-18 17:07:02.926,26.629
2026-01-18 17:07:02.926,26.615
2026-01-18 17:07:02.942,26.606
2026-01-18 17:07:02.960,26.607
2026-01-18 17:07:02.960,26.59
2026-01-18 17:07:02.976,26.576
2026-01-18 17:07:02.992,26.563
2026-01-18 17:07:03.009,26.54
2026-01-18 17:07:03.009,26.526
2026-01-18 17:07:03.026,26.515
2026-01-18 17:07:03.042,26.498
2026-01-18 17:07:03.059,26.49
2026-01-18 17:07:03.059,26.479
2026-01-18 17:07:03.075,26.47
2026-01-18 17:07:03.092,26.455
2026-01-18 17:07:03.093,26.435
2026-01-18 17:07:03.108,26.419
2026-01-18 17:07:03.125,26.411
2026-01-18 17:07:03.142,26.399
2026-01-18 17:07:03.143,26.394
2026-01-18 17:07:03.159,26.387
2026-01-18 17:07:03.176,26.383
2026-01-18 17:07:03.177,26.376
2026-01-18 17:07:03.197,26.363
2026-01-18 17:07:03.231,26.353
2026-01-18 17:07:03.232,26.338
2026-01-18 17:07:03.233,26.34
2026-01-18 17:07:03.242,26.329
2026-01-18 17:07:03.258,26.32
2026-01-18 17:07:03.277,26.309
2026-01-18 17:07:03.277,26.293
2026-01-18 17:07:03.293,26.284
2026-01-18 17:07:03.309,26.274
2026-01-18 17:07:03.310,26.257
2026-01-18 17:07:03.324,26.249
2026-01-18 17:07:03.343,26.238
2026-01-18 17:07:03.358,26.225
2026-01-18 17:07:03.359,26.212
2026-01-18 17:07:03.375,26.198
2026-01-18 17:07:03.391,26.197
2026-01-18 17:07:03.417,26.182
2026-01-18 17:07:03.418,26.168
2026-01-18 17:07:03.418,26.154
2026-01-18 17:07:03.428,26.14
2026-01-18 17:07:03.443,26.128
2026-01-18 17:07:03.459,26.117
2026-01-18 17:07:03.476,26.106
2026-01-18 17:07:03.476,26.09
2026-01-18 17:07:03.493,26.075
2026-01-18 17:07:03.509,26.063
2026-01-18 17:07:03.526,26.049
2026-01-18 17:07:03.527,26.042
2026-01-18 17:07:03.542,26.03
2026-01-18 17:07:03.559,26.016
2026-01-18 17:07:03.576,26.001
2026-01-18 17:07:03.576,25.983
2026-01-18 17:07:03.592,25.973
2026-01-18 17:07:03.609,25.959
2026-01-18 17:07:03.609,25.959
2026-01-18 17:07:03.625,25.944
2026-01-18 17:07:03.641,25.932
2026-01-18 17:07:03.659,25.93
2026-01-18 17:07:03.659,25.918
2026-01-18 17:07:03.676,25.897
2026-01-18 17:07:03.692,25.885
2026-01-18 17:07:03.693,25.871
2026-01-18 17:07:03.707,25.857
2026-01-18 17:07:03.726,25.848
2026-01-18 17:07:03.742,25.834
2026-01-18 17:07:03.743,25.821
2026-01-18 17:07:03.758,25.815
2026-01-18 17:07:03.775,25.805
2026-01-18 17:07:03.776,25.794
2026-01-18 17:07:03.792,25.783
2026-01-18 17:07:03.812,25.774
2026-01-18 17:07:03.813,25.761
2026-01-18 17:07:03.844,25.747
2026-01-18 17:07:03.844,25.733
2026-01-18 17:07:03.857,25.722
2026-01-18 17:07:03.877,25.709
2026-01-18 17:07:03.877,25.699
2026-01-18 17:07:03.891,25.686
2026-01-18 17:07:03.907,25.678
2026-01-18 17:07:03.907,25.668
2026-01-18 17:07:03.925,25.66
2026-01-18 17:07:03.943,25.649
2026-01-18 17:07:03.959,25.636
2026-01-18 17:07:03.959,25.624
2026-01-18 17:07:03.977,25.614
2026-01-18 17:07:03.992,25.605
2026-01-18 17:07:03.992,25.595
2026-01-18 17:07:04.008,25.589
2026-01-18 17:07:04.025,25.574
2026-01-18 17:07:04.042,25.559
2026-01-18 17:07:04.043,25.544
2026-01-18 17:07:04.058,25.538
2026-01-18 17:07:04.074,25.527
2026-01-18 17:07:04.092,25.516
2026-01-18 17:07:04.093,25.504
2026-01-18 17:07:04.108,25.496
2026-01-18 17:07:04.126,25.483
2026-01-18 17:07:04.126,25.469
2026-01-18 17:07:04.141,25.46
2026-01-18 17:07:04.158,25.449
2026-01-18 17:07:04.176,25.439
2026-01-18 17:07:04.176,25.424
2026-01-18 17:07:04.191,25.414
2026-01-18 17:07:04.209,25.398
2026-01-18 17:07:04.210,25.383
2026-01-18 17:07:04.224,25.375
2026-01-18 17:07:04.243,25.359
2026-01-18 17:07:04.258,25.349
2026-01-18 17:07:04.259,25.339
2026-01-18 17:07:04.276,25.325
2026-01-18 17:07:04.292,25.314
2026-01-18 17:07:04.292,25.311
2026-01-18 17:07:04.307,25.299
2026-01-18 17:07:04.325,25.286
2026-01-18 17:07:04.343,25.272
2026-01-18 17:07:04.360,25.26
2026-01-18 17:07:04.360,25.252
2026-01-18 17:07:04.386,25.248
2026-01-18 17:07:04.387,25.233
2026-01-18 17:07:04.387,25.221
2026-01-18 17:07:04.410,25.205
2026-01-18 17:07:04.426,25.193
2026-01-18 17:07:04.427,25.182
2026-01-18 17:07:04.442,25.167
2026-01-18 17:07:04.459,25.152
2026-01-18 17:07:04.460,25.136
2026-01-18 17:07:04.475,25.129
2026-01-18 17:07:04.492,25.118
2026-01-18 17:07:04.510,25.109
2026-01-18 17:07:04.510,25.091
2026-01-18 17:07:04.526,25.082
2026-01-18 17:07:04.541,25.071
2026-01-18 17:07:04.558,25.059
2026-01-18 17:07:04.559,25.051
2026-01-18 17:07:04.573,25.043
2026-01-18 17:07:04.591,25.037
2026-01-18 17:07:04.592,25.027
2026-01-18 17:07:04.608,25.012
2026-01-18 17:07:04.630,24.989
2026-01-18 17:07:04.630,24.977
2026-01-18 17:07:04.643,24.963
2026-01-18 17:07:04.659,24.951
2026-01-18 17:07:04.675,24.933
2026-01-18 17:07:04.676,24.924
2026-01-18 17:07:04.691,24.904
2026-01-18 17:07:04.707,24.892
2026-01-18 17:07:04.725,24.885
2026-01-18 17:07:04.725,24.872
2026-01-18 17:07:04.742,24.858
2026-01-18 17:07:04.759,24.845
2026-01-18 17:07:04.760,24.829
2026-01-18 17:07:04.789,24.813
2026-01-18 17:07:04.790,24.808
2026-01-18 17:07:04.797,24.791
2026-01-18 17:07:04.808,24.778
2026-01-18 17:07:04.830,24.77
2026-01-18 17:07:04.841,24.755
2026-01-18 17:07:04.859,24.743
2026-01-18 17:07:04.859,24.729
2026-01-18 17:07:04.875,24.712
2026-01-18 17:07:04.892,24.702
2026-01-18 17:07:04.892,24.688
2026-01-18 17:07:04.908,24.683
2026-01-18 17:07:04.926,24.668
2026-01-18 17:07:04.942,24.664
2026-01-18 17:07:04.942,24.659
2026-01-18 17:07:04.958,24.645
2026-01-18 17:07:04.975,24.629
2026-01-18 17:07:04.976,24.61
2026-01-18 17:07:04.992,24.599
2026-01-18 17:07:05.009,24.589
2026-01-18 17:07:05.029,24.578
2026-01-18 17:07:05.029,24.566
2026-01-18 17:07:05.049,24.558
2026-01-18 17:07:05.063,24.548
2026-01-18 17:07:05.063,24.532
2026-01-18 17:07:05.083,24.525
2026-01-18 17:07:05.092,24.515
2026-01-18 17:07:05.108,24.505
2026-01-18 17:07:05.108,24.493
2026-01-18 17:07:05.124,24.483
2026-01-18 17:07:05.144,24.471
2026-01-18 17:07:05.145,24.452
2026-01-18 17:07:05.159,24.436
2026-01-18 17:07:05.176,24.421
2026-01-18 17:07:05.192,24.414
2026-01-18 17:07:05.193,24.403
2026-01-18 17:07:05.208,24.386
2026-01-18 17:07:05.225,24.375
2026-01-18 17:07:05.241,24.358
2026-01-18 17:07:05.243,24.342
2026-01-18 17:07:05.258,24.325
2026-01-18 17:07:05.274,24.313
2026-01-18 17:07:05.295,24.306
2026-01-18 17:07:05.296,24.292
2026-01-18 17:07:05.310,24.278
2026-01-18 17:07:05.312,24.26
2026-01-18 17:07:05.325,24.244
2026-01-18 17:07:05.343,24.232
2026-01-18 17:07:05.358,24.222
2026-01-18 17:07:05.375,24.207
2026-01-18 17:07:05.376,24.191
2026-01-18 17:07:05.392,24.179
2026-01-18 17:07:05.409,24.167
2026-01-18 17:07:05.410,24.156
2026-01-18 17:07:05.424,24.141
2026-01-18 17:07:05.442,24.128
2026-01-18 17:07:05.459,24.126
2026-01-18 17:07:05.459,24.118
2026-01-18 17:07:05.475,24.106
2026-01-18 17:07:05.490,24.089
2026-01-18 17:07:05.493,24.074
2026-01-18 17:07:05.508,24.063
2026-01-18 17:07:05.525,24.059
2026-01-18 17:07:05.542,24.049
2026-01-18 17:07:05.543,24.037
2026-01-18 17:07:05.559,24.028
2026-01-18 17:07:05.576,24.019
2026-01-18 17:07:05.577,24.013
2026-01-18 17:07:05.592,24.001
2026-01-18 17:07:05.608,23.989
2026-01-18 17:07:05.626,23.976
2026-01-18 17:07:05.626,23.969
2026-01-18 17:07:05.641,23.965
2026-01-18 17:07:05.658,23.95
2026-01-18 17:07:05.674,23.948
2026-01-18 17:07:05.674,23.936
2026-01-18 17:07:05.692,23.923
2026-01-18 17:07:05.709,23.913
2026-01-18 17:07:05.709,23.902
2026-01-18 17:07:05.725,23.892
2026-01-18 17:07:05.743,23.878
2026-01-18 17:07:05.744,23.869
2026-01-18 17:07:05.760,23.858
2026-01-18 17:07:05.775,23.84
2026-01-18 17:07:05.792,23.825
2026-01-18 17:07:05.794,23.808
2026-01-18 17:07:05.808,23.794
2026-01-18 17:07:05.826,23.78
2026-01-18 17:07:05.849,23.768
2026-01-18 17:07:05.850,23.758
2026-01-18 17:07:05.907,23.742
2026-01-18 17:07:05.908,23.73
2026-01-18 17:07:05.910,23.723
2026-01-18 17:07:05.910,23.718
2026-01-18 17:07:05.910,23.707
2026-01-18 17:07:05.927,23.693
2026-01-18 17:07:05.927,23.691
2026-01-18 17:07:05.941,23.677
2026-01-18 17:07:05.958,23.661
2026-01-18 17:07:05.975,23.644
2026-01-18 17:07:05.976,23.632
2026-01-18 17:07:05.992,23.62
2026-01-18 17:07:06.008,23.608
2026-01-18 17:07:06.009,23.595
2026-01-18 17:07:06.026,23.584
2026-01-18 17:07:06.042,23.58
2026-01-18 17:07:06.058,23.568
2026-01-18 17:07:06.058,23.558
2026-01-18 17:07:06.076,23.55
2026-01-18 17:07:06.093,23.537
2026-01-18 17:07:06.093,23.529
2026-01-18 17:07:06.109,23.518
2026-01-18 17:07:06.147,23.505
2026-01-18 17:07:06.148,23.5
2026-01-18 17:07:06.148,23.489
2026-01-18 17:07:06.156,23.48
2026-01-18 17:07:06.176,23.466
2026-01-18 17:07:06.176,23.452
2026-01-18 17:07:06.191,23.443
2026-01-18 17:07:06.213,23.43
2026-01-18 17:07:06.214,23.419
2026-01-18 17:07:06.223,23.408
2026-01-18 17:07:06.242,23.394
2026-01-18 17:07:06.258,23.384
2026-01-18 17:07:06.275,23.375
2026-01-18 17:07:06.275,23.367
2026-01-18 17:07:06.293,23.354
2026-01-18 17:07:06.307,23.345
2026-01-18 17:07:06.325,23.333
2026-01-18 17:07:06.326,23.32
2026-01-18 17:07:06.340,23.303
2026-01-18 17:07:06.360,23.306
2026-01-18 17:07:06.360,23.294
2026-01-18 17:07:06.377,23.28
2026-01-18 17:07:06.394,23.265
2026-01-18 17:07:06.395,23.246
2026-01-18 17:07:06.409,23.227
2026-01-18 17:07:06.425,23.212
2026-01-18 17:07:06.443,23.201
2026-01-18 17:07:06.443,23.183
2026-01-18 17:07:06.459,23.168
2026-01-18 17:07:06.478,23.151
2026-01-18 17:07:06.480,23.14
2026-01-18 17:07:06.506,23.126
2026-01-18 17:07:06.528,23.11
2026-01-18 17:07:06.528,23.09
2026-01-18 17:07:06.541,23.075
2026-01-18 17:07:06.558,23.063
2026-01-18 17:07:06.576,23.051
2026-01-18 17:07:06.576,23.041
2026-01-18 17:07:06.592,23.032
2026-01-18 17:07:06.608,23.02
2026-01-18 17:07:06.608,23.002
2026-01-18 17:07:06.626,22.986
2026-01-18 17:07:06.642,22.972
2026-01-18 17:07:06.658,22.96
2026-01-18 17:07:06.659,22.943
2026-01-18 17:07:06.675,22.938
2026-01-18 17:07:06.691,22.924
2026-01-18 17:07:06.709,22.919
2026-01-18 17:07:06.709,22.911
2026-01-18 17:07:06.725,22.9
2026-01-18 17:07:06.742,22.886
2026-01-18 17:07:06.742,22.876
2026-01-18 17:07:06.758,22.868
2026-01-18 17:07:06.777,22.856
2026-01-18 17:07:06.779,22.848
2026-01-18 17:07:06.791,22.84
2026-01-18 17:07:06.812,22.826
2026-01-18 17:07:06.812,22.822
2026-01-18 17:07:06.824,22.815
2026-01-18 17:07:06.846,22.808
2026-01-18 17:07:06.858,22.797
2026-01-18 17:07:06.874,22.782
2026-01-18 17:07:06.875,22.779
2026-01-18 17:07:06.892,22.768
2026-01-18 17:07:06.909,22.756
2026-01-18 17:07:06.910,22.738
2026-01-18 17:07:06.924,22.729
2026-01-18 17:07:06.942,22.717
2026-01-18 17:07:06.958,22.708
2026-01-18 17:07:06.959,22.696
2026-01-18 17:07:06.974,22.68
2026-01-18 17:07:06.990,22.67
2026-01-18 17:07:07.008,22.656
2026-01-18 17:07:07.008,22.649
2026-01-18 17:07:07.027,22.641
2026-01-18 17:07:07.041,22.634
2026-01-18 17:07:07.041,22.623
2026-01-18 17:07:07.057,22.615
2026-01-18 17:07:07.074,22.616
2026-01-18 17:07:07.093,22.609
2026-01-18 17:07:07.094,22.599
2026-01-18 17:07:07.108,22.593
2026-01-18 17:07:07.125,22.591
2026-01-18 17:07:07.126,22.575
2026-01-18 17:07:07.141,22.567
2026-01-18 17:07:07.156,22.547
2026-01-18 17:07:07.173,22.529
2026-01-18 17:07:07.173,22.513
2026-01-18 17:07:07.192,22.495
2026-01-18 17:07:07.207,22.48
2026-01-18 17:07:07.207,22.465
2026-01-18 17:07:07.225,22.452
2026-01-18 17:07:07.243,22.445
2026-01-18 17:07:07.259,22.434
2026-01-18 17:07:07.259,22.431
2026-01-18 17:07:07.275,22.424
2026-01-18 17:07:07.292,22.41
2026-01-18 17:07:07.292,22.398
2026-01-18 17:07:07.308,22.389
2026-01-18 17:07:07.326,22.373
2026-01-18 17:07:07.341,22.354
2026-01-18 17:07:07.342,22.347
2026-01-18 17:07:07.359,22.342
2026-01-18 17:07:07.375,22.327
2026-01-18 17:07:07.376,22.317
2026-01-18 17:07:07.391,22.309
2026-01-18 17:07:07.408,22.3
2026-01-18 17:07:07.425,22.298
2026-01-18 17:07:07.426,22.284
2026-01-18 17:07:07.441,22.27
2026-01-18 17:07:07.458,22.26
2026-01-18 17:07:07.475,22.251
2026-01-18 17:07:07.476,22.242
2026-01-18 17:07:07.517,22.246
2026-01-18 17:07:07.528,22.237
2026-01-18 17:07:07.529,22.232
2026-01-18 17:07:07.530,22.226
2026-01-18 17:07:07.550,22.217
2026-01-18 17:07:07.551,22.21
2026-01-18 17:07:07.567,22.199
2026-01-18 17:07:07.568,22.183
2026-01-18 17:07:07.584,22.168
2026-01-18 17:07:07.593,22.153
2026-01-18 17:07:07.608,22.142
2026-01-18 17:07:07.624,22.126
2026-01-18 17:07:07.642,22.119
2026-01-18 17:07:07.658,22.105
2026-01-18 17:07:07.675,22.09
2026-01-18 17:07:07.676,22.073
2026-01-18 17:07:07.691,22.066
2026-01-18 17:07:07.709,22.047
2026-01-18 17:07:07.725,22.034
2026-01-18 17:07:07.725,22.024
2026-01-18 17:07:07.742,22.015
2026-01-18 17:07:07.758,22.005
2026-01-18 17:07:07.777,21.998
2026-01-18 17:07:07.777,21.981
2026-01-18 17:07:07.792,21.965
2026-01-18 17:07:07.809,21.95
2026-01-18 17:07:07.809,21.935
2026-01-18 17:07:07.828,21.925
2026-01-18 17:07:07.862,21.916
2026-01-18 17:07:07.863,21.907
2026-01-18 17:07:07.863,21.892
2026-01-18 17:07:07.873,21.88
2026-01-18 17:07:07.893,21.863
2026-01-18 17:07:07.893,21.851
2026-01-18 17:07:07.911,21.838
2026-01-18 17:07:07.925,21.823
2026-01-18 17:07:07.942,21.811
2026-01-18 17:07:07.943,21.797
2026-01-18 17:07:07.958,21.785
2026-01-18 17:07:07.975,21.78
2026-01-18 17:07:07.976,21.773
2026-01-18 17:07:07.995,21.767
2026-01-18 17:07:08.008,21.762
2026-01-18 17:07:08.024,21.749
2026-01-18 17:07:08.024,21.734
2026-01-18 17:07:08.041,21.721
2026-01-18 17:07:08.057,21.716
2026-01-18 17:07:08.074,21.705
2026-01-18 17:07:08.075,21.692
2026-01-18 17:07:08.092,21.68
2026-01-18 17:07:08.109,21.668
2026-01-18 17:07:08.109,21.651
2026-01-18 17:07:08.125,21.641
2026-01-18 17:07:08.142,21.632
2026-01-18 17:07:08.158,21.619
2026-01-18 17:07:08.158,21.61
2026-01-18 17:07:08.176,21.598
2026-01-18 17:07:08.190,21.588
2026-01-18 17:07:08.207,21.573
2026-01-18 17:07:08.207,21.57
2026-01-18 17:07:08.226,21.554
2026-01-18 17:07:08.241,21.543
2026-01-18 17:07:08.241,21.532
2026-01-18 17:07:08.258,21.521
2026-01-18 17:07:08.274,21.508
2026-01-18 17:07:08.291,21.502
2026-01-18 17:07:08.292,21.493
2026-01-18 17:07:08.308,21.482
2026-01-18 17:07:08.324,21.472
2026-01-18 17:07:08.324,21.456
2026-01-18 17:07:08.342,21.443
2026-01-18 17:07:08.358,21.433
2026-01-18 17:07:08.374,21.427
2026-01-18 17:07:08.374,21.418
2026-01-18 17:07:08.391,21.402
2026-01-18 17:07:08.408,21.388
2026-01-18 17:07:08.408,21.374
2026-01-18 17:07:08.425,21.362
2026-01-18 17:07:08.442,21.351
2026-01-18 17:07:08.458,21.339
2026-01-18 17:07:08.458,21.322
2026-01-18 17:07:08.476,21.305
2026-01-18 17:07:08.491,21.294
2026-01-18 17:07:08.492,21.28
2026-01-18 17:07:08.508,21.266
2026-01-18 17:07:08.526,21.253
2026-01-18 17:07:08.540,21.237
2026-01-18 17:07:08.540,21.23
2026-01-18 17:07:08.558,21.217
2026-01-18 17:07:08.574,21.201
2026-01-18 17:07:08.591,21.189
2026-01-18 17:07:08.591,21.18
2026-01-18 17:07:08.608,21.171
2026-01-18 17:07:08.651,21.162
2026-01-18 17:07:08.653,21.163
2026-01-18 17:07:08.653,21.143
2026-01-18 17:07:08.653,21.129
2026-01-18 17:07:08.663,21.117
2026-01-18 17:07:08.673,21.11
2026-01-18 17:07:08.692,21.103
2026-01-18 17:07:08.707,21.098
2026-01-18 17:07:08.708,21.084
2026-01-18 17:07:08.725,21.071
2026-01-18 17:07:08.742,21.062
2026-01-18 17:07:08.758,21.053
2026-01-18 17:07:08.759,21.041
2026-01-18 17:07:08.775,21.038
2026-01-18 17:07:08.790,21.034
2026-01-18 17:07:08.806,21.021
2026-01-18 17:07:08.806,21.009
2026-01-18 17:07:08.824,20.998
2026-01-18 17:07:08.840,20.98
2026-01-18 17:07:08.840,20.971
2026-01-18 17:07:08.858,20.963
2026-01-18 17:07:08.886,20.951
2026-01-18 17:07:08.887,20.94
2026-01-18 17:07:08.896,20.934
2026-01-18 17:07:08.907,20.922
2026-01-18 17:07:08.925,20.908
2026-01-18 17:07:08.926,20.902
2026-01-18 17:07:08.941,20.895
2026-01-18 17:07:08.957,20.896
2026-01-18 17:07:08.975,20.881
2026-01-18 17:07:08.975,20.87
2026-01-18 17:07:08.991,20.853
2026-01-18 17:07:09.007,20.838
2026-01-18 17:07:09.008,20.825
2026-01-18 17:07:09.024,20.814
2026-01-18 17:07:09.042,20.799
2026-01-18 17:07:09.056,20.789
2026-01-18 17:07:09.056,20.778
2026-01-18 17:07:09.073,20.767
2026-01-18 17:07:09.090,20.758
2026-01-18 17:07:09.106,20.745
2026-01-18 17:07:09.107,20.731
2026-01-18 17:07:09.126,20.722
2026-01-18 17:07:09.139,20.709
2026-01-18 17:07:09.140,20.699
2026-01-18 17:07:09.155,20.685
2026-01-18 17:07:09.172,20.675
2026-01-18 17:07:09.190,20.661
2026-01-18 17:07:09.191,20.646
2026-01-18 17:07:09.208,20.632
2026-01-18 17:07:09.224,20.621
2026-01-18 17:07:09.226,20.608
2026-01-18 17:07:09.245,20.587
2026-01-18 17:07:09.258,20.568
2026-01-18 17:07:09.275,20.549
2026-01-18 17:07:09.275,20.537
2026-01-18 17:07:09.291,20.525
2026-01-18 17:07:09.308,20.516
2026-01-18 17:07:09.309,20.51
2026-01-18 17:07:09.325,20.5
2026-01-18 17:07:09.339,20.49
2026-01-18 17:07:09.358,20.483
2026-01-18 17:07:09.358,20.473
2026-01-18 17:07:09.374,20.459
2026-01-18 17:07:09.391,20.451
2026-01-18 17:07:09.392,20.441
2026-01-18 17:07:09.406,20.433
2026-01-18 17:07:09.423,20.431
2026-01-18 17:07:09.441,20.419
2026-01-18 17:07:09.442,20.399
2026-01-18 17:07:09.458,20.391
2026-01-18 17:07:09.473,20.379
2026-01-18 17:07:09.490,20.37
2026-01-18 17:07:09.490,20.362
2026-01-18 17:07:09.507,20.353
2026-01-18 17:07:09.524,20.339
2026-01-18 17:07:09.524,20.332
2026-01-18 17:07:09.540,20.329
2026-01-18 17:07:09.556,20.316
2026-01-18 17:07:09.574,20.295
2026-01-18 17:07:09.574,20.284
2026-01-18 17:07:09.591,20.274
2026-01-18 17:07:09.608,20.252
2026-01-18 17:07:09.608,20.241
2026-01-18 17:07:09.624,20.235
2026-01-18 17:07:09.640,20.224
2026-01-18 17:07:09.657,20.208
2026-01-18 17:07:09.657,20.192
2026-01-18 17:07:09.673,20.176
2026-01-18 17:07:09.690,20.16
2026-01-18 17:07:09.706,20.147
2026-01-18 17:07:09.706,20.134
2026-01-18 17:07:09.722,20.125
2026-01-18 17:07:09.739,20.118
2026-01-18 17:07:09.740,20.11
2026-01-18 17:07:09.757,20.096
2026-01-18 17:07:09.774,20.077
2026-01-18 17:07:09.791,20.067
2026-01-18 17:07:09.792,20.06
2026-01-18 17:07:09.808,20.052
2026-01-18 17:07:09.825,20.033
2026-01-18 17:07:09.825,20.019
2026-01-18 17:07:09.841,20.012
2026-01-18 17:07:09.857,20.01
2026-01-18 17:07:09.882,19.995
2026-01-18 17:07:09.883,19.984
2026-01-18 17:07:09.891,19.982
2026-01-18 17:07:09.908,19.964
2026-01-18 17:07:09.908,19.946
2026-01-18 17:07:09.925,19.934
2026-01-18 17:07:09.941,19.93
2026-01-18 17:07:09.957,19.927
2026-01-18 17:07:09.958,19.925
2026-01-18 17:07:09.975,19.916
2026-01-18 17:07:09.991,19.913
2026-01-18 17:07:10.007,19.904
2026-01-18 17:07:10.008,19.885
2026-01-18 17:07:10.024,19.868
2026-01-18 17:07:10.040,19.858
2026-01-18 17:07:10.041,19.836
2026-01-18 17:07:10.057,19.823
2026-01-18 17:07:10.074,19.809
2026-01-18 17:07:10.091,19.793
2026-01-18 17:07:10.092,19.781
2026-01-18 17:07:10.107,19.77
2026-01-18 17:07:10.125,19.765
2026-01-18 17:07:10.125,19.755
2026-01-18 17:07:10.140,19.751
2026-01-18 17:07:10.156,19.75
2026-01-18 17:07:10.174,19.74
2026-01-18 17:07:10.174,19.729
2026-01-18 17:07:10.191,19.72
2026-01-18 17:07:10.207,19.708
2026-01-18 17:07:10.208,19.694
2026-01-18 17:07:10.243,19.676
2026-01-18 17:07:10.244,19.661
2026-01-18 17:07:10.244,19.648
2026-01-18 17:07:10.274,19.63
2026-01-18 17:07:10.274,19.621
2026-01-18 17:07:10.292,19.612
2026-01-18 17:07:10.293,19.598
2026-01-18 17:07:10.307,19.59
2026-01-18 17:07:10.325,19.578
2026-01-18 17:07:10.341,19.568
2026-01-18 17:07:10.341,19.557
2026-01-18 17:07:10.357,19.544
2026-01-18 17:07:10.375,19.526
2026-01-18 17:07:10.391,19.512
2026-01-18 17:07:10.392,19.502
2026-01-18 17:07:10.407,19.485
2026-01-18 17:07:10.426,19.476
2026-01-18 17:07:10.426,19.456
2026-01-18 17:07:10.441,19.439
2026-01-18 17:07:10.457,19.428
2026-01-18 17:07:10.473,19.414
2026-01-18 17:07:10.473,19.406
2026-01-18 17:07:10.492,19.39
2026-01-18 17:07:10.508,19.382
2026-01-18 17:07:10.509,19.364
2026-01-18 17:07:10.523,19.354
2026-01-18 17:07:10.541,19.343
2026-01-18 17:07:10.557,19.335
2026-01-18 17:07:10.557,19.321
2026-01-18 17:07:10.574,19.314
2026-01-18 17:07:10.591,19.305
2026-01-18 17:07:10.592,19.295
2026-01-18 17:07:10.607,19.283
2026-01-18 17:07:10.624,19.274
2026-01-18 17:07:10.639,19.265
2026-01-18 17:07:10.641,19.255
2026-01-18 17:07:10.658,19.245
2026-01-18 17:07:10.674,19.236
2026-01-18 17:07:10.691,19.221
2026-01-18 17:07:10.692,19.208
2026-01-18 17:07:10.707,19.196
2026-01-18 17:07:10.724,19.179
2026-01-18 17:07:10.725,19.168
2026-01-18 17:07:10.740,19.158
2026-01-18 17:07:10.757,19.147
2026-01-18 17:07:10.774,19.132
2026-01-18 17:07:10.775,19.12
2026-01-18 17:07:10.789,19.107
2026-01-18 17:07:10.806,19.098
2026-01-18 17:07:10.824,19.089
2026-01-18 17:07:10.824,19.083
2026-01-18 17:07:10.841,19.079
2026-01-18 17:07:10.857,19.066
2026-01-18 17:07:10.857,19.052
2026-01-18 17:07:10.880,19.037
2026-01-18 17:07:10.880,19.021
2026-01-18 17:07:10.893,19.011
2026-01-18 17:07:10.908,19.0
2026-01-18 17:07:10.925,18.982
2026-01-18 17:07:10.941,18.97
2026-01-18 17:07:10.941,18.953
2026-01-18 17:07:10.957,18.939
2026-01-18 17:07:10.974,18.926
2026-01-18 17:07:10.990,18.912
2026-01-18 17:07:10.991,18.895
2026-01-18 17:07:11.007,18.884
2026-01-18 17:07:11.025,18.871
2026-01-18 17:07:11.025,18.859
2026-01-18 17:07:11.040,18.85
2026-01-18 17:07:11.056,18.839
2026-01-18 17:07:11.075,18.828
2026-01-18 17:07:11.075,18.816
2026-01-18 17:07:11.090,18.804
2026-01-18 17:07:11.106,18.789
2026-01-18 17:07:11.107,18.774
2026-01-18 17:07:11.124,18.763
2026-01-18 17:07:11.141,18.757
2026-01-18 17:07:11.156,18.743
2026-01-18 17:07:11.157,18.732
2026-01-18 17:07:11.174,18.717
2026-01-18 17:07:11.191,18.712
2026-01-18 17:07:11.192,18.701
2026-01-18 17:07:11.208,18.69
2026-01-18 17:07:11.224,18.679
2026-01-18 17:07:11.240,18.669
2026-01-18 17:07:11.241,18.66
2026-01-18 17:07:11.257,18.648
2026-01-18 17:07:11.274,18.63
2026-01-18 17:07:11.291,18.62
2026-01-18 17:07:11.292,18.603
2026-01-18 17:07:11.306,18.594
2026-01-18 17:07:11.324,18.588
2026-01-18 17:07:11.324,18.586
2026-01-18 17:07:11.340,18.571
2026-01-18 17:07:11.358,18.558
2026-01-18 17:07:11.373,18.546
2026-01-18 17:07:11.373,18.538
2026-01-18 17:07:11.390,18.523
2026-01-18 17:07:11.407,18.51
2026-01-18 17:07:11.408,18.489
2026-01-18 17:07:11.425,18.47
2026-01-18 17:07:11.440,18.462
2026-01-18 17:07:11.457,18.452
2026-01-18 17:07:11.458,18.437
2026-01-18 17:07:11.473,18.423
2026-01-18 17:07:11.490,18.408
2026-01-18 17:07:11.507,18.396
2026-01-18 17:07:11.508,18.382
2026-01-18 17:07:11.523,18.365
2026-01-18 17:07:11.540,18.355
2026-01-18 17:07:11.541,18.346
2026-01-18 17:07:11.557,18.334
2026-01-18 17:07:11.573,18.32
2026-01-18 17:07:11.601,18.304
2026-01-18 17:07:11.602,18.294
2026-01-18 17:07:11.602,18.279
2026-01-18 17:07:11.615,18.27
2026-01-18 17:07:11.625,18.259
2026-01-18 17:07:11.640,18.248
2026-01-18 17:07:11.657,18.237
2026-01-18 17:07:11.674,18.218
2026-01-18 17:07:11.674,18.201
2026-01-18 17:07:11.691,18.187
2026-01-18 17:07:11.707,18.18
2026-01-18 17:07:11.707,18.159
2026-01-18 17:07:11.724,18.142
2026-01-18 17:07:11.741,18.133
2026-01-18 17:07:11.757,18.131
2026-01-18 17:07:11.758,18.11
2026-01-18 17:07:11.774,18.095
2026-01-18 17:07:11.790,18.084
2026-01-18 17:07:11.807,18.075
2026-01-18 17:07:11.808,18.072
2026-01-18 17:07:11.823,18.064
2026-01-18 17:07:11.841,18.05
2026-01-18 17:07:11.842,18.047
2026-01-18 17:07:11.864,18.043
2026-01-18 17:07:11.864,18.034
2026-01-18 17:07:11.891,18.022
2026-01-18 17:07:11.892,18.009
2026-01-18 17:07:11.908,17.999
2026-01-18 17:07:11.924,17.986
2026-01-18 17:07:11.925,17.976
2026-01-18 17:07:11.941,17.964
2026-01-18 17:07:11.956,17.955
2026-01-18 17:07:11.974,17.94
2026-01-18 17:07:11.975,17.932
2026-01-18 17:07:11.991,17.922
2026-01-18 17:07:12.006,17.918
2026-01-18 17:07:12.007,17.906
2026-01-18 17:07:12.023,17.896
2026-01-18 17:07:12.040,17.884
2026-01-18 17:07:12.057,17.871
2026-01-18 17:07:12.057,17.859
2026-01-18 17:07:12.075,17.85
2026-01-18 17:07:12.090,17.839
2026-01-18 17:07:12.108,17.826
2026-01-18 17:07:12.108,17.818
2026-01-18 17:07:12.124,17.802
2026-01-18 17:07:12.140,17.791
2026-01-18 17:07:12.141,17.783
2026-01-18 17:07:12.157,17.77
2026-01-18 17:07:12.173,17.758
2026-01-18 17:07:12.191,17.744
2026-01-18 17:07:12.192,17.732
2026-01-18 17:07:12.207,17.721
2026-01-18 17:07:12.225,17.705
2026-01-18 17:07:12.225,17.694
2026-01-18 17:07:12.240,17.688
2026-01-18 17:07:12.256,17.679
2026-01-18 17:07:12.273,17.667
2026-01-18 17:07:12.273,17.661
2026-01-18 17:07:12.289,17.647
2026-01-18 17:07:12.306,17.636
2026-01-18 17:07:12.324,17.62
2026-01-18 17:07:12.324,17.608
2026-01-18 17:07:12.340,17.591
2026-01-18 17:07:12.358,17.579
2026-01-18 17:07:12.358,17.569
2026-01-18 17:07:12.373,17.563
2026-01-18 17:07:12.390,17.556
2026-01-18 17:07:12.407,17.547
2026-01-18 17:07:12.407,17.535
2026-01-18 17:07:12.424,17.525
2026-01-18 17:07:12.442,17.515
2026-01-18 17:07:12.442,17.503
2026-01-18 17:07:12.457,17.49
2026-01-18 17:07:12.474,17.477
2026-01-18 17:07:12.490,17.462
2026-01-18 17:07:12.491,17.452
2026-01-18 17:07:12.507,17.431
2026-01-18 17:07:12.525,17.413
2026-01-18 17:07:12.525,17.407
2026-01-18 17:07:12.540,17.398
2026-01-18 17:07:12.557,17.384
2026-01-18 17:07:12.574,17.373
2026-01-18 17:07:12.575,17.363
2026-01-18 17:07:12.590,17.352
2026-01-18 17:07:12.607,17.335
2026-01-18 17:07:12.607,17.331
2026-01-18 17:07:12.623,17.322
2026-01-18 17:07:12.642,17.313
2026-01-18 17:07:12.657,17.304
2026-01-18 17:07:12.657,17.293
2026-01-18 17:07:12.673,17.276
2026-01-18 17:07:12.689,17.262
2026-01-18 17:07:12.692,17.24
2026-01-18 17:07:12.705,17.233
2026-01-18 17:07:12.722,17.214
2026-01-18 17:07:12.739,17.198
2026-01-18 17:07:12.739,17.173
2026-01-18 17:07:12.756,17.155
2026-01-18 17:07:12.773,17.136
2026-01-18 17:07:12.792,17.111
2026-01-18 17:07:12.792,17.092
2026-01-18 17:07:12.822,17.08
2026-01-18 17:07:12.823,17.064
2026-01-18 17:07:12.823,17.052
2026-01-18 17:07:12.841,17.038
2026-01-18 17:07:12.856,17.017
2026-01-18 17:07:12.880,16.998
2026-01-18 17:07:12.880,16.979
2026-01-18 17:07:12.890,16.966
2026-01-18 17:07:12.906,16.949
2026-01-18 17:07:12.923,16.935
2026-01-18 17:07:12.923,16.921
2026-01-18 17:07:12.939,16.908
2026-01-18 17:07:12.964,16.888
2026-01-18 17:07:12.965,16.868
2026-01-18 17:07:12.973,16.858
2026-01-18 17:07:12.990,16.844
2026-01-18 17:07:13.007,16.834
2026-01-18 17:07:13.007,16.824
2026-01-18 17:07:13.023,16.816
2026-01-18 17:07:13.040,16.807
2026-01-18 17:07:13.040,16.807
2026-01-18 17:07:13.056,16.8
2026-01-18 17:07:13.074,16.784
2026-01-18 17:07:13.090,16.774
2026-01-18 17:07:13.091,16.764
2026-01-18 17:07:13.106,16.772
2026-01-18 17:07:13.124,16.756
2026-01-18 17:07:13.125,16.756
2026-01-18 17:07:13.141,16.75
2026-01-18 17:07:13.157,16.753
2026-01-18 17:07:13.174,16.763
2026-01-18 17:07:13.175,16.759
2026-01-18 17:07:13.189,16.753
2026-01-18 17:07:13.208,16.738
2026-01-18 17:07:13.208,16.73
2026-01-18 17:07:13.223,16.724
2026-01-18 17:07:13.242,16.716
2026-01-18 17:07:13.257,16.697
2026-01-18 17:07:13.258,16.683
2026-01-18 17:07:13.273,16.664
2026-01-18 17:07:13.290,16.645
2026-01-18 17:07:13.307,16.632
2026-01-18 17:07:13.307,16.616
2026-01-18 17:07:13.323,16.606
2026-01-18 17:07:13.340,16.581
2026-01-18 17:07:13.341,16.571
2026-01-18 17:07:13.357,16.561
2026-01-18 17:07:13.372,16.548
2026-01-18 17:07:13.392,16.543
2026-01-18 17:07:13.392,16.534
2026-01-18 17:07:13.407,16.527
2026-01-18 17:07:13.424,16.512
2026-01-18 17:07:13.425,16.492
2026-01-18 17:07:13.441,16.478
2026-01-18 17:07:13.456,16.477
2026-01-18 17:07:13.475,16.468
2026-01-18 17:07:13.476,16.457
2026-01-18 17:07:13.490,16.436
2026-01-18 17:07:13.508,16.418
2026-01-18 17:07:13.509,16.416
2026-01-18 17:07:13.523,16.41
2026-01-18 17:07:13.541,16.397
2026-01-18 17:07:13.557,16.399
2026-01-18 17:07:13.557,16.39
2026-01-18 17:07:13.572,16.38
2026-01-18 17:07:13.590,16.36
2026-01-18 17:07:13.607,16.353
2026-01-18 17:07:13.608,16.345
2026-01-18 17:07:13.623,16.329
2026-01-18 17:07:13.640,16.307
2026-01-18 17:07:13.640,16.288
2026-01-18 17:07:13.657,16.272
2026-01-18 17:07:13.673,16.26
2026-01-18 17:07:13.689,16.247
2026-01-18 17:07:13.690,16.235
2026-01-18 17:07:13.706,16.218
2026-01-18 17:07:13.722,16.201
2026-01-18 17:07:13.741,16.189
2026-01-18 17:07:13.741,16.177
2026-01-18 17:07:13.756,16.166
2026-01-18 17:07:13.774,16.155
2026-01-18 17:07:13.775,16.148
2026-01-18 17:07:13.789,16.13
2026-01-18 17:07:13.807,16.112
2026-01-18 17:07:13.823,16.101
2026-01-18 17:07:13.824,16.077
2026-01-18 17:07:13.840,16.058
2026-01-18 17:07:13.862,16.031
2026-01-18 17:07:13.862,16.004
2026-01-18 17:07:13.872,15.987
2026-01-18 17:07:13.891,15.973
2026-01-18 17:07:13.907,15.956
2026-01-18 17:07:13.907,15.936
2026-01-18 17:07:13.924,15.929
2026-01-18 17:07:13.940,15.922
2026-01-18 17:07:13.941,15.893
2026-01-18 17:07:13.956,15.869
2026-01-18 17:07:13.972,15.855
2026-01-18 17:07:13.989,15.829
2026-01-18 17:07:13.989,15.807
2026-01-18 17:07:14.007,15.787
2026-01-18 17:07:14.023,15.764
2026-01-18 17:07:14.023,15.744
2026-01-18 17:07:14.040,15.733
2026-01-18 17:07:14.056,15.706
2026-01-18 17:07:14.074,15.763
2026-01-18 17:07:14.075,15.726
2026-01-18 17:07:14.090,15.719
2026-01-18 17:07:14.107,15.697
2026-01-18 17:07:14.123,15.757
2026-01-18 17:07:14.123,15.775
2026-01-18 17:07:14.141,15.733
2026-01-18 17:07:14.157,15.71
2026-01-18 17:07:14.157,15.668
2026-01-18 17:07:14.173,15.707
2026-01-18 17:07:14.189,15.681
2026-01-18 17:07:14.207,15.645
2026-01-18 17:07:14.207,15.624
2026-01-18 17:07:14.224,15.603
2026-01-18 17:07:14.239,15.582
2026-01-18 17:07:14.240,15.566
2026-01-18 17:07:14.255,15.56
2026-01-18 17:07:14.274,15.547
2026-01-18 17:07:14.290,15.544
2026-01-18 17:07:14.290,15.54
2026-01-18 17:07:14.332,15.537
2026-01-18 17:07:14.333,15.541
2026-01-18 17:07:14.333,15.539
2026-01-18 17:07:14.341,15.536
2026-01-18 17:07:14.357,15.535
2026-01-18 17:07:14.373,15.524
2026-01-18 17:07:14.374,15.517
2026-01-18 17:07:14.390,15.511
2026-01-18 17:07:14.406,15.51
2026-01-18 17:07:14.424,15.495
2026-01-18 17:07:14.440,15.48
2026-01-18 17:07:14.457,15.473
2026-01-18 17:07:14.457,15.465
2026-01-18 17:07:14.474,15.454
2026-01-18 17:07:14.490,15.439
2026-01-18 17:07:14.491,15.42
2026-01-18 17:07:14.507,15.41
2026-01-18 17:07:14.523,15.397
2026-01-18 17:07:14.540,15.392
2026-01-18 17:07:14.540,15.382
2026-01-18 17:07:14.556,15.376
2026-01-18 17:07:14.574,15.367
2026-01-18 17:07:14.590,15.355
2026-01-18 17:07:14.591,15.338
2026-01-18 17:07:14.607,15.321
2026-01-18 17:07:14.622,15.299
2026-01-18 17:07:14.640,15.278
2026-01-18 17:07:14.640,15.268
2026-01-18 17:07:14.656,15.252
2026-01-18 17:07:14.673,15.246
2026-01-18 17:07:14.674,15.24
2026-01-18 17:07:14.689,15.222
2026-01-18 17:07:14.707,15.207
2026-01-18 17:07:14.723,15.199
2026-01-18 17:07:14.724,15.19
2026-01-18 17:07:14.739,15.175
2026-01-18 17:07:14.755,15.168
2026-01-18 17:07:14.756,15.156
2026-01-18 17:07:14.775,15.154
2026-01-18 17:07:14.790,15.14
2026-01-18 17:07:14.806,15.133
2026-01-18 17:07:14.807,15.13
2026-01-18 17:07:14.824,15.126
2026-01-18 17:07:14.840,15.116
2026-01-18 17:07:14.841,15.111
2026-01-18 17:07:14.862,15.099
2026-01-18 17:07:14.872,15.084
2026-01-18 17:07:14.890,15.073
2026-01-18 17:07:14.891,15.067
2026-01-18 17:07:14.906,15.05
2026-01-18 17:07:14.924,15.043
2026-01-18 17:07:14.924,15.029
2026-01-18 17:07:14.939,15.013
2026-01-18 17:07:14.955,15.005
2026-01-18 17:07:14.974,14.991
2026-01-18 17:07:14.974,14.98
2026-01-18 17:07:14.990,14.967
2026-01-18 17:07:15.007,14.949
2026-01-18 17:07:15.007,14.94
2026-01-18 17:07:15.023,14.927
2026-01-18 17:07:15.040,14.92
2026-01-18 17:07:15.056,14.905
2026-01-18 17:07:15.056,14.888
2026-01-18 17:07:15.074,14.873
2026-01-18 17:07:15.089,14.866
2026-01-18 17:07:15.092,14.858
2026-01-18 17:07:15.108,14.849
2026-01-18 17:07:15.125,14.833
2026-01-18 17:07:15.139,14.815
2026-01-18 17:07:15.140,14.802
2026-01-18 17:07:15.156,14.787
2026-01-18 17:07:15.173,14.769
2026-01-18 17:07:15.190,14.751
2026-01-18 17:07:15.191,14.74
2026-01-18 17:07:15.206,14.717
2026-01-18 17:07:15.224,14.699
2026-01-18 17:07:15.224,14.681
2026-01-18 17:07:15.240,14.665
2026-01-18 17:07:15.256,14.651
2026-01-18 17:07:15.274,14.635
2026-01-18 17:07:15.274,14.62
2026-01-18 17:07:15.290,14.608
2026-01-18 17:07:15.306,14.598
2026-01-18 17:07:15.324,14.588
2026-01-18 17:07:15.325,14.576
2026-01-18 17:07:15.340,14.558
2026-01-18 17:07:15.356,14.544
2026-01-18 17:07:15.357,14.53
2026-01-18 17:07:15.373,14.516
2026-01-18 17:07:15.389,14.506
2026-01-18 17:07:15.406,14.494
2026-01-18 17:07:15.407,14.493
2026-01-18 17:07:15.422,14.481
2026-01-18 17:07:15.439,14.464
2026-01-18 17:07:15.440,14.452
2026-01-18 17:07:15.455,14.438
2026-01-18 17:07:15.474,14.425
2026-01-18 17:07:15.490,14.412
2026-01-18 17:07:15.490,14.395
2026-01-18 17:07:15.505,14.384
2026-01-18 17:07:15.524,14.373
2026-01-18 17:07:15.524,14.36
2026-01-18 17:07:15.541,14.347
2026-01-18 17:07:15.573,14.329
2026-01-18 17:07:15.573,14.316
2026-01-18 17:07:15.590,14.298
2026-01-18 17:07:15.606,14.283
2026-01-18 17:07:15.623,14.271
2026-01-18 17:07:15.624,14.261
2026-01-18 17:07:15.640,14.257
2026-01-18 17:07:15.657,14.249
2026-01-18 17:07:15.657,14.236
2026-01-18 17:07:15.715,14.218
2026-01-18 17:07:15.716,14.2
2026-01-18 17:07:15.717,14.186
2026-01-18 17:07:15.717,14.181
2026-01-18 17:07:15.717,14.166
2026-01-18 17:07:15.741,14.153
2026-01-18 17:07:15.741,14.135
2026-01-18 17:07:15.756,14.114
2026-01-18 17:07:15.772,14.094
2026-01-18 17:07:15.791,14.073
2026-01-18 17:07:15.795,14.054
2026-01-18 17:07:15.807,14.042
2026-01-18 17:07:15.823,14.03
2026-01-18 17:07:15.839,14.029
2026-01-18 17:07:15.840,14.013
2026-01-18 17:07:15.855,14.007
2026-01-18 17:07:15.878,13.996
2026-01-18 17:07:15.879,13.979
2026-01-18 17:07:15.889,13.962
2026-01-18 17:07:15.905,13.945
2026-01-18 17:07:15.922,13.927
2026-01-18 17:07:15.923,13.912
2026-01-18 17:07:15.940,13.898
2026-01-18 17:07:15.957,13.886
2026-01-18 17:07:15.957,13.872
2026-01-18 17:07:15.972,13.86
2026-01-18 17:07:15.988,13.855
2026-01-18 17:07:16.006,13.843
2026-01-18 17:07:16.006,13.832
2026-01-18 17:07:16.024,13.823
2026-01-18 17:07:16.040,13.813
2026-01-18 17:07:16.041,13.804
2026-01-18 17:07:16.056,13.792
2026-01-18 17:07:16.073,13.775
2026-01-18 17:07:16.088,13.76
2026-01-18 17:07:16.089,13.749
2026-01-18 17:07:16.106,13.743
2026-01-18 17:07:16.122,13.731
2026-01-18 17:07:16.139,13.727
2026-01-18 17:07:16.140,13.717
2026-01-18 17:07:16.156,13.705
2026-01-18 17:07:16.173,13.699
2026-01-18 17:07:16.173,13.68
2026-01-18 17:07:16.190,13.664
2026-01-18 17:07:16.206,13.655
2026-01-18 17:07:16.223,13.645
2026-01-18 17:07:16.224,13.633
2026-01-18 17:07:16.241,13.627
2026-01-18 17:07:16.256,13.616
2026-01-18 17:07:16.257,13.598
2026-01-18 17:07:16.272,13.579
2026-01-18 17:07:16.289,13.568
2026-01-18 17:07:16.307,13.556
2026-01-18 17:07:16.308,13.543
2026-01-18 17:07:16.324,13.532
2026-01-18 17:07:16.340,13.526
2026-01-18 17:07:16.340,13.515
2026-01-18 17:07:16.356,13.508
2026-01-18 17:07:16.373,13.5
2026-01-18 17:07:16.389,13.487
2026-01-18 17:07:16.390,13.469
2026-01-18 17:07:16.406,13.459
2026-01-18 17:07:16.422,13.456
2026-01-18 17:07:16.438,13.441
2026-01-18 17:07:16.438,13.431
2026-01-18 17:07:16.454,13.421
2026-01-18 17:07:16.472,13.407
2026-01-18 17:07:16.473,13.394
2026-01-18 17:07:16.489,13.376
2026-01-18 17:07:16.506,13.361
2026-01-18 17:07:16.523,13.346
2026-01-18 17:07:16.523,13.328
2026-01-18 17:07:16.540,13.308
2026-01-18 17:07:16.557,13.306
2026-01-18 17:07:16.557,13.285
2026-01-18 17:07:16.573,13.271
2026-01-18 17:07:16.590,13.253
2026-01-18 17:07:16.606,13.238
2026-01-18 17:07:16.606,13.223
2026-01-18 17:07:16.623,13.206
2026-01-18 17:07:16.639,13.196
2026-01-18 17:07:16.640,13.183
2026-01-18 17:07:16.656,13.176
2026-01-18 17:07:16.673,13.169
2026-01-18 17:07:16.690,13.164
2026-01-18 17:07:16.691,13.158
2026-01-18 17:07:16.706,13.146
2026-01-18 17:07:16.722,13.139
2026-01-18 17:07:16.740,13.128
2026-01-18 17:07:16.741,13.113
2026-01-18 17:07:16.755,13.098
2026-01-18 17:07:16.774,13.09
2026-01-18 17:07:16.774,13.073
2026-01-18 17:07:16.789,13.056
2026-01-18 17:07:16.806,13.049
2026-01-18 17:07:16.823,13.039
2026-01-18 17:07:16.824,13.027
2026-01-18 17:07:16.838,13.011
2026-01-18 17:07:16.855,12.996
2026-01-18 17:07:16.856,12.981
2026-01-18 17:07:16.877,12.97
2026-01-18 17:07:16.887,12.955
2026-01-18 17:07:16.906,12.939
2026-01-18 17:07:16.907,12.927
2026-01-18 17:07:16.922,12.914
2026-01-18 17:07:16.939,12.897
2026-01-18 17:07:16.940,12.882
2026-01-18 17:07:16.956,12.87
2026-01-18 17:07:16.972,12.871
2026-01-18 17:07:16.991,12.858
2026-01-18 17:07:16.992,12.846
2026-01-18 17:07:17.013,12.835
2026-01-18 17:07:17.013,12.821
2026-01-18 17:07:17.024,12.803
2026-01-18 17:07:17.062,12.792
2026-01-18 17:07:17.062,12.774
2026-01-18 17:07:17.063,12.762
2026-01-18 17:07:17.073,12.761
2026-01-18 17:07:17.088,12.75
2026-01-18 17:07:17.105,12.735
2026-01-18 17:07:17.122,12.729
2026-01-18 17:07:17.123,12.722
2026-01-18 17:07:17.139,12.712
2026-01-18 17:07:17.155,12.698
2026-01-18 17:07:17.156,12.692
2026-01-18 17:07:17.172,12.675
2026-01-18 17:07:17.188,12.658
2026-01-18 17:07:17.205,12.641
2026-01-18 17:07:17.206,12.627
2026-01-18 17:07:17.222,12.618
2026-01-18 17:07:17.239,12.61
2026-01-18 17:07:17.240,12.6
2026-01-18 17:07:17.256,12.591
2026-01-18 17:07:17.271,12.581
2026-01-18 17:07:17.288,12.568
2026-01-18 17:07:17.288,12.558
2026-01-18 17:07:17.305,12.544
2026-01-18 17:07:17.321,12.531
2026-01-18 17:07:17.339,12.527
2026-01-18 17:07:17.339,12.514
2026-01-18 17:07:17.356,12.498
2026-01-18 17:07:17.372,12.478
2026-01-18 17:07:17.373,12.459
2026-01-18 17:07:17.389,12.443
2026-01-18 17:07:17.406,12.435
2026-01-18 17:07:17.422,12.431
2026-01-18 17:07:17.423,12.425
2026-01-18 17:07:17.439,12.412
2026-01-18 17:07:17.456,12.393
2026-01-18 17:07:17.456,12.378
2026-01-18 17:07:17.473,12.366
2026-01-18 17:07:17.489,12.355
2026-01-18 17:07:17.505,12.348
2026-01-18 17:07:17.505,12.34
2026-01-18 17:07:17.521,12.332
2026-01-18 17:07:17.539,12.315
2026-01-18 17:07:17.540,12.295
2026-01-18 17:07:17.556,12.274
2026-01-18 17:07:17.573,12.262
2026-01-18 17:07:17.589,12.25
2026-01-18 17:07:17.590,12.231
2026-01-18 17:07:17.607,12.216
2026-01-18 17:07:17.623,12.205
2026-01-18 17:07:17.623,12.194
2026-01-18 17:07:17.640,12.184
2026-01-18 17:07:17.655,12.166
2026-01-18 17:07:17.673,12.154
2026-01-18 17:07:17.673,12.14
2026-01-18 17:07:17.688,12.138
2026-01-18 17:07:17.706,12.128
2026-01-18 17:07:17.722,12.11
2026-01-18 17:07:17.723,12.099
2026-01-18 17:07:17.739,12.084
2026-01-18 17:07:17.755,12.078
2026-01-18 17:07:17.756,12.064
2026-01-18 17:07:17.772,12.054
2026-01-18 17:07:17.790,12.045
2026-01-18 17:07:17.806,12.032
2026-01-18 17:07:17.807,12.025
2026-01-18 17:07:17.822,12.021
2026-01-18 17:07:17.838,12.029
2026-01-18 17:07:17.839,12.02
2026-01-18 17:07:17.856,12.003
2026-01-18 17:07:17.877,11.982
2026-01-18 17:07:17.877,11.972
2026-01-18 17:07:17.889,11.965
2026-01-18 17:07:17.905,11.953
2026-01-18 17:07:17.922,11.942
2026-01-18 17:07:17.939,11.929
2026-01-18 17:07:17.940,11.91
2026-01-18 17:07:17.957,11.889
2026-01-18 17:07:17.972,11.879
2026-01-18 17:07:17.989,11.866
2026-01-18 17:07:18.006,11.85
2026-01-18 17:07:18.023,11.839
2026-01-18 17:07:18.023,11.835
2026-01-18 17:07:18.039,11.828
2026-01-18 17:07:18.058,11.815
2026-01-18 17:07:18.058,11.799
2026-01-18 17:07:18.073,11.793
2026-01-18 17:07:18.088,11.793
2026-01-18 17:07:18.105,11.794
2026-01-18 17:07:18.106,11.788
2026-01-18 17:07:18.121,11.758
2026-01-18 17:07:18.139,11.747
2026-01-18 17:07:18.140,11.739
2026-01-18 17:07:18.156,11.73
2026-01-18 17:07:18.172,11.714
2026-01-18 17:07:18.189,11.703
2026-01-18 17:07:18.190,11.693
2026-01-18 17:07:18.206,11.687
2026-01-18 17:07:18.221,11.69
2026-01-18 17:07:18.238,11.68
2026-01-18 17:07:18.239,11.666
2026-01-18 17:07:18.256,11.665
2026-01-18 17:07:18.273,11.66
2026-01-18 17:07:18.273,11.658
2026-01-18 17:07:18.289,11.649
2026-01-18 17:07:18.306,11.643
2026-01-18 17:07:18.322,11.627
2026-01-18 17:07:18.323,11.623
2026-01-18 17:07:18.339,11.631
2026-01-18 17:07:18.356,11.62
2026-01-18 17:07:18.356,11.615
2026-01-18 17:07:18.373,11.614
2026-01-18 17:07:18.389,11.596
2026-01-18 17:07:18.420,11.569
2026-01-18 17:07:18.421,11.525
2026-01-18 17:07:18.422,11.487
2026-01-18 17:07:18.430,11.457
2026-01-18 17:07:18.439,11.426
2026-01-18 17:07:18.455,11.394
2026-01-18 17:07:18.474,11.364
2026-01-18 17:07:18.490,11.34
2026-01-18 17:07:18.490,11.317
2026-01-18 17:07:18.506,11.293
2026-01-18 17:07:18.523,11.278
2026-01-18 17:07:18.524,11.261
2026-01-18 17:07:18.539,11.249
2026-01-18 17:07:18.556,11.237
2026-01-18 17:07:18.573,11.224
2026-01-18 17:07:18.574,11.219
2026-01-18 17:07:18.590,11.22
2026-01-18 17:07:18.606,11.21
2026-01-18 17:07:18.623,11.206
2026-01-18 17:07:18.624,11.197
2026-01-18 17:07:18.640,11.184
2026-01-18 17:07:18.656,11.172
2026-01-18 17:07:18.657,11.156
2026-01-18 17:07:18.673,11.137
2026-01-18 17:07:18.689,11.122
2026-01-18 17:07:18.706,11.11
2026-01-18 17:07:18.706,11.095
2026-01-18 17:07:18.723,11.086
2026-01-18 17:07:18.739,11.07
2026-01-18 17:07:18.740,11.058
2026-01-18 17:07:18.756,11.043
2026-01-18 17:07:18.773,11.039
2026-01-18 17:07:18.789,11.029
2026-01-18 17:07:18.790,11.021
2026-01-18 17:07:18.805,11.002
2026-01-18 17:07:18.822,10.99
2026-01-18 17:07:18.823,10.969
2026-01-18 17:07:18.839,10.952
2026-01-18 17:07:18.862,10.928
2026-01-18 17:07:18.863,10.902
2026-01-18 17:07:18.873,10.877
2026-01-18 17:07:18.890,10.873
2026-01-18 17:07:18.905,10.877
2026-01-18 17:07:18.922,10.874
2026-01-18 17:07:18.923,10.866
2026-01-18 17:07:18.939,10.855
2026-01-18 17:07:18.955,10.855
2026-01-18 17:07:18.956,10.847
2026-01-18 17:07:18.972,10.839
2026-01-18 17:07:18.990,10.827
2026-01-18 17:07:19.007,10.823
2026-01-18 17:07:19.008,10.818
2026-01-18 17:07:19.023,10.817
2026-01-18 17:07:19.039,10.816
2026-01-18 17:07:19.040,10.793
2026-01-18 17:07:19.056,10.767
2026-01-18 17:07:19.071,10.77
2026-01-18 17:07:19.089,10.762
2026-01-18 17:07:19.089,10.753
2026-01-18 17:07:19.105,10.738
2026-01-18 17:07:19.123,10.725
2026-01-18 17:07:19.124,10.72
2026-01-18 17:07:19.140,10.707
2026-01-18 17:07:19.155,10.696
2026-01-18 17:07:19.173,10.68
2026-01-18 17:07:19.173,10.672
2026-01-18 17:07:19.189,10.666
2026-01-18 17:07:19.206,10.653
2026-01-18 17:07:19.223,10.638
2026-01-18 17:07:19.224,10.629
2026-01-18 17:07:19.238,10.616
2026-01-18 17:07:19.255,10.598
2026-01-18 17:07:19.271,10.581
2026-01-18 17:07:19.271,10.57
2026-01-18 17:07:19.291,10.557
2026-01-18 17:07:19.305,10.544
2026-01-18 17:07:19.306,10.548
2026-01-18 17:07:19.322,10.537
2026-01-18 17:07:19.339,10.527
2026-01-18 17:07:19.339,10.516
2026-01-18 17:07:19.356,10.5
2026-01-18 17:07:19.373,10.487
2026-01-18 17:07:19.389,10.463
2026-01-18 17:07:19.390,10.45
2026-01-18 17:07:19.406,10.436
2026-01-18 17:07:19.422,10.421
2026-01-18 17:07:19.439,10.408
2026-01-18 17:07:19.440,10.393
2026-01-18 17:07:19.455,10.381
2026-01-18 17:07:19.472,10.368
2026-01-18 17:07:19.473,10.355
2026-01-18 17:07:19.489,10.349
2026-01-18 17:07:19.505,10.331
2026-01-18 17:07:19.522,10.313
2026-01-18 17:07:19.522,10.3
2026-01-18 17:07:19.539,10.296
2026-01-18 17:07:19.556,10.28
2026-01-18 17:07:19.556,10.269
2026-01-18 17:07:19.573,10.259
2026-01-18 17:07:19.590,10.243
2026-01-18 17:07:19.606,10.233
2026-01-18 17:07:19.606,10.225
2026-01-18 17:07:19.622,10.215
2026-01-18 17:07:19.639,10.204
2026-01-18 17:07:19.640,10.194
2026-01-18 17:07:19.657,10.175
2026-01-18 17:07:19.674,10.167
2026-01-18 17:07:19.676,10.156
2026-01-18 17:07:19.689,10.147
2026-01-18 17:07:19.706,10.133
2026-01-18 17:07:19.722,10.121
2026-01-18 17:07:19.739,10.116
2026-01-18 17:07:19.739,10.114
2026-01-18 17:07:19.756,10.111
2026-01-18 17:07:19.782,10.112
2026-01-18 17:07:19.783,10.111
2026-01-18 17:07:19.784,10.107
2026-01-18 17:07:19.805,10.098
2026-01-18 17:07:19.824,10.085
2026-01-18 17:07:19.824,10.073
2026-01-18 17:07:19.839,10.066
2026-01-18 17:07:19.856,10.049
2026-01-18 17:07:19.856,10.033
2026-01-18 17:07:19.879,10.015
2026-01-18 17:07:19.879,9.996
2026-01-18 17:07:19.906,9.977
2026-01-18 17:07:19.906,9.97
2026-01-18 17:07:19.924,9.948
2026-01-18 17:07:19.938,9.925
2026-01-18 17:07:19.956,9.899
2026-01-18 17:07:19.957,9.882
2026-01-18 17:07:19.972,9.863
2026-01-18 17:07:19.989,9.845
2026-01-18 17:07:19.989,9.825
2026-01-18 17:07:20.007,9.81
2026-01-18 17:07:20.023,9.804
2026-01-18 17:07:20.040,9.795
2026-01-18 17:07:20.040,9.79
2026-01-18 17:07:20.056,9.785
2026-01-18 17:07:20.073,9.779
2026-01-18 17:07:20.074,9.773
2026-01-18 17:07:20.088,9.772
2026-01-18 17:07:20.106,9.764
2026-01-18 17:07:20.122,9.753
2026-01-18 17:07:20.123,9.741
2026-01-18 17:07:20.139,9.726
2026-01-18 17:07:20.156,9.714
2026-01-18 17:07:20.156,9.698
2026-01-18 17:07:20.173,9.683
2026-01-18 17:07:20.188,9.67
2026-01-18 17:07:20.206,9.658
2026-01-18 17:07:20.206,9.641
2026-01-18 17:07:20.223,9.627
2026-01-18 17:07:20.239,9.615
2026-01-18 17:07:20.240,9.6
2026-01-18 17:07:20.256,9.58
2026-01-18 17:07:20.274,9.572
2026-01-18 17:07:20.290,9.56
2026-01-18 17:07:20.291,9.542
2026-01-18 17:07:20.308,9.528
2026-01-18 17:07:20.321,9.524
2026-01-18 17:07:20.338,9.526
2026-01-18 17:07:20.338,9.524
2026-01-18 17:07:20.356,9.517
2026-01-18 17:07:20.373,9.507
2026-01-18 17:07:20.373,9.497
2026-01-18 17:07:20.390,9.488
2026-01-18 17:07:20.406,9.487
2026-01-18 17:07:20.421,9.481
2026-01-18 17:07:20.421,9.481
2026-01-18 17:07:20.438,9.483
2026-01-18 17:07:20.455,9.471
2026-01-18 17:07:20.456,9.452
2026-01-18 17:07:20.472,9.446
2026-01-18 17:07:20.490,9.439
2026-01-18 17:07:20.506,9.418
2026-01-18 17:07:20.506,9.403
2026-01-18 17:07:20.523,9.39
2026-01-18 17:07:20.539,9.373
2026-01-18 17:07:20.540,9.364
2026-01-18 17:07:20.555,9.347
2026-01-18 17:07:20.572,9.334
2026-01-18 17:07:20.590,9.325
2026-01-18 17:07:20.590,9.308
2026-01-18 17:07:20.605,9.303
2026-01-18 17:07:20.622,9.303
2026-01-18 17:07:20.623,9.305
2026-01-18 17:07:20.638,9.299
2026-01-18 17:07:20.654,9.29
2026-01-18 17:07:20.673,9.273
2026-01-18 17:07:20.673,9.262
2026-01-18 17:07:20.688,9.243
2026-01-18 17:07:20.704,9.224
2026-01-18 17:07:20.723,9.198
2026-01-18 17:07:20.723,9.179
2026-01-18 17:07:20.739,9.164
2026-01-18 17:07:20.756,9.156
2026-01-18 17:07:20.756,9.145
2026-01-18 17:07:20.773,9.137
2026-01-18 17:07:20.788,9.126
2026-01-18 17:07:20.806,9.117
2026-01-18 17:07:20.806,9.114
2026-01-18 17:07:20.823,9.114
2026-01-18 17:07:20.838,9.105
2026-01-18 17:07:20.839,9.095
2026-01-18 17:07:20.855,9.092
2026-01-18 17:07:20.871,9.087
2026-01-18 17:07:20.889,9.074
2026-01-18 17:07:20.889,9.055
2026-01-18 17:07:20.911,9.037
2026-01-18 17:07:20.911,9.014
2026-01-18 17:07:20.940,8.996
2026-01-18 17:07:20.940,8.981
2026-01-18 17:07:20.955,8.965
2026-01-18 17:07:20.971,8.948
2026-01-18 17:07:20.972,8.933
2026-01-18 17:07:20.990,8.927
2026-01-18 17:07:21.005,8.912
2026-01-18 17:07:21.023,8.898
2026-01-18 17:07:21.023,8.89
2026-01-18 17:07:21.040,8.871
2026-01-18 17:07:21.056,8.869
2026-01-18 17:07:21.056,8.854
2026-01-18 17:07:21.072,8.843
2026-01-18 17:07:21.089,8.837
2026-01-18 17:07:21.105,8.823
2026-01-18 17:07:21.106,8.812
2026-01-18 17:07:21.141,8.8
2026-01-18 17:07:21.142,8.786
2026-01-18 17:07:21.142,8.766
2026-01-18 17:07:21.172,8.753
2026-01-18 17:07:21.172,8.741
2026-01-18 17:07:21.190,8.732
2026-01-18 17:07:21.190,8.724
2026-01-18 17:07:21.206,8.714
2026-01-18 17:07:21.222,8.696
2026-01-18 17:07:21.239,8.681
2026-01-18 17:07:21.240,8.67
2026-01-18 17:07:21.256,8.657
2026-01-18 17:07:21.279,8.64
2026-01-18 17:07:21.279,8.621
2026-01-18 17:07:21.330,8.601
2026-01-18 17:07:21.331,8.593
2026-01-18 17:07:21.331,8.591
2026-01-18 17:07:21.332,8.598
2026-01-18 17:07:21.332,8.598
2026-01-18 17:07:21.359,8.587
2026-01-18 17:07:21.360,8.56
2026-01-18 17:07:21.373,8.545
2026-01-18 17:07:21.390,8.54
2026-01-18 17:07:21.404,8.543
2026-01-18 17:07:21.405,8.541
2026-01-18 17:07:21.421,8.529
2026-01-18 17:07:21.441,8.506
2026-01-18 17:07:21.441,8.485
2026-01-18 17:07:21.455,8.485
2026-01-18 17:07:21.471,8.484
2026-01-18 17:07:21.488,8.473
2026-01-18 17:07:21.488,8.459
2026-01-18 17:07:21.505,8.439
2026-01-18 17:07:21.522,8.435
2026-01-18 17:07:21.538,8.431
2026-01-18 17:07:21.539,8.425
2026-01-18 17:07:21.555,8.416
2026-01-18 17:07:21.571,8.406
2026-01-18 17:07:21.571,8.395
2026-01-18 17:07:21.589,8.383
2026-01-18 17:07:21.604,8.377
2026-01-18 17:07:21.621,8.37
2026-01-18 17:07:21.621,8.36
2026-01-18 17:07:21.639,8.35
2026-01-18 17:07:21.654,8.348
2026-01-18 17:07:21.672,8.337
2026-01-18 17:07:21.672,8.318
2026-01-18 17:07:21.688,8.3
2026-01-18 17:07:21.705,8.292
2026-01-18 17:07:21.706,8.289
2026-01-18 17:07:21.721,8.278
2026-01-18 17:07:21.738,8.268
2026-01-18 17:07:21.755,8.259
2026-01-18 17:07:21.755,8.255
2026-01-18 17:07:21.771,8.246
2026-01-18 17:07:21.787,8.228
2026-01-18 17:07:21.789,8.206
2026-01-18 17:07:21.805,8.189
2026-01-18 17:07:21.823,8.165
2026-01-18 17:07:21.824,8.142
2026-01-18 17:07:21.838,8.119
2026-01-18 17:07:21.855,8.098
2026-01-18 17:07:21.872,8.086
2026-01-18 17:07:21.872,8.08
2026-01-18 17:07:21.895,8.07
2026-01-18 17:07:21.895,8.064
2026-01-18 17:07:21.920,8.054
2026-01-18 17:07:21.920,8.045
2026-01-18 17:07:21.938,8.025
2026-01-18 17:07:21.954,8.015
2026-01-18 17:07:21.955,8.009
2026-01-18 17:07:21.971,8.008
2026-01-18 17:07:21.988,8.002
2026-01-18 17:07:22.004,8.001
2026-01-18 17:07:22.004,7.994
2026-01-18 17:07:22.021,7.99
2026-01-18 17:07:22.039,7.99
2026-01-18 17:07:22.039,7.984
2026-01-18 17:07:22.055,7.974
2026-01-18 17:07:22.071,7.963
2026-01-18 17:07:22.089,7.945
2026-01-18 17:07:22.089,7.927
2026-01-18 17:07:22.105,7.911
2026-01-18 17:07:22.122,7.896
2026-01-18 17:07:22.139,7.881
2026-01-18 17:07:22.139,7.861
2026-01-18 17:07:22.155,7.845
2026-01-18 17:07:22.172,7.831
2026-01-18 17:07:22.172,7.817
2026-01-18 17:07:22.188,7.808
2026-01-18 17:07:22.206,7.793
2026-01-18 17:07:22.222,7.778
2026-01-18 17:07:22.223,7.765
2026-01-18 17:07:22.240,7.755
2026-01-18 17:07:22.256,7.746
2026-01-18 17:07:22.256,7.735
2026-01-18 17:07:22.272,7.717
2026-01-18 17:07:22.287,7.707
2026-01-18 17:07:22.307,7.689
2026-01-18 17:07:22.307,7.667
2026-01-18 17:07:22.321,7.649
2026-01-18 17:07:22.338,7.636
2026-01-18 17:07:22.356,7.625
2026-01-18 17:07:22.356,7.613
2026-01-18 17:07:22.373,7.599
2026-01-18 17:07:22.388,7.58
2026-01-18 17:07:22.389,7.566
2026-01-18 17:07:22.403,7.557
2026-01-18 17:07:22.420,7.547
2026-01-18 17:07:22.438,7.535
2026-01-18 17:07:22.438,7.534
2026-01-18 17:07:22.456,7.528
2026-01-18 17:07:22.473,7.511
2026-01-18 17:07:22.473,7.496
2026-01-18 17:07:22.488,7.478
2026-01-18 17:07:22.504,7.47
2026-01-18 17:07:22.521,7.449
2026-01-18 17:07:22.522,7.435
2026-01-18 17:07:22.538,7.425
2026-01-18 17:07:22.555,7.415
2026-01-18 17:07:22.556,7.406
2026-01-18 17:07:22.571,7.397
2026-01-18 17:07:22.588,7.387
2026-01-18 17:07:22.604,7.383
2026-01-18 17:07:22.605,7.381
2026-01-18 17:07:22.621,7.379
2026-01-18 17:07:22.637,7.367
2026-01-18 17:07:22.654,7.352
2026-01-18 17:07:22.655,7.34
2026-01-18 17:07:22.671,7.322
2026-01-18 17:07:22.688,7.308
2026-01-18 17:07:22.689,7.297
2026-01-18 17:07:22.705,7.283
2026-01-18 17:07:22.723,7.279
2026-01-18 17:07:22.724,7.264
2026-01-18 17:07:22.740,7.244
2026-01-18 17:07:22.775,7.23
2026-01-18 17:07:22.775,7.218
2026-01-18 17:07:22.776,7.205
2026-01-18 17:07:22.789,7.19
2026-01-18 17:07:22.806,7.172
2026-01-18 17:07:22.821,7.157
2026-01-18 17:07:22.822,7.15
2026-01-18 17:07:22.838,7.144
2026-01-18 17:07:22.855,7.138
2026-01-18 17:07:22.855,7.131
2026-01-18 17:07:22.872,7.123
2026-01-18 17:07:22.895,7.111
2026-01-18 17:07:22.896,7.096
2026-01-18 17:07:22.904,7.087
2026-01-18 17:07:22.922,7.077
2026-01-18 17:07:22.938,7.071
2026-01-18 17:07:22.955,7.056
2026-01-18 17:07:22.955,7.048
2026-01-18 17:07:22.972,7.036
2026-01-18 17:07:22.988,7.039
2026-01-18 17:07:22.988,7.043
2026-01-18 17:07:23.005,7.058
2026-01-18 17:07:23.022,7.066
2026-01-18 17:07:23.040,7.066
2026-01-18 17:07:23.040,7.048
2026-01-18 17:07:23.058,7.027
2026-01-18 17:07:23.059,7.008
2026-01-18 17:07:23.080,6.987
2026-01-18 17:07:23.093,6.972
2026-01-18 17:07:23.107,6.962
2026-01-18 17:07:23.108,6.953
2026-01-18 17:07:23.121,6.943
2026-01-18 17:07:23.139,6.924
2026-01-18 17:07:23.155,6.906
2026-01-18 17:07:23.156,6.888
2026-01-18 17:07:23.172,6.874
2026-01-18 17:07:23.189,6.867
2026-01-18 17:07:23.206,6.851
2026-01-18 17:07:23.206,6.829
2026-01-18 17:07:23.222,6.812
2026-01-18 17:07:23.238,6.801
2026-01-18 17:07:23.256,6.799
2026-01-18 17:07:23.256,6.799
2026-01-18 17:07:23.272,6.8
2026-01-18 17:07:23.288,6.794
2026-01-18 17:07:23.289,6.785
2026-01-18 17:07:23.304,6.767
2026-01-18 17:07:23.322,6.747
2026-01-18 17:07:23.323,6.74
2026-01-18 17:07:23.339,6.732
2026-01-18 17:07:23.355,6.716
2026-01-18 17:07:23.372,6.7
2026-01-18 17:07:23.373,6.687
2026-01-18 17:07:23.390,6.673
2026-01-18 17:07:23.405,6.658
2026-01-18 17:07:23.422,6.642
2026-01-18 17:07:23.423,6.634
2026-01-18 17:07:23.439,6.632
2026-01-18 17:07:23.455,6.623
2026-01-18 17:07:23.455,6.61
2026-01-18 17:07:23.473,6.589
2026-01-18 17:07:23.489,6.574
2026-01-18 17:07:23.505,6.562
2026-01-18 17:07:23.505,6.554
2026-01-18 17:07:23.522,6.535
2026-01-18 17:07:23.539,6.515
2026-01-18 17:07:23.555,6.488
2026-01-18 17:07:23.555,6.471
2026-01-18 17:07:23.572,6.454
2026-01-18 17:07:23.588,6.443
2026-01-18 17:07:23.589,6.436
2026-01-18 17:07:23.604,6.423
2026-01-18 17:07:23.622,6.407
2026-01-18 17:07:23.639,6.415
2026-01-18 17:07:23.639,6.423
2026-01-18 17:07:23.654,6.425
2026-01-18 17:07:23.673,6.401
2026-01-18 17:07:23.673,6.383
2026-01-18 17:07:23.688,6.368
2026-01-18 17:07:23.705,6.359
2026-01-18 17:07:23.721,6.336
2026-01-18 17:07:23.722,6.306
2026-01-18 17:07:23.739,6.279
2026-01-18 17:07:23.754,6.263
2026-01-18 17:07:23.755,6.252
2026-01-18 17:07:23.772,6.244
2026-01-18 17:07:23.788,6.23
2026-01-18 17:07:23.805,6.224
2026-01-18 17:07:23.805,6.218
2026-01-18 17:07:23.822,6.222
2026-01-18 17:07:23.839,6.227
2026-01-18 17:07:23.839,6.231
2026-01-18 17:07:23.869,6.231
2026-01-18 17:07:23.870,6.226
2026-01-18 17:07:23.879,6.216
2026-01-18 17:07:23.887,6.198
2026-01-18 17:07:23.911,6.182
2026-01-18 17:07:23.912,6.163
2026-01-18 17:07:23.940,6.142
2026-01-18 17:07:23.940,6.126
2026-01-18 17:07:23.954,6.11
2026-01-18 17:07:23.973,6.102
2026-01-18 17:07:23.974,6.094
2026-01-18 17:07:23.988,6.082
2026-01-18 17:07:24.004,6.064
2026-01-18 17:07:24.021,6.054
2026-01-18 17:07:24.022,6.043
2026-01-18 17:07:24.037,6.026
2026-01-18 17:07:24.055,6.011
2026-01-18 17:07:24.056,5.991
2026-01-18 17:07:24.072,5.978
2026-01-18 17:07:24.088,5.964
2026-01-18 17:07:24.105,5.954
2026-01-18 17:07:24.106,5.954
2026-01-18 17:07:24.122,5.961
2026-01-18 17:07:24.139,5.972
2026-01-18 17:07:24.140,5.974
2026-01-18 17:07:24.155,5.967
2026-01-18 17:07:24.171,5.948
2026-01-18 17:07:24.188,5.929
2026-01-18 17:07:24.189,5.909
2026-01-18 17:07:24.204,5.9
2026-01-18 17:07:24.222,5.89
2026-01-18 17:07:24.239,5.875
2026-01-18 17:07:24.239,5.869
2026-01-18 17:07:24.255,5.867
2026-01-18 17:07:24.272,5.854
2026-01-18 17:07:24.272,5.836
2026-01-18 17:07:24.288,5.815
2026-01-18 17:07:24.304,5.796
2026-01-18 17:07:24.321,5.775
2026-01-18 17:07:24.322,5.764
2026-01-18 17:07:24.338,5.747
2026-01-18 17:07:24.354,5.725
2026-01-18 17:07:24.355,5.701
2026-01-18 17:07:24.371,5.678
2026-01-18 17:07:24.388,5.656
2026-01-18 17:07:24.405,5.639
2026-01-18 17:07:24.405,5.625
2026-01-18 17:07:24.423,5.618
2026-01-18 17:07:24.438,5.606
2026-01-18 17:07:24.455,5.598
2026-01-18 17:07:24.456,5.586
2026-01-18 17:07:24.472,5.576
2026-01-18 17:07:24.488,5.563
2026-01-18 17:07:24.490,5.557
2026-01-18 17:07:24.505,5.548
2026-01-18 17:07:24.521,5.537
2026-01-18 17:07:24.538,5.532
2026-01-18 17:07:24.539,5.524
2026-01-18 17:07:24.554,5.52
2026-01-18 17:07:24.572,5.514
2026-01-18 17:07:24.572,5.519
2026-01-18 17:07:24.588,5.526
2026-01-18 17:07:24.606,5.537
2026-01-18 17:07:24.622,5.542
2026-01-18 17:07:24.622,5.548
2026-01-18 17:07:24.638,5.544
2026-01-18 17:07:24.655,5.54
2026-01-18 17:07:24.656,5.532
2026-01-18 17:07:24.671,5.514
2026-01-18 17:07:24.688,5.497
2026-01-18 17:07:24.707,5.481
2026-01-18 17:07:24.708,5.47
2026-01-18 17:07:24.731,5.455
2026-01-18 17:07:24.732,5.443
2026-01-18 17:07:24.760,5.436
2026-01-18 17:07:24.761,5.418
2026-01-18 17:07:24.772,5.406
2026-01-18 17:07:24.786,5.401
2026-01-18 17:07:24.788,5.398
2026-01-18 17:07:24.804,5.384
2026-01-18 17:07:24.821,5.381
2026-01-18 17:07:24.838,5.383
2026-01-18 17:07:24.839,5.384
2026-01-18 17:07:24.855,5.379
2026-01-18 17:07:24.871,5.373
2026-01-18 17:07:24.872,5.359
2026-01-18 17:07:24.893,5.349
2026-01-18 17:07:24.904,5.336
2026-01-18 17:07:24.921,5.328
2026-01-18 17:07:24.922,5.308
2026-01-18 17:07:24.938,5.292
2026-01-18 17:07:24.954,5.281
2026-01-18 17:07:24.971,5.268
2026-01-18 17:07:24.972,5.244
2026-01-18 17:07:24.988,5.221
2026-01-18 17:07:25.005,5.198
2026-01-18 17:07:25.005,5.178
2026-01-18 17:07:25.020,5.16
2026-01-18 17:07:25.037,5.149
2026-01-18 17:07:25.053,5.138
2026-01-18 17:07:25.054,5.127
2026-01-18 17:07:25.072,5.117
2026-01-18 17:07:25.088,5.119
2026-01-18 17:07:25.089,5.115
2026-01-18 17:07:25.103,5.113
2026-01-18 17:07:25.121,5.095
2026-01-18 17:07:25.137,5.084
2026-01-18 17:07:25.138,5.067
2026-01-18 17:07:25.154,5.045
2026-01-18 17:07:25.171,5.024
2026-01-18 17:07:25.172,5.002
2026-01-18 17:07:25.187,4.979
2026-01-18 17:07:25.204,4.961
2026-01-18 17:07:25.239,4.95
2026-01-18 17:07:25.239,4.941
2026-01-18 17:07:25.240,4.929
2026-01-18 17:07:25.246,4.925
2026-01-18 17:07:25.255,4.913
2026-01-18 17:07:25.270,4.9
2026-01-18 17:07:25.288,4.886
2026-01-18 17:07:25.304,4.877
2026-01-18 17:07:25.304,4.867
2026-01-18 17:07:25.320,4.854
2026-01-18 17:07:25.338,4.845
2026-01-18 17:07:25.356,4.834
2026-01-18 17:07:25.356,4.815
2026-01-18 17:07:25.371,4.8
2026-01-18 17:07:25.388,4.779
2026-01-18 17:07:25.389,4.769
2026-01-18 17:07:25.404,4.753
2026-01-18 17:07:25.421,4.754
2026-01-18 17:07:25.439,4.75
2026-01-18 17:07:25.439,4.731
2026-01-18 17:07:25.455,4.709
2026-01-18 17:07:25.471,4.689
2026-01-18 17:07:25.472,4.684
2026-01-18 17:07:25.488,4.674
2026-01-18 17:07:25.505,4.664
2026-01-18 17:07:25.522,4.652
2026-01-18 17:07:25.522,4.64
2026-01-18 17:07:25.539,4.629
2026-01-18 17:07:25.555,4.617
2026-01-18 17:07:25.556,4.61
2026-01-18 17:07:25.573,4.598
2026-01-18 17:07:25.588,4.583
2026-01-18 17:07:25.604,4.564
2026-01-18 17:07:25.606,4.562
2026-01-18 17:07:25.622,4.561
2026-01-18 17:07:25.638,4.563
2026-01-18 17:07:25.654,4.564
2026-01-18 17:07:25.655,4.553
2026-01-18 17:07:25.672,4.532
2026-01-18 17:07:25.688,4.519
2026-01-18 17:07:25.688,4.501
2026-01-18 17:07:25.704,4.498
2026-01-18 17:07:25.722,4.482
2026-01-18 17:07:25.738,4.474
2026-01-18 17:07:25.739,4.462
2026-01-18 17:07:25.755,4.451
2026-01-18 17:07:25.771,4.442
2026-01-18 17:07:25.772,4.427
2026-01-18 17:07:25.789,4.417
2026-01-18 17:07:25.805,4.407
2026-01-18 17:07:25.822,4.401
2026-01-18 17:07:25.822,4.395
2026-01-18 17:07:25.839,4.388
2026-01-18 17:07:25.856,4.387
2026-01-18 17:07:25.856,4.385
2026-01-18 17:07:25.871,4.384
2026-01-18 17:07:25.892,4.373
2026-01-18 17:07:25.893,4.362
2026-01-18 17:07:25.904,4.347
2026-01-18 17:07:25.921,4.341
2026-01-18 17:07:25.940,4.337
2026-01-18 17:07:25.941,4.335
2026-01-18 17:07:25.955,4.322
2026-01-18 17:07:25.970,4.304
2026-01-18 17:07:25.990,4.288
2026-01-18 17:07:25.990,4.278
2026-01-18 17:07:26.005,4.283
2026-01-18 17:07:26.023,4.271
2026-01-18 17:07:26.039,4.258
2026-01-18 17:07:26.039,4.221
2026-01-18 17:07:26.055,4.206
2026-01-18 17:07:26.071,4.206
2026-01-18 17:07:26.072,4.192
2026-01-18 17:07:26.088,4.171
2026-01-18 17:07:26.104,4.146
2026-01-18 17:07:26.121,4.132
2026-01-18 17:07:26.121,4.124
2026-01-18 17:07:26.138,4.123
2026-01-18 17:07:26.155,4.122
2026-01-18 17:07:26.172,4.119
2026-01-18 17:07:26.172,4.108
2026-01-18 17:07:26.187,4.096
2026-01-18 17:07:26.204,4.079
2026-01-18 17:07:26.205,4.062
2026-01-18 17:07:26.222,4.042
2026-01-18 17:07:26.239,4.014
2026-01-18 17:07:26.240,3.987
2026-01-18 17:07:26.255,3.971
2026-01-18 17:07:26.271,3.96
2026-01-18 17:07:26.288,3.941
2026-01-18 17:07:26.288,3.917
2026-01-18 17:07:26.304,3.895
2026-01-18 17:07:26.322,3.875
2026-01-18 17:07:26.339,3.865
2026-01-18 17:07:26.340,3.861
2026-01-18 17:07:26.355,3.866
2026-01-18 17:07:26.370,3.861
2026-01-18 17:07:26.388,3.85
2026-01-18 17:07:26.388,3.827
2026-01-18 17:07:26.405,3.81
2026-01-18 17:07:26.421,3.814
2026-01-18 17:07:26.422,3.815
2026-01-18 17:07:26.437,3.801
2026-01-18 17:07:26.455,3.793
2026-01-18 17:07:26.456,3.779
2026-01-18 17:07:26.472,3.768
2026-01-18 17:07:26.488,3.758
2026-01-18 17:07:26.504,3.737
2026-01-18 17:07:26.505,3.714
2026-01-18 17:07:26.522,3.702
2026-01-18 17:07:26.537,3.688
2026-01-18 17:07:26.553,3.671
2026-01-18 17:07:26.553,3.654
2026-01-18 17:07:26.570,3.643
2026-01-18 17:07:26.603,3.64
2026-01-18 17:07:26.604,3.64
2026-01-18 17:07:26.605,3.633
2026-01-18 17:07:26.615,3.626
2026-01-18 17:07:26.638,3.612
2026-01-18 17:07:26.640,3.609
2026-01-18 17:07:26.655,3.6
2026-01-18 17:07:26.670,3.594
2026-01-18 17:07:26.689,3.595
2026-01-18 17:07:26.690,3.585
2026-01-18 17:07:26.704,3.578
2026-01-18 17:07:26.722,3.573
2026-01-18 17:07:26.722,3.561
2026-01-18 17:07:26.738,3.537
2026-01-18 17:07:26.755,3.513
2026-01-18 17:07:26.770,3.491
2026-01-18 17:07:26.772,3.471
2026-01-18 17:07:26.788,3.46
2026-01-18 17:07:26.804,3.456
2026-01-18 17:07:26.805,3.449
2026-01-18 17:07:26.821,3.443
2026-01-18 17:07:26.840,3.432
2026-01-18 17:07:26.840,3.42
2026-01-18 17:07:26.854,3.404
2026-01-18 17:07:26.871,3.391
2026-01-18 17:07:26.887,3.377
2026-01-18 17:07:26.888,3.367
2026-01-18 17:07:26.909,3.359
2026-01-18 17:07:26.920,3.348
2026-01-18 17:07:26.937,3.336
2026-01-18 17:07:26.937,3.328
2026-01-18 17:07:26.955,3.311
2026-01-18 17:07:26.978,3.294
2026-01-18 17:07:26.979,3.27
2026-01-18 17:07:26.988,3.256
2026-01-18 17:07:27.003,3.24
2026-01-18 17:07:27.022,3.234
2026-01-18 17:07:27.022,3.22
2026-01-18 17:07:27.039,3.217
2026-01-18 17:07:27.054,3.212
2026-01-18 17:07:27.071,3.201
2026-01-18 17:07:27.071,3.193
2026-01-18 17:07:27.088,3.195
2026-01-18 17:07:27.104,3.184
2026-01-18 17:07:27.104,3.171
2026-01-18 17:07:27.121,3.148
2026-01-18 17:07:27.139,3.13
2026-01-18 17:07:27.140,3.113
2026-01-18 17:07:27.154,3.101
2026-01-18 17:07:27.170,3.103
2026-01-18 17:07:27.186,3.093
2026-01-18 17:07:27.204,3.079
2026-01-18 17:07:27.205,3.059
2026-01-18 17:07:27.221,3.048
2026-01-18 17:07:27.238,3.037
2026-01-18 17:07:27.239,3.021
2026-01-18 17:07:27.254,3.009
2026-01-18 17:07:27.271,3.008
2026-01-18 17:07:27.272,3.008
2026-01-18 17:07:27.287,3.009
2026-01-18 17:07:27.305,3.011
2026-01-18 17:07:27.321,3.01
2026-01-18 17:07:27.322,2.997
2026-01-18 17:07:27.337,2.984
2026-01-18 17:07:27.354,2.966
2026-01-18 17:07:27.372,2.96
2026-01-18 17:07:27.373,2.945
2026-01-18 17:07:27.389,2.928
2026-01-18 17:07:27.404,2.906
2026-01-18 17:07:27.405,2.887
2026-01-18 17:07:27.422,2.862
2026-01-18 17:07:27.439,2.84
2026-01-18 17:07:27.439,2.819
2026-01-18 17:07:27.454,2.8
2026-01-18 17:07:27.473,2.782
2026-01-18 17:07:27.489,2.778
2026-01-18 17:07:27.490,2.773
2026-01-18 17:07:27.504,2.766
2026-01-18 17:07:27.521,2.755
2026-01-18 17:07:27.538,2.744
2026-01-18 17:07:27.539,2.725
2026-01-18 17:07:27.555,2.707
2026-01-18 17:07:27.571,2.695
2026-01-18 17:07:27.572,2.679
2026-01-18 17:07:27.587,2.671
2026-01-18 17:07:27.603,2.66
2026-01-18 17:07:27.621,2.657
2026-01-18 17:07:27.622,2.652
2026-01-18 17:07:27.637,2.646
2026-01-18 17:07:27.653,2.636
2026-01-18 17:07:27.672,2.622
2026-01-18 17:07:27.673,2.605
2026-01-18 17:07:27.687,2.587
2026-01-18 17:07:27.705,2.572
2026-01-18 17:07:27.705,2.568
2026-01-18 17:07:27.721,2.562
2026-01-18 17:07:27.738,2.548
2026-01-18 17:07:27.739,2.537
2026-01-18 17:07:27.753,2.537
2026-01-18 17:07:27.771,2.533
2026-01-18 17:07:27.788,2.54
2026-01-18 17:07:27.789,2.536
2026-01-18 17:07:27.804,2.518
2026-01-18 17:07:27.822,2.5
2026-01-18 17:07:27.837,2.48
2026-01-18 17:07:27.838,2.468
2026-01-18 17:07:27.855,2.456
2026-01-18 17:07:27.872,2.441
2026-01-18 17:07:27.872,2.429
2026-01-18 17:07:27.888,2.425
2026-01-18 17:07:27.912,2.418
2026-01-18 17:07:27.912,2.405
2026-01-18 17:07:27.919,2.39
2026-01-18 17:07:27.962,2.374
2026-01-18 17:07:27.963,2.354
2026-01-18 17:07:27.963,2.337
2026-01-18 17:07:27.973,2.321
2026-01-18 17:07:27.987,2.312
2026-01-18 17:07:28.005,2.301
2026-01-18 17:07:28.005,2.295
2026-01-18 17:07:28.021,2.294
2026-01-18 17:07:28.037,2.303
2026-01-18 17:07:28.054,2.295
2026-01-18 17:07:28.054,2.28
2026-01-18 17:07:28.071,2.266
2026-01-18 17:07:28.088,2.259
2026-01-18 17:07:28.089,2.253
2026-01-18 17:07:28.104,2.248
2026-01-18 17:07:28.122,2.245
2026-01-18 17:07:28.138,2.235
2026-01-18 17:07:28.138,2.228
2026-01-18 17:07:28.153,2.207
2026-01-18 17:07:28.170,2.188
2026-01-18 17:07:28.171,2.17
2026-01-18 17:07:28.187,2.167
2026-01-18 17:07:28.204,2.163
2026-01-18 17:07:28.222,2.158
2026-01-18 17:07:28.222,2.143
2026-01-18 17:07:28.237,2.122
2026-01-18 17:07:28.254,2.102
2026-01-18 17:07:28.255,2.088
2026-01-18 17:07:28.270,2.064
2026-01-18 17:07:28.287,2.046
2026-01-18 17:07:28.305,2.033
2026-01-18 17:07:28.305,2.036
2026-01-18 17:07:28.320,2.036
2026-01-18 17:07:28.337,2.021
2026-01-18 17:07:28.354,2.009
2026-01-18 17:07:28.354,2.001
2026-01-18 17:07:28.370,1.998
2026-01-18 17:07:28.389,1.99
2026-01-18 17:07:28.390,1.981
2026-01-18 17:07:28.405,1.98
2026-01-18 17:07:28.420,1.976
2026-01-18 17:07:28.437,1.967
2026-01-18 17:07:28.438,1.953
2026-01-18 17:07:28.455,1.943
2026-01-18 17:07:28.471,1.929
2026-01-18 17:07:28.472,1.914
2026-01-18 17:07:28.487,1.896
2026-01-18 17:07:28.504,1.88
2026-01-18 17:07:28.521,1.863
2026-01-18 17:07:28.522,1.846
2026-01-18 17:07:28.537,1.823
2026-01-18 17:07:28.554,1.811
2026-01-18 17:07:28.573,1.816
2026-01-18 17:07:28.573,1.817
2026-01-18 17:07:28.587,1.808
2026-01-18 17:07:28.603,1.804
2026-01-18 17:07:28.603,1.8
2026-01-18 17:07:28.622,1.8
2026-01-18 17:07:28.637,1.795
2026-01-18 17:07:28.654,1.792
2026-01-18 17:07:28.654,1.79
2026-01-18 17:07:28.671,1.783
2026-01-18 17:07:28.687,1.765
2026-01-18 17:07:28.688,1.743
2026-01-18 17:07:28.704,1.724
2026-01-18 17:07:28.721,1.717
2026-01-18 17:07:28.738,1.712
2026-01-18 17:07:28.738,1.704
2026-01-18 17:07:28.754,1.699
2026-01-18 17:07:28.771,1.676
2026-01-18 17:07:28.771,1.674
2026-01-18 17:07:28.787,1.677
2026-01-18 17:07:28.804,1.678
2026-01-18 17:07:28.821,1.675
2026-01-18 17:07:28.822,1.674
2026-01-18 17:07:28.837,1.667
2026-01-18 17:07:28.854,1.66
2026-01-18 17:07:28.871,1.66
2026-01-18 17:07:28.872,1.65
2026-01-18 17:07:28.887,1.635
2026-01-18 17:07:28.910,1.624
2026-01-18 17:07:28.910,1.613
2026-01-18 17:07:28.920,1.587
2026-01-18 17:07:28.938,1.565
2026-01-18 17:07:28.954,1.545
2026-01-18 17:07:28.955,1.524
2026-01-18 17:07:28.971,1.505
2026-01-18 17:07:28.989,1.488
2026-01-18 17:07:28.989,1.483
2026-01-18 17:07:29.004,1.489
2026-01-18 17:07:29.021,1.494
2026-01-18 17:07:29.038,1.495
2026-01-18 17:07:29.039,1.486
2026-01-18 17:07:29.054,1.479
2026-01-18 17:07:29.071,1.462
2026-01-18 17:07:29.072,1.449
2026-01-18 17:07:29.086,1.439
2026-01-18 17:07:29.103,1.437
2026-01-18 17:07:29.120,1.436
2026-01-18 17:07:29.121,1.437
2026-01-18 17:07:29.138,1.435
2026-01-18 17:07:29.155,1.425
2026-01-18 17:07:29.155,1.407
2026-01-18 17:07:29.171,1.394
2026-01-18 17:07:29.188,1.389
2026-01-18 17:07:29.205,1.377
2026-01-18 17:07:29.205,1.354
2026-01-18 17:07:29.220,1.332
2026-01-18 17:07:29.238,1.313
2026-01-18 17:07:29.254,1.305
2026-01-18 17:07:29.255,1.297
2026-01-18 17:07:29.287,1.286
2026-01-18 17:07:29.288,1.272
2026-01-18 17:07:29.347,1.257
2026-01-18 17:07:29.347,1.244
2026-01-18 17:07:29.348,1.244
2026-01-18 17:07:29.348,1.246
2026-01-18 17:07:29.348,1.237
2026-01-18 17:07:29.370,1.217
2026-01-18 17:07:29.371,1.197
2026-01-18 17:07:29.388,1.187
2026-01-18 17:07:29.404,1.171
2026-01-18 17:07:29.421,1.161
2026-01-18 17:07:29.421,1.145
2026-01-18 17:07:29.437,1.143
2026-01-18 17:07:29.454,1.135
2026-01-18 17:07:29.455,1.127
2026-01-18 17:07:29.471,1.116
2026-01-18 17:07:29.487,1.099
2026-01-18 17:07:29.504,1.086
2026-01-18 17:07:29.504,1.073
2026-01-18 17:07:29.521,1.057
2026-01-18 17:07:29.538,1.042
2026-01-18 17:07:29.554,1.023
2026-01-18 17:07:29.554,1.011
2026-01-18 17:07:29.572,1.0
2026-01-18 17:07:29.588,0.993
2026-01-18 17:07:29.588,0.99
2026-01-18 17:07:29.604,0.99
2026-01-18 17:07:29.622,0.987
2026-01-18 17:07:29.638,0.984
2026-01-18 17:07:29.638,0.981
2026-01-18 17:07:29.654,0.975
2026-01-18 17:07:29.670,0.974
2026-01-18 17:07:29.688,0.97
2026-01-18 17:07:29.688,0.968
2026-01-18 17:07:29.704,0.962
2026-01-18 17:07:29.721,0.956
2026-01-18 17:07:29.722,0.953
2026-01-18 17:07:29.738,0.953
2026-01-18 17:07:29.753,0.942
2026-01-18 17:07:29.772,0.932
2026-01-18 17:07:29.772,0.917
2026-01-18 17:07:29.788,0.905
2026-01-18 17:07:29.804,0.897
2026-01-18 17:07:29.804,0.887
2026-01-18 17:07:29.820,0.872
2026-01-18 17:07:29.839,0.865
2026-01-18 17:07:29.854,0.854
2026-01-18 17:07:29.854,0.845
2026-01-18 17:07:29.871,0.85
2026-01-18 17:07:29.887,0.842
2026-01-18 17:07:29.888,0.838
2026-01-18 17:07:29.910,0.831
2026-01-18 17:07:29.920,0.822
2026-01-18 17:07:29.938,0.819
2026-01-18 17:07:29.938,0.813
2026-01-18 17:07:29.953,0.803
2026-01-18 17:07:29.972,0.802
2026-01-18 17:07:29.972,0.803
2026-01-18 17:07:29.987,0.798
2026-01-18 17:07:30.004,0.792
2026-01-18 17:07:30.022,0.791
2026-01-18 17:07:30.023,0.784
2026-01-18 17:07:30.036,0.774
2026-01-18 17:07:30.054,0.765
2026-01-18 17:07:30.071,0.757
2026-01-18 17:07:30.071,0.746
2026-01-18 17:07:30.087,0.733
2026-01-18 17:07:30.104,0.72
2026-01-18 17:07:30.104,0.71
2026-01-18 17:07:30.120,0.706
2026-01-18 17:07:30.137,0.709
2026-01-18 17:07:30.154,0.713
2026-01-18 17:07:30.155,0.702
2026-01-18 17:07:30.170,0.691
2026-01-18 17:07:30.188,0.681
2026-01-18 17:07:30.188,0.683
2026-01-18 17:07:30.204,0.683
2026-01-18 17:07:30.221,0.677
2026-01-18 17:07:30.238,0.669
2026-01-18 17:07:30.238,0.657
2026-01-18 17:07:30.254,0.646
2026-01-18 17:07:30.271,0.631
2026-01-18 17:07:30.271,0.623
2026-01-18 17:07:30.287,0.619
2026-01-18 17:07:30.303,0.614
2026-01-18 17:07:30.320,0.605
2026-01-18 17:07:30.321,0.59
2026-01-18 17:07:30.337,0.581
2026-01-18 17:07:30.354,0.568
2026-01-18 17:07:30.371,0.573
2026-01-18 17:07:30.371,0.575
2026-01-18 17:07:30.387,0.575
2026-01-18 17:07:30.404,0.565
2026-01-18 17:07:30.404,0.551
2026-01-18 17:07:30.421,0.542
2026-01-18 17:07:30.436,0.535
2026-01-18 17:07:30.453,0.53
2026-01-18 17:07:30.453,0.53
2026-01-18 17:07:30.472,0.527
2026-01-18 17:07:30.489,0.52
2026-01-18 17:07:30.489,0.523
2026-01-18 17:07:30.504,0.522
2026-01-18 17:07:30.520,0.521
2026-01-18 17:07:30.538,0.516
2026-01-18 17:07:30.538,0.516
2026-01-18 17:07:30.553,0.51
2026-01-18 17:07:30.570,0.5
2026-01-18 17:07:30.587,0.493
2026-01-18 17:07:30.588,0.488
2026-01-18 17:07:30.603,0.478
2026-01-18 17:07:30.619,0.473
2026-01-18 17:07:30.619,0.465
2026-01-18 17:07:30.636,0.453
2026-01-18 17:07:30.654,0.445
2026-01-18 17:07:30.681,0.444
2026-01-18 17:07:30.682,0.44
2026-01-18 17:07:30.683,0.437
2026-01-18 17:07:30.693,0.434
2026-01-18 17:07:30.703,0.437
2026-01-18 17:07:30.722,0.432
2026-01-18 17:07:30.737,0.429
2026-01-18 17:07:30.754,0.427
2026-01-18 17:07:30.755,0.428
2026-01-18 17:07:30.771,0.428
2026-01-18 17:07:30.787,0.426
2026-01-18 17:07:30.788,0.428
2026-01-18 17:07:30.804,0.424
2026-01-18 17:07:30.820,0.425
2026-01-18 17:07:30.837,0.43
2026-01-18 17:07:30.838,0.434
2026-01-18 17:07:30.854,0.431
2026-01-18 17:07:30.875,0.431
2026-01-18 17:07:30.876,0.43
2026-01-18 17:07:30.886,0.432
2026-01-18 17:07:30.909,0.431
2026-01-18 17:07:30.909,0.428
2026-01-18 17:07:30.920,0.423
2026-01-18 17:07:30.937,0.42
2026-01-18 17:07:30.954,0.411
2026-01-18 17:07:30.971,0.403
2026-01-18 17:07:30.971,0.4
2026-01-18 17:07:30.989,0.395
2026-01-18 17:07:31.005,0.382
2026-01-18 17:07:31.005,0.38
2026-01-18 17:07:31.021,0.381
2026-01-18 17:07:31.038,0.38
2026-01-18 17:07:31.054,0.386
2026-01-18 17:07:31.055,0.387
2026-01-18 17:07:31.071,0.398
2026-01-18 17:07:31.089,0.402
2026-01-18 17:07:31.089,0.405
2026-01-18 17:07:31.104,0.401
2026-01-18 17:07:31.121,0.403
2026-01-18 17:07:31.137,0.407
2026-01-18 17:07:31.138,0.404
2026-01-18 17:07:31.154,0.406
2026-01-18 17:07:31.170,0.402
2026-01-18 17:07:31.171,0.402
2026-01-18 17:07:31.187,0.401
2026-01-18 17:07:31.204,0.403
2026-01-18 17:07:31.222,0.405
2026-01-18 17:07:31.222,0.406
2026-01-18 17:07:31.236,0.408
2026-01-18 17:07:31.255,0.404
2026-01-18 17:07:31.255,0.405
2026-01-18 17:07:31.270,0.402
2026-01-18 17:07:31.286,0.399
2026-01-18 17:07:31.304,0.396
2026-01-18 17:07:31.304,0.386
2026-01-18 17:07:31.320,0.383
2026-01-18 17:07:31.337,0.384
2026-01-18 17:07:31.353,0.39
2026-01-18 17:07:31.353,0.386
2026-01-18 17:07:31.370,0.387
2026-01-18 17:07:31.387,0.388
2026-01-18 17:07:31.387,0.387
2026-01-18 17:07:31.403,0.39
2026-01-18 17:07:31.419,0.391
2026-01-18 17:07:31.436,0.392
2026-01-18 17:07:31.436,0.393
2026-01-18 17:07:31.453,0.39
2026-01-18 17:07:31.471,0.392
2026-01-18 17:07:31.472,0.395
2026-01-18 17:07:31.487,0.396
2026-01-18 17:07:31.504,0.389
2026-01-18 17:07:31.520,0.385
2026-01-18 17:07:31.521,0.384
2026-01-18 17:07:31.537,0.382
2026-01-18 17:07:31.553,0.383
2026-01-18 17:07:31.570,0.384
2026-01-18 17:07:31.571,0.382
2026-01-18 17:07:31.587,0.385
2026-01-18 17:07:31.603,0.387
2026-01-18 17:07:31.604,0.385
2026-01-18 17:07:31.620,0.389
2026-01-18 17:07:31.637,0.39
2026-01-18 17:07:31.653,0.393
2026-01-18 17:07:31.654,0.394
2026-01-18 17:07:31.670,0.399
2026-01-18 17:07:31.686,0.399
2026-01-18 17:07:31.687,0.403
2026-01-18 17:07:31.703,0.399
2026-01-18 17:07:31.720,0.398
2026-01-18 17:07:31.737,0.401
2026-01-18 17:07:31.738,0.399
2026-01-18 17:07:31.754,0.399
2026-01-18 17:07:31.771,0.397
2026-01-18 17:07:31.771,0.393
2026-01-18 17:07:31.787,0.386
2026-01-18 17:07:31.804,0.386
2026-01-18 17:07:31.820,0.384
2026-01-18 17:07:31.821,0.382
2026-01-18 17:07:31.838,0.377
2026-01-18 17:07:31.854,0.381
2026-01-18 17:07:31.869,0.38
2026-01-18 17:07:31.870,0.382
2026-01-18 17:07:31.886,0.379
2026-01-18 17:07:31.910,0.378
2026-01-18 17:07:31.911,0.379
2026-01-18 17:07:31.920,0.379
2026-01-18 17:07:31.938,0.38
2026-01-18 17:07:31.954,0.377
2026-01-18 17:07:31.954,0.377
2026-01-18 17:07:31.970,0.379
2026-01-18 17:07:31.987,0.372
2026-01-18 17:07:31.988,0.371
2026-01-18 17:07:32.004,0.368
2026-01-18 17:07:32.021,0.363
2026-01-18 17:07:32.056,0.362
2026-01-18 17:07:32.056,0.36
2026-01-18 17:07:32.057,0.359
2026-01-18 17:07:32.066,0.357
2026-01-18 17:07:32.088,0.355
2026-01-18 17:07:32.089,0.351
2026-01-18 17:07:32.104,0.352
2026-01-18 17:07:32.121,0.353
2026-01-18 17:07:32.121,0.351
2026-01-18 17:07:32.137,0.348
2026-01-18 17:07:32.153,0.349
2026-01-18 17:07:32.172,0.349
2026-01-18 17:07:32.172,0.355
2026-01-18 17:07:32.187,0.357
2026-01-18 17:07:32.204,0.351
2026-01-18 17:07:32.204,0.348
2026-01-18 17:07:32.221,0.347
2026-01-18 17:07:32.237,0.346
2026-01-18 17:07:32.254,0.348
2026-01-18 17:07:32.254,0.341
2026-01-18 17:07:32.269,0.339
2026-01-18 17:07:32.287,0.335
2026-01-18 17:07:32.288,0.333
2026-01-18 17:07:32.303,0.333
2026-01-18 17:07:32.321,0.335
2026-01-18 17:07:32.337,0.336
2026-01-18 17:07:32.338,0.336
2026-01-18 17:07:32.355,0.339
2026-01-18 17:07:32.371,0.338
2026-01-18 17:07:32.372,0.336
2026-01-18 17:07:32.388,0.333
2026-01-18 17:07:32.404,0.334
2026-01-18 17:07:32.421,0.334
2026-01-18 17:07:32.421,0.333
2026-01-18 17:07:32.437,0.33
2026-01-18 17:07:32.453,0.332
2026-01-18 17:07:32.471,0.335
2026-01-18 17:07:32.471,0.335
2026-01-18 17:07:32.487,0.335
2026-01-18 17:07:32.503,0.338
2026-01-18 17:07:32.504,0.338
2026-01-18 17:07:32.519,0.342
2026-01-18 17:07:32.538,0.348
2026-01-18 17:07:32.553,0.351
2026-01-18 17:07:32.554,0.352
2026-01-18 17:07:32.571,0.355
2026-01-18 17:07:32.588,0.362
2026-01-18 17:07:32.588,0.365
2026-01-18 17:07:32.604,0.368
2026-01-18 17:07:32.621,0.371
2026-01-18 17:07:32.638,0.377
2026-01-18 17:07:32.639,0.383
2026-01-18 17:07:32.653,0.389
2026-01-18 17:07:32.671,0.392
2026-01-18 17:07:32.671,0.396
2026-01-18 17:07:32.687,0.402
2026-01-18 17:07:32.703,0.406
2026-01-18 17:07:32.720,0.406
2026-01-18 17:07:32.720,0.409
2026-01-18 17:07:32.737,0.416
2026-01-18 17:07:32.753,0.419
2026-01-18 17:07:32.771,0.423
2026-01-18 17:07:32.772,0.425
2026-01-18 17:07:32.787,0.425
2026-01-18 17:07:32.803,0.428
2026-01-18 17:07:32.804,0.432
2026-01-18 17:07:32.820,0.431
2026-01-18 17:07:32.838,0.433
2026-01-18 17:07:32.852,0.432
2026-01-18 17:07:32.853,0.429
2026-01-18 17:07:32.871,0.43
2026-01-18 17:07:32.892,0.433
2026-01-18 17:07:32.892,0.436
2026-01-18 17:07:32.903,0.438
2026-01-18 17:07:32.921,0.441
2026-01-18 17:07:32.937,0.442
2026-01-18 17:07:32.937,0.435
2026-01-18 17:07:32.953,0.436
2026-01-18 17:07:32.970,0.435
2026-01-18 17:07:32.971,0.434
2026-01-18 17:07:32.986,0.436
2026-01-18 17:07:33.002,0.433
2026-01-18 17:07:33.019,0.434
2026-01-18 17:07:33.020,0.438
2026-01-18 17:07:33.037,0.441
2026-01-18 17:07:33.054,0.44
2026-01-18 17:07:33.069,0.438
2026-01-18 17:07:33.071,0.435
2026-01-18 17:07:33.088,0.436
2026-01-18 17:07:33.103,0.438
2026-01-18 17:07:33.104,0.437
2026-01-18 17:07:33.119,0.437
2026-01-18 17:07:33.139,0.435
2026-01-18 17:07:33.139,0.432
2026-01-18 17:07:33.153,0.428
2026-01-18 17:07:33.170,0.427
2026-01-18 17:07:33.187,0.424
2026-01-18 17:07:33.188,0.425
2026-01-18 17:07:33.203,0.428
2026-01-18 17:07:33.221,0.428
2026-01-18 17:07:33.236,0.429
2026-01-18 17:07:33.236,0.429
2026-01-18 17:07:33.253,0.429
2026-01-18 17:07:33.269,0.43
2026-01-18 17:07:33.287,0.424
2026-01-18 17:07:33.287,0.425
2026-01-18 17:07:33.303,0.422
2026-01-18 17:07:33.320,0.417
2026-01-18 17:07:33.321,0.412
2026-01-18 17:07:33.337,0.412
2026-01-18 17:07:33.354,0.407
2026-01-18 17:07:33.370,0.403
2026-01-18 17:07:33.371,0.396
2026-01-18 17:07:33.387,0.395
2026-01-18 17:07:33.422,0.395
2026-01-18 17:07:33.423,0.394
2026-01-18 17:07:33.423,0.391
2026-01-18 17:07:33.434,0.387
2026-01-18 17:07:33.452,0.387
2026-01-18 17:07:33.453,0.385
2026-01-18 17:07:33.469,0.38
2026-01-18 17:07:33.487,0.377
2026-01-18 17:07:33.487,0.376
2026-01-18 17:07:33.503,0.371
2026-01-18 17:07:33.520,0.369
2026-01-18 17:07:33.541,0.364
2026-01-18 17:07:33.541,0.359
2026-01-18 17:07:33.553,0.357
2026-01-18 17:07:33.569,0.353
2026-01-18 17:07:33.586,0.35
2026-01-18 17:07:33.586,0.349
2026-01-18 17:07:33.602,0.345
2026-01-18 17:07:33.620,0.347
2026-01-18 17:07:33.621,0.346
2026-01-18 17:07:33.636,0.343
2026-01-18 17:07:33.654,0.348
2026-01-18 17:07:33.670,0.344
2026-01-18 17:07:33.670,0.345
2026-01-18 17:07:33.686,0.344
2026-01-18 17:07:33.703,0.345
2026-01-18 17:07:33.704,0.346
2026-01-18 17:07:33.720,0.346
2026-01-18 17:07:33.736,0.345
2026-01-18 17:07:33.753,0.347
2026-01-18 17:07:33.753,0.349
2026-01-18 17:07:33.769,0.35
2026-01-18 17:07:33.786,0.354
2026-01-18 17:07:33.786,0.354
2026-01-18 17:07:33.802,0.351
2026-01-18 17:07:33.820,0.353
2026-01-18 17:07:33.835,0.356
2026-01-18 17:07:33.836,0.354
2026-01-18 17:07:33.851,0.357
2026-01-18 17:07:33.868,0.356
2026-01-18 17:07:33.891,0.353
2026-01-18 17:07:33.891,0.354
2026-01-18 17:07:33.903,0.355
2026-01-18 17:07:33.919,0.355
2026-01-18 17:07:33.920,0.359
2026-01-18 17:07:33.935,0.355
2026-01-18 17:07:33.953,0.353
2026-01-18 17:07:33.969,0.355
2026-01-18 17:07:33.969,0.358
2026-01-18 17:07:33.986,0.361
2026-01-18 17:07:34.004,0.361
2026-01-18 17:07:34.004,0.364
2026-01-18 17:07:34.019,0.369
2026-01-18 17:07:34.035,0.374
2026-01-18 17:07:34.053,0.376
2026-01-18 17:07:34.054,0.379
2026-01-18 17:07:34.071,0.381
2026-01-18 17:07:34.086,0.382
2026-01-18 17:07:34.087,0.387
2026-01-18 17:07:34.103,0.392
2026-01-18 17:07:34.120,0.398
2026-01-18 17:07:34.137,0.41
2026-01-18 17:07:34.138,0.413
2026-01-18 17:07:34.153,0.416
2026-01-18 17:07:34.170,0.415
2026-01-18 17:07:34.187,0.416
2026-01-18 17:07:34.187,0.418
2026-01-18 17:07:34.202,0.418
2026-01-18 17:07:34.219,0.418
2026-01-18 17:07:34.219,0.417
2026-01-18 17:07:34.236,0.412
2026-01-18 17:07:34.252,0.412
2026-01-18 17:07:34.269,0.409
2026-01-18 17:07:34.269,0.41
2026-01-18 17:07:34.286,0.413
2026-01-18 17:07:34.302,0.413
2026-01-18 17:07:34.303,0.415
2026-01-18 17:07:34.320,0.417
2026-01-18 17:07:34.337,0.413
2026-01-18 17:07:34.354,0.408
2026-01-18 17:07:34.354,0.406
2026-01-18 17:07:34.370,0.409
2026-01-18 17:07:34.387,0.408
2026-01-18 17:07:34.387,0.41
2026-01-18 17:07:34.403,0.409
2026-01-18 17:07:34.420,0.405
2026-01-18 17:07:34.436,0.404
2026-01-18 17:07:34.437,0.399
2026-01-18 17:07:34.453,0.402
2026-01-18 17:07:34.470,0.399
2026-01-18 17:07:34.471,0.398
2026-01-18 17:07:34.487,0.397
2026-01-18 17:07:34.503,0.399
2026-01-18 17:07:34.521,0.396
2026-01-18 17:07:34.521,0.395
2026-01-18 17:07:34.535,0.392
2026-01-18 17:07:34.552,0.391
2026-01-18 17:07:34.569,0.388
2026-01-18 17:07:34.570,0.388
2026-01-18 17:07:34.587,0.391
2026-01-18 17:07:34.605,0.39
2026-01-18 17:07:34.605,0.391
2026-01-18 17:07:34.620,0.392
2026-01-18 17:07:34.636,0.392
2026-01-18 17:07:34.653,0.393
2026-01-18 17:07:34.654,0.392
2026-01-18 17:07:34.670,0.397
2026-01-18 17:07:34.686,0.398
2026-01-18 17:07:34.687,0.395
2026-01-18 17:07:34.703,0.399
2026-01-18 17:07:34.721,0.397
2026-01-18 17:07:34.736,0.398
2026-01-18 17:07:34.737,0.395
2026-01-18 17:07:34.754,0.395
2026-01-18 17:07:34.787,0.397
2026-01-18 17:07:34.788,0.4
2026-01-18 17:07:34.789,0.4
2026-01-18 17:07:34.797,0.402
2026-01-18 17:07:34.820,0.401
2026-01-18 17:07:34.820,0.4
2026-01-18 17:07:34.837,0.405
2026-01-18 17:07:34.853,0.405
2026-01-18 17:07:34.870,0.408
2026-01-18 17:07:34.870,0.412
2026-01-18 17:07:34.893,0.411
2026-01-18 17:07:34.893,0.415
2026-01-18 17:07:34.903,0.417
2026-01-18 17:07:34.920,0.417
2026-01-18 17:07:34.936,0.418
2026-01-18 17:07:34.953,0.42
2026-01-18 17:07:34.953,0.421
2026-01-18 17:07:34.970,0.419
2026-01-18 17:07:34.987,0.425
2026-01-18 17:07:34.987,0.425
2026-01-18 17:07:35.002,0.429
2026-01-18 17:07:35.020,0.427
2026-01-18 17:07:35.036,0.426
2026-01-18 17:07:35.037,0.424
2026-01-18 17:07:35.053,0.427
2026-01-18 17:07:35.069,0.427
2026-01-18 17:07:35.087,0.428
2026-01-18 17:07:35.088,0.423
2026-01-18 17:07:35.103,0.425
2026-01-18 17:07:35.120,0.422
2026-01-18 17:07:35.120,0.421
2026-01-18 17:07:35.136,0.417
2026-01-18 17:07:35.153,0.416
2026-01-18 17:07:35.170,0.418
2026-01-18 17:07:35.171,0.417
2026-01-18 17:07:35.187,0.421
2026-01-18 17:07:35.203,0.419
2026-01-18 17:07:35.204,0.419
2026-01-18 17:07:35.221,0.418
2026-01-18 17:07:35.236,0.418
2026-01-18 17:07:35.253,0.419
2026-01-18 17:07:35.254,0.421
2026-01-18 17:07:35.269,0.419
2026-01-18 17:07:35.287,0.417
2026-01-18 17:07:35.288,0.417
2026-01-18 17:07:35.302,0.421
2026-01-18 17:07:35.321,0.42
