Timestamp,Distance(m)
2026-01-18 16:11:36.393,1.008
2026-01-18 16:11:36.394,1.008
2026-01-18 16:11:36.408,1.003
2026-01-18 16:11:36.426,1.004
2026-01-18 16:11:36.426,0.999
2026-01-18 16:11:36.442,0.998
2026-01-18 16:11:36.459,1.001
2026-01-18 16:11:36.476,1.01
2026-01-18 16:11:36.476,1.006
2026-01-18 16:11:36.492,1.009
2026-01-18 16:11:36.510,1.005
2026-01-18 16:11:36.511,0.998
2026-01-18 16:11:36.543,0.998
2026-01-18 16:11:36.560,0.994
2026-01-18 16:11:36.560,0.996
2026-01-18 16:11:36.576,0.992
2026-01-18 16:11:36.592,0.992
2026-01-18 16:11:36.592,0.996
2026-01-18 16:11:36.610,0.994
2026-01-18 16:11:36.625,0.996
2026-01-18 16:11:36.643,0.999
2026-01-18 16:11:36.643,1.001
2026-01-18 16:11:36.660,0.999
2026-01-18 16:11:36.676,1.005
2026-01-18 16:11:36.693,0.998
2026-01-18 16:11:36.693,1.001
2026-01-18 16:11:36.710,0.993
2026-01-18 16:11:36.726,0.992
2026-01-18 16:11:36.727,0.995
2026-01-18 16:11:36.742,0.988
2026-01-18 16:11:36.760,0.991
2026-01-18 16:11:36.775,0.989
2026-01-18 16:11:36.776,0.989
2026-01-18 16:11:36.792,0.995
2026-01-18 16:11:36.810,0.998
2026-01-18 16:11:36.810,0.993
2026-01-18 16:11:36.826,1.001
2026-01-18 16:11:36.842,1.0
2026-01-18 16:11:36.859,1.004
2026-01-18 16:11:36.859,1.004
2026-01-18 16:11:36.876,1.002
2026-01-18 16:11:36.893,1.004
2026-01-18 16:11:36.894,0.994
2026-01-18 16:11:36.909,0.987
2026-01-18 16:11:36.925,0.977
2026-01-18 16:11:36.944,0.973
2026-01-18 16:11:36.944,0.971
2026-01-18 16:11:36.959,0.97
2026-01-18 16:11:36.976,0.971
2026-01-18 16:11:36.977,0.977
2026-01-18 16:11:36.993,0.972
2026-01-18 16:11:37.016,0.977
2026-01-18 16:11:37.018,0.974
2026-01-18 16:11:37.025,0.974
2026-01-18 16:11:37.041,0.976
2026-01-18 16:11:37.059,0.97
2026-01-18 16:11:37.075,0.965
2026-01-18 16:11:37.076,0.96
2026-01-18 16:11:37.092,0.957
2026-01-18 16:11:37.108,0.955
2026-01-18 16:11:37.108,0.955
2026-01-18 16:11:37.126,0.947
2026-01-18 16:11:37.141,0.941
2026-01-18 16:11:37.160,0.939
2026-01-18 16:11:37.160,0.944
2026-01-18 16:11:37.175,0.948
2026-01-18 16:11:37.193,0.953
2026-01-18 16:11:37.193,0.953
2026-01-18 16:11:37.209,0.95
2026-01-18 16:11:37.224,0.954
2026-01-18 16:11:37.243,0.953
2026-01-18 16:11:37.243,0.964
2026-01-18 16:11:37.258,0.967
2026-01-18 16:11:37.277,0.971
2026-01-18 16:11:37.278,0.972
2026-01-18 16:11:37.292,0.97
2026-01-18 16:11:37.310,0.967
2026-01-18 16:11:37.326,0.965
2026-01-18 16:11:37.326,0.967
2026-01-18 16:11:37.343,0.973
2026-01-18 16:11:37.359,0.979
2026-01-18 16:11:37.377,0.975
2026-01-18 16:11:37.377,0.97
2026-01-18 16:11:37.392,0.972
2026-01-18 16:11:37.409,0.973
2026-01-18 16:11:37.409,0.977
2026-01-18 16:11:37.425,0.98
2026-01-18 16:11:37.442,0.978
2026-01-18 16:11:37.459,0.976
2026-01-18 16:11:37.459,0.976
2026-01-18 16:11:37.477,0.98
2026-01-18 16:11:37.492,0.976
2026-01-18 16:11:37.493,0.971
2026-01-18 16:11:37.508,0.976
2026-01-18 16:11:37.525,0.976
2026-01-18 16:11:37.552,0.975
2026-01-18 16:11:37.552,0.975
2026-01-18 16:11:37.560,0.968
2026-01-18 16:11:37.575,0.97
2026-01-18 16:11:37.592,0.976
2026-01-18 16:11:37.592,0.986
2026-01-18 16:11:37.608,0.997
2026-01-18 16:11:37.624,1.004
2026-01-18 16:11:37.625,1.007
2026-01-18 16:11:37.643,1.006
2026-01-18 16:11:37.659,1.002
2026-01-18 16:11:37.676,1.004
2026-01-18 16:11:37.676,1.006
2026-01-18 16:11:37.692,1.007
2026-01-18 16:11:37.709,1.011
2026-01-18 16:11:37.710,1.009
2026-01-18 16:11:37.725,1.011
2026-01-18 16:11:37.743,1.012
2026-01-18 16:11:37.759,1.01
2026-01-18 16:11:37.759,1.006
2026-01-18 16:11:37.776,1.003
2026-01-18 16:11:37.792,1.003
2026-01-18 16:11:37.793,0.995
2026-01-18 16:11:37.810,0.986
2026-01-18 16:11:37.825,0.977
2026-01-18 16:11:37.843,0.977
2026-01-18 16:11:37.843,0.971
2026-01-18 16:11:37.859,0.966
2026-01-18 16:11:37.876,0.958
2026-01-18 16:11:37.877,0.96
2026-01-18 16:11:37.892,0.964
2026-01-18 16:11:37.908,0.964
2026-01-18 16:11:37.925,0.965
2026-01-18 16:11:37.925,0.966
2026-01-18 16:11:37.942,0.972
2026-01-18 16:11:37.959,0.973
2026-01-18 16:11:37.975,0.979
2026-01-18 16:11:37.975,0.981
2026-01-18 16:11:37.992,0.985
2026-01-18 16:11:38.016,0.988
2026-01-18 16:11:38.016,0.992
2026-01-18 16:11:38.025,0.993
2026-01-18 16:11:38.042,0.997
2026-01-18 16:11:38.059,0.996
2026-01-18 16:11:38.059,0.999
2026-01-18 16:11:38.075,0.999
2026-01-18 16:11:38.093,1.0
2026-01-18 16:11:38.093,1.003
2026-01-18 16:11:38.112,1.005
2026-01-18 16:11:38.126,1.002
2026-01-18 16:11:38.141,1.001
2026-01-18 16:11:38.141,1.0
2026-01-18 16:11:38.159,1.0
2026-01-18 16:11:38.175,1.007
2026-01-18 16:11:38.193,1.007
2026-01-18 16:11:38.193,1.007
2026-01-18 16:11:38.210,1.011
2026-01-18 16:11:38.226,1.006
2026-01-18 16:11:38.226,1.007
2026-01-18 16:11:38.243,1.007
2026-01-18 16:11:38.258,1.004
2026-01-18 16:11:38.276,1.004
2026-01-18 16:11:38.277,1.002
2026-01-18 16:11:38.291,1.0
2026-01-18 16:11:38.310,1.0
2026-01-18 16:11:38.310,0.991
2026-01-18 16:11:38.326,0.99
2026-01-18 16:11:38.343,0.987
2026-01-18 16:11:38.359,0.994
2026-01-18 16:11:38.359,0.991
2026-01-18 16:11:38.376,0.99
2026-01-18 16:11:38.393,0.987
2026-01-18 16:11:38.393,0.989
2026-01-18 16:11:38.409,0.992
2026-01-18 16:11:38.426,0.998
2026-01-18 16:11:38.443,0.999
2026-01-18 16:11:38.443,1.001
2026-01-18 16:11:38.458,1.0
2026-01-18 16:11:38.475,0.994
2026-01-18 16:11:38.493,0.989
2026-01-18 16:11:38.493,0.992
2026-01-18 16:11:38.509,0.996
2026-01-18 16:11:38.526,1.001
2026-01-18 16:11:38.526,1.0
2026-01-18 16:11:38.541,1.001
2026-01-18 16:11:38.558,0.997
2026-01-18 16:11:38.575,1.0
2026-01-18 16:11:38.575,1.003
2026-01-18 16:11:38.593,1.005
2026-01-18 16:11:38.609,0.997
2026-01-18 16:11:38.610,0.994
2026-01-18 16:11:38.626,0.997
2026-01-18 16:11:38.643,0.996
2026-01-18 16:11:38.659,0.995
2026-01-18 16:11:38.660,0.991
2026-01-18 16:11:38.675,0.993
2026-01-18 16:11:38.694,0.993
2026-01-18 16:11:38.694,0.996
2026-01-18 16:11:38.709,0.997
2026-01-18 16:11:38.725,1.002
2026-01-18 16:11:38.743,0.997
2026-01-18 16:11:38.743,1.001
2026-01-18 16:11:38.759,1.001
2026-01-18 16:11:38.776,1.004
2026-01-18 16:11:38.777,1.002
2026-01-18 16:11:38.793,1.004
2026-01-18 16:11:38.809,1.012
2026-01-18 16:11:38.826,1.007
2026-01-18 16:11:38.826,1.008
2026-01-18 16:11:38.842,1.011
2026-01-18 16:11:38.860,1.012
2026-01-18 16:11:38.875,1.015
2026-01-18 16:11:38.876,1.012
2026-01-18 16:11:38.917,1.01
2026-01-18 16:11:38.919,1.003
2026-01-18 16:11:38.919,0.994
2026-01-18 16:11:38.925,0.991
2026-01-18 16:11:38.942,0.988
2026-01-18 16:11:38.958,0.987
2026-01-18 16:11:38.959,0.995
2026-01-18 16:11:38.975,0.997
2026-01-18 16:11:38.991,1.0
2026-01-18 16:11:39.010,1.005
2026-01-18 16:11:39.010,1.006
2026-01-18 16:11:39.032,1.002
2026-01-18 16:11:39.032,0.995
2026-01-18 16:11:39.041,0.992
2026-01-18 16:11:39.060,0.99
2026-01-18 16:11:39.075,0.991
2026-01-18 16:11:39.093,0.996
2026-01-18 16:11:39.093,0.994
2026-01-18 16:11:39.108,0.994
2026-01-18 16:11:39.125,0.993
2026-01-18 16:11:39.126,0.992
2026-01-18 16:11:39.142,0.996
2026-01-18 16:11:39.160,0.994
2026-01-18 16:11:39.160,0.997
2026-01-18 16:11:39.176,0.996
2026-01-18 16:11:39.193,0.996
2026-01-18 16:11:39.209,0.994
2026-01-18 16:11:39.209,0.987
2026-01-18 16:11:39.225,0.994
2026-01-18 16:11:39.243,0.996
2026-01-18 16:11:39.259,0.996
2026-01-18 16:11:39.259,0.994
2026-01-18 16:11:39.275,0.997
2026-01-18 16:11:39.291,1.001
2026-01-18 16:11:39.309,1.006
2026-01-18 16:11:39.309,1.012
2026-01-18 16:11:39.324,1.01
2026-01-18 16:11:39.341,1.006
2026-01-18 16:11:39.341,1.002
2026-01-18 16:11:39.358,1.0
2026-01-18 16:11:39.374,1.0
2026-01-18 16:11:39.390,0.991
2026-01-18 16:11:39.391,0.998
2026-01-18 16:11:39.409,0.997
2026-01-18 16:11:39.425,0.992
2026-01-18 16:11:39.425,0.991
2026-01-18 16:11:39.442,0.994
2026-01-18 16:11:39.460,0.994
2026-01-18 16:11:39.475,0.995
2026-01-18 16:11:39.475,0.993
2026-01-18 16:11:39.492,0.993
2026-01-18 16:11:39.509,0.996
2026-01-18 16:11:39.510,0.988
2026-01-18 16:11:39.525,0.994
2026-01-18 16:11:39.543,0.988
2026-01-18 16:11:39.559,0.986
2026-01-18 16:11:39.559,0.983
2026-01-18 16:11:39.574,0.983
2026-01-18 16:11:39.593,0.984
2026-01-18 16:11:39.593,0.992
2026-01-18 16:11:39.608,0.99
2026-01-18 16:11:39.625,0.99
2026-01-18 16:11:39.643,0.988
2026-01-18 16:11:39.643,0.991
2026-01-18 16:11:39.659,0.994
2026-01-18 16:11:39.675,0.987
2026-01-18 16:11:39.692,0.985
2026-01-18 16:11:39.693,0.984
2026-01-18 16:11:39.709,0.982
2026-01-18 16:11:39.725,0.981
2026-01-18 16:11:39.725,0.977
2026-01-18 16:11:39.741,0.976
2026-01-18 16:11:39.760,0.969
2026-01-18 16:11:39.775,0.975
2026-01-18 16:11:39.776,0.976
2026-01-18 16:11:39.792,0.974
2026-01-18 16:11:39.808,0.977
2026-01-18 16:11:39.809,0.98
2026-01-18 16:11:39.825,0.981
2026-01-18 16:11:39.841,0.984
2026-01-18 16:11:39.858,0.985
2026-01-18 16:11:39.858,0.986
2026-01-18 16:11:39.874,0.985
2026-01-18 16:11:39.893,0.988
2026-01-18 16:11:39.893,0.991
2026-01-18 16:11:39.909,0.989
2026-01-18 16:11:39.925,0.986
2026-01-18 16:11:39.942,0.99
2026-01-18 16:11:39.942,0.996
2026-01-18 16:11:39.959,1.0
2026-01-18 16:11:39.975,1.0
2026-01-18 16:11:39.992,1.002
2026-01-18 16:11:39.992,0.999
2026-01-18 16:11:40.009,1.002
2026-01-18 16:11:40.031,1.001
2026-01-18 16:11:40.031,1.005
2026-01-18 16:11:40.041,1.005
2026-01-18 16:11:40.057,1.004
2026-01-18 16:11:40.075,1.004
2026-01-18 16:11:40.076,1.002
2026-01-18 16:11:40.091,1.006
2026-01-18 16:11:40.108,1.006
2026-01-18 16:11:40.109,1.002
2026-01-18 16:11:40.124,1.004
2026-01-18 16:11:40.140,1.01
2026-01-18 16:11:40.159,1.007
2026-01-18 16:11:40.159,1.009
2026-01-18 16:11:40.176,1.006
2026-01-18 16:11:40.191,1.002
2026-01-18 16:11:40.208,1.002
2026-01-18 16:11:40.208,1.004
2026-01-18 16:11:40.224,1.001
2026-01-18 16:11:40.243,0.994
2026-01-18 16:11:40.243,0.995
2026-01-18 16:11:40.301,0.989
2026-01-18 16:11:40.303,0.995
2026-01-18 16:11:40.303,0.994
2026-01-18 16:11:40.303,0.993
2026-01-18 16:11:40.303,0.996
2026-01-18 16:11:40.325,0.998
2026-01-18 16:11:40.326,1.001
2026-01-18 16:11:40.342,1.0
2026-01-18 16:11:40.358,0.997
2026-01-18 16:11:40.374,0.997
2026-01-18 16:11:40.374,0.995
2026-01-18 16:11:40.392,0.997
2026-01-18 16:11:40.409,0.996
2026-01-18 16:11:40.409,0.997
2026-01-18 16:11:40.426,1.003
2026-01-18 16:11:40.441,1.002
2026-01-18 16:11:40.459,0.999
2026-01-18 16:11:40.459,1.004
2026-01-18 16:11:40.475,0.993
2026-01-18 16:11:40.492,0.994
2026-01-18 16:11:40.508,0.995
2026-01-18 16:11:40.509,1.0
2026-01-18 16:11:40.526,0.998
2026-01-18 16:11:40.542,0.997
2026-01-18 16:11:40.543,0.998
2026-01-18 16:11:40.558,0.994
2026-01-18 16:11:40.577,0.991
2026-01-18 16:11:40.577,0.993
2026-01-18 16:11:40.592,0.992
2026-01-18 16:11:40.609,0.993
2026-01-18 16:11:40.625,0.991
2026-01-18 16:11:40.626,0.991
2026-01-18 16:11:40.642,0.992
2026-01-18 16:11:40.659,0.994
2026-01-18 16:11:40.676,0.994
2026-01-18 16:11:40.677,0.991
2026-01-18 16:11:40.691,0.992
2026-01-18 16:11:40.709,0.991
2026-01-18 16:11:40.709,0.987
2026-01-18 16:11:40.726,0.991
2026-01-18 16:11:40.741,0.992
2026-01-18 16:11:40.759,0.992
2026-01-18 16:11:40.760,0.995
2026-01-18 16:11:40.775,0.994
2026-01-18 16:11:40.791,0.993
2026-01-18 16:11:40.792,0.998
2026-01-18 16:11:40.808,0.997
2026-01-18 16:11:40.825,1.001
2026-01-18 16:11:40.841,1.007
2026-01-18 16:11:40.841,1.005
2026-01-18 16:11:40.859,1.004
2026-01-18 16:11:40.875,1.0
2026-01-18 16:11:40.892,1.0
2026-01-18 16:11:40.893,1.001
2026-01-18 16:11:40.909,0.997
2026-01-18 16:11:40.925,1.0
2026-01-18 16:11:40.926,1.001
2026-01-18 16:11:40.942,1.004
2026-01-18 16:11:40.959,0.997
2026-01-18 16:11:40.975,0.998
2026-01-18 16:11:40.975,0.995
2026-01-18 16:11:40.991,0.993
2026-01-18 16:11:41.009,0.995
2026-01-18 16:11:41.009,0.986
2026-01-18 16:11:41.032,0.981
2026-01-18 16:11:41.041,0.98
2026-01-18 16:11:41.059,0.98
2026-01-18 16:11:41.059,0.982
2026-01-18 16:11:41.075,0.983
2026-01-18 16:11:41.093,0.981
2026-01-18 16:11:41.093,0.983
2026-01-18 16:11:41.108,0.984
2026-01-18 16:11:41.126,0.984
2026-01-18 16:11:41.141,0.988
2026-01-18 16:11:41.142,0.99
2026-01-18 16:11:41.158,0.99
2026-01-18 16:11:41.175,0.993
2026-01-18 16:11:41.193,0.999
2026-01-18 16:11:41.194,0.996
2026-01-18 16:11:41.208,0.998
2026-01-18 16:11:41.213,0.999
2026-01-18 16:11:41.228,1.001
2026-01-18 16:11:41.242,0.995
2026-01-18 16:11:41.258,0.991
2026-01-18 16:11:41.275,0.992
2026-01-18 16:11:41.275,0.989
2026-01-18 16:11:41.292,0.99
2026-01-18 16:11:41.307,0.988
2026-01-18 16:11:41.325,0.988
2026-01-18 16:11:41.325,0.989
2026-01-18 16:11:41.340,0.989
2026-01-18 16:11:41.359,0.993
2026-01-18 16:11:41.359,0.995
2026-01-18 16:11:41.375,0.993
2026-01-18 16:11:41.392,0.997
2026-01-18 16:11:41.392,0.993
2026-01-18 16:11:41.409,0.995
2026-01-18 16:11:41.426,0.991
2026-01-18 16:11:41.442,0.988
2026-01-18 16:11:41.442,0.989
2026-01-18 16:11:41.457,0.989
2026-01-18 16:11:41.474,0.984
2026-01-18 16:11:41.490,0.982
2026-01-18 16:11:41.490,0.98
2026-01-18 16:11:41.507,0.982
2026-01-18 16:11:41.524,0.979
2026-01-18 16:11:41.524,0.979
2026-01-18 16:11:41.541,0.981
2026-01-18 16:11:41.559,0.985
2026-01-18 16:11:41.574,0.98
2026-01-18 16:11:41.574,0.984
2026-01-18 16:11:41.591,0.98
2026-01-18 16:11:41.608,0.978
2026-01-18 16:11:41.649,0.979
2026-01-18 16:11:41.649,0.979
2026-01-18 16:11:41.650,0.979
2026-01-18 16:11:41.650,0.983
2026-01-18 16:11:41.656,0.979
2026-01-18 16:11:41.675,0.977
2026-01-18 16:11:41.691,0.982
2026-01-18 16:11:41.708,0.983
2026-01-18 16:11:41.709,0.992
2026-01-18 16:11:41.726,0.996
2026-01-18 16:11:41.741,0.991
2026-01-18 16:11:41.742,0.994
2026-01-18 16:11:41.759,0.99
2026-01-18 16:11:41.776,0.989
2026-01-18 16:11:41.791,0.992
2026-01-18 16:11:41.792,0.996
2026-01-18 16:11:41.809,0.995
2026-01-18 16:11:41.812,0.996
2026-01-18 16:11:41.825,0.991
2026-01-18 16:11:41.843,0.987
2026-01-18 16:11:41.859,0.988
2026-01-18 16:11:41.874,0.987
2026-01-18 16:11:41.875,0.989
2026-01-18 16:11:41.892,0.988
2026-01-18 16:11:41.909,0.986
2026-01-18 16:11:41.909,0.986
2026-01-18 16:11:41.925,0.983
2026-01-18 16:11:41.941,0.986
2026-01-18 16:11:41.960,0.985
2026-01-18 16:11:41.960,0.988
2026-01-18 16:11:41.974,0.992
2026-01-18 16:11:41.993,0.989
2026-01-18 16:11:41.993,0.991
2026-01-18 16:11:42.008,0.985
2026-01-18 16:11:42.024,0.985
2026-01-18 16:11:42.048,0.984
2026-01-18 16:11:42.048,0.988
2026-01-18 16:11:42.058,0.993
2026-01-18 16:11:42.075,0.992
2026-01-18 16:11:42.093,0.993
2026-01-18 16:11:42.093,0.986
2026-01-18 16:11:42.109,0.985
2026-01-18 16:11:42.124,0.982
2026-01-18 16:11:42.125,0.981
2026-01-18 16:11:42.144,0.986
2026-01-18 16:11:42.159,0.984
2026-01-18 16:11:42.175,0.991
2026-01-18 16:11:42.175,0.992
2026-01-18 16:11:42.192,0.992
2026-01-18 16:11:42.209,0.992
2026-01-18 16:11:42.209,0.984
2026-01-18 16:11:42.224,0.985
2026-01-18 16:11:42.242,0.984
2026-01-18 16:11:42.259,0.984
2026-01-18 16:11:42.259,0.994
2026-01-18 16:11:42.276,0.99
2026-01-18 16:11:42.291,0.991
2026-01-18 16:11:42.308,0.988
2026-01-18 16:11:42.308,0.987
2026-01-18 16:11:42.325,0.983
2026-01-18 16:11:42.342,0.985
2026-01-18 16:11:42.342,0.985
2026-01-18 16:11:42.359,0.99
2026-01-18 16:11:42.374,0.99
2026-01-18 16:11:42.392,0.993
2026-01-18 16:11:42.393,0.994
2026-01-18 16:11:42.408,0.992
2026-01-18 16:11:42.424,0.991
2026-01-18 16:11:42.424,0.992
2026-01-18 16:11:42.441,0.991
2026-01-18 16:11:42.459,0.995
2026-01-18 16:11:42.475,1.0
2026-01-18 16:11:42.475,0.997
2026-01-18 16:11:42.491,0.997
2026-01-18 16:11:42.509,0.995
2026-01-18 16:11:42.509,0.991
2026-01-18 16:11:42.523,0.998
2026-01-18 16:11:42.542,0.997
2026-01-18 16:11:42.560,1.002
2026-01-18 16:11:42.560,1.003
2026-01-18 16:11:42.574,1.0
2026-01-18 16:11:42.591,1.005
2026-01-18 16:11:42.609,0.998
2026-01-18 16:11:42.609,0.994
2026-01-18 16:11:42.624,0.997
2026-01-18 16:11:42.642,0.991
2026-01-18 16:11:42.642,0.987
2026-01-18 16:11:42.659,0.986
2026-01-18 16:11:42.675,0.983
2026-01-18 16:11:42.676,0.982
2026-01-18 16:11:42.691,0.98
2026-01-18 16:11:42.708,0.979
2026-01-18 16:11:42.724,0.98
2026-01-18 16:11:42.725,0.98
2026-01-18 16:11:42.742,0.979
2026-01-18 16:11:42.759,0.978
2026-01-18 16:11:42.774,0.984
2026-01-18 16:11:42.775,0.986
2026-01-18 16:11:42.790,0.985
2026-01-18 16:11:42.809,0.981
2026-01-18 16:11:42.809,0.981
2026-01-18 16:11:42.825,0.98
2026-01-18 16:11:42.842,0.974
2026-01-18 16:11:42.859,0.974
2026-01-18 16:11:42.859,0.975
2026-01-18 16:11:42.874,0.976
2026-01-18 16:11:42.892,0.977
2026-01-18 16:11:42.893,0.977
2026-01-18 16:11:42.908,0.976
2026-01-18 16:11:42.924,0.972
2026-01-18 16:11:42.942,0.975
2026-01-18 16:11:42.942,0.977
2026-01-18 16:11:42.959,0.978
2026-01-18 16:11:43.001,0.98
2026-01-18 16:11:43.002,0.986
2026-01-18 16:11:43.002,0.985
2026-01-18 16:11:43.002,0.992
2026-01-18 16:11:43.025,0.993
2026-01-18 16:11:43.025,0.988
2026-01-18 16:11:43.046,0.984
2026-01-18 16:11:43.058,0.987
2026-01-18 16:11:43.075,0.989
2026-01-18 16:11:43.075,0.985
2026-01-18 16:11:43.092,0.984
2026-01-18 16:11:43.109,0.982
2026-01-18 16:11:43.109,0.983
2026-01-18 16:11:43.125,0.985
2026-01-18 16:11:43.142,0.991
2026-01-18 16:11:43.159,0.988
2026-01-18 16:11:43.159,0.986
2026-01-18 16:11:43.175,0.986
2026-01-18 16:11:43.190,0.993
2026-01-18 16:11:43.209,0.996
2026-01-18 16:11:43.210,0.997
2026-01-18 16:11:43.225,1.0
2026-01-18 16:11:43.242,1.0
2026-01-18 16:11:43.242,1.0
2026-01-18 16:11:43.259,1.002
2026-01-18 16:11:43.275,1.007
2026-01-18 16:11:43.291,1.008
2026-01-18 16:11:43.292,1.004
2026-01-18 16:11:43.309,1.001
2026-01-18 16:11:43.325,1.001
2026-01-18 16:11:43.325,1.004
2026-01-18 16:11:43.341,0.999
2026-01-18 16:11:43.359,0.995
2026-01-18 16:11:43.375,0.996
2026-01-18 16:11:43.375,0.998
2026-01-18 16:11:43.393,1.0
2026-01-18 16:11:43.408,1.006
2026-01-18 16:11:43.408,1.003
2026-01-18 16:11:43.425,1.001
2026-01-18 16:11:43.441,1.002
2026-01-18 16:11:43.459,0.998
2026-01-18 16:11:43.459,0.996
2026-01-18 16:11:43.475,0.995
2026-01-18 16:11:43.491,0.997
2026-01-18 16:11:43.508,0.993
2026-01-18 16:11:43.509,0.992
2026-01-18 16:11:43.525,0.995
2026-01-18 16:11:43.540,0.994
2026-01-18 16:11:43.541,0.992
2026-01-18 16:11:43.558,0.998
2026-01-18 16:11:43.575,0.995
2026-01-18 16:11:43.590,1.0
2026-01-18 16:11:43.590,0.999
2026-01-18 16:11:43.609,0.997
2026-01-18 16:11:43.625,0.993
2026-01-18 16:11:43.625,0.997
2026-01-18 16:11:43.641,0.999
2026-01-18 16:11:43.658,0.997
2026-01-18 16:11:43.675,1.0
2026-01-18 16:11:43.675,1.0
2026-01-18 16:11:43.691,0.995
2026-01-18 16:11:43.708,0.993
2026-01-18 16:11:43.724,0.988
2026-01-18 16:11:43.724,0.987
2026-01-18 16:11:43.741,0.988
2026-01-18 16:11:43.757,0.988
2026-01-18 16:11:43.758,0.988
2026-01-18 16:11:43.774,0.984
2026-01-18 16:11:43.791,0.982
2026-01-18 16:11:43.807,0.982
2026-01-18 16:11:43.807,0.979
2026-01-18 16:11:43.824,0.986
2026-01-18 16:11:43.842,0.988
2026-01-18 16:11:43.842,0.994
2026-01-18 16:11:43.858,0.996
2026-01-18 16:11:43.875,1.001
2026-01-18 16:11:43.891,1.003
2026-01-18 16:11:43.891,0.998
2026-01-18 16:11:43.909,0.996
2026-01-18 16:11:43.925,0.998
2026-01-18 16:11:43.926,0.992
2026-01-18 16:11:43.941,0.996
2026-01-18 16:11:43.958,0.992
2026-01-18 16:11:43.974,0.989
2026-01-18 16:11:43.974,0.988
2026-01-18 16:11:43.992,0.99
2026-01-18 16:11:44.007,0.987
2026-01-18 16:11:44.031,0.988
2026-01-18 16:11:44.031,0.985
2026-01-18 16:11:44.040,0.984
2026-01-18 16:11:44.059,0.986
2026-01-18 16:11:44.059,0.989
2026-01-18 16:11:44.074,0.988
2026-01-18 16:11:44.093,0.988
2026-01-18 16:11:44.093,0.99
2026-01-18 16:11:44.108,0.989
2026-01-18 16:11:44.125,0.989
2026-01-18 16:11:44.142,0.988
2026-01-18 16:11:44.142,0.99
2026-01-18 16:11:44.157,0.99
2026-01-18 16:11:44.175,0.992
2026-01-18 16:11:44.192,0.99
2026-01-18 16:11:44.192,0.991
2026-01-18 16:11:44.207,0.992
2026-01-18 16:11:44.224,0.997
2026-01-18 16:11:44.241,0.993
2026-01-18 16:11:44.242,0.993
2026-01-18 16:11:44.258,0.991
2026-01-18 16:11:44.275,0.989
2026-01-18 16:11:44.275,0.988
2026-01-18 16:11:44.291,0.989
2026-01-18 16:11:44.307,0.989
2026-01-18 16:11:44.309,0.985
2026-01-18 16:11:44.325,0.982
2026-01-18 16:11:44.341,0.982
2026-01-18 16:11:44.368,0.988
2026-01-18 16:11:44.368,0.987
2026-01-18 16:11:44.369,0.987
2026-01-18 16:11:44.382,0.99
2026-01-18 16:11:44.407,0.987
2026-01-18 16:11:44.408,0.989
2026-01-18 16:11:44.425,0.994
2026-01-18 16:11:44.442,0.993
2026-01-18 16:11:44.442,0.991
2026-01-18 16:11:44.459,0.995
2026-01-18 16:11:44.476,0.99
2026-01-18 16:11:44.477,0.994
2026-01-18 16:11:44.491,0.991
2026-01-18 16:11:44.508,0.987
2026-01-18 16:11:44.524,0.984
2026-01-18 16:11:44.525,0.987
2026-01-18 16:11:44.542,0.986
2026-01-18 16:11:44.557,0.983
2026-01-18 16:11:44.574,0.979
2026-01-18 16:11:44.574,0.979
2026-01-18 16:11:44.592,0.982
2026-01-18 16:11:44.609,0.985
2026-01-18 16:11:44.609,0.983
2026-01-18 16:11:44.625,0.985
2026-01-18 16:11:44.641,0.989
2026-01-18 16:11:44.659,0.996
2026-01-18 16:11:44.659,0.994
2026-01-18 16:11:44.674,0.993
2026-01-18 16:11:44.692,0.993
2026-01-18 16:11:44.693,0.991
2026-01-18 16:11:44.709,0.995
2026-01-18 16:11:44.724,0.997
2026-01-18 16:11:44.741,0.997
2026-01-18 16:11:44.741,1.0
2026-01-18 16:11:44.758,0.998
2026-01-18 16:11:44.775,0.999
2026-01-18 16:11:44.792,0.999
2026-01-18 16:11:44.792,0.996
2026-01-18 16:11:44.809,1.001
2026-01-18 16:11:44.824,1.001
2026-01-18 16:11:44.824,0.999
2026-01-18 16:11:44.843,1.005
2026-01-18 16:11:44.857,1.008
2026-01-18 16:11:44.875,1.003
2026-01-18 16:11:44.875,1.004
2026-01-18 16:11:44.891,1.006
2026-01-18 16:11:44.909,1.004
2026-01-18 16:11:44.909,1.005
2026-01-18 16:11:44.925,1.008
2026-01-18 16:11:44.941,1.007
2026-01-18 16:11:44.959,1.005
2026-01-18 16:11:44.959,1.0
2026-01-18 16:11:44.974,0.998
2026-01-18 16:11:44.992,1.0
2026-01-18 16:11:45.008,0.998
2026-01-18 16:11:45.008,0.996
2026-01-18 16:11:45.031,0.998
2026-01-18 16:11:45.032,0.994
2026-01-18 16:11:45.041,0.992
2026-01-18 16:11:45.058,0.995
2026-01-18 16:11:45.074,0.993
2026-01-18 16:11:45.091,0.99
2026-01-18 16:11:45.091,0.986
2026-01-18 16:11:45.107,0.987
2026-01-18 16:11:45.125,0.987
2026-01-18 16:11:45.125,0.987
2026-01-18 16:11:45.142,0.995
2026-01-18 16:11:45.158,0.997
2026-01-18 16:11:45.174,0.994
2026-01-18 16:11:45.174,0.995
2026-01-18 16:11:45.192,0.998
2026-01-18 16:11:45.208,0.997
2026-01-18 16:11:45.211,0.997
2026-01-18 16:11:45.224,1.001
2026-01-18 16:11:45.240,1.002
2026-01-18 16:11:45.258,1.004
2026-01-18 16:11:45.258,1.008
2026-01-18 16:11:45.275,1.009
2026-01-18 16:11:45.290,1.011
2026-01-18 16:11:45.308,1.007
2026-01-18 16:11:45.308,1.01
2026-01-18 16:11:45.325,1.009
2026-01-18 16:11:45.342,1.006
2026-01-18 16:11:45.342,1.01
2026-01-18 16:11:45.358,1.009
2026-01-18 16:11:45.374,1.011
2026-01-18 16:11:45.392,1.014
2026-01-18 16:11:45.392,1.011
2026-01-18 16:11:45.407,1.009
2026-01-18 16:11:45.424,1.007
2026-01-18 16:11:45.425,1.007
2026-01-18 16:11:45.441,1.008
2026-01-18 16:11:45.458,1.005
2026-01-18 16:11:45.474,1.005
2026-01-18 16:11:45.474,1.007
2026-01-18 16:11:45.491,1.005
2026-01-18 16:11:45.508,1.006
2026-01-18 16:11:45.509,1.002
2026-01-18 16:11:45.524,1.002
2026-01-18 16:11:45.542,1.0
2026-01-18 16:11:45.558,1.005
2026-01-18 16:11:45.559,1.005
2026-01-18 16:11:45.574,1.001
2026-01-18 16:11:45.591,1.003
2026-01-18 16:11:45.592,1.002
2026-01-18 16:11:45.607,1.005
2026-01-18 16:11:45.624,1.008
2026-01-18 16:11:45.641,1.008
2026-01-18 16:11:45.641,1.01
2026-01-18 16:11:45.659,1.011
2026-01-18 16:11:45.674,1.013
2026-01-18 16:11:45.691,1.016
2026-01-18 16:11:45.691,1.017
2026-01-18 16:11:45.734,1.018
2026-01-18 16:11:45.735,1.02
2026-01-18 16:11:45.735,1.021
2026-01-18 16:11:45.745,1.019
2026-01-18 16:11:45.758,1.019
2026-01-18 16:11:45.774,1.018
2026-01-18 16:11:45.775,1.018
2026-01-18 16:11:45.790,1.017
2026-01-18 16:11:45.808,1.017
2026-01-18 16:11:45.809,1.015
2026-01-18 16:11:45.827,1.008
2026-01-18 16:11:45.842,1.011
2026-01-18 16:11:45.858,1.014
2026-01-18 16:11:45.858,1.012
2026-01-18 16:11:45.874,1.01
2026-01-18 16:11:45.890,1.009
2026-01-18 16:11:45.893,1.006
2026-01-18 16:11:45.908,1.005
2026-01-18 16:11:45.924,1.009
2026-01-18 16:11:45.941,1.006
2026-01-18 16:11:45.941,1.009
2026-01-18 16:11:45.958,1.009
2026-01-18 16:11:45.973,1.011
2026-01-18 16:11:45.990,1.019
2026-01-18 16:11:45.990,1.018
2026-01-18 16:11:46.006,1.016
2026-01-18 16:11:46.023,1.012
2026-01-18 16:11:46.045,1.01
2026-01-18 16:11:46.045,1.008
2026-01-18 16:11:46.057,1.002
2026-01-18 16:11:46.073,1.006
2026-01-18 16:11:46.073,1.009
2026-01-18 16:11:46.091,1.007
2026-01-18 16:11:46.107,1.006
2026-01-18 16:11:46.122,1.007
2026-01-18 16:11:46.123,1.008
2026-01-18 16:11:46.140,1.008
2026-01-18 16:11:46.158,1.007
2026-01-18 16:11:46.158,1.001
2026-01-18 16:11:46.173,0.998
2026-01-18 16:11:46.191,0.994
2026-01-18 16:11:46.208,0.993
2026-01-18 16:11:46.208,0.991
2026-01-18 16:11:46.224,0.992
2026-01-18 16:11:46.240,0.992
2026-01-18 16:11:46.240,0.997
2026-01-18 16:11:46.258,1.0
2026-01-18 16:11:46.274,0.997
2026-01-18 16:11:46.291,0.999
2026-01-18 16:11:46.292,1.002
2026-01-18 16:11:46.308,1.0
2026-01-18 16:11:46.325,1.002
2026-01-18 16:11:46.325,0.999
2026-01-18 16:11:46.341,1.002
2026-01-18 16:11:46.358,1.001
2026-01-18 16:11:46.374,1.0
2026-01-18 16:11:46.374,0.997
2026-01-18 16:11:46.392,0.997
2026-01-18 16:11:46.408,0.993
2026-01-18 16:11:46.408,0.996
2026-01-18 16:11:46.424,0.993
2026-01-18 16:11:46.441,0.992
2026-01-18 16:11:46.459,0.995
2026-01-18 16:11:46.459,0.992
2026-01-18 16:11:46.474,0.994
2026-01-18 16:11:46.492,0.99
2026-01-18 16:11:46.492,0.99
2026-01-18 16:11:46.508,0.993
2026-01-18 16:11:46.524,0.99
2026-01-18 16:11:46.541,0.984
2026-01-18 16:11:46.542,0.989
2026-01-18 16:11:46.558,0.989
2026-01-18 16:11:46.574,0.991
2026-01-18 16:11:46.590,0.994
2026-01-18 16:11:46.590,0.99
2026-01-18 16:11:46.607,0.99
2026-01-18 16:11:46.624,0.99
2026-01-18 16:11:46.624,0.992
2026-01-18 16:11:46.641,0.987
2026-01-18 16:11:46.658,0.986
2026-01-18 16:11:46.675,0.982
2026-01-18 16:11:46.675,0.981
2026-01-18 16:11:46.691,0.981
2026-01-18 16:11:46.707,0.983
2026-01-18 16:11:46.708,0.981
2026-01-18 16:11:46.723,0.981
2026-01-18 16:11:46.740,0.983
2026-01-18 16:11:46.759,0.991
2026-01-18 16:11:46.759,0.991
2026-01-18 16:11:46.775,0.988
2026-01-18 16:11:46.791,0.989
2026-01-18 16:11:46.807,0.989
2026-01-18 16:11:46.808,0.987
2026-01-18 16:11:46.825,0.988
2026-01-18 16:11:46.840,0.987
2026-01-18 16:11:46.841,0.987
2026-01-18 16:11:46.857,0.987
2026-01-18 16:11:46.875,0.99
2026-01-18 16:11:46.891,0.987
2026-01-18 16:11:46.891,0.986
2026-01-18 16:11:46.908,0.986
2026-01-18 16:11:46.924,0.985
2026-01-18 16:11:46.925,0.988
2026-01-18 16:11:46.941,0.988
2026-01-18 16:11:46.958,0.986
2026-01-18 16:11:46.974,0.987
2026-01-18 16:11:46.975,0.995
2026-01-18 16:11:46.991,0.993
2026-01-18 16:11:47.008,0.991
2026-01-18 16:11:47.024,0.993
2026-01-18 16:11:47.024,0.99
2026-01-18 16:11:47.048,0.991
2026-01-18 16:11:47.048,0.993
2026-01-18 16:11:47.058,0.991
2026-01-18 16:11:47.118,0.99
2026-01-18 16:11:47.119,0.986
2026-01-18 16:11:47.119,0.99
2026-01-18 16:11:47.120,0.989
2026-01-18 16:11:47.120,0.988
2026-01-18 16:11:47.142,0.985
2026-01-18 16:11:47.142,0.986
2026-01-18 16:11:47.157,0.988
2026-01-18 16:11:47.174,0.991
2026-01-18 16:11:47.190,0.988
2026-01-18 16:11:47.190,0.987
2026-01-18 16:11:47.209,0.984
2026-01-18 16:11:47.224,0.989
2026-01-18 16:11:47.225,0.987
2026-01-18 16:11:47.241,0.986
2026-01-18 16:11:47.258,0.985
2026-01-18 16:11:47.275,0.987
2026-01-18 16:11:47.275,0.989
2026-01-18 16:11:47.290,0.988
2026-01-18 16:11:47.307,0.985
2026-01-18 16:11:47.324,0.991
2026-01-18 16:11:47.324,0.99
2026-01-18 16:11:47.342,0.99
2026-01-18 16:11:47.357,0.996
2026-01-18 16:11:47.358,0.996
2026-01-18 16:11:47.373,0.994
2026-01-18 16:11:47.391,0.994
2026-01-18 16:11:47.408,0.99
2026-01-18 16:11:47.408,0.988
2026-01-18 16:11:47.423,0.989
2026-01-18 16:11:47.441,0.988
2026-01-18 16:11:47.442,0.994
2026-01-18 16:11:47.457,0.997
2026-01-18 16:11:47.473,0.997
2026-01-18 16:11:47.491,0.997
2026-01-18 16:11:47.491,0.992
2026-01-18 16:11:47.507,0.993
2026-01-18 16:11:47.523,0.992
2026-01-18 16:11:47.524,0.993
2026-01-18 16:11:47.540,0.994
2026-01-18 16:11:47.558,0.992
2026-01-18 16:11:47.574,0.991
2026-01-18 16:11:47.575,0.993
2026-01-18 16:11:47.591,0.994
2026-01-18 16:11:47.606,0.991
2026-01-18 16:11:47.623,0.993
2026-01-18 16:11:47.623,0.992
2026-01-18 16:11:47.641,0.996
2026-01-18 16:11:47.658,0.997
2026-01-18 16:11:47.658,1.0
2026-01-18 16:11:47.674,1.004
2026-01-18 16:11:47.691,1.003
2026-01-18 16:11:47.708,1.005
2026-01-18 16:11:47.708,1.006
2026-01-18 16:11:47.723,1.009
2026-01-18 16:11:47.741,1.005
2026-01-18 16:11:47.742,1.004
2026-01-18 16:11:47.757,1.009
2026-01-18 16:11:47.773,1.003
2026-01-18 16:11:47.791,1.005
2026-01-18 16:11:47.791,0.998
2026-01-18 16:11:47.807,0.996
2026-01-18 16:11:47.824,0.995
2026-01-18 16:11:47.825,0.994
2026-01-18 16:11:47.840,0.992
2026-01-18 16:11:47.857,0.989
2026-01-18 16:11:47.873,0.996
2026-01-18 16:11:47.874,0.992
2026-01-18 16:11:47.891,0.991
2026-01-18 16:11:47.907,0.99
2026-01-18 16:11:47.908,0.986
2026-01-18 16:11:47.923,0.986
2026-01-18 16:11:47.942,0.989
2026-01-18 16:11:47.958,0.989
2026-01-18 16:11:47.958,0.992
2026-01-18 16:11:47.973,0.989
2026-01-18 16:11:47.991,0.992
2026-01-18 16:11:48.008,0.984
2026-01-18 16:11:48.008,0.984
2026-01-18 16:11:48.023,0.993
2026-01-18 16:11:48.047,0.991
2026-01-18 16:11:48.048,0.989
2026-01-18 16:11:48.057,0.993
2026-01-18 16:11:48.075,0.991
2026-01-18 16:11:48.091,0.987
2026-01-18 16:11:48.091,0.984
2026-01-18 16:11:48.107,0.984
2026-01-18 16:11:48.127,0.987
2026-01-18 16:11:48.127,0.993
2026-01-18 16:11:48.140,0.994
2026-01-18 16:11:48.157,0.996
2026-01-18 16:11:48.174,0.995
2026-01-18 16:11:48.174,0.996
2026-01-18 16:11:48.191,0.994
2026-01-18 16:11:48.209,0.993
2026-01-18 16:11:48.209,0.993
2026-01-18 16:11:48.223,0.994
2026-01-18 16:11:48.239,0.993
2026-01-18 16:11:48.257,0.999
2026-01-18 16:11:48.257,0.995
2026-01-18 16:11:48.272,0.987
2026-01-18 16:11:48.290,0.989
2026-01-18 16:11:48.305,0.988
2026-01-18 16:11:48.306,0.986
2026-01-18 16:11:48.324,0.986
2026-01-18 16:11:48.339,0.983
2026-01-18 16:11:48.357,0.988
2026-01-18 16:11:48.357,0.994
2026-01-18 16:11:48.374,0.998
2026-01-18 16:11:48.390,0.998
2026-01-18 16:11:48.391,1.0
2026-01-18 16:11:48.408,0.999
2026-01-18 16:11:48.424,1.003
2026-01-18 16:11:48.424,1.001
2026-01-18 16:11:48.453,0.998
2026-01-18 16:11:48.454,0.999
2026-01-18 16:11:48.463,1.0
2026-01-18 16:11:48.473,0.993
2026-01-18 16:11:48.490,0.994
2026-01-18 16:11:48.507,0.992
2026-01-18 16:11:48.524,0.986
2026-01-18 16:11:48.524,0.988
2026-01-18 16:11:48.540,0.99
2026-01-18 16:11:48.557,0.991
2026-01-18 16:11:48.557,0.998
2026-01-18 16:11:48.574,0.996
2026-01-18 16:11:48.591,0.994
2026-01-18 16:11:48.607,0.994
2026-01-18 16:11:48.607,0.991
2026-01-18 16:11:48.624,0.992
2026-01-18 16:11:48.641,0.992
2026-01-18 16:11:48.641,0.991
2026-01-18 16:11:48.658,0.988
2026-01-18 16:11:48.673,0.988
2026-01-18 16:11:48.691,0.987
2026-01-18 16:11:48.691,0.986
2026-01-18 16:11:48.707,0.986
2026-01-18 16:11:48.724,0.985
2026-01-18 16:11:48.724,0.988
2026-01-18 16:11:48.740,0.987
2026-01-18 16:11:48.757,0.982
2026-01-18 16:11:48.773,0.985
2026-01-18 16:11:48.773,0.985
2026-01-18 16:11:48.791,0.988
2026-01-18 16:11:48.807,0.989
2026-01-18 16:11:48.824,0.988
2026-01-18 16:11:48.824,0.988
2026-01-18 16:11:48.841,0.99
2026-01-18 16:11:48.858,0.989
2026-01-18 16:11:48.858,0.994
2026-01-18 16:11:48.874,0.992
2026-01-18 16:11:48.891,0.992
2026-01-18 16:11:48.907,0.992
2026-01-18 16:11:48.908,0.99
2026-01-18 16:11:48.923,0.995
2026-01-18 16:11:48.941,0.996
2026-01-18 16:11:48.941,0.993
2026-01-18 16:11:48.957,0.992
2026-01-18 16:11:48.974,0.991
2026-01-18 16:11:48.990,0.997
2026-01-18 16:11:48.991,0.995
2026-01-18 16:11:49.008,0.997
2026-01-18 16:11:49.025,0.996
2026-01-18 16:11:49.025,0.998
2026-01-18 16:11:49.040,0.992
2026-01-18 16:11:49.062,0.992
2026-01-18 16:11:49.062,0.995
2026-01-18 16:11:49.072,0.997
2026-01-18 16:11:49.091,0.996
2026-01-18 16:11:49.106,0.997
2026-01-18 16:11:49.123,0.992
2026-01-18 16:11:49.124,0.994
2026-01-18 16:11:49.140,0.989
2026-01-18 16:11:49.157,0.994
2026-01-18 16:11:49.158,0.995
2026-01-18 16:11:49.173,0.992
2026-01-18 16:11:49.191,0.986
2026-01-18 16:11:49.206,0.99
2026-01-18 16:11:49.207,0.994
2026-01-18 16:11:49.223,0.991
2026-01-18 16:11:49.241,0.988
2026-01-18 16:11:49.242,0.988
2026-01-18 16:11:49.257,0.987
2026-01-18 16:11:49.275,0.992
2026-01-18 16:11:49.291,0.991
2026-01-18 16:11:49.291,0.99
2026-01-18 16:11:49.307,0.992
2026-01-18 16:11:49.324,0.995
2026-01-18 16:11:49.325,0.99
2026-01-18 16:11:49.340,0.99
2026-01-18 16:11:49.357,0.989
2026-01-18 16:11:49.374,0.988
2026-01-18 16:11:49.374,0.988
2026-01-18 16:11:49.390,0.99
2026-01-18 16:11:49.406,0.997
2026-01-18 16:11:49.423,1.0
2026-01-18 16:11:49.423,1.002
2026-01-18 16:11:49.439,0.995
2026-01-18 16:11:49.456,0.994
2026-01-18 16:11:49.457,0.99
2026-01-18 16:11:49.473,0.991
2026-01-18 16:11:49.490,0.986
2026-01-18 16:11:49.507,0.985
2026-01-18 16:11:49.507,0.982
2026-01-18 16:11:49.523,0.979
2026-01-18 16:11:49.539,0.985
2026-01-18 16:11:49.556,0.983
2026-01-18 16:11:49.556,0.983
2026-01-18 16:11:49.573,0.986
2026-01-18 16:11:49.589,0.987
2026-01-18 16:11:49.589,0.987
2026-01-18 16:11:49.607,0.988
2026-01-18 16:11:49.623,0.989
2026-01-18 16:11:49.639,0.985
2026-01-18 16:11:49.639,0.985
2026-01-18 16:11:49.657,0.984
2026-01-18 16:11:49.675,0.985
2026-01-18 16:11:49.675,0.985
2026-01-18 16:11:49.690,0.987
2026-01-18 16:11:49.706,0.989
2026-01-18 16:11:49.722,0.987
2026-01-18 16:11:49.723,0.991
2026-01-18 16:11:49.739,0.992
2026-01-18 16:11:49.756,0.993
2026-01-18 16:11:49.756,0.989
2026-01-18 16:11:49.773,0.987
2026-01-18 16:11:49.815,0.983
2026-01-18 16:11:49.815,0.986
2026-01-18 16:11:49.815,0.984
2026-01-18 16:11:49.821,0.98
2026-01-18 16:11:49.839,0.981
2026-01-18 16:11:49.855,0.982
2026-01-18 16:11:49.855,0.983
2026-01-18 16:11:49.873,0.987
2026-01-18 16:11:49.890,0.989
2026-01-18 16:11:49.890,0.988
2026-01-18 16:11:49.906,0.986
2026-01-18 16:11:49.923,0.99
2026-01-18 16:11:49.939,0.989
2026-01-18 16:11:49.939,0.988
2026-01-18 16:11:49.956,0.985
2026-01-18 16:11:49.973,0.982
2026-01-18 16:11:49.973,0.984
2026-01-18 16:11:49.989,0.983
2026-01-18 16:11:50.006,0.983
2026-01-18 16:11:50.023,0.982
2026-01-18 16:11:50.023,0.986
2026-01-18 16:11:50.043,0.983
2026-01-18 16:11:50.056,0.988
2026-01-18 16:11:50.057,0.987
2026-01-18 16:11:50.072,0.986
2026-01-18 16:11:50.089,0.987
2026-01-18 16:11:50.106,0.988
2026-01-18 16:11:50.106,0.987
2026-01-18 16:11:50.122,0.987
2026-01-18 16:11:50.139,0.988
2026-01-18 16:11:50.156,0.991
2026-01-18 16:11:50.157,0.998
2026-01-18 16:11:50.173,0.998
2026-01-18 16:11:50.189,0.998
2026-01-18 16:11:50.189,0.995
2026-01-18 16:11:50.205,0.993
2026-01-18 16:11:50.224,0.992
2026-01-18 16:11:50.224,0.993
2026-01-18 16:11:50.240,0.995
2026-01-18 16:11:50.257,0.993
2026-01-18 16:11:50.274,0.994
2026-01-18 16:11:50.274,0.995
2026-01-18 16:11:50.290,0.994
2026-01-18 16:11:50.308,0.996
2026-01-18 16:11:50.324,0.992
2026-01-18 16:11:50.324,0.991
2026-01-18 16:11:50.341,0.989
2026-01-18 16:11:50.358,0.988
2026-01-18 16:11:50.358,0.994
2026-01-18 16:11:50.374,0.994
2026-01-18 16:11:50.390,0.994
2026-01-18 16:11:50.407,0.994
2026-01-18 16:11:50.407,0.994
2026-01-18 16:11:50.424,0.992
2026-01-18 16:11:50.440,0.993
2026-01-18 16:11:50.440,0.99
2026-01-18 16:11:50.456,0.986
2026-01-18 16:11:50.474,0.99
2026-01-18 16:11:50.489,0.989
2026-01-18 16:11:50.490,0.988
2026-01-18 16:11:50.506,0.991
2026-01-18 16:11:50.523,0.992
2026-01-18 16:11:50.538,0.99
2026-01-18 16:11:50.539,0.989
2026-01-18 16:11:50.557,0.987
2026-01-18 16:11:50.573,0.988
2026-01-18 16:11:50.573,0.991
2026-01-18 16:11:50.590,0.989
2026-01-18 16:11:50.608,0.992
2026-01-18 16:11:50.623,0.989
2026-01-18 16:11:50.624,0.991
2026-01-18 16:11:50.640,0.989
2026-01-18 16:11:50.656,0.988
2026-01-18 16:11:50.656,0.99
2026-01-18 16:11:50.673,0.985
2026-01-18 16:11:50.690,0.984
2026-01-18 16:11:50.707,0.98
2026-01-18 16:11:50.707,0.982
2026-01-18 16:11:50.724,0.984
2026-01-18 16:11:50.740,0.985
2026-01-18 16:11:50.740,0.987
2026-01-18 16:11:50.755,0.986
2026-01-18 16:11:50.774,0.992
2026-01-18 16:11:50.791,0.994
2026-01-18 16:11:50.792,0.992
2026-01-18 16:11:50.807,0.992
2026-01-18 16:11:50.823,0.991
2026-01-18 16:11:50.840,0.99
2026-01-18 16:11:50.841,0.989
2026-01-18 16:11:50.857,0.989
2026-01-18 16:11:50.873,0.99
2026-01-18 16:11:50.874,0.989
2026-01-18 16:11:50.889,0.987
2026-01-18 16:11:50.906,0.984
2026-01-18 16:11:50.923,0.985
2026-01-18 16:11:50.923,0.987
2026-01-18 16:11:50.940,0.989
2026-01-18 16:11:50.957,0.994
2026-01-18 16:11:50.957,0.991
2026-01-18 16:11:50.972,0.994
2026-01-18 16:11:50.990,1.001
2026-01-18 16:11:51.006,0.997
2026-01-18 16:11:51.006,1.001
2026-01-18 16:11:51.022,1.003
2026-01-18 16:11:51.040,1.001
2026-01-18 16:11:51.040,1.0
2026-01-18 16:11:51.061,1.005
2026-01-18 16:11:51.072,1.004
2026-01-18 16:11:51.090,1.001
2026-01-18 16:11:51.091,1.001
2026-01-18 16:11:51.107,0.997
2026-01-18 16:11:51.124,0.994
2026-01-18 16:11:51.124,0.99
2026-01-18 16:11:51.139,0.991
2026-01-18 16:11:51.158,0.991
2026-01-18 16:11:51.184,0.992
2026-01-18 16:11:51.184,0.987
2026-01-18 16:11:51.185,0.99
2026-01-18 16:11:51.207,0.992
2026-01-18 16:11:51.223,0.991
2026-01-18 16:11:51.223,0.993
2026-01-18 16:11:51.240,0.994
2026-01-18 16:11:51.257,0.993
2026-01-18 16:11:51.257,0.994
2026-01-18 16:11:51.273,0.987
2026-01-18 16:11:51.290,0.989
2026-01-18 16:11:51.307,0.988
2026-01-18 16:11:51.307,0.986
2026-01-18 16:11:51.323,0.988
2026-01-18 16:11:51.340,0.986
2026-01-18 16:11:51.340,0.985
2026-01-18 16:11:51.357,0.987
2026-01-18 16:11:51.373,0.985
2026-01-18 16:11:51.390,0.99
2026-01-18 16:11:51.391,0.989
2026-01-18 16:11:51.408,0.987
2026-01-18 16:11:51.423,0.984
2026-01-18 16:11:51.441,0.981
2026-01-18 16:11:51.441,0.979
2026-01-18 16:11:51.456,0.984
2026-01-18 16:11:51.473,0.984
2026-01-18 16:11:51.474,0.98
2026-01-18 16:11:51.490,0.981
2026-01-18 16:11:51.507,0.982
2026-01-18 16:11:51.523,0.979
2026-01-18 16:11:51.524,0.979
2026-01-18 16:11:51.539,0.98
2026-01-18 16:11:51.559,0.981
2026-01-18 16:11:51.559,0.985
2026-01-18 16:11:51.572,0.984
2026-01-18 16:11:51.591,0.98
2026-01-18 16:11:51.607,0.978
2026-01-18 16:11:51.607,0.982
2026-01-18 16:11:51.624,0.982
2026-01-18 16:11:51.640,0.985
2026-01-18 16:11:51.640,0.985
2026-01-18 16:11:51.657,0.981
2026-01-18 16:11:51.673,0.982
2026-01-18 16:11:51.691,0.985
2026-01-18 16:11:51.692,0.982
2026-01-18 16:11:51.706,0.988
2026-01-18 16:11:51.723,0.989
2026-01-18 16:11:51.741,0.994
2026-01-18 16:11:51.742,0.999
2026-01-18 16:11:51.756,0.992
2026-01-18 16:11:51.773,0.99
2026-01-18 16:11:51.773,0.992
2026-01-18 16:11:51.790,0.992
2026-01-18 16:11:51.807,0.994
2026-01-18 16:11:51.823,0.993
2026-01-18 16:11:51.824,0.994
2026-01-18 16:11:51.839,0.997
2026-01-18 16:11:51.858,1.003
2026-01-18 16:11:51.858,0.999
2026-01-18 16:11:51.874,0.996
2026-01-18 16:11:51.890,0.993
2026-01-18 16:11:51.906,0.994
2026-01-18 16:11:51.907,0.996
2026-01-18 16:11:51.923,0.996
2026-01-18 16:11:51.940,0.995
2026-01-18 16:11:51.940,0.993
2026-01-18 16:11:51.957,0.992
2026-01-18 16:11:51.974,0.994
2026-01-18 16:11:51.989,0.996
2026-01-18 16:11:51.990,0.997
2026-01-18 16:11:52.006,0.996
2026-01-18 16:11:52.022,0.993
2026-01-18 16:11:52.039,0.989
2026-01-18 16:11:52.040,0.991
2026-01-18 16:11:52.057,0.988
2026-01-18 16:11:52.078,0.987
2026-01-18 16:11:52.078,0.988
2026-01-18 16:11:52.089,0.989
2026-01-18 16:11:52.106,0.989
2026-01-18 16:11:52.123,0.985
2026-01-18 16:11:52.123,0.984
2026-01-18 16:11:52.140,0.98
2026-01-18 16:11:52.158,0.986
2026-01-18 16:11:52.159,0.989
2026-01-18 16:11:52.173,0.991
2026-01-18 16:11:52.191,0.991
2026-01-18 16:11:52.206,0.993
2026-01-18 16:11:52.207,0.995
2026-01-18 16:11:52.223,1.0
2026-01-18 16:11:52.240,0.997
2026-01-18 16:11:52.241,0.998
2026-01-18 16:11:52.256,0.997
2026-01-18 16:11:52.274,0.996
2026-01-18 16:11:52.289,0.992
2026-01-18 16:11:52.290,0.99
2026-01-18 16:11:52.306,0.992
2026-01-18 16:11:52.324,0.993
2026-01-18 16:11:52.340,0.998
2026-01-18 16:11:52.340,0.998
2026-01-18 16:11:52.357,0.996
2026-01-18 16:11:52.373,0.999
2026-01-18 16:11:52.374,0.999
2026-01-18 16:11:52.390,0.999
2026-01-18 16:11:52.407,1.001
2026-01-18 16:11:52.423,0.996
2026-01-18 16:11:52.424,0.998
2026-01-18 16:11:52.440,0.998
2026-01-18 16:11:52.458,0.997
2026-01-18 16:11:52.458,1.003
2026-01-18 16:11:52.473,1.005
2026-01-18 16:11:52.490,1.009
2026-01-18 16:11:52.493,1.011
2026-01-18 16:11:52.506,1.01
2026-01-18 16:11:52.547,1.007
2026-01-18 16:11:52.548,1.009
2026-01-18 16:11:52.548,1.006
2026-01-18 16:11:52.552,1.003
2026-01-18 16:11:52.573,1.004
2026-01-18 16:11:52.590,0.999
2026-01-18 16:11:52.590,0.997
2026-01-18 16:11:52.606,0.995
2026-01-18 16:11:52.622,0.991
2026-01-18 16:11:52.639,0.991
2026-01-18 16:11:52.639,0.999
2026-01-18 16:11:52.656,1.002
2026-01-18 16:11:52.674,0.999
2026-01-18 16:11:52.674,1.0
2026-01-18 16:11:52.689,1.005
2026-01-18 16:11:52.705,1.004
2026-01-18 16:11:52.722,1.003
2026-01-18 16:11:52.722,1.005
2026-01-18 16:11:52.739,1.003
2026-01-18 16:11:52.756,1.004
2026-01-18 16:11:52.773,1.001
2026-01-18 16:11:52.773,1.001
2026-01-18 16:11:52.790,1.002
2026-01-18 16:11:52.807,1.001
2026-01-18 16:11:52.807,1.003
2026-01-18 16:11:52.823,1.003
2026-01-18 16:11:52.840,1.002
2026-01-18 16:11:52.840,1.003
2026-01-18 16:11:52.857,1.005
2026-01-18 16:11:52.873,1.001
2026-01-18 16:11:52.890,1.004
2026-01-18 16:11:52.890,1.003
2026-01-18 16:11:52.907,1.005
2026-01-18 16:11:52.924,1.003
2026-01-18 16:11:52.924,1.006
2026-01-18 16:11:52.939,1.003
2026-01-18 16:11:52.957,1.003
2026-01-18 16:11:52.972,1.006
2026-01-18 16:11:52.973,1.011
2026-01-18 16:11:52.990,1.006
2026-01-18 16:11:53.007,1.004
2026-01-18 16:11:53.023,1.004
2026-01-18 16:11:53.024,1.003
2026-01-18 16:11:53.040,1.003
2026-01-18 16:11:53.063,1.006
2026-01-18 16:11:53.063,1.009
2026-01-18 16:11:53.072,1.009
2026-01-18 16:11:53.091,1.011
2026-01-18 16:11:53.106,1.009
2026-01-18 16:11:53.106,1.008
2026-01-18 16:11:53.123,1.008
2026-01-18 16:11:53.140,1.005
2026-01-18 16:11:53.140,1.003
2026-01-18 16:11:53.156,1.002
2026-01-18 16:11:53.172,1.002
2026-01-18 16:11:53.189,1.0
2026-01-18 16:11:53.190,0.998
2026-01-18 16:11:53.206,0.998
2026-01-18 16:11:53.223,0.998
2026-01-18 16:11:53.242,0.998
2026-01-18 16:11:53.242,0.998
2026-01-18 16:11:53.257,1.005
2026-01-18 16:11:53.273,1.005
2026-01-18 16:11:53.273,1.003
2026-01-18 16:11:53.290,1.002
2026-01-18 16:11:53.307,1.001
2026-01-18 16:11:53.324,1.0
2026-01-18 16:11:53.324,0.998
2026-01-18 16:11:53.338,0.998
2026-01-18 16:11:53.356,0.992
2026-01-18 16:11:53.356,0.993
2026-01-18 16:11:53.372,0.994
2026-01-18 16:11:53.390,0.996
2026-01-18 16:11:53.407,1.0
2026-01-18 16:11:53.407,0.999
2026-01-18 16:11:53.423,0.998
2026-01-18 16:11:53.438,0.994
2026-01-18 16:11:53.456,0.996
2026-01-18 16:11:53.456,0.997
2026-01-18 16:11:53.472,1.003
2026-01-18 16:11:53.490,1.0
2026-01-18 16:11:53.491,0.999
2026-01-18 16:11:53.507,0.997
2026-01-18 16:11:53.522,0.995
2026-01-18 16:11:53.539,0.993
2026-01-18 16:11:53.539,0.991
2026-01-18 16:11:53.556,0.987
2026-01-18 16:11:53.572,0.986
2026-01-18 16:11:53.572,0.987
2026-01-18 16:11:53.589,0.986
2026-01-18 16:11:53.607,0.99
2026-01-18 16:11:53.624,0.994
2026-01-18 16:11:53.624,0.994
2026-01-18 16:11:53.639,0.994
2026-01-18 16:11:53.657,0.994
2026-01-18 16:11:53.658,0.995
2026-01-18 16:11:53.672,0.994
2026-01-18 16:11:53.690,0.999
2026-01-18 16:11:53.705,0.998
2026-01-18 16:11:53.705,1.0
2026-01-18 16:11:53.723,1.004
2026-01-18 16:11:53.740,1.006
2026-01-18 16:11:53.740,1.004
2026-01-18 16:11:53.756,1.004
2026-01-18 16:11:53.773,1.003
2026-01-18 16:11:53.791,1.003
2026-01-18 16:11:53.791,1.001
2026-01-18 16:11:53.806,0.998
2026-01-18 16:11:53.823,0.998
2026-01-18 16:11:53.841,0.996
2026-01-18 16:11:53.841,0.996
2026-01-18 16:11:53.856,1.0
2026-01-18 16:11:53.873,0.999
2026-01-18 16:11:53.873,0.999
2026-01-18 16:11:53.936,1.0
2026-01-18 16:11:53.938,0.999
2026-01-18 16:11:53.938,1.0
2026-01-18 16:11:53.938,1.004
2026-01-18 16:11:53.939,1.004
2026-01-18 16:11:53.946,1.002
2026-01-18 16:11:53.957,1.004
2026-01-18 16:11:53.974,1.006
2026-01-18 16:11:53.989,1.008
2026-01-18 16:11:54.007,1.006
2026-01-18 16:11:54.007,1.006
2026-01-18 16:11:54.023,1.005
2026-01-18 16:11:54.040,1.004
2026-01-18 16:11:54.041,1.005
2026-01-18 16:11:54.062,1.003
2026-01-18 16:11:54.072,1.004
2026-01-18 16:11:54.088,1.004
2026-01-18 16:11:54.089,1.006
2026-01-18 16:11:54.106,1.01
2026-01-18 16:11:54.124,1.011
2026-01-18 16:11:54.140,1.006
2026-01-18 16:11:54.140,1.004
2026-01-18 16:11:54.157,1.002
2026-01-18 16:11:54.172,1.006
2026-01-18 16:11:54.173,1.005
2026-01-18 16:11:54.190,1.003
2026-01-18 16:11:54.207,1.001
2026-01-18 16:11:54.222,1.004
2026-01-18 16:11:54.223,1.001
2026-01-18 16:11:54.240,1.004
2026-01-18 16:11:54.256,1.003
2026-01-18 16:11:54.257,0.999
2026-01-18 16:11:54.272,1.004
2026-01-18 16:11:54.291,1.004
2026-01-18 16:11:54.306,1.004
2026-01-18 16:11:54.307,1.006
2026-01-18 16:11:54.322,1.011
2026-01-18 16:11:54.340,1.01
2026-01-18 16:11:54.340,1.008
2026-01-18 16:11:54.355,1.009
2026-01-18 16:11:54.372,1.004
2026-01-18 16:11:54.390,1.009
2026-01-18 16:11:54.390,1.015
2026-01-18 16:11:54.405,1.012
2026-01-18 16:11:54.423,1.014
2026-01-18 16:11:54.439,1.011
2026-01-18 16:11:54.439,1.009
2026-01-18 16:11:54.456,1.007
2026-01-18 16:11:54.473,1.003
2026-01-18 16:11:54.473,0.999
2026-01-18 16:11:54.490,1.0
2026-01-18 16:11:54.507,1.003
2026-01-18 16:11:54.522,1.003
2026-01-18 16:11:54.522,1.007
2026-01-18 16:11:54.540,1.009
2026-01-18 16:11:54.556,1.005
2026-01-18 16:11:54.557,1.001
2026-01-18 16:11:54.573,0.997
2026-01-18 16:11:54.589,1.001
2026-01-18 16:11:54.606,1.004
2026-01-18 16:11:54.606,1.0
2026-01-18 16:11:54.623,1.002
2026-01-18 16:11:54.639,1.0
2026-01-18 16:11:54.657,1.003
2026-01-18 16:11:54.657,0.998
2026-01-18 16:11:54.672,0.999
2026-01-18 16:11:54.689,0.997
2026-01-18 16:11:54.689,0.996
2026-01-18 16:11:54.707,0.994
2026-01-18 16:11:54.722,0.993
2026-01-18 16:11:54.739,0.989
2026-01-18 16:11:54.740,0.99
2026-01-18 16:11:54.757,0.989
2026-01-18 16:11:54.772,0.99
2026-01-18 16:11:54.773,0.993
2026-01-18 16:11:54.790,0.997
2026-01-18 16:11:54.806,0.999
2026-01-18 16:11:54.823,0.996
2026-01-18 16:11:54.823,0.997
2026-01-18 16:11:54.840,0.999
2026-01-18 16:11:54.856,0.999
2026-01-18 16:11:54.856,1.002
2026-01-18 16:11:54.872,1.001
2026-01-18 16:11:54.888,1.003
2026-01-18 16:11:54.905,1.003
2026-01-18 16:11:54.905,1.001
2026-01-18 16:11:54.922,1.006
2026-01-18 16:11:54.939,1.011
2026-01-18 16:11:54.956,1.01
2026-01-18 16:11:54.956,1.008
2026-01-18 16:11:54.973,1.006
2026-01-18 16:11:54.988,1.008
2026-01-18 16:11:54.988,1.006
2026-01-18 16:11:55.007,1.0
2026-01-18 16:11:55.022,1.0
2026-01-18 16:11:55.040,0.997
2026-01-18 16:11:55.040,1.0
2026-01-18 16:11:55.061,1.003
2026-01-18 16:11:55.062,1.001
2026-01-18 16:11:55.072,1.001
2026-01-18 16:11:55.088,0.997
2026-01-18 16:11:55.107,0.999
2026-01-18 16:11:55.123,0.998
2026-01-18 16:11:55.123,0.996
2026-01-18 16:11:55.139,1.002
2026-01-18 16:11:55.157,1.002
2026-01-18 16:11:55.157,1.0
2026-01-18 16:11:55.172,1.0
2026-01-18 16:11:55.189,0.997
2026-01-18 16:11:55.208,1.0
2026-01-18 16:11:55.208,1.001
2026-01-18 16:11:55.222,0.996
2026-01-18 16:11:55.240,0.993
2026-01-18 16:11:55.241,0.992
2026-01-18 16:11:55.279,0.995
2026-01-18 16:11:55.280,0.996
2026-01-18 16:11:55.280,0.997
2026-01-18 16:11:55.289,0.999
2026-01-18 16:11:55.306,1.004
2026-01-18 16:11:55.322,1.002
2026-01-18 16:11:55.341,1.002
2026-01-18 16:11:55.341,1.001
2026-01-18 16:11:55.357,0.999
2026-01-18 16:11:55.373,0.999
2026-01-18 16:11:55.373,1.004
2026-01-18 16:11:55.390,1.0
2026-01-18 16:11:55.406,1.0
2026-01-18 16:11:55.423,0.999
2026-01-18 16:11:55.423,1.002
2026-01-18 16:11:55.439,1.003
2026-01-18 16:11:55.457,1.004
2026-01-18 16:11:55.457,1.004
2026-01-18 16:11:55.472,1.006
2026-01-18 16:11:55.489,1.009
2026-01-18 16:11:55.506,1.005
2026-01-18 16:11:55.507,1.011
2026-01-18 16:11:55.522,1.008
2026-01-18 16:11:55.539,1.004
2026-01-18 16:11:55.540,1.001
2026-01-18 16:11:55.556,0.997
2026-01-18 16:11:55.572,0.991
2026-01-18 16:11:55.590,0.993
2026-01-18 16:11:55.590,0.996
2026-01-18 16:11:55.606,0.997
2026-01-18 16:11:55.622,0.996
2026-01-18 16:11:55.640,0.994
2026-01-18 16:11:55.640,0.992
2026-01-18 16:11:55.656,0.994
2026-01-18 16:11:55.672,0.995
2026-01-18 16:11:55.672,0.993
2026-01-18 16:11:55.689,0.996
2026-01-18 16:11:55.708,0.995
2026-01-18 16:11:55.709,0.996
2026-01-18 16:11:55.722,0.997
2026-01-18 16:11:55.738,0.999
2026-01-18 16:11:55.756,1.002
2026-01-18 16:11:55.757,1.009
2026-01-18 16:11:55.772,1.01
2026-01-18 16:11:55.789,1.011
2026-01-18 16:11:55.807,1.016
2026-01-18 16:11:55.807,1.012
2026-01-18 16:11:55.822,1.018
2026-01-18 16:11:55.838,1.014
2026-01-18 16:11:55.856,1.015
2026-01-18 16:11:55.856,1.014
2026-01-18 16:11:55.872,1.008
2026-01-18 16:11:55.890,1.004
2026-01-18 16:11:55.890,1.002
2026-01-18 16:11:55.906,1.004
2026-01-18 16:11:55.923,1.002
2026-01-18 16:11:55.938,1.006
2026-01-18 16:11:55.940,1.01
2026-01-18 16:11:55.955,1.01
2026-01-18 16:11:55.973,1.004
2026-01-18 16:11:55.973,1.006
2026-01-18 16:11:55.988,1.002
2026-01-18 16:11:56.006,1.002
2026-01-18 16:11:56.022,1.007
2026-01-18 16:11:56.023,1.006
2026-01-18 16:11:56.040,1.006
2026-01-18 16:11:56.061,1.005
2026-01-18 16:11:56.061,1.005
2026-01-18 16:11:56.071,0.996
2026-01-18 16:11:56.090,0.996
2026-01-18 16:11:56.105,0.995
2026-01-18 16:11:56.105,0.998
2026-01-18 16:11:56.123,0.991
2026-01-18 16:11:56.140,0.997
2026-01-18 16:11:56.140,0.997
2026-01-18 16:11:56.155,0.998
2026-01-18 16:11:56.173,0.998
2026-01-18 16:11:56.190,0.998
2026-01-18 16:11:56.190,0.998
2026-01-18 16:11:56.206,0.995
2026-01-18 16:11:56.222,0.997
2026-01-18 16:11:56.238,0.997
2026-01-18 16:11:56.238,0.998
2026-01-18 16:11:56.255,0.997
2026-01-18 16:11:56.271,0.998
2026-01-18 16:11:56.288,0.998
2026-01-18 16:11:56.288,0.996
2026-01-18 16:11:56.306,0.996
2026-01-18 16:11:56.322,0.998
2026-01-18 16:11:56.323,0.997
2026-01-18 16:11:56.338,0.998
2026-01-18 16:11:56.354,0.998
2026-01-18 16:11:56.372,0.995
2026-01-18 16:11:56.372,0.994
2026-01-18 16:11:56.388,0.995
2026-01-18 16:11:56.405,0.994
2026-01-18 16:11:56.405,0.995
2026-01-18 16:11:56.421,0.997
2026-01-18 16:11:56.440,1.001
2026-01-18 16:11:56.456,1.006
2026-01-18 16:11:56.456,1.007
2026-01-18 16:11:56.472,1.007
2026-01-18 16:11:56.489,1.007
2026-01-18 16:11:56.489,1.009
2026-01-18 16:11:56.505,1.008
2026-01-18 16:11:56.522,1.009
2026-01-18 16:11:56.540,1.014
2026-01-18 16:11:56.540,1.014
2026-01-18 16:11:56.557,1.011
2026-01-18 16:11:56.572,1.014
2026-01-18 16:11:56.573,1.014
2026-01-18 16:11:56.590,1.011
2026-01-18 16:11:56.632,1.012
2026-01-18 16:11:56.632,1.011
2026-01-18 16:11:56.633,1.009
2026-01-18 16:11:56.633,1.005
2026-01-18 16:11:56.656,1.005
2026-01-18 16:11:56.656,1.006
2026-01-18 16:11:56.673,1.002
2026-01-18 16:11:56.689,0.999
2026-01-18 16:11:56.706,1.004
2026-01-18 16:11:56.707,1.007
2026-01-18 16:11:56.723,1.009
2026-01-18 16:11:56.739,1.003
2026-01-18 16:11:56.757,1.009
2026-01-18 16:11:56.757,1.008
2026-01-18 16:11:56.772,1.005
2026-01-18 16:11:56.788,1.006
2026-01-18 16:11:56.788,1.005
2026-01-18 16:11:56.805,1.006
2026-01-18 16:11:56.822,1.006
2026-01-18 16:11:56.838,1.006
2026-01-18 16:11:56.838,1.009
2026-01-18 16:11:56.855,1.008
2026-01-18 16:11:56.872,1.008
2026-01-18 16:11:56.872,1.009
2026-01-18 16:11:56.888,1.008
2026-01-18 16:11:56.905,1.006
2026-01-18 16:11:56.922,1.009
2026-01-18 16:11:56.922,1.006
2026-01-18 16:11:56.938,1.005
2026-01-18 16:11:56.954,1.002
2026-01-18 16:11:56.971,1.0
2026-01-18 16:11:56.971,1.0
2026-01-18 16:11:56.989,1.0
2026-01-18 16:11:57.005,1.002
2026-01-18 16:11:57.006,1.002
2026-01-18 16:11:57.021,0.999
2026-01-18 16:11:57.039,0.999
2026-01-18 16:11:57.054,1.002
2026-01-18 16:11:57.054,1.0
2026-01-18 16:11:57.075,1.002
2026-01-18 16:11:57.088,1.002
2026-01-18 16:11:57.089,1.0
2026-01-18 16:11:57.104,1.0
2026-01-18 16:11:57.121,1.001
2026-01-18 16:11:57.139,1.001
2026-01-18 16:11:57.139,1.002
2026-01-18 16:11:57.155,0.997
2026-01-18 16:11:57.172,1.001
2026-01-18 16:11:57.187,1.001
2026-01-18 16:11:57.187,0.999
2026-01-18 16:11:57.205,1.0
2026-01-18 16:11:57.221,0.998
2026-01-18 16:11:57.222,0.999
2026-01-18 16:11:57.238,0.997
2026-01-18 16:11:57.256,0.996
2026-01-18 16:11:57.271,0.997
2026-01-18 16:11:57.272,0.994
2026-01-18 16:11:57.289,0.995
2026-01-18 16:11:57.305,0.991
2026-01-18 16:11:57.305,0.989
2026-01-18 16:11:57.321,0.987
2026-01-18 16:11:57.338,0.986
2026-01-18 16:11:57.355,0.99
2026-01-18 16:11:57.356,0.996
2026-01-18 16:11:57.372,0.994
2026-01-18 16:11:57.389,0.996
2026-01-18 16:11:57.390,0.993
2026-01-18 16:11:57.405,0.992
2026-01-18 16:11:57.422,0.995
2026-01-18 16:11:57.438,0.993
2026-01-18 16:11:57.438,0.993
2026-01-18 16:11:57.454,0.995
2026-01-18 16:11:57.471,0.996
2026-01-18 16:11:57.472,0.999
2026-01-18 16:11:57.487,0.997
2026-01-18 16:11:57.505,0.995
2026-01-18 16:11:57.521,0.993
2026-01-18 16:11:57.522,0.999
2026-01-18 16:11:57.538,0.999
2026-01-18 16:11:57.554,0.994
2026-01-18 16:11:57.571,0.997
2026-01-18 16:11:57.571,0.996
2026-01-18 16:11:57.589,0.998
2026-01-18 16:11:57.605,0.999
2026-01-18 16:11:57.606,0.995
2026-01-18 16:11:57.621,0.996
2026-01-18 16:11:57.639,0.997
2026-01-18 16:11:57.655,0.994
2026-01-18 16:11:57.655,0.996
2026-01-18 16:11:57.672,0.996
2026-01-18 16:11:57.688,0.993
2026-01-18 16:11:57.689,0.994
2026-01-18 16:11:57.706,0.995
2026-01-18 16:11:57.722,1.001
2026-01-18 16:11:57.740,1.003
2026-01-18 16:11:57.741,1.004
2026-01-18 16:11:57.757,1.008
2026-01-18 16:11:57.771,1.005
2026-01-18 16:11:57.790,1.0
2026-01-18 16:11:57.804,1.001
2026-01-18 16:11:57.822,1.002
2026-01-18 16:11:57.822,1.001
2026-01-18 16:11:57.840,0.998
2026-01-18 16:11:57.856,0.998
2026-01-18 16:11:57.857,0.997
2026-01-18 16:11:57.872,0.996
2026-01-18 16:11:57.890,1.0
2026-01-18 16:11:57.905,1.006
2026-01-18 16:11:57.906,1.004
2026-01-18 16:11:57.922,1.002
2026-01-18 16:11:57.940,1.0
2026-01-18 16:11:57.940,1.002
2026-01-18 16:11:57.956,0.998
2026-01-18 16:11:57.999,1.0
2026-01-18 16:11:58.000,1.002
2026-01-18 16:11:58.000,1.003
2026-01-18 16:11:58.001,1.004
2026-01-18 16:11:58.023,1.004
2026-01-18 16:11:58.040,1.003
2026-01-18 16:11:58.040,1.003
2026-01-18 16:11:58.056,1.004
2026-01-18 16:11:58.078,1.0
2026-01-18 16:11:58.078,1.001
2026-01-18 16:11:58.088,1.004
2026-01-18 16:11:58.106,1.002
2026-01-18 16:11:58.122,1.001
2026-01-18 16:11:58.122,1.0
2026-01-18 16:11:58.138,0.998
2026-01-18 16:11:58.158,1.004
2026-01-18 16:11:58.172,1.004
2026-01-18 16:11:58.188,1.005
2026-01-18 16:11:58.205,1.004
2026-01-18 16:11:58.205,1.001
2026-01-18 16:11:58.222,1.005
2026-01-18 16:11:58.239,1.002
2026-01-18 16:11:58.255,1.002
2026-01-18 16:11:58.256,1.0
2026-01-18 16:11:58.273,0.996
2026-01-18 16:11:58.289,1.003
2026-01-18 16:11:58.289,1.005
2026-01-18 16:11:58.306,1.001
2026-01-18 16:11:58.322,1.002
2026-01-18 16:11:58.340,1.002
2026-01-18 16:11:58.356,1.004
2026-01-18 16:11:58.372,1.001
2026-01-18 16:11:58.373,1.003
2026-01-18 16:11:58.390,1.01
2026-01-18 16:11:58.406,1.013
2026-01-18 16:11:58.421,1.014
2026-01-18 16:11:58.422,1.013
2026-01-18 16:11:58.439,1.014
2026-01-18 16:11:58.455,1.011
2026-01-18 16:11:58.456,1.009
2026-01-18 16:11:58.472,1.011
2026-01-18 16:11:58.490,1.009
2026-01-18 16:11:58.506,1.009
2026-01-18 16:11:58.506,1.012
2026-01-18 16:11:58.521,1.014
2026-01-18 16:11:58.539,1.017
2026-01-18 16:11:58.555,1.016
2026-01-18 16:11:58.556,1.017
2026-01-18 16:11:58.572,1.019
2026-01-18 16:11:58.588,1.023
2026-01-18 16:11:58.589,1.02
2026-01-18 16:11:58.606,1.019
2026-01-18 16:11:58.623,1.022
2026-01-18 16:11:58.624,1.022
2026-01-18 16:11:58.638,1.019
2026-01-18 16:11:58.656,1.019
2026-01-18 16:11:58.672,1.015
2026-01-18 16:11:58.672,1.014
2026-01-18 16:11:58.689,1.011
2026-01-18 16:11:58.706,1.01
2026-01-18 16:11:58.721,1.012
2026-01-18 16:11:58.721,1.01
2026-01-18 16:11:58.739,1.012
2026-01-18 16:11:58.754,1.009
2026-01-18 16:11:58.771,1.007
2026-01-18 16:11:58.772,1.01
2026-01-18 16:11:58.788,1.009
2026-01-18 16:11:58.806,1.01
2026-01-18 16:11:58.806,1.007
2026-01-18 16:11:58.821,1.007
2026-01-18 16:11:58.839,1.006
2026-01-18 16:11:58.855,1.007
2026-01-18 16:11:58.856,1.006
2026-01-18 16:11:58.872,1.001
2026-01-18 16:11:58.889,1.002
2026-01-18 16:11:58.889,0.997
2026-01-18 16:11:58.905,1.0
2026-01-18 16:11:58.920,1.0
2026-01-18 16:11:58.938,0.997
2026-01-18 16:11:58.939,0.998
2026-01-18 16:11:58.955,0.998
2026-01-18 16:11:58.970,1.002
2026-01-18 16:11:58.989,1.005
2026-01-18 16:11:58.989,1.009
2026-01-18 16:11:59.006,1.009
2026-01-18 16:11:59.022,1.011
2026-01-18 16:11:59.022,1.014
2026-01-18 16:11:59.039,1.018
2026-01-18 16:11:59.062,1.01
2026-01-18 16:11:59.070,1.01
2026-01-18 16:11:59.089,1.008
2026-01-18 16:11:59.105,1.012
2026-01-18 16:11:59.105,1.013
2026-01-18 16:11:59.121,1.008
2026-01-18 16:11:59.138,1.005
2026-01-18 16:11:59.154,1.003
2026-01-18 16:11:59.155,0.998
2026-01-18 16:11:59.172,1.0
2026-01-18 16:11:59.189,1.008
2026-01-18 16:11:59.189,1.011
2026-01-18 16:11:59.205,1.012
2026-01-18 16:11:59.222,1.009
2026-01-18 16:11:59.237,1.005
2026-01-18 16:11:59.238,1.006
2026-01-18 16:11:59.255,1.006
2026-01-18 16:11:59.272,1.007
2026-01-18 16:11:59.272,1.013
2026-01-18 16:11:59.289,1.009
2026-01-18 16:11:59.308,1.016
2026-01-18 16:11:59.308,1.017
2026-01-18 16:11:59.323,1.015
2026-01-18 16:11:59.338,1.011
2026-01-18 16:11:59.365,1.011
2026-01-18 16:11:59.373,1.006
2026-01-18 16:11:59.387,1.011
2026-01-18 16:11:59.405,1.014
2026-01-18 16:11:59.405,1.014
2026-01-18 16:11:59.421,1.017
2026-01-18 16:11:59.437,1.015
2026-01-18 16:11:59.454,1.015
2026-01-18 16:11:59.454,1.017
2026-01-18 16:11:59.495,1.013
2026-01-18 16:11:59.495,1.016
2026-01-18 16:11:59.495,1.024
2026-01-18 16:11:59.503,1.027
2026-01-18 16:11:59.522,1.028
2026-01-18 16:11:59.538,1.029
2026-01-18 16:11:59.538,1.021
2026-01-18 16:11:59.556,1.021
2026-01-18 16:11:59.572,1.018
2026-01-18 16:11:59.572,1.013
2026-01-18 16:11:59.589,1.013
2026-01-18 16:11:59.604,1.015
2026-01-18 16:11:59.622,1.012
2026-01-18 16:11:59.622,1.012
2026-01-18 16:11:59.639,1.01
2026-01-18 16:11:59.656,1.004
2026-01-18 16:11:59.656,1.004
2026-01-18 16:11:59.671,1.002
2026-01-18 16:11:59.689,0.999
2026-01-18 16:11:59.705,1.0
2026-01-18 16:11:59.705,1.0
2026-01-18 16:11:59.722,0.998
2026-01-18 16:11:59.739,0.998
2026-01-18 16:11:59.756,1.003
2026-01-18 16:11:59.757,1.005
2026-01-18 16:11:59.771,1.004
2026-01-18 16:11:59.789,1.005
2026-01-18 16:11:59.789,1.003
2026-01-18 16:11:59.806,0.998
2026-01-18 16:11:59.821,1.001
2026-01-18 16:11:59.839,1.005
2026-01-18 16:11:59.839,1.008
2026-01-18 16:11:59.855,1.01
2026-01-18 16:11:59.873,1.008
2026-01-18 16:11:59.873,1.007
2026-01-18 16:11:59.888,1.007
2026-01-18 16:11:59.905,1.009
2026-01-18 16:11:59.921,1.004
2026-01-18 16:11:59.922,1.014
2026-01-18 16:11:59.939,1.02
2026-01-18 16:11:59.956,1.014
2026-01-18 16:11:59.972,1.016
2026-01-18 16:11:59.972,1.011
2026-01-18 16:11:59.988,1.009
2026-01-18 16:12:00.004,1.012
2026-01-18 16:12:00.006,1.013
2026-01-18 16:12:00.023,1.01
2026-01-18 16:12:00.038,1.011
2026-01-18 16:12:00.054,1.008
2026-01-18 16:12:00.054,1.005
2026-01-18 16:12:00.077,1.012
2026-01-18 16:12:00.078,1.012
2026-01-18 16:12:00.089,1.019
2026-01-18 16:12:00.106,1.018
2026-01-18 16:12:00.122,1.019
2026-01-18 16:12:00.138,1.021
2026-01-18 16:12:00.138,1.016
2026-01-18 16:12:00.156,1.016
2026-01-18 16:12:00.173,1.01
2026-01-18 16:12:00.173,1.009
2026-01-18 16:12:00.188,1.012
2026-01-18 16:12:00.205,1.01
2026-01-18 16:12:00.222,1.007
2026-01-18 16:12:00.222,1.008
2026-01-18 16:12:00.239,1.001
2026-01-18 16:12:00.256,1.005
2026-01-18 16:12:00.256,1.008
2026-01-18 16:12:00.272,1.004
2026-01-18 16:12:00.288,1.01
2026-01-18 16:12:00.307,1.016
2026-01-18 16:12:00.307,1.011
2026-01-18 16:12:00.321,1.01
2026-01-18 16:12:00.340,1.011
2026-01-18 16:12:00.341,1.01
2026-01-18 16:12:00.356,1.01
2026-01-18 16:12:00.371,1.011
2026-01-18 16:12:00.388,1.011
2026-01-18 16:12:00.388,1.011
2026-01-18 16:12:00.406,1.014
2026-01-18 16:12:00.423,1.013
2026-01-18 16:12:00.439,1.015
2026-01-18 16:12:00.439,1.015
2026-01-18 16:12:00.454,1.014
2026-01-18 16:12:00.471,1.015
2026-01-18 16:12:00.472,1.016
2026-01-18 16:12:00.487,1.012
2026-01-18 16:12:00.505,1.012
2026-01-18 16:12:00.522,1.009
2026-01-18 16:12:00.522,1.005
2026-01-18 16:12:00.537,1.006
2026-01-18 16:12:00.555,1.002
2026-01-18 16:12:00.571,1.002
2026-01-18 16:12:00.571,1.004
2026-01-18 16:12:00.588,1.011
2026-01-18 16:12:00.606,1.008
2026-01-18 16:12:00.606,1.007
2026-01-18 16:12:00.621,1.006
2026-01-18 16:12:00.639,1.01
2026-01-18 16:12:00.640,1.009
2026-01-18 16:12:00.655,1.008
2026-01-18 16:12:00.671,1.011
2026-01-18 16:12:00.688,1.013
2026-01-18 16:12:00.688,1.014
2026-01-18 16:12:00.750,1.01
2026-01-18 16:12:00.751,1.012
2026-01-18 16:12:00.751,1.013
2026-01-18 16:12:00.751,1.01
2026-01-18 16:12:00.752,1.007
2026-01-18 16:12:00.762,1.012
2026-01-18 16:12:00.772,1.012
2026-01-18 16:12:00.788,1.011
2026-01-18 16:12:00.806,1.013
2026-01-18 16:12:00.821,1.014
2026-01-18 16:12:00.821,1.011
2026-01-18 16:12:00.839,1.008
2026-01-18 16:12:00.856,1.002
2026-01-18 16:12:00.857,1.002
2026-01-18 16:12:00.871,1.0
2026-01-18 16:12:00.889,0.997
2026-01-18 16:12:00.906,1.002
2026-01-18 16:12:00.906,1.006
2026-01-18 16:12:00.921,1.007
2026-01-18 16:12:00.938,1.007
2026-01-18 16:12:00.955,1.013
2026-01-18 16:12:00.956,1.018
2026-01-18 16:12:00.971,1.021
2026-01-18 16:12:00.989,1.023
2026-01-18 16:12:00.989,1.022
2026-01-18 16:12:01.005,1.029
2026-01-18 16:12:01.021,1.034
2026-01-18 16:12:01.039,1.031
2026-01-18 16:12:01.039,1.028
2026-01-18 16:12:01.056,1.027
2026-01-18 16:12:01.077,1.023
2026-01-18 16:12:01.079,1.016
2026-01-18 16:12:01.087,1.013
2026-01-18 16:12:01.104,1.007
2026-01-18 16:12:01.121,1.012
2026-01-18 16:12:01.121,1.013
2026-01-18 16:12:01.138,1.011
2026-01-18 16:12:01.155,1.011
2026-01-18 16:12:01.157,1.009
2026-01-18 16:12:01.171,1.01
2026-01-18 16:12:01.189,1.013
2026-01-18 16:12:01.206,1.012
2026-01-18 16:12:01.206,1.008
2026-01-18 16:12:01.221,1.013
2026-01-18 16:12:01.238,1.01
2026-01-18 16:12:01.256,1.006
2026-01-18 16:12:01.256,1.01
2026-01-18 16:12:01.272,1.011
2026-01-18 16:12:01.287,1.014
2026-01-18 16:12:01.288,1.016
2026-01-18 16:12:01.304,1.016
2026-01-18 16:12:01.321,1.016
2026-01-18 16:12:01.338,1.02
2026-01-18 16:12:01.338,1.022
2026-01-18 16:12:01.356,1.02
2026-01-18 16:12:01.371,1.018
2026-01-18 16:12:01.372,1.016
2026-01-18 16:12:01.388,1.014
2026-01-18 16:12:01.404,1.013
2026-01-18 16:12:01.422,1.01
2026-01-18 16:12:01.422,1.01
2026-01-18 16:12:01.438,1.009
2026-01-18 16:12:01.456,1.012
2026-01-18 16:12:01.456,1.008
2026-01-18 16:12:01.472,1.008
2026-01-18 16:12:01.487,1.008
2026-01-18 16:12:01.505,1.006
2026-01-18 16:12:01.505,1.008
2026-01-18 16:12:01.522,1.011
2026-01-18 16:12:01.537,1.005
2026-01-18 16:12:01.554,1.009
2026-01-18 16:12:01.554,1.008
2026-01-18 16:12:01.571,1.006
2026-01-18 16:12:01.587,1.008
2026-01-18 16:12:01.588,1.005
2026-01-18 16:12:01.603,1.003
2026-01-18 16:12:01.620,1.011
2026-01-18 16:12:01.638,1.007
2026-01-18 16:12:01.638,1.009
2026-01-18 16:12:01.653,1.015
2026-01-18 16:12:01.670,1.013
2026-01-18 16:12:01.689,1.014
2026-01-18 16:12:01.690,1.01
2026-01-18 16:12:01.705,1.014
2026-01-18 16:12:01.722,1.014
2026-01-18 16:12:01.722,1.009
2026-01-18 16:12:01.739,1.012
2026-01-18 16:12:01.757,1.013
2026-01-18 16:12:01.757,1.019
2026-01-18 16:12:01.772,1.018
2026-01-18 16:12:01.789,1.015
2026-01-18 16:12:01.805,1.018
2026-01-18 16:12:01.805,1.017
2026-01-18 16:12:01.822,1.015
2026-01-18 16:12:01.837,1.018
2026-01-18 16:12:01.855,1.017
2026-01-18 16:12:01.855,1.016
2026-01-18 16:12:01.871,1.014
2026-01-18 16:12:01.889,1.016
2026-01-18 16:12:01.890,1.01
2026-01-18 16:12:01.904,1.009
2026-01-18 16:12:01.922,1.013
2026-01-18 16:12:01.939,1.012
2026-01-18 16:12:01.939,1.009
2026-01-18 16:12:01.955,1.011
2026-01-18 16:12:01.971,1.013
2026-01-18 16:12:01.988,1.01
2026-01-18 16:12:01.989,1.013
2026-01-18 16:12:02.005,1.013
2026-01-18 16:12:02.022,1.018
2026-01-18 16:12:02.022,1.015
2026-01-18 16:12:02.038,1.013
2026-01-18 16:12:02.055,1.011
2026-01-18 16:12:02.096,1.012
2026-01-18 16:12:02.096,1.013
2026-01-18 16:12:02.097,1.007
2026-01-18 16:12:02.097,1.013
2026-01-18 16:12:02.104,1.01
2026-01-18 16:12:02.121,1.012
2026-01-18 16:12:02.137,1.015
2026-01-18 16:12:02.155,1.008
2026-01-18 16:12:02.155,1.008
2026-01-18 16:12:02.172,1.011
2026-01-18 16:12:02.188,1.005
2026-01-18 16:12:02.188,1.003
2026-01-18 16:12:02.206,1.004
2026-01-18 16:12:02.221,1.002
2026-01-18 16:12:02.239,1.0
2026-01-18 16:12:02.239,1.004
2026-01-18 16:12:02.255,1.002
2026-01-18 16:12:02.273,1.004
2026-01-18 16:12:02.275,1.005
2026-01-18 16:12:02.287,1.001
2026-01-18 16:12:02.306,0.998
2026-01-18 16:12:02.322,0.996
2026-01-18 16:12:02.322,0.993
2026-01-18 16:12:02.338,0.991
2026-01-18 16:12:02.356,0.993
2026-01-18 16:12:02.356,0.995
2026-01-18 16:12:02.372,1.0
2026-01-18 16:12:02.389,1.005
2026-01-18 16:12:02.405,1.005
2026-01-18 16:12:02.406,1.004
2026-01-18 16:12:02.422,1.004
2026-01-18 16:12:02.438,1.004
2026-01-18 16:12:02.456,1.005
2026-01-18 16:12:02.456,1.009
2026-01-18 16:12:02.471,1.008
2026-01-18 16:12:02.488,1.008
2026-01-18 16:12:02.488,1.004
2026-01-18 16:12:02.505,1.005
2026-01-18 16:12:02.521,1.0
2026-01-18 16:12:02.539,1.0
2026-01-18 16:12:02.539,1.0
2026-01-18 16:12:02.555,1.008
2026-01-18 16:12:02.571,1.007
2026-01-18 16:12:02.572,1.005
2026-01-18 16:12:02.588,1.012
2026-01-18 16:12:02.604,1.012
2026-01-18 16:12:02.621,1.016
2026-01-18 16:12:02.621,1.012
2026-01-18 16:12:02.638,1.015
2026-01-18 16:12:02.655,1.013
2026-01-18 16:12:02.671,1.009
2026-01-18 16:12:02.671,1.011
2026-01-18 16:12:02.687,1.003
2026-01-18 16:12:02.704,1.0
2026-01-18 16:12:02.704,1.001
2026-01-18 16:12:02.721,1.005
2026-01-18 16:12:02.737,1.0
2026-01-18 16:12:02.755,1.002
2026-01-18 16:12:02.755,1.002
2026-01-18 16:12:02.771,1.001
2026-01-18 16:12:02.789,1.002
2026-01-18 16:12:02.790,1.007
2026-01-18 16:12:02.805,1.009
2026-01-18 16:12:02.821,1.012
2026-01-18 16:12:02.839,1.01
2026-01-18 16:12:02.840,1.01
2026-01-18 16:12:02.854,1.004
2026-01-18 16:12:02.872,1.006
2026-01-18 16:12:02.889,1.003
2026-01-18 16:12:02.889,1.005
2026-01-18 16:12:02.904,1.009
2026-01-18 16:12:02.921,1.006
2026-01-18 16:12:02.922,1.003
2026-01-18 16:12:02.939,1.004
2026-01-18 16:12:02.955,1.003
2026-01-18 16:12:02.971,1.006
2026-01-18 16:12:02.972,1.012
2026-01-18 16:12:02.989,1.015
2026-01-18 16:12:03.005,1.013
2026-01-18 16:12:03.005,1.009
2026-01-18 16:12:03.021,1.012
2026-01-18 16:12:03.039,1.008
2026-01-18 16:12:03.054,1.009
2026-01-18 16:12:03.054,1.008
2026-01-18 16:12:03.072,1.006
2026-01-18 16:12:03.093,1.009
2026-01-18 16:12:03.093,1.004
2026-01-18 16:12:03.105,1.003
2026-01-18 16:12:03.121,0.999
2026-01-18 16:12:03.139,0.999
2026-01-18 16:12:03.141,1.001
2026-01-18 16:12:03.155,1.002
2026-01-18 16:12:03.171,1.003
2026-01-18 16:12:03.171,1.0
2026-01-18 16:12:03.189,1.001
2026-01-18 16:12:03.205,1.004
2026-01-18 16:12:03.220,1.005
2026-01-18 16:12:03.221,1.006
2026-01-18 16:12:03.238,1.014
2026-01-18 16:12:03.255,1.014
2026-01-18 16:12:03.273,1.014
2026-01-18 16:12:03.274,1.013
2026-01-18 16:12:03.287,1.014
2026-01-18 16:12:03.305,1.009
2026-01-18 16:12:03.305,1.009
2026-01-18 16:12:03.322,1.006
2026-01-18 16:12:03.338,1.004
2026-01-18 16:12:03.356,1.005
2026-01-18 16:12:03.357,1.006
2026-01-18 16:12:03.371,1.005
2026-01-18 16:12:03.389,1.004
2026-01-18 16:12:03.389,1.005
2026-01-18 16:12:03.405,1.004
2026-01-18 16:12:03.447,1.009
2026-01-18 16:12:03.449,1.01
2026-01-18 16:12:03.449,1.005
2026-01-18 16:12:03.449,1.007
2026-01-18 16:12:03.471,1.008
2026-01-18 16:12:03.487,1.008
2026-01-18 16:12:03.487,1.007
2026-01-18 16:12:03.504,1.006
2026-01-18 16:12:03.521,1.003
2026-01-18 16:12:03.522,1.005
2026-01-18 16:12:03.538,1.004
2026-01-18 16:12:03.555,1.002
2026-01-18 16:12:03.572,1.006
2026-01-18 16:12:03.573,1.008
2026-01-18 16:12:03.587,1.012
2026-01-18 16:12:03.605,1.014
2026-01-18 16:12:03.606,1.007
2026-01-18 16:12:03.622,1.003
2026-01-18 16:12:03.639,1.007
2026-01-18 16:12:03.654,1.004
2026-01-18 16:12:03.654,1.001
2026-01-18 16:12:03.672,1.001
2026-01-18 16:12:03.688,1.001
2026-01-18 16:12:03.688,0.996
2026-01-18 16:12:03.704,0.993
2026-01-18 16:12:03.720,0.995
2026-01-18 16:12:03.737,0.998
2026-01-18 16:12:03.737,0.997
2026-01-18 16:12:03.755,0.996
2026-01-18 16:12:03.772,0.993
2026-01-18 16:12:03.772,0.995
2026-01-18 16:12:03.788,1.001
2026-01-18 16:12:03.805,1.001
2026-01-18 16:12:03.820,1.007
2026-01-18 16:12:03.821,1.009
2026-01-18 16:12:03.837,1.009
2026-01-18 16:12:03.854,1.006
2026-01-18 16:12:03.871,1.01
2026-01-18 16:12:03.871,1.008
2026-01-18 16:12:03.887,1.009
2026-01-18 16:12:03.905,1.01
2026-01-18 16:12:03.905,1.01
2026-01-18 16:12:03.920,1.017
2026-01-18 16:12:03.938,1.014
2026-01-18 16:12:03.955,1.015
2026-01-18 16:12:03.955,1.014
2026-01-18 16:12:03.971,1.011
2026-01-18 16:12:03.988,1.006
2026-01-18 16:12:03.989,1.012
2026-01-18 16:12:04.004,1.011
2026-01-18 16:12:04.020,1.013
2026-01-18 16:12:04.037,1.007
2026-01-18 16:12:04.038,1.007
2026-01-18 16:12:04.056,1.005
2026-01-18 16:12:04.070,1.005
2026-01-18 16:12:04.095,1.008
2026-01-18 16:12:04.096,1.006
2026-01-18 16:12:04.105,1.007
2026-01-18 16:12:04.122,1.008
2026-01-18 16:12:04.122,1.008
2026-01-18 16:12:04.137,1.008
2026-01-18 16:12:04.154,1.004
2026-01-18 16:12:04.171,1.007
2026-01-18 16:12:04.171,1.007
2026-01-18 16:12:04.189,1.005
2026-01-18 16:12:04.205,1.014
2026-01-18 16:12:04.205,1.01
2026-01-18 16:12:04.221,1.011
2026-01-18 16:12:04.239,1.015
2026-01-18 16:12:04.255,1.017
2026-01-18 16:12:04.255,1.016
2026-01-18 16:12:04.271,1.02
2026-01-18 16:12:04.288,1.018
2026-01-18 16:12:04.288,1.019
2026-01-18 16:12:04.305,1.015
2026-01-18 16:12:04.322,1.014
2026-01-18 16:12:04.338,1.01
2026-01-18 16:12:04.338,1.007
2026-01-18 16:12:04.355,1.013
2026-01-18 16:12:04.373,1.013
2026-01-18 16:12:04.375,1.011
2026-01-18 16:12:04.388,1.01
2026-01-18 16:12:04.404,1.006
2026-01-18 16:12:04.420,1.01
2026-01-18 16:12:04.421,1.011
2026-01-18 16:12:04.439,1.012
2026-01-18 16:12:04.455,1.008
2026-01-18 16:12:04.472,1.005
2026-01-18 16:12:04.472,1.009
2026-01-18 16:12:04.488,1.008
2026-01-18 16:12:04.507,1.011
2026-01-18 16:12:04.507,1.011
2026-01-18 16:12:04.521,1.009
2026-01-18 16:12:04.539,1.008
2026-01-18 16:12:04.540,1.006
2026-01-18 16:12:04.554,1.002
2026-01-18 16:12:04.570,1.0
2026-01-18 16:12:04.588,0.999
2026-01-18 16:12:04.589,1.0
2026-01-18 16:12:04.605,1.006
2026-01-18 16:12:04.621,1.001
2026-01-18 16:12:04.638,1.0
2026-01-18 16:12:04.639,1.001
2026-01-18 16:12:04.655,1.003
2026-01-18 16:12:04.671,1.0
2026-01-18 16:12:04.688,1.004
2026-01-18 16:12:04.688,0.999
2026-01-18 16:12:04.704,1.001
2026-01-18 16:12:04.721,1.002
2026-01-18 16:12:04.722,1.0
2026-01-18 16:12:04.737,1.002
2026-01-18 16:12:04.753,1.009
2026-01-18 16:12:04.772,1.008
2026-01-18 16:12:04.772,1.007
2026-01-18 16:12:04.788,1.004
2026-01-18 16:12:04.816,1.0
2026-01-18 16:12:04.816,1.001
2026-01-18 16:12:04.816,1.002
2026-01-18 16:12:04.837,1.004
2026-01-18 16:12:04.856,1.001
2026-01-18 16:12:04.856,1.004
2026-01-18 16:12:04.871,1.008
2026-01-18 16:12:04.886,1.007
2026-01-18 16:12:04.905,1.007
2026-01-18 16:12:04.905,1.005
2026-01-18 16:12:04.921,1.007
2026-01-18 16:12:04.939,1.006
2026-01-18 16:12:04.940,1.011
2026-01-18 16:12:04.955,1.009
2026-01-18 16:12:04.971,1.004
2026-01-18 16:12:04.989,1.006
2026-01-18 16:12:04.989,1.006
2026-01-18 16:12:05.004,1.007
2026-01-18 16:12:05.020,1.011
2026-01-18 16:12:05.021,1.012
2026-01-18 16:12:05.038,1.014
2026-01-18 16:12:05.056,1.009
2026-01-18 16:12:05.056,1.009
2026-01-18 16:12:05.072,1.006
2026-01-18 16:12:05.095,1.008
2026-01-18 16:12:05.095,1.006
2026-01-18 16:12:05.104,1.009
2026-01-18 16:12:05.120,1.008
2026-01-18 16:12:05.139,1.002
2026-01-18 16:12:05.155,0.998
2026-01-18 16:12:05.155,0.993
2026-01-18 16:12:05.171,0.996
2026-01-18 16:12:05.187,0.995
2026-01-18 16:12:05.188,0.993
2026-01-18 16:12:05.205,0.998
2026-01-18 16:12:05.221,0.997
2026-01-18 16:12:05.237,1.004
2026-01-18 16:12:05.237,0.998
2026-01-18 16:12:05.254,1.003
2026-01-18 16:12:05.271,1.002
2026-01-18 16:12:05.287,0.998
2026-01-18 16:12:05.288,0.997
2026-01-18 16:12:05.304,0.994
2026-01-18 16:12:05.320,0.995
2026-01-18 16:12:05.321,0.993
2026-01-18 16:12:05.337,0.991
2026-01-18 16:12:05.354,0.992
2026-01-18 16:12:05.358,0.99
2026-01-18 16:12:05.370,0.996
2026-01-18 16:12:05.388,0.998
2026-01-18 16:12:05.405,1.005
2026-01-18 16:12:05.405,0.999
2026-01-18 16:12:05.421,0.999
2026-01-18 16:12:05.437,0.998
2026-01-18 16:12:05.454,0.998
2026-01-18 16:12:05.454,1.001
2026-01-18 16:12:05.470,1.004
2026-01-18 16:12:05.489,0.998
2026-01-18 16:12:05.489,1.002
2026-01-18 16:12:05.504,0.997
2026-01-18 16:12:05.521,1.002
2026-01-18 16:12:05.538,1.007
2026-01-18 16:12:05.538,1.004
2026-01-18 16:12:05.553,1.003
2026-01-18 16:12:05.570,0.996
2026-01-18 16:12:05.588,0.995
2026-01-18 16:12:05.589,0.996
2026-01-18 16:12:05.605,1.0
2026-01-18 16:12:05.620,0.997
2026-01-18 16:12:05.621,0.997
2026-01-18 16:12:05.638,0.991
2026-01-18 16:12:05.655,0.993
2026-01-18 16:12:05.670,0.994
2026-01-18 16:12:05.670,0.992
2026-01-18 16:12:05.688,0.99
2026-01-18 16:12:05.704,0.991
2026-01-18 16:12:05.705,0.987
2026-01-18 16:12:05.720,0.986
2026-01-18 16:12:05.740,0.986
2026-01-18 16:12:05.740,0.988
2026-01-18 16:12:05.753,0.985
2026-01-18 16:12:05.770,0.984
2026-01-18 16:12:05.788,0.991
2026-01-18 16:12:05.788,0.996
2026-01-18 16:12:05.804,1.001
2026-01-18 16:12:05.820,0.994
2026-01-18 16:12:05.839,0.99
2026-01-18 16:12:05.839,0.991
2026-01-18 16:12:05.854,0.998
2026-01-18 16:12:05.871,0.997
2026-01-18 16:12:05.872,1.002
2026-01-18 16:12:05.888,1.004
2026-01-18 16:12:05.903,1.008
2026-01-18 16:12:05.919,1.008
2026-01-18 16:12:05.920,1.004
2026-01-18 16:12:05.937,1.006
2026-01-18 16:12:05.954,1.007
2026-01-18 16:12:05.971,1.009
2026-01-18 16:12:05.972,1.008
2026-01-18 16:12:05.986,1.007
2026-01-18 16:12:06.003,1.007
2026-01-18 16:12:06.005,1.005
2026-01-18 16:12:06.021,0.999
2026-01-18 16:12:06.038,0.997
2026-01-18 16:12:06.054,1.002
2026-01-18 16:12:06.054,1.0
2026-01-18 16:12:06.071,0.998
2026-01-18 16:12:06.077,1.005
2026-01-18 16:12:06.089,1.004
2026-01-18 16:12:06.104,1.006
2026-01-18 16:12:06.121,1.007
2026-01-18 16:12:06.137,1.003
2026-01-18 16:12:06.137,1.004
2026-01-18 16:12:06.178,1.0
2026-01-18 16:12:06.178,1.003
2026-01-18 16:12:06.179,0.998
2026-01-18 16:12:06.185,0.998
2026-01-18 16:12:06.204,1.0
2026-01-18 16:12:06.220,1.001
2026-01-18 16:12:06.220,1.007
2026-01-18 16:12:06.237,1.011
2026-01-18 16:12:06.254,1.011
2026-01-18 16:12:06.270,1.008
2026-01-18 16:12:06.271,1.007
2026-01-18 16:12:06.286,1.003
2026-01-18 16:12:06.303,1.006
2026-01-18 16:12:06.320,1.004
2026-01-18 16:12:06.320,1.002
2026-01-18 16:12:06.336,1.001
2026-01-18 16:12:06.353,1.003
2026-01-18 16:12:06.353,1.001
2026-01-18 16:12:06.370,1.0
2026-01-18 16:12:06.386,1.001
2026-01-18 16:12:06.402,0.999
2026-01-18 16:12:06.403,0.998
2026-01-18 16:12:06.420,1.002
2026-01-18 16:12:06.436,1.001
2026-01-18 16:12:06.436,0.998
2026-01-18 16:12:06.453,0.993
2026-01-18 16:12:06.470,0.993
2026-01-18 16:12:06.486,0.994
2026-01-18 16:12:06.486,0.991
2026-01-18 16:12:06.503,0.989
2026-01-18 16:12:06.520,0.99
2026-01-18 16:12:06.520,0.997
2026-01-18 16:12:06.536,1.005
2026-01-18 16:12:06.553,1.013
2026-01-18 16:12:06.570,1.016
2026-01-18 16:12:06.570,1.011
2026-01-18 16:12:06.586,1.005
2026-01-18 16:12:06.603,1.007
2026-01-18 16:12:06.619,1.004
2026-01-18 16:12:06.620,1.002
2026-01-18 16:12:06.637,1.005
2026-01-18 16:12:06.654,1.012
2026-01-18 16:12:06.654,1.005
2026-01-18 16:12:06.671,1.011
2026-01-18 16:12:06.687,1.012
2026-01-18 16:12:06.688,1.008
2026-01-18 16:12:06.704,1.01
2026-01-18 16:12:06.721,1.015
2026-01-18 16:12:06.738,1.01
2026-01-18 16:12:06.738,1.015
2026-01-18 16:12:06.753,1.009
2026-01-18 16:12:06.771,1.015
2026-01-18 16:12:06.772,1.013
2026-01-18 16:12:06.787,1.011
2026-01-18 16:12:06.803,1.013
2026-01-18 16:12:06.821,1.012
2026-01-18 16:12:06.821,1.015
2026-01-18 16:12:06.836,1.013
2026-01-18 16:12:06.854,1.013
2026-01-18 16:12:06.871,1.006
2026-01-18 16:12:06.871,1.003
2026-01-18 16:12:06.887,1.001
2026-01-18 16:12:06.905,1.005
2026-01-18 16:12:06.905,1.007
2026-01-18 16:12:06.920,1.006
2026-01-18 16:12:06.937,1.007
2026-01-18 16:12:06.953,1.01
2026-01-18 16:12:06.953,1.009
2026-01-18 16:12:06.971,1.007
2026-01-18 16:12:06.986,1.007
2026-01-18 16:12:07.004,1.009
2026-01-18 16:12:07.004,1.01
2026-01-18 16:12:07.020,1.008
2026-01-18 16:12:07.038,1.0
2026-01-18 16:12:07.038,1.002
2026-01-18 16:12:07.055,1.008
2026-01-18 16:12:07.077,1.004
2026-01-18 16:12:07.077,1.011
2026-01-18 16:12:07.087,1.014
2026-01-18 16:12:07.105,1.015
2026-01-18 16:12:07.119,1.012
2026-01-18 16:12:07.121,1.008
2026-01-18 16:12:07.137,1.015
2026-01-18 16:12:07.155,1.011
2026-01-18 16:12:07.170,1.01
2026-01-18 16:12:07.171,1.003
2026-01-18 16:12:07.187,1.003
2026-01-18 16:12:07.205,1.008
2026-01-18 16:12:07.205,1.009
2026-01-18 16:12:07.221,1.001
2026-01-18 16:12:07.236,1.01
2026-01-18 16:12:07.253,1.007
2026-01-18 16:12:07.254,1.011
2026-01-18 16:12:07.270,1.008
2026-01-18 16:12:07.288,1.008
2026-01-18 16:12:07.288,1.009
2026-01-18 16:12:07.304,1.002
2026-01-18 16:12:07.321,0.999
2026-01-18 16:12:07.338,0.994
2026-01-18 16:12:07.338,0.996
2026-01-18 16:12:07.355,0.996
2026-01-18 16:12:07.370,0.995
2026-01-18 16:12:07.387,0.998
2026-01-18 16:12:07.387,0.994
2026-01-18 16:12:07.403,0.992
2026-01-18 16:12:07.420,1.003
2026-01-18 16:12:07.420,1.002
2026-01-18 16:12:07.437,1.003
2026-01-18 16:12:07.455,1.005
2026-01-18 16:12:07.470,1.007
2026-01-18 16:12:07.471,1.008
2026-01-18 16:12:07.488,1.009
2026-01-18 16:12:07.503,1.015
2026-01-18 16:12:07.521,1.009
2026-01-18 16:12:07.521,1.012
2026-01-18 16:12:07.537,1.005
2026-01-18 16:12:07.553,1.013
2026-01-18 16:12:07.553,1.009
2026-01-18 16:12:07.571,1.011
2026-01-18 16:12:07.588,1.009
2026-01-18 16:12:07.588,1.006
2026-01-18 16:12:07.604,1.002
2026-01-18 16:12:07.621,1.003
2026-01-18 16:12:07.638,1.001
2026-01-18 16:12:07.638,1.007
2026-01-18 16:12:07.654,1.002
2026-01-18 16:12:07.670,1.005
2026-01-18 16:12:07.687,1.004
2026-01-18 16:12:07.688,1.002
2026-01-18 16:12:07.704,1.001
2026-01-18 16:12:07.720,1.001
2026-01-18 16:12:07.721,0.997
2026-01-18 16:12:07.737,1.002
2026-01-18 16:12:07.755,0.999
2026-01-18 16:12:07.756,1.003
2026-01-18 16:12:07.770,0.998
2026-01-18 16:12:07.786,1.001
2026-01-18 16:12:07.805,1.0
2026-01-18 16:12:07.805,1.003
2026-01-18 16:12:07.820,1.004
2026-01-18 16:12:07.838,1.005
2026-01-18 16:12:07.854,1.011
2026-01-18 16:12:07.855,1.01
2026-01-18 16:12:07.871,1.014
2026-01-18 16:12:07.886,1.012
2026-01-18 16:12:07.904,1.007
2026-01-18 16:12:07.904,1.006
2026-01-18 16:12:07.920,0.999
2026-01-18 16:12:07.936,1.003
2026-01-18 16:12:07.937,1.005
2026-01-18 16:12:07.954,1.006
2026-01-18 16:12:07.970,1.007
2026-01-18 16:12:07.988,1.01
2026-01-18 16:12:07.988,1.009
2026-01-18 16:12:08.004,1.004
2026-01-18 16:12:08.020,1.011
2026-01-18 16:12:08.021,1.008
2026-01-18 16:12:08.038,1.002
2026-01-18 16:12:08.055,1.01
2026-01-18 16:12:08.070,1.011
2026-01-18 16:12:08.070,1.004
2026-01-18 16:12:08.094,1.005
2026-01-18 16:12:08.094,1.004
2026-01-18 16:12:08.104,1.003
2026-01-18 16:12:08.120,1.007
2026-01-18 16:12:08.138,1.008
2026-01-18 16:12:08.154,1.009
2026-01-18 16:12:08.154,1.013
2026-01-18 16:12:08.171,1.011
2026-01-18 16:12:08.187,1.007
2026-01-18 16:12:08.204,1.007
2026-01-18 16:12:08.204,1.014
2026-01-18 16:12:08.223,1.008
2026-01-18 16:12:08.236,1.008
2026-01-18 16:12:08.236,1.006
2026-01-18 16:12:08.253,1.006
2026-01-18 16:12:08.271,1.005
2026-01-18 16:12:08.287,1.009
2026-01-18 16:12:08.287,1.006
2026-01-18 16:12:08.302,1.01
2026-01-18 16:12:08.320,1.009
2026-01-18 16:12:08.320,1.002
2026-01-18 16:12:08.337,1.001
2026-01-18 16:12:08.355,1.004
2026-01-18 16:12:08.370,1.007
2026-01-18 16:12:08.371,1.006
2026-01-18 16:12:08.388,1.004
2026-01-18 16:12:08.405,1.006
2026-01-18 16:12:08.405,1.002
2026-01-18 16:12:08.421,1.0
2026-01-18 16:12:08.438,1.0
2026-01-18 16:12:08.440,1.003
2026-01-18 16:12:08.454,0.998
2026-01-18 16:12:08.471,1.0
2026-01-18 16:12:08.488,1.0
2026-01-18 16:12:08.488,0.999
2026-01-18 16:12:08.503,0.997
2026-01-18 16:12:08.521,0.994
2026-01-18 16:12:08.537,0.996
2026-01-18 16:12:08.538,0.997
2026-01-18 16:12:08.554,0.997
2026-01-18 16:12:08.570,0.999
2026-01-18 16:12:08.587,0.999
2026-01-18 16:12:08.587,1.0
2026-01-18 16:12:08.604,0.997
2026-01-18 16:12:08.620,0.997
2026-01-18 16:12:08.621,0.993
2026-01-18 16:12:08.637,0.997
2026-01-18 16:12:08.655,1.0
2026-01-18 16:12:08.670,0.996
2026-01-18 16:12:08.671,0.997
2026-01-18 16:12:08.688,1.002
2026-01-18 16:12:08.704,0.997
2026-01-18 16:12:08.704,0.999
2026-01-18 16:12:08.720,1.002
2026-01-18 16:12:08.738,1.003
2026-01-18 16:12:08.754,1.001
2026-01-18 16:12:08.754,1.003
2026-01-18 16:12:08.771,1.002
2026-01-18 16:12:08.787,1.0
2026-01-18 16:12:08.788,1.005
2026-01-18 16:12:08.804,1.003
2026-01-18 16:12:08.819,1.007
2026-01-18 16:12:08.837,1.004
2026-01-18 16:12:08.837,1.008
2026-01-18 16:12:08.855,1.007
2026-01-18 16:12:08.870,1.003
2026-01-18 16:12:08.897,1.004
2026-01-18 16:12:08.898,1.0
2026-01-18 16:12:08.898,1.003
2026-01-18 16:12:08.908,1.001
2026-01-18 16:12:08.919,1.003
2026-01-18 16:12:08.938,0.999
2026-01-18 16:12:08.954,1.002
2026-01-18 16:12:08.970,0.998
2026-01-18 16:12:08.971,0.999
2026-01-18 16:12:08.988,1.001
2026-01-18 16:12:09.004,0.999
2026-01-18 16:12:09.004,1.0
2026-01-18 16:12:09.021,1.005
2026-01-18 16:12:09.038,1.011
2026-01-18 16:12:09.053,1.008
2026-01-18 16:12:09.054,1.012
2026-01-18 16:12:09.070,1.007
2026-01-18 16:12:09.092,1.009
2026-01-18 16:12:09.092,1.008
2026-01-18 16:12:09.103,1.008
2026-01-18 16:12:09.120,1.011
2026-01-18 16:12:09.138,1.01
2026-01-18 16:12:09.139,1.009
2026-01-18 16:12:09.153,1.009
2026-01-18 16:12:09.170,1.011
2026-01-18 16:12:09.186,1.006
2026-01-18 16:12:09.187,1.002
2026-01-18 16:12:09.205,1.002
2026-01-18 16:12:09.221,0.999
2026-01-18 16:12:09.221,0.994
2026-01-18 16:12:09.237,0.998
2026-01-18 16:12:09.253,0.997
2026-01-18 16:12:09.269,1.0
2026-01-18 16:12:09.270,0.998
2026-01-18 16:12:09.286,1.002
2026-01-18 16:12:09.303,0.994
2026-01-18 16:12:09.318,0.998
2026-01-18 16:12:09.318,1.001
2026-01-18 16:12:09.337,1.004
2026-01-18 16:12:09.353,1.006
2026-01-18 16:12:09.353,1.005
2026-01-18 16:12:09.370,1.003
2026-01-18 16:12:09.387,1.007
2026-01-18 16:12:09.403,1.008
2026-01-18 16:12:09.403,1.004
2026-01-18 16:12:09.421,1.009
2026-01-18 16:12:09.437,1.01
2026-01-18 16:12:09.437,1.007
2026-01-18 16:12:09.453,1.006
2026-01-18 16:12:09.469,1.006
2026-01-18 16:12:09.486,1.005
2026-01-18 16:12:09.486,1.004
2026-01-18 16:12:09.503,1.003
2026-01-18 16:12:09.520,1.004
2026-01-18 16:12:09.520,0.999
2026-01-18 16:12:09.537,0.999
2026-01-18 16:12:09.553,1.002
2026-01-18 16:12:09.570,1.001
2026-01-18 16:12:09.570,0.999
2026-01-18 16:12:09.586,0.997
2026-01-18 16:12:09.602,0.997
2026-01-18 16:12:09.604,0.999
2026-01-18 16:12:09.619,1.005
2026-01-18 16:12:09.637,1.005
2026-01-18 16:12:09.653,1.01
2026-01-18 16:12:09.654,1.007
2026-01-18 16:12:09.670,0.999
2026-01-18 16:12:09.687,1.002
2026-01-18 16:12:09.703,1.001
2026-01-18 16:12:09.704,0.998
2026-01-18 16:12:09.720,0.997
2026-01-18 16:12:09.737,1.001
2026-01-18 16:12:09.737,1.005
2026-01-18 16:12:09.755,1.005
2026-01-18 16:12:09.771,1.007
2026-01-18 16:12:09.787,1.005
2026-01-18 16:12:09.787,1.006
2026-01-18 16:12:09.804,1.003
2026-01-18 16:12:09.821,1.004
2026-01-18 16:12:09.822,1.001
2026-01-18 16:12:09.836,1.002
2026-01-18 16:12:09.853,1.004
2026-01-18 16:12:09.870,1.005
2026-01-18 16:12:09.870,0.999
2026-01-18 16:12:09.888,0.994
2026-01-18 16:12:09.904,0.999
2026-01-18 16:12:09.904,1.0
2026-01-18 16:12:09.920,1.002
2026-01-18 16:12:09.938,1.002
2026-01-18 16:12:09.954,0.997
2026-01-18 16:12:09.954,0.994
2026-01-18 16:12:09.969,0.994
2026-01-18 16:12:09.987,0.994
2026-01-18 16:12:09.987,0.991
2026-01-18 16:12:10.003,0.987
2026-01-18 16:12:10.020,0.984
2026-01-18 16:12:10.038,0.99
2026-01-18 16:12:10.038,0.992
2026-01-18 16:12:10.054,0.99
2026-01-18 16:12:10.070,0.99
2026-01-18 16:12:10.092,0.988
2026-01-18 16:12:10.092,0.997
2026-01-18 16:12:10.103,0.994
2026-01-18 16:12:10.120,0.993
2026-01-18 16:12:10.121,0.998
2026-01-18 16:12:10.138,1.001
2026-01-18 16:12:10.154,0.995
2026-01-18 16:12:10.169,0.989
2026-01-18 16:12:10.170,0.994
2026-01-18 16:12:10.187,0.992
2026-01-18 16:12:10.204,0.991
2026-01-18 16:12:10.205,0.993
2026-01-18 16:12:10.220,0.995
2026-01-18 16:12:10.237,0.994
2026-01-18 16:12:10.266,0.992
2026-01-18 16:12:10.267,0.99
2026-01-18 16:12:10.268,0.99
2026-01-18 16:12:10.280,0.988
2026-01-18 16:12:10.304,0.989
2026-01-18 16:12:10.305,0.986
2026-01-18 16:12:10.321,0.99
2026-01-18 16:12:10.336,0.994
2026-01-18 16:12:10.337,0.997
2026-01-18 16:12:10.354,1.002
2026-01-18 16:12:10.370,0.997
2026-01-18 16:12:10.385,0.995
2026-01-18 16:12:10.385,0.99
2026-01-18 16:12:10.403,0.991
2026-01-18 16:12:10.420,0.991
2026-01-18 16:12:10.420,0.986
2026-01-18 16:12:10.436,0.992
2026-01-18 16:12:10.452,0.997
2026-01-18 16:12:10.470,1.003
2026-01-18 16:12:10.470,0.999
2026-01-18 16:12:10.487,0.995
2026-01-18 16:12:10.503,0.992
2026-01-18 16:12:10.520,0.999
2026-01-18 16:12:10.521,0.997
2026-01-18 16:12:10.537,0.996
2026-01-18 16:12:10.552,0.996
2026-01-18 16:12:10.552,0.999
2026-01-18 16:12:10.570,0.999
2026-01-18 16:12:10.587,1.003
2026-01-18 16:12:10.588,1.006
2026-01-18 16:12:10.604,1.002
2026-01-18 16:12:10.619,1.004
2026-01-18 16:12:10.637,1.001
2026-01-18 16:12:10.638,0.999
2026-01-18 16:12:10.654,0.997
2026-01-18 16:12:10.669,1.0
2026-01-18 16:12:10.688,1.0
2026-01-18 16:12:10.688,1.005
2026-01-18 16:12:10.704,1.002
2026-01-18 16:12:10.720,1.002
2026-01-18 16:12:10.720,0.995
2026-01-18 16:12:10.737,0.993
2026-01-18 16:12:10.753,0.999
2026-01-18 16:12:10.770,0.996
2026-01-18 16:12:10.770,0.999
2026-01-18 16:12:10.785,0.997
2026-01-18 16:12:10.803,1.002
2026-01-18 16:12:10.803,1.003
2026-01-18 16:12:10.820,1.006
2026-01-18 16:12:10.836,1.004
2026-01-18 16:12:10.852,1.0
2026-01-18 16:12:10.853,1.004
2026-01-18 16:12:10.869,0.999
2026-01-18 16:12:10.887,0.997
2026-01-18 16:12:10.887,0.993
2026-01-18 16:12:10.904,0.996
2026-01-18 16:12:10.921,0.992
2026-01-18 16:12:10.937,0.998
2026-01-18 16:12:10.937,0.997
2026-01-18 16:12:10.953,0.992
2026-01-18 16:12:10.970,0.991
2026-01-18 16:12:10.985,0.997
2026-01-18 16:12:10.985,0.999
2026-01-18 16:12:11.004,0.993
2026-01-18 16:12:11.019,0.999
2026-01-18 16:12:11.020,0.999
2026-01-18 16:12:11.037,0.999
2026-01-18 16:12:11.054,0.996
2026-01-18 16:12:11.071,0.997
2026-01-18 16:12:11.071,0.997
2026-01-18 16:12:11.093,0.993
2026-01-18 16:12:11.093,0.998
2026-01-18 16:12:11.106,1.001
2026-01-18 16:12:11.120,1.0
2026-01-18 16:12:11.138,0.999
2026-01-18 16:12:11.153,1.002
2026-01-18 16:12:11.153,1.005
2026-01-18 16:12:11.169,0.998
2026-01-18 16:12:11.187,0.992
2026-01-18 16:12:11.187,0.993
2026-01-18 16:12:11.204,0.993
2026-01-18 16:12:11.220,0.997
2026-01-18 16:12:11.237,0.998
2026-01-18 16:12:11.238,0.995
2026-01-18 16:12:11.254,0.99
2026-01-18 16:12:11.270,0.989
2026-01-18 16:12:11.287,0.988
2026-01-18 16:12:11.287,0.986
2026-01-18 16:12:11.303,0.996
2026-01-18 16:12:11.320,1.001
2026-01-18 16:12:11.320,1.002
2026-01-18 16:12:11.337,1.006
2026-01-18 16:12:11.354,1.0
2026-01-18 16:12:11.370,0.996
2026-01-18 16:12:11.370,0.992
2026-01-18 16:12:11.388,0.996
2026-01-18 16:12:11.404,0.994
2026-01-18 16:12:11.405,0.995
2026-01-18 16:12:11.420,0.993
2026-01-18 16:12:11.437,0.993
2026-01-18 16:12:11.453,0.997
2026-01-18 16:12:11.453,1.001
2026-01-18 16:12:11.469,1.004
2026-01-18 16:12:11.487,1.003
2026-01-18 16:12:11.487,1.003
2026-01-18 16:12:11.504,0.998
2026-01-18 16:12:11.519,0.995
2026-01-18 16:12:11.538,0.996
2026-01-18 16:12:11.539,1.001
2026-01-18 16:12:11.554,0.997
2026-01-18 16:12:11.570,1.0
2026-01-18 16:12:11.587,0.998
2026-01-18 16:12:11.587,0.999
2026-01-18 16:12:11.627,1.0
2026-01-18 16:12:11.627,0.997
2026-01-18 16:12:11.627,1.0
2026-01-18 16:12:11.636,0.997
2026-01-18 16:12:11.654,0.992
2026-01-18 16:12:11.670,0.993
2026-01-18 16:12:11.670,0.996
2026-01-18 16:12:11.687,0.993
2026-01-18 16:12:11.704,0.992
2026-01-18 16:12:11.704,0.99
2026-01-18 16:12:11.719,0.989
2026-01-18 16:12:11.738,0.989
2026-01-18 16:12:11.754,0.992
2026-01-18 16:12:11.754,0.991
2026-01-18 16:12:11.769,0.996
2026-01-18 16:12:11.787,1.001
2026-01-18 16:12:11.787,0.999
2026-01-18 16:12:11.804,0.997
2026-01-18 16:12:11.820,1.0
2026-01-18 16:12:11.836,0.996
2026-01-18 16:12:11.836,0.991
2026-01-18 16:12:11.854,0.996
2026-01-18 16:12:11.869,0.99
2026-01-18 16:12:11.888,0.993
2026-01-18 16:12:11.888,0.999
2026-01-18 16:12:11.903,0.994
2026-01-18 16:12:11.920,0.992
2026-01-18 16:12:11.920,0.986
2026-01-18 16:12:11.936,0.985
2026-01-18 16:12:11.954,0.989
2026-01-18 16:12:11.969,0.987
2026-01-18 16:12:11.970,0.985
2026-01-18 16:12:11.986,0.988
2026-01-18 16:12:12.002,0.987
2026-01-18 16:12:12.019,0.992
2026-01-18 16:12:12.019,0.992
2026-01-18 16:12:12.037,0.997
2026-01-18 16:12:12.053,1.004
2026-01-18 16:12:12.054,1.005
2026-01-18 16:12:12.069,1.004
2026-01-18 16:12:12.093,1.002
2026-01-18 16:12:12.093,0.999
2026-01-18 16:12:12.103,0.998
2026-01-18 16:12:12.119,0.999
2026-01-18 16:12:12.136,1.0
2026-01-18 16:12:12.136,1.01
2026-01-18 16:12:12.152,1.008
2026-01-18 16:12:12.170,1.014
2026-01-18 16:12:12.185,1.012
2026-01-18 16:12:12.185,1.009
2026-01-18 16:12:12.202,1.008
2026-01-18 16:12:12.219,1.006
2026-01-18 16:12:12.237,1.005
2026-01-18 16:12:12.237,1.006
2026-01-18 16:12:12.253,1.008
2026-01-18 16:12:12.269,1.004
2026-01-18 16:12:12.269,1.004
2026-01-18 16:12:12.286,1.0
2026-01-18 16:12:12.304,1.0
2026-01-18 16:12:12.304,1.002
2026-01-18 16:12:12.319,1.003
2026-01-18 16:12:12.336,1.002
2026-01-18 16:12:12.354,1.001
2026-01-18 16:12:12.354,0.998
2026-01-18 16:12:12.370,1.0
2026-01-18 16:12:12.386,1.003
2026-01-18 16:12:12.404,1.005
2026-01-18 16:12:12.404,1.008
2026-01-18 16:12:12.420,1.003
2026-01-18 16:12:12.436,1.0
2026-01-18 16:12:12.437,0.999
2026-01-18 16:12:12.457,1.0
2026-01-18 16:12:12.470,0.995
2026-01-18 16:12:12.487,1.003
2026-01-18 16:12:12.487,1.003
2026-01-18 16:12:12.502,1.006
2026-01-18 16:12:12.519,1.005
2026-01-18 16:12:12.536,1.004
2026-01-18 16:12:12.536,1.004
2026-01-18 16:12:12.553,1.007
2026-01-18 16:12:12.569,1.008
2026-01-18 16:12:12.570,1.01
2026-01-18 16:12:12.587,1.007
2026-01-18 16:12:12.603,1.001
2026-01-18 16:12:12.603,1.0
2026-01-18 16:12:12.620,0.999
2026-01-18 16:12:12.636,1.004
2026-01-18 16:12:12.653,0.999
2026-01-18 16:12:12.653,1.004
2026-01-18 16:12:12.669,1.004
2026-01-18 16:12:12.686,1.003
2026-01-18 16:12:12.702,1.006
2026-01-18 16:12:12.702,1.006
2026-01-18 16:12:12.719,1.003
2026-01-18 16:12:12.736,1.011
2026-01-18 16:12:12.736,1.012
2026-01-18 16:12:12.752,1.012
2026-01-18 16:12:12.770,1.01
2026-01-18 16:12:12.786,1.014
2026-01-18 16:12:12.787,1.012
2026-01-18 16:12:12.803,1.007
2026-01-18 16:12:12.820,1.008
2026-01-18 16:12:12.820,1.008
2026-01-18 16:12:12.836,1.007
2026-01-18 16:12:12.853,1.004
2026-01-18 16:12:12.869,1.004
2026-01-18 16:12:12.870,1.006
2026-01-18 16:12:12.887,1.006
2026-01-18 16:12:12.903,1.006
2026-01-18 16:12:12.904,1.004
2026-01-18 16:12:12.919,1.0
2026-01-18 16:12:12.936,0.999
2026-01-18 16:12:12.953,1.008
2026-01-18 16:12:12.953,1.014
2026-01-18 16:12:12.995,1.016
2026-01-18 16:12:12.996,1.019
2026-01-18 16:12:12.996,1.014
2026-01-18 16:12:13.003,1.012
2026-01-18 16:12:13.020,1.017
2026-01-18 16:12:13.036,1.017
2026-01-18 16:12:13.036,1.015
2026-01-18 16:12:13.054,1.013
2026-01-18 16:12:13.078,1.017
2026-01-18 16:12:13.078,1.018
2026-01-18 16:12:13.085,1.017
2026-01-18 16:12:13.103,1.014
2026-01-18 16:12:13.120,1.023
2026-01-18 16:12:13.120,1.024
2026-01-18 16:12:13.136,1.025
2026-01-18 16:12:13.153,1.025
2026-01-18 16:12:13.170,1.025
2026-01-18 16:12:13.170,1.017
2026-01-18 16:12:13.187,1.015
2026-01-18 16:12:13.203,1.014
2026-01-18 16:12:13.204,1.013
2026-01-18 16:12:13.219,1.01
2026-01-18 16:12:13.238,1.016
2026-01-18 16:12:13.253,1.011
2026-01-18 16:12:13.253,1.01
2026-01-18 16:12:13.270,1.008
2026-01-18 16:12:13.287,1.015
2026-01-18 16:12:13.303,1.012
2026-01-18 16:12:13.303,1.013
2026-01-18 16:12:13.320,1.016
2026-01-18 16:12:13.336,1.022
2026-01-18 16:12:13.337,1.022
2026-01-18 16:12:13.353,1.03
2026-01-18 16:12:13.369,1.03
2026-01-18 16:12:13.387,1.025
2026-01-18 16:12:13.387,1.024
2026-01-18 16:12:13.403,1.027
2026-01-18 16:12:13.419,1.027
2026-01-18 16:12:13.420,1.025
2026-01-18 16:12:13.437,1.019
2026-01-18 16:12:13.455,1.021
2026-01-18 16:12:13.455,1.02
2026-01-18 16:12:13.470,1.024
2026-01-18 16:12:13.487,1.026
2026-01-18 16:12:13.503,1.029
2026-01-18 16:12:13.504,1.024
2026-01-18 16:12:13.519,1.02
2026-01-18 16:12:13.537,1.025
2026-01-18 16:12:13.553,1.026
2026-01-18 16:12:13.554,1.018
2026-01-18 16:12:13.569,1.011
2026-01-18 16:12:13.585,1.014
2026-01-18 16:12:13.603,1.014
2026-01-18 16:12:13.603,1.011
2026-01-18 16:12:13.620,1.015
2026-01-18 16:12:13.636,1.014
2026-01-18 16:12:13.637,1.009
2026-01-18 16:12:13.653,1.012
2026-01-18 16:12:13.668,1.008
2026-01-18 16:12:13.685,1.011
2026-01-18 16:12:13.686,1.01
2026-01-18 16:12:13.702,1.012
2026-01-18 16:12:13.718,1.011
2026-01-18 16:12:13.719,1.011
2026-01-18 16:12:13.736,1.01
2026-01-18 16:12:13.753,1.015
2026-01-18 16:12:13.768,1.008
2026-01-18 16:12:13.769,1.009
2026-01-18 16:12:13.787,1.002
2026-01-18 16:12:13.803,1.008
2026-01-18 16:12:13.803,1.006
2026-01-18 16:12:13.819,1.011
2026-01-18 16:12:13.836,1.009
2026-01-18 16:12:13.853,1.018
2026-01-18 16:12:13.853,1.021
2026-01-18 16:12:13.870,1.021
2026-01-18 16:12:13.886,1.021
2026-01-18 16:12:13.904,1.019
2026-01-18 16:12:13.905,1.013
2026-01-18 16:12:13.921,1.017
2026-01-18 16:12:13.936,1.014
2026-01-18 16:12:13.936,1.022
2026-01-18 16:12:13.954,1.02
2026-01-18 16:12:13.969,1.013
2026-01-18 16:12:13.987,1.015
2026-01-18 16:12:13.987,1.008
2026-01-18 16:12:14.002,1.012
2026-01-18 16:12:14.020,1.011
2026-01-18 16:12:14.020,1.013
2026-01-18 16:12:14.036,1.017
2026-01-18 16:12:14.053,1.019
2026-01-18 16:12:14.069,1.014
2026-01-18 16:12:14.069,1.018
2026-01-18 16:12:14.093,1.015
2026-01-18 16:12:14.094,1.013
2026-01-18 16:12:14.104,1.011
2026-01-18 16:12:14.119,1.013
2026-01-18 16:12:14.137,1.015
2026-01-18 16:12:14.154,1.012
2026-01-18 16:12:14.154,1.012
2026-01-18 16:12:14.169,1.01
2026-01-18 16:12:14.187,1.014
2026-01-18 16:12:14.204,1.026
2026-01-18 16:12:14.204,1.019
2026-01-18 16:12:14.221,1.029
2026-01-18 16:12:14.236,1.03
2026-01-18 16:12:14.237,1.029
2026-01-18 16:12:14.252,1.021
2026-01-18 16:12:14.269,1.018
2026-01-18 16:12:14.287,1.016
2026-01-18 16:12:14.287,1.014
2026-01-18 16:12:14.302,1.013
2026-01-18 16:12:14.319,1.013
2026-01-18 16:12:14.320,1.016
2026-01-18 16:12:14.336,1.011
2026-01-18 16:12:14.367,1.013
2026-01-18 16:12:14.367,1.009
2026-01-18 16:12:14.368,1.012
2026-01-18 16:12:14.387,1.006
2026-01-18 16:12:14.404,1.007
2026-01-18 16:12:14.404,1.011
2026-01-18 16:12:14.420,1.019
2026-01-18 16:12:14.436,1.022
2026-01-18 16:12:14.453,1.014
2026-01-18 16:12:14.454,1.013
2026-01-18 16:12:14.469,1.016
2026-01-18 16:12:14.485,1.018
2026-01-18 16:12:14.503,1.02
2026-01-18 16:12:14.503,1.021
2026-01-18 16:12:14.518,1.02
2026-01-18 16:12:14.536,1.014
2026-01-18 16:12:14.554,1.013
2026-01-18 16:12:14.569,1.009
2026-01-18 16:12:14.586,1.009
2026-01-18 16:12:14.587,1.005
2026-01-18 16:12:14.602,1.013
2026-01-18 16:12:14.620,1.016
2026-01-18 16:12:14.620,1.019
2026-01-18 16:12:14.636,1.012
2026-01-18 16:12:14.653,1.014
2026-01-18 16:12:14.669,1.012
2026-01-18 16:12:14.669,1.014
2026-01-18 16:12:14.686,1.016
2026-01-18 16:12:14.703,1.019
2026-01-18 16:12:14.704,1.011
2026-01-18 16:12:14.719,1.015
2026-01-18 16:12:14.737,1.012
2026-01-18 16:12:14.753,1.017
2026-01-18 16:12:14.753,1.016
2026-01-18 16:12:14.768,1.024
2026-01-18 16:12:14.786,1.024
2026-01-18 16:12:14.803,1.02
2026-01-18 16:12:14.803,1.023
2026-01-18 16:12:14.819,1.019
2026-01-18 16:12:14.836,1.011
2026-01-18 16:12:14.836,1.007
2026-01-18 16:12:14.851,1.012
2026-01-18 16:12:14.868,1.012
2026-01-18 16:12:14.885,1.01
2026-01-18 16:12:14.885,1.01
2026-01-18 16:12:14.901,1.013
2026-01-18 16:12:14.919,1.018
2026-01-18 16:12:14.935,1.018
2026-01-18 16:12:14.935,1.014
2026-01-18 16:12:14.952,1.014
2026-01-18 16:12:14.968,1.013
2026-01-18 16:12:14.969,1.009
2026-01-18 16:12:14.986,1.009
2026-01-18 16:12:15.002,1.007
2026-01-18 16:12:15.019,1.009
2026-01-18 16:12:15.020,1.013
2026-01-18 16:12:15.036,1.021
2026-01-18 16:12:15.052,1.014
2026-01-18 16:12:15.053,1.018
2026-01-18 16:12:15.069,1.015
2026-01-18 16:12:15.086,1.012
2026-01-18 16:12:15.108,1.016
2026-01-18 16:12:15.108,1.009
2026-01-18 16:12:15.119,1.011
2026-01-18 16:12:15.136,1.012
2026-01-18 16:12:15.136,1.016
2026-01-18 16:12:15.153,1.012
2026-01-18 16:12:15.169,1.004
2026-01-18 16:12:15.186,1.006
2026-01-18 16:12:15.186,1.003
2026-01-18 16:12:15.203,1.001
2026-01-18 16:12:15.219,0.998
2026-01-18 16:12:15.219,1.001
2026-01-18 16:12:15.236,0.998
2026-01-18 16:12:15.254,1.004
2026-01-18 16:12:15.271,1.006
2026-01-18 16:12:15.271,1.005
2026-01-18 16:12:15.285,1.0
2026-01-18 16:12:15.303,1.004
2026-01-18 16:12:15.319,1.004
2026-01-18 16:12:15.319,1.003
2026-01-18 16:12:15.337,1.005
2026-01-18 16:12:15.355,1.007
2026-01-18 16:12:15.355,1.003
2026-01-18 16:12:15.369,1.003
2026-01-18 16:12:15.387,1.004
2026-01-18 16:12:15.404,1.007
2026-01-18 16:12:15.404,1.005
2026-01-18 16:12:15.419,1.009
2026-01-18 16:12:15.436,1.005
2026-01-18 16:12:15.437,1.006
2026-01-18 16:12:15.453,1.001
2026-01-18 16:12:15.468,0.998
2026-01-18 16:12:15.486,1.0
2026-01-18 16:12:15.487,1.005
2026-01-18 16:12:15.503,1.001
2026-01-18 16:12:15.519,1.007
2026-01-18 16:12:15.519,1.003
2026-01-18 16:12:15.536,1.007
2026-01-18 16:12:15.552,1.004
2026-01-18 16:12:15.569,1.005
2026-01-18 16:12:15.569,1.004
2026-01-18 16:12:15.586,1.006
2026-01-18 16:12:15.602,1.006
2026-01-18 16:12:15.619,1.006
2026-01-18 16:12:15.620,1.006
2026-01-18 16:12:15.637,1.004
2026-01-18 16:12:15.652,1.004
2026-01-18 16:12:15.653,1.009
2026-01-18 16:12:15.670,1.008
2026-01-18 16:12:15.685,1.012
2026-01-18 16:12:15.748,1.017
2026-01-18 16:12:15.748,1.012
2026-01-18 16:12:15.749,1.011
2026-01-18 16:12:15.750,1.011
2026-01-18 16:12:15.750,1.01
2026-01-18 16:12:15.750,1.008
2026-01-18 16:12:15.759,1.007
2026-01-18 16:12:15.771,1.006
2026-01-18 16:12:15.785,1.005
2026-01-18 16:12:15.803,1.004
2026-01-18 16:12:15.819,1.001
2026-01-18 16:12:15.820,0.996
2026-01-18 16:12:15.834,1.004
2026-01-18 16:12:15.853,1.001
2026-01-18 16:12:15.869,0.999
2026-01-18 16:12:15.869,0.996
2026-01-18 16:12:15.887,0.998
2026-01-18 16:12:15.903,1.0
2026-01-18 16:12:15.919,1.0
2026-01-18 16:12:15.920,1.0
2026-01-18 16:12:15.935,0.998
2026-01-18 16:12:15.953,1.002
2026-01-18 16:12:15.953,1.0
2026-01-18 16:12:15.969,0.999
2026-01-18 16:12:15.986,0.995
2026-01-18 16:12:16.003,0.996
2026-01-18 16:12:16.003,1.002
2026-01-18 16:12:16.019,0.997
2026-01-18 16:12:16.037,0.999
2026-01-18 16:12:16.037,1.002
2026-01-18 16:12:16.053,1.004
2026-01-18 16:12:16.069,1.01
2026-01-18 16:12:16.085,1.012
2026-01-18 16:12:16.085,1.01
2026-01-18 16:12:16.107,1.014
2026-01-18 16:12:16.118,1.011
2026-01-18 16:12:16.136,1.006
2026-01-18 16:12:16.136,1.005
2026-01-18 16:12:16.153,1.01
2026-01-18 16:12:16.168,1.008
2026-01-18 16:12:16.169,1.007
2026-01-18 16:12:16.186,1.005
2026-01-18 16:12:16.202,1.006
2026-01-18 16:12:16.220,1.0
2026-01-18 16:12:16.220,1.003
2026-01-18 16:12:16.236,1.005
2026-01-18 16:12:16.253,1.002
2026-01-18 16:12:16.253,0.998
2026-01-18 16:12:16.270,0.998
2026-01-18 16:12:16.285,1.001
2026-01-18 16:12:16.302,1.001
2026-01-18 16:12:16.302,0.994
2026-01-18 16:12:16.318,0.995
2026-01-18 16:12:16.336,0.996
2026-01-18 16:12:16.336,0.994
2026-01-18 16:12:16.353,0.996
2026-01-18 16:12:16.369,0.996
2026-01-18 16:12:16.385,0.998
2026-01-18 16:12:16.386,1.003
2026-01-18 16:12:16.403,1.0
2026-01-18 16:12:16.419,1.002
2026-01-18 16:12:16.420,1.0
2026-01-18 16:12:16.436,0.997
2026-01-18 16:12:16.452,0.999
2026-01-18 16:12:16.469,0.997
2026-01-18 16:12:16.469,0.997
2026-01-18 16:12:16.487,0.998
2026-01-18 16:12:16.503,1.0
2026-01-18 16:12:16.519,0.996
2026-01-18 16:12:16.519,0.996
2026-01-18 16:12:16.535,1.0
2026-01-18 16:12:16.552,0.999
2026-01-18 16:12:16.552,1.001
2026-01-18 16:12:16.568,1.002
2026-01-18 16:12:16.586,0.998
2026-01-18 16:12:16.603,0.998
2026-01-18 16:12:16.604,1.001
2026-01-18 16:12:16.620,1.006
2026-01-18 16:12:16.637,1.009
2026-01-18 16:12:16.637,1.002
2026-01-18 16:12:16.652,1.002
2026-01-18 16:12:16.670,1.004
2026-01-18 16:12:16.684,1.006
2026-01-18 16:12:16.685,1.007
2026-01-18 16:12:16.701,1.008
2026-01-18 16:12:16.719,1.006
2026-01-18 16:12:16.719,1.005
2026-01-18 16:12:16.735,1.004
2026-01-18 16:12:16.752,1.004
2026-01-18 16:12:16.769,1.003
2026-01-18 16:12:16.769,1.001
2026-01-18 16:12:16.785,1.001
2026-01-18 16:12:16.801,1.001
2026-01-18 16:12:16.818,1.002
2026-01-18 16:12:16.818,1.002
2026-01-18 16:12:16.834,0.998
2026-01-18 16:12:16.851,1.0
2026-01-18 16:12:16.851,1.003
2026-01-18 16:12:16.867,0.999
2026-01-18 16:12:16.884,1.001
2026-01-18 16:12:16.901,1.001
2026-01-18 16:12:16.901,1.002
2026-01-18 16:12:16.918,1.003
2026-01-18 16:12:16.934,1.003
2026-01-18 16:12:16.953,1.007
2026-01-18 16:12:16.953,1.003
2026-01-18 16:12:16.969,1.0
2026-01-18 16:12:16.986,1.0
2026-01-18 16:12:16.986,1.004
2026-01-18 16:12:17.002,0.999
2026-01-18 16:12:17.018,1.003
2026-01-18 16:12:17.035,1.006
2026-01-18 16:12:17.036,1.007
2026-01-18 16:12:17.052,1.009
2026-01-18 16:12:17.077,1.005
2026-01-18 16:12:17.078,1.005
2026-01-18 16:12:17.085,1.004
2026-01-18 16:12:17.100,1.008
2026-01-18 16:12:17.122,1.009
2026-01-18 16:12:17.122,1.008
2026-01-18 16:12:17.134,1.007
2026-01-18 16:12:17.151,1.006
2026-01-18 16:12:17.151,1.004
2026-01-18 16:12:17.168,1.006
2026-01-18 16:12:17.185,1.014
2026-01-18 16:12:17.202,1.014
2026-01-18 16:12:17.203,1.012
2026-01-18 16:12:17.218,1.005
2026-01-18 16:12:17.237,1.008
2026-01-18 16:12:17.237,1.013
2026-01-18 16:12:17.252,1.011
2026-01-18 16:12:17.269,1.005
2026-01-18 16:12:17.285,1.009
2026-01-18 16:12:17.285,1.012
2026-01-18 16:12:17.303,1.012
2026-01-18 16:12:17.319,1.011
2026-01-18 16:12:17.319,1.015
2026-01-18 16:12:17.335,1.013
2026-01-18 16:12:17.352,1.015
2026-01-18 16:12:17.369,1.016
2026-01-18 16:12:17.369,1.012
2026-01-18 16:12:17.386,1.015
2026-01-18 16:12:17.402,1.013
2026-01-18 16:12:17.419,1.011
2026-01-18 16:12:17.419,1.011
2026-01-18 16:12:17.435,1.003
2026-01-18 16:12:17.453,1.007
2026-01-18 16:12:17.453,1.005
2026-01-18 16:12:17.468,1.001
2026-01-18 16:12:17.486,1.004
2026-01-18 16:12:17.503,1.002
2026-01-18 16:12:17.503,1.0
2026-01-18 16:12:17.519,1.003
2026-01-18 16:12:17.536,1.001
2026-01-18 16:12:17.539,1.003
2026-01-18 16:12:17.552,1.004
2026-01-18 16:12:17.568,1.005
2026-01-18 16:12:17.587,1.0
2026-01-18 16:12:17.587,1.002
2026-01-18 16:12:17.603,1.006
2026-01-18 16:12:17.619,1.003
2026-01-18 16:12:17.636,1.0
2026-01-18 16:12:17.636,0.999
2026-01-18 16:12:17.652,1.0
2026-01-18 16:12:17.669,0.997
2026-01-18 16:12:17.669,0.996
2026-01-18 16:12:17.685,1.001
2026-01-18 16:12:17.703,0.995
2026-01-18 16:12:17.718,0.997
2026-01-18 16:12:17.719,0.992
2026-01-18 16:12:17.735,0.993
2026-01-18 16:12:17.754,0.99
2026-01-18 16:12:17.754,0.986
2026-01-18 16:12:17.770,0.991
2026-01-18 16:12:17.785,0.99
2026-01-18 16:12:17.802,0.997
2026-01-18 16:12:17.803,0.995
2026-01-18 16:12:17.818,0.991
2026-01-18 16:12:17.836,0.998
2026-01-18 16:12:17.836,1.002
2026-01-18 16:12:17.852,0.999
2026-01-18 16:12:17.869,0.994
2026-01-18 16:12:17.886,0.993
2026-01-18 16:12:17.886,0.99
2026-01-18 16:12:17.902,0.99
2026-01-18 16:12:17.918,0.987
2026-01-18 16:12:17.936,0.981
2026-01-18 16:12:17.936,0.988
2026-01-18 16:12:17.952,0.985
2026-01-18 16:12:17.969,0.987
2026-01-18 16:12:17.970,0.987
2026-01-18 16:12:17.986,0.982
2026-01-18 16:12:18.003,0.985
2026-01-18 16:12:18.018,0.985
2026-01-18 16:12:18.019,0.986
2026-01-18 16:12:18.035,0.99
2026-01-18 16:12:18.052,0.994
2026-01-18 16:12:18.052,0.995
2026-01-18 16:12:18.069,0.991
2026-01-18 16:12:18.087,0.992
2026-01-18 16:12:18.109,0.997
2026-01-18 16:12:18.110,1.0
2026-01-18 16:12:18.118,1.004
2026-01-18 16:12:18.136,1.003
2026-01-18 16:12:18.136,0.997
2026-01-18 16:12:18.151,0.999
2026-01-18 16:12:18.168,1.004
2026-01-18 16:12:18.186,1.007
2026-01-18 16:12:18.187,1.013
2026-01-18 16:12:18.203,1.011
2026-01-18 16:12:18.219,1.004
2026-01-18 16:12:18.236,1.006
2026-01-18 16:12:18.237,1.006
2026-01-18 16:12:18.253,1.005
2026-01-18 16:12:18.268,1.006
2026-01-18 16:12:18.268,1.007
2026-01-18 16:12:18.284,1.003
2026-01-18 16:12:18.302,0.997
2026-01-18 16:12:18.318,1.002
2026-01-18 16:12:18.319,1.003
2026-01-18 16:12:18.334,1.007
2026-01-18 16:12:18.353,1.006
2026-01-18 16:12:18.354,1.004
2026-01-18 16:12:18.368,1.006
2026-01-18 16:12:18.386,1.006
2026-01-18 16:12:18.402,1.003
2026-01-18 16:12:18.402,0.997
2026-01-18 16:12:18.442,0.996
2026-01-18 16:12:18.443,0.995
2026-01-18 16:12:18.443,0.994
2026-01-18 16:12:18.450,0.996
2026-01-18 16:12:18.469,0.992
2026-01-18 16:12:18.485,0.99
2026-01-18 16:12:18.486,0.998
2026-01-18 16:12:18.502,1.004
2026-01-18 16:12:18.518,1.005
2026-01-18 16:12:18.536,0.999
2026-01-18 16:12:18.536,0.996
2026-01-18 16:12:18.553,0.997
2026-01-18 16:12:18.569,1.0
2026-01-18 16:12:18.569,1.001
2026-01-18 16:12:18.586,0.997
2026-01-18 16:12:18.602,0.999
2026-01-18 16:12:18.618,0.996
2026-01-18 16:12:18.619,0.999
2026-01-18 16:12:18.635,0.997
2026-01-18 16:12:18.653,0.999
2026-01-18 16:12:18.654,0.998
2026-01-18 16:12:18.668,0.993
2026-01-18 16:12:18.686,0.993
2026-01-18 16:12:18.702,0.999
2026-01-18 16:12:18.702,0.996
2026-01-18 16:12:18.719,0.998
2026-01-18 16:12:18.735,1.004
2026-01-18 16:12:18.736,1.005
2026-01-18 16:12:18.751,1.008
2026-01-18 16:12:18.768,1.004
2026-01-18 16:12:18.786,1.002
2026-01-18 16:12:18.787,0.999
2026-01-18 16:12:18.802,0.998
2026-01-18 16:12:18.819,1.001
2026-01-18 16:12:18.835,0.999
2026-01-18 16:12:18.836,0.998
2026-01-18 16:12:18.852,0.999
2026-01-18 16:12:18.869,0.999
2026-01-18 16:12:18.869,0.999
2026-01-18 16:12:18.886,1.001
2026-01-18 16:12:18.902,0.997
2026-01-18 16:12:18.918,0.998
2026-01-18 16:12:18.919,0.999
2026-01-18 16:12:18.935,0.996
2026-01-18 16:12:18.952,0.993
2026-01-18 16:12:18.952,1.001
2026-01-18 16:12:18.969,1.0
2026-01-18 16:12:18.985,0.998
2026-01-18 16:12:19.004,0.999
2026-01-18 16:12:19.004,0.997
2026-01-18 16:12:19.018,0.996
2026-01-18 16:12:19.035,0.998
2026-01-18 16:12:19.036,1.001
2026-01-18 16:12:19.053,0.998
2026-01-18 16:12:19.068,0.994
2026-01-18 16:12:19.086,1.0
2026-01-18 16:12:19.086,0.997
2026-01-18 16:12:19.101,0.996
2026-01-18 16:12:19.126,0.999
2026-01-18 16:12:19.126,0.992
2026-01-18 16:12:19.134,0.992
2026-01-18 16:12:19.150,0.99
2026-01-18 16:12:19.168,0.993
2026-01-18 16:12:19.168,0.992
2026-01-18 16:12:19.185,0.99
2026-01-18 16:12:19.202,0.989
2026-01-18 16:12:19.219,0.992
2026-01-18 16:12:19.219,0.991
2026-01-18 16:12:19.234,0.991
2026-01-18 16:12:19.250,0.987
2026-01-18 16:12:19.267,0.988
2026-01-18 16:12:19.267,0.988
2026-01-18 16:12:19.283,0.991
2026-01-18 16:12:19.301,0.994
2026-01-18 16:12:19.301,0.99
2026-01-18 16:12:19.317,0.986
2026-01-18 16:12:19.335,0.991
2026-01-18 16:12:19.352,0.993
2026-01-18 16:12:19.352,0.999
2026-01-18 16:12:19.368,0.999
2026-01-18 16:12:19.384,0.999
2026-01-18 16:12:19.384,0.995
2026-01-18 16:12:19.402,0.995
2026-01-18 16:12:19.418,0.997
2026-01-18 16:12:19.435,0.991
2026-01-18 16:12:19.436,0.989
2026-01-18 16:12:19.452,0.989
2026-01-18 16:12:19.468,0.994
2026-01-18 16:12:19.469,0.999
2026-01-18 16:12:19.486,1.002
2026-01-18 16:12:19.503,1.001
2026-01-18 16:12:19.518,0.997
2026-01-18 16:12:19.518,1.001
2026-01-18 16:12:19.536,0.999
2026-01-18 16:12:19.553,0.997
2026-01-18 16:12:19.553,0.998
2026-01-18 16:12:19.568,0.999
2026-01-18 16:12:19.585,0.996
2026-01-18 16:12:19.602,1.0
2026-01-18 16:12:19.602,1.001
2026-01-18 16:12:19.618,0.998
2026-01-18 16:12:19.636,0.993
2026-01-18 16:12:19.637,0.985
2026-01-18 16:12:19.651,0.985
2026-01-18 16:12:19.669,0.983
2026-01-18 16:12:19.685,0.982
2026-01-18 16:12:19.686,0.984
2026-01-18 16:12:19.701,0.983
2026-01-18 16:12:19.718,0.984
2026-01-18 16:12:19.735,0.984
2026-01-18 16:12:19.735,0.983
2026-01-18 16:12:19.752,0.984
2026-01-18 16:12:19.768,0.984
2026-01-18 16:12:19.768,0.983
2026-01-18 16:12:19.812,0.981
2026-01-18 16:12:19.812,0.981
2026-01-18 16:12:19.813,0.984
2026-01-18 16:12:19.819,0.983
2026-01-18 16:12:19.835,0.985
2026-01-18 16:12:19.852,0.99
2026-01-18 16:12:19.853,0.994
2026-01-18 16:12:19.868,0.992
2026-01-18 16:12:19.885,0.996
2026-01-18 16:12:19.901,0.999
2026-01-18 16:12:19.901,0.999
2026-01-18 16:12:19.918,0.996
2026-01-18 16:12:19.934,0.994
2026-01-18 16:12:19.951,0.991
2026-01-18 16:12:19.951,0.992
2026-01-18 16:12:19.968,0.989
2026-01-18 16:12:19.986,0.991
2026-01-18 16:12:19.986,0.988
2026-01-18 16:12:20.003,0.991
2026-01-18 16:12:20.019,0.989
2026-01-18 16:12:20.020,0.986
2026-01-18 16:12:20.035,0.986
2026-01-18 16:12:20.052,0.988
2026-01-18 16:12:20.068,0.987
2026-01-18 16:12:20.068,0.988
2026-01-18 16:12:20.086,0.989
2026-01-18 16:12:20.102,0.987
2026-01-18 16:12:20.124,0.991
2026-01-18 16:12:20.125,0.994
2026-01-18 16:12:20.135,0.996
2026-01-18 16:12:20.152,0.997
2026-01-18 16:12:20.152,0.999
2026-01-18 16:12:20.169,0.996
2026-01-18 16:12:20.186,0.996
2026-01-18 16:12:20.202,0.994
2026-01-18 16:12:20.202,0.993
2026-01-18 16:12:20.219,0.99
2026-01-18 16:12:20.236,0.992
2026-01-18 16:12:20.236,1.0
2026-01-18 16:12:20.253,1.0
2026-01-18 16:12:20.269,1.001
2026-01-18 16:12:20.284,1.006
2026-01-18 16:12:20.285,1.007
2026-01-18 16:12:20.302,1.005
2026-01-18 16:12:20.318,1.009
2026-01-18 16:12:20.333,1.009
2026-01-18 16:12:20.334,1.007
2026-01-18 16:12:20.352,1.003
2026-01-18 16:12:20.368,1.001
2026-01-18 16:12:20.368,0.998
2026-01-18 16:12:20.386,0.995
2026-01-18 16:12:20.402,0.997
2026-01-18 16:12:20.418,1.002
2026-01-18 16:12:20.418,1.001
2026-01-18 16:12:20.435,0.997
2026-01-18 16:12:20.453,0.996
2026-01-18 16:12:20.453,0.996
2026-01-18 16:12:20.468,0.993
2026-01-18 16:12:20.485,0.996
2026-01-18 16:12:20.501,0.997
2026-01-18 16:12:20.502,0.994
2026-01-18 16:12:20.518,0.992
2026-01-18 16:12:20.536,0.988
2026-01-18 16:12:20.536,0.99
2026-01-18 16:12:20.552,0.989
2026-01-18 16:12:20.568,0.993
2026-01-18 16:12:20.586,0.993
2026-01-18 16:12:20.586,0.993
2026-01-18 16:12:20.602,0.994
2026-01-18 16:12:20.618,0.99
2026-01-18 16:12:20.636,0.989
2026-01-18 16:12:20.636,0.991
2026-01-18 16:12:20.652,0.992
2026-01-18 16:12:20.669,0.999
2026-01-18 16:12:20.669,0.998
2026-01-18 16:12:20.685,0.996
2026-01-18 16:12:20.701,0.994
2026-01-18 16:12:20.717,0.996
2026-01-18 16:12:20.718,1.002
2026-01-18 16:12:20.735,1.002
2026-01-18 16:12:20.752,0.998
2026-01-18 16:12:20.752,0.999
2026-01-18 16:12:20.768,1.0
2026-01-18 16:12:20.785,1.0
2026-01-18 16:12:20.802,1.0
2026-01-18 16:12:20.802,1.002
2026-01-18 16:12:20.836,1.0
2026-01-18 16:12:20.836,0.994
2026-01-18 16:12:20.852,0.997
2026-01-18 16:12:20.868,0.999
2026-01-18 16:12:20.886,0.997
2026-01-18 16:12:20.886,0.998
2026-01-18 16:12:20.902,1.001
2026-01-18 16:12:20.919,0.999
2026-01-18 16:12:20.934,0.998
2026-01-18 16:12:20.935,1.0
2026-01-18 16:12:20.952,1.0
2026-01-18 16:12:20.968,1.0
2026-01-18 16:12:20.968,1.0
2026-01-18 16:12:20.985,0.998
2026-01-18 16:12:21.003,0.998
2026-01-18 16:12:21.018,1.001
2026-01-18 16:12:21.018,1.004
2026-01-18 16:12:21.034,1.003
2026-01-18 16:12:21.052,1.004
2026-01-18 16:12:21.052,1.007
2026-01-18 16:12:21.068,1.004
2026-01-18 16:12:21.086,1.01
2026-01-18 16:12:21.102,1.006
2026-01-18 16:12:21.102,1.001
2026-01-18 16:12:21.123,1.002
2026-01-18 16:12:21.123,0.998
2026-01-18 16:12:21.135,0.996
2026-01-18 16:12:21.166,0.997
2026-01-18 16:12:21.168,0.993
2026-01-18 16:12:21.179,0.992
2026-01-18 16:12:21.202,0.992
2026-01-18 16:12:21.203,0.99
2026-01-18 16:12:21.219,0.993
2026-01-18 16:12:21.220,0.994
2026-01-18 16:12:21.234,1.003
2026-01-18 16:12:21.252,1.002
2026-01-18 16:12:21.269,1.006
2026-01-18 16:12:21.269,1.006
2026-01-18 16:12:21.285,1.007
2026-01-18 16:12:21.302,1.001
2026-01-18 16:12:21.319,0.993
2026-01-18 16:12:21.319,0.995
2026-01-18 16:12:21.335,0.995
2026-01-18 16:12:21.353,0.991
2026-01-18 16:12:21.353,0.997
2026-01-18 16:12:21.368,0.992
2026-01-18 16:12:21.385,0.992
2026-01-18 16:12:21.401,0.991
2026-01-18 16:12:21.402,0.986
2026-01-18 16:12:21.418,0.988
2026-01-18 16:12:21.434,0.991
2026-01-18 16:12:21.435,0.993
2026-01-18 16:12:21.451,0.994
2026-01-18 16:12:21.467,0.998
2026-01-18 16:12:21.485,0.994
2026-01-18 16:12:21.485,0.997
2026-01-18 16:12:21.501,1.0
2026-01-18 16:12:21.519,1.002
2026-01-18 16:12:21.534,1.004
2026-01-18 16:12:21.535,1.0
2026-01-18 16:12:21.551,1.001
2026-01-18 16:12:21.568,1.002
2026-01-18 16:12:21.569,1.0
2026-01-18 16:12:21.583,0.997
2026-01-18 16:12:21.601,0.999
2026-01-18 16:12:21.618,1.002
2026-01-18 16:12:21.618,1.004
2026-01-18 16:12:21.635,1.001
2026-01-18 16:12:21.652,1.006
2026-01-18 16:12:21.652,1.006
2026-01-18 16:12:21.668,1.004
2026-01-18 16:12:21.684,1.004
2026-01-18 16:12:21.702,1.01
2026-01-18 16:12:21.702,1.007
2026-01-18 16:12:21.718,1.006
2026-01-18 16:12:21.735,1.004
2026-01-18 16:12:21.736,1.004
2026-01-18 16:12:21.752,0.999
2026-01-18 16:12:21.768,0.998
2026-01-18 16:12:21.785,0.998
2026-01-18 16:12:21.786,0.999
2026-01-18 16:12:21.802,0.996
2026-01-18 16:12:21.818,0.996
2026-01-18 16:12:21.836,0.994
2026-01-18 16:12:21.836,0.997
2026-01-18 16:12:21.851,0.998
2026-01-18 16:12:21.868,0.997
2026-01-18 16:12:21.868,0.992
2026-01-18 16:12:21.886,0.993
2026-01-18 16:12:21.902,0.993
2026-01-18 16:12:21.917,0.992
2026-01-18 16:12:21.918,0.995
2026-01-18 16:12:21.936,0.995
2026-01-18 16:12:21.951,0.997
2026-01-18 16:12:21.952,0.997
2026-01-18 16:12:21.968,0.998
2026-01-18 16:12:21.984,0.998
2026-01-18 16:12:22.002,0.996
2026-01-18 16:12:22.002,0.996
2026-01-18 16:12:22.018,0.995
2026-01-18 16:12:22.036,0.998
2026-01-18 16:12:22.036,0.999
2026-01-18 16:12:22.051,1.001
2026-01-18 16:12:22.068,0.997
2026-01-18 16:12:22.087,0.994
2026-01-18 16:12:22.087,0.994
2026-01-18 16:12:22.101,1.0
2026-01-18 16:12:22.124,0.996
2026-01-18 16:12:22.125,1.001
2026-01-18 16:12:22.134,1.0
2026-01-18 16:12:22.152,0.999
2026-01-18 16:12:22.167,0.999
2026-01-18 16:12:22.167,0.998
2026-01-18 16:12:22.185,0.994
2026-01-18 16:12:22.201,0.996
2026-01-18 16:12:22.220,0.994
2026-01-18 16:12:22.220,0.995
2026-01-18 16:12:22.235,0.994
2026-01-18 16:12:22.250,0.993
2026-01-18 16:12:22.268,0.995
2026-01-18 16:12:22.268,0.994
2026-01-18 16:12:22.284,0.997
2026-01-18 16:12:22.302,0.994
2026-01-18 16:12:22.302,0.998
2026-01-18 16:12:22.318,1.0
2026-01-18 16:12:22.335,0.998
2026-01-18 16:12:22.336,1.0
2026-01-18 16:12:22.352,0.998
2026-01-18 16:12:22.368,0.999
2026-01-18 16:12:22.385,0.997
2026-01-18 16:12:22.386,1.003
2026-01-18 16:12:22.401,0.999
2026-01-18 16:12:22.418,1.002
2026-01-18 16:12:22.434,1.006
2026-01-18 16:12:22.434,1.007
2026-01-18 16:12:22.450,1.004
2026-01-18 16:12:22.468,1.003
2026-01-18 16:12:22.468,1.005
2026-01-18 16:12:22.484,1.007
2026-01-18 16:12:22.501,1.007
2026-01-18 16:12:22.558,1.004
2026-01-18 16:12:22.559,0.999
2026-01-18 16:12:22.560,0.998
2026-01-18 16:12:22.560,0.995
2026-01-18 16:12:22.560,0.991
2026-01-18 16:12:22.568,0.994
2026-01-18 16:12:22.586,0.996
2026-01-18 16:12:22.601,0.997
2026-01-18 16:12:22.601,0.997
2026-01-18 16:12:22.618,0.995
2026-01-18 16:12:22.635,0.995
2026-01-18 16:12:22.636,0.993
2026-01-18 16:12:22.651,0.99
2026-01-18 16:12:22.668,0.99
2026-01-18 16:12:22.684,0.991
2026-01-18 16:12:22.684,0.993
2026-01-18 16:12:22.702,0.99
2026-01-18 16:12:22.718,0.988
2026-01-18 16:12:22.736,0.987
2026-01-18 16:12:22.736,0.985
2026-01-18 16:12:22.751,0.984
2026-01-18 16:12:22.768,0.985
2026-01-18 16:12:22.768,0.987
2026-01-18 16:12:22.786,0.987
2026-01-18 16:12:22.802,0.99
2026-01-18 16:12:22.818,0.99
2026-01-18 16:12:22.819,0.991
2026-01-18 16:12:22.835,0.989
2026-01-18 16:12:22.851,0.994
2026-01-18 16:12:22.852,0.992
2026-01-18 16:12:22.868,0.997
2026-01-18 16:12:22.885,0.999
2026-01-18 16:12:22.901,0.997
2026-01-18 16:12:22.902,0.998
2026-01-18 16:12:22.918,0.994
2026-01-18 16:12:22.935,0.996
2026-01-18 16:12:22.936,0.994
2026-01-18 16:12:22.952,0.996
2026-01-18 16:12:22.967,0.995
2026-01-18 16:12:22.986,0.995
2026-01-18 16:12:22.986,0.995
2026-01-18 16:12:23.001,1.003
2026-01-18 16:12:23.018,1.003
2026-01-18 16:12:23.035,0.999
2026-01-18 16:12:23.035,0.998
2026-01-18 16:12:23.051,0.995
2026-01-18 16:12:23.067,0.998
2026-01-18 16:12:23.067,0.993
2026-01-18 16:12:23.085,0.986
2026-01-18 16:12:23.102,0.991
2026-01-18 16:12:23.124,0.992
2026-01-18 16:12:23.124,0.998
2026-01-18 16:12:23.134,1.0
2026-01-18 16:12:23.152,1.0
2026-01-18 16:12:23.152,0.998
2026-01-18 16:12:23.167,0.996
2026-01-18 16:12:23.185,0.991
2026-01-18 16:12:23.202,0.992
2026-01-18 16:12:23.202,0.99
2026-01-18 16:12:23.219,0.99
2026-01-18 16:12:23.235,0.998
2026-01-18 16:12:23.236,0.994
2026-01-18 16:12:23.250,0.992
2026-01-18 16:12:23.268,0.994
2026-01-18 16:12:23.284,1.0
2026-01-18 16:12:23.284,0.998
2026-01-18 16:12:23.301,0.993
2026-01-18 16:12:23.317,0.993
2026-01-18 16:12:23.336,0.992
2026-01-18 16:12:23.336,0.991
2026-01-18 16:12:23.352,0.998
2026-01-18 16:12:23.368,1.002
2026-01-18 16:12:23.368,1.008
2026-01-18 16:12:23.384,1.009
2026-01-18 16:12:23.401,1.006
2026-01-18 16:12:23.418,1.007
2026-01-18 16:12:23.418,1.012
2026-01-18 16:12:23.434,1.008
2026-01-18 16:12:23.451,1.003
2026-01-18 16:12:23.452,1.005
2026-01-18 16:12:23.466,1.001
2026-01-18 16:12:23.485,0.999
2026-01-18 16:12:23.502,0.995
2026-01-18 16:12:23.502,0.991
2026-01-18 16:12:23.516,0.992
2026-01-18 16:12:23.536,0.993
2026-01-18 16:12:23.537,0.995
2026-01-18 16:12:23.551,1.001
2026-01-18 16:12:23.567,1.005
2026-01-18 16:12:23.585,1.002
2026-01-18 16:12:23.585,1.003
2026-01-18 16:12:23.602,1.004
2026-01-18 16:12:23.617,1.002
2026-01-18 16:12:23.633,1.001
2026-01-18 16:12:23.633,0.997
2026-01-18 16:12:23.651,1.0
2026-01-18 16:12:23.667,0.997
2026-01-18 16:12:23.668,0.995
2026-01-18 16:12:23.682,0.992
2026-01-18 16:12:23.700,0.995
2026-01-18 16:12:23.717,0.997
2026-01-18 16:12:23.718,0.996
2026-01-18 16:12:23.733,0.993
2026-01-18 16:12:23.751,0.99
2026-01-18 16:12:23.767,0.994
2026-01-18 16:12:23.768,0.995
2026-01-18 16:12:23.783,1.0
2026-01-18 16:12:23.800,1.003
2026-01-18 16:12:23.800,1.003
2026-01-18 16:12:23.817,1.004
2026-01-18 16:12:23.834,0.999
2026-01-18 16:12:23.851,0.997
2026-01-18 16:12:23.851,0.995
2026-01-18 16:12:23.868,0.999
2026-01-18 16:12:23.896,0.998
2026-01-18 16:12:23.896,0.992
2026-01-18 16:12:23.897,0.991
2026-01-18 16:12:23.917,0.995
2026-01-18 16:12:23.935,0.995
2026-01-18 16:12:23.936,0.996
2026-01-18 16:12:23.951,0.994
2026-01-18 16:12:23.967,0.994
2026-01-18 16:12:23.968,0.993
2026-01-18 16:12:23.985,0.999
2026-01-18 16:12:24.001,1.0
2026-01-18 16:12:24.017,0.998
2026-01-18 16:12:24.017,1.001
2026-01-18 16:12:24.035,0.999
2026-01-18 16:12:24.052,0.997
2026-01-18 16:12:24.053,0.997
2026-01-18 16:12:24.068,1.0
2026-01-18 16:12:24.085,0.997
2026-01-18 16:12:24.101,1.001
2026-01-18 16:12:24.102,0.998
2026-01-18 16:12:24.117,0.992
2026-01-18 16:12:24.141,0.99
2026-01-18 16:12:24.141,0.995
2026-01-18 16:12:24.167,0.996
2026-01-18 16:12:24.186,0.999
2026-01-18 16:12:24.186,1.006
2026-01-18 16:12:24.201,1.008
2026-01-18 16:12:24.219,0.999
2026-01-18 16:12:24.219,0.993
2026-01-18 16:12:24.234,0.996
2026-01-18 16:12:24.252,0.999
2026-01-18 16:12:24.268,0.997
2026-01-18 16:12:24.268,1.002
2026-01-18 16:12:24.283,0.998
2026-01-18 16:12:24.302,0.996
2026-01-18 16:12:24.318,0.99
2026-01-18 16:12:24.319,0.988
2026-01-18 16:12:24.333,0.993
2026-01-18 16:12:24.351,0.996
2026-01-18 16:12:24.351,0.991
2026-01-18 16:12:24.368,0.988
2026-01-18 16:12:24.385,0.988
2026-01-18 16:12:24.400,0.988
2026-01-18 16:12:24.401,0.987
2026-01-18 16:12:24.416,0.985
2026-01-18 16:12:24.434,0.988
2026-01-18 16:12:24.451,0.987
2026-01-18 16:12:24.452,0.986
2026-01-18 16:12:24.467,0.986
2026-01-18 16:12:24.484,0.991
2026-01-18 16:12:24.485,0.985
2026-01-18 16:12:24.501,0.987
2026-01-18 16:12:24.517,0.993
2026-01-18 16:12:24.534,0.992
2026-01-18 16:12:24.535,0.997
2026-01-18 16:12:24.551,0.998
2026-01-18 16:12:24.568,0.996
2026-01-18 16:12:24.568,1.003
2026-01-18 16:12:24.584,1.002
2026-01-18 16:12:24.602,0.996
2026-01-18 16:12:24.617,0.996
2026-01-18 16:12:24.634,0.998
2026-01-18 16:12:24.651,0.998
2026-01-18 16:12:24.666,0.997
2026-01-18 16:12:24.668,0.998
2026-01-18 16:12:24.685,0.998
2026-01-18 16:12:24.701,0.998
2026-01-18 16:12:24.701,1.001
2026-01-18 16:12:24.717,1.002
2026-01-18 16:12:24.733,1.0
2026-01-18 16:12:24.751,0.999
2026-01-18 16:12:24.751,1.001
2026-01-18 16:12:24.767,1.004
2026-01-18 16:12:24.784,1.002
2026-01-18 16:12:24.784,0.998
2026-01-18 16:12:24.802,0.995
2026-01-18 16:12:24.818,0.996
2026-01-18 16:12:24.834,0.992
2026-01-18 16:12:24.834,0.997
2026-01-18 16:12:24.852,0.993
2026-01-18 16:12:24.868,0.991
2026-01-18 16:12:24.868,0.996
2026-01-18 16:12:24.884,0.995
2026-01-18 16:12:24.900,0.996
2026-01-18 16:12:24.917,0.996
2026-01-18 16:12:24.918,1.004
2026-01-18 16:12:24.934,1.0
2026-01-18 16:12:24.952,0.996
2026-01-18 16:12:24.952,0.99
2026-01-18 16:12:24.968,0.989
2026-01-18 16:12:24.984,0.995
2026-01-18 16:12:25.002,0.993
2026-01-18 16:12:25.002,0.991
2026-01-18 16:12:25.018,0.993
2026-01-18 16:12:25.034,0.991
2026-01-18 16:12:25.051,0.994
2026-01-18 16:12:25.051,0.996
2026-01-18 16:12:25.069,0.997
2026-01-18 16:12:25.084,0.997
2026-01-18 16:12:25.084,0.996
2026-01-18 16:12:25.101,0.994
2026-01-18 16:12:25.117,0.996
2026-01-18 16:12:25.140,0.995
2026-01-18 16:12:25.140,0.998
2026-01-18 16:12:25.150,1.002
2026-01-18 16:12:25.168,1.004
2026-01-18 16:12:25.168,1.001
2026-01-18 16:12:25.183,0.998
2026-01-18 16:12:25.201,0.998
2026-01-18 16:12:25.220,1.001
2026-01-18 16:12:25.220,1.001
2026-01-18 16:12:25.234,1.0
2026-01-18 16:12:25.262,0.995
2026-01-18 16:12:25.263,0.996
2026-01-18 16:12:25.263,0.993
2026-01-18 16:12:25.285,0.999
2026-01-18 16:12:25.300,1.0
2026-01-18 16:12:25.300,0.999
2026-01-18 16:12:25.318,0.998
2026-01-18 16:12:25.334,0.994
2026-01-18 16:12:25.351,0.996
2026-01-18 16:12:25.351,1.0
2026-01-18 16:12:25.368,0.997
2026-01-18 16:12:25.384,0.998
2026-01-18 16:12:25.384,0.995
2026-01-18 16:12:25.402,0.998
2026-01-18 16:12:25.418,1.003
2026-01-18 16:12:25.434,1.005
2026-01-18 16:12:25.434,0.998
2026-01-18 16:12:25.452,1.001
2026-01-18 16:12:25.467,1.001
2026-01-18 16:12:25.468,0.997
2026-01-18 16:12:25.484,1.004
2026-01-18 16:12:25.501,0.997
2026-01-18 16:12:25.518,0.998
2026-01-18 16:12:25.518,1.001
2026-01-18 16:12:25.535,1.001
2026-01-18 16:12:25.551,0.999
2026-01-18 16:12:25.551,0.998
2026-01-18 16:12:25.567,1.0
2026-01-18 16:12:25.585,1.002
2026-01-18 16:12:25.601,1.003
2026-01-18 16:12:25.602,1.002
2026-01-18 16:12:25.617,1.0
2026-01-18 16:12:25.638,1.001
2026-01-18 16:12:25.639,1.001
2026-01-18 16:12:25.653,1.006
2026-01-18 16:12:25.667,1.005
2026-01-18 16:12:25.683,1.008
2026-01-18 16:12:25.683,1.003
2026-01-18 16:12:25.700,1.006
2026-01-18 16:12:25.716,1.005
2026-01-18 16:12:25.735,1.004
2026-01-18 16:12:25.735,1.0
2026-01-18 16:12:25.750,1.0
2026-01-18 16:12:25.767,1.003
2026-01-18 16:12:25.767,1.002
2026-01-18 16:12:25.784,1.001
2026-01-18 16:12:25.801,1.007
2026-01-18 16:12:25.818,1.005
2026-01-18 16:12:25.818,1.0
2026-01-18 16:12:25.835,1.004
2026-01-18 16:12:25.850,1.001
2026-01-18 16:12:25.851,0.999
2026-01-18 16:12:25.867,1.0
2026-01-18 16:12:25.883,1.002
2026-01-18 16:12:25.901,1.003
2026-01-18 16:12:25.901,1.0
2026-01-18 16:12:25.915,0.999
2026-01-18 16:12:25.933,1.0
2026-01-18 16:12:25.950,0.999
2026-01-18 16:12:25.951,1.001
2026-01-18 16:12:25.967,1.003
2026-01-18 16:12:25.982,1.002
2026-01-18 16:12:25.983,1.002
2026-01-18 16:12:26.000,1.003
2026-01-18 16:12:26.016,1.005
2026-01-18 16:12:26.033,1.006
2026-01-18 16:12:26.033,1.007
2026-01-18 16:12:26.050,1.003
2026-01-18 16:12:26.067,1.004
2026-01-18 16:12:26.083,1.002
2026-01-18 16:12:26.083,0.997
2026-01-18 16:12:26.100,0.998
2026-01-18 16:12:26.123,0.997
2026-01-18 16:12:26.123,1.001
2026-01-18 16:12:26.134,1.006
2026-01-18 16:12:26.150,1.004
2026-01-18 16:12:26.166,1.001
2026-01-18 16:12:26.167,1.0
2026-01-18 16:12:26.183,1.0
2026-01-18 16:12:26.199,1.007
2026-01-18 16:12:26.199,1.001
2026-01-18 16:12:26.216,1.002
2026-01-18 16:12:26.233,1.005
2026-01-18 16:12:26.249,1.003
2026-01-18 16:12:26.249,1.005
2026-01-18 16:12:26.267,1.002
2026-01-18 16:12:26.282,1.003
2026-01-18 16:12:26.282,1.003
2026-01-18 16:12:26.300,1.001
2026-01-18 16:12:26.316,1.0
2026-01-18 16:12:26.333,1.0
2026-01-18 16:12:26.334,0.999
2026-01-18 16:12:26.350,1.003
2026-01-18 16:12:26.367,1.004
2026-01-18 16:12:26.367,1.0
2026-01-18 16:12:26.382,0.994
2026-01-18 16:12:26.400,0.989
2026-01-18 16:12:26.417,0.995
2026-01-18 16:12:26.417,0.995
2026-01-18 16:12:26.434,0.997
2026-01-18 16:12:26.451,0.991
2026-01-18 16:12:26.467,0.991
2026-01-18 16:12:26.468,0.993
2026-01-18 16:12:26.485,0.991
2026-01-18 16:12:26.501,0.992
2026-01-18 16:12:26.501,0.993
2026-01-18 16:12:26.517,0.997
2026-01-18 16:12:26.535,0.998
2026-01-18 16:12:26.550,0.996
2026-01-18 16:12:26.551,0.998
2026-01-18 16:12:26.567,0.996
2026-01-18 16:12:26.586,1.0
2026-01-18 16:12:26.586,0.998
2026-01-18 16:12:26.625,0.997
2026-01-18 16:12:26.626,0.996
2026-01-18 16:12:26.626,0.996
2026-01-18 16:12:26.637,0.996
2026-01-18 16:12:26.651,0.997
2026-01-18 16:12:26.667,0.997
2026-01-18 16:12:26.668,0.993
2026-01-18 16:12:26.686,0.996
2026-01-18 16:12:26.701,1.001
2026-01-18 16:12:26.717,0.999
2026-01-18 16:12:26.718,0.999
2026-01-18 16:12:26.735,0.998
2026-01-18 16:12:26.751,0.995
2026-01-18 16:12:26.751,0.993
2026-01-18 16:12:26.767,0.997
2026-01-18 16:12:26.784,0.994
2026-01-18 16:12:26.801,0.996
2026-01-18 16:12:26.802,0.995
2026-01-18 16:12:26.817,0.997
2026-01-18 16:12:26.834,1.0
2026-01-18 16:12:26.835,1.001
2026-01-18 16:12:26.849,1.004
2026-01-18 16:12:26.866,1.0
2026-01-18 16:12:26.883,1.007
2026-01-18 16:12:26.884,1.004
2026-01-18 16:12:26.900,1.004
2026-01-18 16:12:26.917,1.004
2026-01-18 16:12:26.934,1.003
2026-01-18 16:12:26.934,1.005
2026-01-18 16:12:26.950,1.004
2026-01-18 16:12:26.967,1.001
2026-01-18 16:12:26.967,1.006
2026-01-18 16:12:26.983,1.006
2026-01-18 16:12:27.000,1.005
2026-01-18 16:12:27.018,1.008
2026-01-18 16:12:27.018,1.004
2026-01-18 16:12:27.034,1.0
2026-01-18 16:12:27.050,1.002
2026-01-18 16:12:27.066,0.999
2026-01-18 16:12:27.067,1.004
2026-01-18 16:12:27.082,1.007
2026-01-18 16:12:27.100,1.005
2026-01-18 16:12:27.100,0.997
2026-01-18 16:12:27.116,0.996
2026-01-18 16:12:27.140,1.002
2026-01-18 16:12:27.140,1.003
2026-01-18 16:12:27.150,0.997
2026-01-18 16:12:27.166,0.996
2026-01-18 16:12:27.183,0.994
2026-01-18 16:12:27.184,1.0
2026-01-18 16:12:27.200,1.0
2026-01-18 16:12:27.217,1.001
2026-01-18 16:12:27.234,0.996
2026-01-18 16:12:27.234,0.997
2026-01-18 16:12:27.251,0.995
2026-01-18 16:12:27.267,0.995
2026-01-18 16:12:27.267,0.993
2026-01-18 16:12:27.283,0.992
2026-01-18 16:12:27.301,0.993
2026-01-18 16:12:27.317,0.993
2026-01-18 16:12:27.317,0.997
2026-01-18 16:12:27.334,0.997
2026-01-18 16:12:27.350,0.995
2026-01-18 16:12:27.367,0.998
2026-01-18 16:12:27.367,0.991
2026-01-18 16:12:27.384,0.987
2026-01-18 16:12:27.400,0.99
2026-01-18 16:12:27.401,0.99
2026-01-18 16:12:27.417,0.992
2026-01-18 16:12:27.433,0.993
2026-01-18 16:12:27.451,0.995
2026-01-18 16:12:27.451,0.996
2026-01-18 16:12:27.467,0.996
2026-01-18 16:12:27.485,0.991
2026-01-18 16:12:27.485,0.995
2026-01-18 16:12:27.502,0.995
2026-01-18 16:12:27.517,0.997
2026-01-18 16:12:27.535,1.002
2026-01-18 16:12:27.535,1.003
2026-01-18 16:12:27.551,0.996
2026-01-18 16:12:27.566,0.995
2026-01-18 16:12:27.567,1.0
2026-01-18 16:12:27.584,0.998
2026-01-18 16:12:27.601,0.994
2026-01-18 16:12:27.617,0.99
2026-01-18 16:12:27.617,0.989
2026-01-18 16:12:27.634,0.991
2026-01-18 16:12:27.652,0.992
2026-01-18 16:12:27.652,0.994
2026-01-18 16:12:27.666,0.995
2026-01-18 16:12:27.683,0.998
2026-01-18 16:12:27.700,0.996
2026-01-18 16:12:27.700,0.991
2026-01-18 16:12:27.717,0.991
2026-01-18 16:12:27.735,0.99
2026-01-18 16:12:27.735,0.991
2026-01-18 16:12:27.750,0.993
2026-01-18 16:12:27.768,0.999
2026-01-18 16:12:27.786,0.996
2026-01-18 16:12:27.786,0.996
2026-01-18 16:12:27.800,0.995
2026-01-18 16:12:27.817,0.989
2026-01-18 16:12:27.833,0.991
2026-01-18 16:12:27.835,0.992
2026-01-18 16:12:27.851,0.997
2026-01-18 16:12:27.867,0.992
2026-01-18 16:12:27.867,0.994
2026-01-18 16:12:27.884,0.989
2026-01-18 16:12:27.901,0.989
2026-01-18 16:12:27.916,0.988
2026-01-18 16:12:27.917,0.987
2026-01-18 16:12:27.934,0.99
2026-01-18 16:12:27.951,0.987
2026-01-18 16:12:27.951,0.986
2026-01-18 16:12:27.990,0.988
2026-01-18 16:12:27.991,0.992
2026-01-18 16:12:27.991,0.992
2026-01-18 16:12:28.018,0.996
2026-01-18 16:12:28.018,0.995
2026-01-18 16:12:28.033,0.992
2026-01-18 16:12:28.049,0.995
2026-01-18 16:12:28.049,0.999
2026-01-18 16:12:28.067,0.998
2026-01-18 16:12:28.082,1.002
2026-01-18 16:12:28.083,1.004
2026-01-18 16:12:28.100,1.01
2026-01-18 16:12:28.118,1.006
2026-01-18 16:12:28.140,1.0
2026-01-18 16:12:28.140,1.0
2026-01-18 16:12:28.149,0.997
2026-01-18 16:12:28.166,0.999
2026-01-18 16:12:28.182,0.998
2026-01-18 16:12:28.183,0.999
2026-01-18 16:12:28.200,0.997
2026-01-18 16:12:28.217,0.994
2026-01-18 16:12:28.217,0.995
2026-01-18 16:12:28.233,0.996
2026-01-18 16:12:28.250,0.995
2026-01-18 16:12:28.267,0.993
2026-01-18 16:12:28.267,0.997
2026-01-18 16:12:28.284,1.002
2026-01-18 16:12:28.299,0.997
2026-01-18 16:12:28.299,0.993
2026-01-18 16:12:28.317,0.995
2026-01-18 16:12:28.334,0.997
2026-01-18 16:12:28.349,0.998
2026-01-18 16:12:28.350,1.001
2026-01-18 16:12:28.366,0.998
2026-01-18 16:12:28.384,0.991
2026-01-18 16:12:28.384,0.994
2026-01-18 16:12:28.400,0.996
2026-01-18 16:12:28.417,0.997
2026-01-18 16:12:28.434,1.001
2026-01-18 16:12:28.434,0.999
2026-01-18 16:12:28.450,1.001
2026-01-18 16:12:28.466,1.001
2026-01-18 16:12:28.485,1.008
2026-01-18 16:12:28.485,1.005
2026-01-18 16:12:28.500,1.004
2026-01-18 16:12:28.518,0.998
2026-01-18 16:12:28.518,0.996
2026-01-18 16:12:28.534,0.998
2026-01-18 16:12:28.550,0.996
2026-01-18 16:12:28.551,0.988
2026-01-18 16:12:28.566,0.988
2026-01-18 16:12:28.585,0.988
2026-01-18 16:12:28.600,0.987
2026-01-18 16:12:28.600,0.99
2026-01-18 16:12:28.617,0.989
2026-01-18 16:12:28.633,0.992
2026-01-18 16:12:28.651,0.994
2026-01-18 16:12:28.651,0.993
2026-01-18 16:12:28.667,0.999
2026-01-18 16:12:28.684,0.999
2026-01-18 16:12:28.684,1.0
2026-01-18 16:12:28.701,1.004
2026-01-18 16:12:28.717,1.005
2026-01-18 16:12:28.732,0.998
2026-01-18 16:12:28.733,0.996
2026-01-18 16:12:28.751,0.997
2026-01-18 16:12:28.767,0.997
2026-01-18 16:12:28.768,1.0
2026-01-18 16:12:28.785,0.995
2026-01-18 16:12:28.801,1.001
2026-01-18 16:12:28.816,1.002
2026-01-18 16:12:28.817,1.005
2026-01-18 16:12:28.834,1.001
2026-01-18 16:12:28.851,0.996
2026-01-18 16:12:28.866,0.993
2026-01-18 16:12:28.867,0.997
2026-01-18 16:12:28.883,1.001
2026-01-18 16:12:28.900,1.0
2026-01-18 16:12:28.903,0.996
2026-01-18 16:12:28.917,1.001
2026-01-18 16:12:28.934,1.004
2026-01-18 16:12:28.950,1.004
2026-01-18 16:12:28.950,1.0
2026-01-18 16:12:28.967,1.0
2026-01-18 16:12:28.983,1.0
2026-01-18 16:12:28.984,1.003
2026-01-18 16:12:29.000,1.002
2026-01-18 16:12:29.016,0.999
2026-01-18 16:12:29.035,1.0
2026-01-18 16:12:29.035,0.996
2026-01-18 16:12:29.049,1.001
2026-01-18 16:12:29.066,1.004
2026-01-18 16:12:29.084,1.0
2026-01-18 16:12:29.084,0.997
2026-01-18 16:12:29.100,0.997
2026-01-18 16:12:29.117,0.995
2026-01-18 16:12:29.117,0.994
2026-01-18 16:12:29.134,0.995
2026-01-18 16:12:29.156,0.997
2026-01-18 16:12:29.156,0.997
2026-01-18 16:12:29.166,0.996
2026-01-18 16:12:29.183,0.995
2026-01-18 16:12:29.201,0.991
2026-01-18 16:12:29.201,0.99
2026-01-18 16:12:29.217,0.991
2026-01-18 16:12:29.234,0.996
2026-01-18 16:12:29.250,0.997
2026-01-18 16:12:29.250,0.998
2026-01-18 16:12:29.267,0.996
2026-01-18 16:12:29.283,0.998
2026-01-18 16:12:29.283,0.998
2026-01-18 16:12:29.300,0.996
2026-01-18 16:12:29.316,0.991
2026-01-18 16:12:29.379,0.99
2026-01-18 16:12:29.380,0.99
2026-01-18 16:12:29.381,0.99
2026-01-18 16:12:29.381,0.994
2026-01-18 16:12:29.382,0.993
2026-01-18 16:12:29.382,0.996
2026-01-18 16:12:29.400,0.998
2026-01-18 16:12:29.417,0.998
2026-01-18 16:12:29.417,0.998
2026-01-18 16:12:29.434,0.995
2026-01-18 16:12:29.450,0.995
2026-01-18 16:12:29.451,0.993
2026-01-18 16:12:29.467,0.997
2026-01-18 16:12:29.484,0.997
2026-01-18 16:12:29.500,1.003
2026-01-18 16:12:29.500,1.001
2026-01-18 16:12:29.517,0.999
2026-01-18 16:12:29.534,1.002
2026-01-18 16:12:29.535,0.998
2026-01-18 16:12:29.551,0.997
2026-01-18 16:12:29.566,0.999
2026-01-18 16:12:29.584,1.003
2026-01-18 16:12:29.584,0.997
2026-01-18 16:12:29.601,0.999
2026-01-18 16:12:29.618,0.998
2026-01-18 16:12:29.633,1.001
2026-01-18 16:12:29.633,1.001
2026-01-18 16:12:29.651,1.003
2026-01-18 16:12:29.666,1.005
2026-01-18 16:12:29.667,1.003
2026-01-18 16:12:29.684,1.002
2026-01-18 16:12:29.700,1.005
2026-01-18 16:12:29.716,1.007
2026-01-18 16:12:29.717,1.004
2026-01-18 16:12:29.732,1.0
2026-01-18 16:12:29.749,1.001
2026-01-18 16:12:29.765,1.001
2026-01-18 16:12:29.765,1.003
2026-01-18 16:12:29.782,1.001
2026-01-18 16:12:29.799,1.001
2026-01-18 16:12:29.799,1.001
2026-01-18 16:12:29.817,1.006
2026-01-18 16:12:29.834,1.007
2026-01-18 16:12:29.851,1.006
2026-01-18 16:12:29.851,1.011
2026-01-18 16:12:29.867,1.01
2026-01-18 16:12:29.883,1.011
2026-01-18 16:12:29.883,1.012
2026-01-18 16:12:29.900,1.011
2026-01-18 16:12:29.918,1.006
2026-01-18 16:12:29.933,1.005
2026-01-18 16:12:29.934,1.007
2026-01-18 16:12:29.949,1.005
2026-01-18 16:12:29.966,1.002
2026-01-18 16:12:29.967,1.007
2026-01-18 16:12:29.984,1.009
2026-01-18 16:12:30.000,1.005
2026-01-18 16:12:30.016,1.006
2026-01-18 16:12:30.016,1.006
2026-01-18 16:12:30.033,1.004
2026-01-18 16:12:30.051,1.0
2026-01-18 16:12:30.052,1.001
2026-01-18 16:12:30.067,1.001
2026-01-18 16:12:30.083,1.001
2026-01-18 16:12:30.101,1.004
2026-01-18 16:12:30.101,1.002
2026-01-18 16:12:30.116,1.0
2026-01-18 16:12:30.133,1.002
2026-01-18 16:12:30.156,1.006
2026-01-18 16:12:30.156,1.004
2026-01-18 16:12:30.167,1.002
2026-01-18 16:12:30.184,1.002
2026-01-18 16:12:30.185,1.003
2026-01-18 16:12:30.200,1.001
2026-01-18 16:12:30.217,1.004
2026-01-18 16:12:30.233,1.007
2026-01-18 16:12:30.233,1.006
2026-01-18 16:12:30.251,1.003
2026-01-18 16:12:30.267,1.008
2026-01-18 16:12:30.268,1.007
2026-01-18 16:12:30.283,1.004
2026-01-18 16:12:30.300,0.999
2026-01-18 16:12:30.317,1.001
2026-01-18 16:12:30.317,1.001
2026-01-18 16:12:30.333,0.999
2026-01-18 16:12:30.349,0.998
2026-01-18 16:12:30.365,0.998
2026-01-18 16:12:30.366,1.001
2026-01-18 16:12:30.383,1.002
2026-01-18 16:12:30.400,0.998
2026-01-18 16:12:30.400,1.0
2026-01-18 16:12:30.417,1.004
2026-01-18 16:12:30.432,1.003
2026-01-18 16:12:30.449,1.007
2026-01-18 16:12:30.449,1.005
2026-01-18 16:12:30.466,1.003
2026-01-18 16:12:30.483,1.005
2026-01-18 16:12:30.483,1.007
2026-01-18 16:12:30.499,1.005
2026-01-18 16:12:30.515,1.005
2026-01-18 16:12:30.532,1.005
2026-01-18 16:12:30.533,1.004
2026-01-18 16:12:30.549,1.006
2026-01-18 16:12:30.567,1.01
2026-01-18 16:12:30.567,1.01
2026-01-18 16:12:30.582,1.009
2026-01-18 16:12:30.599,1.007
2026-01-18 16:12:30.616,1.008
2026-01-18 16:12:30.617,1.007
2026-01-18 16:12:30.632,1.009
2026-01-18 16:12:30.649,1.01
2026-01-18 16:12:30.665,1.006
2026-01-18 16:12:30.666,1.01
2026-01-18 16:12:30.682,1.008
2026-01-18 16:12:30.722,1.008
2026-01-18 16:12:30.722,1.005
2026-01-18 16:12:30.722,1.001
2026-01-18 16:12:30.731,1.001
2026-01-18 16:12:30.749,1.006
2026-01-18 16:12:30.750,1.0
2026-01-18 16:12:30.766,1.002
2026-01-18 16:12:30.783,1.004
2026-01-18 16:12:30.783,1.005
2026-01-18 16:12:30.799,1.01
2026-01-18 16:12:30.817,1.007
2026-01-18 16:12:30.834,1.006
2026-01-18 16:12:30.834,1.007
2026-01-18 16:12:30.849,1.006
2026-01-18 16:12:30.866,1.005
2026-01-18 16:12:30.883,1.007
2026-01-18 16:12:30.883,1.006
2026-01-18 16:12:30.900,1.009
2026-01-18 16:12:30.917,1.009
2026-01-18 16:12:30.917,1.017
2026-01-18 16:12:30.932,1.017
2026-01-18 16:12:30.948,1.016
2026-01-18 16:12:30.967,1.015
2026-01-18 16:12:30.967,1.012
2026-01-18 16:12:30.982,1.007
2026-01-18 16:12:31.000,1.006
2026-01-18 16:12:31.000,1.0
2026-01-18 16:12:31.017,1.0
2026-01-18 16:12:31.033,0.999
2026-01-18 16:12:31.049,1.001
2026-01-18 16:12:31.050,1.003
2026-01-18 16:12:31.066,1.006
2026-01-18 16:12:31.082,1.008
2026-01-18 16:12:31.083,1.005
2026-01-18 16:12:31.100,1.01
2026-01-18 16:12:31.116,1.011
2026-01-18 16:12:31.132,1.007
2026-01-18 16:12:31.132,1.007
2026-01-18 16:12:31.155,1.009
2026-01-18 16:12:31.155,1.007
2026-01-18 16:12:31.168,1.006
2026-01-18 16:12:31.182,1.01
2026-01-18 16:12:31.199,1.005
2026-01-18 16:12:31.215,1.002
2026-01-18 16:12:31.216,1.001
2026-01-18 16:12:31.232,0.998
2026-01-18 16:12:31.249,0.999
2026-01-18 16:12:31.266,0.999
2026-01-18 16:12:31.266,1.0
2026-01-18 16:12:31.282,0.999
2026-01-18 16:12:31.299,1.002
2026-01-18 16:12:31.300,1.006
2026-01-18 16:12:31.316,1.007
2026-01-18 16:12:31.333,1.01
2026-01-18 16:12:31.350,1.005
2026-01-18 16:12:31.350,1.001
2026-01-18 16:12:31.366,1.007
2026-01-18 16:12:31.384,1.006
2026-01-18 16:12:31.384,1.004
2026-01-18 16:12:31.398,1.012
2026-01-18 16:12:31.415,1.014
2026-01-18 16:12:31.432,1.009
2026-01-18 16:12:31.432,1.013
2026-01-18 16:12:31.449,1.01
2026-01-18 16:12:31.466,1.004
2026-01-18 16:12:31.482,1.003
2026-01-18 16:12:31.483,1.002
2026-01-18 16:12:31.499,1.003
2026-01-18 16:12:31.516,1.005
2026-01-18 16:12:31.517,0.998
2026-01-18 16:12:31.533,1.002
2026-01-18 16:12:31.549,1.002
2026-01-18 16:12:31.565,0.999
2026-01-18 16:12:31.565,1.001
2026-01-18 16:12:31.583,0.999
2026-01-18 16:12:31.600,0.997
2026-01-18 16:12:31.600,0.999
2026-01-18 16:12:31.616,0.999
2026-01-18 16:12:31.633,1.0
2026-01-18 16:12:31.649,1.0
2026-01-18 16:12:31.649,0.994
2026-01-18 16:12:31.665,0.999
2026-01-18 16:12:31.683,0.999
2026-01-18 16:12:31.684,0.998
2026-01-18 16:12:31.699,0.999
2026-01-18 16:12:31.716,1.002
2026-01-18 16:12:31.733,0.998
2026-01-18 16:12:31.733,0.992
2026-01-18 16:12:31.750,0.994
2026-01-18 16:12:31.766,0.996
2026-01-18 16:12:31.783,0.997
2026-01-18 16:12:31.783,0.997
2026-01-18 16:12:31.800,0.994
2026-01-18 16:12:31.816,0.995
2026-01-18 16:12:31.816,0.994
2026-01-18 16:12:31.833,0.993
2026-01-18 16:12:31.850,0.996
2026-01-18 16:12:31.866,0.995
2026-01-18 16:12:31.866,0.995
2026-01-18 16:12:31.882,1.0
2026-01-18 16:12:31.898,0.997
2026-01-18 16:12:31.915,0.997
2026-01-18 16:12:31.915,0.998
2026-01-18 16:12:31.932,0.997
2026-01-18 16:12:31.949,0.999
2026-01-18 16:12:31.949,0.999
2026-01-18 16:12:31.966,0.998
2026-01-18 16:12:31.982,1.001
2026-01-18 16:12:32.000,0.998
2026-01-18 16:12:32.000,1.0
2026-01-18 16:12:32.016,1.0
2026-01-18 16:12:32.033,0.999
2026-01-18 16:12:32.033,1.002
2026-01-18 16:12:32.075,1.001
2026-01-18 16:12:32.075,1.003
2026-01-18 16:12:32.075,1.004
2026-01-18 16:12:32.082,1.005
2026-01-18 16:12:32.100,1.001
2026-01-18 16:12:32.116,1.002
2026-01-18 16:12:32.116,1.006
2026-01-18 16:12:32.133,1.005
2026-01-18 16:12:32.156,1.001
2026-01-18 16:12:32.156,1.005
2026-01-18 16:12:32.166,1.002
2026-01-18 16:12:32.185,1.001
2026-01-18 16:12:32.199,0.999
2026-01-18 16:12:32.200,1.0
2026-01-18 16:12:32.217,0.999
2026-01-18 16:12:32.233,0.999
2026-01-18 16:12:32.249,1.004
2026-01-18 16:12:32.249,1.008
2026-01-18 16:12:32.265,1.005
2026-01-18 16:12:32.283,1.008
2026-01-18 16:12:32.283,1.011
2026-01-18 16:12:32.299,1.005
2026-01-18 16:12:32.316,1.004
2026-01-18 16:12:32.332,1.0
2026-01-18 16:12:32.332,0.998
2026-01-18 16:12:32.348,0.998
2026-01-18 16:12:32.364,1.001
2026-01-18 16:12:32.381,1.006
2026-01-18 16:12:32.382,1.003
2026-01-18 16:12:32.399,1.003
2026-01-18 16:12:32.415,1.006
2026-01-18 16:12:32.415,1.005
2026-01-18 16:12:32.432,1.002
2026-01-18 16:12:32.449,1.002
2026-01-18 16:12:32.465,1.003
2026-01-18 16:12:32.466,1.002
2026-01-18 16:12:32.483,0.999
2026-01-18 16:12:32.498,1.003
2026-01-18 16:12:32.499,1.007
2026-01-18 16:12:32.515,1.006
2026-01-18 16:12:32.532,1.005
2026-01-18 16:12:32.548,1.007
2026-01-18 16:12:32.549,1.006
2026-01-18 16:12:32.566,1.007
2026-01-18 16:12:32.583,1.009
2026-01-18 16:12:32.598,1.013
2026-01-18 16:12:32.599,1.012
2026-01-18 16:12:32.616,1.013
2026-01-18 16:12:32.632,1.011
2026-01-18 16:12:32.633,1.013
2026-01-18 16:12:32.648,1.013
2026-01-18 16:12:32.665,1.014
2026-01-18 16:12:32.682,1.02
2026-01-18 16:12:32.682,1.016
2026-01-18 16:12:32.699,1.013
2026-01-18 16:12:32.716,1.013
2026-01-18 16:12:32.716,1.016
2026-01-18 16:12:32.733,1.011
2026-01-18 16:12:32.748,1.008
2026-01-18 16:12:32.766,1.008
2026-01-18 16:12:32.766,1.006
2026-01-18 16:12:32.782,1.005
2026-01-18 16:12:32.799,1.004
2026-01-18 16:12:32.800,1.003
2026-01-18 16:12:32.816,1.005
2026-01-18 16:12:32.831,1.005
2026-01-18 16:12:32.849,1.007
2026-01-18 16:12:32.849,1.01
2026-01-18 16:12:32.865,1.005
2026-01-18 16:12:32.882,1.011
2026-01-18 16:12:32.899,1.016
2026-01-18 16:12:32.899,1.018
2026-01-18 16:12:32.916,1.011
2026-01-18 16:12:32.932,1.012
2026-01-18 16:12:32.932,1.01
2026-01-18 16:12:32.948,1.01
2026-01-18 16:12:32.964,1.007
2026-01-18 16:12:32.981,1.003
2026-01-18 16:12:32.982,1.002
2026-01-18 16:12:32.999,1.005
2026-01-18 16:12:33.015,1.003
2026-01-18 16:12:33.015,1.001
2026-01-18 16:12:33.032,1.0
2026-01-18 16:12:33.049,1.002
2026-01-18 16:12:33.065,1.001
2026-01-18 16:12:33.066,1.006
2026-01-18 16:12:33.081,1.008
2026-01-18 16:12:33.098,1.003
2026-01-18 16:12:33.115,0.998
2026-01-18 16:12:33.115,0.999
2026-01-18 16:12:33.131,0.997
2026-01-18 16:12:33.148,0.995
2026-01-18 16:12:33.148,0.996
2026-01-18 16:12:33.171,0.999
2026-01-18 16:12:33.171,1.0
2026-01-18 16:12:33.198,0.998
2026-01-18 16:12:33.198,0.995
2026-01-18 16:12:33.216,0.996
2026-01-18 16:12:33.231,0.998
2026-01-18 16:12:33.231,1.001
2026-01-18 16:12:33.248,1.004
2026-01-18 16:12:33.265,1.006
2026-01-18 16:12:33.281,1.003
2026-01-18 16:12:33.281,1.0
2026-01-18 16:12:33.298,0.998
2026-01-18 16:12:33.315,0.998
2026-01-18 16:12:33.315,1.001
2026-01-18 16:12:33.331,0.996
2026-01-18 16:12:33.348,0.997
2026-01-18 16:12:33.364,0.997
2026-01-18 16:12:33.365,0.997
2026-01-18 16:12:33.382,0.995
2026-01-18 16:12:33.399,0.991
2026-01-18 16:12:33.400,0.989
2026-01-18 16:12:33.435,0.991
2026-01-18 16:12:33.436,0.992
2026-01-18 16:12:33.436,0.989
2026-01-18 16:12:33.449,0.988
2026-01-18 16:12:33.465,0.992
2026-01-18 16:12:33.482,0.995
2026-01-18 16:12:33.498,0.993
2026-01-18 16:12:33.498,0.994
2026-01-18 16:12:33.516,0.994
2026-01-18 16:12:33.531,0.992
2026-01-18 16:12:33.531,0.994
2026-01-18 16:12:33.548,0.997
2026-01-18 16:12:33.564,0.997
2026-01-18 16:12:33.581,1.002
2026-01-18 16:12:33.582,1.005
2026-01-18 16:12:33.598,1.003
2026-01-18 16:12:33.614,1.007
2026-01-18 16:12:33.614,1.003
2026-01-18 16:12:33.631,0.999
2026-01-18 16:12:33.648,1.003
2026-01-18 16:12:33.665,1.005
2026-01-18 16:12:33.665,1.001
2026-01-18 16:12:33.681,1.0
2026-01-18 16:12:33.698,1.0
2026-01-18 16:12:33.715,1.0
2026-01-18 16:12:33.715,0.996
2026-01-18 16:12:33.732,0.997
2026-01-18 16:12:33.748,0.997
2026-01-18 16:12:33.748,1.003
2026-01-18 16:12:33.765,1.004
2026-01-18 16:12:33.781,1.004
2026-01-18 16:12:33.798,1.005
2026-01-18 16:12:33.798,1.005
2026-01-18 16:12:33.814,1.004
2026-01-18 16:12:33.831,1.002
2026-01-18 16:12:33.831,1.0
2026-01-18 16:12:33.848,0.999
2026-01-18 16:12:33.865,1.004
2026-01-18 16:12:33.881,1.0
2026-01-18 16:12:33.881,1.001
2026-01-18 16:12:33.898,0.999
2026-01-18 16:12:33.914,0.999
2026-01-18 16:12:33.914,1.005
2026-01-18 16:12:33.931,1.001
2026-01-18 16:12:33.948,1.001
2026-01-18 16:12:33.964,1.003
2026-01-18 16:12:33.965,0.999
2026-01-18 16:12:33.981,1.002
2026-01-18 16:12:33.998,1.002
2026-01-18 16:12:34.014,1.002
2026-01-18 16:12:34.014,1.001
2026-01-18 16:12:34.031,1.001
2026-01-18 16:12:34.047,1.005
2026-01-18 16:12:34.048,1.004
2026-01-18 16:12:34.067,1.001
2026-01-18 16:12:34.081,0.998
2026-01-18 16:12:34.098,1.001
2026-01-18 16:12:34.099,1.003
2026-01-18 16:12:34.114,1.007
2026-01-18 16:12:34.131,1.006
2026-01-18 16:12:34.131,1.007
2026-01-18 16:12:34.148,1.006
2026-01-18 16:12:34.168,1.002
2026-01-18 16:12:34.168,1.001
2026-01-18 16:12:34.182,0.998
2026-01-18 16:12:34.198,1.001
2026-01-18 16:12:34.214,1.003
2026-01-18 16:12:34.215,1.006
2026-01-18 16:12:34.231,1.007
2026-01-18 16:12:34.248,1.003
2026-01-18 16:12:34.265,1.003
2026-01-18 16:12:34.265,1.0
2026-01-18 16:12:34.281,0.997
2026-01-18 16:12:34.298,0.996
2026-01-18 16:12:34.315,0.998
2026-01-18 16:12:34.315,1.0
2026-01-18 16:12:34.331,1.001
2026-01-18 16:12:34.348,1.0
2026-01-18 16:12:34.348,1.003
2026-01-18 16:12:34.365,1.003
2026-01-18 16:12:34.382,1.006
2026-01-18 16:12:34.398,1.003
2026-01-18 16:12:34.398,1.001
2026-01-18 16:12:34.415,0.996
2026-01-18 16:12:34.431,0.995
2026-01-18 16:12:34.432,0.994
2026-01-18 16:12:34.448,0.992
2026-01-18 16:12:34.464,0.995
2026-01-18 16:12:34.482,1.0
2026-01-18 16:12:34.482,1.004
2026-01-18 16:12:34.497,1.001
2026-01-18 16:12:34.514,1.001
2026-01-18 16:12:34.515,1.006
2026-01-18 16:12:34.531,1.007
2026-01-18 16:12:34.548,1.006
2026-01-18 16:12:34.565,1.005
2026-01-18 16:12:34.565,1.005
2026-01-18 16:12:34.581,1.001
2026-01-18 16:12:34.597,0.997
2026-01-18 16:12:34.615,0.995
2026-01-18 16:12:34.615,0.993
2026-01-18 16:12:34.631,0.995
2026-01-18 16:12:34.648,0.993
2026-01-18 16:12:34.648,0.995
2026-01-18 16:12:34.664,0.996
2026-01-18 16:12:34.680,0.992
2026-01-18 16:12:34.698,0.995
2026-01-18 16:12:34.698,0.998
2026-01-18 16:12:34.715,0.998
2026-01-18 16:12:34.732,0.998
2026-01-18 16:12:34.732,1.0
2026-01-18 16:12:34.747,0.998
2026-01-18 16:12:34.764,1.0
2026-01-18 16:12:34.807,0.999
2026-01-18 16:12:34.807,1.0
2026-01-18 16:12:34.807,1.001
2026-01-18 16:12:34.807,0.994
2026-01-18 16:12:34.831,0.992
2026-01-18 16:12:34.831,0.992
2026-01-18 16:12:34.848,0.991
2026-01-18 16:12:34.865,0.99
2026-01-18 16:12:34.865,0.992
2026-01-18 16:12:34.881,0.994
2026-01-18 16:12:34.898,0.991
2026-01-18 16:12:34.915,0.99
2026-01-18 16:12:34.915,0.991
2026-01-18 16:12:34.931,0.993
2026-01-18 16:12:34.948,0.991
2026-01-18 16:12:34.948,0.993
2026-01-18 16:12:34.964,0.998
2026-01-18 16:12:34.981,0.997
2026-01-18 16:12:34.998,1.001
2026-01-18 16:12:34.998,1.001
2026-01-18 16:12:35.014,1.002
2026-01-18 16:12:35.032,0.998
2026-01-18 16:12:35.032,1.001
2026-01-18 16:12:35.047,1.001
2026-01-18 16:12:35.064,1.001
2026-01-18 16:12:35.082,1.001
2026-01-18 16:12:35.082,1.004
2026-01-18 16:12:35.098,1.004
2026-01-18 16:12:35.114,1.005
2026-01-18 16:12:35.115,1.001
2026-01-18 16:12:35.131,0.999
2026-01-18 16:12:35.148,0.996
2026-01-18 16:12:35.169,0.998
2026-01-18 16:12:35.169,0.997
2026-01-18 16:12:35.181,0.995
2026-01-18 16:12:35.197,0.997
2026-01-18 16:12:35.215,1.0
2026-01-18 16:12:35.215,0.997
2026-01-18 16:12:35.232,0.999
2026-01-18 16:12:35.248,1.0
2026-01-18 16:12:35.248,1.002
2026-01-18 16:12:35.264,1.005
2026-01-18 16:12:35.281,1.004
2026-01-18 16:12:35.298,1.0
2026-01-18 16:12:35.298,0.997
2026-01-18 16:12:35.314,0.994
2026-01-18 16:12:35.330,0.995
2026-01-18 16:12:35.331,1.002
2026-01-18 16:12:35.347,0.998
2026-01-18 16:12:35.364,0.997
2026-01-18 16:12:35.381,0.996
2026-01-18 16:12:35.382,0.996
2026-01-18 16:12:35.397,0.995
2026-01-18 16:12:35.414,1.0
2026-01-18 16:12:35.415,1.0
2026-01-18 16:12:35.431,0.996
2026-01-18 16:12:35.447,0.997
2026-01-18 16:12:35.464,1.0
2026-01-18 16:12:35.464,1.0
2026-01-18 16:12:35.481,0.999
2026-01-18 16:12:35.498,0.998
2026-01-18 16:12:35.515,1.004
2026-01-18 16:12:35.515,1.004
2026-01-18 16:12:35.531,1.001
2026-01-18 16:12:35.547,1.001
2026-01-18 16:12:35.547,1.002
2026-01-18 16:12:35.564,0.999
2026-01-18 16:12:35.581,0.992
2026-01-18 16:12:35.598,0.99
2026-01-18 16:12:35.598,0.994
2026-01-18 16:12:35.615,0.994
2026-01-18 16:12:35.631,0.994
2026-01-18 16:12:35.632,0.992
2026-01-18 16:12:35.648,0.991
2026-01-18 16:12:35.665,0.996
2026-01-18 16:12:35.681,0.994
2026-01-18 16:12:35.681,0.998
2026-01-18 16:12:35.697,0.995
2026-01-18 16:12:35.714,0.995
2026-01-18 16:12:35.715,0.999
2026-01-18 16:12:35.732,0.998
2026-01-18 16:12:35.747,1.003
2026-01-18 16:12:35.764,0.999
2026-01-18 16:12:35.764,0.996
2026-01-18 16:12:35.781,1.0
2026-01-18 16:12:35.798,1.001
2026-01-18 16:12:35.814,0.999
2026-01-18 16:12:35.814,0.998
2026-01-18 16:12:35.831,0.996
2026-01-18 16:12:35.848,0.993
2026-01-18 16:12:35.848,0.999
2026-01-18 16:12:35.865,0.997
2026-01-18 16:12:35.881,0.994
2026-01-18 16:12:35.897,0.994
2026-01-18 16:12:35.898,0.995
2026-01-18 16:12:35.914,0.995
2026-01-18 16:12:35.932,0.994
2026-01-18 16:12:35.932,0.994
2026-01-18 16:12:35.948,0.994
2026-01-18 16:12:35.964,0.996
2026-01-18 16:12:35.982,0.99
2026-01-18 16:12:35.982,0.987
2026-01-18 16:12:35.998,0.991
2026-01-18 16:12:36.014,0.988
2026-01-18 16:12:36.031,0.992
2026-01-18 16:12:36.032,0.989
2026-01-18 16:12:36.047,0.99
2026-01-18 16:12:36.064,0.986
2026-01-18 16:12:36.064,0.988
2026-01-18 16:12:36.081,0.992
2026-01-18 16:12:36.096,0.991
2026-01-18 16:12:36.114,0.998
2026-01-18 16:12:36.114,0.997
2026-01-18 16:12:36.131,0.997
2026-01-18 16:12:36.190,0.995
2026-01-18 16:12:36.191,0.996
2026-01-18 16:12:36.191,0.996
2026-01-18 16:12:36.191,0.992
2026-01-18 16:12:36.191,0.997
2026-01-18 16:12:36.202,0.999
2026-01-18 16:12:36.214,0.999
2026-01-18 16:12:36.230,0.998
2026-01-18 16:12:36.231,0.995
2026-01-18 16:12:36.247,0.995
2026-01-18 16:12:36.263,0.993
2026-01-18 16:12:36.281,0.999
2026-01-18 16:12:36.281,0.998
2026-01-18 16:12:36.298,1.0
2026-01-18 16:12:36.315,0.997
2026-01-18 16:12:36.331,1.001
2026-01-18 16:12:36.331,1.003
2026-01-18 16:12:36.347,0.998
2026-01-18 16:12:36.364,0.999
2026-01-18 16:12:36.364,0.995
2026-01-18 16:12:36.381,0.994
2026-01-18 16:12:36.397,0.993
2026-01-18 16:12:36.414,0.996
2026-01-18 16:12:36.414,0.998
2026-01-18 16:12:36.430,1.0
2026-01-18 16:12:36.448,0.998
2026-01-18 16:12:36.448,0.997
2026-01-18 16:12:36.466,1.0
2026-01-18 16:12:36.481,0.998
2026-01-18 16:12:36.498,0.997
2026-01-18 16:12:36.498,0.997
2026-01-18 16:12:36.513,1.0
2026-01-18 16:12:36.531,0.996
2026-01-18 16:12:36.531,0.995
2026-01-18 16:12:36.547,0.996
2026-01-18 16:12:36.564,0.996
2026-01-18 16:12:36.581,0.996
2026-01-18 16:12:36.582,0.994
2026-01-18 16:12:36.598,0.995
2026-01-18 16:12:36.614,0.995
2026-01-18 16:12:36.631,0.998
2026-01-18 16:12:36.631,0.995
2026-01-18 16:12:36.648,0.998
2026-01-18 16:12:36.664,1.005
2026-01-18 16:12:36.664,1.003
2026-01-18 16:12:36.681,1.006
2026-01-18 16:12:36.698,1.001
2026-01-18 16:12:36.714,0.997
2026-01-18 16:12:36.714,0.991
2026-01-18 16:12:36.731,0.992
2026-01-18 16:12:36.747,0.994
2026-01-18 16:12:36.747,1.0
2026-01-18 16:12:36.764,0.997
2026-01-18 16:12:36.780,1.004
2026-01-18 16:12:36.797,1.005
2026-01-18 16:12:36.797,1.001
2026-01-18 16:12:36.814,1.0
2026-01-18 16:12:36.831,1.0
2026-01-18 16:12:36.831,0.999
2026-01-18 16:12:36.848,0.999
2026-01-18 16:12:36.864,1.002
2026-01-18 16:12:36.881,1.005
2026-01-18 16:12:36.881,1.003
2026-01-18 16:12:36.898,1.006
2026-01-18 16:12:36.915,1.002
2026-01-18 16:12:36.915,1.002
2026-01-18 16:12:36.930,1.002
2026-01-18 16:12:36.948,1.001
2026-01-18 16:12:36.964,0.999
2026-01-18 16:12:36.965,0.995
2026-01-18 16:12:36.981,0.994
2026-01-18 16:12:36.997,0.997
2026-01-18 16:12:37.014,1.0
2026-01-18 16:12:37.015,0.996
2026-01-18 16:12:37.031,0.989
2026-01-18 16:12:37.048,0.991
2026-01-18 16:12:37.048,0.993
2026-01-18 16:12:37.064,0.995
2026-01-18 16:12:37.082,0.995
2026-01-18 16:12:37.097,0.995
2026-01-18 16:12:37.098,0.994
2026-01-18 16:12:37.114,0.996
2026-01-18 16:12:37.131,0.997
2026-01-18 16:12:37.132,1.0
2026-01-18 16:12:37.147,0.998
2026-01-18 16:12:37.168,0.998
2026-01-18 16:12:37.168,1.002
2026-01-18 16:12:37.180,0.999
2026-01-18 16:12:37.197,0.996
2026-01-18 16:12:37.214,1.0
2026-01-18 16:12:37.232,1.0
2026-01-18 16:12:37.232,1.002
2026-01-18 16:12:37.247,1.005
2026-01-18 16:12:37.264,1.001
2026-01-18 16:12:37.264,1.003
2026-01-18 16:12:37.281,1.01
2026-01-18 16:12:37.298,1.009
2026-01-18 16:12:37.315,1.004
2026-01-18 16:12:37.315,1.002
2026-01-18 16:12:37.332,1.004
2026-01-18 16:12:37.348,1.003
2026-01-18 16:12:37.348,1.005
2026-01-18 16:12:37.364,1.013
2026-01-18 16:12:37.381,1.016
2026-01-18 16:12:37.398,1.008
2026-01-18 16:12:37.398,1.007
2026-01-18 16:12:37.414,1.005
2026-01-18 16:12:37.431,1.001
2026-01-18 16:12:37.431,1.002
2026-01-18 16:12:37.447,0.996
2026-01-18 16:12:37.464,0.994
2026-01-18 16:12:37.481,0.996
2026-01-18 16:12:37.481,0.996
2026-01-18 16:12:37.497,0.998
2026-01-18 16:12:37.538,0.999
2026-01-18 16:12:37.538,0.992
2026-01-18 16:12:37.538,0.99
2026-01-18 16:12:37.542,0.99
2026-01-18 16:12:37.564,0.99
2026-01-18 16:12:37.564,0.992
2026-01-18 16:12:37.581,0.994
2026-01-18 16:12:37.598,0.997
2026-01-18 16:12:37.613,0.995
2026-01-18 16:12:37.615,0.996
2026-01-18 16:12:37.630,0.994
2026-01-18 16:12:37.648,1.0
2026-01-18 16:12:37.648,0.998
2026-01-18 16:12:37.665,0.999
2026-01-18 16:12:37.680,1.004
2026-01-18 16:12:37.697,1.006
2026-01-18 16:12:37.697,1.008
2026-01-18 16:12:37.714,1.005
2026-01-18 16:12:37.730,1.006
2026-01-18 16:12:37.731,1.006
2026-01-18 16:12:37.747,1.005
2026-01-18 16:12:37.764,1.008
2026-01-18 16:12:37.780,1.006
2026-01-18 16:12:37.780,1.007
2026-01-18 16:12:37.796,1.008
2026-01-18 16:12:37.814,1.007
2026-01-18 16:12:37.830,1.007
2026-01-18 16:12:37.830,0.999
2026-01-18 16:12:37.847,1.005
2026-01-18 16:12:37.864,1.002
2026-01-18 16:12:37.864,1.002
2026-01-18 16:12:37.879,1.001
2026-01-18 16:12:37.898,1.001
2026-01-18 16:12:37.898,1.004
2026-01-18 16:12:37.914,1.006
2026-01-18 16:12:37.930,1.007
2026-01-18 16:12:37.947,1.008
2026-01-18 16:12:37.947,1.001
2026-01-18 16:12:37.964,1.002
2026-01-18 16:12:37.980,1.002
2026-01-18 16:12:37.997,1.001
2026-01-18 16:12:37.998,0.999
2026-01-18 16:12:38.014,0.996
2026-01-18 16:12:38.030,0.992
2026-01-18 16:12:38.048,0.993
2026-01-18 16:12:38.048,0.989
2026-01-18 16:12:38.064,0.992
2026-01-18 16:12:38.080,0.997
2026-01-18 16:12:38.081,0.999
2026-01-18 16:12:38.096,1.0
2026-01-18 16:12:38.114,0.997
2026-01-18 16:12:38.130,0.998
2026-01-18 16:12:38.130,0.995
2026-01-18 16:12:38.146,0.996
2026-01-18 16:12:38.168,0.994
2026-01-18 16:12:38.168,0.998
2026-01-18 16:12:38.180,1.003
2026-01-18 16:12:38.197,1.004
2026-01-18 16:12:38.214,1.006
2026-01-18 16:12:38.214,1.005
2026-01-18 16:12:38.231,1.007
2026-01-18 16:12:38.247,1.012
2026-01-18 16:12:38.247,1.008
2026-01-18 16:12:38.264,1.007
2026-01-18 16:12:38.281,1.003
2026-01-18 16:12:38.298,1.0
2026-01-18 16:12:38.298,1.005
2026-01-18 16:12:38.315,1.005
2026-01-18 16:12:38.330,1.007
2026-01-18 16:12:38.347,1.006
2026-01-18 16:12:38.347,1.006
2026-01-18 16:12:38.364,1.003
2026-01-18 16:12:38.380,1.004
2026-01-18 16:12:38.380,1.003
2026-01-18 16:12:38.396,1.005
2026-01-18 16:12:38.414,0.999
2026-01-18 16:12:38.430,1.001
2026-01-18 16:12:38.430,1.003
2026-01-18 16:12:38.447,1.001
2026-01-18 16:12:38.464,0.999
2026-01-18 16:12:38.464,0.998
2026-01-18 16:12:38.481,1.0
2026-01-18 16:12:38.497,0.997
2026-01-18 16:12:38.514,0.994
2026-01-18 16:12:38.514,0.994
2026-01-18 16:12:38.531,0.998
2026-01-18 16:12:38.548,0.994
2026-01-18 16:12:38.548,0.995
2026-01-18 16:12:38.565,0.994
2026-01-18 16:12:38.581,0.988
2026-01-18 16:12:38.599,0.987
2026-01-18 16:12:38.599,0.986
2026-01-18 16:12:38.615,0.986
2026-01-18 16:12:38.632,0.994
2026-01-18 16:12:38.632,0.997
2026-01-18 16:12:38.648,0.994
2026-01-18 16:12:38.665,1.0
2026-01-18 16:12:38.682,0.997
2026-01-18 16:12:38.682,1.0
2026-01-18 16:12:38.697,1.007
2026-01-18 16:12:38.715,1.008
2026-01-18 16:12:38.715,1.005
2026-01-18 16:12:38.732,1.004
2026-01-18 16:12:38.748,1.008
2026-01-18 16:12:38.765,1.007
2026-01-18 16:12:38.765,1.007
2026-01-18 16:12:38.782,1.005
2026-01-18 16:12:38.799,1.004
2026-01-18 16:12:38.799,1.006
2026-01-18 16:12:38.815,1.007
2026-01-18 16:12:38.833,1.005
2026-01-18 16:12:38.848,1.007
2026-01-18 16:12:38.849,1.004
2026-01-18 16:12:38.890,1.002
2026-01-18 16:12:38.891,0.999
2026-01-18 16:12:38.891,0.998
2026-01-18 16:12:38.898,0.996
2026-01-18 16:12:38.916,0.995
2026-01-18 16:12:38.931,0.998
2026-01-18 16:12:38.932,0.994
2026-01-18 16:12:38.948,0.999
2026-01-18 16:12:38.964,1.004
2026-01-18 16:12:38.983,1.007
2026-01-18 16:12:38.983,1.009
2026-01-18 16:12:38.998,1.01
2026-01-18 16:12:39.014,1.013
2026-01-18 16:12:39.015,1.012
2026-01-18 16:12:39.031,1.008
2026-01-18 16:12:39.049,1.006
2026-01-18 16:12:39.065,1.005
2026-01-18 16:12:39.066,1.006
2026-01-18 16:12:39.082,1.009
2026-01-18 16:12:39.099,1.009
2026-01-18 16:12:39.099,1.009
2026-01-18 16:12:39.115,1.011
2026-01-18 16:12:39.132,1.01
2026-01-18 16:12:39.149,1.011
2026-01-18 16:12:39.149,1.007
2026-01-18 16:12:39.173,1.008
2026-01-18 16:12:39.173,1.005
2026-01-18 16:12:39.198,1.006
2026-01-18 16:12:39.198,1.006
2026-01-18 16:12:39.217,1.0
2026-01-18 16:12:39.230,1.003
2026-01-18 16:12:39.230,1.008
2026-01-18 16:12:39.247,1.003
2026-01-18 16:12:39.265,1.001
2026-01-18 16:12:39.282,0.999
2026-01-18 16:12:39.282,0.998
2026-01-18 16:12:39.298,0.998
2026-01-18 16:12:39.315,0.999
2026-01-18 16:12:39.316,0.999
2026-01-18 16:12:39.331,1.004
2026-01-18 16:12:39.348,0.999
2026-01-18 16:12:39.365,1.002
2026-01-18 16:12:39.366,1.001
2026-01-18 16:12:39.381,1.005
2026-01-18 16:12:39.397,1.003
2026-01-18 16:12:39.415,1.004
2026-01-18 16:12:39.415,1.007
2026-01-18 16:12:39.430,1.002
2026-01-18 16:12:39.447,1.01
2026-01-18 16:12:39.448,1.006
2026-01-18 16:12:39.464,1.004
2026-01-18 16:12:39.480,1.003
2026-01-18 16:12:39.497,1.002
2026-01-18 16:12:39.498,1.003
2026-01-18 16:12:39.514,1.003
2026-01-18 16:12:39.531,0.996
2026-01-18 16:12:39.531,1.0
2026-01-18 16:12:39.547,0.999
2026-01-18 16:12:39.564,1.005
2026-01-18 16:12:39.581,1.001
2026-01-18 16:12:39.581,0.998
2026-01-18 16:12:39.597,0.999
2026-01-18 16:12:39.614,0.996
2026-01-18 16:12:39.615,0.995
2026-01-18 16:12:39.632,1.0
2026-01-18 16:12:39.647,0.997
2026-01-18 16:12:39.665,0.998
2026-01-18 16:12:39.665,1.001
2026-01-18 16:12:39.682,1.006
2026-01-18 16:12:39.699,1.004
2026-01-18 16:12:39.700,1.003
2026-01-18 16:12:39.715,1.007
2026-01-18 16:12:39.731,1.009
2026-01-18 16:12:39.749,1.01
2026-01-18 16:12:39.749,1.005
2026-01-18 16:12:39.764,1.006
2026-01-18 16:12:39.781,1.004
2026-01-18 16:12:39.798,1.003
2026-01-18 16:12:39.798,1.003
2026-01-18 16:12:39.816,1.004
2026-01-18 16:12:39.832,1.003
2026-01-18 16:12:39.832,1.004
2026-01-18 16:12:39.848,1.005
2026-01-18 16:12:39.865,1.009
2026-01-18 16:12:39.882,1.009
2026-01-18 16:12:39.882,1.006
2026-01-18 16:12:39.897,1.004
2026-01-18 16:12:39.915,1.001
2026-01-18 16:12:39.915,1.001
2026-01-18 16:12:39.932,0.998
2026-01-18 16:12:39.949,1.001
2026-01-18 16:12:39.966,1.002
2026-01-18 16:12:39.966,1.002
2026-01-18 16:12:39.982,1.0
2026-01-18 16:12:39.998,1.0
2026-01-18 16:12:39.999,1.001
2026-01-18 16:12:40.015,1.004
2026-01-18 16:12:40.031,1.007
2026-01-18 16:12:40.049,1.008
2026-01-18 16:12:40.049,1.003
2026-01-18 16:12:40.065,1.004
2026-01-18 16:12:40.082,1.005
2026-01-18 16:12:40.082,1.003
2026-01-18 16:12:40.098,1.0
2026-01-18 16:12:40.115,1.002
2026-01-18 16:12:40.132,1.002
2026-01-18 16:12:40.132,1.003
2026-01-18 16:12:40.148,1.0
2026-01-18 16:12:40.172,1.0
2026-01-18 16:12:40.172,0.999
2026-01-18 16:12:40.181,0.998
2026-01-18 16:12:40.199,0.996
2026-01-18 16:12:40.215,0.997
2026-01-18 16:12:40.215,0.998
2026-01-18 16:12:40.258,0.997
2026-01-18 16:12:40.259,0.996
2026-01-18 16:12:40.259,0.996
2026-01-18 16:12:40.267,0.996
2026-01-18 16:12:40.282,0.998
2026-01-18 16:12:40.298,1.0
2026-01-18 16:12:40.299,1.0
2026-01-18 16:12:40.315,0.998
2026-01-18 16:12:40.332,1.0
2026-01-18 16:12:40.349,0.999
2026-01-18 16:12:40.349,0.999
2026-01-18 16:12:40.364,0.996
2026-01-18 16:12:40.381,0.994
2026-01-18 16:12:40.399,0.995
2026-01-18 16:12:40.399,0.997
2026-01-18 16:12:40.415,0.996
2026-01-18 16:12:40.432,0.996
2026-01-18 16:12:40.432,0.995
2026-01-18 16:12:40.448,0.992
2026-01-18 16:12:40.464,0.99
2026-01-18 16:12:40.483,0.992
2026-01-18 16:12:40.483,0.996
2026-01-18 16:12:40.498,0.999
2026-01-18 16:12:40.515,1.001
2026-01-18 16:12:40.515,1.001
2026-01-18 16:12:40.532,0.999
2026-01-18 16:12:40.547,1.003
2026-01-18 16:12:40.565,1.006
2026-01-18 16:12:40.565,1.006
2026-01-18 16:12:40.581,0.998
2026-01-18 16:12:40.598,0.999
2026-01-18 16:12:40.615,1.004
2026-01-18 16:12:40.615,1.003
2026-01-18 16:12:40.631,0.999
2026-01-18 16:12:40.648,0.998
2026-01-18 16:12:40.649,1.001
2026-01-18 16:12:40.665,0.998
2026-01-18 16:12:40.680,0.997
2026-01-18 16:12:40.696,0.997
2026-01-18 16:12:40.696,0.994
2026-01-18 16:12:40.715,0.992
2026-01-18 16:12:40.730,0.994
2026-01-18 16:12:40.731,0.997
2026-01-18 16:12:40.747,0.994
2026-01-18 16:12:40.765,0.993
2026-01-18 16:12:40.780,0.994
2026-01-18 16:12:40.780,0.996
2026-01-18 16:12:40.797,0.993
2026-01-18 16:12:40.815,0.998
2026-01-18 16:12:40.831,1.004
2026-01-18 16:12:40.831,1.003
2026-01-18 16:12:40.847,1.003
2026-01-18 16:12:40.863,1.002
2026-01-18 16:12:40.864,1.001
2026-01-18 16:12:40.880,1.0
2026-01-18 16:12:40.897,1.004
2026-01-18 16:12:40.914,1.008
2026-01-18 16:12:40.914,1.008
2026-01-18 16:12:40.931,1.008
2026-01-18 16:12:40.948,1.012
2026-01-18 16:12:40.948,1.008
2026-01-18 16:12:40.965,1.004
2026-01-18 16:12:40.982,1.002
2026-01-18 16:12:40.999,1.002
2026-01-18 16:12:40.999,1.0
2026-01-18 16:12:41.015,0.997
2026-01-18 16:12:41.032,1.0
2026-01-18 16:12:41.032,1.001
2026-01-18 16:12:41.048,1.002
2026-01-18 16:12:41.064,1.001
2026-01-18 16:12:41.082,1.001
2026-01-18 16:12:41.082,0.999
2026-01-18 16:12:41.099,0.998
2026-01-18 16:12:41.115,0.996
2026-01-18 16:12:41.115,0.999
2026-01-18 16:12:41.132,1.002
2026-01-18 16:12:41.150,1.001
2026-01-18 16:12:41.171,1.0
2026-01-18 16:12:41.171,1.001
2026-01-18 16:12:41.181,1.001
2026-01-18 16:12:41.197,1.002
2026-01-18 16:12:41.199,1.0
2026-01-18 16:12:41.217,1.002
2026-01-18 16:12:41.231,0.998
2026-01-18 16:12:41.247,0.999
2026-01-18 16:12:41.247,0.996
2026-01-18 16:12:41.265,0.997
2026-01-18 16:12:41.282,0.995
2026-01-18 16:12:41.298,0.991
2026-01-18 16:12:41.299,0.992
2026-01-18 16:12:41.314,0.993
2026-01-18 16:12:41.331,0.994
2026-01-18 16:12:41.331,0.998
2026-01-18 16:12:41.347,1.0
2026-01-18 16:12:41.365,1.004
2026-01-18 16:12:41.381,1.006
2026-01-18 16:12:41.382,1.007
2026-01-18 16:12:41.398,0.999
2026-01-18 16:12:41.415,0.999
2026-01-18 16:12:41.415,1.0
2026-01-18 16:12:41.431,1.0
2026-01-18 16:12:41.447,0.997
2026-01-18 16:12:41.465,0.997
2026-01-18 16:12:41.465,0.997
2026-01-18 16:12:41.480,0.996
2026-01-18 16:12:41.497,0.992
2026-01-18 16:12:41.514,0.995
2026-01-18 16:12:41.515,0.994
2026-01-18 16:12:41.532,0.994
2026-01-18 16:12:41.548,0.996
2026-01-18 16:12:41.548,0.998
2026-01-18 16:12:41.564,0.998
2026-01-18 16:12:41.580,1.0
2026-01-18 16:12:41.624,0.997
2026-01-18 16:12:41.624,0.998
2026-01-18 16:12:41.625,0.996
2026-01-18 16:12:41.625,0.998
2026-01-18 16:12:41.635,0.996
2026-01-18 16:12:41.648,0.998
2026-01-18 16:12:41.664,0.999
2026-01-18 16:12:41.682,0.996
2026-01-18 16:12:41.682,0.999
2026-01-18 16:12:41.699,1.003
2026-01-18 16:12:41.714,0.999
2026-01-18 16:12:41.715,0.996
2026-01-18 16:12:41.731,0.998
2026-01-18 16:12:41.749,1.0
2026-01-18 16:12:41.765,0.998
2026-01-18 16:12:41.765,0.999
2026-01-18 16:12:41.799,0.999
2026-01-18 16:12:41.799,1.003
2026-01-18 16:12:41.814,1.007
2026-01-18 16:12:41.830,1.01
2026-01-18 16:12:41.848,1.007
2026-01-18 16:12:41.848,1.008
2026-01-18 16:12:41.865,1.006
2026-01-18 16:12:41.881,1.008
2026-01-18 16:12:41.898,1.007
2026-01-18 16:12:41.899,1.005
2026-01-18 16:12:41.915,1.009
2026-01-18 16:12:41.932,1.007
2026-01-18 16:12:41.932,1.005
2026-01-18 16:12:41.948,1.002
2026-01-18 16:12:41.965,1.004
2026-01-18 16:12:41.980,1.004
2026-01-18 16:12:41.981,1.003
2026-01-18 16:12:41.998,1.002
2026-01-18 16:12:42.014,1.001
2026-01-18 16:12:42.015,1.006
2026-01-18 16:12:42.032,1.006
2026-01-18 16:12:42.048,1.004
2026-01-18 16:12:42.064,1.001
2026-01-18 16:12:42.064,0.998
2026-01-18 16:12:42.081,1.002
2026-01-18 16:12:42.098,0.999
2026-01-18 16:12:42.099,0.997
2026-01-18 16:12:42.115,0.994
2026-01-18 16:12:42.131,0.992
2026-01-18 16:12:42.147,0.992
2026-01-18 16:12:42.147,0.996
2026-01-18 16:12:42.164,1.0
2026-01-18 16:12:42.184,1.0
2026-01-18 16:12:42.184,1.001
2026-01-18 16:12:42.198,1.001
2026-01-18 16:12:42.214,1.002
2026-01-18 16:12:42.232,1.008
2026-01-18 16:12:42.233,1.008
2026-01-18 16:12:42.248,0.999
2026-01-18 16:12:42.265,1.0
2026-01-18 16:12:42.281,1.001
2026-01-18 16:12:42.281,0.996
2026-01-18 16:12:42.298,0.992
2026-01-18 16:12:42.314,0.991
2026-01-18 16:12:42.315,0.995
2026-01-18 16:12:42.331,0.994
2026-01-18 16:12:42.349,0.992
2026-01-18 16:12:42.365,0.998
2026-01-18 16:12:42.365,0.995
2026-01-18 16:12:42.382,0.995
2026-01-18 16:12:42.397,0.998
2026-01-18 16:12:42.414,1.0
2026-01-18 16:12:42.414,1.002
2026-01-18 16:12:42.430,1.003
2026-01-18 16:12:42.447,1.003
2026-01-18 16:12:42.448,1.004
2026-01-18 16:12:42.465,1.002
2026-01-18 16:12:42.481,0.998
2026-01-18 16:12:42.498,0.993
2026-01-18 16:12:42.499,0.992
2026-01-18 16:12:42.515,0.994
2026-01-18 16:12:42.530,1.001
2026-01-18 16:12:42.530,0.997
2026-01-18 16:12:42.547,0.995
2026-01-18 16:12:42.564,0.997
2026-01-18 16:12:42.580,0.996
2026-01-18 16:12:42.580,0.998
2026-01-18 16:12:42.599,1.0
2026-01-18 16:12:42.615,1.002
2026-01-18 16:12:42.615,1.0
2026-01-18 16:12:42.631,1.0
2026-01-18 16:12:42.648,1.0
2026-01-18 16:12:42.665,0.999
2026-01-18 16:12:42.666,1.0
2026-01-18 16:12:42.681,1.0
2026-01-18 16:12:42.699,1.002
2026-01-18 16:12:42.699,1.006
2026-01-18 16:12:42.714,1.001
2026-01-18 16:12:42.732,1.0
2026-01-18 16:12:42.748,1.003
2026-01-18 16:12:42.749,1.001
2026-01-18 16:12:42.764,1.002
2026-01-18 16:12:42.781,0.999
2026-01-18 16:12:42.799,0.999
2026-01-18 16:12:42.799,0.999
2026-01-18 16:12:42.814,0.998
2026-01-18 16:12:42.832,0.999
2026-01-18 16:12:42.832,0.996
2026-01-18 16:12:42.848,0.997
2026-01-18 16:12:42.865,0.995
2026-01-18 16:12:42.884,0.992
2026-01-18 16:12:42.884,0.995
2026-01-18 16:12:42.899,0.995
2026-01-18 16:12:42.916,0.997
2026-01-18 16:12:42.917,0.998
2026-01-18 16:12:42.932,0.997
2026-01-18 16:12:42.949,0.999
2026-01-18 16:12:42.966,0.999
2026-01-18 16:12:42.967,0.998
2026-01-18 16:12:42.981,1.0
2026-01-18 16:12:42.998,1.003
2026-01-18 16:12:43.014,1.003
2026-01-18 16:12:43.014,1.003
2026-01-18 16:12:43.032,1.003
2026-01-18 16:12:43.048,1.003
2026-01-18 16:12:43.048,0.999
2026-01-18 16:12:43.065,1.0
2026-01-18 16:12:43.082,0.998
2026-01-18 16:12:43.099,0.999
2026-01-18 16:12:43.099,0.998
2026-01-18 16:12:43.115,0.998
2026-01-18 16:12:43.130,1.005
2026-01-18 16:12:43.131,1.004
2026-01-18 16:12:43.148,1.003
2026-01-18 16:12:43.171,0.997
2026-01-18 16:12:43.172,0.995
2026-01-18 16:12:43.180,1.0
2026-01-18 16:12:43.197,0.993
2026-01-18 16:12:43.216,0.993
2026-01-18 16:12:43.216,0.992
2026-01-18 16:12:43.231,0.993
2026-01-18 16:12:43.248,0.995
2026-01-18 16:12:43.264,0.995
2026-01-18 16:12:43.265,0.996
2026-01-18 16:12:43.280,0.997
2026-01-18 16:12:43.296,0.992
2026-01-18 16:12:43.313,0.994
2026-01-18 16:12:43.313,0.998
2026-01-18 16:12:43.332,1.0
2026-01-18 16:12:43.348,0.998
2026-01-18 16:12:43.349,1.0
2026-01-18 16:12:43.365,1.004
2026-01-18 16:12:43.382,1.001
2026-01-18 16:12:43.399,1.004
2026-01-18 16:12:43.399,1.006
2026-01-18 16:12:43.415,1.003
2026-01-18 16:12:43.432,1.004
2026-01-18 16:12:43.432,1.003
2026-01-18 16:12:43.448,1.001
2026-01-18 16:12:43.464,1.004
2026-01-18 16:12:43.482,1.004
2026-01-18 16:12:43.482,1.005
2026-01-18 16:12:43.498,1.0
2026-01-18 16:12:43.515,0.997
2026-01-18 16:12:43.515,1.004
2026-01-18 16:12:43.530,1.006
2026-01-18 16:12:43.548,1.007
2026-01-18 16:12:43.564,1.003
2026-01-18 16:12:43.565,1.007
2026-01-18 16:12:43.582,1.007
2026-01-18 16:12:43.597,1.006
2026-01-18 16:12:43.613,1.001
2026-01-18 16:12:43.614,1.001
2026-01-18 16:12:43.631,1.0
2026-01-18 16:12:43.646,1.007
2026-01-18 16:12:43.647,1.005
2026-01-18 16:12:43.663,1.004
2026-01-18 16:12:43.680,1.007
2026-01-18 16:12:43.697,1.003
2026-01-18 16:12:43.697,1.005
2026-01-18 16:12:43.713,1.0
2026-01-18 16:12:43.730,0.997
2026-01-18 16:12:43.731,0.996
2026-01-18 16:12:43.748,0.998
2026-01-18 16:12:43.763,0.999
2026-01-18 16:12:43.780,0.994
2026-01-18 16:12:43.780,0.996
2026-01-18 16:12:43.797,0.999
2026-01-18 16:12:43.815,0.999
2026-01-18 16:12:43.815,1.0
2026-01-18 16:12:43.830,1.001
2026-01-18 16:12:43.848,0.998
2026-01-18 16:12:43.863,1.0
2026-01-18 16:12:43.864,0.998
2026-01-18 16:12:43.882,1.004
2026-01-18 16:12:43.898,1.004
2026-01-18 16:12:43.914,1.004
2026-01-18 16:12:43.914,1.007
2026-01-18 16:12:43.931,1.009
2026-01-18 16:12:43.948,1.008
2026-01-18 16:12:43.948,1.007
2026-01-18 16:12:43.981,1.008
2026-01-18 16:12:43.998,1.007
2026-01-18 16:12:43.998,1.004
2026-01-18 16:12:44.014,1.005
2026-01-18 16:12:44.032,1.012
2026-01-18 16:12:44.033,1.011
2026-01-18 16:12:44.048,1.012
2026-01-18 16:12:44.064,1.009
2026-01-18 16:12:44.082,1.009
2026-01-18 16:12:44.082,1.014
2026-01-18 16:12:44.097,1.016
2026-01-18 16:12:44.115,1.019
2026-01-18 16:12:44.115,1.019
2026-01-18 16:12:44.131,1.019
2026-01-18 16:12:44.149,1.018
2026-01-18 16:12:44.171,1.018
2026-01-18 16:12:44.171,1.013
2026-01-18 16:12:44.181,1.012
2026-01-18 16:12:44.198,1.009
2026-01-18 16:12:44.215,1.01
2026-01-18 16:12:44.215,1.009
2026-01-18 16:12:44.231,1.01
2026-01-18 16:12:44.249,1.01
2026-01-18 16:12:44.249,1.011
2026-01-18 16:12:44.264,1.013
2026-01-18 16:12:44.281,1.015
2026-01-18 16:12:44.298,1.011
2026-01-18 16:12:44.298,1.014
2026-01-18 16:12:44.315,1.012
2026-01-18 16:12:44.343,1.01
2026-01-18 16:12:44.344,1.012
2026-01-18 16:12:44.345,1.015
2026-01-18 16:12:44.356,1.012
2026-01-18 16:12:44.381,1.009
2026-01-18 16:12:44.381,1.009
2026-01-18 16:12:44.398,1.008
2026-01-18 16:12:44.415,1.004
2026-01-18 16:12:44.415,1.006
2026-01-18 16:12:44.430,1.004
2026-01-18 16:12:44.448,1.004
2026-01-18 16:12:44.464,1.006
2026-01-18 16:12:44.465,1.009
2026-01-18 16:12:44.481,1.003
2026-01-18 16:12:44.497,1.004
2026-01-18 16:12:44.514,1.002
2026-01-18 16:12:44.514,0.999
2026-01-18 16:12:44.531,1.001
2026-01-18 16:12:44.547,1.001
2026-01-18 16:12:44.548,1.005
2026-01-18 16:12:44.563,1.01
2026-01-18 16:12:44.582,1.005
2026-01-18 16:12:44.599,1.005
2026-01-18 16:12:44.599,1.008
2026-01-18 16:12:44.614,1.007
2026-01-18 16:12:44.632,1.005
2026-01-18 16:12:44.632,1.003
2026-01-18 16:12:44.648,1.004
2026-01-18 16:12:44.664,1.004
2026-01-18 16:12:44.682,1.007
2026-01-18 16:12:44.682,1.01
2026-01-18 16:12:44.698,1.014
2026-01-18 16:12:44.714,1.009
2026-01-18 16:12:44.715,1.009
2026-01-18 16:12:44.731,1.011
2026-01-18 16:12:44.748,1.014
2026-01-18 16:12:44.764,1.018
2026-01-18 16:12:44.764,1.013
2026-01-18 16:12:44.782,1.011
2026-01-18 16:12:44.798,1.012
2026-01-18 16:12:44.815,1.014
2026-01-18 16:12:44.830,1.009
2026-01-18 16:12:44.848,1.012
2026-01-18 16:12:44.848,1.015
2026-01-18 16:12:44.864,1.016
2026-01-18 16:12:44.881,1.013
2026-01-18 16:12:44.898,1.012
2026-01-18 16:12:44.898,1.01
2026-01-18 16:12:44.914,1.01
2026-01-18 16:12:44.931,1.005
2026-01-18 16:12:44.931,1.006
2026-01-18 16:12:44.948,1.01
2026-01-18 16:12:44.964,1.017
2026-01-18 16:12:44.981,1.014
2026-01-18 16:12:44.981,1.017
2026-01-18 16:12:44.997,1.013
2026-01-18 16:12:45.015,1.013
2026-01-18 16:12:45.015,1.014
2026-01-18 16:12:45.032,1.014
2026-01-18 16:12:45.048,1.011
2026-01-18 16:12:45.064,1.002
2026-01-18 16:12:45.064,1.004
2026-01-18 16:12:45.082,1.005
2026-01-18 16:12:45.097,1.006
2026-01-18 16:12:45.114,1.006
2026-01-18 16:12:45.114,1.003
2026-01-18 16:12:45.131,1.001
2026-01-18 16:12:45.148,0.999
2026-01-18 16:12:45.148,1.008
2026-01-18 16:12:45.163,1.007
2026-01-18 16:12:45.188,1.006
2026-01-18 16:12:45.188,1.009
2026-01-18 16:12:45.197,1.007
2026-01-18 16:12:45.216,1.007
2026-01-18 16:12:45.230,1.004
2026-01-18 16:12:45.231,1.002
2026-01-18 16:12:45.248,1.004
2026-01-18 16:12:45.264,1.0
2026-01-18 16:12:45.280,1.003
2026-01-18 16:12:45.280,1.002
2026-01-18 16:12:45.298,1.0
2026-01-18 16:12:45.314,0.997
2026-01-18 16:12:45.315,0.998
2026-01-18 16:12:45.330,1.0
2026-01-18 16:12:45.348,1.0
2026-01-18 16:12:45.365,1.006
2026-01-18 16:12:45.365,1.002
2026-01-18 16:12:45.380,0.999
2026-01-18 16:12:45.399,0.999
2026-01-18 16:12:45.399,0.996
2026-01-18 16:12:45.414,0.998
2026-01-18 16:12:45.431,1.0
2026-01-18 16:12:45.448,1.004
2026-01-18 16:12:45.448,1.004
2026-01-18 16:12:45.464,1.002
2026-01-18 16:12:45.481,1.002
2026-01-18 16:12:45.498,1.004
2026-01-18 16:12:45.498,1.005
2026-01-18 16:12:45.513,1.006
2026-01-18 16:12:45.531,1.006
2026-01-18 16:12:45.531,1.006
2026-01-18 16:12:45.547,1.008
2026-01-18 16:12:45.563,1.008
2026-01-18 16:12:45.581,1.011
2026-01-18 16:12:45.581,1.009
2026-01-18 16:12:45.596,1.01
2026-01-18 16:12:45.613,1.013
2026-01-18 16:12:45.631,1.01
2026-01-18 16:12:45.631,1.008
2026-01-18 16:12:45.647,1.005
2026-01-18 16:12:45.662,1.004
2026-01-18 16:12:45.664,1.001
2026-01-18 16:12:45.704,1.003
2026-01-18 16:12:45.705,1.005
2026-01-18 16:12:45.705,1.008
2026-01-18 16:12:45.714,1.009
2026-01-18 16:12:45.730,1.008
2026-01-18 16:12:45.748,1.007
2026-01-18 16:12:45.748,1.007
2026-01-18 16:12:45.764,1.006
2026-01-18 16:12:45.780,1.005
2026-01-18 16:12:45.798,1.007
2026-01-18 16:12:45.798,1.008
2026-01-18 16:12:45.814,1.012
2026-01-18 16:12:45.831,1.013
2026-01-18 16:12:45.831,1.016
2026-01-18 16:12:45.846,1.015
2026-01-18 16:12:45.864,1.019
2026-01-18 16:12:45.881,1.018
2026-01-18 16:12:45.881,1.017
2026-01-18 16:12:45.896,1.017
2026-01-18 16:12:45.914,1.017
2026-01-18 16:12:45.930,1.017
2026-01-18 16:12:45.930,1.014
2026-01-18 16:12:45.948,1.014
2026-01-18 16:12:45.964,1.015
2026-01-18 16:12:45.964,1.022
2026-01-18 16:12:45.980,1.02
2026-01-18 16:12:45.996,1.024
2026-01-18 16:12:46.012,1.024
2026-01-18 16:12:46.014,1.023
2026-01-18 16:12:46.029,1.019
2026-01-18 16:12:46.048,1.019
2026-01-18 16:12:46.048,1.022
2026-01-18 16:12:46.064,1.018
2026-01-18 16:12:46.081,1.02
2026-01-18 16:12:46.097,1.021
2026-01-18 16:12:46.097,1.016
2026-01-18 16:12:46.115,1.011
2026-01-18 16:12:46.130,1.01
2026-01-18 16:12:46.131,1.012
2026-01-18 16:12:46.148,1.01
2026-01-18 16:12:46.164,1.012
2026-01-18 16:12:46.186,1.02
2026-01-18 16:12:46.186,1.021
2026-01-18 16:12:46.196,1.022
2026-01-18 16:12:46.215,1.021
2026-01-18 16:12:46.215,1.024
2026-01-18 16:12:46.230,1.027
2026-01-18 16:12:46.248,1.029
2026-01-18 16:12:46.263,1.025
2026-01-18 16:12:46.264,1.026
2026-01-18 16:12:46.281,1.024
2026-01-18 16:12:46.298,1.025
2026-01-18 16:12:46.314,1.028
2026-01-18 16:12:46.315,1.03
2026-01-18 16:12:46.332,1.028
2026-01-18 16:12:46.346,1.023
2026-01-18 16:12:46.347,1.022
2026-01-18 16:12:46.363,1.024
2026-01-18 16:12:46.382,1.023
2026-01-18 16:12:46.397,1.019
2026-01-18 16:12:46.398,1.026
2026-01-18 16:12:46.413,1.029
2026-01-18 16:12:46.431,1.024
2026-01-18 16:12:46.432,1.022
2026-01-18 16:12:46.446,1.021
2026-01-18 16:12:46.463,1.019
2026-01-18 16:12:46.481,1.017
2026-01-18 16:12:46.481,1.018
2026-01-18 16:12:46.497,1.018
2026-01-18 16:12:46.515,1.017
2026-01-18 16:12:46.516,1.015
2026-01-18 16:12:46.530,1.016
2026-01-18 16:12:46.547,1.015
2026-01-18 16:12:46.563,1.012
2026-01-18 16:12:46.564,1.014
2026-01-18 16:12:46.581,1.016
2026-01-18 16:12:46.597,1.014
2026-01-18 16:12:46.613,1.012
2026-01-18 16:12:46.613,1.018
2026-01-18 16:12:46.631,1.017
2026-01-18 16:12:46.647,1.017
2026-01-18 16:12:46.647,1.016
2026-01-18 16:12:46.664,1.016
2026-01-18 16:12:46.681,1.018
2026-01-18 16:12:46.697,1.019
2026-01-18 16:12:46.698,1.018
2026-01-18 16:12:46.713,1.022
2026-01-18 16:12:46.731,1.023
2026-01-18 16:12:46.732,1.021
2026-01-18 16:12:46.747,1.022
2026-01-18 16:12:46.763,1.014
2026-01-18 16:12:46.780,1.014
2026-01-18 16:12:46.780,1.016
2026-01-18 16:12:46.798,1.015
2026-01-18 16:12:46.814,1.013
2026-01-18 16:12:46.831,1.014
2026-01-18 16:12:46.831,1.013
2026-01-18 16:12:46.847,1.013
2026-01-18 16:12:46.863,1.015
2026-01-18 16:12:46.863,1.013
2026-01-18 16:12:46.881,1.018
2026-01-18 16:12:46.897,1.014
2026-01-18 16:12:46.914,1.016
2026-01-18 16:12:46.914,1.018
2026-01-18 16:12:46.930,1.021
2026-01-18 16:12:46.948,1.019
2026-01-18 16:12:46.949,1.018
2026-01-18 16:12:46.963,1.016
2026-01-18 16:12:46.981,1.017
2026-01-18 16:12:46.998,1.019
2026-01-18 16:12:46.998,1.018
2026-01-18 16:12:47.014,1.017
2026-01-18 16:12:47.031,1.016
2026-01-18 16:12:47.031,1.015
2026-01-18 16:12:47.072,1.019
2026-01-18 16:12:47.073,1.019
2026-01-18 16:12:47.073,1.017
2026-01-18 16:12:47.083,1.019
2026-01-18 16:12:47.096,1.017
2026-01-18 16:12:47.114,1.017
2026-01-18 16:12:47.131,1.018
2026-01-18 16:12:47.131,1.017
2026-01-18 16:12:47.148,1.02
2026-01-18 16:12:47.164,1.018
2026-01-18 16:12:47.164,1.017
2026-01-18 16:12:47.181,1.016
2026-01-18 16:12:47.202,1.013
2026-01-18 16:12:47.203,1.022
2026-01-18 16:12:47.213,1.019
2026-01-18 16:12:47.230,1.019
2026-01-18 16:12:47.247,1.022
2026-01-18 16:12:47.247,1.022
2026-01-18 16:12:47.263,1.017
2026-01-18 16:12:47.280,1.012
2026-01-18 16:12:47.296,1.016
2026-01-18 16:12:47.296,1.019
2026-01-18 16:12:47.313,1.02
2026-01-18 16:12:47.330,1.024
2026-01-18 16:12:47.346,1.026
2026-01-18 16:12:47.347,1.026
2026-01-18 16:12:47.363,1.025
2026-01-18 16:12:47.381,1.025
2026-01-18 16:12:47.381,1.023
2026-01-18 16:12:47.397,1.02
2026-01-18 16:12:47.414,1.019
2026-01-18 16:12:47.431,1.02
2026-01-18 16:12:47.431,1.021
2026-01-18 16:12:47.447,1.024
2026-01-18 16:12:47.463,1.024
2026-01-18 16:12:47.464,1.022
2026-01-18 16:12:47.480,1.022
2026-01-18 16:12:47.496,1.024
2026-01-18 16:12:47.513,1.024
2026-01-18 16:12:47.514,1.024
2026-01-18 16:12:47.530,1.03
2026-01-18 16:12:47.547,1.03
2026-01-18 16:12:47.547,1.026
2026-01-18 16:12:47.563,1.025
2026-01-18 16:12:47.579,1.028
2026-01-18 16:12:47.597,1.031
2026-01-18 16:12:47.597,1.03
2026-01-18 16:12:47.614,1.028
2026-01-18 16:12:47.630,1.025
2026-01-18 16:12:47.631,1.025
2026-01-18 16:12:47.646,1.027
2026-01-18 16:12:47.662,1.022
2026-01-18 16:12:47.679,1.02
2026-01-18 16:12:47.680,1.018
2026-01-18 16:12:47.696,1.016
2026-01-18 16:12:47.713,1.016
2026-01-18 16:12:47.730,1.019
2026-01-18 16:12:47.730,1.021
2026-01-18 16:12:47.747,1.018
2026-01-18 16:12:47.763,1.017
2026-01-18 16:12:47.764,1.018
2026-01-18 16:12:47.780,1.014
2026-01-18 16:12:47.797,1.013
2026-01-18 16:12:47.814,1.016
2026-01-18 16:12:47.814,1.018
2026-01-18 16:12:47.830,1.022
2026-01-18 16:12:47.848,1.024
2026-01-18 16:12:47.848,1.026
2026-01-18 16:12:47.863,1.033
2026-01-18 16:12:47.881,1.03
2026-01-18 16:12:47.897,1.033
2026-01-18 16:12:47.897,1.031
2026-01-18 16:12:47.913,1.032
2026-01-18 16:12:47.931,1.03
2026-01-18 16:12:47.931,1.027
2026-01-18 16:12:47.948,1.022
2026-01-18 16:12:47.963,1.028
2026-01-18 16:12:47.981,1.024
2026-01-18 16:12:47.981,1.021
2026-01-18 16:12:47.998,1.022
2026-01-18 16:12:48.014,1.027
2026-01-18 16:12:48.030,1.024
2026-01-18 16:12:48.031,1.021
2026-01-18 16:12:48.048,1.021
2026-01-18 16:12:48.063,1.024
2026-01-18 16:12:48.064,1.02
2026-01-18 16:12:48.079,1.021
2026-01-18 16:12:48.096,1.021
2026-01-18 16:12:48.114,1.022
2026-01-18 16:12:48.114,1.02
2026-01-18 16:12:48.130,1.022
2026-01-18 16:12:48.146,1.022
2026-01-18 16:12:48.146,1.023
2026-01-18 16:12:48.162,1.022
2026-01-18 16:12:48.185,1.022
2026-01-18 16:12:48.185,1.02
2026-01-18 16:12:48.197,1.02
2026-01-18 16:12:48.212,1.02
2026-01-18 16:12:48.229,1.016
2026-01-18 16:12:48.246,1.019
2026-01-18 16:12:48.246,1.019
2026-01-18 16:12:48.263,1.017
2026-01-18 16:12:48.281,1.018
2026-01-18 16:12:48.281,1.014
2026-01-18 16:12:48.298,1.01
2026-01-18 16:12:48.314,1.008
2026-01-18 16:12:48.331,1.011
2026-01-18 16:12:48.332,1.013
2026-01-18 16:12:48.350,1.01
2026-01-18 16:12:48.363,1.008
2026-01-18 16:12:48.363,1.007
2026-01-18 16:12:48.380,1.006
2026-01-18 16:12:48.397,1.008
2026-01-18 16:12:48.434,1.004
2026-01-18 16:12:48.434,1.003
2026-01-18 16:12:48.435,1.005
2026-01-18 16:12:48.435,1.009
2026-01-18 16:12:48.464,1.01
2026-01-18 16:12:48.464,1.008
2026-01-18 16:12:48.480,1.008
2026-01-18 16:12:48.497,1.009
2026-01-18 16:12:48.498,1.008
2026-01-18 16:12:48.513,1.017
2026-01-18 16:12:48.531,1.014
2026-01-18 16:12:48.531,1.014
2026-01-18 16:12:48.547,1.015
2026-01-18 16:12:48.565,1.013
2026-01-18 16:12:48.581,1.015
2026-01-18 16:12:48.581,1.016
2026-01-18 16:12:48.597,1.012
2026-01-18 16:12:48.613,1.01
2026-01-18 16:12:48.631,1.008
2026-01-18 16:12:48.631,1.006
2026-01-18 16:12:48.647,1.004
2026-01-18 16:12:48.663,1.001
2026-01-18 16:12:48.663,1.002
2026-01-18 16:12:48.681,0.999
2026-01-18 16:12:48.697,1.002
2026-01-18 16:12:48.714,1.002
2026-01-18 16:12:48.714,1.002
2026-01-18 16:12:48.730,1.003
2026-01-18 16:12:48.748,1.005
2026-01-18 16:12:48.748,1.011
2026-01-18 16:12:48.763,1.01
2026-01-18 16:12:48.780,1.013
2026-01-18 16:12:48.796,1.013
2026-01-18 16:12:48.797,1.011
2026-01-18 16:12:48.814,1.012
2026-01-18 16:12:48.830,1.011
2026-01-18 16:12:48.831,1.015
2026-01-18 16:12:48.846,1.013
2026-01-18 16:12:48.863,1.011
2026-01-18 16:12:48.881,1.015
2026-01-18 16:12:48.881,1.018
2026-01-18 16:12:48.897,1.016
2026-01-18 16:12:48.914,1.014
2026-01-18 16:12:48.931,1.013
2026-01-18 16:12:48.931,1.013
2026-01-18 16:12:48.947,1.014
2026-01-18 16:12:48.963,1.011
2026-01-18 16:12:48.963,1.012
2026-01-18 16:12:48.981,1.01
2026-01-18 16:12:48.997,1.008
2026-01-18 16:12:49.013,1.009
2026-01-18 16:12:49.013,1.012
2026-01-18 16:12:49.031,1.016
2026-01-18 16:12:49.047,1.018
2026-01-18 16:12:49.047,1.019
2026-01-18 16:12:49.064,1.025
2026-01-18 16:12:49.079,1.024
2026-01-18 16:12:49.097,1.018
2026-01-18 16:12:49.097,1.014
2026-01-18 16:12:49.113,1.014
2026-01-18 16:12:49.130,1.016
2026-01-18 16:12:49.131,1.02
2026-01-18 16:12:49.146,1.014
2026-01-18 16:12:49.163,1.013
2026-01-18 16:12:49.180,1.013
2026-01-18 16:12:49.181,1.011
2026-01-18 16:12:49.202,1.015
2026-01-18 16:12:49.202,1.015
2026-01-18 16:12:49.218,1.017
2026-01-18 16:12:49.229,1.016
2026-01-18 16:12:49.246,1.018
2026-01-18 16:12:49.263,1.019
2026-01-18 16:12:49.263,1.024
2026-01-18 16:12:49.279,1.025
2026-01-18 16:12:49.297,1.023
2026-01-18 16:12:49.313,1.02
2026-01-18 16:12:49.313,1.021
2026-01-18 16:12:49.331,1.02
2026-01-18 16:12:49.347,1.015
2026-01-18 16:12:49.347,1.014
2026-01-18 16:12:49.364,1.019
2026-01-18 16:12:49.380,1.018
2026-01-18 16:12:49.398,1.017
2026-01-18 16:12:49.398,1.016
2026-01-18 16:12:49.413,1.02
2026-01-18 16:12:49.431,1.017
2026-01-18 16:12:49.432,1.019
2026-01-18 16:12:49.446,1.022
2026-01-18 16:12:49.464,1.023
2026-01-18 16:12:49.480,1.023
2026-01-18 16:12:49.480,1.021
2026-01-18 16:12:49.497,1.023
2026-01-18 16:12:49.512,1.026
2026-01-18 16:12:49.531,1.023
2026-01-18 16:12:49.531,1.022
2026-01-18 16:12:49.547,1.023
2026-01-18 16:12:49.564,1.021
2026-01-18 16:12:49.564,1.016
2026-01-18 16:12:49.580,1.014
2026-01-18 16:12:49.598,1.015
2026-01-18 16:12:49.599,1.016
2026-01-18 16:12:49.613,1.021
2026-01-18 16:12:49.630,1.025
2026-01-18 16:12:49.648,1.028
2026-01-18 16:12:49.648,1.025
2026-01-18 16:12:49.662,1.026
2026-01-18 16:12:49.681,1.025
2026-01-18 16:12:49.697,1.023
2026-01-18 16:12:49.697,1.024
2026-01-18 16:12:49.713,1.023
2026-01-18 16:12:49.730,1.023
2026-01-18 16:12:49.730,1.02
2026-01-18 16:12:49.745,1.019
2026-01-18 16:12:49.763,1.022
2026-01-18 16:12:49.823,1.023
2026-01-18 16:12:49.825,1.023
2026-01-18 16:12:49.825,1.022
2026-01-18 16:12:49.826,1.021
2026-01-18 16:12:49.826,1.023
2026-01-18 16:12:49.833,1.019
2026-01-18 16:12:49.846,1.021
2026-01-18 16:12:49.864,1.022
2026-01-18 16:12:49.864,1.019
2026-01-18 16:12:49.880,1.011
2026-01-18 16:12:49.898,1.009
2026-01-18 16:12:49.913,1.006
2026-01-18 16:12:49.914,1.01
2026-01-18 16:12:49.931,1.01
2026-01-18 16:12:49.947,1.013
2026-01-18 16:12:49.947,1.01
2026-01-18 16:12:49.963,1.013
2026-01-18 16:12:49.980,1.013
2026-01-18 16:12:49.997,1.013
2026-01-18 16:12:49.997,1.01
2026-01-18 16:12:50.013,1.011
2026-01-18 16:12:50.031,1.016
2026-01-18 16:12:50.031,1.019
2026-01-18 16:12:50.047,1.015
2026-01-18 16:12:50.063,1.016
2026-01-18 16:12:50.081,1.013
2026-01-18 16:12:50.081,1.01
2026-01-18 16:12:50.096,1.008
2026-01-18 16:12:50.113,1.011
2026-01-18 16:12:50.131,1.014
2026-01-18 16:12:50.131,1.014
2026-01-18 16:12:50.146,1.014
2026-01-18 16:12:50.163,1.013
2026-01-18 16:12:50.164,1.013
2026-01-18 16:12:50.181,1.014
2026-01-18 16:12:50.197,1.014
2026-01-18 16:12:50.221,1.017
2026-01-18 16:12:50.222,1.014
2026-01-18 16:12:50.229,1.017
2026-01-18 16:12:50.246,1.018
2026-01-18 16:12:50.247,1.019
2026-01-18 16:12:50.263,1.017
2026-01-18 16:12:50.278,1.023
2026-01-18 16:12:50.296,1.022
2026-01-18 16:12:50.296,1.022
2026-01-18 16:12:50.313,1.024
2026-01-18 16:12:50.329,1.025
2026-01-18 16:12:50.345,1.033
2026-01-18 16:12:50.345,1.031
2026-01-18 16:12:50.363,1.026
2026-01-18 16:12:50.380,1.027
2026-01-18 16:12:50.380,1.029
2026-01-18 16:12:50.396,1.023
2026-01-18 16:12:50.413,1.022
2026-01-18 16:12:50.429,1.02
2026-01-18 16:12:50.429,1.023
2026-01-18 16:12:50.445,1.017
2026-01-18 16:12:50.462,1.022
2026-01-18 16:12:50.463,1.025
2026-01-18 16:12:50.478,1.026
2026-01-18 16:12:50.496,1.021
2026-01-18 16:12:50.513,1.023
2026-01-18 16:12:50.513,1.022
2026-01-18 16:12:50.531,1.023
2026-01-18 16:12:50.547,1.014
2026-01-18 16:12:50.547,1.016
2026-01-18 16:12:50.564,1.015
2026-01-18 16:12:50.579,1.017
2026-01-18 16:12:50.596,1.015
2026-01-18 16:12:50.596,1.015
2026-01-18 16:12:50.613,1.013
2026-01-18 16:12:50.630,1.016
2026-01-18 16:12:50.631,1.021
2026-01-18 16:12:50.647,1.02
2026-01-18 16:12:50.664,1.025
2026-01-18 16:12:50.680,1.023
2026-01-18 16:12:50.680,1.021
2026-01-18 16:12:50.697,1.019
2026-01-18 16:12:50.713,1.019
2026-01-18 16:12:50.731,1.023
2026-01-18 16:12:50.731,1.025
2026-01-18 16:12:50.747,1.027
2026-01-18 16:12:50.762,1.026
2026-01-18 16:12:50.763,1.025
2026-01-18 16:12:50.781,1.025
2026-01-18 16:12:50.797,1.023
2026-01-18 16:12:50.813,1.023
2026-01-18 16:12:50.813,1.024
2026-01-18 16:12:50.830,1.021
2026-01-18 16:12:50.846,1.022
2026-01-18 16:12:50.847,1.018
2026-01-18 16:12:50.863,1.02
2026-01-18 16:12:50.880,1.017
2026-01-18 16:12:50.896,1.016
2026-01-18 16:12:50.898,1.016
2026-01-18 16:12:50.914,1.018
2026-01-18 16:12:50.930,1.015
2026-01-18 16:12:50.947,1.014
2026-01-18 16:12:50.947,1.019
2026-01-18 16:12:50.963,1.016
2026-01-18 16:12:50.979,1.015
2026-01-18 16:12:50.980,1.015
2026-01-18 16:12:50.996,1.011
2026-01-18 16:12:51.013,1.014
2026-01-18 16:12:51.029,1.017
2026-01-18 16:12:51.030,1.023
2026-01-18 16:12:51.047,1.023
2026-01-18 16:12:51.063,1.022
2026-01-18 16:12:51.063,1.021
2026-01-18 16:12:51.079,1.02
2026-01-18 16:12:51.097,1.018
2026-01-18 16:12:51.113,1.012
2026-01-18 16:12:51.113,1.013
2026-01-18 16:12:51.156,1.012
2026-01-18 16:12:51.157,1.012
2026-01-18 16:12:51.157,1.012
2026-01-18 16:12:51.165,1.015
2026-01-18 16:12:51.179,1.018
2026-01-18 16:12:51.197,1.017
2026-01-18 16:12:51.198,1.018
2026-01-18 16:12:51.214,1.02
2026-01-18 16:12:51.233,1.019
2026-01-18 16:12:51.234,1.013
2026-01-18 16:12:51.245,1.012
2026-01-18 16:12:51.263,1.013
2026-01-18 16:12:51.281,1.013
2026-01-18 16:12:51.281,1.009
2026-01-18 16:12:51.297,1.011
2026-01-18 16:12:51.312,1.009
2026-01-18 16:12:51.329,1.009
2026-01-18 16:12:51.329,1.01
2026-01-18 16:12:51.347,1.013
2026-01-18 16:12:51.363,1.017
2026-01-18 16:12:51.363,1.014
2026-01-18 16:12:51.380,1.015
2026-01-18 16:12:51.398,1.019
2026-01-18 16:12:51.399,1.02
2026-01-18 16:12:51.413,1.018
2026-01-18 16:12:51.430,1.02
2026-01-18 16:12:51.446,1.017
2026-01-18 16:12:51.447,1.018
2026-01-18 16:12:51.464,1.022
2026-01-18 16:12:51.480,1.021
2026-01-18 16:12:51.496,1.016
2026-01-18 16:12:51.497,1.02
2026-01-18 16:12:51.513,1.024
2026-01-18 16:12:51.532,1.02
2026-01-18 16:12:51.532,1.021
2026-01-18 16:12:51.546,1.019
2026-01-18 16:12:51.563,1.02
2026-01-18 16:12:51.580,1.022
2026-01-18 16:12:51.580,1.021
2026-01-18 16:12:51.595,1.022
2026-01-18 16:12:51.612,1.019
2026-01-18 16:12:51.631,1.016
2026-01-18 16:12:51.631,1.015
2026-01-18 16:12:51.647,1.016
2026-01-18 16:12:51.662,1.02
2026-01-18 16:12:51.663,1.02
2026-01-18 16:12:51.680,1.022
2026-01-18 16:12:51.696,1.021
2026-01-18 16:12:51.713,1.024
2026-01-18 16:12:51.714,1.025
2026-01-18 16:12:51.731,1.022
2026-01-18 16:12:51.747,1.022
2026-01-18 16:12:51.747,1.018
2026-01-18 16:12:51.763,1.019
2026-01-18 16:12:51.779,1.022
2026-01-18 16:12:51.797,1.025
2026-01-18 16:12:51.797,1.025
2026-01-18 16:12:51.812,1.022
2026-01-18 16:12:51.830,1.023
2026-01-18 16:12:51.830,1.024
2026-01-18 16:12:51.847,1.02
2026-01-18 16:12:51.862,1.016
2026-01-18 16:12:51.880,1.016
2026-01-18 16:12:51.880,1.014
2026-01-18 16:12:51.897,1.017
2026-01-18 16:12:51.913,1.02
2026-01-18 16:12:51.931,1.022
2026-01-18 16:12:51.931,1.019
2026-01-18 16:12:51.947,1.018
2026-01-18 16:12:51.963,1.02
2026-01-18 16:12:51.963,1.019
2026-01-18 16:12:51.981,1.022
2026-01-18 16:12:51.997,1.022
2026-01-18 16:12:52.012,1.028
2026-01-18 16:12:52.012,1.026
2026-01-18 16:12:52.029,1.026
2026-01-18 16:12:52.047,1.028
2026-01-18 16:12:52.047,1.031
2026-01-18 16:12:52.062,1.028
2026-01-18 16:12:52.080,1.03
2026-01-18 16:12:52.096,1.032
2026-01-18 16:12:52.097,1.031
2026-01-18 16:12:52.113,1.033
2026-01-18 16:12:52.130,1.031
2026-01-18 16:12:52.131,1.038
2026-01-18 16:12:52.146,1.033
2026-01-18 16:12:52.162,1.032
2026-01-18 16:12:52.179,1.031
2026-01-18 16:12:52.181,1.027
2026-01-18 16:12:52.196,1.026
2026-01-18 16:12:52.221,1.03
2026-01-18 16:12:52.222,1.032
2026-01-18 16:12:52.229,1.031
2026-01-18 16:12:52.246,1.031
2026-01-18 16:12:52.261,1.024
2026-01-18 16:12:52.262,1.024
2026-01-18 16:12:52.280,1.022
2026-01-18 16:12:52.296,1.02
2026-01-18 16:12:52.312,1.023
2026-01-18 16:12:52.313,1.022
2026-01-18 16:12:52.329,1.019
2026-01-18 16:12:52.345,1.019
2026-01-18 16:12:52.362,1.017
2026-01-18 16:12:52.362,1.018
2026-01-18 16:12:52.379,1.014
2026-01-18 16:12:52.397,1.01
2026-01-18 16:12:52.397,1.014
2026-01-18 16:12:52.414,1.013
2026-01-18 16:12:52.428,1.014
2026-01-18 16:12:52.446,1.012
2026-01-18 16:12:52.446,1.016
2026-01-18 16:12:52.463,1.019
2026-01-18 16:12:52.480,1.02
2026-01-18 16:12:52.480,1.021
2026-01-18 16:12:52.521,1.021
2026-01-18 16:12:52.521,1.019
2026-01-18 16:12:52.521,1.019
2026-01-18 16:12:52.528,1.019
2026-01-18 16:12:52.545,1.021
2026-01-18 16:12:52.561,1.022
2026-01-18 16:12:52.578,1.02
2026-01-18 16:12:52.578,1.017
2026-01-18 16:12:52.596,1.019
2026-01-18 16:12:52.613,1.023
2026-01-18 16:12:52.613,1.019
2026-01-18 16:12:52.629,1.017
2026-01-18 16:12:52.645,1.016
2026-01-18 16:12:52.662,1.02
2026-01-18 16:12:52.662,1.024
2026-01-18 16:12:52.679,1.025
2026-01-18 16:12:52.695,1.023
2026-01-18 16:12:52.695,1.022
2026-01-18 16:12:52.712,1.022
2026-01-18 16:12:52.730,1.023
2026-01-18 16:12:52.746,1.023
2026-01-18 16:12:52.746,1.017
2026-01-18 16:12:52.763,1.017
2026-01-18 16:12:52.780,1.015
2026-01-18 16:12:52.780,1.014
2026-01-18 16:12:52.795,1.013
2026-01-18 16:12:52.812,1.01
2026-01-18 16:12:52.830,1.014
2026-01-18 16:12:52.830,1.017
2026-01-18 16:12:52.847,1.016
2026-01-18 16:12:52.862,1.018
2026-01-18 16:12:52.863,1.016
2026-01-18 16:12:52.880,1.017
2026-01-18 16:12:52.896,1.019
2026-01-18 16:12:52.913,1.019
2026-01-18 16:12:52.913,1.022
2026-01-18 16:12:52.930,1.022
2026-01-18 16:12:52.947,1.02
2026-01-18 16:12:52.947,1.021
2026-01-18 16:12:52.963,1.021
2026-01-18 16:12:52.978,1.025
2026-01-18 16:12:52.996,1.029
2026-01-18 16:12:52.996,1.024
2026-01-18 16:12:53.013,1.022
2026-01-18 16:12:53.029,1.021
2026-01-18 16:12:53.047,1.023
2026-01-18 16:12:53.047,1.024
2026-01-18 16:12:53.062,1.019
2026-01-18 16:12:53.079,1.017
2026-01-18 16:12:53.079,1.018
2026-01-18 16:12:53.096,1.017
2026-01-18 16:12:53.112,1.015
2026-01-18 16:12:53.129,1.015
2026-01-18 16:12:53.129,1.018
2026-01-18 16:12:53.146,1.016
2026-01-18 16:12:53.163,1.015
2026-01-18 16:12:53.163,1.018
2026-01-18 16:12:53.179,1.022
2026-01-18 16:12:53.195,1.018
2026-01-18 16:12:53.219,1.017
2026-01-18 16:12:53.220,1.015
2026-01-18 16:12:53.228,1.015
2026-01-18 16:12:53.245,1.015
2026-01-18 16:12:53.263,1.019
2026-01-18 16:12:53.263,1.021
2026-01-18 16:12:53.278,1.02
2026-01-18 16:12:53.297,1.019
2026-01-18 16:12:53.297,1.011
2026-01-18 16:12:53.313,1.015
2026-01-18 16:12:53.330,1.017
2026-01-18 16:12:53.330,1.012
2026-01-18 16:12:53.346,1.015
2026-01-18 16:12:53.363,1.015
2026-01-18 16:12:53.379,1.012
2026-01-18 16:12:53.380,1.013
2026-01-18 16:12:53.396,1.014
2026-01-18 16:12:53.412,1.015
2026-01-18 16:12:53.429,1.015
2026-01-18 16:12:53.429,1.015
2026-01-18 16:12:53.446,1.013
2026-01-18 16:12:53.462,1.014
2026-01-18 16:12:53.480,1.013
2026-01-18 16:12:53.480,1.013
2026-01-18 16:12:53.495,1.015
2026-01-18 16:12:53.512,1.017
2026-01-18 16:12:53.512,1.015
2026-01-18 16:12:53.530,1.014
2026-01-18 16:12:53.545,1.012
2026-01-18 16:12:53.546,1.015
2026-01-18 16:12:53.562,1.019
2026-01-18 16:12:53.580,1.021
2026-01-18 16:12:53.598,1.022
2026-01-18 16:12:53.598,1.024
2026-01-18 16:12:53.613,1.021
2026-01-18 16:12:53.630,1.019
2026-01-18 16:12:53.646,1.019
2026-01-18 16:12:53.646,1.02
2026-01-18 16:12:53.663,1.022
2026-01-18 16:12:53.680,1.019
2026-01-18 16:12:53.680,1.02
2026-01-18 16:12:53.696,1.018
2026-01-18 16:12:53.713,1.019
2026-01-18 16:12:53.730,1.021
2026-01-18 16:12:53.730,1.019
2026-01-18 16:12:53.746,1.017
2026-01-18 16:12:53.763,1.014
2026-01-18 16:12:53.763,1.012
2026-01-18 16:12:53.780,1.019
2026-01-18 16:12:53.796,1.019
2026-01-18 16:12:53.812,1.023
2026-01-18 16:12:53.813,1.02
2026-01-18 16:12:53.830,1.018
2026-01-18 16:12:53.846,1.02
2026-01-18 16:12:53.847,1.02
2026-01-18 16:12:53.888,1.022
2026-01-18 16:12:53.889,1.019
2026-01-18 16:12:53.889,1.024
2026-01-18 16:12:53.897,1.023
2026-01-18 16:12:53.913,1.024
2026-01-18 16:12:53.929,1.024
2026-01-18 16:12:53.946,1.023
2026-01-18 16:12:53.947,1.022
2026-01-18 16:12:53.963,1.019
2026-01-18 16:12:53.980,1.018
2026-01-18 16:12:53.980,1.015
2026-01-18 16:12:53.997,1.019
2026-01-18 16:12:54.013,1.018
2026-01-18 16:12:54.029,1.017
2026-01-18 16:12:54.029,1.019
2026-01-18 16:12:54.045,1.018
2026-01-18 16:12:54.062,1.021
2026-01-18 16:12:54.063,1.019
2026-01-18 16:12:54.080,1.017
2026-01-18 16:12:54.096,1.012
2026-01-18 16:12:54.112,1.012
2026-01-18 16:12:54.113,1.013
2026-01-18 16:12:54.130,1.009
2026-01-18 16:12:54.147,1.012
2026-01-18 16:12:54.147,1.019
2026-01-18 16:12:54.163,1.02
2026-01-18 16:12:54.180,1.019
2026-01-18 16:12:54.197,1.016
2026-01-18 16:12:54.197,1.016
2026-01-18 16:12:54.216,1.013
2026-01-18 16:12:54.237,1.017
2026-01-18 16:12:54.238,1.019
2026-01-18 16:12:54.245,1.019
2026-01-18 16:12:54.261,1.02
2026-01-18 16:12:54.278,1.019
2026-01-18 16:12:54.279,1.018
2026-01-18 16:12:54.295,1.018
2026-01-18 16:12:54.313,1.017
2026-01-18 16:12:54.329,1.018
2026-01-18 16:12:54.329,1.016
2026-01-18 16:12:54.347,1.017
2026-01-18 16:12:54.362,1.021
2026-01-18 16:12:54.363,1.018
2026-01-18 16:12:54.380,1.017
2026-01-18 16:12:54.396,1.016
2026-01-18 16:12:54.412,1.02
2026-01-18 16:12:54.413,1.018
2026-01-18 16:12:54.430,1.01
2026-01-18 16:12:54.446,1.011
2026-01-18 16:12:54.447,1.012
2026-01-18 16:12:54.463,1.012
2026-01-18 16:12:54.480,1.016
2026-01-18 16:12:54.496,1.016
2026-01-18 16:12:54.496,1.02
2026-01-18 16:12:54.513,1.019
2026-01-18 16:12:54.529,1.018
2026-01-18 16:12:54.546,1.017
2026-01-18 16:12:54.547,1.017
2026-01-18 16:12:54.563,1.016
2026-01-18 16:12:54.579,1.017
2026-01-18 16:12:54.579,1.015
2026-01-18 16:12:54.597,1.019
2026-01-18 16:12:54.612,1.021
2026-01-18 16:12:54.630,1.022
2026-01-18 16:12:54.630,1.023
2026-01-18 16:12:54.646,1.025
2026-01-18 16:12:54.663,1.024
2026-01-18 16:12:54.663,1.029
2026-01-18 16:12:54.679,1.027
2026-01-18 16:12:54.696,1.027
2026-01-18 16:12:54.712,1.025
2026-01-18 16:12:54.713,1.025
2026-01-18 16:12:54.729,1.021
2026-01-18 16:12:54.746,1.022
2026-01-18 16:12:54.762,1.024
2026-01-18 16:12:54.763,1.022
2026-01-18 16:12:54.779,1.014
2026-01-18 16:12:54.796,1.017
2026-01-18 16:12:54.796,1.019
2026-01-18 16:12:54.812,1.018
2026-01-18 16:12:54.828,1.012
2026-01-18 16:12:54.846,1.011
2026-01-18 16:12:54.846,1.011
2026-01-18 16:12:54.863,1.014
2026-01-18 16:12:54.878,1.013
2026-01-18 16:12:54.878,1.016
2026-01-18 16:12:54.895,1.02
2026-01-18 16:12:54.911,1.019
2026-01-18 16:12:54.929,1.019
2026-01-18 16:12:54.929,1.023
2026-01-18 16:12:54.946,1.02
2026-01-18 16:12:54.961,1.019
2026-01-18 16:12:54.978,1.019
2026-01-18 16:12:54.978,1.018
2026-01-18 16:12:54.995,1.016
2026-01-18 16:12:55.012,1.016
2026-01-18 16:12:55.012,1.017
2026-01-18 16:12:55.029,1.014
2026-01-18 16:12:55.045,1.014
2026-01-18 16:12:55.061,1.019
2026-01-18 16:12:55.061,1.021
2026-01-18 16:12:55.078,1.02
2026-01-18 16:12:55.095,1.023
2026-01-18 16:12:55.096,1.029
2026-01-18 16:12:55.112,1.031
2026-01-18 16:12:55.129,1.028
2026-01-18 16:12:55.145,1.026
2026-01-18 16:12:55.145,1.025
2026-01-18 16:12:55.161,1.026
2026-01-18 16:12:55.178,1.024
2026-01-18 16:12:55.179,1.023
2026-01-18 16:12:55.195,1.021
2026-01-18 16:12:55.212,1.024
2026-01-18 16:12:55.245,1.028
2026-01-18 16:12:55.247,1.028
2026-01-18 16:12:55.247,1.026
2026-01-18 16:12:55.253,1.026
2026-01-18 16:12:55.277,1.026
2026-01-18 16:12:55.278,1.025
2026-01-18 16:12:55.295,1.028
2026-01-18 16:12:55.311,1.029
2026-01-18 16:12:55.312,1.029
2026-01-18 16:12:55.329,1.029
2026-01-18 16:12:55.345,1.029
2026-01-18 16:12:55.362,1.03
2026-01-18 16:12:55.363,1.029
2026-01-18 16:12:55.379,1.03
2026-01-18 16:12:55.396,1.024
2026-01-18 16:12:55.396,1.024
2026-01-18 16:12:55.412,1.023
2026-01-18 16:12:55.428,1.022
2026-01-18 16:12:55.445,1.018
2026-01-18 16:12:55.445,1.018
2026-01-18 16:12:55.462,1.021
2026-01-18 16:12:55.478,1.02
2026-01-18 16:12:55.479,1.028
2026-01-18 16:12:55.495,1.028
2026-01-18 16:12:55.512,1.029
2026-01-18 16:12:55.527,1.031
2026-01-18 16:12:55.528,1.029
2026-01-18 16:12:55.546,1.029
2026-01-18 16:12:55.562,1.025
2026-01-18 16:12:55.563,1.022
2026-01-18 16:12:55.578,1.022
2026-01-18 16:12:55.595,1.02
2026-01-18 16:12:55.612,1.018
2026-01-18 16:12:55.612,1.02
2026-01-18 16:12:55.628,1.019
2026-01-18 16:12:55.645,1.017
2026-01-18 16:12:55.662,1.019
2026-01-18 16:12:55.662,1.018
2026-01-18 16:12:55.678,1.017
2026-01-18 16:12:55.695,1.015
2026-01-18 16:12:55.696,1.017
2026-01-18 16:12:55.711,1.017
2026-01-18 16:12:55.728,1.017
2026-01-18 16:12:55.745,1.013
2026-01-18 16:12:55.745,1.012
2026-01-18 16:12:55.761,1.016
2026-01-18 16:12:55.778,1.017
2026-01-18 16:12:55.778,1.014
2026-01-18 16:12:55.796,1.014
2026-01-18 16:12:55.812,1.014
2026-01-18 16:12:55.827,1.019
2026-01-18 16:12:55.828,1.017
2026-01-18 16:12:55.845,1.018
2026-01-18 16:12:55.861,1.019
2026-01-18 16:12:55.878,1.02
2026-01-18 16:12:55.879,1.021
2026-01-18 16:12:55.894,1.027
2026-01-18 16:12:55.912,1.021
2026-01-18 16:12:55.912,1.02
2026-01-18 16:12:55.927,1.02
2026-01-18 16:12:55.946,1.021
2026-01-18 16:12:55.962,1.02
2026-01-18 16:12:55.962,1.02
2026-01-18 16:12:55.979,1.019
2026-01-18 16:12:55.995,1.021
2026-01-18 16:12:55.995,1.02
2026-01-18 16:12:56.011,1.016
2026-01-18 16:12:56.028,1.021
2026-01-18 16:12:56.044,1.019
2026-01-18 16:12:56.044,1.022
2026-01-18 16:12:56.062,1.028
2026-01-18 16:12:56.078,1.023
2026-01-18 16:12:56.078,1.021
2026-01-18 16:12:56.096,1.019
2026-01-18 16:12:56.112,1.02
2026-01-18 16:12:56.128,1.02
2026-01-18 16:12:56.128,1.022
2026-01-18 16:12:56.146,1.025
2026-01-18 16:12:56.162,1.026
2026-01-18 16:12:56.162,1.028
2026-01-18 16:12:56.178,1.025
2026-01-18 16:12:56.194,1.024
2026-01-18 16:12:56.217,1.024
2026-01-18 16:12:56.217,1.02
2026-01-18 16:12:56.228,1.018
2026-01-18 16:12:56.245,1.014
2026-01-18 16:12:56.261,1.015
2026-01-18 16:12:56.261,1.014
2026-01-18 16:12:56.280,1.02
2026-01-18 16:12:56.294,1.016
2026-01-18 16:12:56.295,1.014
2026-01-18 16:12:56.312,1.012
2026-01-18 16:12:56.330,1.017
2026-01-18 16:12:56.344,1.015
2026-01-18 16:12:56.344,1.013
2026-01-18 16:12:56.361,1.015
2026-01-18 16:12:56.379,1.018
2026-01-18 16:12:56.379,1.019
2026-01-18 16:12:56.395,1.016
2026-01-18 16:12:56.412,1.017
2026-01-18 16:12:56.429,1.019
2026-01-18 16:12:56.429,1.014
2026-01-18 16:12:56.445,1.015
2026-01-18 16:12:56.463,1.014
2026-01-18 16:12:56.464,1.009
2026-01-18 16:12:56.479,1.011
2026-01-18 16:12:56.496,1.012
2026-01-18 16:12:56.513,1.014
2026-01-18 16:12:56.513,1.013
2026-01-18 16:12:56.530,1.011
2026-01-18 16:12:56.545,1.013
2026-01-18 16:12:56.563,1.011
2026-01-18 16:12:56.563,1.016
2026-01-18 16:12:56.578,1.012
2026-01-18 16:12:56.595,1.011
2026-01-18 16:12:56.596,1.007
2026-01-18 16:12:56.642,1.013
2026-01-18 16:12:56.643,1.018
2026-01-18 16:12:56.644,1.018
2026-01-18 16:12:56.644,1.017
2026-01-18 16:12:56.662,1.024
2026-01-18 16:12:56.679,1.026
2026-01-18 16:12:56.680,1.024
2026-01-18 16:12:56.696,1.024
2026-01-18 16:12:56.712,1.025
2026-01-18 16:12:56.730,1.024
2026-01-18 16:12:56.730,1.021
2026-01-18 16:12:56.745,1.024
2026-01-18 16:12:56.762,1.02
2026-01-18 16:12:56.763,1.02
2026-01-18 16:12:56.779,1.021
2026-01-18 16:12:56.796,1.018
2026-01-18 16:12:56.813,1.021
2026-01-18 16:12:56.813,1.022
2026-01-18 16:12:56.830,1.028
2026-01-18 16:12:56.846,1.025
2026-01-18 16:12:56.861,1.025
2026-01-18 16:12:56.862,1.023
2026-01-18 16:12:56.880,1.026
2026-01-18 16:12:56.896,1.028
2026-01-18 16:12:56.897,1.027
2026-01-18 16:12:56.912,1.026
2026-01-18 16:12:56.929,1.024
2026-01-18 16:12:56.946,1.025
2026-01-18 16:12:56.946,1.023
2026-01-18 16:12:56.962,1.022
2026-01-18 16:12:56.978,1.021
2026-01-18 16:12:56.979,1.019
2026-01-18 16:12:56.994,1.018
2026-01-18 16:12:57.012,1.018
2026-01-18 16:12:57.027,1.022
2026-01-18 16:12:57.028,1.021
2026-01-18 16:12:57.044,1.019
2026-01-18 16:12:57.061,1.022
2026-01-18 16:12:57.078,1.02
2026-01-18 16:12:57.078,1.022
2026-01-18 16:12:57.094,1.023
2026-01-18 16:12:57.111,1.025
2026-01-18 16:12:57.111,1.023
2026-01-18 16:12:57.128,1.02
2026-01-18 16:12:57.144,1.022
2026-01-18 16:12:57.162,1.018
2026-01-18 16:12:57.162,1.015
2026-01-18 16:12:57.177,1.019
2026-01-18 16:12:57.194,1.017
2026-01-18 16:12:57.195,1.02
2026-01-18 16:12:57.212,1.02
2026-01-18 16:12:57.235,1.02
2026-01-18 16:12:57.235,1.018
2026-01-18 16:12:57.245,1.015
2026-01-18 16:12:57.262,1.011
2026-01-18 16:12:57.279,1.015
2026-01-18 16:12:57.281,1.018
2026-01-18 16:12:57.296,1.02
2026-01-18 16:12:57.312,1.016
2026-01-18 16:12:57.330,1.014
2026-01-18 16:12:57.330,1.021
2026-01-18 16:12:57.347,1.021
2026-01-18 16:12:57.362,1.023
2026-01-18 16:12:57.362,1.021
2026-01-18 16:12:57.379,1.021
2026-01-18 16:12:57.394,1.022
2026-01-18 16:12:57.411,1.021
2026-01-18 16:12:57.412,1.018
2026-01-18 16:12:57.428,1.019
2026-01-18 16:12:57.445,1.021
2026-01-18 16:12:57.461,1.017
2026-01-18 16:12:57.461,1.014
2026-01-18 16:12:57.478,1.016
2026-01-18 16:12:57.495,1.015
2026-01-18 16:12:57.495,1.016
2026-01-18 16:12:57.511,1.016
2026-01-18 16:12:57.530,1.015
2026-01-18 16:12:57.530,1.017
2026-01-18 16:12:57.545,1.019
2026-01-18 16:12:57.562,1.021
2026-01-18 16:12:57.579,1.019
2026-01-18 16:12:57.579,1.017
2026-01-18 16:12:57.596,1.018
2026-01-18 16:12:57.612,1.015
2026-01-18 16:12:57.629,1.021
2026-01-18 16:12:57.629,1.017
2026-01-18 16:12:57.646,1.019
2026-01-18 16:12:57.663,1.02
2026-01-18 16:12:57.663,1.023
2026-01-18 16:12:57.678,1.023
2026-01-18 16:12:57.696,1.019
2026-01-18 16:12:57.712,1.019
2026-01-18 16:12:57.713,1.019
2026-01-18 16:12:57.729,1.016
2026-01-18 16:12:57.746,1.012
2026-01-18 16:12:57.746,1.012
2026-01-18 16:12:57.761,1.015
2026-01-18 16:12:57.778,1.013
2026-01-18 16:12:57.795,1.01
2026-01-18 16:12:57.795,1.011
2026-01-18 16:12:57.811,1.009
2026-01-18 16:12:57.828,1.007
2026-01-18 16:12:57.845,1.01
2026-01-18 16:12:57.845,1.01
2026-01-18 16:12:57.862,1.012
2026-01-18 16:12:57.879,1.015
2026-01-18 16:12:57.879,1.014
2026-01-18 16:12:57.894,1.016
2026-01-18 16:12:57.911,1.016
2026-01-18 16:12:57.927,1.015
2026-01-18 16:12:57.928,1.018
2026-01-18 16:12:57.944,1.015
2026-01-18 16:12:57.980,1.018
2026-01-18 16:12:57.980,1.015
2026-01-18 16:12:57.980,1.013
2026-01-18 16:12:57.986,1.011
2026-01-18 16:12:58.010,1.014
2026-01-18 16:12:58.011,1.014
2026-01-18 16:12:58.029,1.016
2026-01-18 16:12:58.046,1.013
2026-01-18 16:12:58.061,1.011
2026-01-18 16:12:58.061,1.011
2026-01-18 16:12:58.078,1.016
2026-01-18 16:12:58.095,1.012
2026-01-18 16:12:58.096,1.015
2026-01-18 16:12:58.111,1.016
2026-01-18 16:12:58.130,1.016
2026-01-18 16:12:58.145,1.02
2026-01-18 16:12:58.145,1.021
2026-01-18 16:12:58.162,1.019
2026-01-18 16:12:58.179,1.02
2026-01-18 16:12:58.179,1.018
2026-01-18 16:12:58.197,1.025
2026-01-18 16:12:58.220,1.025
2026-01-18 16:12:58.221,1.027
2026-01-18 16:12:58.229,1.025
2026-01-18 16:12:58.245,1.022
2026-01-18 16:12:58.262,1.017
2026-01-18 16:12:58.263,1.013
2026-01-18 16:12:58.278,1.017
2026-01-18 16:12:58.296,1.022
2026-01-18 16:12:58.311,1.022
2026-01-18 16:12:58.311,1.02
2026-01-18 16:12:58.328,1.02
2026-01-18 16:12:58.345,1.018
2026-01-18 16:12:58.362,1.02
2026-01-18 16:12:58.362,1.025
2026-01-18 16:12:58.377,1.023
2026-01-18 16:12:58.394,1.024
2026-01-18 16:12:58.394,1.022
2026-01-18 16:12:58.410,1.02
2026-01-18 16:12:58.427,1.023
2026-01-18 16:12:58.445,1.021
2026-01-18 16:12:58.446,1.021
2026-01-18 16:12:58.461,1.02
2026-01-18 16:12:58.479,1.023
2026-01-18 16:12:58.479,1.024
2026-01-18 16:12:58.496,1.028
2026-01-18 16:12:58.511,1.026
2026-01-18 16:12:58.529,1.022
2026-01-18 16:12:58.530,1.025
2026-01-18 16:12:58.545,1.026
2026-01-18 16:12:58.561,1.02
2026-01-18 16:12:58.562,1.018
2026-01-18 16:12:58.578,1.02
2026-01-18 16:12:58.596,1.023
2026-01-18 16:12:58.612,1.017
2026-01-18 16:12:58.612,1.017
2026-01-18 16:12:58.629,1.023
2026-01-18 16:12:58.645,1.024
2026-01-18 16:12:58.662,1.023
2026-01-18 16:12:58.662,1.024
2026-01-18 16:12:58.678,1.022
2026-01-18 16:12:58.696,1.022
2026-01-18 16:12:58.696,1.019
2026-01-18 16:12:58.712,1.018
2026-01-18 16:12:58.730,1.015
2026-01-18 16:12:58.731,1.013
2026-01-18 16:12:58.745,1.018
2026-01-18 16:12:58.762,1.015
2026-01-18 16:12:58.778,1.019
2026-01-18 16:12:58.778,1.021
2026-01-18 16:12:58.795,1.024
2026-01-18 16:12:58.812,1.022
2026-01-18 16:12:58.829,1.02
2026-01-18 16:12:58.829,1.02
2026-01-18 16:12:58.845,1.02
2026-01-18 16:12:58.862,1.019
2026-01-18 16:12:58.862,1.013
2026-01-18 16:12:58.878,1.015
2026-01-18 16:12:58.896,1.02
2026-01-18 16:12:58.911,1.024
2026-01-18 16:12:58.911,1.031
2026-01-18 16:12:58.929,1.024
2026-01-18 16:12:58.946,1.025
2026-01-18 16:12:58.962,1.027
2026-01-18 16:12:58.962,1.028
2026-01-18 16:12:58.979,1.031
2026-01-18 16:12:58.996,1.032
2026-01-18 16:12:58.996,1.032
2026-01-18 16:12:59.012,1.027
2026-01-18 16:12:59.029,1.031
2026-01-18 16:12:59.045,1.032
2026-01-18 16:12:59.045,1.029
2026-01-18 16:12:59.062,1.026
2026-01-18 16:12:59.079,1.026
2026-01-18 16:12:59.080,1.027
2026-01-18 16:12:59.096,1.024
2026-01-18 16:12:59.113,1.024
2026-01-18 16:12:59.128,1.023
2026-01-18 16:12:59.129,1.018
2026-01-18 16:12:59.144,1.016
2026-01-18 16:12:59.162,1.025
2026-01-18 16:12:59.178,1.022
2026-01-18 16:12:59.178,1.023
2026-01-18 16:12:59.194,1.017
2026-01-18 16:12:59.214,1.019
2026-01-18 16:12:59.214,1.017
2026-01-18 16:12:59.231,1.017
2026-01-18 16:12:59.245,1.019
2026-01-18 16:12:59.261,1.013
2026-01-18 16:12:59.262,1.011
2026-01-18 16:12:59.277,1.013
2026-01-18 16:12:59.295,1.011
2026-01-18 16:12:59.295,1.009
2026-01-18 16:12:59.311,1.016
2026-01-18 16:12:59.340,1.015
2026-01-18 16:12:59.342,1.023
2026-01-18 16:12:59.349,1.019
2026-01-18 16:12:59.360,1.018
2026-01-18 16:12:59.378,1.022
2026-01-18 16:12:59.378,1.021
2026-01-18 16:12:59.394,1.022
2026-01-18 16:12:59.411,1.019
2026-01-18 16:12:59.428,1.022
2026-01-18 16:12:59.429,1.021
2026-01-18 16:12:59.445,1.02
2026-01-18 16:12:59.462,1.023
2026-01-18 16:12:59.462,1.021
2026-01-18 16:12:59.478,1.025
2026-01-18 16:12:59.495,1.025
2026-01-18 16:12:59.512,1.025
2026-01-18 16:12:59.512,1.023
2026-01-18 16:12:59.528,1.024
2026-01-18 16:12:59.544,1.028
2026-01-18 16:12:59.561,1.028
2026-01-18 16:12:59.562,1.027
2026-01-18 16:12:59.578,1.025
2026-01-18 16:12:59.595,1.026
2026-01-18 16:12:59.596,1.024
2026-01-18 16:12:59.611,1.029
2026-01-18 16:12:59.628,1.028
2026-01-18 16:12:59.646,1.027
2026-01-18 16:12:59.646,1.025
2026-01-18 16:12:59.662,1.028
2026-01-18 16:12:59.679,1.024
2026-01-18 16:12:59.679,1.025
2026-01-18 16:12:59.694,1.023
2026-01-18 16:12:59.712,1.018
2026-01-18 16:12:59.728,1.015
2026-01-18 16:12:59.729,1.015
2026-01-18 16:12:59.746,1.022
2026-01-18 16:12:59.761,1.023
2026-01-18 16:12:59.779,1.021
2026-01-18 16:12:59.779,1.024
2026-01-18 16:12:59.796,1.026
2026-01-18 16:12:59.811,1.024
2026-01-18 16:12:59.811,1.023
2026-01-18 16:12:59.829,1.021
2026-01-18 16:12:59.846,1.02
2026-01-18 16:12:59.862,1.018
2026-01-18 16:12:59.862,1.022
2026-01-18 16:12:59.878,1.018
2026-01-18 16:12:59.895,1.016
2026-01-18 16:12:59.896,1.02
2026-01-18 16:12:59.910,1.016
2026-01-18 16:12:59.929,1.011
2026-01-18 16:12:59.945,1.012
2026-01-18 16:12:59.945,1.012
2026-01-18 16:12:59.961,1.015
2026-01-18 16:12:59.977,1.016
2026-01-18 16:12:59.997,1.015
2026-01-18 16:12:59.997,1.017
2026-01-18 16:13:00.011,1.018
2026-01-18 16:13:00.027,1.016
2026-01-18 16:13:00.028,1.014
2026-01-18 16:13:00.044,1.01
2026-01-18 16:13:00.060,1.011
2026-01-18 16:13:00.079,1.012
2026-01-18 16:13:00.080,1.012
2026-01-18 16:13:00.097,1.017
2026-01-18 16:13:00.111,1.015
2026-01-18 16:13:00.111,1.018
2026-01-18 16:13:00.129,1.016
2026-01-18 16:13:00.145,1.015
2026-01-18 16:13:00.162,1.018
2026-01-18 16:13:00.162,1.024
2026-01-18 16:13:00.179,1.021
2026-01-18 16:13:00.196,1.019
2026-01-18 16:13:00.196,1.024
2026-01-18 16:13:00.211,1.024
2026-01-18 16:13:00.235,1.021
2026-01-18 16:13:00.236,1.019
2026-01-18 16:13:00.244,1.018
2026-01-18 16:13:00.264,1.017
2026-01-18 16:13:00.278,1.018
2026-01-18 16:13:00.280,1.015
2026-01-18 16:13:00.294,1.02
2026-01-18 16:13:00.311,1.019
2026-01-18 16:13:00.329,1.016
2026-01-18 16:13:00.329,1.012
2026-01-18 16:13:00.345,1.015
2026-01-18 16:13:00.361,1.014
2026-01-18 16:13:00.362,1.016
2026-01-18 16:13:00.379,1.018
2026-01-18 16:13:00.396,1.017
2026-01-18 16:13:00.412,1.014
2026-01-18 16:13:00.413,1.014
2026-01-18 16:13:00.427,1.017
2026-01-18 16:13:00.444,1.018
2026-01-18 16:13:00.461,1.017
2026-01-18 16:13:00.462,1.02
2026-01-18 16:13:00.479,1.023
2026-01-18 16:13:00.495,1.022
2026-01-18 16:13:00.495,1.021
2026-01-18 16:13:00.512,1.019
2026-01-18 16:13:00.529,1.019
2026-01-18 16:13:00.545,1.02
2026-01-18 16:13:00.545,1.019
2026-01-18 16:13:00.562,1.021
2026-01-18 16:13:00.579,1.016
2026-01-18 16:13:00.579,1.018
2026-01-18 16:13:00.594,1.017
2026-01-18 16:13:00.611,1.014
2026-01-18 16:13:00.628,1.012
2026-01-18 16:13:00.629,1.006
2026-01-18 16:13:00.646,1.008
2026-01-18 16:13:00.661,1.012
2026-01-18 16:13:00.679,1.013
2026-01-18 16:13:00.679,1.014
2026-01-18 16:13:00.706,1.018
2026-01-18 16:13:00.707,1.017
2026-01-18 16:13:00.719,1.019
2026-01-18 16:13:00.727,1.02
2026-01-18 16:13:00.745,1.022
2026-01-18 16:13:00.761,1.02
2026-01-18 16:13:00.762,1.019
2026-01-18 16:13:00.779,1.017
2026-01-18 16:13:00.795,1.019
2026-01-18 16:13:00.795,1.015
2026-01-18 16:13:00.812,1.014
2026-01-18 16:13:00.829,1.014
2026-01-18 16:13:00.845,1.016
2026-01-18 16:13:00.846,1.015
2026-01-18 16:13:00.862,1.021
2026-01-18 16:13:00.877,1.022
2026-01-18 16:13:00.894,1.022
2026-01-18 16:13:00.894,1.021
2026-01-18 16:13:00.910,1.02
2026-01-18 16:13:00.928,1.019
2026-01-18 16:13:00.928,1.017
2026-01-18 16:13:00.944,1.019
2026-01-18 16:13:00.961,1.019
2026-01-18 16:13:00.978,1.019
2026-01-18 16:13:00.978,1.018
2026-01-18 16:13:00.994,1.023
2026-01-18 16:13:01.011,1.022
2026-01-18 16:13:01.011,1.02
2026-01-18 16:13:01.028,1.02
2026-01-18 16:13:01.044,1.019
2026-01-18 16:13:01.061,1.016
2026-01-18 16:13:01.062,1.017
2026-01-18 16:13:01.077,1.02
2026-01-18 16:13:01.094,1.019
2026-01-18 16:13:01.094,1.019
2026-01-18 16:13:01.110,1.018
2026-01-18 16:13:01.127,1.017
2026-01-18 16:13:01.144,1.017
2026-01-18 16:13:01.144,1.016
2026-01-18 16:13:01.162,1.018
2026-01-18 16:13:01.178,1.016
2026-01-18 16:13:01.179,1.022
2026-01-18 16:13:01.194,1.021
2026-01-18 16:13:01.211,1.018
2026-01-18 16:13:01.234,1.019
2026-01-18 16:13:01.234,1.021
2026-01-18 16:13:01.243,1.02
2026-01-18 16:13:01.261,1.021
2026-01-18 16:13:01.277,1.023
2026-01-18 16:13:01.278,1.019
2026-01-18 16:13:01.295,1.018
2026-01-18 16:13:01.311,1.019
2026-01-18 16:13:01.312,1.02
2026-01-18 16:13:01.329,1.019
2026-01-18 16:13:01.345,1.019
2026-01-18 16:13:01.361,1.026
2026-01-18 16:13:01.362,1.025
2026-01-18 16:13:01.378,1.023
2026-01-18 16:13:01.395,1.026
2026-01-18 16:13:01.395,1.027
2026-01-18 16:13:01.412,1.022
2026-01-18 16:13:01.427,1.02
2026-01-18 16:13:01.444,1.021
2026-01-18 16:13:01.444,1.022
2026-01-18 16:13:01.461,1.019
2026-01-18 16:13:01.478,1.022
2026-01-18 16:13:01.478,1.026
2026-01-18 16:13:01.494,1.028
2026-01-18 16:13:01.511,1.027
2026-01-18 16:13:01.528,1.028
2026-01-18 16:13:01.528,1.029
2026-01-18 16:13:01.545,1.024
2026-01-18 16:13:01.562,1.03
2026-01-18 16:13:01.563,1.028
2026-01-18 16:13:01.577,1.025
2026-01-18 16:13:01.594,1.021
2026-01-18 16:13:01.610,1.02
2026-01-18 16:13:01.610,1.02
2026-01-18 16:13:01.627,1.017
2026-01-18 16:13:01.645,1.017
2026-01-18 16:13:01.661,1.02
2026-01-18 16:13:01.661,1.017
2026-01-18 16:13:01.678,1.015
2026-01-18 16:13:01.696,1.016
2026-01-18 16:13:01.696,1.015
2026-01-18 16:13:01.711,1.014
2026-01-18 16:13:01.727,1.022
2026-01-18 16:13:01.744,1.024
2026-01-18 16:13:01.745,1.022
2026-01-18 16:13:01.762,1.026
2026-01-18 16:13:01.779,1.026
2026-01-18 16:13:01.779,1.032
2026-01-18 16:13:01.795,1.026
2026-01-18 16:13:01.811,1.021
2026-01-18 16:13:01.828,1.021
2026-01-18 16:13:01.828,1.023
2026-01-18 16:13:01.846,1.023
2026-01-18 16:13:01.861,1.027
2026-01-18 16:13:01.878,1.027
2026-01-18 16:13:01.879,1.026
2026-01-18 16:13:01.894,1.026
2026-01-18 16:13:01.911,1.02
2026-01-18 16:13:01.912,1.02
2026-01-18 16:13:01.928,1.02
2026-01-18 16:13:01.944,1.017
2026-01-18 16:13:01.960,1.024
2026-01-18 16:13:01.960,1.021
2026-01-18 16:13:01.979,1.022
2026-01-18 16:13:01.995,1.018
2026-01-18 16:13:01.995,1.017
2026-01-18 16:13:02.012,1.023
2026-01-18 16:13:02.027,1.022
2026-01-18 16:13:02.045,1.021
2026-01-18 16:13:02.045,1.019
2026-01-18 16:13:02.073,1.02
2026-01-18 16:13:02.074,1.015
2026-01-18 16:13:02.084,1.02
2026-01-18 16:13:02.094,1.022
2026-01-18 16:13:02.112,1.021
2026-01-18 16:13:02.128,1.023
2026-01-18 16:13:02.128,1.024
2026-01-18 16:13:02.144,1.023
2026-01-18 16:13:02.161,1.018
2026-01-18 16:13:02.178,1.019
2026-01-18 16:13:02.178,1.021
2026-01-18 16:13:02.195,1.02
2026-01-18 16:13:02.212,1.021
2026-01-18 16:13:02.213,1.021
2026-01-18 16:13:02.227,1.021
2026-01-18 16:13:02.254,1.016
2026-01-18 16:13:02.254,1.015
2026-01-18 16:13:02.263,1.017
2026-01-18 16:13:02.278,1.018
2026-01-18 16:13:02.294,1.015
2026-01-18 16:13:02.295,1.017
2026-01-18 16:13:02.311,1.014
2026-01-18 16:13:02.327,1.013
2026-01-18 16:13:02.346,1.015
2026-01-18 16:13:02.346,1.015
2026-01-18 16:13:02.361,1.01
2026-01-18 16:13:02.379,1.013
2026-01-18 16:13:02.379,1.014
2026-01-18 16:13:02.395,1.018
2026-01-18 16:13:02.410,1.019
2026-01-18 16:13:02.428,1.021
2026-01-18 16:13:02.430,1.017
2026-01-18 16:13:02.443,1.016
2026-01-18 16:13:02.460,1.018
2026-01-18 16:13:02.479,1.019
2026-01-18 16:13:02.479,1.018
2026-01-18 16:13:02.494,1.017
2026-01-18 16:13:02.511,1.014
2026-01-18 16:13:02.512,1.014
2026-01-18 16:13:02.528,1.016
2026-01-18 16:13:02.544,1.018
2026-01-18 16:13:02.561,1.017
2026-01-18 16:13:02.561,1.017
2026-01-18 16:13:02.578,1.017
2026-01-18 16:13:02.595,1.014
2026-01-18 16:13:02.595,1.012
2026-01-18 16:13:02.612,1.015
2026-01-18 16:13:02.627,1.013
2026-01-18 16:13:02.644,1.011
2026-01-18 16:13:02.644,1.01
2026-01-18 16:13:02.660,1.012
2026-01-18 16:13:02.679,1.014
2026-01-18 16:13:02.679,1.012
2026-01-18 16:13:02.694,1.011
2026-01-18 16:13:02.712,1.01
2026-01-18 16:13:02.728,1.01
2026-01-18 16:13:02.728,1.01
2026-01-18 16:13:02.745,1.011
2026-01-18 16:13:02.760,1.016
2026-01-18 16:13:02.778,1.012
2026-01-18 16:13:02.778,1.01
2026-01-18 16:13:02.794,1.009
2026-01-18 16:13:02.812,1.011
2026-01-18 16:13:02.812,1.014
2026-01-18 16:13:02.828,1.013
2026-01-18 16:13:02.844,1.015
2026-01-18 16:13:02.860,1.015
2026-01-18 16:13:02.860,1.016
2026-01-18 16:13:02.878,1.021
2026-01-18 16:13:02.894,1.024
2026-01-18 16:13:02.894,1.026
2026-01-18 16:13:02.912,1.022
2026-01-18 16:13:02.928,1.028
2026-01-18 16:13:02.945,1.025
2026-01-18 16:13:02.945,1.025
2026-01-18 16:13:02.961,1.021
2026-01-18 16:13:02.978,1.021
2026-01-18 16:13:02.978,1.02
2026-01-18 16:13:02.994,1.014
2026-01-18 16:13:03.012,1.013
2026-01-18 16:13:03.028,1.015
2026-01-18 16:13:03.028,1.018
2026-01-18 16:13:03.045,1.021
2026-01-18 16:13:03.061,1.021
2026-01-18 16:13:03.079,1.019
2026-01-18 16:13:03.080,1.019
2026-01-18 16:13:03.097,1.014
2026-01-18 16:13:03.112,1.019
2026-01-18 16:13:03.112,1.019
2026-01-18 16:13:03.128,1.016
2026-01-18 16:13:03.144,1.013
2026-01-18 16:13:03.160,1.016
2026-01-18 16:13:03.160,1.013
2026-01-18 16:13:03.178,1.017
2026-01-18 16:13:03.195,1.013
2026-01-18 16:13:03.195,1.018
2026-01-18 16:13:03.212,1.017
2026-01-18 16:13:03.227,1.017
2026-01-18 16:13:03.250,1.016
2026-01-18 16:13:03.250,1.016
2026-01-18 16:13:03.260,1.018
2026-01-18 16:13:03.277,1.015
2026-01-18 16:13:03.278,1.011
2026-01-18 16:13:03.295,1.013
2026-01-18 16:13:03.312,1.012
2026-01-18 16:13:03.327,1.009
2026-01-18 16:13:03.327,1.008
2026-01-18 16:13:03.344,1.007
2026-01-18 16:13:03.359,1.008
2026-01-18 16:13:03.377,1.015
2026-01-18 16:13:03.379,1.016
2026-01-18 16:13:03.393,1.01
2026-01-18 16:13:03.437,1.011
2026-01-18 16:13:03.437,1.01
2026-01-18 16:13:03.438,1.009
2026-01-18 16:13:03.438,1.012
2026-01-18 16:13:03.450,1.014
2026-01-18 16:13:03.462,1.017
2026-01-18 16:13:03.476,1.02
2026-01-18 16:13:03.494,1.014
2026-01-18 16:13:03.495,1.012
2026-01-18 16:13:03.511,1.011
2026-01-18 16:13:03.528,1.014
2026-01-18 16:13:03.545,1.014
2026-01-18 16:13:03.545,1.013
2026-01-18 16:13:03.562,1.017
2026-01-18 16:13:03.577,1.018
2026-01-18 16:13:03.596,1.016
2026-01-18 16:13:03.596,1.017
2026-01-18 16:13:03.610,1.019
2026-01-18 16:13:03.629,1.02
2026-01-18 16:13:03.629,1.024
2026-01-18 16:13:03.645,1.027
2026-01-18 16:13:03.660,1.025
2026-01-18 16:13:03.677,1.023
2026-01-18 16:13:03.677,1.022
2026-01-18 16:13:03.693,1.022
2026-01-18 16:13:03.710,1.017
2026-01-18 16:13:03.711,1.017
2026-01-18 16:13:03.727,1.02
2026-01-18 16:13:03.743,1.018
2026-01-18 16:13:03.747,1.023
2026-01-18 16:13:03.761,1.023
2026-01-18 16:13:03.776,1.022
2026-01-18 16:13:03.793,1.014
2026-01-18 16:13:03.810,1.011
2026-01-18 16:13:03.810,1.014
2026-01-18 16:13:03.827,1.017
2026-01-18 16:13:03.843,1.019
2026-01-18 16:13:03.843,1.019
2026-01-18 16:13:03.860,1.02
2026-01-18 16:13:03.876,1.018
2026-01-18 16:13:03.893,1.019
2026-01-18 16:13:03.894,1.019
2026-01-18 16:13:03.910,1.015
2026-01-18 16:13:03.926,1.014
2026-01-18 16:13:03.927,1.021
2026-01-18 16:13:03.944,1.022
2026-01-18 16:13:03.960,1.021
2026-01-18 16:13:03.977,1.018
2026-01-18 16:13:03.977,1.018
2026-01-18 16:13:03.994,1.02
2026-01-18 16:13:04.011,1.021
2026-01-18 16:13:04.012,1.023
2026-01-18 16:13:04.027,1.023
2026-01-18 16:13:04.044,1.019
2026-01-18 16:13:04.060,1.024
2026-01-18 16:13:04.061,1.025
2026-01-18 16:13:04.077,1.022
2026-01-18 16:13:04.095,1.025
2026-01-18 16:13:04.096,1.028
2026-01-18 16:13:04.110,1.023
2026-01-18 16:13:04.129,1.019
2026-01-18 16:13:04.144,1.018
2026-01-18 16:13:04.145,1.016
2026-01-18 16:13:04.161,1.013
2026-01-18 16:13:04.177,1.013
2026-01-18 16:13:04.195,1.016
2026-01-18 16:13:04.195,1.02
2026-01-18 16:13:04.211,1.02
2026-01-18 16:13:04.227,1.021
2026-01-18 16:13:04.227,1.018
2026-01-18 16:13:04.250,1.023
2026-01-18 16:13:04.250,1.023
2026-01-18 16:13:04.278,1.025
2026-01-18 16:13:04.278,1.032
2026-01-18 16:13:04.295,1.029
2026-01-18 16:13:04.311,1.024
2026-01-18 16:13:04.311,1.024
2026-01-18 16:13:04.327,1.023
2026-01-18 16:13:04.343,1.019
2026-01-18 16:13:04.360,1.018
2026-01-18 16:13:04.360,1.014
2026-01-18 16:13:04.377,1.018
2026-01-18 16:13:04.395,1.013
2026-01-18 16:13:04.395,1.012
2026-01-18 16:13:04.410,1.011
2026-01-18 16:13:04.427,1.011
2026-01-18 16:13:04.444,1.015
2026-01-18 16:13:04.444,1.013
2026-01-18 16:13:04.461,1.012
2026-01-18 16:13:04.479,1.015
2026-01-18 16:13:04.480,1.014
2026-01-18 16:13:04.494,1.014
2026-01-18 16:13:04.512,1.013
2026-01-18 16:13:04.527,1.012
2026-01-18 16:13:04.528,1.01
2026-01-18 16:13:04.544,1.011
2026-01-18 16:13:04.560,1.011
2026-01-18 16:13:04.576,1.012
2026-01-18 16:13:04.577,1.015
2026-01-18 16:13:04.594,1.019
2026-01-18 16:13:04.611,1.017
2026-01-18 16:13:04.611,1.02
2026-01-18 16:13:04.627,1.02
2026-01-18 16:13:04.644,1.016
2026-01-18 16:13:04.661,1.02
2026-01-18 16:13:04.661,1.019
2026-01-18 16:13:04.677,1.021
2026-01-18 16:13:04.694,1.023
2026-01-18 16:13:04.695,1.021
2026-01-18 16:13:04.711,1.02
2026-01-18 16:13:04.728,1.021
2026-01-18 16:13:04.745,1.019
2026-01-18 16:13:04.745,1.019
2026-01-18 16:13:04.762,1.02
2026-01-18 16:13:04.789,1.02
2026-01-18 16:13:04.790,1.024
2026-01-18 16:13:04.790,1.025
2026-01-18 16:13:04.810,1.024
2026-01-18 16:13:04.829,1.022
2026-01-18 16:13:04.829,1.021
2026-01-18 16:13:04.844,1.025
2026-01-18 16:13:04.861,1.024
2026-01-18 16:13:04.877,1.028
2026-01-18 16:13:04.878,1.027
2026-01-18 16:13:04.894,1.032
2026-01-18 16:13:04.910,1.031
2026-01-18 16:13:04.911,1.032
2026-01-18 16:13:04.927,1.031
2026-01-18 16:13:04.944,1.028
2026-01-18 16:13:04.961,1.025
2026-01-18 16:13:04.961,1.031
2026-01-18 16:13:04.978,1.031
2026-01-18 16:13:04.994,1.028
2026-01-18 16:13:04.995,1.026
2026-01-18 16:13:05.011,1.027
2026-01-18 16:13:05.026,1.023
2026-01-18 16:13:05.044,1.023
2026-01-18 16:13:05.044,1.023
2026-01-18 16:13:05.061,1.023
2026-01-18 16:13:05.077,1.022
2026-01-18 16:13:05.095,1.02
2026-01-18 16:13:05.095,1.02
2026-01-18 16:13:05.110,1.016
2026-01-18 16:13:05.128,1.016
2026-01-18 16:13:05.128,1.016
2026-01-18 16:13:05.144,1.014
2026-01-18 16:13:05.162,1.019
2026-01-18 16:13:05.177,1.018
2026-01-18 16:13:05.178,1.016
2026-01-18 16:13:05.193,1.021
2026-01-18 16:13:05.209,1.02
2026-01-18 16:13:05.210,1.019
2026-01-18 16:13:05.231,1.018
2026-01-18 16:13:05.243,1.017
2026-01-18 16:13:05.261,1.016
2026-01-18 16:13:05.261,1.014
2026-01-18 16:13:05.277,1.016
2026-01-18 16:13:05.294,1.022
2026-01-18 16:13:05.294,1.03
2026-01-18 16:13:05.310,1.027
2026-01-18 16:13:05.328,1.021
2026-01-18 16:13:05.344,1.017
2026-01-18 16:13:05.344,1.019
2026-01-18 16:13:05.359,1.02
2026-01-18 16:13:05.378,1.02
2026-01-18 16:13:05.395,1.023
2026-01-18 16:13:05.395,1.022
2026-01-18 16:13:05.412,1.025
2026-01-18 16:13:05.427,1.028
2026-01-18 16:13:05.428,1.027
2026-01-18 16:13:05.445,1.021
2026-01-18 16:13:05.460,1.024
2026-01-18 16:13:05.478,1.024
2026-01-18 16:13:05.478,1.024
2026-01-18 16:13:05.493,1.02
2026-01-18 16:13:05.512,1.018
2026-01-18 16:13:05.512,1.017
2026-01-18 16:13:05.527,1.016
2026-01-18 16:13:05.544,1.015
2026-01-18 16:13:05.559,1.015
2026-01-18 16:13:05.560,1.018
2026-01-18 16:13:05.576,1.018
2026-01-18 16:13:05.595,1.017
2026-01-18 16:13:05.595,1.016
2026-01-18 16:13:05.609,1.013
2026-01-18 16:13:05.626,1.015
2026-01-18 16:13:05.644,1.019
2026-01-18 16:13:05.644,1.02
2026-01-18 16:13:05.660,1.017
2026-01-18 16:13:05.677,1.015
2026-01-18 16:13:05.693,1.022
2026-01-18 16:13:05.694,1.02
2026-01-18 16:13:05.710,1.017
2026-01-18 16:13:05.726,1.018
2026-01-18 16:13:05.726,1.02
2026-01-18 16:13:05.742,1.016
2026-01-18 16:13:05.759,1.019
2026-01-18 16:13:05.776,1.018
2026-01-18 16:13:05.776,1.018
2026-01-18 16:13:05.793,1.02
2026-01-18 16:13:05.810,1.017
2026-01-18 16:13:05.810,1.02
2026-01-18 16:13:05.827,1.018
2026-01-18 16:13:05.843,1.013
2026-01-18 16:13:05.860,1.01
2026-01-18 16:13:05.860,1.008
2026-01-18 16:13:05.876,1.007
2026-01-18 16:13:05.893,1.004
2026-01-18 16:13:05.911,1.006
2026-01-18 16:13:05.911,1.008
2026-01-18 16:13:05.927,1.011
2026-01-18 16:13:05.944,1.01
2026-01-18 16:13:05.944,1.009
2026-01-18 16:13:05.961,1.011
2026-01-18 16:13:05.977,1.013
2026-01-18 16:13:05.978,1.012
2026-01-18 16:13:05.993,1.01
2026-01-18 16:13:06.011,1.013
2026-01-18 16:13:06.026,1.011
2026-01-18 16:13:06.026,1.009
2026-01-18 16:13:06.043,1.01
2026-01-18 16:13:06.060,1.014
2026-01-18 16:13:06.076,1.014
2026-01-18 16:13:06.076,1.017
2026-01-18 16:13:06.093,1.02
2026-01-18 16:13:06.110,1.021
2026-01-18 16:13:06.111,1.025
2026-01-18 16:13:06.126,1.025
2026-01-18 16:13:06.153,1.023
2026-01-18 16:13:06.154,1.023
2026-01-18 16:13:06.162,1.019
2026-01-18 16:13:06.177,1.024
2026-01-18 16:13:06.195,1.022
2026-01-18 16:13:06.195,1.02
2026-01-18 16:13:06.210,1.02
2026-01-18 16:13:06.234,1.018
2026-01-18 16:13:06.235,1.015
2026-01-18 16:13:06.243,1.015
2026-01-18 16:13:06.261,1.016
2026-01-18 16:13:06.277,1.014
2026-01-18 16:13:06.295,1.015
2026-01-18 16:13:06.295,1.014
2026-01-18 16:13:06.310,1.017
2026-01-18 16:13:06.328,1.014
2026-01-18 16:13:06.328,1.012
2026-01-18 16:13:06.343,1.014
2026-01-18 16:13:06.360,1.015
2026-01-18 16:13:06.377,1.012
2026-01-18 16:13:06.377,1.009
2026-01-18 16:13:06.394,1.008
2026-01-18 16:13:06.410,1.006
2026-01-18 16:13:06.411,1.01
2026-01-18 16:13:06.427,1.008
2026-01-18 16:13:06.443,1.011
2026-01-18 16:13:06.459,1.012
2026-01-18 16:13:06.460,1.01
2026-01-18 16:13:06.479,1.017
2026-01-18 16:13:06.493,1.013
2026-01-18 16:13:06.494,1.011
2026-01-18 16:13:06.509,1.008
2026-01-18 16:13:06.526,1.007
2026-01-18 16:13:06.543,1.008
2026-01-18 16:13:06.543,1.007
2026-01-18 16:13:06.559,1.008
2026-01-18 16:13:06.576,1.017
2026-01-18 16:13:06.594,1.017
2026-01-18 16:13:06.594,1.018
2026-01-18 16:13:06.610,1.016
2026-01-18 16:13:06.627,1.013
2026-01-18 16:13:06.627,1.012
2026-01-18 16:13:06.643,1.01
2026-01-18 16:13:06.660,1.009
2026-01-18 16:13:06.676,1.01
2026-01-18 16:13:06.677,1.011
2026-01-18 16:13:06.693,1.014
2026-01-18 16:13:06.710,1.012
2026-01-18 16:13:06.726,1.016
2026-01-18 16:13:06.727,1.018
2026-01-18 16:13:06.743,1.024
2026-01-18 16:13:06.760,1.019
2026-01-18 16:13:06.760,1.017
2026-01-18 16:13:06.776,1.018
2026-01-18 16:13:06.793,1.019
2026-01-18 16:13:06.809,1.013
2026-01-18 16:13:06.809,1.015
2026-01-18 16:13:06.826,1.012
2026-01-18 16:13:06.843,1.012
2026-01-18 16:13:06.844,1.017
2026-01-18 16:13:06.860,1.011
2026-01-18 16:13:06.877,1.015
2026-01-18 16:13:06.893,1.012
2026-01-18 16:13:06.893,1.01
2026-01-18 16:13:06.909,1.014
2026-01-18 16:13:06.927,1.012
2026-01-18 16:13:06.927,1.021
2026-01-18 16:13:06.943,1.022
2026-01-18 16:13:06.960,1.022
2026-01-18 16:13:06.976,1.022
2026-01-18 16:13:06.977,1.024
2026-01-18 16:13:06.993,1.021
2026-01-18 16:13:07.009,1.018
2026-01-18 16:13:07.010,1.022
2026-01-18 16:13:07.026,1.018
2026-01-18 16:13:07.044,1.019
2026-01-18 16:13:07.060,1.022
2026-01-18 16:13:07.060,1.02
2026-01-18 16:13:07.079,1.025
2026-01-18 16:13:07.093,1.024
2026-01-18 16:13:07.109,1.022
2026-01-18 16:13:07.109,1.024
2026-01-18 16:13:07.126,1.027
2026-01-18 16:13:07.143,1.027
2026-01-18 16:13:07.143,1.031
2026-01-18 16:13:07.160,1.032
2026-01-18 16:13:07.176,1.03
2026-01-18 16:13:07.193,1.025
2026-01-18 16:13:07.193,1.026
2026-01-18 16:13:07.209,1.025
2026-01-18 16:13:07.226,1.026
2026-01-18 16:13:07.226,1.018
2026-01-18 16:13:07.248,1.025
2026-01-18 16:13:07.259,1.027
2026-01-18 16:13:07.277,1.025
2026-01-18 16:13:07.277,1.024
2026-01-18 16:13:07.292,1.024
2026-01-18 16:13:07.309,1.024
2026-01-18 16:13:07.326,1.025
2026-01-18 16:13:07.326,1.023
2026-01-18 16:13:07.343,1.023
2026-01-18 16:13:07.362,1.022
2026-01-18 16:13:07.362,1.023
2026-01-18 16:13:07.377,1.023
2026-01-18 16:13:07.394,1.025
2026-01-18 16:13:07.409,1.021
2026-01-18 16:13:07.428,1.02
2026-01-18 16:13:07.444,1.025
2026-01-18 16:13:07.444,1.025
2026-01-18 16:13:07.461,1.029
2026-01-18 16:13:07.477,1.029
2026-01-18 16:13:07.519,1.023
2026-01-18 16:13:07.519,1.023
2026-01-18 16:13:07.520,1.022
2026-01-18 16:13:07.520,1.023
2026-01-18 16:13:07.530,1.021
2026-01-18 16:13:07.543,1.019
2026-01-18 16:13:07.560,1.018
2026-01-18 16:13:07.576,1.025
2026-01-18 16:13:07.577,1.02
2026-01-18 16:13:07.593,1.024
2026-01-18 16:13:07.610,1.021
2026-01-18 16:13:07.610,1.024
2026-01-18 16:13:07.626,1.03
2026-01-18 16:13:07.643,1.032
2026-01-18 16:13:07.659,1.034
2026-01-18 16:13:07.659,1.031
2026-01-18 16:13:07.677,1.03
2026-01-18 16:13:07.693,1.027
2026-01-18 16:13:07.710,1.027
2026-01-18 16:13:07.710,1.029
2026-01-18 16:13:07.727,1.027
2026-01-18 16:13:07.743,1.028
2026-01-18 16:13:07.743,1.03
2026-01-18 16:13:07.761,1.03
2026-01-18 16:13:07.777,1.031
2026-01-18 16:13:07.795,1.033
2026-01-18 16:13:07.795,1.027
2026-01-18 16:13:07.809,1.026
2026-01-18 16:13:07.827,1.029
2026-01-18 16:13:07.828,1.026
2026-01-18 16:13:07.844,1.024
2026-01-18 16:13:07.860,1.026
2026-01-18 16:13:07.878,1.023
2026-01-18 16:13:07.878,1.023
2026-01-18 16:13:07.894,1.02
2026-01-18 16:13:07.910,1.019
2026-01-18 16:13:07.910,1.017
2026-01-18 16:13:07.927,1.021
2026-01-18 16:13:07.943,1.024
2026-01-18 16:13:07.961,1.024
2026-01-18 16:13:07.961,1.024
2026-01-18 16:13:07.976,1.025
2026-01-18 16:13:07.994,1.025
2026-01-18 16:13:07.995,1.025
2026-01-18 16:13:08.010,1.019
2026-01-18 16:13:08.028,1.023
2026-01-18 16:13:08.044,1.018
2026-01-18 16:13:08.045,1.016
2026-01-18 16:13:08.060,1.017
2026-01-18 16:13:08.077,1.019
2026-01-18 16:13:08.094,1.02
2026-01-18 16:13:08.094,1.021
2026-01-18 16:13:08.109,1.025
2026-01-18 16:13:08.126,1.025
2026-01-18 16:13:08.126,1.022
2026-01-18 16:13:08.142,1.02
2026-01-18 16:13:08.159,1.02
2026-01-18 16:13:08.176,1.019
2026-01-18 16:13:08.177,1.019
2026-01-18 16:13:08.193,1.023
2026-01-18 16:13:08.211,1.023
2026-01-18 16:13:08.211,1.023
2026-01-18 16:13:08.227,1.02
2026-01-18 16:13:08.248,1.018
2026-01-18 16:13:08.249,1.023
2026-01-18 16:13:08.259,1.019
2026-01-18 16:13:08.275,1.018
2026-01-18 16:13:08.292,1.021
2026-01-18 16:13:08.310,1.016
2026-01-18 16:13:08.310,1.024
2026-01-18 16:13:08.326,1.023
2026-01-18 16:13:08.342,1.021
2026-01-18 16:13:08.342,1.022
2026-01-18 16:13:08.360,1.021
2026-01-18 16:13:08.377,1.022
2026-01-18 16:13:08.393,1.025
2026-01-18 16:13:08.393,1.022
2026-01-18 16:13:08.410,1.023
2026-01-18 16:13:08.426,1.027
2026-01-18 16:13:08.427,1.023
2026-01-18 16:13:08.443,1.02
2026-01-18 16:13:08.460,1.017
2026-01-18 16:13:08.477,1.02
2026-01-18 16:13:08.477,1.021
2026-01-18 16:13:08.493,1.021
2026-01-18 16:13:08.510,1.02
2026-01-18 16:13:08.511,1.017
2026-01-18 16:13:08.526,1.019
2026-01-18 16:13:08.545,1.018
2026-01-18 16:13:08.560,1.024
2026-01-18 16:13:08.560,1.023
2026-01-18 16:13:08.578,1.027
2026-01-18 16:13:08.594,1.029
2026-01-18 16:13:08.595,1.029
2026-01-18 16:13:08.611,1.03
2026-01-18 16:13:08.626,1.029
2026-01-18 16:13:08.643,1.027
2026-01-18 16:13:08.643,1.029
2026-01-18 16:13:08.660,1.032
2026-01-18 16:13:08.678,1.031
2026-01-18 16:13:08.678,1.031
2026-01-18 16:13:08.695,1.029
2026-01-18 16:13:08.711,1.032
2026-01-18 16:13:08.727,1.035
2026-01-18 16:13:08.727,1.036
2026-01-18 16:13:08.742,1.036
2026-01-18 16:13:08.760,1.037
2026-01-18 16:13:08.777,1.034
2026-01-18 16:13:08.777,1.032
2026-01-18 16:13:08.794,1.034
2026-01-18 16:13:08.810,1.027
2026-01-18 16:13:08.811,1.027
2026-01-18 16:13:08.827,1.03
2026-01-18 16:13:08.843,1.032
2026-01-18 16:13:08.861,1.033
2026-01-18 16:13:08.861,1.03
2026-01-18 16:13:08.875,1.031
2026-01-18 16:13:08.894,1.03
2026-01-18 16:13:08.894,1.027
2026-01-18 16:13:08.910,1.024
2026-01-18 16:13:08.927,1.023
2026-01-18 16:13:08.944,1.031
2026-01-18 16:13:08.944,1.026
2026-01-18 16:13:08.960,1.023
2026-01-18 16:13:08.976,1.026
2026-01-18 16:13:08.994,1.027
2026-01-18 16:13:08.994,1.025
2026-01-18 16:13:09.009,1.03
2026-01-18 16:13:09.027,1.036
2026-01-18 16:13:09.027,1.033
2026-01-18 16:13:09.043,1.03
2026-01-18 16:13:09.061,1.034
2026-01-18 16:13:09.077,1.029
2026-01-18 16:13:09.077,1.029
2026-01-18 16:13:09.093,1.028
2026-01-18 16:13:09.109,1.024
2026-01-18 16:13:09.127,1.028
2026-01-18 16:13:09.128,1.026
2026-01-18 16:13:09.143,1.026
2026-01-18 16:13:09.159,1.027
2026-01-18 16:13:09.160,1.027
2026-01-18 16:13:09.175,1.029
2026-01-18 16:13:09.194,1.026
2026-01-18 16:13:09.194,1.02
2026-01-18 16:13:09.210,1.023
2026-01-18 16:13:09.226,1.022
2026-01-18 16:13:09.249,1.023
2026-01-18 16:13:09.249,1.02
2026-01-18 16:13:09.260,1.022
2026-01-18 16:13:09.278,1.026
2026-01-18 16:13:09.278,1.024
2026-01-18 16:13:09.293,1.02
2026-01-18 16:13:09.311,1.025
2026-01-18 16:13:09.328,1.023
2026-01-18 16:13:09.328,1.024
2026-01-18 16:13:09.344,1.021
2026-01-18 16:13:09.360,1.022
2026-01-18 16:13:09.377,1.021
2026-01-18 16:13:09.377,1.019
2026-01-18 16:13:09.394,1.024
2026-01-18 16:13:09.409,1.016
2026-01-18 16:13:09.410,1.015
2026-01-18 16:13:09.426,1.016
2026-01-18 16:13:09.444,1.016
2026-01-18 16:13:09.460,1.019
2026-01-18 16:13:09.460,1.021
2026-01-18 16:13:09.477,1.02
2026-01-18 16:13:09.493,1.02
2026-01-18 16:13:09.511,1.021
2026-01-18 16:13:09.511,1.011
2026-01-18 16:13:09.526,1.013
2026-01-18 16:13:09.544,1.015
2026-01-18 16:13:09.544,1.017
2026-01-18 16:13:09.560,1.014
2026-01-18 16:13:09.576,1.013
2026-01-18 16:13:09.593,1.015
2026-01-18 16:13:09.593,1.019
2026-01-18 16:13:09.612,1.021
2026-01-18 16:13:09.626,1.024
2026-01-18 16:13:09.626,1.024
2026-01-18 16:13:09.643,1.025
2026-01-18 16:13:09.659,1.023
2026-01-18 16:13:09.678,1.028
2026-01-18 16:13:09.678,1.025
2026-01-18 16:13:09.694,1.026
2026-01-18 16:13:09.709,1.028
2026-01-18 16:13:09.726,1.023
2026-01-18 16:13:09.726,1.024
2026-01-18 16:13:09.742,1.026
2026-01-18 16:13:09.760,1.024
2026-01-18 16:13:09.760,1.017
2026-01-18 16:13:09.776,1.019
2026-01-18 16:13:09.793,1.022
2026-01-18 16:13:09.794,1.023
2026-01-18 16:13:09.810,1.027
2026-01-18 16:13:09.827,1.024
2026-01-18 16:13:09.844,1.025
2026-01-18 16:13:09.844,1.02
2026-01-18 16:13:09.859,1.018
2026-01-18 16:13:09.880,1.017
2026-01-18 16:13:09.880,1.021
2026-01-18 16:13:09.893,1.019
2026-01-18 16:13:09.908,1.017
2026-01-18 16:13:09.925,1.024
2026-01-18 16:13:09.925,1.02
2026-01-18 16:13:09.944,1.017
2026-01-18 16:13:09.960,1.015
2026-01-18 16:13:09.976,1.016
2026-01-18 16:13:09.977,1.015
2026-01-18 16:13:09.994,1.016
2026-01-18 16:13:10.009,1.016
2026-01-18 16:13:10.025,1.016
2026-01-18 16:13:10.026,1.017
2026-01-18 16:13:10.043,1.02
2026-01-18 16:13:10.059,1.022
2026-01-18 16:13:10.059,1.021
2026-01-18 16:13:10.076,1.022
2026-01-18 16:13:10.093,1.02
2026-01-18 16:13:10.094,1.022
2026-01-18 16:13:10.110,1.021
2026-01-18 16:13:10.126,1.017
2026-01-18 16:13:10.144,1.02
2026-01-18 16:13:10.144,1.021
2026-01-18 16:13:10.160,1.022
2026-01-18 16:13:10.177,1.021
2026-01-18 16:13:10.194,1.017
2026-01-18 16:13:10.194,1.016
2026-01-18 16:13:10.210,1.014
2026-01-18 16:13:10.271,1.014
2026-01-18 16:13:10.272,1.016
2026-01-18 16:13:10.273,1.018
2026-01-18 16:13:10.274,1.016
2026-01-18 16:13:10.274,1.018
2026-01-18 16:13:10.275,1.019
2026-01-18 16:13:10.293,1.024
2026-01-18 16:13:10.311,1.022
2026-01-18 16:13:10.311,1.026
2026-01-18 16:13:10.326,1.027
2026-01-18 16:13:10.343,1.025
2026-01-18 16:13:10.360,1.029
2026-01-18 16:13:10.361,1.027
2026-01-18 16:13:10.377,1.026
2026-01-18 16:13:10.394,1.029
2026-01-18 16:13:10.395,1.027
2026-01-18 16:13:10.410,1.028
2026-01-18 16:13:10.427,1.028
2026-01-18 16:13:10.443,1.03
2026-01-18 16:13:10.443,1.029
2026-01-18 16:13:10.460,1.026
2026-01-18 16:13:10.476,1.027
2026-01-18 16:13:10.492,1.023
2026-01-18 16:13:10.493,1.027
2026-01-18 16:13:10.509,1.019
2026-01-18 16:13:10.528,1.023
2026-01-18 16:13:10.528,1.023
2026-01-18 16:13:10.542,1.023
2026-01-18 16:13:10.559,1.022
2026-01-18 16:13:10.576,1.02
2026-01-18 16:13:10.576,1.019
2026-01-18 16:13:10.593,1.02
2026-01-18 16:13:10.609,1.018
2026-01-18 16:13:10.610,1.014
2026-01-18 16:13:10.626,1.015
2026-01-18 16:13:10.642,1.013
2026-01-18 16:13:10.660,1.012
2026-01-18 16:13:10.660,1.008
2026-01-18 16:13:10.676,1.013
2026-01-18 16:13:10.692,1.021
2026-01-18 16:13:10.709,1.02
2026-01-18 16:13:10.709,1.018
2026-01-18 16:13:10.726,1.018
2026-01-18 16:13:10.742,1.022
2026-01-18 16:13:10.742,1.021
2026-01-18 16:13:10.759,1.024
2026-01-18 16:13:10.776,1.029
2026-01-18 16:13:10.792,1.028
2026-01-18 16:13:10.793,1.029
2026-01-18 16:13:10.809,1.031
2026-01-18 16:13:10.826,1.032
2026-01-18 16:13:10.826,1.029
2026-01-18 16:13:10.843,1.026
2026-01-18 16:13:10.860,1.029
2026-01-18 16:13:10.876,1.029
2026-01-18 16:13:10.876,1.03
2026-01-18 16:13:10.892,1.033
2026-01-18 16:13:10.909,1.034
2026-01-18 16:13:10.910,1.028
2026-01-18 16:13:10.926,1.025
2026-01-18 16:13:10.942,1.023
2026-01-18 16:13:10.959,1.024
2026-01-18 16:13:10.960,1.025
2026-01-18 16:13:10.975,1.026
2026-01-18 16:13:10.991,1.025
2026-01-18 16:13:11.008,1.026
2026-01-18 16:13:11.008,1.021
2026-01-18 16:13:11.025,1.023
2026-01-18 16:13:11.042,1.023
2026-01-18 16:13:11.042,1.021
2026-01-18 16:13:11.059,1.02
2026-01-18 16:13:11.075,1.021
2026-01-18 16:13:11.092,1.027
2026-01-18 16:13:11.093,1.025
2026-01-18 16:13:11.110,1.024
2026-01-18 16:13:11.126,1.022
2026-01-18 16:13:11.126,1.022
2026-01-18 16:13:11.143,1.02
2026-01-18 16:13:11.160,1.024
2026-01-18 16:13:11.176,1.02
2026-01-18 16:13:11.176,1.018
2026-01-18 16:13:11.194,1.018
2026-01-18 16:13:11.210,1.017
2026-01-18 16:13:11.211,1.019
2026-01-18 16:13:11.226,1.024
2026-01-18 16:13:11.251,1.024
2026-01-18 16:13:11.251,1.027
2026-01-18 16:13:11.259,1.027
2026-01-18 16:13:11.276,1.024
2026-01-18 16:13:11.292,1.025
2026-01-18 16:13:11.308,1.025
2026-01-18 16:13:11.308,1.026
2026-01-18 16:13:11.325,1.024
2026-01-18 16:13:11.343,1.026
2026-01-18 16:13:11.343,1.024
2026-01-18 16:13:11.359,1.021
2026-01-18 16:13:11.375,1.022
2026-01-18 16:13:11.393,1.021
2026-01-18 16:13:11.393,1.018
2026-01-18 16:13:11.410,1.019
2026-01-18 16:13:11.426,1.02
2026-01-18 16:13:11.426,1.017
2026-01-18 16:13:11.443,1.015
2026-01-18 16:13:11.459,1.021
2026-01-18 16:13:11.476,1.02
2026-01-18 16:13:11.477,1.019
2026-01-18 16:13:11.493,1.019
2026-01-18 16:13:11.510,1.019
2026-01-18 16:13:11.510,1.02
2026-01-18 16:13:11.526,1.021
2026-01-18 16:13:11.543,1.024
2026-01-18 16:13:11.559,1.023
2026-01-18 16:13:11.559,1.024
2026-01-18 16:13:11.576,1.026
2026-01-18 16:13:11.604,1.028
2026-01-18 16:13:11.604,1.029
2026-01-18 16:13:11.609,1.032
2026-01-18 16:13:11.625,1.027
2026-01-18 16:13:11.642,1.025
2026-01-18 16:13:11.659,1.027
2026-01-18 16:13:11.659,1.025
2026-01-18 16:13:11.677,1.028
2026-01-18 16:13:11.692,1.031
2026-01-18 16:13:11.692,1.032
2026-01-18 16:13:11.708,1.036
2026-01-18 16:13:11.727,1.035
2026-01-18 16:13:11.727,1.032
2026-01-18 16:13:11.742,1.029
2026-01-18 16:13:11.759,1.025
2026-01-18 16:13:11.775,1.026
2026-01-18 16:13:11.776,1.03
2026-01-18 16:13:11.791,1.025
2026-01-18 16:13:11.808,1.026
2026-01-18 16:13:11.825,1.023
2026-01-18 16:13:11.825,1.027
2026-01-18 16:13:11.842,1.026
2026-01-18 16:13:11.858,1.023
2026-01-18 16:13:11.858,1.022
2026-01-18 16:13:11.876,1.026
2026-01-18 16:13:11.891,1.025
2026-01-18 16:13:11.909,1.031
2026-01-18 16:13:11.909,1.034
2026-01-18 16:13:11.926,1.033
2026-01-18 16:13:11.943,1.031
2026-01-18 16:13:11.943,1.033
2026-01-18 16:13:11.959,1.034
2026-01-18 16:13:11.975,1.035
2026-01-18 16:13:11.992,1.033
2026-01-18 16:13:11.992,1.029
2026-01-18 16:13:12.007,1.029
2026-01-18 16:13:12.026,1.028
2026-01-18 16:13:12.026,1.026
2026-01-18 16:13:12.042,1.02
2026-01-18 16:13:12.059,1.021
2026-01-18 16:13:12.074,1.026
2026-01-18 16:13:12.075,1.029
2026-01-18 16:13:12.092,1.029
2026-01-18 16:13:12.109,1.028
2026-01-18 16:13:12.125,1.026
2026-01-18 16:13:12.127,1.024
2026-01-18 16:13:12.143,1.023
2026-01-18 16:13:12.161,1.022
2026-01-18 16:13:12.161,1.027
2026-01-18 16:13:12.176,1.023
2026-01-18 16:13:12.192,1.025
2026-01-18 16:13:12.209,1.021
2026-01-18 16:13:12.209,1.02
2026-01-18 16:13:12.226,1.019
2026-01-18 16:13:12.242,1.019
2026-01-18 16:13:12.243,1.016
2026-01-18 16:13:12.265,1.015
2026-01-18 16:13:12.275,1.016
2026-01-18 16:13:12.291,1.015
2026-01-18 16:13:12.291,1.016
2026-01-18 16:13:12.308,1.019
2026-01-18 16:13:12.325,1.023
2026-01-18 16:13:12.343,1.025
2026-01-18 16:13:12.343,1.023
2026-01-18 16:13:12.359,1.022
2026-01-18 16:13:12.376,1.023
2026-01-18 16:13:12.377,1.02
2026-01-18 16:13:12.392,1.02
2026-01-18 16:13:12.410,1.016
2026-01-18 16:13:12.410,1.012
2026-01-18 16:13:12.426,1.012
2026-01-18 16:13:12.442,1.019
2026-01-18 16:13:12.459,1.013
2026-01-18 16:13:12.459,1.014
2026-01-18 16:13:12.475,1.014
2026-01-18 16:13:12.491,1.014
2026-01-18 16:13:12.508,1.019
2026-01-18 16:13:12.508,1.022
2026-01-18 16:13:12.526,1.019
2026-01-18 16:13:12.542,1.017
2026-01-18 16:13:12.542,1.021
2026-01-18 16:13:12.558,1.023
2026-01-18 16:13:12.575,1.021
2026-01-18 16:13:12.592,1.027
2026-01-18 16:13:12.592,1.023
2026-01-18 16:13:12.608,1.02
2026-01-18 16:13:12.625,1.02
2026-01-18 16:13:12.642,1.021
2026-01-18 16:13:12.642,1.021
2026-01-18 16:13:12.658,1.019
2026-01-18 16:13:12.675,1.014
2026-01-18 16:13:12.676,1.018
2026-01-18 16:13:12.691,1.017
2026-01-18 16:13:12.708,1.015
2026-01-18 16:13:12.726,1.015
2026-01-18 16:13:12.726,1.015
2026-01-18 16:13:12.741,1.014
2026-01-18 16:13:12.759,1.019
2026-01-18 16:13:12.759,1.018
2026-01-18 16:13:12.776,1.015
2026-01-18 16:13:12.791,1.017
2026-01-18 16:13:12.808,1.02
2026-01-18 16:13:12.808,1.017
2026-01-18 16:13:12.825,1.016
2026-01-18 16:13:12.842,1.016
2026-01-18 16:13:12.842,1.016
2026-01-18 16:13:12.860,1.014
2026-01-18 16:13:12.875,1.011
2026-01-18 16:13:12.891,1.014
2026-01-18 16:13:12.892,1.02
2026-01-18 16:13:12.908,1.022
2026-01-18 16:13:12.925,1.021
2026-01-18 16:13:12.926,1.02
2026-01-18 16:13:12.941,1.016
2026-01-18 16:13:12.969,1.012
2026-01-18 16:13:12.969,1.016
2026-01-18 16:13:12.981,1.017
2026-01-18 16:13:12.992,1.021
2026-01-18 16:13:13.008,1.021
2026-01-18 16:13:13.025,1.017
2026-01-18 16:13:13.025,1.018
2026-01-18 16:13:13.041,1.017
2026-01-18 16:13:13.059,1.014
2026-01-18 16:13:13.059,1.012
2026-01-18 16:13:13.076,1.019
2026-01-18 16:13:13.092,1.017
2026-01-18 16:13:13.108,1.014
2026-01-18 16:13:13.108,1.014
2026-01-18 16:13:13.124,1.009
2026-01-18 16:13:13.142,1.012
2026-01-18 16:13:13.142,1.013
2026-01-18 16:13:13.158,1.013
2026-01-18 16:13:13.175,1.014
2026-01-18 16:13:13.192,1.017
2026-01-18 16:13:13.192,1.021
2026-01-18 16:13:13.208,1.018
2026-01-18 16:13:13.225,1.017
2026-01-18 16:13:13.241,1.019
2026-01-18 16:13:13.241,1.023
2026-01-18 16:13:13.264,1.025
2026-01-18 16:13:13.264,1.026
2026-01-18 16:13:13.275,1.025
2026-01-18 16:13:13.292,1.026
2026-01-18 16:13:13.308,1.023
2026-01-18 16:13:13.325,1.024
2026-01-18 16:13:13.325,1.023
2026-01-18 16:13:13.343,1.022
2026-01-18 16:13:13.359,1.02
2026-01-18 16:13:13.359,1.021
2026-01-18 16:13:13.376,1.029
2026-01-18 16:13:13.393,1.031
2026-01-18 16:13:13.410,1.026
2026-01-18 16:13:13.410,1.025
2026-01-18 16:13:13.425,1.021
2026-01-18 16:13:13.443,1.018
2026-01-18 16:13:13.444,1.017
2026-01-18 16:13:13.459,1.015
2026-01-18 16:13:13.476,1.022
2026-01-18 16:13:13.493,1.018
2026-01-18 16:13:13.494,1.014
2026-01-18 16:13:13.509,1.019
2026-01-18 16:13:13.525,1.018
2026-01-18 16:13:13.526,1.022
2026-01-18 16:13:13.543,1.02
2026-01-18 16:13:13.559,1.02
2026-01-18 16:13:13.576,1.021
2026-01-18 16:13:13.576,1.021
2026-01-18 16:13:13.592,1.013
2026-01-18 16:13:13.608,1.016
2026-01-18 16:13:13.626,1.014
2026-01-18 16:13:13.627,1.012
2026-01-18 16:13:13.643,1.015
2026-01-18 16:13:13.660,1.022
2026-01-18 16:13:13.660,1.021
2026-01-18 16:13:13.676,1.023
2026-01-18 16:13:13.691,1.028
2026-01-18 16:13:13.708,1.026
2026-01-18 16:13:13.708,1.023
2026-01-18 16:13:13.725,1.019
2026-01-18 16:13:13.741,1.026
2026-01-18 16:13:13.743,1.021
2026-01-18 16:13:13.759,1.017
2026-01-18 16:13:13.776,1.02
2026-01-18 16:13:13.793,1.017
2026-01-18 16:13:13.793,1.016
2026-01-18 16:13:13.809,1.011
2026-01-18 16:13:13.826,1.009
2026-01-18 16:13:13.843,1.01
2026-01-18 16:13:13.844,1.008
2026-01-18 16:13:13.859,1.011
2026-01-18 16:13:13.876,1.008
2026-01-18 16:13:13.876,1.007
2026-01-18 16:13:13.892,1.008
2026-01-18 16:13:13.910,1.006
2026-01-18 16:13:13.910,1.006
2026-01-18 16:13:13.926,1.008
2026-01-18 16:13:13.943,1.013
2026-01-18 16:13:13.960,1.013
2026-01-18 16:13:13.960,1.015
2026-01-18 16:13:13.975,1.013
2026-01-18 16:13:13.993,1.007
2026-01-18 16:13:13.993,1.009
2026-01-18 16:13:14.010,1.009
2026-01-18 16:13:14.026,1.01
2026-01-18 16:13:14.043,1.009
2026-01-18 16:13:14.044,1.011
2026-01-18 16:13:14.060,1.013
2026-01-18 16:13:14.076,1.021
2026-01-18 16:13:14.092,1.019
2026-01-18 16:13:14.093,1.014
2026-01-18 16:13:14.111,1.013
2026-01-18 16:13:14.126,1.013
2026-01-18 16:13:14.126,1.017
2026-01-18 16:13:14.142,1.016
2026-01-18 16:13:14.159,1.015
2026-01-18 16:13:14.176,1.015
2026-01-18 16:13:14.176,1.019
2026-01-18 16:13:14.192,1.021
2026-01-18 16:13:14.210,1.02
2026-01-18 16:13:14.211,1.018
2026-01-18 16:13:14.226,1.017
2026-01-18 16:13:14.249,1.02
2026-01-18 16:13:14.249,1.018
2026-01-18 16:13:14.260,1.017
2026-01-18 16:13:14.276,1.013
2026-01-18 16:13:14.293,1.017
2026-01-18 16:13:14.309,1.019
2026-01-18 16:13:14.309,1.017
2026-01-18 16:13:14.337,1.018
2026-01-18 16:13:14.337,1.011
2026-01-18 16:13:14.348,1.012
2026-01-18 16:13:14.359,1.01
2026-01-18 16:13:14.376,1.008
2026-01-18 16:13:14.392,1.012
2026-01-18 16:13:14.393,1.013
2026-01-18 16:13:14.410,1.011
2026-01-18 16:13:14.426,1.008
2026-01-18 16:13:14.426,1.013
2026-01-18 16:13:14.443,1.013
2026-01-18 16:13:14.460,1.011
2026-01-18 16:13:14.476,1.021
2026-01-18 16:13:14.476,1.023
2026-01-18 16:13:14.493,1.025
2026-01-18 16:13:14.510,1.026
2026-01-18 16:13:14.525,1.027
2026-01-18 16:13:14.526,1.023
2026-01-18 16:13:14.543,1.027
2026-01-18 16:13:14.559,1.024
2026-01-18 16:13:14.559,1.021
2026-01-18 16:13:14.575,1.018
2026-01-18 16:13:14.594,1.016
2026-01-18 16:13:14.595,1.014
2026-01-18 16:13:14.609,1.019
2026-01-18 16:13:14.626,1.02
2026-01-18 16:13:14.645,1.027
2026-01-18 16:13:14.645,1.023
2026-01-18 16:13:14.658,1.025
2026-01-18 16:13:14.675,1.024
2026-01-18 16:13:14.692,1.024
2026-01-18 16:13:14.693,1.02
2026-01-18 16:13:14.709,1.021
2026-01-18 16:13:14.726,1.015
2026-01-18 16:13:14.726,1.016
2026-01-18 16:13:14.742,1.019
2026-01-18 16:13:14.759,1.017
2026-01-18 16:13:14.776,1.014
2026-01-18 16:13:14.776,1.012
2026-01-18 16:13:14.791,1.015
2026-01-18 16:13:14.809,1.017
2026-01-18 16:13:14.809,1.017
2026-01-18 16:13:14.824,1.016
2026-01-18 16:13:14.844,1.021
2026-01-18 16:13:14.859,1.016
2026-01-18 16:13:14.860,1.017
2026-01-18 16:13:14.877,1.013
2026-01-18 16:13:14.893,1.013
2026-01-18 16:13:14.910,1.021
2026-01-18 16:13:14.910,1.018
2026-01-18 16:13:14.926,1.016
2026-01-18 16:13:14.942,1.016
2026-01-18 16:13:14.942,1.018
2026-01-18 16:13:14.960,1.021
2026-01-18 16:13:14.976,1.017
2026-01-18 16:13:14.992,1.018
2026-01-18 16:13:14.992,1.018
2026-01-18 16:13:15.008,1.019
2026-01-18 16:13:15.026,1.02
2026-01-18 16:13:15.026,1.016
2026-01-18 16:13:15.042,1.018
2026-01-18 16:13:15.058,1.019
2026-01-18 16:13:15.075,1.019
2026-01-18 16:13:15.075,1.019
2026-01-18 16:13:15.093,1.02
2026-01-18 16:13:15.109,1.017
2026-01-18 16:13:15.125,1.019
2026-01-18 16:13:15.126,1.017
2026-01-18 16:13:15.143,1.015
2026-01-18 16:13:15.159,1.012
2026-01-18 16:13:15.159,1.016
2026-01-18 16:13:15.176,1.019
2026-01-18 16:13:15.193,1.015
2026-01-18 16:13:15.209,1.016
2026-01-18 16:13:15.209,1.016
2026-01-18 16:13:15.225,1.02
2026-01-18 16:13:15.242,1.017
2026-01-18 16:13:15.243,1.02
2026-01-18 16:13:15.265,1.019
2026-01-18 16:13:15.276,1.013
2026-01-18 16:13:15.292,1.011
2026-01-18 16:13:15.292,1.007
2026-01-18 16:13:15.309,1.009
2026-01-18 16:13:15.326,1.008
2026-01-18 16:13:15.327,1.012
2026-01-18 16:13:15.344,1.01
2026-01-18 16:13:15.359,1.007
2026-01-18 16:13:15.375,1.007
2026-01-18 16:13:15.376,1.006
2026-01-18 16:13:15.392,1.016
2026-01-18 16:13:15.409,1.011
2026-01-18 16:13:15.425,1.011
2026-01-18 16:13:15.425,1.01
2026-01-18 16:13:15.442,1.016
2026-01-18 16:13:15.459,1.014
2026-01-18 16:13:15.459,1.015
2026-01-18 16:13:15.475,1.014
2026-01-18 16:13:15.493,1.014
2026-01-18 16:13:15.509,1.013
2026-01-18 16:13:15.510,1.014
2026-01-18 16:13:15.525,1.022
2026-01-18 16:13:15.543,1.027
2026-01-18 16:13:15.543,1.018
2026-01-18 16:13:15.560,1.015
2026-01-18 16:13:15.576,1.015
2026-01-18 16:13:15.593,1.013
2026-01-18 16:13:15.593,1.015
2026-01-18 16:13:15.610,1.02
2026-01-18 16:13:15.626,1.02
2026-01-18 16:13:15.626,1.021
2026-01-18 16:13:15.642,1.017
2026-01-18 16:13:15.661,1.019
2026-01-18 16:13:15.675,1.02
2026-01-18 16:13:15.675,1.018
2026-01-18 16:13:15.707,1.011
2026-01-18 16:13:15.709,1.016
2026-01-18 16:13:15.710,1.019
2026-01-18 16:13:15.742,1.013
2026-01-18 16:13:15.743,1.014
2026-01-18 16:13:15.759,1.011
2026-01-18 16:13:15.759,1.013
2026-01-18 16:13:15.776,1.015
2026-01-18 16:13:15.793,1.011
2026-01-18 16:13:15.809,1.014
2026-01-18 16:13:15.809,1.012
2026-01-18 16:13:15.825,1.018
2026-01-18 16:13:15.842,1.015
2026-01-18 16:13:15.843,1.015
2026-01-18 16:13:15.859,1.018
2026-01-18 16:13:15.875,1.022
2026-01-18 16:13:15.892,1.017
2026-01-18 16:13:15.892,1.016
2026-01-18 16:13:15.910,1.016
2026-01-18 16:13:15.926,1.015
2026-01-18 16:13:15.926,1.014
2026-01-18 16:13:15.942,1.013
2026-01-18 16:13:15.958,1.018
2026-01-18 16:13:15.975,1.014
2026-01-18 16:13:15.976,1.009
2026-01-18 16:13:15.992,1.015
2026-01-18 16:13:16.008,1.019
2026-01-18 16:13:16.026,1.016
2026-01-18 16:13:16.026,1.016
2026-01-18 16:13:16.043,1.011
2026-01-18 16:13:16.059,1.012
2026-01-18 16:13:16.059,1.01
2026-01-18 16:13:16.075,1.016
2026-01-18 16:13:16.093,1.02
2026-01-18 16:13:16.094,1.021
2026-01-18 16:13:16.110,1.021
2026-01-18 16:13:16.125,1.021
2026-01-18 16:13:16.142,1.024
2026-01-18 16:13:16.142,1.022
2026-01-18 16:13:16.160,1.022
2026-01-18 16:13:16.175,1.026
2026-01-18 16:13:16.192,1.023
2026-01-18 16:13:16.192,1.016
2026-01-18 16:13:16.209,1.015
2026-01-18 16:13:16.225,1.013
2026-01-18 16:13:16.242,1.01
2026-01-18 16:13:16.242,1.005
2026-01-18 16:13:16.259,1.005
2026-01-18 16:13:16.282,1.009
2026-01-18 16:13:16.282,1.007
2026-01-18 16:13:16.291,1.005
2026-01-18 16:13:16.309,1.007
2026-01-18 16:13:16.326,1.012
2026-01-18 16:13:16.326,1.014
2026-01-18 16:13:16.342,1.013
2026-01-18 16:13:16.360,1.011
2026-01-18 16:13:16.360,1.01
2026-01-18 16:13:16.375,1.008
2026-01-18 16:13:16.393,1.002
2026-01-18 16:13:16.409,1.004
2026-01-18 16:13:16.409,1.0
2026-01-18 16:13:16.426,1.003
2026-01-18 16:13:16.443,1.005
2026-01-18 16:13:16.443,1.002
2026-01-18 16:13:16.459,1.004
2026-01-18 16:13:16.475,1.004
2026-01-18 16:13:16.492,1.008
2026-01-18 16:13:16.493,1.009
2026-01-18 16:13:16.509,1.008
2026-01-18 16:13:16.525,1.006
2026-01-18 16:13:16.543,1.009
2026-01-18 16:13:16.543,1.013
2026-01-18 16:13:16.559,1.014
2026-01-18 16:13:16.576,1.017
2026-01-18 16:13:16.576,1.011
2026-01-18 16:13:16.593,1.007
2026-01-18 16:13:16.608,1.003
2026-01-18 16:13:16.628,1.0
2026-01-18 16:13:16.628,1.003
2026-01-18 16:13:16.642,1.004
2026-01-18 16:13:16.659,1.0
2026-01-18 16:13:16.659,0.996
2026-01-18 16:13:16.675,0.997
2026-01-18 16:13:16.692,1.002
2026-01-18 16:13:16.710,0.999
2026-01-18 16:13:16.710,0.998
2026-01-18 16:13:16.725,0.996
2026-01-18 16:13:16.743,0.997
2026-01-18 16:13:16.744,0.992
2026-01-18 16:13:16.759,0.997
2026-01-18 16:13:16.775,1.002
2026-01-18 16:13:16.791,1.003
2026-01-18 16:13:16.792,1.007
2026-01-18 16:13:16.809,1.005
2026-01-18 16:13:16.825,1.004
2026-01-18 16:13:16.843,1.002
2026-01-18 16:13:16.843,1.004
2026-01-18 16:13:16.859,1.008
2026-01-18 16:13:16.875,1.008
2026-01-18 16:13:16.875,1.006
2026-01-18 16:13:16.910,1.009
2026-01-18 16:13:16.911,1.01
2026-01-18 16:13:16.925,1.008
2026-01-18 16:13:16.942,1.009
2026-01-18 16:13:16.958,1.009
2026-01-18 16:13:16.959,1.012
2026-01-18 16:13:16.976,1.012
2026-01-18 16:13:16.992,1.014
2026-01-18 16:13:17.009,1.017
2026-01-18 16:13:17.009,1.02
2026-01-18 16:13:17.025,1.018
2026-01-18 16:13:17.068,1.023
2026-01-18 16:13:17.068,1.025
2026-01-18 16:13:17.069,1.024
2026-01-18 16:13:17.069,1.022
2026-01-18 16:13:17.079,1.015
2026-01-18 16:13:17.091,1.017
2026-01-18 16:13:17.109,1.016
2026-01-18 16:13:17.125,1.019
2026-01-18 16:13:17.143,1.015
2026-01-18 16:13:17.143,1.012
2026-01-18 16:13:17.159,1.011
2026-01-18 16:13:17.176,1.013
2026-01-18 16:13:17.177,1.015
2026-01-18 16:13:17.192,1.015
2026-01-18 16:13:17.208,1.016
2026-01-18 16:13:17.226,1.02
2026-01-18 16:13:17.226,1.016
2026-01-18 16:13:17.242,1.014
2026-01-18 16:13:17.259,1.017
2026-01-18 16:13:17.259,1.016
2026-01-18 16:13:17.275,1.014
2026-01-18 16:13:17.300,1.016
2026-01-18 16:13:17.300,1.021
2026-01-18 16:13:17.308,1.02
2026-01-18 16:13:17.325,1.02
2026-01-18 16:13:17.341,1.014
2026-01-18 16:13:17.358,1.01
2026-01-18 16:13:17.358,1.009
2026-01-18 16:13:17.376,1.01
2026-01-18 16:13:17.392,1.014
2026-01-18 16:13:17.393,1.018
2026-01-18 16:13:17.408,1.013
2026-01-18 16:13:17.424,1.014
2026-01-18 16:13:17.443,1.013
2026-01-18 16:13:17.443,1.013
2026-01-18 16:13:17.459,1.01
2026-01-18 16:13:17.476,1.008
2026-01-18 16:13:17.476,1.007
2026-01-18 16:13:17.492,1.001
2026-01-18 16:13:17.509,1.004
2026-01-18 16:13:17.509,1.003
2026-01-18 16:13:17.525,1.005
2026-01-18 16:13:17.543,1.011
2026-01-18 16:13:17.559,1.006
2026-01-18 16:13:17.559,1.009
2026-01-18 16:13:17.575,1.01
2026-01-18 16:13:17.593,1.008
2026-01-18 16:13:17.609,1.009
2026-01-18 16:13:17.609,1.009
2026-01-18 16:13:17.625,1.015
2026-01-18 16:13:17.642,1.015
2026-01-18 16:13:17.642,1.011
2026-01-18 16:13:17.659,1.015
2026-01-18 16:13:17.676,1.011
2026-01-18 16:13:17.693,1.011
2026-01-18 16:13:17.693,1.014
2026-01-18 16:13:17.709,1.016
2026-01-18 16:13:17.725,1.023
2026-01-18 16:13:17.726,1.018
2026-01-18 16:13:17.742,1.02
2026-01-18 16:13:17.758,1.017
2026-01-18 16:13:17.775,1.012
2026-01-18 16:13:17.775,1.016
2026-01-18 16:13:17.791,1.016
2026-01-18 16:13:17.808,1.015
2026-01-18 16:13:17.826,1.007
2026-01-18 16:13:17.826,1.003
2026-01-18 16:13:17.840,1.006
2026-01-18 16:13:17.858,1.011
2026-01-18 16:13:17.858,1.007
2026-01-18 16:13:17.875,1.008
2026-01-18 16:13:17.892,1.011
2026-01-18 16:13:17.908,1.011
2026-01-18 16:13:17.909,1.013
2026-01-18 16:13:17.926,1.012
2026-01-18 16:13:17.942,1.015
2026-01-18 16:13:17.942,1.011
2026-01-18 16:13:17.959,1.007
2026-01-18 16:13:17.975,1.011
2026-01-18 16:13:17.991,1.011
2026-01-18 16:13:17.991,1.012
2026-01-18 16:13:18.009,1.007
2026-01-18 16:13:18.025,1.008
2026-01-18 16:13:18.026,1.008
2026-01-18 16:13:18.043,1.016
2026-01-18 16:13:18.059,1.015
2026-01-18 16:13:18.075,1.013
2026-01-18 16:13:18.075,1.017
2026-01-18 16:13:18.093,1.017
2026-01-18 16:13:18.110,1.016
2026-01-18 16:13:18.111,1.011
2026-01-18 16:13:18.125,1.012
2026-01-18 16:13:18.142,1.011
2026-01-18 16:13:18.159,1.015
2026-01-18 16:13:18.159,1.015
2026-01-18 16:13:18.174,1.012
2026-01-18 16:13:18.190,1.007
2026-01-18 16:13:18.209,1.006
2026-01-18 16:13:18.210,1.01
2026-01-18 16:13:18.225,1.01
2026-01-18 16:13:18.244,1.012
2026-01-18 16:13:18.245,1.014
2026-01-18 16:13:18.259,1.013
2026-01-18 16:13:18.286,1.014
2026-01-18 16:13:18.286,1.019
2026-01-18 16:13:18.294,1.018
2026-01-18 16:13:18.308,1.018
2026-01-18 16:13:18.325,1.02
2026-01-18 16:13:18.326,1.017
2026-01-18 16:13:18.343,1.014
2026-01-18 16:13:18.359,1.014
2026-01-18 16:13:18.376,1.014
2026-01-18 16:13:18.377,1.01
2026-01-18 16:13:18.439,1.006
2026-01-18 16:13:18.440,1.009
2026-01-18 16:13:18.441,1.015
2026-01-18 16:13:18.441,1.009
2026-01-18 16:13:18.441,1.007
2026-01-18 16:13:18.447,1.012
2026-01-18 16:13:18.458,1.013
2026-01-18 16:13:18.474,1.016
2026-01-18 16:13:18.491,1.016
2026-01-18 16:13:18.507,1.024
2026-01-18 16:13:18.508,1.019
2026-01-18 16:13:18.525,1.014
2026-01-18 16:13:18.541,1.016
2026-01-18 16:13:18.541,1.02
2026-01-18 16:13:18.558,1.017
2026-01-18 16:13:18.574,1.016
2026-01-18 16:13:18.590,1.014
2026-01-18 16:13:18.591,1.014
2026-01-18 16:13:18.608,1.013
2026-01-18 16:13:18.625,1.013
2026-01-18 16:13:18.642,1.015
2026-01-18 16:13:18.642,1.011
2026-01-18 16:13:18.658,1.009
2026-01-18 16:13:18.675,1.011
2026-01-18 16:13:18.675,1.01
2026-01-18 16:13:18.692,1.015
2026-01-18 16:13:18.709,1.013
2026-01-18 16:13:18.710,1.012
2026-01-18 16:13:18.725,1.013
2026-01-18 16:13:18.742,1.019
2026-01-18 16:13:18.759,1.015
2026-01-18 16:13:18.760,1.021
2026-01-18 16:13:18.775,1.021
2026-01-18 16:13:18.793,1.018
2026-01-18 16:13:18.809,1.017
2026-01-18 16:13:18.809,1.021
2026-01-18 16:13:18.825,1.018
2026-01-18 16:13:18.842,1.015
2026-01-18 16:13:18.843,1.01
2026-01-18 16:13:18.860,1.015
2026-01-18 16:13:18.875,1.013
2026-01-18 16:13:18.892,1.018
2026-01-18 16:13:18.893,1.016
2026-01-18 16:13:18.908,1.015
2026-01-18 16:13:18.925,1.023
2026-01-18 16:13:18.926,1.023
2026-01-18 16:13:18.942,1.018
2026-01-18 16:13:18.958,1.018
2026-01-18 16:13:18.976,1.023
2026-01-18 16:13:18.976,1.017
2026-01-18 16:13:18.991,1.017
2026-01-18 16:13:19.009,1.016
2026-01-18 16:13:19.025,1.012
2026-01-18 16:13:19.025,1.008
2026-01-18 16:13:19.042,1.014
2026-01-18 16:13:19.058,1.016
2026-01-18 16:13:19.059,1.014
2026-01-18 16:13:19.074,1.01
2026-01-18 16:13:19.093,1.007
2026-01-18 16:13:19.094,1.009
2026-01-18 16:13:19.108,1.011
2026-01-18 16:13:19.126,1.011
2026-01-18 16:13:19.143,1.017
2026-01-18 16:13:19.143,1.02
2026-01-18 16:13:19.158,1.014
2026-01-18 16:13:19.175,1.012
2026-01-18 16:13:19.192,1.013
2026-01-18 16:13:19.192,1.013
2026-01-18 16:13:19.208,1.011
2026-01-18 16:13:19.225,1.01
2026-01-18 16:13:19.243,1.011
2026-01-18 16:13:19.243,1.015
2026-01-18 16:13:19.258,1.011
2026-01-18 16:13:19.274,1.009
2026-01-18 16:13:19.275,1.011
2026-01-18 16:13:19.302,1.011
2026-01-18 16:13:19.302,1.008
2026-01-18 16:13:19.326,1.007
2026-01-18 16:13:19.326,1.007
2026-01-18 16:13:19.342,1.006
2026-01-18 16:13:19.346,1.005
2026-01-18 16:13:19.358,1.005
2026-01-18 16:13:19.375,1.008
2026-01-18 16:13:19.392,1.009
2026-01-18 16:13:19.408,1.008
2026-01-18 16:13:19.408,1.009
2026-01-18 16:13:19.425,1.012
2026-01-18 16:13:19.442,1.018
2026-01-18 16:13:19.442,1.017
2026-01-18 16:13:19.457,1.016
2026-01-18 16:13:19.474,1.013
2026-01-18 16:13:19.491,1.013
2026-01-18 16:13:19.491,1.014
2026-01-18 16:13:19.508,1.013
2026-01-18 16:13:19.524,1.015
2026-01-18 16:13:19.541,1.017
2026-01-18 16:13:19.541,1.019
2026-01-18 16:13:19.557,1.016
2026-01-18 16:13:19.574,1.018
2026-01-18 16:13:19.574,1.017
2026-01-18 16:13:19.592,1.013
2026-01-18 16:13:19.608,1.018
2026-01-18 16:13:19.624,1.016
2026-01-18 16:13:19.625,1.016
2026-01-18 16:13:19.641,1.023
2026-01-18 16:13:19.659,1.024
2026-01-18 16:13:19.659,1.027
2026-01-18 16:13:19.675,1.022
2026-01-18 16:13:19.692,1.02
2026-01-18 16:13:19.709,1.017
2026-01-18 16:13:19.709,1.013
2026-01-18 16:13:19.725,1.018
2026-01-18 16:13:19.741,1.021
2026-01-18 16:13:19.785,1.025
2026-01-18 16:13:19.785,1.024
2026-01-18 16:13:19.786,1.024
2026-01-18 16:13:19.786,1.022
2026-01-18 16:13:19.795,1.021
2026-01-18 16:13:19.808,1.019
2026-01-18 16:13:19.825,1.019
2026-01-18 16:13:19.842,1.021
2026-01-18 16:13:19.842,1.023
2026-01-18 16:13:19.859,1.021
2026-01-18 16:13:19.875,1.018
2026-01-18 16:13:19.875,1.016
2026-01-18 16:13:19.892,1.016
2026-01-18 16:13:19.908,1.017
2026-01-18 16:13:19.925,1.018
2026-01-18 16:13:19.925,1.02
2026-01-18 16:13:19.942,1.019
2026-01-18 16:13:19.959,1.016
2026-01-18 16:13:19.959,1.023
2026-01-18 16:13:19.974,1.019
2026-01-18 16:13:19.992,1.017
2026-01-18 16:13:20.009,1.013
2026-01-18 16:13:20.009,1.013
2026-01-18 16:13:20.025,1.016
2026-01-18 16:13:20.042,1.019
2026-01-18 16:13:20.042,1.018
2026-01-18 16:13:20.059,1.02
2026-01-18 16:13:20.074,1.021
2026-01-18 16:13:20.093,1.023
2026-01-18 16:13:20.093,1.019
2026-01-18 16:13:20.108,1.018
2026-01-18 16:13:20.124,1.019
2026-01-18 16:13:20.142,1.019
2026-01-18 16:13:20.142,1.021
2026-01-18 16:13:20.159,1.019
2026-01-18 16:13:20.174,1.024
2026-01-18 16:13:20.175,1.021
2026-01-18 16:13:20.192,1.021
2026-01-18 16:13:20.208,1.025
2026-01-18 16:13:20.223,1.024
2026-01-18 16:13:20.224,1.021
2026-01-18 16:13:20.242,1.021
2026-01-18 16:13:20.258,1.018
2026-01-18 16:13:20.259,1.019
2026-01-18 16:13:20.275,1.015
2026-01-18 16:13:20.298,1.016
2026-01-18 16:13:20.298,1.01
2026-01-18 16:13:20.308,1.013
2026-01-18 16:13:20.326,1.011
2026-01-18 16:13:20.341,1.011
2026-01-18 16:13:20.342,1.01
2026-01-18 16:13:20.358,1.007
2026-01-18 16:13:20.373,1.009
2026-01-18 16:13:20.393,1.012
2026-01-18 16:13:20.394,1.015
2026-01-18 16:13:20.409,1.017
2026-01-18 16:13:20.424,1.013
2026-01-18 16:13:20.442,1.014
2026-01-18 16:13:20.442,1.011
2026-01-18 16:13:20.458,1.01
2026-01-18 16:13:20.480,1.007
2026-01-18 16:13:20.480,1.005
2026-01-18 16:13:20.493,1.009
2026-01-18 16:13:20.509,1.014
2026-01-18 16:13:20.525,1.017
2026-01-18 16:13:20.525,1.017
2026-01-18 16:13:20.542,1.02
2026-01-18 16:13:20.558,1.02
2026-01-18 16:13:20.558,1.019
2026-01-18 16:13:20.576,1.016
2026-01-18 16:13:20.590,1.015
2026-01-18 16:13:20.609,1.012
2026-01-18 16:13:20.609,1.011
2026-01-18 16:13:20.625,1.015
2026-01-18 16:13:20.642,1.019
2026-01-18 16:13:20.642,1.02
2026-01-18 16:13:20.659,1.02
2026-01-18 16:13:20.674,1.019
2026-01-18 16:13:20.692,1.016
2026-01-18 16:13:20.692,1.013
2026-01-18 16:13:20.711,1.018
2026-01-18 16:13:20.725,1.018
2026-01-18 16:13:20.742,1.02
2026-01-18 16:13:20.742,1.02
2026-01-18 16:13:20.758,1.019
2026-01-18 16:13:20.776,1.021
2026-01-18 16:13:20.776,1.022
2026-01-18 16:13:20.793,1.023
2026-01-18 16:13:20.809,1.02
2026-01-18 16:13:20.826,1.016
2026-01-18 16:13:20.826,1.02
2026-01-18 16:13:20.841,1.018
2026-01-18 16:13:20.857,1.023
2026-01-18 16:13:20.875,1.019
2026-01-18 16:13:20.875,1.012
2026-01-18 16:13:20.891,1.014
2026-01-18 16:13:20.909,1.01
2026-01-18 16:13:20.909,1.007
2026-01-18 16:13:20.924,1.008
2026-01-18 16:13:20.942,1.009
2026-01-18 16:13:20.942,1.009
2026-01-18 16:13:20.959,1.008
2026-01-18 16:13:20.975,1.007
2026-01-18 16:13:20.991,1.006
2026-01-18 16:13:20.993,1.01
2026-01-18 16:13:21.009,1.014
2026-01-18 16:13:21.024,1.015
2026-01-18 16:13:21.042,1.015
2026-01-18 16:13:21.042,1.018
2026-01-18 16:13:21.058,1.013
2026-01-18 16:13:21.074,1.011
2026-01-18 16:13:21.074,1.011
2026-01-18 16:13:21.091,1.009
2026-01-18 16:13:21.108,1.015
2026-01-18 16:13:21.144,1.015
2026-01-18 16:13:21.144,1.014
2026-01-18 16:13:21.145,1.009
2026-01-18 16:13:21.151,1.011
2026-01-18 16:13:21.176,1.011
2026-01-18 16:13:21.176,1.013
2026-01-18 16:13:21.191,1.015
2026-01-18 16:13:21.209,1.013
2026-01-18 16:13:21.209,1.011
2026-01-18 16:13:21.224,1.015
2026-01-18 16:13:21.242,1.015
2026-01-18 16:13:21.242,1.013
2026-01-18 16:13:21.258,1.014
2026-01-18 16:13:21.274,1.014
2026-01-18 16:13:21.298,1.016
2026-01-18 16:13:21.298,1.012
2026-01-18 16:13:21.308,1.012
2026-01-18 16:13:21.325,1.012
2026-01-18 16:13:21.342,1.011
2026-01-18 16:13:21.342,1.016
2026-01-18 16:13:21.358,1.017
2026-01-18 16:13:21.375,1.018
2026-01-18 16:13:21.375,1.02
2026-01-18 16:13:21.391,1.017
2026-01-18 16:13:21.408,1.018
2026-01-18 16:13:21.411,1.014
2026-01-18 16:13:21.423,1.014
2026-01-18 16:13:21.440,1.018
2026-01-18 16:13:21.457,1.016
2026-01-18 16:13:21.458,1.018
2026-01-18 16:13:21.474,1.018
2026-01-18 16:13:21.492,1.016
2026-01-18 16:13:21.508,1.012
2026-01-18 16:13:21.508,1.008
2026-01-18 16:13:21.525,1.009
2026-01-18 16:13:21.541,1.015
2026-01-18 16:13:21.542,1.021
2026-01-18 16:13:21.558,1.021
2026-01-18 16:13:21.575,1.019
2026-01-18 16:13:21.591,1.016
2026-01-18 16:13:21.591,1.015
2026-01-18 16:13:21.607,1.016
2026-01-18 16:13:21.624,1.02
2026-01-18 16:13:21.641,1.016
2026-01-18 16:13:21.642,1.018
2026-01-18 16:13:21.659,1.019
2026-01-18 16:13:21.676,1.017
2026-01-18 16:13:21.676,1.012
2026-01-18 16:13:21.691,1.015
2026-01-18 16:13:21.708,1.018
2026-01-18 16:13:21.725,1.019
2026-01-18 16:13:21.725,1.019
2026-01-18 16:13:21.741,1.018
2026-01-18 16:13:21.757,1.021
2026-01-18 16:13:21.758,1.017
2026-01-18 16:13:21.774,1.014
2026-01-18 16:13:21.791,1.016
2026-01-18 16:13:21.807,1.014
2026-01-18 16:13:21.807,1.014
2026-01-18 16:13:21.825,1.017
2026-01-18 16:13:21.841,1.017
2026-01-18 16:13:21.842,1.02
2026-01-18 16:13:21.858,1.018
2026-01-18 16:13:21.875,1.02
2026-01-18 16:13:21.891,1.014
2026-01-18 16:13:21.892,1.016
2026-01-18 16:13:21.908,1.019
2026-01-18 16:13:21.925,1.017
2026-01-18 16:13:21.942,1.017
2026-01-18 16:13:21.942,1.019
2026-01-18 16:13:21.959,1.018
2026-01-18 16:13:21.974,1.022
2026-01-18 16:13:21.975,1.019
2026-01-18 16:13:21.991,1.02
2026-01-18 16:13:22.009,1.021
2026-01-18 16:13:22.024,1.018
2026-01-18 16:13:22.025,1.02
2026-01-18 16:13:22.042,1.015
2026-01-18 16:13:22.058,1.016
2026-01-18 16:13:22.058,1.012
2026-01-18 16:13:22.074,1.017
2026-01-18 16:13:22.090,1.021
2026-01-18 16:13:22.108,1.022
2026-01-18 16:13:22.109,1.018
2026-01-18 16:13:22.124,1.021
2026-01-18 16:13:22.142,1.02
2026-01-18 16:13:22.142,1.014
2026-01-18 16:13:22.158,1.014
2026-01-18 16:13:22.175,1.015
2026-01-18 16:13:22.191,1.016
2026-01-18 16:13:22.191,1.014
2026-01-18 16:13:22.208,1.016
2026-01-18 16:13:22.224,1.014
2026-01-18 16:13:22.241,1.014
2026-01-18 16:13:22.242,1.016
2026-01-18 16:13:22.258,1.015
2026-01-18 16:13:22.283,1.018
2026-01-18 16:13:22.283,1.017
2026-01-18 16:13:22.290,1.024
2026-01-18 16:13:22.308,1.021
2026-01-18 16:13:22.324,1.021
2026-01-18 16:13:22.324,1.024
2026-01-18 16:13:22.342,1.026
2026-01-18 16:13:22.358,1.023
2026-01-18 16:13:22.359,1.019
2026-01-18 16:13:22.374,1.023
2026-01-18 16:13:22.392,1.027
2026-01-18 16:13:22.407,1.025
2026-01-18 16:13:22.407,1.027
2026-01-18 16:13:22.425,1.03
2026-01-18 16:13:22.441,1.028
2026-01-18 16:13:22.442,1.03
2026-01-18 16:13:22.459,1.029
2026-01-18 16:13:22.474,1.027
2026-01-18 16:13:22.491,1.024
2026-01-18 16:13:22.492,1.028
2026-01-18 16:13:22.517,1.025
2026-01-18 16:13:22.518,1.025
2026-01-18 16:13:22.530,1.022
2026-01-18 16:13:22.540,1.017
2026-01-18 16:13:22.557,1.014
2026-01-18 16:13:22.576,1.012
2026-01-18 16:13:22.576,1.009
2026-01-18 16:13:22.590,1.008
2026-01-18 16:13:22.608,1.009
2026-01-18 16:13:22.625,1.01
2026-01-18 16:13:22.625,1.01
2026-01-18 16:13:22.641,1.012
2026-01-18 16:13:22.659,1.015
2026-01-18 16:13:22.659,1.013
2026-01-18 16:13:22.674,1.014
2026-01-18 16:13:22.691,1.018
2026-01-18 16:13:22.709,1.019
2026-01-18 16:13:22.709,1.018
2026-01-18 16:13:22.725,1.015
2026-01-18 16:13:22.741,1.009
2026-01-18 16:13:22.742,1.012
2026-01-18 16:13:22.758,1.014
2026-01-18 16:13:22.774,1.017
2026-01-18 16:13:22.791,1.016
2026-01-18 16:13:22.791,1.016
2026-01-18 16:13:22.808,1.021
2026-01-18 16:13:22.825,1.02
2026-01-18 16:13:22.842,1.017
2026-01-18 16:13:22.842,1.017
2026-01-18 16:13:22.858,1.015
2026-01-18 16:13:22.874,1.016
2026-01-18 16:13:22.875,1.016
2026-01-18 16:13:22.891,1.019
2026-01-18 16:13:22.908,1.023
2026-01-18 16:13:22.924,1.022
2026-01-18 16:13:22.924,1.017
2026-01-18 16:13:22.942,1.014
2026-01-18 16:13:22.958,1.013
2026-01-18 16:13:22.959,1.018
2026-01-18 16:13:22.974,1.014
2026-01-18 16:13:22.991,1.011
2026-01-18 16:13:23.008,1.007
2026-01-18 16:13:23.008,1.005
2026-01-18 16:13:23.024,1.003
2026-01-18 16:13:23.041,1.004
2026-01-18 16:13:23.042,1.005
2026-01-18 16:13:23.058,1.005
2026-01-18 16:13:23.075,1.005
2026-01-18 16:13:23.091,1.002
2026-01-18 16:13:23.091,1.005
2026-01-18 16:13:23.109,1.008
2026-01-18 16:13:23.124,1.008
2026-01-18 16:13:23.141,1.008
2026-01-18 16:13:23.141,1.005
2026-01-18 16:13:23.158,1.006
2026-01-18 16:13:23.174,1.006
2026-01-18 16:13:23.174,1.007
2026-01-18 16:13:23.191,1.011
2026-01-18 16:13:23.207,1.009
2026-01-18 16:13:23.224,1.008
2026-01-18 16:13:23.224,1.013
2026-01-18 16:13:23.241,1.011
2026-01-18 16:13:23.258,1.009
2026-01-18 16:13:23.258,1.007
2026-01-18 16:13:23.275,1.007
2026-01-18 16:13:23.297,1.012
2026-01-18 16:13:23.297,1.014
2026-01-18 16:13:23.307,1.015
2026-01-18 16:13:23.324,1.015
2026-01-18 16:13:23.340,1.013
2026-01-18 16:13:23.358,1.01
2026-01-18 16:13:23.358,1.014
2026-01-18 16:13:23.374,1.018
2026-01-18 16:13:23.392,1.016
2026-01-18 16:13:23.392,1.014
2026-01-18 16:13:23.407,1.013
2026-01-18 16:13:23.426,1.016
2026-01-18 16:13:23.426,1.018
2026-01-18 16:13:23.445,1.02
2026-01-18 16:13:23.457,1.022
2026-01-18 16:13:23.475,1.02
2026-01-18 16:13:23.475,1.018
2026-01-18 16:13:23.490,1.017
2026-01-18 16:13:23.508,1.02
2026-01-18 16:13:23.524,1.019
2026-01-18 16:13:23.525,1.014
2026-01-18 16:13:23.542,1.019
2026-01-18 16:13:23.559,1.019
2026-01-18 16:13:23.559,1.02
2026-01-18 16:13:23.574,1.017
2026-01-18 16:13:23.592,1.014
2026-01-18 16:13:23.607,1.017
2026-01-18 16:13:23.608,1.018
2026-01-18 16:13:23.625,1.022
2026-01-18 16:13:23.642,1.019
2026-01-18 16:13:23.643,1.019
2026-01-18 16:13:23.657,1.016
2026-01-18 16:13:23.674,1.013
2026-01-18 16:13:23.692,1.015
2026-01-18 16:13:23.692,1.021
2026-01-18 16:13:23.707,1.02
2026-01-18 16:13:23.724,1.021
2026-01-18 16:13:23.743,1.019
2026-01-18 16:13:23.743,1.021
2026-01-18 16:13:23.757,1.018
2026-01-18 16:13:23.774,1.021
2026-01-18 16:13:23.775,1.016
2026-01-18 16:13:23.790,1.026
2026-01-18 16:13:23.809,1.022
2026-01-18 16:13:23.824,1.013
2026-01-18 16:13:23.825,1.013
2026-01-18 16:13:23.841,1.017
2026-01-18 16:13:23.857,1.018
2026-01-18 16:13:23.858,1.014
2026-01-18 16:13:23.891,1.011
2026-01-18 16:13:23.892,1.014
2026-01-18 16:13:23.898,1.013
2026-01-18 16:13:23.908,1.014
2026-01-18 16:13:23.924,1.013
2026-01-18 16:13:23.941,1.017
2026-01-18 16:13:23.942,1.014
2026-01-18 16:13:23.958,1.012
2026-01-18 16:13:23.974,1.014
2026-01-18 16:13:23.991,1.014
2026-01-18 16:13:23.991,1.016
2026-01-18 16:13:24.007,1.013
2026-01-18 16:13:24.024,1.009
2026-01-18 16:13:24.040,1.01
2026-01-18 16:13:24.040,1.008
2026-01-18 16:13:24.056,1.007
2026-01-18 16:13:24.073,1.01
2026-01-18 16:13:24.074,1.014
2026-01-18 16:13:24.090,1.02
2026-01-18 16:13:24.106,1.016
2026-01-18 16:13:24.123,1.014
2026-01-18 16:13:24.123,1.018
2026-01-18 16:13:24.141,1.018
2026-01-18 16:13:24.159,1.017
2026-01-18 16:13:24.159,1.017
2026-01-18 16:13:24.174,1.017
2026-01-18 16:13:24.192,1.017
2026-01-18 16:13:24.207,1.014
2026-01-18 16:13:24.208,1.014
2026-01-18 16:13:24.224,1.013
2026-01-18 16:13:24.241,1.012
2026-01-18 16:13:24.241,1.008
2026-01-18 16:13:24.257,1.009
2026-01-18 16:13:24.274,1.007
2026-01-18 16:13:24.291,1.01
2026-01-18 16:13:24.291,1.01
2026-01-18 16:13:24.312,1.013
2026-01-18 16:13:24.324,1.012
2026-01-18 16:13:24.341,1.013
2026-01-18 16:13:24.341,1.015
2026-01-18 16:13:24.358,1.016
2026-01-18 16:13:24.375,1.013
2026-01-18 16:13:24.376,1.017
2026-01-18 16:13:24.391,1.014
2026-01-18 16:13:24.409,1.009
2026-01-18 16:13:24.410,1.006
2026-01-18 16:13:24.423,1.008
2026-01-18 16:13:24.443,1.01
2026-01-18 16:13:24.457,1.004
2026-01-18 16:13:24.457,1.002
2026-01-18 16:13:24.474,1.001
2026-01-18 16:13:24.491,1.003
2026-01-18 16:13:24.508,1.006
2026-01-18 16:13:24.508,1.003
2026-01-18 16:13:24.524,1.005
2026-01-18 16:13:24.542,1.004
2026-01-18 16:13:24.542,1.005
2026-01-18 16:13:24.558,1.007
2026-01-18 16:13:24.575,1.007
2026-01-18 16:13:24.591,1.01
2026-01-18 16:13:24.592,1.007
2026-01-18 16:13:24.608,1.004
2026-01-18 16:13:24.624,1.009
2026-01-18 16:13:24.641,1.014
2026-01-18 16:13:24.641,1.015
2026-01-18 16:13:24.658,1.012
2026-01-18 16:13:24.673,1.016
2026-01-18 16:13:24.675,1.011
2026-01-18 16:13:24.690,1.008
2026-01-18 16:13:24.708,1.01
2026-01-18 16:13:24.710,1.012
2026-01-18 16:13:24.724,1.014
2026-01-18 16:13:24.740,1.013
2026-01-18 16:13:24.757,1.02
2026-01-18 16:13:24.774,1.017
2026-01-18 16:13:24.774,1.014
2026-01-18 16:13:24.790,1.015
2026-01-18 16:13:24.806,1.014
2026-01-18 16:13:24.808,1.013
2026-01-18 16:13:24.823,1.011
2026-01-18 16:13:24.840,1.012
2026-01-18 16:13:24.842,1.012
2026-01-18 16:13:24.857,1.009
2026-01-18 16:13:24.875,1.01
2026-01-18 16:13:24.890,1.008
2026-01-18 16:13:24.890,1.006
2026-01-18 16:13:24.908,1.005
2026-01-18 16:13:24.925,1.003
2026-01-18 16:13:24.925,0.999
2026-01-18 16:13:24.940,0.998
2026-01-18 16:13:24.957,1.002
2026-01-18 16:13:24.973,1.005
2026-01-18 16:13:24.974,1.003
2026-01-18 16:13:24.990,1.001
2026-01-18 16:13:25.006,1.002
2026-01-18 16:13:25.023,1.008
2026-01-18 16:13:25.023,1.014
2026-01-18 16:13:25.041,1.013
2026-01-18 16:13:25.057,1.013
2026-01-18 16:13:25.058,1.011
2026-01-18 16:13:25.074,1.013
2026-01-18 16:13:25.091,1.011
2026-01-18 16:13:25.108,1.014
2026-01-18 16:13:25.108,1.013
2026-01-18 16:13:25.125,1.011
2026-01-18 16:13:25.140,1.015
2026-01-18 16:13:25.157,1.012
2026-01-18 16:13:25.157,1.013
2026-01-18 16:13:25.174,1.013
2026-01-18 16:13:25.191,1.014
2026-01-18 16:13:25.191,1.011
2026-01-18 16:13:25.207,1.007
2026-01-18 16:13:25.246,1.004
2026-01-18 16:13:25.247,1.001
2026-01-18 16:13:25.247,1.0
2026-01-18 16:13:25.253,0.999
2026-01-18 16:13:25.274,0.998
2026-01-18 16:13:25.275,0.997
2026-01-18 16:13:25.290,0.995
2026-01-18 16:13:25.314,0.996
2026-01-18 16:13:25.315,1.0
2026-01-18 16:13:25.323,1.0
2026-01-18 16:13:25.341,1.0
2026-01-18 16:13:25.357,0.998
2026-01-18 16:13:25.358,1.0
2026-01-18 16:13:25.374,1.006
2026-01-18 16:13:25.392,1.006
2026-01-18 16:13:25.408,1.004
2026-01-18 16:13:25.408,1.002
2026-01-18 16:13:25.424,1.0
2026-01-18 16:13:25.441,1.003
2026-01-18 16:13:25.458,1.001
2026-01-18 16:13:25.458,1.005
2026-01-18 16:13:25.475,1.008
2026-01-18 16:13:25.490,1.007
2026-01-18 16:13:25.492,1.002
2026-01-18 16:13:25.508,1.001
2026-01-18 16:13:25.524,1.003
2026-01-18 16:13:25.545,1.003
2026-01-18 16:13:25.545,1.004
2026-01-18 16:13:25.557,1.004
2026-01-18 16:13:25.574,1.007
2026-01-18 16:13:25.574,1.011
2026-01-18 16:13:25.590,1.012
2026-01-18 16:13:25.608,1.017
2026-01-18 16:13:25.623,1.016
2026-01-18 16:13:25.624,1.013
2026-01-18 16:13:25.642,1.005
2026-01-18 16:13:25.658,1.002
2026-01-18 16:13:25.658,1.005
2026-01-18 16:13:25.674,1.002
2026-01-18 16:13:25.692,1.003
2026-01-18 16:13:25.708,1.003
2026-01-18 16:13:25.708,1.002
2026-01-18 16:13:25.724,1.003
2026-01-18 16:13:25.741,1.003
2026-01-18 16:13:25.741,1.007
2026-01-18 16:13:25.757,1.008
2026-01-18 16:13:25.774,1.009
2026-01-18 16:13:25.791,1.007
2026-01-18 16:13:25.791,1.006
2026-01-18 16:13:25.807,1.006
2026-01-18 16:13:25.823,1.006
2026-01-18 16:13:25.843,1.011
2026-01-18 16:13:25.843,1.02
2026-01-18 16:13:25.857,1.015
2026-01-18 16:13:25.874,1.013
2026-01-18 16:13:25.875,1.009
2026-01-18 16:13:25.890,1.007
2026-01-18 16:13:25.908,1.016
2026-01-18 16:13:25.924,1.017
2026-01-18 16:13:25.924,1.02
2026-01-18 16:13:25.941,1.018
2026-01-18 16:13:25.957,1.017
2026-01-18 16:13:25.958,1.016
2026-01-18 16:13:25.973,1.019
2026-01-18 16:13:25.992,1.019
2026-01-18 16:13:26.007,1.019
2026-01-18 16:13:26.007,1.015
2026-01-18 16:13:26.024,1.022
2026-01-18 16:13:26.040,1.019
2026-01-18 16:13:26.057,1.023
2026-01-18 16:13:26.058,1.021
2026-01-18 16:13:26.074,1.017
2026-01-18 16:13:26.091,1.012
2026-01-18 16:13:26.091,1.009
2026-01-18 16:13:26.106,1.01
2026-01-18 16:13:26.124,1.011
2026-01-18 16:13:26.140,1.013
2026-01-18 16:13:26.141,1.008
2026-01-18 16:13:26.156,1.005
2026-01-18 16:13:26.173,1.007
2026-01-18 16:13:26.174,1.013
2026-01-18 16:13:26.189,1.014
2026-01-18 16:13:26.206,1.015
2026-01-18 16:13:26.223,1.016
2026-01-18 16:13:26.224,1.014
2026-01-18 16:13:26.241,1.016
2026-01-18 16:13:26.258,1.014
2026-01-18 16:13:26.258,1.009
2026-01-18 16:13:26.274,1.007
2026-01-18 16:13:26.290,1.004
2026-01-18 16:13:26.312,1.0
2026-01-18 16:13:26.312,1.003
2026-01-18 16:13:26.324,1.005
2026-01-18 16:13:26.339,1.001
2026-01-18 16:13:26.356,1.009
2026-01-18 16:13:26.356,1.011
2026-01-18 16:13:26.374,1.009
2026-01-18 16:13:26.389,1.007
2026-01-18 16:13:26.389,1.0
2026-01-18 16:13:26.407,1.002
2026-01-18 16:13:26.424,1.001
2026-01-18 16:13:26.440,0.999
2026-01-18 16:13:26.440,1.006
2026-01-18 16:13:26.456,1.01
2026-01-18 16:13:26.472,1.01
2026-01-18 16:13:26.490,1.01
2026-01-18 16:13:26.490,1.011
2026-01-18 16:13:26.506,1.009
2026-01-18 16:13:26.523,1.012
2026-01-18 16:13:26.523,1.011
2026-01-18 16:13:26.538,1.009
2026-01-18 16:13:26.557,1.012
2026-01-18 16:13:26.558,1.011
2026-01-18 16:13:26.599,1.012
2026-01-18 16:13:26.599,1.013
2026-01-18 16:13:26.599,1.012
2026-01-18 16:13:26.605,1.014
2026-01-18 16:13:26.623,1.015
2026-01-18 16:13:26.639,1.008
2026-01-18 16:13:26.657,1.01
2026-01-18 16:13:26.657,1.005
2026-01-18 16:13:26.674,1.003
2026-01-18 16:13:26.689,1.003
2026-01-18 16:13:26.689,1.009
2026-01-18 16:13:26.706,1.008
2026-01-18 16:13:26.723,1.015
2026-01-18 16:13:26.739,1.017
2026-01-18 16:13:26.739,1.018
2026-01-18 16:13:26.755,1.018
2026-01-18 16:13:26.774,1.021
2026-01-18 16:13:26.774,1.023
2026-01-18 16:13:26.790,1.017
2026-01-18 16:13:26.807,1.018
2026-01-18 16:13:26.823,1.018
2026-01-18 16:13:26.823,1.02
2026-01-18 16:13:26.840,1.017
2026-01-18 16:13:26.860,1.014
2026-01-18 16:13:26.860,1.018
2026-01-18 16:13:26.874,1.02
2026-01-18 16:13:26.891,1.025
2026-01-18 16:13:26.907,1.018
2026-01-18 16:13:26.907,1.02
2026-01-18 16:13:26.924,1.018
2026-01-18 16:13:26.941,1.021
2026-01-18 16:13:26.941,1.019
2026-01-18 16:13:26.957,1.015
2026-01-18 16:13:26.974,1.016
2026-01-18 16:13:26.990,1.018
2026-01-18 16:13:26.991,1.015
2026-01-18 16:13:27.008,1.013
2026-01-18 16:13:27.024,1.012
2026-01-18 16:13:27.041,1.011
2026-01-18 16:13:27.041,1.012
2026-01-18 16:13:27.056,1.006
2026-01-18 16:13:27.073,1.004
2026-01-18 16:13:27.091,1.006
2026-01-18 16:13:27.091,1.012
2026-01-18 16:13:27.106,1.009
2026-01-18 16:13:27.123,1.008
2026-01-18 16:13:27.123,1.009
2026-01-18 16:13:27.141,1.01
2026-01-18 16:13:27.158,1.007
2026-01-18 16:13:27.158,1.005
2026-01-18 16:13:27.173,1.008
2026-01-18 16:13:27.191,1.01
2026-01-18 16:13:27.207,1.008
2026-01-18 16:13:27.207,1.01
2026-01-18 16:13:27.224,1.003
2026-01-18 16:13:27.241,1.002
2026-01-18 16:13:27.258,1.009
2026-01-18 16:13:27.258,1.008
2026-01-18 16:13:27.273,1.011
2026-01-18 16:13:27.291,1.008
2026-01-18 16:13:27.291,1.005
2026-01-18 16:13:27.312,1.005
2026-01-18 16:13:27.313,1.011
2026-01-18 16:13:27.340,1.006
2026-01-18 16:13:27.340,1.007
2026-01-18 16:13:27.357,1.009
2026-01-18 16:13:27.374,1.007
2026-01-18 16:13:27.374,1.004
2026-01-18 16:13:27.390,1.009
2026-01-18 16:13:27.406,1.01
2026-01-18 16:13:27.423,1.011
2026-01-18 16:13:27.423,1.01
2026-01-18 16:13:27.440,1.009
2026-01-18 16:13:27.457,1.005
2026-01-18 16:13:27.458,1.003
2026-01-18 16:13:27.472,1.0
2026-01-18 16:13:27.490,1.005
2026-01-18 16:13:27.507,1.009
2026-01-18 16:13:27.507,1.008
2026-01-18 16:13:27.524,1.005
2026-01-18 16:13:27.541,1.003
2026-01-18 16:13:27.541,1.004
2026-01-18 16:13:27.558,1.005
2026-01-18 16:13:27.574,1.007
2026-01-18 16:13:27.590,1.008
2026-01-18 16:13:27.590,1.014
2026-01-18 16:13:27.606,1.014
2026-01-18 16:13:27.624,1.017
2026-01-18 16:13:27.640,1.011
2026-01-18 16:13:27.640,1.01
2026-01-18 16:13:27.657,1.009
2026-01-18 16:13:27.675,1.01
2026-01-18 16:13:27.675,1.01
2026-01-18 16:13:27.690,1.008
2026-01-18 16:13:27.707,1.008
2026-01-18 16:13:27.724,1.009
2026-01-18 16:13:27.724,1.01
2026-01-18 16:13:27.740,1.02
2026-01-18 16:13:27.758,1.02
2026-01-18 16:13:27.758,1.013
2026-01-18 16:13:27.774,1.009
2026-01-18 16:13:27.792,1.01
2026-01-18 16:13:27.807,1.012
2026-01-18 16:13:27.807,1.013
2026-01-18 16:13:27.823,1.02
2026-01-18 16:13:27.841,1.017
2026-01-18 16:13:27.842,1.024
2026-01-18 16:13:27.857,1.025
2026-01-18 16:13:27.874,1.025
2026-01-18 16:13:27.889,1.021
2026-01-18 16:13:27.890,1.023
2026-01-18 16:13:27.907,1.02
2026-01-18 16:13:27.923,1.023
2026-01-18 16:13:27.964,1.024
2026-01-18 16:13:27.964,1.026
2026-01-18 16:13:27.964,1.021
2026-01-18 16:13:27.964,1.023
2026-01-18 16:13:27.989,1.02
2026-01-18 16:13:27.989,1.02
2026-01-18 16:13:28.006,1.017
2026-01-18 16:13:28.024,1.019
2026-01-18 16:13:28.024,1.021
2026-01-18 16:13:28.040,1.019
2026-01-18 16:13:28.058,1.016
2026-01-18 16:13:28.058,1.014
2026-01-18 16:13:28.074,1.016
2026-01-18 16:13:28.090,1.015
2026-01-18 16:13:28.107,1.015
2026-01-18 16:13:28.108,1.014
2026-01-18 16:13:28.124,1.021
2026-01-18 16:13:28.139,1.013
2026-01-18 16:13:28.157,1.015
2026-01-18 16:13:28.157,1.012
2026-01-18 16:13:28.173,1.009
2026-01-18 16:13:28.191,1.006
2026-01-18 16:13:28.191,1.009
2026-01-18 16:13:28.207,1.006
2026-01-18 16:13:28.223,1.003
2026-01-18 16:13:28.241,1.004
2026-01-18 16:13:28.241,1.013
2026-01-18 16:13:28.257,1.016
2026-01-18 16:13:28.274,1.014
2026-01-18 16:13:28.274,1.013
2026-01-18 16:13:28.289,1.014
2026-01-18 16:13:28.306,1.016
2026-01-18 16:13:28.329,1.019
2026-01-18 16:13:28.329,1.016
2026-01-18 16:13:28.340,1.016
2026-01-18 16:13:28.356,1.013
2026-01-18 16:13:28.371,1.011
2026-01-18 16:13:28.371,1.011
2026-01-18 16:13:28.390,1.011
2026-01-18 16:13:28.406,1.015
2026-01-18 16:13:28.407,1.009
2026-01-18 16:13:28.423,1.011
2026-01-18 16:13:28.440,1.009
2026-01-18 16:13:28.456,1.011
2026-01-18 16:13:28.457,1.011
2026-01-18 16:13:28.473,1.008
2026-01-18 16:13:28.489,1.012
2026-01-18 16:13:28.490,1.013
2026-01-18 16:13:28.505,1.012
2026-01-18 16:13:28.522,1.015
2026-01-18 16:13:28.541,1.019
2026-01-18 16:13:28.541,1.018
2026-01-18 16:13:28.556,1.021
2026-01-18 16:13:28.574,1.016
2026-01-18 16:13:28.574,1.011
2026-01-18 16:13:28.590,1.01
2026-01-18 16:13:28.608,1.006
2026-01-18 16:13:28.624,1.009
2026-01-18 16:13:28.624,1.007
2026-01-18 16:13:28.643,1.011
2026-01-18 16:13:28.658,1.009
2026-01-18 16:13:28.659,1.013
2026-01-18 16:13:28.674,1.013
2026-01-18 16:13:28.692,1.016
2026-01-18 16:13:28.706,1.012
2026-01-18 16:13:28.707,1.01
2026-01-18 16:13:28.723,1.016
2026-01-18 16:13:28.740,1.015
2026-01-18 16:13:28.757,1.016
2026-01-18 16:13:28.757,1.013
2026-01-18 16:13:28.774,1.012
2026-01-18 16:13:28.789,1.015
2026-01-18 16:13:28.789,1.01
2026-01-18 16:13:28.806,1.012
2026-01-18 16:13:28.823,1.009
2026-01-18 16:13:28.839,1.013
2026-01-18 16:13:28.840,1.01
2026-01-18 16:13:28.856,1.009
2026-01-18 16:13:28.872,1.004
2026-01-18 16:13:28.873,1.006
2026-01-18 16:13:28.889,1.004
2026-01-18 16:13:28.906,1.003
2026-01-18 16:13:28.924,1.004
2026-01-18 16:13:28.924,1.003
2026-01-18 16:13:28.939,1.011
2026-01-18 16:13:28.957,1.009
2026-01-18 16:13:28.957,1.009
2026-01-18 16:13:28.974,1.01
2026-01-18 16:13:28.990,1.01
2026-01-18 16:13:29.007,1.018
2026-01-18 16:13:29.007,1.015
2026-01-18 16:13:29.024,1.013
2026-01-18 16:13:29.040,1.012
2026-01-18 16:13:29.057,1.007
2026-01-18 16:13:29.058,1.006
2026-01-18 16:13:29.073,1.009
2026-01-18 16:13:29.091,1.011
2026-01-18 16:13:29.092,1.009
2026-01-18 16:13:29.108,1.011
2026-01-18 16:13:29.124,1.009
2026-01-18 16:13:29.140,1.006
2026-01-18 16:13:29.141,1.005
2026-01-18 16:13:29.156,1.007
2026-01-18 16:13:29.172,1.006
2026-01-18 16:13:29.190,1.005
2026-01-18 16:13:29.190,1.005
2026-01-18 16:13:29.207,1.008
2026-01-18 16:13:29.223,1.011
2026-01-18 16:13:29.224,1.015
2026-01-18 16:13:29.241,1.009
2026-01-18 16:13:29.256,1.008
2026-01-18 16:13:29.273,1.012
2026-01-18 16:13:29.273,1.015
2026-01-18 16:13:29.291,1.022
2026-01-18 16:13:29.333,1.02
2026-01-18 16:13:29.333,1.029
2026-01-18 16:13:29.334,1.03
2026-01-18 16:13:29.334,1.027
2026-01-18 16:13:29.345,1.027
2026-01-18 16:13:29.356,1.025
2026-01-18 16:13:29.373,1.021
2026-01-18 16:13:29.391,1.024
2026-01-18 16:13:29.391,1.025
2026-01-18 16:13:29.407,1.026
2026-01-18 16:13:29.423,1.019
2026-01-18 16:13:29.440,1.018
2026-01-18 16:13:29.440,1.014
2026-01-18 16:13:29.456,1.018
2026-01-18 16:13:29.472,1.023
2026-01-18 16:13:29.489,1.019
2026-01-18 16:13:29.489,1.018
2026-01-18 16:13:29.507,1.018
2026-01-18 16:13:29.523,1.016
2026-01-18 16:13:29.523,1.014
2026-01-18 16:13:29.558,1.018
2026-01-18 16:13:29.558,1.017
2026-01-18 16:13:29.572,1.014
2026-01-18 16:13:29.590,1.017
2026-01-18 16:13:29.607,1.024
2026-01-18 16:13:29.607,1.023
2026-01-18 16:13:29.623,1.019
2026-01-18 16:13:29.641,1.019
2026-01-18 16:13:29.656,1.015
2026-01-18 16:13:29.658,1.012
2026-01-18 16:13:29.674,1.015
2026-01-18 16:13:29.691,1.016
2026-01-18 16:13:29.691,1.024
2026-01-18 16:13:29.707,1.023
2026-01-18 16:13:29.724,1.018
2026-01-18 16:13:29.739,1.019
2026-01-18 16:13:29.739,1.012
2026-01-18 16:13:29.773,1.018
2026-01-18 16:13:29.773,1.02
2026-01-18 16:13:29.791,1.024
2026-01-18 16:13:29.806,1.027
2026-01-18 16:13:29.824,1.028
2026-01-18 16:13:29.840,1.022
2026-01-18 16:13:29.858,1.022
2026-01-18 16:13:29.858,1.019
2026-01-18 16:13:29.873,1.018
2026-01-18 16:13:29.889,1.017
2026-01-18 16:13:29.907,1.021
2026-01-18 16:13:29.907,1.026
2026-01-18 16:13:29.923,1.028
2026-01-18 16:13:29.939,1.028
2026-01-18 16:13:29.957,1.023
2026-01-18 16:13:29.957,1.019
2026-01-18 16:13:29.973,1.019
2026-01-18 16:13:29.991,1.017
2026-01-18 16:13:29.992,1.013
2026-01-18 16:13:30.007,1.006
2026-01-18 16:13:30.023,1.01
2026-01-18 16:13:30.039,1.011
2026-01-18 16:13:30.039,1.011
2026-01-18 16:13:30.057,1.016
2026-01-18 16:13:30.073,1.016
2026-01-18 16:13:30.074,1.019
2026-01-18 16:13:30.090,1.02
2026-01-18 16:13:30.106,1.014
2026-01-18 16:13:30.122,1.016
2026-01-18 16:13:30.122,1.023
2026-01-18 16:13:30.140,1.029
2026-01-18 16:13:30.157,1.026
2026-01-18 16:13:30.158,1.025
2026-01-18 16:13:30.172,1.023
2026-01-18 16:13:30.190,1.018
2026-01-18 16:13:30.207,1.012
2026-01-18 16:13:30.207,1.015
2026-01-18 16:13:30.225,1.015
2026-01-18 16:13:30.240,1.01
2026-01-18 16:13:30.257,1.007
2026-01-18 16:13:30.257,1.015
2026-01-18 16:13:30.273,1.012
2026-01-18 16:13:30.289,1.018
2026-01-18 16:13:30.290,1.016
2026-01-18 16:13:30.312,1.021
2026-01-18 16:13:30.322,1.017
2026-01-18 16:13:30.339,1.017
2026-01-18 16:13:30.339,1.016
2026-01-18 16:13:30.356,1.02
2026-01-18 16:13:30.373,1.02
2026-01-18 16:13:30.374,1.015
2026-01-18 16:13:30.389,1.009
2026-01-18 16:13:30.408,1.011
2026-01-18 16:13:30.423,1.009
2026-01-18 16:13:30.423,1.012
2026-01-18 16:13:30.439,1.008
2026-01-18 16:13:30.457,1.004
2026-01-18 16:13:30.473,1.006
2026-01-18 16:13:30.473,1.004
2026-01-18 16:13:30.490,1.0
2026-01-18 16:13:30.507,1.004
2026-01-18 16:13:30.507,1.009
2026-01-18 16:13:30.523,1.007
2026-01-18 16:13:30.540,1.019
2026-01-18 16:13:30.555,1.017
2026-01-18 16:13:30.555,1.014
2026-01-18 16:13:30.572,1.017
2026-01-18 16:13:30.589,1.011
2026-01-18 16:13:30.589,1.011
2026-01-18 16:13:30.607,1.015
2026-01-18 16:13:30.623,1.014
2026-01-18 16:13:30.639,1.009
2026-01-18 16:13:30.639,1.004
2026-01-18 16:13:30.656,1.003
2026-01-18 16:13:30.729,1.011
2026-01-18 16:13:30.729,1.003
2026-01-18 16:13:30.729,1.004
2026-01-18 16:13:30.729,1.006
2026-01-18 16:13:30.729,1.007
2026-01-18 16:13:30.730,1.003
2026-01-18 16:13:30.735,1.006
2026-01-18 16:13:30.757,1.01
2026-01-18 16:13:30.773,1.009
2026-01-18 16:13:30.774,1.008
2026-01-18 16:13:30.790,1.014
2026-01-18 16:13:30.806,1.014
2026-01-18 16:13:30.807,1.008
2026-01-18 16:13:30.824,1.014
2026-01-18 16:13:30.840,1.011
2026-01-18 16:13:30.857,1.014
2026-01-18 16:13:30.857,1.012
2026-01-18 16:13:30.873,1.012
2026-01-18 16:13:30.892,1.01
2026-01-18 16:13:30.892,1.012
2026-01-18 16:13:30.907,1.014
2026-01-18 16:13:30.923,1.013
2026-01-18 16:13:30.940,1.015
2026-01-18 16:13:30.941,1.017
2026-01-18 16:13:30.957,1.018
2026-01-18 16:13:30.973,1.014
2026-01-18 16:13:30.974,1.017
2026-01-18 16:13:30.990,1.015
2026-01-18 16:13:31.007,1.016
2026-01-18 16:13:31.023,1.015
2026-01-18 16:13:31.023,1.016
2026-01-18 16:13:31.040,1.018
2026-01-18 16:13:31.055,1.021
2026-01-18 16:13:31.073,1.023
2026-01-18 16:13:31.073,1.019
2026-01-18 16:13:31.089,1.017
2026-01-18 16:13:31.107,1.016
2026-01-18 16:13:31.107,1.01
2026-01-18 16:13:31.123,1.008
2026-01-18 16:13:31.141,1.011
2026-01-18 16:13:31.157,1.016
2026-01-18 16:13:31.157,1.019
2026-01-18 16:13:31.173,1.014
2026-01-18 16:13:31.190,1.012
2026-01-18 16:13:31.190,1.007
2026-01-18 16:13:31.206,1.004
2026-01-18 16:13:31.222,1.006
2026-01-18 16:13:31.239,1.01
2026-01-18 16:13:31.240,1.012
2026-01-18 16:13:31.256,1.016
2026-01-18 16:13:31.274,1.02
2026-01-18 16:13:31.274,1.019
2026-01-18 16:13:31.288,1.026
2026-01-18 16:13:31.306,1.028
2026-01-18 16:13:31.328,1.022
2026-01-18 16:13:31.328,1.023
2026-01-18 16:13:31.339,1.027
2026-01-18 16:13:31.356,1.027
2026-01-18 16:13:31.372,1.024
2026-01-18 16:13:31.372,1.02
2026-01-18 16:13:31.389,1.019
2026-01-18 16:13:31.406,1.011
2026-01-18 16:13:31.406,1.013
2026-01-18 16:13:31.422,1.018
2026-01-18 16:13:31.440,1.015
2026-01-18 16:13:31.456,1.015
2026-01-18 16:13:31.457,1.01
2026-01-18 16:13:31.473,1.011
2026-01-18 16:13:31.491,1.016
2026-01-18 16:13:31.491,1.013
2026-01-18 16:13:31.507,1.012
2026-01-18 16:13:31.523,1.015
2026-01-18 16:13:31.540,1.013
2026-01-18 16:13:31.540,1.012
2026-01-18 16:13:31.557,1.011
2026-01-18 16:13:31.571,1.01
2026-01-18 16:13:31.590,1.01
2026-01-18 16:13:31.590,1.008
2026-01-18 16:13:31.606,1.009
2026-01-18 16:13:31.623,1.005
2026-01-18 16:13:31.624,1.009
2026-01-18 16:13:31.638,1.011
2026-01-18 16:13:31.657,1.016
2026-01-18 16:13:31.657,1.012
2026-01-18 16:13:31.673,1.012
2026-01-18 16:13:31.690,1.012
2026-01-18 16:13:31.706,1.009
2026-01-18 16:13:31.706,1.007
2026-01-18 16:13:31.723,1.012
2026-01-18 16:13:31.740,1.009
2026-01-18 16:13:31.756,1.011
2026-01-18 16:13:31.757,1.011
2026-01-18 16:13:31.772,1.009
2026-01-18 16:13:31.790,1.011
2026-01-18 16:13:31.790,1.006
2026-01-18 16:13:31.806,1.003
2026-01-18 16:13:31.823,1.006
2026-01-18 16:13:31.840,1.009
2026-01-18 16:13:31.840,1.007
2026-01-18 16:13:31.856,1.008
2026-01-18 16:13:31.872,1.011
2026-01-18 16:13:31.873,1.014
2026-01-18 16:13:31.889,1.012
2026-01-18 16:13:31.907,1.013
2026-01-18 16:13:31.922,1.018
2026-01-18 16:13:31.922,1.017
2026-01-18 16:13:31.940,1.014
2026-01-18 16:13:31.957,1.01
2026-01-18 16:13:31.973,1.01
2026-01-18 16:13:31.973,1.012
2026-01-18 16:13:31.990,1.011
2026-01-18 16:13:32.005,1.009
2026-01-18 16:13:32.005,1.011
2026-01-18 16:13:32.022,1.006
2026-01-18 16:13:32.050,1.0
2026-01-18 16:13:32.050,0.998
2026-01-18 16:13:32.058,1.003
2026-01-18 16:13:32.072,0.999
2026-01-18 16:13:32.090,0.997
2026-01-18 16:13:32.090,0.999
2026-01-18 16:13:32.106,1.003
2026-01-18 16:13:32.123,1.006
2026-01-18 16:13:32.140,1.005
2026-01-18 16:13:32.140,1.002
2026-01-18 16:13:32.157,1.004
2026-01-18 16:13:32.173,1.003
2026-01-18 16:13:32.174,1.003
2026-01-18 16:13:32.190,0.999
2026-01-18 16:13:32.205,1.002
2026-01-18 16:13:32.222,1.004
2026-01-18 16:13:32.222,1.001
2026-01-18 16:13:32.240,0.999
2026-01-18 16:13:32.257,0.999
2026-01-18 16:13:32.257,1.011
2026-01-18 16:13:32.273,1.01
2026-01-18 16:13:32.289,1.009
2026-01-18 16:13:32.313,1.009
2026-01-18 16:13:32.313,1.009
2026-01-18 16:13:32.322,1.01
2026-01-18 16:13:32.338,1.012
2026-01-18 16:13:32.355,1.015
2026-01-18 16:13:32.355,1.016
2026-01-18 16:13:32.372,1.015
2026-01-18 16:13:32.389,1.009
2026-01-18 16:13:32.390,1.008
2026-01-18 16:13:32.406,1.008
2026-01-18 16:13:32.422,1.012
2026-01-18 16:13:32.439,1.009
2026-01-18 16:13:32.439,1.015
2026-01-18 16:13:32.456,1.021
2026-01-18 16:13:32.473,1.023
2026-01-18 16:13:32.488,1.025
2026-01-18 16:13:32.489,1.024
2026-01-18 16:13:32.504,1.022
2026-01-18 16:13:32.521,1.019
2026-01-18 16:13:32.521,1.019
2026-01-18 16:13:32.538,1.024
2026-01-18 16:13:32.555,1.025
2026-01-18 16:13:32.572,1.022
2026-01-18 16:13:32.572,1.016
2026-01-18 16:13:32.588,1.015
2026-01-18 16:13:32.606,1.008
2026-01-18 16:13:32.606,1.013
2026-01-18 16:13:32.623,1.014
2026-01-18 16:13:32.638,1.011
2026-01-18 16:13:32.656,1.008
2026-01-18 16:13:32.656,1.005
2026-01-18 16:13:32.671,1.004
2026-01-18 16:13:32.689,1.002
2026-01-18 16:13:32.689,1.005
2026-01-18 16:13:32.710,1.005
2026-01-18 16:13:32.723,1.008
2026-01-18 16:13:32.739,1.004
2026-01-18 16:13:32.739,1.007
2026-01-18 16:13:32.755,1.012
2026-01-18 16:13:32.772,1.01
2026-01-18 16:13:32.789,1.011
2026-01-18 16:13:32.789,1.015
2026-01-18 16:13:32.806,1.017
2026-01-18 16:13:32.822,1.017
2026-01-18 16:13:32.822,1.012
2026-01-18 16:13:32.837,1.016
2026-01-18 16:13:32.856,1.021
2026-01-18 16:13:32.873,1.02
2026-01-18 16:13:32.874,1.016
2026-01-18 16:13:32.889,1.013
2026-01-18 16:13:32.905,1.016
2026-01-18 16:13:32.905,1.01
2026-01-18 16:13:32.921,1.017
2026-01-18 16:13:32.938,1.016
2026-01-18 16:13:32.954,1.016
2026-01-18 16:13:32.954,1.012
2026-01-18 16:13:32.972,1.003
2026-01-18 16:13:32.988,1.005
2026-01-18 16:13:33.005,1.006
2026-01-18 16:13:33.006,1.006
2026-01-18 16:13:33.021,1.005
2026-01-18 16:13:33.038,1.007
2026-01-18 16:13:33.039,1.005
2026-01-18 16:13:33.055,1.009
2026-01-18 16:13:33.073,1.006
2026-01-18 16:13:33.088,1.007
2026-01-18 16:13:33.089,1.008
2026-01-18 16:13:33.105,1.01
2026-01-18 16:13:33.122,1.005
2026-01-18 16:13:33.122,1.006
2026-01-18 16:13:33.137,1.011
2026-01-18 16:13:33.154,1.009
2026-01-18 16:13:33.171,1.006
2026-01-18 16:13:33.171,1.007
2026-01-18 16:13:33.188,1.007
2026-01-18 16:13:33.205,1.009
2026-01-18 16:13:33.205,1.006
2026-01-18 16:13:33.221,1.009
2026-01-18 16:13:33.238,1.012
2026-01-18 16:13:33.254,1.01
2026-01-18 16:13:33.254,1.008
2026-01-18 16:13:33.271,1.009
2026-01-18 16:13:33.288,1.009
2026-01-18 16:13:33.305,1.01
2026-01-18 16:13:33.305,1.01
2026-01-18 16:13:33.322,1.007
2026-01-18 16:13:33.342,1.005
2026-01-18 16:13:33.342,1.0
2026-01-18 16:13:33.355,1.001
2026-01-18 16:13:33.372,1.007
2026-01-18 16:13:33.413,1.012
2026-01-18 16:13:33.413,1.01
2026-01-18 16:13:33.413,1.006
2026-01-18 16:13:33.413,1.01
2026-01-18 16:13:33.438,1.01
2026-01-18 16:13:33.438,1.011
2026-01-18 16:13:33.456,1.017
2026-01-18 16:13:33.472,1.017
2026-01-18 16:13:33.472,1.02
2026-01-18 16:13:33.488,1.015
2026-01-18 16:13:33.506,1.016
2026-01-18 16:13:33.506,1.022
2026-01-18 16:13:33.523,1.026
2026-01-18 16:13:33.537,1.021
2026-01-18 16:13:33.555,1.021
2026-01-18 16:13:33.555,1.019
2026-01-18 16:13:33.572,1.016
2026-01-18 16:13:33.588,1.015
2026-01-18 16:13:33.604,1.016
2026-01-18 16:13:33.605,1.021
2026-01-18 16:13:33.622,1.018
2026-01-18 16:13:33.640,1.02
2026-01-18 16:13:33.640,1.018
2026-01-18 16:13:33.656,1.014
2026-01-18 16:13:33.672,1.011
2026-01-18 16:13:33.689,1.012
2026-01-18 16:13:33.689,1.015
2026-01-18 16:13:33.707,1.011
2026-01-18 16:13:33.724,1.008
2026-01-18 16:13:33.724,1.01
2026-01-18 16:13:33.740,1.014
2026-01-18 16:13:33.755,1.014
2026-01-18 16:13:33.772,1.016
2026-01-18 16:13:33.772,1.02
2026-01-18 16:13:33.789,1.017
2026-01-18 16:13:33.805,1.022
2026-01-18 16:13:33.805,1.019
2026-01-18 16:13:33.823,1.016
2026-01-18 16:13:33.839,1.011
2026-01-18 16:13:33.856,1.012
2026-01-18 16:13:33.857,1.007
2026-01-18 16:13:33.872,1.008
2026-01-18 16:13:33.890,1.009
2026-01-18 16:13:33.890,1.002
2026-01-18 16:13:33.907,1.003
2026-01-18 16:13:33.923,1.003
2026-01-18 16:13:33.940,1.006
2026-01-18 16:13:33.940,1.009
2026-01-18 16:13:33.957,1.01
2026-01-18 16:13:33.974,1.012
2026-01-18 16:13:33.974,1.006
2026-01-18 16:13:33.989,1.005
2026-01-18 16:13:34.005,1.01
2026-01-18 16:13:34.023,1.011
2026-01-18 16:13:34.023,1.011
2026-01-18 16:13:34.039,1.014
2026-01-18 16:13:34.057,1.01
2026-01-18 16:13:34.058,1.016
2026-01-18 16:13:34.072,1.018
2026-01-18 16:13:34.089,1.018
2026-01-18 16:13:34.106,1.015
2026-01-18 16:13:34.106,1.015
2026-01-18 16:13:34.122,1.016
2026-01-18 16:13:34.140,1.012
2026-01-18 16:13:34.156,1.009
2026-01-18 16:13:34.157,1.006
2026-01-18 16:13:34.172,1.009
2026-01-18 16:13:34.187,1.003
2026-01-18 16:13:34.206,1.006
2026-01-18 16:13:34.206,1.002
2026-01-18 16:13:34.222,1.0
2026-01-18 16:13:34.240,0.998
2026-01-18 16:13:34.240,1.006
2026-01-18 16:13:34.256,1.004
2026-01-18 16:13:34.272,1.003
2026-01-18 16:13:34.290,1.005
2026-01-18 16:13:34.290,1.005
2026-01-18 16:13:34.308,1.003
2026-01-18 16:13:34.329,1.0
2026-01-18 16:13:34.329,0.999
2026-01-18 16:13:34.339,1.005
2026-01-18 16:13:34.355,1.006
2026-01-18 16:13:34.373,1.003
2026-01-18 16:13:34.373,1.004
2026-01-18 16:13:34.390,1.005
2026-01-18 16:13:34.406,1.004
2026-01-18 16:13:34.406,1.003
2026-01-18 16:13:34.422,1.006
2026-01-18 16:13:34.439,1.007
2026-01-18 16:13:34.456,1.008
2026-01-18 16:13:34.456,1.008
2026-01-18 16:13:34.472,1.012
2026-01-18 16:13:34.490,1.012
2026-01-18 16:13:34.490,1.009
2026-01-18 16:13:34.507,1.006
2026-01-18 16:13:34.522,0.997
2026-01-18 16:13:34.540,1.002
2026-01-18 16:13:34.540,1.008
2026-01-18 16:13:34.556,1.005
2026-01-18 16:13:34.572,1.009
2026-01-18 16:13:34.590,1.011
2026-01-18 16:13:34.590,1.01
2026-01-18 16:13:34.609,1.011
2026-01-18 16:13:34.609,1.009
2026-01-18 16:13:34.623,1.008
2026-01-18 16:13:34.641,1.007
2026-01-18 16:13:34.657,1.008
2026-01-18 16:13:34.658,1.007
2026-01-18 16:13:34.672,1.003
2026-01-18 16:13:34.689,1.003
2026-01-18 16:13:34.706,1.0
2026-01-18 16:13:34.706,1.004
2026-01-18 16:13:34.722,1.005
2026-01-18 16:13:34.738,1.005
2026-01-18 16:13:34.757,1.009
2026-01-18 16:13:34.757,1.008
2026-01-18 16:13:34.773,1.011
2026-01-18 16:13:34.790,1.015
2026-01-18 16:13:34.790,1.01
2026-01-18 16:13:34.807,1.014
2026-01-18 16:13:34.823,1.012
2026-01-18 16:13:34.839,1.014
2026-01-18 16:13:34.839,1.019
2026-01-18 16:13:34.855,1.015
2026-01-18 16:13:34.871,1.018
2026-01-18 16:13:34.873,1.018
2026-01-18 16:13:34.888,1.018
2026-01-18 16:13:34.905,1.016
2026-01-18 16:13:34.923,1.018
2026-01-18 16:13:34.924,1.012
2026-01-18 16:13:34.940,1.013
2026-01-18 16:13:34.955,1.012
2026-01-18 16:13:34.973,1.009
2026-01-18 16:13:34.974,1.005
2026-01-18 16:13:34.988,1.005
2026-01-18 16:13:35.006,1.009
2026-01-18 16:13:35.006,1.005
2026-01-18 16:13:35.022,1.007
2026-01-18 16:13:35.039,1.006
2026-01-18 16:13:35.055,1.003
2026-01-18 16:13:35.055,1.003
2026-01-18 16:13:35.072,1.008
2026-01-18 16:13:35.088,1.007
2026-01-18 16:13:35.105,1.011
2026-01-18 16:13:35.106,1.011
2026-01-18 16:13:35.122,1.01
2026-01-18 16:13:35.139,1.013
2026-01-18 16:13:35.139,1.008
2026-01-18 16:13:35.153,1.008
2026-01-18 16:13:35.171,1.005
2026-01-18 16:13:35.189,1.014
2026-01-18 16:13:35.189,1.01
2026-01-18 16:13:35.207,1.012
2026-01-18 16:13:35.223,1.012
2026-01-18 16:13:35.224,1.009
2026-01-18 16:13:35.240,1.01
2026-01-18 16:13:35.255,1.009
2026-01-18 16:13:35.271,1.013
2026-01-18 16:13:35.272,1.009
2026-01-18 16:13:35.290,1.006
2026-01-18 16:13:35.305,1.009
2026-01-18 16:13:35.306,1.011
2026-01-18 16:13:35.328,1.006
2026-01-18 16:13:35.337,1.005
2026-01-18 16:13:35.355,1.006
2026-01-18 16:13:35.356,1.007
2026-01-18 16:13:35.372,1.01
2026-01-18 16:13:35.389,1.01
2026-01-18 16:13:35.390,1.007
2026-01-18 16:13:35.405,1.013
2026-01-18 16:13:35.421,1.013
2026-01-18 16:13:35.439,1.015
2026-01-18 16:13:35.439,1.017
2026-01-18 16:13:35.456,1.016
2026-01-18 16:13:35.472,1.013
2026-01-18 16:13:35.490,1.019
2026-01-18 16:13:35.506,1.02
2026-01-18 16:13:35.523,1.02
2026-01-18 16:13:35.523,1.017
2026-01-18 16:13:35.539,1.016
2026-01-18 16:13:35.555,1.011
2026-01-18 16:13:35.572,1.01
2026-01-18 16:13:35.572,1.011
2026-01-18 16:13:35.588,1.019
2026-01-18 16:13:35.605,1.015
2026-01-18 16:13:35.608,1.015
2026-01-18 16:13:35.622,1.016
2026-01-18 16:13:35.638,1.02
2026-01-18 16:13:35.654,1.014
2026-01-18 16:13:35.654,1.014
2026-01-18 16:13:35.671,1.014
2026-01-18 16:13:35.688,1.018
2026-01-18 16:13:35.705,1.013
2026-01-18 16:13:35.706,1.012
2026-01-18 16:13:35.722,1.018
2026-01-18 16:13:35.738,1.018
2026-01-18 16:13:35.738,1.019
2026-01-18 16:13:35.755,1.018
2026-01-18 16:13:35.772,1.013
2026-01-18 16:13:35.789,1.012
2026-01-18 16:13:35.789,1.015
2026-01-18 16:13:35.805,1.01
2026-01-18 16:13:35.821,1.01
2026-01-18 16:13:35.822,1.014
2026-01-18 16:13:35.838,1.01
2026-01-18 16:13:35.854,1.013
2026-01-18 16:13:35.871,1.011
2026-01-18 16:13:35.871,1.006
2026-01-18 16:13:35.888,1.005
2026-01-18 16:13:35.906,1.002
2026-01-18 16:13:35.921,1.005
2026-01-18 16:13:35.937,1.01
2026-01-18 16:13:35.954,1.008
2026-01-18 16:13:35.955,1.012
2026-01-18 16:13:35.971,1.013
2026-01-18 16:13:35.989,1.019
2026-01-18 16:13:36.005,1.021
2026-01-18 16:13:36.005,1.02
2026-01-18 16:13:36.022,1.018
2026-01-18 16:13:36.037,1.014
2026-01-18 16:13:36.037,1.017
2026-01-18 16:13:36.055,1.018
2026-01-18 16:13:36.072,1.017
2026-01-18 16:13:36.088,1.015
2026-01-18 16:13:36.088,1.017
2026-01-18 16:13:36.106,1.023
2026-01-18 16:13:36.142,1.016
2026-01-18 16:13:36.142,1.014
2026-01-18 16:13:36.142,1.016
2026-01-18 16:13:36.148,1.02
2026-01-18 16:13:36.171,1.024
2026-01-18 16:13:36.171,1.022
2026-01-18 16:13:36.187,1.025
2026-01-18 16:13:36.205,1.025
2026-01-18 16:13:36.205,1.032
2026-01-18 16:13:36.222,1.025
2026-01-18 16:13:36.238,1.03
2026-01-18 16:13:36.255,1.029
2026-01-18 16:13:36.255,1.028
2026-01-18 16:13:36.272,1.026
2026-01-18 16:13:36.288,1.022
2026-01-18 16:13:36.306,1.023
2026-01-18 16:13:36.306,1.02
2026-01-18 16:13:36.326,1.019
2026-01-18 16:13:36.326,1.017
2026-01-18 16:13:36.339,1.021
2026-01-18 16:13:36.355,1.016
2026-01-18 16:13:36.371,1.016
2026-01-18 16:13:36.388,1.017
2026-01-18 16:13:36.388,1.014
2026-01-18 16:13:36.404,1.019
2026-01-18 16:13:36.421,1.018
2026-01-18 16:13:36.421,1.013
2026-01-18 16:13:36.439,1.014
2026-01-18 16:13:36.456,1.019
2026-01-18 16:13:36.472,1.016
2026-01-18 16:13:36.472,1.011
2026-01-18 16:13:36.488,1.021
2026-01-18 16:13:36.505,1.02
2026-01-18 16:13:36.506,1.023
2026-01-18 16:13:36.523,1.029
2026-01-18 16:13:36.538,1.024
2026-01-18 16:13:36.555,1.023
2026-01-18 16:13:36.555,1.022
2026-01-18 16:13:36.573,1.017
2026-01-18 16:13:36.589,1.018
2026-01-18 16:13:36.590,1.02
2026-01-18 16:13:36.605,1.023
2026-01-18 16:13:36.621,1.023
2026-01-18 16:13:36.640,1.026
2026-01-18 16:13:36.640,1.021
2026-01-18 16:13:36.655,1.023
2026-01-18 16:13:36.673,1.021
2026-01-18 16:13:36.689,1.027
2026-01-18 16:13:36.689,1.03
2026-01-18 16:13:36.706,1.026
2026-01-18 16:13:36.721,1.024
2026-01-18 16:13:36.722,1.03
2026-01-18 16:13:36.740,1.031
2026-01-18 16:13:36.755,1.025
2026-01-18 16:13:36.772,1.019
2026-01-18 16:13:36.772,1.02
2026-01-18 16:13:36.787,1.021
2026-01-18 16:13:36.806,1.015
2026-01-18 16:13:36.806,1.013
2026-01-18 16:13:36.821,1.011
2026-01-18 16:13:36.839,1.01
2026-01-18 16:13:36.855,1.008
2026-01-18 16:13:36.856,1.006
2026-01-18 16:13:36.872,1.003
2026-01-18 16:13:36.887,1.007
2026-01-18 16:13:36.904,1.008
2026-01-18 16:13:36.904,1.009
2026-01-18 16:13:36.921,1.007
2026-01-18 16:13:36.939,1.006
2026-01-18 16:13:36.939,1.009
2026-01-18 16:13:36.955,1.011
2026-01-18 16:13:36.972,1.014
2026-01-18 16:13:36.989,1.012
2026-01-18 16:13:36.989,1.014
2026-01-18 16:13:37.006,1.008
2026-01-18 16:13:37.021,1.006
2026-01-18 16:13:37.022,1.006
2026-01-18 16:13:37.038,1.007
2026-01-18 16:13:37.056,1.003
2026-01-18 16:13:37.074,1.002
2026-01-18 16:13:37.074,0.998
2026-01-18 16:13:37.088,1.004
2026-01-18 16:13:37.105,1.0
2026-01-18 16:13:37.105,1.003
2026-01-18 16:13:37.121,1.009
2026-01-18 16:13:37.140,1.007
2026-01-18 16:13:37.155,1.0
2026-01-18 16:13:37.155,1.003
2026-01-18 16:13:37.173,1.004
2026-01-18 16:13:37.189,1.006
2026-01-18 16:13:37.190,1.003
2026-01-18 16:13:37.206,0.998
2026-01-18 16:13:37.221,0.998
2026-01-18 16:13:37.238,1.001
2026-01-18 16:13:37.239,0.999
2026-01-18 16:13:37.255,0.994
2026-01-18 16:13:37.272,0.994
2026-01-18 16:13:37.287,1.0
2026-01-18 16:13:37.287,0.998
2026-01-18 16:13:37.305,0.999
2026-01-18 16:13:37.321,0.994
2026-01-18 16:13:37.321,0.995
2026-01-18 16:13:37.342,0.996
2026-01-18 16:13:37.355,0.995
2026-01-18 16:13:37.371,0.996
2026-01-18 16:13:37.371,0.998
2026-01-18 16:13:37.388,1.001
2026-01-18 16:13:37.406,1.003
2026-01-18 16:13:37.406,1.005
2026-01-18 16:13:37.422,1.005
2026-01-18 16:13:37.439,1.001
2026-01-18 16:13:37.456,1.0
2026-01-18 16:13:37.456,1.001
2026-01-18 16:13:37.472,1.0
2026-01-18 16:13:37.535,1.001
2026-01-18 16:13:37.536,1.002
2026-01-18 16:13:37.536,1.003
2026-01-18 16:13:37.536,1.007
2026-01-18 16:13:37.537,1.008
2026-01-18 16:13:37.543,1.005
2026-01-18 16:13:37.555,1.003
2026-01-18 16:13:37.572,1.0
2026-01-18 16:13:37.589,1.0
2026-01-18 16:13:37.589,1.002
2026-01-18 16:13:37.606,1.001
2026-01-18 16:13:37.621,1.001
2026-01-18 16:13:37.622,0.999
2026-01-18 16:13:37.638,0.995
2026-01-18 16:13:37.655,0.997
2026-01-18 16:13:37.672,0.996
2026-01-18 16:13:37.672,0.998
2026-01-18 16:13:37.688,0.998
2026-01-18 16:13:37.705,0.996
2026-01-18 16:13:37.706,0.997
2026-01-18 16:13:37.721,0.998
2026-01-18 16:13:37.740,0.993
2026-01-18 16:13:37.755,0.998
2026-01-18 16:13:37.755,0.995
2026-01-18 16:13:37.773,0.993
2026-01-18 16:13:37.788,0.992
2026-01-18 16:13:37.805,0.993
2026-01-18 16:13:37.805,0.997
2026-01-18 16:13:37.822,0.996
2026-01-18 16:13:37.837,0.997
2026-01-18 16:13:37.837,1.003
2026-01-18 16:13:37.856,1.004
2026-01-18 16:13:37.872,1.004
2026-01-18 16:13:37.888,1.007
2026-01-18 16:13:37.888,1.005
2026-01-18 16:13:37.906,1.002
2026-01-18 16:13:37.921,0.999
2026-01-18 16:13:37.921,1.0
2026-01-18 16:13:37.938,1.001
2026-01-18 16:13:37.957,0.997
2026-01-18 16:13:37.957,0.998
2026-01-18 16:13:37.971,1.0
2026-01-18 16:13:37.989,1.008
2026-01-18 16:13:38.006,1.012
2026-01-18 16:13:38.006,1.012
2026-01-18 16:13:38.024,1.019
2026-01-18 16:13:38.038,1.016
2026-01-18 16:13:38.055,1.008
2026-01-18 16:13:38.055,1.002
2026-01-18 16:13:38.071,1.006
2026-01-18 16:13:38.089,1.007
2026-01-18 16:13:38.089,1.001
2026-01-18 16:13:38.105,1.002
2026-01-18 16:13:38.121,1.003
2026-01-18 16:13:38.138,1.001
2026-01-18 16:13:38.138,1.001
2026-01-18 16:13:38.155,0.998
2026-01-18 16:13:38.171,1.007
2026-01-18 16:13:38.189,1.011
2026-01-18 16:13:38.190,1.011
2026-01-18 16:13:38.206,1.012
2026-01-18 16:13:38.221,1.011
2026-01-18 16:13:38.222,1.01
2026-01-18 16:13:38.239,1.012
2026-01-18 16:13:38.255,1.009
2026-01-18 16:13:38.272,1.01
2026-01-18 16:13:38.273,1.005
2026-01-18 16:13:38.289,1.004
2026-01-18 16:13:38.305,0.999
2026-01-18 16:13:38.306,1.003
2026-01-18 16:13:38.322,1.001
2026-01-18 16:13:38.346,1.002
2026-01-18 16:13:38.346,1.004
2026-01-18 16:13:38.355,1.006
2026-01-18 16:13:38.372,1.004
2026-01-18 16:13:38.389,1.013
2026-01-18 16:13:38.389,1.011
2026-01-18 16:13:38.406,1.006
2026-01-18 16:13:38.422,1.009
2026-01-18 16:13:38.438,1.011
2026-01-18 16:13:38.438,1.014
2026-01-18 16:13:38.456,1.01
2026-01-18 16:13:38.473,1.011
2026-01-18 16:13:38.474,1.008
2026-01-18 16:13:38.488,1.008
2026-01-18 16:13:38.512,1.01
2026-01-18 16:13:38.512,1.006
2026-01-18 16:13:38.527,1.006
2026-01-18 16:13:38.538,1.007
2026-01-18 16:13:38.556,1.006
2026-01-18 16:13:38.571,1.008
2026-01-18 16:13:38.571,1.009
2026-01-18 16:13:38.589,1.007
2026-01-18 16:13:38.606,1.006
2026-01-18 16:13:38.606,1.007
2026-01-18 16:13:38.622,1.001
2026-01-18 16:13:38.656,1.0
2026-01-18 16:13:38.656,1.003
2026-01-18 16:13:38.672,1.007
2026-01-18 16:13:38.688,1.006
2026-01-18 16:13:38.705,1.001
2026-01-18 16:13:38.706,1.0
2026-01-18 16:13:38.721,1.0
2026-01-18 16:13:38.739,0.999
2026-01-18 16:13:38.739,0.998
2026-01-18 16:13:38.755,1.0
2026-01-18 16:13:38.771,1.001
2026-01-18 16:13:38.788,1.001
2026-01-18 16:13:38.789,0.998
2026-01-18 16:13:38.806,1.001
2026-01-18 16:13:38.821,0.998
2026-01-18 16:13:38.822,0.998
2026-01-18 16:13:38.839,1.001
2026-01-18 16:13:38.866,1.008
2026-01-18 16:13:38.866,1.009
2026-01-18 16:13:38.878,1.008
2026-01-18 16:13:38.887,1.01
2026-01-18 16:13:38.905,1.009
2026-01-18 16:13:38.906,1.01
2026-01-18 16:13:38.923,1.011
2026-01-18 16:13:38.938,1.007
2026-01-18 16:13:38.955,1.01
2026-01-18 16:13:38.955,1.006
2026-01-18 16:13:38.972,1.011
2026-01-18 16:13:38.988,1.014
2026-01-18 16:13:39.005,1.014
2026-01-18 16:13:39.005,1.01
2026-01-18 16:13:39.021,1.013
2026-01-18 16:13:39.037,1.009
2026-01-18 16:13:39.037,1.012
2026-01-18 16:13:39.054,1.011
2026-01-18 16:13:39.071,1.005
2026-01-18 16:13:39.087,1.004
2026-01-18 16:13:39.087,1.007
2026-01-18 16:13:39.103,1.009
2026-01-18 16:13:39.121,1.007
2026-01-18 16:13:39.121,1.007
2026-01-18 16:13:39.138,1.009
2026-01-18 16:13:39.154,1.006
2026-01-18 16:13:39.171,1.006
2026-01-18 16:13:39.171,1.001
2026-01-18 16:13:39.188,1.004
2026-01-18 16:13:39.205,1.002
2026-01-18 16:13:39.206,1.003
2026-01-18 16:13:39.222,1.005
2026-01-18 16:13:39.239,1.004
2026-01-18 16:13:39.254,1.011
2026-01-18 16:13:39.255,1.007
2026-01-18 16:13:39.271,1.008
2026-01-18 16:13:39.289,1.01
2026-01-18 16:13:39.289,1.006
2026-01-18 16:13:39.305,1.013
2026-01-18 16:13:39.322,1.011
2026-01-18 16:13:39.345,1.014
2026-01-18 16:13:39.346,1.015
2026-01-18 16:13:39.354,1.008
2026-01-18 16:13:39.372,1.008
2026-01-18 16:13:39.373,1.008
2026-01-18 16:13:39.388,1.006
2026-01-18 16:13:39.406,1.012
2026-01-18 16:13:39.421,1.009
2026-01-18 16:13:39.421,1.01
2026-01-18 16:13:39.438,1.011
2026-01-18 16:13:39.455,1.007
2026-01-18 16:13:39.471,1.005
2026-01-18 16:13:39.471,1.009
2026-01-18 16:13:39.488,1.009
2026-01-18 16:13:39.504,1.01
2026-01-18 16:13:39.520,1.009
2026-01-18 16:13:39.521,1.009
2026-01-18 16:13:39.537,1.012
2026-01-18 16:13:39.553,1.011
2026-01-18 16:13:39.554,1.011
2026-01-18 16:13:39.571,1.005
2026-01-18 16:13:39.588,1.009
2026-01-18 16:13:39.604,1.002
2026-01-18 16:13:39.604,1.006
2026-01-18 16:13:39.621,1.01
2026-01-18 16:13:39.639,1.01
2026-01-18 16:13:39.639,1.012
2026-01-18 16:13:39.655,1.01
2026-01-18 16:13:39.672,1.012
2026-01-18 16:13:39.688,1.011
2026-01-18 16:13:39.689,1.008
2026-01-18 16:13:39.705,1.016
2026-01-18 16:13:39.722,1.01
2026-01-18 16:13:39.722,1.005
2026-01-18 16:13:39.738,1.004
2026-01-18 16:13:39.755,1.003
2026-01-18 16:13:39.771,1.005
2026-01-18 16:13:39.771,1.001
2026-01-18 16:13:39.787,1.005
2026-01-18 16:13:39.804,0.999
2026-01-18 16:13:39.822,0.999
2026-01-18 16:13:39.822,1.002
2026-01-18 16:13:39.839,1.005
2026-01-18 16:13:39.856,1.005
2026-01-18 16:13:39.856,1.006
2026-01-18 16:13:39.872,1.003
2026-01-18 16:13:39.889,1.006
2026-01-18 16:13:39.889,1.001
2026-01-18 16:13:39.906,1.005
2026-01-18 16:13:39.921,1.008
2026-01-18 16:13:39.939,1.008
2026-01-18 16:13:39.939,1.008
2026-01-18 16:13:39.955,1.004
2026-01-18 16:13:39.971,1.004
2026-01-18 16:13:39.989,1.001
2026-01-18 16:13:39.989,1.005
2026-01-18 16:13:40.006,1.009
2026-01-18 16:13:40.021,1.003
2026-01-18 16:13:40.021,1.009
2026-01-18 16:13:40.038,1.011
2026-01-18 16:13:40.056,1.017
2026-01-18 16:13:40.057,1.02
2026-01-18 16:13:40.071,1.014
2026-01-18 16:13:40.089,1.015
2026-01-18 16:13:40.105,1.011
2026-01-18 16:13:40.105,1.012
2026-01-18 16:13:40.121,1.007
2026-01-18 16:13:40.139,1.002
2026-01-18 16:13:40.156,1.001
2026-01-18 16:13:40.156,1.005
2026-01-18 16:13:40.171,1.009
2026-01-18 16:13:40.189,1.007
2026-01-18 16:13:40.190,1.0
2026-01-18 16:13:40.231,1.003
2026-01-18 16:13:40.231,1.01
2026-01-18 16:13:40.231,1.006
2026-01-18 16:13:40.241,1.003
2026-01-18 16:13:40.255,1.0
2026-01-18 16:13:40.271,1.006
2026-01-18 16:13:40.289,1.008
2026-01-18 16:13:40.289,1.011
2026-01-18 16:13:40.305,1.008
2026-01-18 16:13:40.321,1.003
2026-01-18 16:13:40.321,1.001
2026-01-18 16:13:40.343,1.001
2026-01-18 16:13:40.354,1.006
2026-01-18 16:13:40.371,1.006
2026-01-18 16:13:40.371,1.001
2026-01-18 16:13:40.387,1.004
2026-01-18 16:13:40.404,0.998
2026-01-18 16:13:40.421,0.996
2026-01-18 16:13:40.421,0.996
2026-01-18 16:13:40.439,0.998
2026-01-18 16:13:40.456,1.002
2026-01-18 16:13:40.456,1.005
2026-01-18 16:13:40.471,1.003
2026-01-18 16:13:40.488,1.003
2026-01-18 16:13:40.490,0.999
2026-01-18 16:13:40.505,0.996
2026-01-18 16:13:40.522,0.992
2026-01-18 16:13:40.538,0.995
2026-01-18 16:13:40.538,0.998
2026-01-18 16:13:40.554,0.993
2026-01-18 16:13:40.571,0.991
2026-01-18 16:13:40.588,0.994
2026-01-18 16:13:40.589,0.992
2026-01-18 16:13:40.605,0.995
2026-01-18 16:13:40.621,0.996
2026-01-18 16:13:40.621,0.994
2026-01-18 16:13:40.639,0.998
2026-01-18 16:13:40.655,0.999
2026-01-18 16:13:40.671,0.998
2026-01-18 16:13:40.672,0.998
2026-01-18 16:13:40.689,0.996
2026-01-18 16:13:40.705,1.001
2026-01-18 16:13:40.706,1.003
2026-01-18 16:13:40.721,1.003
2026-01-18 16:13:40.737,1.0
2026-01-18 16:13:40.755,1.0
2026-01-18 16:13:40.755,1.004
2026-01-18 16:13:40.771,1.002
2026-01-18 16:13:40.789,0.999
2026-01-18 16:13:40.789,1.0
2026-01-18 16:13:40.803,1.002
2026-01-18 16:13:40.820,1.009
2026-01-18 16:13:40.838,1.008
2026-01-18 16:13:40.839,1.009
2026-01-18 16:13:40.855,1.006
2026-01-18 16:13:40.871,1.007
2026-01-18 16:13:40.889,1.003
2026-01-18 16:13:40.889,1.003
2026-01-18 16:13:40.905,1.001
2026-01-18 16:13:40.922,1.0
2026-01-18 16:13:40.922,0.997
2026-01-18 16:13:40.938,1.002
2026-01-18 16:13:40.954,0.998
2026-01-18 16:13:40.971,0.995
2026-01-18 16:13:40.971,0.996
2026-01-18 16:13:40.989,0.996
2026-01-18 16:13:41.004,1.001
2026-01-18 16:13:41.005,0.999
2026-01-18 16:13:41.020,1.003
2026-01-18 16:13:41.039,1.002
2026-01-18 16:13:41.055,0.997
2026-01-18 16:13:41.055,1.0
2026-01-18 16:13:41.072,1.0
2026-01-18 16:13:41.087,1.001
2026-01-18 16:13:41.105,1.004
2026-01-18 16:13:41.105,1.005
2026-01-18 16:13:41.122,1.002
2026-01-18 16:13:41.137,1.007
2026-01-18 16:13:41.138,1.009
2026-01-18 16:13:41.155,1.011
2026-01-18 16:13:41.172,1.01
2026-01-18 16:13:41.188,1.011
2026-01-18 16:13:41.188,1.007
2026-01-18 16:13:41.205,1.005
2026-01-18 16:13:41.223,1.008
2026-01-18 16:13:41.224,1.008
2026-01-18 16:13:41.238,1.007
2026-01-18 16:13:41.255,1.013
2026-01-18 16:13:41.271,1.015
2026-01-18 16:13:41.271,1.007
2026-01-18 16:13:41.288,1.006
2026-01-18 16:13:41.305,1.005
2026-01-18 16:13:41.305,1.004
2026-01-18 16:13:41.322,1.005
2026-01-18 16:13:41.343,1.004
2026-01-18 16:13:41.343,1.009
2026-01-18 16:13:41.353,1.008
2026-01-18 16:13:41.371,1.009
2026-01-18 16:13:41.387,1.009
2026-01-18 16:13:41.405,1.008
2026-01-18 16:13:41.405,1.011
2026-01-18 16:13:41.421,1.012
2026-01-18 16:13:41.438,1.009
2026-01-18 16:13:41.438,1.017
2026-01-18 16:13:41.455,1.014
2026-01-18 16:13:41.471,1.015
2026-01-18 16:13:41.487,1.015
2026-01-18 16:13:41.488,1.013
2026-01-18 16:13:41.506,1.011
2026-01-18 16:13:41.521,1.01
2026-01-18 16:13:41.521,1.017
2026-01-18 16:13:41.538,1.02
2026-01-18 16:13:41.555,1.016
2026-01-18 16:13:41.595,1.016
2026-01-18 16:13:41.595,1.007
2026-01-18 16:13:41.596,1.007
2026-01-18 16:13:41.596,1.01
2026-01-18 16:13:41.605,1.016
2026-01-18 16:13:41.621,1.012
2026-01-18 16:13:41.639,1.01
2026-01-18 16:13:41.655,1.009
2026-01-18 16:13:41.655,1.004
2026-01-18 16:13:41.671,1.007
2026-01-18 16:13:41.688,1.008
2026-01-18 16:13:41.690,1.007
2026-01-18 16:13:41.705,1.008
2026-01-18 16:13:41.722,1.007
2026-01-18 16:13:41.738,1.006
2026-01-18 16:13:41.739,1.004
2026-01-18 16:13:41.754,1.0
2026-01-18 16:13:41.770,1.004
2026-01-18 16:13:41.788,1.005
2026-01-18 16:13:41.788,1.008
2026-01-18 16:13:41.803,1.008
2026-01-18 16:13:41.820,1.004
2026-01-18 16:13:41.821,1.003
2026-01-18 16:13:41.839,1.007
2026-01-18 16:13:41.855,1.012
2026-01-18 16:13:41.871,1.006
2026-01-18 16:13:41.871,1.006
2026-01-18 16:13:41.888,1.007
2026-01-18 16:13:41.905,1.007
2026-01-18 16:13:41.906,1.008
2026-01-18 16:13:41.921,1.011
2026-01-18 16:13:41.938,1.005
2026-01-18 16:13:41.955,1.006
2026-01-18 16:13:41.955,1.004
2026-01-18 16:13:41.971,1.0
2026-01-18 16:13:41.989,1.001
2026-01-18 16:13:41.989,1.001
2026-01-18 16:13:42.005,1.005
2026-01-18 16:13:42.021,1.003
2026-01-18 16:13:42.038,1.006
2026-01-18 16:13:42.039,1.011
2026-01-18 16:13:42.055,1.006
2026-01-18 16:13:42.072,1.006
2026-01-18 16:13:42.086,1.002
2026-01-18 16:13:42.087,1.001
2026-01-18 16:13:42.104,1.005
2026-01-18 16:13:42.121,1.003
2026-01-18 16:13:42.121,1.005
2026-01-18 16:13:42.138,1.001
2026-01-18 16:13:42.155,1.006
2026-01-18 16:13:42.171,1.004
2026-01-18 16:13:42.171,1.0
2026-01-18 16:13:42.188,1.004
2026-01-18 16:13:42.204,1.002
2026-01-18 16:13:42.205,1.004
2026-01-18 16:13:42.221,1.003
2026-01-18 16:13:42.238,0.998
2026-01-18 16:13:42.255,0.997
2026-01-18 16:13:42.255,0.998
2026-01-18 16:13:42.271,1.002
2026-01-18 16:13:42.288,1.006
2026-01-18 16:13:42.289,1.0
2026-01-18 16:13:42.304,1.001
2026-01-18 16:13:42.321,1.004
2026-01-18 16:13:42.343,1.002
2026-01-18 16:13:42.343,1.003
2026-01-18 16:13:42.354,1.005
2026-01-18 16:13:42.371,1.008
2026-01-18 16:13:42.387,1.004
2026-01-18 16:13:42.388,1.009
2026-01-18 16:13:42.405,1.008
2026-01-18 16:13:42.421,1.004
2026-01-18 16:13:42.421,1.002
2026-01-18 16:13:42.437,1.004
2026-01-18 16:13:42.455,1.008
2026-01-18 16:13:42.470,1.006
2026-01-18 16:13:42.470,1.005
2026-01-18 16:13:42.489,1.007
2026-01-18 16:13:42.504,1.008
2026-01-18 16:13:42.523,1.003
2026-01-18 16:13:42.523,1.001
2026-01-18 16:13:42.538,1.003
2026-01-18 16:13:42.554,1.008
2026-01-18 16:13:42.555,1.007
2026-01-18 16:13:42.570,1.007
2026-01-18 16:13:42.589,1.009
2026-01-18 16:13:42.590,1.002
2026-01-18 16:13:42.605,1.006
2026-01-18 16:13:42.621,1.01
2026-01-18 16:13:42.639,1.007
2026-01-18 16:13:42.639,1.012
2026-01-18 16:13:42.656,1.009
2026-01-18 16:13:42.671,1.004
2026-01-18 16:13:42.687,1.006
2026-01-18 16:13:42.688,1.012
2026-01-18 16:13:42.705,1.013
2026-01-18 16:13:42.721,1.008
2026-01-18 16:13:42.722,1.007
2026-01-18 16:13:42.739,1.008
2026-01-18 16:13:42.753,1.011
2026-01-18 16:13:42.771,1.012
2026-01-18 16:13:42.771,1.009
2026-01-18 16:13:42.788,1.012
2026-01-18 16:13:42.803,1.008
2026-01-18 16:13:42.821,1.015
2026-01-18 16:13:42.822,1.017
2026-01-18 16:13:42.837,1.015
2026-01-18 16:13:42.855,1.014
2026-01-18 16:13:42.855,1.011
2026-01-18 16:13:42.870,1.015
2026-01-18 16:13:42.889,1.01
2026-01-18 16:13:42.890,1.01
2026-01-18 16:13:42.905,1.005
2026-01-18 16:13:42.921,1.004
2026-01-18 16:13:42.960,1.004
2026-01-18 16:13:42.961,1.008
2026-01-18 16:13:42.961,1.008
2026-01-18 16:13:42.962,1.009
2026-01-18 16:13:42.988,1.006
2026-01-18 16:13:42.988,1.006
2026-01-18 16:13:43.005,1.008
2026-01-18 16:13:43.021,1.001
2026-01-18 16:13:43.021,1.007
2026-01-18 16:13:43.039,1.012
2026-01-18 16:13:43.054,1.019
2026-01-18 16:13:43.072,1.019
2026-01-18 16:13:43.072,1.013
2026-01-18 16:13:43.086,1.017
2026-01-18 16:13:43.104,1.017
2026-01-18 16:13:43.106,1.017
2026-01-18 16:13:43.119,1.014
2026-01-18 16:13:43.139,1.007
2026-01-18 16:13:43.155,1.012
2026-01-18 16:13:43.155,1.009
2026-01-18 16:13:43.170,1.003
2026-01-18 16:13:43.188,1.004
2026-01-18 16:13:43.189,0.997
2026-01-18 16:13:43.204,0.996
2026-01-18 16:13:43.221,1.002
2026-01-18 16:13:43.239,1.0
2026-01-18 16:13:43.239,1.002
2026-01-18 16:13:43.254,1.0
2026-01-18 16:13:43.272,1.001
2026-01-18 16:13:43.288,0.999
2026-01-18 16:13:43.288,1.007
2026-01-18 16:13:43.307,1.011
2026-01-18 16:13:43.326,1.009
2026-01-18 16:13:43.326,1.008
2026-01-18 16:13:43.337,1.004
2026-01-18 16:13:43.354,1.008
2026-01-18 16:13:43.370,1.009
2026-01-18 16:13:43.371,1.01
2026-01-18 16:13:43.388,1.015
2026-01-18 16:13:43.404,1.016
2026-01-18 16:13:43.422,1.02
2026-01-18 16:13:43.422,1.02
2026-01-18 16:13:43.438,1.021
2026-01-18 16:13:43.455,1.02
2026-01-18 16:13:43.455,1.018
2026-01-18 16:13:43.470,1.013
2026-01-18 16:13:43.489,1.011
2026-01-18 16:13:43.489,1.009
2026-01-18 16:13:43.505,1.008
2026-01-18 16:13:43.521,1.007
2026-01-18 16:13:43.537,1.013
2026-01-18 16:13:43.537,1.009
2026-01-18 16:13:43.553,1.004
2026-01-18 16:13:43.570,1.008
2026-01-18 16:13:43.588,1.002
2026-01-18 16:13:43.588,1.004
2026-01-18 16:13:43.605,1.005
2026-01-18 16:13:43.623,1.007
2026-01-18 16:13:43.623,1.009
2026-01-18 16:13:43.637,1.012
2026-01-18 16:13:43.654,1.016
2026-01-18 16:13:43.670,1.015
2026-01-18 16:13:43.670,1.009
2026-01-18 16:13:43.688,1.011
2026-01-18 16:13:43.705,1.012
2026-01-18 16:13:43.705,1.005
2026-01-18 16:13:43.721,1.005
2026-01-18 16:13:43.738,1.005
2026-01-18 16:13:43.756,1.007
2026-01-18 16:13:43.756,1.01
2026-01-18 16:13:43.769,1.004
2026-01-18 16:13:43.788,1.007
2026-01-18 16:13:43.805,1.006
2026-01-18 16:13:43.805,1.013
2026-01-18 16:13:43.821,1.011
2026-01-18 16:13:43.837,1.012
2026-01-18 16:13:43.837,1.013
2026-01-18 16:13:43.855,1.011
2026-01-18 16:13:43.872,1.011
2026-01-18 16:13:43.888,1.011
2026-01-18 16:13:43.891,1.009
2026-01-18 16:13:43.905,1.015
2026-01-18 16:13:43.921,1.009
2026-01-18 16:13:43.922,1.011
2026-01-18 16:13:43.937,1.012
2026-01-18 16:13:43.954,1.012
2026-01-18 16:13:43.971,1.017
2026-01-18 16:13:43.971,1.013
2026-01-18 16:13:43.987,1.01
2026-01-18 16:13:44.004,1.009
2026-01-18 16:13:44.020,1.012
2026-01-18 16:13:44.021,1.01
2026-01-18 16:13:44.037,1.005
2026-01-18 16:13:44.055,1.005
2026-01-18 16:13:44.070,1.008
2026-01-18 16:13:44.089,1.007
2026-01-18 16:13:44.089,1.008
2026-01-18 16:13:44.105,1.009
2026-01-18 16:13:44.122,1.005
2026-01-18 16:13:44.137,1.003
2026-01-18 16:13:44.137,1.001
2026-01-18 16:13:44.153,0.996
2026-01-18 16:13:44.171,0.998
2026-01-18 16:13:44.188,1.003
2026-01-18 16:13:44.188,1.009
2026-01-18 16:13:44.204,1.016
2026-01-18 16:13:44.221,1.013
2026-01-18 16:13:44.221,1.012
2026-01-18 16:13:44.238,1.01
2026-01-18 16:13:44.253,1.014
2026-01-18 16:13:44.272,1.013
2026-01-18 16:13:44.273,1.01
2026-01-18 16:13:44.287,1.01
2026-01-18 16:13:44.303,1.013
2026-01-18 16:13:44.350,1.013
2026-01-18 16:13:44.351,1.012
2026-01-18 16:13:44.352,1.007
2026-01-18 16:13:44.352,1.003
2026-01-18 16:13:44.352,1.004
2026-01-18 16:13:44.367,1.006
2026-01-18 16:13:44.387,1.005
2026-01-18 16:13:44.405,1.005
2026-01-18 16:13:44.405,1.009
2026-01-18 16:13:44.422,1.006
2026-01-18 16:13:44.437,1.009
2026-01-18 16:13:44.438,1.009
2026-01-18 16:13:44.455,1.002
2026-01-18 16:13:44.470,1.007
2026-01-18 16:13:44.488,1.005
2026-01-18 16:13:44.489,1.003
2026-01-18 16:13:44.504,1.004
2026-01-18 16:13:44.520,1.005
2026-01-18 16:13:44.538,1.0
2026-01-18 16:13:44.538,1.0
2026-01-18 16:13:44.555,1.004
2026-01-18 16:13:44.571,1.002
2026-01-18 16:13:44.571,1.001
2026-01-18 16:13:44.587,1.001
2026-01-18 16:13:44.604,1.002
2026-01-18 16:13:44.621,1.006
2026-01-18 16:13:44.621,1.007
2026-01-18 16:13:44.638,1.005
2026-01-18 16:13:44.655,1.007
2026-01-18 16:13:44.655,1.007
2026-01-18 16:13:44.670,1.006
2026-01-18 16:13:44.688,1.013
2026-01-18 16:13:44.689,1.016
2026-01-18 16:13:44.703,1.013
2026-01-18 16:13:44.720,1.009
2026-01-18 16:13:44.738,1.013
2026-01-18 16:13:44.738,1.013
2026-01-18 16:13:44.755,1.006
2026-01-18 16:13:44.770,1.009
2026-01-18 16:13:44.788,1.006
2026-01-18 16:13:44.788,1.01
2026-01-18 16:13:44.804,1.012
2026-01-18 16:13:44.821,1.005
2026-01-18 16:13:44.821,1.01
2026-01-18 16:13:44.837,1.009
2026-01-18 16:13:44.855,1.008
2026-01-18 16:13:44.870,1.008
2026-01-18 16:13:44.870,1.003
2026-01-18 16:13:44.886,1.003
2026-01-18 16:13:44.904,1.001
2026-01-18 16:13:44.919,1.006
2026-01-18 16:13:44.919,1.004
2026-01-18 16:13:44.937,1.001
2026-01-18 16:13:44.954,1.007
2026-01-18 16:13:44.954,1.014
2026-01-18 16:13:44.970,1.009
2026-01-18 16:13:44.986,1.007
2026-01-18 16:13:45.004,1.004
2026-01-18 16:13:45.004,1.004
2026-01-18 16:13:45.020,1.003
2026-01-18 16:13:45.038,1.008
2026-01-18 16:13:45.038,1.006
2026-01-18 16:13:45.055,1.006
2026-01-18 16:13:45.070,1.01
2026-01-18 16:13:45.087,1.014
2026-01-18 16:13:45.088,1.01
2026-01-18 16:13:45.105,1.007
2026-01-18 16:13:45.120,1.005
2026-01-18 16:13:45.121,1.007
2026-01-18 16:13:45.137,1.011
2026-01-18 16:13:45.153,1.014
2026-01-18 16:13:45.170,1.014
2026-01-18 16:13:45.170,1.009
2026-01-18 16:13:45.186,1.009
2026-01-18 16:13:45.204,1.01
2026-01-18 16:13:45.220,1.013
2026-01-18 16:13:45.221,1.016
2026-01-18 16:13:45.237,1.014
2026-01-18 16:13:45.253,1.015
2026-01-18 16:13:45.254,1.021
2026-01-18 16:13:45.270,1.02
2026-01-18 16:13:45.288,1.02
2026-01-18 16:13:45.303,1.017
2026-01-18 16:13:45.304,1.017
2026-01-18 16:13:45.326,1.015
2026-01-18 16:13:45.327,1.014
2026-01-18 16:13:45.354,1.017
2026-01-18 16:13:45.354,1.019
2026-01-18 16:13:45.370,1.017
2026-01-18 16:13:45.387,1.016
2026-01-18 16:13:45.388,1.016
2026-01-18 16:13:45.405,1.016
2026-01-18 16:13:45.420,1.017
2026-01-18 16:13:45.438,1.018
2026-01-18 16:13:45.438,1.015
2026-01-18 16:13:45.454,1.018
2026-01-18 16:13:45.458,1.018
2026-01-18 16:13:45.470,1.014
2026-01-18 16:13:45.488,1.013
2026-01-18 16:13:45.503,1.009
2026-01-18 16:13:45.520,1.005
2026-01-18 16:13:45.520,1.007
2026-01-18 16:13:45.536,1.005
2026-01-18 16:13:45.554,1.012
2026-01-18 16:13:45.554,1.012
2026-01-18 16:13:45.570,1.013
2026-01-18 16:13:45.588,1.015
2026-01-18 16:13:45.605,1.015
2026-01-18 16:13:45.605,1.013
2026-01-18 16:13:45.620,1.011
2026-01-18 16:13:45.638,1.01
2026-01-18 16:13:45.638,1.018
2026-01-18 16:13:45.654,1.018
2026-01-18 16:13:45.693,1.016
2026-01-18 16:13:45.694,1.018
2026-01-18 16:13:45.694,1.013
2026-01-18 16:13:45.701,1.013
2026-01-18 16:13:45.721,1.008
2026-01-18 16:13:45.721,1.014
2026-01-18 16:13:45.737,1.016
2026-01-18 16:13:45.754,1.014
2026-01-18 16:13:45.770,1.015
2026-01-18 16:13:45.770,1.016
2026-01-18 16:13:45.787,1.015
2026-01-18 16:13:45.805,1.011
2026-01-18 16:13:45.805,1.01
2026-01-18 16:13:45.819,1.01
2026-01-18 16:13:45.836,1.007
2026-01-18 16:13:45.855,1.008
2026-01-18 16:13:45.855,1.006
2026-01-18 16:13:45.870,1.011
2026-01-18 16:13:45.887,1.01
2026-01-18 16:13:45.904,1.01
2026-01-18 16:13:45.904,1.01
2026-01-18 16:13:45.921,1.009
2026-01-18 16:13:45.938,1.014
2026-01-18 16:13:45.939,1.019
2026-01-18 16:13:45.954,1.013
2026-01-18 16:13:45.971,1.013
2026-01-18 16:13:45.987,1.008
2026-01-18 16:13:45.987,1.016
2026-01-18 16:13:46.002,1.014
2026-01-18 16:13:46.021,1.013
2026-01-18 16:13:46.021,1.015
2026-01-18 16:13:46.038,1.014
2026-01-18 16:13:46.054,1.013
2026-01-18 16:13:46.069,1.011
2026-01-18 16:13:46.071,1.008
2026-01-18 16:13:46.086,1.015
2026-01-18 16:13:46.104,1.015
2026-01-18 16:13:46.120,1.015
2026-01-18 16:13:46.120,1.021
2026-01-18 16:13:46.138,1.016
2026-01-18 16:13:46.153,1.019
2026-01-18 16:13:46.153,1.019
2026-01-18 16:13:46.171,1.017
2026-01-18 16:13:46.186,1.015
2026-01-18 16:13:46.203,1.014
2026-01-18 16:13:46.203,1.018
2026-01-18 16:13:46.220,1.02
2026-01-18 16:13:46.236,1.021
2026-01-18 16:13:46.236,1.028
2026-01-18 16:13:46.253,1.022
2026-01-18 16:13:46.270,1.016
2026-01-18 16:13:46.285,1.021
2026-01-18 16:13:46.286,1.02
2026-01-18 16:13:46.302,1.02
2026-01-18 16:13:46.318,1.017
2026-01-18 16:13:46.342,1.023
2026-01-18 16:13:46.342,1.016
2026-01-18 16:13:46.353,1.011
2026-01-18 16:13:46.370,1.009
2026-01-18 16:13:46.370,1.008
2026-01-18 16:13:46.386,1.005
2026-01-18 16:13:46.403,1.005
2026-01-18 16:13:46.419,1.003
2026-01-18 16:13:46.420,1.001
2026-01-18 16:13:46.436,0.997
2026-01-18 16:13:46.453,0.999
2026-01-18 16:13:46.453,0.995
2026-01-18 16:13:46.469,0.993
2026-01-18 16:13:46.486,0.995
2026-01-18 16:13:46.504,0.991
2026-01-18 16:13:46.504,0.989
2026-01-18 16:13:46.519,0.989
2026-01-18 16:13:46.536,0.997
2026-01-18 16:13:46.537,1.001
2026-01-18 16:13:46.552,1.004
2026-01-18 16:13:46.570,1.002
2026-01-18 16:13:46.587,1.001
2026-01-18 16:13:46.587,0.998
2026-01-18 16:13:46.603,0.998
2026-01-18 16:13:46.619,0.994
2026-01-18 16:13:46.635,0.999
2026-01-18 16:13:46.636,1.001
2026-01-18 16:13:46.653,1.0
2026-01-18 16:13:46.670,1.001
2026-01-18 16:13:46.670,1.002
2026-01-18 16:13:46.687,1.006
2026-01-18 16:13:46.703,1.002
2026-01-18 16:13:46.721,1.001
2026-01-18 16:13:46.721,1.003
2026-01-18 16:13:46.737,1.003
2026-01-18 16:13:46.754,1.004
2026-01-18 16:13:46.754,1.003
2026-01-18 16:13:46.771,1.004
2026-01-18 16:13:46.788,1.0
2026-01-18 16:13:46.805,0.997
2026-01-18 16:13:46.805,0.995
2026-01-18 16:13:46.821,0.993
2026-01-18 16:13:46.838,0.992
2026-01-18 16:13:46.838,0.991
2026-01-18 16:13:46.853,0.991
2026-01-18 16:13:46.871,0.997
2026-01-18 16:13:46.888,0.998
2026-01-18 16:13:46.888,1.004
2026-01-18 16:13:46.904,1.008
2026-01-18 16:13:46.921,1.002
2026-01-18 16:13:46.921,1.001
2026-01-18 16:13:46.937,1.0
2026-01-18 16:13:46.954,1.0
2026-01-18 16:13:46.970,1.004
2026-01-18 16:13:46.971,0.999
2026-01-18 16:13:46.988,0.999
2026-01-18 16:13:47.005,1.001
2026-01-18 16:13:47.005,1.003
2026-01-18 16:13:47.045,1.002
2026-01-18 16:13:47.046,1.004
2026-01-18 16:13:47.046,1.006
2026-01-18 16:13:47.053,1.01
2026-01-18 16:13:47.071,1.01
2026-01-18 16:13:47.086,1.006
2026-01-18 16:13:47.104,1.004
2026-01-18 16:13:47.104,1.005
2026-01-18 16:13:47.121,1.005
2026-01-18 16:13:47.137,1.007
2026-01-18 16:13:47.137,1.008
2026-01-18 16:13:47.155,1.004
2026-01-18 16:13:47.170,1.008
2026-01-18 16:13:47.185,1.004
2026-01-18 16:13:47.186,1.001
2026-01-18 16:13:47.203,1.002
2026-01-18 16:13:47.220,0.999
2026-01-18 16:13:47.221,1.007
2026-01-18 16:13:47.237,1.006
2026-01-18 16:13:47.254,1.003
2026-01-18 16:13:47.269,1.01
2026-01-18 16:13:47.270,1.005
2026-01-18 16:13:47.287,1.009
2026-01-18 16:13:47.303,1.005
2026-01-18 16:13:47.320,1.003
2026-01-18 16:13:47.321,1.005
2026-01-18 16:13:47.337,1.007
2026-01-18 16:13:47.359,1.007
2026-01-18 16:13:47.360,1.005
2026-01-18 16:13:47.368,1.004
2026-01-18 16:13:47.387,1.001
2026-01-18 16:13:47.404,0.999
2026-01-18 16:13:47.404,0.997
2026-01-18 16:13:47.419,0.995
2026-01-18 16:13:47.438,0.996
2026-01-18 16:13:47.439,1.004
2026-01-18 16:13:47.453,0.996
2026-01-18 16:13:47.469,0.992
2026-01-18 16:13:47.486,0.996
2026-01-18 16:13:47.487,0.992
2026-01-18 16:13:47.504,0.994
2026-01-18 16:13:47.520,0.993
2026-01-18 16:13:47.538,0.993
2026-01-18 16:13:47.538,0.99
2026-01-18 16:13:47.555,0.99
2026-01-18 16:13:47.569,0.989
2026-01-18 16:13:47.569,0.991
2026-01-18 16:13:47.587,0.994
2026-01-18 16:13:47.603,0.991
2026-01-18 16:13:47.619,0.993
2026-01-18 16:13:47.619,0.997
2026-01-18 16:13:47.638,0.991
2026-01-18 16:13:47.654,0.991
2026-01-18 16:13:47.654,0.992
2026-01-18 16:13:47.670,0.993
2026-01-18 16:13:47.688,0.995
2026-01-18 16:13:47.704,0.994
2026-01-18 16:13:47.704,1.001
2026-01-18 16:13:47.720,1.0
2026-01-18 16:13:47.738,0.999
2026-01-18 16:13:47.738,0.997
2026-01-18 16:13:47.754,0.994
2026-01-18 16:13:47.770,0.994
2026-01-18 16:13:47.788,0.99
2026-01-18 16:13:47.788,0.991
2026-01-18 16:13:47.804,0.991
2026-01-18 16:13:47.820,0.987
2026-01-18 16:13:47.836,0.994
2026-01-18 16:13:47.837,0.996
2026-01-18 16:13:47.853,1.0
2026-01-18 16:13:47.870,1.001
2026-01-18 16:13:47.871,1.005
2026-01-18 16:13:47.886,1.004
2026-01-18 16:13:47.903,1.004
2026-01-18 16:13:47.921,1.007
2026-01-18 16:13:47.921,1.006
2026-01-18 16:13:47.937,0.997
2026-01-18 16:13:47.954,0.996
2026-01-18 16:13:47.954,0.995
2026-01-18 16:13:47.969,0.993
2026-01-18 16:13:47.988,0.99
2026-01-18 16:13:48.004,0.987
2026-01-18 16:13:48.004,0.986
2026-01-18 16:13:48.019,0.987
2026-01-18 16:13:48.037,0.989
2026-01-18 16:13:48.037,0.993
2026-01-18 16:13:48.052,0.992
2026-01-18 16:13:48.069,0.997
2026-01-18 16:13:48.087,0.997
2026-01-18 16:13:48.087,1.001
2026-01-18 16:13:48.102,0.999
2026-01-18 16:13:48.119,0.998
2026-01-18 16:13:48.137,0.998
2026-01-18 16:13:48.137,0.997
2026-01-18 16:13:48.154,0.994
2026-01-18 16:13:48.171,0.995
2026-01-18 16:13:48.171,0.995
2026-01-18 16:13:48.186,0.997
2026-01-18 16:13:48.203,0.997
2026-01-18 16:13:48.219,0.994
2026-01-18 16:13:48.220,0.997
2026-01-18 16:13:48.236,0.997
2026-01-18 16:13:48.253,0.997
2026-01-18 16:13:48.253,0.996
2026-01-18 16:13:48.272,0.999
2026-01-18 16:13:48.287,1.004
2026-01-18 16:13:48.303,1.002
2026-01-18 16:13:48.303,1.005
2026-01-18 16:13:48.319,0.998
2026-01-18 16:13:48.336,1.0
2026-01-18 16:13:48.357,1.001
2026-01-18 16:13:48.357,0.994
2026-01-18 16:13:48.369,0.995
2026-01-18 16:13:48.386,0.997
2026-01-18 16:13:48.386,1.0
2026-01-18 16:13:48.414,1.0
2026-01-18 16:13:48.415,1.0
2026-01-18 16:13:48.426,0.996
2026-01-18 16:13:48.435,0.995
2026-01-18 16:13:48.452,0.994
2026-01-18 16:13:48.469,0.994
2026-01-18 16:13:48.469,0.994
2026-01-18 16:13:48.486,0.993
2026-01-18 16:13:48.503,0.996
2026-01-18 16:13:48.520,0.998
2026-01-18 16:13:48.521,0.997
2026-01-18 16:13:48.536,0.996
2026-01-18 16:13:48.552,0.996
2026-01-18 16:13:48.569,1.0
2026-01-18 16:13:48.569,0.999
2026-01-18 16:13:48.585,1.003
2026-01-18 16:13:48.603,0.998
2026-01-18 16:13:48.603,1.0
2026-01-18 16:13:48.619,0.997
2026-01-18 16:13:48.636,0.998
2026-01-18 16:13:48.652,0.999
2026-01-18 16:13:48.652,0.995
2026-01-18 16:13:48.669,0.998
2026-01-18 16:13:48.686,0.999
2026-01-18 16:13:48.686,0.999
2026-01-18 16:13:48.702,0.997
2026-01-18 16:13:48.719,0.992
2026-01-18 16:13:48.735,0.993
2026-01-18 16:13:48.735,0.989
2026-01-18 16:13:48.752,0.99
2026-01-18 16:13:48.769,0.993
2026-01-18 16:13:48.769,0.989
2026-01-18 16:13:48.786,0.99
2026-01-18 16:13:48.802,0.996
2026-01-18 16:13:48.819,0.999
2026-01-18 16:13:48.819,1.0
2026-01-18 16:13:48.836,0.995
2026-01-18 16:13:48.853,0.998
2026-01-18 16:13:48.854,0.997
2026-01-18 16:13:48.870,0.998
2026-01-18 16:13:48.886,1.003
2026-01-18 16:13:48.902,1.005
2026-01-18 16:13:48.903,1.006
2026-01-18 16:13:48.919,1.007
2026-01-18 16:13:48.938,1.007
2026-01-18 16:13:48.938,1.009
2026-01-18 16:13:48.953,1.009
2026-01-18 16:13:48.969,1.012
2026-01-18 16:13:48.986,1.008
2026-01-18 16:13:48.986,1.007
2026-01-18 16:13:49.003,1.008
2026-01-18 16:13:49.020,1.005
2026-01-18 16:13:49.037,1.013
2026-01-18 16:13:49.038,1.009
2026-01-18 16:13:49.053,1.009
2026-01-18 16:13:49.069,1.007
2026-01-18 16:13:49.071,1.003
2026-01-18 16:13:49.087,1.005
2026-01-18 16:13:49.104,1.005
2026-01-18 16:13:49.120,1.004
2026-01-18 16:13:49.120,1.002
2026-01-18 16:13:49.136,1.004
2026-01-18 16:13:49.154,1.001
2026-01-18 16:13:49.154,1.002
2026-01-18 16:13:49.170,1.004
2026-01-18 16:13:49.187,1.004
2026-01-18 16:13:49.203,1.002
2026-01-18 16:13:49.204,0.999
2026-01-18 16:13:49.221,1.005
2026-01-18 16:13:49.236,1.0
2026-01-18 16:13:49.237,1.011
2026-01-18 16:13:49.253,1.005
2026-01-18 16:13:49.269,1.004
2026-01-18 16:13:49.286,1.002
2026-01-18 16:13:49.287,1.0
2026-01-18 16:13:49.303,1.006
2026-01-18 16:13:49.320,1.005
2026-01-18 16:13:49.321,1.005
2026-01-18 16:13:49.336,1.006
2026-01-18 16:13:49.353,1.004
2026-01-18 16:13:49.372,1.006
2026-01-18 16:13:49.372,1.004
2026-01-18 16:13:49.385,1.001
2026-01-18 16:13:49.403,0.998
2026-01-18 16:13:49.419,1.003
2026-01-18 16:13:49.419,1.009
2026-01-18 16:13:49.436,1.004
2026-01-18 16:13:49.452,1.005
2026-01-18 16:13:49.453,1.007
2026-01-18 16:13:49.469,1.005
2026-01-18 16:13:49.487,1.0
2026-01-18 16:13:49.503,0.998
2026-01-18 16:13:49.504,0.999
2026-01-18 16:13:49.519,0.999
2026-01-18 16:13:49.535,1.0
2026-01-18 16:13:49.554,0.999
2026-01-18 16:13:49.554,0.998
2026-01-18 16:13:49.569,1.005
2026-01-18 16:13:49.588,1.003
2026-01-18 16:13:49.589,1.007
2026-01-18 16:13:49.603,1.007
2026-01-18 16:13:49.619,1.004
2026-01-18 16:13:49.637,1.004
2026-01-18 16:13:49.637,1.005
2026-01-18 16:13:49.654,1.005
2026-01-18 16:13:49.669,1.006
2026-01-18 16:13:49.670,1.009
2026-01-18 16:13:49.687,1.005
2026-01-18 16:13:49.703,1.008
2026-01-18 16:13:49.720,1.011
2026-01-18 16:13:49.720,1.008
2026-01-18 16:13:49.737,1.005
2026-01-18 16:13:49.779,1.011
2026-01-18 16:13:49.779,1.013
2026-01-18 16:13:49.780,1.014
2026-01-18 16:13:49.780,1.011
2026-01-18 16:13:49.789,1.011
2026-01-18 16:13:49.803,1.018
2026-01-18 16:13:49.819,1.019
2026-01-18 16:13:49.837,1.019
2026-01-18 16:13:49.837,1.019
2026-01-18 16:13:49.852,1.018
2026-01-18 16:13:49.871,1.014
2026-01-18 16:13:49.887,1.012
2026-01-18 16:13:49.888,1.012
2026-01-18 16:13:49.903,1.009
2026-01-18 16:13:49.919,1.013
2026-01-18 16:13:49.938,1.007
2026-01-18 16:13:49.938,1.007
2026-01-18 16:13:49.955,1.007
2026-01-18 16:13:49.969,1.013
2026-01-18 16:13:49.969,1.012
2026-01-18 16:13:49.987,1.01
2026-01-18 16:13:50.004,1.01
2026-01-18 16:13:50.020,1.007
2026-01-18 16:13:50.020,1.01
2026-01-18 16:13:50.038,1.011
2026-01-18 16:13:50.053,1.013
2026-01-18 16:13:50.054,1.016
2026-01-18 16:13:50.070,1.013
2026-01-18 16:13:50.087,1.013
2026-01-18 16:13:50.104,1.015
2026-01-18 16:13:50.104,1.01
2026-01-18 16:13:50.119,1.016
2026-01-18 16:13:50.138,1.019
2026-01-18 16:13:50.138,1.017
2026-01-18 16:13:50.152,1.01
2026-01-18 16:13:50.170,1.008
2026-01-18 16:13:50.186,1.011
2026-01-18 16:13:50.186,1.009
2026-01-18 16:13:50.206,1.008
2026-01-18 16:13:50.221,1.006
2026-01-18 16:13:50.222,1.004
2026-01-18 16:13:50.236,1.009
2026-01-18 16:13:50.253,1.013
2026-01-18 16:13:50.270,1.013
2026-01-18 16:13:50.270,1.007
2026-01-18 16:13:50.286,1.007
2026-01-18 16:13:50.303,1.006
2026-01-18 16:13:50.318,1.005
2026-01-18 16:13:50.318,1.006
2026-01-18 16:13:50.336,1.0
2026-01-18 16:13:50.360,1.005
2026-01-18 16:13:50.361,1.002
2026-01-18 16:13:50.370,1.001
2026-01-18 16:13:50.387,0.997
2026-01-18 16:13:50.402,0.998
2026-01-18 16:13:50.403,0.998
2026-01-18 16:13:50.420,0.999
2026-01-18 16:13:50.436,1.005
2026-01-18 16:13:50.454,1.009
2026-01-18 16:13:50.454,1.008
2026-01-18 16:13:50.471,1.008
2026-01-18 16:13:50.487,1.004
2026-01-18 16:13:50.487,1.009
2026-01-18 16:13:50.502,1.006
2026-01-18 16:13:50.519,1.001
2026-01-18 16:13:50.536,1.001
2026-01-18 16:13:50.536,0.999
2026-01-18 16:13:50.553,1.0
2026-01-18 16:13:50.569,0.998
2026-01-18 16:13:50.570,1.002
2026-01-18 16:13:50.586,1.001
2026-01-18 16:13:50.603,1.003
2026-01-18 16:13:50.620,1.003
2026-01-18 16:13:50.620,1.005
2026-01-18 16:13:50.636,1.002
2026-01-18 16:13:50.652,1.005
2026-01-18 16:13:50.653,1.015
2026-01-18 16:13:50.668,1.018
2026-01-18 16:13:50.686,1.014
2026-01-18 16:13:50.702,1.009
2026-01-18 16:13:50.702,1.011
2026-01-18 16:13:50.719,1.01
2026-01-18 16:13:50.734,1.013
2026-01-18 16:13:50.752,1.01
2026-01-18 16:13:50.752,1.008
2026-01-18 16:13:50.768,1.012
2026-01-18 16:13:50.785,1.014
2026-01-18 16:13:50.786,1.013
2026-01-18 16:13:50.802,1.014
2026-01-18 16:13:50.819,1.011
2026-01-18 16:13:50.836,1.016
2026-01-18 16:13:50.837,1.013
2026-01-18 16:13:50.852,1.01
2026-01-18 16:13:50.869,1.01
2026-01-18 16:13:50.869,1.012
2026-01-18 16:13:50.884,1.014
2026-01-18 16:13:50.902,1.006
2026-01-18 16:13:50.919,1.007
2026-01-18 16:13:50.919,1.008
2026-01-18 16:13:50.935,1.007
2026-01-18 16:13:50.952,1.003
2026-01-18 16:13:50.969,1.003
2026-01-18 16:13:50.969,0.999
2026-01-18 16:13:50.985,1.001
2026-01-18 16:13:51.002,1.003
2026-01-18 16:13:51.002,1.006
2026-01-18 16:13:51.018,1.005
2026-01-18 16:13:51.034,1.007
2026-01-18 16:13:51.052,1.009
2026-01-18 16:13:51.052,1.002
2026-01-18 16:13:51.068,1.006
2026-01-18 16:13:51.085,1.008
2026-01-18 16:13:51.085,1.01
2026-01-18 16:13:51.102,1.012
2026-01-18 16:13:51.159,1.01
2026-01-18 16:13:51.159,1.011
2026-01-18 16:13:51.160,1.017
2026-01-18 16:13:51.160,1.019
2026-01-18 16:13:51.160,1.017
2026-01-18 16:13:51.187,1.011
2026-01-18 16:13:51.187,1.016
2026-01-18 16:13:51.203,1.018
2026-01-18 16:13:51.218,1.024
2026-01-18 16:13:51.220,1.024
2026-01-18 16:13:51.236,1.021
2026-01-18 16:13:51.253,1.017
2026-01-18 16:13:51.253,1.015
2026-01-18 16:13:51.269,1.014
2026-01-18 16:13:51.286,1.018
2026-01-18 16:13:51.303,1.016
2026-01-18 16:13:51.303,1.019
2026-01-18 16:13:51.319,1.015
2026-01-18 16:13:51.335,1.015
2026-01-18 16:13:51.352,1.015
2026-01-18 16:13:51.352,1.013
2026-01-18 16:13:51.376,1.02
2026-01-18 16:13:51.376,1.021
2026-01-18 16:13:51.386,1.016
2026-01-18 16:13:51.404,1.016
2026-01-18 16:13:51.438,1.02
2026-01-18 16:13:51.438,1.021
2026-01-18 16:13:51.453,1.02
2026-01-18 16:13:51.470,1.018
2026-01-18 16:13:51.470,1.011
2026-01-18 16:13:51.486,1.009
2026-01-18 16:13:51.504,1.004
2026-01-18 16:13:51.519,1.01
2026-01-18 16:13:51.519,1.011
2026-01-18 16:13:51.535,1.011
2026-01-18 16:13:51.554,1.01
2026-01-18 16:13:51.554,1.015
2026-01-18 16:13:51.569,1.02
2026-01-18 16:13:51.586,1.021
2026-01-18 16:13:51.603,1.012
2026-01-18 16:13:51.603,1.012
2026-01-18 16:13:51.620,1.014
2026-01-18 16:13:51.635,1.011
2026-01-18 16:13:51.654,1.008
2026-01-18 16:13:51.655,1.009
2026-01-18 16:13:51.669,1.016
2026-01-18 16:13:51.686,1.019
2026-01-18 16:13:51.686,1.023
2026-01-18 16:13:51.703,1.019
2026-01-18 16:13:51.718,1.013
2026-01-18 16:13:51.736,1.01
2026-01-18 16:13:51.736,1.014
2026-01-18 16:13:51.752,1.011
2026-01-18 16:13:51.769,1.01
2026-01-18 16:13:51.769,1.013
2026-01-18 16:13:51.785,1.017
2026-01-18 16:13:51.803,1.015
2026-01-18 16:13:51.818,1.012
2026-01-18 16:13:51.818,1.018
2026-01-18 16:13:51.835,1.017
2026-01-18 16:13:51.852,1.017
2026-01-18 16:13:51.853,1.021
2026-01-18 16:13:51.869,1.019
2026-01-18 16:13:51.888,1.021
2026-01-18 16:13:51.903,1.019
2026-01-18 16:13:51.903,1.024
2026-01-18 16:13:51.920,1.022
2026-01-18 16:13:51.936,1.022
2026-01-18 16:13:51.952,1.025
2026-01-18 16:13:51.953,1.024
2026-01-18 16:13:51.969,1.021
2026-01-18 16:13:51.986,1.022
2026-01-18 16:13:51.986,1.024
2026-01-18 16:13:52.004,1.022
2026-01-18 16:13:52.018,1.018
2026-01-18 16:13:52.037,1.017
2026-01-18 16:13:52.037,1.019
2026-01-18 16:13:52.053,1.023
2026-01-18 16:13:52.069,1.025
2026-01-18 16:13:52.069,1.022
2026-01-18 16:13:52.087,1.02
2026-01-18 16:13:52.103,1.019
2026-01-18 16:13:52.120,1.024
2026-01-18 16:13:52.120,1.025
2026-01-18 16:13:52.136,1.021
2026-01-18 16:13:52.154,1.018
2026-01-18 16:13:52.155,1.017
2026-01-18 16:13:52.170,1.016
2026-01-18 16:13:52.186,1.023
2026-01-18 16:13:52.202,1.022
2026-01-18 16:13:52.203,1.024
2026-01-18 16:13:52.218,1.022
2026-01-18 16:13:52.237,1.021
2026-01-18 16:13:52.238,1.02
2026-01-18 16:13:52.253,1.019
2026-01-18 16:13:52.270,1.017
2026-01-18 16:13:52.286,1.015
2026-01-18 16:13:52.286,1.019
2026-01-18 16:13:52.303,1.016
2026-01-18 16:13:52.319,1.011
2026-01-18 16:13:52.336,1.013
2026-01-18 16:13:52.337,1.018
2026-01-18 16:13:52.353,1.017
2026-01-18 16:13:52.369,1.017
2026-01-18 16:13:52.370,1.014
2026-01-18 16:13:52.392,1.02
2026-01-18 16:13:52.393,1.017
2026-01-18 16:13:52.404,1.014
2026-01-18 16:13:52.420,1.01
2026-01-18 16:13:52.437,1.011
2026-01-18 16:13:52.453,1.011
2026-01-18 16:13:52.454,1.014
2026-01-18 16:13:52.470,1.015
2026-01-18 16:13:52.497,1.015
2026-01-18 16:13:52.498,1.015
2026-01-18 16:13:52.508,1.016
2026-01-18 16:13:52.518,1.016
2026-01-18 16:13:52.537,1.014
2026-01-18 16:13:52.537,1.015
2026-01-18 16:13:52.553,1.015
2026-01-18 16:13:52.569,1.017
2026-01-18 16:13:52.586,1.015
2026-01-18 16:13:52.586,1.014
2026-01-18 16:13:52.603,1.01
2026-01-18 16:13:52.618,1.011
2026-01-18 16:13:52.637,1.017
2026-01-18 16:13:52.637,1.015
2026-01-18 16:13:52.653,1.017
2026-01-18 16:13:52.671,1.016
2026-01-18 16:13:52.671,1.013
2026-01-18 16:13:52.687,1.009
2026-01-18 16:13:52.703,1.013
2026-01-18 16:13:52.719,1.017
2026-01-18 16:13:52.720,1.014
2026-01-18 16:13:52.752,1.011
2026-01-18 16:13:52.753,1.013
2026-01-18 16:13:52.769,1.013
2026-01-18 16:13:52.785,1.015
2026-01-18 16:13:52.802,1.014
2026-01-18 16:13:52.802,1.014
2026-01-18 16:13:52.818,1.013
2026-01-18 16:13:52.835,1.012
2026-01-18 16:13:52.852,1.016
2026-01-18 16:13:52.852,1.013
2026-01-18 16:13:52.868,1.014
2026-01-18 16:13:52.885,1.012
2026-01-18 16:13:52.885,1.014
2026-01-18 16:13:52.902,1.012
2026-01-18 16:13:52.920,1.01
2026-01-18 16:13:52.935,1.014
2026-01-18 16:13:52.935,1.009
2026-01-18 16:13:52.953,1.009
2026-01-18 16:13:52.969,1.015
2026-01-18 16:13:52.970,1.013
2026-01-18 16:13:52.985,1.013
2026-01-18 16:13:53.003,1.016
2026-01-18 16:13:53.020,1.018
2026-01-18 16:13:53.020,1.017
2026-01-18 16:13:53.036,1.012
2026-01-18 16:13:53.054,1.01
2026-01-18 16:13:53.054,1.011
2026-01-18 16:13:53.069,1.013
2026-01-18 16:13:53.086,1.018
2026-01-18 16:13:53.103,1.009
2026-01-18 16:13:53.103,1.005
2026-01-18 16:13:53.119,1.011
2026-01-18 16:13:53.136,1.014
2026-01-18 16:13:53.136,1.012
2026-01-18 16:13:53.152,1.008
2026-01-18 16:13:53.169,1.009
2026-01-18 16:13:53.187,1.01
2026-01-18 16:13:53.187,1.01
2026-01-18 16:13:53.203,1.01
2026-01-18 16:13:53.219,1.008
2026-01-18 16:13:53.237,1.009
2026-01-18 16:13:53.237,1.006
2026-01-18 16:13:53.253,1.011
2026-01-18 16:13:53.270,1.007
2026-01-18 16:13:53.270,1.003
2026-01-18 16:13:53.285,1.005
2026-01-18 16:13:53.303,1.007
2026-01-18 16:13:53.319,1.006
2026-01-18 16:13:53.319,1.007
2026-01-18 16:13:53.336,1.008
2026-01-18 16:13:53.353,1.008
2026-01-18 16:13:53.353,1.007
2026-01-18 16:13:53.369,1.007
2026-01-18 16:13:53.385,1.008
2026-01-18 16:13:53.409,1.009
2026-01-18 16:13:53.409,1.009
2026-01-18 16:13:53.419,1.013
2026-01-18 16:13:53.436,1.014
2026-01-18 16:13:53.437,1.014
2026-01-18 16:13:53.452,1.008
2026-01-18 16:13:53.470,1.013
2026-01-18 16:13:53.485,1.018
2026-01-18 16:13:53.486,1.017
2026-01-18 16:13:53.502,1.013
2026-01-18 16:13:53.518,1.017
2026-01-18 16:13:53.536,1.022
2026-01-18 16:13:53.536,1.017
2026-01-18 16:13:53.552,1.015
2026-01-18 16:13:53.569,1.02
2026-01-18 16:13:53.569,1.017
2026-01-18 16:13:53.586,1.019
2026-01-18 16:13:53.603,1.014
2026-01-18 16:13:53.619,1.014
2026-01-18 16:13:53.619,1.015
2026-01-18 16:13:53.635,1.012
2026-01-18 16:13:53.653,1.013
2026-01-18 16:13:53.653,1.013
2026-01-18 16:13:53.669,1.009
2026-01-18 16:13:53.685,1.009
2026-01-18 16:13:53.701,1.005
2026-01-18 16:13:53.701,1.005
2026-01-18 16:13:53.718,1.011
2026-01-18 16:13:53.736,1.013
2026-01-18 16:13:53.737,1.021
2026-01-18 16:13:53.753,1.019
2026-01-18 16:13:53.768,1.013
2026-01-18 16:13:53.786,1.011
2026-01-18 16:13:53.787,1.014
2026-01-18 16:13:53.802,1.013
2026-01-18 16:13:53.819,1.015
2026-01-18 16:13:53.862,1.019
2026-01-18 16:13:53.862,1.014
2026-01-18 16:13:53.863,1.015
2026-01-18 16:13:53.863,1.016
2026-01-18 16:13:53.871,1.011
2026-01-18 16:13:53.886,1.015
2026-01-18 16:13:53.904,1.016
2026-01-18 16:13:53.905,1.013
2026-01-18 16:13:53.919,1.007
2026-01-18 16:13:53.936,1.002
2026-01-18 16:13:53.953,1.01
2026-01-18 16:13:53.953,1.011
2026-01-18 16:13:53.969,1.009
2026-01-18 16:13:53.987,1.015
2026-01-18 16:13:54.002,1.017
2026-01-18 16:13:54.002,1.014
2026-01-18 16:13:54.019,1.018
2026-01-18 16:13:54.034,1.02
2026-01-18 16:13:54.053,1.025
2026-01-18 16:13:54.053,1.021
2026-01-18 16:13:54.069,1.023
2026-01-18 16:13:54.087,1.026
2026-01-18 16:13:54.087,1.027
2026-01-18 16:13:54.102,1.024
2026-01-18 16:13:54.120,1.016
2026-01-18 16:13:54.136,1.012
2026-01-18 16:13:54.136,1.009
2026-01-18 16:13:54.169,1.01
2026-01-18 16:13:54.169,1.008
2026-01-18 16:13:54.187,1.01
2026-01-18 16:13:54.205,1.01
2026-01-18 16:13:54.220,1.01
2026-01-18 16:13:54.235,1.013
2026-01-18 16:13:54.253,1.015
2026-01-18 16:13:54.254,1.023
2026-01-18 16:13:54.268,1.026
2026-01-18 16:13:54.288,1.018
2026-01-18 16:13:54.288,1.018
2026-01-18 16:13:54.302,1.013
2026-01-18 16:13:54.318,1.012
2026-01-18 16:13:54.336,1.015
2026-01-18 16:13:54.337,1.018
2026-01-18 16:13:54.352,1.014
2026-01-18 16:13:54.370,1.012
2026-01-18 16:13:54.391,1.009
2026-01-18 16:13:54.392,1.013
2026-01-18 16:13:54.402,1.013
2026-01-18 16:13:54.419,1.013
2026-01-18 16:13:54.437,1.013
2026-01-18 16:13:54.438,1.019
2026-01-18 16:13:54.452,1.014
2026-01-18 16:13:54.470,1.01
2026-01-18 16:13:54.470,1.006
2026-01-18 16:13:54.485,1.006
2026-01-18 16:13:54.503,1.008
2026-01-18 16:13:54.518,1.01
2026-01-18 16:13:54.519,1.012
2026-01-18 16:13:54.553,1.006
2026-01-18 16:13:54.554,1.006
2026-01-18 16:13:54.568,1.008
2026-01-18 16:13:54.587,1.008
2026-01-18 16:13:54.603,1.01
2026-01-18 16:13:54.603,1.012
2026-01-18 16:13:54.619,1.008
2026-01-18 16:13:54.636,1.009
2026-01-18 16:13:54.637,1.015
2026-01-18 16:13:54.652,1.016
2026-01-18 16:13:54.669,1.018
2026-01-18 16:13:54.685,1.023
2026-01-18 16:13:54.686,1.022
2026-01-18 16:13:54.702,1.018
2026-01-18 16:13:54.719,1.011
2026-01-18 16:13:54.736,1.012
2026-01-18 16:13:54.736,1.016
2026-01-18 16:13:54.753,1.021
2026-01-18 16:13:54.768,1.024
2026-01-18 16:13:54.769,1.019
2026-01-18 16:13:54.788,1.019
2026-01-18 16:13:54.802,1.015
2026-01-18 16:13:54.818,1.021
2026-01-18 16:13:54.819,1.021
2026-01-18 16:13:54.835,1.019
2026-01-18 16:13:54.852,1.024
2026-01-18 16:13:54.853,1.026
2026-01-18 16:13:54.869,1.026
2026-01-18 16:13:54.885,1.023
2026-01-18 16:13:54.903,1.017
2026-01-18 16:13:54.903,1.012
2026-01-18 16:13:54.919,1.012
2026-01-18 16:13:54.936,1.016
2026-01-18 16:13:54.952,1.023
2026-01-18 16:13:54.952,1.019
2026-01-18 16:13:54.969,1.022
2026-01-18 16:13:54.986,1.024
2026-01-18 16:13:54.986,1.027
2026-01-18 16:13:55.002,1.021
2026-01-18 16:13:55.018,1.018
2026-01-18 16:13:55.035,1.021
2026-01-18 16:13:55.035,1.025
2026-01-18 16:13:55.052,1.022
2026-01-18 16:13:55.068,1.02
2026-01-18 16:13:55.068,1.018
2026-01-18 16:13:55.085,1.022
2026-01-18 16:13:55.101,1.017
2026-01-18 16:13:55.118,1.021
2026-01-18 16:13:55.118,1.017
2026-01-18 16:13:55.135,1.015
2026-01-18 16:13:55.151,1.024
2026-01-18 16:13:55.168,1.021
2026-01-18 16:13:55.168,1.018
2026-01-18 16:13:55.186,1.019
2026-01-18 16:13:55.227,1.016
2026-01-18 16:13:55.227,1.013
2026-01-18 16:13:55.228,1.012
2026-01-18 16:13:55.228,1.013
2026-01-18 16:13:55.238,1.009
2026-01-18 16:13:55.252,1.011
2026-01-18 16:13:55.268,1.012
2026-01-18 16:13:55.287,1.013
2026-01-18 16:13:55.287,1.013
2026-01-18 16:13:55.303,1.017
2026-01-18 16:13:55.318,1.014
2026-01-18 16:13:55.337,1.021
2026-01-18 16:13:55.337,1.019
2026-01-18 16:13:55.352,1.021
2026-01-18 16:13:55.369,1.021
2026-01-18 16:13:55.370,1.02
2026-01-18 16:13:55.385,1.018
2026-01-18 16:13:55.406,1.019
2026-01-18 16:13:55.407,1.019
2026-01-18 16:13:55.421,1.023
2026-01-18 16:13:55.435,1.016
2026-01-18 16:13:55.452,1.016
2026-01-18 16:13:55.453,1.018
2026-01-18 16:13:55.469,1.02
2026-01-18 16:13:55.486,1.015
2026-01-18 16:13:55.502,1.012
2026-01-18 16:13:55.502,1.01
2026-01-18 16:13:55.519,1.011
2026-01-18 16:13:55.536,1.015
2026-01-18 16:13:55.536,1.018
2026-01-18 16:13:55.552,1.007
2026-01-18 16:13:55.569,1.014
2026-01-18 16:13:55.586,1.015
2026-01-18 16:13:55.586,1.016
2026-01-18 16:13:55.602,1.016
2026-01-18 16:13:55.618,1.012
2026-01-18 16:13:55.636,1.017
2026-01-18 16:13:55.636,1.015
2026-01-18 16:13:55.653,1.021
2026-01-18 16:13:55.669,1.02
2026-01-18 16:13:55.669,1.021
2026-01-18 16:13:55.687,1.024
2026-01-18 16:13:55.703,1.022
2026-01-18 16:13:55.719,1.021
2026-01-18 16:13:55.719,1.02
2026-01-18 16:13:55.735,1.019
2026-01-18 16:13:55.752,1.02
2026-01-18 16:13:55.752,1.024
2026-01-18 16:13:55.768,1.028
2026-01-18 16:13:55.786,1.026
2026-01-18 16:13:55.803,1.024
2026-01-18 16:13:55.803,1.026
2026-01-18 16:13:55.818,1.028
2026-01-18 16:13:55.836,1.029
2026-01-18 16:13:55.853,1.026
2026-01-18 16:13:55.853,1.025
2026-01-18 16:13:55.869,1.026
2026-01-18 16:13:55.886,1.027
2026-01-18 16:13:55.886,1.023
2026-01-18 16:13:55.903,1.023
2026-01-18 16:13:55.920,1.019
2026-01-18 16:13:55.935,1.027
2026-01-18 16:13:55.935,1.024
2026-01-18 16:13:55.953,1.028
2026-01-18 16:13:55.968,1.021
2026-01-18 16:13:55.969,1.021
2026-01-18 16:13:55.984,1.024
2026-01-18 16:13:56.003,1.019
2026-01-18 16:13:56.019,1.017
2026-01-18 16:13:56.019,1.017
2026-01-18 16:13:56.035,1.012
2026-01-18 16:13:56.052,1.015
2026-01-18 16:13:56.053,1.021
2026-01-18 16:13:56.068,1.02
2026-01-18 16:13:56.086,1.02
2026-01-18 16:13:56.103,1.014
2026-01-18 16:13:56.103,1.013
2026-01-18 16:13:56.118,1.013
2026-01-18 16:13:56.136,1.01
2026-01-18 16:13:56.154,1.013
2026-01-18 16:13:56.154,1.013
2026-01-18 16:13:56.168,1.013
2026-01-18 16:13:56.186,1.02
2026-01-18 16:13:56.187,1.016
2026-01-18 16:13:56.202,1.011
2026-01-18 16:13:56.219,1.012
2026-01-18 16:13:56.237,1.012
2026-01-18 16:13:56.237,1.014
2026-01-18 16:13:56.253,1.012
2026-01-18 16:13:56.270,1.011
2026-01-18 16:13:56.270,1.006
2026-01-18 16:13:56.286,1.008
2026-01-18 16:13:56.301,1.009
2026-01-18 16:13:56.319,1.009
2026-01-18 16:13:56.319,1.015
2026-01-18 16:13:56.334,1.015
2026-01-18 16:13:56.353,1.013
2026-01-18 16:13:56.353,1.016
2026-01-18 16:13:56.369,1.017
2026-01-18 16:13:56.385,1.016
2026-01-18 16:13:56.409,1.014
2026-01-18 16:13:56.409,1.019
2026-01-18 16:13:56.418,1.014
2026-01-18 16:13:56.436,1.015
2026-01-18 16:13:56.452,1.017
2026-01-18 16:13:56.452,1.011
2026-01-18 16:13:56.468,1.014
2026-01-18 16:13:56.485,1.018
2026-01-18 16:13:56.486,1.014
2026-01-18 16:13:56.501,1.012
2026-01-18 16:13:56.518,1.008
2026-01-18 16:13:56.537,1.009
2026-01-18 16:13:56.537,1.01
2026-01-18 16:13:56.551,1.007
2026-01-18 16:13:56.590,1.009
2026-01-18 16:13:56.591,1.008
2026-01-18 16:13:56.591,1.012
2026-01-18 16:13:56.598,1.018
2026-01-18 16:13:56.619,1.013
2026-01-18 16:13:56.619,1.011
2026-01-18 16:13:56.635,1.009
2026-01-18 16:13:56.651,1.01
2026-01-18 16:13:56.668,1.014
2026-01-18 16:13:56.668,1.019
2026-01-18 16:13:56.685,1.018
2026-01-18 16:13:56.703,1.017
2026-01-18 16:13:56.703,1.021
2026-01-18 16:13:56.719,1.022
2026-01-18 16:13:56.736,1.017
2026-01-18 16:13:56.752,1.012
2026-01-18 16:13:56.752,1.01
2026-01-18 16:13:56.769,1.014
2026-01-18 16:13:56.786,1.015
2026-01-18 16:13:56.786,1.011
2026-01-18 16:13:56.801,1.014
2026-01-18 16:13:56.819,1.009
2026-01-18 16:13:56.835,1.01
2026-01-18 16:13:56.835,1.009
2026-01-18 16:13:56.852,1.009
2026-01-18 16:13:56.869,1.008
2026-01-18 16:13:56.869,1.007
2026-01-18 16:13:56.885,1.007
2026-01-18 16:13:56.902,1.007
2026-01-18 16:13:56.918,1.008
2026-01-18 16:13:56.919,1.01
2026-01-18 16:13:56.936,1.012
2026-01-18 16:13:56.952,1.015
2026-01-18 16:13:56.968,1.018
2026-01-18 16:13:56.969,1.018
2026-01-18 16:13:56.986,1.018
2026-01-18 16:13:57.001,1.019
2026-01-18 16:13:57.002,1.018
2026-01-18 16:13:57.018,1.019
2026-01-18 16:13:57.035,1.014
2026-01-18 16:13:57.052,1.01
2026-01-18 16:13:57.053,1.004
2026-01-18 16:13:57.068,0.998
2026-01-18 16:13:57.084,1.002
2026-01-18 16:13:57.085,1.003
2026-01-18 16:13:57.101,0.999
2026-01-18 16:13:57.117,0.996
2026-01-18 16:13:57.136,0.999
2026-01-18 16:13:57.136,1.008
2026-01-18 16:13:57.151,1.008
2026-01-18 16:13:57.167,1.011
2026-01-18 16:13:57.184,1.01
2026-01-18 16:13:57.184,1.009
2026-01-18 16:13:57.202,1.009
2026-01-18 16:13:57.217,1.012
2026-01-18 16:13:57.218,1.013
2026-01-18 16:13:57.234,1.014
2026-01-18 16:13:57.251,1.011
2026-01-18 16:13:57.267,1.014
2026-01-18 16:13:57.267,1.014
2026-01-18 16:13:57.284,1.012
2026-01-18 16:13:57.302,1.01
2026-01-18 16:13:57.302,1.008
2026-01-18 16:13:57.318,1.009
2026-01-18 16:13:57.335,1.008
2026-01-18 16:13:57.352,1.011
2026-01-18 16:13:57.352,1.012
2026-01-18 16:13:57.368,1.012
2026-01-18 16:13:57.391,1.011
2026-01-18 16:13:57.391,1.008
2026-01-18 16:13:57.401,1.006
2026-01-18 16:13:57.418,1.007
2026-01-18 16:13:57.435,1.002
2026-01-18 16:13:57.436,1.006
2026-01-18 16:13:57.452,1.007
2026-01-18 16:13:57.468,1.003
2026-01-18 16:13:57.469,1.008
2026-01-18 16:13:57.486,1.012
2026-01-18 16:13:57.502,1.011
2026-01-18 16:13:57.520,1.01
2026-01-18 16:13:57.520,1.018
2026-01-18 16:13:57.534,1.022
2026-01-18 16:13:57.551,1.017
2026-01-18 16:13:57.567,1.013
2026-01-18 16:13:57.567,1.011
2026-01-18 16:13:57.586,1.009
2026-01-18 16:13:57.601,1.006
2026-01-18 16:13:57.602,1.008
2026-01-18 16:13:57.617,1.01
2026-01-18 16:13:57.636,1.01
2026-01-18 16:13:57.652,1.014
2026-01-18 16:13:57.652,1.01
2026-01-18 16:13:57.668,1.008
2026-01-18 16:13:57.686,1.012
2026-01-18 16:13:57.686,1.01
2026-01-18 16:13:57.701,1.011
2026-01-18 16:13:57.718,1.013
2026-01-18 16:13:57.736,1.012
2026-01-18 16:13:57.737,1.012
2026-01-18 16:13:57.752,1.012
2026-01-18 16:13:57.769,1.017
2026-01-18 16:13:57.769,1.018
2026-01-18 16:13:57.785,1.011
2026-01-18 16:13:57.803,1.012
2026-01-18 16:13:57.819,1.015
2026-01-18 16:13:57.819,1.017
2026-01-18 16:13:57.835,1.014
2026-01-18 16:13:57.853,1.012
2026-01-18 16:13:57.853,1.013
2026-01-18 16:13:57.868,1.014
2026-01-18 16:13:57.886,1.015
2026-01-18 16:13:57.902,1.011
2026-01-18 16:13:57.902,1.01
2026-01-18 16:13:57.918,1.007
2026-01-18 16:13:57.937,1.006
2026-01-18 16:13:57.983,1.009
2026-01-18 16:13:57.984,1.011
2026-01-18 16:13:57.984,1.011
2026-01-18 16:13:57.984,1.009
2026-01-18 16:13:57.985,1.009
2026-01-18 16:13:58.002,1.01
2026-01-18 16:13:58.019,1.009
2026-01-18 16:13:58.036,1.012
2026-01-18 16:13:58.036,1.012
2026-01-18 16:13:58.051,1.013
2026-01-18 16:13:58.068,1.016
2026-01-18 16:13:58.069,1.012
2026-01-18 16:13:58.084,1.012
2026-01-18 16:13:58.102,1.007
2026-01-18 16:13:58.119,1.005
2026-01-18 16:13:58.119,1.01
2026-01-18 16:13:58.134,1.007
2026-01-18 16:13:58.152,1.004
2026-01-18 16:13:58.153,1.004
2026-01-18 16:13:58.168,1.002
2026-01-18 16:13:58.186,1.0
2026-01-18 16:13:58.202,1.0
2026-01-18 16:13:58.202,1.002
2026-01-18 16:13:58.217,1.001
2026-01-18 16:13:58.236,1.003
2026-01-18 16:13:58.251,0.999
2026-01-18 16:13:58.251,1.004
2026-01-18 16:13:58.267,1.004
2026-01-18 16:13:58.286,1.0
2026-01-18 16:13:58.287,0.998
2026-01-18 16:13:58.301,1.0
2026-01-18 16:13:58.319,0.999
2026-01-18 16:13:58.335,0.998
2026-01-18 16:13:58.336,1.0
2026-01-18 16:13:58.352,1.005
2026-01-18 16:13:58.368,1.007
2026-01-18 16:13:58.369,1.005
2026-01-18 16:13:58.392,1.004
2026-01-18 16:13:58.393,1.005
2026-01-18 16:13:58.418,1.005
2026-01-18 16:13:58.419,1.006
2026-01-18 16:13:58.434,1.007
2026-01-18 16:13:58.451,1.003
2026-01-18 16:13:58.468,1.005
2026-01-18 16:13:58.468,1.004
2026-01-18 16:13:58.485,0.999
2026-01-18 16:13:58.501,1.0
2026-01-18 16:13:58.501,1.002
2026-01-18 16:13:58.517,0.999
2026-01-18 16:13:58.535,1.003
2026-01-18 16:13:58.556,1.006
2026-01-18 16:13:58.556,1.0
2026-01-18 16:13:58.576,1.004
2026-01-18 16:13:58.577,1.004
2026-01-18 16:13:58.601,1.001
2026-01-18 16:13:58.601,0.997
2026-01-18 16:13:58.619,0.994
2026-01-18 16:13:58.634,0.997
2026-01-18 16:13:58.634,0.996
2026-01-18 16:13:58.652,0.993
2026-01-18 16:13:58.669,0.997
2026-01-18 16:13:58.669,0.999
2026-01-18 16:13:58.685,1.0
2026-01-18 16:13:58.702,1.002
2026-01-18 16:13:58.719,1.003
2026-01-18 16:13:58.719,1.0
2026-01-18 16:13:58.735,0.999
2026-01-18 16:13:58.754,0.995
2026-01-18 16:13:58.754,1.001
2026-01-18 16:13:58.768,1.001
2026-01-18 16:13:58.786,1.001
2026-01-18 16:13:58.802,0.993
2026-01-18 16:13:58.802,0.99
2026-01-18 16:13:58.820,0.995
2026-01-18 16:13:58.834,0.994
2026-01-18 16:13:58.852,0.995
2026-01-18 16:13:58.853,0.997
2026-01-18 16:13:58.868,0.998
2026-01-18 16:13:58.884,0.998
2026-01-18 16:13:58.885,1.0
2026-01-18 16:13:58.902,1.002
2026-01-18 16:13:58.918,1.001
2026-01-18 16:13:58.935,1.003
2026-01-18 16:13:58.936,1.003
2026-01-18 16:13:58.952,1.003
2026-01-18 16:13:58.969,1.002
2026-01-18 16:13:58.969,1.001
2026-01-18 16:13:58.986,1.008
2026-01-18 16:13:59.002,1.008
2026-01-18 16:13:59.019,1.007
2026-01-18 16:13:59.019,1.006
2026-01-18 16:13:59.035,1.009
2026-01-18 16:13:59.050,1.007
2026-01-18 16:13:59.068,1.003
2026-01-18 16:13:59.068,1.001
2026-01-18 16:13:59.086,1.002
2026-01-18 16:13:59.100,1.001
2026-01-18 16:13:59.101,0.998
2026-01-18 16:13:59.117,0.995
2026-01-18 16:13:59.135,0.99
2026-01-18 16:13:59.151,0.989
2026-01-18 16:13:59.151,0.99
2026-01-18 16:13:59.167,0.992
2026-01-18 16:13:59.186,0.993
2026-01-18 16:13:59.186,0.991
2026-01-18 16:13:59.202,0.997
2026-01-18 16:13:59.219,0.997
2026-01-18 16:13:59.234,0.997
2026-01-18 16:13:59.235,0.998
2026-01-18 16:13:59.253,1.003
2026-01-18 16:13:59.268,1.005
2026-01-18 16:13:59.269,0.999
2026-01-18 16:13:59.286,1.004
2026-01-18 16:13:59.324,1.003
2026-01-18 16:13:59.326,1.007
2026-01-18 16:13:59.326,1.007
2026-01-18 16:13:59.335,1.007
2026-01-18 16:13:59.351,1.006
2026-01-18 16:13:59.367,1.009
2026-01-18 16:13:59.368,1.007
2026-01-18 16:13:59.386,1.006
2026-01-18 16:13:59.408,1.001
2026-01-18 16:13:59.408,1.0
2026-01-18 16:13:59.418,1.001
2026-01-18 16:13:59.434,1.003
2026-01-18 16:13:59.451,0.997
2026-01-18 16:13:59.451,0.997
2026-01-18 16:13:59.468,1.0
2026-01-18 16:13:59.485,1.0
2026-01-18 16:13:59.486,1.0
2026-01-18 16:13:59.502,0.998
2026-01-18 16:13:59.520,0.998
2026-01-18 16:13:59.521,1.005
2026-01-18 16:13:59.536,1.003
2026-01-18 16:13:59.551,1.011
2026-01-18 16:13:59.567,1.008
2026-01-18 16:13:59.584,1.007
2026-01-18 16:13:59.584,1.001
2026-01-18 16:13:59.601,1.001
2026-01-18 16:13:59.618,1.0
2026-01-18 16:13:59.618,1.002
2026-01-18 16:13:59.634,1.001
2026-01-18 16:13:59.650,1.006
2026-01-18 16:13:59.668,1.002
2026-01-18 16:13:59.668,1.002
2026-01-18 16:13:59.684,1.008
2026-01-18 16:13:59.700,1.001
2026-01-18 16:13:59.701,1.002
2026-01-18 16:13:59.718,1.004
2026-01-18 16:13:59.735,1.005
2026-01-18 16:13:59.751,1.011
2026-01-18 16:13:59.751,1.012
2026-01-18 16:13:59.768,1.019
2026-01-18 16:13:59.785,1.016
2026-01-18 16:13:59.785,1.02
2026-01-18 16:13:59.801,1.021
2026-01-18 16:13:59.819,1.019
2026-01-18 16:13:59.835,1.014
2026-01-18 16:13:59.835,1.02
2026-01-18 16:13:59.852,1.017
2026-01-18 16:13:59.868,1.013
2026-01-18 16:13:59.869,1.008
2026-01-18 16:13:59.885,1.005
2026-01-18 16:13:59.901,1.005
2026-01-18 16:13:59.918,1.006
2026-01-18 16:13:59.918,1.004
2026-01-18 16:13:59.934,0.996
2026-01-18 16:13:59.952,0.995
2026-01-18 16:13:59.968,0.996
2026-01-18 16:13:59.968,0.999
2026-01-18 16:13:59.985,1.003
2026-01-18 16:14:00.003,1.005
2026-01-18 16:14:00.004,1.004
2026-01-18 16:14:00.018,1.009
2026-01-18 16:14:00.034,1.012
2026-01-18 16:14:00.050,1.016
2026-01-18 16:14:00.051,1.011
2026-01-18 16:14:00.067,1.01
2026-01-18 16:14:00.086,1.006
2026-01-18 16:14:00.086,1.007
2026-01-18 16:14:00.104,1.01
2026-01-18 16:14:00.118,1.015
2026-01-18 16:14:00.135,1.016
2026-01-18 16:14:00.135,1.015
2026-01-18 16:14:00.151,1.012
2026-01-18 16:14:00.168,1.017
2026-01-18 16:14:00.169,1.018
2026-01-18 16:14:00.184,1.021
2026-01-18 16:14:00.202,1.018
2026-01-18 16:14:00.205,1.018
2026-01-18 16:14:00.218,1.017
2026-01-18 16:14:00.235,1.015
2026-01-18 16:14:00.252,1.011
2026-01-18 16:14:00.253,1.012
2026-01-18 16:14:00.268,1.012
2026-01-18 16:14:00.285,1.018
2026-01-18 16:14:00.303,1.014
2026-01-18 16:14:00.303,1.013
2026-01-18 16:14:00.318,1.009
2026-01-18 16:14:00.334,1.014
2026-01-18 16:14:00.352,1.016
2026-01-18 16:14:00.352,1.02
2026-01-18 16:14:00.369,1.021
2026-01-18 16:14:00.384,1.022
2026-01-18 16:14:00.384,1.02
2026-01-18 16:14:00.406,1.016
2026-01-18 16:14:00.417,1.013
2026-01-18 16:14:00.435,1.012
2026-01-18 16:14:00.435,1.014
2026-01-18 16:14:00.452,1.017
2026-01-18 16:14:00.468,1.016
2026-01-18 16:14:00.469,1.015
2026-01-18 16:14:00.485,1.013
2026-01-18 16:14:00.503,1.01
2026-01-18 16:14:00.518,1.009
2026-01-18 16:14:00.519,1.012
2026-01-18 16:14:00.534,1.01
2026-01-18 16:14:00.550,1.016
2026-01-18 16:14:00.567,1.016
2026-01-18 16:14:00.567,1.012
2026-01-18 16:14:00.585,1.014
2026-01-18 16:14:00.600,1.016
2026-01-18 16:14:00.601,1.011
2026-01-18 16:14:00.617,1.015
2026-01-18 16:14:00.634,1.014
2026-01-18 16:14:00.675,1.01
2026-01-18 16:14:00.675,1.01
2026-01-18 16:14:00.676,1.006
2026-01-18 16:14:00.676,1.01
2026-01-18 16:14:00.686,1.015
2026-01-18 16:14:00.700,1.015
2026-01-18 16:14:00.719,1.017
2026-01-18 16:14:00.735,1.016
2026-01-18 16:14:00.735,1.018
2026-01-18 16:14:00.751,1.014
2026-01-18 16:14:00.768,1.014
2026-01-18 16:14:00.785,1.016
2026-01-18 16:14:00.786,1.015
2026-01-18 16:14:00.802,1.012
2026-01-18 16:14:00.818,1.013
2026-01-18 16:14:00.818,1.014
2026-01-18 16:14:00.835,1.013
2026-01-18 16:14:00.851,1.016
2026-01-18 16:14:00.868,1.015
2026-01-18 16:14:00.868,1.01
2026-01-18 16:14:00.885,1.014
2026-01-18 16:14:00.902,1.01
2026-01-18 16:14:00.902,1.011
2026-01-18 16:14:00.918,1.01
2026-01-18 16:14:00.935,1.008
2026-01-18 16:14:00.951,1.012
2026-01-18 16:14:00.951,1.014
2026-01-18 16:14:00.968,1.017
2026-01-18 16:14:00.989,1.016
2026-01-18 16:14:00.989,1.018
2026-01-18 16:14:01.002,1.022
2026-01-18 16:14:01.017,1.018
2026-01-18 16:14:01.034,1.011
2026-01-18 16:14:01.034,1.018
2026-01-18 16:14:01.052,1.014
2026-01-18 16:14:01.067,1.013
2026-01-18 16:14:01.085,1.012
2026-01-18 16:14:01.085,1.011
2026-01-18 16:14:01.101,1.009
2026-01-18 16:14:01.118,1.011
2026-01-18 16:14:01.119,1.004
2026-01-18 16:14:01.135,1.007
2026-01-18 16:14:01.151,1.01
2026-01-18 16:14:01.168,1.012
2026-01-18 16:14:01.168,1.008
2026-01-18 16:14:01.185,1.008
2026-01-18 16:14:01.202,1.002
2026-01-18 16:14:01.203,1.003
2026-01-18 16:14:01.218,1.002
2026-01-18 16:14:01.235,1.006
2026-01-18 16:14:01.251,1.005
2026-01-18 16:14:01.251,1.001
2026-01-18 16:14:01.267,1.005
2026-01-18 16:14:01.285,1.009
2026-01-18 16:14:01.286,1.012
2026-01-18 16:14:01.302,1.014
2026-01-18 16:14:01.319,1.011
2026-01-18 16:14:01.335,1.009
2026-01-18 16:14:01.336,1.009
2026-01-18 16:14:01.351,1.007
2026-01-18 16:14:01.368,1.008
2026-01-18 16:14:01.369,1.008
2026-01-18 16:14:01.391,1.01
2026-01-18 16:14:01.402,1.009
2026-01-18 16:14:01.417,1.008
2026-01-18 16:14:01.417,1.007
2026-01-18 16:14:01.435,1.005
2026-01-18 16:14:01.452,1.004
2026-01-18 16:14:01.468,1.004
2026-01-18 16:14:01.468,1.002
2026-01-18 16:14:01.485,0.998
2026-01-18 16:14:01.502,0.999
2026-01-18 16:14:01.502,0.997
2026-01-18 16:14:01.517,1.0
2026-01-18 16:14:01.535,0.996
2026-01-18 16:14:01.551,0.995
2026-01-18 16:14:01.552,0.996
2026-01-18 16:14:01.569,0.994
2026-01-18 16:14:01.584,0.997
2026-01-18 16:14:01.585,1.0
2026-01-18 16:14:01.601,1.0
2026-01-18 16:14:01.618,1.003
2026-01-18 16:14:01.635,1.002
2026-01-18 16:14:01.635,1.004
2026-01-18 16:14:01.650,1.002
2026-01-18 16:14:01.665,1.004
2026-01-18 16:14:01.685,1.004
2026-01-18 16:14:01.685,1.007
2026-01-18 16:14:01.701,1.005
2026-01-18 16:14:01.717,1.007
2026-01-18 16:14:01.718,1.008
2026-01-18 16:14:01.734,1.003
2026-01-18 16:14:01.752,1.005
2026-01-18 16:14:01.767,1.009
2026-01-18 16:14:01.768,1.011
2026-01-18 16:14:01.784,1.009
2026-01-18 16:14:01.800,1.003
2026-01-18 16:14:01.800,1.007
2026-01-18 16:14:01.817,1.008
2026-01-18 16:14:01.833,1.009
2026-01-18 16:14:01.850,1.006
2026-01-18 16:14:01.850,1.005
2026-01-18 16:14:01.867,1.004
2026-01-18 16:14:01.884,1.004
2026-01-18 16:14:01.899,1.003
2026-01-18 16:14:01.899,1.005
2026-01-18 16:14:01.917,0.999
2026-01-18 16:14:01.934,1.0
2026-01-18 16:14:01.934,1.0
2026-01-18 16:14:01.950,1.003
2026-01-18 16:14:01.967,1.001
2026-01-18 16:14:01.984,1.003
2026-01-18 16:14:01.984,0.999
2026-01-18 16:14:02.000,1.002
2026-01-18 16:14:02.018,1.005
2026-01-18 16:14:02.018,1.007
2026-01-18 16:14:02.051,1.005
2026-01-18 16:14:02.051,1.006
2026-01-18 16:14:02.057,1.005
2026-01-18 16:14:02.067,1.006
2026-01-18 16:14:02.085,1.007
2026-01-18 16:14:02.100,1.007
2026-01-18 16:14:02.101,1.006
2026-01-18 16:14:02.117,1.008
2026-01-18 16:14:02.133,1.006
2026-01-18 16:14:02.150,1.009
2026-01-18 16:14:02.150,1.009
2026-01-18 16:14:02.167,1.007
2026-01-18 16:14:02.183,0.998
2026-01-18 16:14:02.200,0.999
2026-01-18 16:14:02.200,0.997
2026-01-18 16:14:02.216,1.0
2026-01-18 16:14:02.234,0.998
2026-01-18 16:14:02.234,1.002
2026-01-18 16:14:02.250,1.001
2026-01-18 16:14:02.266,1.001
2026-01-18 16:14:02.285,1.0
2026-01-18 16:14:02.285,0.995
2026-01-18 16:14:02.301,1.0
2026-01-18 16:14:02.318,0.999
2026-01-18 16:14:02.318,0.993
2026-01-18 16:14:02.334,0.989
2026-01-18 16:14:02.351,0.991
2026-01-18 16:14:02.369,0.994
2026-01-18 16:14:02.369,1.0
2026-01-18 16:14:02.385,1.002
2026-01-18 16:14:02.407,0.998
2026-01-18 16:14:02.408,0.999
2026-01-18 16:14:02.418,0.995
2026-01-18 16:14:02.434,0.997
2026-01-18 16:14:02.452,0.996
2026-01-18 16:14:02.452,0.999
2026-01-18 16:14:02.467,1.001
2026-01-18 16:14:02.485,1.003
2026-01-18 16:14:02.486,1.005
2026-01-18 16:14:02.501,1.004
2026-01-18 16:14:02.517,1.005
2026-01-18 16:14:02.534,1.008
2026-01-18 16:14:02.534,1.007
2026-01-18 16:14:02.551,1.005
2026-01-18 16:14:02.568,1.003
2026-01-18 16:14:02.585,1.0
2026-01-18 16:14:02.585,0.998
2026-01-18 16:14:02.602,0.997
2026-01-18 16:14:02.617,0.994
2026-01-18 16:14:02.618,0.996
2026-01-18 16:14:02.634,0.995
2026-01-18 16:14:02.652,0.999
2026-01-18 16:14:02.667,1.0
2026-01-18 16:14:02.668,1.003
2026-01-18 16:14:02.685,1.005
2026-01-18 16:14:02.702,1.008
2026-01-18 16:14:02.702,1.009
2026-01-18 16:14:02.717,1.011
2026-01-18 16:14:02.734,1.008
2026-01-18 16:14:02.750,1.013
2026-01-18 16:14:02.750,1.012
2026-01-18 16:14:02.768,1.006
2026-01-18 16:14:02.784,1.006
2026-01-18 16:14:02.785,1.006
2026-01-18 16:14:02.801,1.005
2026-01-18 16:14:02.818,1.01
2026-01-18 16:14:02.835,1.008
2026-01-18 16:14:02.835,1.008
2026-01-18 16:14:02.851,1.014
2026-01-18 16:14:02.867,1.014
2026-01-18 16:14:02.885,1.012
2026-01-18 16:14:02.885,1.011
2026-01-18 16:14:02.902,1.01
2026-01-18 16:14:02.917,1.01
2026-01-18 16:14:02.918,1.014
2026-01-18 16:14:02.935,1.015
2026-01-18 16:14:02.952,1.014
2026-01-18 16:14:02.969,1.014
2026-01-18 16:14:02.970,1.012
2026-01-18 16:14:02.985,1.01
2026-01-18 16:14:03.001,1.007
2026-01-18 16:14:03.001,1.007
2026-01-18 16:14:03.017,1.013
2026-01-18 16:14:03.034,1.013
2026-01-18 16:14:03.051,1.011
2026-01-18 16:14:03.051,1.015
2026-01-18 16:14:03.067,1.012
2026-01-18 16:14:03.084,1.012
2026-01-18 16:14:03.102,1.012
2026-01-18 16:14:03.102,1.008
2026-01-18 16:14:03.117,1.007
2026-01-18 16:14:03.135,1.008
2026-01-18 16:14:03.135,1.004
2026-01-18 16:14:03.152,1.001
2026-01-18 16:14:03.167,0.998
2026-01-18 16:14:03.184,1.003
2026-01-18 16:14:03.186,1.005
2026-01-18 16:14:03.200,1.004
2026-01-18 16:14:03.218,1.006
2026-01-18 16:14:03.219,1.006
2026-01-18 16:14:03.234,1.005
2026-01-18 16:14:03.251,1.005
2026-01-18 16:14:03.267,1.006
2026-01-18 16:14:03.268,1.0
2026-01-18 16:14:03.284,1.0
2026-01-18 16:14:03.301,1.002
2026-01-18 16:14:03.302,1.004
2026-01-18 16:14:03.318,1.004
2026-01-18 16:14:03.335,1.002
2026-01-18 16:14:03.351,1.005
2026-01-18 16:14:03.351,1.01
2026-01-18 16:14:03.367,1.007
2026-01-18 16:14:03.408,1.004
2026-01-18 16:14:03.409,1.004
2026-01-18 16:14:03.409,1.008
2026-01-18 16:14:03.409,1.013
2026-01-18 16:14:03.434,1.006
2026-01-18 16:14:03.434,1.007
2026-01-18 16:14:03.450,1.006
2026-01-18 16:14:03.467,1.006
2026-01-18 16:14:03.484,1.008
2026-01-18 16:14:03.485,1.005
2026-01-18 16:14:03.501,1.004
2026-01-18 16:14:03.518,1.005
2026-01-18 16:14:03.518,1.009
2026-01-18 16:14:03.535,1.006
2026-01-18 16:14:03.551,1.007
2026-01-18 16:14:03.568,1.011
2026-01-18 16:14:03.568,1.011
2026-01-18 16:14:03.585,1.006
2026-01-18 16:14:03.601,1.004
2026-01-18 16:14:03.601,1.004
2026-01-18 16:14:03.619,1.003
2026-01-18 16:14:03.634,1.004
2026-01-18 16:14:03.651,1.002
2026-01-18 16:14:03.651,1.003
2026-01-18 16:14:03.667,1.004
2026-01-18 16:14:03.685,1.005
2026-01-18 16:14:03.685,1.004
2026-01-18 16:14:03.700,0.998
2026-01-18 16:14:03.717,0.998
2026-01-18 16:14:03.735,0.996
2026-01-18 16:14:03.736,0.993
2026-01-18 16:14:03.751,0.999
2026-01-18 16:14:03.767,1.0
2026-01-18 16:14:03.785,0.998
2026-01-18 16:14:03.785,1.001
2026-01-18 16:14:03.801,1.002
2026-01-18 16:14:03.817,1.004
2026-01-18 16:14:03.817,1.004
2026-01-18 16:14:03.833,1.002
2026-01-18 16:14:03.851,1.005
2026-01-18 16:14:03.868,1.011
2026-01-18 16:14:03.868,1.004
2026-01-18 16:14:03.884,1.004
2026-01-18 16:14:03.901,1.008
2026-01-18 16:14:03.901,1.005
2026-01-18 16:14:03.918,1.002
2026-01-18 16:14:03.933,0.999
2026-01-18 16:14:03.957,0.998
2026-01-18 16:14:03.958,0.999
2026-01-18 16:14:03.968,1.0
2026-01-18 16:14:03.984,1.001
2026-01-18 16:14:03.985,1.008
2026-01-18 16:14:04.001,1.011
2026-01-18 16:14:04.016,1.011
2026-01-18 16:14:04.033,1.014
2026-01-18 16:14:04.033,1.013
2026-01-18 16:14:04.052,1.013
2026-01-18 16:14:04.067,1.016
2026-01-18 16:14:04.084,1.011
2026-01-18 16:14:04.084,1.012
2026-01-18 16:14:04.101,1.009
2026-01-18 16:14:04.116,1.014
2026-01-18 16:14:04.116,1.012
2026-01-18 16:14:04.134,1.009
2026-01-18 16:14:04.151,1.009
2026-01-18 16:14:04.167,1.002
2026-01-18 16:14:04.167,1.01
2026-01-18 16:14:04.185,1.015
2026-01-18 16:14:04.201,1.014
2026-01-18 16:14:04.202,1.017
2026-01-18 16:14:04.217,1.017
2026-01-18 16:14:04.235,1.02
2026-01-18 16:14:04.252,1.023
2026-01-18 16:14:04.252,1.017
2026-01-18 16:14:04.268,1.018
2026-01-18 16:14:04.284,1.017
2026-01-18 16:14:04.301,1.014
2026-01-18 16:14:04.302,1.012
2026-01-18 16:14:04.317,1.014
2026-01-18 16:14:04.335,1.016
2026-01-18 16:14:04.337,1.015
2026-01-18 16:14:04.350,1.017
2026-01-18 16:14:04.367,1.017
2026-01-18 16:14:04.390,1.014
2026-01-18 16:14:04.391,1.016
2026-01-18 16:14:04.400,1.019
2026-01-18 16:14:04.417,1.022
2026-01-18 16:14:04.418,1.02
2026-01-18 16:14:04.434,1.02
2026-01-18 16:14:04.452,1.024
2026-01-18 16:14:04.468,1.026
2026-01-18 16:14:04.469,1.023
2026-01-18 16:14:04.482,1.022
2026-01-18 16:14:04.501,1.021
2026-01-18 16:14:04.502,1.024
2026-01-18 16:14:04.517,1.023
2026-01-18 16:14:04.533,1.023
2026-01-18 16:14:04.551,1.019
2026-01-18 16:14:04.552,1.02
2026-01-18 16:14:04.567,1.017
2026-01-18 16:14:04.583,1.017
2026-01-18 16:14:04.601,1.017
2026-01-18 16:14:04.601,1.016
2026-01-18 16:14:04.618,1.019
2026-01-18 16:14:04.634,1.016
2026-01-18 16:14:04.634,1.012
2026-01-18 16:14:04.651,1.013
2026-01-18 16:14:04.668,1.013
2026-01-18 16:14:04.685,1.012
2026-01-18 16:14:04.685,1.018
2026-01-18 16:14:04.700,1.015
2026-01-18 16:14:04.718,1.013
2026-01-18 16:14:04.718,1.016
2026-01-18 16:14:04.734,1.014
2026-01-18 16:14:04.795,1.017
2026-01-18 16:14:04.796,1.018
2026-01-18 16:14:04.797,1.02
2026-01-18 16:14:04.797,1.021
2026-01-18 16:14:04.797,1.021
2026-01-18 16:14:04.806,1.012
2026-01-18 16:14:04.817,1.011
2026-01-18 16:14:04.834,1.01
2026-01-18 16:14:04.850,1.012
2026-01-18 16:14:04.850,1.013
2026-01-18 16:14:04.866,1.012
2026-01-18 16:14:04.885,1.015
2026-01-18 16:14:04.885,1.015
2026-01-18 16:14:04.901,1.011
2026-01-18 16:14:04.918,1.012
2026-01-18 16:14:04.934,1.016
2026-01-18 16:14:04.935,1.015
2026-01-18 16:14:04.950,1.017
2026-01-18 16:14:04.968,1.025
2026-01-18 16:14:04.968,1.022
2026-01-18 16:14:04.986,1.022
2026-01-18 16:14:05.001,1.027
2026-01-18 16:14:05.017,1.023
2026-01-18 16:14:05.018,1.02
2026-01-18 16:14:05.034,1.02
2026-01-18 16:14:05.052,1.018
2026-01-18 16:14:05.052,1.018
2026-01-18 16:14:05.067,1.015
2026-01-18 16:14:05.084,1.014
2026-01-18 16:14:05.101,1.013
2026-01-18 16:14:05.101,1.015
2026-01-18 16:14:05.118,1.017
2026-01-18 16:14:05.133,1.014
2026-01-18 16:14:05.151,1.017
2026-01-18 16:14:05.151,1.017
2026-01-18 16:14:05.167,1.014
2026-01-18 16:14:05.185,1.016
2026-01-18 16:14:05.185,1.008
2026-01-18 16:14:05.200,1.006
2026-01-18 16:14:05.218,1.007
2026-01-18 16:14:05.236,1.007
2026-01-18 16:14:05.236,1.008
2026-01-18 16:14:05.251,1.005
2026-01-18 16:14:05.267,1.01
2026-01-18 16:14:05.283,1.013
2026-01-18 16:14:05.283,1.014
2026-01-18 16:14:05.299,1.013
2026-01-18 16:14:05.318,1.014
2026-01-18 16:14:05.318,1.017
2026-01-18 16:14:05.334,1.021
2026-01-18 16:14:05.350,1.022
2026-01-18 16:14:05.367,1.016
2026-01-18 16:14:05.367,1.016
2026-01-18 16:14:05.390,1.014
2026-01-18 16:14:05.390,1.013
2026-01-18 16:14:05.402,1.014
2026-01-18 16:14:05.417,1.016
2026-01-18 16:14:05.433,1.015
2026-01-18 16:14:05.451,1.014
2026-01-18 16:14:05.451,1.012
2026-01-18 16:14:05.467,1.01
2026-01-18 16:14:05.486,1.01
2026-01-18 16:14:05.487,1.007
2026-01-18 16:14:05.499,1.008
2026-01-18 16:14:05.516,1.01
2026-01-18 16:14:05.534,1.009
2026-01-18 16:14:05.534,1.014
2026-01-18 16:14:05.550,1.01
2026-01-18 16:14:05.567,1.018
2026-01-18 16:14:05.583,1.015
2026-01-18 16:14:05.583,1.017
2026-01-18 16:14:05.600,1.012
2026-01-18 16:14:05.617,1.013
2026-01-18 16:14:05.619,1.012
2026-01-18 16:14:05.633,1.009
2026-01-18 16:14:05.650,1.008
2026-01-18 16:14:05.667,1.006
2026-01-18 16:14:05.667,1.01
2026-01-18 16:14:05.683,1.007
2026-01-18 16:14:05.700,1.007
2026-01-18 16:14:05.717,1.008
2026-01-18 16:14:05.717,1.01
2026-01-18 16:14:05.733,1.012
2026-01-18 16:14:05.750,1.008
2026-01-18 16:14:05.751,1.009
2026-01-18 16:14:05.767,1.016
2026-01-18 16:14:05.783,1.016
2026-01-18 16:14:05.800,1.014
2026-01-18 16:14:05.800,1.011
2026-01-18 16:14:05.816,1.011
2026-01-18 16:14:05.833,1.01
2026-01-18 16:14:05.834,1.012
2026-01-18 16:14:05.849,1.007
2026-01-18 16:14:05.867,1.005
2026-01-18 16:14:05.883,1.009
2026-01-18 16:14:05.883,1.013
2026-01-18 16:14:05.900,1.01
2026-01-18 16:14:05.916,1.009
2026-01-18 16:14:05.917,1.006
2026-01-18 16:14:05.934,1.009
2026-01-18 16:14:05.951,1.009
2026-01-18 16:14:05.967,1.008
2026-01-18 16:14:05.967,1.008
2026-01-18 16:14:05.987,1.011
2026-01-18 16:14:06.002,1.013
2026-01-18 16:14:06.003,1.014
2026-01-18 16:14:06.018,1.01
2026-01-18 16:14:06.033,1.014
2026-01-18 16:14:06.049,1.017
2026-01-18 16:14:06.049,1.019
2026-01-18 16:14:06.066,1.019
2026-01-18 16:14:06.083,1.022
2026-01-18 16:14:06.100,1.021
2026-01-18 16:14:06.100,1.021
2026-01-18 16:14:06.142,1.019
2026-01-18 16:14:06.142,1.017
2026-01-18 16:14:06.142,1.012
2026-01-18 16:14:06.148,1.007
2026-01-18 16:14:06.167,1.002
2026-01-18 16:14:06.183,1.004
2026-01-18 16:14:06.184,1.006
2026-01-18 16:14:06.200,1.005
2026-01-18 16:14:06.217,1.009
2026-01-18 16:14:06.217,1.015
2026-01-18 16:14:06.233,1.013
2026-01-18 16:14:06.250,1.013
2026-01-18 16:14:06.267,1.015
2026-01-18 16:14:06.267,1.016
2026-01-18 16:14:06.283,1.011
2026-01-18 16:14:06.301,1.011
2026-01-18 16:14:06.301,1.013
2026-01-18 16:14:06.316,1.013
2026-01-18 16:14:06.333,1.018
2026-01-18 16:14:06.350,1.018
2026-01-18 16:14:06.350,1.016
2026-01-18 16:14:06.366,1.016
2026-01-18 16:14:06.382,1.02
2026-01-18 16:14:06.403,1.014
2026-01-18 16:14:06.403,1.012
2026-01-18 16:14:06.415,1.008
2026-01-18 16:14:06.433,1.009
2026-01-18 16:14:06.434,1.007
2026-01-18 16:14:06.450,1.007
2026-01-18 16:14:06.466,1.011
2026-01-18 16:14:06.483,1.008
2026-01-18 16:14:06.484,1.009
2026-01-18 16:14:06.500,1.006
2026-01-18 16:14:06.516,1.007
2026-01-18 16:14:06.533,1.005
2026-01-18 16:14:06.533,1.003
2026-01-18 16:14:06.549,1.007
2026-01-18 16:14:06.565,1.007
2026-01-18 16:14:06.565,1.008
2026-01-18 16:14:06.582,1.006
2026-01-18 16:14:06.599,1.006
2026-01-18 16:14:06.616,1.004
2026-01-18 16:14:06.616,1.011
2026-01-18 16:14:06.633,1.016
2026-01-18 16:14:06.649,1.02
2026-01-18 16:14:06.649,1.022
2026-01-18 16:14:06.666,1.023
2026-01-18 16:14:06.684,1.019
2026-01-18 16:14:06.700,1.017
2026-01-18 16:14:06.700,1.018
2026-01-18 16:14:06.718,1.016
2026-01-18 16:14:06.735,1.015
2026-01-18 16:14:06.735,1.023
2026-01-18 16:14:06.751,1.017
2026-01-18 16:14:06.768,1.021
2026-01-18 16:14:06.768,1.017
2026-01-18 16:14:06.784,1.018
2026-01-18 16:14:06.800,1.014
2026-01-18 16:14:06.817,1.015
2026-01-18 16:14:06.817,1.014
2026-01-18 16:14:06.833,1.014
2026-01-18 16:14:06.850,1.02
2026-01-18 16:14:06.866,1.015
2026-01-18 16:14:06.866,1.014
2026-01-18 16:14:06.884,1.018
2026-01-18 16:14:06.899,1.02
2026-01-18 16:14:06.900,1.023
2026-01-18 16:14:06.916,1.022
2026-01-18 16:14:06.933,1.026
2026-01-18 16:14:06.951,1.022
2026-01-18 16:14:06.951,1.023
2026-01-18 16:14:06.966,1.018
2026-01-18 16:14:06.984,1.016
2026-01-18 16:14:06.985,1.015
2026-01-18 16:14:07.001,1.01
2026-01-18 16:14:07.016,1.009
2026-01-18 16:14:07.032,1.007
2026-01-18 16:14:07.032,1.006
2026-01-18 16:14:07.052,1.008
2026-01-18 16:14:07.066,1.008
2026-01-18 16:14:07.085,1.011
2026-01-18 16:14:07.085,1.011
2026-01-18 16:14:07.101,1.012
2026-01-18 16:14:07.117,1.01
2026-01-18 16:14:07.117,1.011
2026-01-18 16:14:07.134,1.012
2026-01-18 16:14:07.151,1.012
2026-01-18 16:14:07.166,1.014
2026-01-18 16:14:07.167,1.015
2026-01-18 16:14:07.184,1.014
2026-01-18 16:14:07.199,1.014
2026-01-18 16:14:07.216,1.015
2026-01-18 16:14:07.217,1.021
2026-01-18 16:14:07.234,1.025
2026-01-18 16:14:07.250,1.018
2026-01-18 16:14:07.251,1.017
2026-01-18 16:14:07.267,1.019
2026-01-18 16:14:07.283,1.017
2026-01-18 16:14:07.301,1.019
2026-01-18 16:14:07.301,1.022
2026-01-18 16:14:07.317,1.015
2026-01-18 16:14:07.334,1.019
2026-01-18 16:14:07.335,1.018
2026-01-18 16:14:07.350,1.012
2026-01-18 16:14:07.366,1.011
2026-01-18 16:14:07.391,1.013
2026-01-18 16:14:07.391,1.013
2026-01-18 16:14:07.399,1.011
2026-01-18 16:14:07.418,1.017
2026-01-18 16:14:07.418,1.016
2026-01-18 16:14:07.434,1.015
2026-01-18 16:14:07.451,1.015
2026-01-18 16:14:07.493,1.017
2026-01-18 16:14:07.494,1.015
2026-01-18 16:14:07.494,1.015
2026-01-18 16:14:07.502,1.017
2026-01-18 16:14:07.517,1.017
2026-01-18 16:14:07.534,1.018
2026-01-18 16:14:07.551,1.021
2026-01-18 16:14:07.551,1.019
2026-01-18 16:14:07.566,1.017
2026-01-18 16:14:07.583,1.012
2026-01-18 16:14:07.599,1.011
2026-01-18 16:14:07.600,1.015
2026-01-18 16:14:07.615,1.022
2026-01-18 16:14:07.635,1.017
2026-01-18 16:14:07.635,1.017
2026-01-18 16:14:07.651,1.019
2026-01-18 16:14:07.668,1.016
2026-01-18 16:14:07.669,1.016
2026-01-18 16:14:07.683,1.015
2026-01-18 16:14:07.701,1.019
2026-01-18 16:14:07.716,1.021
2026-01-18 16:14:07.716,1.015
2026-01-18 16:14:07.733,1.023
2026-01-18 16:14:07.750,1.022
2026-01-18 16:14:07.766,1.021
2026-01-18 16:14:07.766,1.02
2026-01-18 16:14:07.784,1.016
2026-01-18 16:14:07.800,1.016
2026-01-18 16:14:07.800,1.014
2026-01-18 16:14:07.816,1.012
2026-01-18 16:14:07.834,1.015
2026-01-18 16:14:07.850,1.015
2026-01-18 16:14:07.850,1.012
2026-01-18 16:14:07.867,1.014
2026-01-18 16:14:07.884,1.015
2026-01-18 16:14:07.901,1.02
2026-01-18 16:14:07.901,1.021
2026-01-18 16:14:07.917,1.022
2026-01-18 16:14:07.933,1.02
2026-01-18 16:14:07.934,1.014
2026-01-18 16:14:07.949,1.015
2026-01-18 16:14:07.967,1.02
2026-01-18 16:14:07.984,1.025
2026-01-18 16:14:07.985,1.028
2026-01-18 16:14:07.999,1.025
2026-01-18 16:14:08.017,1.024
2026-01-18 16:14:08.018,1.026
2026-01-18 16:14:08.033,1.024
2026-01-18 16:14:08.050,1.029
2026-01-18 16:14:08.067,1.026
2026-01-18 16:14:08.067,1.024
2026-01-18 16:14:08.083,1.019
2026-01-18 16:14:08.100,1.02
2026-01-18 16:14:08.100,1.019
2026-01-18 16:14:08.117,1.025
2026-01-18 16:14:08.134,1.026
2026-01-18 16:14:08.149,1.022
2026-01-18 16:14:08.149,1.024
2026-01-18 16:14:08.166,1.022
2026-01-18 16:14:08.182,1.021
2026-01-18 16:14:08.200,1.02
2026-01-18 16:14:08.200,1.017
2026-01-18 16:14:08.216,1.021
2026-01-18 16:14:08.233,1.021
2026-01-18 16:14:08.234,1.02
2026-01-18 16:14:08.248,1.018
2026-01-18 16:14:08.266,1.02
2026-01-18 16:14:08.282,1.019
2026-01-18 16:14:08.282,1.02
2026-01-18 16:14:08.300,1.017
2026-01-18 16:14:08.316,1.018
2026-01-18 16:14:08.332,1.017
2026-01-18 16:14:08.332,1.016
2026-01-18 16:14:08.350,1.014
2026-01-18 16:14:08.366,1.015
2026-01-18 16:14:08.367,1.011
2026-01-18 16:14:08.382,1.008
2026-01-18 16:14:08.398,1.01
2026-01-18 16:14:08.420,1.013
2026-01-18 16:14:08.420,1.01
2026-01-18 16:14:08.433,1.013
2026-01-18 16:14:08.449,1.011
2026-01-18 16:14:08.450,1.011
2026-01-18 16:14:08.467,1.009
2026-01-18 16:14:08.484,1.007
2026-01-18 16:14:08.501,1.008
2026-01-18 16:14:08.501,1.013
2026-01-18 16:14:08.517,1.011
2026-01-18 16:14:08.535,1.012
2026-01-18 16:14:08.536,1.012
2026-01-18 16:14:08.551,1.011
2026-01-18 16:14:08.567,1.007
2026-01-18 16:14:08.582,1.01
2026-01-18 16:14:08.582,1.014
2026-01-18 16:14:08.599,1.01
2026-01-18 16:14:08.616,1.013
2026-01-18 16:14:08.616,1.013
2026-01-18 16:14:08.633,1.012
2026-01-18 16:14:08.650,1.012
2026-01-18 16:14:08.666,1.012
2026-01-18 16:14:08.666,1.013
2026-01-18 16:14:08.682,1.011
2026-01-18 16:14:08.699,1.012
2026-01-18 16:14:08.716,1.015
2026-01-18 16:14:08.716,1.019
2026-01-18 16:14:08.733,1.019
2026-01-18 16:14:08.749,1.023
2026-01-18 16:14:08.749,1.016
2026-01-18 16:14:08.766,1.017
2026-01-18 16:14:08.784,1.015
2026-01-18 16:14:08.784,1.01
2026-01-18 16:14:08.800,1.014
2026-01-18 16:14:08.816,1.009
2026-01-18 16:14:08.855,1.012
2026-01-18 16:14:08.856,1.015
2026-01-18 16:14:08.856,1.015
2026-01-18 16:14:08.856,1.015
2026-01-18 16:14:08.883,1.019
2026-01-18 16:14:08.883,1.017
2026-01-18 16:14:08.900,1.015
2026-01-18 16:14:08.917,1.017
2026-01-18 16:14:08.917,1.018
2026-01-18 16:14:08.934,1.018
2026-01-18 16:14:08.950,1.022
2026-01-18 16:14:08.967,1.016
2026-01-18 16:14:08.967,1.016
2026-01-18 16:14:08.983,1.015
2026-01-18 16:14:09.001,1.014
2026-01-18 16:14:09.001,1.013
2026-01-18 16:14:09.016,1.011
2026-01-18 16:14:09.035,1.017
2026-01-18 16:14:09.050,1.017
2026-01-18 16:14:09.050,1.013
2026-01-18 16:14:09.067,1.015
2026-01-18 16:14:09.083,1.015
2026-01-18 16:14:09.101,1.011
2026-01-18 16:14:09.101,1.017
2026-01-18 16:14:09.116,1.016
2026-01-18 16:14:09.134,1.013
2026-01-18 16:14:09.134,1.01
2026-01-18 16:14:09.150,1.016
2026-01-18 16:14:09.167,1.016
2026-01-18 16:14:09.183,1.018
2026-01-18 16:14:09.183,1.019
2026-01-18 16:14:09.198,1.019
2026-01-18 16:14:09.215,1.023
2026-01-18 16:14:09.233,1.019
2026-01-18 16:14:09.233,1.017
2026-01-18 16:14:09.249,1.016
2026-01-18 16:14:09.265,1.017
2026-01-18 16:14:09.265,1.02
2026-01-18 16:14:09.283,1.019
2026-01-18 16:14:09.299,1.017
2026-01-18 16:14:09.317,1.019
2026-01-18 16:14:09.317,1.017
2026-01-18 16:14:09.333,1.015
2026-01-18 16:14:09.351,1.014
2026-01-18 16:14:09.352,1.018
2026-01-18 16:14:09.365,1.018
2026-01-18 16:14:09.382,1.02
2026-01-18 16:14:09.401,1.018
2026-01-18 16:14:09.402,1.017
2026-01-18 16:14:09.416,1.018
2026-01-18 16:14:09.438,1.021
2026-01-18 16:14:09.438,1.017
2026-01-18 16:14:09.448,1.016
2026-01-18 16:14:09.467,1.015
2026-01-18 16:14:09.483,1.015
2026-01-18 16:14:09.484,1.01
2026-01-18 16:14:09.499,1.012
2026-01-18 16:14:09.517,1.01
2026-01-18 16:14:09.517,1.011
2026-01-18 16:14:09.534,1.011
2026-01-18 16:14:09.551,1.012
2026-01-18 16:14:09.554,1.014
2026-01-18 16:14:09.566,1.016
2026-01-18 16:14:09.585,1.015
2026-01-18 16:14:09.599,1.012
2026-01-18 16:14:09.600,1.012
2026-01-18 16:14:09.616,1.018
2026-01-18 16:14:09.634,1.015
2026-01-18 16:14:09.651,1.015
2026-01-18 16:14:09.651,1.013
2026-01-18 16:14:09.666,1.013
2026-01-18 16:14:09.683,1.014
2026-01-18 16:14:09.700,1.017
2026-01-18 16:14:09.700,1.021
2026-01-18 16:14:09.717,1.014
2026-01-18 16:14:09.733,1.016
2026-01-18 16:14:09.733,1.024
2026-01-18 16:14:09.750,1.017
2026-01-18 16:14:09.765,1.017
2026-01-18 16:14:09.786,1.018
2026-01-18 16:14:09.787,1.011
2026-01-18 16:14:09.800,1.012
2026-01-18 16:14:09.816,1.007
2026-01-18 16:14:09.817,1.007
2026-01-18 16:14:09.832,1.008
2026-01-18 16:14:09.849,1.01
2026-01-18 16:14:09.866,1.012
2026-01-18 16:14:09.866,1.015
2026-01-18 16:14:09.882,1.011
2026-01-18 16:14:09.898,1.011
2026-01-18 16:14:09.915,1.013
2026-01-18 16:14:09.915,1.015
2026-01-18 16:14:09.933,1.014
2026-01-18 16:14:09.949,1.009
2026-01-18 16:14:09.950,1.009
2026-01-18 16:14:09.966,1.012
2026-01-18 16:14:09.982,1.009
2026-01-18 16:14:09.999,1.007
2026-01-18 16:14:09.999,1.005
2026-01-18 16:14:10.016,1.003
2026-01-18 16:14:10.032,1.007
2026-01-18 16:14:10.033,1.006
2026-01-18 16:14:10.050,1.009
2026-01-18 16:14:10.065,1.01
2026-01-18 16:14:10.083,1.013
2026-01-18 16:14:10.083,1.014
2026-01-18 16:14:10.100,1.014
2026-01-18 16:14:10.116,1.007
2026-01-18 16:14:10.117,1.007
2026-01-18 16:14:10.133,1.012
2026-01-18 16:14:10.150,1.012
2026-01-18 16:14:10.166,1.012
2026-01-18 16:14:10.166,1.011
2026-01-18 16:14:10.183,1.008
2026-01-18 16:14:10.200,1.009
2026-01-18 16:14:10.200,1.011
2026-01-18 16:14:10.217,1.012
2026-01-18 16:14:10.234,1.015
2026-01-18 16:14:10.250,1.013
2026-01-18 16:14:10.250,1.013
2026-01-18 16:14:10.267,1.011
2026-01-18 16:14:10.284,1.008
2026-01-18 16:14:10.300,1.014
2026-01-18 16:14:10.300,1.007
2026-01-18 16:14:10.317,1.006
2026-01-18 16:14:10.334,1.007
2026-01-18 16:14:10.334,1.001
2026-01-18 16:14:10.349,1.001
2026-01-18 16:14:10.367,1.001
2026-01-18 16:14:10.383,1.001
2026-01-18 16:14:10.383,1.0
2026-01-18 16:14:10.401,1.002
2026-01-18 16:14:10.425,1.006
2026-01-18 16:14:10.425,1.006
2026-01-18 16:14:10.433,1.008
2026-01-18 16:14:10.449,1.007
2026-01-18 16:14:10.466,1.011
2026-01-18 16:14:10.466,1.011
2026-01-18 16:14:10.483,1.012
2026-01-18 16:14:10.499,1.011
2026-01-18 16:14:10.500,1.011
2026-01-18 16:14:10.516,1.007
2026-01-18 16:14:10.533,1.01
2026-01-18 16:14:10.550,1.008
2026-01-18 16:14:10.550,1.011
2026-01-18 16:14:10.566,1.013
2026-01-18 16:14:10.582,1.008
2026-01-18 16:14:10.599,1.012
2026-01-18 16:14:10.599,1.009
2026-01-18 16:14:10.615,1.005
2026-01-18 16:14:10.633,1.005
2026-01-18 16:14:10.634,1.007
2026-01-18 16:14:10.650,1.008
2026-01-18 16:14:10.666,1.006
2026-01-18 16:14:10.683,1.007
2026-01-18 16:14:10.683,1.008
2026-01-18 16:14:10.701,1.005
2026-01-18 16:14:10.717,1.005
2026-01-18 16:14:10.717,1.008
2026-01-18 16:14:10.732,1.004
2026-01-18 16:14:10.750,1.005
2026-01-18 16:14:10.765,1.007
2026-01-18 16:14:10.767,1.008
2026-01-18 16:14:10.783,1.007
2026-01-18 16:14:10.801,1.011
2026-01-18 16:14:10.802,1.009
2026-01-18 16:14:10.816,1.008
2026-01-18 16:14:10.834,1.006
2026-01-18 16:14:10.851,1.005
2026-01-18 16:14:10.851,1.01
2026-01-18 16:14:10.867,1.01
2026-01-18 16:14:10.883,1.012
2026-01-18 16:14:10.900,1.008
2026-01-18 16:14:10.900,1.01
2026-01-18 16:14:10.916,1.017
2026-01-18 16:14:10.933,1.016
2026-01-18 16:14:10.934,1.017
2026-01-18 16:14:10.949,1.016
2026-01-18 16:14:10.967,1.016
2026-01-18 16:14:10.983,1.015
2026-01-18 16:14:10.984,1.016
2026-01-18 16:14:10.999,1.013
2026-01-18 16:14:11.017,1.012
2026-01-18 16:14:11.017,1.016
2026-01-18 16:14:11.032,1.017
2026-01-18 16:14:11.051,1.017
2026-01-18 16:14:11.052,1.015
2026-01-18 16:14:11.066,1.015
2026-01-18 16:14:11.083,1.013
2026-01-18 16:14:11.099,1.015
2026-01-18 16:14:11.100,1.015
2026-01-18 16:14:11.116,1.01
2026-01-18 16:14:11.133,1.013
2026-01-18 16:14:11.149,1.014
2026-01-18 16:14:11.149,1.014
2026-01-18 16:14:11.166,1.013
2026-01-18 16:14:11.182,1.014
2026-01-18 16:14:11.199,1.011
2026-01-18 16:14:11.199,1.015
2026-01-18 16:14:11.215,1.017
2026-01-18 16:14:11.233,1.016
2026-01-18 16:14:11.233,1.015
2026-01-18 16:14:11.250,1.014
2026-01-18 16:14:11.267,1.015
2026-01-18 16:14:11.284,1.015
2026-01-18 16:14:11.284,1.015
2026-01-18 16:14:11.300,1.013
2026-01-18 16:14:11.315,1.012
2026-01-18 16:14:11.316,1.012
2026-01-18 16:14:11.333,1.012
2026-01-18 16:14:11.349,1.019
2026-01-18 16:14:11.367,1.02
2026-01-18 16:14:11.367,1.02
2026-01-18 16:14:11.383,1.023
2026-01-18 16:14:11.400,1.02
2026-01-18 16:14:11.401,1.019
2026-01-18 16:14:11.422,1.019
2026-01-18 16:14:11.432,1.015
2026-01-18 16:14:11.450,1.011
2026-01-18 16:14:11.450,1.009
2026-01-18 16:14:11.465,1.016
2026-01-18 16:14:11.484,1.017
2026-01-18 16:14:11.485,1.013
2026-01-18 16:14:11.499,1.016
2026-01-18 16:14:11.516,1.021
2026-01-18 16:14:11.534,1.019
2026-01-18 16:14:11.534,1.016
2026-01-18 16:14:11.550,1.015
2026-01-18 16:14:11.609,1.017
2026-01-18 16:14:11.610,1.016
2026-01-18 16:14:11.611,1.013
2026-01-18 16:14:11.611,1.016
2026-01-18 16:14:11.611,1.012
2026-01-18 16:14:11.618,1.008
2026-01-18 16:14:11.633,1.011
2026-01-18 16:14:11.649,1.016
2026-01-18 16:14:11.666,1.018
2026-01-18 16:14:11.666,1.018
2026-01-18 16:14:11.683,1.017
2026-01-18 16:14:11.701,1.017
2026-01-18 16:14:11.701,1.018
2026-01-18 16:14:11.716,1.021
2026-01-18 16:14:11.734,1.02
2026-01-18 16:14:11.749,1.022
2026-01-18 16:14:11.750,1.025
2026-01-18 16:14:11.765,1.024
2026-01-18 16:14:11.782,1.019
2026-01-18 16:14:11.799,1.018
2026-01-18 16:14:11.800,1.015
2026-01-18 16:14:11.816,1.011
2026-01-18 16:14:11.833,1.011
2026-01-18 16:14:11.833,1.012
2026-01-18 16:14:11.850,1.011
2026-01-18 16:14:11.865,1.012
2026-01-18 16:14:11.882,1.011
2026-01-18 16:14:11.882,1.014
2026-01-18 16:14:11.899,1.014
2026-01-18 16:14:11.917,1.014
2026-01-18 16:14:11.917,1.015
2026-01-18 16:14:11.933,1.014
2026-01-18 16:14:11.950,1.014
2026-01-18 16:14:11.966,1.013
2026-01-18 16:14:11.966,1.013
2026-01-18 16:14:11.983,1.01
2026-01-18 16:14:11.999,1.013
2026-01-18 16:14:12.015,1.015
2026-01-18 16:14:12.015,1.017
2026-01-18 16:14:12.033,1.018
2026-01-18 16:14:12.050,1.012
2026-01-18 16:14:12.050,1.011
2026-01-18 16:14:12.067,1.015
2026-01-18 16:14:12.083,1.016
2026-01-18 16:14:12.099,1.017
2026-01-18 16:14:12.099,1.014
2026-01-18 16:14:12.115,1.012
2026-01-18 16:14:12.132,1.012
2026-01-18 16:14:12.132,1.014
2026-01-18 16:14:12.149,1.013
2026-01-18 16:14:12.166,1.014
2026-01-18 16:14:12.183,1.012
2026-01-18 16:14:12.183,1.01
2026-01-18 16:14:12.200,1.008
2026-01-18 16:14:12.217,1.01
2026-01-18 16:14:12.217,1.005
2026-01-18 16:14:12.232,1.011
2026-01-18 16:14:12.248,1.01
2026-01-18 16:14:12.266,1.006
2026-01-18 16:14:12.266,1.006
2026-01-18 16:14:12.282,1.007
2026-01-18 16:14:12.299,1.008
2026-01-18 16:14:12.315,1.009
2026-01-18 16:14:12.315,1.008
2026-01-18 16:14:12.334,1.008
2026-01-18 16:14:12.350,1.009
2026-01-18 16:14:12.350,1.017
2026-01-18 16:14:12.365,1.016
2026-01-18 16:14:12.384,1.014
2026-01-18 16:14:12.400,1.014
2026-01-18 16:14:12.400,1.012
2026-01-18 16:14:12.421,1.012
2026-01-18 16:14:12.421,1.01
2026-01-18 16:14:12.432,1.009
2026-01-18 16:14:12.449,1.014
2026-01-18 16:14:12.465,1.013
2026-01-18 16:14:12.483,1.01
2026-01-18 16:14:12.483,1.01
2026-01-18 16:14:12.498,1.012
2026-01-18 16:14:12.515,1.012
2026-01-18 16:14:12.515,1.01
2026-01-18 16:14:12.533,1.007
2026-01-18 16:14:12.550,1.012
2026-01-18 16:14:12.565,1.013
2026-01-18 16:14:12.566,1.012
2026-01-18 16:14:12.583,1.016
2026-01-18 16:14:12.599,1.011
2026-01-18 16:14:12.616,1.011
2026-01-18 16:14:12.617,1.017
2026-01-18 16:14:12.635,1.017
2026-01-18 16:14:12.649,1.018
2026-01-18 16:14:12.649,1.015
2026-01-18 16:14:12.665,1.018
2026-01-18 16:14:12.682,1.022
2026-01-18 16:14:12.698,1.021
2026-01-18 16:14:12.699,1.024
2026-01-18 16:14:12.716,1.022
2026-01-18 16:14:12.733,1.022
2026-01-18 16:14:12.733,1.02
2026-01-18 16:14:12.748,1.022
2026-01-18 16:14:12.766,1.02
2026-01-18 16:14:12.783,1.02
2026-01-18 16:14:12.783,1.021
2026-01-18 16:14:12.799,1.022
2026-01-18 16:14:12.815,1.024
2026-01-18 16:14:12.832,1.025
2026-01-18 16:14:12.832,1.027
2026-01-18 16:14:12.849,1.027
2026-01-18 16:14:12.864,1.024
2026-01-18 16:14:12.864,1.024
2026-01-18 16:14:12.883,1.022
2026-01-18 16:14:12.899,1.023
2026-01-18 16:14:12.916,1.026
2026-01-18 16:14:12.916,1.027
2026-01-18 16:14:12.943,1.019
2026-01-18 16:14:12.944,1.017
2026-01-18 16:14:12.953,1.014
2026-01-18 16:14:12.965,1.014
2026-01-18 16:14:12.984,1.012
2026-01-18 16:14:13.000,1.017
2026-01-18 16:14:13.000,1.019
2026-01-18 16:14:13.015,1.018
2026-01-18 16:14:13.034,1.013
2026-01-18 16:14:13.034,1.016
2026-01-18 16:14:13.049,1.015
2026-01-18 16:14:13.065,1.013
2026-01-18 16:14:13.082,1.01
2026-01-18 16:14:13.082,1.014
2026-01-18 16:14:13.099,1.012
2026-01-18 16:14:13.116,1.013
2026-01-18 16:14:13.117,1.015
2026-01-18 16:14:13.132,1.012
2026-01-18 16:14:13.150,1.012
2026-01-18 16:14:13.165,1.017
2026-01-18 16:14:13.165,1.013
2026-01-18 16:14:13.182,1.012
2026-01-18 16:14:13.200,1.014
2026-01-18 16:14:13.200,1.015
2026-01-18 16:14:13.216,1.015
2026-01-18 16:14:13.232,1.017
2026-01-18 16:14:13.249,1.019
2026-01-18 16:14:13.250,1.018
2026-01-18 16:14:13.266,1.02
2026-01-18 16:14:13.283,1.019
2026-01-18 16:14:13.298,1.014
2026-01-18 16:14:13.299,1.015
2026-01-18 16:14:13.315,1.015
2026-01-18 16:14:13.331,1.018
2026-01-18 16:14:13.350,1.021
2026-01-18 16:14:13.350,1.017
2026-01-18 16:14:13.365,1.021
2026-01-18 16:14:13.383,1.02
2026-01-18 16:14:13.383,1.019
2026-01-18 16:14:13.399,1.024
2026-01-18 16:14:13.422,1.026
2026-01-18 16:14:13.422,1.024
2026-01-18 16:14:13.432,1.021
2026-01-18 16:14:13.450,1.027
2026-01-18 16:14:13.466,1.029
2026-01-18 16:14:13.466,1.033
2026-01-18 16:14:13.483,1.028
2026-01-18 16:14:13.499,1.028
2026-01-18 16:14:13.517,1.024
2026-01-18 16:14:13.517,1.021
2026-01-18 16:14:13.532,1.023
2026-01-18 16:14:13.549,1.02
2026-01-18 16:14:13.550,1.02
2026-01-18 16:14:13.566,1.018
2026-01-18 16:14:13.582,1.015
2026-01-18 16:14:13.599,1.012
2026-01-18 16:14:13.599,1.011
2026-01-18 16:14:13.616,1.008
2026-01-18 16:14:13.632,1.007
2026-01-18 16:14:13.632,1.011
2026-01-18 16:14:13.649,1.009
2026-01-18 16:14:13.665,1.01
2026-01-18 16:14:13.683,1.014
2026-01-18 16:14:13.683,1.011
2026-01-18 16:14:13.700,1.013
2026-01-18 16:14:13.715,1.011
2026-01-18 16:14:13.734,1.014
2026-01-18 16:14:13.734,1.016
2026-01-18 16:14:13.749,1.019
2026-01-18 16:14:13.765,1.02
2026-01-18 16:14:13.766,1.018
2026-01-18 16:14:13.783,1.019
2026-01-18 16:14:13.799,1.019
2026-01-18 16:14:13.800,1.016
2026-01-18 16:14:13.816,1.018
2026-01-18 16:14:13.832,1.016
2026-01-18 16:14:13.847,1.018
2026-01-18 16:14:13.866,1.02
2026-01-18 16:14:13.866,1.02
2026-01-18 16:14:13.882,1.016
2026-01-18 16:14:13.899,1.017
2026-01-18 16:14:13.899,1.018
2026-01-18 16:14:13.915,1.015
2026-01-18 16:14:13.934,1.019
2026-01-18 16:14:13.934,1.015
2026-01-18 16:14:13.949,1.022
2026-01-18 16:14:13.965,1.021
2026-01-18 16:14:13.982,1.021
2026-01-18 16:14:13.982,1.012
2026-01-18 16:14:14.000,1.016
2026-01-18 16:14:14.016,1.017
2026-01-18 16:14:14.016,1.017
2026-01-18 16:14:14.032,1.02
2026-01-18 16:14:14.050,1.024
2026-01-18 16:14:14.065,1.026
2026-01-18 16:14:14.065,1.02
2026-01-18 16:14:14.082,1.018
2026-01-18 16:14:14.099,1.021
2026-01-18 16:14:14.116,1.025
2026-01-18 16:14:14.116,1.029
2026-01-18 16:14:14.132,1.027
2026-01-18 16:14:14.150,1.026
2026-01-18 16:14:14.150,1.024
2026-01-18 16:14:14.165,1.019
2026-01-18 16:14:14.182,1.018
2026-01-18 16:14:14.200,1.02
2026-01-18 16:14:14.200,1.019
2026-01-18 16:14:14.216,1.021
2026-01-18 16:14:14.233,1.017
2026-01-18 16:14:14.233,1.018
2026-01-18 16:14:14.248,1.02
2026-01-18 16:14:14.267,1.017
2026-01-18 16:14:14.307,1.016
2026-01-18 16:14:14.307,1.016
2026-01-18 16:14:14.308,1.017
2026-01-18 16:14:14.308,1.021
2026-01-18 16:14:14.316,1.019
2026-01-18 16:14:14.331,1.018
2026-01-18 16:14:14.348,1.018
2026-01-18 16:14:14.364,1.023
2026-01-18 16:14:14.364,1.024
2026-01-18 16:14:14.383,1.02
2026-01-18 16:14:14.399,1.017
2026-01-18 16:14:14.421,1.015
2026-01-18 16:14:14.421,1.023
2026-01-18 16:14:14.432,1.026
2026-01-18 16:14:14.449,1.021
2026-01-18 16:14:14.450,1.019
2026-01-18 16:14:14.466,1.018
2026-01-18 16:14:14.483,1.019
2026-01-18 16:14:14.500,1.021
2026-01-18 16:14:14.500,1.027
2026-01-18 16:14:14.516,1.026
2026-01-18 16:14:14.532,1.029
2026-01-18 16:14:14.532,1.028
2026-01-18 16:14:14.550,1.03
2026-01-18 16:14:14.565,1.028
2026-01-18 16:14:14.583,1.026
2026-01-18 16:14:14.583,1.027
2026-01-18 16:14:14.600,1.023
2026-01-18 16:14:14.616,1.019
2026-01-18 16:14:14.633,1.02
2026-01-18 16:14:14.633,1.019
2026-01-18 16:14:14.649,1.018
2026-01-18 16:14:14.666,1.017
2026-01-18 16:14:14.666,1.016
2026-01-18 16:14:14.683,1.013
2026-01-18 16:14:14.699,1.014
2026-01-18 16:14:14.715,1.013
2026-01-18 16:14:14.716,1.012
2026-01-18 16:14:14.735,1.013
2026-01-18 16:14:14.749,1.016
2026-01-18 16:14:14.749,1.016
2026-01-18 16:14:14.765,1.016
2026-01-18 16:14:14.783,1.012
2026-01-18 16:14:14.799,1.012
2026-01-18 16:14:14.800,1.013
2026-01-18 16:14:14.815,1.017
2026-01-18 16:14:14.832,1.016
2026-01-18 16:14:14.833,1.015
2026-01-18 16:14:14.850,1.013
2026-01-18 16:14:14.866,1.018
2026-01-18 16:14:14.882,1.018
2026-01-18 16:14:14.882,1.014
2026-01-18 16:14:14.899,1.013
2026-01-18 16:14:14.916,1.012
2026-01-18 16:14:14.932,1.012
2026-01-18 16:14:14.932,1.013
2026-01-18 16:14:14.949,1.012
2026-01-18 16:14:14.965,1.011
2026-01-18 16:14:14.965,1.011
2026-01-18 16:14:14.981,1.014
2026-01-18 16:14:14.997,1.016
2026-01-18 16:14:15.014,1.018
2026-01-18 16:14:15.015,1.014
2026-01-18 16:14:15.031,1.017
2026-01-18 16:14:15.047,1.017
2026-01-18 16:14:15.064,1.02
2026-01-18 16:14:15.064,1.024
2026-01-18 16:14:15.081,1.024
2026-01-18 16:14:15.098,1.024
2026-01-18 16:14:15.099,1.028
2026-01-18 16:14:15.116,1.024
2026-01-18 16:14:15.132,1.019
2026-01-18 16:14:15.148,1.018
2026-01-18 16:14:15.149,1.022
2026-01-18 16:14:15.164,1.026
2026-01-18 16:14:15.181,1.023
2026-01-18 16:14:15.181,1.022
2026-01-18 16:14:15.198,1.021
2026-01-18 16:14:15.214,1.02
2026-01-18 16:14:15.230,1.018
2026-01-18 16:14:15.230,1.015
2026-01-18 16:14:15.248,1.018
2026-01-18 16:14:15.265,1.014
2026-01-18 16:14:15.266,1.018
2026-01-18 16:14:15.281,1.022
2026-01-18 16:14:15.298,1.025
2026-01-18 16:14:15.315,1.023
2026-01-18 16:14:15.315,1.027
2026-01-18 16:14:15.331,1.027
2026-01-18 16:14:15.349,1.034
2026-01-18 16:14:15.349,1.036
2026-01-18 16:14:15.365,1.033
2026-01-18 16:14:15.381,1.035
2026-01-18 16:14:15.398,1.034
2026-01-18 16:14:15.398,1.032
2026-01-18 16:14:15.415,1.028
2026-01-18 16:14:15.436,1.028
2026-01-18 16:14:15.436,1.028
2026-01-18 16:14:15.448,1.025
2026-01-18 16:14:15.464,1.026
2026-01-18 16:14:15.482,1.025
2026-01-18 16:14:15.482,1.028
2026-01-18 16:14:15.499,1.027
2026-01-18 16:14:15.515,1.028
2026-01-18 16:14:15.530,1.026
2026-01-18 16:14:15.530,1.023
2026-01-18 16:14:15.549,1.024
2026-01-18 16:14:15.564,1.02
2026-01-18 16:14:15.566,1.024
2026-01-18 16:14:15.583,1.021
2026-01-18 16:14:15.598,1.02
2026-01-18 16:14:15.615,1.023
2026-01-18 16:14:15.615,1.024
2026-01-18 16:14:15.633,1.026
2026-01-18 16:14:15.674,1.028
2026-01-18 16:14:15.674,1.027
2026-01-18 16:14:15.675,1.027
2026-01-18 16:14:15.675,1.024
2026-01-18 16:14:15.686,1.029
2026-01-18 16:14:15.699,1.024
2026-01-18 16:14:15.715,1.024
2026-01-18 16:14:15.733,1.026
2026-01-18 16:14:15.733,1.026
2026-01-18 16:14:15.749,1.024
2026-01-18 16:14:15.765,1.022
2026-01-18 16:14:15.782,1.017
2026-01-18 16:14:15.782,1.015
2026-01-18 16:14:15.799,1.015
2026-01-18 16:14:15.815,1.012
2026-01-18 16:14:15.833,1.011
2026-01-18 16:14:15.833,1.012
2026-01-18 16:14:15.848,1.011
2026-01-18 16:14:15.865,1.006
2026-01-18 16:14:15.865,1.01
2026-01-18 16:14:15.883,1.014
2026-01-18 16:14:15.899,1.014
2026-01-18 16:14:15.915,1.012
2026-01-18 16:14:15.916,1.013
2026-01-18 16:14:15.932,1.011
2026-01-18 16:14:15.948,1.014
2026-01-18 16:14:15.949,1.013
2026-01-18 16:14:15.965,1.013
2026-01-18 16:14:15.982,1.014
2026-01-18 16:14:15.999,1.019
2026-01-18 16:14:15.999,1.019
2026-01-18 16:14:16.015,1.021
2026-01-18 16:14:16.033,1.02
2026-01-18 16:14:16.033,1.025
2026-01-18 16:14:16.049,1.018
2026-01-18 16:14:16.066,1.012
2026-01-18 16:14:16.082,1.017
2026-01-18 16:14:16.083,1.014
2026-01-18 16:14:16.100,1.01
2026-01-18 16:14:16.116,1.01
2026-01-18 16:14:16.116,1.011
2026-01-18 16:14:16.131,1.013
2026-01-18 16:14:16.149,1.015
2026-01-18 16:14:16.165,1.018
2026-01-18 16:14:16.165,1.019
2026-01-18 16:14:16.182,1.016
2026-01-18 16:14:16.199,1.017
2026-01-18 16:14:16.216,1.015
2026-01-18 16:14:16.216,1.017
2026-01-18 16:14:16.231,1.018
2026-01-18 16:14:16.249,1.019
2026-01-18 16:14:16.250,1.02
2026-01-18 16:14:16.265,1.018
2026-01-18 16:14:16.281,1.019
2026-01-18 16:14:16.299,1.016
2026-01-18 16:14:16.299,1.018
2026-01-18 16:14:16.315,1.02
2026-01-18 16:14:16.333,1.021
2026-01-18 16:14:16.334,1.022
2026-01-18 16:14:16.348,1.022
2026-01-18 16:14:16.365,1.021
2026-01-18 16:14:16.383,1.019
2026-01-18 16:14:16.383,1.022
2026-01-18 16:14:16.398,1.022
2026-01-18 16:14:16.420,1.02
2026-01-18 16:14:16.420,1.02
2026-01-18 16:14:16.431,1.018
2026-01-18 16:14:16.448,1.018
2026-01-18 16:14:16.465,1.017
2026-01-18 16:14:16.466,1.019
2026-01-18 16:14:16.483,1.021
2026-01-18 16:14:16.500,1.019
2026-01-18 16:14:16.501,1.019
2026-01-18 16:14:16.514,1.015
2026-01-18 16:14:16.531,1.019
2026-01-18 16:14:16.549,1.018
2026-01-18 16:14:16.549,1.014
2026-01-18 16:14:16.564,1.017
2026-01-18 16:14:16.582,1.016
2026-01-18 16:14:16.597,1.017
2026-01-18 16:14:16.598,1.017
2026-01-18 16:14:16.614,1.019
2026-01-18 16:14:16.634,1.023
2026-01-18 16:14:16.634,1.026
2026-01-18 16:14:16.648,1.033
2026-01-18 16:14:16.665,1.035
2026-01-18 16:14:16.683,1.032
2026-01-18 16:14:16.683,1.033
2026-01-18 16:14:16.699,1.028
2026-01-18 16:14:16.714,1.025
2026-01-18 16:14:16.732,1.027
2026-01-18 16:14:16.732,1.025
2026-01-18 16:14:16.749,1.027
2026-01-18 16:14:16.766,1.021
2026-01-18 16:14:16.766,1.023
2026-01-18 16:14:16.781,1.025
2026-01-18 16:14:16.800,1.024
2026-01-18 16:14:16.816,1.026
2026-01-18 16:14:16.816,1.025
2026-01-18 16:14:16.831,1.025
2026-01-18 16:14:16.849,1.022
2026-01-18 16:14:16.849,1.019
2026-01-18 16:14:16.865,1.013
2026-01-18 16:14:16.882,1.016
2026-01-18 16:14:16.899,1.015
2026-01-18 16:14:16.899,1.015
2026-01-18 16:14:16.916,1.014
2026-01-18 16:14:16.931,1.018
2026-01-18 16:14:16.932,1.013
2026-01-18 16:14:16.949,1.018
2026-01-18 16:14:16.965,1.016
2026-01-18 16:14:16.982,1.014
2026-01-18 16:14:16.983,1.015
2026-01-18 16:14:16.999,1.01
2026-01-18 16:14:17.039,1.006
2026-01-18 16:14:17.040,1.01
2026-01-18 16:14:17.040,1.004
2026-01-18 16:14:17.041,1.013
2026-01-18 16:14:17.066,1.011
2026-01-18 16:14:17.066,1.008
2026-01-18 16:14:17.081,1.01
2026-01-18 16:14:17.097,1.012
2026-01-18 16:14:17.114,1.017
2026-01-18 16:14:17.115,1.015
2026-01-18 16:14:17.132,1.021
2026-01-18 16:14:17.148,1.022
2026-01-18 16:14:17.149,1.023
2026-01-18 16:14:17.163,1.026
2026-01-18 16:14:17.180,1.028
2026-01-18 16:14:17.198,1.031
2026-01-18 16:14:17.199,1.033
2026-01-18 16:14:17.215,1.028
2026-01-18 16:14:17.231,1.028
2026-01-18 16:14:17.248,1.025
2026-01-18 16:14:17.248,1.023
2026-01-18 16:14:17.264,1.021
2026-01-18 16:14:17.281,1.016
2026-01-18 16:14:17.281,1.013
2026-01-18 16:14:17.298,1.013
2026-01-18 16:14:17.315,1.016
2026-01-18 16:14:17.332,1.018
2026-01-18 16:14:17.333,1.012
2026-01-18 16:14:17.349,1.011
2026-01-18 16:14:17.363,1.01
2026-01-18 16:14:17.364,1.011
2026-01-18 16:14:17.382,1.019
2026-01-18 16:14:17.398,1.02
2026-01-18 16:14:17.415,1.017
2026-01-18 16:14:17.415,1.015
2026-01-18 16:14:17.439,1.022
2026-01-18 16:14:17.439,1.022
2026-01-18 16:14:17.448,1.024
2026-01-18 16:14:17.466,1.026
2026-01-18 16:14:17.482,1.025
2026-01-18 16:14:17.499,1.024
2026-01-18 16:14:17.500,1.023
2026-01-18 16:14:17.516,1.02
2026-01-18 16:14:17.532,1.019
2026-01-18 16:14:17.533,1.017
2026-01-18 16:14:17.548,1.013
2026-01-18 16:14:17.565,1.016
2026-01-18 16:14:17.581,1.019
2026-01-18 16:14:17.581,1.019
2026-01-18 16:14:17.599,1.021
2026-01-18 16:14:17.616,1.02
2026-01-18 16:14:17.632,1.026
2026-01-18 16:14:17.633,1.026
2026-01-18 16:14:17.649,1.028
2026-01-18 16:14:17.665,1.025
2026-01-18 16:14:17.665,1.027
2026-01-18 16:14:17.683,1.022
2026-01-18 16:14:17.699,1.019
2026-01-18 16:14:17.715,1.019
2026-01-18 16:14:17.715,1.019
2026-01-18 16:14:17.734,1.02
2026-01-18 16:14:17.749,1.021
2026-01-18 16:14:17.749,1.028
2026-01-18 16:14:17.765,1.031
2026-01-18 16:14:17.783,1.03
2026-01-18 16:14:17.798,1.03
2026-01-18 16:14:17.799,1.034
2026-01-18 16:14:17.815,1.035
2026-01-18 16:14:17.833,1.03
2026-01-18 16:14:17.833,1.029
2026-01-18 16:14:17.849,1.021
2026-01-18 16:14:17.866,1.022
2026-01-18 16:14:17.882,1.024
2026-01-18 16:14:17.882,1.022
2026-01-18 16:14:17.898,1.026
2026-01-18 16:14:17.914,1.02
2026-01-18 16:14:17.932,1.019
2026-01-18 16:14:17.933,1.022
2026-01-18 16:14:17.948,1.019
2026-01-18 16:14:17.964,1.017
2026-01-18 16:14:17.964,1.015
2026-01-18 16:14:17.984,1.013
2026-01-18 16:14:17.998,1.011
2026-01-18 16:14:18.016,1.018
2026-01-18 16:14:18.016,1.024
2026-01-18 16:14:18.032,1.02
2026-01-18 16:14:18.050,1.017
2026-01-18 16:14:18.050,1.022
2026-01-18 16:14:18.065,1.021
2026-01-18 16:14:18.083,1.019
2026-01-18 16:14:18.098,1.018
2026-01-18 16:14:18.098,1.02
2026-01-18 16:14:18.115,1.019
2026-01-18 16:14:18.131,1.018
2026-01-18 16:14:18.132,1.022
2026-01-18 16:14:18.149,1.021
2026-01-18 16:14:18.165,1.024
2026-01-18 16:14:18.181,1.031
2026-01-18 16:14:18.181,1.024
2026-01-18 16:14:18.197,1.024
2026-01-18 16:14:18.215,1.019
2026-01-18 16:14:18.216,1.023
2026-01-18 16:14:18.231,1.025
2026-01-18 16:14:18.248,1.025
2026-01-18 16:14:18.266,1.026
2026-01-18 16:14:18.266,1.017
2026-01-18 16:14:18.282,1.018
2026-01-18 16:14:18.298,1.015
2026-01-18 16:14:18.315,1.015
2026-01-18 16:14:18.316,1.011
2026-01-18 16:14:18.331,1.015
2026-01-18 16:14:18.348,1.015
2026-01-18 16:14:18.348,1.019
2026-01-18 16:14:18.364,1.02
2026-01-18 16:14:18.425,1.014
2026-01-18 16:14:18.426,1.012
2026-01-18 16:14:18.426,1.012
2026-01-18 16:14:18.426,1.009
2026-01-18 16:14:18.426,1.018
2026-01-18 16:14:18.439,1.02
2026-01-18 16:14:18.448,1.019
2026-01-18 16:14:18.465,1.022
2026-01-18 16:14:18.482,1.019
2026-01-18 16:14:18.482,1.025
2026-01-18 16:14:18.497,1.028
2026-01-18 16:14:18.516,1.025
2026-01-18 16:14:18.516,1.026
2026-01-18 16:14:18.549,1.025
2026-01-18 16:14:18.566,1.018
2026-01-18 16:14:18.566,1.017
2026-01-18 16:14:18.581,1.017
2026-01-18 16:14:18.598,1.013
2026-01-18 16:14:18.615,1.018
2026-01-18 16:14:18.615,1.019
2026-01-18 16:14:18.631,1.015
2026-01-18 16:14:18.646,1.022
2026-01-18 16:14:18.663,1.019
2026-01-18 16:14:18.664,1.014
2026-01-18 16:14:18.683,1.011
2026-01-18 16:14:18.697,1.012
2026-01-18 16:14:18.698,1.017
2026-01-18 16:14:18.714,1.016
2026-01-18 16:14:18.732,1.017
2026-01-18 16:14:18.733,1.023
2026-01-18 16:14:18.748,1.021
2026-01-18 16:14:18.765,1.022
2026-01-18 16:14:18.783,1.018
2026-01-18 16:14:18.783,1.016
2026-01-18 16:14:18.797,1.012
2026-01-18 16:14:18.814,1.011
2026-01-18 16:14:18.831,1.013
2026-01-18 16:14:18.832,1.013
2026-01-18 16:14:18.847,1.017
2026-01-18 16:14:18.864,1.015
2026-01-18 16:14:18.864,1.013
2026-01-18 16:14:18.881,1.021
2026-01-18 16:14:18.898,1.019
2026-01-18 16:14:18.913,1.021
2026-01-18 16:14:18.914,1.018
2026-01-18 16:14:18.931,1.024
2026-01-18 16:14:18.949,1.024
2026-01-18 16:14:18.949,1.023
2026-01-18 16:14:18.964,1.025
2026-01-18 16:14:18.981,1.022
2026-01-18 16:14:18.998,1.016
2026-01-18 16:14:18.998,1.016
2026-01-18 16:14:19.015,1.019
2026-01-18 16:14:19.031,1.021
2026-01-18 16:14:19.032,1.017
2026-01-18 16:14:19.048,1.019
2026-01-18 16:14:19.065,1.018
2026-01-18 16:14:19.083,1.02
2026-01-18 16:14:19.083,1.016
2026-01-18 16:14:19.098,1.012
2026-01-18 16:14:19.115,1.011
2026-01-18 16:14:19.116,1.015
2026-01-18 16:14:19.131,1.013
2026-01-18 16:14:19.149,1.015
2026-01-18 16:14:19.164,1.013
2026-01-18 16:14:19.164,1.014
2026-01-18 16:14:19.182,1.012
2026-01-18 16:14:19.198,1.007
2026-01-18 16:14:19.216,1.012
2026-01-18 16:14:19.216,1.009
2026-01-18 16:14:19.232,1.011
2026-01-18 16:14:19.249,1.013
2026-01-18 16:14:19.250,1.01
2026-01-18 16:14:19.265,1.011
2026-01-18 16:14:19.282,1.015
2026-01-18 16:14:19.298,1.018
2026-01-18 16:14:19.298,1.018
2026-01-18 16:14:19.314,1.017
2026-01-18 16:14:19.331,1.015
2026-01-18 16:14:19.347,1.017
2026-01-18 16:14:19.347,1.015
2026-01-18 16:14:19.365,1.015
2026-01-18 16:14:19.381,1.017
2026-01-18 16:14:19.381,1.015
2026-01-18 16:14:19.397,1.011
2026-01-18 16:14:19.414,1.007
2026-01-18 16:14:19.430,1.012
2026-01-18 16:14:19.431,1.01
2026-01-18 16:14:19.451,1.011
2026-01-18 16:14:19.464,1.011
2026-01-18 16:14:19.465,1.012
2026-01-18 16:14:19.481,1.011
2026-01-18 16:14:19.497,1.01
2026-01-18 16:14:19.514,1.01
2026-01-18 16:14:19.515,1.01
2026-01-18 16:14:19.531,1.014
2026-01-18 16:14:19.549,1.012
2026-01-18 16:14:19.549,1.01
2026-01-18 16:14:19.564,1.008
2026-01-18 16:14:19.583,1.009
2026-01-18 16:14:19.598,1.004
2026-01-18 16:14:19.614,1.008
2026-01-18 16:14:19.632,1.01
2026-01-18 16:14:19.633,1.013
2026-01-18 16:14:19.648,1.011
2026-01-18 16:14:19.664,1.012
2026-01-18 16:14:19.681,1.008
2026-01-18 16:14:19.682,1.008
2026-01-18 16:14:19.697,1.01
2026-01-18 16:14:19.715,1.01
2026-01-18 16:14:19.732,1.014
2026-01-18 16:14:19.732,1.011
2026-01-18 16:14:19.774,1.012
2026-01-18 16:14:19.775,1.013
2026-01-18 16:14:19.775,1.014
2026-01-18 16:14:19.786,1.012
2026-01-18 16:14:19.798,1.006
2026-01-18 16:14:19.814,1.013
2026-01-18 16:14:19.815,1.016
2026-01-18 16:14:19.831,1.016
2026-01-18 16:14:19.848,1.02
2026-01-18 16:14:19.848,1.016
2026-01-18 16:14:19.864,1.013
2026-01-18 16:14:19.881,1.015
2026-01-18 16:14:19.898,1.017
2026-01-18 16:14:19.899,1.017
2026-01-18 16:14:19.914,1.016
2026-01-18 16:14:19.931,1.023
2026-01-18 16:14:19.932,1.026
2026-01-18 16:14:19.949,1.021
2026-01-18 16:14:19.965,1.022
2026-01-18 16:14:19.981,1.018
2026-01-18 16:14:19.981,1.016
2026-01-18 16:14:19.998,1.02
2026-01-18 16:14:20.014,1.017
2026-01-18 16:14:20.030,1.019
2026-01-18 16:14:20.031,1.019
2026-01-18 16:14:20.047,1.019
2026-01-18 16:14:20.064,1.016
2026-01-18 16:14:20.064,1.016
2026-01-18 16:14:20.081,1.023
2026-01-18 16:14:20.097,1.021
2026-01-18 16:14:20.114,1.017
2026-01-18 16:14:20.114,1.018
2026-01-18 16:14:20.131,1.016
2026-01-18 16:14:20.147,1.018
2026-01-18 16:14:20.164,1.017
2026-01-18 16:14:20.164,1.018
2026-01-18 16:14:20.180,1.014
2026-01-18 16:14:20.198,1.011
2026-01-18 16:14:20.198,1.014
2026-01-18 16:14:20.215,1.016
2026-01-18 16:14:20.231,1.016
2026-01-18 16:14:20.232,1.015
2026-01-18 16:14:20.247,1.015
2026-01-18 16:14:20.264,1.016
2026-01-18 16:14:20.280,1.014
2026-01-18 16:14:20.281,1.016
2026-01-18 16:14:20.297,1.015
2026-01-18 16:14:20.313,1.021
2026-01-18 16:14:20.332,1.023
2026-01-18 16:14:20.332,1.02
2026-01-18 16:14:20.348,1.02
2026-01-18 16:14:20.364,1.021
2026-01-18 16:14:20.364,1.021
2026-01-18 16:14:20.381,1.024
2026-01-18 16:14:20.399,1.022
2026-01-18 16:14:20.415,1.019
2026-01-18 16:14:20.415,1.025
2026-01-18 16:14:20.438,1.026
2026-01-18 16:14:20.438,1.031
2026-01-18 16:14:20.449,1.026
2026-01-18 16:14:20.464,1.022
2026-01-18 16:14:20.480,1.015
2026-01-18 16:14:20.498,1.02
2026-01-18 16:14:20.498,1.023
2026-01-18 16:14:20.514,1.021
2026-01-18 16:14:20.530,1.022
2026-01-18 16:14:20.548,1.015
2026-01-18 16:14:20.548,1.019
2026-01-18 16:14:20.567,1.022
2026-01-18 16:14:20.581,1.025
2026-01-18 16:14:20.582,1.026
2026-01-18 16:14:20.597,1.025
2026-01-18 16:14:20.614,1.02
2026-01-18 16:14:20.632,1.016
2026-01-18 16:14:20.632,1.015
2026-01-18 16:14:20.648,1.018
2026-01-18 16:14:20.664,1.016
2026-01-18 16:14:20.665,1.017
2026-01-18 16:14:20.681,1.019
2026-01-18 16:14:20.699,1.02
2026-01-18 16:14:20.714,1.017
2026-01-18 16:14:20.714,1.011
2026-01-18 16:14:20.731,1.009
2026-01-18 16:14:20.747,1.008
2026-01-18 16:14:20.747,1.013
2026-01-18 16:14:20.764,1.017
2026-01-18 16:14:20.782,1.018
2026-01-18 16:14:20.798,1.018
2026-01-18 16:14:20.798,1.022
2026-01-18 16:14:20.832,1.025
2026-01-18 16:14:20.832,1.022
2026-01-18 16:14:20.849,1.02
2026-01-18 16:14:20.865,1.021
2026-01-18 16:14:20.881,1.017
2026-01-18 16:14:20.881,1.017
2026-01-18 16:14:20.899,1.024
2026-01-18 16:14:20.915,1.023
2026-01-18 16:14:20.933,1.022
2026-01-18 16:14:20.934,1.016
2026-01-18 16:14:20.948,1.02
2026-01-18 16:14:20.964,1.017
2026-01-18 16:14:20.965,1.016
2026-01-18 16:14:20.980,1.013
2026-01-18 16:14:20.998,1.012
2026-01-18 16:14:21.014,1.015
2026-01-18 16:14:21.015,1.014
2026-01-18 16:14:21.032,1.011
2026-01-18 16:14:21.051,1.013
2026-01-18 16:14:21.051,1.012
2026-01-18 16:14:21.067,1.011
2026-01-18 16:14:21.081,1.007
2026-01-18 16:14:21.097,1.008
2026-01-18 16:14:21.097,1.009
2026-01-18 16:14:21.127,1.01
2026-01-18 16:14:21.128,1.011
2026-01-18 16:14:21.136,1.011
2026-01-18 16:14:21.146,1.014
2026-01-18 16:14:21.165,1.016
2026-01-18 16:14:21.182,1.014
2026-01-18 16:14:21.182,1.013
2026-01-18 16:14:21.199,1.019
2026-01-18 16:14:21.215,1.02
2026-01-18 16:14:21.216,1.019
2026-01-18 16:14:21.231,1.016
2026-01-18 16:14:21.248,1.017
2026-01-18 16:14:21.265,1.017
2026-01-18 16:14:21.265,1.019
2026-01-18 16:14:21.282,1.016
2026-01-18 16:14:21.298,1.023
2026-01-18 16:14:21.315,1.023
2026-01-18 16:14:21.315,1.019
2026-01-18 16:14:21.332,1.017
2026-01-18 16:14:21.349,1.017
2026-01-18 16:14:21.349,1.017
2026-01-18 16:14:21.364,1.019
2026-01-18 16:14:21.382,1.016
2026-01-18 16:14:21.398,1.019
2026-01-18 16:14:21.398,1.019
2026-01-18 16:14:21.414,1.018
2026-01-18 16:14:21.438,1.02
2026-01-18 16:14:21.439,1.019
2026-01-18 16:14:21.447,1.017
2026-01-18 16:14:21.465,1.018
2026-01-18 16:14:21.484,1.017
2026-01-18 16:14:21.484,1.014
2026-01-18 16:14:21.497,1.014
2026-01-18 16:14:21.513,1.014
2026-01-18 16:14:21.530,1.009
2026-01-18 16:14:21.530,1.007
2026-01-18 16:14:21.546,1.009
2026-01-18 16:14:21.563,1.013
2026-01-18 16:14:21.580,1.011
2026-01-18 16:14:21.580,1.01
2026-01-18 16:14:21.597,1.009
2026-01-18 16:14:21.614,1.009
2026-01-18 16:14:21.615,1.007
2026-01-18 16:14:21.630,1.013
2026-01-18 16:14:21.647,1.016
2026-01-18 16:14:21.664,1.016
2026-01-18 16:14:21.665,1.015
2026-01-18 16:14:21.680,1.02
2026-01-18 16:14:21.697,1.02
2026-01-18 16:14:21.697,1.019
2026-01-18 16:14:21.714,1.019
2026-01-18 16:14:21.730,1.016
2026-01-18 16:14:21.747,1.015
2026-01-18 16:14:21.747,1.019
2026-01-18 16:14:21.764,1.019
2026-01-18 16:14:21.780,1.02
2026-01-18 16:14:21.781,1.023
2026-01-18 16:14:21.797,1.025
2026-01-18 16:14:21.813,1.03
2026-01-18 16:14:21.830,1.03
2026-01-18 16:14:21.830,1.03
2026-01-18 16:14:21.847,1.028
2026-01-18 16:14:21.864,1.03
2026-01-18 16:14:21.864,1.025
2026-01-18 16:14:21.880,1.019
2026-01-18 16:14:21.897,1.021
2026-01-18 16:14:21.914,1.021
2026-01-18 16:14:21.914,1.017
2026-01-18 16:14:21.929,1.015
2026-01-18 16:14:21.947,1.014
2026-01-18 16:14:21.964,1.012
2026-01-18 16:14:21.964,1.013
2026-01-18 16:14:21.981,1.018
2026-01-18 16:14:21.997,1.021
2026-01-18 16:14:21.997,1.021
2026-01-18 16:14:22.013,1.023
2026-01-18 16:14:22.030,1.021
2026-01-18 16:14:22.046,1.023
2026-01-18 16:14:22.046,1.021
2026-01-18 16:14:22.063,1.024
2026-01-18 16:14:22.080,1.022
2026-01-18 16:14:22.080,1.029
2026-01-18 16:14:22.098,1.031
2026-01-18 16:14:22.114,1.03
2026-01-18 16:14:22.130,1.03
2026-01-18 16:14:22.131,1.028
2026-01-18 16:14:22.147,1.023
2026-01-18 16:14:22.164,1.022
2026-01-18 16:14:22.164,1.02
2026-01-18 16:14:22.181,1.019
2026-01-18 16:14:22.198,1.023
2026-01-18 16:14:22.214,1.018
2026-01-18 16:14:22.215,1.017
2026-01-18 16:14:22.230,1.016
2026-01-18 16:14:22.249,1.016
2026-01-18 16:14:22.249,1.019
2026-01-18 16:14:22.264,1.015
2026-01-18 16:14:22.281,1.015
2026-01-18 16:14:22.298,1.011
2026-01-18 16:14:22.298,1.012
2026-01-18 16:14:22.313,1.011
2026-01-18 16:14:22.331,1.012
2026-01-18 16:14:22.348,1.008
2026-01-18 16:14:22.348,1.012
2026-01-18 16:14:22.364,1.01
2026-01-18 16:14:22.382,1.014
2026-01-18 16:14:22.382,1.009
2026-01-18 16:14:22.398,1.016
2026-01-18 16:14:22.414,1.014
2026-01-18 16:14:22.439,1.014
2026-01-18 16:14:22.439,1.013
2026-01-18 16:14:22.446,1.015
2026-01-18 16:14:22.465,1.013
2026-01-18 16:14:22.465,1.015
2026-01-18 16:14:22.493,1.012
2026-01-18 16:14:22.494,1.012
2026-01-18 16:14:22.503,1.021
2026-01-18 16:14:22.513,1.019
2026-01-18 16:14:22.531,1.017
2026-01-18 16:14:22.547,1.014
2026-01-18 16:14:22.548,1.013
2026-01-18 16:14:22.563,1.013
2026-01-18 16:14:22.581,1.013
2026-01-18 16:14:22.600,1.012
2026-01-18 16:14:22.600,1.014
2026-01-18 16:14:22.614,1.022
2026-01-18 16:14:22.631,1.025
2026-01-18 16:14:22.648,1.026
2026-01-18 16:14:22.649,1.022
2026-01-18 16:14:22.663,1.017
2026-01-18 16:14:22.681,1.016
2026-01-18 16:14:22.682,1.021
2026-01-18 16:14:22.697,1.02
2026-01-18 16:14:22.714,1.017
2026-01-18 16:14:22.732,1.013
2026-01-18 16:14:22.732,1.019
2026-01-18 16:14:22.747,1.018
2026-01-18 16:14:22.763,1.024
2026-01-18 16:14:22.782,1.027
2026-01-18 16:14:22.782,1.023
2026-01-18 16:14:22.797,1.019
2026-01-18 16:14:22.814,1.02
2026-01-18 16:14:22.815,1.02
2026-01-18 16:14:22.832,1.021
2026-01-18 16:14:22.848,1.018
2026-01-18 16:14:22.848,1.015
2026-01-18 16:14:22.864,1.015
2026-01-18 16:14:22.880,1.015
2026-01-18 16:14:22.898,1.019
2026-01-18 16:14:22.898,1.017
2026-01-18 16:14:22.915,1.018
2026-01-18 16:14:22.931,1.017
2026-01-18 16:14:22.948,1.016
2026-01-18 16:14:22.948,1.016
2026-01-18 16:14:22.964,1.017
2026-01-18 16:14:22.980,1.013
2026-01-18 16:14:22.980,1.02
2026-01-18 16:14:22.996,1.019
2026-01-18 16:14:23.013,1.014
2026-01-18 16:14:23.030,1.014
2026-01-18 16:14:23.031,1.012
2026-01-18 16:14:23.047,1.01
2026-01-18 16:14:23.064,1.009
2026-01-18 16:14:23.065,1.011
2026-01-18 16:14:23.081,1.012
2026-01-18 16:14:23.097,1.012
2026-01-18 16:14:23.114,1.015
2026-01-18 16:14:23.114,1.021
2026-01-18 16:14:23.132,1.02
2026-01-18 16:14:23.148,1.019
2026-01-18 16:14:23.148,1.02
2026-01-18 16:14:23.163,1.021
2026-01-18 16:14:23.180,1.019
2026-01-18 16:14:23.197,1.015
2026-01-18 16:14:23.197,1.015
2026-01-18 16:14:23.214,1.017
2026-01-18 16:14:23.231,1.014
2026-01-18 16:14:23.247,1.017
2026-01-18 16:14:23.248,1.021
2026-01-18 16:14:23.265,1.021
2026-01-18 16:14:23.281,1.026
2026-01-18 16:14:23.281,1.023
2026-01-18 16:14:23.297,1.022
2026-01-18 16:14:23.314,1.017
2026-01-18 16:14:23.331,1.019
2026-01-18 16:14:23.331,1.017
2026-01-18 16:14:23.348,1.019
2026-01-18 16:14:23.363,1.019
2026-01-18 16:14:23.364,1.019
2026-01-18 16:14:23.381,1.019
2026-01-18 16:14:23.398,1.019
2026-01-18 16:14:23.413,1.013
2026-01-18 16:14:23.414,1.01
2026-01-18 16:14:23.430,1.012
2026-01-18 16:14:23.456,1.011
2026-01-18 16:14:23.456,1.013
2026-01-18 16:14:23.466,1.013
2026-01-18 16:14:23.480,1.01
2026-01-18 16:14:23.498,1.01
2026-01-18 16:14:23.498,1.009
2026-01-18 16:14:23.514,1.006
2026-01-18 16:14:23.532,1.005
2026-01-18 16:14:23.532,1.007
2026-01-18 16:14:23.547,1.006
2026-01-18 16:14:23.564,1.008
2026-01-18 16:14:23.580,1.007
2026-01-18 16:14:23.581,1.005
2026-01-18 16:14:23.596,1.006
2026-01-18 16:14:23.614,1.014
2026-01-18 16:14:23.630,1.017
2026-01-18 16:14:23.631,1.014
2026-01-18 16:14:23.648,1.016
2026-01-18 16:14:23.664,1.021
2026-01-18 16:14:23.664,1.02
2026-01-18 16:14:23.680,1.023
2026-01-18 16:14:23.698,1.021
2026-01-18 16:14:23.714,1.028
2026-01-18 16:14:23.714,1.027
2026-01-18 16:14:23.731,1.024
2026-01-18 16:14:23.746,1.025
2026-01-18 16:14:23.763,1.03
2026-01-18 16:14:23.763,1.026
2026-01-18 16:14:23.780,1.027
2026-01-18 16:14:23.797,1.024
2026-01-18 16:14:23.797,1.031
2026-01-18 16:14:23.814,1.031
2026-01-18 16:14:23.829,1.028
2026-01-18 16:14:23.865,1.029
2026-01-18 16:14:23.865,1.027
2026-01-18 16:14:23.865,1.022
2026-01-18 16:14:23.874,1.02
2026-01-18 16:14:23.895,1.021
2026-01-18 16:14:23.897,1.025
2026-01-18 16:14:23.913,1.019
2026-01-18 16:14:23.931,1.021
2026-01-18 16:14:23.931,1.02
2026-01-18 16:14:23.947,1.019
2026-01-18 16:14:23.963,1.023
2026-01-18 16:14:23.963,1.024
2026-01-18 16:14:23.981,1.028
2026-01-18 16:14:23.998,1.022
2026-01-18 16:14:24.013,1.028
2026-01-18 16:14:24.013,1.031
2026-01-18 16:14:24.031,1.027
2026-01-18 16:14:24.048,1.025
2026-01-18 16:14:24.048,1.025
2026-01-18 16:14:24.063,1.023
2026-01-18 16:14:24.082,1.026
2026-01-18 16:14:24.097,1.022
2026-01-18 16:14:24.097,1.021
2026-01-18 16:14:24.115,1.018
2026-01-18 16:14:24.130,1.019
2026-01-18 16:14:24.147,1.017
2026-01-18 16:14:24.147,1.017
2026-01-18 16:14:24.164,1.015
2026-01-18 16:14:24.181,1.017
2026-01-18 16:14:24.181,1.016
2026-01-18 16:14:24.197,1.018
2026-01-18 16:14:24.215,1.025
2026-01-18 16:14:24.216,1.021
2026-01-18 16:14:24.231,1.016
2026-01-18 16:14:24.247,1.014
2026-01-18 16:14:24.263,1.017
2026-01-18 16:14:24.265,1.014
2026-01-18 16:14:24.281,1.015
2026-01-18 16:14:24.297,1.011
2026-01-18 16:14:24.314,1.015
2026-01-18 16:14:24.314,1.015
2026-01-18 16:14:24.330,1.016
2026-01-18 16:14:24.347,1.02
2026-01-18 16:14:24.348,1.019
2026-01-18 16:14:24.364,1.024
2026-01-18 16:14:24.381,1.024
2026-01-18 16:14:24.398,1.022
2026-01-18 16:14:24.398,1.021
2026-01-18 16:14:24.414,1.018
2026-01-18 16:14:24.430,1.019
2026-01-18 16:14:24.452,1.017
2026-01-18 16:14:24.452,1.02
2026-01-18 16:14:24.463,1.021
2026-01-18 16:14:24.481,1.019
2026-01-18 16:14:24.481,1.024
2026-01-18 16:14:24.498,1.025
2026-01-18 16:14:24.514,1.022
2026-01-18 16:14:24.531,1.018
2026-01-18 16:14:24.531,1.018
2026-01-18 16:14:24.548,1.019
2026-01-18 16:14:24.564,1.017
2026-01-18 16:14:24.564,1.024
2026-01-18 16:14:24.581,1.022
2026-01-18 16:14:24.598,1.018
2026-01-18 16:14:24.614,1.015
2026-01-18 16:14:24.614,1.021
2026-01-18 16:14:24.629,1.016
2026-01-18 16:14:24.646,1.015
2026-01-18 16:14:24.663,1.017
2026-01-18 16:14:24.663,1.018
2026-01-18 16:14:24.680,1.021
2026-01-18 16:14:24.697,1.022
2026-01-18 16:14:24.697,1.022
2026-01-18 16:14:24.715,1.02
2026-01-18 16:14:24.731,1.018
2026-01-18 16:14:24.731,1.011
2026-01-18 16:14:24.747,1.015
2026-01-18 16:14:24.763,1.022
2026-01-18 16:14:24.781,1.023
2026-01-18 16:14:24.781,1.022
2026-01-18 16:14:24.795,1.019
2026-01-18 16:14:24.813,1.017
2026-01-18 16:14:24.834,1.017
2026-01-18 16:14:24.834,1.013
2026-01-18 16:14:24.847,1.016
2026-01-18 16:14:24.864,1.014
2026-01-18 16:14:24.864,1.014
2026-01-18 16:14:24.880,1.018
2026-01-18 16:14:24.897,1.021
2026-01-18 16:14:24.913,1.02
2026-01-18 16:14:24.914,1.015
2026-01-18 16:14:24.931,1.018
2026-01-18 16:14:24.947,1.014
2026-01-18 16:14:24.964,1.015
2026-01-18 16:14:24.965,1.015
2026-01-18 16:14:24.980,1.017
2026-01-18 16:14:24.996,1.017
2026-01-18 16:14:24.996,1.015
2026-01-18 16:14:25.013,1.015
2026-01-18 16:14:25.031,1.018
2026-01-18 16:14:25.047,1.017
2026-01-18 16:14:25.048,1.01
2026-01-18 16:14:25.065,1.014
2026-01-18 16:14:25.080,1.013
2026-01-18 16:14:25.081,1.009
2026-01-18 16:14:25.096,1.008
2026-01-18 16:14:25.113,1.013
2026-01-18 16:14:25.131,1.007
2026-01-18 16:14:25.131,1.009
2026-01-18 16:14:25.147,1.006
2026-01-18 16:14:25.164,1.005
2026-01-18 16:14:25.164,1.004
2026-01-18 16:14:25.181,1.003
2026-01-18 16:14:25.242,1.002
2026-01-18 16:14:25.244,1.001
2026-01-18 16:14:25.244,1.001
2026-01-18 16:14:25.244,1.01
2026-01-18 16:14:25.245,1.006
2026-01-18 16:14:25.255,1.004
2026-01-18 16:14:25.264,1.01
2026-01-18 16:14:25.280,1.007
2026-01-18 16:14:25.297,1.004
2026-01-18 16:14:25.297,1.006
2026-01-18 16:14:25.313,1.004
2026-01-18 16:14:25.331,1.012
2026-01-18 16:14:25.348,1.012
2026-01-18 16:14:25.348,1.009
2026-01-18 16:14:25.364,1.008
2026-01-18 16:14:25.380,1.008
2026-01-18 16:14:25.381,1.013
2026-01-18 16:14:25.398,1.016
2026-01-18 16:14:25.413,1.015
2026-01-18 16:14:25.431,1.016
2026-01-18 16:14:25.431,1.017
2026-01-18 16:14:25.448,1.014
2026-01-18 16:14:25.469,1.015
2026-01-18 16:14:25.469,1.019
2026-01-18 16:14:25.480,1.021
2026-01-18 16:14:25.498,1.02
2026-01-18 16:14:25.514,1.027
2026-01-18 16:14:25.514,1.031
2026-01-18 16:14:25.530,1.033
2026-01-18 16:14:25.547,1.035
2026-01-18 16:14:25.548,1.036
2026-01-18 16:14:25.563,1.03
2026-01-18 16:14:25.581,1.027
2026-01-18 16:14:25.598,1.025
2026-01-18 16:14:25.598,1.025
2026-01-18 16:14:25.614,1.027
2026-01-18 16:14:25.630,1.027
2026-01-18 16:14:25.647,1.028
2026-01-18 16:14:25.648,1.023
2026-01-18 16:14:25.663,1.019
2026-01-18 16:14:25.681,1.02
2026-01-18 16:14:25.681,1.022
2026-01-18 16:14:25.697,1.019
2026-01-18 16:14:25.713,1.021
2026-01-18 16:14:25.729,1.02
2026-01-18 16:14:25.729,1.02
2026-01-18 16:14:25.746,1.022
2026-01-18 16:14:25.763,1.025
2026-01-18 16:14:25.764,1.028
2026-01-18 16:14:25.780,1.027
2026-01-18 16:14:25.797,1.028
2026-01-18 16:14:25.813,1.033
2026-01-18 16:14:25.813,1.033
2026-01-18 16:14:25.830,1.031
2026-01-18 16:14:25.846,1.031
2026-01-18 16:14:25.863,1.033
2026-01-18 16:14:25.863,1.026
2026-01-18 16:14:25.881,1.028
2026-01-18 16:14:25.898,1.033
2026-01-18 16:14:25.898,1.036
2026-01-18 16:14:25.914,1.031
2026-01-18 16:14:25.930,1.032
2026-01-18 16:14:25.947,1.029
2026-01-18 16:14:25.948,1.028
2026-01-18 16:14:25.964,1.028
2026-01-18 16:14:25.979,1.023
2026-01-18 16:14:25.980,1.018
2026-01-18 16:14:25.996,1.018
2026-01-18 16:14:26.012,1.018
2026-01-18 16:14:26.029,1.015
2026-01-18 16:14:26.029,1.013
2026-01-18 16:14:26.047,1.017
2026-01-18 16:14:26.063,1.016
2026-01-18 16:14:26.079,1.019
2026-01-18 16:14:26.079,1.021
2026-01-18 16:14:26.096,1.021
2026-01-18 16:14:26.113,1.019
2026-01-18 16:14:26.114,1.022
2026-01-18 16:14:26.129,1.02
2026-01-18 16:14:26.148,1.018
2026-01-18 16:14:26.148,1.02
2026-01-18 16:14:26.164,1.016
2026-01-18 16:14:26.181,1.021
2026-01-18 16:14:26.197,1.019
2026-01-18 16:14:26.198,1.016
2026-01-18 16:14:26.213,1.017
2026-01-18 16:14:26.230,1.021
2026-01-18 16:14:26.247,1.019
2026-01-18 16:14:26.247,1.023
2026-01-18 16:14:26.263,1.02
2026-01-18 16:14:26.281,1.022
2026-01-18 16:14:26.281,1.024
2026-01-18 16:14:26.297,1.021
2026-01-18 16:14:26.314,1.016
2026-01-18 16:14:26.330,1.019
2026-01-18 16:14:26.330,1.018
2026-01-18 16:14:26.348,1.017
2026-01-18 16:14:26.363,1.02
2026-01-18 16:14:26.381,1.017
2026-01-18 16:14:26.381,1.017
2026-01-18 16:14:26.398,1.015
2026-01-18 16:14:26.414,1.015
2026-01-18 16:14:26.414,1.017
2026-01-18 16:14:26.430,1.018
2026-01-18 16:14:26.447,1.017
2026-01-18 16:14:26.447,1.016
2026-01-18 16:14:26.471,1.014
2026-01-18 16:14:26.479,1.015
2026-01-18 16:14:26.497,1.017
2026-01-18 16:14:26.497,1.015
2026-01-18 16:14:26.514,1.019
2026-01-18 16:14:26.529,1.017
2026-01-18 16:14:26.548,1.023
2026-01-18 16:14:26.548,1.022
2026-01-18 16:14:26.588,1.022
2026-01-18 16:14:26.588,1.018
2026-01-18 16:14:26.589,1.022
2026-01-18 16:14:26.596,1.017
2026-01-18 16:14:26.613,1.017
2026-01-18 16:14:26.629,1.015
2026-01-18 16:14:26.629,1.016
2026-01-18 16:14:26.647,1.02
2026-01-18 16:14:26.664,1.017
2026-01-18 16:14:26.665,1.017
2026-01-18 16:14:26.680,1.017
2026-01-18 16:14:26.696,1.02
2026-01-18 16:14:26.712,1.019
2026-01-18 16:14:26.712,1.018
2026-01-18 16:14:26.731,1.018
2026-01-18 16:14:26.747,1.019
2026-01-18 16:14:26.763,1.023
2026-01-18 16:14:26.764,1.025
2026-01-18 16:14:26.781,1.022
2026-01-18 16:14:26.797,1.019
2026-01-18 16:14:26.797,1.02
2026-01-18 16:14:26.814,1.021
2026-01-18 16:14:26.830,1.025
2026-01-18 16:14:26.847,1.023
2026-01-18 16:14:26.847,1.028
2026-01-18 16:14:26.863,1.023
2026-01-18 16:14:26.881,1.021
2026-01-18 16:14:26.881,1.019
2026-01-18 16:14:26.897,1.016
2026-01-18 16:14:26.914,1.015
2026-01-18 16:14:26.930,1.022
2026-01-18 16:14:26.930,1.023
2026-01-18 16:14:26.947,1.018
2026-01-18 16:14:26.963,1.016
2026-01-18 16:14:26.964,1.012
2026-01-18 16:14:26.980,1.012
2026-01-18 16:14:26.997,1.009
2026-01-18 16:14:27.013,1.01
2026-01-18 16:14:27.013,1.018
2026-01-18 16:14:27.029,1.017
2026-01-18 16:14:27.047,1.019
2026-01-18 16:14:27.064,1.022
2026-01-18 16:14:27.064,1.021
2026-01-18 16:14:27.081,1.024
2026-01-18 16:14:27.096,1.021
2026-01-18 16:14:27.096,1.021
2026-01-18 16:14:27.112,1.026
2026-01-18 16:14:27.131,1.023
2026-01-18 16:14:27.148,1.02
2026-01-18 16:14:27.148,1.025
2026-01-18 16:14:27.163,1.019
2026-01-18 16:14:27.180,1.016
2026-01-18 16:14:27.181,1.013
2026-01-18 16:14:27.198,1.014
2026-01-18 16:14:27.215,1.018
2026-01-18 16:14:27.229,1.015
2026-01-18 16:14:27.229,1.011
2026-01-18 16:14:27.247,1.014
2026-01-18 16:14:27.264,1.014
2026-01-18 16:14:27.264,1.015
2026-01-18 16:14:27.281,1.017
2026-01-18 16:14:27.296,1.015
2026-01-18 16:14:27.313,1.02
2026-01-18 16:14:27.313,1.02
2026-01-18 16:14:27.330,1.02
2026-01-18 16:14:27.347,1.02
2026-01-18 16:14:27.347,1.017
2026-01-18 16:14:27.363,1.024
2026-01-18 16:14:27.380,1.027
2026-01-18 16:14:27.396,1.028
2026-01-18 16:14:27.396,1.032
2026-01-18 16:14:27.412,1.032
2026-01-18 16:14:27.431,1.029
2026-01-18 16:14:27.445,1.031
2026-01-18 16:14:27.445,1.032
2026-01-18 16:14:27.464,1.029
2026-01-18 16:14:27.485,1.022
2026-01-18 16:14:27.486,1.021
2026-01-18 16:14:27.497,1.02
2026-01-18 16:14:27.513,1.02
2026-01-18 16:14:27.530,1.022
2026-01-18 16:14:27.531,1.021
2026-01-18 16:14:27.547,1.019
2026-01-18 16:14:27.563,1.023
2026-01-18 16:14:27.580,1.023
2026-01-18 16:14:27.580,1.019
2026-01-18 16:14:27.596,1.021
2026-01-18 16:14:27.613,1.02
2026-01-18 16:14:27.613,1.02
2026-01-18 16:14:27.630,1.023
2026-01-18 16:14:27.646,1.021
2026-01-18 16:14:27.663,1.018
2026-01-18 16:14:27.663,1.017
2026-01-18 16:14:27.679,1.015
2026-01-18 16:14:27.696,1.016
2026-01-18 16:14:27.696,1.017
2026-01-18 16:14:27.713,1.021
2026-01-18 16:14:27.731,1.017
2026-01-18 16:14:27.747,1.016
2026-01-18 16:14:27.747,1.014
2026-01-18 16:14:27.762,1.013
2026-01-18 16:14:27.780,1.015
2026-01-18 16:14:27.780,1.019
2026-01-18 16:14:27.796,1.015
2026-01-18 16:14:27.814,1.016
2026-01-18 16:14:27.830,1.015
2026-01-18 16:14:27.830,1.023
2026-01-18 16:14:27.845,1.021
2026-01-18 16:14:27.862,1.02
2026-01-18 16:14:27.881,1.02
2026-01-18 16:14:27.881,1.017
2026-01-18 16:14:27.895,1.01
2026-01-18 16:14:27.912,1.021
2026-01-18 16:14:27.912,1.019
2026-01-18 16:14:27.952,1.017
2026-01-18 16:14:27.953,1.016
2026-01-18 16:14:27.953,1.016
2026-01-18 16:14:27.960,1.019
2026-01-18 16:14:27.980,1.018
2026-01-18 16:14:27.998,1.018
2026-01-18 16:14:27.998,1.017
2026-01-18 16:14:28.013,1.025
2026-01-18 16:14:28.030,1.026
2026-01-18 16:14:28.046,1.03
2026-01-18 16:14:28.047,1.029
2026-01-18 16:14:28.064,1.027
2026-01-18 16:14:28.080,1.029
2026-01-18 16:14:28.080,1.029
2026-01-18 16:14:28.096,1.029
2026-01-18 16:14:28.113,1.028
2026-01-18 16:14:28.129,1.027
2026-01-18 16:14:28.130,1.031
2026-01-18 16:14:28.146,1.025
2026-01-18 16:14:28.162,1.024
2026-01-18 16:14:28.178,1.021
2026-01-18 16:14:28.178,1.022
2026-01-18 16:14:28.195,1.016
2026-01-18 16:14:28.214,1.016
2026-01-18 16:14:28.215,1.018
2026-01-18 16:14:28.228,1.019
2026-01-18 16:14:28.246,1.017
2026-01-18 16:14:28.262,1.02
2026-01-18 16:14:28.262,1.018
2026-01-18 16:14:28.280,1.015
2026-01-18 16:14:28.296,1.021
2026-01-18 16:14:28.297,1.019
2026-01-18 16:14:28.312,1.016
2026-01-18 16:14:28.329,1.013
2026-01-18 16:14:28.346,1.011
2026-01-18 16:14:28.346,1.006
2026-01-18 16:14:28.363,1.009
2026-01-18 16:14:28.380,1.013
2026-01-18 16:14:28.380,1.018
2026-01-18 16:14:28.398,1.026
2026-01-18 16:14:28.413,1.028
2026-01-18 16:14:28.430,1.03
2026-01-18 16:14:28.431,1.026
2026-01-18 16:14:28.446,1.028
2026-01-18 16:14:28.468,1.024
2026-01-18 16:14:28.469,1.023
2026-01-18 16:14:28.479,1.024
2026-01-18 16:14:28.496,1.022
2026-01-18 16:14:28.512,1.023
2026-01-18 16:14:28.513,1.02
2026-01-18 16:14:28.529,1.022
2026-01-18 16:14:28.547,1.022
2026-01-18 16:14:28.563,1.027
2026-01-18 16:14:28.563,1.027
2026-01-18 16:14:28.581,1.028
2026-01-18 16:14:28.596,1.023
2026-01-18 16:14:28.596,1.022
2026-01-18 16:14:28.613,1.018
2026-01-18 16:14:28.630,1.021
2026-01-18 16:14:28.645,1.017
2026-01-18 16:14:28.646,1.014
2026-01-18 16:14:28.666,1.016
2026-01-18 16:14:28.679,1.013
2026-01-18 16:14:28.695,1.016
2026-01-18 16:14:28.695,1.018
2026-01-18 16:14:28.712,1.024
2026-01-18 16:14:28.729,1.024
2026-01-18 16:14:28.730,1.023
2026-01-18 16:14:28.746,1.024
2026-01-18 16:14:28.763,1.02
2026-01-18 16:14:28.779,1.016
2026-01-18 16:14:28.779,1.012
2026-01-18 16:14:28.796,1.014
2026-01-18 16:14:28.813,1.012
2026-01-18 16:14:28.813,1.014
2026-01-18 16:14:28.829,1.011
2026-01-18 16:14:28.846,1.011
2026-01-18 16:14:28.862,1.013
2026-01-18 16:14:28.862,1.013
2026-01-18 16:14:28.881,1.017
2026-01-18 16:14:28.896,1.018
2026-01-18 16:14:28.897,1.021
2026-01-18 16:14:28.913,1.019
2026-01-18 16:14:28.930,1.02
2026-01-18 16:14:28.946,1.021
2026-01-18 16:14:28.946,1.023
2026-01-18 16:14:28.962,1.027
2026-01-18 16:14:28.979,1.029
2026-01-18 16:14:28.995,1.028
2026-01-18 16:14:28.995,1.025
2026-01-18 16:14:29.012,1.021
2026-01-18 16:14:29.029,1.022
2026-01-18 16:14:29.030,1.023
2026-01-18 16:14:29.046,1.025
2026-01-18 16:14:29.062,1.021
2026-01-18 16:14:29.079,1.018
2026-01-18 16:14:29.080,1.014
2026-01-18 16:14:29.096,1.012
2026-01-18 16:14:29.114,1.015
2026-01-18 16:14:29.114,1.023
2026-01-18 16:14:29.128,1.02
2026-01-18 16:14:29.147,1.019
2026-01-18 16:14:29.148,1.013
2026-01-18 16:14:29.163,1.012
2026-01-18 16:14:29.180,1.017
2026-01-18 16:14:29.196,1.019
2026-01-18 16:14:29.196,1.016
2026-01-18 16:14:29.214,1.019
2026-01-18 16:14:29.230,1.018
2026-01-18 16:14:29.247,1.018
2026-01-18 16:14:29.247,1.018
2026-01-18 16:14:29.263,1.015
2026-01-18 16:14:29.279,1.016
2026-01-18 16:14:29.306,1.013
2026-01-18 16:14:29.306,1.011
2026-01-18 16:14:29.307,1.008
2026-01-18 16:14:29.318,1.008
2026-01-18 16:14:29.329,1.008
2026-01-18 16:14:29.346,1.008
2026-01-18 16:14:29.363,1.009
2026-01-18 16:14:29.380,1.007
2026-01-18 16:14:29.380,1.007
2026-01-18 16:14:29.397,1.004
2026-01-18 16:14:29.413,1.007
2026-01-18 16:14:29.413,1.01
2026-01-18 16:14:29.430,1.015
2026-01-18 16:14:29.447,1.011
2026-01-18 16:14:29.462,1.011
2026-01-18 16:14:29.463,1.013
2026-01-18 16:14:29.486,1.017
2026-01-18 16:14:29.486,1.016
2026-01-18 16:14:29.496,1.018
2026-01-18 16:14:29.512,1.022
2026-01-18 16:14:29.531,1.02
2026-01-18 16:14:29.545,1.02
2026-01-18 16:14:29.545,1.022
2026-01-18 16:14:29.563,1.019
2026-01-18 16:14:29.581,1.017
2026-01-18 16:14:29.581,1.018
2026-01-18 16:14:29.597,1.021
2026-01-18 16:14:29.613,1.019
2026-01-18 16:14:29.630,1.021
2026-01-18 16:14:29.631,1.019
2026-01-18 16:14:29.646,1.02
2026-01-18 16:14:29.662,1.02
2026-01-18 16:14:29.679,1.019
2026-01-18 16:14:29.680,1.02
2026-01-18 16:14:29.696,1.023
2026-01-18 16:14:29.713,1.022
2026-01-18 16:14:29.714,1.024
2026-01-18 16:14:29.730,1.027
2026-01-18 16:14:29.747,1.029
2026-01-18 16:14:29.763,1.027
2026-01-18 16:14:29.764,1.023
2026-01-18 16:14:29.780,1.021
2026-01-18 16:14:29.797,1.026
2026-01-18 16:14:29.797,1.026
2026-01-18 16:14:29.812,1.022
2026-01-18 16:14:29.830,1.017
2026-01-18 16:14:29.847,1.016
2026-01-18 16:14:29.847,1.019
2026-01-18 16:14:29.864,1.019
2026-01-18 16:14:29.879,1.023
2026-01-18 16:14:29.880,1.025
2026-01-18 16:14:29.897,1.023
2026-01-18 16:14:29.913,1.024
2026-01-18 16:14:29.929,1.025
2026-01-18 16:14:29.930,1.025
2026-01-18 16:14:29.946,1.023
2026-01-18 16:14:29.962,1.021
2026-01-18 16:14:29.980,1.025
2026-01-18 16:14:29.981,1.03
2026-01-18 16:14:29.996,1.031
2026-01-18 16:14:30.012,1.028
2026-01-18 16:14:30.013,1.026
2026-01-18 16:14:30.029,1.026
2026-01-18 16:14:30.046,1.025
2026-01-18 16:14:30.064,1.02
2026-01-18 16:14:30.064,1.026
2026-01-18 16:14:30.080,1.021
2026-01-18 16:14:30.096,1.021
2026-01-18 16:14:30.096,1.02
2026-01-18 16:14:30.113,1.023
2026-01-18 16:14:30.130,1.019
2026-01-18 16:14:30.146,1.018
2026-01-18 16:14:30.146,1.015
2026-01-18 16:14:30.163,1.016
2026-01-18 16:14:30.179,1.018
2026-01-18 16:14:30.180,1.017
2026-01-18 16:14:30.197,1.016
2026-01-18 16:14:30.212,1.012
2026-01-18 16:14:30.228,1.017
2026-01-18 16:14:30.229,1.018
2026-01-18 16:14:30.245,1.011
2026-01-18 16:14:30.263,1.01
2026-01-18 16:14:30.278,1.008
2026-01-18 16:14:30.279,1.011
2026-01-18 16:14:30.295,1.015
2026-01-18 16:14:30.311,1.013
2026-01-18 16:14:30.312,1.017
2026-01-18 16:14:30.329,1.012
2026-01-18 16:14:30.346,1.017
2026-01-18 16:14:30.362,1.015
2026-01-18 16:14:30.362,1.013
2026-01-18 16:14:30.379,1.02
2026-01-18 16:14:30.396,1.014
2026-01-18 16:14:30.396,1.019
2026-01-18 16:14:30.412,1.019
2026-01-18 16:14:30.428,1.018
2026-01-18 16:14:30.445,1.015
2026-01-18 16:14:30.446,1.014
2026-01-18 16:14:30.462,1.011
2026-01-18 16:14:30.484,1.014
2026-01-18 16:14:30.484,1.017
2026-01-18 16:14:30.496,1.015
2026-01-18 16:14:30.512,1.012
2026-01-18 16:14:30.528,1.014
2026-01-18 16:14:30.529,1.017
2026-01-18 16:14:30.545,1.019
2026-01-18 16:14:30.563,1.022
2026-01-18 16:14:30.578,1.021
2026-01-18 16:14:30.579,1.02
2026-01-18 16:14:30.595,1.023
2026-01-18 16:14:30.612,1.02
2026-01-18 16:14:30.613,1.022
2026-01-18 16:14:30.628,1.019
2026-01-18 16:14:30.668,1.019
2026-01-18 16:14:30.669,1.023
2026-01-18 16:14:30.669,1.019
2026-01-18 16:14:30.678,1.022
2026-01-18 16:14:30.695,1.018
2026-01-18 16:14:30.698,1.021
2026-01-18 16:14:30.712,1.017
2026-01-18 16:14:30.729,1.021
2026-01-18 16:14:30.746,1.024
2026-01-18 16:14:30.746,1.025
2026-01-18 16:14:30.761,1.025
2026-01-18 16:14:30.778,1.02
2026-01-18 16:14:30.795,1.025
2026-01-18 16:14:30.795,1.025
2026-01-18 16:14:30.811,1.022
2026-01-18 16:14:30.829,1.022
2026-01-18 16:14:30.829,1.021
2026-01-18 16:14:30.846,1.022
2026-01-18 16:14:30.861,1.026
2026-01-18 16:14:30.879,1.024
2026-01-18 16:14:30.879,1.026
2026-01-18 16:14:30.895,1.02
2026-01-18 16:14:30.911,1.018
2026-01-18 16:14:30.911,1.018
2026-01-18 16:14:30.929,1.015
2026-01-18 16:14:30.946,1.012
2026-01-18 16:14:30.962,1.014
2026-01-18 16:14:30.962,1.014
2026-01-18 16:14:30.978,1.016
2026-01-18 16:14:30.996,1.016
2026-01-18 16:14:30.996,1.014
2026-01-18 16:14:31.012,1.016
2026-01-18 16:14:31.029,1.013
2026-01-18 16:14:31.044,1.018
2026-01-18 16:14:31.045,1.021
2026-01-18 16:14:31.062,1.022
2026-01-18 16:14:31.080,1.018
2026-01-18 16:14:31.081,1.02
2026-01-18 16:14:31.096,1.018
2026-01-18 16:14:31.112,1.021
2026-01-18 16:14:31.130,1.018
2026-01-18 16:14:31.130,1.017
2026-01-18 16:14:31.146,1.016
2026-01-18 16:14:31.163,1.012
2026-01-18 16:14:31.180,1.015
2026-01-18 16:14:31.180,1.014
2026-01-18 16:14:31.197,1.01
2026-01-18 16:14:31.214,1.015
2026-01-18 16:14:31.214,1.019
2026-01-18 16:14:31.229,1.019
2026-01-18 16:14:31.247,1.021
2026-01-18 16:14:31.262,1.02
2026-01-18 16:14:31.263,1.02
2026-01-18 16:14:31.280,1.015
2026-01-18 16:14:31.297,1.018
2026-01-18 16:14:31.297,1.016
2026-01-18 16:14:31.313,1.016
2026-01-18 16:14:31.330,1.022
2026-01-18 16:14:31.347,1.021
2026-01-18 16:14:31.347,1.021
2026-01-18 16:14:31.362,1.021
2026-01-18 16:14:31.380,1.019
2026-01-18 16:14:31.380,1.018
2026-01-18 16:14:31.397,1.017
2026-01-18 16:14:31.412,1.022
2026-01-18 16:14:31.430,1.02
2026-01-18 16:14:31.430,1.025
2026-01-18 16:14:31.445,1.025
2026-01-18 16:14:31.468,1.021
2026-01-18 16:14:31.468,1.022
2026-01-18 16:14:31.478,1.016
2026-01-18 16:14:31.496,1.012
2026-01-18 16:14:31.513,1.012
2026-01-18 16:14:31.513,1.009
2026-01-18 16:14:31.530,1.012
2026-01-18 16:14:31.547,1.01
2026-01-18 16:14:31.563,1.01
2026-01-18 16:14:31.563,1.008
2026-01-18 16:14:31.579,1.011
2026-01-18 16:14:31.597,1.012
2026-01-18 16:14:31.597,1.014
2026-01-18 16:14:31.613,1.019
2026-01-18 16:14:31.629,1.019
2026-01-18 16:14:31.648,1.013
2026-01-18 16:14:31.648,1.014
2026-01-18 16:14:31.662,1.013
2026-01-18 16:14:31.679,1.01
2026-01-18 16:14:31.680,1.006
2026-01-18 16:14:31.696,1.005
2026-01-18 16:14:31.712,1.005
2026-01-18 16:14:31.731,1.005
2026-01-18 16:14:31.731,1.009
2026-01-18 16:14:31.745,1.011
2026-01-18 16:14:31.763,1.012
2026-01-18 16:14:31.763,1.013
2026-01-18 16:14:31.779,1.006
2026-01-18 16:14:31.795,1.009
2026-01-18 16:14:31.813,1.01
2026-01-18 16:14:31.813,1.011
2026-01-18 16:14:31.829,1.011
2026-01-18 16:14:31.847,1.019
2026-01-18 16:14:31.863,1.02
2026-01-18 16:14:31.863,1.017
2026-01-18 16:14:31.879,1.014
2026-01-18 16:14:31.897,1.013
2026-01-18 16:14:31.897,1.015
2026-01-18 16:14:31.911,1.012
2026-01-18 16:14:31.930,1.017
2026-01-18 16:14:31.947,1.018
2026-01-18 16:14:31.947,1.019
2026-01-18 16:14:31.963,1.015
2026-01-18 16:14:31.979,1.013
2026-01-18 16:14:31.980,1.013
2026-01-18 16:14:31.996,1.013
2026-01-18 16:14:32.050,1.015
2026-01-18 16:14:32.051,1.017
2026-01-18 16:14:32.052,1.014
2026-01-18 16:14:32.052,1.012
2026-01-18 16:14:32.052,1.02
2026-01-18 16:14:32.080,1.016
2026-01-18 16:14:32.080,1.017
2026-01-18 16:14:32.095,1.019
2026-01-18 16:14:32.114,1.018
2026-01-18 16:14:32.114,1.02
2026-01-18 16:14:32.129,1.024
2026-01-18 16:14:32.146,1.021
2026-01-18 16:14:32.162,1.016
2026-01-18 16:14:32.163,1.017
2026-01-18 16:14:32.180,1.014
2026-01-18 16:14:32.196,1.011
2026-01-18 16:14:32.196,1.014
2026-01-18 16:14:32.215,1.009
2026-01-18 16:14:32.229,1.013
2026-01-18 16:14:32.247,1.017
2026-01-18 16:14:32.247,1.017
2026-01-18 16:14:32.262,1.014
2026-01-18 16:14:32.279,1.008
2026-01-18 16:14:32.280,1.007
2026-01-18 16:14:32.297,1.013
2026-01-18 16:14:32.313,1.016
2026-01-18 16:14:32.329,1.019
2026-01-18 16:14:32.330,1.017
2026-01-18 16:14:32.346,1.015
2026-01-18 16:14:32.363,1.011
2026-01-18 16:14:32.380,1.013
2026-01-18 16:14:32.380,1.015
2026-01-18 16:14:32.397,1.019
2026-01-18 16:14:32.412,1.019
2026-01-18 16:14:32.412,1.021
2026-01-18 16:14:32.429,1.025
2026-01-18 16:14:32.445,1.019
2026-01-18 16:14:32.462,1.014
2026-01-18 16:14:32.462,1.013
2026-01-18 16:14:32.485,1.014
2026-01-18 16:14:32.485,1.011
2026-01-18 16:14:32.495,1.012
2026-01-18 16:14:32.513,1.012
2026-01-18 16:14:32.528,1.011
2026-01-18 16:14:32.546,1.009
2026-01-18 16:14:32.546,1.008
2026-01-18 16:14:32.562,1.009
2026-01-18 16:14:32.580,1.011
2026-01-18 16:14:32.580,1.012
2026-01-18 16:14:32.595,1.009
2026-01-18 16:14:32.613,1.009
2026-01-18 16:14:32.628,1.008
2026-01-18 16:14:32.628,1.007
2026-01-18 16:14:32.644,1.002
2026-01-18 16:14:32.661,1.004
2026-01-18 16:14:32.678,1.009
2026-01-18 16:14:32.679,1.006
2026-01-18 16:14:32.695,1.007
2026-01-18 16:14:32.712,1.004
2026-01-18 16:14:32.712,1.004
2026-01-18 16:14:32.729,1.004
2026-01-18 16:14:32.745,1.004
2026-01-18 16:14:32.762,1.003
2026-01-18 16:14:32.762,1.008
2026-01-18 16:14:32.778,1.012
2026-01-18 16:14:32.795,1.01
2026-01-18 16:14:32.796,1.01
2026-01-18 16:14:32.811,1.011
2026-01-18 16:14:32.830,1.009
2026-01-18 16:14:32.845,1.016
2026-01-18 16:14:32.846,1.016
2026-01-18 16:14:32.862,1.016
2026-01-18 16:14:32.880,1.015
2026-01-18 16:14:32.880,1.014
2026-01-18 16:14:32.896,1.011
2026-01-18 16:14:32.912,1.01
2026-01-18 16:14:32.930,1.011
2026-01-18 16:14:32.930,1.009
2026-01-18 16:14:32.946,1.008
2026-01-18 16:14:32.962,1.006
2026-01-18 16:14:32.963,1.006
2026-01-18 16:14:32.979,1.01
2026-01-18 16:14:32.997,1.007
2026-01-18 16:14:33.012,1.008
2026-01-18 16:14:33.012,1.012
2026-01-18 16:14:33.029,1.009
2026-01-18 16:14:33.047,1.008
2026-01-18 16:14:33.048,1.01
2026-01-18 16:14:33.063,1.009
2026-01-18 16:14:33.080,1.01
2026-01-18 16:14:33.095,1.007
2026-01-18 16:14:33.095,1.004
2026-01-18 16:14:33.112,1.003
2026-01-18 16:14:33.130,1.005
2026-01-18 16:14:33.144,1.004
2026-01-18 16:14:33.145,1.004
2026-01-18 16:14:33.162,1.002
2026-01-18 16:14:33.178,1.001
2026-01-18 16:14:33.194,1.0
2026-01-18 16:14:33.195,1.004
2026-01-18 16:14:33.213,0.999
2026-01-18 16:14:33.228,1.001
2026-01-18 16:14:33.228,1.001
2026-01-18 16:14:33.244,1.006
2026-01-18 16:14:33.261,1.011
2026-01-18 16:14:33.279,1.011
2026-01-18 16:14:33.279,1.015
2026-01-18 16:14:33.295,1.017
2026-01-18 16:14:33.312,1.015
2026-01-18 16:14:33.312,1.015
2026-01-18 16:14:33.328,1.014
2026-01-18 16:14:33.346,1.011
2026-01-18 16:14:33.363,1.013
2026-01-18 16:14:33.363,1.015
2026-01-18 16:14:33.378,1.015
2026-01-18 16:14:33.405,1.011
2026-01-18 16:14:33.405,1.009
2026-01-18 16:14:33.416,1.01
2026-01-18 16:14:33.429,1.01
2026-01-18 16:14:33.445,1.007
2026-01-18 16:14:33.446,1.01
2026-01-18 16:14:33.462,1.009
2026-01-18 16:14:33.485,1.009
2026-01-18 16:14:33.486,1.006
2026-01-18 16:14:33.496,1.012
2026-01-18 16:14:33.512,1.011
2026-01-18 16:14:33.530,1.012
2026-01-18 16:14:33.530,1.015
2026-01-18 16:14:33.545,1.016
2026-01-18 16:14:33.562,1.014
2026-01-18 16:14:33.578,1.015
2026-01-18 16:14:33.578,1.014
2026-01-18 16:14:33.596,1.01
2026-01-18 16:14:33.613,1.011
2026-01-18 16:14:33.613,1.018
2026-01-18 16:14:33.630,1.02
2026-01-18 16:14:33.645,1.022
2026-01-18 16:14:33.663,1.018
2026-01-18 16:14:33.663,1.013
2026-01-18 16:14:33.679,1.011
2026-01-18 16:14:33.695,1.016
2026-01-18 16:14:33.696,1.015
2026-01-18 16:14:33.711,1.011
2026-01-18 16:14:33.727,1.007
2026-01-18 16:14:33.745,1.004
2026-01-18 16:14:33.746,1.008
2026-01-18 16:14:33.762,1.006
2026-01-18 16:14:33.779,1.004
2026-01-18 16:14:33.780,1.004
2026-01-18 16:14:33.795,1.013
2026-01-18 16:14:33.811,1.015
2026-01-18 16:14:33.828,1.015
2026-01-18 16:14:33.828,1.02
2026-01-18 16:14:33.844,1.022
2026-01-18 16:14:33.862,1.022
2026-01-18 16:14:33.879,1.022
2026-01-18 16:14:33.879,1.021
2026-01-18 16:14:33.895,1.021
2026-01-18 16:14:33.912,1.019
2026-01-18 16:14:33.912,1.014
2026-01-18 16:14:33.928,1.012
2026-01-18 16:14:33.944,1.012
2026-01-18 16:14:33.961,1.01
2026-01-18 16:14:33.962,1.01
2026-01-18 16:14:33.977,1.009
2026-01-18 16:14:33.995,1.013
2026-01-18 16:14:34.012,1.016
2026-01-18 16:14:34.012,1.017
2026-01-18 16:14:34.027,1.018
2026-01-18 16:14:34.046,1.014
2026-01-18 16:14:34.046,1.012
2026-01-18 16:14:34.062,1.012
2026-01-18 16:14:34.079,1.011
2026-01-18 16:14:34.079,1.007
2026-01-18 16:14:34.096,1.004
2026-01-18 16:14:34.112,1.009
2026-01-18 16:14:34.129,1.008
2026-01-18 16:14:34.129,1.011
2026-01-18 16:14:34.146,1.01
2026-01-18 16:14:34.162,1.015
2026-01-18 16:14:34.180,1.011
2026-01-18 16:14:34.180,1.012
2026-01-18 16:14:34.196,1.013
2026-01-18 16:14:34.212,1.016
2026-01-18 16:14:34.213,1.015
2026-01-18 16:14:34.229,1.019
2026-01-18 16:14:34.245,1.022
2026-01-18 16:14:34.261,1.015
2026-01-18 16:14:34.261,1.017
2026-01-18 16:14:34.278,1.017
2026-01-18 16:14:34.295,1.016
2026-01-18 16:14:34.296,1.014
2026-01-18 16:14:34.313,1.014
2026-01-18 16:14:34.328,1.011
2026-01-18 16:14:34.346,1.011
2026-01-18 16:14:34.347,1.007
2026-01-18 16:14:34.366,1.008
2026-01-18 16:14:34.378,1.005
2026-01-18 16:14:34.395,1.005
2026-01-18 16:14:34.395,1.006
2026-01-18 16:14:34.412,1.002
2026-01-18 16:14:34.429,0.999
2026-01-18 16:14:34.430,0.998
2026-01-18 16:14:34.446,1.0
2026-01-18 16:14:34.462,0.998
2026-01-18 16:14:34.487,1.003
2026-01-18 16:14:34.487,1.006
2026-01-18 16:14:34.495,1.007
2026-01-18 16:14:34.512,1.015
2026-01-18 16:14:34.512,1.014
2026-01-18 16:14:34.528,1.012
2026-01-18 16:14:34.545,1.016
2026-01-18 16:14:34.561,1.01
2026-01-18 16:14:34.562,1.015
2026-01-18 16:14:34.580,1.016
2026-01-18 16:14:34.595,1.016
2026-01-18 16:14:34.596,1.02
2026-01-18 16:14:34.612,1.023
2026-01-18 16:14:34.628,1.021
2026-01-18 16:14:34.646,1.023
2026-01-18 16:14:34.646,1.024
2026-01-18 16:14:34.661,1.02
2026-01-18 16:14:34.680,1.016
2026-01-18 16:14:34.680,1.015
2026-01-18 16:14:34.696,1.017
2026-01-18 16:14:34.712,1.013
2026-01-18 16:14:34.729,1.017
2026-01-18 16:14:34.729,1.017
2026-01-18 16:14:34.766,1.014
2026-01-18 16:14:34.767,1.014
2026-01-18 16:14:34.767,1.015
2026-01-18 16:14:34.778,1.015
2026-01-18 16:14:34.796,1.013
2026-01-18 16:14:34.812,1.01
2026-01-18 16:14:34.812,1.011
2026-01-18 16:14:34.829,1.014
2026-01-18 16:14:34.846,1.011
2026-01-18 16:14:34.862,1.013
2026-01-18 16:14:34.862,1.009
2026-01-18 16:14:34.877,1.012
2026-01-18 16:14:34.894,1.01
2026-01-18 16:14:34.912,1.009
2026-01-18 16:14:34.912,1.007
2026-01-18 16:14:34.929,1.011
2026-01-18 16:14:34.945,1.009
2026-01-18 16:14:34.945,1.01
2026-01-18 16:14:34.962,1.008
2026-01-18 16:14:34.978,1.006
2026-01-18 16:14:34.995,1.013
2026-01-18 16:14:34.996,1.011
2026-01-18 16:14:35.012,1.012
2026-01-18 16:14:35.028,1.013
2026-01-18 16:14:35.028,1.01
2026-01-18 16:14:35.045,1.014
2026-01-18 16:14:35.062,1.01
2026-01-18 16:14:35.078,1.015
2026-01-18 16:14:35.079,1.012
2026-01-18 16:14:35.096,1.008
2026-01-18 16:14:35.112,1.012
2026-01-18 16:14:35.112,1.014
2026-01-18 16:14:35.129,1.013
2026-01-18 16:14:35.146,1.016
2026-01-18 16:14:35.162,1.009
2026-01-18 16:14:35.162,1.01
2026-01-18 16:14:35.178,1.004
2026-01-18 16:14:35.196,1.007
2026-01-18 16:14:35.196,1.01
2026-01-18 16:14:35.214,1.014
2026-01-18 16:14:35.229,1.011
2026-01-18 16:14:35.246,1.012
2026-01-18 16:14:35.246,1.013
2026-01-18 16:14:35.262,1.012
2026-01-18 16:14:35.278,1.011
2026-01-18 16:14:35.296,1.01
2026-01-18 16:14:35.296,1.012
2026-01-18 16:14:35.313,1.017
2026-01-18 16:14:35.328,1.018
2026-01-18 16:14:35.329,1.02
2026-01-18 16:14:35.346,1.017
2026-01-18 16:14:35.362,1.013
2026-01-18 16:14:35.378,1.012
2026-01-18 16:14:35.379,1.018
2026-01-18 16:14:35.412,1.019
2026-01-18 16:14:35.412,1.017
2026-01-18 16:14:35.429,1.019
2026-01-18 16:14:35.446,1.018
2026-01-18 16:14:35.466,1.013
2026-01-18 16:14:35.466,1.013
2026-01-18 16:14:35.477,1.018
2026-01-18 16:14:35.494,1.02
2026-01-18 16:14:35.510,1.019
2026-01-18 16:14:35.510,1.012
2026-01-18 16:14:35.528,1.012
2026-01-18 16:14:35.546,1.017
2026-01-18 16:14:35.546,1.015
2026-01-18 16:14:35.561,1.02
2026-01-18 16:14:35.578,1.016
2026-01-18 16:14:35.596,1.016
2026-01-18 16:14:35.597,1.013
2026-01-18 16:14:35.612,1.017
2026-01-18 16:14:35.629,1.019
2026-01-18 16:14:35.629,1.015
2026-01-18 16:14:35.646,1.017
2026-01-18 16:14:35.661,1.017
2026-01-18 16:14:35.680,1.018
2026-01-18 16:14:35.680,1.019
2026-01-18 16:14:35.695,1.015
2026-01-18 16:14:35.712,1.013
2026-01-18 16:14:35.713,1.014
2026-01-18 16:14:35.728,1.009
2026-01-18 16:14:35.746,1.009
2026-01-18 16:14:35.763,1.008
2026-01-18 16:14:35.763,1.011
2026-01-18 16:14:35.779,1.007
2026-01-18 16:14:35.796,1.006
2026-01-18 16:14:35.796,1.013
2026-01-18 16:14:35.812,1.014
2026-01-18 16:14:35.828,1.013
2026-01-18 16:14:35.844,1.011
2026-01-18 16:14:35.845,1.012
2026-01-18 16:14:35.862,1.011
2026-01-18 16:14:35.878,1.012
2026-01-18 16:14:35.895,1.012
2026-01-18 16:14:35.896,1.013
2026-01-18 16:14:35.912,1.017
2026-01-18 16:14:35.929,1.018
2026-01-18 16:14:35.929,1.02
2026-01-18 16:14:35.945,1.02
2026-01-18 16:14:35.962,1.024
2026-01-18 16:14:35.980,1.027
2026-01-18 16:14:35.980,1.028
2026-01-18 16:14:35.995,1.024
2026-01-18 16:14:36.012,1.024
2026-01-18 16:14:36.012,1.022
2026-01-18 16:14:36.030,1.021
2026-01-18 16:14:36.045,1.019
2026-01-18 16:14:36.061,1.019
2026-01-18 16:14:36.062,1.015
2026-01-18 16:14:36.078,1.017
2026-01-18 16:14:36.120,1.016
2026-01-18 16:14:36.121,1.02
2026-01-18 16:14:36.121,1.015
2026-01-18 16:14:36.121,1.017
2026-01-18 16:14:36.132,1.015
2026-01-18 16:14:36.145,1.023
2026-01-18 16:14:36.162,1.025
2026-01-18 16:14:36.177,1.027
2026-01-18 16:14:36.196,1.019
2026-01-18 16:14:36.196,1.021
2026-01-18 16:14:36.214,1.023
2026-01-18 16:14:36.228,1.02
2026-01-18 16:14:36.228,1.013
2026-01-18 16:14:36.245,1.011
2026-01-18 16:14:36.261,1.018
2026-01-18 16:14:36.279,1.017
2026-01-18 16:14:36.280,1.016
2026-01-18 16:14:36.295,1.011
2026-01-18 16:14:36.311,1.011
2026-01-18 16:14:36.312,1.012
2026-01-18 16:14:36.328,1.008
2026-01-18 16:14:36.345,1.005
2026-01-18 16:14:36.361,1.001
2026-01-18 16:14:36.362,1.001
2026-01-18 16:14:36.379,1.001
2026-01-18 16:14:36.395,1.005
2026-01-18 16:14:36.411,1.005
2026-01-18 16:14:36.411,1.008
2026-01-18 16:14:36.429,1.005
2026-01-18 16:14:36.445,1.006
2026-01-18 16:14:36.446,0.999
2026-01-18 16:14:36.461,1.002
2026-01-18 16:14:36.485,1.001
2026-01-18 16:14:36.485,1.002
2026-01-18 16:14:36.497,0.999
2026-01-18 16:14:36.511,1.002
2026-01-18 16:14:36.530,0.998
2026-01-18 16:14:36.530,1.003
2026-01-18 16:14:36.544,1.006
2026-01-18 16:14:36.561,1.011
2026-01-18 16:14:36.578,1.014
2026-01-18 16:14:36.578,1.014
2026-01-18 16:14:36.595,1.012
2026-01-18 16:14:36.611,1.014
2026-01-18 16:14:36.612,1.013
2026-01-18 16:14:36.630,1.014
2026-01-18 16:14:36.644,1.012
2026-01-18 16:14:36.661,1.01
2026-01-18 16:14:36.661,1.012
2026-01-18 16:14:36.678,1.017
2026-01-18 16:14:36.695,1.019
2026-01-18 16:14:36.695,1.016
2026-01-18 16:14:36.712,1.01
2026-01-18 16:14:36.727,1.008
2026-01-18 16:14:36.747,1.01
2026-01-18 16:14:36.747,1.011
2026-01-18 16:14:36.760,1.014
2026-01-18 16:14:36.778,1.016
2026-01-18 16:14:36.794,1.016
2026-01-18 16:14:36.794,1.016
2026-01-18 16:14:36.811,1.018
2026-01-18 16:14:36.827,1.02
2026-01-18 16:14:36.828,1.014
2026-01-18 16:14:36.845,1.015
2026-01-18 16:14:36.861,1.012
2026-01-18 16:14:36.878,1.011
2026-01-18 16:14:36.878,1.008
2026-01-18 16:14:36.893,1.01
2026-01-18 16:14:36.911,1.011
2026-01-18 16:14:36.912,1.01
2026-01-18 16:14:36.927,1.012
2026-01-18 16:14:36.944,1.013
2026-01-18 16:14:36.961,1.012
2026-01-18 16:14:36.962,1.012
2026-01-18 16:14:36.977,1.017
2026-01-18 16:14:36.993,1.016
2026-01-18 16:14:37.011,1.009
2026-01-18 16:14:37.011,1.008
2026-01-18 16:14:37.028,1.008
2026-01-18 16:14:37.043,1.012
2026-01-18 16:14:37.044,1.013
2026-01-18 16:14:37.060,1.01
2026-01-18 16:14:37.078,1.008
2026-01-18 16:14:37.093,1.007
2026-01-18 16:14:37.097,1.011
2026-01-18 16:14:37.111,1.01
2026-01-18 16:14:37.128,1.006
2026-01-18 16:14:37.128,1.008
2026-01-18 16:14:37.144,1.006
2026-01-18 16:14:37.160,1.008
2026-01-18 16:14:37.178,1.007
2026-01-18 16:14:37.178,1.005
2026-01-18 16:14:37.193,1.002
2026-01-18 16:14:37.212,1.002
2026-01-18 16:14:37.212,1.011
2026-01-18 16:14:37.226,1.013
2026-01-18 16:14:37.244,1.016
2026-01-18 16:14:37.261,1.015
2026-01-18 16:14:37.277,1.013
2026-01-18 16:14:37.294,1.012
2026-01-18 16:14:37.312,1.012
2026-01-18 16:14:37.312,1.014
2026-01-18 16:14:37.329,1.012
2026-01-18 16:14:37.344,1.01
2026-01-18 16:14:37.345,1.01
2026-01-18 16:14:37.361,1.008
2026-01-18 16:14:37.379,1.008
2026-01-18 16:14:37.395,1.013
2026-01-18 16:14:37.395,1.015
2026-01-18 16:14:37.412,1.016
2026-01-18 16:14:37.428,1.017
2026-01-18 16:14:37.428,1.018
2026-01-18 16:14:37.445,1.023
2026-01-18 16:14:37.487,1.019
2026-01-18 16:14:37.487,1.017
2026-01-18 16:14:37.488,1.016
2026-01-18 16:14:37.488,1.01
2026-01-18 16:14:37.513,1.01
2026-01-18 16:14:37.513,1.012
2026-01-18 16:14:37.528,1.01
2026-01-18 16:14:37.545,1.011
2026-01-18 16:14:37.561,1.009
2026-01-18 16:14:37.562,1.008
2026-01-18 16:14:37.580,1.008
2026-01-18 16:14:37.598,1.007
2026-01-18 16:14:37.598,1.01
2026-01-18 16:14:37.612,1.005
2026-01-18 16:14:37.628,1.006
2026-01-18 16:14:37.645,1.004
2026-01-18 16:14:37.645,1.009
2026-01-18 16:14:37.662,1.009
2026-01-18 16:14:37.678,1.007
2026-01-18 16:14:37.695,1.003
2026-01-18 16:14:37.695,1.002
2026-01-18 16:14:37.710,1.009
2026-01-18 16:14:37.729,1.009
2026-01-18 16:14:37.729,1.005
2026-01-18 16:14:37.745,1.007
2026-01-18 16:14:37.761,1.005
2026-01-18 16:14:37.779,1.004
2026-01-18 16:14:37.779,1.007
2026-01-18 16:14:37.795,1.008
2026-01-18 16:14:37.812,1.01
2026-01-18 16:14:37.812,1.013
2026-01-18 16:14:37.828,1.008
2026-01-18 16:14:37.846,1.009
2026-01-18 16:14:37.861,1.005
2026-01-18 16:14:37.862,1.005
2026-01-18 16:14:37.879,1.01
2026-01-18 16:14:37.896,1.007
2026-01-18 16:14:37.896,1.006
2026-01-18 16:14:37.911,1.008
2026-01-18 16:14:37.928,1.008
2026-01-18 16:14:37.945,1.011
2026-01-18 16:14:37.945,1.014
2026-01-18 16:14:37.961,1.018
2026-01-18 16:14:37.979,1.017
2026-01-18 16:14:37.980,1.016
2026-01-18 16:14:37.995,1.016
2026-01-18 16:14:38.011,1.012
2026-01-18 16:14:38.030,1.008
2026-01-18 16:14:38.030,1.01
2026-01-18 16:14:38.045,1.01
2026-01-18 16:14:38.062,1.01
2026-01-18 16:14:38.079,1.012
2026-01-18 16:14:38.079,1.015
2026-01-18 16:14:38.095,1.014
2026-01-18 16:14:38.112,1.016
2026-01-18 16:14:38.112,1.016
2026-01-18 16:14:38.128,1.016
2026-01-18 16:14:38.146,1.016
2026-01-18 16:14:38.161,1.016
2026-01-18 16:14:38.162,1.018
2026-01-18 16:14:38.179,1.023
2026-01-18 16:14:38.194,1.026
2026-01-18 16:14:38.212,1.02
2026-01-18 16:14:38.212,1.02
2026-01-18 16:14:38.227,1.016
2026-01-18 16:14:38.246,1.017
2026-01-18 16:14:38.246,1.016
2026-01-18 16:14:38.261,1.018
2026-01-18 16:14:38.278,1.014
2026-01-18 16:14:38.296,1.014
2026-01-18 16:14:38.296,1.01
2026-01-18 16:14:38.313,1.008
2026-01-18 16:14:38.328,1.008
2026-01-18 16:14:38.329,1.007
2026-01-18 16:14:38.345,1.008
2026-01-18 16:14:38.361,1.01
2026-01-18 16:14:38.379,1.014
2026-01-18 16:14:38.379,1.014
2026-01-18 16:14:38.394,1.009
2026-01-18 16:14:38.411,1.007
2026-01-18 16:14:38.412,1.006
2026-01-18 16:14:38.428,1.01
2026-01-18 16:14:38.446,1.012
2026-01-18 16:14:38.470,1.01
2026-01-18 16:14:38.470,1.01
2026-01-18 16:14:38.470,1.007
2026-01-18 16:14:38.496,1.007
2026-01-18 16:14:38.497,1.005
2026-01-18 16:14:38.511,1.006
2026-01-18 16:14:38.528,1.005
2026-01-18 16:14:38.545,1.006
2026-01-18 16:14:38.545,1.008
2026-01-18 16:14:38.561,1.01
2026-01-18 16:14:38.579,1.008
2026-01-18 16:14:38.594,1.009
2026-01-18 16:14:38.594,1.006
2026-01-18 16:14:38.612,1.011
2026-01-18 16:14:38.628,1.011
2026-01-18 16:14:38.629,1.007
2026-01-18 16:14:38.645,1.006
2026-01-18 16:14:38.661,1.016
2026-01-18 16:14:38.678,1.016
2026-01-18 16:14:38.678,1.016
2026-01-18 16:14:38.695,1.014
2026-01-18 16:14:38.717,1.012
2026-01-18 16:14:38.718,1.012
2026-01-18 16:14:38.726,1.012
2026-01-18 16:14:38.743,1.016
2026-01-18 16:14:38.760,1.015
2026-01-18 16:14:38.760,1.015
2026-01-18 16:14:38.777,1.019
2026-01-18 16:14:38.795,1.019
2026-01-18 16:14:38.795,1.013
2026-01-18 16:14:38.812,1.008
2026-01-18 16:14:38.828,1.01
2026-01-18 16:14:38.875,1.005
2026-01-18 16:14:38.876,1.009
2026-01-18 16:14:38.876,1.007
2026-01-18 16:14:38.877,1.006
2026-01-18 16:14:38.886,1.011
2026-01-18 16:14:38.894,1.01
2026-01-18 16:14:38.912,1.014
2026-01-18 16:14:38.929,1.012
2026-01-18 16:14:38.929,1.012
2026-01-18 16:14:38.945,1.01
2026-01-18 16:14:38.961,1.011
2026-01-18 16:14:38.979,1.007
2026-01-18 16:14:38.979,1.007
2026-01-18 16:14:38.996,1.009
2026-01-18 16:14:39.011,1.01
2026-01-18 16:14:39.012,1.01
2026-01-18 16:14:39.027,1.012
2026-01-18 16:14:39.046,1.01
2026-01-18 16:14:39.060,1.008
2026-01-18 16:14:39.061,1.01
2026-01-18 16:14:39.079,1.012
2026-01-18 16:14:39.094,1.009
2026-01-18 16:14:39.110,1.008
2026-01-18 16:14:39.110,1.01
2026-01-18 16:14:39.127,1.014
2026-01-18 16:14:39.144,1.014
2026-01-18 16:14:39.144,1.012
2026-01-18 16:14:39.161,1.01
2026-01-18 16:14:39.178,1.007
2026-01-18 16:14:39.194,1.011
2026-01-18 16:14:39.194,1.012
2026-01-18 16:14:39.212,1.013
2026-01-18 16:14:39.218,1.018
2026-01-18 16:14:39.229,1.016
2026-01-18 16:14:39.243,1.018
2026-01-18 16:14:39.259,1.022
2026-01-18 16:14:39.277,1.02
2026-01-18 16:14:39.277,1.017
2026-01-18 16:14:39.295,1.013
2026-01-18 16:14:39.311,1.021
2026-01-18 16:14:39.328,1.019
2026-01-18 16:14:39.328,1.016
2026-01-18 16:14:39.344,1.014
2026-01-18 16:14:39.361,1.012
2026-01-18 16:14:39.361,1.011
2026-01-18 16:14:39.377,1.014
2026-01-18 16:14:39.393,1.016
2026-01-18 16:14:39.411,1.015
2026-01-18 16:14:39.411,1.01
2026-01-18 16:14:39.427,1.009
2026-01-18 16:14:39.443,1.007
2026-01-18 16:14:39.444,1.012
2026-01-18 16:14:39.459,1.011
2026-01-18 16:14:39.476,1.005
2026-01-18 16:14:39.498,1.001
2026-01-18 16:14:39.498,1.009
2026-01-18 16:14:39.510,1.01
2026-01-18 16:14:39.528,1.011
2026-01-18 16:14:39.528,1.011
2026-01-18 16:14:39.549,1.011
2026-01-18 16:14:39.561,1.012
2026-01-18 16:14:39.577,1.015
2026-01-18 16:14:39.578,1.01
2026-01-18 16:14:39.594,1.007
2026-01-18 16:14:39.610,1.01
2026-01-18 16:14:39.627,1.016
2026-01-18 16:14:39.627,1.017
2026-01-18 16:14:39.643,1.017
2026-01-18 16:14:39.660,1.021
2026-01-18 16:14:39.660,1.017
2026-01-18 16:14:39.678,1.011
2026-01-18 16:14:39.694,1.013
2026-01-18 16:14:39.711,1.014
2026-01-18 16:14:39.711,1.011
2026-01-18 16:14:39.727,1.009
2026-01-18 16:14:39.743,1.012
2026-01-18 16:14:39.744,1.012
2026-01-18 16:14:39.759,1.013
2026-01-18 16:14:39.776,1.018
2026-01-18 16:14:39.795,1.019
2026-01-18 16:14:39.795,1.014
2026-01-18 16:14:39.811,1.014
2026-01-18 16:14:39.828,1.019
2026-01-18 16:14:39.828,1.019
2026-01-18 16:14:39.843,1.017
2026-01-18 16:14:39.861,1.018
2026-01-18 16:14:39.878,1.016
2026-01-18 16:14:39.878,1.016
2026-01-18 16:14:39.892,1.014
2026-01-18 16:14:39.910,1.016
2026-01-18 16:14:39.928,1.013
2026-01-18 16:14:39.929,1.018
2026-01-18 16:14:39.944,1.017
2026-01-18 16:14:39.961,1.019
2026-01-18 16:14:39.961,1.024
2026-01-18 16:14:39.977,1.019
2026-01-18 16:14:39.993,1.02
2026-01-18 16:14:40.010,1.015
2026-01-18 16:14:40.011,1.02
2026-01-18 16:14:40.027,1.02
2026-01-18 16:14:40.043,1.017
2026-01-18 16:14:40.043,1.014
2026-01-18 16:14:40.061,1.014
2026-01-18 16:14:40.077,1.015
2026-01-18 16:14:40.093,1.015
2026-01-18 16:14:40.094,1.015
2026-01-18 16:14:40.110,1.018
2026-01-18 16:14:40.128,1.015
2026-01-18 16:14:40.128,1.009
2026-01-18 16:14:40.143,1.014
2026-01-18 16:14:40.160,1.016
2026-01-18 16:14:40.176,1.024
2026-01-18 16:14:40.177,1.02
2026-01-18 16:14:40.219,1.02
2026-01-18 16:14:40.219,1.018
2026-01-18 16:14:40.219,1.015
2026-01-18 16:14:40.226,1.012
2026-01-18 16:14:40.243,1.015
2026-01-18 16:14:40.261,1.009
2026-01-18 16:14:40.261,1.012
2026-01-18 16:14:40.277,1.015
2026-01-18 16:14:40.293,1.02
2026-01-18 16:14:40.311,1.024
2026-01-18 16:14:40.311,1.017
2026-01-18 16:14:40.327,1.019
2026-01-18 16:14:40.344,1.024
2026-01-18 16:14:40.344,1.022
2026-01-18 16:14:40.360,1.018
2026-01-18 16:14:40.376,1.011
2026-01-18 16:14:40.394,1.014
2026-01-18 16:14:40.394,1.013
2026-01-18 16:14:40.410,1.015
2026-01-18 16:14:40.427,1.015
2026-01-18 16:14:40.427,1.013
2026-01-18 16:14:40.445,1.015
2026-01-18 16:14:40.462,1.02
2026-01-18 16:14:40.478,1.021
2026-01-18 16:14:40.478,1.019
2026-01-18 16:14:40.499,1.015
2026-01-18 16:14:40.500,1.01
2026-01-18 16:14:40.511,1.012
2026-01-18 16:14:40.528,1.014
2026-01-18 16:14:40.545,1.012
2026-01-18 16:14:40.562,1.008
2026-01-18 16:14:40.562,1.009
2026-01-18 16:14:40.578,1.014
2026-01-18 16:14:40.595,1.017
2026-01-18 16:14:40.596,1.025
2026-01-18 16:14:40.611,1.021
2026-01-18 16:14:40.627,1.018
2026-01-18 16:14:40.644,1.019
2026-01-18 16:14:40.644,1.021
2026-01-18 16:14:40.661,1.022
2026-01-18 16:14:40.678,1.02
2026-01-18 16:14:40.694,1.022
2026-01-18 16:14:40.694,1.02
2026-01-18 16:14:40.712,1.02
2026-01-18 16:14:40.728,1.022
2026-01-18 16:14:40.728,1.018
2026-01-18 16:14:40.744,1.017
2026-01-18 16:14:40.759,1.017
2026-01-18 16:14:40.777,1.011
2026-01-18 16:14:40.777,1.01
2026-01-18 16:14:40.794,1.011
2026-01-18 16:14:40.811,1.009
2026-01-18 16:14:40.830,1.016
2026-01-18 16:14:40.830,1.017
2026-01-18 16:14:40.844,1.013
2026-01-18 16:14:40.861,1.012
2026-01-18 16:14:40.861,1.018
2026-01-18 16:14:40.876,1.013
2026-01-18 16:14:40.893,1.016
2026-01-18 16:14:40.911,1.017
2026-01-18 16:14:40.911,1.013
2026-01-18 16:14:40.929,1.01
2026-01-18 16:14:40.945,1.011
2026-01-18 16:14:40.945,1.009
2026-01-18 16:14:40.960,1.01
2026-01-18 16:14:40.976,1.005
2026-01-18 16:14:40.995,1.007
2026-01-18 16:14:40.995,1.004
2026-01-18 16:14:41.012,1.005
2026-01-18 16:14:41.028,1.014
2026-01-18 16:14:41.028,1.009
2026-01-18 16:14:41.045,1.01
2026-01-18 16:14:41.061,1.008
2026-01-18 16:14:41.078,1.01
2026-01-18 16:14:41.079,1.007
2026-01-18 16:14:41.095,1.008
2026-01-18 16:14:41.112,1.005
2026-01-18 16:14:41.112,1.004
2026-01-18 16:14:41.128,1.002
2026-01-18 16:14:41.144,1.002
2026-01-18 16:14:41.161,0.998
2026-01-18 16:14:41.161,1.003
2026-01-18 16:14:41.178,1.005
2026-01-18 16:14:41.201,1.002
2026-01-18 16:14:41.201,1.004
2026-01-18 16:14:41.212,1.002
2026-01-18 16:14:41.227,1.001
2026-01-18 16:14:41.244,1.005
2026-01-18 16:14:41.244,1.005
2026-01-18 16:14:41.260,1.006
2026-01-18 16:14:41.277,1.005
2026-01-18 16:14:41.293,1.008
2026-01-18 16:14:41.294,1.009
2026-01-18 16:14:41.312,1.011
2026-01-18 16:14:41.327,1.011
2026-01-18 16:14:41.328,1.008
2026-01-18 16:14:41.346,1.007
2026-01-18 16:14:41.361,1.003
2026-01-18 16:14:41.378,1.008
2026-01-18 16:14:41.378,1.01
2026-01-18 16:14:41.394,1.01
2026-01-18 16:14:41.411,1.01
2026-01-18 16:14:41.426,1.005
2026-01-18 16:14:41.426,1.003
2026-01-18 16:14:41.445,1.009
2026-01-18 16:14:41.462,1.007
2026-01-18 16:14:41.462,1.007
2026-01-18 16:14:41.477,1.006
2026-01-18 16:14:41.500,1.004
2026-01-18 16:14:41.501,1.003
2026-01-18 16:14:41.510,0.999
2026-01-18 16:14:41.527,1.003
2026-01-18 16:14:41.543,1.006
2026-01-18 16:14:41.544,1.009
2026-01-18 16:14:41.561,1.006
2026-01-18 16:14:41.587,1.01
2026-01-18 16:14:41.587,1.014
2026-01-18 16:14:41.595,1.017
2026-01-18 16:14:41.610,1.023
2026-01-18 16:14:41.626,1.021
2026-01-18 16:14:41.643,1.018
2026-01-18 16:14:41.643,1.015
2026-01-18 16:14:41.660,1.014
2026-01-18 16:14:41.676,1.01
2026-01-18 16:14:41.676,1.012
2026-01-18 16:14:41.694,1.014
2026-01-18 16:14:41.710,1.01
2026-01-18 16:14:41.727,1.011
2026-01-18 16:14:41.727,1.018
2026-01-18 16:14:41.743,1.015
2026-01-18 16:14:41.759,1.017
2026-01-18 16:14:41.760,1.017
2026-01-18 16:14:41.776,1.013
2026-01-18 16:14:41.793,1.022
2026-01-18 16:14:41.812,1.02
2026-01-18 16:14:41.812,1.021
2026-01-18 16:14:41.827,1.021
2026-01-18 16:14:41.844,1.025
2026-01-18 16:14:41.844,1.02
2026-01-18 16:14:41.861,1.02
2026-01-18 16:14:41.877,1.017
2026-01-18 16:14:41.894,1.021
2026-01-18 16:14:41.894,1.02
2026-01-18 16:14:41.911,1.019
2026-01-18 16:14:41.927,1.019
2026-01-18 16:14:41.928,1.023
2026-01-18 16:14:41.943,1.023
2026-01-18 16:14:41.960,1.018
2026-01-18 16:14:41.977,1.025
2026-01-18 16:14:41.977,1.024
2026-01-18 16:14:41.993,1.022
2026-01-18 16:14:42.010,1.021
2026-01-18 16:14:42.013,1.015
2026-01-18 16:14:42.026,1.013
2026-01-18 16:14:42.043,1.009
2026-01-18 16:14:42.059,1.009
2026-01-18 16:14:42.060,1.014
2026-01-18 16:14:42.076,1.013
2026-01-18 16:14:42.093,1.013
2026-01-18 16:14:42.111,1.016
2026-01-18 16:14:42.112,1.016
2026-01-18 16:14:42.127,1.018
2026-01-18 16:14:42.143,1.015
2026-01-18 16:14:42.143,1.013
2026-01-18 16:14:42.161,1.007
2026-01-18 16:14:42.176,1.002
2026-01-18 16:14:42.193,1.007
2026-01-18 16:14:42.193,1.008
2026-01-18 16:14:42.211,1.011
2026-01-18 16:14:42.228,1.01
2026-01-18 16:14:42.229,1.005
2026-01-18 16:14:42.243,1.004
2026-01-18 16:14:42.261,1.003
2026-01-18 16:14:42.278,1.004
2026-01-18 16:14:42.278,1.0
2026-01-18 16:14:42.295,1.001
2026-01-18 16:14:42.311,1.011
2026-01-18 16:14:42.311,1.011
2026-01-18 16:14:42.327,1.008
2026-01-18 16:14:42.345,1.005
2026-01-18 16:14:42.362,1.001
2026-01-18 16:14:42.362,0.997
2026-01-18 16:14:42.376,1.0
2026-01-18 16:14:42.395,1.002
2026-01-18 16:14:42.410,1.005
2026-01-18 16:14:42.411,1.005
2026-01-18 16:14:42.429,1.008
2026-01-18 16:14:42.445,1.01
2026-01-18 16:14:42.445,1.009
2026-01-18 16:14:42.461,1.019
2026-01-18 16:14:42.478,1.019
2026-01-18 16:14:42.501,1.018
2026-01-18 16:14:42.501,1.022
2026-01-18 16:14:42.510,1.028
2026-01-18 16:14:42.528,1.028
2026-01-18 16:14:42.528,1.028
2026-01-18 16:14:42.546,1.022
2026-01-18 16:14:42.560,1.017
2026-01-18 16:14:42.577,1.015
2026-01-18 16:14:42.577,1.015
2026-01-18 16:14:42.595,1.011
2026-01-18 16:14:42.610,1.015
2026-01-18 16:14:42.628,1.011
2026-01-18 16:14:42.629,1.011
2026-01-18 16:14:42.645,1.016
2026-01-18 16:14:42.662,1.009
2026-01-18 16:14:42.662,1.016
2026-01-18 16:14:42.677,1.02
2026-01-18 16:14:42.695,1.016
2026-01-18 16:14:42.695,1.013
2026-01-18 16:14:42.711,1.013
2026-01-18 16:14:42.728,1.009
2026-01-18 16:14:42.744,1.007
2026-01-18 16:14:42.744,1.006
2026-01-18 16:14:42.760,1.008
2026-01-18 16:14:42.778,1.01
2026-01-18 16:14:42.794,1.01
2026-01-18 16:14:42.794,1.006
2026-01-18 16:14:42.810,1.009
2026-01-18 16:14:42.828,1.004
2026-01-18 16:14:42.828,1.003
2026-01-18 16:14:42.845,1.001
2026-01-18 16:14:42.861,1.012
2026-01-18 16:14:42.877,1.013
2026-01-18 16:14:42.877,1.014
2026-01-18 16:14:42.895,1.01
2026-01-18 16:14:42.936,1.019
2026-01-18 16:14:42.937,1.014
2026-01-18 16:14:42.937,1.009
2026-01-18 16:14:42.937,1.007
2026-01-18 16:14:42.961,1.005
2026-01-18 16:14:42.961,1.01
2026-01-18 16:14:42.977,1.009
2026-01-18 16:14:42.995,1.008
2026-01-18 16:14:43.011,1.011
2026-01-18 16:14:43.011,1.011
2026-01-18 16:14:43.027,1.015
2026-01-18 16:14:43.044,1.013
2026-01-18 16:14:43.046,1.013
2026-01-18 16:14:43.061,1.014
2026-01-18 16:14:43.078,1.013
2026-01-18 16:14:43.079,1.013
2026-01-18 16:14:43.097,1.01
2026-01-18 16:14:43.111,1.012
2026-01-18 16:14:43.126,1.014
2026-01-18 16:14:43.144,1.006
2026-01-18 16:14:43.144,1.005
2026-01-18 16:14:43.160,1.004
2026-01-18 16:14:43.177,1.008
2026-01-18 16:14:43.177,1.01
2026-01-18 16:14:43.193,1.005
2026-01-18 16:14:43.212,1.005
2026-01-18 16:14:43.212,1.005
2026-01-18 16:14:43.227,1.011
2026-01-18 16:14:43.244,1.013
2026-01-18 16:14:43.261,1.008
2026-01-18 16:14:43.261,1.008
2026-01-18 16:14:43.279,1.007
2026-01-18 16:14:43.294,1.009
2026-01-18 16:14:43.311,1.011
2026-01-18 16:14:43.311,1.011
2026-01-18 16:14:43.328,1.013
2026-01-18 16:14:43.344,1.007
2026-01-18 16:14:43.344,1.006
2026-01-18 16:14:43.361,1.009
2026-01-18 16:14:43.376,1.011
2026-01-18 16:14:43.393,1.01
2026-01-18 16:14:43.393,1.005
2026-01-18 16:14:43.410,1.006
2026-01-18 16:14:43.428,1.002
2026-01-18 16:14:43.428,1.003
2026-01-18 16:14:43.444,1.004
2026-01-18 16:14:43.461,1.003
2026-01-18 16:14:43.478,1.003
2026-01-18 16:14:43.478,1.002
2026-01-18 16:14:43.500,0.999
2026-01-18 16:14:43.500,0.998
2026-01-18 16:14:43.528,0.998
2026-01-18 16:14:43.528,0.999
2026-01-18 16:14:43.545,1.0
2026-01-18 16:14:43.560,0.997
2026-01-18 16:14:43.561,0.998
2026-01-18 16:14:43.577,0.998
2026-01-18 16:14:43.594,1.001
2026-01-18 16:14:43.611,0.998
2026-01-18 16:14:43.611,0.998
2026-01-18 16:14:43.627,1.001
2026-01-18 16:14:43.645,0.997
2026-01-18 16:14:43.645,1.001
2026-01-18 16:14:43.660,1.002
2026-01-18 16:14:43.677,1.002
2026-01-18 16:14:43.695,0.997
2026-01-18 16:14:43.695,0.998
2026-01-18 16:14:43.711,1.001
2026-01-18 16:14:43.728,0.997
2026-01-18 16:14:43.728,0.998
2026-01-18 16:14:43.744,0.999
2026-01-18 16:14:43.760,1.0
2026-01-18 16:14:43.777,0.998
2026-01-18 16:14:43.777,1.004
2026-01-18 16:14:43.793,1.0
2026-01-18 16:14:43.811,1.0
2026-01-18 16:14:43.811,0.998
2026-01-18 16:14:43.827,1.001
2026-01-18 16:14:43.844,1.005
2026-01-18 16:14:43.860,0.999
2026-01-18 16:14:43.860,0.999
2026-01-18 16:14:43.876,1.001
2026-01-18 16:14:43.895,1.007
2026-01-18 16:14:43.895,1.006
2026-01-18 16:14:43.910,1.004
2026-01-18 16:14:43.926,1.01
2026-01-18 16:14:43.943,1.019
2026-01-18 16:14:43.943,1.024
2026-01-18 16:14:43.961,1.028
2026-01-18 16:14:43.976,1.02
2026-01-18 16:14:43.993,1.017
2026-01-18 16:14:43.993,1.016
2026-01-18 16:14:44.011,1.017
2026-01-18 16:14:44.027,1.012
2026-01-18 16:14:44.028,1.012
2026-01-18 16:14:44.043,1.014
2026-01-18 16:14:44.060,1.016
2026-01-18 16:14:44.077,1.015
2026-01-18 16:14:44.077,1.013
2026-01-18 16:14:44.094,1.014
2026-01-18 16:14:44.110,1.014
2026-01-18 16:14:44.128,1.011
2026-01-18 16:14:44.128,1.017
2026-01-18 16:14:44.144,1.024
2026-01-18 16:14:44.160,1.016
2026-01-18 16:14:44.160,1.017
2026-01-18 16:14:44.177,1.01
2026-01-18 16:14:44.194,1.005
2026-01-18 16:14:44.212,1.014
2026-01-18 16:14:44.212,1.01
2026-01-18 16:14:44.227,1.012
2026-01-18 16:14:44.244,1.01
2026-01-18 16:14:44.244,1.008
2026-01-18 16:14:44.260,1.004
2026-01-18 16:14:44.301,1.002
2026-01-18 16:14:44.302,1.003
2026-01-18 16:14:44.302,1.005
2026-01-18 16:14:44.310,1.012
2026-01-18 16:14:44.328,1.014
2026-01-18 16:14:44.329,1.013
2026-01-18 16:14:44.343,1.014
2026-01-18 16:14:44.362,1.013
2026-01-18 16:14:44.377,1.013
2026-01-18 16:14:44.378,1.011
2026-01-18 16:14:44.394,1.006
2026-01-18 16:14:44.411,1.011
2026-01-18 16:14:44.428,1.011
2026-01-18 16:14:44.428,1.009
2026-01-18 16:14:44.444,1.013
2026-01-18 16:14:44.461,1.008
2026-01-18 16:14:44.461,1.003
2026-01-18 16:14:44.477,1.004
2026-01-18 16:14:44.501,1.001
2026-01-18 16:14:44.501,1.005
2026-01-18 16:14:44.511,0.997
2026-01-18 16:14:44.528,0.998
2026-01-18 16:14:44.545,0.998
2026-01-18 16:14:44.545,0.998
2026-01-18 16:14:44.561,0.998
2026-01-18 16:14:44.577,1.004
2026-01-18 16:14:44.594,1.003
2026-01-18 16:14:44.595,1.003
2026-01-18 16:14:44.610,1.007
2026-01-18 16:14:44.628,1.007
2026-01-18 16:14:44.628,1.002
2026-01-18 16:14:44.645,1.004
2026-01-18 16:14:44.660,1.006
2026-01-18 16:14:44.678,1.015
2026-01-18 16:14:44.678,1.013
2026-01-18 16:14:44.694,1.011
2026-01-18 16:14:44.710,1.01
2026-01-18 16:14:44.728,1.009
2026-01-18 16:14:44.728,1.015
2026-01-18 16:14:44.744,1.015
2026-01-18 16:14:44.761,1.015
2026-01-18 16:14:44.761,1.018
2026-01-18 16:14:44.777,1.014
2026-01-18 16:14:44.795,1.012
2026-01-18 16:14:44.796,1.012
2026-01-18 16:14:44.810,1.018
2026-01-18 16:14:44.829,1.015
2026-01-18 16:14:44.844,1.014
2026-01-18 16:14:44.844,1.013
2026-01-18 16:14:44.861,1.015
2026-01-18 16:14:44.877,1.013
2026-01-18 16:14:44.893,1.021
2026-01-18 16:14:44.894,1.025
2026-01-18 16:14:44.910,1.03
2026-01-18 16:14:44.926,1.023
2026-01-18 16:14:44.944,1.027
2026-01-18 16:14:44.944,1.024
2026-01-18 16:14:44.961,1.021
2026-01-18 16:14:44.977,1.019
2026-01-18 16:14:44.977,1.023
2026-01-18 16:14:44.994,1.02
2026-01-18 16:14:45.011,1.023
2026-01-18 16:14:45.011,1.024
2026-01-18 16:14:45.027,1.03
2026-01-18 16:14:45.044,1.029
2026-01-18 16:14:45.061,1.029
2026-01-18 16:14:45.061,1.024
2026-01-18 16:14:45.076,1.023
2026-01-18 16:14:45.095,1.02
2026-01-18 16:14:45.096,1.027
2026-01-18 16:14:45.111,1.02
2026-01-18 16:14:45.128,1.024
2026-01-18 16:14:45.144,1.02
2026-01-18 16:14:45.144,1.019
2026-01-18 16:14:45.160,1.017
2026-01-18 16:14:45.177,1.017
2026-01-18 16:14:45.195,1.021
2026-01-18 16:14:45.195,1.024
2026-01-18 16:14:45.211,1.021
2026-01-18 16:14:45.227,1.023
2026-01-18 16:14:45.227,1.024
2026-01-18 16:14:45.244,1.028
2026-01-18 16:14:45.260,1.029
2026-01-18 16:14:45.278,1.024
2026-01-18 16:14:45.278,1.025
2026-01-18 16:14:45.294,1.022
2026-01-18 16:14:45.310,1.018
2026-01-18 16:14:45.327,1.019
2026-01-18 16:14:45.327,1.017
2026-01-18 16:14:45.345,1.013
2026-01-18 16:14:45.363,1.01
2026-01-18 16:14:45.364,1.01
2026-01-18 16:14:45.375,1.008
2026-01-18 16:14:45.395,1.014
2026-01-18 16:14:45.411,1.016
2026-01-18 16:14:45.411,1.01
2026-01-18 16:14:45.427,1.013
2026-01-18 16:14:45.444,1.011
2026-01-18 16:14:45.444,1.011
2026-01-18 16:14:45.460,1.011
2026-01-18 16:14:45.483,1.012
2026-01-18 16:14:45.483,1.014
2026-01-18 16:14:45.493,1.016
2026-01-18 16:14:45.510,1.016
2026-01-18 16:14:45.526,1.013
2026-01-18 16:14:45.527,1.002
2026-01-18 16:14:45.543,1.004
2026-01-18 16:14:45.559,1.004
2026-01-18 16:14:45.578,1.001
2026-01-18 16:14:45.578,1.003
2026-01-18 16:14:45.594,1.007
2026-01-18 16:14:45.610,1.008
2026-01-18 16:14:45.627,1.009
2026-01-18 16:14:45.627,1.012
2026-01-18 16:14:45.685,1.008
2026-01-18 16:14:45.686,1.007
2026-01-18 16:14:45.686,1.004
2026-01-18 16:14:45.687,1.013
2026-01-18 16:14:45.687,1.011
2026-01-18 16:14:45.698,1.013
2026-01-18 16:14:45.710,1.014
2026-01-18 16:14:45.727,1.015
2026-01-18 16:14:45.744,1.013
2026-01-18 16:14:45.744,1.021
2026-01-18 16:14:45.760,1.021
2026-01-18 16:14:45.778,1.012
2026-01-18 16:14:45.794,1.018
2026-01-18 16:14:45.794,1.012
2026-01-18 16:14:45.811,1.015
2026-01-18 16:14:45.827,1.011
2026-01-18 16:14:45.828,1.007
2026-01-18 16:14:45.843,1.007
2026-01-18 16:14:45.861,1.008
2026-01-18 16:14:45.877,1.009
2026-01-18 16:14:45.877,1.012
2026-01-18 16:14:45.895,1.008
2026-01-18 16:14:45.911,1.005
2026-01-18 16:14:45.912,0.999
2026-01-18 16:14:45.926,1.001
2026-01-18 16:14:45.944,1.0
2026-01-18 16:14:45.948,1.003
2026-01-18 16:14:45.960,1.005
2026-01-18 16:14:45.976,1.008
2026-01-18 16:14:45.993,1.007
2026-01-18 16:14:46.011,1.013
2026-01-18 16:14:46.011,1.01
2026-01-18 16:14:46.026,1.009
2026-01-18 16:14:46.042,1.01
2026-01-18 16:14:46.044,1.01
2026-01-18 16:14:46.059,1.009
2026-01-18 16:14:46.077,1.01
2026-01-18 16:14:46.093,1.009
2026-01-18 16:14:46.093,1.006
2026-01-18 16:14:46.109,1.002
2026-01-18 16:14:46.126,1.001
2026-01-18 16:14:46.143,1.007
2026-01-18 16:14:46.143,1.005
2026-01-18 16:14:46.159,1.008
2026-01-18 16:14:46.175,1.011
2026-01-18 16:14:46.175,1.016
2026-01-18 16:14:46.193,1.019
2026-01-18 16:14:46.210,1.02
2026-01-18 16:14:46.226,1.015
2026-01-18 16:14:46.227,1.014
2026-01-18 16:14:46.243,1.009
2026-01-18 16:14:46.260,1.004
2026-01-18 16:14:46.260,1.001
2026-01-18 16:14:46.276,1.003
2026-01-18 16:14:46.294,1.004
2026-01-18 16:14:46.310,1.008
2026-01-18 16:14:46.311,1.01
2026-01-18 16:14:46.326,1.012
2026-01-18 16:14:46.343,1.012
2026-01-18 16:14:46.344,1.011
2026-01-18 16:14:46.360,1.014
2026-01-18 16:14:46.377,1.011
2026-01-18 16:14:46.393,1.013
2026-01-18 16:14:46.394,1.011
2026-01-18 16:14:46.409,1.012
2026-01-18 16:14:46.425,1.01
2026-01-18 16:14:46.443,1.003
2026-01-18 16:14:46.443,1.004
2026-01-18 16:14:46.459,1.009
2026-01-18 16:14:46.476,1.006
2026-01-18 16:14:46.476,1.003
2026-01-18 16:14:46.497,1.003
2026-01-18 16:14:46.509,1.009
2026-01-18 16:14:46.526,1.01
2026-01-18 16:14:46.526,1.007
2026-01-18 16:14:46.542,1.007
2026-01-18 16:14:46.559,1.002
2026-01-18 16:14:46.559,1.004
2026-01-18 16:14:46.575,1.012
2026-01-18 16:14:46.592,1.012
2026-01-18 16:14:46.609,1.012
2026-01-18 16:14:46.609,1.009
2026-01-18 16:14:46.626,1.008
2026-01-18 16:14:46.644,1.011
2026-01-18 16:14:46.645,1.012
2026-01-18 16:14:46.677,1.014
2026-01-18 16:14:46.694,1.017
2026-01-18 16:14:46.695,1.019
2026-01-18 16:14:46.710,1.016
2026-01-18 16:14:46.727,1.02
2026-01-18 16:14:46.727,1.021
2026-01-18 16:14:46.743,1.019
2026-01-18 16:14:46.761,1.023
2026-01-18 16:14:46.777,1.03
2026-01-18 16:14:46.777,1.027
2026-01-18 16:14:46.794,1.024
2026-01-18 16:14:46.810,1.025
2026-01-18 16:14:46.827,1.028
2026-01-18 16:14:46.828,1.032
2026-01-18 16:14:46.844,1.024
2026-01-18 16:14:46.861,1.015
2026-01-18 16:14:46.861,1.016
2026-01-18 16:14:46.876,1.017
2026-01-18 16:14:46.895,1.016
2026-01-18 16:14:46.895,1.02
2026-01-18 16:14:46.911,1.014
2026-01-18 16:14:46.927,1.012
2026-01-18 16:14:46.943,1.017
2026-01-18 16:14:46.959,1.016
2026-01-18 16:14:46.959,1.013
2026-01-18 16:14:46.977,1.007
2026-01-18 16:14:46.993,1.005
2026-01-18 16:14:46.994,1.008
2026-01-18 16:14:47.011,1.004
2026-01-18 16:14:47.037,1.004
2026-01-18 16:14:47.039,1.006
2026-01-18 16:14:47.050,1.006
2026-01-18 16:14:47.060,1.002
2026-01-18 16:14:47.077,1.005
2026-01-18 16:14:47.077,1.007
2026-01-18 16:14:47.094,1.008
2026-01-18 16:14:47.109,1.013
2026-01-18 16:14:47.127,1.008
2026-01-18 16:14:47.127,1.006
2026-01-18 16:14:47.144,1.003
2026-01-18 16:14:47.161,0.999
2026-01-18 16:14:47.161,1.0
2026-01-18 16:14:47.176,1.001
2026-01-18 16:14:47.194,1.002
2026-01-18 16:14:47.210,1.0
2026-01-18 16:14:47.211,1.0
2026-01-18 16:14:47.227,0.998
2026-01-18 16:14:47.243,1.004
2026-01-18 16:14:47.243,1.004
2026-01-18 16:14:47.258,1.004
2026-01-18 16:14:47.277,1.004
2026-01-18 16:14:47.293,1.005
2026-01-18 16:14:47.293,1.004
2026-01-18 16:14:47.308,1.006
2026-01-18 16:14:47.325,1.001
2026-01-18 16:14:47.344,1.004
2026-01-18 16:14:47.344,1.005
2026-01-18 16:14:47.360,1.007
2026-01-18 16:14:47.377,1.008
2026-01-18 16:14:47.377,1.009
2026-01-18 16:14:47.393,1.01
2026-01-18 16:14:47.411,1.005
2026-01-18 16:14:47.427,1.011
2026-01-18 16:14:47.428,1.01
2026-01-18 16:14:47.444,1.007
2026-01-18 16:14:47.460,1.005
2026-01-18 16:14:47.460,1.004
2026-01-18 16:14:47.477,1.0
2026-01-18 16:14:47.499,1.005
2026-01-18 16:14:47.510,1.005
2026-01-18 16:14:47.526,1.007
2026-01-18 16:14:47.545,1.009
2026-01-18 16:14:47.545,1.008
2026-01-18 16:14:47.560,1.008
2026-01-18 16:14:47.576,1.004
2026-01-18 16:14:47.594,1.003
2026-01-18 16:14:47.594,1.005
2026-01-18 16:14:47.608,1.004
2026-01-18 16:14:47.628,1.008
2026-01-18 16:14:47.643,1.014
2026-01-18 16:14:47.660,1.011
2026-01-18 16:14:47.676,1.009
2026-01-18 16:14:47.676,1.007
2026-01-18 16:14:47.694,1.011
2026-01-18 16:14:47.709,1.006
2026-01-18 16:14:47.726,1.004
2026-01-18 16:14:47.726,1.007
2026-01-18 16:14:47.743,1.003
2026-01-18 16:14:47.760,0.998
2026-01-18 16:14:47.760,1.003
2026-01-18 16:14:47.776,0.999
2026-01-18 16:14:47.794,1.001
2026-01-18 16:14:47.811,1.005
2026-01-18 16:14:47.811,1.001
2026-01-18 16:14:47.826,1.001
2026-01-18 16:14:47.844,0.999
2026-01-18 16:14:47.844,1.002
2026-01-18 16:14:47.861,1.004
2026-01-18 16:14:47.876,1.008
2026-01-18 16:14:47.894,1.018
2026-01-18 16:14:47.894,1.014
2026-01-18 16:14:47.909,1.01
2026-01-18 16:14:47.928,1.016
2026-01-18 16:14:47.928,1.013
2026-01-18 16:14:47.943,1.019
2026-01-18 16:14:47.960,1.021
2026-01-18 16:14:47.977,1.02
2026-01-18 16:14:47.977,1.014
2026-01-18 16:14:47.995,1.016
2026-01-18 16:14:48.009,1.016
2026-01-18 16:14:48.026,1.009
2026-01-18 16:14:48.026,1.01
2026-01-18 16:14:48.044,1.012
2026-01-18 16:14:48.060,1.01
2026-01-18 16:14:48.060,1.011
2026-01-18 16:14:48.076,1.009
2026-01-18 16:14:48.094,1.01
2026-01-18 16:14:48.108,1.009
2026-01-18 16:14:48.108,0.999
2026-01-18 16:14:48.126,1.003
2026-01-18 16:14:48.143,1.009
2026-01-18 16:14:48.144,1.011
2026-01-18 16:14:48.159,1.009
2026-01-18 16:14:48.176,1.011
2026-01-18 16:14:48.192,1.011
2026-01-18 16:14:48.193,1.006
2026-01-18 16:14:48.210,1.01
2026-01-18 16:14:48.226,1.011
2026-01-18 16:14:48.228,1.009
2026-01-18 16:14:48.243,1.011
2026-01-18 16:14:48.259,1.013
2026-01-18 16:14:48.275,1.014
2026-01-18 16:14:48.275,1.019
2026-01-18 16:14:48.293,1.016
2026-01-18 16:14:48.309,1.016
2026-01-18 16:14:48.324,1.019
2026-01-18 16:14:48.326,1.014
2026-01-18 16:14:48.342,1.011
2026-01-18 16:14:48.358,1.012
2026-01-18 16:14:48.400,1.015
2026-01-18 16:14:48.400,1.012
2026-01-18 16:14:48.401,1.01
2026-01-18 16:14:48.401,1.018
2026-01-18 16:14:48.407,1.017
2026-01-18 16:14:48.426,1.014
2026-01-18 16:14:48.443,1.012
2026-01-18 16:14:48.444,1.013
2026-01-18 16:14:48.460,1.012
2026-01-18 16:14:48.476,1.007
2026-01-18 16:14:48.500,1.005
2026-01-18 16:14:48.500,1.004
2026-01-18 16:14:48.510,1.004
2026-01-18 16:14:48.528,1.004
2026-01-18 16:14:48.528,1.006
2026-01-18 16:14:48.543,1.01
2026-01-18 16:14:48.559,1.012
2026-01-18 16:14:48.576,1.015
2026-01-18 16:14:48.576,1.009
2026-01-18 16:14:48.593,1.009
2026-01-18 16:14:48.611,1.011
2026-01-18 16:14:48.611,1.014
2026-01-18 16:14:48.626,1.012
2026-01-18 16:14:48.643,1.009
2026-01-18 16:14:48.659,1.011
2026-01-18 16:14:48.660,1.016
2026-01-18 16:14:48.677,1.019
2026-01-18 16:14:48.692,1.017
2026-01-18 16:14:48.709,1.013
2026-01-18 16:14:48.710,1.009
2026-01-18 16:14:48.733,1.013
2026-01-18 16:14:48.733,1.012
2026-01-18 16:14:48.759,1.015
2026-01-18 16:14:48.759,1.017
2026-01-18 16:14:48.777,1.012
2026-01-18 16:14:48.793,1.02
2026-01-18 16:14:48.794,1.016
2026-01-18 16:14:48.810,1.006
2026-01-18 16:14:48.826,1.011
2026-01-18 16:14:48.843,1.01
2026-01-18 16:14:48.843,1.009
2026-01-18 16:14:48.861,1.015
2026-01-18 16:14:48.876,1.014
2026-01-18 16:14:48.877,1.02
2026-01-18 16:14:48.892,1.023
2026-01-18 16:14:48.909,1.022
2026-01-18 16:14:48.927,1.015
2026-01-18 16:14:48.927,1.021
2026-01-18 16:14:48.944,1.012
2026-01-18 16:14:48.960,1.014
2026-01-18 16:14:48.960,1.015
2026-01-18 16:14:48.975,1.014
2026-01-18 16:14:48.994,1.017
2026-01-18 16:14:49.011,1.015
2026-01-18 16:14:49.011,1.01
2026-01-18 16:14:49.026,1.013
2026-01-18 16:14:49.044,1.009
2026-01-18 16:14:49.045,1.011
2026-01-18 16:14:49.059,1.016
2026-01-18 16:14:49.076,1.014
2026-01-18 16:14:49.093,1.009
2026-01-18 16:14:49.093,1.007
2026-01-18 16:14:49.111,1.011
2026-01-18 16:14:49.127,1.018
2026-01-18 16:14:49.127,1.018
2026-01-18 16:14:49.143,1.017
2026-01-18 16:14:49.159,1.012
2026-01-18 16:14:49.176,1.007
2026-01-18 16:14:49.176,1.011
2026-01-18 16:14:49.192,1.012
2026-01-18 16:14:49.210,1.007
2026-01-18 16:14:49.211,1.008
2026-01-18 16:14:49.225,1.009
2026-01-18 16:14:49.243,1.005
2026-01-18 16:14:49.259,1.004
2026-01-18 16:14:49.259,1.007
2026-01-18 16:14:49.277,1.004
2026-01-18 16:14:49.292,1.007
2026-01-18 16:14:49.310,1.005
2026-01-18 16:14:49.310,1.004
2026-01-18 16:14:49.326,1.005
2026-01-18 16:14:49.342,1.002
2026-01-18 16:14:49.343,1.007
2026-01-18 16:14:49.359,1.006
2026-01-18 16:14:49.376,1.007
2026-01-18 16:14:49.393,1.006
2026-01-18 16:14:49.393,1.006
2026-01-18 16:14:49.409,1.003
2026-01-18 16:14:49.425,1.0
2026-01-18 16:14:49.442,0.999
2026-01-18 16:14:49.442,1.0
2026-01-18 16:14:49.460,1.0
2026-01-18 16:14:49.476,1.001
2026-01-18 16:14:49.476,0.998
2026-01-18 16:14:49.501,0.995
2026-01-18 16:14:49.502,0.996
2026-01-18 16:14:49.527,0.994
2026-01-18 16:14:49.528,0.997
2026-01-18 16:14:49.544,0.994
2026-01-18 16:14:49.560,0.991
2026-01-18 16:14:49.560,0.996
2026-01-18 16:14:49.576,1.001
2026-01-18 16:14:49.593,1.003
2026-01-18 16:14:49.610,0.999
2026-01-18 16:14:49.610,0.994
2026-01-18 16:14:49.626,0.999
2026-01-18 16:14:49.643,0.997
2026-01-18 16:14:49.643,0.999
2026-01-18 16:14:49.659,1.001
2026-01-18 16:14:49.677,1.0
2026-01-18 16:14:49.692,1.005
2026-01-18 16:14:49.693,1.003
2026-01-18 16:14:49.711,1.0
2026-01-18 16:14:49.726,1.001
2026-01-18 16:14:49.757,1.001
2026-01-18 16:14:49.758,1.002
2026-01-18 16:14:49.759,1.001
2026-01-18 16:14:49.769,1.001
2026-01-18 16:14:49.793,0.999
2026-01-18 16:14:49.794,0.999
2026-01-18 16:14:49.809,0.998
2026-01-18 16:14:49.826,0.993
2026-01-18 16:14:49.827,0.991
2026-01-18 16:14:49.843,0.995
2026-01-18 16:14:49.860,0.993
2026-01-18 16:14:49.860,0.992
2026-01-18 16:14:49.877,0.999
2026-01-18 16:14:49.892,1.0
2026-01-18 16:14:49.910,0.997
2026-01-18 16:14:49.911,1.003
2026-01-18 16:14:49.926,0.999
2026-01-18 16:14:49.943,1.004
2026-01-18 16:14:49.944,1.008
2026-01-18 16:14:49.960,1.005
2026-01-18 16:14:49.977,1.004
2026-01-18 16:14:49.993,1.003
2026-01-18 16:14:49.993,0.997
2026-01-18 16:14:50.009,0.999
2026-01-18 16:14:50.026,1.003
2026-01-18 16:14:50.041,1.0
2026-01-18 16:14:50.042,1.007
2026-01-18 16:14:50.060,1.01
2026-01-18 16:14:50.076,1.011
2026-01-18 16:14:50.076,1.011
2026-01-18 16:14:50.093,1.01
2026-01-18 16:14:50.109,1.009
2026-01-18 16:14:50.111,1.012
2026-01-18 16:14:50.126,1.006
2026-01-18 16:14:50.143,1.003
2026-01-18 16:14:50.160,0.995
2026-01-18 16:14:50.161,0.992
2026-01-18 16:14:50.176,0.992
2026-01-18 16:14:50.192,0.997
2026-01-18 16:14:50.209,0.996
2026-01-18 16:14:50.210,0.995
2026-01-18 16:14:50.226,0.995
2026-01-18 16:14:50.243,1.0
2026-01-18 16:14:50.243,1.003
2026-01-18 16:14:50.259,1.004
2026-01-18 16:14:50.277,1.003
2026-01-18 16:14:50.294,0.998
2026-01-18 16:14:50.294,0.998
2026-01-18 16:14:50.309,0.999
2026-01-18 16:14:50.326,1.006
2026-01-18 16:14:50.342,1.0
2026-01-18 16:14:50.342,0.999
2026-01-18 16:14:50.360,0.997
2026-01-18 16:14:50.377,1.005
2026-01-18 16:14:50.377,1.007
2026-01-18 16:14:50.393,1.007
2026-01-18 16:14:50.410,1.008
2026-01-18 16:14:50.426,1.009
2026-01-18 16:14:50.426,1.016
2026-01-18 16:14:50.443,1.011
2026-01-18 16:14:50.459,1.007
2026-01-18 16:14:50.459,1.004
2026-01-18 16:14:50.477,1.003
2026-01-18 16:14:50.498,1.003
2026-01-18 16:14:50.498,1.006
2026-01-18 16:14:50.509,1.003
2026-01-18 16:14:50.525,0.999
2026-01-18 16:14:50.542,0.996
2026-01-18 16:14:50.558,0.995
2026-01-18 16:14:50.558,1.001
2026-01-18 16:14:50.574,0.999
2026-01-18 16:14:50.592,1.002
2026-01-18 16:14:50.592,1.0
2026-01-18 16:14:50.609,1.002
2026-01-18 16:14:50.625,0.999
2026-01-18 16:14:50.643,0.998
2026-01-18 16:14:50.643,1.002
2026-01-18 16:14:50.659,1.006
2026-01-18 16:14:50.676,1.008
2026-01-18 16:14:50.676,1.008
2026-01-18 16:14:50.694,1.006
2026-01-18 16:14:50.709,1.005
2026-01-18 16:14:50.725,1.009
2026-01-18 16:14:50.725,1.01
2026-01-18 16:14:50.743,1.013
2026-01-18 16:14:50.758,1.01
2026-01-18 16:14:50.759,1.013
2026-01-18 16:14:50.776,1.01
2026-01-18 16:14:50.793,1.014
2026-01-18 16:14:50.810,1.009
2026-01-18 16:14:50.810,1.012
2026-01-18 16:14:50.825,1.014
2026-01-18 16:14:50.842,1.016
2026-01-18 16:14:50.843,1.011
2026-01-18 16:14:50.861,1.012
2026-01-18 16:14:50.877,1.013
2026-01-18 16:14:50.893,1.011
2026-01-18 16:14:50.893,1.011
2026-01-18 16:14:50.909,1.006
2026-01-18 16:14:50.926,1.006
2026-01-18 16:14:50.942,1.003
2026-01-18 16:14:50.942,1.007
2026-01-18 16:14:50.959,1.009
2026-01-18 16:14:50.975,1.007
2026-01-18 16:14:50.975,1.005
2026-01-18 16:14:50.992,0.998
2026-01-18 16:14:51.009,1.005
2026-01-18 16:14:51.025,1.0
2026-01-18 16:14:51.026,0.997
2026-01-18 16:14:51.042,1.002
2026-01-18 16:14:51.059,0.997
2026-01-18 16:14:51.059,0.995
2026-01-18 16:14:51.076,0.998
2026-01-18 16:14:51.092,0.999
2026-01-18 16:14:51.119,0.998
2026-01-18 16:14:51.119,1.001
2026-01-18 16:14:51.119,1.001
2026-01-18 16:14:51.141,1.002
2026-01-18 16:14:51.158,0.998
2026-01-18 16:14:51.159,0.999
2026-01-18 16:14:51.176,1.004
2026-01-18 16:14:51.193,1.002
2026-01-18 16:14:51.193,1.004
2026-01-18 16:14:51.210,0.997
2026-01-18 16:14:51.230,0.994
2026-01-18 16:14:51.230,0.997
2026-01-18 16:14:51.242,1.006
2026-01-18 16:14:51.260,1.005
2026-01-18 16:14:51.276,1.004
2026-01-18 16:14:51.277,1.006
2026-01-18 16:14:51.292,1.004
2026-01-18 16:14:51.309,0.997
2026-01-18 16:14:51.325,1.0
2026-01-18 16:14:51.326,0.998
2026-01-18 16:14:51.342,0.999
2026-01-18 16:14:51.359,1.003
2026-01-18 16:14:51.359,0.999
2026-01-18 16:14:51.376,1.0
2026-01-18 16:14:51.392,1.004
2026-01-18 16:14:51.408,1.007
2026-01-18 16:14:51.409,1.005
2026-01-18 16:14:51.425,1.007
2026-01-18 16:14:51.441,1.005
2026-01-18 16:14:51.458,1.005
2026-01-18 16:14:51.459,1.007
2026-01-18 16:14:51.475,1.004
2026-01-18 16:14:51.492,1.009
2026-01-18 16:14:51.493,1.015
2026-01-18 16:14:51.514,1.015
2026-01-18 16:14:51.515,1.017
2026-01-18 16:14:51.543,1.015
2026-01-18 16:14:51.543,1.01
2026-01-18 16:14:51.558,1.013
2026-01-18 16:14:51.574,1.009
2026-01-18 16:14:51.574,1.009
2026-01-18 16:14:51.592,1.008
2026-01-18 16:14:51.608,1.006
2026-01-18 16:14:51.625,1.006
2026-01-18 16:14:51.626,1.006
2026-01-18 16:14:51.642,1.009
2026-01-18 16:14:51.658,1.004
2026-01-18 16:14:51.675,1.005
2026-01-18 16:14:51.676,1.004
2026-01-18 16:14:51.692,1.012
2026-01-18 16:14:51.708,1.01
2026-01-18 16:14:51.709,1.005
2026-01-18 16:14:51.724,1.007
2026-01-18 16:14:51.741,1.006
2026-01-18 16:14:51.759,1.011
2026-01-18 16:14:51.759,1.012
2026-01-18 16:14:51.775,1.009
2026-01-18 16:14:51.791,1.013
2026-01-18 16:14:51.791,1.01
2026-01-18 16:14:51.808,1.018
2026-01-18 16:14:51.826,1.014
2026-01-18 16:14:51.842,1.011
2026-01-18 16:14:51.842,1.007
2026-01-18 16:14:51.859,1.008
2026-01-18 16:14:51.876,1.014
2026-01-18 16:14:51.876,1.013
2026-01-18 16:14:51.892,1.009
2026-01-18 16:14:51.909,1.008
2026-01-18 16:14:51.926,1.006
2026-01-18 16:14:51.926,1.009
2026-01-18 16:14:51.941,1.002
2026-01-18 16:14:51.958,1.001
2026-01-18 16:14:51.975,0.999
2026-01-18 16:14:51.976,0.999
2026-01-18 16:14:51.992,1.003
2026-01-18 16:14:52.008,1.006
2026-01-18 16:14:52.008,1.002
2026-01-18 16:14:52.026,0.995
2026-01-18 16:14:52.042,0.999
2026-01-18 16:14:52.059,0.997
2026-01-18 16:14:52.059,1.0
2026-01-18 16:14:52.075,1.003
2026-01-18 16:14:52.092,1.006
2026-01-18 16:14:52.092,1.006
2026-01-18 16:14:52.109,1.002
2026-01-18 16:14:52.125,1.0
2026-01-18 16:14:52.141,0.998
2026-01-18 16:14:52.143,1.002
2026-01-18 16:14:52.158,1.005
2026-01-18 16:14:52.176,1.006
2026-01-18 16:14:52.176,1.009
2026-01-18 16:14:52.192,1.007
2026-01-18 16:14:52.209,1.005
2026-01-18 16:14:52.225,1.004
2026-01-18 16:14:52.225,1.004
2026-01-18 16:14:52.242,1.002
2026-01-18 16:14:52.258,0.999
2026-01-18 16:14:52.275,0.996
2026-01-18 16:14:52.276,0.993
2026-01-18 16:14:52.292,0.994
2026-01-18 16:14:52.309,1.001
2026-01-18 16:14:52.309,1.001
2026-01-18 16:14:52.325,1.001
2026-01-18 16:14:52.342,1.003
2026-01-18 16:14:52.358,1.005
2026-01-18 16:14:52.358,1.004
2026-01-18 16:14:52.375,1.001
2026-01-18 16:14:52.392,1.004
2026-01-18 16:14:52.392,1.005
2026-01-18 16:14:52.407,1.005
2026-01-18 16:14:52.425,1.005
2026-01-18 16:14:52.442,1.005
2026-01-18 16:14:52.443,1.005
2026-01-18 16:14:52.482,1.008
2026-01-18 16:14:52.482,1.008
2026-01-18 16:14:52.482,1.009
2026-01-18 16:14:52.492,1.008
2026-01-18 16:14:52.514,1.011
2026-01-18 16:14:52.514,1.005
2026-01-18 16:14:52.525,1.001
2026-01-18 16:14:52.541,1.003
2026-01-18 16:14:52.559,1.003
2026-01-18 16:14:52.559,0.999
2026-01-18 16:14:52.575,0.998
2026-01-18 16:14:52.591,1.001
2026-01-18 16:14:52.608,1.002
2026-01-18 16:14:52.608,1.001
2026-01-18 16:14:52.625,1.0
2026-01-18 16:14:52.642,1.002
2026-01-18 16:14:52.659,1.004
2026-01-18 16:14:52.659,1.009
2026-01-18 16:14:52.675,1.008
2026-01-18 16:14:52.692,1.008
2026-01-18 16:14:52.692,1.009
2026-01-18 16:14:52.706,1.017
2026-01-18 16:14:52.725,1.02
2026-01-18 16:14:52.741,1.011
2026-01-18 16:14:52.741,1.01
2026-01-18 16:14:52.758,1.01
2026-01-18 16:14:52.774,1.008
2026-01-18 16:14:52.774,1.012
2026-01-18 16:14:52.792,1.011
2026-01-18 16:14:52.809,1.016
2026-01-18 16:14:52.825,1.019
2026-01-18 16:14:52.826,1.018
2026-01-18 16:14:52.841,1.021
2026-01-18 16:14:52.858,1.018
2026-01-18 16:14:52.859,1.009
2026-01-18 16:14:52.875,1.009
2026-01-18 16:14:52.892,1.005
2026-01-18 16:14:52.909,1.005
2026-01-18 16:14:52.909,1.005
2026-01-18 16:14:52.925,1.007
2026-01-18 16:14:52.942,1.007
2026-01-18 16:14:52.959,1.008
2026-01-18 16:14:52.959,1.012
2026-01-18 16:14:52.975,1.007
2026-01-18 16:14:52.992,1.008
2026-01-18 16:14:52.992,1.01
2026-01-18 16:14:53.008,1.005
2026-01-18 16:14:53.025,1.002
2026-01-18 16:14:53.042,1.002
2026-01-18 16:14:53.043,1.005
2026-01-18 16:14:53.058,1.008
2026-01-18 16:14:53.075,1.014
2026-01-18 16:14:53.076,1.014
2026-01-18 16:14:53.091,1.011
2026-01-18 16:14:53.108,1.013
2026-01-18 16:14:53.126,1.013
2026-01-18 16:14:53.126,1.014
2026-01-18 16:14:53.142,1.019
2026-01-18 16:14:53.159,1.015
2026-01-18 16:14:53.159,1.01
2026-01-18 16:14:53.177,1.01
2026-01-18 16:14:53.193,1.014
2026-01-18 16:14:53.210,1.021
2026-01-18 16:14:53.210,1.015
2026-01-18 16:14:53.226,1.02
2026-01-18 16:14:53.242,1.017
2026-01-18 16:14:53.244,1.014
2026-01-18 16:14:53.259,1.014
2026-01-18 16:14:53.276,1.012
2026-01-18 16:14:53.293,1.015
2026-01-18 16:14:53.293,1.017
2026-01-18 16:14:53.308,1.023
2026-01-18 16:14:53.325,1.022
2026-01-18 16:14:53.342,1.021
2026-01-18 16:14:53.342,1.016
2026-01-18 16:14:53.359,1.017
2026-01-18 16:14:53.375,1.014
2026-01-18 16:14:53.376,1.014
2026-01-18 16:14:53.391,1.018
2026-01-18 16:14:53.408,1.016
2026-01-18 16:14:53.426,1.017
2026-01-18 16:14:53.426,1.014
2026-01-18 16:14:53.442,1.018
2026-01-18 16:14:53.461,1.019
2026-01-18 16:14:53.461,1.015
2026-01-18 16:14:53.475,1.013
2026-01-18 16:14:53.491,1.012
2026-01-18 16:14:53.514,1.008
2026-01-18 16:14:53.514,1.008
2026-01-18 16:14:53.524,1.008
2026-01-18 16:14:53.541,1.007
2026-01-18 16:14:53.558,1.008
2026-01-18 16:14:53.558,1.011
2026-01-18 16:14:53.575,1.008
2026-01-18 16:14:53.591,1.008
2026-01-18 16:14:53.591,1.008
2026-01-18 16:14:53.607,1.011
2026-01-18 16:14:53.625,1.006
2026-01-18 16:14:53.641,1.01
2026-01-18 16:14:53.642,1.01
2026-01-18 16:14:53.660,1.011
2026-01-18 16:14:53.675,1.011
2026-01-18 16:14:53.676,1.008
2026-01-18 16:14:53.692,1.008
2026-01-18 16:14:53.708,1.007
2026-01-18 16:14:53.725,1.009
2026-01-18 16:14:53.726,1.013
2026-01-18 16:14:53.742,1.009
2026-01-18 16:14:53.759,1.007
2026-01-18 16:14:53.775,1.008
2026-01-18 16:14:53.775,1.013
2026-01-18 16:14:53.791,1.009
2026-01-18 16:14:53.808,1.012
2026-01-18 16:14:53.808,1.008
2026-01-18 16:14:53.842,1.012
2026-01-18 16:14:53.842,1.012
2026-01-18 16:14:53.843,1.01
2026-01-18 16:14:53.859,1.01
2026-01-18 16:14:53.876,1.011
2026-01-18 16:14:53.892,1.007
2026-01-18 16:14:53.892,1.008
2026-01-18 16:14:53.909,1.004
2026-01-18 16:14:53.926,1.005
2026-01-18 16:14:53.943,1.001
2026-01-18 16:14:53.943,1.003
2026-01-18 16:14:53.958,1.005
2026-01-18 16:14:53.975,1.006
2026-01-18 16:14:53.976,1.005
2026-01-18 16:14:53.991,1.01
2026-01-18 16:14:54.009,1.01
2026-01-18 16:14:54.011,1.006
2026-01-18 16:14:54.025,1.007
2026-01-18 16:14:54.043,1.011
2026-01-18 16:14:54.058,1.011
2026-01-18 16:14:54.075,1.009
2026-01-18 16:14:54.076,1.01
2026-01-18 16:14:54.092,1.02
2026-01-18 16:14:54.109,1.027
2026-01-18 16:14:54.110,1.021
2026-01-18 16:14:54.125,1.022
2026-01-18 16:14:54.142,1.019
2026-01-18 16:14:54.144,1.019
2026-01-18 16:14:54.158,1.021
2026-01-18 16:14:54.175,1.018
2026-01-18 16:14:54.193,1.021
2026-01-18 16:14:54.193,1.017
2026-01-18 16:14:54.207,1.016
2026-01-18 16:14:54.225,1.015
2026-01-18 16:14:54.243,1.013
2026-01-18 16:14:54.243,1.011
2026-01-18 16:14:54.259,1.014
2026-01-18 16:14:54.275,1.021
2026-01-18 16:14:54.276,1.02
2026-01-18 16:14:54.293,1.019
2026-01-18 16:14:54.309,1.018
2026-01-18 16:14:54.326,1.021
2026-01-18 16:14:54.326,1.023
2026-01-18 16:14:54.342,1.022
2026-01-18 16:14:54.360,1.019
2026-01-18 16:14:54.360,1.019
2026-01-18 16:14:54.376,1.026
2026-01-18 16:14:54.393,1.022
2026-01-18 16:14:54.410,1.02
2026-01-18 16:14:54.410,1.019
2026-01-18 16:14:54.425,1.021
2026-01-18 16:14:54.442,1.019
2026-01-18 16:14:54.459,1.022
2026-01-18 16:14:54.459,1.023
2026-01-18 16:14:54.476,1.02
2026-01-18 16:14:54.492,1.02
2026-01-18 16:14:54.493,1.018
2026-01-18 16:14:54.514,1.016
2026-01-18 16:14:54.524,1.021
2026-01-18 16:14:54.541,1.02
2026-01-18 16:14:54.542,1.023
2026-01-18 16:14:54.557,1.022
2026-01-18 16:14:54.575,1.019
2026-01-18 16:14:54.575,1.02
2026-01-18 16:14:54.591,1.018
2026-01-18 16:14:54.610,1.023
2026-01-18 16:14:54.625,1.027
2026-01-18 16:14:54.626,1.025
2026-01-18 16:14:54.643,1.022
2026-01-18 16:14:54.659,1.013
2026-01-18 16:14:54.659,1.011
2026-01-18 16:14:54.675,1.009
2026-01-18 16:14:54.693,1.011
2026-01-18 16:14:54.709,1.017
2026-01-18 16:14:54.709,1.015
2026-01-18 16:14:54.725,1.012
2026-01-18 16:14:54.742,1.015
2026-01-18 16:14:54.743,1.016
2026-01-18 16:14:54.757,1.017
2026-01-18 16:14:54.775,1.018
2026-01-18 16:14:54.792,1.02
2026-01-18 16:14:54.793,1.018
2026-01-18 16:14:54.809,1.019
2026-01-18 16:14:54.825,1.014
2026-01-18 16:14:54.842,1.013
2026-01-18 16:14:54.843,1.015
2026-01-18 16:14:54.857,1.015
2026-01-18 16:14:54.875,1.015
2026-01-18 16:14:54.876,1.015
2026-01-18 16:14:54.892,1.017
2026-01-18 16:14:54.908,1.024
2026-01-18 16:14:54.925,1.026
2026-01-18 16:14:54.926,1.027
2026-01-18 16:14:54.941,1.028
2026-01-18 16:14:54.958,1.02
2026-01-18 16:14:54.974,1.029
2026-01-18 16:14:54.975,1.031
2026-01-18 16:14:54.991,1.031
2026-01-18 16:14:55.008,1.026
2026-01-18 16:14:55.009,1.023
2026-01-18 16:14:55.025,1.02
2026-01-18 16:14:55.041,1.025
2026-01-18 16:14:55.058,1.024
2026-01-18 16:14:55.058,1.023
2026-01-18 16:14:55.075,1.021
2026-01-18 16:14:55.092,1.017
2026-01-18 16:14:55.092,1.021
2026-01-18 16:14:55.108,1.022
2026-01-18 16:14:55.126,1.017
2026-01-18 16:14:55.144,1.016
2026-01-18 16:14:55.144,1.014
2026-01-18 16:14:55.158,1.014
2026-01-18 16:14:55.176,1.012
2026-01-18 16:14:55.176,1.016
2026-01-18 16:14:55.203,1.015
2026-01-18 16:14:55.204,1.015
2026-01-18 16:14:55.216,1.013
2026-01-18 16:14:55.225,1.014
2026-01-18 16:14:55.242,1.016
2026-01-18 16:14:55.258,1.018
2026-01-18 16:14:55.275,1.019
2026-01-18 16:14:55.276,1.024
2026-01-18 16:14:55.291,1.019
2026-01-18 16:14:55.309,1.022
2026-01-18 16:14:55.309,1.022
2026-01-18 16:14:55.324,1.016
2026-01-18 16:14:55.343,1.011
2026-01-18 16:14:55.343,1.008
2026-01-18 16:14:55.358,1.013
2026-01-18 16:14:55.375,1.013
2026-01-18 16:14:55.392,1.021
2026-01-18 16:14:55.393,1.02
2026-01-18 16:14:55.409,1.02
2026-01-18 16:14:55.425,1.024
2026-01-18 16:14:55.443,1.022
2026-01-18 16:14:55.443,1.022
2026-01-18 16:14:55.458,1.023
2026-01-18 16:14:55.475,1.019
2026-01-18 16:14:55.476,1.015
2026-01-18 16:14:55.499,1.012
2026-01-18 16:14:55.499,1.014
2026-01-18 16:14:55.512,1.016
2026-01-18 16:14:55.525,1.012
2026-01-18 16:14:55.541,1.012
2026-01-18 16:14:55.558,1.02
2026-01-18 16:14:55.559,1.018
2026-01-18 16:14:55.574,1.015
2026-01-18 16:14:55.592,1.015
2026-01-18 16:14:55.607,1.017
2026-01-18 16:14:55.607,1.017
2026-01-18 16:14:55.625,1.017
2026-01-18 16:14:55.642,1.014
2026-01-18 16:14:55.643,1.015
2026-01-18 16:14:55.659,1.014
2026-01-18 16:14:55.675,1.013
2026-01-18 16:14:55.692,1.018
2026-01-18 16:14:55.693,1.015
2026-01-18 16:14:55.709,1.014
2026-01-18 16:14:55.726,1.015
2026-01-18 16:14:55.743,1.02
2026-01-18 16:14:55.743,1.023
2026-01-18 16:14:55.759,1.026
2026-01-18 16:14:55.776,1.022
2026-01-18 16:14:55.776,1.02
2026-01-18 16:14:55.792,1.016
2026-01-18 16:14:55.808,1.013
2026-01-18 16:14:55.825,1.011
2026-01-18 16:14:55.826,1.015
2026-01-18 16:14:55.842,1.021
2026-01-18 16:14:55.859,1.019
2026-01-18 16:14:55.859,1.017
2026-01-18 16:14:55.875,1.021
2026-01-18 16:14:55.893,1.02
2026-01-18 16:14:55.908,1.021
2026-01-18 16:14:55.909,1.022
2026-01-18 16:14:55.925,1.024
2026-01-18 16:14:55.942,1.028
2026-01-18 16:14:55.958,1.022
2026-01-18 16:14:55.959,1.023
2026-01-18 16:14:55.975,1.02
2026-01-18 16:14:55.993,1.016
2026-01-18 16:14:55.994,1.019
2026-01-18 16:14:56.008,1.021
2026-01-18 16:14:56.026,1.023
2026-01-18 16:14:56.041,1.017
2026-01-18 16:14:56.041,1.015
2026-01-18 16:14:56.058,1.02
2026-01-18 16:14:56.074,1.013
2026-01-18 16:14:56.075,1.017
2026-01-18 16:14:56.092,1.013
2026-01-18 16:14:56.108,1.015
2026-01-18 16:14:56.124,1.012
2026-01-18 16:14:56.125,1.016
2026-01-18 16:14:56.143,1.016
2026-01-18 16:14:56.159,1.014
2026-01-18 16:14:56.160,1.017
2026-01-18 16:14:56.176,1.017
2026-01-18 16:14:56.192,1.017
2026-01-18 16:14:56.209,1.02
2026-01-18 16:14:56.209,1.021
2026-01-18 16:14:56.225,1.02
2026-01-18 16:14:56.242,1.018
2026-01-18 16:14:56.259,1.02
2026-01-18 16:14:56.259,1.022
2026-01-18 16:14:56.275,1.026
2026-01-18 16:14:56.292,1.023
2026-01-18 16:14:56.293,1.023
2026-01-18 16:14:56.310,1.022
2026-01-18 16:14:56.324,1.019
2026-01-18 16:14:56.341,1.016
2026-01-18 16:14:56.341,1.015
2026-01-18 16:14:56.358,1.018
2026-01-18 16:14:56.375,1.014
2026-01-18 16:14:56.375,1.011
2026-01-18 16:14:56.391,1.011
2026-01-18 16:14:56.408,1.013
2026-01-18 16:14:56.425,1.01
2026-01-18 16:14:56.426,1.01
2026-01-18 16:14:56.442,1.011
2026-01-18 16:14:56.458,1.008
2026-01-18 16:14:56.459,1.012
2026-01-18 16:14:56.475,1.016
2026-01-18 16:14:56.492,1.024
2026-01-18 16:14:56.509,1.017
2026-01-18 16:14:56.509,1.015
2026-01-18 16:14:56.531,1.016
2026-01-18 16:14:56.531,1.013
2026-01-18 16:14:56.573,1.016
2026-01-18 16:14:56.574,1.017
2026-01-18 16:14:56.575,1.011
2026-01-18 16:14:56.584,1.012
2026-01-18 16:14:56.592,1.014
2026-01-18 16:14:56.608,1.012
2026-01-18 16:14:56.627,1.013
2026-01-18 16:14:56.641,1.018
2026-01-18 16:14:56.641,1.019
2026-01-18 16:14:56.658,1.016
2026-01-18 16:14:56.674,1.014
2026-01-18 16:14:56.675,1.024
2026-01-18 16:14:56.691,1.021
2026-01-18 16:14:56.709,1.022
2026-01-18 16:14:56.712,1.017
2026-01-18 16:14:56.724,1.018
2026-01-18 16:14:56.741,1.02
2026-01-18 16:14:56.759,1.014
2026-01-18 16:14:56.775,1.016
2026-01-18 16:14:56.775,1.009
2026-01-18 16:14:56.791,1.008
2026-01-18 16:14:56.809,1.009
2026-01-18 16:14:56.809,1.011
2026-01-18 16:14:56.825,1.011
2026-01-18 16:14:56.842,1.012
2026-01-18 16:14:56.859,1.017
2026-01-18 16:14:56.859,1.015
2026-01-18 16:14:56.874,1.016
2026-01-18 16:14:56.892,1.013
2026-01-18 16:14:56.893,1.016
2026-01-18 16:14:56.908,1.016
2026-01-18 16:14:56.925,1.016
2026-01-18 16:14:56.942,1.016
2026-01-18 16:14:56.942,1.012
2026-01-18 16:14:56.959,1.012
2026-01-18 16:14:56.975,1.011
2026-01-18 16:14:56.975,1.013
2026-01-18 16:14:56.991,1.01
2026-01-18 16:14:57.008,1.01
2026-01-18 16:14:57.024,1.009
2026-01-18 16:14:57.025,1.003
2026-01-18 16:14:57.042,1.005
2026-01-18 16:14:57.059,1.005
2026-01-18 16:14:57.059,1.004
2026-01-18 16:14:57.075,1.007
2026-01-18 16:14:57.092,1.002
2026-01-18 16:14:57.108,1.01
2026-01-18 16:14:57.108,1.008
2026-01-18 16:14:57.123,1.012
2026-01-18 16:14:57.141,1.013
2026-01-18 16:14:57.158,1.01
2026-01-18 16:14:57.158,1.01
2026-01-18 16:14:57.174,1.006
2026-01-18 16:14:57.191,1.009
2026-01-18 16:14:57.191,1.011
2026-01-18 16:14:57.207,1.015
2026-01-18 16:14:57.225,1.017
2026-01-18 16:14:57.241,1.019
2026-01-18 16:14:57.242,1.015
2026-01-18 16:14:57.258,1.015
2026-01-18 16:14:57.274,1.016
2026-01-18 16:14:57.275,1.019
2026-01-18 16:14:57.291,1.018
2026-01-18 16:14:57.309,1.018
2026-01-18 16:14:57.325,1.021
2026-01-18 16:14:57.325,1.017
2026-01-18 16:14:57.341,1.014
2026-01-18 16:14:57.358,1.011
2026-01-18 16:14:57.374,1.014
2026-01-18 16:14:57.375,1.017
2026-01-18 16:14:57.393,1.023
2026-01-18 16:14:57.409,1.026
2026-01-18 16:14:57.410,1.025
2026-01-18 16:14:57.424,1.03
2026-01-18 16:14:57.443,1.028
2026-01-18 16:14:57.443,1.027
2026-01-18 16:14:57.458,1.027
2026-01-18 16:14:57.474,1.02
2026-01-18 16:14:57.491,1.017
2026-01-18 16:14:57.492,1.017
2026-01-18 16:14:57.515,1.017
2026-01-18 16:14:57.515,1.024
2026-01-18 16:14:57.541,1.026
2026-01-18 16:14:57.542,1.026
2026-01-18 16:14:57.559,1.024
2026-01-18 16:14:57.575,1.025
2026-01-18 16:14:57.576,1.027
2026-01-18 16:14:57.591,1.029
2026-01-18 16:14:57.609,1.026
2026-01-18 16:14:57.625,1.02
2026-01-18 16:14:57.625,1.016
2026-01-18 16:14:57.642,1.019
2026-01-18 16:14:57.658,1.017
2026-01-18 16:14:57.674,1.017
2026-01-18 16:14:57.675,1.021
2026-01-18 16:14:57.692,1.018
2026-01-18 16:14:57.709,1.02
2026-01-18 16:14:57.709,1.024
2026-01-18 16:14:57.724,1.023
2026-01-18 16:14:57.742,1.023
2026-01-18 16:14:57.758,1.021
2026-01-18 16:14:57.758,1.015
2026-01-18 16:14:57.775,1.014
2026-01-18 16:14:57.792,1.011
2026-01-18 16:14:57.792,1.012
2026-01-18 16:14:57.808,1.015
2026-01-18 16:14:57.824,1.012
2026-01-18 16:14:57.842,1.011
2026-01-18 16:14:57.842,1.013
2026-01-18 16:14:57.858,1.012
2026-01-18 16:14:57.875,1.013
2026-01-18 16:14:57.875,1.015
2026-01-18 16:14:57.893,1.014
2026-01-18 16:14:57.933,1.017
2026-01-18 16:14:57.934,1.017
2026-01-18 16:14:57.934,1.015
2026-01-18 16:14:57.945,1.016
2026-01-18 16:14:57.959,1.015
2026-01-18 16:14:57.974,1.021
2026-01-18 16:14:57.992,1.02
2026-01-18 16:14:58.009,1.021
2026-01-18 16:14:58.009,1.021
2026-01-18 16:14:58.024,1.021
2026-01-18 16:14:58.043,1.018
2026-01-18 16:14:58.043,1.018
2026-01-18 16:14:58.058,1.021
2026-01-18 16:14:58.075,1.016
2026-01-18 16:14:58.092,1.012
2026-01-18 16:14:58.092,1.011
2026-01-18 16:14:58.107,1.01
2026-01-18 16:14:58.125,1.016
2026-01-18 16:14:58.141,1.015
2026-01-18 16:14:58.141,1.017
2026-01-18 16:14:58.158,1.012
2026-01-18 16:14:58.174,1.009
2026-01-18 16:14:58.175,1.012
2026-01-18 16:14:58.192,1.007
2026-01-18 16:14:58.208,1.012
2026-01-18 16:14:58.225,1.013
2026-01-18 16:14:58.225,1.013
2026-01-18 16:14:58.242,1.01
2026-01-18 16:14:58.258,1.008
2026-01-18 16:14:58.274,1.011
2026-01-18 16:14:58.275,1.011
2026-01-18 16:14:58.291,1.011
2026-01-18 16:14:58.309,1.014
2026-01-18 16:14:58.309,1.017
2026-01-18 16:14:58.324,1.015
2026-01-18 16:14:58.343,1.011
2026-01-18 16:14:58.343,1.011
2026-01-18 16:14:58.358,1.014
2026-01-18 16:14:58.375,1.012
2026-01-18 16:14:58.392,1.01
2026-01-18 16:14:58.393,1.011
2026-01-18 16:14:58.408,1.014
2026-01-18 16:14:58.426,1.017
2026-01-18 16:14:58.427,1.014
2026-01-18 16:14:58.441,1.015
2026-01-18 16:14:58.459,1.015
2026-01-18 16:14:58.475,1.012
2026-01-18 16:14:58.476,1.012
2026-01-18 16:14:58.490,1.016
2026-01-18 16:14:58.515,1.015
2026-01-18 16:14:58.516,1.016
2026-01-18 16:14:58.525,1.012
2026-01-18 16:14:58.541,1.011
2026-01-18 16:14:58.557,1.014
2026-01-18 16:14:58.575,1.016
2026-01-18 16:14:58.575,1.013
2026-01-18 16:14:58.591,1.012
2026-01-18 16:14:58.609,1.017
2026-01-18 16:14:58.609,1.018
2026-01-18 16:14:58.624,1.014
2026-01-18 16:14:58.642,1.013
2026-01-18 16:14:58.658,1.016
2026-01-18 16:14:58.659,1.023
2026-01-18 16:14:58.674,1.02
2026-01-18 16:14:58.692,1.023
2026-01-18 16:14:58.692,1.019
2026-01-18 16:14:58.709,1.015
2026-01-18 16:14:58.725,1.018
2026-01-18 16:14:58.741,1.02
2026-01-18 16:14:58.742,1.023
2026-01-18 16:14:58.758,1.025
2026-01-18 16:14:58.774,1.025
2026-01-18 16:14:58.789,1.028
2026-01-18 16:14:58.790,1.025
2026-01-18 16:14:58.824,1.026
2026-01-18 16:14:58.824,1.027
2026-01-18 16:14:58.842,1.026
2026-01-18 16:14:58.858,1.026
2026-01-18 16:14:58.875,1.024
2026-01-18 16:14:58.875,1.022
2026-01-18 16:14:58.891,1.023
2026-01-18 16:14:58.911,1.026
2026-01-18 16:14:58.911,1.031
2026-01-18 16:14:58.924,1.029
2026-01-18 16:14:58.943,1.027
2026-01-18 16:14:58.943,1.024
2026-01-18 16:14:58.959,1.025
2026-01-18 16:14:58.974,1.024
2026-01-18 16:14:58.991,1.023
2026-01-18 16:14:58.991,1.021
2026-01-18 16:14:59.007,1.022
2026-01-18 16:14:59.024,1.02
2026-01-18 16:14:59.043,1.017
2026-01-18 16:14:59.043,1.022
2026-01-18 16:14:59.058,1.021
2026-01-18 16:14:59.074,1.024
2026-01-18 16:14:59.075,1.023
2026-01-18 16:14:59.093,1.02
2026-01-18 16:14:59.107,1.017
2026-01-18 16:14:59.123,1.017
2026-01-18 16:14:59.124,1.021
2026-01-18 16:14:59.141,1.02
2026-01-18 16:14:59.157,1.018
2026-01-18 16:14:59.173,1.015
2026-01-18 16:14:59.174,1.016
2026-01-18 16:14:59.209,1.015
2026-01-18 16:14:59.209,1.019
2026-01-18 16:14:59.224,1.018
2026-01-18 16:14:59.241,1.019
2026-01-18 16:14:59.259,1.016
2026-01-18 16:14:59.259,1.015
2026-01-18 16:14:59.317,1.019
2026-01-18 16:14:59.317,1.018
2026-01-18 16:14:59.318,1.023
2026-01-18 16:14:59.318,1.021
2026-01-18 16:14:59.318,1.025
2026-01-18 16:14:59.340,1.025
2026-01-18 16:14:59.340,1.026
2026-01-18 16:14:59.358,1.024
2026-01-18 16:14:59.376,1.02
2026-01-18 16:14:59.391,1.023
2026-01-18 16:14:59.408,1.018
2026-01-18 16:14:59.424,1.018
2026-01-18 16:14:59.425,1.018
2026-01-18 16:14:59.441,1.018
2026-01-18 16:14:59.456,1.017
2026-01-18 16:14:59.474,1.019
2026-01-18 16:14:59.474,1.016
2026-01-18 16:14:59.491,1.016
2026-01-18 16:14:59.508,1.02
2026-01-18 16:14:59.508,1.023
2026-01-18 16:14:59.529,1.018
2026-01-18 16:14:59.540,1.02
2026-01-18 16:14:59.557,1.016
2026-01-18 16:14:59.557,1.018
2026-01-18 16:14:59.574,1.02
2026-01-18 16:14:59.590,1.019
2026-01-18 16:14:59.591,1.019
2026-01-18 16:14:59.608,1.017
2026-01-18 16:14:59.624,1.014
2026-01-18 16:14:59.641,1.012
2026-01-18 16:14:59.642,1.01
2026-01-18 16:14:59.659,1.008
2026-01-18 16:14:59.674,1.004
2026-01-18 16:14:59.675,1.011
2026-01-18 16:14:59.691,1.016
2026-01-18 16:14:59.708,1.015
2026-01-18 16:14:59.724,1.017
2026-01-18 16:14:59.725,1.017
2026-01-18 16:14:59.742,1.016
2026-01-18 16:14:59.757,1.018
2026-01-18 16:14:59.774,1.017
2026-01-18 16:14:59.774,1.013
2026-01-18 16:14:59.791,1.009
2026-01-18 16:14:59.808,1.014
2026-01-18 16:14:59.808,1.015
2026-01-18 16:14:59.825,1.015
2026-01-18 16:14:59.842,1.017
2026-01-18 16:14:59.858,1.017
2026-01-18 16:14:59.874,1.017
2026-01-18 16:14:59.892,1.024
2026-01-18 16:14:59.893,1.025
2026-01-18 16:14:59.907,1.024
2026-01-18 16:14:59.924,1.027
2026-01-18 16:14:59.942,1.029
2026-01-18 16:14:59.942,1.027
2026-01-18 16:14:59.958,1.029
2026-01-18 16:14:59.974,1.024
2026-01-18 16:14:59.975,1.019
2026-01-18 16:14:59.991,1.016
2026-01-18 16:15:00.008,1.019
2026-01-18 16:15:00.025,1.017
2026-01-18 16:15:00.025,1.021
2026-01-18 16:15:00.041,1.02
2026-01-18 16:15:00.057,1.022
2026-01-18 16:15:00.074,1.026
2026-01-18 16:15:00.074,1.021
2026-01-18 16:15:00.092,1.02
2026-01-18 16:15:00.109,1.019
2026-01-18 16:15:00.109,1.017
2026-01-18 16:15:00.125,1.02
2026-01-18 16:15:00.141,1.018
2026-01-18 16:15:00.157,1.017
2026-01-18 16:15:00.158,1.019
2026-01-18 16:15:00.174,1.024
2026-01-18 16:15:00.192,1.022
2026-01-18 16:15:00.192,1.018
2026-01-18 16:15:00.207,1.017
2026-01-18 16:15:00.224,1.019
2026-01-18 16:15:00.242,1.018
2026-01-18 16:15:00.242,1.019
2026-01-18 16:15:00.258,1.019
2026-01-18 16:15:00.276,1.02
2026-01-18 16:15:00.276,1.023
2026-01-18 16:15:00.290,1.033
2026-01-18 16:15:00.308,1.028
2026-01-18 16:15:00.324,1.024
2026-01-18 16:15:00.325,1.023
2026-01-18 16:15:00.341,1.018
2026-01-18 16:15:00.358,1.021
2026-01-18 16:15:00.375,1.016
2026-01-18 16:15:00.375,1.016
2026-01-18 16:15:00.391,1.019
2026-01-18 16:15:00.408,1.02
2026-01-18 16:15:00.409,1.022
2026-01-18 16:15:00.425,1.022
2026-01-18 16:15:00.441,1.024
2026-01-18 16:15:00.457,1.025
2026-01-18 16:15:00.457,1.022
2026-01-18 16:15:00.474,1.02
2026-01-18 16:15:00.492,1.025
2026-01-18 16:15:00.492,1.024
2026-01-18 16:15:00.507,1.025
2026-01-18 16:15:00.530,1.023
2026-01-18 16:15:00.531,1.019
2026-01-18 16:15:00.540,1.021
2026-01-18 16:15:00.556,1.017
2026-01-18 16:15:00.573,1.024
2026-01-18 16:15:00.592,1.023
2026-01-18 16:15:00.592,1.024
2026-01-18 16:15:00.608,1.025
2026-01-18 16:15:00.624,1.022
2026-01-18 16:15:00.625,1.022
2026-01-18 16:15:00.666,1.022
2026-01-18 16:15:00.666,1.024
2026-01-18 16:15:00.666,1.022
2026-01-18 16:15:00.674,1.027
2026-01-18 16:15:00.691,1.024
2026-01-18 16:15:00.707,1.018
2026-01-18 16:15:00.708,1.018
2026-01-18 16:15:00.724,1.016
2026-01-18 16:15:00.741,1.023
2026-01-18 16:15:00.758,1.024
2026-01-18 16:15:00.758,1.026
2026-01-18 16:15:00.774,1.027
2026-01-18 16:15:00.791,1.023
2026-01-18 16:15:00.791,1.019
2026-01-18 16:15:00.808,1.014
2026-01-18 16:15:00.825,1.012
2026-01-18 16:15:00.842,1.01
2026-01-18 16:15:00.842,1.005
2026-01-18 16:15:00.858,1.001
2026-01-18 16:15:00.874,1.006
2026-01-18 16:15:00.890,1.006
2026-01-18 16:15:00.890,1.001
2026-01-18 16:15:00.908,1.0
2026-01-18 16:15:00.924,1.003
2026-01-18 16:15:00.924,1.007
2026-01-18 16:15:00.941,1.012
2026-01-18 16:15:00.958,1.015
2026-01-18 16:15:00.975,1.013
2026-01-18 16:15:00.975,1.015
2026-01-18 16:15:00.991,1.011
2026-01-18 16:15:01.007,1.009
2026-01-18 16:15:01.008,1.012
2026-01-18 16:15:01.024,1.012
2026-01-18 16:15:01.042,1.018
2026-01-18 16:15:01.057,1.018
2026-01-18 16:15:01.059,1.017
2026-01-18 16:15:01.074,1.017
2026-01-18 16:15:01.091,1.016
2026-01-18 16:15:01.092,1.012
2026-01-18 16:15:01.107,1.01
2026-01-18 16:15:01.124,1.013
2026-01-18 16:15:01.141,1.012
2026-01-18 16:15:01.141,1.012
2026-01-18 16:15:01.157,1.011
2026-01-18 16:15:01.173,1.01
2026-01-18 16:15:01.190,1.007
2026-01-18 16:15:01.190,1.006
2026-01-18 16:15:01.206,1.006
2026-01-18 16:15:01.224,1.005
2026-01-18 16:15:01.224,1.003
2026-01-18 16:15:01.240,1.007
2026-01-18 16:15:01.256,1.011
2026-01-18 16:15:01.274,1.009
2026-01-18 16:15:01.274,1.011
2026-01-18 16:15:01.290,1.011
2026-01-18 16:15:01.307,1.009
2026-01-18 16:15:01.307,1.009
2026-01-18 16:15:01.324,1.004
2026-01-18 16:15:01.341,1.008
2026-01-18 16:15:01.358,1.003
2026-01-18 16:15:01.358,1.004
2026-01-18 16:15:01.374,1.007
2026-01-18 16:15:01.391,1.006
2026-01-18 16:15:01.408,1.005
2026-01-18 16:15:01.425,1.003
2026-01-18 16:15:01.441,1.003
2026-01-18 16:15:01.441,1.001
2026-01-18 16:15:01.458,1.0
2026-01-18 16:15:01.474,0.999
2026-01-18 16:15:01.491,1.004
2026-01-18 16:15:01.491,1.006
2026-01-18 16:15:01.508,1.007
2026-01-18 16:15:01.532,1.003
2026-01-18 16:15:01.532,1.006
2026-01-18 16:15:01.540,1.006
2026-01-18 16:15:01.556,1.003
2026-01-18 16:15:01.573,1.002
2026-01-18 16:15:01.573,0.999
2026-01-18 16:15:01.590,1.001
2026-01-18 16:15:01.607,1.0
2026-01-18 16:15:01.607,1.0
2026-01-18 16:15:01.622,1.0
2026-01-18 16:15:01.639,1.003
2026-01-18 16:15:01.656,1.004
2026-01-18 16:15:01.656,1.003
2026-01-18 16:15:01.674,1.003
2026-01-18 16:15:01.691,1.003
2026-01-18 16:15:01.707,1.006
2026-01-18 16:15:01.708,1.0
2026-01-18 16:15:01.724,1.001
2026-01-18 16:15:01.740,1.002
2026-01-18 16:15:01.741,0.999
2026-01-18 16:15:01.758,1.004
2026-01-18 16:15:01.774,1.0
2026-01-18 16:15:01.792,0.995
2026-01-18 16:15:01.792,0.996
2026-01-18 16:15:01.807,0.993
2026-01-18 16:15:01.824,0.995
2026-01-18 16:15:01.824,0.994
2026-01-18 16:15:01.840,0.995
2026-01-18 16:15:01.857,0.995
2026-01-18 16:15:01.873,0.991
2026-01-18 16:15:01.873,0.994
2026-01-18 16:15:01.891,0.997
2026-01-18 16:15:01.907,0.999
2026-01-18 16:15:01.907,0.997
2026-01-18 16:15:01.924,0.995
2026-01-18 16:15:01.941,0.998
2026-01-18 16:15:01.958,0.998
2026-01-18 16:15:01.958,1.002
2026-01-18 16:15:01.974,1.003
2026-01-18 16:15:01.991,1.005
2026-01-18 16:15:01.991,1.006
2026-01-18 16:15:02.032,1.006
2026-01-18 16:15:02.033,1.005
2026-01-18 16:15:02.033,1.004
2026-01-18 16:15:02.045,1.005
2026-01-18 16:15:02.057,1.008
2026-01-18 16:15:02.074,1.008
2026-01-18 16:15:02.092,1.007
2026-01-18 16:15:02.093,1.005
2026-01-18 16:15:02.108,1.009
2026-01-18 16:15:02.123,1.013
2026-01-18 16:15:02.123,1.012
2026-01-18 16:15:02.142,1.015
2026-01-18 16:15:02.157,1.015
2026-01-18 16:15:02.175,1.015
2026-01-18 16:15:02.175,1.015
2026-01-18 16:15:02.191,1.01
2026-01-18 16:15:02.207,1.007
2026-01-18 16:15:02.208,1.01
2026-01-18 16:15:02.225,1.014
2026-01-18 16:15:02.240,1.01
2026-01-18 16:15:02.259,1.01
2026-01-18 16:15:02.259,1.011
2026-01-18 16:15:02.274,1.009
2026-01-18 16:15:02.291,1.01
2026-01-18 16:15:02.291,1.008
2026-01-18 16:15:02.307,1.003
2026-01-18 16:15:02.324,1.002
2026-01-18 16:15:02.341,1.004
2026-01-18 16:15:02.341,1.003
2026-01-18 16:15:02.357,1.003
2026-01-18 16:15:02.374,1.003
2026-01-18 16:15:02.391,1.005
2026-01-18 16:15:02.392,1.005
2026-01-18 16:15:02.408,1.005
2026-01-18 16:15:02.424,1.01
2026-01-18 16:15:02.424,1.012
2026-01-18 16:15:02.440,1.01
2026-01-18 16:15:02.457,1.016
2026-01-18 16:15:02.473,1.013
2026-01-18 16:15:02.474,1.011
2026-01-18 16:15:02.491,1.006
2026-01-18 16:15:02.508,1.006
2026-01-18 16:15:02.508,1.002
2026-01-18 16:15:02.523,1.0
2026-01-18 16:15:02.548,1.002
2026-01-18 16:15:02.548,1.0
2026-01-18 16:15:02.556,1.002
2026-01-18 16:15:02.574,1.004
2026-01-18 16:15:02.591,1.008
2026-01-18 16:15:02.591,1.005
2026-01-18 16:15:02.607,1.005
2026-01-18 16:15:02.624,1.005
2026-01-18 16:15:02.640,1.01
2026-01-18 16:15:02.641,1.007
2026-01-18 16:15:02.657,1.011
2026-01-18 16:15:02.674,1.013
2026-01-18 16:15:02.692,1.013
2026-01-18 16:15:02.692,1.011
2026-01-18 16:15:02.707,1.012
2026-01-18 16:15:02.723,1.01
2026-01-18 16:15:02.724,1.011
2026-01-18 16:15:02.740,1.01
2026-01-18 16:15:02.757,1.012
2026-01-18 16:15:02.773,1.018
2026-01-18 16:15:02.774,1.023
2026-01-18 16:15:02.790,1.02
2026-01-18 16:15:02.807,1.019
2026-01-18 16:15:02.807,1.017
2026-01-18 16:15:02.824,1.019
2026-01-18 16:15:02.842,1.017
2026-01-18 16:15:02.857,1.009
2026-01-18 16:15:02.858,1.011
2026-01-18 16:15:02.874,1.01
2026-01-18 16:15:02.891,1.013
2026-01-18 16:15:02.891,1.016
2026-01-18 16:15:02.908,1.018
2026-01-18 16:15:02.923,1.017
2026-01-18 16:15:02.940,1.016
2026-01-18 16:15:02.941,1.013
2026-01-18 16:15:02.958,1.016
2026-01-18 16:15:02.973,1.016
2026-01-18 16:15:02.992,1.014
2026-01-18 16:15:02.992,1.012
2026-01-18 16:15:03.006,1.008
2026-01-18 16:15:03.024,1.014
2026-01-18 16:15:03.024,1.009
2026-01-18 16:15:03.041,1.009
2026-01-18 16:15:03.058,1.008
2026-01-18 16:15:03.073,1.012
2026-01-18 16:15:03.074,1.014
2026-01-18 16:15:03.090,1.012
2026-01-18 16:15:03.108,1.011
2026-01-18 16:15:03.109,1.009
2026-01-18 16:15:03.124,1.009
2026-01-18 16:15:03.139,1.008
2026-01-18 16:15:03.158,1.004
2026-01-18 16:15:03.158,1.006
2026-01-18 16:15:03.173,1.01
2026-01-18 16:15:03.191,1.011
2026-01-18 16:15:03.191,1.01
2026-01-18 16:15:03.207,1.011
2026-01-18 16:15:03.224,1.016
2026-01-18 16:15:03.240,1.014
2026-01-18 16:15:03.241,1.014
2026-01-18 16:15:03.257,1.013
2026-01-18 16:15:03.274,1.009
2026-01-18 16:15:03.275,1.008
2026-01-18 16:15:03.290,1.009
2026-01-18 16:15:03.307,1.01
2026-01-18 16:15:03.324,1.008
2026-01-18 16:15:03.324,1.009
2026-01-18 16:15:03.341,1.008
2026-01-18 16:15:03.382,1.01
2026-01-18 16:15:03.383,1.012
2026-01-18 16:15:03.383,1.013
2026-01-18 16:15:03.383,1.013
2026-01-18 16:15:03.395,1.016
2026-01-18 16:15:03.407,1.013
2026-01-18 16:15:03.424,1.018
2026-01-18 16:15:03.440,1.017
2026-01-18 16:15:03.456,1.017
2026-01-18 16:15:03.457,1.019
2026-01-18 16:15:03.474,1.025
2026-01-18 16:15:03.494,1.029
2026-01-18 16:15:03.494,1.026
2026-01-18 16:15:03.507,1.023
2026-01-18 16:15:03.532,1.021
2026-01-18 16:15:03.532,1.018
2026-01-18 16:15:03.541,1.018
2026-01-18 16:15:03.556,1.02
2026-01-18 16:15:03.574,1.019
2026-01-18 16:15:03.575,1.021
2026-01-18 16:15:03.590,1.019
2026-01-18 16:15:03.607,1.016
2026-01-18 16:15:03.623,1.02
2026-01-18 16:15:03.624,1.016
2026-01-18 16:15:03.640,1.015
2026-01-18 16:15:03.657,1.017
2026-01-18 16:15:03.673,1.021
2026-01-18 16:15:03.674,1.019
2026-01-18 16:15:03.691,1.01
2026-01-18 16:15:03.707,1.009
2026-01-18 16:15:03.707,1.01
2026-01-18 16:15:03.723,1.015
2026-01-18 16:15:03.739,1.014
2026-01-18 16:15:03.756,1.013
2026-01-18 16:15:03.756,1.017
2026-01-18 16:15:03.772,1.015
2026-01-18 16:15:03.791,1.014
2026-01-18 16:15:03.791,1.016
2026-01-18 16:15:03.807,1.017
2026-01-18 16:15:03.824,1.019
2026-01-18 16:15:03.839,1.016
2026-01-18 16:15:03.841,1.02
2026-01-18 16:15:03.856,1.02
2026-01-18 16:15:03.873,1.019
2026-01-18 16:15:03.889,1.018
2026-01-18 16:15:03.890,1.018
2026-01-18 16:15:03.906,1.017
2026-01-18 16:15:03.923,1.014
2026-01-18 16:15:03.923,1.011
2026-01-18 16:15:03.940,1.013
2026-01-18 16:15:03.957,1.012
2026-01-18 16:15:03.975,1.009
2026-01-18 16:15:03.975,1.012
2026-01-18 16:15:03.990,1.01
2026-01-18 16:15:04.008,1.011
2026-01-18 16:15:04.008,1.01
2026-01-18 16:15:04.023,1.013
2026-01-18 16:15:04.041,1.014
2026-01-18 16:15:04.057,1.013
2026-01-18 16:15:04.057,1.018
2026-01-18 16:15:04.073,1.018
2026-01-18 16:15:04.091,1.017
2026-01-18 16:15:04.092,1.014
2026-01-18 16:15:04.107,1.012
2026-01-18 16:15:04.124,1.015
2026-01-18 16:15:04.140,1.015
2026-01-18 16:15:04.140,1.013
2026-01-18 16:15:04.157,1.007
2026-01-18 16:15:04.174,1.007
2026-01-18 16:15:04.191,1.007
2026-01-18 16:15:04.192,1.011
2026-01-18 16:15:04.207,1.01
2026-01-18 16:15:04.225,1.009
2026-01-18 16:15:04.225,1.008
2026-01-18 16:15:04.240,1.012
2026-01-18 16:15:04.257,1.015
2026-01-18 16:15:04.274,1.016
2026-01-18 16:15:04.274,1.019
2026-01-18 16:15:04.289,1.016
2026-01-18 16:15:04.307,1.016
2026-01-18 16:15:04.308,1.017
2026-01-18 16:15:04.323,1.015
2026-01-18 16:15:04.342,1.015
2026-01-18 16:15:04.360,1.016
2026-01-18 16:15:04.360,1.016
2026-01-18 16:15:04.374,1.018
2026-01-18 16:15:04.390,1.023
2026-01-18 16:15:04.391,1.024
2026-01-18 16:15:04.408,1.025
2026-01-18 16:15:04.423,1.024
2026-01-18 16:15:04.441,1.021
2026-01-18 16:15:04.442,1.026
2026-01-18 16:15:04.457,1.028
2026-01-18 16:15:04.473,1.03
2026-01-18 16:15:04.491,1.032
2026-01-18 16:15:04.492,1.032
2026-01-18 16:15:04.507,1.029
2026-01-18 16:15:04.530,1.026
2026-01-18 16:15:04.531,1.023
2026-01-18 16:15:04.540,1.027
2026-01-18 16:15:04.557,1.026
2026-01-18 16:15:04.574,1.029
2026-01-18 16:15:04.574,1.029
2026-01-18 16:15:04.591,1.026
2026-01-18 16:15:04.607,1.026
2026-01-18 16:15:04.608,1.031
2026-01-18 16:15:04.623,1.026
2026-01-18 16:15:04.642,1.027
2026-01-18 16:15:04.657,1.023
2026-01-18 16:15:04.657,1.023
2026-01-18 16:15:04.673,1.025
2026-01-18 16:15:04.689,1.02
2026-01-18 16:15:04.708,1.021
2026-01-18 16:15:04.708,1.018
2026-01-18 16:15:04.748,1.02
2026-01-18 16:15:04.749,1.017
2026-01-18 16:15:04.749,1.017
2026-01-18 16:15:04.756,1.021
2026-01-18 16:15:04.773,1.019
2026-01-18 16:15:04.790,1.015
2026-01-18 16:15:04.791,1.017
2026-01-18 16:15:04.807,1.014
2026-01-18 16:15:04.824,1.018
2026-01-18 16:15:04.824,1.02
2026-01-18 16:15:04.840,1.021
2026-01-18 16:15:04.858,1.023
2026-01-18 16:15:04.875,1.019
2026-01-18 16:15:04.875,1.018
2026-01-18 16:15:04.891,1.012
2026-01-18 16:15:04.907,1.011
2026-01-18 16:15:04.908,1.013
2026-01-18 16:15:04.923,1.013
2026-01-18 16:15:04.941,1.011
2026-01-18 16:15:04.957,1.008
2026-01-18 16:15:04.957,1.01
2026-01-18 16:15:04.973,1.012
2026-01-18 16:15:04.991,1.01
2026-01-18 16:15:04.991,1.012
2026-01-18 16:15:05.007,1.016
2026-01-18 16:15:05.023,1.019
2026-01-18 16:15:05.040,1.02
2026-01-18 16:15:05.041,1.016
2026-01-18 16:15:05.056,1.01
2026-01-18 16:15:05.073,1.007
2026-01-18 16:15:05.091,1.011
2026-01-18 16:15:05.091,1.015
2026-01-18 16:15:05.106,1.014
2026-01-18 16:15:05.123,1.013
2026-01-18 16:15:05.123,1.01
2026-01-18 16:15:05.141,1.011
2026-01-18 16:15:05.157,1.012
2026-01-18 16:15:05.174,1.016
2026-01-18 16:15:05.174,1.015
2026-01-18 16:15:05.190,1.015
2026-01-18 16:15:05.206,1.011
2026-01-18 16:15:05.222,1.009
2026-01-18 16:15:05.223,1.012
2026-01-18 16:15:05.240,1.012
2026-01-18 16:15:05.257,1.014
2026-01-18 16:15:05.257,1.013
2026-01-18 16:15:05.274,1.01
2026-01-18 16:15:05.291,1.016
2026-01-18 16:15:05.291,1.011
2026-01-18 16:15:05.307,1.007
2026-01-18 16:15:05.324,1.007
2026-01-18 16:15:05.340,1.003
2026-01-18 16:15:05.340,1.007
2026-01-18 16:15:05.358,1.007
2026-01-18 16:15:05.373,1.002
2026-01-18 16:15:05.391,1.006
2026-01-18 16:15:05.391,1.005
2026-01-18 16:15:05.406,1.009
2026-01-18 16:15:05.423,1.012
2026-01-18 16:15:05.423,1.01
2026-01-18 16:15:05.440,1.015
2026-01-18 16:15:05.457,1.018
2026-01-18 16:15:05.473,1.016
2026-01-18 16:15:05.473,1.014
2026-01-18 16:15:05.491,1.016
2026-01-18 16:15:05.507,1.013
2026-01-18 16:15:05.507,1.013
2026-01-18 16:15:05.524,1.017
2026-01-18 16:15:05.548,1.017
2026-01-18 16:15:05.548,1.017
2026-01-18 16:15:05.556,1.01
2026-01-18 16:15:05.574,1.009
2026-01-18 16:15:05.590,1.01
2026-01-18 16:15:05.606,1.014
2026-01-18 16:15:05.607,1.013
2026-01-18 16:15:05.624,1.013
2026-01-18 16:15:05.640,1.011
2026-01-18 16:15:05.640,1.007
2026-01-18 16:15:05.658,1.003
2026-01-18 16:15:05.674,1.003
2026-01-18 16:15:05.691,1.006
2026-01-18 16:15:05.691,1.01
2026-01-18 16:15:05.707,1.014
2026-01-18 16:15:05.711,1.024
2026-01-18 16:15:05.723,1.022
2026-01-18 16:15:05.740,1.017
2026-01-18 16:15:05.756,1.014
2026-01-18 16:15:05.775,1.014
2026-01-18 16:15:05.775,1.016
2026-01-18 16:15:05.790,1.016
2026-01-18 16:15:05.806,1.016
2026-01-18 16:15:05.807,1.014
2026-01-18 16:15:05.823,1.014
2026-01-18 16:15:05.841,1.01
2026-01-18 16:15:05.857,1.012
2026-01-18 16:15:05.857,1.011
2026-01-18 16:15:05.874,1.015
2026-01-18 16:15:05.890,1.014
2026-01-18 16:15:05.891,1.015
2026-01-18 16:15:05.906,1.007
2026-01-18 16:15:05.925,1.006
2026-01-18 16:15:05.940,1.007
2026-01-18 16:15:05.941,1.006
2026-01-18 16:15:05.957,1.004
2026-01-18 16:15:05.974,1.005
2026-01-18 16:15:05.990,1.009
2026-01-18 16:15:05.990,1.008
2026-01-18 16:15:06.005,1.007
2026-01-18 16:15:06.024,1.01
2026-01-18 16:15:06.024,1.008
2026-01-18 16:15:06.039,1.015
2026-01-18 16:15:06.055,1.015
2026-01-18 16:15:06.073,1.015
2026-01-18 16:15:06.073,1.015
2026-01-18 16:15:06.089,1.01
2026-01-18 16:15:06.136,1.007
2026-01-18 16:15:06.137,1.013
2026-01-18 16:15:06.137,1.017
2026-01-18 16:15:06.138,1.022
2026-01-18 16:15:06.147,1.023
2026-01-18 16:15:06.156,1.022
2026-01-18 16:15:06.173,1.024
2026-01-18 16:15:06.190,1.022
2026-01-18 16:15:06.192,1.018
2026-01-18 16:15:06.207,1.021
2026-01-18 16:15:06.224,1.022
2026-01-18 16:15:06.240,1.023
2026-01-18 16:15:06.240,1.016
2026-01-18 16:15:06.257,1.015
2026-01-18 16:15:06.273,1.014
2026-01-18 16:15:06.291,1.012
2026-01-18 16:15:06.291,1.015
2026-01-18 16:15:06.307,1.015
2026-01-18 16:15:06.323,1.014
2026-01-18 16:15:06.323,1.015
2026-01-18 16:15:06.340,1.02
2026-01-18 16:15:06.357,1.018
2026-01-18 16:15:06.373,1.01
2026-01-18 16:15:06.373,1.009
2026-01-18 16:15:06.390,1.007
2026-01-18 16:15:06.406,1.006
2026-01-18 16:15:06.406,1.006
2026-01-18 16:15:06.423,1.003
2026-01-18 16:15:06.440,1.006
2026-01-18 16:15:06.456,1.008
2026-01-18 16:15:06.456,1.007
2026-01-18 16:15:06.473,1.011
2026-01-18 16:15:06.491,1.011
2026-01-18 16:15:06.492,1.014
2026-01-18 16:15:06.506,1.017
2026-01-18 16:15:06.523,1.021
2026-01-18 16:15:06.547,1.021
2026-01-18 16:15:06.548,1.014
2026-01-18 16:15:06.557,1.018
2026-01-18 16:15:06.573,1.018
2026-01-18 16:15:06.591,1.017
2026-01-18 16:15:06.592,1.013
2026-01-18 16:15:06.608,1.015
2026-01-18 16:15:06.624,1.015
2026-01-18 16:15:06.624,1.017
2026-01-18 16:15:06.640,1.017
2026-01-18 16:15:06.657,1.019
2026-01-18 16:15:06.674,1.018
2026-01-18 16:15:06.674,1.015
2026-01-18 16:15:06.690,1.015
2026-01-18 16:15:06.707,1.012
2026-01-18 16:15:06.708,1.015
2026-01-18 16:15:06.723,1.013
2026-01-18 16:15:06.740,1.02
2026-01-18 16:15:06.755,1.021
2026-01-18 16:15:06.755,1.021
2026-01-18 16:15:06.773,1.02
2026-01-18 16:15:06.791,1.021
2026-01-18 16:15:06.791,1.022
2026-01-18 16:15:06.806,1.024
2026-01-18 16:15:06.824,1.02
2026-01-18 16:15:06.840,1.021
2026-01-18 16:15:06.840,1.025
2026-01-18 16:15:06.858,1.027
2026-01-18 16:15:06.873,1.023
2026-01-18 16:15:06.891,1.022
2026-01-18 16:15:06.891,1.023
2026-01-18 16:15:06.907,1.016
2026-01-18 16:15:06.923,1.014
2026-01-18 16:15:06.923,1.017
2026-01-18 16:15:06.941,1.016
2026-01-18 16:15:06.956,1.017
2026-01-18 16:15:06.974,1.016
2026-01-18 16:15:06.975,1.017
2026-01-18 16:15:06.990,1.019
2026-01-18 16:15:07.007,1.018
2026-01-18 16:15:07.007,1.018
2026-01-18 16:15:07.024,1.02
2026-01-18 16:15:07.040,1.022
2026-01-18 16:15:07.056,1.018
2026-01-18 16:15:07.056,1.017
2026-01-18 16:15:07.072,1.02
2026-01-18 16:15:07.091,1.02
2026-01-18 16:15:07.091,1.015
2026-01-18 16:15:07.107,1.016
2026-01-18 16:15:07.123,1.022
2026-01-18 16:15:07.140,1.019
2026-01-18 16:15:07.140,1.019
2026-01-18 16:15:07.157,1.013
2026-01-18 16:15:07.172,1.012
2026-01-18 16:15:07.191,1.009
2026-01-18 16:15:07.191,1.002
2026-01-18 16:15:07.206,1.004
2026-01-18 16:15:07.223,1.011
2026-01-18 16:15:07.223,1.011
2026-01-18 16:15:07.240,1.009
2026-01-18 16:15:07.257,1.009
2026-01-18 16:15:07.273,1.006
2026-01-18 16:15:07.274,1.002
2026-01-18 16:15:07.289,1.005
2026-01-18 16:15:07.306,1.007
2026-01-18 16:15:07.307,1.006
2026-01-18 16:15:07.323,1.005
2026-01-18 16:15:07.340,1.005
2026-01-18 16:15:07.356,1.005
2026-01-18 16:15:07.357,1.008
2026-01-18 16:15:07.373,1.005
2026-01-18 16:15:07.390,1.007
2026-01-18 16:15:07.394,1.007
2026-01-18 16:15:07.406,1.01
2026-01-18 16:15:07.423,1.013
2026-01-18 16:15:07.440,1.016
2026-01-18 16:15:07.441,1.017
2026-01-18 16:15:07.457,1.017
2026-01-18 16:15:07.472,1.017
2026-01-18 16:15:07.491,1.018
2026-01-18 16:15:07.491,1.02
2026-01-18 16:15:07.506,1.017
2026-01-18 16:15:07.523,1.018
2026-01-18 16:15:07.523,1.02
2026-01-18 16:15:07.547,1.022
2026-01-18 16:15:07.547,1.021
2026-01-18 16:15:07.559,1.021
2026-01-18 16:15:07.573,1.016
2026-01-18 16:15:07.591,1.01
2026-01-18 16:15:07.607,1.012
2026-01-18 16:15:07.607,1.009
2026-01-18 16:15:07.623,1.003
2026-01-18 16:15:07.640,1.008
2026-01-18 16:15:07.657,1.017
2026-01-18 16:15:07.658,1.016
2026-01-18 16:15:07.672,1.013
2026-01-18 16:15:07.691,1.014
2026-01-18 16:15:07.691,1.017
2026-01-18 16:15:07.706,1.019
2026-01-18 16:15:07.723,1.018
2026-01-18 16:15:07.740,1.021
2026-01-18 16:15:07.740,1.019
2026-01-18 16:15:07.757,1.016
2026-01-18 16:15:07.773,1.013
2026-01-18 16:15:07.789,1.014
2026-01-18 16:15:07.789,1.014
2026-01-18 16:15:07.806,1.011
2026-01-18 16:15:07.823,1.011
2026-01-18 16:15:07.824,1.014
2026-01-18 16:15:07.840,1.011
2026-01-18 16:15:07.857,1.007
2026-01-18 16:15:07.873,1.008
2026-01-18 16:15:07.873,1.003
2026-01-18 16:15:07.890,1.002
2026-01-18 16:15:07.907,1.006
2026-01-18 16:15:07.907,1.008
2026-01-18 16:15:07.923,1.006
2026-01-18 16:15:07.939,1.002
2026-01-18 16:15:07.957,1.008
2026-01-18 16:15:07.957,1.008
2026-01-18 16:15:07.973,1.004
2026-01-18 16:15:07.990,1.002
2026-01-18 16:15:07.991,0.999
2026-01-18 16:15:08.007,1.0
2026-01-18 16:15:08.023,0.999
2026-01-18 16:15:08.041,0.999
2026-01-18 16:15:08.041,0.997
2026-01-18 16:15:08.056,0.998
2026-01-18 16:15:08.073,0.999
2026-01-18 16:15:08.090,1.003
2026-01-18 16:15:08.090,1.002
2026-01-18 16:15:08.107,1.004
2026-01-18 16:15:08.123,1.002
2026-01-18 16:15:08.123,1.001
2026-01-18 16:15:08.140,1.006
2026-01-18 16:15:08.157,1.008
2026-01-18 16:15:08.173,1.008
2026-01-18 16:15:08.173,1.01
2026-01-18 16:15:08.190,1.008
2026-01-18 16:15:08.207,1.01
2026-01-18 16:15:08.207,1.006
2026-01-18 16:15:08.223,1.007
2026-01-18 16:15:08.239,1.007
2026-01-18 16:15:08.256,1.007
2026-01-18 16:15:08.256,1.003
2026-01-18 16:15:08.273,1.006
2026-01-18 16:15:08.289,1.005
2026-01-18 16:15:08.306,1.006
2026-01-18 16:15:08.306,1.003
2026-01-18 16:15:08.323,1.007
2026-01-18 16:15:08.339,1.013
2026-01-18 16:15:08.339,1.012
2026-01-18 16:15:08.355,1.01
2026-01-18 16:15:08.372,1.007
2026-01-18 16:15:08.388,1.006
2026-01-18 16:15:08.389,1.005
2026-01-18 16:15:08.407,1.003
2026-01-18 16:15:08.422,1.005
2026-01-18 16:15:08.423,1.004
2026-01-18 16:15:08.440,1.01
2026-01-18 16:15:08.457,1.005
2026-01-18 16:15:08.474,1.003
2026-01-18 16:15:08.474,1.003
2026-01-18 16:15:08.489,1.0
2026-01-18 16:15:08.508,1.001
2026-01-18 16:15:08.509,1.003
2026-01-18 16:15:08.522,1.003
2026-01-18 16:15:08.546,1.004
2026-01-18 16:15:08.546,1.002
2026-01-18 16:15:08.556,1.002
2026-01-18 16:15:08.572,1.004
2026-01-18 16:15:08.591,1.002
2026-01-18 16:15:08.591,1.0
2026-01-18 16:15:08.607,0.999
2026-01-18 16:15:08.623,1.001
2026-01-18 16:15:08.639,1.004
2026-01-18 16:15:08.639,1.001
2026-01-18 16:15:08.656,1.002
2026-01-18 16:15:08.673,1.009
2026-01-18 16:15:08.691,1.01
2026-01-18 16:15:08.691,1.013
2026-01-18 16:15:08.707,1.018
2026-01-18 16:15:08.723,1.015
2026-01-18 16:15:08.723,1.015
2026-01-18 16:15:08.740,1.011
2026-01-18 16:15:08.756,1.009
2026-01-18 16:15:08.773,1.011
2026-01-18 16:15:08.773,1.014
2026-01-18 16:15:08.795,1.01
2026-01-18 16:15:08.796,1.009
2026-01-18 16:15:08.810,1.011
2026-01-18 16:15:08.822,1.011
2026-01-18 16:15:08.849,1.018
2026-01-18 16:15:08.850,1.016
2026-01-18 16:15:08.858,1.013
2026-01-18 16:15:08.873,1.008
2026-01-18 16:15:08.890,1.008
2026-01-18 16:15:08.907,1.015
2026-01-18 16:15:08.907,1.018
2026-01-18 16:15:08.924,1.014
2026-01-18 16:15:08.941,1.012
2026-01-18 16:15:08.941,1.014
2026-01-18 16:15:08.957,1.02
2026-01-18 16:15:08.973,1.024
2026-01-18 16:15:08.990,1.019
2026-01-18 16:15:08.990,1.023
2026-01-18 16:15:09.007,1.025
2026-01-18 16:15:09.022,1.024
2026-01-18 16:15:09.023,1.024
2026-01-18 16:15:09.041,1.025
2026-01-18 16:15:09.056,1.021
2026-01-18 16:15:09.073,1.017
2026-01-18 16:15:09.074,1.023
2026-01-18 16:15:09.090,1.021
2026-01-18 16:15:09.106,1.026
2026-01-18 16:15:09.107,1.021
2026-01-18 16:15:09.124,1.02
2026-01-18 16:15:09.140,1.019
2026-01-18 16:15:09.156,1.02
2026-01-18 16:15:09.156,1.022
2026-01-18 16:15:09.172,1.017
2026-01-18 16:15:09.190,1.018
2026-01-18 16:15:09.191,1.013
2026-01-18 16:15:09.206,1.012
2026-01-18 16:15:09.222,1.014
2026-01-18 16:15:09.239,1.019
2026-01-18 16:15:09.239,1.013
2026-01-18 16:15:09.255,1.017
2026-01-18 16:15:09.273,1.014
2026-01-18 16:15:09.289,1.018
2026-01-18 16:15:09.290,1.02
2026-01-18 16:15:09.306,1.019
2026-01-18 16:15:09.323,1.016
2026-01-18 16:15:09.323,1.016
2026-01-18 16:15:09.339,1.011
2026-01-18 16:15:09.356,1.015
2026-01-18 16:15:09.373,1.016
2026-01-18 16:15:09.373,1.018
2026-01-18 16:15:09.390,1.019
2026-01-18 16:15:09.405,1.015
2026-01-18 16:15:09.422,1.016
2026-01-18 16:15:09.422,1.015
2026-01-18 16:15:09.441,1.015
2026-01-18 16:15:09.456,1.018
2026-01-18 16:15:09.456,1.021
2026-01-18 16:15:09.473,1.022
2026-01-18 16:15:09.490,1.021
2026-01-18 16:15:09.491,1.026
2026-01-18 16:15:09.506,1.022
2026-01-18 16:15:09.524,1.023
2026-01-18 16:15:09.539,1.026
2026-01-18 16:15:09.539,1.023
2026-01-18 16:15:09.556,1.022
2026-01-18 16:15:09.578,1.019
2026-01-18 16:15:09.578,1.015
2026-01-18 16:15:09.589,1.012
2026-01-18 16:15:09.605,1.007
2026-01-18 16:15:09.623,1.01
2026-01-18 16:15:09.623,1.011
2026-01-18 16:15:09.639,1.014
2026-01-18 16:15:09.656,1.014
2026-01-18 16:15:09.672,1.009
2026-01-18 16:15:09.673,1.009
2026-01-18 16:15:09.689,1.007
2026-01-18 16:15:09.706,1.011
2026-01-18 16:15:09.722,1.01
2026-01-18 16:15:09.723,1.011
2026-01-18 16:15:09.740,1.005
2026-01-18 16:15:09.756,1.011
2026-01-18 16:15:09.756,1.012
2026-01-18 16:15:09.773,1.012
2026-01-18 16:15:09.789,1.016
2026-01-18 16:15:09.808,1.018
2026-01-18 16:15:09.808,1.017
2026-01-18 16:15:09.822,1.017
2026-01-18 16:15:09.840,1.019
2026-01-18 16:15:09.840,1.015
2026-01-18 16:15:09.856,1.014
2026-01-18 16:15:09.873,1.016
2026-01-18 16:15:09.890,1.018
2026-01-18 16:15:09.890,1.017
2026-01-18 16:15:09.906,1.01
2026-01-18 16:15:09.922,1.01
2026-01-18 16:15:09.922,1.005
2026-01-18 16:15:09.941,1.003
2026-01-18 16:15:09.957,1.003
2026-01-18 16:15:09.973,1.003
2026-01-18 16:15:09.973,1.005
2026-01-18 16:15:09.990,1.003
2026-01-18 16:15:10.007,1.008
2026-01-18 16:15:10.007,1.006
2026-01-18 16:15:10.022,1.01
2026-01-18 16:15:10.039,1.01
2026-01-18 16:15:10.057,1.012
2026-01-18 16:15:10.057,1.016
2026-01-18 16:15:10.072,1.019
2026-01-18 16:15:10.089,1.02
2026-01-18 16:15:10.091,1.02
2026-01-18 16:15:10.105,1.019
2026-01-18 16:15:10.123,1.018
2026-01-18 16:15:10.139,1.021
2026-01-18 16:15:10.139,1.022
2026-01-18 16:15:10.155,1.021
2026-01-18 16:15:10.197,1.019
2026-01-18 16:15:10.198,1.013
2026-01-18 16:15:10.198,1.013
2026-01-18 16:15:10.206,1.013
2026-01-18 16:15:10.222,1.018
2026-01-18 16:15:10.223,1.015
2026-01-18 16:15:10.239,1.019
2026-01-18 16:15:10.256,1.021
2026-01-18 16:15:10.272,1.021
2026-01-18 16:15:10.272,1.022
2026-01-18 16:15:10.290,1.021
2026-01-18 16:15:10.307,1.023
2026-01-18 16:15:10.307,1.023
2026-01-18 16:15:10.322,1.02
2026-01-18 16:15:10.339,1.021
2026-01-18 16:15:10.356,1.016
2026-01-18 16:15:10.356,1.015
2026-01-18 16:15:10.373,1.014
2026-01-18 16:15:10.388,1.014
2026-01-18 16:15:10.407,1.016
2026-01-18 16:15:10.407,1.013
2026-01-18 16:15:10.423,1.013
2026-01-18 16:15:10.439,1.013
2026-01-18 16:15:10.439,1.013
2026-01-18 16:15:10.455,1.013
2026-01-18 16:15:10.472,1.01
2026-01-18 16:15:10.489,1.01
2026-01-18 16:15:10.489,1.013
2026-01-18 16:15:10.506,1.012
2026-01-18 16:15:10.522,1.008
2026-01-18 16:15:10.523,1.009
2026-01-18 16:15:10.538,1.01
2026-01-18 16:15:10.555,1.006
2026-01-18 16:15:10.572,1.001
2026-01-18 16:15:10.572,1.0
2026-01-18 16:15:10.595,1.002
2026-01-18 16:15:10.595,1.005
2026-01-18 16:15:10.608,1.005
2026-01-18 16:15:10.622,1.004
2026-01-18 16:15:10.641,1.004
2026-01-18 16:15:10.655,1.004
2026-01-18 16:15:10.655,1.007
2026-01-18 16:15:10.672,1.005
2026-01-18 16:15:10.690,1.005
2026-01-18 16:15:10.707,1.004
2026-01-18 16:15:10.708,1.004
2026-01-18 16:15:10.722,1.006
2026-01-18 16:15:10.740,1.008
2026-01-18 16:15:10.740,1.007
2026-01-18 16:15:10.756,1.008
2026-01-18 16:15:10.772,1.008
2026-01-18 16:15:10.789,1.007
2026-01-18 16:15:10.790,1.004
2026-01-18 16:15:10.807,1.004
2026-01-18 16:15:10.823,1.004
2026-01-18 16:15:10.823,1.01
2026-01-18 16:15:10.840,1.007
2026-01-18 16:15:10.855,1.006
2026-01-18 16:15:10.871,1.008
2026-01-18 16:15:10.871,1.003
2026-01-18 16:15:10.889,1.009
2026-01-18 16:15:10.906,1.011
2026-01-18 16:15:10.907,1.007
2026-01-18 16:15:10.922,1.009
2026-01-18 16:15:10.941,1.012
2026-01-18 16:15:10.957,1.01
2026-01-18 16:15:10.958,1.013
2026-01-18 16:15:10.973,1.012
2026-01-18 16:15:10.989,1.014
2026-01-18 16:15:11.007,1.014
2026-01-18 16:15:11.008,1.012
2026-01-18 16:15:11.023,1.01
2026-01-18 16:15:11.039,1.013
2026-01-18 16:15:11.039,1.012
2026-01-18 16:15:11.057,1.02
2026-01-18 16:15:11.073,1.018
2026-01-18 16:15:11.089,1.011
2026-01-18 16:15:11.089,1.012
2026-01-18 16:15:11.105,1.012
2026-01-18 16:15:11.123,1.011
2026-01-18 16:15:11.123,1.005
2026-01-18 16:15:11.139,1.003
2026-01-18 16:15:11.155,1.003
2026-01-18 16:15:11.171,1.01
2026-01-18 16:15:11.171,1.005
2026-01-18 16:15:11.189,1.008
2026-01-18 16:15:11.207,1.013
2026-01-18 16:15:11.207,1.015
2026-01-18 16:15:11.222,1.012
2026-01-18 16:15:11.239,1.01
2026-01-18 16:15:11.256,1.013
2026-01-18 16:15:11.256,1.011
2026-01-18 16:15:11.272,1.01
2026-01-18 16:15:11.290,1.01
2026-01-18 16:15:11.306,1.016
2026-01-18 16:15:11.306,1.016
2026-01-18 16:15:11.322,1.012
2026-01-18 16:15:11.340,1.009
2026-01-18 16:15:11.340,1.007
2026-01-18 16:15:11.356,1.006
2026-01-18 16:15:11.372,1.009
2026-01-18 16:15:11.390,1.01
2026-01-18 16:15:11.390,1.01
2026-01-18 16:15:11.405,1.009
2026-01-18 16:15:11.423,1.012
2026-01-18 16:15:11.423,1.009
2026-01-18 16:15:11.439,1.008
2026-01-18 16:15:11.456,1.01
2026-01-18 16:15:11.472,1.008
2026-01-18 16:15:11.472,1.015
2026-01-18 16:15:11.488,1.011
2026-01-18 16:15:11.506,1.009
2026-01-18 16:15:11.522,1.009
2026-01-18 16:15:11.523,1.005
2026-01-18 16:15:11.538,1.009
2026-01-18 16:15:11.576,1.013
2026-01-18 16:15:11.576,1.014
2026-01-18 16:15:11.577,1.01
2026-01-18 16:15:11.594,1.008
2026-01-18 16:15:11.594,1.007
2026-01-18 16:15:11.604,1.008
2026-01-18 16:15:11.621,1.012
2026-01-18 16:15:11.638,1.009
2026-01-18 16:15:11.639,1.005
2026-01-18 16:15:11.656,1.004
2026-01-18 16:15:11.672,1.003
2026-01-18 16:15:11.689,1.003
2026-01-18 16:15:11.689,1.005
2026-01-18 16:15:11.705,1.004
2026-01-18 16:15:11.723,1.007
2026-01-18 16:15:11.723,1.005
2026-01-18 16:15:11.739,1.007
2026-01-18 16:15:11.755,1.01
2026-01-18 16:15:11.771,1.014
2026-01-18 16:15:11.771,1.012
2026-01-18 16:15:11.789,1.008
2026-01-18 16:15:11.807,1.009
2026-01-18 16:15:11.807,1.009
2026-01-18 16:15:11.822,1.012
2026-01-18 16:15:11.839,1.006
2026-01-18 16:15:11.855,1.009
2026-01-18 16:15:11.856,1.007
2026-01-18 16:15:11.872,1.007
2026-01-18 16:15:11.889,1.007
2026-01-18 16:15:11.905,1.005
2026-01-18 16:15:11.907,1.001
2026-01-18 16:15:11.922,1.0
2026-01-18 16:15:11.939,1.001
2026-01-18 16:15:11.939,1.005
2026-01-18 16:15:11.956,1.005
2026-01-18 16:15:11.972,1.007
2026-01-18 16:15:11.989,1.004
2026-01-18 16:15:11.989,1.005
2026-01-18 16:15:12.005,1.006
2026-01-18 16:15:12.022,1.007
2026-01-18 16:15:12.023,1.009
2026-01-18 16:15:12.039,1.009
2026-01-18 16:15:12.056,1.013
2026-01-18 16:15:12.073,1.006
2026-01-18 16:15:12.073,1.011
2026-01-18 16:15:12.088,1.009
2026-01-18 16:15:12.106,1.012
2026-01-18 16:15:12.107,1.018
2026-01-18 16:15:12.122,1.024
2026-01-18 16:15:12.139,1.023
2026-01-18 16:15:12.156,1.022
2026-01-18 16:15:12.156,1.019
2026-01-18 16:15:12.172,1.019
2026-01-18 16:15:12.190,1.019
2026-01-18 16:15:12.191,1.018
2026-01-18 16:15:12.206,1.02
2026-01-18 16:15:12.222,1.014
2026-01-18 16:15:12.240,1.018
2026-01-18 16:15:12.240,1.017
2026-01-18 16:15:12.256,1.013
2026-01-18 16:15:12.273,1.013
2026-01-18 16:15:12.288,1.014
2026-01-18 16:15:12.289,1.011
2026-01-18 16:15:12.306,1.016
2026-01-18 16:15:12.323,1.019
2026-01-18 16:15:12.323,1.02
2026-01-18 16:15:12.338,1.019
2026-01-18 16:15:12.356,1.02
2026-01-18 16:15:12.372,1.011
2026-01-18 16:15:12.372,1.012
2026-01-18 16:15:12.390,1.018
2026-01-18 16:15:12.405,1.02
2026-01-18 16:15:12.406,1.019
2026-01-18 16:15:12.422,1.018
2026-01-18 16:15:12.439,1.015
2026-01-18 16:15:12.456,1.02
2026-01-18 16:15:12.457,1.016
2026-01-18 16:15:12.472,1.016
2026-01-18 16:15:12.489,1.012
2026-01-18 16:15:12.505,1.013
2026-01-18 16:15:12.505,1.015
2026-01-18 16:15:12.539,1.015
2026-01-18 16:15:12.539,1.013
2026-01-18 16:15:12.556,1.016
2026-01-18 16:15:12.572,1.018
2026-01-18 16:15:12.595,1.021
2026-01-18 16:15:12.595,1.023
2026-01-18 16:15:12.606,1.017
2026-01-18 16:15:12.622,1.011
2026-01-18 16:15:12.640,1.011
2026-01-18 16:15:12.640,1.01
2026-01-18 16:15:12.655,1.013
2026-01-18 16:15:12.672,1.015
2026-01-18 16:15:12.672,1.017
2026-01-18 16:15:12.687,1.017
2026-01-18 16:15:12.706,1.019
2026-01-18 16:15:12.722,1.021
2026-01-18 16:15:12.722,1.021
2026-01-18 16:15:12.739,1.019
2026-01-18 16:15:12.754,1.022
2026-01-18 16:15:12.754,1.023
2026-01-18 16:15:12.771,1.022
2026-01-18 16:15:12.787,1.02
2026-01-18 16:15:12.804,1.021
2026-01-18 16:15:12.804,1.021
2026-01-18 16:15:12.821,1.02
2026-01-18 16:15:12.837,1.02
2026-01-18 16:15:12.854,1.021
2026-01-18 16:15:12.855,1.026
2026-01-18 16:15:12.872,1.025
2026-01-18 16:15:12.889,1.029
2026-01-18 16:15:12.890,1.031
2026-01-18 16:15:12.930,1.028
2026-01-18 16:15:12.931,1.025
2026-01-18 16:15:12.931,1.024
2026-01-18 16:15:12.942,1.023
2026-01-18 16:15:12.955,1.022
2026-01-18 16:15:12.973,1.024
2026-01-18 16:15:12.973,1.017
2026-01-18 16:15:12.989,1.017
2026-01-18 16:15:13.007,1.015
2026-01-18 16:15:13.007,1.015
2026-01-18 16:15:13.022,1.018
2026-01-18 16:15:13.039,1.021
2026-01-18 16:15:13.056,1.018
2026-01-18 16:15:13.057,1.014
2026-01-18 16:15:13.072,1.012
2026-01-18 16:15:13.089,1.012
2026-01-18 16:15:13.106,1.013
2026-01-18 16:15:13.106,1.011
2026-01-18 16:15:13.122,1.014
2026-01-18 16:15:13.140,1.017
2026-01-18 16:15:13.141,1.014
2026-01-18 16:15:13.156,1.013
2026-01-18 16:15:13.172,1.018
2026-01-18 16:15:13.188,1.018
2026-01-18 16:15:13.189,1.019
2026-01-18 16:15:13.207,1.02
2026-01-18 16:15:13.223,1.021
2026-01-18 16:15:13.223,1.018
2026-01-18 16:15:13.238,1.015
2026-01-18 16:15:13.255,1.014
2026-01-18 16:15:13.273,1.011
2026-01-18 16:15:13.273,1.008
2026-01-18 16:15:13.288,1.006
2026-01-18 16:15:13.306,1.009
2026-01-18 16:15:13.307,1.01
2026-01-18 16:15:13.322,1.012
2026-01-18 16:15:13.339,1.017
2026-01-18 16:15:13.356,1.018
2026-01-18 16:15:13.356,1.017
2026-01-18 16:15:13.373,1.023
2026-01-18 16:15:13.389,1.026
2026-01-18 16:15:13.406,1.023
2026-01-18 16:15:13.407,1.016
2026-01-18 16:15:13.422,1.018
2026-01-18 16:15:13.438,1.02
2026-01-18 16:15:13.439,1.016
2026-01-18 16:15:13.455,1.01
2026-01-18 16:15:13.473,1.007
2026-01-18 16:15:13.489,1.007
2026-01-18 16:15:13.489,1.009
2026-01-18 16:15:13.505,1.01
2026-01-18 16:15:13.522,1.011
2026-01-18 16:15:13.523,1.012
2026-01-18 16:15:13.539,1.011
2026-01-18 16:15:13.556,1.013
2026-01-18 16:15:13.579,1.016
2026-01-18 16:15:13.579,1.01
2026-01-18 16:15:13.588,1.007
2026-01-18 16:15:13.606,1.01
2026-01-18 16:15:13.606,1.014
2026-01-18 16:15:13.621,1.013
2026-01-18 16:15:13.639,1.016
2026-01-18 16:15:13.656,1.016
2026-01-18 16:15:13.656,1.018
2026-01-18 16:15:13.672,1.017
2026-01-18 16:15:13.689,1.013
2026-01-18 16:15:13.706,1.012
2026-01-18 16:15:13.706,1.012
2026-01-18 16:15:13.722,1.012
2026-01-18 16:15:13.740,1.011
2026-01-18 16:15:13.740,1.013
2026-01-18 16:15:13.756,1.017
2026-01-18 16:15:13.771,1.022
2026-01-18 16:15:13.789,1.022
2026-01-18 16:15:13.790,1.016
2026-01-18 16:15:13.805,1.014
2026-01-18 16:15:13.823,1.01
2026-01-18 16:15:13.823,1.014
2026-01-18 16:15:13.839,1.016
2026-01-18 16:15:13.855,1.013
2026-01-18 16:15:13.872,1.014
2026-01-18 16:15:13.872,1.016
2026-01-18 16:15:13.889,1.018
2026-01-18 16:15:13.906,1.014
2026-01-18 16:15:13.923,1.009
2026-01-18 16:15:13.923,1.007
2026-01-18 16:15:13.938,1.002
2026-01-18 16:15:13.955,1.004
2026-01-18 16:15:13.955,1.008
2026-01-18 16:15:13.972,1.01
2026-01-18 16:15:13.989,1.008
2026-01-18 16:15:14.005,1.007
2026-01-18 16:15:14.005,1.008
2026-01-18 16:15:14.022,1.009
2026-01-18 16:15:14.039,1.015
2026-01-18 16:15:14.039,1.015
2026-01-18 16:15:14.055,1.016
2026-01-18 16:15:14.072,1.013
2026-01-18 16:15:14.089,1.016
2026-01-18 16:15:14.089,1.017
2026-01-18 16:15:14.105,1.013
2026-01-18 16:15:14.121,1.011
2026-01-18 16:15:14.140,1.008
2026-01-18 16:15:14.140,1.013
2026-01-18 16:15:14.156,1.016
2026-01-18 16:15:14.171,1.011
2026-01-18 16:15:14.171,1.017
2026-01-18 16:15:14.190,1.014
2026-01-18 16:15:14.205,1.015
2026-01-18 16:15:14.222,1.018
2026-01-18 16:15:14.222,1.02
2026-01-18 16:15:14.239,1.017
2026-01-18 16:15:14.255,1.018
2026-01-18 16:15:14.256,1.017
2026-01-18 16:15:14.297,1.025
2026-01-18 16:15:14.298,1.019
2026-01-18 16:15:14.298,1.02
2026-01-18 16:15:14.305,1.017
2026-01-18 16:15:14.322,1.015
2026-01-18 16:15:14.339,1.016
2026-01-18 16:15:14.339,1.015
2026-01-18 16:15:14.356,1.015
2026-01-18 16:15:14.371,1.012
2026-01-18 16:15:14.391,1.009
2026-01-18 16:15:14.391,1.008
2026-01-18 16:15:14.406,1.008
2026-01-18 16:15:14.422,1.009
2026-01-18 16:15:14.423,1.006
2026-01-18 16:15:14.439,1.005
2026-01-18 16:15:14.456,1.003
2026-01-18 16:15:14.473,0.999
2026-01-18 16:15:14.473,1.002
2026-01-18 16:15:14.489,1.002
2026-01-18 16:15:14.504,1.006
2026-01-18 16:15:14.521,1.008
2026-01-18 16:15:14.521,1.014
2026-01-18 16:15:14.539,1.015
2026-01-18 16:15:14.556,1.017
2026-01-18 16:15:14.556,1.013
2026-01-18 16:15:14.577,1.011
2026-01-18 16:15:14.588,1.01
2026-01-18 16:15:14.606,1.007
2026-01-18 16:15:14.606,1.008
2026-01-18 16:15:14.622,1.012
2026-01-18 16:15:14.640,1.014
2026-01-18 16:15:14.640,1.01
2026-01-18 16:15:14.655,1.006
2026-01-18 16:15:14.672,1.01
2026-01-18 16:15:14.688,1.008
2026-01-18 16:15:14.688,1.014
2026-01-18 16:15:14.705,1.013
2026-01-18 16:15:14.722,1.015
2026-01-18 16:15:14.739,1.013
2026-01-18 16:15:14.739,1.011
2026-01-18 16:15:14.755,1.012
2026-01-18 16:15:14.772,1.014
2026-01-18 16:15:14.772,1.017
2026-01-18 16:15:14.788,1.013
2026-01-18 16:15:14.806,1.017
2026-01-18 16:15:14.821,1.015
2026-01-18 16:15:14.822,1.014
2026-01-18 16:15:14.839,1.012
2026-01-18 16:15:14.856,1.007
2026-01-18 16:15:14.856,1.006
2026-01-18 16:15:14.872,1.012
2026-01-18 16:15:14.888,1.008
2026-01-18 16:15:14.904,1.007
2026-01-18 16:15:14.904,1.007
2026-01-18 16:15:14.922,1.009
2026-01-18 16:15:14.939,1.015
2026-01-18 16:15:14.939,1.015
2026-01-18 16:15:14.957,1.015
2026-01-18 16:15:14.972,1.016
2026-01-18 16:15:14.989,1.018
2026-01-18 16:15:14.989,1.012
2026-01-18 16:15:15.004,1.007
2026-01-18 16:15:15.021,1.006
2026-01-18 16:15:15.038,1.009
2026-01-18 16:15:15.038,1.008
2026-01-18 16:15:15.055,1.009
2026-01-18 16:15:15.071,1.008
2026-01-18 16:15:15.071,1.009
2026-01-18 16:15:15.087,1.003
2026-01-18 16:15:15.105,1.009
2026-01-18 16:15:15.122,1.011
2026-01-18 16:15:15.123,1.014
2026-01-18 16:15:15.138,1.01
2026-01-18 16:15:15.156,1.012
2026-01-18 16:15:15.156,1.015
2026-01-18 16:15:15.172,1.015
2026-01-18 16:15:15.189,1.014
2026-01-18 16:15:15.206,1.01
2026-01-18 16:15:15.206,1.01
2026-01-18 16:15:15.222,1.012
2026-01-18 16:15:15.239,1.015
2026-01-18 16:15:15.239,1.011
2026-01-18 16:15:15.257,1.012
2026-01-18 16:15:15.275,1.01
2026-01-18 16:15:15.275,1.011
2026-01-18 16:15:15.287,1.022
2026-01-18 16:15:15.306,1.017
2026-01-18 16:15:15.321,1.015
2026-01-18 16:15:15.338,1.011
2026-01-18 16:15:15.338,1.014
2026-01-18 16:15:15.354,1.014
2026-01-18 16:15:15.371,1.015
2026-01-18 16:15:15.371,1.015
2026-01-18 16:15:15.389,1.017
2026-01-18 16:15:15.406,1.018
2026-01-18 16:15:15.406,1.016
2026-01-18 16:15:15.421,1.018
2026-01-18 16:15:15.440,1.019
2026-01-18 16:15:15.456,1.023
2026-01-18 16:15:15.456,1.021
2026-01-18 16:15:15.472,1.015
2026-01-18 16:15:15.489,1.016
2026-01-18 16:15:15.506,1.012
2026-01-18 16:15:15.506,1.009
2026-01-18 16:15:15.521,1.012
2026-01-18 16:15:15.539,1.025
2026-01-18 16:15:15.539,1.028
2026-01-18 16:15:15.554,1.024
2026-01-18 16:15:15.571,1.021
2026-01-18 16:15:15.595,1.022
2026-01-18 16:15:15.596,1.022
2026-01-18 16:15:15.604,1.019
2026-01-18 16:15:15.621,1.023
2026-01-18 16:15:15.649,1.023
2026-01-18 16:15:15.650,1.023
2026-01-18 16:15:15.650,1.023
2026-01-18 16:15:15.660,1.026
2026-01-18 16:15:15.671,1.028
2026-01-18 16:15:15.689,1.026
2026-01-18 16:15:15.705,1.023
2026-01-18 16:15:15.721,1.024
2026-01-18 16:15:15.722,1.017
2026-01-18 16:15:15.739,1.016
2026-01-18 16:15:15.755,1.013
2026-01-18 16:15:15.756,1.008
2026-01-18 16:15:15.771,1.01
2026-01-18 16:15:15.789,1.012
2026-01-18 16:15:15.805,1.017
2026-01-18 16:15:15.805,1.02
2026-01-18 16:15:15.821,1.021
2026-01-18 16:15:15.839,1.028
2026-01-18 16:15:15.839,1.026
2026-01-18 16:15:15.856,1.026
2026-01-18 16:15:15.872,1.028
2026-01-18 16:15:15.888,1.029
2026-01-18 16:15:15.888,1.031
2026-01-18 16:15:15.906,1.027
2026-01-18 16:15:15.921,1.025
2026-01-18 16:15:15.922,1.022
2026-01-18 16:15:15.939,1.025
2026-01-18 16:15:15.955,1.03
2026-01-18 16:15:15.971,1.029
2026-01-18 16:15:15.972,1.027
2026-01-18 16:15:15.988,1.024
2026-01-18 16:15:16.006,1.027
2026-01-18 16:15:16.006,1.026
2026-01-18 16:15:16.021,1.023
2026-01-18 16:15:16.039,1.024
2026-01-18 16:15:16.055,1.025
2026-01-18 16:15:16.055,1.02
2026-01-18 16:15:16.072,1.014
2026-01-18 16:15:16.089,1.014
2026-01-18 16:15:16.105,1.012
2026-01-18 16:15:16.105,1.013
2026-01-18 16:15:16.122,1.017
2026-01-18 16:15:16.138,1.019
2026-01-18 16:15:16.155,1.011
2026-01-18 16:15:16.156,1.012
2026-01-18 16:15:16.171,1.012
2026-01-18 16:15:16.189,1.007
2026-01-18 16:15:16.189,1.006
2026-01-18 16:15:16.205,1.008
2026-01-18 16:15:16.222,1.01
2026-01-18 16:15:16.239,1.01
2026-01-18 16:15:16.239,1.008
2026-01-18 16:15:16.255,1.01
2026-01-18 16:15:16.273,1.008
2026-01-18 16:15:16.273,1.007
2026-01-18 16:15:16.288,1.012
2026-01-18 16:15:16.306,1.013
2026-01-18 16:15:16.308,1.014
2026-01-18 16:15:16.321,1.008
2026-01-18 16:15:16.339,1.013
2026-01-18 16:15:16.354,1.014
2026-01-18 16:15:16.355,1.011
2026-01-18 16:15:16.371,1.015
2026-01-18 16:15:16.389,1.011
2026-01-18 16:15:16.405,1.011
2026-01-18 16:15:16.405,1.011
2026-01-18 16:15:16.421,1.013
2026-01-18 16:15:16.439,1.015
2026-01-18 16:15:16.439,1.015
2026-01-18 16:15:16.455,1.012
2026-01-18 16:15:16.471,1.016
2026-01-18 16:15:16.490,1.02
2026-01-18 16:15:16.490,1.018
2026-01-18 16:15:16.505,1.015
2026-01-18 16:15:16.522,1.012
2026-01-18 16:15:16.539,1.015
2026-01-18 16:15:16.539,1.016
2026-01-18 16:15:16.554,1.016
2026-01-18 16:15:16.579,1.017
2026-01-18 16:15:16.580,1.017
2026-01-18 16:15:16.588,1.016
2026-01-18 16:15:16.605,1.015
2026-01-18 16:15:16.622,1.021
2026-01-18 16:15:16.622,1.015
2026-01-18 16:15:16.638,1.013
2026-01-18 16:15:16.655,1.015
2026-01-18 16:15:16.656,1.016
2026-01-18 16:15:16.671,1.017
2026-01-18 16:15:16.689,1.015
2026-01-18 16:15:16.706,1.015
2026-01-18 16:15:16.706,1.023
2026-01-18 16:15:16.721,1.021
2026-01-18 16:15:16.739,1.022
2026-01-18 16:15:16.739,1.023
2026-01-18 16:15:16.756,1.019
2026-01-18 16:15:16.771,1.02
2026-01-18 16:15:16.789,1.017
2026-01-18 16:15:16.789,1.014
2026-01-18 16:15:16.804,1.018
2026-01-18 16:15:16.822,1.021
2026-01-18 16:15:16.823,1.024
2026-01-18 16:15:16.839,1.025
2026-01-18 16:15:16.855,1.026
2026-01-18 16:15:16.872,1.027
2026-01-18 16:15:16.872,1.025
2026-01-18 16:15:16.889,1.025
2026-01-18 16:15:16.905,1.023
2026-01-18 16:15:16.921,1.025
2026-01-18 16:15:16.922,1.026
2026-01-18 16:15:16.939,1.02
2026-01-18 16:15:16.956,1.02
2026-01-18 16:15:16.956,1.021
2026-01-18 16:15:16.972,1.031
2026-01-18 16:15:16.988,1.032
2026-01-18 16:15:17.025,1.034
2026-01-18 16:15:17.025,1.031
2026-01-18 16:15:17.026,1.032
2026-01-18 16:15:17.036,1.027
2026-01-18 16:15:17.055,1.024
2026-01-18 16:15:17.055,1.025
2026-01-18 16:15:17.071,1.023
2026-01-18 16:15:17.088,1.022
2026-01-18 16:15:17.089,1.022
2026-01-18 16:15:17.103,1.02
2026-01-18 16:15:17.121,1.016
2026-01-18 16:15:17.137,1.019
2026-01-18 16:15:17.138,1.022
2026-01-18 16:15:17.155,1.023
2026-01-18 16:15:17.171,1.027
2026-01-18 16:15:17.171,1.027
2026-01-18 16:15:17.190,1.029
2026-01-18 16:15:17.205,1.029
2026-01-18 16:15:17.221,1.029
2026-01-18 16:15:17.222,1.02
2026-01-18 16:15:17.238,1.018
2026-01-18 16:15:17.254,1.017
2026-01-18 16:15:17.255,1.02
2026-01-18 16:15:17.271,1.024
2026-01-18 16:15:17.288,1.025
2026-01-18 16:15:17.303,1.022
2026-01-18 16:15:17.304,1.023
2026-01-18 16:15:17.321,1.027
2026-01-18 16:15:17.338,1.022
2026-01-18 16:15:17.355,1.023
2026-01-18 16:15:17.355,1.021
2026-01-18 16:15:17.371,1.022
2026-01-18 16:15:17.388,1.02
2026-01-18 16:15:17.389,1.021
2026-01-18 16:15:17.405,1.02
2026-01-18 16:15:17.421,1.024
2026-01-18 16:15:17.439,1.022
2026-01-18 16:15:17.440,1.024
2026-01-18 16:15:17.455,1.025
2026-01-18 16:15:17.472,1.022
2026-01-18 16:15:17.472,1.022
2026-01-18 16:15:17.488,1.017
2026-01-18 16:15:17.506,1.017
2026-01-18 16:15:17.521,1.017
2026-01-18 16:15:17.521,1.016
2026-01-18 16:15:17.537,1.018
2026-01-18 16:15:17.554,1.017
2026-01-18 16:15:17.554,1.015
2026-01-18 16:15:17.570,1.018
2026-01-18 16:15:17.594,1.017
2026-01-18 16:15:17.594,1.012
2026-01-18 16:15:17.605,1.011
2026-01-18 16:15:17.620,1.017
2026-01-18 16:15:17.637,1.013
2026-01-18 16:15:17.638,1.011
2026-01-18 16:15:17.655,1.015
2026-01-18 16:15:17.671,1.015
2026-01-18 16:15:17.686,1.013
2026-01-18 16:15:17.687,1.013
2026-01-18 16:15:17.704,1.012
2026-01-18 16:15:17.721,1.013
2026-01-18 16:15:17.738,1.014
2026-01-18 16:15:17.738,1.013
2026-01-18 16:15:17.754,1.011
2026-01-18 16:15:17.771,1.009
2026-01-18 16:15:17.771,1.011
2026-01-18 16:15:17.787,1.011
2026-01-18 16:15:17.805,1.013
2026-01-18 16:15:17.821,1.012
2026-01-18 16:15:17.822,1.015
2026-01-18 16:15:17.838,1.01
2026-01-18 16:15:17.855,1.011
2026-01-18 16:15:17.855,1.013
2026-01-18 16:15:17.871,1.01
2026-01-18 16:15:17.889,1.012
2026-01-18 16:15:17.904,1.014
2026-01-18 16:15:17.904,1.02
2026-01-18 16:15:17.921,1.021
2026-01-18 16:15:17.939,1.014
2026-01-18 16:15:17.939,1.018
2026-01-18 16:15:17.954,1.018
2026-01-18 16:15:17.971,1.02
2026-01-18 16:15:17.987,1.019
2026-01-18 16:15:17.988,1.028
2026-01-18 16:15:18.005,1.033
2026-01-18 16:15:18.021,1.029
2026-01-18 16:15:18.038,1.024
2026-01-18 16:15:18.039,1.024
2026-01-18 16:15:18.055,1.028
2026-01-18 16:15:18.071,1.029
2026-01-18 16:15:18.071,1.025
2026-01-18 16:15:18.088,1.021
2026-01-18 16:15:18.106,1.022
2026-01-18 16:15:18.107,1.021
2026-01-18 16:15:18.121,1.021
2026-01-18 16:15:18.138,1.021
2026-01-18 16:15:18.155,1.023
2026-01-18 16:15:18.155,1.024
2026-01-18 16:15:18.171,1.021
2026-01-18 16:15:18.188,1.017
2026-01-18 16:15:18.205,1.025
2026-01-18 16:15:18.205,1.021
2026-01-18 16:15:18.222,1.019
2026-01-18 16:15:18.237,1.022
2026-01-18 16:15:18.254,1.018
2026-01-18 16:15:18.254,1.021
2026-01-18 16:15:18.272,1.019
2026-01-18 16:15:18.288,1.019
2026-01-18 16:15:18.288,1.016
2026-01-18 16:15:18.304,1.018
2026-01-18 16:15:18.321,1.018
2026-01-18 16:15:18.339,1.015
2026-01-18 16:15:18.339,1.02
2026-01-18 16:15:18.380,1.03
2026-01-18 16:15:18.381,1.028
2026-01-18 16:15:18.381,1.029
2026-01-18 16:15:18.392,1.029
2026-01-18 16:15:18.404,1.028
2026-01-18 16:15:18.421,1.029
2026-01-18 16:15:18.421,1.024
2026-01-18 16:15:18.439,1.023
2026-01-18 16:15:18.455,1.02
2026-01-18 16:15:18.456,1.019
2026-01-18 16:15:18.471,1.014
2026-01-18 16:15:18.489,1.018
2026-01-18 16:15:18.505,1.017
2026-01-18 16:15:18.505,1.015
2026-01-18 16:15:18.522,1.018
2026-01-18 16:15:18.539,1.02
2026-01-18 16:15:18.539,1.014
2026-01-18 16:15:18.555,1.013
2026-01-18 16:15:18.578,1.008
2026-01-18 16:15:18.578,1.006
2026-01-18 16:15:18.588,1.013
2026-01-18 16:15:18.605,1.009
2026-01-18 16:15:18.622,1.009
2026-01-18 16:15:18.623,1.011
2026-01-18 16:15:18.637,1.011
2026-01-18 16:15:18.655,1.01
2026-01-18 16:15:18.672,1.008
2026-01-18 16:15:18.672,1.005
2026-01-18 16:15:18.688,1.011
2026-01-18 16:15:18.705,1.011
2026-01-18 16:15:18.706,1.016
2026-01-18 16:15:18.721,1.016
2026-01-18 16:15:18.738,1.016
2026-01-18 16:15:18.755,1.012
2026-01-18 16:15:18.755,1.015
2026-01-18 16:15:18.772,1.016
2026-01-18 16:15:18.788,1.017
2026-01-18 16:15:18.805,1.013
2026-01-18 16:15:18.806,1.011
2026-01-18 16:15:18.833,1.008
2026-01-18 16:15:18.834,1.008
2026-01-18 16:15:18.839,1.006
2026-01-18 16:15:18.856,1.01
2026-01-18 16:15:18.871,1.016
2026-01-18 16:15:18.888,1.016
2026-01-18 16:15:18.888,1.015
2026-01-18 16:15:18.903,1.012
2026-01-18 16:15:18.921,1.011
2026-01-18 16:15:18.938,1.013
2026-01-18 16:15:18.939,1.012
2026-01-18 16:15:18.954,1.012
2026-01-18 16:15:18.970,1.014
2026-01-18 16:15:18.971,1.015
2026-01-18 16:15:18.988,1.016
2026-01-18 16:15:19.006,1.017
2026-01-18 16:15:19.006,1.016
2026-01-18 16:15:19.022,1.014
2026-01-18 16:15:19.038,1.014
2026-01-18 16:15:19.056,1.016
2026-01-18 16:15:19.056,1.014
2026-01-18 16:15:19.071,1.016
2026-01-18 16:15:19.089,1.015
2026-01-18 16:15:19.105,1.012
2026-01-18 16:15:19.105,1.011
2026-01-18 16:15:19.121,1.009
2026-01-18 16:15:19.139,1.013
2026-01-18 16:15:19.140,1.011
2026-01-18 16:15:19.156,1.01
2026-01-18 16:15:19.172,1.009
2026-01-18 16:15:19.189,1.011
2026-01-18 16:15:19.189,1.017
2026-01-18 16:15:19.204,1.017
2026-01-18 16:15:19.220,1.017
2026-01-18 16:15:19.238,1.014
2026-01-18 16:15:19.238,1.02
2026-01-18 16:15:19.255,1.017
2026-01-18 16:15:19.272,1.015
2026-01-18 16:15:19.272,1.017
2026-01-18 16:15:19.287,1.016
2026-01-18 16:15:19.305,1.017
2026-01-18 16:15:19.321,1.015
2026-01-18 16:15:19.321,1.015
2026-01-18 16:15:19.336,1.016
2026-01-18 16:15:19.354,1.02
2026-01-18 16:15:19.354,1.018
2026-01-18 16:15:19.371,1.03
2026-01-18 16:15:19.387,1.027
2026-01-18 16:15:19.403,1.028
2026-01-18 16:15:19.403,1.03
2026-01-18 16:15:19.420,1.03
2026-01-18 16:15:19.438,1.025
2026-01-18 16:15:19.454,1.022
2026-01-18 16:15:19.454,1.021
2026-01-18 16:15:19.470,1.022
2026-01-18 16:15:19.487,1.018
2026-01-18 16:15:19.488,1.022
2026-01-18 16:15:19.505,1.018
2026-01-18 16:15:19.521,1.02
2026-01-18 16:15:19.537,1.02
2026-01-18 16:15:19.538,1.014
2026-01-18 16:15:19.555,1.011
2026-01-18 16:15:19.578,1.01
2026-01-18 16:15:19.578,1.01
2026-01-18 16:15:19.587,1.014
2026-01-18 16:15:19.605,1.016
2026-01-18 16:15:19.621,1.026
2026-01-18 16:15:19.621,1.029
2026-01-18 16:15:19.638,1.028
2026-01-18 16:15:19.653,1.024
2026-01-18 16:15:19.671,1.024
2026-01-18 16:15:19.671,1.024
2026-01-18 16:15:19.687,1.019
2026-01-18 16:15:19.705,1.02
2026-01-18 16:15:19.705,1.017
2026-01-18 16:15:19.764,1.018
2026-01-18 16:15:19.765,1.014
2026-01-18 16:15:19.765,1.011
2026-01-18 16:15:19.766,1.01
2026-01-18 16:15:19.766,1.008
2026-01-18 16:15:19.774,1.014
2026-01-18 16:15:19.788,1.008
2026-01-18 16:15:19.803,1.009
2026-01-18 16:15:19.821,1.013
2026-01-18 16:15:19.837,1.014
2026-01-18 16:15:19.837,1.017
2026-01-18 16:15:19.855,1.02
2026-01-18 16:15:19.871,1.02
2026-01-18 16:15:19.871,1.018
2026-01-18 16:15:19.888,1.021
2026-01-18 16:15:19.905,1.019
2026-01-18 16:15:19.908,1.015
2026-01-18 16:15:19.921,1.017
2026-01-18 16:15:19.938,1.011
2026-01-18 16:15:19.954,1.013
2026-01-18 16:15:19.955,1.016
2026-01-18 16:15:19.972,1.014
2026-01-18 16:15:19.987,1.012
2026-01-18 16:15:20.003,1.012
2026-01-18 16:15:20.003,1.008
2026-01-18 16:15:20.020,1.017
2026-01-18 16:15:20.039,1.018
2026-01-18 16:15:20.039,1.015
2026-01-18 16:15:20.054,1.011
2026-01-18 16:15:20.071,1.012
2026-01-18 16:15:20.089,1.01
2026-01-18 16:15:20.089,1.015
2026-01-18 16:15:20.104,1.016
2026-01-18 16:15:20.121,1.021
2026-01-18 16:15:20.138,1.017
2026-01-18 16:15:20.138,1.016
2026-01-18 16:15:20.154,1.014
2026-01-18 16:15:20.170,1.011
2026-01-18 16:15:20.171,1.013
2026-01-18 16:15:20.189,1.009
2026-01-18 16:15:20.203,1.008
2026-01-18 16:15:20.220,1.013
2026-01-18 16:15:20.220,1.014
2026-01-18 16:15:20.238,1.016
2026-01-18 16:15:20.253,1.014
2026-01-18 16:15:20.255,1.016
2026-01-18 16:15:20.271,1.014
2026-01-18 16:15:20.288,1.01
2026-01-18 16:15:20.306,1.014
2026-01-18 16:15:20.307,1.014
2026-01-18 16:15:20.321,1.019
2026-01-18 16:15:20.338,1.02
2026-01-18 16:15:20.338,1.021
2026-01-18 16:15:20.355,1.023
2026-01-18 16:15:20.371,1.023
2026-01-18 16:15:20.388,1.019
2026-01-18 16:15:20.388,1.022
2026-01-18 16:15:20.404,1.02
2026-01-18 16:15:20.421,1.021
2026-01-18 16:15:20.439,1.02
2026-01-18 16:15:20.439,1.021
2026-01-18 16:15:20.455,1.018
2026-01-18 16:15:20.471,1.017
2026-01-18 16:15:20.471,1.015
2026-01-18 16:15:20.489,1.013
2026-01-18 16:15:20.505,1.016
2026-01-18 16:15:20.520,1.019
2026-01-18 16:15:20.520,1.024
2026-01-18 16:15:20.537,1.027
2026-01-18 16:15:20.555,1.03
2026-01-18 16:15:20.555,1.027
2026-01-18 16:15:20.575,1.028
2026-01-18 16:15:20.586,1.023
2026-01-18 16:15:20.605,1.017
2026-01-18 16:15:20.605,1.018
2026-01-18 16:15:20.620,1.014
2026-01-18 16:15:20.638,1.015
2026-01-18 16:15:20.639,1.017
2026-01-18 16:15:20.654,1.024
2026-01-18 16:15:20.670,1.019
2026-01-18 16:15:20.688,1.017
2026-01-18 16:15:20.689,1.017
2026-01-18 16:15:20.705,1.015
2026-01-18 16:15:20.720,1.014
2026-01-18 16:15:20.738,1.018
2026-01-18 16:15:20.738,1.018
2026-01-18 16:15:20.754,1.02
2026-01-18 16:15:20.771,1.014
2026-01-18 16:15:20.771,1.018
2026-01-18 16:15:20.787,1.019
2026-01-18 16:15:20.805,1.019
2026-01-18 16:15:20.821,1.017
2026-01-18 16:15:20.821,1.014
2026-01-18 16:15:20.838,1.014
2026-01-18 16:15:20.854,1.016
2026-01-18 16:15:20.855,1.016
2026-01-18 16:15:20.871,1.025
2026-01-18 16:15:20.889,1.019
2026-01-18 16:15:20.904,1.023
2026-01-18 16:15:20.904,1.021
2026-01-18 16:15:20.921,1.018
2026-01-18 16:15:20.937,1.019
2026-01-18 16:15:20.955,1.018
2026-01-18 16:15:20.955,1.019
2026-01-18 16:15:20.971,1.016
2026-01-18 16:15:20.988,1.02
2026-01-18 16:15:20.988,1.021
2026-01-18 16:15:21.004,1.02
2026-01-18 16:15:21.020,1.022
2026-01-18 16:15:21.038,1.019
2026-01-18 16:15:21.038,1.015
2026-01-18 16:15:21.055,1.028
2026-01-18 16:15:21.072,1.021
2026-01-18 16:15:21.072,1.023
2026-01-18 16:15:21.088,1.021
2026-01-18 16:15:21.116,1.017
2026-01-18 16:15:21.117,1.018
2026-01-18 16:15:21.128,1.017
2026-01-18 16:15:21.138,1.014
2026-01-18 16:15:21.154,1.011
2026-01-18 16:15:21.171,1.009
2026-01-18 16:15:21.171,1.011
2026-01-18 16:15:21.188,1.008
2026-01-18 16:15:21.204,1.008
2026-01-18 16:15:21.205,1.006
2026-01-18 16:15:21.222,1.004
2026-01-18 16:15:21.237,1.009
2026-01-18 16:15:21.238,1.007
2026-01-18 16:15:21.254,1.004
2026-01-18 16:15:21.270,1.014
2026-01-18 16:15:21.287,1.01
2026-01-18 16:15:21.288,1.014
2026-01-18 16:15:21.304,1.011
2026-01-18 16:15:21.320,1.008
2026-01-18 16:15:21.337,1.006
2026-01-18 16:15:21.337,1.004
2026-01-18 16:15:21.354,1.009
2026-01-18 16:15:21.370,1.005
2026-01-18 16:15:21.371,1.005
2026-01-18 16:15:21.387,1.004
2026-01-18 16:15:21.405,1.004
2026-01-18 16:15:21.419,1.009
2026-01-18 16:15:21.420,1.004
2026-01-18 16:15:21.438,1.003
2026-01-18 16:15:21.454,1.002
2026-01-18 16:15:21.455,1.006
2026-01-18 16:15:21.471,1.015
2026-01-18 16:15:21.489,1.012
2026-01-18 16:15:21.503,1.012
2026-01-18 16:15:21.503,1.007
2026-01-18 16:15:21.519,1.005
2026-01-18 16:15:21.538,1.014
2026-01-18 16:15:21.538,1.013
2026-01-18 16:15:21.555,1.011
2026-01-18 16:15:21.571,1.013
2026-01-18 16:15:21.594,1.013
2026-01-18 16:15:21.595,1.016
2026-01-18 16:15:21.604,1.012
2026-01-18 16:15:21.621,1.008
2026-01-18 16:15:21.637,1.007
2026-01-18 16:15:21.637,1.009
2026-01-18 16:15:21.654,1.014
2026-01-18 16:15:21.670,1.013
2026-01-18 16:15:21.671,1.016
2026-01-18 16:15:21.687,1.018
2026-01-18 16:15:21.703,1.017
2026-01-18 16:15:21.721,1.019
2026-01-18 16:15:21.721,1.017
2026-01-18 16:15:21.738,1.014
2026-01-18 16:15:21.754,1.01
2026-01-18 16:15:21.755,1.006
2026-01-18 16:15:21.770,1.006
2026-01-18 16:15:21.787,1.003
2026-01-18 16:15:21.804,1.008
2026-01-18 16:15:21.804,1.005
2026-01-18 16:15:21.821,1.008
2026-01-18 16:15:21.837,1.018
2026-01-18 16:15:21.854,1.013
2026-01-18 16:15:21.854,1.014
2026-01-18 16:15:21.870,1.013
2026-01-18 16:15:21.887,1.013
2026-01-18 16:15:21.887,1.015
2026-01-18 16:15:21.904,1.015
2026-01-18 16:15:21.920,1.015
2026-01-18 16:15:21.937,1.019
2026-01-18 16:15:21.937,1.016
2026-01-18 16:15:21.953,1.024
2026-01-18 16:15:21.971,1.019
2026-01-18 16:15:21.971,1.015
2026-01-18 16:15:21.988,1.015
2026-01-18 16:15:22.004,1.015
2026-01-18 16:15:22.021,1.01
2026-01-18 16:15:22.021,1.01
2026-01-18 16:15:22.037,1.009
2026-01-18 16:15:22.054,1.008
2026-01-18 16:15:22.071,1.009
2026-01-18 16:15:22.071,1.02
2026-01-18 16:15:22.087,1.019
2026-01-18 16:15:22.103,1.015
2026-01-18 16:15:22.103,1.019
2026-01-18 16:15:22.120,1.022
2026-01-18 16:15:22.139,1.033
2026-01-18 16:15:22.139,1.03
2026-01-18 16:15:22.154,1.026
2026-01-18 16:15:22.170,1.021
2026-01-18 16:15:22.188,1.018
2026-01-18 16:15:22.188,1.013
2026-01-18 16:15:22.204,1.013
2026-01-18 16:15:22.220,1.015
2026-01-18 16:15:22.238,1.013
2026-01-18 16:15:22.238,1.01
2026-01-18 16:15:22.254,1.01
2026-01-18 16:15:22.270,1.012
2026-01-18 16:15:22.271,1.008
2026-01-18 16:15:22.286,1.013
2026-01-18 16:15:22.303,1.014
2026-01-18 16:15:22.322,1.03
2026-01-18 16:15:22.323,1.025
2026-01-18 16:15:22.337,1.021
2026-01-18 16:15:22.353,1.024
2026-01-18 16:15:22.354,1.022
2026-01-18 16:15:22.370,1.014
2026-01-18 16:15:22.405,1.01
2026-01-18 16:15:22.405,1.01
2026-01-18 16:15:22.422,1.007
2026-01-18 16:15:22.437,1.009
2026-01-18 16:15:22.466,1.007
2026-01-18 16:15:22.467,1.009
2026-01-18 16:15:22.467,1.008
2026-01-18 16:15:22.477,1.01
2026-01-18 16:15:22.487,1.009
2026-01-18 16:15:22.503,1.008
2026-01-18 16:15:22.521,1.015
2026-01-18 16:15:22.537,1.011
2026-01-18 16:15:22.537,1.01
2026-01-18 16:15:22.554,1.015
2026-01-18 16:15:22.576,1.011
2026-01-18 16:15:22.576,1.008
2026-01-18 16:15:22.587,1.006
2026-01-18 16:15:22.605,1.007
2026-01-18 16:15:22.619,1.02
2026-01-18 16:15:22.619,1.018
2026-01-18 16:15:22.638,1.017
2026-01-18 16:15:22.653,1.016
2026-01-18 16:15:22.656,1.018
2026-01-18 16:15:22.670,1.023
2026-01-18 16:15:22.689,1.022
2026-01-18 16:15:22.691,1.023
2026-01-18 16:15:22.703,1.018
2026-01-18 16:15:22.721,1.015
2026-01-18 16:15:22.737,1.011
2026-01-18 16:15:22.754,1.009
2026-01-18 16:15:22.755,1.007
2026-01-18 16:15:22.771,1.006
2026-01-18 16:15:22.787,1.008
2026-01-18 16:15:22.787,1.009
2026-01-18 16:15:22.804,1.011
2026-01-18 16:15:22.820,1.008
2026-01-18 16:15:22.838,1.013
2026-01-18 16:15:22.838,1.015
2026-01-18 16:15:22.854,1.015
2026-01-18 16:15:22.870,1.013
2026-01-18 16:15:22.871,1.01
2026-01-18 16:15:22.887,1.008
2026-01-18 16:15:22.904,1.011
2026-01-18 16:15:22.920,1.012
2026-01-18 16:15:22.920,1.008
2026-01-18 16:15:22.938,1.01
2026-01-18 16:15:22.954,1.011
2026-01-18 16:15:22.954,1.01
2026-01-18 16:15:22.970,1.021
2026-01-18 16:15:22.988,1.018
2026-01-18 16:15:23.004,1.016
2026-01-18 16:15:23.004,1.015
2026-01-18 16:15:23.020,1.015
2026-01-18 16:15:23.038,1.019
2026-01-18 16:15:23.054,1.018
2026-01-18 16:15:23.055,1.018
2026-01-18 16:15:23.070,1.015
2026-01-18 16:15:23.087,1.016
2026-01-18 16:15:23.087,1.02
2026-01-18 16:15:23.104,1.014
2026-01-18 16:15:23.139,1.013
2026-01-18 16:15:23.139,1.017
2026-01-18 16:15:23.154,1.027
2026-01-18 16:15:23.170,1.019
2026-01-18 16:15:23.171,1.02
2026-01-18 16:15:23.187,1.017
2026-01-18 16:15:23.206,1.024
2026-01-18 16:15:23.221,1.021
2026-01-18 16:15:23.221,1.016
2026-01-18 16:15:23.236,1.019
2026-01-18 16:15:23.255,1.021
2026-01-18 16:15:23.255,1.022
2026-01-18 16:15:23.270,1.021
2026-01-18 16:15:23.287,1.014
2026-01-18 16:15:23.303,1.012
2026-01-18 16:15:23.303,1.013
2026-01-18 16:15:23.320,1.011
2026-01-18 16:15:23.339,1.017
2026-01-18 16:15:23.340,1.014
2026-01-18 16:15:23.354,1.014
2026-01-18 16:15:23.371,1.009
2026-01-18 16:15:23.388,1.007
2026-01-18 16:15:23.388,1.006
2026-01-18 16:15:23.404,1.004
2026-01-18 16:15:23.421,1.01
2026-01-18 16:15:23.437,1.014
2026-01-18 16:15:23.437,1.021
2026-01-18 16:15:23.454,1.025
2026-01-18 16:15:23.470,1.018
2026-01-18 16:15:23.471,1.021
2026-01-18 16:15:23.487,1.021
2026-01-18 16:15:23.504,1.02
2026-01-18 16:15:23.520,1.022
2026-01-18 16:15:23.520,1.017
2026-01-18 16:15:23.537,1.014
2026-01-18 16:15:23.554,1.012
2026-01-18 16:15:23.554,1.007
2026-01-18 16:15:23.571,1.014
2026-01-18 16:15:23.592,1.013
2026-01-18 16:15:23.592,1.014
2026-01-18 16:15:23.604,1.011
2026-01-18 16:15:23.621,1.012
2026-01-18 16:15:23.636,1.012
2026-01-18 16:15:23.654,1.01
2026-01-18 16:15:23.655,1.011
2026-01-18 16:15:23.670,1.016
2026-01-18 16:15:23.687,1.02
2026-01-18 16:15:23.688,1.023
2026-01-18 16:15:23.704,1.022
2026-01-18 16:15:23.719,1.019
2026-01-18 16:15:23.738,1.017
2026-01-18 16:15:23.738,1.015
2026-01-18 16:15:23.754,1.027
2026-01-18 16:15:23.771,1.027
2026-01-18 16:15:23.771,1.029
2026-01-18 16:15:23.787,1.029
2026-01-18 16:15:23.830,1.028
2026-01-18 16:15:23.830,1.03
2026-01-18 16:15:23.830,1.028
2026-01-18 16:15:23.830,1.029
2026-01-18 16:15:23.854,1.026
2026-01-18 16:15:23.854,1.022
2026-01-18 16:15:23.870,1.031
2026-01-18 16:15:23.887,1.033
2026-01-18 16:15:23.903,1.033
2026-01-18 16:15:23.903,1.028
2026-01-18 16:15:23.920,1.022
2026-01-18 16:15:23.938,1.026
2026-01-18 16:15:23.953,1.021
2026-01-18 16:15:23.954,1.019
2026-01-18 16:15:23.970,1.016
2026-01-18 16:15:23.987,1.018
2026-01-18 16:15:23.987,1.018
2026-01-18 16:15:24.003,1.02
2026-01-18 16:15:24.020,1.018
2026-01-18 16:15:24.036,1.014
2026-01-18 16:15:24.037,1.017
2026-01-18 16:15:24.053,1.014
2026-01-18 16:15:24.070,1.013
2026-01-18 16:15:24.071,1.008
2026-01-18 16:15:24.087,1.007
2026-01-18 16:15:24.104,1.006
2026-01-18 16:15:24.121,1.007
2026-01-18 16:15:24.121,1.006
2026-01-18 16:15:24.137,1.005
2026-01-18 16:15:24.155,1.006
2026-01-18 16:15:24.155,1.003
2026-01-18 16:15:24.169,1.004
2026-01-18 16:15:24.187,1.005
2026-01-18 16:15:24.203,1.002
2026-01-18 16:15:24.203,1.005
2026-01-18 16:15:24.219,1.003
2026-01-18 16:15:24.238,1.01
2026-01-18 16:15:24.238,1.008
2026-01-18 16:15:24.254,1.011
2026-01-18 16:15:24.271,1.005
2026-01-18 16:15:24.286,1.001
2026-01-18 16:15:24.286,1.008
2026-01-18 16:15:24.302,1.01
2026-01-18 16:15:24.320,1.009
2026-01-18 16:15:24.335,1.008
2026-01-18 16:15:24.335,1.004
2026-01-18 16:15:24.355,1.008
2026-01-18 16:15:24.371,1.005
2026-01-18 16:15:24.371,1.002
2026-01-18 16:15:24.387,1.002
2026-01-18 16:15:24.404,1.005
2026-01-18 16:15:24.420,1.009
2026-01-18 16:15:24.421,1.006
2026-01-18 16:15:24.438,1.005
2026-01-18 16:15:24.453,1.009
2026-01-18 16:15:24.454,1.008
2026-01-18 16:15:24.470,1.009
2026-01-18 16:15:24.487,1.009
2026-01-18 16:15:24.504,1.01
2026-01-18 16:15:24.504,1.011
2026-01-18 16:15:24.521,1.01
2026-01-18 16:15:24.537,1.016
2026-01-18 16:15:24.554,1.013
2026-01-18 16:15:24.554,1.014
2026-01-18 16:15:24.570,1.01
2026-01-18 16:15:24.594,1.009
2026-01-18 16:15:24.594,1.009
2026-01-18 16:15:24.604,1.007
2026-01-18 16:15:24.620,1.006
2026-01-18 16:15:24.637,1.006
2026-01-18 16:15:24.637,1.007
2026-01-18 16:15:24.652,1.011
2026-01-18 16:15:24.669,1.011
2026-01-18 16:15:24.687,1.008
2026-01-18 16:15:24.687,1.004
2026-01-18 16:15:24.704,1.009
2026-01-18 16:15:24.720,1.005
2026-01-18 16:15:24.721,1.007
2026-01-18 16:15:24.737,1.005
2026-01-18 16:15:24.754,1.007
2026-01-18 16:15:24.754,1.011
2026-01-18 16:15:24.770,1.025
2026-01-18 16:15:24.788,1.025
2026-01-18 16:15:24.804,1.023
2026-01-18 16:15:24.806,1.018
2026-01-18 16:15:24.820,1.021
2026-01-18 16:15:24.836,1.016
2026-01-18 16:15:24.852,1.012
2026-01-18 16:15:24.852,1.009
2026-01-18 16:15:24.871,1.007
2026-01-18 16:15:24.888,1.005
2026-01-18 16:15:24.888,1.008
2026-01-18 16:15:24.903,1.006
2026-01-18 16:15:24.920,1.002
2026-01-18 16:15:24.937,1.004
2026-01-18 16:15:24.937,1.006
2026-01-18 16:15:24.954,1.005
2026-01-18 16:15:24.970,1.004
2026-01-18 16:15:24.970,1.006
2026-01-18 16:15:24.987,1.006
2026-01-18 16:15:25.004,1.007
2026-01-18 16:15:25.021,1.01
2026-01-18 16:15:25.021,1.009
2026-01-18 16:15:25.037,1.007
2026-01-18 16:15:25.054,1.002
2026-01-18 16:15:25.054,0.999
2026-01-18 16:15:25.070,1.001
2026-01-18 16:15:25.088,1.004
2026-01-18 16:15:25.104,1.004
2026-01-18 16:15:25.104,1.002
2026-01-18 16:15:25.121,1.009
2026-01-18 16:15:25.136,1.006
2026-01-18 16:15:25.153,1.003
2026-01-18 16:15:25.153,1.005
2026-01-18 16:15:25.169,1.005
2026-01-18 16:15:25.196,1.004
2026-01-18 16:15:25.197,1.002
2026-01-18 16:15:25.206,1.0
2026-01-18 16:15:25.220,1.007
2026-01-18 16:15:25.236,1.003
2026-01-18 16:15:25.237,1.001
2026-01-18 16:15:25.254,1.002
2026-01-18 16:15:25.258,0.999
2026-01-18 16:15:25.270,0.998
2026-01-18 16:15:25.288,0.999
2026-01-18 16:15:25.304,1.001
2026-01-18 16:15:25.320,0.999
2026-01-18 16:15:25.321,1.005
2026-01-18 16:15:25.337,1.001
2026-01-18 16:15:25.354,0.999
2026-01-18 16:15:25.355,1.002
2026-01-18 16:15:25.371,1.0
2026-01-18 16:15:25.386,0.997
2026-01-18 16:15:25.403,1.002
2026-01-18 16:15:25.403,1.004
2026-01-18 16:15:25.419,1.002
2026-01-18 16:15:25.438,0.998
2026-01-18 16:15:25.454,1.003
2026-01-18 16:15:25.454,1.011
2026-01-18 16:15:25.470,1.015
2026-01-18 16:15:25.487,1.011
2026-01-18 16:15:25.487,1.013
2026-01-18 16:15:25.504,1.009
2026-01-18 16:15:25.520,1.012
2026-01-18 16:15:25.537,1.006
2026-01-18 16:15:25.538,1.009
2026-01-18 16:15:25.554,1.008
2026-01-18 16:15:25.570,1.007
2026-01-18 16:15:25.571,1.005
2026-01-18 16:15:25.593,1.011
2026-01-18 16:15:25.594,1.012
2026-01-18 16:15:25.620,1.009
2026-01-18 16:15:25.620,1.011
2026-01-18 16:15:25.638,1.014
2026-01-18 16:15:25.652,1.017
2026-01-18 16:15:25.670,1.014
2026-01-18 16:15:25.670,1.012
2026-01-18 16:15:25.686,1.009
2026-01-18 16:15:25.704,1.005
2026-01-18 16:15:25.705,1.004
2026-01-18 16:15:25.720,1.002
2026-01-18 16:15:25.736,1.004
2026-01-18 16:15:25.753,1.004
2026-01-18 16:15:25.753,1.002
2026-01-18 16:15:25.769,1.005
2026-01-18 16:15:25.788,1.002
2026-01-18 16:15:25.788,1.006
2026-01-18 16:15:25.806,1.004
2026-01-18 16:15:25.820,1.003
2026-01-18 16:15:25.835,1.006
2026-01-18 16:15:25.836,1.003
2026-01-18 16:15:25.853,1.003
2026-01-18 16:15:25.869,1.007
2026-01-18 16:15:25.870,1.006
2026-01-18 16:15:25.886,1.005
2026-01-18 16:15:25.903,1.007
2026-01-18 16:15:25.920,1.005
2026-01-18 16:15:25.920,1.007
2026-01-18 16:15:25.938,1.015
2026-01-18 16:15:25.954,1.019
2026-01-18 16:15:25.954,1.017
2026-01-18 16:15:25.970,1.018
2026-01-18 16:15:25.987,1.015
2026-01-18 16:15:26.004,1.019
2026-01-18 16:15:26.004,1.016
2026-01-18 16:15:26.019,1.015
2026-01-18 16:15:26.036,1.011
2026-01-18 16:15:26.054,1.013
2026-01-18 16:15:26.054,1.014
2026-01-18 16:15:26.070,1.011
2026-01-18 16:15:26.087,1.016
2026-01-18 16:15:26.087,1.016
2026-01-18 16:15:26.103,1.012
2026-01-18 16:15:26.119,1.012
2026-01-18 16:15:26.134,1.011
2026-01-18 16:15:26.136,1.013
2026-01-18 16:15:26.152,1.01
2026-01-18 16:15:26.169,1.016
2026-01-18 16:15:26.185,1.008
2026-01-18 16:15:26.186,1.013
2026-01-18 16:15:26.202,1.011
2026-01-18 16:15:26.219,1.013
2026-01-18 16:15:26.219,1.012
2026-01-18 16:15:26.235,1.006
2026-01-18 16:15:26.252,1.006
2026-01-18 16:15:26.269,1.005
2026-01-18 16:15:26.269,1.009
2026-01-18 16:15:26.285,1.01
2026-01-18 16:15:26.303,1.013
2026-01-18 16:15:26.303,1.008
2026-01-18 16:15:26.320,1.002
2026-01-18 16:15:26.337,1.003
2026-01-18 16:15:26.353,1.003
2026-01-18 16:15:26.353,1.002
2026-01-18 16:15:26.369,1.002
2026-01-18 16:15:26.386,1.006
2026-01-18 16:15:26.386,1.008
2026-01-18 16:15:26.404,1.006
2026-01-18 16:15:26.421,1.011
2026-01-18 16:15:26.436,1.007
2026-01-18 16:15:26.436,1.008
2026-01-18 16:15:26.453,1.008
2026-01-18 16:15:26.469,1.012
2026-01-18 16:15:26.487,1.01
2026-01-18 16:15:26.487,1.004
2026-01-18 16:15:26.504,1.002
2026-01-18 16:15:26.520,1.0
2026-01-18 16:15:26.521,1.005
2026-01-18 16:15:26.583,1.0
2026-01-18 16:15:26.584,1.0
2026-01-18 16:15:26.585,1.001
2026-01-18 16:15:26.585,0.999
2026-01-18 16:15:26.585,1.0
2026-01-18 16:15:26.597,1.0
2026-01-18 16:15:26.607,0.999
2026-01-18 16:15:26.620,0.999
2026-01-18 16:15:26.638,0.999
2026-01-18 16:15:26.655,0.993
2026-01-18 16:15:26.655,0.994
2026-01-18 16:15:26.670,0.998
2026-01-18 16:15:26.689,1.0
2026-01-18 16:15:26.689,1.001
2026-01-18 16:15:26.702,0.997
2026-01-18 16:15:26.720,0.997
2026-01-18 16:15:26.737,0.999
2026-01-18 16:15:26.738,1.007
2026-01-18 16:15:26.753,1.007
2026-01-18 16:15:26.769,1.01
2026-01-18 16:15:26.770,1.013
2026-01-18 16:15:26.787,1.011
2026-01-18 16:15:26.803,1.011
2026-01-18 16:15:26.819,1.009
2026-01-18 16:15:26.820,1.009
2026-01-18 16:15:26.837,1.012
2026-01-18 16:15:26.854,1.011
2026-01-18 16:15:26.854,1.013
2026-01-18 16:15:26.871,1.009
2026-01-18 16:15:26.886,1.004
2026-01-18 16:15:26.902,1.009
2026-01-18 16:15:26.902,1.01
2026-01-18 16:15:26.919,1.006
2026-01-18 16:15:26.935,1.004
2026-01-18 16:15:26.954,1.004
2026-01-18 16:15:26.954,1.003
2026-01-18 16:15:26.969,1.006
2026-01-18 16:15:26.987,1.008
2026-01-18 16:15:26.988,1.01
2026-01-18 16:15:27.003,1.008
2026-01-18 16:15:27.020,1.008
2026-01-18 16:15:27.037,1.004
2026-01-18 16:15:27.037,1.003
2026-01-18 16:15:27.054,1.0
2026-01-18 16:15:27.069,0.996
2026-01-18 16:15:27.069,0.996
2026-01-18 16:15:27.085,0.998
2026-01-18 16:15:27.104,1.0
2026-01-18 16:15:27.107,1.0
2026-01-18 16:15:27.119,0.999
2026-01-18 16:15:27.138,0.999
2026-01-18 16:15:27.154,0.997
2026-01-18 16:15:27.154,1.001
2026-01-18 16:15:27.170,1.004
2026-01-18 16:15:27.187,1.001
2026-01-18 16:15:27.204,1.006
2026-01-18 16:15:27.204,1.003
2026-01-18 16:15:27.220,1.0
2026-01-18 16:15:27.237,1.001
2026-01-18 16:15:27.252,1.005
2026-01-18 16:15:27.252,1.008
2026-01-18 16:15:27.269,1.007
2026-01-18 16:15:27.288,1.007
2026-01-18 16:15:27.288,1.001
2026-01-18 16:15:27.302,1.003
2026-01-18 16:15:27.318,1.005
2026-01-18 16:15:27.336,1.004
2026-01-18 16:15:27.336,1.004
2026-01-18 16:15:27.354,1.008
2026-01-18 16:15:27.369,1.005
2026-01-18 16:15:27.387,1.004
2026-01-18 16:15:27.387,1.003
2026-01-18 16:15:27.405,1.005
2026-01-18 16:15:27.419,1.004
2026-01-18 16:15:27.419,1.002
2026-01-18 16:15:27.436,1.001
2026-01-18 16:15:27.454,1.0
2026-01-18 16:15:27.470,1.0
2026-01-18 16:15:27.470,1.002
2026-01-18 16:15:27.487,1.001
2026-01-18 16:15:27.503,1.003
2026-01-18 16:15:27.503,1.002
2026-01-18 16:15:27.518,0.998
2026-01-18 16:15:27.538,1.001
2026-01-18 16:15:27.538,1.006
2026-01-18 16:15:27.558,1.007
2026-01-18 16:15:27.569,1.005
2026-01-18 16:15:27.587,1.008
2026-01-18 16:15:27.587,1.001
2026-01-18 16:15:27.610,1.002
2026-01-18 16:15:27.610,1.002
2026-01-18 16:15:27.638,1.003
2026-01-18 16:15:27.638,1.003
2026-01-18 16:15:27.653,1.009
2026-01-18 16:15:27.670,1.006
2026-01-18 16:15:27.670,1.005
2026-01-18 16:15:27.686,1.002
2026-01-18 16:15:27.703,1.006
2026-01-18 16:15:27.719,1.004
2026-01-18 16:15:27.720,1.004
2026-01-18 16:15:27.735,1.004
2026-01-18 16:15:27.753,1.009
2026-01-18 16:15:27.769,1.01
2026-01-18 16:15:27.769,1.012
2026-01-18 16:15:27.786,1.01
2026-01-18 16:15:27.804,1.011
2026-01-18 16:15:27.804,1.012
2026-01-18 16:15:27.819,1.011
2026-01-18 16:15:27.837,1.012
2026-01-18 16:15:27.852,1.009
2026-01-18 16:15:27.852,1.008
2026-01-18 16:15:27.869,1.011
2026-01-18 16:15:27.887,1.009
2026-01-18 16:15:27.887,1.008
2026-01-18 16:15:27.924,1.002
2026-01-18 16:15:27.924,1.0
2026-01-18 16:15:27.925,0.998
2026-01-18 16:15:27.934,0.996
2026-01-18 16:15:27.953,0.992
2026-01-18 16:15:27.969,0.996
2026-01-18 16:15:27.970,0.995
2026-01-18 16:15:27.986,0.994
2026-01-18 16:15:28.002,0.991
2026-01-18 16:15:28.020,0.995
2026-01-18 16:15:28.020,0.993
2026-01-18 16:15:28.038,0.997
2026-01-18 16:15:28.052,0.996
2026-01-18 16:15:28.070,0.997
2026-01-18 16:15:28.070,0.999
2026-01-18 16:15:28.086,1.0
2026-01-18 16:15:28.103,1.0
2026-01-18 16:15:28.103,1.001
2026-01-18 16:15:28.120,1.006
2026-01-18 16:15:28.137,1.005
2026-01-18 16:15:28.139,1.006
2026-01-18 16:15:28.153,1.011
2026-01-18 16:15:28.170,1.009
2026-01-18 16:15:28.186,1.009
2026-01-18 16:15:28.186,1.005
2026-01-18 16:15:28.203,1.003
2026-01-18 16:15:28.220,1.003
2026-01-18 16:15:28.236,1.005
2026-01-18 16:15:28.236,1.005
2026-01-18 16:15:28.253,1.007
2026-01-18 16:15:28.269,1.006
2026-01-18 16:15:28.270,1.005
2026-01-18 16:15:28.286,1.009
2026-01-18 16:15:28.303,1.01
2026-01-18 16:15:28.320,1.006
2026-01-18 16:15:28.321,1.003
2026-01-18 16:15:28.336,1.002
2026-01-18 16:15:28.353,1.005
2026-01-18 16:15:28.369,1.004
2026-01-18 16:15:28.370,1.0
2026-01-18 16:15:28.386,1.0
2026-01-18 16:15:28.402,0.999
2026-01-18 16:15:28.403,1.005
2026-01-18 16:15:28.419,1.008
2026-01-18 16:15:28.437,1.008
2026-01-18 16:15:28.453,1.009
2026-01-18 16:15:28.453,1.005
2026-01-18 16:15:28.469,1.005
2026-01-18 16:15:28.485,1.002
2026-01-18 16:15:28.486,1.006
2026-01-18 16:15:28.503,1.004
2026-01-18 16:15:28.520,1.002
2026-01-18 16:15:28.522,1.002
2026-01-18 16:15:28.536,1.001
2026-01-18 16:15:28.554,1.001
2026-01-18 16:15:28.570,1.004
2026-01-18 16:15:28.570,1.004
2026-01-18 16:15:28.587,1.003
2026-01-18 16:15:28.608,1.011
2026-01-18 16:15:28.609,1.01
2026-01-18 16:15:28.619,1.005
2026-01-18 16:15:28.635,1.007
2026-01-18 16:15:28.653,1.006
2026-01-18 16:15:28.669,1.006
2026-01-18 16:15:28.669,1.004
2026-01-18 16:15:28.687,1.004
2026-01-18 16:15:28.702,1.003
2026-01-18 16:15:28.703,1.01
2026-01-18 16:15:28.719,1.009
2026-01-18 16:15:28.735,1.006
2026-01-18 16:15:28.754,1.006
2026-01-18 16:15:28.755,1.003
2026-01-18 16:15:28.769,1.007
2026-01-18 16:15:28.788,1.014
2026-01-18 16:15:28.788,1.013
2026-01-18 16:15:28.803,1.016
2026-01-18 16:15:28.819,1.019
2026-01-18 16:15:28.838,1.014
2026-01-18 16:15:28.838,1.017
2026-01-18 16:15:28.874,1.015
2026-01-18 16:15:28.875,1.017
2026-01-18 16:15:28.875,1.016
2026-01-18 16:15:28.886,1.015
2026-01-18 16:15:28.902,1.008
2026-01-18 16:15:28.919,1.003
2026-01-18 16:15:28.920,1.005
2026-01-18 16:15:28.937,1.002
2026-01-18 16:15:28.954,1.005
2026-01-18 16:15:28.955,1.004
2026-01-18 16:15:28.970,1.004
2026-01-18 16:15:28.987,1.002
2026-01-18 16:15:29.003,1.001
2026-01-18 16:15:29.004,1.005
2026-01-18 16:15:29.020,1.004
2026-01-18 16:15:29.037,1.001
2026-01-18 16:15:29.053,1.002
2026-01-18 16:15:29.053,1.007
2026-01-18 16:15:29.069,1.012
2026-01-18 16:15:29.087,1.014
2026-01-18 16:15:29.088,1.012
2026-01-18 16:15:29.104,1.01
2026-01-18 16:15:29.120,1.008
2026-01-18 16:15:29.137,1.01
2026-01-18 16:15:29.137,1.012
2026-01-18 16:15:29.154,1.006
2026-01-18 16:15:29.169,1.009
2026-01-18 16:15:29.187,1.01
2026-01-18 16:15:29.188,1.01
2026-01-18 16:15:29.203,1.005
2026-01-18 16:15:29.220,1.007
2026-01-18 16:15:29.220,1.005
2026-01-18 16:15:29.236,1.007
2026-01-18 16:15:29.253,1.005
2026-01-18 16:15:29.253,1.004
2026-01-18 16:15:29.295,1.007
2026-01-18 16:15:29.296,1.003
2026-01-18 16:15:29.296,1.004
2026-01-18 16:15:29.305,1.0
2026-01-18 16:15:29.318,1.0
2026-01-18 16:15:29.335,1.001
2026-01-18 16:15:29.354,1.004
2026-01-18 16:15:29.354,1.004
2026-01-18 16:15:29.369,1.001
2026-01-18 16:15:29.387,1.002
2026-01-18 16:15:29.387,0.994
2026-01-18 16:15:29.404,0.994
2026-01-18 16:15:29.420,1.001
2026-01-18 16:15:29.436,1.006
2026-01-18 16:15:29.437,1.004
2026-01-18 16:15:29.453,1.008
2026-01-18 16:15:29.469,1.012
2026-01-18 16:15:29.486,1.008
2026-01-18 16:15:29.487,1.004
2026-01-18 16:15:29.503,1.002
2026-01-18 16:15:29.519,1.009
2026-01-18 16:15:29.519,1.005
2026-01-18 16:15:29.537,1.01
2026-01-18 16:15:29.552,1.007
2026-01-18 16:15:29.568,1.007
2026-01-18 16:15:29.569,1.003
2026-01-18 16:15:29.593,1.005
2026-01-18 16:15:29.593,1.006
2026-01-18 16:15:29.603,1.005
2026-01-18 16:15:29.619,1.003
2026-01-18 16:15:29.636,1.005
2026-01-18 16:15:29.653,1.004
2026-01-18 16:15:29.654,1.002
2026-01-18 16:15:29.669,0.997
2026-01-18 16:15:29.687,0.997
2026-01-18 16:15:29.687,0.996
2026-01-18 16:15:29.703,0.996
2026-01-18 16:15:29.719,1.002
2026-01-18 16:15:29.737,1.006
2026-01-18 16:15:29.737,1.007
2026-01-18 16:15:29.752,1.006
2026-01-18 16:15:29.769,1.007
2026-01-18 16:15:29.770,1.004
2026-01-18 16:15:29.786,1.0
2026-01-18 16:15:29.803,1.0
2026-01-18 16:15:29.820,1.008
2026-01-18 16:15:29.820,1.007
2026-01-18 16:15:29.836,1.004
2026-01-18 16:15:29.853,1.006
2026-01-18 16:15:29.869,1.013
2026-01-18 16:15:29.870,1.007
2026-01-18 16:15:29.886,1.008
2026-01-18 16:15:29.903,1.008
2026-01-18 16:15:29.903,1.009
2026-01-18 16:15:29.919,1.009
2026-01-18 16:15:29.937,1.004
2026-01-18 16:15:29.938,1.003
2026-01-18 16:15:29.952,1.001
2026-01-18 16:15:29.969,1.003
2026-01-18 16:15:29.987,1.005
2026-01-18 16:15:29.987,1.0
2026-01-18 16:15:30.003,1.007
2026-01-18 16:15:30.019,1.011
2026-01-18 16:15:30.036,1.008
2026-01-18 16:15:30.036,1.005
2026-01-18 16:15:30.052,1.004
2026-01-18 16:15:30.068,1.002
2026-01-18 16:15:30.086,0.998
2026-01-18 16:15:30.087,1.002
2026-01-18 16:15:30.101,1.004
2026-01-18 16:15:30.120,1.003
2026-01-18 16:15:30.120,1.001
2026-01-18 16:15:30.138,1.003
2026-01-18 16:15:30.152,1.002
2026-01-18 16:15:30.169,1.001
2026-01-18 16:15:30.170,0.999
2026-01-18 16:15:30.187,0.999
2026-01-18 16:15:30.204,1.002
2026-01-18 16:15:30.204,0.999
2026-01-18 16:15:30.219,1.002
2026-01-18 16:15:30.238,0.999
2026-01-18 16:15:30.238,0.994
2026-01-18 16:15:30.252,0.994
2026-01-18 16:15:30.272,0.994
2026-01-18 16:15:30.287,0.992
2026-01-18 16:15:30.287,0.993
2026-01-18 16:15:30.302,0.993
2026-01-18 16:15:30.319,1.0
2026-01-18 16:15:30.335,1.003
2026-01-18 16:15:30.335,1.007
2026-01-18 16:15:30.352,1.002
2026-01-18 16:15:30.369,1.004
2026-01-18 16:15:30.387,1.002
2026-01-18 16:15:30.387,1.001
2026-01-18 16:15:30.403,1.001
2026-01-18 16:15:30.419,1.002
2026-01-18 16:15:30.419,1.003
2026-01-18 16:15:30.437,0.999
2026-01-18 16:15:30.452,1.0
2026-01-18 16:15:30.454,1.003
2026-01-18 16:15:30.469,1.005
2026-01-18 16:15:30.486,1.005
2026-01-18 16:15:30.502,1.003
2026-01-18 16:15:30.502,1.008
2026-01-18 16:15:30.517,1.008
2026-01-18 16:15:30.535,1.008
2026-01-18 16:15:30.552,1.007
2026-01-18 16:15:30.552,1.008
2026-01-18 16:15:30.569,1.007
2026-01-18 16:15:30.585,1.005
2026-01-18 16:15:30.586,1.008
2026-01-18 16:15:30.603,1.006
2026-01-18 16:15:30.623,1.009
2026-01-18 16:15:30.624,1.01
2026-01-18 16:15:30.651,1.005
2026-01-18 16:15:30.652,1.009
2026-01-18 16:15:30.659,1.01
2026-01-18 16:15:30.685,1.01
2026-01-18 16:15:30.686,1.011
2026-01-18 16:15:30.703,1.01
2026-01-18 16:15:30.719,1.008
2026-01-18 16:15:30.720,1.009
2026-01-18 16:15:30.736,1.007
2026-01-18 16:15:30.753,1.008
2026-01-18 16:15:30.755,1.005
2026-01-18 16:15:30.769,1.011
2026-01-18 16:15:30.785,1.012
2026-01-18 16:15:30.803,1.01
2026-01-18 16:15:30.803,1.011
2026-01-18 16:15:30.819,1.013
2026-01-18 16:15:30.835,1.009
2026-01-18 16:15:30.853,1.008
2026-01-18 16:15:30.854,1.008
2026-01-18 16:15:30.870,1.01
2026-01-18 16:15:30.886,1.012
2026-01-18 16:15:30.886,1.016
2026-01-18 16:15:30.903,1.013
2026-01-18 16:15:30.919,1.008
2026-01-18 16:15:30.936,1.006
2026-01-18 16:15:30.937,1.004
2026-01-18 16:15:30.953,1.006
2026-01-18 16:15:30.968,1.004
2026-01-18 16:15:30.986,1.002
2026-01-18 16:15:31.003,1.001
2026-01-18 16:15:31.018,1.008
2026-01-18 16:15:31.020,1.004
2026-01-18 16:15:31.036,1.009
2026-01-18 16:15:31.052,1.01
2026-01-18 16:15:31.054,1.013
2026-01-18 16:15:31.070,1.014
2026-01-18 16:15:31.085,1.009
2026-01-18 16:15:31.104,1.009
2026-01-18 16:15:31.105,1.011
2026-01-18 16:15:31.119,1.01
2026-01-18 16:15:31.135,1.011
2026-01-18 16:15:31.153,1.011
2026-01-18 16:15:31.154,1.006
2026-01-18 16:15:31.169,1.013
2026-01-18 16:15:31.186,1.017
2026-01-18 16:15:31.187,1.014
2026-01-18 16:15:31.203,1.015
2026-01-18 16:15:31.220,1.016
2026-01-18 16:15:31.236,1.015
2026-01-18 16:15:31.237,1.015
2026-01-18 16:15:31.253,1.015
2026-01-18 16:15:31.270,1.017
2026-01-18 16:15:31.286,1.016
2026-01-18 16:15:31.287,1.017
2026-01-18 16:15:31.302,1.014
2026-01-18 16:15:31.319,1.016
2026-01-18 16:15:31.319,1.013
2026-01-18 16:15:31.336,1.009
2026-01-18 16:15:31.353,1.008
2026-01-18 16:15:31.369,1.007
2026-01-18 16:15:31.369,1.008
2026-01-18 16:15:31.386,1.005
2026-01-18 16:15:31.403,1.003
2026-01-18 16:15:31.403,1.0
2026-01-18 16:15:31.419,1.001
2026-01-18 16:15:31.436,0.999
2026-01-18 16:15:31.453,1.006
2026-01-18 16:15:31.454,1.013
2026-01-18 16:15:31.469,1.015
2026-01-18 16:15:31.486,1.019
2026-01-18 16:15:31.487,1.017
2026-01-18 16:15:31.502,1.015
2026-01-18 16:15:31.519,1.012
2026-01-18 16:15:31.538,1.009
2026-01-18 16:15:31.538,1.005
2026-01-18 16:15:31.551,1.004
2026-01-18 16:15:31.569,1.003
2026-01-18 16:15:31.585,1.011
2026-01-18 16:15:31.586,1.012
2026-01-18 16:15:31.609,1.015
2026-01-18 16:15:31.610,1.015
2026-01-18 16:15:31.620,1.013
2026-01-18 16:15:31.636,1.009
2026-01-18 16:15:31.653,1.01
2026-01-18 16:15:31.670,1.008
2026-01-18 16:15:31.670,1.009
2026-01-18 16:15:31.686,1.007
2026-01-18 16:15:31.702,1.007
2026-01-18 16:15:31.703,1.007
2026-01-18 16:15:31.718,1.012
2026-01-18 16:15:31.736,1.015
2026-01-18 16:15:31.752,1.011
2026-01-18 16:15:31.752,1.011
2026-01-18 16:15:31.769,1.016
2026-01-18 16:15:31.786,1.023
2026-01-18 16:15:31.787,1.022
2026-01-18 16:15:31.802,1.018
2026-01-18 16:15:31.818,1.016
2026-01-18 16:15:31.836,1.019
2026-01-18 16:15:31.836,1.016
2026-01-18 16:15:31.852,1.013
2026-01-18 16:15:31.868,1.011
2026-01-18 16:15:31.885,1.011
2026-01-18 16:15:31.886,1.012
2026-01-18 16:15:31.903,1.011
2026-01-18 16:15:31.917,1.008
2026-01-18 16:15:31.919,1.007
2026-01-18 16:15:31.936,1.005
2026-01-18 16:15:31.953,1.005
2026-01-18 16:15:31.970,1.008
2026-01-18 16:15:31.970,1.011
2026-01-18 16:15:31.985,1.01
2026-01-18 16:15:32.014,1.012
2026-01-18 16:15:32.015,1.017
2026-01-18 16:15:32.015,1.016
2026-01-18 16:15:32.026,1.018
2026-01-18 16:15:32.053,1.015
2026-01-18 16:15:32.053,1.011
2026-01-18 16:15:32.070,1.01
2026-01-18 16:15:32.086,1.006
2026-01-18 16:15:32.087,1.005
2026-01-18 16:15:32.102,1.0
2026-01-18 16:15:32.118,0.999
2026-01-18 16:15:32.135,0.997
2026-01-18 16:15:32.135,0.994
2026-01-18 16:15:32.150,0.997
2026-01-18 16:15:32.168,0.997
2026-01-18 16:15:32.186,1.002
2026-01-18 16:15:32.186,1.007
2026-01-18 16:15:32.202,1.006
2026-01-18 16:15:32.219,1.005
2026-01-18 16:15:32.219,1.004
2026-01-18 16:15:32.236,1.008
2026-01-18 16:15:32.252,1.008
2026-01-18 16:15:32.269,1.009
2026-01-18 16:15:32.269,1.008
2026-01-18 16:15:32.286,1.007
2026-01-18 16:15:32.302,1.004
2026-01-18 16:15:32.302,1.005
2026-01-18 16:15:32.319,1.003
2026-01-18 16:15:32.335,1.0
2026-01-18 16:15:32.353,1.002
2026-01-18 16:15:32.353,0.999
2026-01-18 16:15:32.369,0.997
2026-01-18 16:15:32.387,0.998
2026-01-18 16:15:32.387,0.998
2026-01-18 16:15:32.403,0.999
2026-01-18 16:15:32.420,1.002
2026-01-18 16:15:32.435,1.004
2026-01-18 16:15:32.436,1.008
2026-01-18 16:15:32.453,1.012
2026-01-18 16:15:32.470,1.013
2026-01-18 16:15:32.471,1.016
2026-01-18 16:15:32.485,1.013
2026-01-18 16:15:32.502,1.012
2026-01-18 16:15:32.519,1.01
2026-01-18 16:15:32.519,1.007
2026-01-18 16:15:32.537,1.005
2026-01-18 16:15:32.552,1.001
2026-01-18 16:15:32.569,1.003
2026-01-18 16:15:32.569,1.003
2026-01-18 16:15:32.585,1.004
2026-01-18 16:15:32.602,1.007
2026-01-18 16:15:32.602,1.011
2026-01-18 16:15:32.623,1.008
2026-01-18 16:15:32.634,1.008
2026-01-18 16:15:32.652,1.008
2026-01-18 16:15:32.652,1.011
2026-01-18 16:15:32.669,1.014
2026-01-18 16:15:32.686,1.009
2026-01-18 16:15:32.686,1.012
2026-01-18 16:15:32.703,1.009
2026-01-18 16:15:32.718,1.011
2026-01-18 16:15:32.736,1.015
2026-01-18 16:15:32.736,1.013
2026-01-18 16:15:32.753,1.007
2026-01-18 16:15:32.768,1.003
2026-01-18 16:15:32.786,1.0
2026-01-18 16:15:32.786,1.007
2026-01-18 16:15:32.801,1.007
2026-01-18 16:15:32.819,1.005
2026-01-18 16:15:32.819,1.007
2026-01-18 16:15:32.835,1.005
2026-01-18 16:15:32.852,1.007
2026-01-18 16:15:32.869,1.002
2026-01-18 16:15:32.869,0.999
2026-01-18 16:15:32.885,1.003
2026-01-18 16:15:32.901,1.007
2026-01-18 16:15:32.918,1.006
2026-01-18 16:15:32.918,1.014
2026-01-18 16:15:32.935,1.009
2026-01-18 16:15:32.953,1.009
2026-01-18 16:15:32.953,1.01
2026-01-18 16:15:32.969,1.01
2026-01-18 16:15:32.984,1.01
2026-01-18 16:15:33.001,1.012
2026-01-18 16:15:33.002,1.009
2026-01-18 16:15:33.018,1.013
2026-01-18 16:15:33.036,1.007
2026-01-18 16:15:33.036,1.01
2026-01-18 16:15:33.053,1.008
2026-01-18 16:15:33.069,1.008
2026-01-18 16:15:33.084,1.007
2026-01-18 16:15:33.084,1.009
2026-01-18 16:15:33.100,1.004
2026-01-18 16:15:33.117,1.008
2026-01-18 16:15:33.137,1.006
2026-01-18 16:15:33.138,1.014
2026-01-18 16:15:33.152,1.013
2026-01-18 16:15:33.171,1.011
2026-01-18 16:15:33.171,1.009
2026-01-18 16:15:33.185,1.005
2026-01-18 16:15:33.203,1.002
2026-01-18 16:15:33.203,1.01
2026-01-18 16:15:33.218,1.008
2026-01-18 16:15:33.235,1.008
2026-01-18 16:15:33.251,1.006
2026-01-18 16:15:33.251,1.006
2026-01-18 16:15:33.268,1.009
2026-01-18 16:15:33.285,1.006
2026-01-18 16:15:33.301,1.004
2026-01-18 16:15:33.301,1.001
2026-01-18 16:15:33.317,1.001
2026-01-18 16:15:33.335,0.999
2026-01-18 16:15:33.335,0.997
2026-01-18 16:15:33.374,0.996
2026-01-18 16:15:33.374,1.0
2026-01-18 16:15:33.374,1.005
2026-01-18 16:15:33.384,1.002
2026-01-18 16:15:33.401,0.999
2026-01-18 16:15:33.419,1.0
2026-01-18 16:15:33.419,0.999
2026-01-18 16:15:33.437,0.999
2026-01-18 16:15:33.451,0.999
2026-01-18 16:15:33.468,1.0
2026-01-18 16:15:33.469,1.001
2026-01-18 16:15:33.485,1.008
2026-01-18 16:15:33.502,1.006
2026-01-18 16:15:33.502,1.007
2026-01-18 16:15:33.518,1.011
2026-01-18 16:15:33.536,1.009
2026-01-18 16:15:33.553,1.006
2026-01-18 16:15:33.553,1.007
2026-01-18 16:15:33.569,1.005
2026-01-18 16:15:33.584,1.0
2026-01-18 16:15:33.603,1.006
2026-01-18 16:15:33.603,1.006
2026-01-18 16:15:33.618,1.005
2026-01-18 16:15:33.641,1.009
2026-01-18 16:15:33.642,1.009
2026-01-18 16:15:33.652,1.012
2026-01-18 16:15:33.668,1.014
2026-01-18 16:15:33.685,1.014
2026-01-18 16:15:33.686,1.015
2026-01-18 16:15:33.702,1.016
2026-01-18 16:15:33.719,1.019
2026-01-18 16:15:33.720,1.013
2026-01-18 16:15:33.736,1.011
2026-01-18 16:15:33.753,1.007
2026-01-18 16:15:33.769,1.007
2026-01-18 16:15:33.769,1.001
2026-01-18 16:15:33.786,1.004
2026-01-18 16:15:33.803,1.0
2026-01-18 16:15:33.804,0.999
2026-01-18 16:15:33.818,0.996
2026-01-18 16:15:33.836,0.998
2026-01-18 16:15:33.852,0.996
2026-01-18 16:15:33.853,0.996
2026-01-18 16:15:33.869,1.0
2026-01-18 16:15:33.885,1.007
2026-01-18 16:15:33.902,1.01
2026-01-18 16:15:33.902,1.008
2026-01-18 16:15:33.918,1.011
2026-01-18 16:15:33.936,1.007
2026-01-18 16:15:33.936,1.008
2026-01-18 16:15:33.953,1.01
2026-01-18 16:15:33.968,1.007
2026-01-18 16:15:33.988,1.007
2026-01-18 16:15:33.988,1.006
2026-01-18 16:15:34.002,1.007
2026-01-18 16:15:34.018,1.006
2026-01-18 16:15:34.018,1.01
2026-01-18 16:15:34.035,1.013
2026-01-18 16:15:34.052,1.012
2026-01-18 16:15:34.069,1.01
2026-01-18 16:15:34.069,1.011
2026-01-18 16:15:34.085,1.006
2026-01-18 16:15:34.102,1.004
2026-01-18 16:15:34.102,1.009
2026-01-18 16:15:34.119,1.017
2026-01-18 16:15:34.136,1.017
2026-01-18 16:15:34.152,1.016
2026-01-18 16:15:34.152,1.011
2026-01-18 16:15:34.168,1.011
2026-01-18 16:15:34.185,1.011
2026-01-18 16:15:34.186,1.006
2026-01-18 16:15:34.202,1.008
2026-01-18 16:15:34.218,1.008
2026-01-18 16:15:34.236,1.008
2026-01-18 16:15:34.236,1.012
2026-01-18 16:15:34.252,1.018
2026-01-18 16:15:34.269,1.011
2026-01-18 16:15:34.286,1.006
2026-01-18 16:15:34.286,1.005
2026-01-18 16:15:34.303,1.004
2026-01-18 16:15:34.318,1.003
2026-01-18 16:15:34.318,1.005
2026-01-18 16:15:34.336,1.005
2026-01-18 16:15:34.353,1.004
2026-01-18 16:15:34.354,1.004
2026-01-18 16:15:34.368,1.006
2026-01-18 16:15:34.386,1.005
2026-01-18 16:15:34.402,1.002
2026-01-18 16:15:34.403,1.005
2026-01-18 16:15:34.419,1.001
2026-01-18 16:15:34.435,1.004
2026-01-18 16:15:34.452,1.002
2026-01-18 16:15:34.452,1.001
2026-01-18 16:15:34.469,1.005
2026-01-18 16:15:34.485,1.007
2026-01-18 16:15:34.486,1.005
2026-01-18 16:15:34.502,1.007
2026-01-18 16:15:34.518,1.012
2026-01-18 16:15:34.536,1.011
2026-01-18 16:15:34.536,1.012
2026-01-18 16:15:34.553,1.016
2026-01-18 16:15:34.570,1.016
2026-01-18 16:15:34.586,1.01
2026-01-18 16:15:34.587,1.007
2026-01-18 16:15:34.601,1.003
2026-01-18 16:15:34.623,0.999
2026-01-18 16:15:34.623,1.004
2026-01-18 16:15:34.634,1.005
2026-01-18 16:15:34.653,1.007
2026-01-18 16:15:34.669,1.008
2026-01-18 16:15:34.669,1.011
2026-01-18 16:15:34.685,1.014
2026-01-18 16:15:34.702,1.015
2026-01-18 16:15:34.702,1.014
2026-01-18 16:15:34.744,1.008
2026-01-18 16:15:34.745,1.005
2026-01-18 16:15:34.745,1.002
2026-01-18 16:15:34.751,1.001
2026-01-18 16:15:34.770,1.01
2026-01-18 16:15:34.785,1.01
2026-01-18 16:15:34.803,1.016
2026-01-18 16:15:34.803,1.009
2026-01-18 16:15:34.819,1.005
2026-01-18 16:15:34.836,1.009
2026-01-18 16:15:34.836,1.012
2026-01-18 16:15:34.852,1.013
2026-01-18 16:15:34.868,1.01
2026-01-18 16:15:34.885,1.014
2026-01-18 16:15:34.886,1.012
2026-01-18 16:15:34.901,1.011
2026-01-18 16:15:34.920,1.014
2026-01-18 16:15:34.920,1.014
2026-01-18 16:15:34.935,1.014
2026-01-18 16:15:34.952,1.006
2026-01-18 16:15:34.969,1.003
2026-01-18 16:15:34.969,1.008
2026-01-18 16:15:34.985,1.007
2026-01-18 16:15:35.002,1.006
2026-01-18 16:15:35.003,1.003
2026-01-18 16:15:35.019,0.999
2026-01-18 16:15:35.036,1.002
2026-01-18 16:15:35.052,0.998
2026-01-18 16:15:35.053,0.995
2026-01-18 16:15:35.069,0.998
2026-01-18 16:15:35.085,1.007
2026-01-18 16:15:35.102,1.01
2026-01-18 16:15:35.102,1.008
2026-01-18 16:15:35.118,1.006
2026-01-18 16:15:35.135,1.005
2026-01-18 16:15:35.136,1.003
2026-01-18 16:15:35.152,0.999
2026-01-18 16:15:35.168,0.997
2026-01-18 16:15:35.184,0.998
2026-01-18 16:15:35.184,0.998
2026-01-18 16:15:35.200,1.006
2026-01-18 16:15:35.217,1.013
2026-01-18 16:15:35.235,1.02
2026-01-18 16:15:35.235,1.02
2026-01-18 16:15:35.251,1.024
2026-01-18 16:15:35.267,1.018
2026-01-18 16:15:35.267,1.017
2026-01-18 16:15:35.285,1.021
2026-01-18 16:15:35.302,1.027
2026-01-18 16:15:35.302,1.031
2026-01-18 16:15:35.319,1.026
2026-01-18 16:15:35.335,1.022
2026-01-18 16:15:35.351,1.019
2026-01-18 16:15:35.351,1.021
2026-01-18 16:15:35.368,1.017
2026-01-18 16:15:35.385,1.009
2026-01-18 16:15:35.401,1.006
2026-01-18 16:15:35.401,1.005
2026-01-18 16:15:35.417,1.001
2026-01-18 16:15:35.435,1.006
2026-01-18 16:15:35.435,1.008
2026-01-18 16:15:35.451,1.005
2026-01-18 16:15:35.468,1.001
2026-01-18 16:15:35.484,0.997
2026-01-18 16:15:35.485,1.002
2026-01-18 16:15:35.501,1.001
2026-01-18 16:15:35.518,0.998
2026-01-18 16:15:35.519,1.003
2026-01-18 16:15:35.534,1.005
2026-01-18 16:15:35.551,1.003
2026-01-18 16:15:35.568,1.001
2026-01-18 16:15:35.569,0.995
2026-01-18 16:15:35.585,0.993
2026-01-18 16:15:35.601,0.997
2026-01-18 16:15:35.618,0.996
2026-01-18 16:15:35.618,0.997
2026-01-18 16:15:35.634,1.002
2026-01-18 16:15:35.660,1.004
2026-01-18 16:15:35.660,1.008
2026-01-18 16:15:35.670,1.007
2026-01-18 16:15:35.684,1.005
2026-01-18 16:15:35.701,1.012
2026-01-18 16:15:35.702,1.008
2026-01-18 16:15:35.719,1.006
2026-01-18 16:15:35.735,1.007
2026-01-18 16:15:35.735,1.004
2026-01-18 16:15:35.751,1.0
2026-01-18 16:15:35.768,1.005
2026-01-18 16:15:35.785,1.001
2026-01-18 16:15:35.785,1.008
2026-01-18 16:15:35.801,1.004
2026-01-18 16:15:35.818,1.005
2026-01-18 16:15:35.819,0.999
2026-01-18 16:15:35.836,0.996
2026-01-18 16:15:35.850,0.993
2026-01-18 16:15:35.868,0.99
2026-01-18 16:15:35.868,0.993
2026-01-18 16:15:35.884,0.988
2026-01-18 16:15:35.903,0.989
2026-01-18 16:15:35.903,0.989
2026-01-18 16:15:35.917,0.987
2026-01-18 16:15:35.935,0.986
2026-01-18 16:15:35.952,0.986
2026-01-18 16:15:35.952,0.991
2026-01-18 16:15:35.968,0.991
2026-01-18 16:15:35.985,0.993
2026-01-18 16:15:35.985,0.991
2026-01-18 16:15:36.002,0.988
2026-01-18 16:15:36.018,0.983
2026-01-18 16:15:36.035,0.99
2026-01-18 16:15:36.035,0.997
2026-01-18 16:15:36.052,0.994
2026-01-18 16:15:36.069,0.995
2026-01-18 16:15:36.094,0.99
2026-01-18 16:15:36.096,0.999
2026-01-18 16:15:36.096,1.004
2026-01-18 16:15:36.108,1.001
2026-01-18 16:15:36.118,0.996
2026-01-18 16:15:36.136,0.992
2026-01-18 16:15:36.152,0.995
2026-01-18 16:15:36.167,1.002
2026-01-18 16:15:36.167,1.004
2026-01-18 16:15:36.185,1.003
2026-01-18 16:15:36.202,1.003
2026-01-18 16:15:36.203,1.0
2026-01-18 16:15:36.219,1.005
2026-01-18 16:15:36.234,1.004
2026-01-18 16:15:36.253,1.001
2026-01-18 16:15:36.253,1.003
2026-01-18 16:15:36.268,0.997
2026-01-18 16:15:36.285,0.999
2026-01-18 16:15:36.286,1.005
2026-01-18 16:15:36.303,1.0
2026-01-18 16:15:36.318,0.999
2026-01-18 16:15:36.336,0.999
2026-01-18 16:15:36.336,0.999
2026-01-18 16:15:36.353,0.996
2026-01-18 16:15:36.368,0.991
2026-01-18 16:15:36.385,0.997
2026-01-18 16:15:36.385,1.003
2026-01-18 16:15:36.402,1.0
2026-01-18 16:15:36.418,1.003
2026-01-18 16:15:36.419,0.998
2026-01-18 16:15:36.436,1.004
2026-01-18 16:15:36.452,1.007
2026-01-18 16:15:36.468,1.002
2026-01-18 16:15:36.469,1.002
2026-01-18 16:15:36.484,1.004
2026-01-18 16:15:36.502,1.007
2026-01-18 16:15:36.502,1.009
2026-01-18 16:15:36.517,1.009
2026-01-18 16:15:36.534,1.014
2026-01-18 16:15:36.553,1.012
2026-01-18 16:15:36.554,1.011
2026-01-18 16:15:36.569,1.01
2026-01-18 16:15:36.584,1.009
2026-01-18 16:15:36.602,1.011
2026-01-18 16:15:36.602,1.006
2026-01-18 16:15:36.618,1.005
2026-01-18 16:15:36.636,1.001
2026-01-18 16:15:36.636,1.003
2026-01-18 16:15:36.658,1.001
2026-01-18 16:15:36.658,0.999
2026-01-18 16:15:36.687,0.998
2026-01-18 16:15:36.687,1.002
2026-01-18 16:15:36.703,1.001
2026-01-18 16:15:36.717,0.998
2026-01-18 16:15:36.736,0.993
2026-01-18 16:15:36.736,0.999
2026-01-18 16:15:36.753,0.998
2026-01-18 16:15:36.768,0.999
2026-01-18 16:15:36.768,1.003
2026-01-18 16:15:36.786,1.006
2026-01-18 16:15:36.802,1.006
2026-01-18 16:15:36.802,1.01
2026-01-18 16:15:36.818,1.009
2026-01-18 16:15:36.835,1.009
2026-01-18 16:15:36.852,1.004
2026-01-18 16:15:36.853,1.005
2026-01-18 16:15:36.867,1.009
2026-01-18 16:15:36.886,1.01
2026-01-18 16:15:36.886,1.006
2026-01-18 16:15:36.902,1.006
2026-01-18 16:15:36.918,1.004
2026-01-18 16:15:36.935,1.001
2026-01-18 16:15:36.935,1.0
2026-01-18 16:15:36.951,0.994
2026-01-18 16:15:36.967,0.99
2026-01-18 16:15:36.986,0.994
2026-01-18 16:15:36.986,1.001
2026-01-18 16:15:37.002,0.999
2026-01-18 16:15:37.018,1.002
2026-01-18 16:15:37.018,0.999
2026-01-18 16:15:37.035,1.0
2026-01-18 16:15:37.052,1.0
2026-01-18 16:15:37.071,1.002
2026-01-18 16:15:37.071,0.994
2026-01-18 16:15:37.085,0.996
2026-01-18 16:15:37.102,0.999
2026-01-18 16:15:37.102,0.999
2026-01-18 16:15:37.118,0.999
2026-01-18 16:15:37.133,0.995
2026-01-18 16:15:37.151,0.992
2026-01-18 16:15:37.151,0.985
2026-01-18 16:15:37.167,0.99
2026-01-18 16:15:37.184,0.989
2026-01-18 16:15:37.201,0.985
2026-01-18 16:15:37.201,0.984
2026-01-18 16:15:37.219,0.982
2026-01-18 16:15:37.234,0.985
2026-01-18 16:15:37.234,0.988
2026-01-18 16:15:37.250,0.986
2026-01-18 16:15:37.267,0.992
2026-01-18 16:15:37.284,0.991
2026-01-18 16:15:37.284,0.995
2026-01-18 16:15:37.301,1.004
2026-01-18 16:15:37.317,1.007
2026-01-18 16:15:37.318,1.003
2026-01-18 16:15:37.333,1.004
2026-01-18 16:15:37.351,1.008
2026-01-18 16:15:37.368,1.007
2026-01-18 16:15:37.368,1.004
2026-01-18 16:15:37.385,1.006
2026-01-18 16:15:37.400,1.001
2026-01-18 16:15:37.417,0.997
2026-01-18 16:15:37.418,0.995
2026-01-18 16:15:37.434,0.996
2026-01-18 16:15:37.474,0.999
2026-01-18 16:15:37.474,1.003
2026-01-18 16:15:37.474,1.003
2026-01-18 16:15:37.474,0.999
2026-01-18 16:15:37.501,0.997
2026-01-18 16:15:37.501,0.993
2026-01-18 16:15:37.519,0.997
2026-01-18 16:15:37.534,0.999
2026-01-18 16:15:37.534,1.003
2026-01-18 16:15:37.552,0.997
2026-01-18 16:15:37.568,0.994
2026-01-18 16:15:37.586,1.001
2026-01-18 16:15:37.586,0.996
2026-01-18 16:15:37.603,0.997
2026-01-18 16:15:37.619,0.995
2026-01-18 16:15:37.619,0.992
2026-01-18 16:15:37.635,0.995
2026-01-18 16:15:37.657,0.994
2026-01-18 16:15:37.657,0.989
2026-01-18 16:15:37.668,0.986
2026-01-18 16:15:37.685,0.998
2026-01-18 16:15:37.701,1.0
2026-01-18 16:15:37.702,1.001
2026-01-18 16:15:37.720,1.0
2026-01-18 16:15:37.735,1.002
2026-01-18 16:15:37.751,1.003
2026-01-18 16:15:37.751,1.0
2026-01-18 16:15:37.767,1.003
2026-01-18 16:15:37.785,0.999
2026-01-18 16:15:37.786,0.999
2026-01-18 16:15:37.802,0.994
2026-01-18 16:15:37.818,0.993
2026-01-18 16:15:37.835,0.991
2026-01-18 16:15:37.835,0.991
2026-01-18 16:15:37.852,0.989
2026-01-18 16:15:37.867,0.996
2026-01-18 16:15:37.884,1.0
2026-01-18 16:15:37.885,1.0
2026-01-18 16:15:37.902,0.998
2026-01-18 16:15:37.917,0.996
2026-01-18 16:15:37.918,1.003
2026-01-18 16:15:37.935,1.003
2026-01-18 16:15:37.951,1.001
2026-01-18 16:15:37.968,0.999
2026-01-18 16:15:37.968,0.999
2026-01-18 16:15:37.984,1.0
2026-01-18 16:15:38.002,1.001
2026-01-18 16:15:38.002,1.002
2026-01-18 16:15:38.018,1.0
2026-01-18 16:15:38.034,0.994
2026-01-18 16:15:38.052,0.993
2026-01-18 16:15:38.052,0.994
2026-01-18 16:15:38.067,0.993
2026-01-18 16:15:38.085,0.992
2026-01-18 16:15:38.086,0.989
2026-01-18 16:15:38.102,0.993
2026-01-18 16:15:38.117,0.994
2026-01-18 16:15:38.136,0.993
2026-01-18 16:15:38.136,0.992
2026-01-18 16:15:38.151,0.992
2026-01-18 16:15:38.167,0.994
2026-01-18 16:15:38.185,1.0
2026-01-18 16:15:38.186,1.001
2026-01-18 16:15:38.201,0.999
2026-01-18 16:15:38.218,1.003
2026-01-18 16:15:38.219,1.001
2026-01-18 16:15:38.235,1.007
2026-01-18 16:15:38.251,1.011
2026-01-18 16:15:38.268,1.012
2026-01-18 16:15:38.268,1.01
2026-01-18 16:15:38.285,1.009
2026-01-18 16:15:38.302,1.012
2026-01-18 16:15:38.303,1.012
2026-01-18 16:15:38.317,1.006
2026-01-18 16:15:38.334,1.01
2026-01-18 16:15:38.351,1.009
2026-01-18 16:15:38.351,1.004
2026-01-18 16:15:38.368,1.006
2026-01-18 16:15:38.385,1.001
2026-01-18 16:15:38.401,1.003
2026-01-18 16:15:38.402,1.009
2026-01-18 16:15:38.418,1.012
2026-01-18 16:15:38.437,1.006
2026-01-18 16:15:38.437,1.01
2026-01-18 16:15:38.451,1.003
2026-01-18 16:15:38.468,0.998
2026-01-18 16:15:38.484,0.995
2026-01-18 16:15:38.485,0.997
2026-01-18 16:15:38.501,1.0
2026-01-18 16:15:38.517,0.998
2026-01-18 16:15:38.518,1.0
2026-01-18 16:15:38.535,0.999
2026-01-18 16:15:38.551,0.997
2026-01-18 16:15:38.569,0.998
2026-01-18 16:15:38.569,0.992
2026-01-18 16:15:38.585,0.99
2026-01-18 16:15:38.602,0.991
2026-01-18 16:15:38.602,0.991
2026-01-18 16:15:38.617,0.99
2026-01-18 16:15:38.641,0.992
2026-01-18 16:15:38.641,0.99
2026-01-18 16:15:38.652,0.988
2026-01-18 16:15:38.667,0.989
2026-01-18 16:15:38.685,0.985
2026-01-18 16:15:38.702,0.99
2026-01-18 16:15:38.702,0.992
2026-01-18 16:15:38.717,0.993
2026-01-18 16:15:38.736,0.993
2026-01-18 16:15:38.736,0.997
2026-01-18 16:15:38.751,0.997
2026-01-18 16:15:38.768,0.996
2026-01-18 16:15:38.784,0.993
2026-01-18 16:15:38.784,0.991
2026-01-18 16:15:38.846,0.992
2026-01-18 16:15:38.846,1.003
2026-01-18 16:15:38.847,1.007
2026-01-18 16:15:38.847,1.004
2026-01-18 16:15:38.847,1.004
2026-01-18 16:15:38.856,1.003
2026-01-18 16:15:38.868,1.006
2026-01-18 16:15:38.885,1.011
2026-01-18 16:15:38.904,1.008
2026-01-18 16:15:38.904,1.002
2026-01-18 16:15:38.918,1.001
2026-01-18 16:15:38.934,1.004
2026-01-18 16:15:38.952,1.003
2026-01-18 16:15:38.952,1.001
2026-01-18 16:15:38.967,0.999
2026-01-18 16:15:38.985,0.994
2026-01-18 16:15:39.001,0.994
2026-01-18 16:15:39.001,0.997
2026-01-18 16:15:39.018,0.996
2026-01-18 16:15:39.035,1.004
2026-01-18 16:15:39.035,1.006
2026-01-18 16:15:39.052,1.008
2026-01-18 16:15:39.067,1.004
2026-01-18 16:15:39.085,1.0
2026-01-18 16:15:39.085,1.0
2026-01-18 16:15:39.102,1.003
2026-01-18 16:15:39.117,1.004
2026-01-18 16:15:39.118,1.003
2026-01-18 16:15:39.135,0.999
2026-01-18 16:15:39.152,1.002
2026-01-18 16:15:39.167,1.007
2026-01-18 16:15:39.168,1.003
2026-01-18 16:15:39.186,1.004
2026-01-18 16:15:39.201,1.005
2026-01-18 16:15:39.219,1.004
2026-01-18 16:15:39.219,1.007
2026-01-18 16:15:39.234,1.009
2026-01-18 16:15:39.251,1.011
2026-01-18 16:15:39.251,1.015
2026-01-18 16:15:39.268,1.012
2026-01-18 16:15:39.284,1.008
2026-01-18 16:15:39.301,1.006
2026-01-18 16:15:39.301,1.005
2026-01-18 16:15:39.317,1.008
2026-01-18 16:15:39.335,1.005
2026-01-18 16:15:39.335,1.007
2026-01-18 16:15:39.352,1.009
2026-01-18 16:15:39.368,1.007
2026-01-18 16:15:39.384,1.009
2026-01-18 16:15:39.385,1.011
2026-01-18 16:15:39.401,1.005
2026-01-18 16:15:39.418,1.003
2026-01-18 16:15:39.418,1.0
2026-01-18 16:15:39.435,1.007
2026-01-18 16:15:39.451,1.003
2026-01-18 16:15:39.466,1.003
2026-01-18 16:15:39.467,1.0
2026-01-18 16:15:39.484,0.999
2026-01-18 16:15:39.501,1.003
2026-01-18 16:15:39.517,1.003
2026-01-18 16:15:39.518,1.01
2026-01-18 16:15:39.534,1.008
2026-01-18 16:15:39.550,1.011
2026-01-18 16:15:39.551,1.009
2026-01-18 16:15:39.567,1.007
2026-01-18 16:15:39.585,1.006
2026-01-18 16:15:39.601,1.006
2026-01-18 16:15:39.601,1.008
2026-01-18 16:15:39.617,1.004
2026-01-18 16:15:39.641,1.005
2026-01-18 16:15:39.641,1.01
2026-01-18 16:15:39.650,1.006
2026-01-18 16:15:39.668,1.006
2026-01-18 16:15:39.684,1.007
2026-01-18 16:15:39.684,1.007
2026-01-18 16:15:39.702,1.008
2026-01-18 16:15:39.718,1.009
2026-01-18 16:15:39.718,1.003
2026-01-18 16:15:39.734,1.003
2026-01-18 16:15:39.751,1.0
2026-01-18 16:15:39.768,1.002
2026-01-18 16:15:39.769,1.006
2026-01-18 16:15:39.784,1.005
2026-01-18 16:15:39.801,1.01
2026-01-18 16:15:39.802,1.01
2026-01-18 16:15:39.815,1.01
2026-01-18 16:15:39.834,1.014
2026-01-18 16:15:39.852,1.008
2026-01-18 16:15:39.853,1.015
2026-01-18 16:15:39.869,1.01
2026-01-18 16:15:39.885,1.015
2026-01-18 16:15:39.886,1.019
2026-01-18 16:15:39.902,1.022
2026-01-18 16:15:39.918,1.023
2026-01-18 16:15:39.934,1.016
2026-01-18 16:15:39.934,1.01
2026-01-18 16:15:39.950,1.009
2026-01-18 16:15:39.967,1.008
2026-01-18 16:15:39.984,1.006
2026-01-18 16:15:39.984,1.003
2026-01-18 16:15:40.003,0.999
2026-01-18 16:15:40.018,1.0
2026-01-18 16:15:40.018,1.003
2026-01-18 16:15:40.034,1.0
2026-01-18 16:15:40.052,1.0
2026-01-18 16:15:40.068,0.998
2026-01-18 16:15:40.068,1.003
2026-01-18 16:15:40.084,1.005
2026-01-18 16:15:40.101,1.011
2026-01-18 16:15:40.117,1.013
2026-01-18 16:15:40.118,1.011
2026-01-18 16:15:40.133,1.005
2026-01-18 16:15:40.150,1.004
2026-01-18 16:15:40.150,1.004
2026-01-18 16:15:40.192,1.001
2026-01-18 16:15:40.192,0.997
2026-01-18 16:15:40.192,0.995
2026-01-18 16:15:40.199,0.994
2026-01-18 16:15:40.217,0.998
2026-01-18 16:15:40.233,0.996
2026-01-18 16:15:40.233,0.997
2026-01-18 16:15:40.250,0.996
2026-01-18 16:15:40.268,0.997
2026-01-18 16:15:40.283,0.997
2026-01-18 16:15:40.283,1.001
2026-01-18 16:15:40.301,1.001
2026-01-18 16:15:40.318,1.002
2026-01-18 16:15:40.319,0.999
2026-01-18 16:15:40.334,0.999
2026-01-18 16:15:40.352,0.999
2026-01-18 16:15:40.367,1.0
2026-01-18 16:15:40.368,0.999
2026-01-18 16:15:40.383,0.999
2026-01-18 16:15:40.401,1.0
2026-01-18 16:15:40.418,1.003
2026-01-18 16:15:40.418,1.005
2026-01-18 16:15:40.434,1.008
2026-01-18 16:15:40.452,1.007
2026-01-18 16:15:40.452,1.003
2026-01-18 16:15:40.467,1.0
2026-01-18 16:15:40.487,1.003
2026-01-18 16:15:40.487,1.004
2026-01-18 16:15:40.501,1.004
2026-01-18 16:15:40.518,1.003
2026-01-18 16:15:40.534,1.002
2026-01-18 16:15:40.535,1.002
2026-01-18 16:15:40.550,1.005
2026-01-18 16:15:40.566,1.007
2026-01-18 16:15:40.586,1.014
2026-01-18 16:15:40.586,1.01
2026-01-18 16:15:40.601,1.013
2026-01-18 16:15:40.617,1.013
2026-01-18 16:15:40.618,1.009
2026-01-18 16:15:40.634,1.007
2026-01-18 16:15:40.658,1.006
2026-01-18 16:15:40.658,1.002
2026-01-18 16:15:40.668,1.002
2026-01-18 16:15:40.684,0.999
2026-01-18 16:15:40.700,1.005
2026-01-18 16:15:40.717,1.005
2026-01-18 16:15:40.717,1.01
2026-01-18 16:15:40.735,1.009
2026-01-18 16:15:40.751,1.007
2026-01-18 16:15:40.752,1.012
2026-01-18 16:15:40.767,1.009
2026-01-18 16:15:40.784,1.003
2026-01-18 16:15:40.801,1.006
2026-01-18 16:15:40.801,1.009
2026-01-18 16:15:40.818,1.014
2026-01-18 16:15:40.834,1.018
2026-01-18 16:15:40.834,1.024
2026-01-18 16:15:40.849,1.024
2026-01-18 16:15:40.866,1.017
2026-01-18 16:15:40.883,1.015
2026-01-18 16:15:40.884,1.009
2026-01-18 16:15:40.901,1.006
2026-01-18 16:15:40.917,1.007
2026-01-18 16:15:40.917,1.002
2026-01-18 16:15:40.935,1.006
2026-01-18 16:15:40.950,1.005
2026-01-18 16:15:40.968,1.0
2026-01-18 16:15:40.968,0.998
2026-01-18 16:15:40.985,0.996
2026-01-18 16:15:41.000,1.005
2026-01-18 16:15:41.016,1.007
2026-01-18 16:15:41.017,1.004
2026-01-18 16:15:41.035,1.008
2026-01-18 16:15:41.051,1.005
2026-01-18 16:15:41.051,1.006
2026-01-18 16:15:41.067,1.005
2026-01-18 16:15:41.085,1.002
2026-01-18 16:15:41.102,1.01
2026-01-18 16:15:41.102,1.008
2026-01-18 16:15:41.118,1.008
2026-01-18 16:15:41.134,1.01
2026-01-18 16:15:41.135,1.015
2026-01-18 16:15:41.150,1.016
2026-01-18 16:15:41.167,1.014
2026-01-18 16:15:41.184,1.013
2026-01-18 16:15:41.184,1.015
2026-01-18 16:15:41.202,1.013
2026-01-18 16:15:41.218,1.011
2026-01-18 16:15:41.219,1.004
2026-01-18 16:15:41.234,1.006
2026-01-18 16:15:41.250,1.01
2026-01-18 16:15:41.268,1.009
2026-01-18 16:15:41.268,1.004
2026-01-18 16:15:41.283,1.003
2026-01-18 16:15:41.302,1.0
2026-01-18 16:15:41.302,1.006
2026-01-18 16:15:41.317,1.005
2026-01-18 16:15:41.335,1.011
2026-01-18 16:15:41.350,1.009
2026-01-18 16:15:41.350,1.013
2026-01-18 16:15:41.368,1.01
2026-01-18 16:15:41.385,1.005
2026-01-18 16:15:41.401,1.004
2026-01-18 16:15:41.401,1.002
2026-01-18 16:15:41.417,1.006
2026-01-18 16:15:41.434,1.004
2026-01-18 16:15:41.434,1.005
2026-01-18 16:15:41.451,1.004
2026-01-18 16:15:41.466,1.004
2026-01-18 16:15:41.485,1.002
2026-01-18 16:15:41.485,0.997
2026-01-18 16:15:41.501,1.001
2026-01-18 16:15:41.517,1.007
2026-01-18 16:15:41.559,1.006
2026-01-18 16:15:41.561,1.006
2026-01-18 16:15:41.561,1.007
2026-01-18 16:15:41.561,1.003
2026-01-18 16:15:41.570,1.012
2026-01-18 16:15:41.584,1.007
2026-01-18 16:15:41.600,1.003
2026-01-18 16:15:41.618,1.001
2026-01-18 16:15:41.618,0.999
2026-01-18 16:15:41.635,1.006
2026-01-18 16:15:41.650,1.007
2026-01-18 16:15:41.650,1.008
2026-01-18 16:15:41.673,1.014
2026-01-18 16:15:41.683,1.012
2026-01-18 16:15:41.701,1.006
2026-01-18 16:15:41.702,1.004
2026-01-18 16:15:41.718,1.006
2026-01-18 16:15:41.734,1.011
2026-01-18 16:15:41.734,1.011
2026-01-18 16:15:41.751,1.011
2026-01-18 16:15:41.767,1.013
2026-01-18 16:15:41.784,1.01
2026-01-18 16:15:41.785,1.005
2026-01-18 16:15:41.800,1.006
2026-01-18 16:15:41.818,1.004
2026-01-18 16:15:41.818,1.002
2026-01-18 16:15:41.833,1.001
2026-01-18 16:15:41.850,1.001
2026-01-18 16:15:41.867,1.001
2026-01-18 16:15:41.867,0.999
2026-01-18 16:15:41.883,0.999
2026-01-18 16:15:41.899,0.997
2026-01-18 16:15:41.916,0.992
2026-01-18 16:15:41.916,0.996
2026-01-18 16:15:41.934,0.994
2026-01-18 16:15:41.950,0.99
2026-01-18 16:15:41.950,0.995
2026-01-18 16:15:41.967,1.001
2026-01-18 16:15:41.983,1.0
2026-01-18 16:15:42.001,1.002
2026-01-18 16:15:42.001,1.002
2026-01-18 16:15:42.017,1.012
2026-01-18 16:15:42.034,1.01
2026-01-18 16:15:42.034,1.007
2026-01-18 16:15:42.051,1.011
2026-01-18 16:15:42.067,1.009
2026-01-18 16:15:42.084,1.007
2026-01-18 16:15:42.084,1.005
2026-01-18 16:15:42.100,0.999
2026-01-18 16:15:42.117,1.0
2026-01-18 16:15:42.134,1.004
2026-01-18 16:15:42.134,1.006
2026-01-18 16:15:42.150,1.007
2026-01-18 16:15:42.167,1.003
2026-01-18 16:15:42.167,0.997
2026-01-18 16:15:42.183,1.0
2026-01-18 16:15:42.200,0.999
2026-01-18 16:15:42.216,1.003
2026-01-18 16:15:42.216,1.006
2026-01-18 16:15:42.233,1.008
2026-01-18 16:15:42.250,1.007
2026-01-18 16:15:42.250,1.008
2026-01-18 16:15:42.267,1.009
2026-01-18 16:15:42.284,1.009
2026-01-18 16:15:42.301,1.01
2026-01-18 16:15:42.301,1.009
2026-01-18 16:15:42.317,1.009
2026-01-18 16:15:42.333,1.008
2026-01-18 16:15:42.333,1.004
2026-01-18 16:15:42.349,1.004
2026-01-18 16:15:42.366,1.008
2026-01-18 16:15:42.383,1.005
2026-01-18 16:15:42.383,1.007
2026-01-18 16:15:42.399,1.007
2026-01-18 16:15:42.416,1.004
2026-01-18 16:15:42.433,1.006
2026-01-18 16:15:42.433,1.005
2026-01-18 16:15:42.451,1.005
2026-01-18 16:15:42.467,1.007
2026-01-18 16:15:42.467,1.006
2026-01-18 16:15:42.484,1.012
2026-01-18 16:15:42.499,1.016
2026-01-18 16:15:42.516,1.018
2026-01-18 16:15:42.517,1.013
2026-01-18 16:15:42.534,1.011
2026-01-18 16:15:42.549,1.009
2026-01-18 16:15:42.551,1.008
2026-01-18 16:15:42.567,1.008
2026-01-18 16:15:42.585,1.013
2026-01-18 16:15:42.601,1.01
2026-01-18 16:15:42.601,1.014
2026-01-18 16:15:42.617,1.011
2026-01-18 16:15:42.634,1.009
2026-01-18 16:15:42.634,1.007
2026-01-18 16:15:42.651,1.005
2026-01-18 16:15:42.674,1.005
2026-01-18 16:15:42.675,1.011
2026-01-18 16:15:42.683,1.012
2026-01-18 16:15:42.701,1.013
2026-01-18 16:15:42.717,1.008
2026-01-18 16:15:42.734,1.013
2026-01-18 16:15:42.734,1.012
2026-01-18 16:15:42.750,1.011
2026-01-18 16:15:42.767,1.012
2026-01-18 16:15:42.767,1.014
2026-01-18 16:15:42.784,1.012
2026-01-18 16:15:42.801,1.01
2026-01-18 16:15:42.801,1.006
2026-01-18 16:15:42.817,1.01
2026-01-18 16:15:42.832,1.005
2026-01-18 16:15:42.851,0.999
2026-01-18 16:15:42.852,0.998
2026-01-18 16:15:42.867,0.998
2026-01-18 16:15:42.886,0.998
2026-01-18 16:15:42.886,0.997
2026-01-18 16:15:42.903,0.997
2026-01-18 16:15:42.919,1.0
2026-01-18 16:15:42.934,0.999
2026-01-18 16:15:42.934,0.999
2026-01-18 16:15:42.950,1.001
2026-01-18 16:15:42.967,1.006
2026-01-18 16:15:42.983,1.001
2026-01-18 16:15:42.983,1.005
2026-01-18 16:15:43.001,1.004
2026-01-18 16:15:43.018,1.002
2026-01-18 16:15:43.018,0.996
2026-01-18 16:15:43.034,0.998
2026-01-18 16:15:43.051,0.995
2026-01-18 16:15:43.067,0.994
2026-01-18 16:15:43.068,1.001
2026-01-18 16:15:43.083,0.999
2026-01-18 16:15:43.101,0.999
2026-01-18 16:15:43.118,1.0
2026-01-18 16:15:43.118,1.002
2026-01-18 16:15:43.134,1.003
2026-01-18 16:15:43.151,1.002
2026-01-18 16:15:43.151,1.005
2026-01-18 16:15:43.168,1.009
2026-01-18 16:15:43.185,1.009
2026-01-18 16:15:43.186,1.006
2026-01-18 16:15:43.200,1.007
2026-01-18 16:15:43.218,1.001
2026-01-18 16:15:43.233,0.999
2026-01-18 16:15:43.234,1.006
2026-01-18 16:15:43.251,1.004
2026-01-18 16:15:43.267,1.006
2026-01-18 16:15:43.283,1.013
2026-01-18 16:15:43.283,1.01
2026-01-18 16:15:43.301,1.01
2026-01-18 16:15:43.318,1.007
2026-01-18 16:15:43.318,1.001
2026-01-18 16:15:43.334,1.003
2026-01-18 16:15:43.351,1.0
2026-01-18 16:15:43.367,1.002
2026-01-18 16:15:43.367,0.999
2026-01-18 16:15:43.384,1.001
2026-01-18 16:15:43.400,1.003
2026-01-18 16:15:43.416,1.003
2026-01-18 16:15:43.417,1.0
2026-01-18 16:15:43.433,0.997
2026-01-18 16:15:43.450,0.995
2026-01-18 16:15:43.451,0.998
2026-01-18 16:15:43.468,0.999
2026-01-18 16:15:43.484,1.0
2026-01-18 16:15:43.501,0.998
2026-01-18 16:15:43.502,0.995
2026-01-18 16:15:43.516,1.0
2026-01-18 16:15:43.534,0.999
2026-01-18 16:15:43.534,1.003
2026-01-18 16:15:43.551,1.004
2026-01-18 16:15:43.567,1.01
2026-01-18 16:15:43.583,1.013
2026-01-18 16:15:43.584,1.013
2026-01-18 16:15:43.601,1.012
2026-01-18 16:15:43.618,1.012
2026-01-18 16:15:43.619,1.013
2026-01-18 16:15:43.634,1.012
2026-01-18 16:15:43.651,1.01
2026-01-18 16:15:43.673,1.011
2026-01-18 16:15:43.673,1.013
2026-01-18 16:15:43.683,1.013
2026-01-18 16:15:43.701,1.017
2026-01-18 16:15:43.716,1.01
2026-01-18 16:15:43.717,1.008
2026-01-18 16:15:43.734,1.004
2026-01-18 16:15:43.751,1.006
2026-01-18 16:15:43.751,1.003
2026-01-18 16:15:43.767,1.0
2026-01-18 16:15:43.784,0.996
2026-01-18 16:15:43.800,0.993
2026-01-18 16:15:43.801,0.998
2026-01-18 16:15:43.816,1.001
2026-01-18 16:15:43.833,1.002
2026-01-18 16:15:43.834,1.002
2026-01-18 16:15:43.851,1.004
2026-01-18 16:15:43.868,1.006
2026-01-18 16:15:43.884,1.009
2026-01-18 16:15:43.884,1.007
2026-01-18 16:15:43.901,1.006
2026-01-18 16:15:43.920,1.006
2026-01-18 16:15:43.920,1.006
2026-01-18 16:15:43.934,1.006
2026-01-18 16:15:43.950,1.001
2026-01-18 16:15:43.968,1.004
2026-01-18 16:15:43.968,1.0
2026-01-18 16:15:43.984,1.008
2026-01-18 16:15:44.001,1.009
2026-01-18 16:15:44.017,1.015
2026-01-18 16:15:44.017,1.011
2026-01-18 16:15:44.033,1.005
2026-01-18 16:15:44.050,1.002
2026-01-18 16:15:44.067,0.999
2026-01-18 16:15:44.083,1.006
2026-01-18 16:15:44.101,1.005
2026-01-18 16:15:44.101,1.003
2026-01-18 16:15:44.117,1.005
2026-01-18 16:15:44.134,1.003
2026-01-18 16:15:44.134,1.003
2026-01-18 16:15:44.149,1.003
2026-01-18 16:15:44.167,1.002
2026-01-18 16:15:44.184,1.003
2026-01-18 16:15:44.184,1.003
2026-01-18 16:15:44.201,1.0
2026-01-18 16:15:44.216,0.997
2026-01-18 16:15:44.235,0.996
2026-01-18 16:15:44.235,0.998
2026-01-18 16:15:44.250,0.998
2026-01-18 16:15:44.267,0.996
2026-01-18 16:15:44.267,0.997
2026-01-18 16:15:44.310,0.992
2026-01-18 16:15:44.311,1.003
2026-01-18 16:15:44.311,1.004
2026-01-18 16:15:44.321,1.006
2026-01-18 16:15:44.333,1.004
2026-01-18 16:15:44.351,1.0
2026-01-18 16:15:44.351,1.006
2026-01-18 16:15:44.367,1.007
2026-01-18 16:15:44.383,1.011
2026-01-18 16:15:44.401,1.015
2026-01-18 16:15:44.417,1.01
2026-01-18 16:15:44.434,1.007
2026-01-18 16:15:44.434,1.006
2026-01-18 16:15:44.450,1.005
2026-01-18 16:15:44.466,1.001
2026-01-18 16:15:44.483,0.998
2026-01-18 16:15:44.483,0.997
2026-01-18 16:15:44.501,1.0
2026-01-18 16:15:44.517,1.0
2026-01-18 16:15:44.535,1.0
2026-01-18 16:15:44.535,0.998
2026-01-18 16:15:44.551,1.004
2026-01-18 16:15:44.567,1.005
2026-01-18 16:15:44.567,1.002
2026-01-18 16:15:44.584,1.007
2026-01-18 16:15:44.601,1.012
2026-01-18 16:15:44.617,1.01
2026-01-18 16:15:44.617,1.007
2026-01-18 16:15:44.634,1.005
2026-01-18 16:15:44.650,1.003
2026-01-18 16:15:44.651,1.007
2026-01-18 16:15:44.674,1.002
2026-01-18 16:15:44.674,1.002
2026-01-18 16:15:44.701,1.001
2026-01-18 16:15:44.701,1.005
2026-01-18 16:15:44.716,1.007
2026-01-18 16:15:44.734,1.006
2026-01-18 16:15:44.734,1.012
2026-01-18 16:15:44.751,1.011
2026-01-18 16:15:44.766,1.01
2026-01-18 16:15:44.784,1.006
2026-01-18 16:15:44.784,1.002
2026-01-18 16:15:44.801,1.0
2026-01-18 16:15:44.817,1.004
2026-01-18 16:15:44.817,1.003
2026-01-18 16:15:44.834,1.002
2026-01-18 16:15:44.851,1.0
2026-01-18 16:15:44.866,1.001
2026-01-18 16:15:44.867,1.0
2026-01-18 16:15:44.884,1.004
2026-01-18 16:15:44.901,1.007
2026-01-18 16:15:44.917,1.006
2026-01-18 16:15:44.917,1.007
2026-01-18 16:15:44.934,1.003
2026-01-18 16:15:44.950,1.005
2026-01-18 16:15:44.951,1.003
2026-01-18 16:15:44.967,1.005
2026-01-18 16:15:44.984,0.999
2026-01-18 16:15:45.000,1.003
2026-01-18 16:15:45.000,1.005
2026-01-18 16:15:45.017,1.005
2026-01-18 16:15:45.034,1.008
2026-01-18 16:15:45.034,1.004
2026-01-18 16:15:45.051,1.007
2026-01-18 16:15:45.066,1.008
2026-01-18 16:15:45.084,1.004
2026-01-18 16:15:45.085,1.001
2026-01-18 16:15:45.100,1.003
2026-01-18 16:15:45.116,1.003
2026-01-18 16:15:45.134,1.001
2026-01-18 16:15:45.134,0.999
2026-01-18 16:15:45.150,0.995
2026-01-18 16:15:45.167,0.995
2026-01-18 16:15:45.168,0.996
2026-01-18 16:15:45.183,0.996
2026-01-18 16:15:45.201,0.992
2026-01-18 16:15:45.217,0.996
2026-01-18 16:15:45.218,0.999
2026-01-18 16:15:45.233,1.0
2026-01-18 16:15:45.250,1.005
2026-01-18 16:15:45.251,1.003
2026-01-18 16:15:45.267,1.005
2026-01-18 16:15:45.284,1.001
2026-01-18 16:15:45.299,0.998
2026-01-18 16:15:45.300,1.005
2026-01-18 16:15:45.316,1.005
2026-01-18 16:15:45.333,1.009
2026-01-18 16:15:45.350,1.008
2026-01-18 16:15:45.350,1.005
2026-01-18 16:15:45.367,1.004
2026-01-18 16:15:45.385,1.007
2026-01-18 16:15:45.385,1.004
2026-01-18 16:15:45.400,1.009
2026-01-18 16:15:45.416,1.008
2026-01-18 16:15:45.434,1.007
2026-01-18 16:15:45.434,1.007
2026-01-18 16:15:45.451,1.005
2026-01-18 16:15:45.466,1.003
2026-01-18 16:15:45.467,1.01
2026-01-18 16:15:45.484,1.008
2026-01-18 16:15:45.500,1.014
2026-01-18 16:15:45.516,1.011
2026-01-18 16:15:45.517,1.01
2026-01-18 16:15:45.533,1.012
2026-01-18 16:15:45.551,1.013
2026-01-18 16:15:45.551,1.011
2026-01-18 16:15:45.566,1.012
2026-01-18 16:15:45.585,1.013
2026-01-18 16:15:45.600,1.015
2026-01-18 16:15:45.600,1.015
2026-01-18 16:15:45.616,1.012
2026-01-18 16:15:45.633,1.014
2026-01-18 16:15:45.634,1.007
2026-01-18 16:15:45.696,1.011
2026-01-18 16:15:45.697,1.01
2026-01-18 16:15:45.698,1.012
2026-01-18 16:15:45.698,1.01
2026-01-18 16:15:45.698,1.01
2026-01-18 16:15:45.712,1.005
2026-01-18 16:15:45.721,1.01
2026-01-18 16:15:45.734,1.009
2026-01-18 16:15:45.750,1.005
2026-01-18 16:15:45.767,1.004
2026-01-18 16:15:45.768,1.007
2026-01-18 16:15:45.783,1.01
2026-01-18 16:15:45.801,1.011
2026-01-18 16:15:45.817,1.011
2026-01-18 16:15:45.818,1.013
2026-01-18 16:15:45.833,1.011
2026-01-18 16:15:45.851,1.007
2026-01-18 16:15:45.851,1.009
2026-01-18 16:15:45.866,1.011
2026-01-18 16:15:45.884,1.009
2026-01-18 16:15:45.900,1.008
2026-01-18 16:15:45.901,1.009
2026-01-18 16:15:45.917,1.013
2026-01-18 16:15:45.934,1.014
2026-01-18 16:15:45.935,1.01
2026-01-18 16:15:45.949,1.012
2026-01-18 16:15:45.967,1.015
2026-01-18 16:15:45.984,1.009
2026-01-18 16:15:45.984,1.011
2026-01-18 16:15:46.000,1.006
2026-01-18 16:15:46.017,1.009
2026-01-18 16:15:46.033,1.011
2026-01-18 16:15:46.033,1.012
2026-01-18 16:15:46.050,1.01
2026-01-18 16:15:46.066,1.008
2026-01-18 16:15:46.067,1.008
2026-01-18 16:15:46.083,1.011
2026-01-18 16:15:46.100,1.014
2026-01-18 16:15:46.117,1.014
2026-01-18 16:15:46.117,1.009
2026-01-18 16:15:46.133,1.011
2026-01-18 16:15:46.151,1.008
2026-01-18 16:15:46.151,1.01
2026-01-18 16:15:46.167,1.006
2026-01-18 16:15:46.185,1.004
2026-01-18 16:15:46.185,1.002
2026-01-18 16:15:46.199,1.005
2026-01-18 16:15:46.216,1.008
2026-01-18 16:15:46.233,1.009
2026-01-18 16:15:46.233,1.006
2026-01-18 16:15:46.249,1.007
2026-01-18 16:15:46.267,1.005
2026-01-18 16:15:46.282,1.003
2026-01-18 16:15:46.282,1.005
2026-01-18 16:15:46.298,1.004
2026-01-18 16:15:46.316,1.004
2026-01-18 16:15:46.332,1.007
2026-01-18 16:15:46.333,1.009
2026-01-18 16:15:46.350,1.014
2026-01-18 16:15:46.367,1.01
2026-01-18 16:15:46.367,1.014
2026-01-18 16:15:46.383,1.008
2026-01-18 16:15:46.401,1.005
2026-01-18 16:15:46.417,1.007
2026-01-18 16:15:46.417,1.001
2026-01-18 16:15:46.433,1.003
2026-01-18 16:15:46.450,1.008
2026-01-18 16:15:46.451,1.005
2026-01-18 16:15:46.466,1.002
2026-01-18 16:15:46.484,1.001
2026-01-18 16:15:46.500,1.004
2026-01-18 16:15:46.501,1.006
2026-01-18 16:15:46.517,1.003
2026-01-18 16:15:46.532,1.006
2026-01-18 16:15:46.548,1.006
2026-01-18 16:15:46.548,1.009
2026-01-18 16:15:46.566,1.005
2026-01-18 16:15:46.583,1.007
2026-01-18 16:15:46.583,1.006
2026-01-18 16:15:46.600,1.006
2026-01-18 16:15:46.617,1.006
2026-01-18 16:15:46.618,1.009
2026-01-18 16:15:46.632,1.008
2026-01-18 16:15:46.649,1.003
2026-01-18 16:15:46.668,1.001
2026-01-18 16:15:46.669,0.998
2026-01-18 16:15:46.683,0.998
2026-01-18 16:15:46.706,1.006
2026-01-18 16:15:46.706,1.009
2026-01-18 16:15:46.716,1.016
2026-01-18 16:15:46.734,1.012
2026-01-18 16:15:46.750,1.011
2026-01-18 16:15:46.751,1.011
2026-01-18 16:15:46.767,1.007
2026-01-18 16:15:46.784,1.003
2026-01-18 16:15:46.799,1.005
2026-01-18 16:15:46.799,1.001
2026-01-18 16:15:46.816,0.998
2026-01-18 16:15:46.833,0.998
2026-01-18 16:15:46.834,1.001
2026-01-18 16:15:46.850,1.004
2026-01-18 16:15:46.866,1.005
2026-01-18 16:15:46.883,1.007
2026-01-18 16:15:46.883,1.001
2026-01-18 16:15:46.900,0.999
2026-01-18 16:15:46.916,1.0
2026-01-18 16:15:46.934,1.003
2026-01-18 16:15:46.934,1.001
2026-01-18 16:15:46.950,1.008
2026-01-18 16:15:46.967,1.004
2026-01-18 16:15:46.967,1.003
2026-01-18 16:15:46.983,1.006
2026-01-18 16:15:47.001,1.006
2026-01-18 16:15:47.040,1.006
2026-01-18 16:15:47.040,1.006
2026-01-18 16:15:47.041,1.006
2026-01-18 16:15:47.041,1.004
2026-01-18 16:15:47.050,1.0
2026-01-18 16:15:47.065,1.005
2026-01-18 16:15:47.083,1.003
2026-01-18 16:15:47.099,1.004
2026-01-18 16:15:47.099,0.999
2026-01-18 16:15:47.116,1.003
2026-01-18 16:15:47.133,1.004
2026-01-18 16:15:47.149,1.01
2026-01-18 16:15:47.150,1.008
2026-01-18 16:15:47.165,1.012
2026-01-18 16:15:47.183,1.011
2026-01-18 16:15:47.184,1.01
2026-01-18 16:15:47.200,1.011
2026-01-18 16:15:47.217,1.014
2026-01-18 16:15:47.218,1.009
2026-01-18 16:15:47.233,1.01
2026-01-18 16:15:47.250,1.007
2026-01-18 16:15:47.266,1.006
2026-01-18 16:15:47.267,1.012
2026-01-18 16:15:47.282,1.009
2026-01-18 16:15:47.300,1.006
2026-01-18 16:15:47.316,1.009
2026-01-18 16:15:47.317,1.01
2026-01-18 16:15:47.332,1.007
2026-01-18 16:15:47.349,1.005
2026-01-18 16:15:47.350,1.005
2026-01-18 16:15:47.366,1.003
2026-01-18 16:15:47.382,1.005
2026-01-18 16:15:47.400,1.001
2026-01-18 16:15:47.400,1.008
2026-01-18 16:15:47.416,1.008
2026-01-18 16:15:47.434,1.004
2026-01-18 16:15:47.435,1.006
2026-01-18 16:15:47.450,1.004
2026-01-18 16:15:47.467,1.003
2026-01-18 16:15:47.483,1.001
2026-01-18 16:15:47.483,0.999
2026-01-18 16:15:47.500,1.005
2026-01-18 16:15:47.516,1.001
2026-01-18 16:15:47.534,1.006
2026-01-18 16:15:47.534,1.005
2026-01-18 16:15:47.550,1.001
2026-01-18 16:15:47.567,1.003
2026-01-18 16:15:47.567,0.999
2026-01-18 16:15:47.582,1.001
2026-01-18 16:15:47.600,1.005
2026-01-18 16:15:47.616,1.005
2026-01-18 16:15:47.617,1.007
2026-01-18 16:15:47.634,1.002
2026-01-18 16:15:47.650,1.008
2026-01-18 16:15:47.650,1.01
2026-01-18 16:15:47.666,1.012
2026-01-18 16:15:47.683,1.013
2026-01-18 16:15:47.706,1.011
2026-01-18 16:15:47.706,1.006
2026-01-18 16:15:47.716,1.008
2026-01-18 16:15:47.733,1.008
2026-01-18 16:15:47.734,1.011
2026-01-18 16:15:47.750,1.012
2026-01-18 16:15:47.766,1.01
2026-01-18 16:15:47.784,1.008
2026-01-18 16:15:47.784,1.003
2026-01-18 16:15:47.800,1.0
2026-01-18 16:15:47.816,0.999
2026-01-18 16:15:47.834,0.999
2026-01-18 16:15:47.834,0.999
2026-01-18 16:15:47.850,0.999
2026-01-18 16:15:47.867,1.001
2026-01-18 16:15:47.867,1.003
2026-01-18 16:15:47.884,1.003
2026-01-18 16:15:47.901,1.009
2026-01-18 16:15:47.916,1.004
2026-01-18 16:15:47.916,1.007
2026-01-18 16:15:47.933,1.007
2026-01-18 16:15:47.950,1.005
2026-01-18 16:15:47.950,1.007
2026-01-18 16:15:47.967,1.004
2026-01-18 16:15:47.983,1.004
2026-01-18 16:15:47.999,1.002
2026-01-18 16:15:48.000,1.01
2026-01-18 16:15:48.017,1.011
2026-01-18 16:15:48.034,1.011
2026-01-18 16:15:48.034,1.01
2026-01-18 16:15:48.049,1.011
2026-01-18 16:15:48.066,1.009
2026-01-18 16:15:48.083,1.006
2026-01-18 16:15:48.083,1.008
2026-01-18 16:15:48.098,1.004
2026-01-18 16:15:48.115,1.009
2026-01-18 16:15:48.133,1.011
2026-01-18 16:15:48.134,1.011
2026-01-18 16:15:48.150,1.002
2026-01-18 16:15:48.167,1.005
2026-01-18 16:15:48.167,1.007
2026-01-18 16:15:48.183,1.009
2026-01-18 16:15:48.199,1.006
2026-01-18 16:15:48.217,1.008
2026-01-18 16:15:48.217,1.004
2026-01-18 16:15:48.233,1.004
2026-01-18 16:15:48.250,1.002
2026-01-18 16:15:48.250,0.997
2026-01-18 16:15:48.266,0.995
2026-01-18 16:15:48.282,1.001
2026-01-18 16:15:48.300,1.001
2026-01-18 16:15:48.300,1.003
2026-01-18 16:15:48.315,1.001
2026-01-18 16:15:48.334,0.997
2026-01-18 16:15:48.334,0.995
2026-01-18 16:15:48.350,0.994
2026-01-18 16:15:48.367,0.999
2026-01-18 16:15:48.402,0.999
2026-01-18 16:15:48.402,0.999
2026-01-18 16:15:48.403,1.0
2026-01-18 16:15:48.409,1.0
2026-01-18 16:15:48.433,1.003
2026-01-18 16:15:48.433,1.003
2026-01-18 16:15:48.450,0.998
2026-01-18 16:15:48.467,1.004
2026-01-18 16:15:48.467,0.998
2026-01-18 16:15:48.483,1.004
2026-01-18 16:15:48.500,1.004
2026-01-18 16:15:48.515,1.006
2026-01-18 16:15:48.515,1.005
2026-01-18 16:15:48.533,0.999
2026-01-18 16:15:48.549,1.004
2026-01-18 16:15:48.550,1.008
2026-01-18 16:15:48.566,1.006
2026-01-18 16:15:48.581,1.008
2026-01-18 16:15:48.598,1.01
2026-01-18 16:15:48.599,1.009
2026-01-18 16:15:48.616,1.008
2026-01-18 16:15:48.633,1.006
2026-01-18 16:15:48.633,1.008
2026-01-18 16:15:48.650,1.013
2026-01-18 16:15:48.666,1.009
2026-01-18 16:15:48.690,1.007
2026-01-18 16:15:48.690,1.008
2026-01-18 16:15:48.699,1.004
2026-01-18 16:15:48.716,1.001
2026-01-18 16:15:48.734,1.0
2026-01-18 16:15:48.734,1.0
2026-01-18 16:15:48.749,1.003
2026-01-18 16:15:48.767,0.999
2026-01-18 16:15:48.767,0.997
2026-01-18 16:15:48.783,0.997
2026-01-18 16:15:48.800,0.995
2026-01-18 16:15:48.816,0.994
2026-01-18 16:15:48.816,0.993
2026-01-18 16:15:48.833,0.994
2026-01-18 16:15:48.850,1.001
2026-01-18 16:15:48.851,0.999
2026-01-18 16:15:48.866,1.004
2026-01-18 16:15:48.882,1.008
2026-01-18 16:15:48.899,1.004
2026-01-18 16:15:48.900,1.004
2026-01-18 16:15:48.917,1.008
2026-01-18 16:15:48.927,1.006
2026-01-18 16:15:48.938,1.003
2026-01-18 16:15:48.948,1.009
2026-01-18 16:15:48.966,1.007
2026-01-18 16:15:48.982,1.011
2026-01-18 16:15:48.983,1.009
2026-01-18 16:15:48.999,1.01
2026-01-18 16:15:49.016,1.014
2026-01-18 16:15:49.032,1.016
2026-01-18 16:15:49.033,1.014
2026-01-18 16:15:49.049,1.013
2026-01-18 16:15:49.066,1.019
2026-01-18 16:15:49.067,1.016
2026-01-18 16:15:49.082,1.01
2026-01-18 16:15:49.099,1.007
2026-01-18 16:15:49.115,1.002
2026-01-18 16:15:49.115,1.003
2026-01-18 16:15:49.134,0.999
2026-01-18 16:15:49.149,0.994
2026-01-18 16:15:49.149,0.997
2026-01-18 16:15:49.165,1.005
2026-01-18 16:15:49.184,1.01
2026-01-18 16:15:49.199,1.011
2026-01-18 16:15:49.200,1.008
2026-01-18 16:15:49.217,1.005
2026-01-18 16:15:49.232,1.004
2026-01-18 16:15:49.250,1.003
2026-01-18 16:15:49.250,1.007
2026-01-18 16:15:49.266,1.006
2026-01-18 16:15:49.283,1.012
2026-01-18 16:15:49.284,1.012
2026-01-18 16:15:49.299,1.01
2026-01-18 16:15:49.316,1.012
2026-01-18 16:15:49.333,1.011
2026-01-18 16:15:49.333,1.007
2026-01-18 16:15:49.350,1.005
2026-01-18 16:15:49.366,1.003
2026-01-18 16:15:49.367,1.005
2026-01-18 16:15:49.382,1.006
2026-01-18 16:15:49.400,1.001
2026-01-18 16:15:49.416,1.0
2026-01-18 16:15:49.417,1.001
2026-01-18 16:15:49.433,1.004
2026-01-18 16:15:49.449,1.004
2026-01-18 16:15:49.450,1.008
2026-01-18 16:15:49.467,1.013
2026-01-18 16:15:49.482,1.017
2026-01-18 16:15:49.500,1.019
2026-01-18 16:15:49.500,1.013
2026-01-18 16:15:49.515,1.009
2026-01-18 16:15:49.534,1.01
2026-01-18 16:15:49.534,1.005
2026-01-18 16:15:49.549,1.002
2026-01-18 16:15:49.566,1.002
2026-01-18 16:15:49.583,1.004
2026-01-18 16:15:49.583,1.006
2026-01-18 16:15:49.600,1.009
2026-01-18 16:15:49.616,1.012
2026-01-18 16:15:49.633,1.009
2026-01-18 16:15:49.633,1.011
2026-01-18 16:15:49.650,1.006
2026-01-18 16:15:49.665,1.008
2026-01-18 16:15:49.665,1.011
2026-01-18 16:15:49.683,1.009
2026-01-18 16:15:49.706,1.009
2026-01-18 16:15:49.706,1.011
2026-01-18 16:15:49.717,1.013
2026-01-18 16:15:49.755,1.013
2026-01-18 16:15:49.757,1.011
2026-01-18 16:15:49.757,1.007
2026-01-18 16:15:49.765,1.002
2026-01-18 16:15:49.782,1.008
2026-01-18 16:15:49.800,1.011
2026-01-18 16:15:49.800,1.012
2026-01-18 16:15:49.816,1.005
2026-01-18 16:15:49.832,1.004
2026-01-18 16:15:49.849,1.002
2026-01-18 16:15:49.849,1.0
2026-01-18 16:15:49.865,1.0
2026-01-18 16:15:49.883,0.997
2026-01-18 16:15:49.884,0.997
2026-01-18 16:15:49.899,0.996
2026-01-18 16:15:49.915,0.995
2026-01-18 16:15:49.932,0.993
2026-01-18 16:15:49.933,0.991
2026-01-18 16:15:49.949,0.993
2026-01-18 16:15:49.965,0.992
2026-01-18 16:15:49.966,0.998
2026-01-18 16:15:49.983,1.003
2026-01-18 16:15:49.999,1.008
2026-01-18 16:15:50.015,1.004
2026-01-18 16:15:50.016,1.0
2026-01-18 16:15:50.032,1.0
2026-01-18 16:15:50.049,1.0
2026-01-18 16:15:50.066,0.998
2026-01-18 16:15:50.066,1.002
2026-01-18 16:15:50.083,1.001
2026-01-18 16:15:50.099,1.003
2026-01-18 16:15:50.099,0.999
2026-01-18 16:15:50.115,0.996
2026-01-18 16:15:50.133,0.991
2026-01-18 16:15:50.134,0.994
2026-01-18 16:15:50.150,1.0
2026-01-18 16:15:50.165,1.003
2026-01-18 16:15:50.184,1.005
2026-01-18 16:15:50.184,1.008
2026-01-18 16:15:50.199,1.002
2026-01-18 16:15:50.217,1.004
2026-01-18 16:15:50.218,1.003
2026-01-18 16:15:50.232,1.005
2026-01-18 16:15:50.250,1.008
2026-01-18 16:15:50.266,1.01
2026-01-18 16:15:50.267,1.011
2026-01-18 16:15:50.282,1.01
2026-01-18 16:15:50.298,1.005
2026-01-18 16:15:50.316,1.002
2026-01-18 16:15:50.316,1.005
2026-01-18 16:15:50.332,1.001
2026-01-18 16:15:50.349,1.006
2026-01-18 16:15:50.366,1.006
2026-01-18 16:15:50.366,1.01
2026-01-18 16:15:50.382,1.004
2026-01-18 16:15:50.398,1.004
2026-01-18 16:15:50.398,1.003
2026-01-18 16:15:50.414,1.002
2026-01-18 16:15:50.433,1.002
2026-01-18 16:15:50.434,1.008
2026-01-18 16:15:50.449,1.008
2026-01-18 16:15:50.466,1.004
2026-01-18 16:15:50.484,1.003
2026-01-18 16:15:50.484,1.002
2026-01-18 16:15:50.500,1.0
2026-01-18 16:15:50.515,0.998
2026-01-18 16:15:50.532,1.001
2026-01-18 16:15:50.533,0.997
2026-01-18 16:15:50.549,0.994
2026-01-18 16:15:50.566,0.993
2026-01-18 16:15:50.566,0.994
2026-01-18 16:15:50.583,0.996
2026-01-18 16:15:50.600,1.0
2026-01-18 16:15:50.616,1.003
2026-01-18 16:15:50.616,1.001
2026-01-18 16:15:50.633,1.002
2026-01-18 16:15:50.648,1.004
2026-01-18 16:15:50.664,1.001
2026-01-18 16:15:50.664,1.001
2026-01-18 16:15:50.683,1.009
2026-01-18 16:15:50.705,1.006
2026-01-18 16:15:50.705,1.004
2026-01-18 16:15:50.715,1.001
2026-01-18 16:15:50.732,1.0
2026-01-18 16:15:50.747,1.004
2026-01-18 16:15:50.748,1.003
2026-01-18 16:15:50.765,1.001
2026-01-18 16:15:50.783,1.004
2026-01-18 16:15:50.783,1.004
2026-01-18 16:15:50.799,1.003
2026-01-18 16:15:50.815,1.003
2026-01-18 16:15:50.831,1.013
2026-01-18 16:15:50.832,1.013
2026-01-18 16:15:50.849,1.011
2026-01-18 16:15:50.865,1.009
2026-01-18 16:15:50.865,1.009
2026-01-18 16:15:50.882,1.006
2026-01-18 16:15:50.898,1.007
2026-01-18 16:15:50.915,1.004
2026-01-18 16:15:50.916,1.002
2026-01-18 16:15:50.932,0.998
2026-01-18 16:15:50.949,0.999
2026-01-18 16:15:50.949,0.999
2026-01-18 16:15:50.965,0.995
2026-01-18 16:15:50.982,0.994
2026-01-18 16:15:50.999,0.995
2026-01-18 16:15:50.999,0.995
2026-01-18 16:15:51.016,1.0
2026-01-18 16:15:51.031,0.993
2026-01-18 16:15:51.049,1.001
2026-01-18 16:15:51.049,1.001
2026-01-18 16:15:51.065,1.01
2026-01-18 16:15:51.082,1.005
2026-01-18 16:15:51.083,1.004
2026-01-18 16:15:51.120,1.001
2026-01-18 16:15:51.120,1.002
2026-01-18 16:15:51.120,0.998
2026-01-18 16:15:51.130,0.994
2026-01-18 16:15:51.148,0.996
2026-01-18 16:15:51.165,0.998
2026-01-18 16:15:51.166,1.001
2026-01-18 16:15:51.181,1.01
2026-01-18 16:15:51.199,1.011
2026-01-18 16:15:51.216,1.012
2026-01-18 16:15:51.216,1.013
2026-01-18 16:15:51.232,1.013
2026-01-18 16:15:51.249,1.011
2026-01-18 16:15:51.266,1.014
2026-01-18 16:15:51.266,1.014
2026-01-18 16:15:51.283,1.015
2026-01-18 16:15:51.299,1.011
2026-01-18 16:15:51.299,1.009
2026-01-18 16:15:51.316,1.004
2026-01-18 16:15:51.331,0.997
2026-01-18 16:15:51.349,0.997
2026-01-18 16:15:51.350,1.0
2026-01-18 16:15:51.365,1.001
2026-01-18 16:15:51.383,1.003
2026-01-18 16:15:51.383,0.996
2026-01-18 16:15:51.399,0.995
2026-01-18 16:15:51.415,0.995
2026-01-18 16:15:51.433,0.995
2026-01-18 16:15:51.433,0.993
2026-01-18 16:15:51.450,0.992
2026-01-18 16:15:51.465,0.991
2026-01-18 16:15:51.466,0.994
2026-01-18 16:15:51.483,0.995
2026-01-18 16:15:51.499,0.993
2026-01-18 16:15:51.515,0.99
2026-01-18 16:15:51.515,0.994
2026-01-18 16:15:51.534,0.993
2026-01-18 16:15:51.549,0.989
2026-01-18 16:15:51.549,0.991
2026-01-18 16:15:51.565,0.994
2026-01-18 16:15:51.583,0.995
2026-01-18 16:15:51.598,0.994
2026-01-18 16:15:51.600,0.989
2026-01-18 16:15:51.616,0.994
2026-01-18 16:15:51.632,0.996
2026-01-18 16:15:51.633,0.994
2026-01-18 16:15:51.649,0.995
2026-01-18 16:15:51.665,0.999
2026-01-18 16:15:51.683,1.003
2026-01-18 16:15:51.683,1.006
2026-01-18 16:15:51.699,0.998
2026-01-18 16:15:51.721,0.997
2026-01-18 16:15:51.721,0.999
2026-01-18 16:15:51.731,0.999
2026-01-18 16:15:51.749,1.004
2026-01-18 16:15:51.765,1.007
2026-01-18 16:15:51.766,0.999
2026-01-18 16:15:51.783,0.995
2026-01-18 16:15:51.798,0.991
2026-01-18 16:15:51.815,0.994
2026-01-18 16:15:51.815,0.993
2026-01-18 16:15:51.832,0.995
2026-01-18 16:15:51.849,0.999
2026-01-18 16:15:51.849,0.997
2026-01-18 16:15:51.865,1.0
2026-01-18 16:15:51.883,0.995
2026-01-18 16:15:51.898,0.995
2026-01-18 16:15:51.899,0.996
2026-01-18 16:15:51.915,0.996
2026-01-18 16:15:51.933,1.003
2026-01-18 16:15:51.933,1.001
2026-01-18 16:15:51.949,0.998
2026-01-18 16:15:51.966,1.003
2026-01-18 16:15:51.983,1.005
2026-01-18 16:15:51.983,1.008
2026-01-18 16:15:51.998,1.004
2026-01-18 16:15:52.016,1.003
2026-01-18 16:15:52.032,1.003
2026-01-18 16:15:52.032,1.003
2026-01-18 16:15:52.051,1.001
2026-01-18 16:15:52.065,1.006
2026-01-18 16:15:52.065,1.01
2026-01-18 16:15:52.082,1.006
2026-01-18 16:15:52.099,1.004
2026-01-18 16:15:52.115,1.001
2026-01-18 16:15:52.116,1.003
2026-01-18 16:15:52.132,1.003
2026-01-18 16:15:52.150,1.005
2026-01-18 16:15:52.151,1.006
2026-01-18 16:15:52.165,1.009
2026-01-18 16:15:52.182,1.009
2026-01-18 16:15:52.198,1.008
2026-01-18 16:15:52.198,1.008
2026-01-18 16:15:52.215,1.015
2026-01-18 16:15:52.231,1.009
2026-01-18 16:15:52.249,1.005
2026-01-18 16:15:52.249,1.003
2026-01-18 16:15:52.265,1.009
2026-01-18 16:15:52.283,1.005
2026-01-18 16:15:52.283,1.006
2026-01-18 16:15:52.300,1.01
2026-01-18 16:15:52.315,1.007
2026-01-18 16:15:52.333,1.005
2026-01-18 16:15:52.333,1.003
2026-01-18 16:15:52.350,0.998
2026-01-18 16:15:52.365,1.001
2026-01-18 16:15:52.366,0.999
2026-01-18 16:15:52.382,0.999
2026-01-18 16:15:52.400,1.0
2026-01-18 16:15:52.415,1.009
2026-01-18 16:15:52.415,1.007
2026-01-18 16:15:52.433,1.005
2026-01-18 16:15:52.450,1.004
2026-01-18 16:15:52.450,1.005
2026-01-18 16:15:52.509,1.002
2026-01-18 16:15:52.510,1.009
2026-01-18 16:15:52.510,1.011
2026-01-18 16:15:52.510,1.009
2026-01-18 16:15:52.510,1.012
2026-01-18 16:15:52.533,1.013
2026-01-18 16:15:52.550,1.01
2026-01-18 16:15:52.550,1.008
2026-01-18 16:15:52.567,1.001
2026-01-18 16:15:52.583,1.002
2026-01-18 16:15:52.584,1.005
2026-01-18 16:15:52.599,1.003
2026-01-18 16:15:52.615,1.006
2026-01-18 16:15:52.631,1.009
2026-01-18 16:15:52.632,1.009
2026-01-18 16:15:52.648,1.006
2026-01-18 16:15:52.665,1.002
2026-01-18 16:15:52.666,0.997
2026-01-18 16:15:52.682,1.0
2026-01-18 16:15:52.699,0.998
2026-01-18 16:15:52.721,0.998
2026-01-18 16:15:52.721,0.998
2026-01-18 16:15:52.731,0.997
2026-01-18 16:15:52.748,0.998
2026-01-18 16:15:52.765,0.995
2026-01-18 16:15:52.765,0.996
2026-01-18 16:15:52.782,1.001
2026-01-18 16:15:52.799,1.006
2026-01-18 16:15:52.799,1.002
2026-01-18 16:15:52.814,1.002
2026-01-18 16:15:52.832,1.003
2026-01-18 16:15:52.848,1.005
2026-01-18 16:15:52.849,1.006
2026-01-18 16:15:52.865,1.009
2026-01-18 16:15:52.882,1.013
2026-01-18 16:15:52.882,1.015
2026-01-18 16:15:52.897,1.012
2026-01-18 16:15:52.915,1.015
2026-01-18 16:15:52.930,1.011
2026-01-18 16:15:52.932,1.009
2026-01-18 16:15:52.948,1.008
2026-01-18 16:15:52.965,1.013
2026-01-18 16:15:52.965,1.009
2026-01-18 16:15:52.982,1.006
2026-01-18 16:15:52.998,1.005
2026-01-18 16:15:53.015,1.001
2026-01-18 16:15:53.016,1.008
2026-01-18 16:15:53.031,1.011
2026-01-18 16:15:53.047,1.015
2026-01-18 16:15:53.064,1.018
2026-01-18 16:15:53.065,1.015
2026-01-18 16:15:53.081,1.019
2026-01-18 16:15:53.099,1.012
2026-01-18 16:15:53.099,1.011
2026-01-18 16:15:53.115,1.012
2026-01-18 16:15:53.132,1.01
2026-01-18 16:15:53.149,1.012
2026-01-18 16:15:53.149,1.016
2026-01-18 16:15:53.165,1.018
2026-01-18 16:15:53.183,1.017
2026-01-18 16:15:53.183,1.01
2026-01-18 16:15:53.199,1.012
2026-01-18 16:15:53.215,1.008
2026-01-18 16:15:53.232,1.006
2026-01-18 16:15:53.232,1.006
2026-01-18 16:15:53.248,1.009
2026-01-18 16:15:53.265,1.005
2026-01-18 16:15:53.265,1.005
2026-01-18 16:15:53.282,1.004
2026-01-18 16:15:53.299,1.004
2026-01-18 16:15:53.315,1.003
2026-01-18 16:15:53.315,1.002
2026-01-18 16:15:53.332,1.007
2026-01-18 16:15:53.348,1.01
2026-01-18 16:15:53.365,1.008
2026-01-18 16:15:53.366,1.013
2026-01-18 16:15:53.382,1.012
2026-01-18 16:15:53.398,1.011
2026-01-18 16:15:53.399,1.006
2026-01-18 16:15:53.416,1.008
2026-01-18 16:15:53.432,1.009
2026-01-18 16:15:53.448,1.008
2026-01-18 16:15:53.449,1.011
2026-01-18 16:15:53.464,1.009
2026-01-18 16:15:53.483,1.011
2026-01-18 16:15:53.484,1.012
2026-01-18 16:15:53.498,1.012
2026-01-18 16:15:53.516,1.012
2026-01-18 16:15:53.532,1.007
2026-01-18 16:15:53.532,1.005
2026-01-18 16:15:53.548,1.004
2026-01-18 16:15:53.566,1.002
2026-01-18 16:15:53.566,0.998
2026-01-18 16:15:53.582,0.998
2026-01-18 16:15:53.600,1.001
2026-01-18 16:15:53.615,1.008
2026-01-18 16:15:53.615,1.008
2026-01-18 16:15:53.632,1.004
2026-01-18 16:15:53.649,1.003
2026-01-18 16:15:53.650,1.0
2026-01-18 16:15:53.665,1.001
2026-01-18 16:15:53.682,1.004
2026-01-18 16:15:53.699,1.002
2026-01-18 16:15:53.700,1.003
2026-01-18 16:15:53.720,1.002
2026-01-18 16:15:53.731,1.002
2026-01-18 16:15:53.748,1.003
2026-01-18 16:15:53.748,1.001
2026-01-18 16:15:53.764,1.002
2026-01-18 16:15:53.781,0.996
2026-01-18 16:15:53.781,0.995
2026-01-18 16:15:53.799,0.999
2026-01-18 16:15:53.816,1.008
2026-01-18 16:15:53.855,1.011
2026-01-18 16:15:53.856,1.012
2026-01-18 16:15:53.856,1.014
2026-01-18 16:15:53.856,1.007
2026-01-18 16:15:53.866,1.006
2026-01-18 16:15:53.881,1.007
2026-01-18 16:15:53.899,1.011
2026-01-18 16:15:53.916,1.01
2026-01-18 16:15:53.916,1.014
2026-01-18 16:15:53.931,1.015
2026-01-18 16:15:53.950,1.02
2026-01-18 16:15:53.950,1.018
2026-01-18 16:15:53.966,1.013
2026-01-18 16:15:53.982,1.008
2026-01-18 16:15:53.999,1.007
2026-01-18 16:15:54.000,1.009
2026-01-18 16:15:54.015,1.011
2026-01-18 16:15:54.032,1.014
2026-01-18 16:15:54.048,1.015
2026-01-18 16:15:54.049,1.012
2026-01-18 16:15:54.065,1.012
2026-01-18 16:15:54.083,1.013
2026-01-18 16:15:54.083,1.014
2026-01-18 16:15:54.099,1.01
2026-01-18 16:15:54.115,1.012
2026-01-18 16:15:54.132,1.014
2026-01-18 16:15:54.132,1.012
2026-01-18 16:15:54.149,1.014
2026-01-18 16:15:54.165,1.016
2026-01-18 16:15:54.166,1.022
2026-01-18 16:15:54.183,1.02
2026-01-18 16:15:54.200,1.021
2026-01-18 16:15:54.216,1.02
2026-01-18 16:15:54.216,1.016
2026-01-18 16:15:54.231,1.01
2026-01-18 16:15:54.248,1.005
2026-01-18 16:15:54.249,1.012
2026-01-18 16:15:54.265,1.011
2026-01-18 16:15:54.281,1.009
2026-01-18 16:15:54.299,1.013
2026-01-18 16:15:54.299,1.012
2026-01-18 16:15:54.316,1.009
2026-01-18 16:15:54.331,1.007
2026-01-18 16:15:54.349,1.004
2026-01-18 16:15:54.349,1.004
2026-01-18 16:15:54.365,1.008
2026-01-18 16:15:54.383,1.01
2026-01-18 16:15:54.383,1.008
2026-01-18 16:15:54.400,1.008
2026-01-18 16:15:54.415,1.009
2026-01-18 16:15:54.433,1.014
2026-01-18 16:15:54.433,1.018
2026-01-18 16:15:54.449,1.018
2026-01-18 16:15:54.466,1.017
2026-01-18 16:15:54.466,1.019
2026-01-18 16:15:54.482,1.018
2026-01-18 16:15:54.500,1.017
2026-01-18 16:15:54.515,1.018
2026-01-18 16:15:54.516,1.018
2026-01-18 16:15:54.532,1.022
2026-01-18 16:15:54.549,1.017
2026-01-18 16:15:54.549,1.013
2026-01-18 16:15:54.565,1.018
2026-01-18 16:15:54.582,1.018
2026-01-18 16:15:54.599,1.015
2026-01-18 16:15:54.600,1.022
2026-01-18 16:15:54.615,1.021
2026-01-18 16:15:54.632,1.016
2026-01-18 16:15:54.649,1.014
2026-01-18 16:15:54.650,1.013
2026-01-18 16:15:54.665,1.013
2026-01-18 16:15:54.682,1.011
2026-01-18 16:15:54.682,1.013
2026-01-18 16:15:54.698,1.01
2026-01-18 16:15:54.722,1.016
2026-01-18 16:15:54.722,1.014
2026-01-18 16:15:54.731,1.016
2026-01-18 16:15:54.748,1.01
2026-01-18 16:15:54.764,1.008
2026-01-18 16:15:54.765,1.009
2026-01-18 16:15:54.782,1.011
2026-01-18 16:15:54.800,1.01
2026-01-18 16:15:54.802,1.007
2026-01-18 16:15:54.816,1.007
2026-01-18 16:15:54.832,1.01
2026-01-18 16:15:54.848,1.011
2026-01-18 16:15:54.865,1.009
2026-01-18 16:15:54.865,1.007
2026-01-18 16:15:54.883,1.003
2026-01-18 16:15:54.899,1.005
2026-01-18 16:15:54.899,1.008
2026-01-18 16:15:54.915,1.01
2026-01-18 16:15:54.933,1.008
2026-01-18 16:15:54.933,1.007
2026-01-18 16:15:54.948,1.007
2026-01-18 16:15:54.965,1.007
2026-01-18 16:15:54.983,1.005
2026-01-18 16:15:54.983,1.009
2026-01-18 16:15:54.999,1.008
2026-01-18 16:15:55.015,1.009
2026-01-18 16:15:55.032,1.014
2026-01-18 16:15:55.033,1.011
2026-01-18 16:15:55.049,1.014
2026-01-18 16:15:55.065,1.012
2026-01-18 16:15:55.065,1.007
2026-01-18 16:15:55.082,1.004
2026-01-18 16:15:55.099,1.007
2026-01-18 16:15:55.114,1.004
2026-01-18 16:15:55.115,1.003
2026-01-18 16:15:55.131,1.007
2026-01-18 16:15:55.148,1.008
2026-01-18 16:15:55.165,1.007
2026-01-18 16:15:55.165,1.013
2026-01-18 16:15:55.181,1.011
2026-01-18 16:15:55.208,1.009
2026-01-18 16:15:55.208,1.016
2026-01-18 16:15:55.225,1.015
2026-01-18 16:15:55.225,1.013
2026-01-18 16:15:55.247,1.012
2026-01-18 16:15:55.247,1.01
2026-01-18 16:15:55.265,1.004
2026-01-18 16:15:55.282,1.002
2026-01-18 16:15:55.282,1.004
2026-01-18 16:15:55.299,1.005
2026-01-18 16:15:55.316,1.01
2026-01-18 16:15:55.332,1.012
2026-01-18 16:15:55.332,1.014
2026-01-18 16:15:55.349,1.011
2026-01-18 16:15:55.365,1.013
2026-01-18 16:15:55.366,1.019
2026-01-18 16:15:55.381,1.015
2026-01-18 16:15:55.399,1.012
2026-01-18 16:15:55.415,1.011
2026-01-18 16:15:55.415,1.012
2026-01-18 16:15:55.431,1.012
2026-01-18 16:15:55.448,1.01
2026-01-18 16:15:55.465,1.01
2026-01-18 16:15:55.465,1.005
2026-01-18 16:15:55.482,1.006
2026-01-18 16:15:55.498,1.008
2026-01-18 16:15:55.499,1.01
2026-01-18 16:15:55.515,1.012
2026-01-18 16:15:55.532,1.01
2026-01-18 16:15:55.550,1.015
2026-01-18 16:15:55.550,1.017
2026-01-18 16:15:55.565,1.013
2026-01-18 16:15:55.582,1.019
2026-01-18 16:15:55.583,1.014
2026-01-18 16:15:55.598,1.015
2026-01-18 16:15:55.615,1.021
2026-01-18 16:15:55.633,1.023
2026-01-18 16:15:55.633,1.024
2026-01-18 16:15:55.648,1.018
2026-01-18 16:15:55.665,1.017
2026-01-18 16:15:55.666,1.015
2026-01-18 16:15:55.681,1.018
2026-01-18 16:15:55.699,1.017
2026-01-18 16:15:55.720,1.015
2026-01-18 16:15:55.720,1.012
2026-01-18 16:15:55.731,1.007
2026-01-18 16:15:55.749,1.004
2026-01-18 16:15:55.764,1.006
2026-01-18 16:15:55.764,1.007
2026-01-18 16:15:55.781,1.013
2026-01-18 16:15:55.799,1.016
2026-01-18 16:15:55.801,1.014
2026-01-18 16:15:55.816,1.019
2026-01-18 16:15:55.830,1.018
2026-01-18 16:15:55.849,1.017
2026-01-18 16:15:55.849,1.011
2026-01-18 16:15:55.883,1.007
2026-01-18 16:15:55.883,1.009
2026-01-18 16:15:55.899,1.006
2026-01-18 16:15:55.916,1.012
2026-01-18 16:15:55.932,1.011
2026-01-18 16:15:55.932,1.011
2026-01-18 16:15:55.949,1.011
2026-01-18 16:15:55.966,1.012
2026-01-18 16:15:55.966,1.016
2026-01-18 16:15:55.982,1.015
2026-01-18 16:15:55.998,1.008
2026-01-18 16:15:56.013,1.003
2026-01-18 16:15:56.013,1.004
2026-01-18 16:15:56.032,1.005
2026-01-18 16:15:56.049,1.007
2026-01-18 16:15:56.049,1.005
2026-01-18 16:15:56.065,1.005
2026-01-18 16:15:56.082,1.007
2026-01-18 16:15:56.099,1.006
2026-01-18 16:15:56.099,1.009
2026-01-18 16:15:56.114,1.015
2026-01-18 16:15:56.132,1.012
2026-01-18 16:15:56.149,1.01
2026-01-18 16:15:56.164,1.005
2026-01-18 16:15:56.183,1.005
2026-01-18 16:15:56.183,1.004
2026-01-18 16:15:56.198,1.009
2026-01-18 16:15:56.216,1.013
2026-01-18 16:15:56.231,1.013
2026-01-18 16:15:56.231,1.008
2026-01-18 16:15:56.246,1.006
2026-01-18 16:15:56.265,1.012
2026-01-18 16:15:56.265,1.011
2026-01-18 16:15:56.281,1.01
2026-01-18 16:15:56.299,1.012
2026-01-18 16:15:56.315,1.011
2026-01-18 16:15:56.315,1.009
2026-01-18 16:15:56.331,1.011
2026-01-18 16:15:56.348,1.016
2026-01-18 16:15:56.348,1.013
2026-01-18 16:15:56.363,1.007
2026-01-18 16:15:56.383,1.006
2026-01-18 16:15:56.397,1.004
2026-01-18 16:15:56.397,1.01
2026-01-18 16:15:56.414,1.016
2026-01-18 16:15:56.431,1.018
2026-01-18 16:15:56.448,1.014
2026-01-18 16:15:56.449,1.013
2026-01-18 16:15:56.465,1.01
2026-01-18 16:15:56.480,1.009
2026-01-18 16:15:56.498,1.009
2026-01-18 16:15:56.498,1.012
2026-01-18 16:15:56.515,1.01
2026-01-18 16:15:56.532,1.014
2026-01-18 16:15:56.532,1.016
2026-01-18 16:15:56.574,1.023
2026-01-18 16:15:56.574,1.028
2026-01-18 16:15:56.574,1.03
2026-01-18 16:15:56.584,1.026
2026-01-18 16:15:56.598,1.027
2026-01-18 16:15:56.615,1.025
2026-01-18 16:15:56.615,1.021
2026-01-18 16:15:56.631,1.019
2026-01-18 16:15:56.648,1.017
2026-01-18 16:15:56.665,1.017
2026-01-18 16:15:56.665,1.013
2026-01-18 16:15:56.682,1.012
2026-01-18 16:15:56.699,1.012
2026-01-18 16:15:56.699,1.011
2026-01-18 16:15:56.714,1.012
2026-01-18 16:15:56.736,1.011
2026-01-18 16:15:56.736,1.012
2026-01-18 16:15:56.747,1.011
2026-01-18 16:15:56.765,1.019
2026-01-18 16:15:56.782,1.02
2026-01-18 16:15:56.782,1.019
2026-01-18 16:15:56.798,1.019
2026-01-18 16:15:56.816,1.013
2026-01-18 16:15:56.832,1.015
2026-01-18 16:15:56.832,1.018
2026-01-18 16:15:56.847,1.018
2026-01-18 16:15:56.865,1.029
2026-01-18 16:15:56.865,1.03
2026-01-18 16:15:56.882,1.028
2026-01-18 16:15:56.898,1.024
2026-01-18 16:15:56.915,1.026
2026-01-18 16:15:56.915,1.025
2026-01-18 16:15:56.933,1.026
2026-01-18 16:15:56.948,1.023
2026-01-18 16:15:56.964,1.023
2026-01-18 16:15:56.965,1.021
2026-01-18 16:15:56.983,1.025
2026-01-18 16:15:56.998,1.022
2026-01-18 16:15:56.998,1.018
2026-01-18 16:15:57.014,1.018
2026-01-18 16:15:57.032,1.021
2026-01-18 16:15:57.049,1.02
2026-01-18 16:15:57.050,1.02
2026-01-18 16:15:57.064,1.015
2026-01-18 16:15:57.082,1.015
2026-01-18 16:15:57.083,1.015
2026-01-18 16:15:57.098,1.017
2026-01-18 16:15:57.115,1.018
2026-01-18 16:15:57.132,1.02
2026-01-18 16:15:57.132,1.019
2026-01-18 16:15:57.148,1.018
2026-01-18 16:15:57.165,1.016
2026-01-18 16:15:57.166,1.023
2026-01-18 16:15:57.182,1.026
2026-01-18 16:15:57.200,1.028
2026-01-18 16:15:57.215,1.026
2026-01-18 16:15:57.215,1.028
2026-01-18 16:15:57.230,1.028
2026-01-18 16:15:57.249,1.027
2026-01-18 16:15:57.264,1.025
2026-01-18 16:15:57.265,1.019
2026-01-18 16:15:57.282,1.017
2026-01-18 16:15:57.297,1.021
2026-01-18 16:15:57.297,1.018
2026-01-18 16:15:57.313,1.016
2026-01-18 16:15:57.331,1.016
2026-01-18 16:15:57.348,1.021
2026-01-18 16:15:57.348,1.027
2026-01-18 16:15:57.364,1.026
2026-01-18 16:15:57.381,1.032
2026-01-18 16:15:57.382,1.038
2026-01-18 16:15:57.398,1.035
2026-01-18 16:15:57.414,1.036
2026-01-18 16:15:57.430,1.037
2026-01-18 16:15:57.431,1.037
2026-01-18 16:15:57.448,1.033
2026-01-18 16:15:57.464,1.033
2026-01-18 16:15:57.481,1.034
2026-01-18 16:15:57.481,1.034
2026-01-18 16:15:57.498,1.032
2026-01-18 16:15:57.515,1.029
2026-01-18 16:15:57.515,1.024
2026-01-18 16:15:57.531,1.027
2026-01-18 16:15:57.548,1.03
2026-01-18 16:15:57.564,1.029
2026-01-18 16:15:57.564,1.031
2026-01-18 16:15:57.582,1.031
2026-01-18 16:15:57.599,1.025
2026-01-18 16:15:57.599,1.022
2026-01-18 16:15:57.615,1.019
2026-01-18 16:15:57.631,1.017
2026-01-18 16:15:57.648,1.017
2026-01-18 16:15:57.649,1.022
2026-01-18 16:15:57.664,1.024
2026-01-18 16:15:57.681,1.024
2026-01-18 16:15:57.682,1.025
2026-01-18 16:15:57.698,1.027
2026-01-18 16:15:57.720,1.026
2026-01-18 16:15:57.720,1.023
2026-01-18 16:15:57.731,1.022
2026-01-18 16:15:57.748,1.022
2026-01-18 16:15:57.764,1.018
2026-01-18 16:15:57.766,1.016
2026-01-18 16:15:57.782,1.011
2026-01-18 16:15:57.799,1.017
2026-01-18 16:15:57.815,1.015
2026-01-18 16:15:57.815,1.015
2026-01-18 16:15:57.831,1.017
2026-01-18 16:15:57.848,1.016
2026-01-18 16:15:57.849,1.017
2026-01-18 16:15:57.865,1.014
2026-01-18 16:15:57.882,1.011
2026-01-18 16:15:57.898,1.014
2026-01-18 16:15:57.899,1.016
2026-01-18 16:15:57.936,1.021
2026-01-18 16:15:57.937,1.019
2026-01-18 16:15:57.937,1.024
2026-01-18 16:15:57.965,1.024
2026-01-18 16:15:57.966,1.025
2026-01-18 16:15:57.982,1.027
2026-01-18 16:15:57.982,1.031
2026-01-18 16:15:57.998,1.033
2026-01-18 16:15:58.014,1.029
2026-01-18 16:15:58.031,1.034
2026-01-18 16:15:58.031,1.036
2026-01-18 16:15:58.048,1.033
2026-01-18 16:15:58.065,1.028
2026-01-18 16:15:58.065,1.026
2026-01-18 16:15:58.082,1.023
2026-01-18 16:15:58.098,1.02
2026-01-18 16:15:58.115,1.014
2026-01-18 16:15:58.115,1.014
2026-01-18 16:15:58.132,1.018
2026-01-18 16:15:58.149,1.012
2026-01-18 16:15:58.164,1.018
2026-01-18 16:15:58.165,1.012
2026-01-18 16:15:58.182,1.008
2026-01-18 16:15:58.197,1.008
2026-01-18 16:15:58.198,1.007
2026-01-18 16:15:58.215,1.005
2026-01-18 16:15:58.231,1.006
2026-01-18 16:15:58.248,1.007
2026-01-18 16:15:58.249,1.008
2026-01-18 16:15:58.265,1.006
2026-01-18 16:15:58.280,1.007
2026-01-18 16:15:58.299,1.005
2026-01-18 16:15:58.299,1.006
2026-01-18 16:15:58.314,1.005
2026-01-18 16:15:58.331,1.012
2026-01-18 16:15:58.332,1.016
2026-01-18 16:15:58.348,1.015
2026-01-18 16:15:58.364,1.015
2026-01-18 16:15:58.365,1.013
2026-01-18 16:15:58.381,1.012
2026-01-18 16:15:58.399,1.016
2026-01-18 16:15:58.415,1.017
2026-01-18 16:15:58.415,1.019
2026-01-18 16:15:58.431,1.017
2026-01-18 16:15:58.448,1.013
2026-01-18 16:15:58.464,1.018
2026-01-18 16:15:58.465,1.017
2026-01-18 16:15:58.483,1.017
2026-01-18 16:15:58.498,1.018
2026-01-18 16:15:58.499,1.015
2026-01-18 16:15:58.514,1.016
2026-01-18 16:15:58.532,1.01
2026-01-18 16:15:58.548,1.008
2026-01-18 16:15:58.550,1.006
2026-01-18 16:15:58.565,1.006
2026-01-18 16:15:58.581,1.01
2026-01-18 16:15:58.583,1.009
2026-01-18 16:15:58.598,1.015
2026-01-18 16:15:58.615,1.019
2026-01-18 16:15:58.631,1.018
2026-01-18 16:15:58.631,1.017
2026-01-18 16:15:58.647,1.018
2026-01-18 16:15:58.665,1.017
2026-01-18 16:15:58.665,1.017
2026-01-18 16:15:58.682,1.021
2026-01-18 16:15:58.697,1.028
2026-01-18 16:15:58.715,1.025
2026-01-18 16:15:58.715,1.027
2026-01-18 16:15:58.737,1.021
2026-01-18 16:15:58.737,1.019
2026-01-18 16:15:58.750,1.018
2026-01-18 16:15:58.764,1.017
2026-01-18 16:15:58.781,1.016
2026-01-18 16:15:58.798,1.011
2026-01-18 16:15:58.798,1.012
2026-01-18 16:15:58.814,1.016
2026-01-18 16:15:58.832,1.013
2026-01-18 16:15:58.848,1.016
2026-01-18 16:15:58.848,1.018
2026-01-18 16:15:58.865,1.019
2026-01-18 16:15:58.882,1.016
2026-01-18 16:15:58.882,1.012
2026-01-18 16:15:58.897,1.015
2026-01-18 16:15:58.913,1.012
2026-01-18 16:15:58.930,1.014
2026-01-18 16:15:58.931,1.012
2026-01-18 16:15:58.955,1.009
2026-01-18 16:15:58.955,1.007
2026-01-18 16:15:58.969,1.011
2026-01-18 16:15:58.981,1.013
2026-01-18 16:15:58.997,1.014
2026-01-18 16:15:59.014,1.012
2026-01-18 16:15:59.015,1.015
2026-01-18 16:15:59.030,1.019
2026-01-18 16:15:59.048,1.021
2026-01-18 16:15:59.065,1.019
2026-01-18 16:15:59.065,1.013
2026-01-18 16:15:59.081,1.012
2026-01-18 16:15:59.098,1.013
2026-01-18 16:15:59.098,1.014
2026-01-18 16:15:59.114,1.009
2026-01-18 16:15:59.131,1.009
2026-01-18 16:15:59.147,1.012
2026-01-18 16:15:59.147,1.007
2026-01-18 16:15:59.164,1.007
2026-01-18 16:15:59.181,1.008
2026-01-18 16:15:59.182,1.01
2026-01-18 16:15:59.198,1.013
2026-01-18 16:15:59.216,1.011
2026-01-18 16:15:59.221,1.012
2026-01-18 16:15:59.230,1.019
2026-01-18 16:15:59.248,1.016
2026-01-18 16:15:59.265,1.015
2026-01-18 16:15:59.266,1.02
2026-01-18 16:15:59.281,1.023
2026-01-18 16:15:59.308,1.02
2026-01-18 16:15:59.309,1.016
2026-01-18 16:15:59.317,1.014
2026-01-18 16:15:59.329,1.014
2026-01-18 16:15:59.348,1.009
2026-01-18 16:15:59.364,1.015
2026-01-18 16:15:59.365,1.012
2026-01-18 16:15:59.381,1.014
2026-01-18 16:15:59.399,1.015
2026-01-18 16:15:59.399,1.014
2026-01-18 16:15:59.414,1.014
2026-01-18 16:15:59.429,1.011
2026-01-18 16:15:59.448,1.015
2026-01-18 16:15:59.449,1.015
2026-01-18 16:15:59.464,1.012
2026-01-18 16:15:59.481,1.008
2026-01-18 16:15:59.482,1.013
2026-01-18 16:15:59.497,1.009
2026-01-18 16:15:59.514,1.01
2026-01-18 16:15:59.531,1.005
2026-01-18 16:15:59.531,1.003
2026-01-18 16:15:59.547,1.007
2026-01-18 16:15:59.565,1.015
2026-01-18 16:15:59.565,1.018
2026-01-18 16:15:59.580,1.013
2026-01-18 16:15:59.598,1.013
2026-01-18 16:15:59.615,1.011
2026-01-18 16:15:59.615,1.012
2026-01-18 16:15:59.631,1.014
2026-01-18 16:15:59.647,1.011
2026-01-18 16:15:59.650,1.01
2026-01-18 16:15:59.664,1.011
2026-01-18 16:15:59.681,1.012
2026-01-18 16:15:59.697,1.012
2026-01-18 16:15:59.698,1.018
2026-01-18 16:15:59.714,1.012
2026-01-18 16:15:59.735,1.014
2026-01-18 16:15:59.736,1.018
2026-01-18 16:15:59.747,1.021
2026-01-18 16:15:59.764,1.02
2026-01-18 16:15:59.781,1.018
2026-01-18 16:15:59.782,1.02
2026-01-18 16:15:59.798,1.024
2026-01-18 16:15:59.814,1.022
2026-01-18 16:15:59.831,1.019
2026-01-18 16:15:59.831,1.015
2026-01-18 16:15:59.848,1.009
2026-01-18 16:15:59.864,1.012
2026-01-18 16:15:59.881,1.011
2026-01-18 16:15:59.881,1.013
2026-01-18 16:15:59.898,1.013
2026-01-18 16:15:59.915,1.015
2026-01-18 16:15:59.915,1.022
2026-01-18 16:15:59.931,1.025
2026-01-18 16:15:59.947,1.021
2026-01-18 16:15:59.963,1.019
2026-01-18 16:15:59.964,1.013
2026-01-18 16:15:59.981,1.011
2026-01-18 16:15:59.998,1.011
2026-01-18 16:15:59.999,1.008
2026-01-18 16:16:00.015,1.005
2026-01-18 16:16:00.030,1.011
2026-01-18 16:16:00.047,1.012
2026-01-18 16:16:00.047,1.015
2026-01-18 16:16:00.065,1.014
2026-01-18 16:16:00.081,1.012
2026-01-18 16:16:00.082,1.009
2026-01-18 16:16:00.098,1.011
2026-01-18 16:16:00.116,1.011
2026-01-18 16:16:00.131,1.006
2026-01-18 16:16:00.131,1.01
2026-01-18 16:16:00.147,1.013
2026-01-18 16:16:00.164,1.013
2026-01-18 16:16:00.181,1.015
2026-01-18 16:16:00.182,1.021
2026-01-18 16:16:00.198,1.02
2026-01-18 16:16:00.214,1.017
2026-01-18 16:16:00.214,1.013
2026-01-18 16:16:00.231,1.01
2026-01-18 16:16:00.247,1.008
2026-01-18 16:16:00.264,1.01
2026-01-18 16:16:00.264,1.008
2026-01-18 16:16:00.281,1.011
2026-01-18 16:16:00.299,1.015
2026-01-18 16:16:00.300,1.015
2026-01-18 16:16:00.314,1.012
2026-01-18 16:16:00.331,1.009
2026-01-18 16:16:00.348,1.006
2026-01-18 16:16:00.348,1.003
2026-01-18 16:16:00.365,1.007
2026-01-18 16:16:00.381,1.007
2026-01-18 16:16:00.382,1.001
2026-01-18 16:16:00.397,1.006
2026-01-18 16:16:00.414,1.004
2026-01-18 16:16:00.431,1.008
2026-01-18 16:16:00.432,1.009
2026-01-18 16:16:00.446,1.004
2026-01-18 16:16:00.464,1.007
2026-01-18 16:16:00.480,1.011
2026-01-18 16:16:00.481,1.008
2026-01-18 16:16:00.497,1.009
2026-01-18 16:16:00.514,1.006
2026-01-18 16:16:00.514,1.007
2026-01-18 16:16:00.530,1.012
2026-01-18 16:16:00.547,1.017
2026-01-18 16:16:00.563,1.014
2026-01-18 16:16:00.564,1.015
2026-01-18 16:16:00.580,1.014
2026-01-18 16:16:00.598,1.018
2026-01-18 16:16:00.599,1.02
2026-01-18 16:16:00.614,1.017
2026-01-18 16:16:00.630,1.014
2026-01-18 16:16:00.673,1.013
2026-01-18 16:16:00.673,1.013
2026-01-18 16:16:00.674,1.012
2026-01-18 16:16:00.674,1.017
2026-01-18 16:16:00.685,1.017
2026-01-18 16:16:00.697,1.014
2026-01-18 16:16:00.714,1.017
2026-01-18 16:16:00.737,1.016
2026-01-18 16:16:00.737,1.02
2026-01-18 16:16:00.748,1.014
2026-01-18 16:16:00.764,1.018
2026-01-18 16:16:00.781,1.02
2026-01-18 16:16:00.782,1.021
2026-01-18 16:16:00.798,1.023
2026-01-18 16:16:00.814,1.02
2026-01-18 16:16:00.814,1.023
2026-01-18 16:16:00.832,1.02
2026-01-18 16:16:00.848,1.022
2026-01-18 16:16:00.865,1.016
2026-01-18 16:16:00.865,1.016
2026-01-18 16:16:00.880,1.013
2026-01-18 16:16:00.897,1.012
2026-01-18 16:16:00.897,1.019
2026-01-18 16:16:00.913,1.016
2026-01-18 16:16:00.932,1.013
2026-01-18 16:16:00.947,1.011
2026-01-18 16:16:00.948,1.013
2026-01-18 16:16:00.963,1.014
2026-01-18 16:16:00.980,1.017
2026-01-18 16:16:00.998,1.01
2026-01-18 16:16:00.998,1.008
2026-01-18 16:16:01.013,1.011
2026-01-18 16:16:01.031,1.01
2026-01-18 16:16:01.031,1.009
2026-01-18 16:16:01.047,1.012
2026-01-18 16:16:01.064,1.012
2026-01-18 16:16:01.081,1.013
2026-01-18 16:16:01.081,1.009
2026-01-18 16:16:01.098,1.011
2026-01-18 16:16:01.113,1.009
2026-01-18 16:16:01.113,1.01
2026-01-18 16:16:01.132,1.009
2026-01-18 16:16:01.148,1.011
2026-01-18 16:16:01.164,1.02
2026-01-18 16:16:01.165,1.018
2026-01-18 16:16:01.182,1.017
2026-01-18 16:16:01.198,1.019
2026-01-18 16:16:01.198,1.021
2026-01-18 16:16:01.215,1.018
2026-01-18 16:16:01.230,1.013
2026-01-18 16:16:01.247,1.014
2026-01-18 16:16:01.248,1.011
2026-01-18 16:16:01.266,1.015
2026-01-18 16:16:01.281,1.022
2026-01-18 16:16:01.281,1.018
2026-01-18 16:16:01.298,1.021
2026-01-18 16:16:01.313,1.018
2026-01-18 16:16:01.331,1.014
2026-01-18 16:16:01.331,1.022
2026-01-18 16:16:01.347,1.025
2026-01-18 16:16:01.364,1.027
2026-01-18 16:16:01.365,1.03
2026-01-18 16:16:01.380,1.024
2026-01-18 16:16:01.400,1.026
2026-01-18 16:16:01.401,1.019
2026-01-18 16:16:01.418,1.026
2026-01-18 16:16:01.430,1.024
2026-01-18 16:16:01.446,1.022
2026-01-18 16:16:01.464,1.02
2026-01-18 16:16:01.464,1.023
2026-01-18 16:16:01.481,1.021
2026-01-18 16:16:01.497,1.023
2026-01-18 16:16:01.497,1.021
2026-01-18 16:16:01.513,1.023
2026-01-18 16:16:01.532,1.02
2026-01-18 16:16:01.549,1.021
2026-01-18 16:16:01.549,1.017
2026-01-18 16:16:01.564,1.011
2026-01-18 16:16:01.581,1.015
2026-01-18 16:16:01.581,1.013
2026-01-18 16:16:01.598,1.013
2026-01-18 16:16:01.616,1.014
2026-01-18 16:16:01.631,1.011
2026-01-18 16:16:01.631,1.011
2026-01-18 16:16:01.647,1.009
2026-01-18 16:16:01.663,1.007
2026-01-18 16:16:01.681,1.007
2026-01-18 16:16:01.682,1.008
2026-01-18 16:16:01.697,1.018
2026-01-18 16:16:01.714,1.017
2026-01-18 16:16:01.714,1.025
2026-01-18 16:16:01.736,1.028
2026-01-18 16:16:01.737,1.022
2026-01-18 16:16:01.763,1.024
2026-01-18 16:16:01.763,1.021
2026-01-18 16:16:01.780,1.023
2026-01-18 16:16:01.800,1.021
2026-01-18 16:16:01.800,1.022
2026-01-18 16:16:01.815,1.023
2026-01-18 16:16:01.830,1.021
2026-01-18 16:16:01.847,1.02
2026-01-18 16:16:01.847,1.019
2026-01-18 16:16:01.863,1.026
2026-01-18 16:16:01.880,1.027
2026-01-18 16:16:01.897,1.027
2026-01-18 16:16:01.897,1.024
2026-01-18 16:16:01.914,1.023
2026-01-18 16:16:01.930,1.025
2026-01-18 16:16:01.930,1.024
2026-01-18 16:16:01.946,1.021
2026-01-18 16:16:01.964,1.023
2026-01-18 16:16:01.980,1.021
2026-01-18 16:16:01.980,1.022
2026-01-18 16:16:02.022,1.024
2026-01-18 16:16:02.022,1.021
2026-01-18 16:16:02.022,1.029
2026-01-18 16:16:02.031,1.028
2026-01-18 16:16:02.046,1.025
2026-01-18 16:16:02.063,1.026
2026-01-18 16:16:02.064,1.026
2026-01-18 16:16:02.079,1.025
2026-01-18 16:16:02.096,1.022
2026-01-18 16:16:02.096,1.028
2026-01-18 16:16:02.114,1.027
2026-01-18 16:16:02.130,1.023
2026-01-18 16:16:02.146,1.028
2026-01-18 16:16:02.147,1.028
2026-01-18 16:16:02.163,1.021
2026-01-18 16:16:02.180,1.018
2026-01-18 16:16:02.196,1.014
2026-01-18 16:16:02.196,1.018
2026-01-18 16:16:02.212,1.021
2026-01-18 16:16:02.230,1.016
2026-01-18 16:16:02.231,1.022
2026-01-18 16:16:02.247,1.019
2026-01-18 16:16:02.262,1.017
2026-01-18 16:16:02.279,1.018
2026-01-18 16:16:02.279,1.012
2026-01-18 16:16:02.296,1.011
2026-01-18 16:16:02.314,1.008
2026-01-18 16:16:02.314,1.003
2026-01-18 16:16:02.329,1.006
2026-01-18 16:16:02.346,1.009
2026-01-18 16:16:02.362,1.007
2026-01-18 16:16:02.362,1.0
2026-01-18 16:16:02.378,0.996
2026-01-18 16:16:02.395,1.002
2026-01-18 16:16:02.413,1.003
2026-01-18 16:16:02.413,1.009
2026-01-18 16:16:02.430,1.004
2026-01-18 16:16:02.447,1.01
2026-01-18 16:16:02.447,1.008
2026-01-18 16:16:02.464,1.015
2026-01-18 16:16:02.482,1.01
2026-01-18 16:16:02.482,1.012
2026-01-18 16:16:02.497,1.011
2026-01-18 16:16:02.514,1.011
2026-01-18 16:16:02.531,1.01
2026-01-18 16:16:02.531,1.012
2026-01-18 16:16:02.547,1.011
2026-01-18 16:16:02.564,1.011
2026-01-18 16:16:02.581,1.013
2026-01-18 16:16:02.581,1.018
2026-01-18 16:16:02.597,1.018
2026-01-18 16:16:02.614,1.016
2026-01-18 16:16:02.615,1.016
2026-01-18 16:16:02.630,1.013
2026-01-18 16:16:02.647,1.017
2026-01-18 16:16:02.666,1.012
2026-01-18 16:16:02.666,1.007
2026-01-18 16:16:02.680,1.008
2026-01-18 16:16:02.697,1.015
2026-01-18 16:16:02.697,1.014
2026-01-18 16:16:02.714,1.011
2026-01-18 16:16:02.738,1.008
2026-01-18 16:16:02.738,1.014
2026-01-18 16:16:02.747,1.017
2026-01-18 16:16:02.764,1.018
2026-01-18 16:16:02.781,1.022
2026-01-18 16:16:02.782,1.019
2026-01-18 16:16:02.798,1.016
2026-01-18 16:16:02.814,1.022
2026-01-18 16:16:02.831,1.019
2026-01-18 16:16:02.831,1.015
2026-01-18 16:16:02.848,1.011
2026-01-18 16:16:02.863,1.007
2026-01-18 16:16:02.880,1.009
2026-01-18 16:16:02.880,1.008
2026-01-18 16:16:02.897,1.008
2026-01-18 16:16:02.914,1.008
2026-01-18 16:16:02.914,1.015
2026-01-18 16:16:02.930,1.014
2026-01-18 16:16:02.947,1.011
2026-01-18 16:16:02.964,1.014
2026-01-18 16:16:02.964,1.012
2026-01-18 16:16:02.980,1.008
2026-01-18 16:16:02.997,1.003
2026-01-18 16:16:02.997,1.0
2026-01-18 16:16:03.013,1.005
2026-01-18 16:16:03.030,1.006
2026-01-18 16:16:03.047,1.006
2026-01-18 16:16:03.047,1.006
2026-01-18 16:16:03.063,1.01
2026-01-18 16:16:03.079,1.013
2026-01-18 16:16:03.096,1.012
2026-01-18 16:16:03.096,1.015
2026-01-18 16:16:03.113,1.014
2026-01-18 16:16:03.130,1.015
2026-01-18 16:16:03.130,1.014
2026-01-18 16:16:03.147,1.021
2026-01-18 16:16:03.164,1.019
2026-01-18 16:16:03.180,1.018
2026-01-18 16:16:03.180,1.013
2026-01-18 16:16:03.198,1.008
2026-01-18 16:16:03.214,1.004
2026-01-18 16:16:03.214,1.007
2026-01-18 16:16:03.230,1.016
2026-01-18 16:16:03.248,1.012
2026-01-18 16:16:03.263,1.01
2026-01-18 16:16:03.264,1.012
2026-01-18 16:16:03.280,1.013
2026-01-18 16:16:03.297,1.012
2026-01-18 16:16:03.315,1.011
2026-01-18 16:16:03.315,1.012
2026-01-18 16:16:03.329,1.017
2026-01-18 16:16:03.348,1.022
2026-01-18 16:16:03.348,1.019
2026-01-18 16:16:03.364,1.017
2026-01-18 16:16:03.391,1.016
2026-01-18 16:16:03.392,1.012
2026-01-18 16:16:03.402,1.008
2026-01-18 16:16:03.413,1.013
2026-01-18 16:16:03.431,1.011
2026-01-18 16:16:03.432,1.009
2026-01-18 16:16:03.448,1.004
2026-01-18 16:16:03.463,1.001
2026-01-18 16:16:03.479,1.001
2026-01-18 16:16:03.479,1.002
2026-01-18 16:16:03.500,0.999
2026-01-18 16:16:03.501,1.001
2026-01-18 16:16:03.514,1.006
2026-01-18 16:16:03.530,1.006
2026-01-18 16:16:03.548,1.013
2026-01-18 16:16:03.550,1.014
2026-01-18 16:16:03.563,1.012
2026-01-18 16:16:03.581,1.015
2026-01-18 16:16:03.598,1.01
2026-01-18 16:16:03.599,1.01
2026-01-18 16:16:03.615,1.008
2026-01-18 16:16:03.631,1.008
2026-01-18 16:16:03.648,1.006
2026-01-18 16:16:03.648,1.007
2026-01-18 16:16:03.663,1.005
2026-01-18 16:16:03.681,1.01
2026-01-18 16:16:03.681,1.01
2026-01-18 16:16:03.697,1.01
2026-01-18 16:16:03.720,1.01
2026-01-18 16:16:03.720,1.01
2026-01-18 16:16:03.730,1.014
2026-01-18 16:16:03.747,1.007
2026-01-18 16:16:03.764,1.011
2026-01-18 16:16:03.780,1.015
2026-01-18 16:16:03.781,1.012
2026-01-18 16:16:03.797,1.009
2026-01-18 16:16:03.814,1.004
2026-01-18 16:16:03.814,1.006
2026-01-18 16:16:03.830,1.006
2026-01-18 16:16:03.848,1.009
2026-01-18 16:16:03.849,1.009
2026-01-18 16:16:03.864,1.005
2026-01-18 16:16:03.881,1.004
2026-01-18 16:16:03.899,1.005
2026-01-18 16:16:03.899,1.004
2026-01-18 16:16:03.914,1.006
2026-01-18 16:16:03.930,1.004
2026-01-18 16:16:03.949,1.007
2026-01-18 16:16:03.949,1.007
2026-01-18 16:16:03.963,1.013
2026-01-18 16:16:03.980,1.007
2026-01-18 16:16:03.997,1.01
2026-01-18 16:16:03.997,1.005
2026-01-18 16:16:04.014,1.006
2026-01-18 16:16:04.030,1.003
2026-01-18 16:16:04.030,1.0
2026-01-18 16:16:04.047,1.002
2026-01-18 16:16:04.064,1.004
2026-01-18 16:16:04.065,1.006
2026-01-18 16:16:04.080,1.006
2026-01-18 16:16:04.097,1.01
2026-01-18 16:16:04.114,1.006
2026-01-18 16:16:04.114,1.012
2026-01-18 16:16:04.129,1.01
2026-01-18 16:16:04.146,1.013
2026-01-18 16:16:04.163,1.013
2026-01-18 16:16:04.163,1.012
2026-01-18 16:16:04.179,1.015
2026-01-18 16:16:04.196,1.017
2026-01-18 16:16:04.214,1.019
2026-01-18 16:16:04.214,1.023
2026-01-18 16:16:04.230,1.019
2026-01-18 16:16:04.247,1.023
2026-01-18 16:16:04.248,1.02
2026-01-18 16:16:04.263,1.018
2026-01-18 16:16:04.281,1.021
2026-01-18 16:16:04.281,1.02
2026-01-18 16:16:04.297,1.023
2026-01-18 16:16:04.313,1.026
2026-01-18 16:16:04.331,1.024
2026-01-18 16:16:04.332,1.023
2026-01-18 16:16:04.348,1.021
2026-01-18 16:16:04.364,1.017
2026-01-18 16:16:04.380,1.019
2026-01-18 16:16:04.380,1.015
2026-01-18 16:16:04.398,1.022
2026-01-18 16:16:04.413,1.021
2026-01-18 16:16:04.414,1.022
2026-01-18 16:16:04.431,1.025
2026-01-18 16:16:04.447,1.022
2026-01-18 16:16:04.464,1.016
2026-01-18 16:16:04.465,1.011
2026-01-18 16:16:04.480,1.009
2026-01-18 16:16:04.497,1.005
2026-01-18 16:16:04.497,1.003
2026-01-18 16:16:04.513,1.002
2026-01-18 16:16:04.531,1.002
2026-01-18 16:16:04.548,1.006
2026-01-18 16:16:04.548,1.007
2026-01-18 16:16:04.563,1.009
2026-01-18 16:16:04.581,1.005
2026-01-18 16:16:04.581,1.005
2026-01-18 16:16:04.597,1.004
2026-01-18 16:16:04.613,1.007
2026-01-18 16:16:04.630,1.009
2026-01-18 16:16:04.630,1.008
2026-01-18 16:16:04.648,1.003
2026-01-18 16:16:04.664,1.005
2026-01-18 16:16:04.680,1.01
2026-01-18 16:16:04.680,1.01
2026-01-18 16:16:04.696,1.013
2026-01-18 16:16:04.720,1.005
2026-01-18 16:16:04.720,1.006
2026-01-18 16:16:04.729,1.003
2026-01-18 16:16:04.782,1.005
2026-01-18 16:16:04.783,1.005
2026-01-18 16:16:04.783,1.002
2026-01-18 16:16:04.784,1.0
2026-01-18 16:16:04.793,1.001
2026-01-18 16:16:04.815,1.005
2026-01-18 16:16:04.815,1.01
2026-01-18 16:16:04.830,1.011
2026-01-18 16:16:04.846,1.013
2026-01-18 16:16:04.847,1.015
2026-01-18 16:16:04.863,1.011
2026-01-18 16:16:04.881,1.008
2026-01-18 16:16:04.882,1.008
2026-01-18 16:16:04.896,1.006
2026-01-18 16:16:04.915,1.014
2026-01-18 16:16:04.930,1.016
2026-01-18 16:16:04.930,1.015
2026-01-18 16:16:04.947,1.014
2026-01-18 16:16:04.964,1.016
2026-01-18 16:16:04.981,1.016
2026-01-18 16:16:04.981,1.014
2026-01-18 16:16:04.997,1.018
2026-01-18 16:16:05.013,1.016
2026-01-18 16:16:05.013,1.016
2026-01-18 16:16:05.031,1.023
2026-01-18 16:16:05.047,1.022
2026-01-18 16:16:05.063,1.022
2026-01-18 16:16:05.064,1.023
2026-01-18 16:16:05.081,1.026
2026-01-18 16:16:05.096,1.02
2026-01-18 16:16:05.097,1.024
2026-01-18 16:16:05.113,1.024
2026-01-18 16:16:05.130,1.016
2026-01-18 16:16:05.147,1.013
2026-01-18 16:16:05.148,1.015
2026-01-18 16:16:05.162,1.016
2026-01-18 16:16:05.180,1.019
2026-01-18 16:16:05.196,1.018
2026-01-18 16:16:05.196,1.018
2026-01-18 16:16:05.214,1.017
2026-01-18 16:16:05.230,1.015
2026-01-18 16:16:05.230,1.02
2026-01-18 16:16:05.246,1.015
2026-01-18 16:16:05.264,1.017
2026-01-18 16:16:05.280,1.015
2026-01-18 16:16:05.280,1.01
2026-01-18 16:16:05.298,1.011
2026-01-18 16:16:05.313,1.01
2026-01-18 16:16:05.314,1.014
2026-01-18 16:16:05.331,1.013
2026-01-18 16:16:05.347,1.017
2026-01-18 16:16:05.363,1.017
2026-01-18 16:16:05.364,1.018
2026-01-18 16:16:05.380,1.016
2026-01-18 16:16:05.395,1.013
2026-01-18 16:16:05.413,1.019
2026-01-18 16:16:05.413,1.018
2026-01-18 16:16:05.429,1.022
2026-01-18 16:16:05.446,1.021
2026-01-18 16:16:05.447,1.022
2026-01-18 16:16:05.463,1.017
2026-01-18 16:16:05.481,1.017
2026-01-18 16:16:05.482,1.013
2026-01-18 16:16:05.497,1.011
2026-01-18 16:16:05.513,1.011
2026-01-18 16:16:05.531,1.011
2026-01-18 16:16:05.531,1.012
2026-01-18 16:16:05.547,1.014
2026-01-18 16:16:05.563,1.018
2026-01-18 16:16:05.581,1.019
2026-01-18 16:16:05.581,1.018
2026-01-18 16:16:05.599,1.013
2026-01-18 16:16:05.613,1.011
2026-01-18 16:16:05.613,1.006
2026-01-18 16:16:05.630,1.01
2026-01-18 16:16:05.647,1.015
2026-01-18 16:16:05.664,1.021
2026-01-18 16:16:05.664,1.021
2026-01-18 16:16:05.680,1.028
2026-01-18 16:16:05.695,1.029
2026-01-18 16:16:05.713,1.024
2026-01-18 16:16:05.713,1.024
2026-01-18 16:16:05.736,1.025
2026-01-18 16:16:05.737,1.025
2026-01-18 16:16:05.746,1.021
2026-01-18 16:16:05.763,1.019
2026-01-18 16:16:05.780,1.014
2026-01-18 16:16:05.797,1.014
2026-01-18 16:16:05.797,1.011
2026-01-18 16:16:05.813,1.01
2026-01-18 16:16:05.832,1.009
2026-01-18 16:16:05.832,1.012
2026-01-18 16:16:05.847,1.011
2026-01-18 16:16:05.863,1.009
2026-01-18 16:16:05.880,1.011
2026-01-18 16:16:05.880,1.005
2026-01-18 16:16:05.897,1.005
2026-01-18 16:16:05.913,1.006
2026-01-18 16:16:05.914,1.003
2026-01-18 16:16:05.930,1.004
2026-01-18 16:16:05.946,1.003
2026-01-18 16:16:05.963,1.001
2026-01-18 16:16:05.963,1.006
2026-01-18 16:16:05.979,1.004
2026-01-18 16:16:05.996,1.006
2026-01-18 16:16:05.997,1.005
2026-01-18 16:16:06.014,1.011
2026-01-18 16:16:06.029,1.015
2026-01-18 16:16:06.047,1.02
2026-01-18 16:16:06.048,1.017
2026-01-18 16:16:06.063,1.016
2026-01-18 16:16:06.081,1.016
2026-01-18 16:16:06.081,1.016
2026-01-18 16:16:06.123,1.019
2026-01-18 16:16:06.124,1.02
2026-01-18 16:16:06.124,1.023
2026-01-18 16:16:06.135,1.025
2026-01-18 16:16:06.146,1.023
2026-01-18 16:16:06.163,1.022
2026-01-18 16:16:06.180,1.018
2026-01-18 16:16:06.180,1.017
2026-01-18 16:16:06.197,1.017
2026-01-18 16:16:06.214,1.023
2026-01-18 16:16:06.214,1.02
2026-01-18 16:16:06.229,1.016
2026-01-18 16:16:06.245,1.018
2026-01-18 16:16:06.262,1.014
2026-01-18 16:16:06.263,1.019
2026-01-18 16:16:06.280,1.023
2026-01-18 16:16:06.295,1.023
2026-01-18 16:16:06.313,1.019
2026-01-18 16:16:06.314,1.015
2026-01-18 16:16:06.329,1.015
2026-01-18 16:16:06.346,1.013
2026-01-18 16:16:06.346,1.009
2026-01-18 16:16:06.362,1.006
2026-01-18 16:16:06.379,1.011
2026-01-18 16:16:06.395,1.011
2026-01-18 16:16:06.396,1.012
2026-01-18 16:16:06.413,1.009
2026-01-18 16:16:06.428,1.009
2026-01-18 16:16:06.445,1.012
2026-01-18 16:16:06.446,1.007
2026-01-18 16:16:06.464,1.013
2026-01-18 16:16:06.479,1.014
2026-01-18 16:16:06.480,1.011
2026-01-18 16:16:06.497,1.005
2026-01-18 16:16:06.513,1.005
2026-01-18 16:16:06.513,1.001
2026-01-18 16:16:06.531,1.006
2026-01-18 16:16:06.546,1.006
2026-01-18 16:16:06.562,1.001
2026-01-18 16:16:06.563,1.002
2026-01-18 16:16:06.581,1.002
2026-01-18 16:16:06.597,1.002
2026-01-18 16:16:06.598,1.0
2026-01-18 16:16:06.613,1.0
2026-01-18 16:16:06.630,0.996
2026-01-18 16:16:06.647,0.998
2026-01-18 16:16:06.647,0.995
2026-01-18 16:16:06.663,1.003
2026-01-18 16:16:06.679,1.005
2026-01-18 16:16:06.697,1.004
2026-01-18 16:16:06.697,1.004
2026-01-18 16:16:06.713,1.006
2026-01-18 16:16:06.737,1.007
2026-01-18 16:16:06.737,1.009
2026-01-18 16:16:06.746,1.013
2026-01-18 16:16:06.763,1.012
2026-01-18 16:16:06.779,1.014
2026-01-18 16:16:06.780,1.019
2026-01-18 16:16:06.797,1.019
2026-01-18 16:16:06.813,1.02
2026-01-18 16:16:06.814,1.02
2026-01-18 16:16:06.829,1.018
2026-01-18 16:16:06.847,1.018
2026-01-18 16:16:06.862,1.019
2026-01-18 16:16:06.862,1.02
2026-01-18 16:16:06.880,1.02
2026-01-18 16:16:06.897,1.016
2026-01-18 16:16:06.897,1.012
2026-01-18 16:16:06.912,1.011
2026-01-18 16:16:06.929,1.012
2026-01-18 16:16:06.947,1.009
2026-01-18 16:16:06.948,1.008
2026-01-18 16:16:06.963,1.005
2026-01-18 16:16:06.979,1.007
2026-01-18 16:16:06.996,1.009
2026-01-18 16:16:06.996,1.005
2026-01-18 16:16:07.012,1.011
2026-01-18 16:16:07.030,1.01
2026-01-18 16:16:07.031,1.009
2026-01-18 16:16:07.047,1.007
2026-01-18 16:16:07.063,1.008
2026-01-18 16:16:07.080,1.011
2026-01-18 16:16:07.081,1.01
2026-01-18 16:16:07.096,1.015
2026-01-18 16:16:07.113,1.015
2026-01-18 16:16:07.113,1.014
2026-01-18 16:16:07.130,1.011
2026-01-18 16:16:07.146,1.01
2026-01-18 16:16:07.163,1.008
2026-01-18 16:16:07.163,1.008
2026-01-18 16:16:07.180,1.005
2026-01-18 16:16:07.197,1.002
2026-01-18 16:16:07.198,1.005
2026-01-18 16:16:07.213,1.003
2026-01-18 16:16:07.229,0.998
2026-01-18 16:16:07.245,0.997
2026-01-18 16:16:07.245,1.0
2026-01-18 16:16:07.263,1.005
2026-01-18 16:16:07.280,1.006
2026-01-18 16:16:07.281,1.002
2026-01-18 16:16:07.296,1.003
2026-01-18 16:16:07.314,1.004
2026-01-18 16:16:07.329,1.001
2026-01-18 16:16:07.330,1.006
2026-01-18 16:16:07.346,1.006
2026-01-18 16:16:07.362,0.999
2026-01-18 16:16:07.380,0.995
2026-01-18 16:16:07.380,0.998
2026-01-18 16:16:07.396,1.004
2026-01-18 16:16:07.413,1.005
2026-01-18 16:16:07.413,1.007
2026-01-18 16:16:07.431,1.005
2026-01-18 16:16:07.446,1.002
2026-01-18 16:16:07.483,1.0
2026-01-18 16:16:07.484,0.999
2026-01-18 16:16:07.484,1.006
2026-01-18 16:16:07.490,1.002
2026-01-18 16:16:07.514,1.002
2026-01-18 16:16:07.514,1.002
2026-01-18 16:16:07.529,1.009
2026-01-18 16:16:07.547,1.008
2026-01-18 16:16:07.547,1.004
2026-01-18 16:16:07.562,1.002
2026-01-18 16:16:07.580,1.0
2026-01-18 16:16:07.580,1.001
2026-01-18 16:16:07.597,1.007
2026-01-18 16:16:07.612,1.011
2026-01-18 16:16:07.631,1.015
2026-01-18 16:16:07.631,1.016
2026-01-18 16:16:07.647,1.017
2026-01-18 16:16:07.663,1.015
2026-01-18 16:16:07.680,1.012
2026-01-18 16:16:07.680,1.015
2026-01-18 16:16:07.696,1.011
2026-01-18 16:16:07.712,1.019
2026-01-18 16:16:07.713,1.013
2026-01-18 16:16:07.730,1.014
2026-01-18 16:16:07.751,1.01
2026-01-18 16:16:07.751,1.016
2026-01-18 16:16:07.762,1.011
2026-01-18 16:16:07.780,1.015
2026-01-18 16:16:07.797,1.014
2026-01-18 16:16:07.812,1.008
2026-01-18 16:16:07.813,1.011
2026-01-18 16:16:07.829,1.012
2026-01-18 16:16:07.846,1.008
2026-01-18 16:16:07.846,1.014
2026-01-18 16:16:07.863,1.021
2026-01-18 16:16:07.880,1.014
2026-01-18 16:16:07.897,1.012
2026-01-18 16:16:07.897,1.012
2026-01-18 16:16:07.914,1.015
2026-01-18 16:16:07.929,1.012
2026-01-18 16:16:07.929,1.021
2026-01-18 16:16:07.946,1.02
2026-01-18 16:16:07.964,1.014
2026-01-18 16:16:07.980,1.017
2026-01-18 16:16:07.980,1.014
2026-01-18 16:16:07.996,1.01
2026-01-18 16:16:08.012,1.011
2026-01-18 16:16:08.014,1.014
2026-01-18 16:16:08.029,1.015
2026-01-18 16:16:08.046,1.022
2026-01-18 16:16:08.062,1.025
2026-01-18 16:16:08.063,1.024
2026-01-18 16:16:08.079,1.018
2026-01-18 16:16:08.096,1.018
2026-01-18 16:16:08.113,1.015
2026-01-18 16:16:08.113,1.013
2026-01-18 16:16:08.131,1.018
2026-01-18 16:16:08.147,1.014
2026-01-18 16:16:08.147,1.013
2026-01-18 16:16:08.162,1.013
2026-01-18 16:16:08.181,1.013
2026-01-18 16:16:08.195,1.012
2026-01-18 16:16:08.214,1.02
2026-01-18 16:16:08.229,1.019
2026-01-18 16:16:08.229,1.015
2026-01-18 16:16:08.246,1.013
2026-01-18 16:16:08.262,1.009
2026-01-18 16:16:08.278,1.015
2026-01-18 16:16:08.279,1.018
2026-01-18 16:16:08.297,1.015
2026-01-18 16:16:08.313,1.009
2026-01-18 16:16:08.313,1.009
2026-01-18 16:16:08.328,1.011
2026-01-18 16:16:08.346,1.008
2026-01-18 16:16:08.362,1.013
2026-01-18 16:16:08.362,1.013
2026-01-18 16:16:08.380,1.012
2026-01-18 16:16:08.397,1.007
2026-01-18 16:16:08.397,1.012
2026-01-18 16:16:08.412,1.012
2026-01-18 16:16:08.430,1.014
2026-01-18 16:16:08.447,1.012
2026-01-18 16:16:08.448,1.012
2026-01-18 16:16:08.463,1.011
2026-01-18 16:16:08.479,1.013
2026-01-18 16:16:08.496,1.011
2026-01-18 16:16:08.497,1.013
2026-01-18 16:16:08.512,1.013
2026-01-18 16:16:08.530,1.013
2026-01-18 16:16:08.530,1.015
2026-01-18 16:16:08.544,1.013
2026-01-18 16:16:08.562,1.016
2026-01-18 16:16:08.579,1.02
2026-01-18 16:16:08.579,1.019
2026-01-18 16:16:08.596,1.021
2026-01-18 16:16:08.612,1.021
2026-01-18 16:16:08.630,1.02
2026-01-18 16:16:08.630,1.018
2026-01-18 16:16:08.645,1.023
2026-01-18 16:16:08.662,1.021
2026-01-18 16:16:08.662,1.016
2026-01-18 16:16:08.679,1.017
2026-01-18 16:16:08.696,1.022
2026-01-18 16:16:08.711,1.023
2026-01-18 16:16:08.713,1.018
2026-01-18 16:16:08.729,1.014
2026-01-18 16:16:08.753,1.011
2026-01-18 16:16:08.753,1.006
2026-01-18 16:16:08.763,1.002
2026-01-18 16:16:08.779,1.005
2026-01-18 16:16:08.795,1.007
2026-01-18 16:16:08.795,1.006
2026-01-18 16:16:08.813,1.011
2026-01-18 16:16:08.829,1.01
2026-01-18 16:16:08.829,1.014
2026-01-18 16:16:08.845,1.014
2026-01-18 16:16:08.862,1.012
2026-01-18 16:16:08.880,1.016
2026-01-18 16:16:08.881,1.015
2026-01-18 16:16:08.896,1.01
2026-01-18 16:16:08.912,1.007
2026-01-18 16:16:08.913,1.01
2026-01-18 16:16:08.929,1.006
2026-01-18 16:16:08.946,1.007
2026-01-18 16:16:08.963,1.014
2026-01-18 16:16:08.964,1.015
2026-01-18 16:16:08.986,1.019
2026-01-18 16:16:09.000,1.02
2026-01-18 16:16:09.012,1.016
2026-01-18 16:16:09.028,1.013
2026-01-18 16:16:09.046,1.012
2026-01-18 16:16:09.063,1.012
2026-01-18 16:16:09.080,1.008
2026-01-18 16:16:09.096,1.011
2026-01-18 16:16:09.096,1.017
2026-01-18 16:16:09.112,1.016
2026-01-18 16:16:09.131,1.021
2026-01-18 16:16:09.131,1.022
2026-01-18 16:16:09.147,1.027
2026-01-18 16:16:09.163,1.024
2026-01-18 16:16:09.179,1.018
2026-01-18 16:16:09.179,1.01
2026-01-18 16:16:09.197,1.013
2026-01-18 16:16:09.213,1.01
2026-01-18 16:16:09.214,1.012
2026-01-18 16:16:09.229,1.018
2026-01-18 16:16:09.246,1.022
2026-01-18 16:16:09.262,1.023
2026-01-18 16:16:09.263,1.022
2026-01-18 16:16:09.279,1.018
2026-01-18 16:16:09.295,1.022
2026-01-18 16:16:09.313,1.021
2026-01-18 16:16:09.313,1.022
2026-01-18 16:16:09.329,1.016
2026-01-18 16:16:09.346,1.016
2026-01-18 16:16:09.346,1.017
2026-01-18 16:16:09.362,1.014
2026-01-18 16:16:09.379,1.012
2026-01-18 16:16:09.397,1.011
2026-01-18 16:16:09.397,1.009
2026-01-18 16:16:09.412,1.01
2026-01-18 16:16:09.429,1.013
2026-01-18 16:16:09.430,1.01
2026-01-18 16:16:09.445,1.009
2026-01-18 16:16:09.461,1.011
2026-01-18 16:16:09.479,1.012
2026-01-18 16:16:09.479,1.015
2026-01-18 16:16:09.496,1.012
2026-01-18 16:16:09.512,1.01
2026-01-18 16:16:09.513,1.008
2026-01-18 16:16:09.530,1.007
2026-01-18 16:16:09.547,1.012
2026-01-18 16:16:09.563,1.014
2026-01-18 16:16:09.563,1.016
2026-01-18 16:16:09.580,1.013
2026-01-18 16:16:09.595,1.013
2026-01-18 16:16:09.613,1.011
2026-01-18 16:16:09.613,1.014
2026-01-18 16:16:09.629,1.015
2026-01-18 16:16:09.646,1.01
2026-01-18 16:16:09.647,1.011
2026-01-18 16:16:09.662,1.009
2026-01-18 16:16:09.679,1.009
2026-01-18 16:16:09.696,1.009
2026-01-18 16:16:09.697,1.009
2026-01-18 16:16:09.712,1.008
2026-01-18 16:16:09.730,1.011
2026-01-18 16:16:09.730,1.005
2026-01-18 16:16:09.752,1.006
2026-01-18 16:16:09.762,1.005
2026-01-18 16:16:09.779,1.005
2026-01-18 16:16:09.779,1.002
2026-01-18 16:16:09.799,1.001
2026-01-18 16:16:09.813,0.999
2026-01-18 16:16:09.813,0.996
2026-01-18 16:16:09.829,1.0
2026-01-18 16:16:09.846,1.002
2026-01-18 16:16:09.862,0.998
2026-01-18 16:16:09.862,0.995
2026-01-18 16:16:09.880,1.002
2026-01-18 16:16:09.896,1.003
2026-01-18 16:16:09.896,1.005
2026-01-18 16:16:09.913,1.001
2026-01-18 16:16:09.929,1.003
2026-01-18 16:16:09.946,1.002
2026-01-18 16:16:09.947,1.001
2026-01-18 16:16:09.963,0.998
2026-01-18 16:16:09.979,1.0
2026-01-18 16:16:09.996,0.996
2026-01-18 16:16:09.996,0.997
2026-01-18 16:16:10.012,1.004
2026-01-18 16:16:10.029,1.002
2026-01-18 16:16:10.029,1.002
2026-01-18 16:16:10.045,1.0
2026-01-18 16:16:10.063,0.996
2026-01-18 16:16:10.079,0.994
2026-01-18 16:16:10.079,0.994
2026-01-18 16:16:10.096,0.997
2026-01-18 16:16:10.113,0.998
2026-01-18 16:16:10.113,1.004
2026-01-18 16:16:10.129,1.003
2026-01-18 16:16:10.147,1.0
2026-01-18 16:16:10.162,0.999
2026-01-18 16:16:10.162,0.998
2026-01-18 16:16:10.204,1.0
2026-01-18 16:16:10.205,1.0
2026-01-18 16:16:10.205,1.002
2026-01-18 16:16:10.215,0.998
2026-01-18 16:16:10.229,1.001
2026-01-18 16:16:10.246,1.006
2026-01-18 16:16:10.246,1.007
2026-01-18 16:16:10.262,1.005
2026-01-18 16:16:10.279,1.007
2026-01-18 16:16:10.295,1.009
2026-01-18 16:16:10.295,1.008
2026-01-18 16:16:10.312,1.009
2026-01-18 16:16:10.328,1.013
2026-01-18 16:16:10.328,1.016
2026-01-18 16:16:10.345,1.019
2026-01-18 16:16:10.364,1.013
2026-01-18 16:16:10.378,1.007
2026-01-18 16:16:10.379,1.005
2026-01-18 16:16:10.396,1.003
2026-01-18 16:16:10.412,1.001
2026-01-18 16:16:10.412,1.002
2026-01-18 16:16:10.429,0.999
2026-01-18 16:16:10.446,0.999
2026-01-18 16:16:10.462,0.997
2026-01-18 16:16:10.462,1.0
2026-01-18 16:16:10.478,1.002
2026-01-18 16:16:10.495,1.011
2026-01-18 16:16:10.512,1.008
2026-01-18 16:16:10.512,1.006
2026-01-18 16:16:10.528,1.005
2026-01-18 16:16:10.546,1.001
2026-01-18 16:16:10.547,1.005
2026-01-18 16:16:10.562,1.007
2026-01-18 16:16:10.581,1.007
2026-01-18 16:16:10.582,1.007
2026-01-18 16:16:10.597,1.006
2026-01-18 16:16:10.612,1.006
2026-01-18 16:16:10.629,1.007
2026-01-18 16:16:10.629,1.011
2026-01-18 16:16:10.646,1.009
2026-01-18 16:16:10.663,1.004
2026-01-18 16:16:10.679,1.009
2026-01-18 16:16:10.679,1.002
2026-01-18 16:16:10.696,1.01
2026-01-18 16:16:10.713,1.013
2026-01-18 16:16:10.714,1.013
2026-01-18 16:16:10.729,1.018
2026-01-18 16:16:10.745,1.015
2026-01-18 16:16:10.768,1.012
2026-01-18 16:16:10.768,1.011
2026-01-18 16:16:10.779,1.01
2026-01-18 16:16:10.795,1.013
2026-01-18 16:16:10.812,1.015
2026-01-18 16:16:10.812,1.02
2026-01-18 16:16:10.828,1.021
2026-01-18 16:16:10.846,1.02
2026-01-18 16:16:10.846,1.02
2026-01-18 16:16:10.862,1.022
2026-01-18 16:16:10.878,1.021
2026-01-18 16:16:10.894,1.018
2026-01-18 16:16:10.895,1.017
2026-01-18 16:16:10.911,1.015
2026-01-18 16:16:10.930,1.011
2026-01-18 16:16:10.930,1.015
2026-01-18 16:16:10.945,1.013
2026-01-18 16:16:10.962,1.009
2026-01-18 16:16:10.980,1.005
2026-01-18 16:16:10.980,1.002
2026-01-18 16:16:10.996,1.006
2026-01-18 16:16:11.013,1.004
2026-01-18 16:16:11.014,1.008
2026-01-18 16:16:11.029,1.009
2026-01-18 16:16:11.046,1.013
2026-01-18 16:16:11.062,1.01
2026-01-18 16:16:11.062,1.008
2026-01-18 16:16:11.079,1.017
2026-01-18 16:16:11.096,1.023
2026-01-18 16:16:11.096,1.015
2026-01-18 16:16:11.112,1.008
2026-01-18 16:16:11.129,1.004
2026-01-18 16:16:11.145,1.007
2026-01-18 16:16:11.145,1.008
2026-01-18 16:16:11.161,1.011
2026-01-18 16:16:11.178,1.004
2026-01-18 16:16:11.196,1.003
2026-01-18 16:16:11.196,1.009
2026-01-18 16:16:11.213,1.011
2026-01-18 16:16:11.228,1.009
2026-01-18 16:16:11.245,1.004
2026-01-18 16:16:11.245,1.0
2026-01-18 16:16:11.262,1.003
2026-01-18 16:16:11.279,1.006
2026-01-18 16:16:11.279,1.01
2026-01-18 16:16:11.298,1.008
2026-01-18 16:16:11.313,1.005
2026-01-18 16:16:11.314,1.005
2026-01-18 16:16:11.329,1.012
2026-01-18 16:16:11.346,1.01
2026-01-18 16:16:11.362,1.009
2026-01-18 16:16:11.363,1.003
2026-01-18 16:16:11.378,0.999
2026-01-18 16:16:11.396,0.996
2026-01-18 16:16:11.412,0.993
2026-01-18 16:16:11.412,0.992
2026-01-18 16:16:11.430,0.988
2026-01-18 16:16:11.446,0.986
2026-01-18 16:16:11.447,0.988
2026-01-18 16:16:11.462,0.994
2026-01-18 16:16:11.480,0.99
2026-01-18 16:16:11.496,0.99
2026-01-18 16:16:11.496,0.993
2026-01-18 16:16:11.511,0.991
2026-01-18 16:16:11.528,0.989
2026-01-18 16:16:11.529,0.988
2026-01-18 16:16:11.587,0.989
2026-01-18 16:16:11.588,0.991
2026-01-18 16:16:11.589,0.991
2026-01-18 16:16:11.589,0.989
2026-01-18 16:16:11.589,0.992
2026-01-18 16:16:11.601,0.99
2026-01-18 16:16:11.614,0.993
2026-01-18 16:16:11.628,0.99
2026-01-18 16:16:11.645,0.991
2026-01-18 16:16:11.662,0.989
2026-01-18 16:16:11.662,0.992
2026-01-18 16:16:11.679,0.996
2026-01-18 16:16:11.696,0.997
2026-01-18 16:16:11.712,0.999
2026-01-18 16:16:11.712,0.998
2026-01-18 16:16:11.729,0.999
2026-01-18 16:16:11.747,0.996
2026-01-18 16:16:11.747,0.993
2026-01-18 16:16:11.768,0.997
2026-01-18 16:16:11.769,1.0
2026-01-18 16:16:11.797,0.997
2026-01-18 16:16:11.797,1.0
2026-01-18 16:16:11.811,1.006
2026-01-18 16:16:11.829,1.0
2026-01-18 16:16:11.829,1.003
2026-01-18 16:16:11.845,1.001
2026-01-18 16:16:11.862,1.002
2026-01-18 16:16:11.879,1.005
2026-01-18 16:16:11.880,1.007
2026-01-18 16:16:11.896,1.005
2026-01-18 16:16:11.912,1.007
2026-01-18 16:16:11.930,1.011
2026-01-18 16:16:11.930,1.009
2026-01-18 16:16:11.946,1.008
2026-01-18 16:16:11.962,1.012
2026-01-18 16:16:11.963,1.008
2026-01-18 16:16:11.980,1.004
2026-01-18 16:16:11.996,1.005
2026-01-18 16:16:11.997,1.01
2026-01-18 16:16:12.012,1.005
2026-01-18 16:16:12.028,1.004
2026-01-18 16:16:12.046,1.005
2026-01-18 16:16:12.046,1.004
2026-01-18 16:16:12.062,1.004
2026-01-18 16:16:12.080,1.007
2026-01-18 16:16:12.096,1.007
2026-01-18 16:16:12.096,1.01
2026-01-18 16:16:12.112,1.011
2026-01-18 16:16:12.130,1.012
2026-01-18 16:16:12.130,1.009
2026-01-18 16:16:12.146,1.011
2026-01-18 16:16:12.162,1.008
2026-01-18 16:16:12.178,1.008
2026-01-18 16:16:12.178,1.003
2026-01-18 16:16:12.195,0.999
2026-01-18 16:16:12.214,1.0
2026-01-18 16:16:12.214,0.998
2026-01-18 16:16:12.228,1.002
2026-01-18 16:16:12.246,1.004
2026-01-18 16:16:12.262,1.009
2026-01-18 16:16:12.263,1.007
2026-01-18 16:16:12.278,1.006
2026-01-18 16:16:12.297,1.009
2026-01-18 16:16:12.297,1.009
2026-01-18 16:16:12.312,1.004
2026-01-18 16:16:12.329,1.006
2026-01-18 16:16:12.346,1.01
2026-01-18 16:16:12.347,1.011
2026-01-18 16:16:12.362,1.013
2026-01-18 16:16:12.380,1.008
2026-01-18 16:16:12.396,1.011
2026-01-18 16:16:12.397,1.012
2026-01-18 16:16:12.411,1.007
2026-01-18 16:16:12.429,1.009
2026-01-18 16:16:12.429,1.011
2026-01-18 16:16:12.445,1.01
2026-01-18 16:16:12.462,1.009
2026-01-18 16:16:12.478,1.006
2026-01-18 16:16:12.478,1.01
2026-01-18 16:16:12.495,1.013
2026-01-18 16:16:12.512,1.013
2026-01-18 16:16:12.528,1.009
2026-01-18 16:16:12.528,1.012
2026-01-18 16:16:12.545,1.014
2026-01-18 16:16:12.562,1.011
2026-01-18 16:16:12.562,1.014
2026-01-18 16:16:12.580,1.013
2026-01-18 16:16:12.596,1.011
2026-01-18 16:16:12.612,1.011
2026-01-18 16:16:12.612,1.011
2026-01-18 16:16:12.628,1.009
2026-01-18 16:16:12.647,1.012
2026-01-18 16:16:12.647,1.013
2026-01-18 16:16:12.662,1.013
2026-01-18 16:16:12.678,1.017
2026-01-18 16:16:12.696,1.012
2026-01-18 16:16:12.696,1.01
2026-01-18 16:16:12.712,1.008
2026-01-18 16:16:12.729,1.011
2026-01-18 16:16:12.729,1.009
2026-01-18 16:16:12.746,1.01
2026-01-18 16:16:12.767,1.013
2026-01-18 16:16:12.767,1.017
2026-01-18 16:16:12.778,1.01
2026-01-18 16:16:12.795,1.011
2026-01-18 16:16:12.812,1.009
2026-01-18 16:16:12.828,1.006
2026-01-18 16:16:12.829,1.011
2026-01-18 16:16:12.846,1.009
2026-01-18 16:16:12.862,1.005
2026-01-18 16:16:12.862,1.007
2026-01-18 16:16:12.878,1.005
2026-01-18 16:16:12.896,1.009
2026-01-18 16:16:12.898,1.013
2026-01-18 16:16:12.912,1.017
2026-01-18 16:16:12.940,1.015
2026-01-18 16:16:12.941,1.013
2026-01-18 16:16:12.950,1.012
2026-01-18 16:16:12.961,1.016
2026-01-18 16:16:12.978,1.014
2026-01-18 16:16:12.995,1.013
2026-01-18 16:16:12.995,1.008
2026-01-18 16:16:13.012,1.006
2026-01-18 16:16:13.029,1.007
2026-01-18 16:16:13.029,1.007
2026-01-18 16:16:13.045,1.004
2026-01-18 16:16:13.061,1.01
2026-01-18 16:16:13.079,1.011
2026-01-18 16:16:13.079,1.005
2026-01-18 16:16:13.095,1.007
2026-01-18 16:16:13.112,1.006
2026-01-18 16:16:13.129,1.011
2026-01-18 16:16:13.129,1.013
2026-01-18 16:16:13.144,1.007
2026-01-18 16:16:13.162,1.011
2026-01-18 16:16:13.162,1.011
2026-01-18 16:16:13.178,1.013
2026-01-18 16:16:13.195,1.014
2026-01-18 16:16:13.214,1.009
2026-01-18 16:16:13.214,1.014
2026-01-18 16:16:13.228,1.012
2026-01-18 16:16:13.245,1.011
2026-01-18 16:16:13.245,1.01
2026-01-18 16:16:13.261,1.004
2026-01-18 16:16:13.278,1.007
2026-01-18 16:16:13.295,1.01
2026-01-18 16:16:13.295,1.012
2026-01-18 16:16:13.312,1.011
2026-01-18 16:16:13.327,1.012
2026-01-18 16:16:13.345,1.007
2026-01-18 16:16:13.345,1.007
2026-01-18 16:16:13.362,1.006
2026-01-18 16:16:13.378,1.005
2026-01-18 16:16:13.378,1.009
2026-01-18 16:16:13.395,1.011
2026-01-18 16:16:13.411,1.011
2026-01-18 16:16:13.429,1.013
2026-01-18 16:16:13.430,1.01
2026-01-18 16:16:13.445,1.005
2026-01-18 16:16:13.461,1.005
2026-01-18 16:16:13.461,1.007
2026-01-18 16:16:13.479,1.008
2026-01-18 16:16:13.494,1.006
2026-01-18 16:16:13.512,1.009
2026-01-18 16:16:13.512,1.008
2026-01-18 16:16:13.529,1.002
2026-01-18 16:16:13.545,1.008
2026-01-18 16:16:13.545,1.009
2026-01-18 16:16:13.561,1.007
2026-01-18 16:16:13.580,1.01
2026-01-18 16:16:13.581,1.01
2026-01-18 16:16:13.595,1.011
2026-01-18 16:16:13.611,1.009
2026-01-18 16:16:13.629,1.009
2026-01-18 16:16:13.630,1.017
2026-01-18 16:16:13.645,1.018
2026-01-18 16:16:13.663,1.017
2026-01-18 16:16:13.678,1.015
2026-01-18 16:16:13.679,1.013
2026-01-18 16:16:13.696,1.014
2026-01-18 16:16:13.712,1.011
2026-01-18 16:16:13.713,1.016
2026-01-18 16:16:13.729,1.013
2026-01-18 16:16:13.747,1.011
2026-01-18 16:16:13.769,1.008
2026-01-18 16:16:13.769,1.008
2026-01-18 16:16:13.778,1.006
2026-01-18 16:16:13.796,1.004
2026-01-18 16:16:13.812,1.002
2026-01-18 16:16:13.812,1.0
2026-01-18 16:16:13.828,0.997
2026-01-18 16:16:13.846,0.996
2026-01-18 16:16:13.846,0.999
2026-01-18 16:16:13.862,1.002
2026-01-18 16:16:13.879,1.001
2026-01-18 16:16:13.894,1.002
2026-01-18 16:16:13.895,1.001
2026-01-18 16:16:13.910,1.004
2026-01-18 16:16:13.928,1.003
2026-01-18 16:16:13.929,1.002
2026-01-18 16:16:13.946,1.0
2026-01-18 16:16:13.962,1.002
2026-01-18 16:16:13.978,1.006
2026-01-18 16:16:13.978,1.007
2026-01-18 16:16:13.995,1.011
2026-01-18 16:16:14.011,1.011
2026-01-18 16:16:14.029,1.009
2026-01-18 16:16:14.030,1.01
2026-01-18 16:16:14.046,1.015
2026-01-18 16:16:14.063,1.014
2026-01-18 16:16:14.063,1.011
2026-01-18 16:16:14.079,1.009
2026-01-18 16:16:14.095,1.015
2026-01-18 16:16:14.112,1.018
2026-01-18 16:16:14.112,1.016
2026-01-18 16:16:14.127,1.021
2026-01-18 16:16:14.145,1.017
2026-01-18 16:16:14.145,1.015
2026-01-18 16:16:14.162,1.007
2026-01-18 16:16:14.179,1.007
2026-01-18 16:16:14.195,1.008
2026-01-18 16:16:14.196,1.006
2026-01-18 16:16:14.211,1.012
2026-01-18 16:16:14.228,1.01
2026-01-18 16:16:14.229,1.008
2026-01-18 16:16:14.245,1.007
2026-01-18 16:16:14.262,1.01
2026-01-18 16:16:14.291,1.012
2026-01-18 16:16:14.292,1.01
2026-01-18 16:16:14.292,1.01
2026-01-18 16:16:14.301,1.006
2026-01-18 16:16:14.330,1.006
2026-01-18 16:16:14.330,1.004
2026-01-18 16:16:14.346,1.0
2026-01-18 16:16:14.362,0.997
2026-01-18 16:16:14.362,0.998
2026-01-18 16:16:14.379,0.999
2026-01-18 16:16:14.395,1.0
2026-01-18 16:16:14.413,1.003
2026-01-18 16:16:14.413,1.005
2026-01-18 16:16:14.428,1.005
2026-01-18 16:16:14.445,1.007
2026-01-18 16:16:14.445,1.003
2026-01-18 16:16:14.463,1.001
2026-01-18 16:16:14.479,1.005
2026-01-18 16:16:14.495,1.007
2026-01-18 16:16:14.496,1.011
2026-01-18 16:16:14.512,1.014
2026-01-18 16:16:14.529,1.014
2026-01-18 16:16:14.529,1.015
2026-01-18 16:16:14.546,1.015
2026-01-18 16:16:14.562,1.011
2026-01-18 16:16:14.579,1.013
2026-01-18 16:16:14.580,1.009
2026-01-18 16:16:14.595,1.01
2026-01-18 16:16:14.612,1.007
2026-01-18 16:16:14.629,1.01
2026-01-18 16:16:14.629,1.013
2026-01-18 16:16:14.645,1.008
2026-01-18 16:16:14.661,1.004
2026-01-18 16:16:14.662,1.0
2026-01-18 16:16:14.679,1.001
2026-01-18 16:16:14.695,1.006
2026-01-18 16:16:14.711,1.005
2026-01-18 16:16:14.712,1.012
2026-01-18 16:16:14.728,1.009
2026-01-18 16:16:14.745,1.007
2026-01-18 16:16:14.745,1.008
2026-01-18 16:16:14.767,1.007
2026-01-18 16:16:14.778,1.003
2026-01-18 16:16:14.795,1.003
2026-01-18 16:16:14.796,1.009
2026-01-18 16:16:14.811,1.008
2026-01-18 16:16:14.829,1.007
2026-01-18 16:16:14.829,1.006
2026-01-18 16:16:14.845,1.007
2026-01-18 16:16:14.861,1.009
2026-01-18 16:16:14.879,1.011
2026-01-18 16:16:14.879,1.013
2026-01-18 16:16:14.895,1.015
2026-01-18 16:16:14.912,1.017
2026-01-18 16:16:14.929,1.018
2026-01-18 16:16:14.929,1.021
2026-01-18 16:16:14.945,1.018
2026-01-18 16:16:14.962,1.017
2026-01-18 16:16:14.963,1.019
2026-01-18 16:16:14.978,1.015
2026-01-18 16:16:14.996,1.01
2026-01-18 16:16:15.011,1.011
2026-01-18 16:16:15.012,1.012
2026-01-18 16:16:15.029,1.011
2026-01-18 16:16:15.045,1.014
2026-01-18 16:16:15.046,1.007
2026-01-18 16:16:15.061,1.009
2026-01-18 16:16:15.078,1.005
2026-01-18 16:16:15.095,1.011
2026-01-18 16:16:15.096,1.016
2026-01-18 16:16:15.112,1.012
2026-01-18 16:16:15.129,1.014
2026-01-18 16:16:15.130,1.009
2026-01-18 16:16:15.145,1.011
2026-01-18 16:16:15.162,1.006
2026-01-18 16:16:15.177,1.007
2026-01-18 16:16:15.177,1.008
2026-01-18 16:16:15.194,1.007
2026-01-18 16:16:15.211,1.009
2026-01-18 16:16:15.228,1.01
2026-01-18 16:16:15.229,1.016
2026-01-18 16:16:15.244,1.014
2026-01-18 16:16:15.260,1.011
2026-01-18 16:16:15.261,1.007
2026-01-18 16:16:15.277,1.01
2026-01-18 16:16:15.294,1.015
2026-01-18 16:16:15.311,1.013
2026-01-18 16:16:15.312,1.009
2026-01-18 16:16:15.327,1.007
2026-01-18 16:16:15.344,1.009
2026-01-18 16:16:15.345,1.005
2026-01-18 16:16:15.362,1.008
2026-01-18 16:16:15.379,1.01
2026-01-18 16:16:15.395,1.01
2026-01-18 16:16:15.396,1.008
2026-01-18 16:16:15.412,1.007
2026-01-18 16:16:15.428,1.01
2026-01-18 16:16:15.429,1.009
2026-01-18 16:16:15.445,1.008
2026-01-18 16:16:15.461,1.009
2026-01-18 16:16:15.479,1.01
2026-01-18 16:16:15.479,1.011
2026-01-18 16:16:15.496,1.017
2026-01-18 16:16:15.511,1.018
2026-01-18 16:16:15.530,1.021
2026-01-18 16:16:15.531,1.024
2026-01-18 16:16:15.545,1.019
2026-01-18 16:16:15.562,1.016
2026-01-18 16:16:15.563,1.017
2026-01-18 16:16:15.578,1.022
2026-01-18 16:16:15.595,1.015
2026-01-18 16:16:15.611,1.015
2026-01-18 16:16:15.612,1.012
2026-01-18 16:16:15.655,1.015
2026-01-18 16:16:15.656,1.015
2026-01-18 16:16:15.656,1.018
2026-01-18 16:16:15.665,1.017
2026-01-18 16:16:15.678,1.018
2026-01-18 16:16:15.695,1.012
2026-01-18 16:16:15.696,1.016
2026-01-18 16:16:15.711,1.02
2026-01-18 16:16:15.728,1.017
2026-01-18 16:16:15.746,1.016
2026-01-18 16:16:15.746,1.014
2026-01-18 16:16:15.769,1.015
2026-01-18 16:16:15.769,1.017
2026-01-18 16:16:15.777,1.015
2026-01-18 16:16:15.795,1.016
2026-01-18 16:16:15.811,1.015
2026-01-18 16:16:15.829,1.015
2026-01-18 16:16:15.829,1.013
2026-01-18 16:16:15.845,1.01
2026-01-18 16:16:15.862,1.011
2026-01-18 16:16:15.863,1.015
2026-01-18 16:16:15.877,1.018
2026-01-18 16:16:15.895,1.019
2026-01-18 16:16:15.911,1.016
2026-01-18 16:16:15.911,1.015
2026-01-18 16:16:15.927,1.011
2026-01-18 16:16:15.945,1.016
2026-01-18 16:16:15.946,1.018
2026-01-18 16:16:15.962,1.014
2026-01-18 16:16:15.978,1.014
2026-01-18 16:16:15.995,1.012
2026-01-18 16:16:15.995,1.014
2026-01-18 16:16:16.012,1.015
2026-01-18 16:16:16.028,1.012
2026-01-18 16:16:16.045,1.01
2026-01-18 16:16:16.046,1.007
2026-01-18 16:16:16.061,1.011
2026-01-18 16:16:16.079,1.009
2026-01-18 16:16:16.079,1.009
2026-01-18 16:16:16.095,1.01
2026-01-18 16:16:16.112,1.011
2026-01-18 16:16:16.128,1.014
2026-01-18 16:16:16.129,1.015
2026-01-18 16:16:16.146,1.021
2026-01-18 16:16:16.162,1.019
2026-01-18 16:16:16.162,1.016
2026-01-18 16:16:16.179,1.014
2026-01-18 16:16:16.195,1.014
2026-01-18 16:16:16.213,1.011
2026-01-18 16:16:16.214,1.008
2026-01-18 16:16:16.228,1.007
2026-01-18 16:16:16.245,1.013
2026-01-18 16:16:16.245,1.017
2026-01-18 16:16:16.261,1.016
2026-01-18 16:16:16.278,1.019
2026-01-18 16:16:16.294,1.016
2026-01-18 16:16:16.295,1.017
2026-01-18 16:16:16.312,1.02
2026-01-18 16:16:16.329,1.02
2026-01-18 16:16:16.329,1.013
2026-01-18 16:16:16.344,1.016
2026-01-18 16:16:16.361,1.018
2026-01-18 16:16:16.379,1.016
2026-01-18 16:16:16.379,1.016
2026-01-18 16:16:16.395,1.011
2026-01-18 16:16:16.412,1.016
2026-01-18 16:16:16.413,1.017
2026-01-18 16:16:16.428,1.019
2026-01-18 16:16:16.445,1.021
2026-01-18 16:16:16.461,1.022
2026-01-18 16:16:16.462,1.023
2026-01-18 16:16:16.479,1.027
2026-01-18 16:16:16.496,1.024
2026-01-18 16:16:16.512,1.025
2026-01-18 16:16:16.512,1.023
2026-01-18 16:16:16.528,1.022
2026-01-18 16:16:16.545,1.02
2026-01-18 16:16:16.545,1.016
2026-01-18 16:16:16.561,1.015
2026-01-18 16:16:16.578,1.014
2026-01-18 16:16:16.594,1.015
2026-01-18 16:16:16.594,1.023
2026-01-18 16:16:16.613,1.021
2026-01-18 16:16:16.628,1.022
2026-01-18 16:16:16.645,1.022
2026-01-18 16:16:16.645,1.021
2026-01-18 16:16:16.661,1.019
2026-01-18 16:16:16.678,1.016
2026-01-18 16:16:16.679,1.013
2026-01-18 16:16:16.695,1.012
2026-01-18 16:16:16.712,1.012
2026-01-18 16:16:16.729,1.012
2026-01-18 16:16:16.729,1.01
2026-01-18 16:16:16.746,1.012
2026-01-18 16:16:16.761,1.014
2026-01-18 16:16:16.761,1.016
2026-01-18 16:16:16.784,1.012
2026-01-18 16:16:16.784,1.011
2026-01-18 16:16:16.811,1.009
2026-01-18 16:16:16.811,1.008
2026-01-18 16:16:16.829,1.009
2026-01-18 16:16:16.845,1.008
2026-01-18 16:16:16.845,1.007
2026-01-18 16:16:16.861,1.007
2026-01-18 16:16:16.877,1.012
2026-01-18 16:16:16.895,1.011
2026-01-18 16:16:16.895,1.01
2026-01-18 16:16:16.911,1.017
2026-01-18 16:16:16.928,1.015
2026-01-18 16:16:16.945,1.017
2026-01-18 16:16:16.946,1.017
2026-01-18 16:16:16.961,1.017
2026-01-18 16:16:16.978,1.016
2026-01-18 16:16:16.979,1.01
2026-01-18 16:16:17.020,1.011
2026-01-18 16:16:17.021,1.009
2026-01-18 16:16:17.021,1.016
2026-01-18 16:16:17.033,1.013
2026-01-18 16:16:17.045,1.012
2026-01-18 16:16:17.061,1.015
2026-01-18 16:16:17.062,1.016
2026-01-18 16:16:17.078,1.017
2026-01-18 16:16:17.095,1.017
2026-01-18 16:16:17.112,1.018
2026-01-18 16:16:17.112,1.022
2026-01-18 16:16:17.127,1.018
2026-01-18 16:16:17.145,1.014
2026-01-18 16:16:17.145,1.012
2026-01-18 16:16:17.161,1.012
2026-01-18 16:16:17.178,1.013
2026-01-18 16:16:17.194,1.011
2026-01-18 16:16:17.195,1.013
2026-01-18 16:16:17.212,1.009
2026-01-18 16:16:17.228,1.007
2026-01-18 16:16:17.244,1.01
2026-01-18 16:16:17.245,1.012
2026-01-18 16:16:17.261,1.013
2026-01-18 16:16:17.279,1.013
2026-01-18 16:16:17.279,1.01
2026-01-18 16:16:17.295,1.013
2026-01-18 16:16:17.312,1.01
2026-01-18 16:16:17.328,1.014
2026-01-18 16:16:17.329,1.012
2026-01-18 16:16:17.344,1.011
2026-01-18 16:16:17.361,1.011
2026-01-18 16:16:17.361,1.013
2026-01-18 16:16:17.378,1.012
2026-01-18 16:16:17.394,1.01
2026-01-18 16:16:17.410,1.005
2026-01-18 16:16:17.410,1.006
2026-01-18 16:16:17.429,1.008
2026-01-18 16:16:17.445,1.01
2026-01-18 16:16:17.445,1.008
2026-01-18 16:16:17.461,1.007
2026-01-18 16:16:17.478,1.012
2026-01-18 16:16:17.494,1.015
2026-01-18 16:16:17.494,1.011
2026-01-18 16:16:17.511,1.011
2026-01-18 16:16:17.527,1.011
2026-01-18 16:16:17.544,1.01
2026-01-18 16:16:17.545,1.008
2026-01-18 16:16:17.560,1.013
2026-01-18 16:16:17.578,1.016
2026-01-18 16:16:17.578,1.015
2026-01-18 16:16:17.594,1.013
2026-01-18 16:16:17.610,1.015
2026-01-18 16:16:17.628,1.011
2026-01-18 16:16:17.628,1.011
2026-01-18 16:16:17.645,1.011
2026-01-18 16:16:17.661,1.009
2026-01-18 16:16:17.662,1.007
2026-01-18 16:16:17.678,1.01
2026-01-18 16:16:17.695,1.007
2026-01-18 16:16:17.712,1.006
2026-01-18 16:16:17.712,1.005
2026-01-18 16:16:17.728,1.01
2026-01-18 16:16:17.746,1.01
2026-01-18 16:16:17.746,1.008
2026-01-18 16:16:17.761,1.01
2026-01-18 16:16:17.784,1.012
2026-01-18 16:16:17.785,1.014
2026-01-18 16:16:17.794,1.016
2026-01-18 16:16:17.810,1.017
2026-01-18 16:16:17.829,1.012
2026-01-18 16:16:17.829,1.009
2026-01-18 16:16:17.845,1.009
2026-01-18 16:16:17.861,1.01
2026-01-18 16:16:17.879,1.01
2026-01-18 16:16:17.879,1.008
2026-01-18 16:16:17.895,1.009
2026-01-18 16:16:17.911,1.01
2026-01-18 16:16:17.929,1.018
2026-01-18 16:16:17.929,1.02
2026-01-18 16:16:17.944,1.016
2026-01-18 16:16:17.961,1.018
2026-01-18 16:16:17.961,1.02
2026-01-18 16:16:17.978,1.024
2026-01-18 16:16:17.995,1.021
2026-01-18 16:16:18.011,1.023
2026-01-18 16:16:18.011,1.024
2026-01-18 16:16:18.028,1.019
2026-01-18 16:16:18.046,1.017
2026-01-18 16:16:18.046,1.016
2026-01-18 16:16:18.061,1.017
2026-01-18 16:16:18.079,1.018
2026-01-18 16:16:18.095,1.015
2026-01-18 16:16:18.096,1.017
2026-01-18 16:16:18.112,1.013
2026-01-18 16:16:18.128,1.016
2026-01-18 16:16:18.144,1.011
2026-01-18 16:16:18.145,1.008
2026-01-18 16:16:18.162,1.008
2026-01-18 16:16:18.179,1.009
2026-01-18 16:16:18.179,1.011
2026-01-18 16:16:18.195,1.011
2026-01-18 16:16:18.212,1.009
2026-01-18 16:16:18.227,1.012
2026-01-18 16:16:18.228,1.014
2026-01-18 16:16:18.244,1.009
2026-01-18 16:16:18.260,1.012
2026-01-18 16:16:18.260,1.015
2026-01-18 16:16:18.277,1.01
2026-01-18 16:16:18.312,1.011
2026-01-18 16:16:18.312,1.011
2026-01-18 16:16:18.328,1.009
2026-01-18 16:16:18.345,1.006
2026-01-18 16:16:18.345,1.009
2026-01-18 16:16:18.406,1.009
2026-01-18 16:16:18.407,1.008
2026-01-18 16:16:18.408,1.009
2026-01-18 16:16:18.408,1.01
2026-01-18 16:16:18.408,1.011
2026-01-18 16:16:18.417,1.008
2026-01-18 16:16:18.430,1.008
2026-01-18 16:16:18.444,1.009
2026-01-18 16:16:18.460,1.009
2026-01-18 16:16:18.478,1.008
2026-01-18 16:16:18.478,1.012
2026-01-18 16:16:18.495,1.011
2026-01-18 16:16:18.511,1.013
2026-01-18 16:16:18.528,1.014
2026-01-18 16:16:18.529,1.014
2026-01-18 16:16:18.545,1.011
2026-01-18 16:16:18.561,1.016
2026-01-18 16:16:18.562,1.017
2026-01-18 16:16:18.577,1.019
2026-01-18 16:16:18.594,1.021
2026-01-18 16:16:18.610,1.02
2026-01-18 16:16:18.610,1.026
2026-01-18 16:16:18.626,1.027
2026-01-18 16:16:18.645,1.029
2026-01-18 16:16:18.645,1.027
2026-01-18 16:16:18.662,1.023
2026-01-18 16:16:18.677,1.025
2026-01-18 16:16:18.695,1.023
2026-01-18 16:16:18.695,1.019
2026-01-18 16:16:18.711,1.024
2026-01-18 16:16:18.729,1.022
2026-01-18 16:16:18.729,1.023
2026-01-18 16:16:18.743,1.022
2026-01-18 16:16:18.768,1.029
2026-01-18 16:16:18.769,1.027
2026-01-18 16:16:18.778,1.026
2026-01-18 16:16:18.795,1.024
2026-01-18 16:16:18.812,1.021
2026-01-18 16:16:18.828,1.02
2026-01-18 16:16:18.828,1.018
2026-01-18 16:16:18.844,1.023
2026-01-18 16:16:18.860,1.018
2026-01-18 16:16:18.861,1.022
2026-01-18 16:16:18.877,1.021
2026-01-18 16:16:18.895,1.018
2026-01-18 16:16:18.910,1.017
2026-01-18 16:16:18.911,1.015
2026-01-18 16:16:18.927,1.015
2026-01-18 16:16:18.945,1.015
2026-01-18 16:16:18.945,1.022
2026-01-18 16:16:18.961,1.017
2026-01-18 16:16:18.978,1.02
2026-01-18 16:16:18.994,1.018
2026-01-18 16:16:18.994,1.015
2026-01-18 16:16:19.011,1.015
2026-01-18 16:16:19.030,1.019
2026-01-18 16:16:19.031,1.02
2026-01-18 16:16:19.044,1.018
2026-01-18 16:16:19.059,1.019
2026-01-18 16:16:19.076,1.016
2026-01-18 16:16:19.076,1.02
2026-01-18 16:16:19.095,1.016
2026-01-18 16:16:19.111,1.016
2026-01-18 16:16:19.128,1.012
2026-01-18 16:16:19.128,1.013
2026-01-18 16:16:19.145,1.012
2026-01-18 16:16:19.161,1.012
2026-01-18 16:16:19.161,1.012
2026-01-18 16:16:19.178,1.013
2026-01-18 16:16:19.195,1.018
2026-01-18 16:16:19.211,1.015
2026-01-18 16:16:19.211,1.015
2026-01-18 16:16:19.229,1.015
2026-01-18 16:16:19.245,1.015
2026-01-18 16:16:19.245,1.012
2026-01-18 16:16:19.261,1.016
2026-01-18 16:16:19.278,1.016
2026-01-18 16:16:19.294,1.016
2026-01-18 16:16:19.295,1.013
2026-01-18 16:16:19.311,1.014
2026-01-18 16:16:19.327,1.011
2026-01-18 16:16:19.344,1.015
2026-01-18 16:16:19.344,1.02
2026-01-18 16:16:19.361,1.02
2026-01-18 16:16:19.379,1.018
2026-01-18 16:16:19.379,1.016
2026-01-18 16:16:19.394,1.012
2026-01-18 16:16:19.411,1.013
2026-01-18 16:16:19.429,1.011
2026-01-18 16:16:19.429,1.01
2026-01-18 16:16:19.445,1.011
2026-01-18 16:16:19.461,1.011
2026-01-18 16:16:19.461,1.013
2026-01-18 16:16:19.478,1.015
2026-01-18 16:16:19.494,1.015
2026-01-18 16:16:19.512,1.013
2026-01-18 16:16:19.512,1.011
2026-01-18 16:16:19.528,1.016
2026-01-18 16:16:19.545,1.012
2026-01-18 16:16:19.545,1.008
2026-01-18 16:16:19.560,1.01
2026-01-18 16:16:19.578,1.013
2026-01-18 16:16:19.595,1.012
2026-01-18 16:16:19.595,1.018
2026-01-18 16:16:19.610,1.016
2026-01-18 16:16:19.628,1.015
2026-01-18 16:16:19.643,1.016
2026-01-18 16:16:19.643,1.015
2026-01-18 16:16:19.659,1.016
2026-01-18 16:16:19.677,1.014
2026-01-18 16:16:19.677,1.011
2026-01-18 16:16:19.694,1.009
2026-01-18 16:16:19.711,1.012
2026-01-18 16:16:19.749,1.015
2026-01-18 16:16:19.749,1.01
2026-01-18 16:16:19.749,1.006
2026-01-18 16:16:19.750,1.012
2026-01-18 16:16:19.783,1.01
2026-01-18 16:16:19.783,1.011
2026-01-18 16:16:19.793,1.012
2026-01-18 16:16:19.810,1.009
2026-01-18 16:16:19.810,1.01
2026-01-18 16:16:19.828,1.007
2026-01-18 16:16:19.845,1.006
2026-01-18 16:16:19.845,1.006
2026-01-18 16:16:19.861,1.006
2026-01-18 16:16:19.877,1.004
2026-01-18 16:16:19.895,1.006
2026-01-18 16:16:19.895,1.008
2026-01-18 16:16:19.910,1.009
2026-01-18 16:16:19.927,1.013
2026-01-18 16:16:19.945,1.018
2026-01-18 16:16:19.945,1.018
2026-01-18 16:16:19.961,1.017
2026-01-18 16:16:19.977,1.021
2026-01-18 16:16:19.977,1.024
2026-01-18 16:16:19.994,1.027
2026-01-18 16:16:20.010,1.027
2026-01-18 16:16:20.028,1.024
2026-01-18 16:16:20.028,1.023
2026-01-18 16:16:20.043,1.022
2026-01-18 16:16:20.060,1.024
2026-01-18 16:16:20.061,1.018
2026-01-18 16:16:20.076,1.02
2026-01-18 16:16:20.096,1.015
2026-01-18 16:16:20.110,1.013
2026-01-18 16:16:20.111,1.009
2026-01-18 16:16:20.128,1.009
2026-01-18 16:16:20.144,1.012
2026-01-18 16:16:20.144,1.015
2026-01-18 16:16:20.161,1.014
2026-01-18 16:16:20.177,1.017
2026-01-18 16:16:20.195,1.014
2026-01-18 16:16:20.195,1.012
2026-01-18 16:16:20.211,1.011
2026-01-18 16:16:20.227,1.012
2026-01-18 16:16:20.244,1.011
2026-01-18 16:16:20.245,1.009
2026-01-18 16:16:20.261,1.01
2026-01-18 16:16:20.277,1.008
2026-01-18 16:16:20.277,1.009
2026-01-18 16:16:20.294,1.015
2026-01-18 16:16:20.310,1.013
2026-01-18 16:16:20.329,1.012
2026-01-18 16:16:20.329,1.016
2026-01-18 16:16:20.344,1.011
2026-01-18 16:16:20.361,1.018
2026-01-18 16:16:20.361,1.018
2026-01-18 16:16:20.377,1.018
2026-01-18 16:16:20.395,1.018
2026-01-18 16:16:20.412,1.017
2026-01-18 16:16:20.412,1.014
2026-01-18 16:16:20.426,1.014
2026-01-18 16:16:20.444,1.009
2026-01-18 16:16:20.445,1.013
2026-01-18 16:16:20.460,1.013
2026-01-18 16:16:20.477,1.012
2026-01-18 16:16:20.495,1.013
2026-01-18 16:16:20.495,1.016
2026-01-18 16:16:20.511,1.014
2026-01-18 16:16:20.528,1.018
2026-01-18 16:16:20.528,1.012
2026-01-18 16:16:20.543,1.011
2026-01-18 16:16:20.561,1.014
2026-01-18 16:16:20.577,1.01
2026-01-18 16:16:20.577,1.012
2026-01-18 16:16:20.595,1.015
2026-01-18 16:16:20.610,1.014
2026-01-18 16:16:20.627,1.015
2026-01-18 16:16:20.629,1.015
2026-01-18 16:16:20.643,1.013
2026-01-18 16:16:20.660,1.015
2026-01-18 16:16:20.660,1.014
2026-01-18 16:16:20.676,1.018
2026-01-18 16:16:20.696,1.013
2026-01-18 16:16:20.696,1.012
2026-01-18 16:16:20.711,1.009
2026-01-18 16:16:20.727,1.013
2026-01-18 16:16:20.745,1.011
2026-01-18 16:16:20.745,1.01
2026-01-18 16:16:20.760,1.009
2026-01-18 16:16:20.783,1.006
2026-01-18 16:16:20.783,1.008
2026-01-18 16:16:20.793,1.007
2026-01-18 16:16:20.810,1.009
2026-01-18 16:16:20.826,1.011
2026-01-18 16:16:20.843,1.011
2026-01-18 16:16:20.844,1.015
2026-01-18 16:16:20.861,1.015
2026-01-18 16:16:20.876,1.015
2026-01-18 16:16:20.877,1.013
2026-01-18 16:16:20.894,1.017
2026-01-18 16:16:20.910,1.012
2026-01-18 16:16:20.927,1.008
2026-01-18 16:16:20.928,1.011
2026-01-18 16:16:20.943,1.012
2026-01-18 16:16:20.959,1.01
2026-01-18 16:16:20.960,1.012
2026-01-18 16:16:20.977,1.01
2026-01-18 16:16:20.995,1.008
2026-01-18 16:16:21.011,1.01
2026-01-18 16:16:21.011,1.01
2026-01-18 16:16:21.027,1.011
2026-01-18 16:16:21.044,1.01
2026-01-18 16:16:21.045,1.012
2026-01-18 16:16:21.060,1.009
2026-01-18 16:16:21.079,1.012
2026-01-18 16:16:21.118,1.01
2026-01-18 16:16:21.118,1.013
2026-01-18 16:16:21.119,1.011
2026-01-18 16:16:21.119,1.011
2026-01-18 16:16:21.145,1.013
2026-01-18 16:16:21.145,1.015
2026-01-18 16:16:21.161,1.014
2026-01-18 16:16:21.178,1.015
2026-01-18 16:16:21.178,1.018
2026-01-18 16:16:21.193,1.02
2026-01-18 16:16:21.212,1.021
2026-01-18 16:16:21.213,1.017
2026-01-18 16:16:21.227,1.018
2026-01-18 16:16:21.243,1.017
2026-01-18 16:16:21.260,1.012
2026-01-18 16:16:21.277,1.011
2026-01-18 16:16:21.278,1.01
2026-01-18 16:16:21.294,1.011
2026-01-18 16:16:21.311,1.008
2026-01-18 16:16:21.311,1.01
2026-01-18 16:16:21.327,1.008
2026-01-18 16:16:21.344,1.011
2026-01-18 16:16:21.345,1.006
2026-01-18 16:16:21.361,1.007
2026-01-18 16:16:21.379,1.006
2026-01-18 16:16:21.395,1.01
2026-01-18 16:16:21.395,1.015
2026-01-18 16:16:21.410,1.014
2026-01-18 16:16:21.427,1.014
2026-01-18 16:16:21.445,1.016
2026-01-18 16:16:21.445,1.008
2026-01-18 16:16:21.461,1.008
2026-01-18 16:16:21.477,1.004
2026-01-18 16:16:21.478,1.002
2026-01-18 16:16:21.494,1.006
2026-01-18 16:16:21.510,1.007
2026-01-18 16:16:21.528,1.009
2026-01-18 16:16:21.528,1.012
2026-01-18 16:16:21.545,1.012
2026-01-18 16:16:21.560,1.012
2026-01-18 16:16:21.561,1.015
2026-01-18 16:16:21.577,1.018
2026-01-18 16:16:21.594,1.016
2026-01-18 16:16:21.611,1.02
2026-01-18 16:16:21.611,1.024
2026-01-18 16:16:21.628,1.019
2026-01-18 16:16:21.643,1.015
2026-01-18 16:16:21.660,1.012
2026-01-18 16:16:21.660,1.008
2026-01-18 16:16:21.678,1.009
2026-01-18 16:16:21.693,1.009
2026-01-18 16:16:21.694,1.013
2026-01-18 16:16:21.710,1.018
2026-01-18 16:16:21.726,1.016
2026-01-18 16:16:21.744,1.012
2026-01-18 16:16:21.745,1.018
2026-01-18 16:16:21.767,1.016
2026-01-18 16:16:21.767,1.022
2026-01-18 16:16:21.777,1.019
2026-01-18 16:16:21.795,1.018
2026-01-18 16:16:21.810,1.024
2026-01-18 16:16:21.828,1.021
2026-01-18 16:16:21.828,1.018
2026-01-18 16:16:21.843,1.013
2026-01-18 16:16:21.861,1.008
2026-01-18 16:16:21.861,1.01
2026-01-18 16:16:21.877,1.009
2026-01-18 16:16:21.893,1.009
2026-01-18 16:16:21.908,1.009
2026-01-18 16:16:21.910,1.012
2026-01-18 16:16:21.927,1.013
2026-01-18 16:16:21.943,1.017
2026-01-18 16:16:21.961,1.018
2026-01-18 16:16:21.961,1.018
2026-01-18 16:16:21.975,1.019
2026-01-18 16:16:21.993,1.024
2026-01-18 16:16:21.993,1.019
2026-01-18 16:16:22.009,1.015
2026-01-18 16:16:22.027,1.012
2026-01-18 16:16:22.043,1.006
2026-01-18 16:16:22.043,1.007
2026-01-18 16:16:22.059,1.007
2026-01-18 16:16:22.078,1.008
2026-01-18 16:16:22.078,1.005
2026-01-18 16:16:22.094,1.007
2026-01-18 16:16:22.111,1.008
2026-01-18 16:16:22.128,1.007
2026-01-18 16:16:22.128,1.002
2026-01-18 16:16:22.144,1.001
2026-01-18 16:16:22.161,1.0
2026-01-18 16:16:22.161,0.998
2026-01-18 16:16:22.177,0.999
2026-01-18 16:16:22.193,1.003
2026-01-18 16:16:22.210,1.005
2026-01-18 16:16:22.210,1.003
2026-01-18 16:16:22.227,1.0
2026-01-18 16:16:22.244,1.003
2026-01-18 16:16:22.245,1.008
2026-01-18 16:16:22.260,1.017
2026-01-18 16:16:22.277,1.013
2026-01-18 16:16:22.295,1.011
2026-01-18 16:16:22.295,1.011
2026-01-18 16:16:22.311,1.01
2026-01-18 16:16:22.327,1.003
2026-01-18 16:16:22.344,1.009
2026-01-18 16:16:22.344,1.01
2026-01-18 16:16:22.360,1.009
2026-01-18 16:16:22.378,1.009
2026-01-18 16:16:22.379,1.011
2026-01-18 16:16:22.395,1.01
2026-01-18 16:16:22.411,1.012
2026-01-18 16:16:22.427,1.013
2026-01-18 16:16:22.427,1.012
2026-01-18 16:16:22.445,1.013
2026-01-18 16:16:22.485,1.011
2026-01-18 16:16:22.485,1.013
2026-01-18 16:16:22.486,1.013
2026-01-18 16:16:22.486,1.009
2026-01-18 16:16:22.496,1.01
2026-01-18 16:16:22.510,1.009
2026-01-18 16:16:22.527,1.011
2026-01-18 16:16:22.544,1.009
2026-01-18 16:16:22.545,1.01
2026-01-18 16:16:22.560,1.01
2026-01-18 16:16:22.578,1.015
2026-01-18 16:16:22.595,1.016
2026-01-18 16:16:22.596,1.019
2026-01-18 16:16:22.611,1.012
2026-01-18 16:16:22.626,1.01
2026-01-18 16:16:22.644,1.009
2026-01-18 16:16:22.644,1.008
2026-01-18 16:16:22.660,1.008
2026-01-18 16:16:22.676,1.004
2026-01-18 16:16:22.677,1.005
2026-01-18 16:16:22.694,1.007
2026-01-18 16:16:22.711,1.013
2026-01-18 16:16:22.728,1.014
2026-01-18 16:16:22.728,1.014
2026-01-18 16:16:22.743,1.014
2026-01-18 16:16:22.767,1.013
2026-01-18 16:16:22.768,1.014
2026-01-18 16:16:22.778,1.012
2026-01-18 16:16:22.795,1.013
2026-01-18 16:16:22.810,1.015
2026-01-18 16:16:22.810,1.019
2026-01-18 16:16:22.828,1.014
2026-01-18 16:16:22.843,1.014
2026-01-18 16:16:22.844,1.014
2026-01-18 16:16:22.861,1.015
2026-01-18 16:16:22.876,1.015
2026-01-18 16:16:22.893,1.019
2026-01-18 16:16:22.893,1.019
2026-01-18 16:16:22.910,1.015
2026-01-18 16:16:22.927,1.01
2026-01-18 16:16:22.944,1.009
2026-01-18 16:16:22.945,1.014
2026-01-18 16:16:22.961,1.018
2026-01-18 16:16:22.976,1.02
2026-01-18 16:16:22.977,1.017
2026-01-18 16:16:22.993,1.016
2026-01-18 16:16:23.010,1.014
2026-01-18 16:16:23.028,1.012
2026-01-18 16:16:23.028,1.007
2026-01-18 16:16:23.045,1.004
2026-01-18 16:16:23.060,1.006
2026-01-18 16:16:23.061,1.008
2026-01-18 16:16:23.078,1.008
2026-01-18 16:16:23.093,1.003
2026-01-18 16:16:23.111,1.005
2026-01-18 16:16:23.111,1.007
2026-01-18 16:16:23.126,1.008
2026-01-18 16:16:23.143,1.012
2026-01-18 16:16:23.144,1.011
2026-01-18 16:16:23.160,1.01
2026-01-18 16:16:23.178,1.013
2026-01-18 16:16:23.193,1.008
2026-01-18 16:16:23.194,1.003
2026-01-18 16:16:23.212,1.002
2026-01-18 16:16:23.226,0.999
2026-01-18 16:16:23.244,0.997
2026-01-18 16:16:23.245,1.002
2026-01-18 16:16:23.260,1.003
2026-01-18 16:16:23.278,1.007
2026-01-18 16:16:23.278,1.012
2026-01-18 16:16:23.294,1.015
2026-01-18 16:16:23.310,1.013
2026-01-18 16:16:23.328,1.011
2026-01-18 16:16:23.328,1.014
2026-01-18 16:16:23.344,1.01
2026-01-18 16:16:23.360,1.008
2026-01-18 16:16:23.361,1.008
2026-01-18 16:16:23.377,1.009
2026-01-18 16:16:23.392,1.008
2026-01-18 16:16:23.409,1.009
2026-01-18 16:16:23.410,1.006
2026-01-18 16:16:23.426,1.005
2026-01-18 16:16:23.442,1.011
2026-01-18 16:16:23.460,1.008
2026-01-18 16:16:23.460,1.01
2026-01-18 16:16:23.476,1.007
2026-01-18 16:16:23.494,1.007
2026-01-18 16:16:23.494,1.003
2026-01-18 16:16:23.510,1.003
2026-01-18 16:16:23.526,1.004
2026-01-18 16:16:23.543,1.005
2026-01-18 16:16:23.543,1.008
2026-01-18 16:16:23.559,1.002
2026-01-18 16:16:23.576,1.006
2026-01-18 16:16:23.577,1.007
2026-01-18 16:16:23.592,1.01
2026-01-18 16:16:23.610,1.006
2026-01-18 16:16:23.627,1.007
2026-01-18 16:16:23.627,1.004
2026-01-18 16:16:23.643,1.009
2026-01-18 16:16:23.660,1.005
2026-01-18 16:16:23.661,1.006
2026-01-18 16:16:23.676,1.007
2026-01-18 16:16:23.693,1.011
2026-01-18 16:16:23.710,1.01
2026-01-18 16:16:23.710,1.008
2026-01-18 16:16:23.727,1.01
2026-01-18 16:16:23.743,1.013
2026-01-18 16:16:23.766,1.011
2026-01-18 16:16:23.766,1.008
2026-01-18 16:16:23.776,1.006
2026-01-18 16:16:23.794,1.004
2026-01-18 16:16:23.795,1.007
2026-01-18 16:16:23.810,1.014
2026-01-18 16:16:23.841,1.012
2026-01-18 16:16:23.842,1.011
2026-01-18 16:16:23.843,1.008
2026-01-18 16:16:23.860,1.012
2026-01-18 16:16:23.877,1.012
2026-01-18 16:16:23.878,1.013
2026-01-18 16:16:23.893,1.013
2026-01-18 16:16:23.911,1.014
2026-01-18 16:16:23.927,1.014
2026-01-18 16:16:23.927,1.016
2026-01-18 16:16:23.944,1.017
2026-01-18 16:16:23.961,1.016
2026-01-18 16:16:23.961,1.012
2026-01-18 16:16:23.977,1.012
2026-01-18 16:16:23.995,1.011
2026-01-18 16:16:24.011,1.012
2026-01-18 16:16:24.011,1.009
2026-01-18 16:16:24.028,1.011
2026-01-18 16:16:24.044,1.01
2026-01-18 16:16:24.060,1.01
2026-01-18 16:16:24.060,1.015
2026-01-18 16:16:24.077,1.02
2026-01-18 16:16:24.093,1.02
2026-01-18 16:16:24.093,1.023
2026-01-18 16:16:24.109,1.026
2026-01-18 16:16:24.126,1.023
2026-01-18 16:16:24.143,1.026
2026-01-18 16:16:24.144,1.022
2026-01-18 16:16:24.160,1.019
2026-01-18 16:16:24.177,1.016
2026-01-18 16:16:24.178,1.011
2026-01-18 16:16:24.193,1.01
2026-01-18 16:16:24.210,1.011
2026-01-18 16:16:24.226,1.011
2026-01-18 16:16:24.226,1.012
2026-01-18 16:16:24.242,1.013
2026-01-18 16:16:24.259,1.014
2026-01-18 16:16:24.276,1.011
2026-01-18 16:16:24.277,1.01
2026-01-18 16:16:24.292,1.009
2026-01-18 16:16:24.311,1.01
2026-01-18 16:16:24.311,1.015
2026-01-18 16:16:24.326,1.018
2026-01-18 16:16:24.345,1.018
2026-01-18 16:16:24.345,1.019
2026-01-18 16:16:24.361,1.023
2026-01-18 16:16:24.378,1.027
2026-01-18 16:16:24.394,1.023
2026-01-18 16:16:24.394,1.022
2026-01-18 16:16:24.411,1.021
2026-01-18 16:16:24.427,1.021
2026-01-18 16:16:24.444,1.017
2026-01-18 16:16:24.444,1.012
2026-01-18 16:16:24.460,1.011
2026-01-18 16:16:24.477,1.012
2026-01-18 16:16:24.478,1.011
2026-01-18 16:16:24.494,1.017
2026-01-18 16:16:24.510,1.014
2026-01-18 16:16:24.527,1.014
2026-01-18 16:16:24.527,1.014
2026-01-18 16:16:24.543,1.013
2026-01-18 16:16:24.561,1.01
2026-01-18 16:16:24.561,1.007
2026-01-18 16:16:24.577,1.009
2026-01-18 16:16:24.594,1.009
2026-01-18 16:16:24.610,1.005
2026-01-18 16:16:24.610,1.005
2026-01-18 16:16:24.626,1.002
2026-01-18 16:16:24.644,1.004
2026-01-18 16:16:24.660,1.0
2026-01-18 16:16:24.660,1.005
2026-01-18 16:16:24.678,1.002
2026-01-18 16:16:24.693,1.002
2026-01-18 16:16:24.694,1.004
2026-01-18 16:16:24.709,1.004
2026-01-18 16:16:24.726,1.005
2026-01-18 16:16:24.743,1.008
2026-01-18 16:16:24.743,1.007
2026-01-18 16:16:24.767,1.006
2026-01-18 16:16:24.767,1.006
2026-01-18 16:16:24.778,1.006
2026-01-18 16:16:24.794,1.002
2026-01-18 16:16:24.809,1.0
2026-01-18 16:16:24.827,0.998
2026-01-18 16:16:24.827,1.0
2026-01-18 16:16:24.843,1.002
2026-01-18 16:16:24.860,1.003
2026-01-18 16:16:24.861,1.002
2026-01-18 16:16:24.876,0.998
2026-01-18 16:16:24.894,1.001
2026-01-18 16:16:24.910,1.001
2026-01-18 16:16:24.910,1.005
2026-01-18 16:16:24.928,1.006
2026-01-18 16:16:24.943,1.009
2026-01-18 16:16:24.960,1.006
2026-01-18 16:16:24.960,1.004
2026-01-18 16:16:24.978,1.003
2026-01-18 16:16:24.993,1.002
2026-01-18 16:16:24.994,0.997
2026-01-18 16:16:25.011,0.998
2026-01-18 16:16:25.026,0.996
2026-01-18 16:16:25.043,0.997
2026-01-18 16:16:25.043,0.998
2026-01-18 16:16:25.060,0.999
2026-01-18 16:16:25.076,1.001
2026-01-18 16:16:25.077,1.003
2026-01-18 16:16:25.095,1.003
2026-01-18 16:16:25.110,0.998
2026-01-18 16:16:25.128,0.995
2026-01-18 16:16:25.128,0.996
2026-01-18 16:16:25.144,0.995
2026-01-18 16:16:25.160,0.997
2026-01-18 16:16:25.160,1.001
2026-01-18 16:16:25.176,1.001
2026-01-18 16:16:25.207,0.997
2026-01-18 16:16:25.208,0.996
2026-01-18 16:16:25.211,0.995
2026-01-18 16:16:25.223,0.995
2026-01-18 16:16:25.245,0.996
2026-01-18 16:16:25.245,1.0
2026-01-18 16:16:25.260,0.994
2026-01-18 16:16:25.277,0.993
2026-01-18 16:16:25.293,0.992
2026-01-18 16:16:25.293,0.996
2026-01-18 16:16:25.310,0.999
2026-01-18 16:16:25.326,1.0
2026-01-18 16:16:25.343,0.997
2026-01-18 16:16:25.344,0.996
2026-01-18 16:16:25.360,0.994
2026-01-18 16:16:25.375,0.994
2026-01-18 16:16:25.394,0.993
2026-01-18 16:16:25.394,0.992
2026-01-18 16:16:25.410,0.993
2026-01-18 16:16:25.426,0.987
2026-01-18 16:16:25.426,0.989
2026-01-18 16:16:25.444,0.99
2026-01-18 16:16:25.460,0.995
2026-01-18 16:16:25.461,0.996
2026-01-18 16:16:25.477,0.992
2026-01-18 16:16:25.494,0.993
2026-01-18 16:16:25.510,0.996
2026-01-18 16:16:25.510,0.997
2026-01-18 16:16:25.527,0.992
2026-01-18 16:16:25.543,0.992
2026-01-18 16:16:25.560,0.997
2026-01-18 16:16:25.560,1.001
2026-01-18 16:16:25.576,1.004
2026-01-18 16:16:25.594,1.004
2026-01-18 16:16:25.594,1.003
2026-01-18 16:16:25.609,1.006
2026-01-18 16:16:25.627,1.003
2026-01-18 16:16:25.643,1.006
2026-01-18 16:16:25.644,1.01
2026-01-18 16:16:25.660,1.006
2026-01-18 16:16:25.676,1.006
2026-01-18 16:16:25.677,0.998
2026-01-18 16:16:25.694,1.0
2026-01-18 16:16:25.710,0.997
2026-01-18 16:16:25.728,0.999
2026-01-18 16:16:25.728,0.997
2026-01-18 16:16:25.742,0.999
2026-01-18 16:16:25.759,0.997
2026-01-18 16:16:25.782,1.001
2026-01-18 16:16:25.782,0.999
2026-01-18 16:16:25.792,1.003
2026-01-18 16:16:25.811,1.003
2026-01-18 16:16:25.811,1.002
2026-01-18 16:16:25.826,1.004
2026-01-18 16:16:25.842,1.007
2026-01-18 16:16:25.859,1.01
2026-01-18 16:16:25.860,1.009
2026-01-18 16:16:25.877,1.011
2026-01-18 16:16:25.893,1.008
2026-01-18 16:16:25.893,1.007
2026-01-18 16:16:25.910,1.0
2026-01-18 16:16:25.926,0.998
2026-01-18 16:16:25.944,0.999
2026-01-18 16:16:25.944,1.0
2026-01-18 16:16:25.960,1.003
2026-01-18 16:16:25.976,1.001
2026-01-18 16:16:25.977,1.001
2026-01-18 16:16:25.993,1.006
2026-01-18 16:16:26.010,1.007
2026-01-18 16:16:26.026,1.003
2026-01-18 16:16:26.026,1.004
2026-01-18 16:16:26.043,1.003
2026-01-18 16:16:26.059,0.998
2026-01-18 16:16:26.061,0.997
2026-01-18 16:16:26.076,1.0
2026-01-18 16:16:26.093,1.0
2026-01-18 16:16:26.109,1.001
2026-01-18 16:16:26.110,1.003
2026-01-18 16:16:26.126,0.998
2026-01-18 16:16:26.144,1.003
2026-01-18 16:16:26.160,0.999
2026-01-18 16:16:26.160,1.0
2026-01-18 16:16:26.177,1.0
2026-01-18 16:16:26.193,1.003
2026-01-18 16:16:26.194,1.003
2026-01-18 16:16:26.210,0.999
2026-01-18 16:16:26.226,0.997
2026-01-18 16:16:26.244,1.003
2026-01-18 16:16:26.244,1.001
2026-01-18 16:16:26.259,1.005
2026-01-18 16:16:26.276,1.006
2026-01-18 16:16:26.276,1.0
2026-01-18 16:16:26.292,1.005
2026-01-18 16:16:26.310,1.007
2026-01-18 16:16:26.327,1.01
2026-01-18 16:16:26.327,1.01
2026-01-18 16:16:26.342,1.014
2026-01-18 16:16:26.359,1.017
2026-01-18 16:16:26.375,1.018
2026-01-18 16:16:26.375,1.018
2026-01-18 16:16:26.392,1.017
2026-01-18 16:16:26.409,1.012
2026-01-18 16:16:26.410,1.01
2026-01-18 16:16:26.426,1.013
2026-01-18 16:16:26.443,1.013
2026-01-18 16:16:26.458,1.011
2026-01-18 16:16:26.459,1.008
2026-01-18 16:16:26.475,1.005
2026-01-18 16:16:26.492,1.004
2026-01-18 16:16:26.492,1.003
2026-01-18 16:16:26.510,1.002
2026-01-18 16:16:26.526,1.005
2026-01-18 16:16:26.543,1.001
2026-01-18 16:16:26.543,1.001
2026-01-18 16:16:26.570,0.999
2026-01-18 16:16:26.571,0.997
2026-01-18 16:16:26.581,1.0
2026-01-18 16:16:26.592,0.994
2026-01-18 16:16:26.609,0.993
2026-01-18 16:16:26.626,0.988
2026-01-18 16:16:26.626,0.987
2026-01-18 16:16:26.643,0.992
2026-01-18 16:16:26.661,0.989
2026-01-18 16:16:26.661,0.993
2026-01-18 16:16:26.676,0.992
2026-01-18 16:16:26.693,0.992
2026-01-18 16:16:26.709,0.99
2026-01-18 16:16:26.710,0.99
2026-01-18 16:16:26.726,0.991
2026-01-18 16:16:26.743,0.992
2026-01-18 16:16:26.766,0.997
2026-01-18 16:16:26.766,0.993
2026-01-18 16:16:26.777,0.996
2026-01-18 16:16:26.794,0.998
2026-01-18 16:16:26.794,0.992
2026-01-18 16:16:26.808,0.987
2026-01-18 16:16:26.826,0.987
2026-01-18 16:16:26.843,0.989
2026-01-18 16:16:26.843,0.988
2026-01-18 16:16:26.860,0.989
2026-01-18 16:16:26.876,0.988
2026-01-18 16:16:26.876,0.991
2026-01-18 16:16:26.893,0.995
2026-01-18 16:16:26.909,0.998
2026-01-18 16:16:26.926,0.996
2026-01-18 16:16:26.927,0.996
2026-01-18 16:16:26.943,0.994
2026-01-18 16:16:26.959,0.995
2026-01-18 16:16:26.976,0.996
2026-01-18 16:16:26.976,0.995
2026-01-18 16:16:26.993,0.997
2026-01-18 16:16:27.010,0.995
2026-01-18 16:16:27.010,0.993
2026-01-18 16:16:27.026,0.991
2026-01-18 16:16:27.043,0.992
2026-01-18 16:16:27.060,0.994
2026-01-18 16:16:27.060,0.998
2026-01-18 16:16:27.077,1.002
2026-01-18 16:16:27.093,0.999
2026-01-18 16:16:27.094,0.997
2026-01-18 16:16:27.110,0.997
2026-01-18 16:16:27.126,0.999
2026-01-18 16:16:27.143,1.001
2026-01-18 16:16:27.143,1.0
2026-01-18 16:16:27.161,1.002
2026-01-18 16:16:27.176,1.005
2026-01-18 16:16:27.177,1.003
2026-01-18 16:16:27.193,1.004
2026-01-18 16:16:27.211,1.0
2026-01-18 16:16:27.226,1.002
2026-01-18 16:16:27.226,1.002
2026-01-18 16:16:27.244,1.002
2026-01-18 16:16:27.260,1.005
2026-01-18 16:16:27.261,1.006
2026-01-18 16:16:27.276,1.005
2026-01-18 16:16:27.293,1.004
2026-01-18 16:16:27.309,1.002
2026-01-18 16:16:27.309,0.998
2026-01-18 16:16:27.327,0.999
2026-01-18 16:16:27.343,0.997
2026-01-18 16:16:27.360,0.998
2026-01-18 16:16:27.360,0.998
2026-01-18 16:16:27.376,0.999
2026-01-18 16:16:27.394,1.0
2026-01-18 16:16:27.394,1.002
2026-01-18 16:16:27.410,1.001
2026-01-18 16:16:27.426,1.006
2026-01-18 16:16:27.443,1.006
2026-01-18 16:16:27.443,1.003
2026-01-18 16:16:27.460,1.002
2026-01-18 16:16:27.476,1.005
2026-01-18 16:16:27.476,1.001
2026-01-18 16:16:27.494,1.003
2026-01-18 16:16:27.509,1.0
2026-01-18 16:16:27.525,0.999
2026-01-18 16:16:27.526,1.002
2026-01-18 16:16:27.544,1.003
2026-01-18 16:16:27.559,1.002
2026-01-18 16:16:27.576,1.003
2026-01-18 16:16:27.576,1.001
2026-01-18 16:16:27.592,0.996
2026-01-18 16:16:27.610,0.995
2026-01-18 16:16:27.610,0.996
2026-01-18 16:16:27.625,0.996
2026-01-18 16:16:27.643,1.0
2026-01-18 16:16:27.660,1.0
2026-01-18 16:16:27.660,0.999
2026-01-18 16:16:27.676,1.0
2026-01-18 16:16:27.693,0.999
2026-01-18 16:16:27.693,0.998
2026-01-18 16:16:27.710,0.999
2026-01-18 16:16:27.726,1.002
2026-01-18 16:16:27.745,0.999
2026-01-18 16:16:27.746,0.997
2026-01-18 16:16:27.759,0.997
2026-01-18 16:16:27.782,1.0
2026-01-18 16:16:27.782,0.997
2026-01-18 16:16:27.792,0.998
2026-01-18 16:16:27.809,0.998
2026-01-18 16:16:27.826,0.996
2026-01-18 16:16:27.826,1.002
2026-01-18 16:16:27.843,1.0
2026-01-18 16:16:27.860,0.999
2026-01-18 16:16:27.875,1.0
2026-01-18 16:16:27.875,1.001
2026-01-18 16:16:27.893,1.003
2026-01-18 16:16:27.934,0.997
2026-01-18 16:16:27.934,0.995
2026-01-18 16:16:27.936,0.995
2026-01-18 16:16:27.936,0.995
2026-01-18 16:16:27.944,0.996
2026-01-18 16:16:27.959,1.001
2026-01-18 16:16:27.976,0.998
2026-01-18 16:16:27.992,0.998
2026-01-18 16:16:27.992,0.998
2026-01-18 16:16:28.010,1.002
2026-01-18 16:16:28.025,1.002
2026-01-18 16:16:28.043,1.001
2026-01-18 16:16:28.044,1.002
2026-01-18 16:16:28.060,1.003
2026-01-18 16:16:28.076,1.005
2026-01-18 16:16:28.076,1.004
2026-01-18 16:16:28.093,0.999
2026-01-18 16:16:28.110,1.0
2026-01-18 16:16:28.126,1.0
2026-01-18 16:16:28.126,1.001
2026-01-18 16:16:28.143,1.0
2026-01-18 16:16:28.160,1.002
2026-01-18 16:16:28.160,1.004
2026-01-18 16:16:28.176,1.003
2026-01-18 16:16:28.193,1.004
2026-01-18 16:16:28.210,1.004
2026-01-18 16:16:28.211,1.002
2026-01-18 16:16:28.225,1.001
2026-01-18 16:16:28.243,1.001
2026-01-18 16:16:28.259,1.001
2026-01-18 16:16:28.259,1.003
2026-01-18 16:16:28.277,1.001
2026-01-18 16:16:28.292,0.998
2026-01-18 16:16:28.292,0.997
2026-01-18 16:16:28.310,0.998
2026-01-18 16:16:28.325,0.999
2026-01-18 16:16:28.343,0.998
2026-01-18 16:16:28.343,0.995
2026-01-18 16:16:28.360,0.997
2026-01-18 16:16:28.376,1.001
2026-01-18 16:16:28.393,1.003
2026-01-18 16:16:28.393,1.003
2026-01-18 16:16:28.409,1.003
2026-01-18 16:16:28.426,1.003
2026-01-18 16:16:28.426,0.999
2026-01-18 16:16:28.443,0.997
2026-01-18 16:16:28.459,0.997
2026-01-18 16:16:28.460,0.993
2026-01-18 16:16:28.476,0.997
2026-01-18 16:16:28.493,0.992
2026-01-18 16:16:28.510,0.994
2026-01-18 16:16:28.510,0.994
2026-01-18 16:16:28.525,0.996
2026-01-18 16:16:28.542,0.994
2026-01-18 16:16:28.558,0.993
2026-01-18 16:16:28.558,0.993
2026-01-18 16:16:28.576,0.998
2026-01-18 16:16:28.592,0.996
2026-01-18 16:16:28.592,0.997
2026-01-18 16:16:28.608,0.998
2026-01-18 16:16:28.629,0.996
2026-01-18 16:16:28.642,0.997
2026-01-18 16:16:28.659,0.996
2026-01-18 16:16:28.676,1.0
2026-01-18 16:16:28.692,0.998
2026-01-18 16:16:28.692,0.999
2026-01-18 16:16:28.709,0.997
2026-01-18 16:16:28.726,1.005
2026-01-18 16:16:28.726,1.004
2026-01-18 16:16:28.743,1.003
2026-01-18 16:16:28.765,1.004
2026-01-18 16:16:28.766,1.003
2026-01-18 16:16:28.774,1.006
2026-01-18 16:16:28.792,1.006
2026-01-18 16:16:28.809,1.007
2026-01-18 16:16:28.809,1.0
2026-01-18 16:16:28.825,0.998
2026-01-18 16:16:28.843,0.998
2026-01-18 16:16:28.860,0.998
2026-01-18 16:16:28.860,0.999
2026-01-18 16:16:28.876,0.997
2026-01-18 16:16:28.893,0.999
2026-01-18 16:16:28.893,1.004
2026-01-18 16:16:28.908,1.003
2026-01-18 16:16:28.925,1.004
2026-01-18 16:16:28.943,1.005
2026-01-18 16:16:28.944,1.005
2026-01-18 16:16:28.959,1.0
2026-01-18 16:16:28.975,1.006
2026-01-18 16:16:28.993,1.008
2026-01-18 16:16:28.993,1.002
2026-01-18 16:16:29.009,1.006
2026-01-18 16:16:29.026,1.007
2026-01-18 16:16:29.026,1.003
2026-01-18 16:16:29.042,1.007
2026-01-18 16:16:29.061,1.003
2026-01-18 16:16:29.062,1.007
2026-01-18 16:16:29.076,1.009
2026-01-18 16:16:29.091,1.015
2026-01-18 16:16:29.109,1.008
2026-01-18 16:16:29.109,1.006
2026-01-18 16:16:29.127,1.006
2026-01-18 16:16:29.143,1.008
2026-01-18 16:16:29.160,1.008
2026-01-18 16:16:29.160,1.006
2026-01-18 16:16:29.176,1.001
2026-01-18 16:16:29.193,0.999
2026-01-18 16:16:29.193,1.0
2026-01-18 16:16:29.209,1.0
2026-01-18 16:16:29.228,1.002
2026-01-18 16:16:29.243,0.997
2026-01-18 16:16:29.243,0.999
2026-01-18 16:16:29.260,1.001
2026-01-18 16:16:29.298,0.995
2026-01-18 16:16:29.299,0.996
2026-01-18 16:16:29.299,0.999
2026-01-18 16:16:29.306,0.999
2026-01-18 16:16:29.327,0.995
2026-01-18 16:16:29.327,1.002
2026-01-18 16:16:29.342,1.003
2026-01-18 16:16:29.359,1.0
2026-01-18 16:16:29.375,0.991
2026-01-18 16:16:29.375,0.997
2026-01-18 16:16:29.393,0.999
2026-01-18 16:16:29.411,0.998
2026-01-18 16:16:29.411,0.999
2026-01-18 16:16:29.426,0.997
2026-01-18 16:16:29.442,1.001
2026-01-18 16:16:29.458,1.006
2026-01-18 16:16:29.459,1.009
2026-01-18 16:16:29.475,1.009
2026-01-18 16:16:29.492,1.01
2026-01-18 16:16:29.493,1.016
2026-01-18 16:16:29.512,1.015
2026-01-18 16:16:29.524,1.01
2026-01-18 16:16:29.543,1.004
2026-01-18 16:16:29.543,1.002
2026-01-18 16:16:29.559,1.002
2026-01-18 16:16:29.575,0.999
2026-01-18 16:16:29.593,1.001
2026-01-18 16:16:29.594,1.005
2026-01-18 16:16:29.610,1.006
2026-01-18 16:16:29.627,1.008
2026-01-18 16:16:29.627,1.007
2026-01-18 16:16:29.644,1.006
2026-01-18 16:16:29.659,1.009
2026-01-18 16:16:29.676,1.007
2026-01-18 16:16:29.676,1.006
2026-01-18 16:16:29.693,1.004
2026-01-18 16:16:29.710,1.002
2026-01-18 16:16:29.710,1.001
2026-01-18 16:16:29.725,1.0
2026-01-18 16:16:29.743,1.0
2026-01-18 16:16:29.765,1.002
2026-01-18 16:16:29.765,1.006
2026-01-18 16:16:29.777,1.008
2026-01-18 16:16:29.793,1.009
2026-01-18 16:16:29.793,1.012
2026-01-18 16:16:29.809,1.014
2026-01-18 16:16:29.826,1.015
2026-01-18 16:16:29.842,1.012
2026-01-18 16:16:29.842,1.011
2026-01-18 16:16:29.860,1.011
2026-01-18 16:16:29.875,1.009
2026-01-18 16:16:29.876,1.005
2026-01-18 16:16:29.893,0.999
2026-01-18 16:16:29.909,1.0
2026-01-18 16:16:29.925,0.999
2026-01-18 16:16:29.926,1.002
2026-01-18 16:16:29.943,1.0
2026-01-18 16:16:29.960,0.998
2026-01-18 16:16:29.976,0.994
2026-01-18 16:16:29.976,0.995
2026-01-18 16:16:29.992,0.999
2026-01-18 16:16:30.010,1.006
2026-01-18 16:16:30.010,1.007
2026-01-18 16:16:30.026,1.003
2026-01-18 16:16:30.044,0.996
2026-01-18 16:16:30.045,0.998
2026-01-18 16:16:30.059,1.003
2026-01-18 16:16:30.076,0.999
2026-01-18 16:16:30.093,0.999
2026-01-18 16:16:30.094,0.998
2026-01-18 16:16:30.109,1.002
2026-01-18 16:16:30.125,1.006
2026-01-18 16:16:30.142,1.004
2026-01-18 16:16:30.143,1.003
2026-01-18 16:16:30.159,0.999
2026-01-18 16:16:30.176,1.001
2026-01-18 16:16:30.176,1.004
2026-01-18 16:16:30.193,0.998
2026-01-18 16:16:30.210,1.0
2026-01-18 16:16:30.227,1.008
2026-01-18 16:16:30.227,1.004
2026-01-18 16:16:30.245,1.004
2026-01-18 16:16:30.259,0.999
2026-01-18 16:16:30.276,1.004
2026-01-18 16:16:30.277,1.0
2026-01-18 16:16:30.292,0.998
2026-01-18 16:16:30.310,0.998
2026-01-18 16:16:30.311,0.998
2026-01-18 16:16:30.325,1.002
2026-01-18 16:16:30.343,1.005
2026-01-18 16:16:30.359,1.008
2026-01-18 16:16:30.359,1.007
2026-01-18 16:16:30.377,1.007
2026-01-18 16:16:30.392,1.007
2026-01-18 16:16:30.393,1.011
2026-01-18 16:16:30.409,1.013
2026-01-18 16:16:30.425,1.011
2026-01-18 16:16:30.442,1.006
2026-01-18 16:16:30.443,1.007
2026-01-18 16:16:30.459,1.003
2026-01-18 16:16:30.475,1.008
2026-01-18 16:16:30.476,1.01
2026-01-18 16:16:30.492,1.01
2026-01-18 16:16:30.508,1.011
2026-01-18 16:16:30.526,1.009
2026-01-18 16:16:30.526,1.008
2026-01-18 16:16:30.543,1.009
2026-01-18 16:16:30.559,1.007
2026-01-18 16:16:30.575,1.005
2026-01-18 16:16:30.576,1.004
2026-01-18 16:16:30.593,1.006
2026-01-18 16:16:30.609,1.008
2026-01-18 16:16:30.609,1.012
2026-01-18 16:16:30.626,1.016
2026-01-18 16:16:30.692,1.012
2026-01-18 16:16:30.692,1.013
2026-01-18 16:16:30.693,1.007
2026-01-18 16:16:30.693,1.008
2026-01-18 16:16:30.693,1.004
2026-01-18 16:16:30.712,1.003
2026-01-18 16:16:30.728,1.006
2026-01-18 16:16:30.728,1.01
2026-01-18 16:16:30.742,1.011
2026-01-18 16:16:30.758,1.011
2026-01-18 16:16:30.775,1.009
2026-01-18 16:16:30.796,1.008
2026-01-18 16:16:30.796,1.005
2026-01-18 16:16:30.807,1.01
2026-01-18 16:16:30.825,1.013
2026-01-18 16:16:30.826,1.014
2026-01-18 16:16:30.841,1.014
2026-01-18 16:16:30.858,1.014
2026-01-18 16:16:30.874,1.012
2026-01-18 16:16:30.874,1.012
2026-01-18 16:16:30.891,1.016
2026-01-18 16:16:30.908,1.02
2026-01-18 16:16:30.908,1.018
2026-01-18 16:16:30.925,1.014
2026-01-18 16:16:30.942,1.018
2026-01-18 16:16:30.958,1.02
2026-01-18 16:16:30.959,1.023
2026-01-18 16:16:30.976,1.022
2026-01-18 16:16:30.993,1.023
2026-01-18 16:16:30.993,1.023
2026-01-18 16:16:31.009,1.023
2026-01-18 16:16:31.026,1.022
2026-01-18 16:16:31.042,1.022
2026-01-18 16:16:31.042,1.022
2026-01-18 16:16:31.057,1.023
2026-01-18 16:16:31.076,1.02
2026-01-18 16:16:31.091,1.022
2026-01-18 16:16:31.092,1.025
2026-01-18 16:16:31.109,1.023
2026-01-18 16:16:31.126,1.026
2026-01-18 16:16:31.142,1.026
2026-01-18 16:16:31.158,1.024
2026-01-18 16:16:31.175,1.022
2026-01-18 16:16:31.176,1.024
2026-01-18 16:16:31.192,1.02
2026-01-18 16:16:31.210,1.023
2026-01-18 16:16:31.210,1.024
2026-01-18 16:16:31.225,1.02
2026-01-18 16:16:31.243,1.018
2026-01-18 16:16:31.260,1.017
2026-01-18 16:16:31.260,1.018
2026-01-18 16:16:31.275,1.017
2026-01-18 16:16:31.293,1.018
2026-01-18 16:16:31.293,1.021
2026-01-18 16:16:31.308,1.021
2026-01-18 16:16:31.326,1.021
2026-01-18 16:16:31.343,1.021
2026-01-18 16:16:31.343,1.026
2026-01-18 16:16:31.360,1.024
2026-01-18 16:16:31.376,1.022
2026-01-18 16:16:31.377,1.022
2026-01-18 16:16:31.391,1.023
2026-01-18 16:16:31.409,1.025
2026-01-18 16:16:31.425,1.025
2026-01-18 16:16:31.426,1.024
2026-01-18 16:16:31.442,1.028
2026-01-18 16:16:31.459,1.029
2026-01-18 16:16:31.460,1.027
2026-01-18 16:16:31.476,1.025
2026-01-18 16:16:31.493,1.023
2026-01-18 16:16:31.509,1.02
2026-01-18 16:16:31.509,1.024
2026-01-18 16:16:31.526,1.023
2026-01-18 16:16:31.543,1.025
2026-01-18 16:16:31.560,1.024
2026-01-18 16:16:31.560,1.024
2026-01-18 16:16:31.576,1.022
2026-01-18 16:16:31.593,1.021
2026-01-18 16:16:31.593,1.026
2026-01-18 16:16:31.609,1.027
2026-01-18 16:16:31.625,1.025
2026-01-18 16:16:31.642,1.025
2026-01-18 16:16:31.642,1.025
2026-01-18 16:16:31.659,1.021
2026-01-18 16:16:31.676,1.021
2026-01-18 16:16:31.692,1.021
2026-01-18 16:16:31.692,1.021
2026-01-18 16:16:31.710,1.025
2026-01-18 16:16:31.726,1.022
2026-01-18 16:16:31.726,1.025
2026-01-18 16:16:31.743,1.026
2026-01-18 16:16:31.759,1.022
2026-01-18 16:16:31.781,1.02
2026-01-18 16:16:31.781,1.025
2026-01-18 16:16:31.792,1.021
2026-01-18 16:16:31.809,1.02
2026-01-18 16:16:31.810,1.019
2026-01-18 16:16:31.825,1.022
2026-01-18 16:16:31.843,1.028
2026-01-18 16:16:31.859,1.027
2026-01-18 16:16:31.859,1.026
2026-01-18 16:16:31.877,1.028
2026-01-18 16:16:31.892,1.027
2026-01-18 16:16:31.892,1.025
2026-01-18 16:16:31.908,1.022
2026-01-18 16:16:31.925,1.017
2026-01-18 16:16:31.942,1.018
2026-01-18 16:16:31.942,1.015
2026-01-18 16:16:31.958,1.015
2026-01-18 16:16:31.975,1.016
2026-01-18 16:16:32.018,1.016
2026-01-18 16:16:32.018,1.019
2026-01-18 16:16:32.019,1.015
2026-01-18 16:16:32.019,1.013
2026-01-18 16:16:32.026,1.013
2026-01-18 16:16:32.041,1.014
2026-01-18 16:16:32.059,1.014
2026-01-18 16:16:32.075,1.016
2026-01-18 16:16:32.076,1.014
2026-01-18 16:16:32.092,1.016
2026-01-18 16:16:32.110,1.017
2026-01-18 16:16:32.110,1.015
2026-01-18 16:16:32.126,1.018
2026-01-18 16:16:32.143,1.02
2026-01-18 16:16:32.159,1.024
2026-01-18 16:16:32.160,1.021
2026-01-18 16:16:32.175,1.016
2026-01-18 16:16:32.192,1.011
2026-01-18 16:16:32.193,1.013
2026-01-18 16:16:32.208,1.01
2026-01-18 16:16:32.225,1.005
2026-01-18 16:16:32.242,1.006
2026-01-18 16:16:32.242,1.007
2026-01-18 16:16:32.257,1.008
2026-01-18 16:16:32.275,1.005
2026-01-18 16:16:32.292,1.004
2026-01-18 16:16:32.293,1.002
2026-01-18 16:16:32.309,1.002
2026-01-18 16:16:32.325,1.005
2026-01-18 16:16:32.325,1.006
2026-01-18 16:16:32.342,1.004
2026-01-18 16:16:32.359,1.006
2026-01-18 16:16:32.375,1.012
2026-01-18 16:16:32.375,1.016
2026-01-18 16:16:32.392,1.018
2026-01-18 16:16:32.409,1.015
2026-01-18 16:16:32.410,1.016
2026-01-18 16:16:32.426,1.013
2026-01-18 16:16:32.442,1.016
2026-01-18 16:16:32.459,1.019
2026-01-18 16:16:32.459,1.019
2026-01-18 16:16:32.475,1.012
2026-01-18 16:16:32.493,1.011
2026-01-18 16:16:32.493,1.009
2026-01-18 16:16:32.510,1.011
2026-01-18 16:16:32.525,1.013
2026-01-18 16:16:32.542,1.009
2026-01-18 16:16:32.542,1.012
2026-01-18 16:16:32.559,1.014
2026-01-18 16:16:32.575,1.012
2026-01-18 16:16:32.593,1.01
2026-01-18 16:16:32.593,1.009
2026-01-18 16:16:32.609,1.007
2026-01-18 16:16:32.625,1.006
2026-01-18 16:16:32.626,1.012
2026-01-18 16:16:32.643,1.008
2026-01-18 16:16:32.659,1.007
2026-01-18 16:16:32.675,1.008
2026-01-18 16:16:32.675,1.012
2026-01-18 16:16:32.693,1.017
2026-01-18 16:16:32.709,1.022
2026-01-18 16:16:32.709,1.018
2026-01-18 16:16:32.725,1.017
2026-01-18 16:16:32.743,1.017
2026-01-18 16:16:32.758,1.019
2026-01-18 16:16:32.759,1.02
2026-01-18 16:16:32.775,1.022
2026-01-18 16:16:32.799,1.025
2026-01-18 16:16:32.799,1.021
2026-01-18 16:16:32.808,1.025
2026-01-18 16:16:32.826,1.024
2026-01-18 16:16:32.841,1.021
2026-01-18 16:16:32.841,1.024
2026-01-18 16:16:32.859,1.023
2026-01-18 16:16:32.876,1.022
2026-01-18 16:16:32.876,1.019
2026-01-18 16:16:32.891,1.017
2026-01-18 16:16:32.908,1.019
2026-01-18 16:16:32.926,1.017
2026-01-18 16:16:32.926,1.018
2026-01-18 16:16:32.941,1.019
2026-01-18 16:16:32.959,1.014
2026-01-18 16:16:32.960,1.019
2026-01-18 16:16:32.975,1.023
2026-01-18 16:16:32.992,1.022
2026-01-18 16:16:33.009,1.023
2026-01-18 16:16:33.009,1.02
2026-01-18 16:16:33.025,1.017
2026-01-18 16:16:33.042,1.02
2026-01-18 16:16:33.058,1.016
2026-01-18 16:16:33.059,1.017
2026-01-18 16:16:33.092,1.017
2026-01-18 16:16:33.108,1.022
2026-01-18 16:16:33.108,1.018
2026-01-18 16:16:33.125,1.018
2026-01-18 16:16:33.142,1.017
2026-01-18 16:16:33.142,1.018
2026-01-18 16:16:33.159,1.015
2026-01-18 16:16:33.175,1.018
2026-01-18 16:16:33.191,1.015
2026-01-18 16:16:33.192,1.015
2026-01-18 16:16:33.213,1.017
2026-01-18 16:16:33.213,1.015
2026-01-18 16:16:33.230,1.012
2026-01-18 16:16:33.240,1.014
2026-01-18 16:16:33.258,1.016
2026-01-18 16:16:33.274,1.021
2026-01-18 16:16:33.274,1.021
2026-01-18 16:16:33.293,1.018
2026-01-18 16:16:33.308,1.013
2026-01-18 16:16:33.308,1.01
2026-01-18 16:16:33.325,1.011
2026-01-18 16:16:33.342,1.011
2026-01-18 16:16:33.378,1.012
2026-01-18 16:16:33.378,1.01
2026-01-18 16:16:33.378,1.01
2026-01-18 16:16:33.387,1.015
2026-01-18 16:16:33.409,1.018
2026-01-18 16:16:33.409,1.021
2026-01-18 16:16:33.426,1.024
2026-01-18 16:16:33.443,1.024
2026-01-18 16:16:33.443,1.025
2026-01-18 16:16:33.458,1.027
2026-01-18 16:16:33.476,1.028
2026-01-18 16:16:33.493,1.026
2026-01-18 16:16:33.493,1.024
2026-01-18 16:16:33.509,1.024
2026-01-18 16:16:33.512,1.027
2026-01-18 16:16:33.524,1.028
2026-01-18 16:16:33.541,1.026
2026-01-18 16:16:33.558,1.024
2026-01-18 16:16:33.575,1.021
2026-01-18 16:16:33.576,1.022
2026-01-18 16:16:33.593,1.023
2026-01-18 16:16:33.610,1.022
2026-01-18 16:16:33.610,1.018
2026-01-18 16:16:33.624,1.016
2026-01-18 16:16:33.640,1.019
2026-01-18 16:16:33.658,1.02
2026-01-18 16:16:33.658,1.02
2026-01-18 16:16:33.675,1.018
2026-01-18 16:16:33.691,1.016
2026-01-18 16:16:33.708,1.018
2026-01-18 16:16:33.709,1.013
2026-01-18 16:16:33.725,1.015
2026-01-18 16:16:33.742,1.012
2026-01-18 16:16:33.742,1.015
2026-01-18 16:16:33.758,1.018
2026-01-18 16:16:33.774,1.021
2026-01-18 16:16:33.798,1.019
2026-01-18 16:16:33.798,1.015
2026-01-18 16:16:33.806,1.023
2026-01-18 16:16:33.823,1.02
2026-01-18 16:16:33.825,1.016
2026-01-18 16:16:33.842,1.012
2026-01-18 16:16:33.858,1.007
2026-01-18 16:16:33.875,1.006
2026-01-18 16:16:33.875,1.012
2026-01-18 16:16:33.891,1.014
2026-01-18 16:16:33.909,1.014
2026-01-18 16:16:33.909,1.013
2026-01-18 16:16:33.925,1.016
2026-01-18 16:16:33.941,1.021
2026-01-18 16:16:33.959,1.021
2026-01-18 16:16:33.959,1.02
2026-01-18 16:16:33.975,1.016
2026-01-18 16:16:33.991,1.015
2026-01-18 16:16:34.009,1.012
2026-01-18 16:16:34.009,1.013
2026-01-18 16:16:34.025,1.019
2026-01-18 16:16:34.042,1.013
2026-01-18 16:16:34.042,1.011
2026-01-18 16:16:34.058,1.008
2026-01-18 16:16:34.074,1.013
2026-01-18 16:16:34.092,1.011
2026-01-18 16:16:34.092,1.011
2026-01-18 16:16:34.109,1.01
2026-01-18 16:16:34.125,1.012
2026-01-18 16:16:34.126,1.009
2026-01-18 16:16:34.142,1.008
2026-01-18 16:16:34.159,1.009
2026-01-18 16:16:34.162,1.012
2026-01-18 16:16:34.175,1.016
2026-01-18 16:16:34.192,1.011
2026-01-18 16:16:34.207,1.012
2026-01-18 16:16:34.225,1.005
2026-01-18 16:16:34.226,1.001
2026-01-18 16:16:34.242,0.997
2026-01-18 16:16:34.259,0.998
2026-01-18 16:16:34.259,1.001
2026-01-18 16:16:34.276,1.001
2026-01-18 16:16:34.292,1.001
2026-01-18 16:16:34.293,1.001
2026-01-18 16:16:34.308,1.002
2026-01-18 16:16:34.328,1.0
2026-01-18 16:16:34.328,1.003
2026-01-18 16:16:34.342,0.999
2026-01-18 16:16:34.359,0.997
2026-01-18 16:16:34.375,1.0
2026-01-18 16:16:34.391,0.996
2026-01-18 16:16:34.391,0.995
2026-01-18 16:16:34.409,0.995
2026-01-18 16:16:34.425,0.998
2026-01-18 16:16:34.425,1.001
2026-01-18 16:16:34.442,1.002
2026-01-18 16:16:34.459,1.003
2026-01-18 16:16:34.460,1.001
2026-01-18 16:16:34.474,1.006
2026-01-18 16:16:34.492,1.007
2026-01-18 16:16:34.509,1.005
2026-01-18 16:16:34.509,1.001
2026-01-18 16:16:34.525,1.002
2026-01-18 16:16:34.541,1.005
2026-01-18 16:16:34.558,1.002
2026-01-18 16:16:34.559,1.001
2026-01-18 16:16:34.574,0.998
2026-01-18 16:16:34.592,0.999
2026-01-18 16:16:34.595,0.997
2026-01-18 16:16:34.608,0.994
2026-01-18 16:16:34.626,0.996
2026-01-18 16:16:34.643,0.992
2026-01-18 16:16:34.643,0.996
2026-01-18 16:16:34.658,0.994
2026-01-18 16:16:34.674,0.995
2026-01-18 16:16:34.692,0.997
2026-01-18 16:16:34.692,0.999
2026-01-18 16:16:34.708,0.997
2026-01-18 16:16:34.726,0.997
2026-01-18 16:16:34.726,0.999
2026-01-18 16:16:34.741,0.997
2026-01-18 16:16:34.758,0.999
2026-01-18 16:16:34.774,0.999
2026-01-18 16:16:34.774,0.999
2026-01-18 16:16:34.799,0.999
2026-01-18 16:16:34.800,0.999
2026-01-18 16:16:34.809,0.997
2026-01-18 16:16:34.825,0.996
2026-01-18 16:16:34.841,0.999
2026-01-18 16:16:34.858,0.998
2026-01-18 16:16:34.858,1.004
2026-01-18 16:16:34.875,1.005
2026-01-18 16:16:34.893,1.0
2026-01-18 16:16:34.893,0.996
2026-01-18 16:16:34.909,0.998
2026-01-18 16:16:34.925,1.0
2026-01-18 16:16:34.941,0.997
2026-01-18 16:16:34.943,0.995
2026-01-18 16:16:34.958,0.99
2026-01-18 16:16:34.975,0.994
2026-01-18 16:16:34.992,0.993
2026-01-18 16:16:34.992,0.99
2026-01-18 16:16:35.009,0.989
2026-01-18 16:16:35.024,0.988
2026-01-18 16:16:35.025,0.99
2026-01-18 16:16:35.042,0.994
2026-01-18 16:16:35.059,0.992
2026-01-18 16:16:35.075,1.003
2026-01-18 16:16:35.075,0.998
2026-01-18 16:16:35.091,0.997
2026-01-18 16:16:35.107,1.003
2026-01-18 16:16:35.108,1.005
2026-01-18 16:16:35.124,1.004
2026-01-18 16:16:35.142,1.007
2026-01-18 16:16:35.158,1.007
2026-01-18 16:16:35.158,1.003
2026-01-18 16:16:35.174,1.003
2026-01-18 16:16:35.191,1.003
2026-01-18 16:16:35.209,0.996
2026-01-18 16:16:35.209,0.995
2026-01-18 16:16:35.225,0.999
2026-01-18 16:16:35.241,0.997
2026-01-18 16:16:35.242,0.995
2026-01-18 16:16:35.259,0.99
2026-01-18 16:16:35.276,0.99
2026-01-18 16:16:35.291,0.988
2026-01-18 16:16:35.291,0.986
2026-01-18 16:16:35.308,0.986
2026-01-18 16:16:35.326,0.982
2026-01-18 16:16:35.326,0.981
2026-01-18 16:16:35.341,0.984
2026-01-18 16:16:35.358,0.985
2026-01-18 16:16:35.375,0.988
2026-01-18 16:16:35.375,0.995
2026-01-18 16:16:35.389,0.988
2026-01-18 16:16:35.408,0.987
2026-01-18 16:16:35.408,0.995
2026-01-18 16:16:35.424,0.997
2026-01-18 16:16:35.441,0.999
2026-01-18 16:16:35.458,0.998
2026-01-18 16:16:35.459,0.995
2026-01-18 16:16:35.475,0.994
2026-01-18 16:16:35.491,1.002
2026-01-18 16:16:35.509,1.003
2026-01-18 16:16:35.509,1.011
2026-01-18 16:16:35.524,1.013
2026-01-18 16:16:35.542,1.003
2026-01-18 16:16:35.543,1.0
2026-01-18 16:16:35.558,0.998
2026-01-18 16:16:35.575,0.995
2026-01-18 16:16:35.591,0.993
2026-01-18 16:16:35.591,0.995
2026-01-18 16:16:35.607,0.998
2026-01-18 16:16:35.624,1.0
2026-01-18 16:16:35.624,0.998
2026-01-18 16:16:35.643,0.998
2026-01-18 16:16:35.660,1.003
2026-01-18 16:16:35.660,1.0
2026-01-18 16:16:35.675,0.998
2026-01-18 16:16:35.692,1.002
2026-01-18 16:16:35.707,0.999
2026-01-18 16:16:35.709,0.994
2026-01-18 16:16:35.724,0.991
2026-01-18 16:16:35.742,0.994
2026-01-18 16:16:35.759,0.995
2026-01-18 16:16:35.759,0.998
2026-01-18 16:16:35.775,1.001
2026-01-18 16:16:35.792,1.001
2026-01-18 16:16:35.793,1.002
2026-01-18 16:16:35.815,1.004
2026-01-18 16:16:35.824,1.004
2026-01-18 16:16:35.842,1.01
2026-01-18 16:16:35.843,1.012
2026-01-18 16:16:35.857,1.009
2026-01-18 16:16:35.874,1.009
2026-01-18 16:16:35.892,1.016
2026-01-18 16:16:35.892,1.016
2026-01-18 16:16:35.909,1.017
2026-01-18 16:16:35.925,1.024
2026-01-18 16:16:35.925,1.018
2026-01-18 16:16:35.940,1.017
2026-01-18 16:16:35.959,1.014
2026-01-18 16:16:35.975,1.01
2026-01-18 16:16:35.975,1.006
2026-01-18 16:16:35.991,1.01
2026-01-18 16:16:36.008,1.019
2026-01-18 16:16:36.009,1.019
2026-01-18 16:16:36.024,1.021
2026-01-18 16:16:36.042,1.022
2026-01-18 16:16:36.058,1.02
2026-01-18 16:16:36.059,1.021
2026-01-18 16:16:36.075,1.027
2026-01-18 16:16:36.102,1.03
2026-01-18 16:16:36.103,1.029
2026-01-18 16:16:36.104,1.029
2026-01-18 16:16:36.116,1.031
2026-01-18 16:16:36.141,1.029
2026-01-18 16:16:36.142,1.028
2026-01-18 16:16:36.159,1.022
2026-01-18 16:16:36.175,1.022
2026-01-18 16:16:36.191,1.02
2026-01-18 16:16:36.191,1.023
2026-01-18 16:16:36.208,1.017
2026-01-18 16:16:36.227,1.012
2026-01-18 16:16:36.227,1.01
2026-01-18 16:16:36.243,1.007
2026-01-18 16:16:36.258,1.006
2026-01-18 16:16:36.276,1.004
2026-01-18 16:16:36.276,1.0
2026-01-18 16:16:36.291,1.002
2026-01-18 16:16:36.308,1.001
2026-01-18 16:16:36.308,1.005
2026-01-18 16:16:36.327,1.006
2026-01-18 16:16:36.343,1.005
2026-01-18 16:16:36.358,1.007
2026-01-18 16:16:36.359,1.007
2026-01-18 16:16:36.376,1.009
2026-01-18 16:16:36.392,1.01
2026-01-18 16:16:36.393,1.009
2026-01-18 16:16:36.409,1.013
2026-01-18 16:16:36.425,1.014
2026-01-18 16:16:36.442,1.009
2026-01-18 16:16:36.442,1.009
2026-01-18 16:16:36.459,1.015
2026-01-18 16:16:36.475,1.015
2026-01-18 16:16:36.493,1.018
2026-01-18 16:16:36.493,1.017
2026-01-18 16:16:36.509,1.014
2026-01-18 16:16:36.527,1.015
2026-01-18 16:16:36.528,1.012
2026-01-18 16:16:36.542,1.013
2026-01-18 16:16:36.558,1.005
2026-01-18 16:16:36.576,1.002
2026-01-18 16:16:36.576,1.001
2026-01-18 16:16:36.591,1.004
2026-01-18 16:16:36.610,1.012
2026-01-18 16:16:36.611,1.015
2026-01-18 16:16:36.626,1.012
2026-01-18 16:16:36.644,1.01
2026-01-18 16:16:36.645,1.012
2026-01-18 16:16:36.659,1.012
2026-01-18 16:16:36.676,1.008
2026-01-18 16:16:36.693,1.009
2026-01-18 16:16:36.693,1.007
2026-01-18 16:16:36.708,1.006
2026-01-18 16:16:36.726,1.001
2026-01-18 16:16:36.741,1.002
2026-01-18 16:16:36.741,1.006
2026-01-18 16:16:36.760,1.006
2026-01-18 16:16:36.775,1.009
2026-01-18 16:16:36.793,1.01
2026-01-18 16:16:36.794,1.01
2026-01-18 16:16:36.809,1.012
2026-01-18 16:16:36.833,1.016
2026-01-18 16:16:36.833,1.01
2026-01-18 16:16:36.843,1.016
2026-01-18 16:16:36.857,1.018
2026-01-18 16:16:36.875,1.016
2026-01-18 16:16:36.876,1.014
2026-01-18 16:16:36.891,1.01
2026-01-18 16:16:36.908,1.005
2026-01-18 16:16:36.909,0.999
2026-01-18 16:16:36.925,0.996
2026-01-18 16:16:36.941,1.002
2026-01-18 16:16:36.959,1.003
2026-01-18 16:16:36.960,1.002
2026-01-18 16:16:36.975,1.006
2026-01-18 16:16:36.994,1.005
2026-01-18 16:16:36.995,1.004
2026-01-18 16:16:37.009,1.01
2026-01-18 16:16:37.026,1.006
2026-01-18 16:16:37.043,1.007
2026-01-18 16:16:37.044,1.007
2026-01-18 16:16:37.058,1.012
2026-01-18 16:16:37.076,1.016
2026-01-18 16:16:37.077,1.006
2026-01-18 16:16:37.092,1.001
2026-01-18 16:16:37.112,1.001
2026-01-18 16:16:37.112,1.002
2026-01-18 16:16:37.127,1.008
2026-01-18 16:16:37.141,1.009
2026-01-18 16:16:37.158,1.011
2026-01-18 16:16:37.174,1.01
2026-01-18 16:16:37.174,1.005
2026-01-18 16:16:37.192,1.0
2026-01-18 16:16:37.209,1.002
2026-01-18 16:16:37.210,1.001
2026-01-18 16:16:37.225,0.997
2026-01-18 16:16:37.242,1.001
2026-01-18 16:16:37.258,0.997
2026-01-18 16:16:37.258,0.996
2026-01-18 16:16:37.275,0.992
2026-01-18 16:16:37.290,0.99
2026-01-18 16:16:37.306,0.99
2026-01-18 16:16:37.306,0.984
2026-01-18 16:16:37.324,0.985
2026-01-18 16:16:37.340,0.987
2026-01-18 16:16:37.342,0.989
2026-01-18 16:16:37.358,0.994
2026-01-18 16:16:37.374,0.991
2026-01-18 16:16:37.391,0.993
2026-01-18 16:16:37.391,0.999
2026-01-18 16:16:37.407,0.996
2026-01-18 16:16:37.424,0.992
2026-01-18 16:16:37.424,0.993
2026-01-18 16:16:37.440,0.988
2026-01-18 16:16:37.487,0.983
2026-01-18 16:16:37.488,0.987
2026-01-18 16:16:37.488,0.992
2026-01-18 16:16:37.488,1.003
2026-01-18 16:16:37.496,1.006
2026-01-18 16:16:37.510,1.008
2026-01-18 16:16:37.525,1.007
2026-01-18 16:16:37.539,1.01
2026-01-18 16:16:37.558,1.007
2026-01-18 16:16:37.558,1.006
2026-01-18 16:16:37.575,1.003
2026-01-18 16:16:37.591,1.003
2026-01-18 16:16:37.607,1.0
2026-01-18 16:16:37.607,1.006
2026-01-18 16:16:37.624,1.009
2026-01-18 16:16:37.640,1.009
2026-01-18 16:16:37.640,1.012
2026-01-18 16:16:37.657,1.016
2026-01-18 16:16:37.674,1.011
2026-01-18 16:16:37.691,1.011
2026-01-18 16:16:37.691,1.011
2026-01-18 16:16:37.707,1.012
2026-01-18 16:16:37.725,1.008
2026-01-18 16:16:37.725,1.008
2026-01-18 16:16:37.743,1.006
