Timestamp,Distance(m)
2026-01-18 15:23:39.786,10.007
2026-01-18 15:23:39.804,10.005
2026-01-18 15:23:39.804,10.006
2026-01-18 15:23:39.820,10.011
2026-01-18 15:23:39.836,10.007
2026-01-18 15:23:39.854,10.01
2026-01-18 15:23:39.854,10.009
2026-01-18 15:23:39.869,10.009
2026-01-18 15:23:39.886,10.014
2026-01-18 15:23:39.902,10.016
2026-01-18 15:23:39.920,10.019
2026-01-18 15:23:39.937,10.021
2026-01-18 15:23:39.937,10.019
2026-01-18 15:23:39.954,10.022
2026-01-18 15:23:39.970,10.026
2026-01-18 15:23:39.987,10.012
2026-01-18 15:23:39.987,10.013
2026-01-18 15:23:40.004,10.022
2026-01-18 15:23:40.020,10.025
2026-01-18 15:23:40.020,10.027
2026-01-18 15:23:40.036,10.022
2026-01-18 15:23:40.052,10.019
2026-01-18 15:23:40.068,10.016
2026-01-18 15:23:40.068,10.017
2026-01-18 15:23:40.084,10.016
2026-01-18 15:23:40.101,10.015
2026-01-18 15:23:40.119,10.016
2026-01-18 15:23:40.120,10.017
2026-01-18 15:23:40.135,10.018
2026-01-18 15:23:40.152,10.024
2026-01-18 15:23:40.152,10.021
2026-01-18 15:23:40.168,10.017
2026-01-18 15:23:40.185,10.032
2026-01-18 15:23:40.202,10.032
2026-01-18 15:23:40.202,10.032
2026-01-18 15:23:40.218,10.03
2026-01-18 15:23:40.236,10.027
2026-01-18 15:23:40.237,10.025
2026-01-18 15:23:40.253,10.027
2026-01-18 15:23:40.268,10.026
2026-01-18 15:23:40.286,10.028
2026-01-18 15:23:40.286,10.023
2026-01-18 15:23:40.303,10.023
2026-01-18 15:23:40.319,10.025
2026-01-18 15:23:40.320,10.022
2026-01-18 15:23:40.341,10.029
2026-01-18 15:23:40.351,10.022
2026-01-18 15:23:40.369,10.026
2026-01-18 15:23:40.370,10.02
2026-01-18 15:23:40.386,10.016
2026-01-18 15:23:40.402,10.017
2026-01-18 15:23:40.403,10.021
2026-01-18 15:23:40.418,10.021
2026-01-18 15:23:40.435,10.013
2026-01-18 15:23:40.453,10.019
2026-01-18 15:23:40.454,10.017
2026-01-18 15:23:40.469,10.016
2026-01-18 15:23:40.485,10.012
2026-01-18 15:23:40.503,10.009
2026-01-18 15:23:40.505,10.011
2026-01-18 15:23:40.520,10.006
2026-01-18 15:23:40.536,10.009
2026-01-18 15:23:40.536,10.007
2026-01-18 15:23:40.553,10.013
2026-01-18 15:23:40.569,10.007
2026-01-18 15:23:40.585,10.011
2026-01-18 15:23:40.585,10.01
2026-01-18 15:23:40.602,10.026
2026-01-18 15:23:40.618,10.023
2026-01-18 15:23:40.636,10.022
2026-01-18 15:23:40.637,10.023
2026-01-18 15:23:40.653,10.015
2026-01-18 15:23:40.669,10.017
2026-01-18 15:23:40.670,10.011
2026-01-18 15:23:40.685,10.011
2026-01-18 15:23:40.702,10.012
2026-01-18 15:23:40.703,10.011
2026-01-18 15:23:40.719,10.012
2026-01-18 15:23:40.736,10.006
2026-01-18 15:23:40.753,10.007
2026-01-18 15:23:40.754,10.018
2026-01-18 15:23:40.769,10.015
2026-01-18 15:23:40.786,10.013
2026-01-18 15:23:40.804,10.011
2026-01-18 15:23:40.804,10.011
2026-01-18 15:23:40.819,10.011
2026-01-18 15:23:40.836,10.011
2026-01-18 15:23:40.837,10.022
2026-01-18 15:23:40.852,10.015
2026-01-18 15:23:40.869,10.014
2026-01-18 15:23:40.885,10.008
2026-01-18 15:23:40.886,10.008
2026-01-18 15:23:40.902,10.006
2026-01-18 15:23:40.918,10.009
2026-01-18 15:23:40.935,10.008
2026-01-18 15:23:40.936,10.009
2026-01-18 15:23:40.952,10.005
2026-01-18 15:23:40.968,10.003
2026-01-18 15:23:40.969,9.998
2026-01-18 15:23:40.986,9.998
2026-01-18 15:23:41.002,9.996
2026-01-18 15:23:41.003,9.997
2026-01-18 15:23:41.019,9.99
2026-01-18 15:23:41.036,9.988
2026-01-18 15:23:41.053,9.988
2026-01-18 15:23:41.053,9.99
2026-01-18 15:23:41.070,9.991
2026-01-18 15:23:41.085,9.991
2026-01-18 15:23:41.102,9.997
2026-01-18 15:23:41.102,9.992
2026-01-18 15:23:41.118,9.993
2026-01-18 15:23:41.137,9.991
2026-01-18 15:23:41.137,9.991
2026-01-18 15:23:41.151,9.99
2026-01-18 15:23:41.169,9.99
2026-01-18 15:23:41.186,9.99
2026-01-18 15:23:41.186,9.99
2026-01-18 15:23:41.203,9.989
2026-01-18 15:23:41.221,9.991
2026-01-18 15:23:41.222,9.989
2026-01-18 15:23:41.236,9.991
2026-01-18 15:23:41.252,9.993
2026-01-18 15:23:41.269,9.994
2026-01-18 15:23:41.269,9.996
2026-01-18 15:23:41.287,9.993
2026-01-18 15:23:41.304,10.001
2026-01-18 15:23:41.304,9.996
2026-01-18 15:23:41.320,10.009
2026-01-18 15:23:41.346,10.005
2026-01-18 15:23:41.346,10.007
2026-01-18 15:23:41.353,10.005
2026-01-18 15:23:41.388,10.004
2026-01-18 15:23:41.389,10.005
2026-01-18 15:23:41.389,10.006
2026-01-18 15:23:41.419,10.006
2026-01-18 15:23:41.420,10.007
2026-01-18 15:23:41.437,10.006
2026-01-18 15:23:41.439,10.002
2026-01-18 15:23:41.452,10.001
2026-01-18 15:23:41.468,10.01
2026-01-18 15:23:41.487,10.013
2026-01-18 15:23:41.487,10.018
2026-01-18 15:23:41.503,10.019
2026-01-18 15:23:41.520,10.023
2026-01-18 15:23:41.521,10.027
2026-01-18 15:23:41.536,10.023
2026-01-18 15:23:41.552,10.019
2026-01-18 15:23:41.571,10.028
2026-01-18 15:23:41.571,10.026
2026-01-18 15:23:41.586,10.03
2026-01-18 15:23:41.602,10.027
2026-01-18 15:23:41.604,10.026
2026-01-18 15:23:41.619,10.021
2026-01-18 15:23:41.635,10.025
2026-01-18 15:23:41.653,10.028
2026-01-18 15:23:41.653,10.03
2026-01-18 15:23:41.669,10.03
2026-01-18 15:23:41.687,10.031
2026-01-18 15:23:41.687,10.032
2026-01-18 15:23:41.702,10.032
2026-01-18 15:23:41.719,10.039
2026-01-18 15:23:41.736,10.032
2026-01-18 15:23:41.736,10.044
2026-01-18 15:23:41.752,10.037
2026-01-18 15:23:41.769,10.038
2026-01-18 15:23:41.787,10.033
2026-01-18 15:23:41.787,10.027
2026-01-18 15:23:41.802,10.026
2026-01-18 15:23:41.820,10.024
2026-01-18 15:23:41.820,10.028
2026-01-18 15:23:41.835,10.028
2026-01-18 15:23:41.853,10.025
2026-01-18 15:23:41.868,10.024
2026-01-18 15:23:41.869,10.02
2026-01-18 15:23:41.886,10.019
2026-01-18 15:23:41.902,10.016
2026-01-18 15:23:41.920,10.016
2026-01-18 15:23:41.920,10.009
2026-01-18 15:23:41.935,10.01
2026-01-18 15:23:41.952,10.008
2026-01-18 15:23:41.952,10.006
2026-01-18 15:23:41.968,10.0
2026-01-18 15:23:41.987,9.997
2026-01-18 15:23:41.988,9.992
2026-01-18 15:23:42.003,9.992
2026-01-18 15:23:42.019,9.987
2026-01-18 15:23:42.036,9.984
2026-01-18 15:23:42.036,9.981
2026-01-18 15:23:42.051,9.979
2026-01-18 15:23:42.069,9.984
2026-01-18 15:23:42.085,9.979
2026-01-18 15:23:42.086,9.978
2026-01-18 15:23:42.103,9.975
2026-01-18 15:23:42.119,9.974
2026-01-18 15:23:42.120,9.965
2026-01-18 15:23:42.135,9.965
2026-01-18 15:23:42.152,9.965
2026-01-18 15:23:42.169,9.969
2026-01-18 15:23:42.170,9.981
2026-01-18 15:23:42.186,9.984
2026-01-18 15:23:42.202,9.985
2026-01-18 15:23:42.219,9.985
2026-01-18 15:23:42.219,9.995
2026-01-18 15:23:42.235,10.003
2026-01-18 15:23:42.252,10.003
2026-01-18 15:23:42.252,10.006
2026-01-18 15:23:42.268,10.003
2026-01-18 15:23:42.285,10.003
2026-01-18 15:23:42.302,9.995
2026-01-18 15:23:42.302,9.994
2026-01-18 15:23:42.318,9.992
2026-01-18 15:23:42.340,9.994
2026-01-18 15:23:42.340,9.992
2026-01-18 15:23:42.352,9.989
2026-01-18 15:23:42.368,9.985
2026-01-18 15:23:42.384,9.986
2026-01-18 15:23:42.386,9.982
2026-01-18 15:23:42.401,9.98
2026-01-18 15:23:42.417,9.982
2026-01-18 15:23:42.435,9.984
2026-01-18 15:23:42.435,9.987
2026-01-18 15:23:42.452,9.987
2026-01-18 15:23:42.468,9.996
2026-01-18 15:23:42.468,9.995
2026-01-18 15:23:42.485,9.993
2026-01-18 15:23:42.501,9.995
2026-01-18 15:23:42.519,9.996
2026-01-18 15:23:42.519,10.0
2026-01-18 15:23:42.536,9.997
2026-01-18 15:23:42.552,9.997
2026-01-18 15:23:42.552,9.997
2026-01-18 15:23:42.569,9.993
2026-01-18 15:23:42.586,10.001
2026-01-18 15:23:42.587,10.002
2026-01-18 15:23:42.602,10.0
2026-01-18 15:23:42.618,10.001
2026-01-18 15:23:42.639,9.997
2026-01-18 15:23:42.639,9.991
2026-01-18 15:23:42.652,9.995
2026-01-18 15:23:42.669,9.998
2026-01-18 15:23:42.686,9.993
2026-01-18 15:23:42.686,9.989
2026-01-18 15:23:42.703,9.988
2026-01-18 15:23:42.743,9.989
2026-01-18 15:23:42.744,9.99
2026-01-18 15:23:42.744,9.989
2026-01-18 15:23:42.744,9.987
2026-01-18 15:23:42.769,9.995
2026-01-18 15:23:42.769,9.993
2026-01-18 15:23:42.786,9.989
2026-01-18 15:23:42.802,9.985
2026-01-18 15:23:42.818,9.988
2026-01-18 15:23:42.818,9.993
2026-01-18 15:23:42.836,9.997
2026-01-18 15:23:42.852,9.987
2026-01-18 15:23:42.853,9.982
2026-01-18 15:23:42.868,9.978
2026-01-18 15:23:42.886,9.994
2026-01-18 15:23:42.887,9.999
2026-01-18 15:23:42.902,10.003
2026-01-18 15:23:42.919,9.998
2026-01-18 15:23:42.936,9.993
2026-01-18 15:23:42.936,9.991
2026-01-18 15:23:42.953,9.99
2026-01-18 15:23:42.968,9.993
2026-01-18 15:23:42.985,9.994
2026-01-18 15:23:42.986,9.992
2026-01-18 15:23:43.003,9.99
2026-01-18 15:23:43.019,9.992
2026-01-18 15:23:43.019,9.989
2026-01-18 15:23:43.036,9.995
2026-01-18 15:23:43.051,10.003
2026-01-18 15:23:43.069,10.008
2026-01-18 15:23:43.070,10.012
2026-01-18 15:23:43.085,10.02
2026-01-18 15:23:43.102,10.017
2026-01-18 15:23:43.103,10.018
2026-01-18 15:23:43.118,10.025
2026-01-18 15:23:43.136,10.023
2026-01-18 15:23:43.151,10.018
2026-01-18 15:23:43.152,10.01
2026-01-18 15:23:43.168,10.007
2026-01-18 15:23:43.185,10.01
2026-01-18 15:23:43.202,10.01
2026-01-18 15:23:43.202,10.009
2026-01-18 15:23:43.218,10.014
2026-01-18 15:23:43.234,10.017
2026-01-18 15:23:43.235,10.014
2026-01-18 15:23:43.253,10.02
2026-01-18 15:23:43.269,10.018
2026-01-18 15:23:43.286,10.007
2026-01-18 15:23:43.286,10.0
2026-01-18 15:23:43.302,10.009
2026-01-18 15:23:43.319,10.006
2026-01-18 15:23:43.319,10.01
2026-01-18 15:23:43.341,10.012
2026-01-18 15:23:43.352,10.006
2026-01-18 15:23:43.370,10.017
2026-01-18 15:23:43.370,10.014
2026-01-18 15:23:43.385,10.012
2026-01-18 15:23:43.402,10.009
2026-01-18 15:23:43.418,10.007
2026-01-18 15:23:43.418,10.011
2026-01-18 15:23:43.434,10.004
2026-01-18 15:23:43.453,10.0
2026-01-18 15:23:43.453,10.0
2026-01-18 15:23:43.470,10.0
2026-01-18 15:23:43.486,10.001
2026-01-18 15:23:43.502,10.001
2026-01-18 15:23:43.503,10.005
2026-01-18 15:23:43.519,10.006
2026-01-18 15:23:43.538,10.001
2026-01-18 15:23:43.538,10.007
2026-01-18 15:23:43.553,9.998
2026-01-18 15:23:43.568,10.004
2026-01-18 15:23:43.586,10.004
2026-01-18 15:23:43.586,10.007
2026-01-18 15:23:43.603,10.016
2026-01-18 15:23:43.619,10.011
2026-01-18 15:23:43.619,10.006
2026-01-18 15:23:43.635,10.007
2026-01-18 15:23:43.651,9.998
2026-01-18 15:23:43.668,10.006
2026-01-18 15:23:43.669,10.002
2026-01-18 15:23:43.686,9.999
2026-01-18 15:23:43.702,9.994
2026-01-18 15:23:43.703,9.994
2026-01-18 15:23:43.718,9.989
2026-01-18 15:23:43.736,9.99
2026-01-18 15:23:43.752,9.989
2026-01-18 15:23:43.752,9.991
2026-01-18 15:23:43.769,9.993
2026-01-18 15:23:43.785,9.991
2026-01-18 15:23:43.803,9.988
2026-01-18 15:23:43.803,9.986
2026-01-18 15:23:43.818,9.986
2026-01-18 15:23:43.836,9.985
2026-01-18 15:23:43.836,9.984
2026-01-18 15:23:43.853,9.977
2026-01-18 15:23:43.869,9.978
2026-01-18 15:23:43.885,9.976
2026-01-18 15:23:43.886,9.981
2026-01-18 15:23:43.903,9.984
2026-01-18 15:23:43.920,9.993
2026-01-18 15:23:43.921,9.992
2026-01-18 15:23:43.935,9.994
2026-01-18 15:23:43.952,9.991
2026-01-18 15:23:43.969,10.005
2026-01-18 15:23:43.970,9.998
2026-01-18 15:23:43.985,9.993
2026-01-18 15:23:44.002,9.986
2026-01-18 15:23:44.003,9.984
2026-01-18 15:23:44.019,9.98
2026-01-18 15:23:44.036,9.977
2026-01-18 15:23:44.053,9.975
2026-01-18 15:23:44.053,9.972
2026-01-18 15:23:44.069,9.977
2026-01-18 15:23:44.086,9.976
2026-01-18 15:23:44.113,9.973
2026-01-18 15:23:44.113,9.973
2026-01-18 15:23:44.113,9.977
2026-01-18 15:23:44.136,9.979
2026-01-18 15:23:44.136,9.975
2026-01-18 15:23:44.154,9.978
2026-01-18 15:23:44.170,9.974
2026-01-18 15:23:44.184,9.979
2026-01-18 15:23:44.185,9.981
2026-01-18 15:23:44.203,9.999
2026-01-18 15:23:44.218,10.003
2026-01-18 15:23:44.235,10.006
2026-01-18 15:23:44.236,9.996
2026-01-18 15:23:44.252,9.994
2026-01-18 15:23:44.268,10.006
2026-01-18 15:23:44.268,10.001
2026-01-18 15:23:44.286,10.004
2026-01-18 15:23:44.301,10.002
2026-01-18 15:23:44.319,10.002
2026-01-18 15:23:44.320,10.003
2026-01-18 15:23:44.341,10.006
2026-01-18 15:23:44.341,10.007
2026-01-18 15:23:44.351,10.001
2026-01-18 15:23:44.368,10.008
2026-01-18 15:23:44.385,10.01
2026-01-18 15:23:44.403,10.002
2026-01-18 15:23:44.403,9.992
2026-01-18 15:23:44.418,9.987
2026-01-18 15:23:44.436,9.981
2026-01-18 15:23:44.437,9.978
2026-01-18 15:23:44.452,9.977
2026-01-18 15:23:44.469,9.973
2026-01-18 15:23:44.485,9.973
2026-01-18 15:23:44.485,9.972
2026-01-18 15:23:44.501,9.972
2026-01-18 15:23:44.519,9.979
2026-01-18 15:23:44.520,9.987
2026-01-18 15:23:44.535,9.992
2026-01-18 15:23:44.551,10.005
2026-01-18 15:23:44.567,10.009
2026-01-18 15:23:44.567,10.015
2026-01-18 15:23:44.584,10.015
2026-01-18 15:23:44.601,10.009
2026-01-18 15:23:44.618,10.008
2026-01-18 15:23:44.619,10.016
2026-01-18 15:23:44.635,10.015
2026-01-18 15:23:44.651,10.009
2026-01-18 15:23:44.652,9.999
2026-01-18 15:23:44.667,9.996
2026-01-18 15:23:44.684,9.986
2026-01-18 15:23:44.701,9.983
2026-01-18 15:23:44.701,9.986
2026-01-18 15:23:44.718,9.98
2026-01-18 15:23:44.736,9.982
2026-01-18 15:23:44.737,9.979
2026-01-18 15:23:44.752,9.982
2026-01-18 15:23:44.769,9.985
2026-01-18 15:23:44.785,9.983
2026-01-18 15:23:44.785,9.979
2026-01-18 15:23:44.804,9.973
2026-01-18 15:23:44.819,9.972
2026-01-18 15:23:44.820,9.978
2026-01-18 15:23:44.835,9.975
2026-01-18 15:23:44.851,9.979
2026-01-18 15:23:44.867,9.986
2026-01-18 15:23:44.868,9.983
2026-01-18 15:23:44.885,9.989
2026-01-18 15:23:44.902,9.984
2026-01-18 15:23:44.918,9.986
2026-01-18 15:23:44.935,9.978
2026-01-18 15:23:44.952,9.977
2026-01-18 15:23:44.952,9.978
2026-01-18 15:23:44.968,9.979
2026-01-18 15:23:44.985,9.981
2026-01-18 15:23:45.001,9.976
2026-01-18 15:23:45.001,9.976
2026-01-18 15:23:45.017,9.972
2026-01-18 15:23:45.034,9.974
2026-01-18 15:23:45.035,9.977
2026-01-18 15:23:45.052,9.98
2026-01-18 15:23:45.068,9.981
2026-01-18 15:23:45.085,9.981
2026-01-18 15:23:45.085,9.982
2026-01-18 15:23:45.102,9.986
2026-01-18 15:23:45.118,9.989
2026-01-18 15:23:45.119,9.989
2026-01-18 15:23:45.135,9.989
2026-01-18 15:23:45.152,9.987
2026-01-18 15:23:45.168,9.983
2026-01-18 15:23:45.168,9.986
2026-01-18 15:23:45.185,9.987
2026-01-18 15:23:45.202,9.981
2026-01-18 15:23:45.218,9.976
2026-01-18 15:23:45.218,9.992
2026-01-18 15:23:45.235,9.985
2026-01-18 15:23:45.253,9.985
2026-01-18 15:23:45.253,9.981
2026-01-18 15:23:45.270,9.979
2026-01-18 15:23:45.285,9.981
2026-01-18 15:23:45.303,9.978
2026-01-18 15:23:45.303,9.979
2026-01-18 15:23:45.318,9.984
2026-01-18 15:23:45.341,9.978
2026-01-18 15:23:45.341,9.991
2026-01-18 15:23:45.352,9.984
2026-01-18 15:23:45.368,9.984
2026-01-18 15:23:45.385,9.985
2026-01-18 15:23:45.385,9.982
2026-01-18 15:23:45.401,9.994
2026-01-18 15:23:45.419,9.986
2026-01-18 15:23:45.420,9.984
2026-01-18 15:23:45.436,9.982
2026-01-18 15:23:45.473,9.976
2026-01-18 15:23:45.475,9.979
2026-01-18 15:23:45.475,9.982
2026-01-18 15:23:45.483,9.978
2026-01-18 15:23:45.500,9.975
2026-01-18 15:23:45.518,9.971
2026-01-18 15:23:45.518,9.983
2026-01-18 15:23:45.534,9.982
2026-01-18 15:23:45.550,9.976
2026-01-18 15:23:45.552,9.979
2026-01-18 15:23:45.569,9.976
2026-01-18 15:23:45.585,9.971
2026-01-18 15:23:45.602,9.972
2026-01-18 15:23:45.603,9.97
2026-01-18 15:23:45.618,9.969
2026-01-18 15:23:45.639,9.971
2026-01-18 15:23:45.639,9.97
2026-01-18 15:23:45.651,9.966
2026-01-18 15:23:45.669,9.963
2026-01-18 15:23:45.684,9.961
2026-01-18 15:23:45.685,9.959
2026-01-18 15:23:45.702,9.959
2026-01-18 15:23:45.718,9.964
2026-01-18 15:23:45.719,9.97
2026-01-18 15:23:45.736,9.969
2026-01-18 15:23:45.751,9.971
2026-01-18 15:23:45.768,9.968
2026-01-18 15:23:45.768,9.963
2026-01-18 15:23:45.784,9.966
2026-01-18 15:23:45.801,9.978
2026-01-18 15:23:45.819,9.976
2026-01-18 15:23:45.819,9.979
2026-01-18 15:23:45.835,9.983
2026-01-18 15:23:45.852,9.979
2026-01-18 15:23:45.852,9.977
2026-01-18 15:23:45.868,9.982
2026-01-18 15:23:45.886,9.981
2026-01-18 15:23:45.902,9.981
2026-01-18 15:23:45.903,9.978
2026-01-18 15:23:45.918,9.978
2026-01-18 15:23:45.937,9.971
2026-01-18 15:23:45.937,9.983
2026-01-18 15:23:45.951,9.982
2026-01-18 15:23:45.968,9.981
2026-01-18 15:23:45.986,9.975
2026-01-18 15:23:45.986,9.974
2026-01-18 15:23:46.002,9.985
2026-01-18 15:23:46.018,9.982
2026-01-18 15:23:46.019,9.981
2026-01-18 15:23:46.035,9.975
2026-01-18 15:23:46.052,9.971
2026-01-18 15:23:46.068,9.983
2026-01-18 15:23:46.068,9.985
2026-01-18 15:23:46.085,9.986
2026-01-18 15:23:46.101,9.983
2026-01-18 15:23:46.119,9.977
2026-01-18 15:23:46.119,9.985
2026-01-18 15:23:46.135,9.982
2026-01-18 15:23:46.151,9.976
2026-01-18 15:23:46.152,9.974
2026-01-18 15:23:46.168,9.975
2026-01-18 15:23:46.185,9.993
2026-01-18 15:23:46.202,9.989
2026-01-18 15:23:46.202,9.996
2026-01-18 15:23:46.217,9.991
2026-01-18 15:23:46.235,9.984
2026-01-18 15:23:46.236,9.992
2026-01-18 15:23:46.251,9.986
2026-01-18 15:23:46.268,9.981
2026-01-18 15:23:46.286,9.978
2026-01-18 15:23:46.286,9.982
2026-01-18 15:23:46.302,9.995
2026-01-18 15:23:46.319,9.988
2026-01-18 15:23:46.320,9.994
2026-01-18 15:23:46.339,9.989
2026-01-18 15:23:46.351,9.982
2026-01-18 15:23:46.368,9.987
2026-01-18 15:23:46.368,9.979
2026-01-18 15:23:46.385,9.979
2026-01-18 15:23:46.401,9.974
2026-01-18 15:23:46.417,9.969
2026-01-18 15:23:46.418,9.982
2026-01-18 15:23:46.433,9.979
2026-01-18 15:23:46.451,9.983
2026-01-18 15:23:46.451,9.976
2026-01-18 15:23:46.468,9.976
2026-01-18 15:23:46.485,9.989
2026-01-18 15:23:46.502,9.99
2026-01-18 15:23:46.502,9.989
2026-01-18 15:23:46.518,9.983
2026-01-18 15:23:46.535,9.98
2026-01-18 15:23:46.536,9.975
2026-01-18 15:23:46.551,9.975
2026-01-18 15:23:46.568,9.974
2026-01-18 15:23:46.586,9.977
2026-01-18 15:23:46.586,9.972
2026-01-18 15:23:46.602,9.984
2026-01-18 15:23:46.618,9.984
2026-01-18 15:23:46.636,9.985
2026-01-18 15:23:46.637,9.99
2026-01-18 15:23:46.652,9.987
2026-01-18 15:23:46.668,9.982
2026-01-18 15:23:46.668,9.978
2026-01-18 15:23:46.685,9.972
2026-01-18 15:23:46.703,9.968
2026-01-18 15:23:46.703,9.971
2026-01-18 15:23:46.718,9.973
2026-01-18 15:23:46.735,9.97
2026-01-18 15:23:46.751,9.968
2026-01-18 15:23:46.769,9.965
2026-01-18 15:23:46.784,9.966
2026-01-18 15:23:46.801,9.971
2026-01-18 15:23:46.802,9.98
2026-01-18 15:23:46.838,9.971
2026-01-18 15:23:46.839,9.969
2026-01-18 15:23:46.839,9.985
2026-01-18 15:23:46.867,9.985
2026-01-18 15:23:46.868,9.978
2026-01-18 15:23:46.884,9.972
2026-01-18 15:23:46.885,9.972
2026-01-18 15:23:46.901,9.974
2026-01-18 15:23:46.917,9.973
2026-01-18 15:23:46.918,9.977
2026-01-18 15:23:46.934,9.974
2026-01-18 15:23:46.950,9.976
2026-01-18 15:23:46.968,9.972
2026-01-18 15:23:46.969,9.974
2026-01-18 15:23:46.985,9.976
2026-01-18 15:23:47.001,9.976
2026-01-18 15:23:47.019,9.972
2026-01-18 15:23:47.019,9.973
2026-01-18 15:23:47.035,9.978
2026-01-18 15:23:47.052,9.98
2026-01-18 15:23:47.053,9.982
2026-01-18 15:23:47.068,9.984
2026-01-18 15:23:47.086,9.995
2026-01-18 15:23:47.086,9.993
2026-01-18 15:23:47.101,9.99
2026-01-18 15:23:47.118,9.989
2026-01-18 15:23:47.136,9.996
2026-01-18 15:23:47.136,9.99
2026-01-18 15:23:47.151,9.987
2026-01-18 15:23:47.186,9.984
2026-01-18 15:23:47.186,9.986
2026-01-18 15:23:47.202,9.979
2026-01-18 15:23:47.219,9.976
2026-01-18 15:23:47.219,9.973
2026-01-18 15:23:47.234,9.973
2026-01-18 15:23:47.253,9.97
2026-01-18 15:23:47.267,9.98
2026-01-18 15:23:47.285,9.986
2026-01-18 15:23:47.301,9.983
2026-01-18 15:23:47.318,9.977
2026-01-18 15:23:47.319,9.977
2026-01-18 15:23:47.340,9.981
2026-01-18 15:23:47.341,9.98
2026-01-18 15:23:47.352,9.973
2026-01-18 15:23:47.367,9.974
2026-01-18 15:23:47.384,9.973
2026-01-18 15:23:47.402,9.975
2026-01-18 15:23:47.402,9.977
2026-01-18 15:23:47.417,9.978
2026-01-18 15:23:47.436,9.978
2026-01-18 15:23:47.436,9.98
2026-01-18 15:23:47.452,9.98
2026-01-18 15:23:47.468,9.984
2026-01-18 15:23:47.485,9.991
2026-01-18 15:23:47.485,9.992
2026-01-18 15:23:47.502,10.005
2026-01-18 15:23:47.519,10.005
2026-01-18 15:23:47.519,9.998
2026-01-18 15:23:47.535,9.997
2026-01-18 15:23:47.552,9.999
2026-01-18 15:23:47.569,10.004
2026-01-18 15:23:47.569,10.0
2026-01-18 15:23:47.585,9.994
2026-01-18 15:23:47.602,9.99
2026-01-18 15:23:47.619,9.985
2026-01-18 15:23:47.619,9.984
2026-01-18 15:23:47.635,9.981
2026-01-18 15:23:47.651,9.99
2026-01-18 15:23:47.652,9.991
2026-01-18 15:23:47.667,9.988
2026-01-18 15:23:47.684,9.991
2026-01-18 15:23:47.701,9.999
2026-01-18 15:23:47.702,9.995
2026-01-18 15:23:47.719,9.992
2026-01-18 15:23:47.735,9.999
2026-01-18 15:23:47.735,10.002
2026-01-18 15:23:47.752,9.998
2026-01-18 15:23:47.768,10.0
2026-01-18 15:23:47.785,10.002
2026-01-18 15:23:47.785,10.007
2026-01-18 15:23:47.801,10.004
2026-01-18 15:23:47.818,10.002
2026-01-18 15:23:47.819,10.003
2026-01-18 15:23:47.834,9.999
2026-01-18 15:23:47.850,9.994
2026-01-18 15:23:47.867,9.987
2026-01-18 15:23:47.867,9.983
2026-01-18 15:23:47.885,9.983
2026-01-18 15:23:47.901,9.98
2026-01-18 15:23:47.918,9.978
2026-01-18 15:23:47.919,9.973
2026-01-18 15:23:47.935,9.975
2026-01-18 15:23:47.952,9.977
2026-01-18 15:23:47.952,9.974
2026-01-18 15:23:47.967,9.977
2026-01-18 15:23:47.985,9.993
2026-01-18 15:23:48.002,9.988
2026-01-18 15:23:48.002,9.992
2026-01-18 15:23:48.017,9.99
2026-01-18 15:23:48.035,9.987
2026-01-18 15:23:48.035,9.983
2026-01-18 15:23:48.052,9.979
2026-01-18 15:23:48.068,9.976
2026-01-18 15:23:48.085,9.981
2026-01-18 15:23:48.085,9.985
2026-01-18 15:23:48.101,9.986
2026-01-18 15:23:48.117,9.982
2026-01-18 15:23:48.135,9.986
2026-01-18 15:23:48.136,9.984
2026-01-18 15:23:48.151,9.981
2026-01-18 15:23:48.168,9.975
2026-01-18 15:23:48.168,9.976
2026-01-18 15:23:48.195,9.983
2026-01-18 15:23:48.196,9.982
2026-01-18 15:23:48.206,9.981
2026-01-18 15:23:48.216,9.989
2026-01-18 15:23:48.236,9.993
2026-01-18 15:23:48.252,9.989
2026-01-18 15:23:48.253,9.986
2026-01-18 15:23:48.268,9.983
2026-01-18 15:23:48.284,9.985
2026-01-18 15:23:48.301,9.991
2026-01-18 15:23:48.302,9.985
2026-01-18 15:23:48.317,9.984
2026-01-18 15:23:48.335,9.983
2026-01-18 15:23:48.336,9.983
2026-01-18 15:23:48.358,9.982
2026-01-18 15:23:48.359,9.982
2026-01-18 15:23:48.387,9.98
2026-01-18 15:23:48.387,9.989
2026-01-18 15:23:48.401,10.002
2026-01-18 15:23:48.418,9.999
2026-01-18 15:23:48.419,9.993
2026-01-18 15:23:48.434,9.993
2026-01-18 15:23:48.451,9.991
2026-01-18 15:23:48.467,9.983
2026-01-18 15:23:48.468,9.981
2026-01-18 15:23:48.484,9.981
2026-01-18 15:23:48.502,9.984
2026-01-18 15:23:48.517,9.989
2026-01-18 15:23:48.518,9.998
2026-01-18 15:23:48.536,9.996
2026-01-18 15:23:48.551,9.995
2026-01-18 15:23:48.567,9.995
2026-01-18 15:23:48.585,9.986
2026-01-18 15:23:48.601,9.975
2026-01-18 15:23:48.601,9.975
2026-01-18 15:23:48.617,9.977
2026-01-18 15:23:48.634,9.971
2026-01-18 15:23:48.652,9.978
2026-01-18 15:23:48.652,9.976
2026-01-18 15:23:48.667,9.974
2026-01-18 15:23:48.684,9.978
2026-01-18 15:23:48.685,9.987
2026-01-18 15:23:48.702,9.989
2026-01-18 15:23:48.718,9.99
2026-01-18 15:23:48.719,9.986
2026-01-18 15:23:48.734,9.985
2026-01-18 15:23:48.752,9.988
2026-01-18 15:23:48.768,9.989
2026-01-18 15:23:48.768,9.986
2026-01-18 15:23:48.785,9.99
2026-01-18 15:23:48.801,9.989
2026-01-18 15:23:48.818,9.985
2026-01-18 15:23:48.819,9.985
2026-01-18 15:23:48.834,9.985
2026-01-18 15:23:48.852,9.988
2026-01-18 15:23:48.852,9.986
2026-01-18 15:23:48.867,9.986
2026-01-18 15:23:48.885,9.983
2026-01-18 15:23:48.901,9.98
2026-01-18 15:23:48.901,9.982
2026-01-18 15:23:48.918,9.985
2026-01-18 15:23:48.935,9.984
2026-01-18 15:23:48.935,9.978
2026-01-18 15:23:48.951,9.976
2026-01-18 15:23:48.968,9.974
2026-01-18 15:23:48.985,9.979
2026-01-18 15:23:48.985,9.983
2026-01-18 15:23:49.001,9.981
2026-01-18 15:23:49.018,9.977
2026-01-18 15:23:49.032,9.971
2026-01-18 15:23:49.034,9.967
2026-01-18 15:23:49.050,9.972
2026-01-18 15:23:49.068,9.974
2026-01-18 15:23:49.068,9.973
2026-01-18 15:23:49.084,9.982
2026-01-18 15:23:49.101,9.98
2026-01-18 15:23:49.117,9.984
2026-01-18 15:23:49.118,9.985
2026-01-18 15:23:49.135,9.983
2026-01-18 15:23:49.150,9.981
2026-01-18 15:23:49.167,9.986
2026-01-18 15:23:49.168,9.993
2026-01-18 15:23:49.185,9.992
2026-01-18 15:23:49.202,9.992
2026-01-18 15:23:49.202,9.99
2026-01-18 15:23:49.218,9.994
2026-01-18 15:23:49.234,9.996
2026-01-18 15:23:49.234,10.002
2026-01-18 15:23:49.251,10.004
2026-01-18 15:23:49.267,10.002
2026-01-18 15:23:49.283,10.007
2026-01-18 15:23:49.283,10.003
2026-01-18 15:23:49.302,10.006
2026-01-18 15:23:49.317,10.004
2026-01-18 15:23:49.335,9.997
2026-01-18 15:23:49.336,9.987
2026-01-18 15:23:49.357,9.983
2026-01-18 15:23:49.357,9.985
2026-01-18 15:23:49.367,9.989
2026-01-18 15:23:49.385,9.983
2026-01-18 15:23:49.402,9.977
2026-01-18 15:23:49.403,9.974
2026-01-18 15:23:49.417,9.969
2026-01-18 15:23:49.435,9.976
2026-01-18 15:23:49.452,9.977
2026-01-18 15:23:49.452,9.975
2026-01-18 15:23:49.467,9.968
2026-01-18 15:23:49.485,9.971
2026-01-18 15:23:49.500,9.975
2026-01-18 15:23:49.501,9.977
2026-01-18 15:23:49.517,9.977
2026-01-18 15:23:49.534,9.973
2026-01-18 15:23:49.561,9.983
2026-01-18 15:23:49.562,9.981
2026-01-18 15:23:49.562,9.975
2026-01-18 15:23:49.584,9.977
2026-01-18 15:23:49.584,9.981
2026-01-18 15:23:49.601,9.983
2026-01-18 15:23:49.618,9.986
2026-01-18 15:23:49.618,9.987
2026-01-18 15:23:49.634,9.988
2026-01-18 15:23:49.653,9.985
2026-01-18 15:23:49.654,9.985
2026-01-18 15:23:49.668,9.989
2026-01-18 15:23:49.684,9.994
2026-01-18 15:23:49.702,9.994
2026-01-18 15:23:49.717,9.995
2026-01-18 15:23:49.717,9.999
2026-01-18 15:23:49.734,9.995
2026-01-18 15:23:49.751,9.998
2026-01-18 15:23:49.752,10.0
2026-01-18 15:23:49.767,9.999
2026-01-18 15:23:49.784,10.012
2026-01-18 15:23:49.802,10.009
2026-01-18 15:23:49.802,10.007
2026-01-18 15:23:49.817,10.006
2026-01-18 15:23:49.834,10.001
2026-01-18 15:23:49.851,9.995
2026-01-18 15:23:49.852,9.989
2026-01-18 15:23:49.868,9.988
2026-01-18 15:23:49.885,9.989
2026-01-18 15:23:49.885,9.982
2026-01-18 15:23:49.902,9.985
2026-01-18 15:23:49.918,9.99
2026-01-18 15:23:49.935,9.994
2026-01-18 15:23:49.935,10.0
2026-01-18 15:23:49.950,9.999
2026-01-18 15:23:49.968,10.008
2026-01-18 15:23:49.968,10.003
2026-01-18 15:23:49.985,10.004
2026-01-18 15:23:50.000,10.003
2026-01-18 15:23:50.016,9.999
2026-01-18 15:23:50.016,10.01
2026-01-18 15:23:50.035,10.014
2026-01-18 15:23:50.052,10.012
2026-01-18 15:23:50.052,10.007
2026-01-18 15:23:50.069,10.002
2026-01-18 15:23:50.084,10.013
2026-01-18 15:23:50.100,10.007
2026-01-18 15:23:50.100,10.011
2026-01-18 15:23:50.117,10.016
2026-01-18 15:23:50.135,10.011
2026-01-18 15:23:50.135,10.025
2026-01-18 15:23:50.151,10.018
2026-01-18 15:23:50.167,10.014
2026-01-18 15:23:50.185,10.007
2026-01-18 15:23:50.186,10.005
2026-01-18 15:23:50.202,10.014
2026-01-18 15:23:50.218,10.006
2026-01-18 15:23:50.219,10.004
2026-01-18 15:23:50.235,10.001
2026-01-18 15:23:50.251,9.995
2026-01-18 15:23:50.269,10.008
2026-01-18 15:23:50.269,10.003
2026-01-18 15:23:50.284,9.998
2026-01-18 15:23:50.301,9.994
2026-01-18 15:23:50.319,9.987
2026-01-18 15:23:50.319,10.005
2026-01-18 15:23:50.334,10.0
2026-01-18 15:23:50.357,10.002
2026-01-18 15:23:50.358,10.002
2026-01-18 15:23:50.367,9.989
2026-01-18 15:23:50.384,9.994
2026-01-18 15:23:50.402,9.989
2026-01-18 15:23:50.402,9.986
2026-01-18 15:23:50.417,9.989
2026-01-18 15:23:50.434,9.987
2026-01-18 15:23:50.451,9.988
2026-01-18 15:23:50.452,9.987
2026-01-18 15:23:50.466,9.988
2026-01-18 15:23:50.484,9.989
2026-01-18 15:23:50.485,9.991
2026-01-18 15:23:50.501,9.997
2026-01-18 15:23:50.517,9.997
2026-01-18 15:23:50.534,10.0
2026-01-18 15:23:50.535,10.0
2026-01-18 15:23:50.550,10.0
2026-01-18 15:23:50.569,9.999
2026-01-18 15:23:50.569,10.001
2026-01-18 15:23:50.584,9.996
2026-01-18 15:23:50.600,9.995
2026-01-18 15:23:50.617,9.999
2026-01-18 15:23:50.617,9.998
2026-01-18 15:23:50.636,10.005
2026-01-18 15:23:50.651,10.009
2026-01-18 15:23:50.652,10.008
2026-01-18 15:23:50.667,10.002
2026-01-18 15:23:50.684,10.016
2026-01-18 15:23:50.700,10.015
2026-01-18 15:23:50.701,10.017
2026-01-18 15:23:50.717,10.014
2026-01-18 15:23:50.734,10.013
2026-01-18 15:23:50.735,10.007
2026-01-18 15:23:50.751,10.0
2026-01-18 15:23:50.768,9.995
2026-01-18 15:23:50.784,9.998
2026-01-18 15:23:50.784,9.996
2026-01-18 15:23:50.800,9.994
2026-01-18 15:23:50.818,9.994
2026-01-18 15:23:50.819,9.993
2026-01-18 15:23:50.834,10.002
2026-01-18 15:23:50.852,9.996
2026-01-18 15:23:50.867,9.992
2026-01-18 15:23:50.868,9.993
2026-01-18 15:23:50.885,9.996
2026-01-18 15:23:50.926,9.992
2026-01-18 15:23:50.927,9.99
2026-01-18 15:23:50.927,9.988
2026-01-18 15:23:50.927,9.988
2026-01-18 15:23:50.952,9.985
2026-01-18 15:23:50.952,9.985
2026-01-18 15:23:50.968,9.985
2026-01-18 15:23:50.983,9.988
2026-01-18 15:23:51.000,9.99
2026-01-18 15:23:51.000,9.986
2026-01-18 15:23:51.017,9.983
2026-01-18 15:23:51.033,9.979
2026-01-18 15:23:51.050,9.984
2026-01-18 15:23:51.050,9.987
2026-01-18 15:23:51.067,9.99
2026-01-18 15:23:51.083,9.985
2026-01-18 15:23:51.084,9.983
2026-01-18 15:23:51.100,9.996
2026-01-18 15:23:51.117,10.003
2026-01-18 15:23:51.134,10.006
2026-01-18 15:23:51.135,10.004
2026-01-18 15:23:51.150,10.004
2026-01-18 15:23:51.167,10.014
2026-01-18 15:23:51.183,10.006
2026-01-18 15:23:51.183,10.002
2026-01-18 15:23:51.200,10.002
2026-01-18 15:23:51.216,9.999
2026-01-18 15:23:51.217,10.004
2026-01-18 15:23:51.236,9.999
2026-01-18 15:23:51.250,10.0
2026-01-18 15:23:51.267,9.996
2026-01-18 15:23:51.268,9.991
2026-01-18 15:23:51.284,9.99
2026-01-18 15:23:51.300,9.992
2026-01-18 15:23:51.300,9.989
2026-01-18 15:23:51.316,9.99
2026-01-18 15:23:51.334,9.99
2026-01-18 15:23:51.351,10.005
2026-01-18 15:23:51.351,10.011
2026-01-18 15:23:51.372,10.007
2026-01-18 15:23:51.372,10.0
2026-01-18 15:23:51.383,9.995
2026-01-18 15:23:51.400,10.003
2026-01-18 15:23:51.418,10.0
2026-01-18 15:23:51.434,9.998
2026-01-18 15:23:51.435,10.0
2026-01-18 15:23:51.453,10.002
2026-01-18 15:23:51.467,9.999
2026-01-18 15:23:51.467,9.993
2026-01-18 15:23:51.485,9.99
2026-01-18 15:23:51.501,9.987
2026-01-18 15:23:51.517,9.988
2026-01-18 15:23:51.518,9.986
2026-01-18 15:23:51.535,9.981
2026-01-18 15:23:51.551,9.978
2026-01-18 15:23:51.552,9.976
2026-01-18 15:23:51.567,9.977
2026-01-18 15:23:51.584,9.978
2026-01-18 15:23:51.601,9.979
2026-01-18 15:23:51.601,9.976
2026-01-18 15:23:51.616,9.975
2026-01-18 15:23:51.635,9.974
2026-01-18 15:23:51.636,9.973
2026-01-18 15:23:51.653,9.971
2026-01-18 15:23:51.667,9.974
2026-01-18 15:23:51.683,9.975
2026-01-18 15:23:51.683,9.977
2026-01-18 15:23:51.701,9.979
2026-01-18 15:23:51.717,9.98
2026-01-18 15:23:51.734,9.986
2026-01-18 15:23:51.735,9.982
2026-01-18 15:23:51.751,9.978
2026-01-18 15:23:51.767,9.975
2026-01-18 15:23:51.768,9.971
2026-01-18 15:23:51.784,9.971
2026-01-18 15:23:51.800,9.974
2026-01-18 15:23:51.817,9.971
2026-01-18 15:23:51.817,9.964
2026-01-18 15:23:51.835,9.965
2026-01-18 15:23:51.850,9.966
2026-01-18 15:23:51.851,9.969
2026-01-18 15:23:51.867,9.968
2026-01-18 15:23:51.885,9.984
2026-01-18 15:23:51.901,9.981
2026-01-18 15:23:51.902,9.981
2026-01-18 15:23:51.917,9.977
2026-01-18 15:23:51.934,9.97
2026-01-18 15:23:51.950,9.963
2026-01-18 15:23:51.951,9.961
2026-01-18 15:23:51.968,9.967
2026-01-18 15:23:51.984,9.965
2026-01-18 15:23:51.985,9.965
2026-01-18 15:23:52.001,9.973
2026-01-18 15:23:52.018,9.982
2026-01-18 15:23:52.034,9.987
2026-01-18 15:23:52.035,9.983
2026-01-18 15:23:52.051,9.977
2026-01-18 15:23:52.067,9.987
2026-01-18 15:23:52.067,9.982
2026-01-18 15:23:52.083,9.979
2026-01-18 15:23:52.100,9.989
2026-01-18 15:23:52.116,9.993
2026-01-18 15:23:52.117,9.986
2026-01-18 15:23:52.133,9.984
2026-01-18 15:23:52.152,9.984
2026-01-18 15:23:52.152,9.981
2026-01-18 15:23:52.167,9.979
2026-01-18 15:23:52.184,9.974
2026-01-18 15:23:52.200,9.973
2026-01-18 15:23:52.200,9.974
2026-01-18 15:23:52.218,9.988
2026-01-18 15:23:52.234,9.983
2026-01-18 15:23:52.234,9.98
2026-01-18 15:23:52.251,9.981
2026-01-18 15:23:52.312,9.987
2026-01-18 15:23:52.314,9.984
2026-01-18 15:23:52.314,9.99
2026-01-18 15:23:52.315,10.003
2026-01-18 15:23:52.315,10.009
2026-01-18 15:23:52.323,10.006
2026-01-18 15:23:52.333,10.004
2026-01-18 15:23:52.351,9.997
2026-01-18 15:23:52.374,10.001
2026-01-18 15:23:52.374,9.998
2026-01-18 15:23:52.384,9.995
2026-01-18 15:23:52.399,9.993
2026-01-18 15:23:52.416,9.994
2026-01-18 15:23:52.417,9.991
2026-01-18 15:23:52.434,9.989
2026-01-18 15:23:52.451,9.985
2026-01-18 15:23:52.451,9.98
2026-01-18 15:23:52.468,9.98
2026-01-18 15:23:52.482,9.974
2026-01-18 15:23:52.500,9.974
2026-01-18 15:23:52.501,9.973
2026-01-18 15:23:52.517,9.972
2026-01-18 15:23:52.533,9.973
2026-01-18 15:23:52.549,9.971
2026-01-18 15:23:52.550,9.975
2026-01-18 15:23:52.567,9.974
2026-01-18 15:23:52.584,9.972
2026-01-18 15:23:52.600,9.972
2026-01-18 15:23:52.617,9.969
2026-01-18 15:23:52.634,9.967
2026-01-18 15:23:52.634,9.979
2026-01-18 15:23:52.650,9.979
2026-01-18 15:23:52.669,9.98
2026-01-18 15:23:52.669,9.984
2026-01-18 15:23:52.684,9.988
2026-01-18 15:23:52.700,9.993
2026-01-18 15:23:52.717,9.99
2026-01-18 15:23:52.718,10.005
2026-01-18 15:23:52.734,9.997
2026-01-18 15:23:52.750,9.992
2026-01-18 15:23:52.751,9.99
2026-01-18 15:23:52.766,9.986
2026-01-18 15:23:52.785,9.996
2026-01-18 15:23:52.801,9.988
2026-01-18 15:23:52.802,9.985
2026-01-18 15:23:52.817,9.981
2026-01-18 15:23:52.834,9.981
2026-01-18 15:23:52.835,9.98
2026-01-18 15:23:52.851,9.986
2026-01-18 15:23:52.867,9.978
2026-01-18 15:23:52.884,9.976
2026-01-18 15:23:52.885,9.971
2026-01-18 15:23:52.900,9.97
2026-01-18 15:23:52.917,9.97
2026-01-18 15:23:52.933,9.968
2026-01-18 15:23:52.933,9.965
2026-01-18 15:23:52.951,9.966
2026-01-18 15:23:52.967,9.961
2026-01-18 15:23:52.968,9.973
2026-01-18 15:23:52.984,9.976
2026-01-18 15:23:53.003,9.968
2026-01-18 15:23:53.017,9.979
2026-01-18 15:23:53.034,9.974
2026-01-18 15:23:53.051,9.977
2026-01-18 15:23:53.051,9.975
2026-01-18 15:23:53.067,9.975
2026-01-18 15:23:53.084,9.985
2026-01-18 15:23:53.100,9.982
2026-01-18 15:23:53.101,9.979
2026-01-18 15:23:53.117,9.983
2026-01-18 15:23:53.133,9.981
2026-01-18 15:23:53.151,9.976
2026-01-18 15:23:53.152,9.973
2026-01-18 15:23:53.167,9.966
2026-01-18 15:23:53.185,9.979
2026-01-18 15:23:53.186,9.983
2026-01-18 15:23:53.199,9.98
2026-01-18 15:23:53.218,9.975
2026-01-18 15:23:53.233,9.988
2026-01-18 15:23:53.233,9.977
2026-01-18 15:23:53.251,9.976
2026-01-18 15:23:53.268,9.981
2026-01-18 15:23:53.268,9.98
2026-01-18 15:23:53.284,9.978
2026-01-18 15:23:53.300,9.974
2026-01-18 15:23:53.316,9.972
2026-01-18 15:23:53.318,9.973
2026-01-18 15:23:53.334,9.97
2026-01-18 15:23:53.351,9.972
2026-01-18 15:23:53.351,9.971
2026-01-18 15:23:53.372,9.967
2026-01-18 15:23:53.383,9.963
2026-01-18 15:23:53.400,9.966
2026-01-18 15:23:53.401,9.965
2026-01-18 15:23:53.417,9.963
2026-01-18 15:23:53.433,9.956
2026-01-18 15:23:53.450,9.972
2026-01-18 15:23:53.450,9.966
2026-01-18 15:23:53.466,9.959
2026-01-18 15:23:53.482,9.956
2026-01-18 15:23:53.483,9.96
2026-01-18 15:23:53.500,9.959
2026-01-18 15:23:53.515,9.963
2026-01-18 15:23:53.533,9.956
2026-01-18 15:23:53.534,9.956
2026-01-18 15:23:53.549,9.955
2026-01-18 15:23:53.566,9.954
2026-01-18 15:23:53.567,9.955
2026-01-18 15:23:53.583,9.956
2026-01-18 15:23:53.600,9.956
2026-01-18 15:23:53.616,9.958
2026-01-18 15:23:53.617,9.958
2026-01-18 15:23:53.633,9.959
2026-01-18 15:23:53.661,9.964
2026-01-18 15:23:53.662,9.961
2026-01-18 15:23:53.662,9.959
2026-01-18 15:23:53.685,9.972
2026-01-18 15:23:53.700,9.969
2026-01-18 15:23:53.701,9.969
2026-01-18 15:23:53.717,9.962
2026-01-18 15:23:53.734,9.966
2026-01-18 15:23:53.735,9.97
2026-01-18 15:23:53.751,9.974
2026-01-18 15:23:53.768,9.969
2026-01-18 15:23:53.785,9.969
2026-01-18 15:23:53.785,9.966
2026-01-18 15:23:53.800,9.963
2026-01-18 15:23:53.817,9.969
2026-01-18 15:23:53.833,9.961
2026-01-18 15:23:53.834,9.959
2026-01-18 15:23:53.850,9.957
2026-01-18 15:23:53.867,9.966
2026-01-18 15:23:53.868,9.977
2026-01-18 15:23:53.884,9.975
2026-01-18 15:23:53.900,9.976
2026-01-18 15:23:53.918,9.969
2026-01-18 15:23:53.918,9.979
2026-01-18 15:23:53.934,9.981
2026-01-18 15:23:53.951,9.982
2026-01-18 15:23:53.952,9.986
2026-01-18 15:23:53.967,9.986
2026-01-18 15:23:53.984,9.984
2026-01-18 15:23:54.000,9.984
2026-01-18 15:23:54.001,9.978
2026-01-18 15:23:54.017,9.97
2026-01-18 15:23:54.033,9.975
2026-01-18 15:23:54.049,9.976
2026-01-18 15:23:54.049,9.977
2026-01-18 15:23:54.067,9.97
2026-01-18 15:23:54.082,9.971
2026-01-18 15:23:54.083,9.973
2026-01-18 15:23:54.099,9.975
2026-01-18 15:23:54.116,9.982
2026-01-18 15:23:54.132,9.974
2026-01-18 15:23:54.134,9.967
2026-01-18 15:23:54.150,9.966
2026-01-18 15:23:54.166,9.982
2026-01-18 15:23:54.186,9.981
2026-01-18 15:23:54.186,9.973
2026-01-18 15:23:54.202,9.975
2026-01-18 15:23:54.217,9.975
2026-01-18 15:23:54.217,9.976
2026-01-18 15:23:54.234,9.967
2026-01-18 15:23:54.251,9.97
2026-01-18 15:23:54.252,9.97
2026-01-18 15:23:54.267,9.97
2026-01-18 15:23:54.284,9.966
2026-01-18 15:23:54.300,9.96
2026-01-18 15:23:54.300,9.968
2026-01-18 15:23:54.316,9.98
2026-01-18 15:23:54.334,9.979
2026-01-18 15:23:54.351,9.977
2026-01-18 15:23:54.351,9.972
2026-01-18 15:23:54.372,9.973
2026-01-18 15:23:54.372,9.965
2026-01-18 15:23:54.384,9.96
2026-01-18 15:23:54.400,9.963
2026-01-18 15:23:54.416,9.962
2026-01-18 15:23:54.434,9.963
2026-01-18 15:23:54.435,9.961
2026-01-18 15:23:54.450,9.961
2026-01-18 15:23:54.468,9.96
2026-01-18 15:23:54.468,9.958
2026-01-18 15:23:54.485,9.965
2026-01-18 15:23:54.501,9.961
2026-01-18 15:23:54.516,9.964
2026-01-18 15:23:54.517,9.961
2026-01-18 15:23:54.533,9.963
2026-01-18 15:23:54.550,9.961
2026-01-18 15:23:54.551,9.967
2026-01-18 15:23:54.566,9.967
2026-01-18 15:23:54.585,9.981
2026-01-18 15:23:54.600,9.977
2026-01-18 15:23:54.600,9.976
2026-01-18 15:23:54.617,9.971
2026-01-18 15:23:54.634,9.975
2026-01-18 15:23:54.634,9.974
2026-01-18 15:23:54.649,9.974
2026-01-18 15:23:54.667,9.971
2026-01-18 15:23:54.685,9.968
2026-01-18 15:23:54.685,9.966
2026-01-18 15:23:54.701,9.959
2026-01-18 15:23:54.716,9.955
2026-01-18 15:23:54.735,9.952
2026-01-18 15:23:54.735,9.963
2026-01-18 15:23:54.751,9.957
2026-01-18 15:23:54.767,9.955
2026-01-18 15:23:54.767,9.952
2026-01-18 15:23:54.783,9.962
2026-01-18 15:23:54.800,9.97
2026-01-18 15:23:54.817,9.967
2026-01-18 15:23:54.818,9.968
2026-01-18 15:23:54.833,9.969
2026-01-18 15:23:54.850,9.971
2026-01-18 15:23:54.851,9.97
2026-01-18 15:23:54.867,9.968
2026-01-18 15:23:54.883,9.971
2026-01-18 15:23:54.900,9.971
2026-01-18 15:23:54.901,9.968
2026-01-18 15:23:54.916,9.974
2026-01-18 15:23:54.933,9.968
2026-01-18 15:23:54.950,9.97
2026-01-18 15:23:54.951,9.97
2026-01-18 15:23:54.967,9.968
2026-01-18 15:23:54.983,9.963
2026-01-18 15:23:54.984,9.963
2026-01-18 15:23:55.026,9.977
2026-01-18 15:23:55.027,9.971
2026-01-18 15:23:55.027,9.977
2026-01-18 15:23:55.038,9.975
2026-01-18 15:23:55.050,9.971
2026-01-18 15:23:55.066,9.982
2026-01-18 15:23:55.067,9.98
2026-01-18 15:23:55.083,9.979
2026-01-18 15:23:55.100,9.972
2026-01-18 15:23:55.116,9.968
2026-01-18 15:23:55.117,9.977
2026-01-18 15:23:55.134,9.974
2026-01-18 15:23:55.151,9.974
2026-01-18 15:23:55.166,9.974
2026-01-18 15:23:55.166,9.968
2026-01-18 15:23:55.185,9.965
2026-01-18 15:23:55.199,9.973
2026-01-18 15:23:55.216,9.978
2026-01-18 15:23:55.233,9.977
2026-01-18 15:23:55.250,9.971
2026-01-18 15:23:55.251,9.972
2026-01-18 15:23:55.268,9.971
2026-01-18 15:23:55.284,9.972
2026-01-18 15:23:55.284,9.972
2026-01-18 15:23:55.299,9.977
2026-01-18 15:23:55.316,9.975
2026-01-18 15:23:55.334,9.975
2026-01-18 15:23:55.334,9.979
2026-01-18 15:23:55.350,9.983
2026-01-18 15:23:55.374,9.977
2026-01-18 15:23:55.374,9.967
2026-01-18 15:23:55.383,9.972
2026-01-18 15:23:55.401,9.972
2026-01-18 15:23:55.416,9.98
2026-01-18 15:23:55.417,9.978
2026-01-18 15:23:55.433,9.979
2026-01-18 15:23:55.450,9.977
2026-01-18 15:23:55.451,9.978
2026-01-18 15:23:55.465,9.974
2026-01-18 15:23:55.482,9.975
2026-01-18 15:23:55.501,9.975
2026-01-18 15:23:55.516,9.971
2026-01-18 15:23:55.534,9.969
2026-01-18 15:23:55.550,9.967
2026-01-18 15:23:55.550,9.965
2026-01-18 15:23:55.566,9.967
2026-01-18 15:23:55.584,9.964
2026-01-18 15:23:55.584,9.963
2026-01-18 15:23:55.601,9.977
2026-01-18 15:23:55.616,9.973
2026-01-18 15:23:55.634,9.983
2026-01-18 15:23:55.634,9.981
2026-01-18 15:23:55.651,9.982
2026-01-18 15:23:55.666,9.981
2026-01-18 15:23:55.666,9.978
2026-01-18 15:23:55.683,9.977
2026-01-18 15:23:55.699,9.974
2026-01-18 15:23:55.716,9.972
2026-01-18 15:23:55.716,9.972
2026-01-18 15:23:55.732,9.974
2026-01-18 15:23:55.749,9.978
2026-01-18 15:23:55.766,9.98
2026-01-18 15:23:55.767,9.978
2026-01-18 15:23:55.783,9.989
2026-01-18 15:23:55.799,9.987
2026-01-18 15:23:55.799,9.983
2026-01-18 15:23:55.815,9.98
2026-01-18 15:23:55.833,9.98
2026-01-18 15:23:55.850,9.981
2026-01-18 15:23:55.850,9.979
2026-01-18 15:23:55.866,9.979
2026-01-18 15:23:55.882,9.978
2026-01-18 15:23:55.900,9.977
2026-01-18 15:23:55.901,9.972
2026-01-18 15:23:55.916,9.969
2026-01-18 15:23:55.933,9.97
2026-01-18 15:23:55.934,9.975
2026-01-18 15:23:55.950,9.972
2026-01-18 15:23:55.967,9.971
2026-01-18 15:23:55.967,9.967
2026-01-18 15:23:55.983,9.972
2026-01-18 15:23:56.001,9.973
2026-01-18 15:23:56.017,9.972
2026-01-18 15:23:56.017,9.989
2026-01-18 15:23:56.033,9.989
2026-01-18 15:23:56.051,9.994
2026-01-18 15:23:56.052,9.988
2026-01-18 15:23:56.066,9.981
2026-01-18 15:23:56.084,9.976
2026-01-18 15:23:56.101,9.974
2026-01-18 15:23:56.101,9.974
2026-01-18 15:23:56.116,9.975
2026-01-18 15:23:56.133,9.971
2026-01-18 15:23:56.151,9.972
2026-01-18 15:23:56.151,9.975
2026-01-18 15:23:56.166,9.977
2026-01-18 15:23:56.185,9.977
2026-01-18 15:23:56.186,9.983
2026-01-18 15:23:56.200,9.993
2026-01-18 15:23:56.216,9.99
2026-01-18 15:23:56.233,9.987
2026-01-18 15:23:56.234,9.988
2026-01-18 15:23:56.251,9.984
2026-01-18 15:23:56.267,9.98
2026-01-18 15:23:56.268,9.974
2026-01-18 15:23:56.283,9.975
2026-01-18 15:23:56.300,9.969
2026-01-18 15:23:56.316,9.968
2026-01-18 15:23:56.316,9.967
2026-01-18 15:23:56.333,9.958
2026-01-18 15:23:56.352,9.957
2026-01-18 15:23:56.352,9.974
2026-01-18 15:23:56.407,9.971
2026-01-18 15:23:56.409,9.972
2026-01-18 15:23:56.410,9.975
2026-01-18 15:23:56.410,9.972
2026-01-18 15:23:56.416,9.969
2026-01-18 15:23:56.434,9.964
2026-01-18 15:23:56.450,9.98
2026-01-18 15:23:56.450,9.976
2026-01-18 15:23:56.467,9.974
2026-01-18 15:23:56.483,9.969
2026-01-18 15:23:56.501,9.965
2026-01-18 15:23:56.501,9.967
2026-01-18 15:23:56.517,9.964
2026-01-18 15:23:56.534,9.967
2026-01-18 15:23:56.534,9.968
2026-01-18 15:23:56.550,9.972
2026-01-18 15:23:56.567,9.972
2026-01-18 15:23:56.585,9.975
2026-01-18 15:23:56.601,9.975
2026-01-18 15:23:56.617,9.977
2026-01-18 15:23:56.618,9.98
2026-01-18 15:23:56.633,9.975
2026-01-18 15:23:56.649,9.981
2026-01-18 15:23:56.650,9.978
2026-01-18 15:23:56.666,9.97
2026-01-18 15:23:56.684,9.977
2026-01-18 15:23:56.700,9.984
2026-01-18 15:23:56.701,9.977
2026-01-18 15:23:56.717,9.971
2026-01-18 15:23:56.733,9.967
2026-01-18 15:23:56.750,9.968
2026-01-18 15:23:56.750,9.972
2026-01-18 15:23:56.767,9.976
2026-01-18 15:23:56.784,9.976
2026-01-18 15:23:56.784,9.976
2026-01-18 15:23:56.799,9.979
2026-01-18 15:23:56.816,9.982
2026-01-18 15:23:56.833,9.982
2026-01-18 15:23:56.834,9.98
2026-01-18 15:23:56.849,9.984
2026-01-18 15:23:56.865,9.985
2026-01-18 15:23:56.882,9.978
2026-01-18 15:23:56.882,9.977
2026-01-18 15:23:56.898,9.978
2026-01-18 15:23:56.915,9.975
2026-01-18 15:23:56.916,9.984
2026-01-18 15:23:56.932,9.985
2026-01-18 15:23:56.949,9.984
2026-01-18 15:23:56.966,9.978
2026-01-18 15:23:56.967,9.973
2026-01-18 15:23:56.984,9.981
2026-01-18 15:23:57.001,9.974
2026-01-18 15:23:57.001,9.972
2026-01-18 15:23:57.016,9.969
2026-01-18 15:23:57.032,9.971
2026-01-18 15:23:57.050,9.976
2026-01-18 15:23:57.051,9.967
2026-01-18 15:23:57.084,9.968
2026-01-18 15:23:57.084,9.962
2026-01-18 15:23:57.100,9.96
2026-01-18 15:23:57.117,9.962
2026-01-18 15:23:57.134,9.97
2026-01-18 15:23:57.134,9.975
2026-01-18 15:23:57.151,9.97
2026-01-18 15:23:57.166,9.97
2026-01-18 15:23:57.167,9.975
2026-01-18 15:23:57.185,9.972
2026-01-18 15:23:57.198,9.972
2026-01-18 15:23:57.216,9.968
2026-01-18 15:23:57.216,9.97
2026-01-18 15:23:57.233,9.97
2026-01-18 15:23:57.250,9.965
2026-01-18 15:23:57.250,9.973
2026-01-18 15:23:57.266,9.972
2026-01-18 15:23:57.283,9.975
2026-01-18 15:23:57.300,9.976
2026-01-18 15:23:57.300,9.974
2026-01-18 15:23:57.316,9.969
2026-01-18 15:23:57.333,9.969
2026-01-18 15:23:57.359,9.983
2026-01-18 15:23:57.359,9.975
2026-01-18 15:23:57.359,9.967
2026-01-18 15:23:57.384,9.963
2026-01-18 15:23:57.384,9.965
2026-01-18 15:23:57.399,9.962
2026-01-18 15:23:57.415,9.962
2026-01-18 15:23:57.434,9.969
2026-01-18 15:23:57.435,9.975
2026-01-18 15:23:57.449,9.977
2026-01-18 15:23:57.466,9.975
2026-01-18 15:23:57.466,9.972
2026-01-18 15:23:57.483,9.971
2026-01-18 15:23:57.499,9.974
2026-01-18 15:23:57.516,9.974
2026-01-18 15:23:57.516,9.975
2026-01-18 15:23:57.534,9.975
2026-01-18 15:23:57.551,9.986
2026-01-18 15:23:57.552,9.985
2026-01-18 15:23:57.566,9.979
2026-01-18 15:23:57.584,9.979
2026-01-18 15:23:57.599,9.976
2026-01-18 15:23:57.600,9.98
2026-01-18 15:23:57.616,9.973
2026-01-18 15:23:57.634,9.972
2026-01-18 15:23:57.634,9.974
2026-01-18 15:23:57.650,9.975
2026-01-18 15:23:57.666,9.977
2026-01-18 15:23:57.684,9.978
2026-01-18 15:23:57.685,9.976
2026-01-18 15:23:57.700,9.98
2026-01-18 15:23:57.741,9.984
2026-01-18 15:23:57.742,9.98
2026-01-18 15:23:57.742,9.978
2026-01-18 15:23:57.743,9.975
2026-01-18 15:23:57.767,9.978
2026-01-18 15:23:57.767,9.974
2026-01-18 15:23:57.783,9.977
2026-01-18 15:23:57.800,9.971
2026-01-18 15:23:57.816,9.963
2026-01-18 15:23:57.817,9.982
2026-01-18 15:23:57.833,9.988
2026-01-18 15:23:57.849,9.989
2026-01-18 15:23:57.866,9.986
2026-01-18 15:23:57.867,9.979
2026-01-18 15:23:57.883,9.989
2026-01-18 15:23:57.899,9.98
2026-01-18 15:23:57.900,9.979
2026-01-18 15:23:57.916,9.973
2026-01-18 15:23:57.932,9.972
2026-01-18 15:23:57.949,9.978
2026-01-18 15:23:57.949,9.978
2026-01-18 15:23:57.965,9.977
2026-01-18 15:23:57.982,9.976
2026-01-18 15:23:57.999,9.976
2026-01-18 15:23:57.999,9.972
2026-01-18 15:23:58.015,9.972
2026-01-18 15:23:58.032,9.973
2026-01-18 15:23:58.033,9.971
2026-01-18 15:23:58.048,9.973
2026-01-18 15:23:58.065,9.974
2026-01-18 15:23:58.082,9.979
2026-01-18 15:23:58.082,9.981
2026-01-18 15:23:58.100,9.974
2026-01-18 15:23:58.116,9.98
2026-01-18 15:23:58.117,9.99
2026-01-18 15:23:58.133,9.987
2026-01-18 15:23:58.151,9.987
2026-01-18 15:23:58.167,9.984
2026-01-18 15:23:58.167,9.979
2026-01-18 15:23:58.183,9.978
2026-01-18 15:23:58.199,9.977
2026-01-18 15:23:58.199,9.976
2026-01-18 15:23:58.215,9.977
2026-01-18 15:23:58.234,9.976
2026-01-18 15:23:58.235,9.978
2026-01-18 15:23:58.249,9.972
2026-01-18 15:23:58.266,9.973
2026-01-18 15:23:58.283,9.975
2026-01-18 15:23:58.283,9.981
2026-01-18 15:23:58.300,9.976
2026-01-18 15:23:58.316,9.977
2026-01-18 15:23:58.332,9.987
2026-01-18 15:23:58.333,9.982
2026-01-18 15:23:58.350,9.984
2026-01-18 15:23:58.372,9.978
2026-01-18 15:23:58.372,9.971
2026-01-18 15:23:58.382,9.97
2026-01-18 15:23:58.400,9.97
2026-01-18 15:23:58.416,9.974
2026-01-18 15:23:58.417,9.977
2026-01-18 15:23:58.431,9.978
2026-01-18 15:23:58.451,9.983
2026-01-18 15:23:58.466,9.985
2026-01-18 15:23:58.466,9.985
2026-01-18 15:23:58.484,9.979
2026-01-18 15:23:58.498,9.984
2026-01-18 15:23:58.515,9.983
2026-01-18 15:23:58.516,9.988
2026-01-18 15:23:58.532,9.985
2026-01-18 15:23:58.549,9.996
2026-01-18 15:23:58.550,9.994
2026-01-18 15:23:58.567,9.99
2026-01-18 15:23:58.583,9.996
2026-01-18 15:23:58.584,9.991
2026-01-18 15:23:58.600,9.99
2026-01-18 15:23:58.616,9.988
2026-01-18 15:23:58.634,9.986
2026-01-18 15:23:58.634,9.982
2026-01-18 15:23:58.649,9.978
2026-01-18 15:23:58.667,9.979
2026-01-18 15:23:58.667,9.978
2026-01-18 15:23:58.682,9.977
2026-01-18 15:23:58.699,9.976
2026-01-18 15:23:58.715,9.977
2026-01-18 15:23:58.716,9.99
2026-01-18 15:23:58.732,9.994
2026-01-18 15:23:58.750,9.997
2026-01-18 15:23:58.766,10.0
2026-01-18 15:23:58.783,9.995
2026-01-18 15:23:58.799,9.987
2026-01-18 15:23:58.800,9.991
2026-01-18 15:23:58.815,9.999
2026-01-18 15:23:58.833,9.987
2026-01-18 15:23:58.849,9.987
2026-01-18 15:23:58.850,9.992
2026-01-18 15:23:58.866,9.994
2026-01-18 15:23:58.883,9.987
2026-01-18 15:23:58.884,9.982
2026-01-18 15:23:58.899,9.978
2026-01-18 15:23:58.934,9.985
2026-01-18 15:23:58.934,9.985
2026-01-18 15:23:58.950,9.984
2026-01-18 15:23:58.965,9.983
2026-01-18 15:23:58.983,9.982
2026-01-18 15:23:58.984,9.986
2026-01-18 15:23:59.000,9.988
2026-01-18 15:23:59.016,9.988
2026-01-18 15:23:59.016,9.994
2026-01-18 15:23:59.032,9.992
2026-01-18 15:23:59.050,9.99
2026-01-18 15:23:59.050,9.986
2026-01-18 15:23:59.066,9.984
2026-01-18 15:23:59.128,9.98
2026-01-18 15:23:59.129,9.975
2026-01-18 15:23:59.129,9.973
2026-01-18 15:23:59.129,9.971
2026-01-18 15:23:59.130,9.971
2026-01-18 15:23:59.137,9.974
2026-01-18 15:23:59.149,9.968
2026-01-18 15:23:59.166,9.969
2026-01-18 15:23:59.182,9.972
2026-01-18 15:23:59.199,9.981
2026-01-18 15:23:59.200,9.985
2026-01-18 15:23:59.216,9.99
2026-01-18 15:23:59.234,9.992
2026-01-18 15:23:59.235,10.006
2026-01-18 15:23:59.250,9.998
2026-01-18 15:23:59.266,9.994
2026-01-18 15:23:59.285,9.994
2026-01-18 15:23:59.285,9.993
2026-01-18 15:23:59.300,9.991
2026-01-18 15:23:59.316,9.988
2026-01-18 15:23:59.317,9.992
2026-01-18 15:23:59.332,9.992
2026-01-18 15:23:59.350,9.988
2026-01-18 15:23:59.370,9.983
2026-01-18 15:23:59.371,9.985
2026-01-18 15:23:59.382,9.982
2026-01-18 15:23:59.399,9.985
2026-01-18 15:23:59.400,9.987
2026-01-18 15:23:59.416,9.991
2026-01-18 15:23:59.434,9.992
2026-01-18 15:23:59.449,9.988
2026-01-18 15:23:59.450,9.986
2026-01-18 15:23:59.466,9.989
2026-01-18 15:23:59.483,9.988
2026-01-18 15:23:59.484,9.984
2026-01-18 15:23:59.499,9.997
2026-01-18 15:23:59.516,9.994
2026-01-18 15:23:59.532,9.994
2026-01-18 15:23:59.533,9.99
2026-01-18 15:23:59.550,9.991
2026-01-18 15:23:59.566,9.991
2026-01-18 15:23:59.583,9.99
2026-01-18 15:23:59.583,9.986
2026-01-18 15:23:59.599,9.989
2026-01-18 15:23:59.616,9.987
2026-01-18 15:23:59.616,9.986
2026-01-18 15:23:59.633,9.989
2026-01-18 15:23:59.649,9.993
2026-01-18 15:23:59.665,9.993
2026-01-18 15:23:59.666,9.991
2026-01-18 15:23:59.684,10.003
2026-01-18 15:23:59.699,10.002
2026-01-18 15:23:59.700,9.998
2026-01-18 15:23:59.716,9.996
2026-01-18 15:23:59.732,9.998
2026-01-18 15:23:59.749,10.003
2026-01-18 15:23:59.750,10.0
2026-01-18 15:23:59.767,9.994
2026-01-18 15:23:59.783,9.994
2026-01-18 15:23:59.783,9.993
2026-01-18 15:23:59.799,9.991
2026-01-18 15:23:59.816,9.993
2026-01-18 15:23:59.832,9.991
2026-01-18 15:23:59.832,9.996
2026-01-18 15:23:59.850,9.994
2026-01-18 15:23:59.866,9.991
2026-01-18 15:23:59.883,9.992
2026-01-18 15:23:59.883,9.993
2026-01-18 15:23:59.899,9.996
2026-01-18 15:23:59.916,9.995
2026-01-18 15:23:59.916,9.992
2026-01-18 15:23:59.932,9.988
2026-01-18 15:23:59.950,9.992
2026-01-18 15:23:59.951,9.988
2026-01-18 15:23:59.966,9.985
2026-01-18 15:23:59.983,9.989
2026-01-18 15:24:00.000,9.99
2026-01-18 15:24:00.000,9.99
2026-01-18 15:24:00.016,9.989
2026-01-18 15:24:00.032,9.992
2026-01-18 15:24:00.049,9.995
2026-01-18 15:24:00.049,9.994
2026-01-18 15:24:00.065,9.995
2026-01-18 15:24:00.082,9.996
2026-01-18 15:24:00.100,9.993
2026-01-18 15:24:00.100,10.004
2026-01-18 15:24:00.116,10.0
2026-01-18 15:24:00.132,10.003
2026-01-18 15:24:00.133,10.004
2026-01-18 15:24:00.149,10.001
2026-01-18 15:24:00.166,9.999
2026-01-18 15:24:00.182,9.996
2026-01-18 15:24:00.183,9.993
2026-01-18 15:24:00.199,9.991
2026-01-18 15:24:00.216,9.995
2026-01-18 15:24:00.216,9.995
2026-01-18 15:24:00.232,9.994
2026-01-18 15:24:00.250,9.994
2026-01-18 15:24:00.266,9.999
2026-01-18 15:24:00.266,9.997
2026-01-18 15:24:00.282,9.993
2026-01-18 15:24:00.298,9.99
2026-01-18 15:24:00.298,9.989
2026-01-18 15:24:00.314,9.989
2026-01-18 15:24:00.332,9.985
2026-01-18 15:24:00.349,9.986
2026-01-18 15:24:00.349,9.987
2026-01-18 15:24:00.371,9.989
2026-01-18 15:24:00.371,9.987
2026-01-18 15:24:00.383,9.985
2026-01-18 15:24:00.399,10.003
2026-01-18 15:24:00.415,10.004
2026-01-18 15:24:00.432,10.005
2026-01-18 15:24:00.433,10.001
2026-01-18 15:24:00.474,9.998
2026-01-18 15:24:00.475,9.998
2026-01-18 15:24:00.475,9.995
2026-01-18 15:24:00.485,9.994
2026-01-18 15:24:00.500,9.992
2026-01-18 15:24:00.517,9.992
2026-01-18 15:24:00.517,9.99
2026-01-18 15:24:00.533,9.987
2026-01-18 15:24:00.551,9.988
2026-01-18 15:24:00.552,9.987
2026-01-18 15:24:00.567,9.982
2026-01-18 15:24:00.585,9.99
2026-01-18 15:24:00.600,9.984
2026-01-18 15:24:00.601,9.984
2026-01-18 15:24:00.617,9.981
2026-01-18 15:24:00.635,9.978
2026-01-18 15:24:00.636,9.983
2026-01-18 15:24:00.652,9.98
2026-01-18 15:24:00.668,9.98
2026-01-18 15:24:00.686,9.978
2026-01-18 15:24:00.687,9.98
2026-01-18 15:24:00.699,9.98
2026-01-18 15:24:00.718,9.986
2026-01-18 15:24:00.719,9.984
2026-01-18 15:24:00.734,9.985
2026-01-18 15:24:00.750,9.989
2026-01-18 15:24:00.767,9.998
2026-01-18 15:24:00.768,9.994
2026-01-18 15:24:00.784,9.991
2026-01-18 15:24:00.801,9.988
2026-01-18 15:24:00.802,9.984
2026-01-18 15:24:00.817,9.995
2026-01-18 15:24:00.834,9.992
2026-01-18 15:24:00.851,9.991
2026-01-18 15:24:00.851,9.99
2026-01-18 15:24:00.867,9.989
2026-01-18 15:24:00.884,9.99
2026-01-18 15:24:00.901,9.989
2026-01-18 15:24:00.902,9.987
2026-01-18 15:24:00.917,9.99
2026-01-18 15:24:00.935,9.988
2026-01-18 15:24:00.935,9.989
2026-01-18 15:24:00.951,9.984
2026-01-18 15:24:00.985,9.978
2026-01-18 15:24:00.986,9.985
2026-01-18 15:24:01.001,9.996
2026-01-18 15:24:01.015,9.996
2026-01-18 15:24:01.033,9.993
2026-01-18 15:24:01.034,9.989
2026-01-18 15:24:01.050,9.987
2026-01-18 15:24:01.065,10.0
2026-01-18 15:24:01.082,9.998
2026-01-18 15:24:01.082,10.0
2026-01-18 15:24:01.100,9.996
2026-01-18 15:24:01.118,9.996
2026-01-18 15:24:01.119,9.996
2026-01-18 15:24:01.133,9.992
2026-01-18 15:24:01.149,9.99
2026-01-18 15:24:01.167,9.986
2026-01-18 15:24:01.167,9.987
2026-01-18 15:24:01.198,9.993
2026-01-18 15:24:01.198,9.991
2026-01-18 15:24:01.216,9.991
2026-01-18 15:24:01.232,9.987
2026-01-18 15:24:01.248,9.998
2026-01-18 15:24:01.249,9.998
2026-01-18 15:24:01.265,10.001
2026-01-18 15:24:01.281,9.998
2026-01-18 15:24:01.299,9.993
2026-01-18 15:24:01.300,9.989
2026-01-18 15:24:01.315,9.986
2026-01-18 15:24:01.334,9.998
2026-01-18 15:24:01.335,9.995
2026-01-18 15:24:01.352,9.996
2026-01-18 15:24:01.372,9.99
2026-01-18 15:24:01.373,9.983
2026-01-18 15:24:01.384,9.983
2026-01-18 15:24:01.401,9.99
2026-01-18 15:24:01.416,9.984
2026-01-18 15:24:01.417,9.988
2026-01-18 15:24:01.432,9.988
2026-01-18 15:24:01.452,9.99
2026-01-18 15:24:01.452,9.99
2026-01-18 15:24:01.468,9.991
2026-01-18 15:24:01.482,10.004
2026-01-18 15:24:01.502,10.0
2026-01-18 15:24:01.502,9.991
2026-01-18 15:24:01.515,9.987
2026-01-18 15:24:01.533,9.99
2026-01-18 15:24:01.548,10.0
2026-01-18 15:24:01.549,9.996
2026-01-18 15:24:01.565,9.999
2026-01-18 15:24:01.581,9.997
2026-01-18 15:24:01.599,9.993
2026-01-18 15:24:01.599,9.99
2026-01-18 15:24:01.616,10.028
2026-01-18 15:24:01.631,10.022
2026-01-18 15:24:01.632,10.016
2026-01-18 15:24:01.650,10.01
2026-01-18 15:24:01.666,10.005
2026-01-18 15:24:01.682,10.003
2026-01-18 15:24:01.683,10.002
2026-01-18 15:24:01.699,10.001
2026-01-18 15:24:01.717,10.002
2026-01-18 15:24:01.718,10.013
2026-01-18 15:24:01.732,10.012
2026-01-18 15:24:01.749,10.007
2026-01-18 15:24:01.765,10.003
2026-01-18 15:24:01.766,9.998
2026-01-18 15:24:01.782,9.995
2026-01-18 15:24:01.799,9.993
2026-01-18 15:24:01.840,9.993
2026-01-18 15:24:01.841,9.995
2026-01-18 15:24:01.841,10.002
2026-01-18 15:24:01.842,10.001
2026-01-18 15:24:01.849,10.002
2026-01-18 15:24:01.866,9.997
2026-01-18 15:24:01.882,9.996
2026-01-18 15:24:01.900,9.992
2026-01-18 15:24:01.900,9.988
2026-01-18 15:24:01.916,9.985
2026-01-18 15:24:01.932,9.987
2026-01-18 15:24:01.933,9.985
2026-01-18 15:24:01.949,9.982
2026-01-18 15:24:01.965,9.99
2026-01-18 15:24:01.983,9.987
2026-01-18 15:24:01.983,9.988
2026-01-18 15:24:02.001,9.986
2026-01-18 15:24:02.016,9.987
2026-01-18 15:24:02.016,9.984
2026-01-18 15:24:02.034,9.98
2026-01-18 15:24:02.048,9.976
2026-01-18 15:24:02.065,9.979
2026-01-18 15:24:02.082,9.976
2026-01-18 15:24:02.099,9.975
2026-01-18 15:24:02.100,9.969
2026-01-18 15:24:02.116,9.967
2026-01-18 15:24:02.132,9.962
2026-01-18 15:24:02.150,9.973
2026-01-18 15:24:02.151,9.973
2026-01-18 15:24:02.168,9.972
2026-01-18 15:24:02.183,9.971
2026-01-18 15:24:02.201,9.975
2026-01-18 15:24:02.217,9.973
2026-01-18 15:24:02.234,9.967
2026-01-18 15:24:02.234,9.965
2026-01-18 15:24:02.251,9.967
2026-01-18 15:24:02.267,9.972
2026-01-18 15:24:02.267,9.97
2026-01-18 15:24:02.284,9.964
2026-01-18 15:24:02.301,9.967
2026-01-18 15:24:02.317,9.962
2026-01-18 15:24:02.317,9.977
2026-01-18 15:24:02.333,9.978
2026-01-18 15:24:02.357,9.98
2026-01-18 15:24:02.358,9.975
2026-01-18 15:24:02.368,9.972
2026-01-18 15:24:02.383,9.984
2026-01-18 15:24:02.401,9.983
2026-01-18 15:24:02.402,9.977
2026-01-18 15:24:02.418,9.98
2026-01-18 15:24:02.432,9.981
2026-01-18 15:24:02.451,9.979
2026-01-18 15:24:02.451,9.978
2026-01-18 15:24:02.469,9.976
2026-01-18 15:24:02.483,9.975
2026-01-18 15:24:02.484,9.978
2026-01-18 15:24:02.500,9.977
2026-01-18 15:24:02.517,9.977
2026-01-18 15:24:02.533,9.974
2026-01-18 15:24:02.535,9.977
2026-01-18 15:24:02.548,9.966
2026-01-18 15:24:02.566,9.961
2026-01-18 15:24:02.583,9.959
2026-01-18 15:24:02.583,9.963
2026-01-18 15:24:02.600,9.968
2026-01-18 15:24:02.618,9.973
2026-01-18 15:24:02.618,9.989
2026-01-18 15:24:02.632,9.986
2026-01-18 15:24:02.649,9.984
2026-01-18 15:24:02.664,9.984
2026-01-18 15:24:02.665,9.985
2026-01-18 15:24:02.682,9.99
2026-01-18 15:24:02.698,9.993
2026-01-18 15:24:02.714,9.993
2026-01-18 15:24:02.714,9.988
2026-01-18 15:24:02.731,9.988
2026-01-18 15:24:02.748,9.996
2026-01-18 15:24:02.749,9.995
2026-01-18 15:24:02.764,9.999
2026-01-18 15:24:02.782,9.997
2026-01-18 15:24:02.798,9.994
2026-01-18 15:24:02.798,10.005
2026-01-18 15:24:02.814,10.004
2026-01-18 15:24:02.830,10.007
2026-01-18 15:24:02.831,10.007
2026-01-18 15:24:02.848,10.011
2026-01-18 15:24:02.864,10.002
2026-01-18 15:24:02.882,9.998
2026-01-18 15:24:02.882,9.991
2026-01-18 15:24:02.897,9.984
2026-01-18 15:24:02.915,9.975
2026-01-18 15:24:02.931,9.979
2026-01-18 15:24:02.932,9.981
2026-01-18 15:24:02.948,9.985
2026-01-18 15:24:02.965,9.993
2026-01-18 15:24:02.965,9.991
2026-01-18 15:24:02.980,9.996
2026-01-18 15:24:02.998,10.002
2026-01-18 15:24:03.016,10.008
2026-01-18 15:24:03.016,10.012
2026-01-18 15:24:03.033,10.011
2026-01-18 15:24:03.050,10.025
2026-01-18 15:24:03.050,10.01
2026-01-18 15:24:03.068,10.006
2026-01-18 15:24:03.083,10.002
2026-01-18 15:24:03.083,9.993
2026-01-18 15:24:03.101,9.989
2026-01-18 15:24:03.117,9.992
2026-01-18 15:24:03.133,9.995
2026-01-18 15:24:03.134,9.995
2026-01-18 15:24:03.151,9.995
2026-01-18 15:24:03.192,9.992
2026-01-18 15:24:03.193,9.986
2026-01-18 15:24:03.193,9.983
2026-01-18 15:24:03.194,9.973
2026-01-18 15:24:03.216,9.972
2026-01-18 15:24:03.216,9.974
2026-01-18 15:24:03.233,9.978
2026-01-18 15:24:03.248,9.982
2026-01-18 15:24:03.266,9.981
2026-01-18 15:24:03.266,9.984
2026-01-18 15:24:03.282,9.981
2026-01-18 15:24:03.300,9.978
2026-01-18 15:24:03.300,9.975
2026-01-18 15:24:03.315,9.978
2026-01-18 15:24:03.333,9.983
2026-01-18 15:24:03.350,9.984
2026-01-18 15:24:03.350,9.988
2026-01-18 15:24:03.371,9.988
2026-01-18 15:24:03.372,9.989
2026-01-18 15:24:03.400,9.986
2026-01-18 15:24:03.400,9.989
2026-01-18 15:24:03.415,9.991
2026-01-18 15:24:03.433,9.994
2026-01-18 15:24:03.433,9.998
2026-01-18 15:24:03.448,9.999
2026-01-18 15:24:03.465,10.01
2026-01-18 15:24:03.483,10.011
2026-01-18 15:24:03.484,10.008
2026-01-18 15:24:03.499,10.007
2026-01-18 15:24:03.515,10.005
2026-01-18 15:24:03.516,10.011
2026-01-18 15:24:03.532,10.01
2026-01-18 15:24:03.549,10.01
2026-01-18 15:24:03.566,10.014
2026-01-18 15:24:03.566,10.013
2026-01-18 15:24:03.583,10.013
2026-01-18 15:24:03.599,10.01
2026-01-18 15:24:03.599,10.009
2026-01-18 15:24:03.615,10.009
2026-01-18 15:24:03.631,10.008
2026-01-18 15:24:03.649,10.006
2026-01-18 15:24:03.650,10.008
2026-01-18 15:24:03.666,9.999
2026-01-18 15:24:03.683,10.004
2026-01-18 15:24:03.684,10.0
2026-01-18 15:24:03.699,10.004
2026-01-18 15:24:03.715,10.0
2026-01-18 15:24:03.733,10.006
2026-01-18 15:24:03.733,9.997
2026-01-18 15:24:03.749,9.998
2026-01-18 15:24:03.764,9.995
2026-01-18 15:24:03.783,9.995
2026-01-18 15:24:03.784,9.995
2026-01-18 15:24:03.799,9.998
2026-01-18 15:24:03.815,10.001
2026-01-18 15:24:03.816,10.005
2026-01-18 15:24:03.834,10.006
2026-01-18 15:24:03.851,10.01
2026-01-18 15:24:03.867,10.017
2026-01-18 15:24:03.868,10.016
2026-01-18 15:24:03.884,10.017
2026-01-18 15:24:03.901,10.019
2026-01-18 15:24:03.901,10.018
2026-01-18 15:24:03.916,10.02
2026-01-18 15:24:03.933,10.018
2026-01-18 15:24:03.950,10.024
2026-01-18 15:24:03.950,10.023
2026-01-18 15:24:03.967,10.022
2026-01-18 15:24:03.983,10.017
2026-01-18 15:24:03.984,10.015
2026-01-18 15:24:04.000,10.015
2026-01-18 15:24:04.018,10.004
2026-01-18 15:24:04.032,10.002
2026-01-18 15:24:04.032,9.998
2026-01-18 15:24:04.048,9.999
2026-01-18 15:24:04.067,10.001
2026-01-18 15:24:04.084,9.998
2026-01-18 15:24:04.084,10.003
2026-01-18 15:24:04.099,10.006
2026-01-18 15:24:04.117,10.008
2026-01-18 15:24:04.117,10.005
2026-01-18 15:24:04.135,10.001
2026-01-18 15:24:04.149,10.005
2026-01-18 15:24:04.166,9.999
2026-01-18 15:24:04.167,10.002
2026-01-18 15:24:04.184,10.007
2026-01-18 15:24:04.199,10.005
2026-01-18 15:24:04.200,10.002
2026-01-18 15:24:04.217,10.003
2026-01-18 15:24:04.234,10.001
2026-01-18 15:24:04.251,10.003
2026-01-18 15:24:04.252,10.004
2026-01-18 15:24:04.267,10.004
2026-01-18 15:24:04.283,10.007
2026-01-18 15:24:04.284,10.012
2026-01-18 15:24:04.300,10.007
2026-01-18 15:24:04.318,10.009
2026-01-18 15:24:04.331,10.009
2026-01-18 15:24:04.332,10.007
2026-01-18 15:24:04.349,10.002
2026-01-18 15:24:04.371,10.008
2026-01-18 15:24:04.371,10.005
2026-01-18 15:24:04.381,10.006
2026-01-18 15:24:04.397,10.0
2026-01-18 15:24:04.414,9.993
2026-01-18 15:24:04.433,9.987
2026-01-18 15:24:04.433,9.985
2026-01-18 15:24:04.448,9.99
2026-01-18 15:24:04.465,9.995
2026-01-18 15:24:04.465,9.994
2026-01-18 15:24:04.481,9.989
2026-01-18 15:24:04.499,9.985
2026-01-18 15:24:04.500,9.98
2026-01-18 15:24:04.515,9.98
2026-01-18 15:24:04.559,9.975
2026-01-18 15:24:04.560,9.98
2026-01-18 15:24:04.560,9.98
2026-01-18 15:24:04.561,9.98
2026-01-18 15:24:04.582,9.978
2026-01-18 15:24:04.597,9.977
2026-01-18 15:24:04.597,9.98
2026-01-18 15:24:04.613,9.979
2026-01-18 15:24:04.631,9.98
2026-01-18 15:24:04.632,9.986
2026-01-18 15:24:04.649,9.983
2026-01-18 15:24:04.667,9.982
2026-01-18 15:24:04.667,9.984
2026-01-18 15:24:04.683,9.985
2026-01-18 15:24:04.700,10.001
2026-01-18 15:24:04.716,10.0
2026-01-18 15:24:04.717,9.998
2026-01-18 15:24:04.733,9.997
2026-01-18 15:24:04.749,9.995
2026-01-18 15:24:04.767,9.992
2026-01-18 15:24:04.767,9.995
2026-01-18 15:24:04.782,9.992
2026-01-18 15:24:04.799,9.99
2026-01-18 15:24:04.799,9.987
2026-01-18 15:24:04.816,9.989
2026-01-18 15:24:04.831,9.986
2026-01-18 15:24:04.848,9.991
2026-01-18 15:24:04.849,9.987
2026-01-18 15:24:04.865,9.985
2026-01-18 15:24:04.881,9.982
2026-01-18 15:24:04.897,9.98
2026-01-18 15:24:04.898,9.999
2026-01-18 15:24:04.914,9.996
2026-01-18 15:24:04.931,10.006
2026-01-18 15:24:04.932,10.002
2026-01-18 15:24:04.948,10.001
2026-01-18 15:24:04.964,10.014
2026-01-18 15:24:04.982,10.01
2026-01-18 15:24:04.982,10.008
2026-01-18 15:24:04.998,10.014
2026-01-18 15:24:05.014,10.014
2026-01-18 15:24:05.031,10.014
2026-01-18 15:24:05.031,10.013
2026-01-18 15:24:05.048,10.011
2026-01-18 15:24:05.064,10.014
2026-01-18 15:24:05.065,10.013
2026-01-18 15:24:05.081,10.009
2026-01-18 15:24:05.098,10.008
2026-01-18 15:24:05.114,10.01
2026-01-18 15:24:05.114,10.003
2026-01-18 15:24:05.132,10.001
2026-01-18 15:24:05.148,10.005
2026-01-18 15:24:05.148,10.005
2026-01-18 15:24:05.164,10.008
2026-01-18 15:24:05.181,10.002
2026-01-18 15:24:05.199,10.001
2026-01-18 15:24:05.199,9.996
2026-01-18 15:24:05.215,9.993
2026-01-18 15:24:05.230,9.993
2026-01-18 15:24:05.247,9.991
2026-01-18 15:24:05.247,9.986
2026-01-18 15:24:05.263,9.981
2026-01-18 15:24:05.282,9.988
2026-01-18 15:24:05.283,9.992
2026-01-18 15:24:05.298,9.986
2026-01-18 15:24:05.316,9.982
2026-01-18 15:24:05.317,9.984
2026-01-18 15:24:05.332,9.982
2026-01-18 15:24:05.348,9.98
2026-01-18 15:24:05.371,9.979
2026-01-18 15:24:05.371,9.976
2026-01-18 15:24:05.381,9.976
2026-01-18 15:24:05.398,9.982
2026-01-18 15:24:05.400,9.987
2026-01-18 15:24:05.415,9.988
2026-01-18 15:24:05.433,9.987
2026-01-18 15:24:05.448,9.986
2026-01-18 15:24:05.449,9.981
2026-01-18 15:24:05.464,9.984
2026-01-18 15:24:05.483,9.985
2026-01-18 15:24:05.484,9.994
2026-01-18 15:24:05.498,9.991
2026-01-18 15:24:05.514,9.991
2026-01-18 15:24:05.533,9.992
2026-01-18 15:24:05.533,9.99
2026-01-18 15:24:05.548,9.997
2026-01-18 15:24:05.565,9.996
2026-01-18 15:24:05.583,9.994
2026-01-18 15:24:05.583,9.993
2026-01-18 15:24:05.598,9.994
2026-01-18 15:24:05.616,9.998
2026-01-18 15:24:05.616,10.014
2026-01-18 15:24:05.632,10.008
2026-01-18 15:24:05.649,10.003
2026-01-18 15:24:05.665,9.998
2026-01-18 15:24:05.666,10.001
2026-01-18 15:24:05.681,9.995
2026-01-18 15:24:05.699,9.996
2026-01-18 15:24:05.716,9.992
2026-01-18 15:24:05.717,9.99
2026-01-18 15:24:05.731,9.988
2026-01-18 15:24:05.748,9.988
2026-01-18 15:24:05.749,9.981
2026-01-18 15:24:05.764,9.977
2026-01-18 15:24:05.781,9.976
2026-01-18 15:24:05.798,9.97
2026-01-18 15:24:05.799,9.972
2026-01-18 15:24:05.814,9.967
2026-01-18 15:24:05.834,9.97
2026-01-18 15:24:05.836,9.972
2026-01-18 15:24:05.848,9.97
2026-01-18 15:24:05.866,9.963
2026-01-18 15:24:05.882,9.958
2026-01-18 15:24:05.883,9.962
2026-01-18 15:24:05.907,9.956
2026-01-18 15:24:05.924,9.963
2026-01-18 15:24:05.925,9.956
2026-01-18 15:24:05.936,9.957
2026-01-18 15:24:05.949,9.953
2026-01-18 15:24:05.964,9.953
2026-01-18 15:24:05.965,9.949
2026-01-18 15:24:05.985,9.94
2026-01-18 15:24:05.998,9.948
2026-01-18 15:24:06.015,9.948
2026-01-18 15:24:06.015,9.938
2026-01-18 15:24:06.032,9.932
2026-01-18 15:24:06.050,9.938
2026-01-18 15:24:06.052,9.94
2026-01-18 15:24:06.064,9.939
2026-01-18 15:24:06.082,9.938
2026-01-18 15:24:06.083,9.937
2026-01-18 15:24:06.099,9.952
2026-01-18 15:24:06.115,9.951
2026-01-18 15:24:06.132,9.952
2026-01-18 15:24:06.132,9.947
2026-01-18 15:24:06.148,9.942
2026-01-18 15:24:06.165,9.959
2026-01-18 15:24:06.182,9.953
2026-01-18 15:24:06.182,9.947
2026-01-18 15:24:06.199,9.953
2026-01-18 15:24:06.215,9.947
2026-01-18 15:24:06.232,9.947
2026-01-18 15:24:06.233,9.949
2026-01-18 15:24:06.248,9.95
2026-01-18 15:24:06.264,9.948
2026-01-18 15:24:06.265,9.95
2026-01-18 15:24:06.282,9.964
2026-01-18 15:24:06.298,9.958
2026-01-18 15:24:06.315,9.948
2026-01-18 15:24:06.316,9.95
2026-01-18 15:24:06.331,9.948
2026-01-18 15:24:06.349,9.959
2026-01-18 15:24:06.349,9.96
2026-01-18 15:24:06.371,9.955
2026-01-18 15:24:06.371,9.951
2026-01-18 15:24:06.398,9.953
2026-01-18 15:24:06.398,9.949
2026-01-18 15:24:06.415,9.951
2026-01-18 15:24:06.431,9.955
2026-01-18 15:24:06.432,9.957
2026-01-18 15:24:06.447,9.959
2026-01-18 15:24:06.463,9.976
2026-01-18 15:24:06.480,9.973
2026-01-18 15:24:06.481,9.969
2026-01-18 15:24:06.499,9.967
2026-01-18 15:24:06.515,9.96
2026-01-18 15:24:06.515,9.954
2026-01-18 15:24:06.532,9.958
2026-01-18 15:24:06.549,9.955
2026-01-18 15:24:06.564,9.954
2026-01-18 15:24:06.564,9.952
2026-01-18 15:24:06.582,9.951
2026-01-18 15:24:06.598,9.952
2026-01-18 15:24:06.615,9.953
2026-01-18 15:24:06.615,9.96
2026-01-18 15:24:06.630,9.966
2026-01-18 15:24:06.648,9.961
2026-01-18 15:24:06.648,9.965
2026-01-18 15:24:06.665,9.97
2026-01-18 15:24:06.682,9.966
2026-01-18 15:24:06.699,9.963
2026-01-18 15:24:06.699,9.961
2026-01-18 15:24:06.714,9.965
2026-01-18 15:24:06.730,9.967
2026-01-18 15:24:06.731,9.963
2026-01-18 15:24:06.747,9.961
2026-01-18 15:24:06.764,9.953
2026-01-18 15:24:06.781,9.959
2026-01-18 15:24:06.782,9.96
2026-01-18 15:24:06.799,9.956
2026-01-18 15:24:06.815,9.957
2026-01-18 15:24:06.815,9.962
2026-01-18 15:24:06.831,9.97
2026-01-18 15:24:06.849,9.968
2026-01-18 15:24:06.851,9.965
2026-01-18 15:24:06.865,9.97
2026-01-18 15:24:06.880,9.965
2026-01-18 15:24:06.898,9.968
2026-01-18 15:24:06.915,9.978
2026-01-18 15:24:06.915,9.972
2026-01-18 15:24:06.931,9.967
2026-01-18 15:24:06.948,9.982
2026-01-18 15:24:06.949,9.978
2026-01-18 15:24:06.964,9.982
2026-01-18 15:24:06.981,9.981
2026-01-18 15:24:06.997,9.976
2026-01-18 15:24:06.997,9.973
2026-01-18 15:24:07.013,9.969
2026-01-18 15:24:07.031,9.97
2026-01-18 15:24:07.032,9.966
2026-01-18 15:24:07.049,9.966
2026-01-18 15:24:07.064,9.964
2026-01-18 15:24:07.082,9.97
2026-01-18 15:24:07.082,9.979
2026-01-18 15:24:07.099,9.976
2026-01-18 15:24:07.114,9.973
2026-01-18 15:24:07.131,9.969
2026-01-18 15:24:07.132,9.98
2026-01-18 15:24:07.149,9.976
2026-01-18 15:24:07.165,9.973
2026-01-18 15:24:07.166,9.971
2026-01-18 15:24:07.181,9.971
2026-01-18 15:24:07.197,9.976
2026-01-18 15:24:07.214,9.973
2026-01-18 15:24:07.215,9.972
2026-01-18 15:24:07.231,9.971
2026-01-18 15:24:07.248,9.971
2026-01-18 15:24:07.249,9.971
2026-01-18 15:24:07.290,9.97
2026-01-18 15:24:07.291,9.969
2026-01-18 15:24:07.291,9.968
2026-01-18 15:24:07.299,9.969
2026-01-18 15:24:07.315,9.969
2026-01-18 15:24:07.331,9.968
2026-01-18 15:24:07.331,9.984
2026-01-18 15:24:07.347,9.985
2026-01-18 15:24:07.372,9.989
2026-01-18 15:24:07.373,9.983
2026-01-18 15:24:07.381,9.984
2026-01-18 15:24:07.398,9.976
2026-01-18 15:24:07.414,9.984
2026-01-18 15:24:07.432,9.988
2026-01-18 15:24:07.432,9.985
2026-01-18 15:24:07.448,9.987
2026-01-18 15:24:07.465,9.986
2026-01-18 15:24:07.465,9.982
2026-01-18 15:24:07.481,9.983
2026-01-18 15:24:07.499,9.986
2026-01-18 15:24:07.500,9.984
2026-01-18 15:24:07.514,9.982
2026-01-18 15:24:07.532,9.978
2026-01-18 15:24:07.547,9.983
2026-01-18 15:24:07.548,9.982
2026-01-18 15:24:07.564,9.982
2026-01-18 15:24:07.580,9.98
2026-01-18 15:24:07.598,9.977
2026-01-18 15:24:07.598,9.986
2026-01-18 15:24:07.615,9.986
2026-01-18 15:24:07.630,9.99
2026-01-18 15:24:07.648,9.986
2026-01-18 15:24:07.648,9.985
2026-01-18 15:24:07.664,9.988
2026-01-18 15:24:07.680,9.987
2026-01-18 15:24:07.680,9.987
2026-01-18 15:24:07.699,9.983
2026-01-18 15:24:07.716,9.984
2026-01-18 15:24:07.717,9.982
2026-01-18 15:24:07.731,9.978
2026-01-18 15:24:07.748,9.979
2026-01-18 15:24:07.764,9.988
2026-01-18 15:24:07.765,9.993
2026-01-18 15:24:07.781,9.991
2026-01-18 15:24:07.798,9.988
2026-01-18 15:24:07.799,9.987
2026-01-18 15:24:07.814,9.986
2026-01-18 15:24:07.832,9.988
2026-01-18 15:24:07.847,9.996
2026-01-18 15:24:07.848,9.991
2026-01-18 15:24:07.864,9.989
2026-01-18 15:24:07.881,9.985
2026-01-18 15:24:07.897,9.984
2026-01-18 15:24:07.897,9.98
2026-01-18 15:24:07.914,9.986
2026-01-18 15:24:07.930,9.985
2026-01-18 15:24:07.949,9.982
2026-01-18 15:24:07.949,9.983
2026-01-18 15:24:07.964,9.978
2026-01-18 15:24:07.981,9.989
2026-01-18 15:24:07.982,9.986
2026-01-18 15:24:07.998,9.981
2026-01-18 15:24:08.015,9.979
2026-01-18 15:24:08.032,9.992
2026-01-18 15:24:08.033,9.994
2026-01-18 15:24:08.048,9.992
2026-01-18 15:24:08.064,9.987
2026-01-18 15:24:08.065,9.983
2026-01-18 15:24:08.081,10.001
2026-01-18 15:24:08.098,10.008
2026-01-18 15:24:08.115,10.004
2026-01-18 15:24:08.115,9.998
2026-01-18 15:24:08.130,9.996
2026-01-18 15:24:08.149,9.998
2026-01-18 15:24:08.149,9.992
2026-01-18 15:24:08.164,9.993
2026-01-18 15:24:08.182,9.996
2026-01-18 15:24:08.198,9.993
2026-01-18 15:24:08.198,9.995
2026-01-18 15:24:08.214,9.993
2026-01-18 15:24:08.232,9.987
2026-01-18 15:24:08.232,9.984
2026-01-18 15:24:08.248,9.983
2026-01-18 15:24:08.266,9.995
2026-01-18 15:24:08.281,9.997
2026-01-18 15:24:08.282,9.994
2026-01-18 15:24:08.299,9.988
2026-01-18 15:24:08.316,9.981
2026-01-18 15:24:08.316,10.002
2026-01-18 15:24:08.331,10.001
2026-01-18 15:24:08.348,10.006
2026-01-18 15:24:08.363,10.002
2026-01-18 15:24:08.363,9.996
2026-01-18 15:24:08.387,9.992
2026-01-18 15:24:08.387,9.985
2026-01-18 15:24:08.399,9.985
2026-01-18 15:24:08.415,9.992
2026-01-18 15:24:08.431,9.991
2026-01-18 15:24:08.447,9.987
2026-01-18 15:24:08.448,9.985
2026-01-18 15:24:08.464,9.985
2026-01-18 15:24:08.482,9.987
2026-01-18 15:24:08.498,9.991
2026-01-18 15:24:08.499,9.997
2026-01-18 15:24:08.514,9.995
2026-01-18 15:24:08.531,9.99
2026-01-18 15:24:08.532,9.988
2026-01-18 15:24:08.548,9.994
2026-01-18 15:24:08.564,9.993
2026-01-18 15:24:08.581,9.992
2026-01-18 15:24:08.581,9.99
2026-01-18 15:24:08.599,9.988
2026-01-18 15:24:08.615,9.991
2026-01-18 15:24:08.654,9.994
2026-01-18 15:24:08.655,9.994
2026-01-18 15:24:08.655,9.993
2026-01-18 15:24:08.655,9.987
2026-01-18 15:24:08.663,9.987
2026-01-18 15:24:08.682,9.988
2026-01-18 15:24:08.698,9.994
2026-01-18 15:24:08.700,10.001
2026-01-18 15:24:08.715,10.007
2026-01-18 15:24:08.731,10.003
2026-01-18 15:24:08.749,10.012
2026-01-18 15:24:08.749,10.007
2026-01-18 15:24:08.764,10.006
2026-01-18 15:24:08.782,10.002
2026-01-18 15:24:08.784,10.002
2026-01-18 15:24:08.798,10.012
2026-01-18 15:24:08.815,10.003
2026-01-18 15:24:08.831,10.006
2026-01-18 15:24:08.831,10.006
2026-01-18 15:24:08.850,10.0
2026-01-18 15:24:08.863,10.013
2026-01-18 15:24:08.882,10.01
2026-01-18 15:24:08.883,10.011
2026-01-18 15:24:08.898,10.009
2026-01-18 15:24:08.915,10.005
2026-01-18 15:24:08.931,10.004
2026-01-18 15:24:08.932,10.001
2026-01-18 15:24:08.948,9.995
2026-01-18 15:24:08.964,9.994
2026-01-18 15:24:08.965,9.99
2026-01-18 15:24:08.982,9.987
2026-01-18 15:24:08.998,9.987
2026-01-18 15:24:09.015,9.987
2026-01-18 15:24:09.032,9.987
2026-01-18 15:24:09.048,9.987
2026-01-18 15:24:09.048,9.982
2026-01-18 15:24:09.065,9.986
2026-01-18 15:24:09.081,9.989
2026-01-18 15:24:09.097,9.988
2026-01-18 15:24:09.097,9.984
2026-01-18 15:24:09.114,9.981
2026-01-18 15:24:09.148,9.985
2026-01-18 15:24:09.148,9.983
2026-01-18 15:24:09.164,9.981
2026-01-18 15:24:09.180,9.981
2026-01-18 15:24:09.180,9.986
2026-01-18 15:24:09.198,9.984
2026-01-18 15:24:09.214,9.986
2026-01-18 15:24:09.230,10.004
2026-01-18 15:24:09.231,10.004
2026-01-18 15:24:09.247,10.01
2026-01-18 15:24:09.263,10.007
2026-01-18 15:24:09.264,10.001
2026-01-18 15:24:09.279,9.997
2026-01-18 15:24:09.297,9.995
2026-01-18 15:24:09.314,9.993
2026-01-18 15:24:09.315,9.991
2026-01-18 15:24:09.331,9.986
2026-01-18 15:24:09.348,9.987
2026-01-18 15:24:09.348,9.989
2026-01-18 15:24:09.369,9.987
2026-01-18 15:24:09.380,9.982
2026-01-18 15:24:09.399,9.988
2026-01-18 15:24:09.399,9.991
2026-01-18 15:24:09.413,9.986
2026-01-18 15:24:09.432,9.983
2026-01-18 15:24:09.432,9.988
2026-01-18 15:24:09.447,9.984
2026-01-18 15:24:09.464,9.981
2026-01-18 15:24:09.482,9.981
2026-01-18 15:24:09.483,9.981
2026-01-18 15:24:09.498,9.983
2026-01-18 15:24:09.515,9.979
2026-01-18 15:24:09.515,9.979
2026-01-18 15:24:09.531,9.976
2026-01-18 15:24:09.547,9.982
2026-01-18 15:24:09.563,9.992
2026-01-18 15:24:09.564,9.99
2026-01-18 15:24:09.582,9.988
2026-01-18 15:24:09.597,9.991
2026-01-18 15:24:09.614,9.987
2026-01-18 15:24:09.615,9.981
2026-01-18 15:24:09.631,9.976
2026-01-18 15:24:09.648,9.99
2026-01-18 15:24:09.649,9.989
2026-01-18 15:24:09.665,9.991
2026-01-18 15:24:09.681,9.984
2026-01-18 15:24:09.697,9.98
2026-01-18 15:24:09.698,9.985
2026-01-18 15:24:09.714,9.983
2026-01-18 15:24:09.731,9.977
2026-01-18 15:24:09.732,9.977
2026-01-18 15:24:09.748,9.979
2026-01-18 15:24:09.764,9.977
2026-01-18 15:24:09.781,9.976
2026-01-18 15:24:09.781,9.975
2026-01-18 15:24:09.799,9.975
2026-01-18 15:24:09.815,9.973
2026-01-18 15:24:09.830,9.972
2026-01-18 15:24:09.831,9.973
2026-01-18 15:24:09.848,9.979
2026-01-18 15:24:09.865,9.979
2026-01-18 15:24:09.866,9.98
2026-01-18 15:24:09.880,9.979
2026-01-18 15:24:09.900,9.982
2026-01-18 15:24:09.900,9.981
2026-01-18 15:24:09.914,9.978
2026-01-18 15:24:09.930,9.969
2026-01-18 15:24:09.947,9.967
2026-01-18 15:24:09.947,9.971
2026-01-18 15:24:09.964,9.972
2026-01-18 15:24:10.007,9.967
2026-01-18 15:24:10.008,9.98
2026-01-18 15:24:10.008,9.977
2026-01-18 15:24:10.031,9.976
2026-01-18 15:24:10.031,9.973
2026-01-18 15:24:10.047,9.975
2026-01-18 15:24:10.064,9.972
2026-01-18 15:24:10.081,9.971
2026-01-18 15:24:10.081,9.967
2026-01-18 15:24:10.098,9.973
2026-01-18 15:24:10.114,9.973
2026-01-18 15:24:10.115,9.988
2026-01-18 15:24:10.131,9.985
2026-01-18 15:24:10.147,9.979
2026-01-18 15:24:10.163,9.98
2026-01-18 15:24:10.179,9.972
2026-01-18 15:24:10.196,9.97
2026-01-18 15:24:10.213,9.972
2026-01-18 15:24:10.213,9.974
2026-01-18 15:24:10.230,9.968
2026-01-18 15:24:10.247,9.976
2026-01-18 15:24:10.248,9.979
2026-01-18 15:24:10.265,9.978
2026-01-18 15:24:10.281,9.982
2026-01-18 15:24:10.297,9.979
2026-01-18 15:24:10.298,9.975
2026-01-18 15:24:10.314,9.972
2026-01-18 15:24:10.331,9.973
2026-01-18 15:24:10.332,9.968
2026-01-18 15:24:10.347,9.973
2026-01-18 15:24:10.370,9.972
2026-01-18 15:24:10.371,9.968
2026-01-18 15:24:10.380,9.965
2026-01-18 15:24:10.397,9.965
2026-01-18 15:24:10.413,9.97
2026-01-18 15:24:10.431,9.969
2026-01-18 15:24:10.431,9.967
2026-01-18 15:24:10.447,9.966
2026-01-18 15:24:10.463,9.966
2026-01-18 15:24:10.464,9.971
2026-01-18 15:24:10.480,9.969
2026-01-18 15:24:10.497,9.974
2026-01-18 15:24:10.514,9.969
2026-01-18 15:24:10.515,9.976
2026-01-18 15:24:10.547,9.975
2026-01-18 15:24:10.547,9.968
2026-01-18 15:24:10.565,9.975
2026-01-18 15:24:10.581,9.977
2026-01-18 15:24:10.598,9.976
2026-01-18 15:24:10.598,9.974
2026-01-18 15:24:10.613,9.982
2026-01-18 15:24:10.632,9.981
2026-01-18 15:24:10.632,9.975
2026-01-18 15:24:10.647,9.968
2026-01-18 15:24:10.663,9.97
2026-01-18 15:24:10.680,9.973
2026-01-18 15:24:10.680,9.969
2026-01-18 15:24:10.696,9.976
2026-01-18 15:24:10.713,9.982
2026-01-18 15:24:10.732,9.981
2026-01-18 15:24:10.732,9.977
2026-01-18 15:24:10.747,9.982
2026-01-18 15:24:10.764,9.984
2026-01-18 15:24:10.765,9.983
2026-01-18 15:24:10.781,9.979
2026-01-18 15:24:10.796,9.984
2026-01-18 15:24:10.813,9.987
2026-01-18 15:24:10.813,9.984
2026-01-18 15:24:10.832,9.986
2026-01-18 15:24:10.848,9.992
2026-01-18 15:24:10.849,9.996
2026-01-18 15:24:10.864,9.99
2026-01-18 15:24:10.880,9.987
2026-01-18 15:24:10.897,9.991
2026-01-18 15:24:10.897,9.989
2026-01-18 15:24:10.913,9.988
2026-01-18 15:24:10.932,9.987
2026-01-18 15:24:10.933,9.989
2026-01-18 15:24:10.946,9.987
2026-01-18 15:24:10.964,9.984
2026-01-18 15:24:10.982,9.978
2026-01-18 15:24:10.982,9.986
2026-01-18 15:24:10.997,9.987
2026-01-18 15:24:11.032,9.989
2026-01-18 15:24:11.033,9.991
2026-01-18 15:24:11.048,9.991
2026-01-18 15:24:11.065,9.987
2026-01-18 15:24:11.065,9.982
2026-01-18 15:24:11.080,9.991
2026-01-18 15:24:11.097,9.991
2026-01-18 15:24:11.115,9.988
2026-01-18 15:24:11.115,9.991
2026-01-18 15:24:11.131,9.99
2026-01-18 15:24:11.147,9.993
2026-01-18 15:24:11.148,9.99
2026-01-18 15:24:11.164,9.994
2026-01-18 15:24:11.182,9.991
2026-01-18 15:24:11.197,9.986
2026-01-18 15:24:11.198,9.991
2026-01-18 15:24:11.232,9.991
2026-01-18 15:24:11.232,9.991
2026-01-18 15:24:11.248,9.994
2026-01-18 15:24:11.264,9.992
2026-01-18 15:24:11.280,9.985
2026-01-18 15:24:11.281,9.989
2026-01-18 15:24:11.298,9.989
2026-01-18 15:24:11.314,9.988
2026-01-18 15:24:11.331,9.988
2026-01-18 15:24:11.331,9.991
2026-01-18 15:24:11.373,9.989
2026-01-18 15:24:11.373,9.99
2026-01-18 15:24:11.373,9.995
2026-01-18 15:24:11.386,9.989
2026-01-18 15:24:11.398,9.986
2026-01-18 15:24:11.399,9.995
2026-01-18 15:24:11.413,9.996
2026-01-18 15:24:11.430,9.993
2026-01-18 15:24:11.447,9.995
2026-01-18 15:24:11.448,10.0
2026-01-18 15:24:11.464,9.997
2026-01-18 15:24:11.479,9.992
2026-01-18 15:24:11.497,9.997
2026-01-18 15:24:11.497,10.008
2026-01-18 15:24:11.514,10.001
2026-01-18 15:24:11.529,10.01
2026-01-18 15:24:11.546,10.007
2026-01-18 15:24:11.546,10.002
2026-01-18 15:24:11.564,10.013
2026-01-18 15:24:11.581,10.006
2026-01-18 15:24:11.582,10.001
2026-01-18 15:24:11.597,10.003
2026-01-18 15:24:11.615,10.001
2026-01-18 15:24:11.616,9.996
2026-01-18 15:24:11.631,9.998
2026-01-18 15:24:11.647,9.995
2026-01-18 15:24:11.665,10.0
2026-01-18 15:24:11.666,10.001
2026-01-18 15:24:11.681,10.004
2026-01-18 15:24:11.698,9.998
2026-01-18 15:24:11.713,10.003
2026-01-18 15:24:11.713,9.995
2026-01-18 15:24:11.749,9.989
2026-01-18 15:24:11.749,9.991
2026-01-18 15:24:11.764,9.988
2026-01-18 15:24:11.781,9.992
2026-01-18 15:24:11.798,9.997
2026-01-18 15:24:11.798,9.994
2026-01-18 15:24:11.815,9.997
2026-01-18 15:24:11.830,9.997
2026-01-18 15:24:11.831,9.994
2026-01-18 15:24:11.848,9.992
2026-01-18 15:24:11.864,9.995
2026-01-18 15:24:11.881,10.0
2026-01-18 15:24:11.882,9.992
2026-01-18 15:24:11.898,9.995
2026-01-18 15:24:11.917,9.993
2026-01-18 15:24:11.930,9.998
2026-01-18 15:24:11.947,9.995
2026-01-18 15:24:11.964,9.996
2026-01-18 15:24:11.964,9.998
2026-01-18 15:24:11.981,9.997
2026-01-18 15:24:11.998,9.991
2026-01-18 15:24:12.014,9.995
2026-01-18 15:24:12.014,9.994
2026-01-18 15:24:12.032,9.987
2026-01-18 15:24:12.048,9.989
2026-01-18 15:24:12.048,9.987
2026-01-18 15:24:12.065,9.988
2026-01-18 15:24:12.079,9.996
2026-01-18 15:24:12.097,9.997
2026-01-18 15:24:12.098,9.998
2026-01-18 15:24:12.114,9.999
2026-01-18 15:24:12.130,10.002
2026-01-18 15:24:12.147,9.998
2026-01-18 15:24:12.148,9.998
2026-01-18 15:24:12.164,9.999
2026-01-18 15:24:12.181,9.994
2026-01-18 15:24:12.181,9.992
2026-01-18 15:24:12.197,9.996
2026-01-18 15:24:12.214,9.998
2026-01-18 15:24:12.214,9.995
2026-01-18 15:24:12.231,9.996
2026-01-18 15:24:12.246,9.997
2026-01-18 15:24:12.263,9.998
2026-01-18 15:24:12.263,9.994
2026-01-18 15:24:12.282,9.993
2026-01-18 15:24:12.297,9.991
2026-01-18 15:24:12.313,9.988
2026-01-18 15:24:12.313,9.99
2026-01-18 15:24:12.331,9.991
2026-01-18 15:24:12.347,9.993
2026-01-18 15:24:12.347,9.991
2026-01-18 15:24:12.370,9.997
2026-01-18 15:24:12.380,9.996
2026-01-18 15:24:12.398,9.992
2026-01-18 15:24:12.413,9.993
2026-01-18 15:24:12.430,9.989
2026-01-18 15:24:12.430,9.988
2026-01-18 15:24:12.448,9.985
2026-01-18 15:24:12.463,9.983
2026-01-18 15:24:12.481,9.982
2026-01-18 15:24:12.482,9.982
2026-01-18 15:24:12.498,9.982
2026-01-18 15:24:12.514,9.98
2026-01-18 15:24:12.530,9.983
2026-01-18 15:24:12.531,9.984
2026-01-18 15:24:12.548,9.985
2026-01-18 15:24:12.563,9.982
2026-01-18 15:24:12.563,9.979
2026-01-18 15:24:12.582,9.974
2026-01-18 15:24:12.597,9.973
2026-01-18 15:24:12.614,9.973
2026-01-18 15:24:12.614,9.977
2026-01-18 15:24:12.632,9.975
2026-01-18 15:24:12.647,9.977
2026-01-18 15:24:12.648,9.98
2026-01-18 15:24:12.664,9.98
2026-01-18 15:24:12.680,9.978
2026-01-18 15:24:12.697,9.978
2026-01-18 15:24:12.698,9.975
2026-01-18 15:24:12.758,9.974
2026-01-18 15:24:12.759,9.987
2026-01-18 15:24:12.760,9.987
2026-01-18 15:24:12.760,9.982
2026-01-18 15:24:12.761,9.976
2026-01-18 15:24:12.770,9.98
2026-01-18 15:24:12.779,9.976
2026-01-18 15:24:12.798,9.973
2026-01-18 15:24:12.815,9.976
2026-01-18 15:24:12.816,9.974
2026-01-18 15:24:12.830,9.976
2026-01-18 15:24:12.848,9.972
2026-01-18 15:24:12.864,9.971
2026-01-18 15:24:12.865,9.972
2026-01-18 15:24:12.880,9.986
2026-01-18 15:24:12.898,9.984
2026-01-18 15:24:12.915,9.979
2026-01-18 15:24:12.915,9.981
2026-01-18 15:24:12.931,9.974
2026-01-18 15:24:12.947,9.973
2026-01-18 15:24:12.948,9.972
2026-01-18 15:24:12.963,9.971
2026-01-18 15:24:12.980,9.971
2026-01-18 15:24:12.996,9.971
2026-01-18 15:24:12.996,9.968
2026-01-18 15:24:13.014,9.97
2026-01-18 15:24:13.030,9.969
2026-01-18 15:24:13.047,9.973
2026-01-18 15:24:13.048,9.972
2026-01-18 15:24:13.063,9.976
2026-01-18 15:24:13.080,9.975
2026-01-18 15:24:13.080,9.98
2026-01-18 15:24:13.096,9.98
2026-01-18 15:24:13.113,9.978
2026-01-18 15:24:13.130,9.98
2026-01-18 15:24:13.130,9.976
2026-01-18 15:24:13.146,9.973
2026-01-18 15:24:13.163,9.966
2026-01-18 15:24:13.164,9.967
2026-01-18 15:24:13.180,9.968
2026-01-18 15:24:13.198,9.975
2026-01-18 15:24:13.213,9.978
2026-01-18 15:24:13.214,9.979
2026-01-18 15:24:13.230,9.975
2026-01-18 15:24:13.246,9.978
2026-01-18 15:24:13.248,9.975
2026-01-18 15:24:13.263,9.972
2026-01-18 15:24:13.280,9.974
2026-01-18 15:24:13.298,9.971
2026-01-18 15:24:13.314,9.975
2026-01-18 15:24:13.330,9.975
2026-01-18 15:24:13.348,9.975
2026-01-18 15:24:13.348,9.973
2026-01-18 15:24:13.369,9.973
2026-01-18 15:24:13.369,9.977
2026-01-18 15:24:13.380,9.98
2026-01-18 15:24:13.397,9.984
2026-01-18 15:24:13.413,9.979
2026-01-18 15:24:13.430,9.978
2026-01-18 15:24:13.431,9.978
2026-01-18 15:24:13.447,9.974
2026-01-18 15:24:13.463,9.978
2026-01-18 15:24:13.463,9.974
2026-01-18 15:24:13.480,9.974
2026-01-18 15:24:13.498,9.973
2026-01-18 15:24:13.514,9.977
2026-01-18 15:24:13.515,9.979
2026-01-18 15:24:13.530,9.977
2026-01-18 15:24:13.547,9.978
2026-01-18 15:24:13.548,9.982
2026-01-18 15:24:13.563,9.985
2026-01-18 15:24:13.580,9.982
2026-01-18 15:24:13.597,9.984
2026-01-18 15:24:13.598,9.981
2026-01-18 15:24:13.614,9.977
2026-01-18 15:24:13.630,9.98
2026-01-18 15:24:13.647,9.977
2026-01-18 15:24:13.647,9.975
2026-01-18 15:24:13.664,9.98
2026-01-18 15:24:13.680,9.978
2026-01-18 15:24:13.680,9.976
2026-01-18 15:24:13.696,9.973
2026-01-18 15:24:13.712,9.972
2026-01-18 15:24:13.729,9.97
2026-01-18 15:24:13.730,9.971
2026-01-18 15:24:13.745,9.971
2026-01-18 15:24:13.764,9.971
2026-01-18 15:24:13.764,9.969
2026-01-18 15:24:13.780,9.983
2026-01-18 15:24:13.797,9.976
2026-01-18 15:24:13.813,9.974
2026-01-18 15:24:13.814,9.97
2026-01-18 15:24:13.830,9.969
2026-01-18 15:24:13.848,9.972
2026-01-18 15:24:13.849,9.97
2026-01-18 15:24:13.863,9.97
2026-01-18 15:24:13.880,9.974
2026-01-18 15:24:13.898,9.973
2026-01-18 15:24:13.898,9.97
2026-01-18 15:24:13.914,9.969
2026-01-18 15:24:13.931,9.976
2026-01-18 15:24:13.931,9.977
2026-01-18 15:24:13.947,9.976
2026-01-18 15:24:13.963,9.98
2026-01-18 15:24:13.981,9.976
2026-01-18 15:24:13.981,9.976
2026-01-18 15:24:13.996,9.977
2026-01-18 15:24:14.013,9.975
2026-01-18 15:24:14.031,9.971
2026-01-18 15:24:14.031,9.974
2026-01-18 15:24:14.048,9.976
2026-01-18 15:24:14.063,9.977
2026-01-18 15:24:14.064,9.974
2026-01-18 15:24:14.102,9.974
2026-01-18 15:24:14.103,9.975
2026-01-18 15:24:14.104,9.975
2026-01-18 15:24:14.112,9.974
2026-01-18 15:24:14.129,9.974
2026-01-18 15:24:14.148,9.974
2026-01-18 15:24:14.149,9.972
2026-01-18 15:24:14.163,9.969
2026-01-18 15:24:14.181,9.977
2026-01-18 15:24:14.196,9.974
2026-01-18 15:24:14.197,9.973
2026-01-18 15:24:14.214,9.974
2026-01-18 15:24:14.230,9.978
2026-01-18 15:24:14.231,9.975
2026-01-18 15:24:14.247,9.977
2026-01-18 15:24:14.263,9.991
2026-01-18 15:24:14.280,9.987
2026-01-18 15:24:14.281,9.983
2026-01-18 15:24:14.298,9.984
2026-01-18 15:24:14.313,9.983
2026-01-18 15:24:14.314,9.983
2026-01-18 15:24:14.329,9.979
2026-01-18 15:24:14.346,9.978
2026-01-18 15:24:14.367,9.973
2026-01-18 15:24:14.368,9.976
2026-01-18 15:24:14.379,9.975
2026-01-18 15:24:14.397,9.972
2026-01-18 15:24:14.413,9.973
2026-01-18 15:24:14.413,9.972
2026-01-18 15:24:14.431,9.974
2026-01-18 15:24:14.447,9.987
2026-01-18 15:24:14.448,9.982
2026-01-18 15:24:14.463,9.988
2026-01-18 15:24:14.481,9.987
2026-01-18 15:24:14.497,9.985
2026-01-18 15:24:14.498,9.988
2026-01-18 15:24:14.514,9.987
2026-01-18 15:24:14.531,9.986
2026-01-18 15:24:14.531,9.987
2026-01-18 15:24:14.547,9.983
2026-01-18 15:24:14.564,9.977
2026-01-18 15:24:14.581,9.975
2026-01-18 15:24:14.582,9.973
2026-01-18 15:24:14.597,9.985
2026-01-18 15:24:14.613,9.987
2026-01-18 15:24:14.630,9.985
2026-01-18 15:24:14.631,9.983
2026-01-18 15:24:14.647,9.982
2026-01-18 15:24:14.663,9.981
2026-01-18 15:24:14.664,9.979
2026-01-18 15:24:14.681,9.978
2026-01-18 15:24:14.698,9.977
2026-01-18 15:24:14.713,9.978
2026-01-18 15:24:14.713,9.979
2026-01-18 15:24:14.731,9.974
2026-01-18 15:24:14.746,9.98
2026-01-18 15:24:14.748,9.98
2026-01-18 15:24:14.762,9.973
2026-01-18 15:24:14.781,9.976
2026-01-18 15:24:14.797,9.972
2026-01-18 15:24:14.798,9.971
2026-01-18 15:24:14.813,9.978
2026-01-18 15:24:14.831,9.977
2026-01-18 15:24:14.831,9.974
2026-01-18 15:24:14.847,9.973
2026-01-18 15:24:14.863,9.98
2026-01-18 15:24:14.881,9.978
2026-01-18 15:24:14.881,9.981
2026-01-18 15:24:14.896,9.978
2026-01-18 15:24:14.913,9.976
2026-01-18 15:24:14.930,9.98
2026-01-18 15:24:14.930,9.98
2026-01-18 15:24:14.946,9.978
2026-01-18 15:24:14.964,9.972
2026-01-18 15:24:14.964,9.972
2026-01-18 15:24:14.981,9.986
2026-01-18 15:24:14.998,9.984
2026-01-18 15:24:15.012,9.98
2026-01-18 15:24:15.012,9.987
2026-01-18 15:24:15.031,9.986
2026-01-18 15:24:15.046,9.987
2026-01-18 15:24:15.048,9.985
2026-01-18 15:24:15.062,9.989
2026-01-18 15:24:15.080,9.989
2026-01-18 15:24:15.096,9.984
2026-01-18 15:24:15.097,9.996
2026-01-18 15:24:15.113,9.992
2026-01-18 15:24:15.130,9.991
2026-01-18 15:24:15.131,9.993
2026-01-18 15:24:15.147,9.987
2026-01-18 15:24:15.163,9.984
2026-01-18 15:24:15.182,9.984
2026-01-18 15:24:15.182,9.979
2026-01-18 15:24:15.196,9.976
2026-01-18 15:24:15.213,9.973
2026-01-18 15:24:15.231,9.974
2026-01-18 15:24:15.231,9.975
2026-01-18 15:24:15.247,9.977
2026-01-18 15:24:15.263,9.972
2026-01-18 15:24:15.264,9.974
2026-01-18 15:24:15.281,9.975
2026-01-18 15:24:15.297,9.972
2026-01-18 15:24:15.313,9.969
2026-01-18 15:24:15.313,9.965
2026-01-18 15:24:15.331,9.967
2026-01-18 15:24:15.346,9.966
2026-01-18 15:24:15.347,9.964
2026-01-18 15:24:15.368,9.967
2026-01-18 15:24:15.379,9.966
2026-01-18 15:24:15.397,9.967
2026-01-18 15:24:15.397,9.969
2026-01-18 15:24:15.413,9.968
2026-01-18 15:24:15.431,9.967
2026-01-18 15:24:15.432,9.964
2026-01-18 15:24:15.472,9.969
2026-01-18 15:24:15.473,9.97
2026-01-18 15:24:15.473,9.968
2026-01-18 15:24:15.484,9.976
2026-01-18 15:24:15.497,9.973
2026-01-18 15:24:15.514,9.97
2026-01-18 15:24:15.530,9.974
2026-01-18 15:24:15.530,9.97
2026-01-18 15:24:15.546,9.971
2026-01-18 15:24:15.563,9.969
2026-01-18 15:24:15.564,9.972
2026-01-18 15:24:15.581,9.986
2026-01-18 15:24:15.597,9.981
2026-01-18 15:24:15.613,9.977
2026-01-18 15:24:15.613,9.973
2026-01-18 15:24:15.630,9.974
2026-01-18 15:24:15.646,9.97
2026-01-18 15:24:15.647,9.967
2026-01-18 15:24:15.663,9.965
2026-01-18 15:24:15.680,9.964
2026-01-18 15:24:15.696,9.962
2026-01-18 15:24:15.697,9.957
2026-01-18 15:24:15.713,9.956
2026-01-18 15:24:15.730,9.955
2026-01-18 15:24:15.731,9.963
2026-01-18 15:24:15.746,9.963
2026-01-18 15:24:15.763,9.964
2026-01-18 15:24:15.779,9.961
2026-01-18 15:24:15.780,9.964
2026-01-18 15:24:15.796,9.965
2026-01-18 15:24:15.814,9.97
2026-01-18 15:24:15.830,9.979
2026-01-18 15:24:15.830,9.977
2026-01-18 15:24:15.846,9.98
2026-01-18 15:24:15.863,9.98
2026-01-18 15:24:15.863,9.98
2026-01-18 15:24:15.879,9.973
2026-01-18 15:24:15.895,9.968
2026-01-18 15:24:15.913,9.963
2026-01-18 15:24:15.913,9.964
2026-01-18 15:24:15.930,9.965
2026-01-18 15:24:15.945,9.965
2026-01-18 15:24:15.962,9.963
2026-01-18 15:24:15.963,9.962
2026-01-18 15:24:15.978,9.961
2026-01-18 15:24:15.995,9.965
2026-01-18 15:24:15.996,9.981
2026-01-18 15:24:16.013,9.979
2026-01-18 15:24:16.030,9.976
2026-01-18 15:24:16.046,9.973
2026-01-18 15:24:16.047,9.969
2026-01-18 15:24:16.063,9.965
2026-01-18 15:24:16.080,9.96
2026-01-18 15:24:16.081,9.961
2026-01-18 15:24:16.096,9.961
2026-01-18 15:24:16.113,9.957
2026-01-18 15:24:16.130,9.959
2026-01-18 15:24:16.131,9.955
2026-01-18 15:24:16.147,9.956
2026-01-18 15:24:16.163,9.959
2026-01-18 15:24:16.164,9.963
2026-01-18 15:24:16.179,9.963
2026-01-18 15:24:16.196,9.958
2026-01-18 15:24:16.213,9.962
2026-01-18 15:24:16.213,9.958
2026-01-18 15:24:16.230,9.96
2026-01-18 15:24:16.246,9.959
2026-01-18 15:24:16.247,9.958
2026-01-18 15:24:16.263,9.956
2026-01-18 15:24:16.280,9.95
2026-01-18 15:24:16.297,9.951
2026-01-18 15:24:16.297,9.949
2026-01-18 15:24:16.313,9.946
2026-01-18 15:24:16.329,9.947
2026-01-18 15:24:16.347,9.949
2026-01-18 15:24:16.347,9.948
2026-01-18 15:24:16.369,9.945
2026-01-18 15:24:16.369,9.945
2026-01-18 15:24:16.379,9.941
2026-01-18 15:24:16.397,9.942
2026-01-18 15:24:16.413,9.943
2026-01-18 15:24:16.429,9.942
2026-01-18 15:24:16.429,9.939
2026-01-18 15:24:16.444,9.942
2026-01-18 15:24:16.466,9.949
2026-01-18 15:24:16.466,9.954
2026-01-18 15:24:16.479,9.971
2026-01-18 15:24:16.494,9.961
2026-01-18 15:24:16.513,9.959
2026-01-18 15:24:16.513,9.956
2026-01-18 15:24:16.530,9.951
2026-01-18 15:24:16.547,9.953
2026-01-18 15:24:16.547,9.958
2026-01-18 15:24:16.562,9.956
2026-01-18 15:24:16.597,9.956
2026-01-18 15:24:16.598,9.956
2026-01-18 15:24:16.613,9.962
2026-01-18 15:24:16.631,9.967
2026-01-18 15:24:16.631,9.972
2026-01-18 15:24:16.646,9.974
2026-01-18 15:24:16.664,9.974
2026-01-18 15:24:16.679,9.982
2026-01-18 15:24:16.680,9.978
2026-01-18 15:24:16.697,9.968
2026-01-18 15:24:16.713,9.96
2026-01-18 15:24:16.728,9.961
2026-01-18 15:24:16.728,9.962
2026-01-18 15:24:16.747,9.96
2026-01-18 15:24:16.764,9.962
2026-01-18 15:24:16.764,9.963
2026-01-18 15:24:16.779,9.961
2026-01-18 15:24:16.796,9.968
2026-01-18 15:24:16.824,9.967
2026-01-18 15:24:16.825,9.961
2026-01-18 15:24:16.825,9.96
2026-01-18 15:24:16.836,9.959
2026-01-18 15:24:16.848,9.965
2026-01-18 15:24:16.863,9.964
2026-01-18 15:24:16.880,9.964
2026-01-18 15:24:16.897,9.963
2026-01-18 15:24:16.897,9.963
2026-01-18 15:24:16.914,9.966
2026-01-18 15:24:16.930,9.968
2026-01-18 15:24:16.945,9.967
2026-01-18 15:24:16.947,9.964
2026-01-18 15:24:16.963,9.964
2026-01-18 15:24:16.980,9.969
2026-01-18 15:24:16.980,9.967
2026-01-18 15:24:16.996,9.976
2026-01-18 15:24:17.013,9.975
2026-01-18 15:24:17.030,9.971
2026-01-18 15:24:17.030,9.97
2026-01-18 15:24:17.046,9.97
2026-01-18 15:24:17.062,9.964
2026-01-18 15:24:17.080,9.973
2026-01-18 15:24:17.080,9.971
2026-01-18 15:24:17.096,9.971
2026-01-18 15:24:17.114,9.973
2026-01-18 15:24:17.114,9.98
2026-01-18 15:24:17.128,9.985
2026-01-18 15:24:17.145,9.993
2026-01-18 15:24:17.161,9.985
2026-01-18 15:24:17.161,9.988
2026-01-18 15:24:17.179,9.984
2026-01-18 15:24:17.196,9.981
2026-01-18 15:24:17.197,9.992
2026-01-18 15:24:17.213,9.987
2026-01-18 15:24:17.230,9.986
2026-01-18 15:24:17.247,9.988
2026-01-18 15:24:17.247,9.979
2026-01-18 15:24:17.263,9.98
2026-01-18 15:24:17.280,9.979
2026-01-18 15:24:17.282,9.972
2026-01-18 15:24:17.297,9.976
2026-01-18 15:24:17.313,9.969
2026-01-18 15:24:17.331,9.968
2026-01-18 15:24:17.332,9.97
2026-01-18 15:24:17.346,9.977
2026-01-18 15:24:17.369,9.976
2026-01-18 15:24:17.369,9.973
2026-01-18 15:24:17.379,9.972
2026-01-18 15:24:17.397,9.973
2026-01-18 15:24:17.413,9.974
2026-01-18 15:24:17.413,9.973
2026-01-18 15:24:17.430,9.968
2026-01-18 15:24:17.447,9.96
2026-01-18 15:24:17.447,9.962
2026-01-18 15:24:17.463,9.959
2026-01-18 15:24:17.480,9.965
2026-01-18 15:24:17.497,9.961
2026-01-18 15:24:17.497,9.957
2026-01-18 15:24:17.512,9.963
2026-01-18 15:24:17.530,9.961
2026-01-18 15:24:17.531,9.965
2026-01-18 15:24:17.546,9.964
2026-01-18 15:24:17.563,9.98
2026-01-18 15:24:17.579,9.976
2026-01-18 15:24:17.579,9.975
2026-01-18 15:24:17.597,9.969
2026-01-18 15:24:17.613,9.961
2026-01-18 15:24:17.630,9.957
2026-01-18 15:24:17.630,9.953
2026-01-18 15:24:17.646,9.958
2026-01-18 15:24:17.663,9.957
2026-01-18 15:24:17.664,9.95
2026-01-18 15:24:17.680,9.948
2026-01-18 15:24:17.697,9.946
2026-01-18 15:24:17.713,9.949
2026-01-18 15:24:17.714,9.957
2026-01-18 15:24:17.729,9.954
2026-01-18 15:24:17.746,9.953
2026-01-18 15:24:17.763,9.953
2026-01-18 15:24:17.763,9.961
2026-01-18 15:24:17.780,9.959
2026-01-18 15:24:17.798,9.954
2026-01-18 15:24:17.798,9.965
2026-01-18 15:24:17.812,9.962
2026-01-18 15:24:17.830,9.964
2026-01-18 15:24:17.846,9.963
2026-01-18 15:24:17.846,9.958
2026-01-18 15:24:17.863,9.956
2026-01-18 15:24:17.880,9.955
2026-01-18 15:24:17.881,9.951
2026-01-18 15:24:17.896,9.955
2026-01-18 15:24:17.912,9.957
2026-01-18 15:24:17.930,9.958
2026-01-18 15:24:17.931,9.962
2026-01-18 15:24:17.946,9.961
2026-01-18 15:24:17.963,9.955
2026-01-18 15:24:17.963,9.958
2026-01-18 15:24:17.979,9.957
2026-01-18 15:24:17.996,9.952
2026-01-18 15:24:18.012,9.959
2026-01-18 15:24:18.013,9.957
2026-01-18 15:24:18.030,9.957
2026-01-18 15:24:18.047,9.957
2026-01-18 15:24:18.047,9.953
2026-01-18 15:24:18.063,9.954
2026-01-18 15:24:18.078,9.956
2026-01-18 15:24:18.096,9.96
2026-01-18 15:24:18.096,9.965
2026-01-18 15:24:18.113,9.959
2026-01-18 15:24:18.129,9.952
2026-01-18 15:24:18.146,9.955
2026-01-18 15:24:18.146,9.954
2026-01-18 15:24:18.163,9.957
2026-01-18 15:24:18.188,9.96
2026-01-18 15:24:18.189,9.958
2026-01-18 15:24:18.195,9.958
2026-01-18 15:24:18.212,9.958
2026-01-18 15:24:18.228,9.963
2026-01-18 15:24:18.228,9.965
2026-01-18 15:24:18.247,9.962
2026-01-18 15:24:18.262,9.961
2026-01-18 15:24:18.263,9.957
2026-01-18 15:24:18.280,9.971
2026-01-18 15:24:18.297,9.97
2026-01-18 15:24:18.312,9.967
2026-01-18 15:24:18.314,9.964
2026-01-18 15:24:18.330,9.963
2026-01-18 15:24:18.345,9.974
2026-01-18 15:24:18.368,9.972
2026-01-18 15:24:18.368,9.977
2026-01-18 15:24:18.378,9.972
2026-01-18 15:24:18.397,9.968
2026-01-18 15:24:18.397,9.974
2026-01-18 15:24:18.413,9.969
2026-01-18 15:24:18.430,9.965
2026-01-18 15:24:18.431,9.971
2026-01-18 15:24:18.446,9.966
2026-01-18 15:24:18.462,9.965
2026-01-18 15:24:18.481,9.962
2026-01-18 15:24:18.481,9.962
2026-01-18 15:24:18.496,9.961
2026-01-18 15:24:18.513,9.959
2026-01-18 15:24:18.530,9.97
2026-01-18 15:24:18.530,9.966
2026-01-18 15:24:18.547,9.962
2026-01-18 15:24:18.562,9.96
2026-01-18 15:24:18.563,9.957
2026-01-18 15:24:18.579,9.961
2026-01-18 15:24:18.597,9.957
2026-01-18 15:24:18.598,9.952
2026-01-18 15:24:18.612,9.949
2026-01-18 15:24:18.630,9.949
2026-01-18 15:24:18.647,9.951
2026-01-18 15:24:18.647,9.952
2026-01-18 15:24:18.662,9.948
2026-01-18 15:24:18.679,9.954
2026-01-18 15:24:18.697,9.954
2026-01-18 15:24:18.697,9.964
2026-01-18 15:24:18.713,9.962
2026-01-18 15:24:18.731,9.957
2026-01-18 15:24:18.732,9.961
2026-01-18 15:24:18.746,9.961
2026-01-18 15:24:18.764,9.959
2026-01-18 15:24:18.779,9.954
2026-01-18 15:24:18.780,9.953
2026-01-18 15:24:18.797,9.96
2026-01-18 15:24:18.812,9.964
2026-01-18 15:24:18.829,9.959
2026-01-18 15:24:18.829,9.962
2026-01-18 15:24:18.847,9.959
2026-01-18 15:24:18.863,9.956
2026-01-18 15:24:18.863,9.957
2026-01-18 15:24:18.879,9.956
2026-01-18 15:24:18.897,9.951
2026-01-18 15:24:18.912,9.955
2026-01-18 15:24:18.912,9.95
2026-01-18 15:24:18.929,9.955
2026-01-18 15:24:18.947,9.97
2026-01-18 15:24:18.948,9.975
2026-01-18 15:24:18.962,9.979
2026-01-18 15:24:18.980,9.973
2026-01-18 15:24:18.997,9.974
2026-01-18 15:24:18.997,9.971
2026-01-18 15:24:19.013,9.964
2026-01-18 15:24:19.030,9.966
2026-01-18 15:24:19.047,9.963
2026-01-18 15:24:19.047,9.96
2026-01-18 15:24:19.064,9.96
2026-01-18 15:24:19.079,9.96
2026-01-18 15:24:19.079,9.961
2026-01-18 15:24:19.097,9.962
2026-01-18 15:24:19.113,9.96
2026-01-18 15:24:19.131,9.962
2026-01-18 15:24:19.131,9.961
2026-01-18 15:24:19.146,9.961
2026-01-18 15:24:19.163,9.962
2026-01-18 15:24:19.163,9.955
2026-01-18 15:24:19.179,9.964
2026-01-18 15:24:19.195,9.961
2026-01-18 15:24:19.211,9.958
2026-01-18 15:24:19.212,9.958
2026-01-18 15:24:19.229,9.957
2026-01-18 15:24:19.248,9.951
2026-01-18 15:24:19.248,9.957
2026-01-18 15:24:19.262,9.96
2026-01-18 15:24:19.279,9.966
2026-01-18 15:24:19.296,9.961
2026-01-18 15:24:19.297,9.958
2026-01-18 15:24:19.312,9.964
2026-01-18 15:24:19.330,9.964
2026-01-18 15:24:19.331,9.957
2026-01-18 15:24:19.346,9.953
2026-01-18 15:24:19.369,9.955
2026-01-18 15:24:19.369,9.954
2026-01-18 15:24:19.379,9.952
2026-01-18 15:24:19.395,9.949
2026-01-18 15:24:19.412,9.953
2026-01-18 15:24:19.429,9.955
2026-01-18 15:24:19.430,9.953
2026-01-18 15:24:19.446,9.956
2026-01-18 15:24:19.462,9.952
2026-01-18 15:24:19.463,9.96
2026-01-18 15:24:19.479,9.958
2026-01-18 15:24:19.496,9.951
2026-01-18 15:24:19.513,9.956
2026-01-18 15:24:19.513,9.953
2026-01-18 15:24:19.529,9.952
2026-01-18 15:24:19.578,9.953
2026-01-18 15:24:19.579,9.952
2026-01-18 15:24:19.580,9.953
2026-01-18 15:24:19.580,9.965
2026-01-18 15:24:19.587,9.964
2026-01-18 15:24:19.596,9.963
2026-01-18 15:24:19.612,9.967
2026-01-18 15:24:19.630,9.97
2026-01-18 15:24:19.647,9.964
2026-01-18 15:24:19.647,9.958
2026-01-18 15:24:19.662,9.977
2026-01-18 15:24:19.681,9.971
2026-01-18 15:24:19.681,9.973
2026-01-18 15:24:19.695,9.971
2026-01-18 15:24:19.712,9.968
2026-01-18 15:24:19.730,9.98
2026-01-18 15:24:19.730,9.977
2026-01-18 15:24:19.746,9.976
2026-01-18 15:24:19.762,9.976
2026-01-18 15:24:19.763,9.972
2026-01-18 15:24:19.780,9.966
2026-01-18 15:24:19.795,9.964
2026-01-18 15:24:19.812,9.96
2026-01-18 15:24:19.813,9.955
2026-01-18 15:24:19.830,9.961
2026-01-18 15:24:19.845,9.974
2026-01-18 15:24:19.861,9.965
2026-01-18 15:24:19.862,9.978
2026-01-18 15:24:19.879,9.971
2026-01-18 15:24:19.896,9.963
2026-01-18 15:24:19.896,9.962
2026-01-18 15:24:19.912,9.958
2026-01-18 15:24:19.930,9.957
2026-01-18 15:24:19.931,9.956
2026-01-18 15:24:19.946,9.951
2026-01-18 15:24:19.963,9.951
2026-01-18 15:24:19.979,9.953
2026-01-18 15:24:19.980,9.953
2026-01-18 15:24:19.996,9.965
2026-01-18 15:24:20.012,9.96
2026-01-18 15:24:20.029,9.966
2026-01-18 15:24:20.030,9.969
2026-01-18 15:24:20.046,9.966
2026-01-18 15:24:20.062,9.963
2026-01-18 15:24:20.063,9.962
2026-01-18 15:24:20.079,9.973
2026-01-18 15:24:20.095,9.974
2026-01-18 15:24:20.112,9.97
2026-01-18 15:24:20.112,9.966
2026-01-18 15:24:20.129,9.969
2026-01-18 15:24:20.145,9.969
2026-01-18 15:24:20.163,9.96
2026-01-18 15:24:20.163,9.96
2026-01-18 15:24:20.179,9.955
2026-01-18 15:24:20.196,9.962
2026-01-18 15:24:20.196,9.96
2026-01-18 15:24:20.211,9.956
2026-01-18 15:24:20.230,9.956
2026-01-18 15:24:20.246,9.956
2026-01-18 15:24:20.247,9.96
2026-01-18 15:24:20.262,9.958
2026-01-18 15:24:20.280,9.954
2026-01-18 15:24:20.280,9.954
2026-01-18 15:24:20.296,9.953
2026-01-18 15:24:20.312,9.952
2026-01-18 15:24:20.328,9.955
2026-01-18 15:24:20.329,9.949
2026-01-18 15:24:20.346,9.951
2026-01-18 15:24:20.369,9.953
2026-01-18 15:24:20.369,9.957
2026-01-18 15:24:20.378,9.955
2026-01-18 15:24:20.395,9.952
2026-01-18 15:24:20.412,9.956
2026-01-18 15:24:20.412,9.958
2026-01-18 15:24:20.428,9.957
2026-01-18 15:24:20.445,9.957
2026-01-18 15:24:20.462,9.956
2026-01-18 15:24:20.463,9.959
2026-01-18 15:24:20.479,9.963
2026-01-18 15:24:20.496,9.958
2026-01-18 15:24:20.496,9.957
2026-01-18 15:24:20.512,9.953
2026-01-18 15:24:20.530,9.954
2026-01-18 15:24:20.546,9.954
2026-01-18 15:24:20.547,9.95
2026-01-18 15:24:20.563,9.947
2026-01-18 15:24:20.580,9.946
2026-01-18 15:24:20.580,9.95
2026-01-18 15:24:20.596,9.953
2026-01-18 15:24:20.612,9.947
2026-01-18 15:24:20.629,9.953
2026-01-18 15:24:20.630,9.954
2026-01-18 15:24:20.646,9.95
2026-01-18 15:24:20.663,9.953
2026-01-18 15:24:20.663,9.952
2026-01-18 15:24:20.681,9.956
2026-01-18 15:24:20.695,9.957
2026-01-18 15:24:20.712,9.955
2026-01-18 15:24:20.713,9.97
2026-01-18 15:24:20.728,9.966
2026-01-18 15:24:20.746,9.962
2026-01-18 15:24:20.763,9.961
2026-01-18 15:24:20.763,9.962
2026-01-18 15:24:20.779,9.958
2026-01-18 15:24:20.796,9.96
2026-01-18 15:24:20.796,9.968
2026-01-18 15:24:20.811,9.962
2026-01-18 15:24:20.830,9.971
2026-01-18 15:24:20.847,9.97
2026-01-18 15:24:20.847,9.967
2026-01-18 15:24:20.861,9.964
2026-01-18 15:24:20.880,9.964
2026-01-18 15:24:20.881,9.96
2026-01-18 15:24:20.919,9.962
2026-01-18 15:24:20.920,9.959
2026-01-18 15:24:20.920,9.969
2026-01-18 15:24:20.930,9.966
2026-01-18 15:24:20.946,9.964
2026-01-18 15:24:20.962,9.965
2026-01-18 15:24:20.979,9.964
2026-01-18 15:24:20.979,9.98
2026-01-18 15:24:20.996,9.975
2026-01-18 15:24:21.013,9.972
2026-01-18 15:24:21.013,9.964
2026-01-18 15:24:21.029,9.964
2026-01-18 15:24:21.046,9.962
2026-01-18 15:24:21.047,9.961
2026-01-18 15:24:21.062,9.961
2026-01-18 15:24:21.080,9.955
2026-01-18 15:24:21.096,9.958
2026-01-18 15:24:21.097,9.956
2026-01-18 15:24:21.111,9.955
2026-01-18 15:24:21.130,9.955
2026-01-18 15:24:21.147,9.96
2026-01-18 15:24:21.147,9.959
2026-01-18 15:24:21.162,9.958
2026-01-18 15:24:21.178,9.961
2026-01-18 15:24:21.195,9.969
2026-01-18 15:24:21.195,9.967
2026-01-18 15:24:21.212,9.968
2026-01-18 15:24:21.228,9.972
2026-01-18 15:24:21.229,9.966
2026-01-18 15:24:21.247,9.965
2026-01-18 15:24:21.262,9.97
2026-01-18 15:24:21.279,9.966
2026-01-18 15:24:21.280,9.963
2026-01-18 15:24:21.296,9.964
2026-01-18 15:24:21.313,9.963
2026-01-18 15:24:21.313,9.961
2026-01-18 15:24:21.329,9.962
2026-01-18 15:24:21.346,9.962
2026-01-18 15:24:21.369,9.969
2026-01-18 15:24:21.369,9.966
2026-01-18 15:24:21.378,9.961
2026-01-18 15:24:21.395,9.966
2026-01-18 15:24:21.396,9.981
2026-01-18 15:24:21.413,9.979
2026-01-18 15:24:21.429,9.977
2026-01-18 15:24:21.445,9.975
2026-01-18 15:24:21.445,9.976
2026-01-18 15:24:21.462,9.972
2026-01-18 15:24:21.477,9.967
2026-01-18 15:24:21.497,9.969
2026-01-18 15:24:21.497,9.965
2026-01-18 15:24:21.512,9.964
2026-01-18 15:24:21.528,9.964
2026-01-18 15:24:21.529,9.962
2026-01-18 15:24:21.545,9.967
2026-01-18 15:24:21.561,9.974
2026-01-18 15:24:21.578,9.97
2026-01-18 15:24:21.578,9.969
2026-01-18 15:24:21.595,9.971
2026-01-18 15:24:21.611,9.975
2026-01-18 15:24:21.612,9.974
2026-01-18 15:24:21.628,9.969
2026-01-18 15:24:21.645,9.983
2026-01-18 15:24:21.662,9.98
2026-01-18 15:24:21.662,9.983
2026-01-18 15:24:21.679,9.981
2026-01-18 15:24:21.695,9.981
2026-01-18 15:24:21.695,9.994
2026-01-18 15:24:21.711,9.983
2026-01-18 15:24:21.729,9.985
2026-01-18 15:24:21.745,9.982
2026-01-18 15:24:21.745,9.984
2026-01-18 15:24:21.762,9.997
2026-01-18 15:24:21.778,9.989
2026-01-18 15:24:21.779,9.99
2026-01-18 15:24:21.796,9.987
2026-01-18 15:24:21.812,9.979
2026-01-18 15:24:21.830,9.976
2026-01-18 15:24:21.830,9.972
2026-01-18 15:24:21.846,9.976
2026-01-18 15:24:21.862,9.971
2026-01-18 15:24:21.863,9.966
2026-01-18 15:24:21.878,9.971
2026-01-18 15:24:21.895,9.967
2026-01-18 15:24:21.912,9.969
2026-01-18 15:24:21.913,9.966
2026-01-18 15:24:21.929,9.961
2026-01-18 15:24:21.946,9.959
2026-01-18 15:24:21.962,9.959
2026-01-18 15:24:21.978,9.961
2026-01-18 15:24:21.996,9.956
2026-01-18 15:24:21.997,9.959
2026-01-18 15:24:22.012,9.954
2026-01-18 15:24:22.029,9.956
2026-01-18 15:24:22.046,9.957
2026-01-18 15:24:22.046,9.966
2026-01-18 15:24:22.061,9.964
2026-01-18 15:24:22.079,9.962
2026-01-18 15:24:22.080,9.966
2026-01-18 15:24:22.096,9.961
2026-01-18 15:24:22.112,9.965
2026-01-18 15:24:22.129,9.98
2026-01-18 15:24:22.129,9.976
2026-01-18 15:24:22.146,9.976
2026-01-18 15:24:22.163,9.971
2026-01-18 15:24:22.164,9.974
2026-01-18 15:24:22.178,9.972
2026-01-18 15:24:22.195,9.964
2026-01-18 15:24:22.213,9.965
2026-01-18 15:24:22.214,9.96
2026-01-18 15:24:22.229,9.959
2026-01-18 15:24:22.245,9.958
2026-01-18 15:24:22.261,9.955
2026-01-18 15:24:22.262,9.96
2026-01-18 15:24:22.278,9.967
2026-01-18 15:24:22.296,9.961
2026-01-18 15:24:22.296,9.958
2026-01-18 15:24:22.312,9.956
2026-01-18 15:24:22.331,9.957
2026-01-18 15:24:22.332,9.959
2026-01-18 15:24:22.346,9.958
2026-01-18 15:24:22.362,9.967
2026-01-18 15:24:22.385,9.969
2026-01-18 15:24:22.385,9.967
2026-01-18 15:24:22.395,9.972
2026-01-18 15:24:22.412,9.969
2026-01-18 15:24:22.428,9.969
2026-01-18 15:24:22.429,9.971
2026-01-18 15:24:22.447,9.965
2026-01-18 15:24:22.462,9.964
2026-01-18 15:24:22.479,9.967
2026-01-18 15:24:22.480,9.963
2026-01-18 15:24:22.496,9.963
2026-01-18 15:24:22.512,9.966
2026-01-18 15:24:22.512,9.968
2026-01-18 15:24:22.528,9.971
2026-01-18 15:24:22.545,9.984
2026-01-18 15:24:22.562,9.971
2026-01-18 15:24:22.563,9.979
2026-01-18 15:24:22.577,9.973
2026-01-18 15:24:22.595,9.97
2026-01-18 15:24:22.595,9.98
2026-01-18 15:24:22.612,9.975
2026-01-18 15:24:22.628,9.98
2026-01-18 15:24:22.645,9.973
2026-01-18 15:24:22.645,9.966
2026-01-18 15:24:22.661,9.981
2026-01-18 15:24:22.678,9.974
2026-01-18 15:24:22.679,9.975
2026-01-18 15:24:22.695,9.979
2026-01-18 15:24:22.712,9.975
2026-01-18 15:24:22.728,9.993
2026-01-18 15:24:22.728,9.99
2026-01-18 15:24:22.744,9.986
2026-01-18 15:24:22.762,9.991
2026-01-18 15:24:22.778,9.98
2026-01-18 15:24:22.778,9.98
2026-01-18 15:24:22.794,9.977
2026-01-18 15:24:22.812,9.967
2026-01-18 15:24:22.812,9.97
2026-01-18 15:24:22.828,9.964
2026-01-18 15:24:22.845,9.964
2026-01-18 15:24:22.862,9.958
2026-01-18 15:24:22.862,9.956
2026-01-18 15:24:22.878,9.961
2026-01-18 15:24:22.895,9.959
2026-01-18 15:24:22.895,9.964
2026-01-18 15:24:22.912,9.961
2026-01-18 15:24:22.928,9.961
2026-01-18 15:24:22.945,9.965
2026-01-18 15:24:22.945,9.963
2026-01-18 15:24:22.961,9.967
2026-01-18 15:24:22.978,9.969
2026-01-18 15:24:22.979,9.967
2026-01-18 15:24:22.993,9.968
2026-01-18 15:24:23.010,9.968
2026-01-18 15:24:23.028,9.983
2026-01-18 15:24:23.029,9.985
2026-01-18 15:24:23.044,9.981
2026-01-18 15:24:23.062,9.978
2026-01-18 15:24:23.079,9.977
2026-01-18 15:24:23.079,9.976
2026-01-18 15:24:23.095,9.973
2026-01-18 15:24:23.111,9.969
2026-01-18 15:24:23.112,9.969
2026-01-18 15:24:23.127,9.964
2026-01-18 15:24:23.145,9.96
2026-01-18 15:24:23.161,9.963
2026-01-18 15:24:23.162,9.961
2026-01-18 15:24:23.179,9.957
2026-01-18 15:24:23.196,9.963
2026-01-18 15:24:23.197,9.964
2026-01-18 15:24:23.213,9.959
2026-01-18 15:24:23.228,9.963
2026-01-18 15:24:23.244,9.961
2026-01-18 15:24:23.245,9.96
2026-01-18 15:24:23.261,9.959
2026-01-18 15:24:23.278,9.964
2026-01-18 15:24:23.294,9.967
2026-01-18 15:24:23.294,9.963
2026-01-18 15:24:23.311,9.961
2026-01-18 15:24:23.328,9.958
2026-01-18 15:24:23.328,9.955
2026-01-18 15:24:23.345,9.958
2026-01-18 15:24:23.362,9.958
2026-01-18 15:24:23.383,9.956
2026-01-18 15:24:23.383,9.961
2026-01-18 15:24:23.395,9.963
2026-01-18 15:24:23.410,9.962
2026-01-18 15:24:23.411,9.976
2026-01-18 15:24:23.429,9.972
2026-01-18 15:24:23.446,9.968
2026-01-18 15:24:23.462,9.966
2026-01-18 15:24:23.462,9.976
2026-01-18 15:24:23.478,9.972
2026-01-18 15:24:23.496,9.969
2026-01-18 15:24:23.496,9.969
2026-01-18 15:24:23.512,9.97
2026-01-18 15:24:23.530,9.965
2026-01-18 15:24:23.545,9.961
2026-01-18 15:24:23.546,9.959
2026-01-18 15:24:23.562,9.963
2026-01-18 15:24:23.579,9.96
2026-01-18 15:24:23.579,9.954
2026-01-18 15:24:23.595,9.953
2026-01-18 15:24:23.612,9.955
2026-01-18 15:24:23.640,9.954
2026-01-18 15:24:23.641,9.953
2026-01-18 15:24:23.651,9.955
2026-01-18 15:24:23.679,9.952
2026-01-18 15:24:23.679,9.964
2026-01-18 15:24:23.698,9.961
2026-01-18 15:24:23.698,9.956
2026-01-18 15:24:23.711,9.96
2026-01-18 15:24:23.729,9.96
2026-01-18 15:24:23.744,9.959
2026-01-18 15:24:23.762,9.963
2026-01-18 15:24:23.762,9.964
2026-01-18 15:24:23.779,9.962
2026-01-18 15:24:23.796,9.962
2026-01-18 15:24:23.796,9.968
2026-01-18 15:24:23.812,9.964
2026-01-18 15:24:23.828,9.963
2026-01-18 15:24:23.845,9.977
2026-01-18 15:24:23.846,9.978
2026-01-18 15:24:23.862,9.977
2026-01-18 15:24:23.878,9.976
2026-01-18 15:24:23.896,9.976
2026-01-18 15:24:23.897,9.973
2026-01-18 15:24:23.912,9.97
2026-01-18 15:24:23.929,9.982
2026-01-18 15:24:23.929,9.984
2026-01-18 15:24:23.945,9.981
2026-01-18 15:24:23.962,9.98
2026-01-18 15:24:23.963,9.977
2026-01-18 15:24:23.979,9.989
2026-01-18 15:24:23.996,9.99
2026-01-18 15:24:24.011,9.985
2026-01-18 15:24:24.012,9.979
2026-01-18 15:24:24.029,9.981
2026-01-18 15:24:24.046,9.977
2026-01-18 15:24:24.062,9.974
2026-01-18 15:24:24.063,9.974
2026-01-18 15:24:24.078,9.969
2026-01-18 15:24:24.096,9.972
2026-01-18 15:24:24.097,9.985
2026-01-18 15:24:24.112,9.982
2026-01-18 15:24:24.128,9.983
2026-01-18 15:24:24.145,9.983
2026-01-18 15:24:24.146,9.977
2026-01-18 15:24:24.161,9.981
2026-01-18 15:24:24.177,9.977
2026-01-18 15:24:24.194,9.97
2026-01-18 15:24:24.195,9.97
2026-01-18 15:24:24.211,9.966
2026-01-18 15:24:24.229,9.969
2026-01-18 15:24:24.229,9.971
2026-01-18 15:24:24.244,9.967
2026-01-18 15:24:24.261,9.977
2026-01-18 15:24:24.277,9.973
2026-01-18 15:24:24.277,9.97
2026-01-18 15:24:24.294,9.969
2026-01-18 15:24:24.312,9.969
2026-01-18 15:24:24.312,9.967
2026-01-18 15:24:24.328,9.965
2026-01-18 15:24:24.344,9.981
2026-01-18 15:24:24.361,9.982
2026-01-18 15:24:24.362,9.982
2026-01-18 15:24:24.377,9.982
2026-01-18 15:24:24.401,9.98
2026-01-18 15:24:24.401,9.986
2026-01-18 15:24:24.411,9.985
2026-01-18 15:24:24.428,9.98
2026-01-18 15:24:24.444,9.978
2026-01-18 15:24:24.445,9.975
2026-01-18 15:24:24.462,9.972
2026-01-18 15:24:24.478,9.966
2026-01-18 15:24:24.496,9.97
2026-01-18 15:24:24.496,9.968
2026-01-18 15:24:24.511,9.963
2026-01-18 15:24:24.528,9.968
2026-01-18 15:24:24.529,9.967
2026-01-18 15:24:24.546,9.966
2026-01-18 15:24:24.561,9.964
2026-01-18 15:24:24.579,9.965
2026-01-18 15:24:24.579,9.962
2026-01-18 15:24:24.595,9.961
2026-01-18 15:24:24.612,9.953
2026-01-18 15:24:24.612,9.954
2026-01-18 15:24:24.628,9.953
2026-01-18 15:24:24.645,9.955
2026-01-18 15:24:24.661,9.953
2026-01-18 15:24:24.662,9.959
2026-01-18 15:24:24.679,9.963
2026-01-18 15:24:24.696,9.962
2026-01-18 15:24:24.697,9.961
2026-01-18 15:24:24.712,9.961
2026-01-18 15:24:24.728,9.965
2026-01-18 15:24:24.745,9.968
2026-01-18 15:24:24.746,9.969
2026-01-18 15:24:24.778,9.967
2026-01-18 15:24:24.779,9.972
2026-01-18 15:24:24.795,9.969
2026-01-18 15:24:24.812,9.964
2026-01-18 15:24:24.827,9.977
2026-01-18 15:24:24.828,9.975
2026-01-18 15:24:24.844,9.971
2026-01-18 15:24:24.861,9.97
2026-01-18 15:24:24.877,9.97
2026-01-18 15:24:24.877,9.967
2026-01-18 15:24:24.894,9.968
2026-01-18 15:24:24.910,9.961
2026-01-18 15:24:24.910,9.965
2026-01-18 15:24:24.927,9.965
2026-01-18 15:24:24.946,9.962
2026-01-18 15:24:24.962,9.963
2026-01-18 15:24:25.004,9.964
2026-01-18 15:24:25.005,9.965
2026-01-18 15:24:25.006,9.964
2026-01-18 15:24:25.013,9.961
2026-01-18 15:24:25.029,9.97
2026-01-18 15:24:25.046,9.971
2026-01-18 15:24:25.046,9.968
2026-01-18 15:24:25.061,9.971
2026-01-18 15:24:25.079,9.967
2026-01-18 15:24:25.079,9.966
2026-01-18 15:24:25.095,9.964
2026-01-18 15:24:25.111,9.97
2026-01-18 15:24:25.128,9.966
2026-01-18 15:24:25.128,9.963
2026-01-18 15:24:25.145,9.967
2026-01-18 15:24:25.161,9.959
2026-01-18 15:24:25.178,9.959
2026-01-18 15:24:25.179,9.967
2026-01-18 15:24:25.194,9.971
2026-01-18 15:24:25.211,9.967
2026-01-18 15:24:25.211,9.963
2026-01-18 15:24:25.229,9.965
2026-01-18 15:24:25.246,9.962
2026-01-18 15:24:25.262,9.958
2026-01-18 15:24:25.262,9.965
2026-01-18 15:24:25.279,9.962
2026-01-18 15:24:25.296,9.96
2026-01-18 15:24:25.296,9.966
2026-01-18 15:24:25.311,9.964
2026-01-18 15:24:25.328,9.962
2026-01-18 15:24:25.346,9.959
2026-01-18 15:24:25.346,9.962
2026-01-18 15:24:25.362,9.961
2026-01-18 15:24:25.379,9.958
2026-01-18 15:24:25.401,9.967
2026-01-18 15:24:25.411,9.961
2026-01-18 15:24:25.429,9.969
2026-01-18 15:24:25.429,9.966
2026-01-18 15:24:25.445,9.962
2026-01-18 15:24:25.462,9.962
2026-01-18 15:24:25.478,9.963
2026-01-18 15:24:25.479,9.959
2026-01-18 15:24:25.495,9.959
2026-01-18 15:24:25.511,9.957
2026-01-18 15:24:25.512,9.957
2026-01-18 15:24:25.529,9.959
2026-01-18 15:24:25.546,9.957
2026-01-18 15:24:25.562,9.962
2026-01-18 15:24:25.562,9.962
2026-01-18 15:24:25.577,9.954
2026-01-18 15:24:25.596,9.953
2026-01-18 15:24:25.596,9.95
2026-01-18 15:24:25.612,9.958
2026-01-18 15:24:25.629,9.955
2026-01-18 15:24:25.645,9.948
2026-01-18 15:24:25.645,9.951
2026-01-18 15:24:25.661,9.949
2026-01-18 15:24:25.679,9.966
2026-01-18 15:24:25.680,9.967
2026-01-18 15:24:25.694,9.96
2026-01-18 15:24:25.712,9.96
2026-01-18 15:24:25.728,9.955
2026-01-18 15:24:25.729,9.96
2026-01-18 15:24:25.745,9.965
2026-01-18 15:24:25.761,9.964
2026-01-18 15:24:25.779,9.965
2026-01-18 15:24:25.779,9.968
2026-01-18 15:24:25.795,9.969
2026-01-18 15:24:25.812,9.967
2026-01-18 15:24:25.813,9.968
2026-01-18 15:24:25.827,9.974
2026-01-18 15:24:25.846,9.971
2026-01-18 15:24:25.861,9.967
2026-01-18 15:24:25.861,9.97
2026-01-18 15:24:25.879,9.967
2026-01-18 15:24:25.896,9.967
2026-01-18 15:24:25.896,9.971
2026-01-18 15:24:25.911,9.971
2026-01-18 15:24:25.927,9.964
2026-01-18 15:24:25.944,9.97
2026-01-18 15:24:25.944,9.968
2026-01-18 15:24:25.960,9.967
2026-01-18 15:24:25.977,9.972
2026-01-18 15:24:25.995,9.971
2026-01-18 15:24:25.995,9.967
2026-01-18 15:24:26.011,9.973
2026-01-18 15:24:26.028,9.971
2026-01-18 15:24:26.028,9.967
2026-01-18 15:24:26.045,9.969
2026-01-18 15:24:26.061,9.968
2026-01-18 15:24:26.078,9.967
2026-01-18 15:24:26.078,9.967
2026-01-18 15:24:26.096,9.968
2026-01-18 15:24:26.111,9.963
2026-01-18 15:24:26.112,9.97
2026-01-18 15:24:26.128,9.965
2026-01-18 15:24:26.145,9.976
2026-01-18 15:24:26.162,9.973
2026-01-18 15:24:26.162,9.975
2026-01-18 15:24:26.178,9.978
2026-01-18 15:24:26.195,9.976
2026-01-18 15:24:26.195,9.973
2026-01-18 15:24:26.211,9.973
2026-01-18 15:24:26.228,9.969
2026-01-18 15:24:26.246,9.966
2026-01-18 15:24:26.246,9.962
2026-01-18 15:24:26.261,9.957
2026-01-18 15:24:26.279,9.955
2026-01-18 15:24:26.279,9.954
2026-01-18 15:24:26.295,9.956
2026-01-18 15:24:26.311,9.954
2026-01-18 15:24:26.328,9.952
2026-01-18 15:24:26.329,9.953
2026-01-18 15:24:26.387,9.954
2026-01-18 15:24:26.389,9.953
2026-01-18 15:24:26.389,9.955
2026-01-18 15:24:26.389,9.976
2026-01-18 15:24:26.389,9.977
2026-01-18 15:24:26.404,9.977
2026-01-18 15:24:26.411,9.969
2026-01-18 15:24:26.429,9.972
2026-01-18 15:24:26.445,9.981
2026-01-18 15:24:26.462,9.978
2026-01-18 15:24:26.462,9.979
2026-01-18 15:24:26.479,9.971
2026-01-18 15:24:26.501,9.963
2026-01-18 15:24:26.501,9.964
2026-01-18 15:24:26.516,9.962
2026-01-18 15:24:26.527,9.954
2026-01-18 15:24:26.544,9.959
2026-01-18 15:24:26.545,9.957
2026-01-18 15:24:26.561,9.955
2026-01-18 15:24:26.578,9.96
2026-01-18 15:24:26.578,9.96
2026-01-18 15:24:26.596,9.957
2026-01-18 15:24:26.611,9.962
2026-01-18 15:24:26.627,9.977
2026-01-18 15:24:26.628,9.972
2026-01-18 15:24:26.646,9.977
2026-01-18 15:24:26.661,9.974
2026-01-18 15:24:26.678,9.977
2026-01-18 15:24:26.679,9.986
2026-01-18 15:24:26.695,9.975
2026-01-18 15:24:26.711,9.974
2026-01-18 15:24:26.712,9.971
2026-01-18 15:24:26.729,9.967
2026-01-18 15:24:26.745,9.965
2026-01-18 15:24:26.762,9.965
2026-01-18 15:24:26.762,9.969
2026-01-18 15:24:26.778,9.97
2026-01-18 15:24:26.795,9.964
2026-01-18 15:24:26.795,9.977
2026-01-18 15:24:26.811,9.975
2026-01-18 15:24:26.829,9.964
2026-01-18 15:24:26.845,9.965
2026-01-18 15:24:26.846,9.962
2026-01-18 15:24:26.861,9.968
2026-01-18 15:24:26.878,9.964
2026-01-18 15:24:26.879,9.96
2026-01-18 15:24:26.895,9.965
2026-01-18 15:24:26.911,9.971
2026-01-18 15:24:26.928,9.962
2026-01-18 15:24:26.928,9.963
2026-01-18 15:24:26.945,9.964
2026-01-18 15:24:26.961,9.974
2026-01-18 15:24:26.978,9.973
2026-01-18 15:24:26.979,9.974
2026-01-18 15:24:26.994,9.971
2026-01-18 15:24:27.011,9.97
2026-01-18 15:24:27.011,9.966
2026-01-18 15:24:27.027,9.961
2026-01-18 15:24:27.044,9.974
2026-01-18 15:24:27.061,9.97
2026-01-18 15:24:27.062,9.966
2026-01-18 15:24:27.077,9.964
2026-01-18 15:24:27.095,9.965
2026-01-18 15:24:27.095,9.958
2026-01-18 15:24:27.111,9.957
2026-01-18 15:24:27.127,9.958
2026-01-18 15:24:27.143,9.953
2026-01-18 15:24:27.144,9.954
2026-01-18 15:24:27.161,9.957
2026-01-18 15:24:27.177,9.951
2026-01-18 15:24:27.195,9.957
2026-01-18 15:24:27.195,9.96
2026-01-18 15:24:27.211,9.959
2026-01-18 15:24:27.228,9.965
2026-01-18 15:24:27.228,9.966
2026-01-18 15:24:27.244,9.962
2026-01-18 15:24:27.279,9.964
2026-01-18 15:24:27.279,9.969
2026-01-18 15:24:27.294,9.966
2026-01-18 15:24:27.310,9.966
2026-01-18 15:24:27.312,9.968
2026-01-18 15:24:27.328,9.964
2026-01-18 15:24:27.345,9.962
2026-01-18 15:24:27.361,9.966
2026-01-18 15:24:27.362,9.961
2026-01-18 15:24:27.385,9.957
2026-01-18 15:24:27.386,9.966
2026-01-18 15:24:27.396,9.967
2026-01-18 15:24:27.411,9.963
2026-01-18 15:24:27.428,9.964
2026-01-18 15:24:27.445,9.963
2026-01-18 15:24:27.445,9.969
2026-01-18 15:24:27.461,9.967
2026-01-18 15:24:27.479,9.969
2026-01-18 15:24:27.479,9.97
2026-01-18 15:24:27.494,9.971
2026-01-18 15:24:27.511,9.962
2026-01-18 15:24:27.528,9.967
2026-01-18 15:24:27.529,9.971
2026-01-18 15:24:27.546,9.971
2026-01-18 15:24:27.561,9.975
2026-01-18 15:24:27.578,9.972
2026-01-18 15:24:27.579,9.984
2026-01-18 15:24:27.594,9.983
2026-01-18 15:24:27.610,9.981
2026-01-18 15:24:27.611,9.976
2026-01-18 15:24:27.627,9.972
2026-01-18 15:24:27.645,9.977
2026-01-18 15:24:27.661,9.969
2026-01-18 15:24:27.661,9.968
2026-01-18 15:24:27.678,9.969
2026-01-18 15:24:27.694,9.964
2026-01-18 15:24:27.695,9.969
2026-01-18 15:24:27.735,9.968
2026-01-18 15:24:27.737,9.963
2026-01-18 15:24:27.737,9.972
2026-01-18 15:24:27.744,9.969
2026-01-18 15:24:27.761,9.966
2026-01-18 15:24:27.778,9.962
2026-01-18 15:24:27.778,9.966
2026-01-18 15:24:27.794,9.963
2026-01-18 15:24:27.810,9.955
2026-01-18 15:24:27.827,9.965
2026-01-18 15:24:27.828,9.963
2026-01-18 15:24:27.844,9.964
2026-01-18 15:24:27.861,9.963
2026-01-18 15:24:27.877,9.962
2026-01-18 15:24:27.878,9.979
2026-01-18 15:24:27.894,9.978
2026-01-18 15:24:27.910,9.979
2026-01-18 15:24:27.911,9.973
2026-01-18 15:24:27.927,9.969
2026-01-18 15:24:27.960,9.968
2026-01-18 15:24:27.961,9.976
2026-01-18 15:24:27.976,9.972
2026-01-18 15:24:27.993,9.97
2026-01-18 15:24:28.011,9.987
2026-01-18 15:24:28.011,9.979
2026-01-18 15:24:28.027,9.978
2026-01-18 15:24:28.044,9.978
2026-01-18 15:24:28.044,9.977
2026-01-18 15:24:28.061,9.987
2026-01-18 15:24:28.077,9.981
2026-01-18 15:24:28.094,9.984
2026-01-18 15:24:28.094,9.981
2026-01-18 15:24:28.110,9.974
2026-01-18 15:24:28.127,9.976
2026-01-18 15:24:28.128,9.975
2026-01-18 15:24:28.144,9.971
2026-01-18 15:24:28.161,9.975
2026-01-18 15:24:28.178,9.972
2026-01-18 15:24:28.178,9.967
2026-01-18 15:24:28.193,9.966
2026-01-18 15:24:28.210,9.966
2026-01-18 15:24:28.211,9.962
2026-01-18 15:24:28.227,9.961
2026-01-18 15:24:28.243,9.96
2026-01-18 15:24:28.260,9.963
2026-01-18 15:24:28.261,9.962
2026-01-18 15:24:28.277,9.959
2026-01-18 15:24:28.294,9.966
2026-01-18 15:24:28.295,9.967
2026-01-18 15:24:28.310,9.963
2026-01-18 15:24:28.327,9.966
2026-01-18 15:24:28.343,9.963
2026-01-18 15:24:28.344,9.961
2026-01-18 15:24:28.360,9.963
2026-01-18 15:24:28.377,9.965
2026-01-18 15:24:28.399,9.963
2026-01-18 15:24:28.399,9.972
2026-01-18 15:24:28.410,9.971
2026-01-18 15:24:28.427,9.979
2026-01-18 15:24:28.428,9.98
2026-01-18 15:24:28.444,9.981
2026-01-18 15:24:28.461,9.973
2026-01-18 15:24:28.477,9.974
2026-01-18 15:24:28.478,9.972
2026-01-18 15:24:28.493,9.966
2026-01-18 15:24:28.511,9.97
2026-01-18 15:24:28.511,9.968
2026-01-18 15:24:28.528,9.963
2026-01-18 15:24:28.544,9.97
2026-01-18 15:24:28.560,9.966
2026-01-18 15:24:28.561,9.961
2026-01-18 15:24:28.577,9.959
2026-01-18 15:24:28.593,9.953
2026-01-18 15:24:28.610,9.96
2026-01-18 15:24:28.610,9.964
2026-01-18 15:24:28.627,9.962
2026-01-18 15:24:28.644,9.958
2026-01-18 15:24:28.644,9.955
2026-01-18 15:24:28.660,9.948
2026-01-18 15:24:28.677,9.947
2026-01-18 15:24:28.693,9.949
2026-01-18 15:24:28.694,9.947
2026-01-18 15:24:28.710,9.949
2026-01-18 15:24:28.727,9.953
2026-01-18 15:24:28.728,9.954
2026-01-18 15:24:28.743,9.951
2026-01-18 15:24:28.759,9.948
2026-01-18 15:24:28.777,9.947
2026-01-18 15:24:28.777,9.961
2026-01-18 15:24:28.795,9.958
2026-01-18 15:24:28.811,9.964
2026-01-18 15:24:28.812,9.964
2026-01-18 15:24:28.827,9.961
2026-01-18 15:24:28.844,9.973
2026-01-18 15:24:28.861,9.969
2026-01-18 15:24:28.861,9.966
2026-01-18 15:24:28.878,9.969
2026-01-18 15:24:28.895,9.965
2026-01-18 15:24:28.896,9.965
2026-01-18 15:24:28.929,9.961
2026-01-18 15:24:28.945,9.965
2026-01-18 15:24:28.946,9.962
2026-01-18 15:24:28.961,9.976
2026-01-18 15:24:28.977,9.972
2026-01-18 15:24:28.994,9.969
2026-01-18 15:24:28.994,9.972
2026-01-18 15:24:29.010,9.968
2026-01-18 15:24:29.027,9.971
2026-01-18 15:24:29.027,9.964
2026-01-18 15:24:29.044,9.959
2026-01-18 15:24:29.061,9.961
2026-01-18 15:24:29.078,9.957
2026-01-18 15:24:29.079,9.966
2026-01-18 15:24:29.106,9.964
2026-01-18 15:24:29.108,9.962
2026-01-18 15:24:29.119,9.967
2026-01-18 15:24:29.128,9.962
2026-01-18 15:24:29.145,9.959
2026-01-18 15:24:29.163,9.97
2026-01-18 15:24:29.163,9.967
2026-01-18 15:24:29.177,9.964
2026-01-18 15:24:29.194,9.963
2026-01-18 15:24:29.195,9.976
2026-01-18 15:24:29.210,9.978
2026-01-18 15:24:29.227,9.976
2026-01-18 15:24:29.244,9.977
2026-01-18 15:24:29.244,9.973
2026-01-18 15:24:29.261,9.97
2026-01-18 15:24:29.276,9.967
2026-01-18 15:24:29.293,9.964
2026-01-18 15:24:29.293,9.963
2026-01-18 15:24:29.310,9.961
2026-01-18 15:24:29.327,9.961
2026-01-18 15:24:29.327,9.961
2026-01-18 15:24:29.343,9.962
2026-01-18 15:24:29.361,9.964
2026-01-18 15:24:29.377,9.967
2026-01-18 15:24:29.378,9.959
2026-01-18 15:24:29.400,9.957
2026-01-18 15:24:29.401,9.96
2026-01-18 15:24:29.428,9.961
2026-01-18 15:24:29.428,9.964
2026-01-18 15:24:29.444,9.978
2026-01-18 15:24:29.462,9.975
2026-01-18 15:24:29.462,9.977
2026-01-18 15:24:29.477,9.976
2026-01-18 15:24:29.495,9.966
2026-01-18 15:24:29.495,9.967
2026-01-18 15:24:29.510,9.964
2026-01-18 15:24:29.527,9.96
2026-01-18 15:24:29.544,9.958
2026-01-18 15:24:29.545,9.955
2026-01-18 15:24:29.561,9.961
2026-01-18 15:24:29.578,9.965
2026-01-18 15:24:29.578,9.955
2026-01-18 15:24:29.595,9.954
2026-01-18 15:24:29.611,9.952
2026-01-18 15:24:29.628,9.961
2026-01-18 15:24:29.628,9.955
2026-01-18 15:24:29.645,9.963
2026-01-18 15:24:29.661,9.962
2026-01-18 15:24:29.678,9.958
2026-01-18 15:24:29.679,9.968
2026-01-18 15:24:29.694,9.967
2026-01-18 15:24:29.711,9.962
2026-01-18 15:24:29.711,9.973
2026-01-18 15:24:29.728,9.967
2026-01-18 15:24:29.744,9.965
2026-01-18 15:24:29.760,9.962
2026-01-18 15:24:29.761,9.965
2026-01-18 15:24:29.778,9.959
2026-01-18 15:24:29.794,9.953
2026-01-18 15:24:29.795,9.953
2026-01-18 15:24:29.810,9.955
2026-01-18 15:24:29.828,9.954
2026-01-18 15:24:29.844,9.957
2026-01-18 15:24:29.845,9.952
2026-01-18 15:24:29.861,9.954
2026-01-18 15:24:29.878,9.954
2026-01-18 15:24:29.894,9.953
2026-01-18 15:24:29.895,9.953
2026-01-18 15:24:29.912,9.948
2026-01-18 15:24:29.928,9.955
2026-01-18 15:24:29.929,9.951
2026-01-18 15:24:29.943,9.95
2026-01-18 15:24:29.960,9.953
2026-01-18 15:24:29.978,9.949
2026-01-18 15:24:29.978,9.947
2026-01-18 15:24:29.995,9.951
2026-01-18 15:24:30.011,9.952
2026-01-18 15:24:30.011,9.952
2026-01-18 15:24:30.027,9.953
2026-01-18 15:24:30.044,9.951
2026-01-18 15:24:30.060,9.954
2026-01-18 15:24:30.060,9.951
2026-01-18 15:24:30.078,9.95
2026-01-18 15:24:30.095,9.948
2026-01-18 15:24:30.096,9.955
2026-01-18 15:24:30.110,9.966
2026-01-18 15:24:30.126,9.964
2026-01-18 15:24:30.145,9.963
2026-01-18 15:24:30.145,9.96
2026-01-18 15:24:30.160,9.97
2026-01-18 15:24:30.177,9.967
2026-01-18 15:24:30.193,9.968
2026-01-18 15:24:30.194,9.963
2026-01-18 15:24:30.210,9.957
2026-01-18 15:24:30.227,9.956
2026-01-18 15:24:30.228,9.954
2026-01-18 15:24:30.245,9.956
2026-01-18 15:24:30.261,9.954
2026-01-18 15:24:30.262,9.954
2026-01-18 15:24:30.276,9.956
2026-01-18 15:24:30.295,9.958
2026-01-18 15:24:30.310,9.954
2026-01-18 15:24:30.311,9.954
2026-01-18 15:24:30.327,9.954
2026-01-18 15:24:30.344,9.951
2026-01-18 15:24:30.362,9.95
2026-01-18 15:24:30.362,9.956
2026-01-18 15:24:30.376,9.958
2026-01-18 15:24:30.394,9.959
2026-01-18 15:24:30.417,9.969
2026-01-18 15:24:30.417,9.976
2026-01-18 15:24:30.419,9.975
2026-01-18 15:24:30.461,9.971
2026-01-18 15:24:30.461,9.974
2026-01-18 15:24:30.462,9.973
2026-01-18 15:24:30.468,9.971
2026-01-18 15:24:30.479,9.973
2026-01-18 15:24:30.494,9.971
2026-01-18 15:24:30.512,9.962
2026-01-18 15:24:30.528,9.962
2026-01-18 15:24:30.528,9.963
2026-01-18 15:24:30.545,9.958
2026-01-18 15:24:30.561,9.959
2026-01-18 15:24:30.577,9.959
2026-01-18 15:24:30.578,9.959
2026-01-18 15:24:30.594,9.96
2026-01-18 15:24:30.611,9.961
2026-01-18 15:24:30.611,9.967
2026-01-18 15:24:30.628,9.961
2026-01-18 15:24:30.644,9.964
2026-01-18 15:24:30.662,9.962
2026-01-18 15:24:30.662,9.956
2026-01-18 15:24:30.678,9.956
2026-01-18 15:24:30.693,9.951
2026-01-18 15:24:30.695,9.957
2026-01-18 15:24:30.710,9.959
2026-01-18 15:24:30.727,9.955
2026-01-18 15:24:30.743,9.961
2026-01-18 15:24:30.744,9.963
2026-01-18 15:24:30.762,9.957
2026-01-18 15:24:30.777,9.951
2026-01-18 15:24:30.795,9.951
2026-01-18 15:24:30.795,9.954
2026-01-18 15:24:30.810,9.949
2026-01-18 15:24:30.827,9.949
2026-01-18 15:24:30.828,9.947
2026-01-18 15:24:30.844,9.946
2026-01-18 15:24:30.862,9.953
2026-01-18 15:24:30.877,9.954
2026-01-18 15:24:30.878,9.948
2026-01-18 15:24:30.894,9.949
2026-01-18 15:24:30.910,9.946
2026-01-18 15:24:30.911,9.951
2026-01-18 15:24:30.928,9.951
2026-01-18 15:24:30.944,9.947
2026-01-18 15:24:30.960,9.955
2026-01-18 15:24:30.960,9.951
2026-01-18 15:24:30.977,9.951
2026-01-18 15:24:30.993,9.946
2026-01-18 15:24:31.010,9.941
2026-01-18 15:24:31.010,9.946
2026-01-18 15:24:31.028,9.95
2026-01-18 15:24:31.043,9.952
2026-01-18 15:24:31.044,9.953
2026-01-18 15:24:31.061,9.96
2026-01-18 15:24:31.076,9.963
2026-01-18 15:24:31.094,9.962
2026-01-18 15:24:31.095,9.957
2026-01-18 15:24:31.111,9.954
2026-01-18 15:24:31.127,9.955
2026-01-18 15:24:31.128,9.962
2026-01-18 15:24:31.144,9.96
2026-01-18 15:24:31.161,9.959
2026-01-18 15:24:31.178,9.956
2026-01-18 15:24:31.178,9.951
2026-01-18 15:24:31.194,9.957
2026-01-18 15:24:31.210,9.958
2026-01-18 15:24:31.211,9.95
2026-01-18 15:24:31.228,9.95
2026-01-18 15:24:31.245,9.947
2026-01-18 15:24:31.260,9.948
2026-01-18 15:24:31.261,9.947
2026-01-18 15:24:31.277,9.943
2026-01-18 15:24:31.294,9.947
2026-01-18 15:24:31.294,9.944
2026-01-18 15:24:31.310,9.946
2026-01-18 15:24:31.328,9.945
2026-01-18 15:24:31.345,9.943
2026-01-18 15:24:31.345,9.948
2026-01-18 15:24:31.361,9.95
2026-01-18 15:24:31.377,9.944
2026-01-18 15:24:31.378,9.947
2026-01-18 15:24:31.402,9.946
2026-01-18 15:24:31.403,9.951
2026-01-18 15:24:31.415,9.948
2026-01-18 15:24:31.426,9.946
2026-01-18 15:24:31.443,9.945
2026-01-18 15:24:31.459,9.949
2026-01-18 15:24:31.477,9.948
2026-01-18 15:24:31.477,9.946
2026-01-18 15:24:31.493,9.946
2026-01-18 15:24:31.510,9.954
2026-01-18 15:24:31.510,9.951
2026-01-18 15:24:31.527,9.956
2026-01-18 15:24:31.544,9.955
2026-01-18 15:24:31.560,9.951
2026-01-18 15:24:31.561,9.953
2026-01-18 15:24:31.577,9.952
2026-01-18 15:24:31.594,9.955
2026-01-18 15:24:31.595,9.953
2026-01-18 15:24:31.610,9.952
2026-01-18 15:24:31.627,9.951
2026-01-18 15:24:31.642,9.949
2026-01-18 15:24:31.642,9.955
2026-01-18 15:24:31.660,9.955
2026-01-18 15:24:31.677,9.954
2026-01-18 15:24:31.694,9.952
2026-01-18 15:24:31.694,9.954
2026-01-18 15:24:31.710,9.957
2026-01-18 15:24:31.726,9.975
2026-01-18 15:24:31.727,9.969
2026-01-18 15:24:31.743,9.972
2026-01-18 15:24:31.761,9.965
2026-01-18 15:24:31.776,9.967
2026-01-18 15:24:31.776,9.963
2026-01-18 15:24:31.817,9.959
2026-01-18 15:24:31.818,9.956
2026-01-18 15:24:31.818,9.953
2026-01-18 15:24:31.825,9.959
2026-01-18 15:24:31.843,9.955
2026-01-18 15:24:31.861,9.948
2026-01-18 15:24:31.861,9.948
2026-01-18 15:24:31.877,9.956
2026-01-18 15:24:31.893,9.954
2026-01-18 15:24:31.894,9.95
2026-01-18 15:24:31.910,9.953
2026-01-18 15:24:31.926,9.953
2026-01-18 15:24:31.944,9.953
2026-01-18 15:24:31.945,9.953
2026-01-18 15:24:31.960,9.965
2026-01-18 15:24:31.977,9.961
2026-01-18 15:24:31.993,9.962
2026-01-18 15:24:31.993,9.958
2026-01-18 15:24:32.011,9.959
2026-01-18 15:24:32.028,9.954
2026-01-18 15:24:32.029,9.951
2026-01-18 15:24:32.044,9.948
2026-01-18 15:24:32.060,9.948
2026-01-18 15:24:32.076,9.948
2026-01-18 15:24:32.077,9.943
2026-01-18 15:24:32.094,9.942
2026-01-18 15:24:32.110,9.947
2026-01-18 15:24:32.110,9.951
2026-01-18 15:24:32.129,9.946
2026-01-18 15:24:32.144,9.963
2026-01-18 15:24:32.161,9.957
2026-01-18 15:24:32.161,9.965
2026-01-18 15:24:32.177,9.96
2026-01-18 15:24:32.193,9.956
2026-01-18 15:24:32.209,9.972
2026-01-18 15:24:32.210,9.968
2026-01-18 15:24:32.227,9.965
2026-01-18 15:24:32.244,9.96
2026-01-18 15:24:32.244,9.96
2026-01-18 15:24:32.260,9.974
2026-01-18 15:24:32.277,9.981
2026-01-18 15:24:32.294,9.986
2026-01-18 15:24:32.294,9.984
2026-01-18 15:24:32.310,9.978
2026-01-18 15:24:32.328,9.987
2026-01-18 15:24:32.328,9.98
2026-01-18 15:24:32.346,9.974
2026-01-18 15:24:32.360,9.966
2026-01-18 15:24:32.378,9.964
2026-01-18 15:24:32.378,9.974
2026-01-18 15:24:32.401,9.969
2026-01-18 15:24:32.401,9.968
2026-01-18 15:24:32.411,9.966
2026-01-18 15:24:32.426,9.964
2026-01-18 15:24:32.443,9.978
2026-01-18 15:24:32.459,9.979
2026-01-18 15:24:32.459,9.98
2026-01-18 15:24:32.478,9.972
2026-01-18 15:24:32.494,9.966
2026-01-18 15:24:32.494,9.977
2026-01-18 15:24:32.510,9.972
2026-01-18 15:24:32.528,9.969
2026-01-18 15:24:32.544,9.973
2026-01-18 15:24:32.544,9.97
2026-01-18 15:24:32.560,9.983
2026-01-18 15:24:32.577,9.973
2026-01-18 15:24:32.593,9.976
2026-01-18 15:24:32.594,9.973
2026-01-18 15:24:32.610,9.967
2026-01-18 15:24:32.626,9.964
2026-01-18 15:24:32.627,9.968
2026-01-18 15:24:32.645,9.964
2026-01-18 15:24:32.660,9.961
2026-01-18 15:24:32.677,9.959
2026-01-18 15:24:32.678,9.964
2026-01-18 15:24:32.694,9.966
2026-01-18 15:24:32.712,9.962
2026-01-18 15:24:32.713,9.961
2026-01-18 15:24:32.727,9.959
2026-01-18 15:24:32.745,9.972
2026-01-18 15:24:32.760,9.969
2026-01-18 15:24:32.760,9.973
2026-01-18 15:24:32.777,9.967
2026-01-18 15:24:32.793,9.961
2026-01-18 15:24:32.810,9.966
2026-01-18 15:24:32.810,9.967
2026-01-18 15:24:32.827,9.964
2026-01-18 15:24:32.845,9.969
2026-01-18 15:24:32.845,9.967
2026-01-18 15:24:32.860,9.977
2026-01-18 15:24:32.877,9.976
2026-01-18 15:24:32.893,9.973
2026-01-18 15:24:32.894,9.969
2026-01-18 15:24:32.909,9.972
2026-01-18 15:24:32.927,9.971
2026-01-18 15:24:32.928,9.969
2026-01-18 15:24:32.943,9.975
2026-01-18 15:24:32.961,9.974
2026-01-18 15:24:32.977,9.97
2026-01-18 15:24:32.977,9.983
2026-01-18 15:24:32.994,9.983
2026-01-18 15:24:33.010,9.978
2026-01-18 15:24:33.011,9.972
2026-01-18 15:24:33.026,9.975
2026-01-18 15:24:33.044,9.973
2026-01-18 15:24:33.059,9.974
2026-01-18 15:24:33.060,9.981
2026-01-18 15:24:33.077,9.98
2026-01-18 15:24:33.093,9.978
2026-01-18 15:24:33.111,9.986
2026-01-18 15:24:33.112,9.985
2026-01-18 15:24:33.126,9.984
2026-01-18 15:24:33.146,9.98
2026-01-18 15:24:33.146,9.983
2026-01-18 15:24:33.182,9.997
2026-01-18 15:24:33.183,9.993
2026-01-18 15:24:33.183,9.989
2026-01-18 15:24:33.191,9.988
2026-01-18 15:24:33.211,9.985
2026-01-18 15:24:33.226,9.987
2026-01-18 15:24:33.226,9.986
2026-01-18 15:24:33.244,9.983
2026-01-18 15:24:33.259,9.98
2026-01-18 15:24:33.278,9.983
2026-01-18 15:24:33.278,9.992
2026-01-18 15:24:33.293,9.985
2026-01-18 15:24:33.311,9.985
2026-01-18 15:24:33.311,9.986
2026-01-18 15:24:33.326,9.983
2026-01-18 15:24:33.344,9.98
2026-01-18 15:24:33.360,9.977
2026-01-18 15:24:33.360,9.978
2026-01-18 15:24:33.376,9.982
2026-01-18 15:24:33.399,9.982
2026-01-18 15:24:33.399,9.983
2026-01-18 15:24:33.409,9.977
2026-01-18 15:24:33.428,9.979
2026-01-18 15:24:33.445,9.979
2026-01-18 15:24:33.446,9.976
2026-01-18 15:24:33.462,9.973
2026-01-18 15:24:33.476,9.971
2026-01-18 15:24:33.493,9.971
2026-01-18 15:24:33.493,9.971
2026-01-18 15:24:33.510,9.974
2026-01-18 15:24:33.526,9.974
2026-01-18 15:24:33.543,9.974
2026-01-18 15:24:33.543,9.972
2026-01-18 15:24:33.560,9.976
2026-01-18 15:24:33.577,9.975
2026-01-18 15:24:33.577,9.971
2026-01-18 15:24:33.593,9.97
2026-01-18 15:24:33.610,9.977
2026-01-18 15:24:33.610,9.973
2026-01-18 15:24:33.626,9.971
2026-01-18 15:24:33.642,9.982
2026-01-18 15:24:33.659,9.98
2026-01-18 15:24:33.661,9.984
2026-01-18 15:24:33.677,9.981
2026-01-18 15:24:33.693,9.971
2026-01-18 15:24:33.710,9.967
2026-01-18 15:24:33.711,9.968
2026-01-18 15:24:33.726,9.972
2026-01-18 15:24:33.743,9.968
2026-01-18 15:24:33.743,9.967
2026-01-18 15:24:33.760,9.961
2026-01-18 15:24:33.776,9.96
2026-01-18 15:24:33.793,9.962
2026-01-18 15:24:33.793,9.958
2026-01-18 15:24:33.809,9.957
2026-01-18 15:24:33.827,9.964
2026-01-18 15:24:33.827,9.956
2026-01-18 15:24:33.843,9.959
2026-01-18 15:24:33.860,9.961
2026-01-18 15:24:33.877,9.959
2026-01-18 15:24:33.877,9.954
2026-01-18 15:24:33.893,9.959
2026-01-18 15:24:33.910,9.958
2026-01-18 15:24:33.911,9.957
2026-01-18 15:24:33.926,9.953
2026-01-18 15:24:33.944,9.957
2026-01-18 15:24:33.961,9.953
2026-01-18 15:24:33.961,9.949
2026-01-18 15:24:33.976,9.949
2026-01-18 15:24:33.994,9.958
2026-01-18 15:24:34.010,9.958
2026-01-18 15:24:34.011,9.956
2026-01-18 15:24:34.028,9.957
2026-01-18 15:24:34.042,9.971
2026-01-18 15:24:34.043,9.967
2026-01-18 15:24:34.060,9.964
2026-01-18 15:24:34.077,9.963
2026-01-18 15:24:34.092,9.958
2026-01-18 15:24:34.093,9.956
2026-01-18 15:24:34.111,9.959
2026-01-18 15:24:34.127,9.973
2026-01-18 15:24:34.127,9.968
2026-01-18 15:24:34.144,9.967
2026-01-18 15:24:34.160,9.963
2026-01-18 15:24:34.178,9.965
2026-01-18 15:24:34.178,9.981
2026-01-18 15:24:34.193,9.975
2026-01-18 15:24:34.211,9.974
2026-01-18 15:24:34.211,9.966
2026-01-18 15:24:34.227,9.966
2026-01-18 15:24:34.244,9.981
2026-01-18 15:24:34.260,9.975
2026-01-18 15:24:34.261,9.967
2026-01-18 15:24:34.277,9.967
2026-01-18 15:24:34.294,9.965
2026-01-18 15:24:34.295,9.966
2026-01-18 15:24:34.310,9.964
2026-01-18 15:24:34.328,9.962
2026-01-18 15:24:34.344,9.955
2026-01-18 15:24:34.344,9.95
2026-01-18 15:24:34.360,9.963
2026-01-18 15:24:34.377,9.962
2026-01-18 15:24:34.399,9.966
2026-01-18 15:24:34.399,9.968
2026-01-18 15:24:34.409,9.963
2026-01-18 15:24:34.426,9.976
2026-01-18 15:24:34.427,9.975
2026-01-18 15:24:34.444,9.975
2026-01-18 15:24:34.461,9.975
2026-01-18 15:24:34.477,9.969
2026-01-18 15:24:34.478,9.965
2026-01-18 15:24:34.494,9.963
2026-01-18 15:24:34.510,9.959
2026-01-18 15:24:34.511,9.963
2026-01-18 15:24:34.552,9.962
2026-01-18 15:24:34.553,9.972
2026-01-18 15:24:34.553,9.981
2026-01-18 15:24:34.561,9.977
2026-01-18 15:24:34.577,9.974
2026-01-18 15:24:34.594,9.967
2026-01-18 15:24:34.595,9.981
2026-01-18 15:24:34.610,9.978
2026-01-18 15:24:34.627,9.976
2026-01-18 15:24:34.643,9.974
2026-01-18 15:24:34.644,9.971
2026-01-18 15:24:34.661,9.97
2026-01-18 15:24:34.676,9.966
2026-01-18 15:24:34.694,9.969
2026-01-18 15:24:34.694,9.972
2026-01-18 15:24:34.710,9.976
2026-01-18 15:24:34.727,9.971
2026-01-18 15:24:34.728,9.966
2026-01-18 15:24:34.743,9.963
2026-01-18 15:24:34.761,9.965
2026-01-18 15:24:34.776,9.965
2026-01-18 15:24:34.777,9.977
2026-01-18 15:24:34.794,9.972
2026-01-18 15:24:34.810,9.968
2026-01-18 15:24:34.811,9.969
2026-01-18 15:24:34.828,9.964
2026-01-18 15:24:34.844,9.959
2026-01-18 15:24:34.859,9.957
2026-01-18 15:24:34.861,9.958
2026-01-18 15:24:34.877,9.958
2026-01-18 15:24:34.894,9.957
2026-01-18 15:24:34.895,9.956
2026-01-18 15:24:34.910,9.96
2026-01-18 15:24:34.927,9.952
2026-01-18 15:24:34.943,9.951
2026-01-18 15:24:34.944,9.947
2026-01-18 15:24:34.960,9.943
2026-01-18 15:24:34.976,9.944
2026-01-18 15:24:34.993,9.956
2026-01-18 15:24:34.994,9.961
2026-01-18 15:24:35.009,9.959
2026-01-18 15:24:35.028,9.97
2026-01-18 15:24:35.028,9.971
2026-01-18 15:24:35.043,9.975
2026-01-18 15:24:35.060,9.971
2026-01-18 15:24:35.077,9.968
2026-01-18 15:24:35.077,9.984
2026-01-18 15:24:35.093,9.978
2026-01-18 15:24:35.110,9.979
2026-01-18 15:24:35.111,9.981
2026-01-18 15:24:35.126,9.982
2026-01-18 15:24:35.143,9.989
2026-01-18 15:24:35.159,9.981
2026-01-18 15:24:35.160,9.98
2026-01-18 15:24:35.177,9.973
2026-01-18 15:24:35.193,9.974
2026-01-18 15:24:35.210,9.968
2026-01-18 15:24:35.210,9.97
2026-01-18 15:24:35.226,9.968
2026-01-18 15:24:35.243,9.966
2026-01-18 15:24:35.244,9.966
2026-01-18 15:24:35.260,9.964
2026-01-18 15:24:35.277,9.957
2026-01-18 15:24:35.294,9.96
2026-01-18 15:24:35.294,9.965
2026-01-18 15:24:35.313,9.964
2026-01-18 15:24:35.326,9.966
2026-01-18 15:24:35.326,9.96
2026-01-18 15:24:35.344,9.957
2026-01-18 15:24:35.360,9.954
2026-01-18 15:24:35.377,9.957
2026-01-18 15:24:35.377,9.956
2026-01-18 15:24:35.400,9.957
2026-01-18 15:24:35.401,9.956
2026-01-18 15:24:35.411,9.953
2026-01-18 15:24:35.425,9.958
2026-01-18 15:24:35.460,9.958
2026-01-18 15:24:35.460,9.961
2026-01-18 15:24:35.478,9.958
2026-01-18 15:24:35.493,9.957
2026-01-18 15:24:35.510,9.964
2026-01-18 15:24:35.510,9.965
2026-01-18 15:24:35.526,9.963
2026-01-18 15:24:35.544,9.966
2026-01-18 15:24:35.559,9.965
2026-01-18 15:24:35.577,9.961
2026-01-18 15:24:35.578,9.966
2026-01-18 15:24:35.592,9.97
2026-01-18 15:24:35.610,9.964
2026-01-18 15:24:35.626,9.964
2026-01-18 15:24:35.626,9.962
2026-01-18 15:24:35.644,9.96
2026-01-18 15:24:35.660,9.964
2026-01-18 15:24:35.676,9.966
2026-01-18 15:24:35.676,9.965
2026-01-18 15:24:35.693,9.967
2026-01-18 15:24:35.710,9.97
2026-01-18 15:24:35.710,9.965
2026-01-18 15:24:35.726,9.969
2026-01-18 15:24:35.744,9.978
2026-01-18 15:24:35.761,9.972
2026-01-18 15:24:35.761,9.975
2026-01-18 15:24:35.776,9.976
2026-01-18 15:24:35.794,9.973
2026-01-18 15:24:35.794,9.987
2026-01-18 15:24:35.810,9.98
2026-01-18 15:24:35.827,9.971
2026-01-18 15:24:35.843,9.967
2026-01-18 15:24:35.844,9.965
2026-01-18 15:24:35.860,9.965
2026-01-18 15:24:35.877,9.97
2026-01-18 15:24:35.893,9.967
2026-01-18 15:24:35.893,9.964
2026-01-18 15:24:35.928,9.965
2026-01-18 15:24:35.929,9.974
2026-01-18 15:24:35.929,9.967
2026-01-18 15:24:35.959,9.969
2026-01-18 15:24:35.959,9.966
2026-01-18 15:24:35.976,9.965
2026-01-18 15:24:35.976,9.959
2026-01-18 15:24:35.992,9.963
2026-01-18 15:24:36.008,9.963
2026-01-18 15:24:36.026,9.957
2026-01-18 15:24:36.026,9.953
2026-01-18 15:24:36.043,9.953
2026-01-18 15:24:36.059,9.953
2026-01-18 15:24:36.060,9.953
2026-01-18 15:24:36.076,9.966
2026-01-18 15:24:36.092,9.964
2026-01-18 15:24:36.110,9.96
2026-01-18 15:24:36.110,9.958
2026-01-18 15:24:36.126,9.96
2026-01-18 15:24:36.142,9.958
2026-01-18 15:24:36.143,9.956
2026-01-18 15:24:36.159,9.967
2026-01-18 15:24:36.177,9.965
2026-01-18 15:24:36.193,9.963
2026-01-18 15:24:36.193,9.962
2026-01-18 15:24:36.209,9.958
2026-01-18 15:24:36.227,9.956
2026-01-18 15:24:36.227,9.962
2026-01-18 15:24:36.242,9.965
2026-01-18 15:24:36.259,9.964
2026-01-18 15:24:36.276,9.96
2026-01-18 15:24:36.278,9.963
2026-01-18 15:24:36.293,9.972
2026-01-18 15:24:36.309,9.971
2026-01-18 15:24:36.326,9.969
2026-01-18 15:24:36.326,9.975
2026-01-18 15:24:36.342,9.983
2026-01-18 15:24:36.360,9.986
2026-01-18 15:24:36.360,9.987
2026-01-18 15:24:36.376,9.978
2026-01-18 15:24:36.392,9.983
2026-01-18 15:24:36.412,9.989
2026-01-18 15:24:36.413,9.987
2026-01-18 15:24:36.426,9.99
2026-01-18 15:24:36.441,9.992
2026-01-18 15:24:36.442,9.99
2026-01-18 15:24:36.458,10.001
2026-01-18 15:24:36.475,9.995
2026-01-18 15:24:36.493,9.996
2026-01-18 15:24:36.493,9.993
2026-01-18 15:24:36.509,9.989
2026-01-18 15:24:36.524,9.989
2026-01-18 15:24:36.542,9.99
2026-01-18 15:24:36.543,9.986
2026-01-18 15:24:36.559,9.982
2026-01-18 15:24:36.576,9.984
2026-01-18 15:24:36.577,9.984
2026-01-18 15:24:36.592,9.991
2026-01-18 15:24:36.609,9.986
2026-01-18 15:24:36.610,9.983
2026-01-18 15:24:36.626,9.987
2026-01-18 15:24:36.643,9.994
2026-01-18 15:24:36.659,9.992
2026-01-18 15:24:36.659,9.992
2026-01-18 15:24:36.675,9.993
2026-01-18 15:24:36.694,9.996
2026-01-18 15:24:36.695,10.003
2026-01-18 15:24:36.709,9.996
2026-01-18 15:24:36.727,9.989
2026-01-18 15:24:36.742,9.996
2026-01-18 15:24:36.743,9.991
2026-01-18 15:24:36.760,9.989
2026-01-18 15:24:36.776,9.989
2026-01-18 15:24:36.793,9.985
2026-01-18 15:24:36.793,9.986
2026-01-18 15:24:36.810,9.985
2026-01-18 15:24:36.826,9.983
2026-01-18 15:24:36.827,9.982
2026-01-18 15:24:36.844,9.992
2026-01-18 15:24:36.860,9.988
2026-01-18 15:24:36.877,9.984
2026-01-18 15:24:36.877,9.977
2026-01-18 15:24:36.893,9.984
2026-01-18 15:24:36.910,9.979
2026-01-18 15:24:36.910,9.98
2026-01-18 15:24:36.926,9.976
2026-01-18 15:24:36.944,9.97
2026-01-18 15:24:36.959,9.976
2026-01-18 15:24:36.960,9.977
2026-01-18 15:24:36.976,9.976
2026-01-18 15:24:36.995,9.969
2026-01-18 15:24:36.996,9.973
2026-01-18 15:24:37.009,9.979
2026-01-18 15:24:37.025,9.971
2026-01-18 15:24:37.043,9.971
2026-01-18 15:24:37.043,9.969
2026-01-18 15:24:37.060,9.98
2026-01-18 15:24:37.077,9.978
2026-01-18 15:24:37.092,9.981
2026-01-18 15:24:37.093,9.978
2026-01-18 15:24:37.110,9.983
2026-01-18 15:24:37.126,9.98
2026-01-18 15:24:37.127,9.978
2026-01-18 15:24:37.143,9.98
2026-01-18 15:24:37.159,9.98
2026-01-18 15:24:37.175,9.977
2026-01-18 15:24:37.176,9.988
2026-01-18 15:24:37.194,9.983
2026-01-18 15:24:37.209,9.989
2026-01-18 15:24:37.226,9.986
2026-01-18 15:24:37.227,9.984
2026-01-18 15:24:37.243,9.993
2026-01-18 15:24:37.259,9.992
2026-01-18 15:24:37.259,9.992
2026-01-18 15:24:37.303,9.986
2026-01-18 15:24:37.304,9.985
2026-01-18 15:24:37.304,9.995
2026-01-18 15:24:37.312,9.985
2026-01-18 15:24:37.325,9.984
2026-01-18 15:24:37.342,9.987
2026-01-18 15:24:37.343,9.987
2026-01-18 15:24:37.360,9.998
2026-01-18 15:24:37.377,9.994
2026-01-18 15:24:37.392,10.0
2026-01-18 15:24:37.392,9.996
2026-01-18 15:24:37.415,9.99
2026-01-18 15:24:37.442,9.981
2026-01-18 15:24:37.443,9.977
2026-01-18 15:24:37.460,9.97
2026-01-18 15:24:37.476,9.968
2026-01-18 15:24:37.477,9.972
2026-01-18 15:24:37.492,9.97
2026-01-18 15:24:37.509,9.971
2026-01-18 15:24:37.526,9.97
2026-01-18 15:24:37.526,9.973
2026-01-18 15:24:37.543,9.982
2026-01-18 15:24:37.560,9.977
2026-01-18 15:24:37.561,9.975
2026-01-18 15:24:37.593,9.974
2026-01-18 15:24:37.610,9.98
2026-01-18 15:24:37.610,9.977
2026-01-18 15:24:37.626,9.973
2026-01-18 15:24:37.643,9.971
2026-01-18 15:24:37.644,9.967
2026-01-18 15:24:37.676,9.964
2026-01-18 15:24:37.693,9.97
2026-01-18 15:24:37.694,9.974
2026-01-18 15:24:37.709,9.977
2026-01-18 15:24:37.725,9.982
2026-01-18 15:24:37.742,9.985
2026-01-18 15:24:37.742,9.987
2026-01-18 15:24:37.759,9.987
2026-01-18 15:24:37.776,9.989
2026-01-18 15:24:37.776,9.99
2026-01-18 15:24:37.792,9.992
2026-01-18 15:24:37.807,9.99
2026-01-18 15:24:37.825,9.992
2026-01-18 15:24:37.825,9.991
2026-01-18 15:24:37.841,9.996
2026-01-18 15:24:37.858,9.988
2026-01-18 15:24:37.858,9.979
2026-01-18 15:24:37.876,9.974
2026-01-18 15:24:37.894,9.975
2026-01-18 15:24:37.910,9.973
2026-01-18 15:24:37.910,9.971
2026-01-18 15:24:37.927,9.969
2026-01-18 15:24:37.944,9.964
2026-01-18 15:24:37.944,9.959
2026-01-18 15:24:37.960,9.964
2026-01-18 15:24:37.976,9.968
2026-01-18 15:24:37.993,9.963
2026-01-18 15:24:37.993,9.973
2026-01-18 15:24:38.009,9.97
2026-01-18 15:24:38.026,9.966
2026-01-18 15:24:38.027,9.964
2026-01-18 15:24:38.042,9.968
2026-01-18 15:24:38.060,9.964
2026-01-18 15:24:38.077,9.961
2026-01-18 15:24:38.077,9.979
2026-01-18 15:24:38.092,9.972
2026-01-18 15:24:38.109,9.977
2026-01-18 15:24:38.111,9.976
2026-01-18 15:24:38.126,9.98
2026-01-18 15:24:38.143,9.988
2026-01-18 15:24:38.159,9.982
2026-01-18 15:24:38.160,9.98
2026-01-18 15:24:38.175,9.977
2026-01-18 15:24:38.193,9.973
2026-01-18 15:24:38.209,9.987
2026-01-18 15:24:38.209,9.988
2026-01-18 15:24:38.226,9.996
2026-01-18 15:24:38.243,9.994
2026-01-18 15:24:38.244,9.987
2026-01-18 15:24:38.259,9.995
2026-01-18 15:24:38.275,9.985
2026-01-18 15:24:38.292,9.985
2026-01-18 15:24:38.293,9.998
2026-01-18 15:24:38.309,9.993
2026-01-18 15:24:38.326,9.995
2026-01-18 15:24:38.326,9.994
2026-01-18 15:24:38.342,9.988
2026-01-18 15:24:38.358,9.984
2026-01-18 15:24:38.376,9.98
2026-01-18 15:24:38.377,9.976
2026-01-18 15:24:38.394,9.969
2026-01-18 15:24:38.415,9.962
2026-01-18 15:24:38.415,9.978
2026-01-18 15:24:38.425,9.978
2026-01-18 15:24:38.443,9.975
2026-01-18 15:24:38.459,9.969
2026-01-18 15:24:38.459,9.968
2026-01-18 15:24:38.477,9.971
2026-01-18 15:24:38.493,9.971
2026-01-18 15:24:38.510,9.981
2026-01-18 15:24:38.510,9.981
2026-01-18 15:24:38.526,9.976
2026-01-18 15:24:38.543,9.974
2026-01-18 15:24:38.544,9.971
2026-01-18 15:24:38.560,9.972
2026-01-18 15:24:38.576,9.974
2026-01-18 15:24:38.593,9.972
2026-01-18 15:24:38.593,9.968
2026-01-18 15:24:38.609,9.972
2026-01-18 15:24:38.627,9.969
2026-01-18 15:24:38.642,9.976
2026-01-18 15:24:38.691,9.978
2026-01-18 15:24:38.692,9.973
2026-01-18 15:24:38.692,9.983
2026-01-18 15:24:38.692,9.975
2026-01-18 15:24:38.700,9.972
2026-01-18 15:24:38.711,9.965
2026-01-18 15:24:38.727,9.965
2026-01-18 15:24:38.743,9.975
2026-01-18 15:24:38.759,9.977
2026-01-18 15:24:38.759,9.981
2026-01-18 15:24:38.775,9.975
2026-01-18 15:24:38.793,9.973
2026-01-18 15:24:38.795,9.969
2026-01-18 15:24:38.809,9.968
2026-01-18 15:24:38.827,9.969
2026-01-18 15:24:38.842,9.972
2026-01-18 15:24:38.842,9.974
2026-01-18 15:24:38.859,9.975
2026-01-18 15:24:38.876,9.974
2026-01-18 15:24:38.894,9.973
2026-01-18 15:24:38.894,9.968
2026-01-18 15:24:38.911,9.966
2026-01-18 15:24:38.926,9.963
2026-01-18 15:24:38.943,9.967
2026-01-18 15:24:38.943,9.97
2026-01-18 15:24:38.960,9.965
2026-01-18 15:24:38.976,9.966
2026-01-18 15:24:38.977,9.965
2026-01-18 15:24:38.993,9.962
2026-01-18 15:24:39.009,9.965
2026-01-18 15:24:39.025,9.967
2026-01-18 15:24:39.025,9.966
2026-01-18 15:24:39.044,9.972
2026-01-18 15:24:39.060,9.967
2026-01-18 15:24:39.061,9.962
2026-01-18 15:24:39.076,9.961
2026-01-18 15:24:39.093,9.965
2026-01-18 15:24:39.109,9.971
2026-01-18 15:24:39.110,9.971
2026-01-18 15:24:39.126,9.969
2026-01-18 15:24:39.143,9.965
2026-01-18 15:24:39.143,9.965
2026-01-18 15:24:39.160,9.963
2026-01-18 15:24:39.175,9.961
2026-01-18 15:24:39.192,9.963
2026-01-18 15:24:39.192,9.971
2026-01-18 15:24:39.208,9.968
2026-01-18 15:24:39.226,9.967
2026-01-18 15:24:39.229,9.966
2026-01-18 15:24:39.242,9.962
2026-01-18 15:24:39.260,9.96
2026-01-18 15:24:39.276,9.964
2026-01-18 15:24:39.276,9.972
2026-01-18 15:24:39.293,9.966
2026-01-18 15:24:39.309,9.964
2026-01-18 15:24:39.326,9.964
2026-01-18 15:24:39.326,9.96
2026-01-18 15:24:39.343,9.957
2026-01-18 15:24:39.359,9.957
2026-01-18 15:24:39.360,9.955
2026-01-18 15:24:39.375,9.957
2026-01-18 15:24:39.393,9.961
2026-01-18 15:24:39.409,9.959
2026-01-18 15:24:39.409,9.956
2026-01-18 15:24:39.431,9.955
2026-01-18 15:24:39.432,9.955
2026-01-18 15:24:39.443,9.953
2026-01-18 15:24:39.458,9.954
2026-01-18 15:24:39.475,9.962
2026-01-18 15:24:39.492,9.959
2026-01-18 15:24:39.492,9.958
2026-01-18 15:24:39.508,9.957
2026-01-18 15:24:39.526,9.955
2026-01-18 15:24:39.542,9.952
2026-01-18 15:24:39.559,9.954
2026-01-18 15:24:39.576,9.953
2026-01-18 15:24:39.576,9.966
2026-01-18 15:24:39.592,9.961
2026-01-18 15:24:39.608,9.961
2026-01-18 15:24:39.626,9.965
2026-01-18 15:24:39.626,9.965
2026-01-18 15:24:39.642,9.972
2026-01-18 15:24:39.659,9.97
2026-01-18 15:24:39.659,9.968
2026-01-18 15:24:39.676,9.976
2026-01-18 15:24:39.693,9.977
2026-01-18 15:24:39.709,9.977
2026-01-18 15:24:39.709,9.974
2026-01-18 15:24:39.726,9.969
2026-01-18 15:24:39.741,9.964
2026-01-18 15:24:39.742,9.958
2026-01-18 15:24:39.759,9.967
2026-01-18 15:24:39.775,9.973
2026-01-18 15:24:39.792,9.975
2026-01-18 15:24:39.792,9.98
2026-01-18 15:24:39.809,9.972
2026-01-18 15:24:39.825,9.97
2026-01-18 15:24:39.842,9.967
2026-01-18 15:24:39.842,9.964
2026-01-18 15:24:39.858,9.959
2026-01-18 15:24:39.875,9.966
2026-01-18 15:24:39.875,9.965
2026-01-18 15:24:39.892,9.976
2026-01-18 15:24:39.908,9.982
2026-01-18 15:24:39.926,9.975
2026-01-18 15:24:39.927,9.971
2026-01-18 15:24:39.942,9.983
2026-01-18 15:24:39.960,9.977
2026-01-18 15:24:39.961,9.977
2026-01-18 15:24:39.975,9.97
2026-01-18 15:24:39.995,9.967
2026-01-18 15:24:39.995,9.97
2026-01-18 15:24:40.022,9.978
2026-01-18 15:24:40.024,9.975
2026-01-18 15:24:40.033,9.97
2026-01-18 15:24:40.044,9.967
2026-01-18 15:24:40.062,9.965
2026-01-18 15:24:40.077,9.962
2026-01-18 15:24:40.094,9.958
2026-01-18 15:24:40.094,9.965
2026-01-18 15:24:40.111,9.962
2026-01-18 15:24:40.127,9.962
2026-01-18 15:24:40.127,9.967
2026-01-18 15:24:40.144,9.97
2026-01-18 15:24:40.162,9.964
2026-01-18 15:24:40.177,9.962
2026-01-18 15:24:40.178,9.959
2026-01-18 15:24:40.194,9.962
2026-01-18 15:24:40.209,9.962
2026-01-18 15:24:40.228,9.963
2026-01-18 15:24:40.228,9.961
2026-01-18 15:24:40.244,9.957
2026-01-18 15:24:40.261,9.956
2026-01-18 15:24:40.262,9.962
2026-01-18 15:24:40.276,9.957
2026-01-18 15:24:40.294,9.959
2026-01-18 15:24:40.295,9.96
2026-01-18 15:24:40.310,9.963
2026-01-18 15:24:40.327,9.962
2026-01-18 15:24:40.342,9.962
2026-01-18 15:24:40.343,9.97
2026-01-18 15:24:40.359,9.968
2026-01-18 15:24:40.375,9.964
2026-01-18 15:24:40.393,9.967
2026-01-18 15:24:40.393,9.961
2026-01-18 15:24:40.416,9.958
2026-01-18 15:24:40.417,9.973
2026-01-18 15:24:40.427,9.97
2026-01-18 15:24:40.443,9.97
2026-01-18 15:24:40.460,9.967
2026-01-18 15:24:40.476,9.964
2026-01-18 15:24:40.478,9.979
2026-01-18 15:24:40.492,9.979
2026-01-18 15:24:40.509,9.983
2026-01-18 15:24:40.525,9.978
2026-01-18 15:24:40.525,9.974
2026-01-18 15:24:40.541,9.97
2026-01-18 15:24:40.558,9.967
2026-01-18 15:24:40.560,9.971
2026-01-18 15:24:40.574,9.973
2026-01-18 15:24:40.591,9.968
2026-01-18 15:24:40.608,9.966
2026-01-18 15:24:40.608,9.963
2026-01-18 15:24:40.624,9.962
2026-01-18 15:24:40.642,9.959
2026-01-18 15:24:40.643,9.959
2026-01-18 15:24:40.659,9.96
2026-01-18 15:24:40.676,9.958
2026-01-18 15:24:40.691,9.954
2026-01-18 15:24:40.692,9.953
2026-01-18 15:24:40.709,9.959
2026-01-18 15:24:40.726,9.966
2026-01-18 15:24:40.727,9.96
2026-01-18 15:24:40.742,9.963
2026-01-18 15:24:40.759,9.961
2026-01-18 15:24:40.775,9.961
2026-01-18 15:24:40.776,9.964
2026-01-18 15:24:40.793,9.966
2026-01-18 15:24:40.813,9.97
2026-01-18 15:24:40.813,9.979
2026-01-18 15:24:40.827,9.975
2026-01-18 15:24:40.843,9.97
2026-01-18 15:24:40.860,9.965
2026-01-18 15:24:40.860,9.962
2026-01-18 15:24:40.876,9.966
2026-01-18 15:24:40.894,9.966
2026-01-18 15:24:40.894,9.964
2026-01-18 15:24:40.911,9.968
2026-01-18 15:24:40.928,9.973
2026-01-18 15:24:40.944,9.975
2026-01-18 15:24:40.944,9.972
2026-01-18 15:24:40.959,9.967
2026-01-18 15:24:40.977,9.964
2026-01-18 15:24:40.992,9.968
2026-01-18 15:24:40.993,9.973
2026-01-18 15:24:41.009,9.972
2026-01-18 15:24:41.025,9.984
2026-01-18 15:24:41.042,9.978
2026-01-18 15:24:41.042,9.972
2026-01-18 15:24:41.058,9.969
2026-01-18 15:24:41.075,9.973
2026-01-18 15:24:41.076,9.977
2026-01-18 15:24:41.092,9.982
2026-01-18 15:24:41.112,9.983
2026-01-18 15:24:41.113,9.988
2026-01-18 15:24:41.125,9.983
2026-01-18 15:24:41.142,9.98
2026-01-18 15:24:41.158,9.978
2026-01-18 15:24:41.174,9.973
2026-01-18 15:24:41.175,9.969
2026-01-18 15:24:41.192,9.966
2026-01-18 15:24:41.208,9.978
2026-01-18 15:24:41.208,9.973
2026-01-18 15:24:41.226,9.97
2026-01-18 15:24:41.241,9.968
2026-01-18 15:24:41.258,9.965
2026-01-18 15:24:41.259,9.982
2026-01-18 15:24:41.275,9.977
2026-01-18 15:24:41.291,9.977
2026-01-18 15:24:41.291,9.971
2026-01-18 15:24:41.308,9.963
2026-01-18 15:24:41.324,9.979
2026-01-18 15:24:41.341,9.975
2026-01-18 15:24:41.359,9.97
2026-01-18 15:24:41.398,9.965
2026-01-18 15:24:41.398,9.968
2026-01-18 15:24:41.398,9.973
2026-01-18 15:24:41.398,9.973
2026-01-18 15:24:41.430,9.972
2026-01-18 15:24:41.431,9.968
2026-01-18 15:24:41.442,9.975
2026-01-18 15:24:41.459,9.966
2026-01-18 15:24:41.459,9.965
2026-01-18 15:24:41.476,9.959
2026-01-18 15:24:41.491,9.959
2026-01-18 15:24:41.508,9.973
2026-01-18 15:24:41.508,9.964
2026-01-18 15:24:41.525,9.968
2026-01-18 15:24:41.541,9.965
2026-01-18 15:24:41.558,9.961
2026-01-18 15:24:41.558,9.961
2026-01-18 15:24:41.574,9.96
2026-01-18 15:24:41.591,9.959
2026-01-18 15:24:41.591,9.955
2026-01-18 15:24:41.608,9.953
2026-01-18 15:24:41.624,9.954
2026-01-18 15:24:41.644,9.955
2026-01-18 15:24:41.645,9.954
2026-01-18 15:24:41.659,9.958
2026-01-18 15:24:41.676,9.958
2026-01-18 15:24:41.676,9.959
2026-01-18 15:24:41.693,9.958
2026-01-18 15:24:41.710,9.958
2026-01-18 15:24:41.711,9.957
2026-01-18 15:24:41.727,9.956
2026-01-18 15:24:41.743,9.954
2026-01-18 15:24:41.760,9.951
2026-01-18 15:24:41.776,9.951
2026-01-18 15:24:41.794,9.95
2026-01-18 15:24:41.795,9.957
2026-01-18 15:24:41.810,9.959
2026-01-18 15:24:41.827,9.958
2026-01-18 15:24:41.842,9.953
2026-01-18 15:24:41.843,9.952
2026-01-18 15:24:41.860,9.973
2026-01-18 15:24:41.877,9.968
2026-01-18 15:24:41.893,9.984
2026-01-18 15:24:41.894,9.977
2026-01-18 15:24:41.910,9.971
2026-01-18 15:24:41.926,9.966
2026-01-18 15:24:41.928,9.959
2026-01-18 15:24:41.942,9.954
2026-01-18 15:24:41.958,9.956
2026-01-18 15:24:41.976,9.951
2026-01-18 15:24:41.976,9.952
2026-01-18 15:24:41.993,9.951
2026-01-18 15:24:42.009,9.951
2026-01-18 15:24:42.026,9.952
2026-01-18 15:24:42.026,9.949
2026-01-18 15:24:42.042,9.952
2026-01-18 15:24:42.059,9.957
2026-01-18 15:24:42.059,9.956
2026-01-18 15:24:42.076,9.961
2026-01-18 15:24:42.093,9.959
2026-01-18 15:24:42.109,9.963
2026-01-18 15:24:42.109,9.964
2026-01-18 15:24:42.126,9.962
2026-01-18 15:24:42.141,9.962
2026-01-18 15:24:42.157,9.965
2026-01-18 15:24:42.157,9.974
2026-01-18 15:24:42.173,9.973
2026-01-18 15:24:42.192,9.976
2026-01-18 15:24:42.192,9.973
2026-01-18 15:24:42.208,9.976
2026-01-18 15:24:42.224,9.977
2026-01-18 15:24:42.241,9.979
2026-01-18 15:24:42.241,9.977
2026-01-18 15:24:42.258,9.979
2026-01-18 15:24:42.276,9.98
2026-01-18 15:24:42.276,9.978
2026-01-18 15:24:42.291,9.979
2026-01-18 15:24:42.308,9.981
2026-01-18 15:24:42.326,9.98
2026-01-18 15:24:42.326,9.981
2026-01-18 15:24:42.341,9.979
2026-01-18 15:24:42.358,9.979
2026-01-18 15:24:42.359,9.986
2026-01-18 15:24:42.375,9.985
2026-01-18 15:24:42.391,9.983
2026-01-18 15:24:42.408,9.981
2026-01-18 15:24:42.408,9.979
2026-01-18 15:24:42.430,9.978
2026-01-18 15:24:42.431,9.976
2026-01-18 15:24:42.443,9.976
2026-01-18 15:24:42.457,9.978
2026-01-18 15:24:42.475,9.976
2026-01-18 15:24:42.493,9.973
2026-01-18 15:24:42.493,9.97
2026-01-18 15:24:42.509,9.969
2026-01-18 15:24:42.526,9.977
2026-01-18 15:24:42.527,9.98
2026-01-18 15:24:42.544,9.978
2026-01-18 15:24:42.560,9.976
2026-01-18 15:24:42.576,9.973
2026-01-18 15:24:42.576,9.985
2026-01-18 15:24:42.593,9.982
2026-01-18 15:24:42.610,9.979
2026-01-18 15:24:42.627,9.979
2026-01-18 15:24:42.627,9.982
2026-01-18 15:24:42.641,9.99
2026-01-18 15:24:42.658,9.993
2026-01-18 15:24:42.674,9.996
2026-01-18 15:24:42.675,9.998
2026-01-18 15:24:42.691,9.999
2026-01-18 15:24:42.708,10.0
2026-01-18 15:24:42.708,9.998
2026-01-18 15:24:42.749,9.997
2026-01-18 15:24:42.749,9.996
2026-01-18 15:24:42.750,9.995
2026-01-18 15:24:42.757,9.997
2026-01-18 15:24:42.774,10.009
2026-01-18 15:24:42.791,10.007
2026-01-18 15:24:42.792,9.997
2026-01-18 15:24:42.808,9.988
2026-01-18 15:24:42.824,9.987
2026-01-18 15:24:42.841,9.983
2026-01-18 15:24:42.842,9.977
2026-01-18 15:24:42.857,9.972
2026-01-18 15:24:42.875,9.967
2026-01-18 15:24:42.875,9.965
2026-01-18 15:24:42.890,9.964
2026-01-18 15:24:42.907,9.962
2026-01-18 15:24:42.924,9.958
2026-01-18 15:24:42.924,9.953
2026-01-18 15:24:42.941,9.955
2026-01-18 15:24:42.957,9.955
2026-01-18 15:24:42.974,9.955
2026-01-18 15:24:42.974,9.954
2026-01-18 15:24:42.990,9.954
2026-01-18 15:24:43.007,9.963
2026-01-18 15:24:43.007,9.962
2026-01-18 15:24:43.024,9.964
2026-01-18 15:24:43.040,9.961
2026-01-18 15:24:43.058,9.966
2026-01-18 15:24:43.058,9.971
2026-01-18 15:24:43.074,9.966
2026-01-18 15:24:43.090,9.967
2026-01-18 15:24:43.091,9.967
2026-01-18 15:24:43.107,9.963
2026-01-18 15:24:43.123,9.961
2026-01-18 15:24:43.141,9.96
2026-01-18 15:24:43.142,9.959
2026-01-18 15:24:43.157,9.966
2026-01-18 15:24:43.174,9.963
2026-01-18 15:24:43.175,9.963
2026-01-18 15:24:43.191,9.962
2026-01-18 15:24:43.208,9.961
2026-01-18 15:24:43.224,9.967
2026-01-18 15:24:43.224,9.971
2026-01-18 15:24:43.240,9.981
2026-01-18 15:24:43.257,9.972
2026-01-18 15:24:43.274,9.97
2026-01-18 15:24:43.275,9.965
2026-01-18 15:24:43.290,9.973
2026-01-18 15:24:43.309,9.981
2026-01-18 15:24:43.309,9.977
2026-01-18 15:24:43.326,9.97
2026-01-18 15:24:43.341,9.966
2026-01-18 15:24:43.357,9.969
2026-01-18 15:24:43.358,9.964
2026-01-18 15:24:43.375,9.962
2026-01-18 15:24:43.393,9.957
2026-01-18 15:24:43.393,9.957
2026-01-18 15:24:43.409,9.961
2026-01-18 15:24:43.426,9.963
2026-01-18 15:24:43.426,9.961
2026-01-18 15:24:43.448,9.959
2026-01-18 15:24:43.458,9.961
2026-01-18 15:24:43.477,9.959
2026-01-18 15:24:43.477,9.961
2026-01-18 15:24:43.492,9.962
2026-01-18 15:24:43.510,9.964
2026-01-18 15:24:43.526,9.964
2026-01-18 15:24:43.527,9.962
2026-01-18 15:24:43.544,9.965
2026-01-18 15:24:43.560,9.972
2026-01-18 15:24:43.560,9.976
2026-01-18 15:24:43.577,9.975
2026-01-18 15:24:43.594,9.97
2026-01-18 15:24:43.595,9.967
2026-01-18 15:24:43.610,9.963
2026-01-18 15:24:43.626,9.96
2026-01-18 15:24:43.644,9.962
2026-01-18 15:24:43.644,9.97
2026-01-18 15:24:43.660,9.978
2026-01-18 15:24:43.677,9.974
2026-01-18 15:24:43.695,9.97
2026-01-18 15:24:43.696,9.975
2026-01-18 15:24:43.710,9.971
2026-01-18 15:24:43.727,9.969
2026-01-18 15:24:43.727,9.966
2026-01-18 15:24:43.743,9.97
2026-01-18 15:24:43.759,9.964
2026-01-18 15:24:43.777,9.959
2026-01-18 15:24:43.777,9.955
2026-01-18 15:24:43.793,9.953
2026-01-18 15:24:43.808,9.958
2026-01-18 15:24:43.825,9.965
2026-01-18 15:24:43.825,9.969
2026-01-18 15:24:43.841,9.968
2026-01-18 15:24:43.857,9.964
2026-01-18 15:24:43.858,9.96
2026-01-18 15:24:43.875,9.959
2026-01-18 15:24:43.891,9.957
2026-01-18 15:24:43.907,9.962
2026-01-18 15:24:43.908,9.965
2026-01-18 15:24:43.924,9.962
2026-01-18 15:24:43.940,9.956
2026-01-18 15:24:43.957,9.955
2026-01-18 15:24:43.958,9.971
2026-01-18 15:24:43.975,9.967
2026-01-18 15:24:43.991,9.964
2026-01-18 15:24:43.992,9.961
2026-01-18 15:24:44.007,9.964
2026-01-18 15:24:44.025,9.963
2026-01-18 15:24:44.042,9.965
2026-01-18 15:24:44.043,9.964
2026-01-18 15:24:44.058,9.96
2026-01-18 15:24:44.075,9.959
2026-01-18 15:24:44.076,9.957
2026-01-18 15:24:44.116,9.957
2026-01-18 15:24:44.117,9.959
2026-01-18 15:24:44.117,9.957
2026-01-18 15:24:44.124,9.953
2026-01-18 15:24:44.142,9.958
2026-01-18 15:24:44.160,9.955
2026-01-18 15:24:44.160,9.959
2026-01-18 15:24:44.177,9.961
2026-01-18 15:24:44.194,9.96
2026-01-18 15:24:44.195,9.961
2026-01-18 15:24:44.210,9.961
2026-01-18 15:24:44.227,9.957
2026-01-18 15:24:44.244,9.954
2026-01-18 15:24:44.244,9.952
2026-01-18 15:24:44.260,9.949
2026-01-18 15:24:44.276,9.953
2026-01-18 15:24:44.293,9.958
2026-01-18 15:24:44.293,9.962
2026-01-18 15:24:44.311,9.961
2026-01-18 15:24:44.325,9.963
2026-01-18 15:24:44.340,9.967
2026-01-18 15:24:44.340,9.965
2026-01-18 15:24:44.358,9.965
2026-01-18 15:24:44.376,9.968
2026-01-18 15:24:44.377,9.984
2026-01-18 15:24:44.392,9.98
2026-01-18 15:24:44.409,9.971
2026-01-18 15:24:44.431,9.964
2026-01-18 15:24:44.432,9.959
2026-01-18 15:24:44.441,9.959
2026-01-18 15:24:44.459,9.96
2026-01-18 15:24:44.459,9.956
2026-01-18 15:24:44.475,9.956
2026-01-18 15:24:44.493,9.957
2026-01-18 15:24:44.496,9.964
2026-01-18 15:24:44.507,9.968
2026-01-18 15:24:44.525,9.963
2026-01-18 15:24:44.542,9.965
2026-01-18 15:24:44.542,9.968
2026-01-18 15:24:44.558,9.967
2026-01-18 15:24:44.575,9.97
2026-01-18 15:24:44.593,9.973
2026-01-18 15:24:44.594,9.965
2026-01-18 15:24:44.608,9.961
2026-01-18 15:24:44.625,9.973
2026-01-18 15:24:44.642,9.97
2026-01-18 15:24:44.642,9.977
2026-01-18 15:24:44.659,9.975
2026-01-18 15:24:44.676,9.971
2026-01-18 15:24:44.676,9.986
2026-01-18 15:24:44.692,9.979
2026-01-18 15:24:44.708,9.973
2026-01-18 15:24:44.725,9.97
2026-01-18 15:24:44.725,9.97
2026-01-18 15:24:44.742,9.971
2026-01-18 15:24:44.759,9.969
2026-01-18 15:24:44.759,9.962
2026-01-18 15:24:44.774,9.96
2026-01-18 15:24:44.792,9.96
2026-01-18 15:24:44.808,9.958
2026-01-18 15:24:44.809,9.96
2026-01-18 15:24:44.825,9.958
2026-01-18 15:24:44.842,9.954
2026-01-18 15:24:44.843,9.954
2026-01-18 15:24:44.858,9.957
2026-01-18 15:24:44.874,9.955
2026-01-18 15:24:44.891,9.958
2026-01-18 15:24:44.891,9.957
2026-01-18 15:24:44.909,9.953
2026-01-18 15:24:44.925,9.959
2026-01-18 15:24:44.942,9.972
2026-01-18 15:24:44.942,9.972
2026-01-18 15:24:44.957,9.964
2026-01-18 15:24:44.975,9.96
2026-01-18 15:24:44.975,9.964
2026-01-18 15:24:44.991,9.962
2026-01-18 15:24:45.007,9.959
2026-01-18 15:24:45.024,9.951
2026-01-18 15:24:45.025,9.944
2026-01-18 15:24:45.041,9.945
2026-01-18 15:24:45.058,9.945
2026-01-18 15:24:45.058,9.951
2026-01-18 15:24:45.074,9.953
2026-01-18 15:24:45.091,9.952
2026-01-18 15:24:45.107,9.961
2026-01-18 15:24:45.107,9.962
2026-01-18 15:24:45.125,9.964
2026-01-18 15:24:45.141,9.962
2026-01-18 15:24:45.142,9.967
2026-01-18 15:24:45.158,9.985
2026-01-18 15:24:45.176,9.98
2026-01-18 15:24:45.191,9.979
2026-01-18 15:24:45.192,9.973
2026-01-18 15:24:45.209,9.97
2026-01-18 15:24:45.225,9.973
2026-01-18 15:24:45.242,9.966
2026-01-18 15:24:45.242,9.965
2026-01-18 15:24:45.258,9.96
2026-01-18 15:24:45.275,9.962
2026-01-18 15:24:45.275,9.966
2026-01-18 15:24:45.292,9.965
2026-01-18 15:24:45.309,9.963
2026-01-18 15:24:45.326,9.959
2026-01-18 15:24:45.327,9.951
2026-01-18 15:24:45.341,9.964
2026-01-18 15:24:45.358,9.96
2026-01-18 15:24:45.358,9.955
2026-01-18 15:24:45.376,9.951
2026-01-18 15:24:45.392,9.953
2026-01-18 15:24:45.408,9.963
2026-01-18 15:24:45.408,9.961
2026-01-18 15:24:45.432,9.956
2026-01-18 15:24:45.432,9.954
2026-01-18 15:24:45.494,9.955
2026-01-18 15:24:45.495,9.962
2026-01-18 15:24:45.495,9.961
2026-01-18 15:24:45.496,9.957
2026-01-18 15:24:45.496,9.961
2026-01-18 15:24:45.502,9.965
2026-01-18 15:24:45.524,9.972
2026-01-18 15:24:45.540,9.97
2026-01-18 15:24:45.540,9.969
2026-01-18 15:24:45.559,9.961
2026-01-18 15:24:45.574,9.961
2026-01-18 15:24:45.575,9.974
2026-01-18 15:24:45.592,9.969
2026-01-18 15:24:45.609,9.969
2026-01-18 15:24:45.610,9.965
2026-01-18 15:24:45.624,9.968
2026-01-18 15:24:45.642,9.965
2026-01-18 15:24:45.659,9.974
2026-01-18 15:24:45.659,9.969
2026-01-18 15:24:45.675,9.972
2026-01-18 15:24:45.692,9.97
2026-01-18 15:24:45.708,9.97
2026-01-18 15:24:45.709,9.974
2026-01-18 15:24:45.724,9.975
2026-01-18 15:24:45.742,9.978
2026-01-18 15:24:45.742,9.968
2026-01-18 15:24:45.758,9.983
2026-01-18 15:24:45.775,9.977
2026-01-18 15:24:45.791,9.973
2026-01-18 15:24:45.792,9.972
2026-01-18 15:24:45.809,9.968
2026-01-18 15:24:45.825,9.964
2026-01-18 15:24:45.842,9.96
2026-01-18 15:24:45.842,9.965
2026-01-18 15:24:45.859,9.96
2026-01-18 15:24:45.875,9.955
2026-01-18 15:24:45.876,9.959
2026-01-18 15:24:45.892,9.955
2026-01-18 15:24:45.909,9.96
2026-01-18 15:24:45.924,9.961
2026-01-18 15:24:45.925,9.96
2026-01-18 15:24:45.940,9.964
2026-01-18 15:24:45.959,9.961
2026-01-18 15:24:45.960,9.955
2026-01-18 15:24:45.974,9.952
2026-01-18 15:24:45.992,9.951
2026-01-18 15:24:46.007,9.963
2026-01-18 15:24:46.007,9.956
2026-01-18 15:24:46.026,9.957
2026-01-18 15:24:46.041,9.96
2026-01-18 15:24:46.059,9.953
2026-01-18 15:24:46.059,9.972
2026-01-18 15:24:46.075,9.967
2026-01-18 15:24:46.092,9.963
2026-01-18 15:24:46.092,9.964
2026-01-18 15:24:46.107,9.963
2026-01-18 15:24:46.124,9.962
2026-01-18 15:24:46.144,9.958
2026-01-18 15:24:46.144,9.96
2026-01-18 15:24:46.157,9.955
2026-01-18 15:24:46.175,9.953
2026-01-18 15:24:46.175,9.96
2026-01-18 15:24:46.192,9.954
2026-01-18 15:24:46.209,9.953
2026-01-18 15:24:46.225,9.953
2026-01-18 15:24:46.225,9.958
2026-01-18 15:24:46.241,9.959
2026-01-18 15:24:46.258,9.955
2026-01-18 15:24:46.260,9.95
2026-01-18 15:24:46.274,9.95
2026-01-18 15:24:46.292,9.947
2026-01-18 15:24:46.308,9.951
2026-01-18 15:24:46.308,9.954
2026-01-18 15:24:46.325,9.95
2026-01-18 15:24:46.340,9.947
2026-01-18 15:24:46.359,9.946
2026-01-18 15:24:46.359,9.951
2026-01-18 15:24:46.374,9.949
2026-01-18 15:24:46.391,9.95
2026-01-18 15:24:46.392,9.948
2026-01-18 15:24:46.408,9.955
2026-01-18 15:24:46.425,9.953
2026-01-18 15:24:46.446,9.952
2026-01-18 15:24:46.446,9.954
2026-01-18 15:24:46.457,9.954
2026-01-18 15:24:46.475,9.946
2026-01-18 15:24:46.476,9.947
2026-01-18 15:24:46.490,9.947
2026-01-18 15:24:46.509,9.952
2026-01-18 15:24:46.524,9.956
2026-01-18 15:24:46.525,9.965
2026-01-18 15:24:46.541,9.978
2026-01-18 15:24:46.557,9.976
2026-01-18 15:24:46.580,9.981
2026-01-18 15:24:46.580,9.982
2026-01-18 15:24:46.593,9.974
2026-01-18 15:24:46.606,9.981
2026-01-18 15:24:46.608,9.974
2026-01-18 15:24:46.624,9.977
2026-01-18 15:24:46.642,9.975
2026-01-18 15:24:46.643,9.984
2026-01-18 15:24:46.659,9.979
2026-01-18 15:24:46.675,9.976
2026-01-18 15:24:46.692,9.973
2026-01-18 15:24:46.692,9.976
2026-01-18 15:24:46.708,9.967
2026-01-18 15:24:46.724,9.98
2026-01-18 15:24:46.741,9.97
2026-01-18 15:24:46.741,9.971
2026-01-18 15:24:46.758,9.97
2026-01-18 15:24:46.775,9.963
2026-01-18 15:24:46.775,9.974
2026-01-18 15:24:46.792,9.97
2026-01-18 15:24:46.809,9.965
2026-01-18 15:24:46.851,9.97
2026-01-18 15:24:46.852,9.972
2026-01-18 15:24:46.852,9.977
2026-01-18 15:24:46.853,9.971
2026-01-18 15:24:46.860,9.965
2026-01-18 15:24:46.874,9.968
2026-01-18 15:24:46.892,9.973
2026-01-18 15:24:46.908,9.98
2026-01-18 15:24:46.908,9.974
2026-01-18 15:24:46.925,9.973
2026-01-18 15:24:46.940,9.97
2026-01-18 15:24:46.957,9.97
2026-01-18 15:24:46.957,9.982
2026-01-18 15:24:46.975,9.971
2026-01-18 15:24:46.992,9.971
2026-01-18 15:24:46.992,9.968
2026-01-18 15:24:47.008,9.97
2026-01-18 15:24:47.024,9.98
2026-01-18 15:24:47.042,9.976
2026-01-18 15:24:47.042,9.975
2026-01-18 15:24:47.057,9.973
2026-01-18 15:24:47.074,9.967
2026-01-18 15:24:47.076,9.977
2026-01-18 15:24:47.091,9.981
2026-01-18 15:24:47.109,9.979
2026-01-18 15:24:47.125,9.975
2026-01-18 15:24:47.126,9.968
2026-01-18 15:24:47.140,9.972
2026-01-18 15:24:47.157,9.968
2026-01-18 15:24:47.174,9.966
2026-01-18 15:24:47.174,9.972
2026-01-18 15:24:47.190,9.974
2026-01-18 15:24:47.207,9.978
2026-01-18 15:24:47.208,9.97
2026-01-18 15:24:47.223,9.966
2026-01-18 15:24:47.240,9.968
2026-01-18 15:24:47.257,9.967
2026-01-18 15:24:47.258,9.965
2026-01-18 15:24:47.273,9.961
2026-01-18 15:24:47.290,9.954
2026-01-18 15:24:47.291,9.961
2026-01-18 15:24:47.307,9.958
2026-01-18 15:24:47.324,9.958
2026-01-18 15:24:47.340,9.954
2026-01-18 15:24:47.342,9.959
2026-01-18 15:24:47.358,9.955
2026-01-18 15:24:47.375,9.953
2026-01-18 15:24:47.375,9.964
2026-01-18 15:24:47.392,9.965
2026-01-18 15:24:47.409,9.965
2026-01-18 15:24:47.424,9.962
2026-01-18 15:24:47.424,9.964
2026-01-18 15:24:47.449,9.966
2026-01-18 15:24:47.449,9.963
2026-01-18 15:24:47.459,9.964
2026-01-18 15:24:47.474,9.96
2026-01-18 15:24:47.492,9.958
2026-01-18 15:24:47.507,9.965
2026-01-18 15:24:47.508,9.962
2026-01-18 15:24:47.525,9.97
2026-01-18 15:24:47.541,9.973
2026-01-18 15:24:47.542,9.971
2026-01-18 15:24:47.557,9.965
2026-01-18 15:24:47.574,9.969
2026-01-18 15:24:47.592,9.965
2026-01-18 15:24:47.593,9.961
2026-01-18 15:24:47.608,9.958
2026-01-18 15:24:47.625,9.971
2026-01-18 15:24:47.641,9.964
2026-01-18 15:24:47.642,9.965
2026-01-18 15:24:47.658,9.961
2026-01-18 15:24:47.673,9.96
2026-01-18 15:24:47.674,9.969
2026-01-18 15:24:47.692,9.966
2026-01-18 15:24:47.708,9.961
2026-01-18 15:24:47.724,9.961
2026-01-18 15:24:47.725,9.955
2026-01-18 15:24:47.742,9.957
2026-01-18 15:24:47.758,9.964
2026-01-18 15:24:47.759,9.962
2026-01-18 15:24:47.775,9.961
2026-01-18 15:24:47.791,9.956
2026-01-18 15:24:47.808,9.954
2026-01-18 15:24:47.808,9.959
2026-01-18 15:24:47.824,9.953
2026-01-18 15:24:47.841,9.954
2026-01-18 15:24:47.857,9.96
2026-01-18 15:24:47.858,9.96
2026-01-18 15:24:47.874,9.958
2026-01-18 15:24:47.892,9.952
2026-01-18 15:24:47.892,9.949
2026-01-18 15:24:47.908,9.951
2026-01-18 15:24:47.925,9.961
2026-01-18 15:24:47.941,9.96
2026-01-18 15:24:47.942,9.964
2026-01-18 15:24:47.958,9.958
2026-01-18 15:24:47.973,9.954
2026-01-18 15:24:47.974,9.965
2026-01-18 15:24:47.992,9.961
2026-01-18 15:24:48.009,9.956
2026-01-18 15:24:48.024,9.95
2026-01-18 15:24:48.024,9.947
2026-01-18 15:24:48.041,9.956
2026-01-18 15:24:48.058,9.953
2026-01-18 15:24:48.074,9.956
2026-01-18 15:24:48.092,9.951
2026-01-18 15:24:48.108,9.955
2026-01-18 15:24:48.108,9.959
2026-01-18 15:24:48.124,9.962
2026-01-18 15:24:48.142,9.96
2026-01-18 15:24:48.143,9.961
2026-01-18 15:24:48.158,9.962
2026-01-18 15:24:48.174,9.956
2026-01-18 15:24:48.193,9.956
2026-01-18 15:24:48.193,9.954
2026-01-18 15:24:48.225,9.954
2026-01-18 15:24:48.226,9.965
2026-01-18 15:24:48.226,9.961
2026-01-18 15:24:48.258,9.959
2026-01-18 15:24:48.258,9.956
2026-01-18 15:24:48.274,9.952
2026-01-18 15:24:48.275,9.964
2026-01-18 15:24:48.291,9.967
2026-01-18 15:24:48.309,9.967
2026-01-18 15:24:48.324,9.966
2026-01-18 15:24:48.324,9.964
2026-01-18 15:24:48.342,9.975
2026-01-18 15:24:48.359,9.969
2026-01-18 15:24:48.359,9.967
2026-01-18 15:24:48.376,9.961
2026-01-18 15:24:48.390,9.961
2026-01-18 15:24:48.408,9.968
2026-01-18 15:24:48.408,9.966
2026-01-18 15:24:48.424,9.962
2026-01-18 15:24:48.449,9.962
2026-01-18 15:24:48.449,9.958
2026-01-18 15:24:48.458,9.96
2026-01-18 15:24:48.474,9.957
2026-01-18 15:24:48.492,9.954
2026-01-18 15:24:48.493,9.957
2026-01-18 15:24:48.508,9.952
2026-01-18 15:24:48.524,9.956
2026-01-18 15:24:48.541,9.953
2026-01-18 15:24:48.542,9.963
2026-01-18 15:24:48.558,9.959
2026-01-18 15:24:48.574,9.96
2026-01-18 15:24:48.575,9.965
2026-01-18 15:24:48.592,9.967
2026-01-18 15:24:48.607,9.964
2026-01-18 15:24:48.625,9.957
2026-01-18 15:24:48.625,9.955
2026-01-18 15:24:48.641,9.965
2026-01-18 15:24:48.660,9.96
2026-01-18 15:24:48.662,9.954
2026-01-18 15:24:48.675,9.95
2026-01-18 15:24:48.691,9.948
2026-01-18 15:24:48.708,9.953
2026-01-18 15:24:48.708,9.954
2026-01-18 15:24:48.725,9.956
2026-01-18 15:24:48.741,9.953
2026-01-18 15:24:48.757,9.948
2026-01-18 15:24:48.758,9.961
2026-01-18 15:24:48.773,9.96
2026-01-18 15:24:48.793,9.963
2026-01-18 15:24:48.793,9.959
2026-01-18 15:24:48.808,9.953
2026-01-18 15:24:48.825,9.962
2026-01-18 15:24:48.841,9.959
2026-01-18 15:24:48.842,9.961
2026-01-18 15:24:48.858,9.959
2026-01-18 15:24:48.874,9.96
2026-01-18 15:24:48.874,9.961
2026-01-18 15:24:48.892,9.964
2026-01-18 15:24:48.908,9.957
2026-01-18 15:24:48.924,9.965
2026-01-18 15:24:48.924,9.96
2026-01-18 15:24:48.958,9.966
2026-01-18 15:24:48.959,9.967
2026-01-18 15:24:48.974,9.962
2026-01-18 15:24:48.991,9.962
2026-01-18 15:24:49.007,9.957
2026-01-18 15:24:49.008,9.958
2026-01-18 15:24:49.024,9.952
2026-01-18 15:24:49.040,9.95
2026-01-18 15:24:49.058,9.945
2026-01-18 15:24:49.058,9.95
2026-01-18 15:24:49.074,9.952
2026-01-18 15:24:49.092,9.952
2026-01-18 15:24:49.092,9.958
2026-01-18 15:24:49.108,9.953
2026-01-18 15:24:49.124,9.961
2026-01-18 15:24:49.142,9.956
2026-01-18 15:24:49.143,9.958
2026-01-18 15:24:49.158,9.956
2026-01-18 15:24:49.175,9.953
2026-01-18 15:24:49.175,9.955
2026-01-18 15:24:49.190,9.952
2026-01-18 15:24:49.208,9.947
2026-01-18 15:24:49.224,9.949
2026-01-18 15:24:49.224,9.957
2026-01-18 15:24:49.241,9.962
2026-01-18 15:24:49.257,9.97
2026-01-18 15:24:49.258,9.969
2026-01-18 15:24:49.273,9.965
2026-01-18 15:24:49.291,9.962
2026-01-18 15:24:49.308,9.973
2026-01-18 15:24:49.308,9.975
2026-01-18 15:24:49.325,9.969
2026-01-18 15:24:49.341,9.966
2026-01-18 15:24:49.358,9.96
2026-01-18 15:24:49.358,9.962
2026-01-18 15:24:49.373,9.967
2026-01-18 15:24:49.390,9.961
2026-01-18 15:24:49.390,9.959
2026-01-18 15:24:49.407,9.953
2026-01-18 15:24:49.423,9.958
2026-01-18 15:24:49.446,9.954
2026-01-18 15:24:49.446,9.952
2026-01-18 15:24:49.457,9.962
2026-01-18 15:24:49.474,9.958
2026-01-18 15:24:49.475,9.967
2026-01-18 15:24:49.490,9.961
2026-01-18 15:24:49.507,9.962
2026-01-18 15:24:49.524,9.958
2026-01-18 15:24:49.524,9.955
2026-01-18 15:24:49.540,9.962
2026-01-18 15:24:49.557,9.956
2026-01-18 15:24:49.598,9.956
2026-01-18 15:24:49.598,9.954
2026-01-18 15:24:49.599,9.957
2026-01-18 15:24:49.599,9.957
2026-01-18 15:24:49.623,9.96
2026-01-18 15:24:49.624,9.957
2026-01-18 15:24:49.640,9.952
2026-01-18 15:24:49.657,9.947
2026-01-18 15:24:49.657,9.948
2026-01-18 15:24:49.674,9.955
2026-01-18 15:24:49.691,9.95
2026-01-18 15:24:49.691,9.956
2026-01-18 15:24:49.707,9.954
2026-01-18 15:24:49.723,9.964
2026-01-18 15:24:49.741,9.963
2026-01-18 15:24:49.741,9.961
2026-01-18 15:24:49.758,9.962
2026-01-18 15:24:49.774,9.956
2026-01-18 15:24:49.774,9.964
2026-01-18 15:24:49.791,9.968
2026-01-18 15:24:49.807,9.962
2026-01-18 15:24:49.824,9.957
2026-01-18 15:24:49.824,9.962
2026-01-18 15:24:49.840,9.961
2026-01-18 15:24:49.858,9.959
2026-01-18 15:24:49.873,9.961
2026-01-18 15:24:49.890,9.955
2026-01-18 15:24:49.908,9.958
2026-01-18 15:24:49.908,9.955
2026-01-18 15:24:49.924,9.958
2026-01-18 15:24:49.942,9.953
2026-01-18 15:24:49.943,9.951
2026-01-18 15:24:49.958,9.954
2026-01-18 15:24:49.974,9.95
2026-01-18 15:24:49.992,9.949
2026-01-18 15:24:49.992,9.948
2026-01-18 15:24:50.007,9.945
2026-01-18 15:24:50.023,9.952
2026-01-18 15:24:50.041,9.949
2026-01-18 15:24:50.041,9.949
2026-01-18 15:24:50.057,9.956
2026-01-18 15:24:50.074,9.956
2026-01-18 15:24:50.092,9.962
2026-01-18 15:24:50.107,9.957
2026-01-18 15:24:50.124,9.957
2026-01-18 15:24:50.124,9.955
2026-01-18 15:24:50.141,9.96
2026-01-18 15:24:50.159,9.954
2026-01-18 15:24:50.159,9.953
2026-01-18 15:24:50.174,9.956
2026-01-18 15:24:50.192,9.954
2026-01-18 15:24:50.208,9.955
2026-01-18 15:24:50.208,9.952
2026-01-18 15:24:50.224,9.952
2026-01-18 15:24:50.241,9.96
2026-01-18 15:24:50.242,9.958
2026-01-18 15:24:50.257,9.963
2026-01-18 15:24:50.274,9.965
2026-01-18 15:24:50.291,9.962
2026-01-18 15:24:50.292,9.965
2026-01-18 15:24:50.307,9.957
2026-01-18 15:24:50.324,9.963
2026-01-18 15:24:50.342,9.954
2026-01-18 15:24:50.343,9.953
2026-01-18 15:24:50.357,9.957
2026-01-18 15:24:50.373,9.955
2026-01-18 15:24:50.374,9.957
2026-01-18 15:24:50.392,9.965
2026-01-18 15:24:50.407,9.96
2026-01-18 15:24:50.425,9.955
2026-01-18 15:24:50.425,9.954
2026-01-18 15:24:50.440,9.964
2026-01-18 15:24:50.464,9.963
2026-01-18 15:24:50.464,9.96
2026-01-18 15:24:50.473,9.956
2026-01-18 15:24:50.491,9.958
2026-01-18 15:24:50.507,9.96
2026-01-18 15:24:50.507,9.956
2026-01-18 15:24:50.523,9.955
2026-01-18 15:24:50.541,9.953
2026-01-18 15:24:50.541,9.951
2026-01-18 15:24:50.557,9.962
2026-01-18 15:24:50.574,9.955
2026-01-18 15:24:50.590,9.952
2026-01-18 15:24:50.591,9.948
2026-01-18 15:24:50.608,9.946
2026-01-18 15:24:50.625,9.953
2026-01-18 15:24:50.640,9.951
2026-01-18 15:24:50.641,9.951
2026-01-18 15:24:50.656,9.949
2026-01-18 15:24:50.673,9.949
2026-01-18 15:24:50.674,9.956
2026-01-18 15:24:50.690,9.954
2026-01-18 15:24:50.707,9.958
2026-01-18 15:24:50.723,9.951
2026-01-18 15:24:50.724,9.948
2026-01-18 15:24:50.741,9.948
2026-01-18 15:24:50.758,9.944
2026-01-18 15:24:50.760,9.95
2026-01-18 15:24:50.773,9.949
2026-01-18 15:24:50.791,9.949
2026-01-18 15:24:50.808,9.953
2026-01-18 15:24:50.808,9.954
2026-01-18 15:24:50.823,9.952
2026-01-18 15:24:50.841,9.95
2026-01-18 15:24:50.858,9.948
2026-01-18 15:24:50.858,9.953
2026-01-18 15:24:50.874,9.95
2026-01-18 15:24:50.892,9.948
2026-01-18 15:24:50.892,9.952
2026-01-18 15:24:50.907,9.95
2026-01-18 15:24:50.925,9.949
2026-01-18 15:24:50.962,9.943
2026-01-18 15:24:50.964,9.945
2026-01-18 15:24:50.964,9.951
2026-01-18 15:24:50.964,9.947
2026-01-18 15:24:50.975,9.944
2026-01-18 15:24:50.990,9.943
2026-01-18 15:24:51.008,9.941
2026-01-18 15:24:51.023,9.946
2026-01-18 15:24:51.024,9.959
2026-01-18 15:24:51.039,9.957
2026-01-18 15:24:51.058,9.961
2026-01-18 15:24:51.058,9.96
2026-01-18 15:24:51.074,9.954
2026-01-18 15:24:51.090,9.955
2026-01-18 15:24:51.107,9.956
2026-01-18 15:24:51.107,9.952
2026-01-18 15:24:51.123,9.95
2026-01-18 15:24:51.142,9.951
2026-01-18 15:24:51.142,9.958
2026-01-18 15:24:51.156,9.959
2026-01-18 15:24:51.173,9.957
2026-01-18 15:24:51.190,9.957
2026-01-18 15:24:51.191,9.954
2026-01-18 15:24:51.206,9.953
2026-01-18 15:24:51.224,9.951
2026-01-18 15:24:51.241,9.954
2026-01-18 15:24:51.241,9.961
2026-01-18 15:24:51.257,9.956
2026-01-18 15:24:51.273,9.953
2026-01-18 15:24:51.274,9.958
2026-01-18 15:24:51.290,9.959
2026-01-18 15:24:51.307,9.957
2026-01-18 15:24:51.323,9.956
2026-01-18 15:24:51.324,9.956
2026-01-18 15:24:51.341,9.962
2026-01-18 15:24:51.358,9.961
2026-01-18 15:24:51.359,9.961
2026-01-18 15:24:51.373,9.956
2026-01-18 15:24:51.391,9.95
2026-01-18 15:24:51.409,9.952
2026-01-18 15:24:51.409,9.955
2026-01-18 15:24:51.423,9.951
2026-01-18 15:24:51.448,9.948
2026-01-18 15:24:51.448,9.946
2026-01-18 15:24:51.457,9.95
2026-01-18 15:24:51.474,9.955
2026-01-18 15:24:51.491,9.952
2026-01-18 15:24:51.491,9.952
2026-01-18 15:24:51.507,9.954
2026-01-18 15:24:51.523,9.951
2026-01-18 15:24:51.539,9.951
2026-01-18 15:24:51.540,9.945
2026-01-18 15:24:51.557,9.946
2026-01-18 15:24:51.575,9.952
2026-01-18 15:24:51.575,9.956
2026-01-18 15:24:51.590,9.959
2026-01-18 15:24:51.607,9.957
2026-01-18 15:24:51.624,9.954
2026-01-18 15:24:51.624,9.955
2026-01-18 15:24:51.640,9.957
2026-01-18 15:24:51.657,9.957
2026-01-18 15:24:51.658,9.954
2026-01-18 15:24:51.673,9.949
2026-01-18 15:24:51.690,9.944
2026-01-18 15:24:51.707,9.946
2026-01-18 15:24:51.707,9.953
2026-01-18 15:24:51.723,9.95
2026-01-18 15:24:51.739,9.946
2026-01-18 15:24:51.757,9.946
2026-01-18 15:24:51.757,9.952
2026-01-18 15:24:51.773,9.957
2026-01-18 15:24:51.789,9.957
2026-01-18 15:24:51.789,9.955
2026-01-18 15:24:51.806,9.947
2026-01-18 15:24:51.824,9.956
2026-01-18 15:24:51.839,9.958
2026-01-18 15:24:51.840,9.956
2026-01-18 15:24:51.857,9.958
2026-01-18 15:24:51.873,9.955
2026-01-18 15:24:51.889,9.955
2026-01-18 15:24:51.889,9.951
2026-01-18 15:24:51.907,9.95
2026-01-18 15:24:51.923,9.95
2026-01-18 15:24:51.923,9.949
2026-01-18 15:24:51.939,9.952
2026-01-18 15:24:51.957,9.955
2026-01-18 15:24:51.973,9.957
2026-01-18 15:24:51.973,9.953
2026-01-18 15:24:51.989,9.948
2026-01-18 15:24:52.006,9.953
2026-01-18 15:24:52.006,9.958
2026-01-18 15:24:52.022,9.956
2026-01-18 15:24:52.041,9.96
2026-01-18 15:24:52.057,9.956
2026-01-18 15:24:52.057,9.954
2026-01-18 15:24:52.074,9.948
2026-01-18 15:24:52.090,9.948
2026-01-18 15:24:52.090,9.952
2026-01-18 15:24:52.106,9.95
2026-01-18 15:24:52.123,9.957
2026-01-18 15:24:52.139,9.956
2026-01-18 15:24:52.140,9.951
2026-01-18 15:24:52.155,9.956
2026-01-18 15:24:52.172,9.961
2026-01-18 15:24:52.190,9.958
2026-01-18 15:24:52.190,9.952
2026-01-18 15:24:52.206,9.953
2026-01-18 15:24:52.223,9.956
2026-01-18 15:24:52.224,9.955
2026-01-18 15:24:52.238,9.96
2026-01-18 15:24:52.256,9.955
2026-01-18 15:24:52.272,9.955
2026-01-18 15:24:52.273,9.951
2026-01-18 15:24:52.288,9.95
2026-01-18 15:24:52.335,9.947
2026-01-18 15:24:52.336,9.946
2026-01-18 15:24:52.336,9.951
2026-01-18 15:24:52.337,9.95
2026-01-18 15:24:52.343,9.952
2026-01-18 15:24:52.358,9.957
2026-01-18 15:24:52.375,9.961
2026-01-18 15:24:52.392,9.955
2026-01-18 15:24:52.393,9.953
2026-01-18 15:24:52.408,9.956
2026-01-18 15:24:52.425,9.96
2026-01-18 15:24:52.447,9.96
2026-01-18 15:24:52.448,9.963
2026-01-18 15:24:52.457,9.961
2026-01-18 15:24:52.474,9.959
2026-01-18 15:24:52.474,9.962
2026-01-18 15:24:52.490,9.964
2026-01-18 15:24:52.508,9.958
2026-01-18 15:24:52.523,9.963
2026-01-18 15:24:52.524,9.957
2026-01-18 15:24:52.540,9.96
2026-01-18 15:24:52.557,9.964
2026-01-18 15:24:52.574,9.962
2026-01-18 15:24:52.574,9.969
2026-01-18 15:24:52.590,9.963
2026-01-18 15:24:52.607,9.959
2026-01-18 15:24:52.608,9.957
2026-01-18 15:24:52.623,9.952
2026-01-18 15:24:52.640,9.957
2026-01-18 15:24:52.655,9.954
2026-01-18 15:24:52.656,9.957
2026-01-18 15:24:52.672,9.96
2026-01-18 15:24:52.691,9.961
2026-01-18 15:24:52.691,9.959
2026-01-18 15:24:52.706,9.964
2026-01-18 15:24:52.723,9.966
2026-01-18 15:24:52.740,9.971
2026-01-18 15:24:52.741,9.964
2026-01-18 15:24:52.757,9.961
2026-01-18 15:24:52.773,9.962
2026-01-18 15:24:52.774,9.965
2026-01-18 15:24:52.789,9.967
2026-01-18 15:24:52.808,9.961
2026-01-18 15:24:52.824,9.958
2026-01-18 15:24:52.824,9.96
2026-01-18 15:24:52.841,9.959
2026-01-18 15:24:52.857,9.958
2026-01-18 15:24:52.858,9.953
2026-01-18 15:24:52.874,9.951
2026-01-18 15:24:52.890,9.945
2026-01-18 15:24:52.908,9.942
2026-01-18 15:24:52.908,9.939
2026-01-18 15:24:52.923,9.952
2026-01-18 15:24:52.941,9.948
2026-01-18 15:24:52.958,9.945
2026-01-18 15:24:52.958,9.952
2026-01-18 15:24:52.973,9.95
2026-01-18 15:24:52.991,9.949
2026-01-18 15:24:52.991,9.946
2026-01-18 15:24:53.006,9.949
2026-01-18 15:24:53.023,9.953
2026-01-18 15:24:53.041,9.945
2026-01-18 15:24:53.041,9.946
2026-01-18 15:24:53.057,9.953
2026-01-18 15:24:53.074,9.95
2026-01-18 15:24:53.075,9.955
2026-01-18 15:24:53.090,9.959
2026-01-18 15:24:53.108,9.957
2026-01-18 15:24:53.123,9.953
2026-01-18 15:24:53.124,9.96
2026-01-18 15:24:53.140,9.964
2026-01-18 15:24:53.159,9.967
2026-01-18 15:24:53.159,9.964
2026-01-18 15:24:53.174,9.961
2026-01-18 15:24:53.192,9.964
2026-01-18 15:24:53.207,9.97
2026-01-18 15:24:53.207,9.97
2026-01-18 15:24:53.224,9.967
2026-01-18 15:24:53.240,9.962
2026-01-18 15:24:53.258,9.966
2026-01-18 15:24:53.258,9.967
2026-01-18 15:24:53.274,9.963
2026-01-18 15:24:53.290,9.965
2026-01-18 15:24:53.291,9.963
2026-01-18 15:24:53.307,9.963
2026-01-18 15:24:53.324,9.961
2026-01-18 15:24:53.339,9.956
2026-01-18 15:24:53.340,9.964
2026-01-18 15:24:53.358,9.961
2026-01-18 15:24:53.374,9.957
2026-01-18 15:24:53.374,9.959
2026-01-18 15:24:53.390,9.956
2026-01-18 15:24:53.406,9.959
2026-01-18 15:24:53.424,9.969
2026-01-18 15:24:53.424,9.966
2026-01-18 15:24:53.441,9.962
2026-01-18 15:24:53.462,9.959
2026-01-18 15:24:53.462,9.954
2026-01-18 15:24:53.473,9.95
2026-01-18 15:24:53.490,9.948
2026-01-18 15:24:53.507,9.952
2026-01-18 15:24:53.507,9.949
2026-01-18 15:24:53.523,9.948
2026-01-18 15:24:53.540,9.949
2026-01-18 15:24:53.558,9.949
2026-01-18 15:24:53.558,9.951
2026-01-18 15:24:53.573,9.951
2026-01-18 15:24:53.590,9.947
2026-01-18 15:24:53.591,9.95
2026-01-18 15:24:53.607,9.946
2026-01-18 15:24:53.624,9.95
2026-01-18 15:24:53.641,9.958
2026-01-18 15:24:53.641,9.957
2026-01-18 15:24:53.682,9.958
2026-01-18 15:24:53.683,9.952
2026-01-18 15:24:53.683,9.954
2026-01-18 15:24:53.694,9.956
2026-01-18 15:24:53.706,9.952
2026-01-18 15:24:53.723,9.949
2026-01-18 15:24:53.724,9.955
2026-01-18 15:24:53.740,9.956
2026-01-18 15:24:53.757,9.953
2026-01-18 15:24:53.758,9.961
2026-01-18 15:24:53.773,9.959
2026-01-18 15:24:53.790,9.963
2026-01-18 15:24:53.808,9.964
2026-01-18 15:24:53.809,9.961
2026-01-18 15:24:53.824,9.959
2026-01-18 15:24:53.840,9.955
2026-01-18 15:24:53.857,9.951
2026-01-18 15:24:53.857,9.953
2026-01-18 15:24:53.873,9.952
2026-01-18 15:24:53.890,9.952
2026-01-18 15:24:53.891,9.958
2026-01-18 15:24:53.907,9.956
2026-01-18 15:24:53.923,9.966
2026-01-18 15:24:53.940,9.964
2026-01-18 15:24:53.940,9.967
2026-01-18 15:24:53.955,9.964
2026-01-18 15:24:53.974,9.964
2026-01-18 15:24:53.974,9.968
2026-01-18 15:24:53.990,9.967
2026-01-18 15:24:54.007,9.97
2026-01-18 15:24:54.024,9.965
2026-01-18 15:24:54.025,9.963
2026-01-18 15:24:54.040,9.965
2026-01-18 15:24:54.056,9.963
2026-01-18 15:24:54.073,9.959
2026-01-18 15:24:54.073,9.955
2026-01-18 15:24:54.090,9.958
2026-01-18 15:24:54.106,9.959
2026-01-18 15:24:54.106,9.959
2026-01-18 15:24:54.123,9.969
2026-01-18 15:24:54.139,9.963
2026-01-18 15:24:54.157,9.96
2026-01-18 15:24:54.158,9.959
2026-01-18 15:24:54.172,9.954
2026-01-18 15:24:54.190,9.96
2026-01-18 15:24:54.190,9.959
2026-01-18 15:24:54.207,9.956
2026-01-18 15:24:54.222,9.951
2026-01-18 15:24:54.241,9.949
2026-01-18 15:24:54.241,9.957
2026-01-18 15:24:54.256,9.953
2026-01-18 15:24:54.273,9.951
2026-01-18 15:24:54.290,9.945
2026-01-18 15:24:54.290,9.956
2026-01-18 15:24:54.307,9.961
2026-01-18 15:24:54.323,9.959
2026-01-18 15:24:54.324,9.958
2026-01-18 15:24:54.340,9.958
2026-01-18 15:24:54.357,9.956
2026-01-18 15:24:54.374,9.955
2026-01-18 15:24:54.374,9.949
2026-01-18 15:24:54.390,9.95
2026-01-18 15:24:54.407,9.954
2026-01-18 15:24:54.408,9.955
2026-01-18 15:24:54.423,9.961
2026-01-18 15:24:54.440,9.957
2026-01-18 15:24:54.461,9.955
2026-01-18 15:24:54.461,9.954
2026-01-18 15:24:54.473,9.956
2026-01-18 15:24:54.491,9.963
2026-01-18 15:24:54.491,9.959
2026-01-18 15:24:54.506,9.962
2026-01-18 15:24:54.524,9.964
2026-01-18 15:24:54.539,9.964
2026-01-18 15:24:54.540,9.963
2026-01-18 15:24:54.556,9.966
2026-01-18 15:24:54.572,9.961
2026-01-18 15:24:54.589,9.961
2026-01-18 15:24:54.589,9.961
2026-01-18 15:24:54.606,9.964
2026-01-18 15:24:54.622,9.969
2026-01-18 15:24:54.622,9.968
2026-01-18 15:24:54.639,9.974
2026-01-18 15:24:54.656,9.967
2026-01-18 15:24:54.672,9.967
2026-01-18 15:24:54.673,9.966
2026-01-18 15:24:54.689,9.964
2026-01-18 15:24:54.707,9.962
2026-01-18 15:24:54.707,9.965
2026-01-18 15:24:54.723,9.966
2026-01-18 15:24:54.740,9.962
2026-01-18 15:24:54.757,9.964
2026-01-18 15:24:54.757,9.962
2026-01-18 15:24:54.773,9.962
2026-01-18 15:24:54.792,9.962
2026-01-18 15:24:54.792,9.958
2026-01-18 15:24:54.806,9.953
2026-01-18 15:24:54.823,9.964
2026-01-18 15:24:54.840,9.97
2026-01-18 15:24:54.841,9.966
2026-01-18 15:24:54.857,9.963
2026-01-18 15:24:54.873,9.957
2026-01-18 15:24:54.874,9.958
2026-01-18 15:24:54.890,9.957
2026-01-18 15:24:54.906,9.956
2026-01-18 15:24:54.922,9.96
2026-01-18 15:24:54.922,9.956
2026-01-18 15:24:54.941,9.956
2026-01-18 15:24:54.957,9.956
2026-01-18 15:24:54.958,9.951
2026-01-18 15:24:54.973,9.954
2026-01-18 15:24:54.990,9.956
2026-01-18 15:24:55.006,9.955
2026-01-18 15:24:55.006,9.959
2026-01-18 15:24:55.047,9.957
2026-01-18 15:24:55.048,9.961
2026-01-18 15:24:55.048,9.957
2026-01-18 15:24:55.057,9.958
2026-01-18 15:24:55.073,9.958
2026-01-18 15:24:55.090,9.962
2026-01-18 15:24:55.090,9.964
2026-01-18 15:24:55.106,9.96
2026-01-18 15:24:55.122,9.964
2026-01-18 15:24:55.141,9.96
2026-01-18 15:24:55.142,9.966
2026-01-18 15:24:55.158,9.962
2026-01-18 15:24:55.173,9.967
2026-01-18 15:24:55.174,9.966
2026-01-18 15:24:55.190,9.966
2026-01-18 15:24:55.206,9.96
2026-01-18 15:24:55.223,9.959
2026-01-18 15:24:55.224,9.958
2026-01-18 15:24:55.239,9.962
2026-01-18 15:24:55.257,9.971
2026-01-18 15:24:55.258,9.969
2026-01-18 15:24:55.273,9.973
2026-01-18 15:24:55.291,9.969
2026-01-18 15:24:55.307,9.969
2026-01-18 15:24:55.307,9.967
2026-01-18 15:24:55.323,9.963
2026-01-18 15:24:55.341,9.968
2026-01-18 15:24:55.357,9.963
2026-01-18 15:24:55.357,9.963
2026-01-18 15:24:55.373,9.958
2026-01-18 15:24:55.390,9.964
2026-01-18 15:24:55.391,9.962
2026-01-18 15:24:55.406,9.963
2026-01-18 15:24:55.422,9.959
2026-01-18 15:24:55.440,9.964
2026-01-18 15:24:55.441,9.962
2026-01-18 15:24:55.462,9.966
2026-01-18 15:24:55.463,9.967
2026-01-18 15:24:55.490,9.961
2026-01-18 15:24:55.491,9.957
2026-01-18 15:24:55.506,9.959
2026-01-18 15:24:55.524,9.956
2026-01-18 15:24:55.524,9.961
2026-01-18 15:24:55.540,9.963
2026-01-18 15:24:55.556,9.964
2026-01-18 15:24:55.573,9.962
2026-01-18 15:24:55.574,9.965
2026-01-18 15:24:55.590,9.96
2026-01-18 15:24:55.607,9.959
2026-01-18 15:24:55.607,9.951
2026-01-18 15:24:55.623,9.951
2026-01-18 15:24:55.640,9.951
2026-01-18 15:24:55.657,9.951
2026-01-18 15:24:55.658,9.956
2026-01-18 15:24:55.674,9.953
2026-01-18 15:24:55.688,9.957
2026-01-18 15:24:55.707,9.951
2026-01-18 15:24:55.708,9.952
2026-01-18 15:24:55.723,9.95
2026-01-18 15:24:55.740,9.949
2026-01-18 15:24:55.740,9.953
2026-01-18 15:24:55.757,9.953
2026-01-18 15:24:55.773,9.955
2026-01-18 15:24:55.774,9.953
2026-01-18 15:24:55.790,9.96
2026-01-18 15:24:55.806,9.956
2026-01-18 15:24:55.823,9.954
2026-01-18 15:24:55.824,9.951
2026-01-18 15:24:55.840,9.957
2026-01-18 15:24:55.856,9.952
2026-01-18 15:24:55.873,9.951
2026-01-18 15:24:55.873,9.953
2026-01-18 15:24:55.891,9.952
2026-01-18 15:24:55.906,9.954
2026-01-18 15:24:55.907,9.957
2026-01-18 15:24:55.923,9.952
2026-01-18 15:24:55.941,9.951
2026-01-18 15:24:55.957,9.952
2026-01-18 15:24:55.957,9.952
2026-01-18 15:24:55.973,9.95
2026-01-18 15:24:55.990,9.949
2026-01-18 15:24:55.990,9.949
2026-01-18 15:24:56.006,9.95
2026-01-18 15:24:56.023,9.951
2026-01-18 15:24:56.040,9.955
2026-01-18 15:24:56.040,9.956
2026-01-18 15:24:56.057,9.957
2026-01-18 15:24:56.073,9.961
2026-01-18 15:24:56.090,9.964
2026-01-18 15:24:56.090,9.967
2026-01-18 15:24:56.107,9.968
2026-01-18 15:24:56.123,9.971
2026-01-18 15:24:56.123,9.966
2026-01-18 15:24:56.139,9.964
2026-01-18 15:24:56.156,9.959
2026-01-18 15:24:56.172,9.959
2026-01-18 15:24:56.172,9.956
2026-01-18 15:24:56.189,9.958
2026-01-18 15:24:56.206,9.957
2026-01-18 15:24:56.206,9.955
2026-01-18 15:24:56.223,9.96
2026-01-18 15:24:56.239,9.961
2026-01-18 15:24:56.256,9.963
2026-01-18 15:24:56.257,9.963
2026-01-18 15:24:56.273,9.961
2026-01-18 15:24:56.288,9.96
2026-01-18 15:24:56.305,9.959
2026-01-18 15:24:56.306,9.962
2026-01-18 15:24:56.324,9.966
2026-01-18 15:24:56.339,9.972
2026-01-18 15:24:56.340,9.966
2026-01-18 15:24:56.357,9.967
2026-01-18 15:24:56.372,9.963
2026-01-18 15:24:56.415,9.962
2026-01-18 15:24:56.417,9.959
2026-01-18 15:24:56.417,9.956
2026-01-18 15:24:56.417,9.958
2026-01-18 15:24:56.426,9.953
2026-01-18 15:24:56.439,9.956
2026-01-18 15:24:56.461,9.957
2026-01-18 15:24:56.461,9.96
2026-01-18 15:24:56.473,9.954
2026-01-18 15:24:56.491,9.953
2026-01-18 15:24:56.506,9.956
2026-01-18 15:24:56.507,9.952
2026-01-18 15:24:56.524,9.951
2026-01-18 15:24:56.540,9.951
2026-01-18 15:24:56.557,9.957
2026-01-18 15:24:56.558,9.955
2026-01-18 15:24:56.573,9.962
2026-01-18 15:24:56.589,9.958
2026-01-18 15:24:56.608,9.963
2026-01-18 15:24:56.608,9.961
2026-01-18 15:24:56.622,9.956
2026-01-18 15:24:56.640,9.957
2026-01-18 15:24:56.640,9.957
2026-01-18 15:24:56.657,9.955
2026-01-18 15:24:56.673,9.956
2026-01-18 15:24:56.674,9.956
2026-01-18 15:24:56.690,9.951
2026-01-18 15:24:56.707,9.962
2026-01-18 15:24:56.722,9.965
2026-01-18 15:24:56.722,9.966
2026-01-18 15:24:56.740,9.959
2026-01-18 15:24:56.757,9.96
2026-01-18 15:24:56.772,9.961
2026-01-18 15:24:56.773,9.961
2026-01-18 15:24:56.791,9.96
2026-01-18 15:24:56.807,9.958
2026-01-18 15:24:56.807,9.961
2026-01-18 15:24:56.823,9.955
2026-01-18 15:24:56.840,9.959
2026-01-18 15:24:56.857,9.955
2026-01-18 15:24:56.858,9.96
2026-01-18 15:24:56.873,9.963
2026-01-18 15:24:56.889,9.966
2026-01-18 15:24:56.890,9.963
2026-01-18 15:24:56.906,9.963
2026-01-18 15:24:56.922,9.959
2026-01-18 15:24:56.940,9.961
2026-01-18 15:24:56.941,9.96
2026-01-18 15:24:56.956,9.964
2026-01-18 15:24:56.973,9.961
2026-01-18 15:24:56.991,9.963
2026-01-18 15:24:56.992,9.958
2026-01-18 15:24:57.006,9.964
2026-01-18 15:24:57.023,9.96
2026-01-18 15:24:57.023,9.963
2026-01-18 15:24:57.039,9.959
2026-01-18 15:24:57.056,9.961
2026-01-18 15:24:57.073,9.959
2026-01-18 15:24:57.074,9.958
2026-01-18 15:24:57.090,9.953
2026-01-18 15:24:57.107,9.954
2026-01-18 15:24:57.107,9.951
2026-01-18 15:24:57.123,9.948
2026-01-18 15:24:57.138,9.947
2026-01-18 15:24:57.157,9.949
2026-01-18 15:24:57.158,9.948
2026-01-18 15:24:57.173,9.949
2026-01-18 15:24:57.189,9.947
2026-01-18 15:24:57.190,9.945
2026-01-18 15:24:57.207,9.943
2026-01-18 15:24:57.223,9.945
2026-01-18 15:24:57.240,9.945
2026-01-18 15:24:57.240,9.948
2026-01-18 15:24:57.256,9.946
2026-01-18 15:24:57.273,9.954
2026-01-18 15:24:57.290,9.952
2026-01-18 15:24:57.290,9.956
2026-01-18 15:24:57.307,9.955
2026-01-18 15:24:57.323,9.954
2026-01-18 15:24:57.323,9.953
2026-01-18 15:24:57.341,9.954
2026-01-18 15:24:57.356,9.956
2026-01-18 15:24:57.373,9.952
2026-01-18 15:24:57.373,9.959
2026-01-18 15:24:57.390,9.958
2026-01-18 15:24:57.406,9.958
2026-01-18 15:24:57.406,9.955
2026-01-18 15:24:57.423,9.952
2026-01-18 15:24:57.440,9.95
2026-01-18 15:24:57.463,9.948
2026-01-18 15:24:57.463,9.957
2026-01-18 15:24:57.473,9.961
2026-01-18 15:24:57.490,9.96
2026-01-18 15:24:57.490,9.957
2026-01-18 15:24:57.506,9.956
2026-01-18 15:24:57.522,9.96
2026-01-18 15:24:57.539,9.957
2026-01-18 15:24:57.540,9.954
2026-01-18 15:24:57.556,9.955
2026-01-18 15:24:57.573,9.952
2026-01-18 15:24:57.590,9.953
2026-01-18 15:24:57.590,9.949
2026-01-18 15:24:57.605,9.947
2026-01-18 15:24:57.622,9.947
2026-01-18 15:24:57.622,9.952
2026-01-18 15:24:57.640,9.954
2026-01-18 15:24:57.657,9.957
2026-01-18 15:24:57.673,9.951
2026-01-18 15:24:57.673,9.947
2026-01-18 15:24:57.690,9.95
2026-01-18 15:24:57.707,9.947
2026-01-18 15:24:57.707,9.954
2026-01-18 15:24:57.723,9.956
2026-01-18 15:24:57.739,9.957
2026-01-18 15:24:57.782,9.956
2026-01-18 15:24:57.783,9.957
2026-01-18 15:24:57.784,9.953
2026-01-18 15:24:57.784,9.957
2026-01-18 15:24:57.794,9.955
2026-01-18 15:24:57.806,9.953
2026-01-18 15:24:57.824,9.955
2026-01-18 15:24:57.839,9.949
2026-01-18 15:24:57.839,9.951
2026-01-18 15:24:57.856,9.951
2026-01-18 15:24:57.873,9.95
2026-01-18 15:24:57.874,9.947
2026-01-18 15:24:57.889,9.95
2026-01-18 15:24:57.907,9.96
2026-01-18 15:24:57.923,9.958
2026-01-18 15:24:57.923,9.955
2026-01-18 15:24:57.940,9.954
2026-01-18 15:24:57.956,9.949
2026-01-18 15:24:57.972,9.949
2026-01-18 15:24:57.973,9.948
2026-01-18 15:24:57.990,9.947
2026-01-18 15:24:58.006,9.945
2026-01-18 15:24:58.007,9.949
2026-01-18 15:24:58.022,9.946
2026-01-18 15:24:58.040,9.946
2026-01-18 15:24:58.057,9.944
2026-01-18 15:24:58.057,9.948
2026-01-18 15:24:58.073,9.946
2026-01-18 15:24:58.090,9.951
2026-01-18 15:24:58.104,9.952
2026-01-18 15:24:58.123,9.95
2026-01-18 15:24:58.138,9.957
2026-01-18 15:24:58.139,9.962
2026-01-18 15:24:58.155,9.965
2026-01-18 15:24:58.174,9.962
2026-01-18 15:24:58.175,9.96
2026-01-18 15:24:58.189,9.962
2026-01-18 15:24:58.207,9.966
2026-01-18 15:24:58.223,9.963
2026-01-18 15:24:58.223,9.96
2026-01-18 15:24:58.239,9.956
2026-01-18 15:24:58.257,9.958
2026-01-18 15:24:58.273,9.954
2026-01-18 15:24:58.273,9.956
2026-01-18 15:24:58.289,9.955
2026-01-18 15:24:58.307,9.954
2026-01-18 15:24:58.308,9.954
2026-01-18 15:24:58.323,9.958
2026-01-18 15:24:58.339,9.954
2026-01-18 15:24:58.356,9.952
2026-01-18 15:24:58.356,9.952
2026-01-18 15:24:58.373,9.949
2026-01-18 15:24:58.388,9.952
2026-01-18 15:24:58.406,9.949
2026-01-18 15:24:58.406,9.946
2026-01-18 15:24:58.421,9.946
2026-01-18 15:24:58.439,9.948
2026-01-18 15:24:58.439,9.954
2026-01-18 15:24:58.462,9.953
2026-01-18 15:24:58.462,9.957
2026-01-18 15:24:58.489,9.953
2026-01-18 15:24:58.489,9.95
2026-01-18 15:24:58.504,9.946
2026-01-18 15:24:58.522,9.952
2026-01-18 15:24:58.523,9.95
2026-01-18 15:24:58.538,9.955
2026-01-18 15:24:58.554,9.957
2026-01-18 15:24:58.573,9.966
2026-01-18 15:24:58.573,9.963
2026-01-18 15:24:58.589,9.965
2026-01-18 15:24:58.606,9.96
2026-01-18 15:24:58.606,9.957
2026-01-18 15:24:58.623,9.959
2026-01-18 15:24:58.642,9.96
2026-01-18 15:24:58.656,9.963
2026-01-18 15:24:58.675,9.96
2026-01-18 15:24:58.689,9.96
2026-01-18 15:24:58.706,9.956
2026-01-18 15:24:58.706,9.957
2026-01-18 15:24:58.722,9.954
2026-01-18 15:24:58.740,9.953
2026-01-18 15:24:58.740,9.954
2026-01-18 15:24:58.756,9.952
2026-01-18 15:24:58.775,9.969
2026-01-18 15:24:58.789,9.963
2026-01-18 15:24:58.806,9.959
2026-01-18 15:24:58.823,9.957
2026-01-18 15:24:58.823,9.959
2026-01-18 15:24:58.839,9.96
2026-01-18 15:24:58.857,9.961
2026-01-18 15:24:58.874,9.958
2026-01-18 15:24:58.874,9.962
2026-01-18 15:24:58.889,9.959
2026-01-18 15:24:58.906,9.967
2026-01-18 15:24:58.908,9.962
2026-01-18 15:24:58.922,9.965
2026-01-18 15:24:58.939,9.963
2026-01-18 15:24:58.957,9.96
2026-01-18 15:24:58.957,9.966
2026-01-18 15:24:58.973,9.965
2026-01-18 15:24:58.990,9.973
2026-01-18 15:24:58.990,9.967
2026-01-18 15:24:59.006,9.969
2026-01-18 15:24:59.022,9.964
2026-01-18 15:24:59.039,9.962
2026-01-18 15:24:59.040,9.958
2026-01-18 15:24:59.057,9.957
2026-01-18 15:24:59.072,9.958
2026-01-18 15:24:59.090,9.956
2026-01-18 15:24:59.091,9.957
2026-01-18 15:24:59.106,9.954
2026-01-18 15:24:59.143,9.957
2026-01-18 15:24:59.145,9.958
2026-01-18 15:24:59.145,9.963
2026-01-18 15:24:59.151,9.961
2026-01-18 15:24:59.172,9.965
2026-01-18 15:24:59.172,9.961
2026-01-18 15:24:59.188,9.978
2026-01-18 15:24:59.206,9.975
2026-01-18 15:24:59.206,9.97
2026-01-18 15:24:59.222,9.969
2026-01-18 15:24:59.240,9.967
2026-01-18 15:24:59.256,9.965
2026-01-18 15:24:59.256,9.961
2026-01-18 15:24:59.272,9.96
2026-01-18 15:24:59.290,9.962
2026-01-18 15:24:59.291,9.965
2026-01-18 15:24:59.306,9.962
2026-01-18 15:24:59.323,9.968
2026-01-18 15:24:59.339,9.967
2026-01-18 15:24:59.339,9.964
2026-01-18 15:24:59.356,9.964
2026-01-18 15:24:59.372,9.959
2026-01-18 15:24:59.390,9.96
2026-01-18 15:24:59.391,9.958
2026-01-18 15:24:59.406,9.956
2026-01-18 15:24:59.423,9.953
2026-01-18 15:24:59.423,9.952
2026-01-18 15:24:59.439,9.965
2026-01-18 15:24:59.465,9.962
2026-01-18 15:24:59.465,9.982
2026-01-18 15:24:59.476,9.978
2026-01-18 15:24:59.489,9.98
2026-01-18 15:24:59.505,9.978
2026-01-18 15:24:59.522,9.977
2026-01-18 15:24:59.523,9.97
2026-01-18 15:24:59.540,9.968
2026-01-18 15:24:59.556,9.968
2026-01-18 15:24:59.557,9.969
2026-01-18 15:24:59.572,9.988
2026-01-18 15:24:59.590,9.989
2026-01-18 15:24:59.590,9.988
2026-01-18 15:24:59.606,9.985
2026-01-18 15:24:59.622,9.986
2026-01-18 15:24:59.640,9.983
2026-01-18 15:24:59.640,9.987
2026-01-18 15:24:59.656,9.983
2026-01-18 15:24:59.672,9.983
2026-01-18 15:24:59.689,9.982
2026-01-18 15:24:59.690,9.988
2026-01-18 15:24:59.706,9.983
2026-01-18 15:24:59.722,9.985
2026-01-18 15:24:59.740,9.983
2026-01-18 15:24:59.757,9.984
2026-01-18 15:24:59.773,9.978
2026-01-18 15:24:59.773,9.975
2026-01-18 15:24:59.788,9.976
2026-01-18 15:24:59.807,9.979
2026-01-18 15:24:59.807,9.979
2026-01-18 15:24:59.824,9.98
2026-01-18 15:24:59.838,9.973
2026-01-18 15:24:59.857,9.969
2026-01-18 15:24:59.857,9.974
2026-01-18 15:24:59.872,9.97
2026-01-18 15:24:59.890,9.974
2026-01-18 15:24:59.890,9.969
2026-01-18 15:24:59.906,9.971
2026-01-18 15:24:59.922,9.965
2026-01-18 15:24:59.939,9.962
2026-01-18 15:24:59.939,9.964
2026-01-18 15:24:59.957,9.963
2026-01-18 15:24:59.972,9.966
2026-01-18 15:24:59.990,9.963
2026-01-18 15:24:59.990,9.967
2026-01-18 15:25:00.006,9.964
2026-01-18 15:25:00.021,9.964
2026-01-18 15:25:00.023,9.96
2026-01-18 15:25:00.038,9.962
2026-01-18 15:25:00.055,9.957
2026-01-18 15:25:00.073,9.958
2026-01-18 15:25:00.073,9.961
2026-01-18 15:25:00.089,9.965
2026-01-18 15:25:00.106,9.972
2026-01-18 15:25:00.106,9.97
2026-01-18 15:25:00.122,9.972
2026-01-18 15:25:00.139,9.97
2026-01-18 15:25:00.156,9.975
2026-01-18 15:25:00.156,9.972
2026-01-18 15:25:00.172,9.974
2026-01-18 15:25:00.189,9.969
2026-01-18 15:25:00.190,9.971
2026-01-18 15:25:00.206,9.969
2026-01-18 15:25:00.222,9.968
2026-01-18 15:25:00.239,9.963
2026-01-18 15:25:00.240,9.964
2026-01-18 15:25:00.256,9.962
2026-01-18 15:25:00.272,9.96
2026-01-18 15:25:00.290,9.968
2026-01-18 15:25:00.290,9.965
2026-01-18 15:25:00.306,9.966
2026-01-18 15:25:00.322,9.963
2026-01-18 15:25:00.323,9.966
2026-01-18 15:25:00.340,9.962
2026-01-18 15:25:00.356,9.967
2026-01-18 15:25:00.372,9.971
2026-01-18 15:25:00.373,9.967
2026-01-18 15:25:00.389,9.969
2026-01-18 15:25:00.406,9.969
2026-01-18 15:25:00.406,9.972
2026-01-18 15:25:00.422,9.968
2026-01-18 15:25:00.440,9.984
2026-01-18 15:25:00.465,9.978
2026-01-18 15:25:00.465,9.981
2026-01-18 15:25:00.466,9.975
2026-01-18 15:25:00.498,9.979
2026-01-18 15:25:00.499,9.972
2026-01-18 15:25:00.508,9.968
2026-01-18 15:25:00.522,9.966
2026-01-18 15:25:00.538,9.974
2026-01-18 15:25:00.540,9.978
2026-01-18 15:25:00.555,9.977
2026-01-18 15:25:00.572,9.975
2026-01-18 15:25:00.589,9.976
2026-01-18 15:25:00.589,9.972
2026-01-18 15:25:00.609,9.978
2026-01-18 15:25:00.623,9.972
2026-01-18 15:25:00.623,9.973
2026-01-18 15:25:00.640,9.971
2026-01-18 15:25:00.654,9.972
2026-01-18 15:25:00.671,9.975
2026-01-18 15:25:00.672,9.971
2026-01-18 15:25:00.688,9.971
2026-01-18 15:25:00.705,9.968
2026-01-18 15:25:00.706,9.968
2026-01-18 15:25:00.721,9.973
2026-01-18 15:25:00.739,9.973
2026-01-18 15:25:00.754,9.977
2026-01-18 15:25:00.755,9.972
2026-01-18 15:25:00.771,9.977
2026-01-18 15:25:00.788,9.98
2026-01-18 15:25:00.805,9.993
2026-01-18 15:25:00.805,9.988
2026-01-18 15:25:00.822,9.993
2026-01-18 15:25:00.839,9.99
2026-01-18 15:25:00.839,9.988
2026-01-18 15:25:00.856,9.984
2026-01-18 15:25:00.872,9.979
2026-01-18 15:25:00.890,9.978
2026-01-18 15:25:00.890,9.976
2026-01-18 15:25:00.907,9.978
2026-01-18 15:25:00.922,9.978
2026-01-18 15:25:00.922,9.981
2026-01-18 15:25:00.939,9.976
2026-01-18 15:25:00.955,9.979
2026-01-18 15:25:00.972,9.977
2026-01-18 15:25:00.973,9.972
2026-01-18 15:25:00.990,9.975
2026-01-18 15:25:01.006,9.972
2026-01-18 15:25:01.007,9.974
2026-01-18 15:25:01.022,9.971
2026-01-18 15:25:01.040,9.969
2026-01-18 15:25:01.056,9.969
2026-01-18 15:25:01.056,9.968
2026-01-18 15:25:01.072,9.972
2026-01-18 15:25:01.090,9.973
2026-01-18 15:25:01.091,9.979
2026-01-18 15:25:01.106,9.973
2026-01-18 15:25:01.122,9.977
2026-01-18 15:25:01.140,9.977
2026-01-18 15:25:01.140,9.973
2026-01-18 15:25:01.155,9.971
2026-01-18 15:25:01.172,9.968
2026-01-18 15:25:01.188,9.97
2026-01-18 15:25:01.189,9.967
2026-01-18 15:25:01.205,9.965
2026-01-18 15:25:01.222,9.963
2026-01-18 15:25:01.223,9.962
2026-01-18 15:25:01.240,9.958
2026-01-18 15:25:01.256,9.959
2026-01-18 15:25:01.273,9.966
2026-01-18 15:25:01.273,9.965
2026-01-18 15:25:01.289,9.974
2026-01-18 15:25:01.305,9.972
2026-01-18 15:25:01.306,9.969
2026-01-18 15:25:01.321,9.975
2026-01-18 15:25:01.340,9.97
2026-01-18 15:25:01.356,9.973
2026-01-18 15:25:01.356,9.969
2026-01-18 15:25:01.371,9.97
2026-01-18 15:25:01.390,9.969
2026-01-18 15:25:01.390,9.967
2026-01-18 15:25:01.406,9.97
2026-01-18 15:25:01.422,9.97
2026-01-18 15:25:01.440,9.97
2026-01-18 15:25:01.440,9.965
2026-01-18 15:25:01.462,9.96
2026-01-18 15:25:01.462,9.964
2026-01-18 15:25:01.490,9.961
2026-01-18 15:25:01.490,9.962
2026-01-18 15:25:01.505,9.965
2026-01-18 15:25:01.523,9.961
2026-01-18 15:25:01.523,9.96
2026-01-18 15:25:01.538,9.965
2026-01-18 15:25:01.556,9.963
2026-01-18 15:25:01.572,9.965
2026-01-18 15:25:01.573,9.961
2026-01-18 15:25:01.589,9.958
2026-01-18 15:25:01.606,9.96
2026-01-18 15:25:01.607,9.963
2026-01-18 15:25:01.621,9.969
2026-01-18 15:25:01.639,9.967
2026-01-18 15:25:01.655,9.969
2026-01-18 15:25:01.656,9.979
2026-01-18 15:25:01.672,9.979
2026-01-18 15:25:01.689,9.976
2026-01-18 15:25:01.690,9.97
2026-01-18 15:25:01.706,9.97
2026-01-18 15:25:01.722,9.972
2026-01-18 15:25:01.739,9.971
2026-01-18 15:25:01.740,9.966
2026-01-18 15:25:01.755,9.966
2026-01-18 15:25:01.772,9.966
2026-01-18 15:25:01.790,9.967
2026-01-18 15:25:01.790,9.963
2026-01-18 15:25:01.805,9.96
2026-01-18 15:25:01.824,9.973
2026-01-18 15:25:01.824,9.97
2026-01-18 15:25:01.863,9.966
2026-01-18 15:25:01.864,9.968
2026-01-18 15:25:01.864,9.967
2026-01-18 15:25:01.873,9.974
2026-01-18 15:25:01.889,9.97
2026-01-18 15:25:01.905,9.967
2026-01-18 15:25:01.906,9.965
2026-01-18 15:25:01.922,9.967
2026-01-18 15:25:01.938,9.961
2026-01-18 15:25:01.955,9.958
2026-01-18 15:25:01.956,9.96
2026-01-18 15:25:01.972,9.958
2026-01-18 15:25:01.989,9.959
2026-01-18 15:25:02.007,9.963
2026-01-18 15:25:02.007,9.959
2026-01-18 15:25:02.022,9.961
2026-01-18 15:25:02.037,9.957
2026-01-18 15:25:02.038,9.956
2026-01-18 15:25:02.055,9.954
2026-01-18 15:25:02.072,9.954
2026-01-18 15:25:02.088,9.961
2026-01-18 15:25:02.088,9.964
2026-01-18 15:25:02.105,9.967
2026-01-18 15:25:02.122,9.96
2026-01-18 15:25:02.122,9.956
2026-01-18 15:25:02.139,9.96
2026-01-18 15:25:02.155,9.957
2026-01-18 15:25:02.172,9.961
2026-01-18 15:25:02.173,9.955
2026-01-18 15:25:02.188,9.953
2026-01-18 15:25:02.204,9.958
2026-01-18 15:25:02.221,9.957
2026-01-18 15:25:02.221,9.96
2026-01-18 15:25:02.238,9.956
2026-01-18 15:25:02.255,9.957
2026-01-18 15:25:02.255,9.959
2026-01-18 15:25:02.272,9.957
2026-01-18 15:25:02.288,9.956
2026-01-18 15:25:02.304,9.963
2026-01-18 15:25:02.306,9.96
2026-01-18 15:25:02.322,9.958
2026-01-18 15:25:02.338,9.959
2026-01-18 15:25:02.339,9.962
2026-01-18 15:25:02.356,9.967
2026-01-18 15:25:02.372,9.967
2026-01-18 15:25:02.389,9.965
2026-01-18 15:25:02.389,9.968
2026-01-18 15:25:02.406,9.964
2026-01-18 15:25:02.422,9.961
2026-01-18 15:25:02.423,9.959
2026-01-18 15:25:02.439,9.955
2026-01-18 15:25:02.455,9.959
2026-01-18 15:25:02.477,9.958
2026-01-18 15:25:02.478,9.962
2026-01-18 15:25:02.487,9.972
2026-01-18 15:25:02.506,9.971
2026-01-18 15:25:02.507,9.981
2026-01-18 15:25:02.521,9.98
2026-01-18 15:25:02.538,9.975
2026-01-18 15:25:02.555,9.969
2026-01-18 15:25:02.556,9.962
2026-01-18 15:25:02.571,9.971
2026-01-18 15:25:02.588,9.974
2026-01-18 15:25:02.605,9.973
2026-01-18 15:25:02.606,9.977
2026-01-18 15:25:02.622,9.974
2026-01-18 15:25:02.639,9.975
2026-01-18 15:25:02.640,9.979
2026-01-18 15:25:02.655,9.975
2026-01-18 15:25:02.672,9.979
2026-01-18 15:25:02.689,9.979
2026-01-18 15:25:02.689,9.975
2026-01-18 15:25:02.705,9.978
2026-01-18 15:25:02.721,9.97
2026-01-18 15:25:02.722,9.966
2026-01-18 15:25:02.739,9.965
2026-01-18 15:25:02.756,9.966
2026-01-18 15:25:02.771,9.967
2026-01-18 15:25:02.772,9.97
2026-01-18 15:25:02.789,9.968
2026-01-18 15:25:02.805,9.967
2026-01-18 15:25:02.805,9.971
2026-01-18 15:25:02.823,9.963
2026-01-18 15:25:02.839,9.958
2026-01-18 15:25:02.855,9.957
2026-01-18 15:25:02.856,9.955
2026-01-18 15:25:02.872,9.963
2026-01-18 15:25:02.889,9.962
2026-01-18 15:25:02.889,9.963
2026-01-18 15:25:02.904,9.957
2026-01-18 15:25:02.922,9.956
2026-01-18 15:25:02.939,9.956
2026-01-18 15:25:02.939,9.953
2026-01-18 15:25:02.955,9.956
2026-01-18 15:25:02.971,9.958
2026-01-18 15:25:02.988,9.954
2026-01-18 15:25:02.988,9.951
2026-01-18 15:25:03.004,9.957
2026-01-18 15:25:03.020,9.955
2026-01-18 15:25:03.038,9.961
2026-01-18 15:25:03.038,9.958
2026-01-18 15:25:03.055,9.957
2026-01-18 15:25:03.072,9.964
2026-01-18 15:25:03.072,9.963
2026-01-18 15:25:03.088,9.962
2026-01-18 15:25:03.104,9.965
2026-01-18 15:25:03.122,9.96
2026-01-18 15:25:03.122,9.958
2026-01-18 15:25:03.138,9.954
2026-01-18 15:25:03.155,9.95
2026-01-18 15:25:03.155,9.958
2026-01-18 15:25:03.171,9.958
2026-01-18 15:25:03.188,9.962
2026-01-18 15:25:03.204,9.957
2026-01-18 15:25:03.205,9.958
2026-01-18 15:25:03.238,9.958
2026-01-18 15:25:03.238,9.961
2026-01-18 15:25:03.254,9.956
2026-01-18 15:25:03.271,9.959
2026-01-18 15:25:03.287,9.954
2026-01-18 15:25:03.288,9.953
2026-01-18 15:25:03.305,9.948
2026-01-18 15:25:03.321,9.948
2026-01-18 15:25:03.321,9.954
2026-01-18 15:25:03.337,9.951
2026-01-18 15:25:03.354,9.949
2026-01-18 15:25:03.371,9.95
2026-01-18 15:25:03.371,9.951
2026-01-18 15:25:03.387,9.96
2026-01-18 15:25:03.404,9.956
2026-01-18 15:25:03.421,9.955
2026-01-18 15:25:03.422,9.955
2026-01-18 15:25:03.437,9.954
2026-01-18 15:25:03.454,9.954
2026-01-18 15:25:03.454,9.96
2026-01-18 15:25:03.475,9.962
2026-01-18 15:25:03.488,9.965
2026-01-18 15:25:03.504,9.978
2026-01-18 15:25:03.504,9.978
2026-01-18 15:25:03.521,9.974
2026-01-18 15:25:03.539,9.972
2026-01-18 15:25:03.539,9.974
2026-01-18 15:25:03.555,9.969
2026-01-18 15:25:03.573,9.965
2026-01-18 15:25:03.588,9.968
2026-01-18 15:25:03.588,9.961
2026-01-18 15:25:03.605,9.958
2026-01-18 15:25:03.621,9.957
2026-01-18 15:25:03.622,9.964
2026-01-18 15:25:03.639,9.961
2026-01-18 15:25:03.655,9.967
2026-01-18 15:25:03.672,9.969
2026-01-18 15:25:03.672,9.966
2026-01-18 15:25:03.687,9.972
2026-01-18 15:25:03.704,9.97
2026-01-18 15:25:03.721,9.967
2026-01-18 15:25:03.721,9.968
2026-01-18 15:25:03.737,9.966
2026-01-18 15:25:03.754,9.968
2026-01-18 15:25:03.754,9.962
2026-01-18 15:25:03.772,9.962
2026-01-18 15:25:03.788,9.962
2026-01-18 15:25:03.803,9.97
2026-01-18 15:25:03.803,9.969
2026-01-18 15:25:03.821,9.97
2026-01-18 15:25:03.838,9.973
2026-01-18 15:25:03.838,9.97
2026-01-18 15:25:03.855,9.972
2026-01-18 15:25:03.872,9.97
2026-01-18 15:25:03.889,9.977
2026-01-18 15:25:03.889,9.976
2026-01-18 15:25:03.905,9.972
2026-01-18 15:25:03.921,9.975
2026-01-18 15:25:03.921,9.976
2026-01-18 15:25:03.938,9.973
2026-01-18 15:25:03.954,9.973
2026-01-18 15:25:03.971,9.972
2026-01-18 15:25:03.971,9.974
2026-01-18 15:25:03.988,9.975
2026-01-18 15:25:04.005,9.982
2026-01-18 15:25:04.020,9.981
2026-01-18 15:25:04.021,9.982
2026-01-18 15:25:04.037,9.981
2026-01-18 15:25:04.055,9.979
2026-01-18 15:25:04.055,9.973
2026-01-18 15:25:04.072,9.97
2026-01-18 15:25:04.087,9.974
2026-01-18 15:25:04.104,9.973
2026-01-18 15:25:04.104,9.973
2026-01-18 15:25:04.120,9.976
2026-01-18 15:25:04.138,9.975
2026-01-18 15:25:04.138,9.971
2026-01-18 15:25:04.154,9.968
2026-01-18 15:25:04.171,9.967
2026-01-18 15:25:04.188,9.969
2026-01-18 15:25:04.188,9.975
2026-01-18 15:25:04.205,9.98
2026-01-18 15:25:04.223,9.979
2026-01-18 15:25:04.223,9.976
2026-01-18 15:25:04.244,9.979
2026-01-18 15:25:04.268,9.979
2026-01-18 15:25:04.268,9.97
2026-01-18 15:25:04.291,9.971
2026-01-18 15:25:04.291,9.974
2026-01-18 15:25:04.306,9.973
2026-01-18 15:25:04.306,9.97
2026-01-18 15:25:04.327,9.975
2026-01-18 15:25:04.340,9.978
2026-01-18 15:25:04.357,9.974
2026-01-18 15:25:04.358,9.974
2026-01-18 15:25:04.381,9.974
2026-01-18 15:25:04.381,9.981
2026-01-18 15:25:04.404,9.979
2026-01-18 15:25:04.405,9.977
2026-01-18 15:25:04.422,9.981
2026-01-18 15:25:04.438,9.98
2026-01-18 15:25:04.439,9.995
2026-01-18 15:25:04.458,10.003
2026-01-18 15:25:04.470,10.005
2026-01-18 15:25:04.488,10.0
2026-01-18 15:25:04.489,9.996
2026-01-18 15:25:04.505,9.988
2026-01-18 15:25:04.521,9.988
2026-01-18 15:25:04.522,9.983
2026-01-18 15:25:04.538,9.981
2026-01-18 15:25:04.555,9.979
2026-01-18 15:25:04.592,9.984
2026-01-18 15:25:04.592,9.977
2026-01-18 15:25:04.592,9.976
2026-01-18 15:25:04.599,9.977
2026-01-18 15:25:04.621,9.98
2026-01-18 15:25:04.622,9.975
2026-01-18 15:25:04.640,9.97
2026-01-18 15:25:04.656,9.969
2026-01-18 15:25:04.657,9.969
2026-01-18 15:25:04.673,9.971
2026-01-18 15:25:04.689,9.964
2026-01-18 15:25:04.690,9.964
2026-01-18 15:25:04.706,9.965
2026-01-18 15:25:04.722,9.968
2026-01-18 15:25:04.738,9.967
2026-01-18 15:25:04.738,9.965
2026-01-18 15:25:04.756,9.963
2026-01-18 15:25:04.771,9.965
2026-01-18 15:25:04.788,9.963
2026-01-18 15:25:04.788,9.964
2026-01-18 15:25:04.805,9.969
2026-01-18 15:25:04.821,9.968
2026-01-18 15:25:04.822,9.964
2026-01-18 15:25:04.839,9.963
2026-01-18 15:25:04.855,9.961
2026-01-18 15:25:04.873,9.962
2026-01-18 15:25:04.873,9.958
2026-01-18 15:25:04.889,9.957
2026-01-18 15:25:04.906,9.953
2026-01-18 15:25:04.907,9.952
2026-01-18 15:25:04.922,9.959
2026-01-18 15:25:04.938,9.954
2026-01-18 15:25:04.963,9.949
2026-01-18 15:25:04.964,9.953
2026-01-18 15:25:04.989,9.947
2026-01-18 15:25:04.990,9.951
2026-01-18 15:25:04.990,9.952
2026-01-18 15:25:05.006,9.949
2026-01-18 15:25:05.022,9.948
2026-01-18 15:25:05.038,9.947
2026-01-18 15:25:05.039,9.953
2026-01-18 15:25:05.054,9.948
2026-01-18 15:25:05.072,9.947
2026-01-18 15:25:05.088,9.945
2026-01-18 15:25:05.088,9.947
2026-01-18 15:25:05.105,9.948
2026-01-18 15:25:05.121,9.947
2026-01-18 15:25:05.122,9.947
2026-01-18 15:25:05.138,9.95
2026-01-18 15:25:05.154,9.949
2026-01-18 15:25:05.172,9.952
2026-01-18 15:25:05.173,9.959
2026-01-18 15:25:05.186,9.956
2026-01-18 15:25:05.203,9.955
2026-01-18 15:25:05.221,9.957
2026-01-18 15:25:05.221,9.951
2026-01-18 15:25:05.237,9.951
2026-01-18 15:25:05.255,9.957
2026-01-18 15:25:05.255,9.95
2026-01-18 15:25:05.271,9.95
2026-01-18 15:25:05.288,9.955
2026-01-18 15:25:05.305,9.95
2026-01-18 15:25:05.305,9.947
2026-01-18 15:25:05.320,9.954
2026-01-18 15:25:05.338,9.948
2026-01-18 15:25:05.340,9.946
2026-01-18 15:25:05.355,9.955
2026-01-18 15:25:05.371,9.952
2026-01-18 15:25:05.388,9.948
2026-01-18 15:25:05.388,9.962
2026-01-18 15:25:05.406,9.962
2026-01-18 15:25:05.421,9.954
2026-01-18 15:25:05.422,9.958
2026-01-18 15:25:05.439,9.955
2026-01-18 15:25:05.459,9.951
2026-01-18 15:25:05.459,9.958
2026-01-18 15:25:05.473,9.955
2026-01-18 15:25:05.489,9.948
2026-01-18 15:25:05.505,9.95
2026-01-18 15:25:05.506,9.946
2026-01-18 15:25:05.523,9.944
2026-01-18 15:25:05.539,9.954
2026-01-18 15:25:05.568,9.95
2026-01-18 15:25:05.568,9.947
2026-01-18 15:25:05.569,9.952
2026-01-18 15:25:05.595,9.948
2026-01-18 15:25:05.595,9.948
2026-01-18 15:25:05.647,9.95
2026-01-18 15:25:05.648,9.944
2026-01-18 15:25:05.648,9.941
2026-01-18 15:25:05.648,9.949
2026-01-18 15:25:05.673,9.949
2026-01-18 15:25:05.673,9.948
2026-01-18 15:25:05.673,9.948
2026-01-18 15:25:05.690,9.952
2026-01-18 15:25:05.706,9.955
2026-01-18 15:25:05.723,9.954
2026-01-18 15:25:05.723,9.956
2026-01-18 15:25:05.740,9.957
2026-01-18 15:25:05.758,9.955
2026-01-18 15:25:05.758,9.954
2026-01-18 15:25:05.772,9.957
2026-01-18 15:25:05.791,9.957
2026-01-18 15:25:05.808,9.956
2026-01-18 15:25:05.808,9.966
2026-01-18 15:25:05.829,9.963
2026-01-18 15:25:05.840,9.961
2026-01-18 15:25:05.857,9.961
2026-01-18 15:25:05.857,9.961
2026-01-18 15:25:05.873,9.956
2026-01-18 15:25:05.890,9.961
2026-01-18 15:25:05.891,9.965
2026-01-18 15:25:05.905,9.959
2026-01-18 15:25:05.947,9.954
2026-01-18 15:25:05.948,9.957
2026-01-18 15:25:05.948,9.96
2026-01-18 15:25:05.960,9.958
2026-01-18 15:25:05.973,9.957
2026-01-18 15:25:05.989,9.961
2026-01-18 15:25:05.990,9.965
2026-01-18 15:25:06.006,9.961
2026-01-18 15:25:06.023,9.96
2026-01-18 15:25:06.024,9.96
2026-01-18 15:25:06.040,9.955
2026-01-18 15:25:06.056,9.952
2026-01-18 15:25:06.058,9.959
2026-01-18 15:25:06.074,9.958
2026-01-18 15:25:06.090,9.957
2026-01-18 15:25:06.105,9.965
2026-01-18 15:25:06.106,9.969
2026-01-18 15:25:06.121,9.966
2026-01-18 15:25:06.138,9.962
2026-01-18 15:25:06.158,9.968
2026-01-18 15:25:06.158,9.964
2026-01-18 15:25:06.171,9.963
2026-01-18 15:25:06.204,9.967
2026-01-18 15:25:06.204,9.966
2026-01-18 15:25:06.204,9.965
2026-01-18 15:25:06.221,9.968
2026-01-18 15:25:06.256,9.968
2026-01-18 15:25:06.257,9.975
2026-01-18 15:25:06.257,9.971
2026-01-18 15:25:06.271,9.969
2026-01-18 15:25:06.289,9.969
2026-01-18 15:25:06.289,9.964
2026-01-18 15:25:06.303,9.971
2026-01-18 15:25:06.322,9.966
2026-01-18 15:25:06.323,9.965
2026-01-18 15:25:06.337,9.968
2026-01-18 15:25:06.352,9.971
2026-01-18 15:25:06.371,9.97
2026-01-18 15:25:06.371,9.965
2026-01-18 15:25:06.386,9.966
2026-01-18 15:25:06.404,9.963
2026-01-18 15:25:06.405,9.961
2026-01-18 15:25:06.420,9.971
2026-01-18 15:25:06.439,9.966
2026-01-18 15:25:06.462,9.964
2026-01-18 15:25:06.463,9.961
2026-01-18 15:25:06.471,9.962
2026-01-18 15:25:06.488,9.967
2026-01-18 15:25:06.503,9.964
2026-01-18 15:25:06.504,9.964
2026-01-18 15:25:06.521,9.962
2026-01-18 15:25:06.537,9.962
2026-01-18 15:25:06.538,9.97
2026-01-18 15:25:06.555,9.973
2026-01-18 15:25:06.571,9.968
2026-01-18 15:25:06.587,9.972
2026-01-18 15:25:06.587,9.968
2026-01-18 15:25:06.605,9.971
2026-01-18 15:25:06.620,9.981
2026-01-18 15:25:06.642,9.973
2026-01-18 15:25:06.643,9.97
2026-01-18 15:25:06.655,9.964
2026-01-18 15:25:06.673,9.966
2026-01-18 15:25:06.674,9.968
2026-01-18 15:25:06.688,9.963
2026-01-18 15:25:06.705,9.961
2026-01-18 15:25:06.721,9.962
2026-01-18 15:25:06.722,9.966
2026-01-18 15:25:06.737,9.963
2026-01-18 15:25:06.756,9.968
2026-01-18 15:25:06.756,9.963
2026-01-18 15:25:06.773,9.963
2026-01-18 15:25:06.789,9.962
2026-01-18 15:25:06.790,9.96
2026-01-18 15:25:06.805,9.961
2026-01-18 15:25:06.822,9.959
2026-01-18 15:25:06.839,9.955
2026-01-18 15:25:06.839,9.959
2026-01-18 15:25:06.854,9.959
2026-01-18 15:25:06.873,9.958
2026-01-18 15:25:06.888,9.959
2026-01-18 15:25:06.888,9.962
2026-01-18 15:25:06.906,9.958
2026-01-18 15:25:06.920,9.965
2026-01-18 15:25:06.938,9.963
2026-01-18 15:25:06.939,9.96
2026-01-18 15:25:06.955,9.964
2026-01-18 15:25:06.973,9.962
2026-01-18 15:25:06.974,9.958
2026-01-18 15:25:06.990,9.964
2026-01-18 15:25:07.005,9.964
2026-01-18 15:25:07.006,9.961
2026-01-18 15:25:07.025,9.96
2026-01-18 15:25:07.038,9.965
2026-01-18 15:25:07.056,9.966
2026-01-18 15:25:07.057,9.962
2026-01-18 15:25:07.073,9.966
2026-01-18 15:25:07.103,9.963
2026-01-18 15:25:07.104,9.961
2026-01-18 15:25:07.104,9.963
2026-01-18 15:25:07.144,9.963
2026-01-18 15:25:07.144,9.96
2026-01-18 15:25:07.156,9.965
2026-01-18 15:25:07.174,9.966
2026-01-18 15:25:07.175,9.967
2026-01-18 15:25:07.189,9.963
2026-01-18 15:25:07.205,9.968
2026-01-18 15:25:07.222,9.966
2026-01-18 15:25:07.223,9.967
2026-01-18 15:25:07.238,9.965
2026-01-18 15:25:07.255,9.968
2026-01-18 15:25:07.272,9.969
2026-01-18 15:25:07.273,9.963
2026-01-18 15:25:07.288,9.965
2026-01-18 15:25:07.337,9.961
2026-01-18 15:25:07.338,9.959
2026-01-18 15:25:07.338,9.963
2026-01-18 15:25:07.340,9.969
2026-01-18 15:25:07.348,9.963
2026-01-18 15:25:07.373,9.962
2026-01-18 15:25:07.391,9.968
2026-01-18 15:25:07.392,9.963
2026-01-18 15:25:07.407,9.968
2026-01-18 15:25:07.425,9.965
2026-01-18 15:25:07.426,9.96
2026-01-18 15:25:07.439,9.96
2026-01-18 15:25:07.464,9.958
2026-01-18 15:25:07.464,9.955
2026-01-18 15:25:07.478,9.959
2026-01-18 15:25:07.487,9.967
2026-01-18 15:25:07.504,9.967
2026-01-18 15:25:07.520,9.966
2026-01-18 15:25:07.539,9.966
2026-01-18 15:25:07.540,9.967
2026-01-18 15:25:07.555,9.964
2026-01-18 15:25:07.572,9.968
2026-01-18 15:25:07.588,9.967
2026-01-18 15:25:07.605,9.97
2026-01-18 15:25:07.606,9.969
2026-01-18 15:25:07.622,9.969
2026-01-18 15:25:07.638,9.968
2026-01-18 15:25:07.654,9.973
2026-01-18 15:25:07.654,9.969
2026-01-18 15:25:07.670,9.964
2026-01-18 15:25:07.689,9.966
2026-01-18 15:25:07.690,9.96
2026-01-18 15:25:07.705,9.959
2026-01-18 15:25:07.720,9.964
2026-01-18 15:25:07.741,9.961
2026-01-18 15:25:07.742,9.959
2026-01-18 15:25:07.755,9.961
2026-01-18 15:25:07.771,9.955
2026-01-18 15:25:07.789,9.952
2026-01-18 15:25:07.789,9.953
2026-01-18 15:25:07.805,9.959
2026-01-18 15:25:07.822,9.956
2026-01-18 15:25:07.822,9.959
2026-01-18 15:25:07.838,9.962
2026-01-18 15:25:07.854,9.963
2026-01-18 15:25:07.872,9.968
2026-01-18 15:25:07.872,9.965
2026-01-18 15:25:07.889,9.965
2026-01-18 15:25:07.907,9.966
2026-01-18 15:25:07.908,9.963
2026-01-18 15:25:07.921,9.966
2026-01-18 15:25:07.939,9.969
2026-01-18 15:25:07.957,9.966
2026-01-18 15:25:07.958,9.963
2026-01-18 15:25:07.972,9.961
2026-01-18 15:25:07.989,9.964
2026-01-18 15:25:07.990,9.97
2026-01-18 15:25:08.005,9.963
2026-01-18 15:25:08.022,9.96
2026-01-18 15:25:08.041,9.964
2026-01-18 15:25:08.042,9.968
2026-01-18 15:25:08.055,9.966
2026-01-18 15:25:08.073,9.963
2026-01-18 15:25:08.074,9.965
2026-01-18 15:25:08.092,9.96
2026-01-18 15:25:08.108,9.961
2026-01-18 15:25:08.125,9.958
2026-01-18 15:25:08.125,9.95
2026-01-18 15:25:08.139,9.948
2026-01-18 15:25:08.158,9.948
2026-01-18 15:25:08.158,9.95
2026-01-18 15:25:08.174,9.954
2026-01-18 15:25:08.192,9.95
2026-01-18 15:25:08.256,9.948
2026-01-18 15:25:08.257,9.951
2026-01-18 15:25:08.257,9.952
2026-01-18 15:25:08.257,9.952
2026-01-18 15:25:08.257,9.951
2026-01-18 15:25:08.258,9.956
2026-01-18 15:25:08.280,9.954
2026-01-18 15:25:08.283,9.954
2026-01-18 15:25:08.296,9.957
2026-01-18 15:25:08.305,9.954
2026-01-18 15:25:08.320,9.951
2026-01-18 15:25:08.327,9.953
2026-01-18 15:25:08.352,9.95
2026-01-18 15:25:08.356,9.951
2026-01-18 15:25:08.371,9.951
2026-01-18 15:25:08.385,9.946
2026-01-18 15:25:08.388,9.947
2026-01-18 15:25:08.404,9.95
2026-01-18 15:25:08.420,9.947
2026-01-18 15:25:08.420,9.945
2026-01-18 15:25:08.438,9.947
2026-01-18 15:25:08.461,9.946
2026-01-18 15:25:08.461,9.943
2026-01-18 15:25:08.468,9.948
2026-01-18 15:25:08.487,9.945
2026-01-18 15:25:08.501,9.95
2026-01-18 15:25:08.518,9.955
2026-01-18 15:25:08.518,9.958
2026-01-18 15:25:08.535,9.958
2026-01-18 15:25:08.551,9.963
2026-01-18 15:25:08.551,9.961
2026-01-18 15:25:08.557,9.959
2026-01-18 15:25:08.589,9.963
2026-01-18 15:25:08.589,9.957
2026-01-18 15:25:08.604,9.956
2026-01-18 15:25:08.621,9.962
2026-01-18 15:25:08.637,9.96
2026-01-18 15:25:08.637,9.959
2026-01-18 15:25:08.676,9.959
2026-01-18 15:25:08.678,9.955
2026-01-18 15:25:08.678,9.962
2026-01-18 15:25:08.689,9.963
2026-01-18 15:25:08.708,9.967
2026-01-18 15:25:08.708,9.97
2026-01-18 15:25:08.729,9.964
2026-01-18 15:25:08.741,9.963
2026-01-18 15:25:08.754,9.968
2026-01-18 15:25:08.776,9.971
2026-01-18 15:25:08.777,9.966
2026-01-18 15:25:08.790,9.967
2026-01-18 15:25:08.807,9.969
2026-01-18 15:25:08.812,9.965
2026-01-18 15:25:08.833,9.967
2026-01-18 15:25:08.840,9.961
2026-01-18 15:25:08.855,9.962
2026-01-18 15:25:08.855,9.964
2026-01-18 15:25:08.872,9.963
2026-01-18 15:25:08.888,9.962
2026-01-18 15:25:08.903,9.959
2026-01-18 15:25:08.905,9.96
2026-01-18 15:25:08.922,9.96
2026-01-18 15:25:08.937,9.964
2026-01-18 15:25:08.937,9.967
2026-01-18 15:25:08.957,9.971
2026-01-18 15:25:08.976,9.968
2026-01-18 15:25:08.976,9.966
2026-01-18 15:25:08.986,9.975
2026-01-18 15:25:09.002,9.978
2026-01-18 15:25:09.020,9.974
2026-01-18 15:25:09.023,9.976
2026-01-18 15:25:09.038,9.969
2026-01-18 15:25:09.056,9.964
2026-01-18 15:25:09.070,9.969
2026-01-18 15:25:09.070,9.973
2026-01-18 15:25:09.088,9.971
2026-01-18 15:25:09.106,9.973
2026-01-18 15:25:09.106,9.97
2026-01-18 15:25:09.119,9.98
2026-01-18 15:25:09.137,9.99
2026-01-18 15:25:09.155,9.989
2026-01-18 15:25:09.155,9.988
2026-01-18 15:25:09.171,9.987
2026-01-18 15:25:09.189,9.984
2026-01-18 15:25:09.189,9.979
2026-01-18 15:25:09.205,9.977
2026-01-18 15:25:09.226,9.975
2026-01-18 15:25:09.226,9.968
2026-01-18 15:25:09.240,9.966
2026-01-18 15:25:09.253,9.962
2026-01-18 15:25:09.272,9.962
2026-01-18 15:25:09.287,9.962
2026-01-18 15:25:09.287,9.97
2026-01-18 15:25:09.304,9.967
2026-01-18 15:25:09.319,9.971
2026-01-18 15:25:09.335,9.971
2026-01-18 15:25:09.335,9.967
2026-01-18 15:25:09.353,9.964
2026-01-18 15:25:09.368,9.961
2026-01-18 15:25:09.386,9.966
2026-01-18 15:25:09.386,9.964
2026-01-18 15:25:09.429,9.963
2026-01-18 15:25:09.429,9.963
2026-01-18 15:25:09.429,9.961
2026-01-18 15:25:09.429,9.965
2026-01-18 15:25:09.459,9.963
2026-01-18 15:25:09.461,9.967
2026-01-18 15:25:09.469,9.967
2026-01-18 15:25:09.485,9.964
2026-01-18 15:25:09.506,9.97
2026-01-18 15:25:09.506,9.963
2026-01-18 15:25:09.522,9.967
2026-01-18 15:25:09.526,9.967
2026-01-18 15:25:09.555,9.97
2026-01-18 15:25:09.555,9.968
2026-01-18 15:25:09.571,9.965
2026-01-18 15:25:09.585,9.962
2026-01-18 15:25:09.585,9.963
2026-01-18 15:25:09.602,9.962
2026-01-18 15:25:09.618,9.96
2026-01-18 15:25:09.636,9.955
2026-01-18 15:25:09.636,9.961
2026-01-18 15:25:09.652,9.958
2026-01-18 15:25:09.666,9.965
2026-01-18 15:25:09.684,9.964
2026-01-18 15:25:09.686,9.967
2026-01-18 15:25:09.700,9.968
2026-01-18 15:25:09.719,9.967
2026-01-18 15:25:09.719,9.969
2026-01-18 15:25:09.737,9.967
2026-01-18 15:25:09.752,9.972
2026-01-18 15:25:09.768,9.971
2026-01-18 15:25:09.768,9.97
2026-01-18 15:25:09.788,9.964
2026-01-18 15:25:09.802,9.963
2026-01-18 15:25:09.802,9.959
2026-01-18 15:25:09.818,9.956
2026-01-18 15:25:09.834,9.958
2026-01-18 15:25:09.851,9.958
2026-01-18 15:25:09.851,9.964
2026-01-18 15:25:09.869,9.965
2026-01-18 15:25:09.888,9.97
2026-01-18 15:25:09.888,9.966
2026-01-18 15:25:09.900,9.961
2026-01-18 15:25:09.918,9.962
2026-01-18 15:25:09.934,9.961
2026-01-18 15:25:09.934,9.959
2026-01-18 15:25:09.952,9.964
2026-01-18 15:25:09.963,9.962
2026-01-18 15:25:09.963,9.96
2026-01-18 15:25:09.979,9.956
2026-01-18 15:25:09.995,9.956
2026-01-18 15:25:10.036,9.963
2026-01-18 15:25:10.038,9.962
2026-01-18 15:25:10.038,9.961
2026-01-18 15:25:10.048,9.961
2026-01-18 15:25:10.070,9.958
2026-01-18 15:25:10.070,9.956
2026-01-18 15:25:10.087,9.964
2026-01-18 15:25:10.091,9.968
2026-01-18 15:25:10.091,9.964
2026-01-18 15:25:10.120,9.968
2026-01-18 15:25:10.136,9.967
2026-01-18 15:25:10.155,9.969
2026-01-18 15:25:10.155,9.968
2026-01-18 15:25:10.170,9.965
2026-01-18 15:25:10.187,9.969
2026-01-18 15:25:10.187,9.967
2026-01-18 15:25:10.203,9.968
2026-01-18 15:25:10.220,9.97
2026-01-18 15:25:10.236,9.966
2026-01-18 15:25:10.236,9.969
2026-01-18 15:25:10.249,9.967
2026-01-18 15:25:10.269,9.971
2026-01-18 15:25:10.269,9.979
2026-01-18 15:25:10.288,9.975
2026-01-18 15:25:10.304,9.976
2026-01-18 15:25:10.319,9.98
2026-01-18 15:25:10.334,9.979
2026-01-18 15:25:10.352,9.972
2026-01-18 15:25:10.352,9.97
2026-01-18 15:25:10.370,9.967
2026-01-18 15:25:10.380,9.97
2026-01-18 15:25:10.403,9.967
2026-01-18 15:25:10.403,9.974
2026-01-18 15:25:10.419,9.974
2026-01-18 15:25:10.436,9.979
2026-01-18 15:25:10.453,9.975
2026-01-18 15:25:10.453,9.976
2026-01-18 15:25:10.477,9.973
2026-01-18 15:25:10.479,9.979
2026-01-18 15:25:10.487,9.976
2026-01-18 15:25:10.503,9.981
2026-01-18 15:25:10.520,9.978
2026-01-18 15:25:10.521,9.98
2026-01-18 15:25:10.536,9.981
2026-01-18 15:25:10.553,9.98
2026-01-18 15:25:10.570,9.979
2026-01-18 15:25:10.570,9.985
2026-01-18 15:25:10.584,9.983
2026-01-18 15:25:10.603,9.98
2026-01-18 15:25:10.609,9.989
2026-01-18 15:25:10.625,9.982
2026-01-18 15:25:10.638,9.983
2026-01-18 15:25:10.652,9.979
2026-01-18 15:25:10.655,9.983
2026-01-18 15:25:10.670,9.975
2026-01-18 15:25:10.686,9.97
2026-01-18 15:25:10.703,9.965
2026-01-18 15:25:10.703,9.964
2026-01-18 15:25:10.721,9.971
2026-01-18 15:25:10.740,9.982
2026-01-18 15:25:10.740,9.985
2026-01-18 15:25:10.755,9.978
2026-01-18 15:25:10.771,9.974
2026-01-18 15:25:10.786,9.981
2026-01-18 15:25:10.786,9.978
2026-01-18 15:25:10.803,9.977
2026-01-18 15:25:10.825,9.976
2026-01-18 15:25:10.825,9.975
2026-01-18 15:25:10.835,9.974
2026-01-18 15:25:10.851,9.976
2026-01-18 15:25:10.865,9.974
2026-01-18 15:25:10.865,9.977
2026-01-18 15:25:10.886,9.975
2026-01-18 15:25:10.902,9.969
2026-01-18 15:25:10.907,9.977
2026-01-18 15:25:10.920,9.975
2026-01-18 15:25:10.936,9.978
2026-01-18 15:25:10.953,9.977
2026-01-18 15:25:10.953,9.974
2026-01-18 15:25:10.971,9.979
2026-01-18 15:25:10.986,9.979
2026-01-18 15:25:11.002,9.975
2026-01-18 15:25:11.002,9.977
2026-01-18 15:25:11.020,9.972
2026-01-18 15:25:11.034,9.968
2026-01-18 15:25:11.034,9.98
2026-01-18 15:25:11.051,9.975
2026-01-18 15:25:11.069,9.974
2026-01-18 15:25:11.087,9.976
2026-01-18 15:25:11.087,9.972
2026-01-18 15:25:11.103,9.979
2026-01-18 15:25:11.121,9.973
2026-01-18 15:25:11.121,9.971
2026-01-18 15:25:11.136,9.971
2026-01-18 15:25:11.156,9.977
2026-01-18 15:25:11.157,9.982
2026-01-18 15:25:11.171,9.973
2026-01-18 15:25:11.186,9.971
2026-01-18 15:25:11.202,9.975
2026-01-18 15:25:11.220,9.969
2026-01-18 15:25:11.220,9.966
2026-01-18 15:25:11.236,9.969
2026-01-18 15:25:11.250,9.969
2026-01-18 15:25:11.250,9.961
2026-01-18 15:25:11.269,9.965
2026-01-18 15:25:11.287,9.97
2026-01-18 15:25:11.300,9.972
2026-01-18 15:25:11.300,9.971
2026-01-18 15:25:11.318,9.974
2026-01-18 15:25:11.336,9.97
2026-01-18 15:25:11.344,9.97
2026-01-18 15:25:11.344,9.972
2026-01-18 15:25:11.370,9.968
2026-01-18 15:25:11.401,9.963
2026-01-18 15:25:11.401,9.969
2026-01-18 15:25:11.401,9.968
2026-01-18 15:25:11.413,9.966
2026-01-18 15:25:11.422,9.966
2026-01-18 15:25:11.432,9.964
2026-01-18 15:25:11.445,9.967
2026-01-18 15:25:11.480,9.964
2026-01-18 15:25:11.480,9.96
2026-01-18 15:25:11.488,9.97
2026-01-18 15:25:11.505,9.971
2026-01-18 15:25:11.506,9.971
2026-01-18 15:25:11.519,9.97
2026-01-18 15:25:11.536,9.971
2026-01-18 15:25:11.552,9.974
2026-01-18 15:25:11.552,9.966
2026-01-18 15:25:11.562,9.969
2026-01-18 15:25:11.586,9.971
2026-01-18 15:25:11.609,9.967
2026-01-18 15:25:11.609,9.966
2026-01-18 15:25:11.621,9.966
2026-01-18 15:25:11.635,9.964
2026-01-18 15:25:11.653,9.964
2026-01-18 15:25:11.654,9.967
2026-01-18 15:25:11.670,9.968
2026-01-18 15:25:11.686,9.976
2026-01-18 15:25:11.686,9.969
2026-01-18 15:25:11.701,9.971
2026-01-18 15:25:11.718,9.974
2026-01-18 15:25:11.736,9.966
2026-01-18 15:25:11.736,9.974
2026-01-18 15:25:11.750,9.973
2026-01-18 15:25:11.769,9.98
2026-01-18 15:25:11.769,9.987
2026-01-18 15:25:11.775,9.983
2026-01-18 15:25:11.800,9.979
2026-01-18 15:25:11.820,9.976
2026-01-18 15:25:11.820,9.977
2026-01-18 15:25:11.831,9.971
2026-01-18 15:25:11.851,9.973
2026-01-18 15:25:11.867,9.969
2026-01-18 15:25:11.869,9.972
2026-01-18 15:25:11.871,9.967
2026-01-18 15:25:11.893,9.962
2026-01-18 15:25:11.903,9.961
2026-01-18 15:25:11.919,9.961
2026-01-18 15:25:11.950,9.964
2026-01-18 15:25:11.951,9.961
2026-01-18 15:25:11.951,9.961
2026-01-18 15:25:11.970,9.961
2026-01-18 15:25:11.985,9.965
2026-01-18 15:25:11.987,9.959
2026-01-18 15:25:12.008,9.965
2026-01-18 15:25:12.010,9.964
2026-01-18 15:25:12.022,9.969
2026-01-18 15:25:12.034,9.97
2026-01-18 15:25:12.094,9.979
2026-01-18 15:25:12.094,9.974
2026-01-18 15:25:12.125,9.975
2026-01-18 15:25:12.125,9.969
2026-01-18 15:25:12.125,9.961
2026-01-18 15:25:12.127,9.961
2026-01-18 15:25:12.127,9.957
2026-01-18 15:25:12.134,9.959
2026-01-18 15:25:12.157,9.959
2026-01-18 15:25:12.157,9.963
2026-01-18 15:25:12.168,9.963
2026-01-18 15:25:12.187,9.966
2026-01-18 15:25:12.201,9.966
2026-01-18 15:25:12.204,9.973
2026-01-18 15:25:12.220,9.969
2026-01-18 15:25:12.236,9.972
2026-01-18 15:25:12.251,9.971
2026-01-18 15:25:12.251,9.967
2026-01-18 15:25:12.264,9.964
2026-01-18 15:25:12.281,9.967
2026-01-18 15:25:12.281,9.965
2026-01-18 15:25:12.297,9.964
2026-01-18 15:25:12.320,9.964
2026-01-18 15:25:12.322,9.963
2026-01-18 15:25:12.334,9.961
2026-01-18 15:25:12.353,9.955
2026-01-18 15:25:12.370,9.959
2026-01-18 15:25:12.371,9.962
2026-01-18 15:25:12.386,9.96
2026-01-18 15:25:12.403,9.962
2026-01-18 15:25:12.419,9.958
2026-01-18 15:25:12.419,9.97
2026-01-18 15:25:12.436,9.965
2026-01-18 15:25:12.462,9.971
2026-01-18 15:25:12.462,9.967
2026-01-18 15:25:12.474,9.971
2026-01-18 15:25:12.474,9.969
2026-01-18 15:25:12.500,9.972
2026-01-18 15:25:12.503,9.968
2026-01-18 15:25:12.514,9.975
2026-01-18 15:25:12.530,9.97
2026-01-18 15:25:12.546,9.974
2026-01-18 15:25:12.546,9.972
2026-01-18 15:25:12.565,9.977
2026-01-18 15:25:12.578,9.971
2026-01-18 15:25:12.578,9.971
2026-01-18 15:25:12.597,9.966
2026-01-18 15:25:12.618,9.971
2026-01-18 15:25:12.626,9.969
2026-01-18 15:25:12.626,9.97
2026-01-18 15:25:12.645,9.966
2026-01-18 15:25:12.662,9.973
2026-01-18 15:25:12.662,9.969
2026-01-18 15:25:12.672,9.969
2026-01-18 15:25:12.694,9.965
2026-01-18 15:25:12.720,9.97
2026-01-18 15:25:12.720,9.968
2026-01-18 15:25:12.736,9.969
2026-01-18 15:25:12.776,9.965
2026-01-18 15:25:12.778,9.967
2026-01-18 15:25:12.778,9.967
2026-01-18 15:25:12.778,9.972
2026-01-18 15:25:12.803,9.97
2026-01-18 15:25:12.803,9.974
2026-01-18 15:25:12.811,9.97
2026-01-18 15:25:12.828,9.973
2026-01-18 15:25:12.842,9.974
2026-01-18 15:25:12.842,9.969
2026-01-18 15:25:12.858,9.969
2026-01-18 15:25:12.876,9.966
2026-01-18 15:25:12.876,9.963
2026-01-18 15:25:12.902,9.965
2026-01-18 15:25:12.920,9.965
2026-01-18 15:25:12.922,9.963
2026-01-18 15:25:12.953,9.964
2026-01-18 15:25:12.954,9.96
2026-01-18 15:25:12.972,9.959
2026-01-18 15:25:12.973,9.971
2026-01-18 15:25:12.987,9.977
2026-01-18 15:25:13.007,9.973
2026-01-18 15:25:13.008,9.972
2026-01-18 15:25:13.027,9.968
2026-01-18 15:25:13.037,9.965
2026-01-18 15:25:13.053,9.972
2026-01-18 15:25:13.056,9.969
2026-01-18 15:25:13.069,9.967
2026-01-18 15:25:13.086,9.962
2026-01-18 15:25:13.103,9.961
2026-01-18 15:25:13.103,9.964
2026-01-18 15:25:13.120,9.962
2026-01-18 15:25:13.137,9.973
2026-01-18 15:25:13.137,9.971
2026-01-18 15:25:13.155,9.969
2026-01-18 15:25:13.169,9.969
2026-01-18 15:25:13.188,9.968
2026-01-18 15:25:13.188,9.969
2026-01-18 15:25:13.202,9.97
2026-01-18 15:25:13.221,9.968
2026-01-18 15:25:13.221,9.974
2026-01-18 15:25:13.234,9.968
2026-01-18 15:25:13.253,9.973
2026-01-18 15:25:13.269,9.973
2026-01-18 15:25:13.269,9.976
2026-01-18 15:25:13.278,9.975
2026-01-18 15:25:13.291,9.979
2026-01-18 15:25:13.318,9.975
2026-01-18 15:25:13.318,9.976
2026-01-18 15:25:13.335,9.972
2026-01-18 15:25:13.353,9.969
2026-01-18 15:25:13.353,9.966
2026-01-18 15:25:13.354,9.961
2026-01-18 15:25:13.381,9.963
2026-01-18 15:25:13.402,9.974
2026-01-18 15:25:13.402,9.97
2026-01-18 15:25:13.418,9.967
2026-01-18 15:25:13.435,9.961
2026-01-18 15:25:13.451,9.962
2026-01-18 15:25:13.451,9.96
2026-01-18 15:25:13.471,9.967
2026-01-18 15:25:13.482,9.963
2026-01-18 15:25:13.482,9.965
2026-01-18 15:25:13.497,9.968
2026-01-18 15:25:13.521,9.974
2026-01-18 15:25:13.521,9.97
2026-01-18 15:25:13.535,9.974
2026-01-18 15:25:13.553,9.971
2026-01-18 15:25:13.569,9.974
2026-01-18 15:25:13.570,9.977
2026-01-18 15:25:13.588,9.969
2026-01-18 15:25:13.602,9.971
2026-01-18 15:25:13.621,9.967
2026-01-18 15:25:13.621,9.97
2026-01-18 15:25:13.636,9.969
2026-01-18 15:25:13.653,9.977
2026-01-18 15:25:13.654,9.973
2026-01-18 15:25:13.669,9.978
2026-01-18 15:25:13.686,9.973
2026-01-18 15:25:13.702,9.975
2026-01-18 15:25:13.704,9.97
2026-01-18 15:25:13.718,9.975
2026-01-18 15:25:13.735,9.97
2026-01-18 15:25:13.738,9.967
2026-01-18 15:25:13.752,9.963
2026-01-18 15:25:13.773,9.961
2026-01-18 15:25:13.773,9.96
2026-01-18 15:25:13.787,9.96
2026-01-18 15:25:13.804,9.964
2026-01-18 15:25:13.821,9.966
2026-01-18 15:25:13.821,9.966
2026-01-18 15:25:13.836,9.971
2026-01-18 15:25:13.851,9.973
2026-01-18 15:25:13.868,9.977
2026-01-18 15:25:13.868,9.972
2026-01-18 15:25:13.885,9.966
2026-01-18 15:25:13.906,9.966
2026-01-18 15:25:13.918,9.966
2026-01-18 15:25:13.936,9.965
2026-01-18 15:25:13.952,9.971
2026-01-18 15:25:13.969,9.97
2026-01-18 15:25:13.969,9.966
2026-01-18 15:25:13.984,9.973
2026-01-18 15:25:14.001,9.97
2026-01-18 15:25:14.001,9.967
2026-01-18 15:25:14.018,9.971
2026-01-18 15:25:14.034,9.965
2026-01-18 15:25:14.052,9.968
2026-01-18 15:25:14.052,9.978
2026-01-18 15:25:14.069,9.976
2026-01-18 15:25:14.087,9.981
2026-01-18 15:25:14.087,9.972
2026-01-18 15:25:14.101,9.966
2026-01-18 15:25:14.159,9.964
2026-01-18 15:25:14.159,9.963
2026-01-18 15:25:14.159,9.969
2026-01-18 15:25:14.163,9.97
2026-01-18 15:25:14.163,9.973
2026-01-18 15:25:14.172,9.985
2026-01-18 15:25:14.187,9.977
2026-01-18 15:25:14.204,9.979
2026-01-18 15:25:14.204,9.973
2026-01-18 15:25:14.220,9.971
2026-01-18 15:25:14.237,9.973
2026-01-18 15:25:14.252,9.97
2026-01-18 15:25:14.252,9.972
2026-01-18 15:25:14.269,9.968
2026-01-18 15:25:14.286,9.969
2026-01-18 15:25:14.302,9.963
2026-01-18 15:25:14.302,9.969
2026-01-18 15:25:14.319,9.969
2026-01-18 15:25:14.335,9.969
2026-01-18 15:25:14.350,9.968
2026-01-18 15:25:14.350,9.973
2026-01-18 15:25:14.369,9.968
2026-01-18 15:25:14.380,9.965
2026-01-18 15:25:14.380,9.96
2026-01-18 15:25:14.396,9.964
2026-01-18 15:25:14.418,9.964
2026-01-18 15:25:14.435,9.96
2026-01-18 15:25:14.435,9.963
2026-01-18 15:25:14.452,9.959
2026-01-18 15:25:14.452,9.958
2026-01-18 15:25:14.469,9.957
2026-01-18 15:25:14.485,9.962
2026-01-18 15:25:14.503,9.958
2026-01-18 15:25:14.562,9.959
2026-01-18 15:25:14.564,9.956
2026-01-18 15:25:14.564,9.955
2026-01-18 15:25:14.564,9.96
2026-01-18 15:25:14.564,9.957
2026-01-18 15:25:14.574,9.954
2026-01-18 15:25:14.585,9.964
2026-01-18 15:25:14.601,9.974
2026-01-18 15:25:14.601,9.967
2026-01-18 15:25:14.617,9.962
2026-01-18 15:25:14.635,9.963
2026-01-18 15:25:14.653,9.962
2026-01-18 15:25:14.653,9.959
2026-01-18 15:25:14.670,9.957
2026-01-18 15:25:14.686,9.952
2026-01-18 15:25:14.686,9.95
2026-01-18 15:25:14.703,9.951
2026-01-18 15:25:14.718,9.957
2026-01-18 15:25:14.731,9.956
2026-01-18 15:25:14.731,9.954
2026-01-18 15:25:14.750,9.952
2026-01-18 15:25:14.767,9.963
2026-01-18 15:25:14.776,9.962
2026-01-18 15:25:14.776,9.961
2026-01-18 15:25:14.797,9.959
2026-01-18 15:25:14.810,9.963
2026-01-18 15:25:14.810,9.965
2026-01-18 15:25:14.831,9.967
2026-01-18 15:25:14.839,9.974
2026-01-18 15:25:14.856,9.972
2026-01-18 15:25:14.856,9.969
2026-01-18 15:25:14.875,9.971
2026-01-18 15:25:14.901,9.976
2026-01-18 15:25:14.903,9.972
2026-01-18 15:25:14.912,9.971
2026-01-18 15:25:14.936,9.97
2026-01-18 15:25:14.951,9.973
2026-01-18 15:25:14.951,9.968
2026-01-18 15:25:14.968,9.966
2026-01-18 15:25:14.986,9.965
2026-01-18 15:25:14.986,9.965
2026-01-18 15:25:15.002,9.97
2026-01-18 15:25:15.018,9.978
2026-01-18 15:25:15.036,9.972
2026-01-18 15:25:15.036,9.968
2026-01-18 15:25:15.049,9.968
2026-01-18 15:25:15.069,9.972
2026-01-18 15:25:15.069,9.977
2026-01-18 15:25:15.078,9.975
2026-01-18 15:25:15.102,9.971
2026-01-18 15:25:15.118,9.973
2026-01-18 15:25:15.118,9.977
2026-01-18 15:25:15.135,9.98
2026-01-18 15:25:15.152,9.976
2026-01-18 15:25:15.152,9.976
2026-01-18 15:25:15.169,9.978
2026-01-18 15:25:15.185,9.978
2026-01-18 15:25:15.202,9.974
2026-01-18 15:25:15.202,9.974
2026-01-18 15:25:15.218,9.967
2026-01-18 15:25:15.235,9.965
2026-01-18 15:25:15.244,9.965
2026-01-18 15:25:15.244,9.967
2026-01-18 15:25:15.270,9.968
2026-01-18 15:25:15.284,9.967
2026-01-18 15:25:15.284,9.963
2026-01-18 15:25:15.300,9.961
2026-01-18 15:25:15.319,9.967
2026-01-18 15:25:15.334,9.97
2026-01-18 15:25:15.334,9.965
2026-01-18 15:25:15.353,9.961
2026-01-18 15:25:15.368,9.964
2026-01-18 15:25:15.368,9.965
2026-01-18 15:25:15.385,9.96
2026-01-18 15:25:15.401,9.964
2026-01-18 15:25:15.418,9.961
2026-01-18 15:25:15.418,9.96
2026-01-18 15:25:15.435,9.962
2026-01-18 15:25:15.451,9.961
2026-01-18 15:25:15.499,9.964
2026-01-18 15:25:15.501,9.959
2026-01-18 15:25:15.501,9.959
2026-01-18 15:25:15.501,9.959
2026-01-18 15:25:15.503,9.957
2026-01-18 15:25:15.517,9.967
2026-01-18 15:25:15.536,9.968
2026-01-18 15:25:15.546,9.97
2026-01-18 15:25:15.546,9.965
2026-01-18 15:25:15.569,9.967
2026-01-18 15:25:15.585,9.966
2026-01-18 15:25:15.585,9.964
2026-01-18 15:25:15.603,9.968
2026-01-18 15:25:15.619,9.973
2026-01-18 15:25:15.636,9.968
2026-01-18 15:25:15.636,9.967
2026-01-18 15:25:15.649,9.972
2026-01-18 15:25:15.669,9.969
2026-01-18 15:25:15.669,9.969
2026-01-18 15:25:15.685,9.976
2026-01-18 15:25:15.701,9.97
2026-01-18 15:25:15.718,9.968
2026-01-18 15:25:15.718,9.974
2026-01-18 15:25:15.735,9.98
2026-01-18 15:25:15.745,9.978
2026-01-18 15:25:15.769,9.978
2026-01-18 15:25:15.772,9.98
2026-01-18 15:25:15.804,9.983
2026-01-18 15:25:15.811,9.978
2026-01-18 15:25:15.813,9.978
2026-01-18 15:25:15.813,9.98
2026-01-18 15:25:15.835,9.979
2026-01-18 15:25:15.850,9.974
2026-01-18 15:25:15.850,9.978
2026-01-18 15:25:15.859,9.982
2026-01-18 15:25:15.881,9.978
2026-01-18 15:25:15.886,9.979
2026-01-18 15:25:15.887,9.98
2026-01-18 15:25:15.920,9.98
2026-01-18 15:25:15.936,9.976
2026-01-18 15:25:15.936,9.975
2026-01-18 15:25:15.953,9.977
2026-01-18 15:25:15.969,9.972
2026-01-18 15:25:15.969,9.971
2026-01-18 15:25:15.985,9.97
2026-01-18 15:25:16.001,9.969
2026-01-18 15:25:16.018,9.97
2026-01-18 15:25:16.018,9.976
2026-01-18 15:25:16.034,9.976
2026-01-18 15:25:16.051,9.973
2026-01-18 15:25:16.068,9.978
2026-01-18 15:25:16.068,9.98
2026-01-18 15:25:16.084,9.976
2026-01-18 15:25:16.102,9.97
2026-01-18 15:25:16.102,9.97
2026-01-18 15:25:16.118,9.967
2026-01-18 15:25:16.135,9.967
2026-01-18 15:25:16.144,9.965
2026-01-18 15:25:16.144,9.971
2026-01-18 15:25:16.167,9.97
2026-01-18 15:25:16.185,9.97
2026-01-18 15:25:16.185,9.968
2026-01-18 15:25:16.201,9.97
2026-01-18 15:25:16.219,9.965
2026-01-18 15:25:16.235,9.965
2026-01-18 15:25:16.236,9.97
2026-01-18 15:25:16.252,9.974
2026-01-18 15:25:16.267,9.974
2026-01-18 15:25:16.269,9.974
2026-01-18 15:25:16.284,9.981
2026-01-18 15:25:16.302,9.977
2026-01-18 15:25:16.319,9.973
2026-01-18 15:25:16.319,9.971
2026-01-18 15:25:16.335,9.976
2026-01-18 15:25:16.351,9.973
2026-01-18 15:25:16.367,9.969
2026-01-18 15:25:16.369,9.967
2026-01-18 15:25:16.385,9.964
2026-01-18 15:25:16.401,9.96
2026-01-18 15:25:16.401,9.961
2026-01-18 15:25:16.417,9.963
2026-01-18 15:25:16.434,9.964
2026-01-18 15:25:16.439,9.96
2026-01-18 15:25:16.439,9.952
2026-01-18 15:25:16.454,9.956
2026-01-18 15:25:16.492,9.954
2026-01-18 15:25:16.492,9.951
2026-01-18 15:25:16.500,9.951
2026-01-18 15:25:16.518,9.957
2026-01-18 15:25:16.536,9.957
2026-01-18 15:25:16.536,9.955
2026-01-18 15:25:16.549,9.963
2026-01-18 15:25:16.568,9.968
2026-01-18 15:25:16.583,9.968
2026-01-18 15:25:16.583,9.966
2026-01-18 15:25:16.597,9.969
2026-01-18 15:25:16.618,9.97
2026-01-18 15:25:16.618,9.961
2026-01-18 15:25:16.635,9.958
2026-01-18 15:25:16.650,9.958
2026-01-18 15:25:16.688,9.955
2026-01-18 15:25:16.688,9.96
2026-01-18 15:25:16.688,9.962
2026-01-18 15:25:16.690,9.959
2026-01-18 15:25:16.702,9.956
2026-01-18 15:25:16.715,9.958
2026-01-18 15:25:16.735,9.958
2026-01-18 15:25:16.751,9.955
2026-01-18 15:25:16.751,9.957
2026-01-18 15:25:16.768,9.962
2026-01-18 15:25:16.785,9.954
2026-01-18 15:25:16.785,9.953
2026-01-18 15:25:16.801,9.958
2026-01-18 15:25:16.818,9.957
2026-01-18 15:25:16.858,9.955
2026-01-18 15:25:16.858,9.96
2026-01-18 15:25:16.860,9.959
2026-01-18 15:25:16.860,9.959
2026-01-18 15:25:16.869,9.964
2026-01-18 15:25:16.884,9.96
2026-01-18 15:25:16.901,9.956
2026-01-18 15:25:16.918,9.959
2026-01-18 15:25:16.918,9.959
2026-01-18 15:25:16.934,9.955
2026-01-18 15:25:16.951,9.964
2026-01-18 15:25:16.967,9.962
2026-01-18 15:25:16.967,9.969
2026-01-18 15:25:16.985,9.986
2026-01-18 15:25:17.003,9.981
2026-01-18 15:25:17.003,9.982
2026-01-18 15:25:17.018,9.977
2026-01-18 15:25:17.035,9.975
2026-01-18 15:25:17.051,9.971
2026-01-18 15:25:17.051,9.967
2026-01-18 15:25:17.061,9.967
2026-01-18 15:25:17.083,9.967
2026-01-18 15:25:17.083,9.967
2026-01-18 15:25:17.101,9.965
2026-01-18 15:25:17.118,9.963
2026-01-18 15:25:17.127,9.966
2026-01-18 15:25:17.127,9.962
2026-01-18 15:25:17.144,9.956
2026-01-18 15:25:17.158,9.96
2026-01-18 15:25:17.184,9.961
2026-01-18 15:25:17.184,9.967
2026-01-18 15:25:17.192,9.965
2026-01-18 15:25:17.205,9.962
2026-01-18 15:25:17.205,9.967
2026-01-18 15:25:17.231,9.978
2026-01-18 15:25:17.241,9.971
2026-01-18 15:25:17.255,9.968
2026-01-18 15:25:17.255,9.961
2026-01-18 15:25:17.285,9.962
2026-01-18 15:25:17.301,9.96
2026-01-18 15:25:17.301,9.958
2026-01-18 15:25:17.317,9.961
2026-01-18 15:25:17.333,9.961
2026-01-18 15:25:17.333,9.957
2026-01-18 15:25:17.352,9.957
2026-01-18 15:25:17.372,9.959
2026-01-18 15:25:17.373,9.957
2026-01-18 15:25:17.386,9.963
2026-01-18 15:25:17.396,9.961
2026-01-18 15:25:17.419,9.957
2026-01-18 15:25:17.435,9.961
2026-01-18 15:25:17.435,9.957
2026-01-18 15:25:17.448,9.956
2026-01-18 15:25:17.475,9.958
2026-01-18 15:25:17.475,9.957
2026-01-18 15:25:17.480,9.951
2026-01-18 15:25:17.501,9.95
2026-01-18 15:25:17.512,9.948
2026-01-18 15:25:17.512,9.952
2026-01-18 15:25:17.527,9.952
2026-01-18 15:25:17.541,9.947
2026-01-18 15:25:17.569,9.947
2026-01-18 15:25:17.569,9.948
2026-01-18 15:25:17.585,9.947
2026-01-18 15:25:17.603,9.951
2026-01-18 15:25:17.603,9.95
2026-01-18 15:25:17.616,9.955
2026-01-18 15:25:17.633,9.952
2026-01-18 15:25:17.651,9.95
2026-01-18 15:25:17.651,9.95
2026-01-18 15:25:17.669,9.956
2026-01-18 15:25:17.686,9.954
2026-01-18 15:25:17.686,9.954
2026-01-18 15:25:17.702,9.95
2026-01-18 15:25:17.718,9.951
2026-01-18 15:25:17.729,9.956
2026-01-18 15:25:17.729,9.957
2026-01-18 15:25:17.752,9.957
2026-01-18 15:25:17.766,9.959
2026-01-18 15:25:17.775,9.955
2026-01-18 15:25:17.775,9.957
2026-01-18 15:25:17.801,9.958
2026-01-18 15:25:17.818,9.955
2026-01-18 15:25:17.818,9.953
2026-01-18 15:25:17.834,9.95
2026-01-18 15:25:17.851,9.953
2026-01-18 15:25:17.861,9.954
2026-01-18 15:25:17.861,9.959
2026-01-18 15:25:17.877,9.961
2026-01-18 15:25:17.902,9.972
2026-01-18 15:25:17.902,9.97
2026-01-18 15:25:17.918,9.966
2026-01-18 15:25:17.934,9.964
2026-01-18 15:25:17.952,9.969
2026-01-18 15:25:17.952,9.978
2026-01-18 15:25:17.966,9.974
2026-01-18 15:25:17.983,9.97
2026-01-18 15:25:17.985,9.966
2026-01-18 15:25:18.001,9.967
2026-01-18 15:25:18.019,9.97
2026-01-18 15:25:18.035,9.972
2026-01-18 15:25:18.035,9.97
2026-01-18 15:25:18.060,9.97
2026-01-18 15:25:18.062,9.964
2026-01-18 15:25:18.075,9.96
2026-01-18 15:25:18.083,9.962
2026-01-18 15:25:18.102,9.964
2026-01-18 15:25:18.118,9.967
2026-01-18 15:25:18.118,9.963
2026-01-18 15:25:18.134,9.963
2026-01-18 15:25:18.152,9.96
2026-01-18 15:25:18.166,9.958
2026-01-18 15:25:18.168,9.961
2026-01-18 15:25:18.185,9.964
2026-01-18 15:25:18.227,9.966
2026-01-18 15:25:18.227,9.968
2026-01-18 15:25:18.228,9.963
2026-01-18 15:25:18.228,9.962
2026-01-18 15:25:18.236,9.959
2026-01-18 15:25:18.249,9.958
2026-01-18 15:25:18.268,9.957
2026-01-18 15:25:18.285,9.953
2026-01-18 15:25:18.285,9.952
2026-01-18 15:25:18.297,9.951
2026-01-18 15:25:18.313,9.947
2026-01-18 15:25:18.332,9.949
2026-01-18 15:25:18.336,9.951
2026-01-18 15:25:18.351,9.953
2026-01-18 15:25:18.369,9.952
2026-01-18 15:25:18.384,9.958
2026-01-18 15:25:18.384,9.959
2026-01-18 15:25:18.397,9.952
2026-01-18 15:25:18.410,9.952
2026-01-18 15:25:18.419,9.955
2026-01-18 15:25:18.429,9.957
2026-01-18 15:25:18.439,9.955
2026-01-18 15:25:18.467,9.954
2026-01-18 15:25:18.469,9.951
2026-01-18 15:25:18.492,9.949
2026-01-18 15:25:18.492,9.959
2026-01-18 15:25:18.504,9.959
2026-01-18 15:25:18.518,9.967
2026-01-18 15:25:18.536,9.962
2026-01-18 15:25:18.552,9.965
2026-01-18 15:25:18.552,9.964
2026-01-18 15:25:18.568,9.961
2026-01-18 15:25:18.584,9.958
2026-01-18 15:25:18.586,9.963
2026-01-18 15:25:18.598,9.962
2026-01-18 15:25:18.616,9.962
2026-01-18 15:25:18.635,9.962
2026-01-18 15:25:18.635,9.963
2026-01-18 15:25:18.651,9.965
2026-01-18 15:25:18.663,9.968
2026-01-18 15:25:18.678,9.964
2026-01-18 15:25:18.678,9.961
2026-01-18 15:25:18.693,9.956
2026-01-18 15:25:18.717,9.956
2026-01-18 15:25:18.717,9.956
2026-01-18 15:25:18.729,9.955
2026-01-18 15:25:18.751,9.951
2026-01-18 15:25:18.768,9.953
2026-01-18 15:25:18.768,9.952
2026-01-18 15:25:18.777,9.949
2026-01-18 15:25:18.791,9.955
2026-01-18 15:25:18.791,9.951
2026-01-18 15:25:18.804,9.948
2026-01-18 15:25:18.836,9.951
2026-01-18 15:25:18.852,9.953
2026-01-18 15:25:18.852,9.954
2026-01-18 15:25:18.868,9.951
2026-01-18 15:25:18.884,9.954
2026-01-18 15:25:18.884,9.95
2026-01-18 15:25:18.900,9.948
2026-01-18 15:25:18.916,9.948
2026-01-18 15:25:18.932,9.949
2026-01-18 15:25:18.932,9.947
2026-01-18 15:25:18.947,9.947
2026-01-18 15:25:18.963,9.949
2026-01-18 15:25:18.986,9.952
2026-01-18 15:25:18.986,9.955
2026-01-18 15:25:18.995,9.953
2026-01-18 15:25:19.018,9.952
2026-01-18 15:25:19.018,9.957
2026-01-18 15:25:19.031,9.955
2026-01-18 15:25:19.051,9.952
2026-01-18 15:25:19.059,9.951
2026-01-18 15:25:19.059,9.952
2026-01-18 15:25:19.076,9.959
2026-01-18 15:25:19.101,9.959
2026-01-18 15:25:19.101,9.96
2026-01-18 15:25:19.111,9.959
2026-01-18 15:25:19.134,9.954
2026-01-18 15:25:19.151,9.96
2026-01-18 15:25:19.151,9.955
2026-01-18 15:25:19.167,9.955
2026-01-18 15:25:19.184,9.955
2026-01-18 15:25:19.184,9.96
2026-01-18 15:25:19.186,9.956
2026-01-18 15:25:19.219,9.953
2026-01-18 15:25:19.233,9.955
2026-01-18 15:25:19.233,9.953
2026-01-18 15:25:19.253,9.95
2026-01-18 15:25:19.297,9.945
2026-01-18 15:25:19.297,9.961
2026-01-18 15:25:19.297,9.964
2026-01-18 15:25:19.297,9.96
2026-01-18 15:25:19.318,9.956
2026-01-18 15:25:19.318,9.955
2026-01-18 15:25:19.337,9.955
2026-01-18 15:25:19.352,9.953
2026-01-18 15:25:19.367,9.958
2026-01-18 15:25:19.367,9.957
2026-01-18 15:25:19.384,9.959
2026-01-18 15:25:19.402,9.971
2026-01-18 15:25:19.402,9.97
2026-01-18 15:25:19.412,9.966
2026-01-18 15:25:19.504,9.966
2026-01-18 15:25:19.506,9.969
2026-01-18 15:25:19.506,9.97
2026-01-18 15:25:19.506,9.964
2026-01-18 15:25:19.506,9.963
2026-01-18 15:25:19.506,9.962
2026-01-18 15:25:19.506,9.96
2026-01-18 15:25:19.518,9.964
2026-01-18 15:25:19.533,9.959
2026-01-18 15:25:19.534,9.964
2026-01-18 15:25:19.550,9.963
2026-01-18 15:25:19.592,9.966
2026-01-18 15:25:19.592,9.961
2026-01-18 15:25:19.592,9.956
2026-01-18 15:25:19.592,9.955
2026-01-18 15:25:19.615,9.949
2026-01-18 15:25:19.615,9.948
2026-01-18 15:25:19.631,9.956
2026-01-18 15:25:19.649,9.953
2026-01-18 15:25:19.667,9.951
2026-01-18 15:25:19.667,9.949
2026-01-18 15:25:19.678,9.949
2026-01-18 15:25:19.695,9.949
2026-01-18 15:25:19.695,9.953
2026-01-18 15:25:19.710,9.95
2026-01-18 15:25:19.731,9.949
2026-01-18 15:25:19.745,9.951
2026-01-18 15:25:19.745,9.951
2026-01-18 15:25:19.768,9.951
2026-01-18 15:25:19.784,9.953
2026-01-18 15:25:19.784,9.953
2026-01-18 15:25:19.801,9.955
2026-01-18 15:25:19.809,9.967
2026-01-18 15:25:19.832,9.96
2026-01-18 15:25:19.832,9.958
2026-01-18 15:25:19.844,9.955
2026-01-18 15:25:19.858,9.953
2026-01-18 15:25:19.858,9.951
2026-01-18 15:25:19.870,9.954
2026-01-18 15:25:19.902,9.957
2026-01-18 15:25:19.918,9.956
2026-01-18 15:25:19.918,9.955
2026-01-18 15:25:19.934,9.959
2026-01-18 15:25:19.950,9.955
2026-01-18 15:25:19.966,9.956
2026-01-18 15:25:19.966,9.962
2026-01-18 15:25:19.982,9.965
2026-01-18 15:25:19.998,9.965
2026-01-18 15:25:19.998,9.963
2026-01-18 15:25:20.014,9.957
2026-01-18 15:25:20.032,9.96
2026-01-18 15:25:20.046,9.964
2026-01-18 15:25:20.046,9.959
2026-01-18 15:25:20.061,9.954
2026-01-18 15:25:20.077,9.954
2026-01-18 15:25:20.077,9.952
2026-01-18 15:25:20.093,9.954
2026-01-18 15:25:20.109,9.95
2026-01-18 15:25:20.132,9.957
2026-01-18 15:25:20.132,9.954
2026-01-18 15:25:20.141,9.951
2026-01-18 15:25:20.157,9.953
2026-01-18 15:25:20.176,9.962
2026-01-18 15:25:20.176,9.966
2026-01-18 15:25:20.189,9.962
2026-01-18 15:25:20.205,9.958
2026-01-18 15:25:20.205,9.96
2026-01-18 15:25:20.233,9.962
2026-01-18 15:25:20.237,9.961
2026-01-18 15:25:20.268,9.959
2026-01-18 15:25:20.268,9.964
2026-01-18 15:25:20.284,9.965
2026-01-18 15:25:20.300,9.96
2026-01-18 15:25:20.300,9.955
2026-01-18 15:25:20.316,9.954
2026-01-18 15:25:20.333,9.949
2026-01-18 15:25:20.348,9.95
2026-01-18 15:25:20.348,9.952
2026-01-18 15:25:20.368,9.949
2026-01-18 15:25:20.379,9.95
2026-01-18 15:25:20.379,9.95
2026-01-18 15:25:20.395,9.957
2026-01-18 15:25:20.414,9.958
2026-01-18 15:25:20.433,9.959
2026-01-18 15:25:20.433,9.96
2026-01-18 15:25:20.451,9.957
2026-01-18 15:25:20.468,9.955
2026-01-18 15:25:20.491,9.95
2026-01-18 15:25:20.493,9.954
2026-01-18 15:25:20.493,9.951
2026-01-18 15:25:20.517,9.946
2026-01-18 15:25:20.517,9.958
2026-01-18 15:25:20.533,9.957
2026-01-18 15:25:20.538,9.957
2026-01-18 15:25:20.568,9.963
2026-01-18 15:25:20.569,9.961
2026-01-18 15:25:20.585,9.966
2026-01-18 15:25:20.601,9.961
2026-01-18 15:25:20.601,9.959
2026-01-18 15:25:20.619,9.964
2026-01-18 15:25:20.635,9.961
2026-01-18 15:25:20.648,9.967
2026-01-18 15:25:20.648,9.963
2026-01-18 15:25:20.667,9.96
2026-01-18 15:25:20.685,9.962
2026-01-18 15:25:20.685,9.96
2026-01-18 15:25:20.701,9.958
2026-01-18 15:25:20.724,9.965
2026-01-18 15:25:20.724,9.961
2026-01-18 15:25:20.735,9.961
2026-01-18 15:25:20.751,9.963
2026-01-18 15:25:20.767,9.971
2026-01-18 15:25:20.783,9.966
2026-01-18 15:25:20.785,9.961
2026-01-18 15:25:20.792,9.962
2026-01-18 15:25:20.817,9.963
2026-01-18 15:25:20.817,9.965
2026-01-18 15:25:20.834,9.963
2026-01-18 15:25:20.842,9.966
2026-01-18 15:25:20.858,9.961
2026-01-18 15:25:20.868,9.957
2026-01-18 15:25:20.884,9.962
2026-01-18 15:25:20.892,9.958
2026-01-18 15:25:20.892,9.957
2026-01-18 15:25:20.918,9.962
2026-01-18 15:25:20.963,9.96
2026-01-18 15:25:20.963,9.957
2026-01-18 15:25:20.963,9.955
2026-01-18 15:25:20.963,9.954
2026-01-18 15:25:20.974,9.956
2026-01-18 15:25:20.986,9.955
2026-01-18 15:25:20.999,9.953
2026-01-18 15:25:21.020,9.957
2026-01-18 15:25:21.035,9.956
2026-01-18 15:25:21.035,9.963
2026-01-18 15:25:21.051,9.958
2026-01-18 15:25:21.067,9.954
2026-01-18 15:25:21.087,9.953
2026-01-18 15:25:21.089,9.95
2026-01-18 15:25:21.115,9.956
2026-01-18 15:25:21.115,9.954
2026-01-18 15:25:21.128,9.959
2026-01-18 15:25:21.135,9.953
2026-01-18 15:25:21.150,9.964
2026-01-18 15:25:21.168,9.971
2026-01-18 15:25:21.168,9.971
2026-01-18 15:25:21.183,9.975
2026-01-18 15:25:21.201,9.984
2026-01-18 15:25:21.201,9.976
2026-01-18 15:25:21.217,9.975
2026-01-18 15:25:21.233,9.971
2026-01-18 15:25:21.251,9.969
2026-01-18 15:25:21.251,9.965
2026-01-18 15:25:21.268,9.96
2026-01-18 15:25:21.282,9.965
2026-01-18 15:25:21.285,9.961
2026-01-18 15:25:21.297,9.958
2026-01-18 15:25:21.313,9.959
2026-01-18 15:25:21.334,9.958
2026-01-18 15:25:21.335,9.961
2026-01-18 15:25:21.352,9.97
2026-01-18 15:25:21.367,9.968
2026-01-18 15:25:21.383,9.967
2026-01-18 15:25:21.383,9.963
2026-01-18 15:25:21.401,9.97
2026-01-18 15:25:21.408,9.968
2026-01-18 15:25:21.408,9.968
2026-01-18 15:25:21.423,9.967
2026-01-18 15:25:21.445,9.968
2026-01-18 15:25:21.454,9.967
2026-01-18 15:25:21.454,9.963
2026-01-18 15:25:21.470,9.962
2026-01-18 15:25:21.502,9.963
2026-01-18 15:25:21.502,9.966
2026-01-18 15:25:21.517,9.964
2026-01-18 15:25:21.534,9.964
2026-01-18 15:25:21.550,9.96
2026-01-18 15:25:21.550,9.961
2026-01-18 15:25:21.565,9.96
2026-01-18 15:25:21.582,9.963
2026-01-18 15:25:21.582,9.961
2026-01-18 15:25:21.600,9.961
2026-01-18 15:25:21.613,9.957
2026-01-18 15:25:21.632,9.955
2026-01-18 15:25:21.632,9.959
2026-01-18 15:25:21.650,9.962
2026-01-18 15:25:21.667,9.962
2026-01-18 15:25:21.684,9.959
2026-01-18 15:25:21.684,9.962
2026-01-18 15:25:21.695,9.965
2026-01-18 15:25:21.717,9.96
2026-01-18 15:25:21.717,9.958
2026-01-18 15:25:21.729,9.96
2026-01-18 15:25:21.742,9.963
2026-01-18 15:25:21.768,9.962
2026-01-18 15:25:21.768,9.963
2026-01-18 15:25:21.780,9.97
2026-01-18 15:25:21.801,9.965
2026-01-18 15:25:21.801,9.962
2026-01-18 15:25:21.818,9.959
2026-01-18 15:25:21.834,9.965
2026-01-18 15:25:21.852,9.964
2026-01-18 15:25:21.852,9.964
2026-01-18 15:25:21.868,9.96
2026-01-18 15:25:21.884,9.967
2026-01-18 15:25:21.884,9.966
2026-01-18 15:25:21.899,9.965
2026-01-18 15:25:21.914,9.963
2026-01-18 15:25:21.935,9.966
2026-01-18 15:25:21.935,9.968
2026-01-18 15:25:21.950,9.966
2026-01-18 15:25:21.968,9.962
2026-01-18 15:25:21.984,9.958
2026-01-18 15:25:21.984,9.963
2026-01-18 15:25:22.000,9.965
2026-01-18 15:25:22.018,9.965
2026-01-18 15:25:22.018,9.966
2026-01-18 15:25:22.035,9.969
2026-01-18 15:25:22.051,9.972
2026-01-18 15:25:22.067,9.967
2026-01-18 15:25:22.067,9.966
2026-01-18 15:25:22.102,9.97
2026-01-18 15:25:22.102,9.965
2026-01-18 15:25:22.117,9.965
2026-01-18 15:25:22.123,9.959
2026-01-18 15:25:22.151,9.963
2026-01-18 15:25:22.152,9.962
2026-01-18 15:25:22.168,9.966
2026-01-18 15:25:22.184,9.966
2026-01-18 15:25:22.201,9.964
2026-01-18 15:25:22.201,9.96
2026-01-18 15:25:22.218,9.967
2026-01-18 15:25:22.234,9.962
2026-01-18 15:25:22.234,9.96
2026-01-18 15:25:22.248,9.96
2026-01-18 15:25:22.268,9.961
2026-01-18 15:25:22.269,9.959
2026-01-18 15:25:22.306,9.954
2026-01-18 15:25:22.308,9.958
2026-01-18 15:25:22.308,9.957
2026-01-18 15:25:22.317,9.956
2026-01-18 15:25:22.335,9.96
2026-01-18 15:25:22.350,9.964
2026-01-18 15:25:22.367,9.961
2026-01-18 15:25:22.367,9.958
2026-01-18 15:25:22.384,9.967
2026-01-18 15:25:22.401,9.965
2026-01-18 15:25:22.401,9.961
2026-01-18 15:25:22.417,9.958
2026-01-18 15:25:22.435,9.963
2026-01-18 15:25:22.450,9.961
2026-01-18 15:25:22.450,9.958
2026-01-18 15:25:22.468,9.961
2026-01-18 15:25:22.485,9.961
2026-01-18 15:25:22.486,9.961
2026-01-18 15:25:22.507,9.967
2026-01-18 15:25:22.518,9.964
2026-01-18 15:25:22.534,9.965
2026-01-18 15:25:22.534,9.96
2026-01-18 15:25:22.553,9.965
2026-01-18 15:25:22.568,9.968
2026-01-18 15:25:22.568,9.963
2026-01-18 15:25:22.583,9.965
2026-01-18 15:25:22.601,9.968
2026-01-18 15:25:22.617,9.967
2026-01-18 15:25:22.617,9.966
2026-01-18 15:25:22.631,9.957
2026-01-18 15:25:22.646,9.959
2026-01-18 15:25:22.664,9.965
2026-01-18 15:25:22.664,9.962
2026-01-18 15:25:22.683,9.96
2026-01-18 15:25:22.698,9.964
2026-01-18 15:25:22.698,9.967
2026-01-18 15:25:22.710,9.966
2026-01-18 15:25:22.734,9.969
2026-01-18 15:25:22.743,9.963
2026-01-18 15:25:22.743,9.969
2026-01-18 15:25:22.760,9.967
2026-01-18 15:25:22.780,9.964
2026-01-18 15:25:22.780,9.968
2026-01-18 15:25:22.790,9.973
2026-01-18 15:25:22.806,9.971
2026-01-18 15:25:22.806,9.967
2026-01-18 15:25:22.834,9.971
2026-01-18 15:25:22.842,9.965
2026-01-18 15:25:22.867,9.962
2026-01-18 15:25:22.884,9.96
2026-01-18 15:25:22.885,9.961
2026-01-18 15:25:22.900,9.959
2026-01-18 15:25:22.916,9.957
2026-01-18 15:25:22.916,9.963
2026-01-18 15:25:22.936,9.965
2026-01-18 15:25:22.951,9.963
2026-01-18 15:25:22.964,9.966
2026-01-18 15:25:22.964,9.963
2026-01-18 15:25:22.984,9.961
2026-01-18 15:25:22.999,9.972
2026-01-18 15:25:23.001,9.97
2026-01-18 15:25:23.017,9.966
2026-01-18 15:25:23.028,9.981
2026-01-18 15:25:23.051,9.98
2026-01-18 15:25:23.051,9.977
2026-01-18 15:25:23.066,9.973
2026-01-18 15:25:23.084,9.973
2026-01-18 15:25:23.090,9.971
2026-01-18 15:25:23.090,9.971
2026-01-18 15:25:23.116,9.974
2026-01-18 15:25:23.134,9.973
2026-01-18 15:25:23.134,9.968
2026-01-18 15:25:23.140,9.97
2026-01-18 15:25:23.167,9.97
2026-01-18 15:25:23.182,9.966
2026-01-18 15:25:23.182,9.969
2026-01-18 15:25:23.200,9.966
2026-01-18 15:25:23.217,9.962
2026-01-18 15:25:23.217,9.963
2026-01-18 15:25:23.232,9.964
2026-01-18 15:25:23.249,9.958
2026-01-18 15:25:23.268,9.956
2026-01-18 15:25:23.268,9.961
2026-01-18 15:25:23.283,9.96
2026-01-18 15:25:23.302,9.957
2026-01-18 15:25:23.304,9.963
2026-01-18 15:25:23.316,9.96
2026-01-18 15:25:23.334,9.96
2026-01-18 15:25:23.350,9.967
2026-01-18 15:25:23.350,9.966
2026-01-18 15:25:23.367,9.966
2026-01-18 15:25:23.384,9.966
2026-01-18 15:25:23.399,9.966
2026-01-18 15:25:23.399,9.967
2026-01-18 15:25:23.407,9.965
2026-01-18 15:25:23.428,9.959
2026-01-18 15:25:23.428,9.955
2026-01-18 15:25:23.450,9.96
2026-01-18 15:25:23.467,9.963
2026-01-18 15:25:23.490,9.962
2026-01-18 15:25:23.490,9.965
2026-01-18 15:25:23.501,9.961
2026-01-18 15:25:23.515,9.968
2026-01-18 15:25:23.515,9.968
2026-01-18 15:25:23.530,9.977
2026-01-18 15:25:23.545,9.975
2026-01-18 15:25:23.566,9.968
2026-01-18 15:25:23.568,9.972
2026-01-18 15:25:23.583,9.975
2026-01-18 15:25:23.599,9.969
2026-01-18 15:25:23.601,9.965
2026-01-18 15:25:23.617,9.966
2026-01-18 15:25:23.632,9.963
2026-01-18 15:25:23.646,9.969
2026-01-18 15:25:23.646,9.967
2026-01-18 15:25:23.681,9.966
2026-01-18 15:25:23.683,9.961
2026-01-18 15:25:23.694,9.96
2026-01-18 15:25:23.700,9.965
2026-01-18 15:25:23.717,9.961
2026-01-18 15:25:23.733,9.955
2026-01-18 15:25:23.733,9.959
2026-01-18 15:25:23.750,9.957
2026-01-18 15:25:23.767,9.961
2026-01-18 15:25:23.785,9.96
2026-01-18 15:25:23.785,9.955
2026-01-18 15:25:23.799,9.957
2026-01-18 15:25:23.815,9.956
2026-01-18 15:25:23.815,9.962
2026-01-18 15:25:23.831,9.959
2026-01-18 15:25:23.848,9.965
2026-01-18 15:25:23.867,9.963
2026-01-18 15:25:23.867,9.965
2026-01-18 15:25:23.883,9.965
2026-01-18 15:25:23.900,9.962
2026-01-18 15:25:23.900,9.957
2026-01-18 15:25:23.912,9.956
2026-01-18 15:25:23.935,9.954
2026-01-18 15:25:23.950,9.956
2026-01-18 15:25:23.950,9.967
2026-01-18 15:25:23.960,9.966
2026-01-18 15:25:23.984,9.964
2026-01-18 15:25:23.984,9.963
2026-01-18 15:25:24.001,9.964
2026-01-18 15:25:24.017,9.958
2026-01-18 15:25:24.034,9.959
2026-01-18 15:25:24.034,9.955
2026-01-18 15:25:24.050,9.96
2026-01-18 15:25:24.068,9.957
2026-01-18 15:25:24.068,9.96
2026-01-18 15:25:24.072,9.956
2026-01-18 15:25:24.100,9.958
2026-01-18 15:25:24.118,9.958
2026-01-18 15:25:24.118,9.962
2026-01-18 15:25:24.132,9.958
2026-01-18 15:25:24.151,9.964
2026-01-18 15:25:24.165,9.962
2026-01-18 15:25:24.165,9.957
2026-01-18 15:25:24.185,9.959
2026-01-18 15:25:24.200,9.961
2026-01-18 15:25:24.200,9.958
2026-01-18 15:25:24.217,9.96
2026-01-18 15:25:24.235,9.956
2026-01-18 15:25:24.250,9.961
2026-01-18 15:25:24.250,9.961
2026-01-18 15:25:24.258,9.959
2026-01-18 15:25:24.284,9.956
2026-01-18 15:25:24.284,9.956
2026-01-18 15:25:24.300,9.956
2026-01-18 15:25:24.317,9.959
2026-01-18 15:25:24.335,9.957
2026-01-18 15:25:24.335,9.964
2026-01-18 15:25:24.350,9.964
2026-01-18 15:25:24.354,9.961
2026-01-18 15:25:24.383,9.965
2026-01-18 15:25:24.383,9.959
2026-01-18 15:25:24.400,9.962
2026-01-18 15:25:24.418,9.963
2026-01-18 15:25:24.418,9.964
2026-01-18 15:25:24.434,9.96
2026-01-18 15:25:24.451,9.961
2026-01-18 15:25:24.465,9.959
2026-01-18 15:25:24.465,9.955
2026-01-18 15:25:24.481,9.952
2026-01-18 15:25:24.481,9.952
2026-01-18 15:25:24.500,9.953
2026-01-18 15:25:24.516,9.951
2026-01-18 15:25:24.536,9.95
2026-01-18 15:25:24.551,9.952
2026-01-18 15:25:24.551,9.95
2026-01-18 15:25:24.568,9.95
2026-01-18 15:25:24.584,9.948
2026-01-18 15:25:24.600,9.947
2026-01-18 15:25:24.600,9.952
2026-01-18 15:25:24.616,9.95
2026-01-18 15:25:24.628,9.957
2026-01-18 15:25:24.628,9.953
2026-01-18 15:25:24.651,9.959
2026-01-18 15:25:24.667,9.959
2026-01-18 15:25:24.683,9.958
2026-01-18 15:25:24.683,9.957
2026-01-18 15:25:24.700,9.951
2026-01-18 15:25:24.717,9.951
2026-01-18 15:25:24.717,9.952
2026-01-18 15:25:24.719,9.95
2026-01-18 15:25:24.752,9.948
2026-01-18 15:25:24.753,9.954
2026-01-18 15:25:24.768,9.951
2026-01-18 15:25:24.816,9.961
2026-01-18 15:25:24.816,9.959
2026-01-18 15:25:24.816,9.959
2026-01-18 15:25:24.816,9.959
2026-01-18 15:25:24.845,9.965
2026-01-18 15:25:24.847,9.966
2026-01-18 15:25:24.869,9.966
2026-01-18 15:25:24.869,9.965
2026-01-18 15:25:24.883,9.962
2026-01-18 15:25:24.901,9.965
2026-01-18 15:25:24.901,9.967
2026-01-18 15:25:24.918,9.967
2026-01-18 15:25:24.933,9.97
2026-01-18 15:25:24.933,9.967
2026-01-18 15:25:24.950,9.96
2026-01-18 15:25:24.967,9.964
2026-01-18 15:25:24.977,9.961
2026-01-18 15:25:24.977,9.964
2026-01-18 15:25:24.998,9.96
2026-01-18 15:25:25.016,9.958
2026-01-18 15:25:25.016,9.96
2026-01-18 15:25:25.046,9.958
2026-01-18 15:25:25.046,9.96
2026-01-18 15:25:25.052,9.961
2026-01-18 15:25:25.062,9.957
2026-01-18 15:25:25.085,9.957
2026-01-18 15:25:25.100,9.952
2026-01-18 15:25:25.100,9.951
2026-01-18 15:25:25.115,9.955
2026-01-18 15:25:25.133,9.955
2026-01-18 15:25:25.150,9.959
2026-01-18 15:25:25.150,9.962
2026-01-18 15:25:25.166,9.959
2026-01-18 15:25:25.183,9.963
2026-01-18 15:25:25.200,9.962
2026-01-18 15:25:25.200,9.96
2026-01-18 15:25:25.217,9.963
2026-01-18 15:25:25.234,9.962
2026-01-18 15:25:25.234,9.964
2026-01-18 15:25:25.249,9.965
2026-01-18 15:25:25.266,9.962
2026-01-18 15:25:25.283,9.964
2026-01-18 15:25:25.283,9.965
2026-01-18 15:25:25.299,9.962
2026-01-18 15:25:25.316,9.968
2026-01-18 15:25:25.316,9.97
2026-01-18 15:25:25.326,9.965
2026-01-18 15:25:25.350,9.962
2026-01-18 15:25:25.365,9.963
2026-01-18 15:25:25.365,9.962
2026-01-18 15:25:25.383,9.962
2026-01-18 15:25:25.391,9.96
2026-01-18 15:25:25.417,9.966
2026-01-18 15:25:25.417,9.962
2026-01-18 15:25:25.435,9.958
2026-01-18 15:25:25.448,9.961
2026-01-18 15:25:25.448,9.961
2026-01-18 15:25:25.464,9.959
2026-01-18 15:25:25.483,9.959
2026-01-18 15:25:25.483,9.961
2026-01-18 15:25:25.497,9.962
2026-01-18 15:25:25.517,9.961
2026-01-18 15:25:25.528,9.975
2026-01-18 15:25:25.528,9.973
2026-01-18 15:25:25.544,9.97
2026-01-18 15:25:25.563,9.975
2026-01-18 15:25:25.576,9.989
2026-01-18 15:25:25.576,9.982
2026-01-18 15:25:25.596,9.984
2026-01-18 15:25:25.613,9.984
2026-01-18 15:25:25.613,9.978
2026-01-18 15:25:25.624,9.976
2026-01-18 15:25:25.641,9.979
2026-01-18 15:25:25.656,9.972
2026-01-18 15:25:25.656,9.964
2026-01-18 15:25:25.672,9.966
2026-01-18 15:25:25.687,9.964
2026-01-18 15:25:25.687,9.963
2026-01-18 15:25:25.703,9.961
2026-01-18 15:25:25.719,9.969
2026-01-18 15:25:25.741,9.971
2026-01-18 15:25:25.741,9.97
2026-01-18 15:25:25.751,9.967
2026-01-18 15:25:25.767,9.962
2026-01-18 15:25:25.783,9.967
2026-01-18 15:25:25.799,9.967
2026-01-18 15:25:25.815,9.966
2026-01-18 15:25:25.831,9.969
2026-01-18 15:25:25.831,9.967
2026-01-18 15:25:25.847,9.968
2026-01-18 15:25:25.866,9.973
2026-01-18 15:25:25.883,9.974
2026-01-18 15:25:25.883,9.969
2026-01-18 15:25:25.897,9.967
2026-01-18 15:25:25.917,9.968
2026-01-18 15:25:25.917,9.97
2026-01-18 15:25:25.928,9.97
2026-01-18 15:25:25.950,9.971
2026-01-18 15:25:25.958,9.965
2026-01-18 15:25:25.958,9.962
2026-01-18 15:25:25.983,9.968
2026-01-18 15:25:25.990,9.965
2026-01-18 15:25:25.990,9.961
2026-01-18 15:25:26.016,9.963
2026-01-18 15:25:26.033,9.961
2026-01-18 15:25:26.051,9.962
2026-01-18 15:25:26.051,9.958
2026-01-18 15:25:26.067,9.954
2026-01-18 15:25:26.084,9.957
2026-01-18 15:25:26.103,9.956
2026-01-18 15:25:26.104,9.954
2026-01-18 15:25:26.134,9.957
2026-01-18 15:25:26.134,9.953
2026-01-18 15:25:26.134,9.953
2026-01-18 15:25:26.150,9.952
2026-01-18 15:25:26.164,9.955
2026-01-18 15:25:26.181,9.956
2026-01-18 15:25:26.181,9.956
2026-01-18 15:25:26.198,9.956
2026-01-18 15:25:26.216,9.963
2026-01-18 15:25:26.216,9.963
2026-01-18 15:25:26.231,9.959
2026-01-18 15:25:26.250,9.954
2026-01-18 15:25:26.263,9.956
2026-01-18 15:25:26.263,9.961
2026-01-18 15:25:26.278,9.959
2026-01-18 15:25:26.300,9.958
2026-01-18 15:25:26.300,9.956
2026-01-18 15:25:26.307,9.958
2026-01-18 15:25:26.334,9.954
2026-01-18 15:25:26.342,9.953
2026-01-18 15:25:26.342,9.953
2026-01-18 15:25:26.367,9.948
2026-01-18 15:25:26.394,9.953
2026-01-18 15:25:26.394,9.95
2026-01-18 15:25:26.406,9.956
2026-01-18 15:25:26.417,9.961
2026-01-18 15:25:26.434,9.965
2026-01-18 15:25:26.434,9.962
2026-01-18 15:25:26.451,9.96
2026-01-18 15:25:26.467,9.965
2026-01-18 15:25:26.483,9.971
2026-01-18 15:25:26.483,9.965
2026-01-18 15:25:26.500,9.962
2026-01-18 15:25:26.517,9.965
2026-01-18 15:25:26.517,9.972
2026-01-18 15:25:26.533,9.968
2026-01-18 15:25:26.551,9.963
2026-01-18 15:25:26.566,9.966
2026-01-18 15:25:26.566,9.964
2026-01-18 15:25:26.584,9.963
2026-01-18 15:25:26.600,9.967
2026-01-18 15:25:26.600,9.971
2026-01-18 15:25:26.616,9.965
2026-01-18 15:25:26.634,9.963
2026-01-18 15:25:26.651,9.966
2026-01-18 15:25:26.651,9.963
2026-01-18 15:25:26.667,9.959
2026-01-18 15:25:26.685,9.963
2026-01-18 15:25:26.685,9.966
2026-01-18 15:25:26.705,9.964
2026-01-18 15:25:26.731,9.959
2026-01-18 15:25:26.731,9.964
2026-01-18 15:25:26.743,9.962
2026-01-18 15:25:26.743,9.959
2026-01-18 15:25:26.758,9.958
2026-01-18 15:25:26.776,9.962
2026-01-18 15:25:26.784,9.978
2026-01-18 15:25:26.800,9.975
2026-01-18 15:25:26.816,9.973
2026-01-18 15:25:26.816,9.979
2026-01-18 15:25:26.832,9.979
2026-01-18 15:25:26.847,9.975
2026-01-18 15:25:26.866,9.973
2026-01-18 15:25:26.866,9.968
2026-01-18 15:25:26.879,9.967
2026-01-18 15:25:26.898,9.967
2026-01-18 15:25:26.911,9.968
2026-01-18 15:25:26.911,9.965
2026-01-18 15:25:26.931,9.964
2026-01-18 15:25:26.944,9.97
2026-01-18 15:25:26.944,9.979
2026-01-18 15:25:26.966,9.977
2026-01-18 15:25:26.983,9.98
2026-01-18 15:25:27.000,9.975
2026-01-18 15:25:27.000,9.974
2026-01-18 15:25:27.016,9.97
2026-01-18 15:25:27.033,9.972
2026-01-18 15:25:27.033,9.968
2026-01-18 15:25:27.046,9.964
2026-01-18 15:25:27.067,9.96
2026-01-18 15:25:27.083,9.965
2026-01-18 15:25:27.083,9.962
2026-01-18 15:25:27.101,9.958
2026-01-18 15:25:27.117,9.961
2026-01-18 15:25:27.135,9.969
2026-01-18 15:25:27.149,9.963
2026-01-18 15:25:27.167,9.966
2026-01-18 15:25:27.168,9.965
2026-01-18 15:25:27.184,9.966
2026-01-18 15:25:27.200,9.97
2026-01-18 15:25:27.200,9.967
2026-01-18 15:25:27.216,9.965
2026-01-18 15:25:27.233,9.961
2026-01-18 15:25:27.247,9.964
2026-01-18 15:25:27.247,9.963
2026-01-18 15:25:27.267,9.964
2026-01-18 15:25:27.283,9.961
2026-01-18 15:25:27.299,9.971
2026-01-18 15:25:27.299,9.974
2026-01-18 15:25:27.318,9.972
2026-01-18 15:25:27.333,9.969
2026-01-18 15:25:27.333,9.966
2026-01-18 15:25:27.350,9.963
2026-01-18 15:25:27.367,9.96
2026-01-18 15:25:27.383,9.964
2026-01-18 15:25:27.383,9.961
2026-01-18 15:25:27.400,9.956
2026-01-18 15:25:27.417,9.962
2026-01-18 15:25:27.417,9.96
2026-01-18 15:25:27.434,9.958
2026-01-18 15:25:27.451,9.955
2026-01-18 15:25:27.468,9.955
2026-01-18 15:25:27.468,9.96
2026-01-18 15:25:27.498,9.962
2026-01-18 15:25:27.498,9.957
2026-01-18 15:25:27.506,9.961
2026-01-18 15:25:27.517,9.955
2026-01-18 15:25:27.532,9.952
2026-01-18 15:25:27.549,9.961
2026-01-18 15:25:27.549,9.959
2026-01-18 15:25:27.565,9.957
2026-01-18 15:25:27.581,9.953
2026-01-18 15:25:27.599,9.953
2026-01-18 15:25:27.599,9.956
2026-01-18 15:25:27.617,9.958
2026-01-18 15:25:27.625,9.957
2026-01-18 15:25:27.634,9.958
2026-01-18 15:25:27.646,9.96
2026-01-18 15:25:27.659,9.961
2026-01-18 15:25:27.683,9.964
2026-01-18 15:25:27.683,9.963
2026-01-18 15:25:27.699,9.964
2026-01-18 15:25:27.704,9.967
2026-01-18 15:25:27.718,9.969
2026-01-18 15:25:27.722,9.966
2026-01-18 15:25:27.781,9.969
2026-01-18 15:25:27.783,9.965
2026-01-18 15:25:27.783,9.962
2026-01-18 15:25:27.783,9.963
2026-01-18 15:25:27.790,9.96
2026-01-18 15:25:27.800,9.961
2026-01-18 15:25:27.817,9.965
2026-01-18 15:25:27.833,9.961
2026-01-18 15:25:27.849,9.96
2026-01-18 15:25:27.849,9.964
2026-01-18 15:25:27.864,9.964
2026-01-18 15:25:27.884,9.959
2026-01-18 15:25:27.900,9.965
2026-01-18 15:25:27.900,9.962
2026-01-18 15:25:27.917,9.963
2026-01-18 15:25:27.933,9.965
2026-01-18 15:25:27.933,9.962
2026-01-18 15:25:27.946,9.963
2026-01-18 15:25:27.966,9.964
2026-01-18 15:25:27.983,9.965
2026-01-18 15:25:27.983,9.961
2026-01-18 15:25:27.999,9.962
2026-01-18 15:25:28.016,9.961
2026-01-18 15:25:28.016,9.964
2026-01-18 15:25:28.033,9.96
2026-01-18 15:25:28.050,9.959
2026-01-18 15:25:28.058,9.96
2026-01-18 15:25:28.058,9.961
2026-01-18 15:25:28.072,9.959
2026-01-18 15:25:28.099,9.958
2026-01-18 15:25:28.118,9.957
2026-01-18 15:25:28.118,9.96
2026-01-18 15:25:28.133,9.961
2026-01-18 15:25:28.150,9.961
2026-01-18 15:25:28.150,9.97
2026-01-18 15:25:28.166,9.973
2026-01-18 15:25:28.185,9.967
2026-01-18 15:25:28.185,9.964
2026-01-18 15:25:28.201,9.96
2026-01-18 15:25:28.213,9.964
2026-01-18 15:25:28.232,9.96
2026-01-18 15:25:28.232,9.958
2026-01-18 15:25:28.246,9.963
2026-01-18 15:25:28.259,9.969
2026-01-18 15:25:28.282,9.966
2026-01-18 15:25:28.282,9.961
2026-01-18 15:25:28.301,9.961
2026-01-18 15:25:28.317,9.959
2026-01-18 15:25:28.317,9.958
2026-01-18 15:25:28.332,9.964
2026-01-18 15:25:28.349,9.967
2026-01-18 15:25:28.367,9.965
2026-01-18 15:25:28.367,9.964
2026-01-18 15:25:28.382,9.968
2026-01-18 15:25:28.400,9.963
2026-01-18 15:25:28.400,9.962
2026-01-18 15:25:28.416,9.965
2026-01-18 15:25:28.434,9.963
2026-01-18 15:25:28.449,9.959
2026-01-18 15:25:28.452,9.965
2026-01-18 15:25:28.466,9.959
2026-01-18 15:25:28.485,9.972
2026-01-18 15:25:28.485,9.977
2026-01-18 15:25:28.499,9.976
2026-01-18 15:25:28.514,9.971
2026-01-18 15:25:28.531,9.971
2026-01-18 15:25:28.547,9.981
2026-01-18 15:25:28.566,9.978
2026-01-18 15:25:28.584,9.973
2026-01-18 15:25:28.584,9.973
2026-01-18 15:25:28.594,9.966
2026-01-18 15:25:28.616,9.96
2026-01-18 15:25:28.616,9.963
2026-01-18 15:25:28.633,9.961
2026-01-18 15:25:28.651,9.955
2026-01-18 15:25:28.666,9.957
2026-01-18 15:25:28.666,9.955
2026-01-18 15:25:28.683,9.957
2026-01-18 15:25:28.689,9.958
2026-01-18 15:25:28.711,9.961
2026-01-18 15:25:28.711,9.955
2026-01-18 15:25:28.733,9.964
2026-01-18 15:25:28.750,9.963
2026-01-18 15:25:28.750,9.959
2026-01-18 15:25:28.767,9.968
2026-01-18 15:25:28.784,9.969
2026-01-18 15:25:28.784,9.965
2026-01-18 15:25:28.800,9.966
2026-01-18 15:25:28.817,9.967
2026-01-18 15:25:28.834,9.969
2026-01-18 15:25:28.834,9.965
2026-01-18 15:25:28.850,9.962
2026-01-18 15:25:28.865,9.964
2026-01-18 15:25:28.879,9.966
2026-01-18 15:25:28.879,9.964
2026-01-18 15:25:28.895,9.959
2026-01-18 15:25:28.916,9.962
2026-01-18 15:25:28.916,9.959
2026-01-18 15:25:28.933,9.961
2026-01-18 15:25:28.948,9.958
2026-01-18 15:25:28.967,9.966
2026-01-18 15:25:28.967,9.962
2026-01-18 15:25:28.982,9.96
2026-01-18 15:25:28.999,9.963
2026-01-18 15:25:28.999,9.961
2026-01-18 15:25:29.007,9.957
2026-01-18 15:25:29.032,9.962
2026-01-18 15:25:29.049,9.961
2026-01-18 15:25:29.049,9.973
2026-01-18 15:25:29.066,9.972
2026-01-18 15:25:29.082,9.966
2026-01-18 15:25:29.099,9.962
2026-01-18 15:25:29.125,9.967
2026-01-18 15:25:29.125,9.964
2026-01-18 15:25:29.128,9.962
2026-01-18 15:25:29.139,9.965
2026-01-18 15:25:29.149,9.961
2026-01-18 15:25:29.163,9.958
2026-01-18 15:25:29.183,9.96
2026-01-18 15:25:29.183,9.962
2026-01-18 15:25:29.199,9.96
2026-01-18 15:25:29.211,9.961
2026-01-18 15:25:29.217,9.962
2026-01-18 15:25:29.233,9.962
2026-01-18 15:25:29.249,9.966
2026-01-18 15:25:29.266,9.967
2026-01-18 15:25:29.266,9.964
2026-01-18 15:25:29.282,9.968
2026-01-18 15:25:29.299,9.966
2026-01-18 15:25:29.301,9.969
2026-01-18 15:25:29.307,9.968
2026-01-18 15:25:29.321,9.964
2026-01-18 15:25:29.349,9.967
2026-01-18 15:25:29.350,9.966
2026-01-18 15:25:29.367,9.966
2026-01-18 15:25:29.382,9.967
2026-01-18 15:25:29.399,9.964
2026-01-18 15:25:29.400,9.957
2026-01-18 15:25:29.416,9.96
2026-01-18 15:25:29.433,9.957
2026-01-18 15:25:29.433,9.954
2026-01-18 15:25:29.450,9.959
2026-01-18 15:25:29.468,9.959
2026-01-18 15:25:29.483,9.96
2026-01-18 15:25:29.483,9.965
2026-01-18 15:25:29.499,9.965
2026-01-18 15:25:29.515,9.961
2026-01-18 15:25:29.532,9.965
2026-01-18 15:25:29.532,9.962
2026-01-18 15:25:29.549,9.959
2026-01-18 15:25:29.566,9.96
2026-01-18 15:25:29.566,9.961
2026-01-18 15:25:29.584,9.957
2026-01-18 15:25:29.600,9.971
2026-01-18 15:25:29.617,9.971
2026-01-18 15:25:29.617,9.97
2026-01-18 15:25:29.632,9.966
2026-01-18 15:25:29.650,9.963
2026-01-18 15:25:29.650,9.97
2026-01-18 15:25:29.666,9.965
2026-01-18 15:25:29.683,9.965
2026-01-18 15:25:29.700,9.962
2026-01-18 15:25:29.700,9.958
2026-01-18 15:25:29.716,9.962
2026-01-18 15:25:29.735,9.958
2026-01-18 15:25:29.736,9.956
2026-01-18 15:25:29.749,9.967
2026-01-18 15:25:29.766,9.965
2026-01-18 15:25:29.781,9.967
2026-01-18 15:25:29.783,9.964
2026-01-18 15:25:29.799,9.965
2026-01-18 15:25:29.816,9.962
2026-01-18 15:25:29.827,9.962
2026-01-18 15:25:29.827,9.966
2026-01-18 15:25:29.857,9.962
2026-01-18 15:25:29.857,9.963
2026-01-18 15:25:29.870,9.961
2026-01-18 15:25:29.877,9.967
2026-01-18 15:25:29.891,9.966
2026-01-18 15:25:29.909,9.962
2026-01-18 15:25:29.909,9.957
2026-01-18 15:25:29.932,9.953
2026-01-18 15:25:29.950,9.953
2026-01-18 15:25:29.950,9.953
2026-01-18 15:25:29.966,9.96
2026-01-18 15:25:29.982,9.959
2026-01-18 15:25:30.000,9.962
2026-01-18 15:25:30.000,9.963
2026-01-18 15:25:30.012,9.958
2026-01-18 15:25:30.033,9.955
2026-01-18 15:25:30.033,9.952
2026-01-18 15:25:30.050,9.953
2026-01-18 15:25:30.065,9.966
2026-01-18 15:25:30.096,9.969
2026-01-18 15:25:30.096,9.966
2026-01-18 15:25:30.096,9.96
2026-01-18 15:25:30.105,9.956
2026-01-18 15:25:30.118,9.953
2026-01-18 15:25:30.132,9.955
2026-01-18 15:25:30.142,9.952
2026-01-18 15:25:30.165,9.957
2026-01-18 15:25:30.167,9.955
2026-01-18 15:25:30.181,9.95
2026-01-18 15:25:30.198,9.953
2026-01-18 15:25:30.206,9.95
2026-01-18 15:25:30.206,9.956
2026-01-18 15:25:30.224,9.963
2026-01-18 15:25:30.249,9.959
2026-01-18 15:25:30.249,9.961
2026-01-18 15:25:30.253,9.958
2026-01-18 15:25:30.274,9.961
2026-01-18 15:25:30.297,9.959
2026-01-18 15:25:30.300,9.965
2026-01-18 15:25:30.316,9.962
2026-01-18 15:25:30.332,9.964
2026-01-18 15:25:30.334,9.961
2026-01-18 15:25:30.348,9.959
2026-01-18 15:25:30.364,9.956
2026-01-18 15:25:30.383,9.954
2026-01-18 15:25:30.383,9.96
2026-01-18 15:25:30.398,9.961
2026-01-18 15:25:30.411,9.957
2026-01-18 15:25:30.430,9.955
2026-01-18 15:25:30.430,9.961
2026-01-18 15:25:30.443,9.975
2026-01-18 15:25:30.484,9.967
2026-01-18 15:25:30.484,9.966
2026-01-18 15:25:30.484,9.965
2026-01-18 15:25:30.498,9.969
2026-01-18 15:25:30.498,9.964
2026-01-18 15:25:30.516,9.965
2026-01-18 15:25:30.526,9.963
2026-01-18 15:25:30.538,9.962
2026-01-18 15:25:30.538,9.961
2026-01-18 15:25:30.566,9.962
2026-01-18 15:25:30.582,9.957
2026-01-18 15:25:30.599,9.956
2026-01-18 15:25:30.599,9.956
2026-01-18 15:25:30.616,9.957
2026-01-18 15:25:30.632,9.956
2026-01-18 15:25:30.632,9.957
2026-01-18 15:25:30.650,9.962
2026-01-18 15:25:30.667,9.959
2026-01-18 15:25:30.685,9.958
2026-01-18 15:25:30.687,9.954
2026-01-18 15:25:30.702,9.955
2026-01-18 15:25:30.717,9.952
2026-01-18 15:25:30.717,9.954
2026-01-18 15:25:30.733,9.952
2026-01-18 15:25:30.747,9.955
2026-01-18 15:25:30.765,9.952
2026-01-18 15:25:30.765,9.957
2026-01-18 15:25:30.784,9.96
2026-01-18 15:25:30.798,9.96
2026-01-18 15:25:30.815,9.96
2026-01-18 15:25:30.815,9.961
2026-01-18 15:25:30.832,9.957
2026-01-18 15:25:30.849,9.958
2026-01-18 15:25:30.849,9.956
2026-01-18 15:25:30.866,9.956
2026-01-18 15:25:30.883,9.955
2026-01-18 15:25:30.899,9.954
2026-01-18 15:25:30.899,9.954
2026-01-18 15:25:30.916,9.95
2026-01-18 15:25:30.932,9.948
2026-01-18 15:25:30.932,9.954
2026-01-18 15:25:30.949,9.953
2026-01-18 15:25:30.966,9.958
2026-01-18 15:25:30.983,9.957
2026-01-18 15:25:30.983,9.963
2026-01-18 15:25:31.000,9.96
2026-01-18 15:25:31.016,9.961
2026-01-18 15:25:31.016,9.958
2026-01-18 15:25:31.032,9.959
2026-01-18 15:25:31.048,9.958
2026-01-18 15:25:31.065,9.954
2026-01-18 15:25:31.065,9.956
2026-01-18 15:25:31.083,9.96
2026-01-18 15:25:31.099,9.964
2026-01-18 15:25:31.116,9.962
2026-01-18 15:25:31.116,9.97
2026-01-18 15:25:31.133,9.967
2026-01-18 15:25:31.139,9.972
2026-01-18 15:25:31.139,9.967
2026-01-18 15:25:31.166,9.971
2026-01-18 15:25:31.183,9.969
2026-01-18 15:25:31.198,9.968
2026-01-18 15:25:31.200,9.967
2026-01-18 15:25:31.217,9.97
2026-01-18 15:25:31.232,9.968
2026-01-18 15:25:31.232,9.965
2026-01-18 15:25:31.249,9.968
2026-01-18 15:25:31.269,9.965
2026-01-18 15:25:31.286,9.969
2026-01-18 15:25:31.299,9.964
2026-01-18 15:25:31.314,9.961
2026-01-18 15:25:31.332,9.968
2026-01-18 15:25:31.332,9.967
2026-01-18 15:25:31.349,9.961
2026-01-18 15:25:31.365,9.981
2026-01-18 15:25:31.365,9.98
2026-01-18 15:25:31.380,9.974
2026-01-18 15:25:31.395,9.978
2026-01-18 15:25:31.416,9.971
2026-01-18 15:25:31.433,9.969
2026-01-18 15:25:31.449,9.972
2026-01-18 15:25:31.449,9.966
2026-01-18 15:25:31.466,9.97
2026-01-18 15:25:31.483,9.966
2026-01-18 15:25:31.505,9.958
2026-01-18 15:25:31.505,9.954
2026-01-18 15:25:31.513,9.952
2026-01-18 15:25:31.532,9.952
2026-01-18 15:25:31.532,9.951
2026-01-18 15:25:31.549,9.947
2026-01-18 15:25:31.556,9.945
2026-01-18 15:25:31.583,9.948
2026-01-18 15:25:31.583,9.95
2026-01-18 15:25:31.600,9.948
2026-01-18 15:25:31.616,9.951
2026-01-18 15:25:31.616,9.954
2026-01-18 15:25:31.631,9.96
2026-01-18 15:25:31.648,9.957
2026-01-18 15:25:31.665,9.956
2026-01-18 15:25:31.665,9.955
2026-01-18 15:25:31.678,9.957
2026-01-18 15:25:31.696,9.959
2026-01-18 15:25:31.715,9.958
2026-01-18 15:25:31.715,9.964
2026-01-18 15:25:31.733,9.961
2026-01-18 15:25:31.749,9.963
2026-01-18 15:25:31.749,9.96
2026-01-18 15:25:31.767,9.96
2026-01-18 15:25:31.774,9.956
2026-01-18 15:25:31.800,9.955
2026-01-18 15:25:31.800,9.951
2026-01-18 15:25:31.810,9.95
2026-01-18 15:25:31.847,9.957
2026-01-18 15:25:31.850,9.954
2026-01-18 15:25:31.850,9.949
2026-01-18 15:25:31.861,9.948
2026-01-18 15:25:31.882,9.946
2026-01-18 15:25:31.882,9.944
2026-01-18 15:25:31.892,9.943
2026-01-18 15:25:31.916,9.944
2026-01-18 15:25:31.916,9.947
2026-01-18 15:25:31.932,9.945
2026-01-18 15:25:31.952,9.949
2026-01-18 15:25:31.953,9.949
2026-01-18 15:25:31.969,9.952
2026-01-18 15:25:31.983,9.95
2026-01-18 15:25:32.000,9.949
2026-01-18 15:25:32.013,9.95
2026-01-18 15:25:32.013,9.953
2026-01-18 15:25:32.031,9.963
2026-01-18 15:25:32.048,9.96
2026-01-18 15:25:32.050,9.963
2026-01-18 15:25:32.061,9.962
2026-01-18 15:25:32.074,9.963
2026-01-18 15:25:32.099,9.961
2026-01-18 15:25:32.099,9.965
2026-01-18 15:25:32.115,9.962
2026-01-18 15:25:32.123,9.957
2026-01-18 15:25:32.139,9.956
2026-01-18 15:25:32.139,9.957
2026-01-18 15:25:32.165,9.959
2026-01-18 15:25:32.171,9.962
2026-01-18 15:25:32.171,9.957
2026-01-18 15:25:32.198,9.955
2026-01-18 15:25:32.215,9.951
2026-01-18 15:25:32.215,9.953
2026-01-18 15:25:32.226,9.951
2026-01-18 15:25:32.250,9.955
2026-01-18 15:25:32.265,9.956
2026-01-18 15:25:32.265,9.958
2026-01-18 15:25:32.280,9.959
2026-01-18 15:25:32.298,9.959
2026-01-18 15:25:32.320,9.959
2026-01-18 15:25:32.321,9.958
2026-01-18 15:25:32.332,9.963
2026-01-18 15:25:32.350,9.962
2026-01-18 15:25:32.350,9.965
2026-01-18 15:25:32.366,9.963
2026-01-18 15:25:32.383,9.959
2026-01-18 15:25:32.399,9.957
2026-01-18 15:25:32.399,9.954
2026-01-18 15:25:32.415,9.953
2026-01-18 15:25:32.433,9.949
2026-01-18 15:25:32.448,9.953
2026-01-18 15:25:32.465,9.953
2026-01-18 15:25:32.482,9.955
2026-01-18 15:25:32.482,9.955
2026-01-18 15:25:32.502,9.966
2026-01-18 15:25:32.502,9.965
2026-01-18 15:25:32.533,9.967
2026-01-18 15:25:32.533,9.965
2026-01-18 15:25:32.549,9.97
2026-01-18 15:25:32.568,9.966
2026-01-18 15:25:32.568,9.969
2026-01-18 15:25:32.582,9.968
2026-01-18 15:25:32.597,9.966
2026-01-18 15:25:32.612,9.962
2026-01-18 15:25:32.612,9.961
2026-01-18 15:25:32.630,9.97
2026-01-18 15:25:32.649,9.968
2026-01-18 15:25:32.649,9.969
2026-01-18 15:25:32.665,9.964
2026-01-18 15:25:32.676,9.963
2026-01-18 15:25:32.699,9.964
2026-01-18 15:25:32.699,9.963
2026-01-18 15:25:32.708,9.963
2026-01-18 15:25:32.732,9.963
2026-01-18 15:25:32.732,9.97
2026-01-18 15:25:32.741,9.97
2026-01-18 15:25:32.763,9.971
2026-01-18 15:25:32.780,9.968
2026-01-18 15:25:32.788,9.97
2026-01-18 15:25:32.807,9.967
2026-01-18 15:25:32.832,9.962
2026-01-18 15:25:32.832,9.958
2026-01-18 15:25:32.848,9.97
2026-01-18 15:25:32.860,9.967
2026-01-18 15:25:32.866,9.964
2026-01-18 15:25:32.882,9.959
2026-01-18 15:25:32.900,9.957
2026-01-18 15:25:32.900,9.964
2026-01-18 15:25:32.916,9.961
2026-01-18 15:25:32.930,9.963
2026-01-18 15:25:32.950,9.958
2026-01-18 15:25:32.953,9.958
2026-01-18 15:25:32.969,9.956
2026-01-18 15:25:32.985,9.953
2026-01-18 15:25:32.999,9.954
2026-01-18 15:25:33.033,9.961
2026-01-18 15:25:33.038,9.958
2026-01-18 15:25:33.038,9.959
2026-01-18 15:25:33.060,9.954
2026-01-18 15:25:33.060,9.951
2026-01-18 15:25:33.090,9.949
2026-01-18 15:25:33.090,9.95
2026-01-18 15:25:33.100,9.954
2026-01-18 15:25:33.108,9.952
2026-01-18 15:25:33.118,9.954
2026-01-18 15:25:33.136,9.95
2026-01-18 15:25:33.151,9.96
2026-01-18 15:25:33.166,9.956
2026-01-18 15:25:33.166,9.953
2026-01-18 15:25:33.183,9.956
2026-01-18 15:25:33.215,9.957
2026-01-18 15:25:33.217,9.952
2026-01-18 15:25:33.217,9.952
2026-01-18 15:25:33.229,9.958
2026-01-18 15:25:33.250,9.96
2026-01-18 15:25:33.250,9.964
2026-01-18 15:25:33.266,9.959
2026-01-18 15:25:33.285,9.965
2026-01-18 15:25:33.285,9.961
2026-01-18 15:25:33.299,9.96
2026-01-18 15:25:33.317,9.963
2026-01-18 15:25:33.336,9.959
2026-01-18 15:25:33.336,9.966
2026-01-18 15:25:33.350,9.967
2026-01-18 15:25:33.367,9.972
2026-01-18 15:25:33.367,9.971
2026-01-18 15:25:33.380,9.964
2026-01-18 15:25:33.398,9.965
2026-01-18 15:25:33.414,9.968
2026-01-18 15:25:33.419,9.961
2026-01-18 15:25:33.432,9.96
2026-01-18 15:25:33.449,9.962
2026-01-18 15:25:33.466,9.966
2026-01-18 15:25:33.466,9.971
2026-01-18 15:25:33.482,9.967
2026-01-18 15:25:33.504,9.965
2026-01-18 15:25:33.504,9.962
2026-01-18 15:25:33.515,9.96
2026-01-18 15:25:33.535,9.957
2026-01-18 15:25:33.549,9.954
2026-01-18 15:25:33.549,9.958
2026-01-18 15:25:33.566,9.957
2026-01-18 15:25:33.583,9.959
2026-01-18 15:25:33.599,9.956
2026-01-18 15:25:33.599,9.962
2026-01-18 15:25:33.618,9.964
2026-01-18 15:25:33.632,9.961
2026-01-18 15:25:33.632,9.961
2026-01-18 15:25:33.647,9.96
2026-01-18 15:25:33.665,9.962
2026-01-18 15:25:33.680,9.957
2026-01-18 15:25:33.680,9.961
2026-01-18 15:25:33.698,9.958
2026-01-18 15:25:33.716,9.96
2026-01-18 15:25:33.717,9.961
2026-01-18 15:25:33.735,9.962
2026-01-18 15:25:33.749,9.961
2026-01-18 15:25:33.766,9.962
2026-01-18 15:25:33.766,9.963
2026-01-18 15:25:33.782,9.961
2026-01-18 15:25:33.799,9.964
2026-01-18 15:25:33.801,9.962
2026-01-18 15:25:33.815,9.966
2026-01-18 15:25:33.832,9.965
2026-01-18 15:25:33.848,9.971
2026-01-18 15:25:33.848,9.969
2026-01-18 15:25:33.865,9.971
2026-01-18 15:25:33.883,9.968
2026-01-18 15:25:33.899,9.965
2026-01-18 15:25:33.899,9.963
2026-01-18 15:25:33.914,9.962
2026-01-18 15:25:33.932,9.967
2026-01-18 15:25:33.932,9.965
2026-01-18 15:25:33.947,9.967
2026-01-18 15:25:33.964,9.964
2026-01-18 15:25:33.979,9.966
2026-01-18 15:25:33.979,9.967
2026-01-18 15:25:33.998,9.964
2026-01-18 15:25:34.011,9.972
2026-01-18 15:25:34.029,9.966
2026-01-18 15:25:34.033,9.969
2026-01-18 15:25:34.048,9.966
2026-01-18 15:25:34.059,9.968
2026-01-18 15:25:34.066,9.964
2026-01-18 15:25:34.077,9.969
2026-01-18 15:25:34.098,9.967
2026-01-18 15:25:34.115,9.963
2026-01-18 15:25:34.115,9.958
2026-01-18 15:25:34.131,9.961
2026-01-18 15:25:34.148,9.957
2026-01-18 15:25:34.150,9.959
2026-01-18 15:25:34.166,9.961
2026-01-18 15:25:34.173,9.959
2026-01-18 15:25:34.199,9.961
2026-01-18 15:25:34.199,9.957
2026-01-18 15:25:34.215,9.96
2026-01-18 15:25:34.232,9.958
2026-01-18 15:25:34.234,9.958
2026-01-18 15:25:34.248,9.952
2026-01-18 15:25:34.259,9.951
2026-01-18 15:25:34.278,9.959
2026-01-18 15:25:34.278,9.957
2026-01-18 15:25:34.295,9.96
2026-01-18 15:25:34.306,9.957
2026-01-18 15:25:34.331,9.954
2026-01-18 15:25:34.331,9.96
2026-01-18 15:25:34.348,9.954
2026-01-18 15:25:34.365,9.956
2026-01-18 15:25:34.365,9.956
2026-01-18 15:25:34.369,9.96
2026-01-18 15:25:34.398,9.954
2026-01-18 15:25:34.416,9.956
2026-01-18 15:25:34.417,9.957
2026-01-18 15:25:34.432,9.958
2026-01-18 15:25:34.450,9.958
2026-01-18 15:25:34.450,9.956
2026-01-18 15:25:34.458,9.958
2026-01-18 15:25:34.475,9.954
2026-01-18 15:25:34.488,9.952
2026-01-18 15:25:34.488,9.954
2026-01-18 15:25:34.521,9.953
2026-01-18 15:25:34.521,9.957
2026-01-18 15:25:34.521,9.954
2026-01-18 15:25:34.536,9.96
2026-01-18 15:25:34.588,9.962
2026-01-18 15:25:34.588,9.961
2026-01-18 15:25:34.599,9.962
2026-01-18 15:25:34.599,9.966
2026-01-18 15:25:34.599,9.965
2026-01-18 15:25:34.616,9.961
2026-01-18 15:25:34.633,9.956
2026-01-18 15:25:34.647,9.962
2026-01-18 15:25:34.665,9.957
2026-01-18 15:25:34.665,9.957
2026-01-18 15:25:34.678,9.959
2026-01-18 15:25:34.700,9.956
2026-01-18 15:25:34.710,9.96
2026-01-18 15:25:34.710,9.957
2026-01-18 15:25:34.732,9.955
2026-01-18 15:25:34.749,9.959
2026-01-18 15:25:34.749,9.96
2026-01-18 15:25:34.758,9.958
2026-01-18 15:25:34.776,9.95
2026-01-18 15:25:34.799,9.948
2026-01-18 15:25:34.799,9.953
2026-01-18 15:25:34.815,9.956
2026-01-18 15:25:34.832,9.953
2026-01-18 15:25:34.835,9.955
2026-01-18 15:25:34.835,9.952
2026-01-18 15:25:34.859,9.953
2026-01-18 15:25:34.867,9.956
2026-01-18 15:25:34.883,9.952
2026-01-18 15:25:34.900,9.951
2026-01-18 15:25:34.915,9.953
2026-01-18 15:25:34.915,9.952
2026-01-18 15:25:34.930,9.948
2026-01-18 15:25:34.946,9.947
2026-01-18 15:25:34.962,9.95
2026-01-18 15:25:34.962,9.958
2026-01-18 15:25:34.982,9.953
2026-01-18 15:25:34.994,9.951
2026-01-18 15:25:35.014,9.948
2026-01-18 15:25:35.014,9.948
2026-01-18 15:25:35.033,9.952
2026-01-18 15:25:35.047,9.952
2026-01-18 15:25:35.047,9.953
2026-01-18 15:25:35.066,9.958
2026-01-18 15:25:35.086,9.953
2026-01-18 15:25:35.087,9.951
2026-01-18 15:25:35.146,9.954
2026-01-18 15:25:35.146,9.953
2026-01-18 15:25:35.149,9.953
2026-01-18 15:25:35.149,9.949
2026-01-18 15:25:35.162,9.953
2026-01-18 15:25:35.181,9.951
2026-01-18 15:25:35.181,9.957
2026-01-18 15:25:35.198,9.96
2026-01-18 15:25:35.215,9.958
2026-01-18 15:25:35.232,9.959
2026-01-18 15:25:35.232,9.956
2026-01-18 15:25:35.249,9.956
2026-01-18 15:25:35.264,9.956
2026-01-18 15:25:35.269,9.959
2026-01-18 15:25:35.303,9.956
2026-01-18 15:25:35.303,9.963
2026-01-18 15:25:35.305,9.959
2026-01-18 15:25:35.317,9.968
2026-01-18 15:25:35.331,9.969
2026-01-18 15:25:35.344,9.964
2026-01-18 15:25:35.352,9.97
2026-01-18 15:25:35.365,9.962
2026-01-18 15:25:35.374,9.961
2026-01-18 15:25:35.398,9.964
2026-01-18 15:25:35.398,9.963
2026-01-18 15:25:35.414,9.961
2026-01-18 15:25:35.430,9.959
2026-01-18 15:25:35.446,9.957
2026-01-18 15:25:35.446,9.966
2026-01-18 15:25:35.464,9.961
2026-01-18 15:25:35.481,9.957
2026-01-18 15:25:35.481,9.958
2026-01-18 15:25:35.503,9.954
2026-01-18 15:25:35.503,9.954
2026-01-18 15:25:35.532,9.95
2026-01-18 15:25:35.532,9.953
2026-01-18 15:25:35.550,9.958
2026-01-18 15:25:35.563,9.959
2026-01-18 15:25:35.563,9.962
2026-01-18 15:25:35.580,9.956
2026-01-18 15:25:35.597,9.966
2026-01-18 15:25:35.616,9.96
2026-01-18 15:25:35.616,9.959
2026-01-18 15:25:35.630,9.962
2026-01-18 15:25:35.648,9.958
2026-01-18 15:25:35.648,9.959
2026-01-18 15:25:35.667,9.962
2026-01-18 15:25:35.683,9.959
2026-01-18 15:25:35.700,9.97
2026-01-18 15:25:35.701,9.965
2026-01-18 15:25:35.715,9.962
2026-01-18 15:25:35.733,9.965
2026-01-18 15:25:35.736,9.967
2026-01-18 15:25:35.750,9.97
2026-01-18 15:25:35.767,9.966
2026-01-18 15:25:35.783,9.963
2026-01-18 15:25:35.783,9.959
2026-01-18 15:25:35.799,9.957
2026-01-18 15:25:35.817,9.958
2026-01-18 15:25:35.817,9.958
2026-01-18 15:25:35.832,9.956
2026-01-18 15:25:35.850,9.96
2026-01-18 15:25:35.866,9.959
2026-01-18 15:25:35.866,9.957
2026-01-18 15:25:35.882,9.959
2026-01-18 15:25:35.899,9.958
2026-01-18 15:25:35.940,9.955
2026-01-18 15:25:35.942,9.952
2026-01-18 15:25:35.942,9.951
2026-01-18 15:25:35.942,9.953
2026-01-18 15:25:35.956,9.953
2026-01-18 15:25:35.966,9.957
2026-01-18 15:25:35.980,9.961
2026-01-18 15:25:35.998,9.958
2026-01-18 15:25:36.000,9.96
2026-01-18 15:25:36.014,9.958
2026-01-18 15:25:36.031,9.961
2026-01-18 15:25:36.031,9.96
2026-01-18 15:25:36.048,9.954
2026-01-18 15:25:36.064,9.954
2026-01-18 15:25:36.081,9.951
2026-01-18 15:25:36.083,9.953
2026-01-18 15:25:36.091,9.96
2026-01-18 15:25:36.116,9.965
2026-01-18 15:25:36.116,9.968
2026-01-18 15:25:36.131,9.964
2026-01-18 15:25:36.148,9.961
2026-01-18 15:25:36.164,9.969
2026-01-18 15:25:36.164,9.964
2026-01-18 15:25:36.180,9.961
2026-01-18 15:25:36.194,9.96
2026-01-18 15:25:36.210,9.959
2026-01-18 15:25:36.210,9.963
2026-01-18 15:25:36.226,9.962
2026-01-18 15:25:36.242,9.96
2026-01-18 15:25:36.242,9.968
2026-01-18 15:25:36.264,9.965
2026-01-18 15:25:36.282,9.964
2026-01-18 15:25:36.298,9.969
2026-01-18 15:25:36.298,9.966
2026-01-18 15:25:36.317,9.967
2026-01-18 15:25:36.332,9.963
2026-01-18 15:25:36.332,9.961
2026-01-18 15:25:36.350,9.968
2026-01-18 15:25:36.367,9.966
2026-01-18 15:25:36.383,9.965
2026-01-18 15:25:36.383,9.963
2026-01-18 15:25:36.402,9.961
2026-01-18 15:25:36.420,9.964
2026-01-18 15:25:36.420,9.961
2026-01-18 15:25:36.434,9.958
2026-01-18 15:25:36.454,9.963
2026-01-18 15:25:36.454,9.96
2026-01-18 15:25:36.471,9.958
2026-01-18 15:25:36.485,9.958
2026-01-18 15:25:36.496,9.957
2026-01-18 15:25:36.515,9.957
2026-01-18 15:25:36.515,9.956
2026-01-18 15:25:36.537,9.953
2026-01-18 15:25:36.537,9.957
2026-01-18 15:25:36.547,9.958
2026-01-18 15:25:36.565,9.958
2026-01-18 15:25:36.580,9.964
2026-01-18 15:25:36.599,9.96
2026-01-18 15:25:36.599,9.959
2026-01-18 15:25:36.615,9.963
2026-01-18 15:25:36.633,9.963
2026-01-18 15:25:36.633,9.967
2026-01-18 15:25:36.647,9.964
2026-01-18 15:25:36.667,9.965
2026-01-18 15:25:36.681,9.97
2026-01-18 15:25:36.681,9.967
2026-01-18 15:25:36.697,9.971
2026-01-18 15:25:36.714,9.964
2026-01-18 15:25:36.737,9.962
2026-01-18 15:25:36.739,9.964
2026-01-18 15:25:36.741,9.959
2026-01-18 15:25:36.759,9.957
2026-01-18 15:25:36.765,9.965
2026-01-18 15:25:36.782,9.965
2026-01-18 15:25:36.821,9.968
2026-01-18 15:25:36.823,9.963
2026-01-18 15:25:36.823,9.963
2026-01-18 15:25:36.825,9.971
2026-01-18 15:25:36.873,9.971
2026-01-18 15:25:36.873,9.975
2026-01-18 15:25:36.873,9.969
2026-01-18 15:25:36.873,9.966
2026-01-18 15:25:36.894,9.964
2026-01-18 15:25:36.905,9.965
2026-01-18 15:25:36.915,9.968
2026-01-18 15:25:36.933,9.966
2026-01-18 15:25:36.934,9.962
2026-01-18 15:25:36.948,9.965
2026-01-18 15:25:36.966,9.964
2026-01-18 15:25:36.981,9.963
2026-01-18 15:25:36.982,9.967
2026-01-18 15:25:36.998,9.963
2026-01-18 15:25:37.014,9.972
2026-01-18 15:25:37.032,9.971
2026-01-18 15:25:37.046,9.968
2026-01-18 15:25:37.065,9.964
2026-01-18 15:25:37.065,9.964
2026-01-18 15:25:37.081,9.968
2026-01-18 15:25:37.098,9.966
2026-01-18 15:25:37.114,9.963
2026-01-18 15:25:37.114,9.968
2026-01-18 15:25:37.130,9.97
2026-01-18 15:25:37.148,9.97
2026-01-18 15:25:37.148,9.972
2026-01-18 15:25:37.163,9.972
2026-01-18 15:25:37.182,9.97
2026-01-18 15:25:37.195,9.972
2026-01-18 15:25:37.195,9.972
2026-01-18 15:25:37.215,9.971
2026-01-18 15:25:37.235,9.968
2026-01-18 15:25:37.237,9.973
2026-01-18 15:25:37.248,9.973
2026-01-18 15:25:37.265,9.968
2026-01-18 15:25:37.305,9.972
2026-01-18 15:25:37.305,9.971
2026-01-18 15:25:37.305,9.973
2026-01-18 15:25:37.305,9.97
2026-01-18 15:25:37.331,9.973
2026-01-18 15:25:37.332,9.967
2026-01-18 15:25:37.344,9.966
2026-01-18 15:25:37.366,9.967
2026-01-18 15:25:37.368,9.966
2026-01-18 15:25:37.382,9.965
2026-01-18 15:25:37.398,9.966
2026-01-18 15:25:37.417,9.97
2026-01-18 15:25:37.418,9.968
2026-01-18 15:25:37.434,9.969
2026-01-18 15:25:37.448,9.967
2026-01-18 15:25:37.449,9.965
2026-01-18 15:25:37.465,9.964
2026-01-18 15:25:37.482,9.98
2026-01-18 15:25:37.501,9.98
2026-01-18 15:25:37.501,9.984
2026-01-18 15:25:37.516,9.976
2026-01-18 15:25:37.538,9.971
2026-01-18 15:25:37.538,9.974
2026-01-18 15:25:37.549,9.972
2026-01-18 15:25:37.565,9.972
2026-01-18 15:25:37.582,9.976
2026-01-18 15:25:37.582,9.971
2026-01-18 15:25:37.598,9.968
2026-01-18 15:25:37.613,9.97
2026-01-18 15:25:37.613,9.969
2026-01-18 15:25:37.632,9.97
2026-01-18 15:25:37.647,9.97
2026-01-18 15:25:37.666,9.964
2026-01-18 15:25:37.666,9.965
2026-01-18 15:25:37.681,9.972
2026-01-18 15:25:37.700,9.976
2026-01-18 15:25:37.700,9.969
2026-01-18 15:25:37.715,9.967
2026-01-18 15:25:37.731,9.97
2026-01-18 15:25:37.747,9.969
2026-01-18 15:25:37.752,9.969
2026-01-18 15:25:37.764,9.966
2026-01-18 15:25:37.782,9.97
2026-01-18 15:25:37.795,9.969
2026-01-18 15:25:37.795,9.967
2026-01-18 15:25:37.814,9.968
2026-01-18 15:25:37.826,9.967
2026-01-18 15:25:37.826,9.965
2026-01-18 15:25:37.843,9.965
2026-01-18 15:25:37.864,9.963
2026-01-18 15:25:37.880,9.96
2026-01-18 15:25:37.880,9.96
2026-01-18 15:25:37.898,9.963
2026-01-18 15:25:37.913,9.958
2026-01-18 15:25:37.931,9.957
2026-01-18 15:25:37.932,9.966
2026-01-18 15:25:37.947,9.96
2026-01-18 15:25:37.967,9.961
2026-01-18 15:25:37.967,9.96
2026-01-18 15:25:37.982,9.964
2026-01-18 15:25:37.998,9.962
2026-01-18 15:25:38.016,9.97
2026-01-18 15:25:38.016,9.976
2026-01-18 15:25:38.033,9.976
2026-01-18 15:25:38.049,9.972
2026-01-18 15:25:38.049,9.97
2026-01-18 15:25:38.064,9.969
2026-01-18 15:25:38.080,9.968
2026-01-18 15:25:38.098,9.967
2026-01-18 15:25:38.098,9.968
2026-01-18 15:25:38.123,9.962
2026-01-18 15:25:38.123,9.959
2026-01-18 15:25:38.226,9.964
2026-01-18 15:25:38.226,9.96
2026-01-18 15:25:38.226,9.959
2026-01-18 15:25:38.226,9.964
2026-01-18 15:25:38.227,9.961
2026-01-18 15:25:38.227,9.96
2026-01-18 15:25:38.227,9.959
2026-01-18 15:25:38.227,9.957
2026-01-18 15:25:38.229,9.959
2026-01-18 15:25:38.248,9.959
2026-01-18 15:25:38.264,9.961
2026-01-18 15:25:38.266,9.965
2026-01-18 15:25:38.279,9.96
2026-01-18 15:25:38.288,9.964
2026-01-18 15:25:38.307,9.965
2026-01-18 15:25:38.307,9.961
2026-01-18 15:25:38.324,9.958
2026-01-18 15:25:38.348,9.962
2026-01-18 15:25:38.365,9.958
2026-01-18 15:25:38.365,9.957
2026-01-18 15:25:38.376,9.965
2026-01-18 15:25:38.398,9.965
2026-01-18 15:25:38.398,9.965
2026-01-18 15:25:38.414,9.969
2026-01-18 15:25:38.431,9.965
2026-01-18 15:25:38.433,9.964
2026-01-18 15:25:38.446,9.975
2026-01-18 15:25:38.464,9.97
2026-01-18 15:25:38.480,9.969
2026-01-18 15:25:38.480,9.968
2026-01-18 15:25:38.498,9.967
2026-01-18 15:25:38.516,9.964
2026-01-18 15:25:38.516,9.966
2026-01-18 15:25:38.531,9.965
2026-01-18 15:25:38.544,9.963
2026-01-18 15:25:38.564,9.964
2026-01-18 15:25:38.564,9.968
2026-01-18 15:25:38.582,9.967
2026-01-18 15:25:38.588,9.966
2026-01-18 15:25:38.610,9.971
2026-01-18 15:25:38.610,9.968
2026-01-18 15:25:38.633,9.968
2026-01-18 15:25:38.649,9.967
2026-01-18 15:25:38.650,9.968
2026-01-18 15:25:38.698,9.962
2026-01-18 15:25:38.698,9.962
2026-01-18 15:25:38.698,9.962
2026-01-18 15:25:38.699,9.963
2026-01-18 15:25:38.710,9.963
2026-01-18 15:25:38.732,9.963
2026-01-18 15:25:38.749,9.967
2026-01-18 15:25:38.750,9.974
2026-01-18 15:25:38.765,9.972
2026-01-18 15:25:38.781,9.969
2026-01-18 15:25:38.781,9.972
2026-01-18 15:25:38.798,9.966
2026-01-18 15:25:38.813,9.963
2026-01-18 15:25:38.832,9.964
2026-01-18 15:25:38.832,9.964
2026-01-18 15:25:38.850,9.963
2026-01-18 15:25:38.865,9.962
2026-01-18 15:25:38.867,9.97
2026-01-18 15:25:38.884,9.964
2026-01-18 15:25:38.897,9.965
2026-01-18 15:25:38.914,9.962
2026-01-18 15:25:38.916,9.973
2026-01-18 15:25:38.930,9.968
2026-01-18 15:25:38.946,9.966
2026-01-18 15:25:38.946,9.968
2026-01-18 15:25:38.967,9.964
2026-01-18 15:25:38.983,9.962
2026-01-18 15:25:38.985,9.966
2026-01-18 15:25:39.001,9.972
2026-01-18 15:25:39.014,9.971
2026-01-18 15:25:39.031,9.969
2026-01-18 15:25:39.031,9.972
2026-01-18 15:25:39.048,9.971
2026-01-18 15:25:39.064,9.967
2026-01-18 15:25:39.082,9.961
2026-01-18 15:25:39.084,9.96
2026-01-18 15:25:39.098,9.956
2026-01-18 15:25:39.112,9.955
2026-01-18 15:25:39.131,9.963
2026-01-18 15:25:39.131,9.962
2026-01-18 15:25:39.147,9.96
2026-01-18 15:25:39.164,9.957
2026-01-18 15:25:39.166,9.965
2026-01-18 15:25:39.181,9.961
2026-01-18 15:25:39.201,9.961
2026-01-18 15:25:39.202,9.961
2026-01-18 15:25:39.213,9.965
2026-01-18 15:25:39.231,9.958
2026-01-18 15:25:39.248,9.956
2026-01-18 15:25:39.248,9.958
2026-01-18 15:25:39.264,9.962
2026-01-18 15:25:39.280,9.96
2026-01-18 15:25:39.296,9.958
2026-01-18 15:25:39.296,9.96
2026-01-18 15:25:39.314,9.96
2026-01-18 15:25:39.328,9.962
2026-01-18 15:25:39.346,9.962
2026-01-18 15:25:39.346,9.958
2026-01-18 15:25:39.360,9.96
2026-01-18 15:25:39.376,9.956
2026-01-18 15:25:39.376,9.957
2026-01-18 15:25:39.394,9.957
2026-01-18 15:25:39.414,9.961
2026-01-18 15:25:39.423,9.964
2026-01-18 15:25:39.423,9.964
2026-01-18 15:25:39.439,9.967
2026-01-18 15:25:39.465,9.964
2026-01-18 15:25:39.467,9.962
2026-01-18 15:25:39.481,9.961
2026-01-18 15:25:39.489,9.963
2026-01-18 15:25:39.507,9.969
2026-01-18 15:25:39.507,9.965
2026-01-18 15:25:39.532,9.961
2026-01-18 15:25:39.532,9.959
2026-01-18 15:25:39.549,9.961
2026-01-18 15:25:39.565,9.961
2026-01-18 15:25:39.581,9.961
2026-01-18 15:25:39.598,9.957
2026-01-18 15:25:39.600,9.959
2026-01-18 15:25:39.616,9.962
2026-01-18 15:25:39.632,9.962
2026-01-18 15:25:39.632,9.965
2026-01-18 15:25:39.646,9.966
2026-01-18 15:25:39.663,9.964
2026-01-18 15:25:39.679,9.968
2026-01-18 15:25:39.679,9.967
2026-01-18 15:25:39.694,9.968
2026-01-18 15:25:39.715,9.968
2026-01-18 15:25:39.725,9.968
2026-01-18 15:25:39.725,9.968
2026-01-18 15:25:39.747,9.971
2026-01-18 15:25:39.759,9.97
2026-01-18 15:25:39.759,9.968
2026-01-18 15:25:39.775,9.968
2026-01-18 15:25:39.788,9.972
2026-01-18 15:25:39.814,9.966
2026-01-18 15:25:39.820,9.965
2026-01-18 15:25:39.840,9.96
2026-01-18 15:25:39.840,9.96
2026-01-18 15:25:39.864,9.961
2026-01-18 15:25:39.881,9.961
2026-01-18 15:25:39.899,9.96
2026-01-18 15:25:39.899,9.961
2026-01-18 15:25:39.914,9.968
2026-01-18 15:25:39.930,9.965
2026-01-18 15:25:39.949,9.966
2026-01-18 15:25:39.949,9.97
2026-01-18 15:25:39.964,9.967
2026-01-18 15:25:39.983,9.967
2026-01-18 15:25:39.983,9.971
2026-01-18 15:25:39.998,9.971
2026-01-18 15:25:40.014,9.97
2026-01-18 15:25:40.031,9.968
2026-01-18 15:25:40.031,9.975
2026-01-18 15:25:40.067,9.974
2026-01-18 15:25:40.067,9.97
2026-01-18 15:25:40.067,9.97
2026-01-18 15:25:40.079,9.966
2026-01-18 15:25:40.098,9.97
2026-01-18 15:25:40.110,9.969
2026-01-18 15:25:40.110,9.97
2026-01-18 15:25:40.130,9.97
2026-01-18 15:25:40.147,9.977
2026-01-18 15:25:40.147,9.975
2026-01-18 15:25:40.164,9.976
2026-01-18 15:25:40.180,9.974
2026-01-18 15:25:40.197,9.976
2026-01-18 15:25:40.197,9.981
2026-01-18 15:25:40.216,9.979
2026-01-18 15:25:40.232,9.975
2026-01-18 15:25:40.248,9.971
2026-01-18 15:25:40.248,9.968
2026-01-18 15:25:40.266,9.973
2026-01-18 15:25:40.278,9.972
2026-01-18 15:25:40.278,9.968
2026-01-18 15:25:40.298,9.964
2026-01-18 15:25:40.311,9.964
2026-01-18 15:25:40.332,9.968
2026-01-18 15:25:40.332,9.973
2026-01-18 15:25:40.342,9.971
2026-01-18 15:25:40.362,9.97
2026-01-18 15:25:40.366,9.971
2026-01-18 15:25:40.379,9.977
2026-01-18 15:25:40.399,9.976
2026-01-18 15:25:40.415,9.972
2026-01-18 15:25:40.415,9.968
2026-01-18 15:25:40.433,9.968
2026-01-18 15:25:40.449,9.965
2026-01-18 15:25:40.449,9.97
2026-01-18 15:25:40.465,9.978
2026-01-18 15:25:40.482,9.974
2026-01-18 15:25:40.499,9.972
2026-01-18 15:25:40.499,9.97
2026-01-18 15:25:40.521,9.97
2026-01-18 15:25:40.521,9.976
2026-01-18 15:25:40.533,9.979
2026-01-18 15:25:40.549,9.972
2026-01-18 15:25:40.566,9.971
2026-01-18 15:25:40.583,9.972
2026-01-18 15:25:40.583,9.968
2026-01-18 15:25:40.597,9.97
2026-01-18 15:25:40.614,9.972
2026-01-18 15:25:40.633,9.975
2026-01-18 15:25:40.633,9.977
2026-01-18 15:25:40.648,9.975
2026-01-18 15:25:40.664,9.975
2026-01-18 15:25:40.665,9.969
2026-01-18 15:25:40.682,9.969
2026-01-18 15:25:40.699,9.967
2026-01-18 15:25:40.699,9.969
2026-01-18 15:25:40.715,9.965
2026-01-18 15:25:40.731,9.971
2026-01-18 15:25:40.748,9.968
2026-01-18 15:25:40.748,9.963
2026-01-18 15:25:40.762,9.963
2026-01-18 15:25:40.781,9.964
2026-01-18 15:25:40.796,9.966
2026-01-18 15:25:40.796,9.966
2026-01-18 15:25:40.815,9.963
2026-01-18 15:25:40.831,9.962
2026-01-18 15:25:40.831,9.968
2026-01-18 15:25:40.846,9.969
2026-01-18 15:25:40.864,9.967
2026-01-18 15:25:40.881,9.964
2026-01-18 15:25:40.881,9.963
2026-01-18 15:25:40.894,9.963
2026-01-18 15:25:40.912,9.966
2026-01-18 15:25:40.930,9.972
2026-01-18 15:25:40.930,9.976
2026-01-18 15:25:40.949,9.972
2026-01-18 15:25:40.965,9.971
2026-01-18 15:25:40.965,9.968
2026-01-18 15:25:40.980,9.967
2026-01-18 15:25:40.998,9.97
2026-01-18 15:25:41.013,9.969
2026-01-18 15:25:41.015,9.966
2026-01-18 15:25:41.029,9.971
2026-01-18 15:25:41.047,9.976
2026-01-18 15:25:41.064,9.979
2026-01-18 15:25:41.064,9.978
2026-01-18 15:25:41.080,9.975
2026-01-18 15:25:41.090,9.976
2026-01-18 15:25:41.090,9.975
2026-01-18 15:25:41.105,9.97
2026-01-18 15:25:41.131,9.969
2026-01-18 15:25:41.146,9.967
2026-01-18 15:25:41.146,9.968
2026-01-18 15:25:41.162,9.966
2026-01-18 15:25:41.185,9.962
2026-01-18 15:25:41.185,9.967
2026-01-18 15:25:41.198,9.977
2026-01-18 15:25:41.214,9.972
2026-01-18 15:25:41.235,9.966
2026-01-18 15:25:41.235,9.961
2026-01-18 15:25:41.254,9.962
2026-01-18 15:25:41.254,9.962
2026-01-18 15:25:41.281,9.961
2026-01-18 15:25:41.282,9.957
2026-01-18 15:25:41.298,9.964
2026-01-18 15:25:41.312,9.968
2026-01-18 15:25:41.315,9.971
2026-01-18 15:25:41.325,9.966
2026-01-18 15:25:41.346,9.967
2026-01-18 15:25:41.349,9.971
2026-01-18 15:25:41.379,9.968
2026-01-18 15:25:41.390,9.966
2026-01-18 15:25:41.399,9.968
2026-01-18 15:25:41.438,9.967
2026-01-18 15:25:41.438,9.964
2026-01-18 15:25:41.450,9.962
2026-01-18 15:25:41.461,9.955
2026-01-18 15:25:41.483,9.966
2026-01-18 15:25:41.483,9.961
2026-01-18 15:25:41.491,9.961
2026-01-18 15:25:41.522,9.961
2026-01-18 15:25:41.522,9.96
2026-01-18 15:25:41.532,9.959
2026-01-18 15:25:41.548,9.959
2026-01-18 15:25:41.565,9.963
2026-01-18 15:25:41.565,9.972
2026-01-18 15:25:41.581,9.973
2026-01-18 15:25:41.597,9.978
2026-01-18 15:25:41.614,9.976
2026-01-18 15:25:41.614,9.977
2026-01-18 15:25:41.634,9.979
2026-01-18 15:25:41.634,9.975
2026-01-18 15:25:41.653,9.968
2026-01-18 15:25:41.665,9.964
2026-01-18 15:25:41.684,9.962
2026-01-18 15:25:41.685,9.96
2026-01-18 15:25:41.698,9.959
2026-01-18 15:25:41.715,9.959
2026-01-18 15:25:41.734,9.96
2026-01-18 15:25:41.735,9.961
2026-01-18 15:25:41.752,9.978
2026-01-18 15:25:41.766,9.983
2026-01-18 15:25:41.781,9.986
2026-01-18 15:25:41.781,9.988
2026-01-18 15:25:41.799,9.99
2026-01-18 15:25:41.814,9.99
2026-01-18 15:25:41.831,9.995
2026-01-18 15:25:41.833,9.989
2026-01-18 15:25:41.846,9.985
2026-01-18 15:25:41.865,9.979
2026-01-18 15:25:41.865,9.978
2026-01-18 15:25:41.882,9.992
2026-01-18 15:25:41.897,9.986
2026-01-18 15:25:41.915,9.98
2026-01-18 15:25:41.916,9.976
2026-01-18 15:25:41.933,9.975
2026-01-18 15:25:41.948,9.973
2026-01-18 15:25:41.948,9.969
2026-01-18 15:25:41.964,9.97
2026-01-18 15:25:41.980,9.969
2026-01-18 15:25:41.998,9.965
2026-01-18 15:25:42.001,9.965
2026-01-18 15:25:42.015,9.965
2026-01-18 15:25:42.031,9.963
2026-01-18 15:25:42.049,9.965
2026-01-18 15:25:42.049,9.969
2026-01-18 15:25:42.062,9.968
2026-01-18 15:25:42.079,9.964
2026-01-18 15:25:42.079,9.964
2026-01-18 15:25:42.097,9.962
2026-01-18 15:25:42.116,9.968
2026-01-18 15:25:42.129,9.972
2026-01-18 15:25:42.129,9.976
2026-01-18 15:25:42.146,9.976
2026-01-18 15:25:42.163,9.977
2026-01-18 15:25:42.165,9.979
2026-01-18 15:25:42.178,9.983
2026-01-18 15:25:42.192,9.98
2026-01-18 15:25:42.213,9.974
2026-01-18 15:25:42.213,9.969
2026-01-18 15:25:42.227,9.97
2026-01-18 15:25:42.247,9.97
2026-01-18 15:25:42.263,9.966
2026-01-18 15:25:42.263,9.962
2026-01-18 15:25:42.280,9.963
2026-01-18 15:25:42.287,9.959
2026-01-18 15:25:42.299,9.958
2026-01-18 15:25:42.313,9.964
2026-01-18 15:25:42.319,9.966
2026-01-18 15:25:42.335,9.964
2026-01-18 15:25:42.335,9.961
2026-01-18 15:25:42.356,9.965
2026-01-18 15:25:42.372,9.965
2026-01-18 15:25:42.382,9.971
2026-01-18 15:25:42.397,9.967
2026-01-18 15:25:42.413,9.968
2026-01-18 15:25:42.431,9.966
2026-01-18 15:25:42.431,9.968
2026-01-18 15:25:42.446,9.967
2026-01-18 15:25:42.465,9.967
2026-01-18 15:25:42.465,9.965
2026-01-18 15:25:42.478,9.969
2026-01-18 15:25:42.497,9.971
2026-01-18 15:25:42.521,9.974
2026-01-18 15:25:42.521,9.971
2026-01-18 15:25:42.531,9.975
2026-01-18 15:25:42.547,9.97
2026-01-18 15:25:42.547,9.965
2026-01-18 15:25:42.564,9.963
2026-01-18 15:25:42.582,9.962
2026-01-18 15:25:42.597,9.962
2026-01-18 15:25:42.599,9.96
2026-01-18 15:25:42.616,9.964
2026-01-18 15:25:42.632,9.963
2026-01-18 15:25:42.632,9.962
2026-01-18 15:25:42.648,9.963
2026-01-18 15:25:42.665,9.964
2026-01-18 15:25:42.681,9.963
2026-01-18 15:25:42.681,9.969
2026-01-18 15:25:42.699,9.971
2026-01-18 15:25:42.712,9.97
2026-01-18 15:25:42.730,9.97
2026-01-18 15:25:42.730,9.975
2026-01-18 15:25:42.746,9.982
2026-01-18 15:25:42.786,9.985
2026-01-18 15:25:42.786,9.985
2026-01-18 15:25:42.786,9.989
2026-01-18 15:25:42.786,9.988
2026-01-18 15:25:42.814,9.986
2026-01-18 15:25:42.831,9.983
2026-01-18 15:25:42.840,9.978
2026-01-18 15:25:42.868,9.977
2026-01-18 15:25:42.868,9.977
2026-01-18 15:25:42.879,9.973
2026-01-18 15:25:42.897,9.968
2026-01-18 15:25:42.897,9.965
2026-01-18 15:25:42.913,9.962
2026-01-18 15:25:42.919,9.963
2026-01-18 15:25:42.946,9.964
2026-01-18 15:25:42.948,9.963
2026-01-18 15:25:42.959,9.964
2026-01-18 15:25:42.982,9.968
2026-01-18 15:25:42.982,9.968
2026-01-18 15:25:42.987,9.971
2026-01-18 15:25:43.015,9.97
2026-01-18 15:25:43.029,9.97
2026-01-18 15:25:43.029,9.968
2026-01-18 15:25:43.047,9.963
2026-01-18 15:25:43.061,9.961
2026-01-18 15:25:43.066,9.958
2026-01-18 15:25:43.077,9.961
2026-01-18 15:25:43.095,9.961
2026-01-18 15:25:43.114,9.959
2026-01-18 15:25:43.114,9.956
2026-01-18 15:25:43.131,9.955
2026-01-18 15:25:43.148,9.951
2026-01-18 15:25:43.148,9.952
2026-01-18 15:25:43.163,9.956
2026-01-18 15:25:43.180,9.955
2026-01-18 15:25:43.196,9.958
2026-01-18 15:25:43.197,9.959
2026-01-18 15:25:43.213,9.956
2026-01-18 15:25:43.229,9.954
2026-01-18 15:25:43.246,9.955
2026-01-18 15:25:43.246,9.954
2026-01-18 15:25:43.256,9.97
2026-01-18 15:25:43.273,9.968
2026-01-18 15:25:43.281,9.97
2026-01-18 15:25:43.298,9.971
2026-01-18 15:25:43.308,9.971
2026-01-18 15:25:43.320,9.974
2026-01-18 15:25:43.320,9.97
2026-01-18 15:25:43.347,9.965
2026-01-18 15:25:43.363,9.963
2026-01-18 15:25:43.365,9.958
2026-01-18 15:25:43.381,9.964
2026-01-18 15:25:43.396,9.958
2026-01-18 15:25:43.413,9.963
2026-01-18 15:25:43.413,9.966
2026-01-18 15:25:43.426,9.975
2026-01-18 15:25:43.442,9.977
2026-01-18 15:25:43.458,9.979
2026-01-18 15:25:43.458,9.976
2026-01-18 15:25:43.479,9.975
2026-01-18 15:25:43.495,9.982
2026-01-18 15:25:43.495,9.983
2026-01-18 15:25:43.514,9.977
2026-01-18 15:25:43.543,9.972
2026-01-18 15:25:43.543,9.975
2026-01-18 15:25:43.543,9.976
2026-01-18 15:25:43.563,9.971
2026-01-18 15:25:43.576,9.971
2026-01-18 15:25:43.581,9.965
2026-01-18 15:25:43.590,9.966
2026-01-18 15:25:43.603,9.965
2026-01-18 15:25:43.629,9.961
2026-01-18 15:25:43.629,9.957
2026-01-18 15:25:43.638,9.955
2026-01-18 15:25:43.664,9.953
2026-01-18 15:25:43.664,9.951
2026-01-18 15:25:43.680,9.952
2026-01-18 15:25:43.696,9.956
2026-01-18 15:25:43.711,9.96
2026-01-18 15:25:43.711,9.962
2026-01-18 15:25:43.727,9.963
2026-01-18 15:25:43.747,9.965
2026-01-18 15:25:43.771,9.966
2026-01-18 15:25:43.773,9.966
2026-01-18 15:25:43.773,9.967
2026-01-18 15:25:43.785,9.968
2026-01-18 15:25:43.797,9.97
2026-01-18 15:25:43.812,9.975
2026-01-18 15:25:43.829,9.981
2026-01-18 15:25:43.845,9.98
2026-01-18 15:25:43.845,9.981
2026-01-18 15:25:43.853,9.978
2026-01-18 15:25:43.874,9.979
2026-01-18 15:25:43.874,9.979
2026-01-18 15:25:43.884,9.97
2026-01-18 15:25:43.900,9.973
2026-01-18 15:25:43.916,9.966
2026-01-18 15:25:43.916,9.963
2026-01-18 15:25:43.963,9.958
2026-01-18 15:25:43.963,9.955
2026-01-18 15:25:43.980,9.961
2026-01-18 15:25:43.996,9.965
2026-01-18 15:25:44.012,9.967
2026-01-18 15:25:44.012,9.961
2026-01-18 15:25:44.028,9.957
2026-01-18 15:25:44.044,9.956
2026-01-18 15:25:44.061,9.952
2026-01-18 15:25:44.065,9.951
2026-01-18 15:25:44.075,9.949
2026-01-18 15:25:44.093,9.95
2026-01-18 15:25:44.093,9.952
2026-01-18 15:25:44.114,9.955
2026-01-18 15:25:44.150,9.957
2026-01-18 15:25:44.150,9.955
2026-01-18 15:25:44.150,9.952
2026-01-18 15:25:44.164,9.949
2026-01-18 15:25:44.180,9.947
2026-01-18 15:25:44.191,9.944
2026-01-18 15:25:44.215,9.943
2026-01-18 15:25:44.230,9.943
2026-01-18 15:25:44.230,9.942
2026-01-18 15:25:44.248,9.944
2026-01-18 15:25:44.263,9.946
2026-01-18 15:25:44.263,9.949
2026-01-18 15:25:44.281,9.952
2026-01-18 15:25:44.297,9.951
2026-01-18 15:25:44.316,9.955
2026-01-18 15:25:44.316,9.959
2026-01-18 15:25:44.330,9.964
2026-01-18 15:25:44.348,9.969
2026-01-18 15:25:44.348,9.97
2026-01-18 15:25:44.363,9.964
2026-01-18 15:25:44.380,9.961
2026-01-18 15:25:44.398,9.956
2026-01-18 15:25:44.398,9.955
2026-01-18 15:25:44.413,9.951
2026-01-18 15:25:44.428,9.951
2026-01-18 15:25:44.447,9.957
2026-01-18 15:25:44.447,9.963
2026-01-18 15:25:44.464,9.966
2026-01-18 15:25:44.477,9.969
2026-01-18 15:25:44.477,9.97
2026-01-18 15:25:44.497,9.965
2026-01-18 15:25:44.509,9.97
2026-01-18 15:25:44.530,9.966
2026-01-18 15:25:44.530,9.964
2026-01-18 15:25:44.547,9.96
2026-01-18 15:25:44.563,9.957
2026-01-18 15:25:44.575,9.955
2026-01-18 15:25:44.597,9.955
2026-01-18 15:25:44.607,9.956
2026-01-18 15:25:44.607,9.953
2026-01-18 15:25:44.630,9.952
2026-01-18 15:25:44.647,9.951
2026-01-18 15:25:44.653,9.946
2026-01-18 15:25:44.665,9.949
2026-01-18 15:25:44.680,9.954
2026-01-18 15:25:44.697,9.964
2026-01-18 15:25:44.697,9.964
2026-01-18 15:25:44.714,9.966
2026-01-18 15:25:44.731,9.972
2026-01-18 15:25:44.747,9.976
2026-01-18 15:25:44.747,9.973
2026-01-18 15:25:44.764,9.977
2026-01-18 15:25:44.781,9.978
2026-01-18 15:25:44.781,9.979
2026-01-18 15:25:44.793,9.98
2026-01-18 15:25:44.814,9.98
2026-01-18 15:25:44.824,9.981
2026-01-18 15:25:44.824,9.977
2026-01-18 15:25:44.842,9.975
2026-01-18 15:25:44.862,9.971
2026-01-18 15:25:44.862,9.975
2026-01-18 15:25:44.880,9.978
2026-01-18 15:25:44.896,9.979
2026-01-18 15:25:44.913,9.977
2026-01-18 15:25:44.913,9.974
2026-01-18 15:25:44.921,9.969
2026-01-18 15:25:44.947,9.966
2026-01-18 15:25:44.947,9.964
2026-01-18 15:25:44.963,9.964
2026-01-18 15:25:44.980,9.963
2026-01-18 15:25:44.997,9.965
2026-01-18 15:25:44.997,9.966
2026-01-18 15:25:45.014,9.969
2026-01-18 15:25:45.031,9.973
2026-01-18 15:25:45.048,9.978
2026-01-18 15:25:45.048,9.978
2026-01-18 15:25:45.063,9.978
2026-01-18 15:25:45.081,9.981
2026-01-18 15:25:45.081,9.975
2026-01-18 15:25:45.097,9.971
2026-01-18 15:25:45.110,9.977
2026-01-18 15:25:45.130,9.976
2026-01-18 15:25:45.130,9.977
2026-01-18 15:25:45.142,9.975
2026-01-18 15:25:45.164,9.979
2026-01-18 15:25:45.180,9.977
2026-01-18 15:25:45.180,9.976
2026-01-18 15:25:45.190,9.975
2026-01-18 15:25:45.214,9.978
2026-01-18 15:25:45.214,9.985
2026-01-18 15:25:45.230,9.984
2026-01-18 15:25:45.246,9.987
2026-01-18 15:25:45.253,9.99
2026-01-18 15:25:45.253,9.994
2026-01-18 15:25:45.280,9.993
2026-01-18 15:25:45.297,9.984
2026-01-18 15:25:45.297,9.979
2026-01-18 15:25:45.314,9.977
2026-01-18 15:25:45.334,9.973
2026-01-18 15:25:45.334,9.968
2026-01-18 15:25:45.367,9.966
2026-01-18 15:25:45.367,9.963
2026-01-18 15:25:45.369,9.96
2026-01-18 15:25:45.384,9.959
2026-01-18 15:25:45.410,9.96
2026-01-18 15:25:45.412,9.962
2026-01-18 15:25:45.430,9.961
2026-01-18 15:25:45.430,9.96
2026-01-18 15:25:45.446,9.961
2026-01-18 15:25:45.463,9.958
2026-01-18 15:25:45.463,9.953
2026-01-18 15:25:45.479,9.95
2026-01-18 15:25:45.515,9.947
2026-01-18 15:25:45.515,9.947
2026-01-18 15:25:45.517,9.949
2026-01-18 15:25:45.531,9.955
2026-01-18 15:25:45.555,9.956
2026-01-18 15:25:45.555,9.956
2026-01-18 15:25:45.563,9.956
2026-01-18 15:25:45.579,9.956
2026-01-18 15:25:45.595,9.955
2026-01-18 15:25:45.595,9.956
2026-01-18 15:25:45.608,9.953
2026-01-18 15:25:45.622,9.953
2026-01-18 15:25:45.636,9.955
2026-01-18 15:25:45.636,9.962
2026-01-18 15:25:45.649,9.965
2026-01-18 15:25:45.677,9.971
2026-01-18 15:25:45.681,9.975
2026-01-18 15:25:45.696,9.978
2026-01-18 15:25:45.714,9.982
2026-01-18 15:25:45.728,9.976
2026-01-18 15:25:45.728,9.975
2026-01-18 15:25:45.744,9.975
2026-01-18 15:25:45.760,9.969
2026-01-18 15:25:45.777,9.968
2026-01-18 15:25:45.782,9.965
2026-01-18 15:25:45.796,9.96
2026-01-18 15:25:45.813,9.956
2026-01-18 15:25:45.813,9.954
2026-01-18 15:25:45.829,9.959
2026-01-18 15:25:45.844,9.957
2026-01-18 15:25:45.855,9.955
2026-01-18 15:25:45.865,9.955
2026-01-18 15:25:45.877,9.956
2026-01-18 15:25:45.897,9.956
2026-01-18 15:25:45.897,9.96
2026-01-18 15:25:45.904,9.957
2026-01-18 15:25:45.922,9.96
2026-01-18 15:25:45.947,9.968
2026-01-18 15:25:45.947,9.963
2026-01-18 15:25:45.963,9.961
2026-01-18 15:25:45.979,9.96
2026-01-18 15:25:45.981,9.957
2026-01-18 15:25:45.997,9.956
2026-01-18 15:25:46.013,9.954
2026-01-18 15:25:46.031,9.953
2026-01-18 15:25:46.031,9.953
2026-01-18 15:25:46.048,9.955
2026-01-18 15:25:46.062,9.956
2026-01-18 15:25:46.078,9.962
2026-01-18 15:25:46.078,9.968
2026-01-18 15:25:46.097,9.983
2026-01-18 15:25:46.111,9.984
2026-01-18 15:25:46.111,9.984
2026-01-18 15:25:46.130,9.973
2026-01-18 15:25:46.146,9.965
2026-01-18 15:25:46.163,9.961
2026-01-18 15:25:46.163,9.957
2026-01-18 15:25:46.180,9.956
2026-01-18 15:25:46.197,9.953
2026-01-18 15:25:46.197,9.95
2026-01-18 15:25:46.213,9.951
2026-01-18 15:25:46.230,9.947
2026-01-18 15:25:46.247,9.948
2026-01-18 15:25:46.247,9.954
2026-01-18 15:25:46.254,9.957
2026-01-18 15:25:46.278,9.961
2026-01-18 15:25:46.296,9.959
2026-01-18 15:25:46.300,9.962
2026-01-18 15:25:46.330,9.958
2026-01-18 15:25:46.332,9.953
2026-01-18 15:25:46.346,9.951
2026-01-18 15:25:46.364,9.954
2026-01-18 15:25:46.364,9.949
2026-01-18 15:25:46.381,9.954
2026-01-18 15:25:46.397,9.952
2026-01-18 15:25:46.413,9.954
2026-01-18 15:25:46.413,9.953
2026-01-18 15:25:46.426,9.956
2026-01-18 15:25:46.444,9.955
2026-01-18 15:25:46.463,9.952
2026-01-18 15:25:46.463,9.952
2026-01-18 15:25:46.480,9.956
2026-01-18 15:25:46.497,9.96
2026-01-18 15:25:46.497,9.957
2026-01-18 15:25:46.514,9.956
2026-01-18 15:25:46.528,9.952
2026-01-18 15:25:46.547,9.95
2026-01-18 15:25:46.547,9.958
2026-01-18 15:25:46.572,9.957
2026-01-18 15:25:46.572,9.953
2026-01-18 15:25:46.579,9.954
2026-01-18 15:25:46.597,9.95
2026-01-18 15:25:46.613,9.95
2026-01-18 15:25:46.630,9.953
2026-01-18 15:25:46.630,9.953
2026-01-18 15:25:46.647,9.949
2026-01-18 15:25:46.665,9.947
2026-01-18 15:25:46.665,9.949
2026-01-18 15:25:46.680,9.95
2026-01-18 15:25:46.701,9.952
2026-01-18 15:25:46.702,9.955
2026-01-18 15:25:46.714,9.961
2026-01-18 15:25:46.731,9.964
2026-01-18 15:25:46.747,9.965
2026-01-18 15:25:46.768,9.96
2026-01-18 15:25:46.768,9.959
2026-01-18 15:25:46.799,9.959
2026-01-18 15:25:46.799,9.965
2026-01-18 15:25:46.799,9.968
2026-01-18 15:25:46.813,9.965
2026-01-18 15:25:46.821,9.962
2026-01-18 15:25:46.838,9.958
2026-01-18 15:25:46.838,9.959
2026-01-18 15:25:46.876,9.955
2026-01-18 15:25:46.879,9.963
2026-01-18 15:25:46.884,9.961
2026-01-18 15:25:46.893,9.958
2026-01-18 15:25:46.900,9.953
2026-01-18 15:25:46.919,9.95
2026-01-18 15:25:46.919,9.958
2026-01-18 15:25:46.948,9.966
2026-01-18 15:25:46.963,9.964
2026-01-18 15:25:46.963,9.96
2026-01-18 15:25:46.980,9.958
2026-01-18 15:25:46.998,9.958
2026-01-18 15:25:47.010,9.958
2026-01-18 15:25:47.010,9.956
2026-01-18 15:25:47.026,9.952
2026-01-18 15:25:47.047,9.949
2026-01-18 15:25:47.063,9.948
2026-01-18 15:25:47.063,9.949
2026-01-18 15:25:47.079,9.95
2026-01-18 15:25:47.096,9.949
2026-01-18 15:25:47.096,9.947
2026-01-18 15:25:47.107,9.949
2026-01-18 15:25:47.122,9.948
2026-01-18 15:25:47.146,9.953
2026-01-18 15:25:47.146,9.958
2026-01-18 15:25:47.163,9.961
2026-01-18 15:25:47.180,9.959
2026-01-18 15:25:47.181,9.956
2026-01-18 15:25:47.197,9.952
2026-01-18 15:25:47.213,9.949
2026-01-18 15:25:47.230,9.947
2026-01-18 15:25:47.230,9.946
2026-01-18 15:25:47.247,9.947
2026-01-18 15:25:47.262,9.946
2026-01-18 15:25:47.280,9.955
2026-01-18 15:25:47.281,9.959
2026-01-18 15:25:47.297,9.954
2026-01-18 15:25:47.315,9.956
2026-01-18 15:25:47.315,9.956
2026-01-18 15:25:47.330,9.956
2026-01-18 15:25:47.346,9.951
2026-01-18 15:25:47.363,9.955
2026-01-18 15:25:47.363,9.961
2026-01-18 15:25:47.380,9.959
2026-01-18 15:25:47.396,9.959
2026-01-18 15:25:47.396,9.954
2026-01-18 15:25:47.413,9.956
2026-01-18 15:25:47.429,9.953
2026-01-18 15:25:47.447,9.958
2026-01-18 15:25:47.448,9.957
2026-01-18 15:25:47.455,9.958
2026-01-18 15:25:47.480,9.964
2026-01-18 15:25:47.480,9.965
2026-01-18 15:25:47.497,9.958
2026-01-18 15:25:47.502,9.954
2026-01-18 15:25:47.530,9.95
2026-01-18 15:25:47.530,9.951
2026-01-18 15:25:47.547,9.947
2026-01-18 15:25:47.563,9.947
2026-01-18 15:25:47.563,9.946
2026-01-18 15:25:47.579,9.944
2026-01-18 15:25:47.597,9.945
2026-01-18 15:25:47.597,9.952
2026-01-18 15:25:47.612,9.948
2026-01-18 15:25:47.632,9.95
2026-01-18 15:25:47.646,9.949
2026-01-18 15:25:47.664,9.948
2026-01-18 15:25:47.664,9.947
2026-01-18 15:25:47.680,9.949
2026-01-18 15:25:47.700,9.947
2026-01-18 15:25:47.700,9.945
2026-01-18 15:25:47.714,9.949
2026-01-18 15:25:47.729,9.948
2026-01-18 15:25:47.738,9.947
2026-01-18 15:25:47.747,9.947
2026-01-18 15:25:47.763,9.948
2026-01-18 15:25:47.778,9.955
2026-01-18 15:25:47.781,9.954
2026-01-18 15:25:47.797,9.953
2026-01-18 15:25:47.812,9.957
2026-01-18 15:25:47.830,9.952
2026-01-18 15:25:47.830,9.954
2026-01-18 15:25:47.844,9.953
2026-01-18 15:25:47.853,9.956
2026-01-18 15:25:47.880,9.952
2026-01-18 15:25:47.880,9.952
2026-01-18 15:25:47.895,9.952
2026-01-18 15:25:47.913,9.952
2026-01-18 15:25:47.913,9.952
2026-01-18 15:25:47.930,9.957
2026-01-18 15:25:47.945,9.962
2026-01-18 15:25:47.959,9.968
2026-01-18 15:25:47.964,9.968
2026-01-18 15:25:47.978,9.965
2026-01-18 15:25:47.995,9.956
2026-01-18 15:25:47.995,9.956
2026-01-18 15:25:48.012,9.957
2026-01-18 15:25:48.028,9.957
2026-01-18 15:25:48.046,9.961
2026-01-18 15:25:48.046,9.967
2026-01-18 15:25:48.067,9.964
2026-01-18 15:25:48.069,9.965
2026-01-18 15:25:48.081,9.962
2026-01-18 15:25:48.096,9.959
2026-01-18 15:25:48.113,9.959
2026-01-18 15:25:48.129,9.958
2026-01-18 15:25:48.129,9.956
2026-01-18 15:25:48.137,9.959
2026-01-18 15:25:48.163,9.964
2026-01-18 15:25:48.180,9.959
2026-01-18 15:25:48.181,9.958
2026-01-18 15:25:48.196,9.953
2026-01-18 15:25:48.258,9.951
2026-01-18 15:25:48.259,9.947
2026-01-18 15:25:48.260,9.947
2026-01-18 15:25:48.260,9.946
2026-01-18 15:25:48.260,9.948
2026-01-18 15:25:48.261,9.95
2026-01-18 15:25:48.271,9.954
2026-01-18 15:25:48.297,9.972
2026-01-18 15:25:48.297,9.968
2026-01-18 15:25:48.308,9.971
2026-01-18 15:25:48.329,9.975
2026-01-18 15:25:48.345,9.974
2026-01-18 15:25:48.347,9.977
2026-01-18 15:25:48.361,9.968
2026-01-18 15:25:48.380,9.964
2026-01-18 15:25:48.380,9.961
2026-01-18 15:25:48.391,9.961
2026-01-18 15:25:48.411,9.958
2026-01-18 15:25:48.419,9.959
2026-01-18 15:25:48.419,9.955
2026-01-18 15:25:48.435,9.954
2026-01-18 15:25:48.462,9.956
2026-01-18 15:25:48.469,9.955
2026-01-18 15:25:48.469,9.958
2026-01-18 15:25:48.490,9.959
2026-01-18 15:25:48.512,9.961
2026-01-18 15:25:48.512,9.962
2026-01-18 15:25:48.530,9.97
2026-01-18 15:25:48.547,9.977
2026-01-18 15:25:48.562,9.972
2026-01-18 15:25:48.562,9.967
2026-01-18 15:25:48.582,9.968
2026-01-18 15:25:48.582,9.963
2026-01-18 15:25:48.596,9.962
2026-01-18 15:25:48.612,9.96
2026-01-18 15:25:48.630,9.959
2026-01-18 15:25:48.644,9.955
2026-01-18 15:25:48.644,9.95
2026-01-18 15:25:48.662,9.954
2026-01-18 15:25:48.679,9.959
2026-01-18 15:25:48.679,9.963
2026-01-18 15:25:48.692,9.956
2026-01-18 15:25:48.712,9.953
2026-01-18 15:25:48.729,9.95
2026-01-18 15:25:48.729,9.952
2026-01-18 15:25:48.746,9.951
2026-01-18 15:25:48.762,9.949
2026-01-18 15:25:48.780,9.951
2026-01-18 15:25:48.780,9.95
2026-01-18 15:25:48.796,9.95
2026-01-18 15:25:48.813,9.948
2026-01-18 15:25:48.813,9.945
2026-01-18 15:25:48.829,9.945
2026-01-18 15:25:48.840,9.953
2026-01-18 15:25:48.863,9.957
2026-01-18 15:25:48.863,9.957
2026-01-18 15:25:48.879,9.956
2026-01-18 15:25:48.896,9.955
2026-01-18 15:25:48.896,9.96
2026-01-18 15:25:48.910,9.963
2026-01-18 15:25:48.930,9.963
2026-01-18 15:25:48.946,9.959
2026-01-18 15:25:48.946,9.962
2026-01-18 15:25:48.958,9.968
2026-01-18 15:25:48.979,9.97
2026-01-18 15:25:48.979,9.975
2026-01-18 15:25:48.996,9.978
2026-01-18 15:25:49.013,9.976
2026-01-18 15:25:49.029,9.979
2026-01-18 15:25:49.029,9.977
2026-01-18 15:25:49.047,9.976
2026-01-18 15:25:49.063,9.98
2026-01-18 15:25:49.079,9.985
2026-01-18 15:25:49.079,9.985
2026-01-18 15:25:49.096,9.988
2026-01-18 15:25:49.113,9.986
2026-01-18 15:25:49.113,9.987
2026-01-18 15:25:49.129,9.984
2026-01-18 15:25:49.137,9.986
2026-01-18 15:25:49.163,9.992
2026-01-18 15:25:49.163,9.99
2026-01-18 15:25:49.180,9.986
2026-01-18 15:25:49.196,9.988
2026-01-18 15:25:49.196,9.985
2026-01-18 15:25:49.213,9.983
2026-01-18 15:25:49.228,9.984
2026-01-18 15:25:49.248,9.987
2026-01-18 15:25:49.248,9.983
2026-01-18 15:25:49.262,9.985
2026-01-18 15:25:49.280,9.987
2026-01-18 15:25:49.281,9.984
2026-01-18 15:25:49.297,9.983
2026-01-18 15:25:49.307,9.981
2026-01-18 15:25:49.329,9.982
2026-01-18 15:25:49.329,9.98
2026-01-18 15:25:49.346,9.978
2026-01-18 15:25:49.363,9.98
2026-01-18 15:25:49.379,9.972
2026-01-18 15:25:49.379,9.97
2026-01-18 15:25:49.396,9.965
2026-01-18 15:25:49.413,9.96
2026-01-18 15:25:49.413,9.959
2026-01-18 15:25:49.429,9.959
2026-01-18 15:25:49.433,9.96
2026-01-18 15:25:49.463,9.958
2026-01-18 15:25:49.463,9.958
2026-01-18 15:25:49.479,9.957
2026-01-18 15:25:49.497,9.961
2026-01-18 15:25:49.497,9.963
2026-01-18 15:25:49.513,9.963
2026-01-18 15:25:49.530,9.963
2026-01-18 15:25:49.546,9.959
2026-01-18 15:25:49.546,9.956
2026-01-18 15:25:49.562,9.957
2026-01-18 15:25:49.601,9.955
2026-01-18 15:25:49.603,9.954
2026-01-18 15:25:49.603,9.953
2026-01-18 15:25:49.617,9.951
2026-01-18 15:25:49.618,9.953
2026-01-18 15:25:49.630,9.957
2026-01-18 15:25:49.639,9.961
2026-01-18 15:25:49.662,9.957
2026-01-18 15:25:49.670,9.952
2026-01-18 15:25:49.670,9.953
2026-01-18 15:25:49.695,9.946
2026-01-18 15:25:49.712,9.943
2026-01-18 15:25:49.712,9.942
2026-01-18 15:25:49.720,9.941
2026-01-18 15:25:49.746,9.942
2026-01-18 15:25:49.762,9.943
2026-01-18 15:25:49.762,9.95
2026-01-18 15:25:49.781,9.953
2026-01-18 15:25:49.797,9.961
2026-01-18 15:25:49.797,9.956
2026-01-18 15:25:49.815,9.954
2026-01-18 15:25:49.828,9.954
2026-01-18 15:25:49.845,9.951
2026-01-18 15:25:49.845,9.955
2026-01-18 15:25:49.860,9.957
2026-01-18 15:25:49.880,9.957
2026-01-18 15:25:49.881,9.954
2026-01-18 15:25:49.897,9.954
2026-01-18 15:25:49.913,9.955
2026-01-18 15:25:49.930,9.956
2026-01-18 15:25:49.930,9.955
2026-01-18 15:25:49.947,9.956
2026-01-18 15:25:49.962,9.956
2026-01-18 15:25:49.979,9.956
2026-01-18 15:25:49.979,9.954
2026-01-18 15:25:49.987,9.954
2026-01-18 15:25:50.013,9.952
2026-01-18 15:25:50.015,9.95
2026-01-18 15:25:50.027,9.95
2026-01-18 15:25:50.063,9.952
2026-01-18 15:25:50.063,9.95
2026-01-18 15:25:50.078,9.955
2026-01-18 15:25:50.085,9.959
2026-01-18 15:25:50.085,9.959
2026-01-18 15:25:50.112,9.966
2026-01-18 15:25:50.130,9.963
2026-01-18 15:25:50.146,9.962
2026-01-18 15:25:50.148,9.966
2026-01-18 15:25:50.162,9.97
2026-01-18 15:25:50.179,9.973
2026-01-18 15:25:50.179,9.972
2026-01-18 15:25:50.195,9.967
2026-01-18 15:25:50.212,9.966
2026-01-18 15:25:50.225,9.959
2026-01-18 15:25:50.225,9.955
2026-01-18 15:25:50.241,9.953
2026-01-18 15:25:50.257,9.949
2026-01-18 15:25:50.275,9.947
2026-01-18 15:25:50.275,9.949
2026-01-18 15:25:50.295,9.949
2026-01-18 15:25:50.312,9.96
2026-01-18 15:25:50.314,9.959
2026-01-18 15:25:50.326,9.955
2026-01-18 15:25:50.345,9.957
2026-01-18 15:25:50.352,9.958
2026-01-18 15:25:50.352,9.965
2026-01-18 15:25:50.379,9.963
2026-01-18 15:25:50.387,9.961
2026-01-18 15:25:50.387,9.957
2026-01-18 15:25:50.412,9.956
2026-01-18 15:25:50.429,9.954
2026-01-18 15:25:50.446,9.952
2026-01-18 15:25:50.446,9.95
2026-01-18 15:25:50.463,9.946
2026-01-18 15:25:50.480,9.943
2026-01-18 15:25:50.480,9.944
2026-01-18 15:25:50.494,9.946
2026-01-18 15:25:50.512,9.95
2026-01-18 15:25:50.530,9.954
2026-01-18 15:25:50.530,9.96
2026-01-18 15:25:50.546,9.957
2026-01-18 15:25:50.558,9.959
2026-01-18 15:25:50.576,9.955
2026-01-18 15:25:50.586,9.959
2026-01-18 15:25:50.596,9.957
2026-01-18 15:25:50.614,9.954
2026-01-18 15:25:50.614,9.954
2026-01-18 15:25:50.621,9.954
2026-01-18 15:25:50.646,9.967
2026-01-18 15:25:50.663,9.968
2026-01-18 15:25:50.664,9.97
2026-01-18 15:25:50.679,9.968
2026-01-18 15:25:50.696,9.969
2026-01-18 15:25:50.696,9.966
2026-01-18 15:25:50.712,9.971
2026-01-18 15:25:50.715,9.968
2026-01-18 15:25:50.736,9.989
2026-01-18 15:25:50.747,9.978
2026-01-18 15:25:50.764,9.973
2026-01-18 15:25:50.779,9.968
2026-01-18 15:25:50.797,9.973
2026-01-18 15:25:50.797,9.975
2026-01-18 15:25:50.814,9.984
2026-01-18 15:25:50.830,9.99
2026-01-18 15:25:50.830,9.982
2026-01-18 15:25:50.848,9.976
2026-01-18 15:25:50.852,9.972
2026-01-18 15:25:50.879,9.97
2026-01-18 15:25:50.879,9.965
2026-01-18 15:25:50.896,9.968
2026-01-18 15:25:50.913,9.965
2026-01-18 15:25:50.913,9.961
2026-01-18 15:25:50.929,9.96
2026-01-18 15:25:50.962,9.958
2026-01-18 15:25:50.962,9.959
2026-01-18 15:25:50.965,9.959
2026-01-18 15:25:50.972,9.961
2026-01-18 15:25:50.995,9.965
2026-01-18 15:25:50.995,9.963
2026-01-18 15:25:51.012,9.955
2026-01-18 15:25:51.030,9.955
2026-01-18 15:25:51.047,9.961
2026-01-18 15:25:51.047,9.962
2026-01-18 15:25:51.062,9.958
2026-01-18 15:25:51.079,9.958
2026-01-18 15:25:51.099,9.956
2026-01-18 15:25:51.100,9.962
2026-01-18 15:25:51.114,9.96
2026-01-18 15:25:51.129,9.958
2026-01-18 15:25:51.129,9.961
2026-01-18 15:25:51.147,9.963
2026-01-18 15:25:51.163,9.965
2026-01-18 15:25:51.179,9.967
2026-01-18 15:25:51.179,9.965
2026-01-18 15:25:51.196,9.962
2026-01-18 15:25:51.213,9.962
2026-01-18 15:25:51.213,9.96
2026-01-18 15:25:51.229,9.957
2026-01-18 15:25:51.263,9.956
2026-01-18 15:25:51.263,9.957
2026-01-18 15:25:51.272,9.956
2026-01-18 15:25:51.296,9.955
2026-01-18 15:25:51.296,9.952
2026-01-18 15:25:51.300,9.951
2026-01-18 15:25:51.321,9.951
2026-01-18 15:25:51.345,9.959
2026-01-18 15:25:51.345,9.961
2026-01-18 15:25:51.363,9.958
2026-01-18 15:25:51.379,9.956
2026-01-18 15:25:51.397,9.954
2026-01-18 15:25:51.397,9.956
2026-01-18 15:25:51.412,9.956
2026-01-18 15:25:51.430,9.956
2026-01-18 15:25:51.430,9.959
2026-01-18 15:25:51.443,9.96
2026-01-18 15:25:51.462,9.956
2026-01-18 15:25:51.479,9.965
2026-01-18 15:25:51.479,9.969
2026-01-18 15:25:51.490,9.966
2026-01-18 15:25:51.512,9.976
2026-01-18 15:25:51.512,9.975
2026-01-18 15:25:51.521,9.975
2026-01-18 15:25:51.547,9.973
2026-01-18 15:25:51.563,9.971
2026-01-18 15:25:51.563,9.967
2026-01-18 15:25:51.586,9.966
2026-01-18 15:25:51.586,9.964
2026-01-18 15:25:51.613,9.962
2026-01-18 15:25:51.613,9.966
2026-01-18 15:25:51.629,9.965
2026-01-18 15:25:51.646,9.965
2026-01-18 15:25:51.646,9.965
2026-01-18 15:25:51.664,9.962
2026-01-18 15:25:51.680,9.964
2026-01-18 15:25:51.680,9.963
2026-01-18 15:25:51.697,9.962
2026-01-18 15:25:51.712,9.962
2026-01-18 15:25:51.729,9.961
2026-01-18 15:25:51.729,9.957
2026-01-18 15:25:51.746,9.956
2026-01-18 15:25:51.762,9.953
2026-01-18 15:25:51.779,9.945
2026-01-18 15:25:51.779,9.951
2026-01-18 15:25:51.796,9.949
2026-01-18 15:25:51.807,9.949
2026-01-18 15:25:51.807,9.95
2026-01-18 15:25:51.829,9.946
2026-01-18 15:25:51.846,9.943
2026-01-18 15:25:51.857,9.947
2026-01-18 15:25:51.857,9.95
2026-01-18 15:25:51.878,9.951
2026-01-18 15:25:51.896,9.953
2026-01-18 15:25:51.896,9.95
2026-01-18 15:25:51.901,9.948
2026-01-18 15:25:51.929,9.95
2026-01-18 15:25:51.933,9.952
2026-01-18 15:25:51.933,9.952
2026-01-18 15:25:51.963,9.951
2026-01-18 15:25:51.979,9.951
2026-01-18 15:25:51.997,9.951
2026-01-18 15:25:51.997,9.952
2026-01-18 15:25:52.013,9.951
2026-01-18 15:25:52.030,9.955
2026-01-18 15:25:52.030,9.952
2026-01-18 15:25:52.046,9.95
2026-01-18 15:25:52.062,9.952
2026-01-18 15:25:52.080,9.954
2026-01-18 15:25:52.080,9.955
2026-01-18 15:25:52.091,9.952
2026-01-18 15:25:52.112,9.958
2026-01-18 15:25:52.112,9.99
2026-01-18 15:25:52.129,9.987
2026-01-18 15:25:52.147,9.987
2026-01-18 15:25:52.163,9.981
2026-01-18 15:25:52.163,9.975
2026-01-18 15:25:52.200,9.967
2026-01-18 15:25:52.200,9.964
2026-01-18 15:25:52.200,9.972
2026-01-18 15:25:52.212,9.975
2026-01-18 15:25:52.217,9.973
2026-01-18 15:25:52.244,9.97
2026-01-18 15:25:52.246,9.967
2026-01-18 15:25:52.261,9.966
2026-01-18 15:25:52.279,9.965
2026-01-18 15:25:52.293,9.96
2026-01-18 15:25:52.293,9.958
2026-01-18 15:25:52.322,9.952
2026-01-18 15:25:52.322,9.955
2026-01-18 15:25:52.333,9.961
2026-01-18 15:25:52.345,9.965
2026-01-18 15:25:52.361,9.962
2026-01-18 15:25:52.377,9.959
2026-01-18 15:25:52.396,9.96
2026-01-18 15:25:52.415,9.964
2026-01-18 15:25:52.415,9.966
2026-01-18 15:25:52.425,9.971
2026-01-18 15:25:52.446,9.976
2026-01-18 15:25:52.462,9.977
2026-01-18 15:25:52.478,9.976
2026-01-18 15:25:52.505,9.974
2026-01-18 15:25:52.505,9.975
2026-01-18 15:25:52.513,9.975
2026-01-18 15:25:52.528,9.972
2026-01-18 15:25:52.545,9.976
2026-01-18 15:25:52.545,9.979
2026-01-18 15:25:52.562,9.98
2026-01-18 15:25:52.578,9.977
2026-01-18 15:25:52.596,9.976
2026-01-18 15:25:52.596,9.972
2026-01-18 15:25:52.620,9.972
2026-01-18 15:25:52.620,9.968
2026-01-18 15:25:52.630,9.963
2026-01-18 15:25:52.645,9.966
2026-01-18 15:25:52.661,9.97
2026-01-18 15:25:52.678,9.967
2026-01-18 15:25:52.678,9.966
2026-01-18 15:25:52.696,9.963
2026-01-18 15:25:52.706,9.962
2026-01-18 15:25:52.706,9.959
2026-01-18 15:25:52.728,9.957
2026-01-18 15:25:52.744,9.965
2026-01-18 15:25:52.764,9.964
2026-01-18 15:25:52.764,9.96
2026-01-18 15:25:52.779,9.956
2026-01-18 15:25:52.796,9.954
2026-01-18 15:25:52.796,9.954
2026-01-18 15:25:52.811,9.957
2026-01-18 15:25:52.827,9.955
2026-01-18 15:25:52.833,9.96
2026-01-18 15:25:52.833,9.957
2026-01-18 15:25:52.862,9.956
2026-01-18 15:25:52.872,9.954
2026-01-18 15:25:52.896,9.953
2026-01-18 15:25:52.896,9.958
2026-01-18 15:25:52.912,9.955
2026-01-18 15:25:52.930,9.957
2026-01-18 15:25:52.930,9.959
2026-01-18 15:25:52.946,9.971
2026-01-18 15:25:52.959,9.967
2026-01-18 15:25:52.975,9.969
2026-01-18 15:25:52.980,9.973
2026-01-18 15:25:52.995,9.972
2026-01-18 15:25:53.011,9.967
2026-01-18 15:25:53.024,9.967
2026-01-18 15:25:53.039,9.962
2026-01-18 15:25:53.062,9.961
2026-01-18 15:25:53.071,9.965
2026-01-18 15:25:53.098,9.96
2026-01-18 15:25:53.098,9.955
2026-01-18 15:25:53.118,9.954
2026-01-18 15:25:53.118,9.951
2026-01-18 15:25:53.145,9.956
2026-01-18 15:25:53.145,9.959
2026-01-18 15:25:53.162,9.959
2026-01-18 15:25:53.178,9.961
2026-01-18 15:25:53.195,9.961
2026-01-18 15:25:53.213,9.962
2026-01-18 15:25:53.228,9.962
2026-01-18 15:25:53.228,9.963
2026-01-18 15:25:53.246,9.969
2026-01-18 15:25:53.260,9.997
2026-01-18 15:25:53.278,9.992
2026-01-18 15:25:53.278,9.988
2026-01-18 15:25:53.295,9.985
2026-01-18 15:25:53.312,9.982
2026-01-18 15:25:53.312,9.975
2026-01-18 15:25:53.327,9.97
2026-01-18 15:25:53.343,9.964
2026-01-18 15:25:53.362,9.963
2026-01-18 15:25:53.362,9.96
2026-01-18 15:25:53.379,9.964
2026-01-18 15:25:53.396,9.97
2026-01-18 15:25:53.396,9.969
2026-01-18 15:25:53.412,9.968
2026-01-18 15:25:53.429,9.968
2026-01-18 15:25:53.446,9.967
2026-01-18 15:25:53.446,9.967
2026-01-18 15:25:53.462,9.968
2026-01-18 15:25:53.479,9.968
2026-01-18 15:25:53.496,9.962
2026-01-18 15:25:53.496,9.982
2026-01-18 15:25:53.512,9.976
2026-01-18 15:25:53.530,9.976
2026-01-18 15:25:53.530,9.973
2026-01-18 15:25:53.546,9.97
2026-01-18 15:25:53.562,9.967
2026-01-18 15:25:53.579,9.963
2026-01-18 15:25:53.579,9.965
2026-01-18 15:25:53.593,9.959
2026-01-18 15:25:53.593,9.956
2026-01-18 15:25:53.614,9.953
2026-01-18 15:25:53.626,9.954
2026-01-18 15:25:53.645,9.962
2026-01-18 15:25:53.662,9.958
2026-01-18 15:25:53.662,9.953
2026-01-18 15:25:53.698,9.959
2026-01-18 15:25:53.698,9.96
2026-01-18 15:25:53.698,9.96
2026-01-18 15:25:53.712,9.961
2026-01-18 15:25:53.729,9.968
2026-01-18 15:25:53.747,9.982
2026-01-18 15:25:53.747,9.984
2026-01-18 15:25:53.764,9.98
2026-01-18 15:25:53.777,9.981
2026-01-18 15:25:53.796,9.974
2026-01-18 15:25:53.805,9.965
2026-01-18 15:25:53.828,9.969
2026-01-18 15:25:53.828,9.971
2026-01-18 15:25:53.867,9.973
2026-01-18 15:25:53.867,9.968
2026-01-18 15:25:53.871,9.961
2026-01-18 15:25:53.895,9.96
2026-01-18 15:25:53.912,9.955
2026-01-18 15:25:53.927,9.961
2026-01-18 15:25:53.945,9.966
2026-01-18 15:25:53.963,9.964
2026-01-18 15:25:53.979,9.977
2026-01-18 15:25:53.996,9.971
2026-01-18 15:25:53.996,9.967
2026-01-18 15:25:54.012,9.966
2026-01-18 15:25:54.023,9.966
2026-01-18 15:25:54.045,9.97
2026-01-18 15:25:54.045,9.975
2026-01-18 15:25:54.061,9.974
2026-01-18 15:25:54.078,9.974
2026-01-18 15:25:54.096,9.971
2026-01-18 15:25:54.096,9.968
2026-01-18 15:25:54.111,9.966
2026-01-18 15:25:54.128,9.96
2026-01-18 15:25:54.128,9.953
2026-01-18 15:25:54.145,9.958
2026-01-18 15:25:54.149,9.96
2026-01-18 15:25:54.178,9.967
2026-01-18 15:25:54.178,9.962
2026-01-18 15:25:54.193,9.961
2026-01-18 15:25:54.213,9.955
2026-01-18 15:25:54.228,9.948
2026-01-18 15:25:54.247,9.951
2026-01-18 15:25:54.260,9.961
2026-01-18 15:25:54.260,9.961
2026-01-18 15:25:54.278,9.96
2026-01-18 15:25:54.295,9.961
2026-01-18 15:25:54.295,9.959
2026-01-18 15:25:54.312,9.954
2026-01-18 15:25:54.328,9.955
2026-01-18 15:25:54.345,9.959
2026-01-18 15:25:54.345,9.968
2026-01-18 15:25:54.362,9.962
2026-01-18 15:25:54.379,9.958
2026-01-18 15:25:54.396,9.955
2026-01-18 15:25:54.396,9.954
2026-01-18 15:25:54.412,9.954
2026-01-18 15:25:54.429,9.961
2026-01-18 15:25:54.429,9.967
2026-01-18 15:25:54.445,9.961
2026-01-18 15:25:54.461,9.961
2026-01-18 15:25:54.479,9.96
2026-01-18 15:25:54.479,9.962
2026-01-18 15:25:54.493,9.959
2026-01-18 15:25:54.512,9.962
2026-01-18 15:25:54.512,9.969
2026-01-18 15:25:54.529,9.967
2026-01-18 15:25:54.551,9.968
2026-01-18 15:25:54.562,9.965
2026-01-18 15:25:54.578,9.968
2026-01-18 15:25:54.594,9.971
2026-01-18 15:25:54.597,9.965
2026-01-18 15:25:54.610,9.961
2026-01-18 15:25:54.626,9.959
2026-01-18 15:25:54.642,9.959
2026-01-18 15:25:54.646,9.956
2026-01-18 15:25:54.659,9.959
2026-01-18 15:25:54.675,9.954
2026-01-18 15:25:54.693,9.953
2026-01-18 15:25:54.693,9.961
2026-01-18 15:25:54.711,9.958
2026-01-18 15:25:54.728,9.956
2026-01-18 15:25:54.728,9.958
2026-01-18 15:25:54.740,9.953
2026-01-18 15:25:54.762,9.952
2026-01-18 15:25:54.778,9.949
2026-01-18 15:25:54.778,9.949
2026-01-18 15:25:54.795,9.947
2026-01-18 15:25:54.812,9.945
2026-01-18 15:25:54.812,9.952
2026-01-18 15:25:54.820,9.954
2026-01-18 15:25:54.839,9.961
2026-01-18 15:25:54.862,9.961
2026-01-18 15:25:54.862,9.961
2026-01-18 15:25:54.879,9.974
2026-01-18 15:25:54.896,9.969
2026-01-18 15:25:54.896,9.965
2026-01-18 15:25:54.913,9.966
2026-01-18 15:25:54.929,9.969
2026-01-18 15:25:54.945,9.968
2026-01-18 15:25:54.945,9.966
2026-01-18 15:25:54.963,9.964
2026-01-18 15:25:54.979,9.961
2026-01-18 15:25:54.996,9.961
2026-01-18 15:25:54.996,9.955
2026-01-18 15:25:55.011,9.956
2026-01-18 15:25:55.068,9.955
2026-01-18 15:25:55.068,9.953
2026-01-18 15:25:55.068,9.952
2026-01-18 15:25:55.072,9.954
2026-01-18 15:25:55.072,9.955
2026-01-18 15:25:55.072,9.957
2026-01-18 15:25:55.094,9.96
2026-01-18 15:25:55.103,9.96
2026-01-18 15:25:55.113,9.957
2026-01-18 15:25:55.128,9.952
2026-01-18 15:25:55.144,9.955
2026-01-18 15:25:55.161,9.957
2026-01-18 15:25:55.161,9.959
2026-01-18 15:25:55.179,9.96
2026-01-18 15:25:55.195,9.963
2026-01-18 15:25:55.212,9.965
2026-01-18 15:25:55.212,9.965
2026-01-18 15:25:55.228,9.967
2026-01-18 15:25:55.243,9.971
2026-01-18 15:25:55.243,9.971
2026-01-18 15:25:55.261,9.974
2026-01-18 15:25:55.274,9.977
2026-01-18 15:25:55.295,9.978
2026-01-18 15:25:55.295,9.973
2026-01-18 15:25:55.312,9.976
2026-01-18 15:25:55.329,9.972
2026-01-18 15:25:55.329,9.979
2026-01-18 15:25:55.345,9.978
2026-01-18 15:25:55.361,9.978
2026-01-18 15:25:55.378,9.974
2026-01-18 15:25:55.378,9.969
2026-01-18 15:25:55.395,9.966
2026-01-18 15:25:55.402,9.973
2026-01-18 15:25:55.402,9.971
2026-01-18 15:25:55.428,9.973
2026-01-18 15:25:55.446,9.972
2026-01-18 15:25:55.461,9.97
2026-01-18 15:25:55.461,9.97
2026-01-18 15:25:55.479,9.97
2026-01-18 15:25:55.495,9.969
2026-01-18 15:25:55.512,9.968
2026-01-18 15:25:55.512,9.969
2026-01-18 15:25:55.529,9.971
2026-01-18 15:25:55.546,9.973
2026-01-18 15:25:55.546,9.975
2026-01-18 15:25:55.562,9.978
2026-01-18 15:25:55.579,9.978
2026-01-18 15:25:55.580,9.975
2026-01-18 15:25:55.594,9.98
2026-01-18 15:25:55.627,9.979
2026-01-18 15:25:55.629,9.985
2026-01-18 15:25:55.629,9.982
2026-01-18 15:25:55.641,9.974
2026-01-18 15:25:55.663,9.975
2026-01-18 15:25:55.679,9.974
2026-01-18 15:25:55.679,9.983
2026-01-18 15:25:55.695,9.98
2026-01-18 15:25:55.711,9.981
2026-01-18 15:25:55.711,9.98
2026-01-18 15:25:55.727,9.974
2026-01-18 15:25:55.745,9.978
2026-01-18 15:25:55.761,9.982
2026-01-18 15:25:55.761,9.977
2026-01-18 15:25:55.778,9.974
2026-01-18 15:25:55.796,9.97
2026-01-18 15:25:55.796,9.971
2026-01-18 15:25:55.813,9.977
2026-01-18 15:25:55.829,9.971
2026-01-18 15:25:55.845,9.97
2026-01-18 15:25:55.845,9.966
2026-01-18 15:25:55.861,9.967
2026-01-18 15:25:55.876,9.971
2026-01-18 15:25:55.895,9.98
2026-01-18 15:25:55.895,9.978
2026-01-18 15:25:55.907,9.976
2026-01-18 15:25:55.928,9.971
2026-01-18 15:25:55.928,9.968
2026-01-18 15:25:55.944,9.966
2026-01-18 15:25:55.955,9.998
2026-01-18 15:25:55.978,9.992
2026-01-18 15:25:55.978,9.986
2026-01-18 15:25:55.995,9.976
2026-01-18 15:25:56.003,9.973
2026-01-18 15:25:56.003,9.975
2026-01-18 15:25:56.028,9.972
2026-01-18 15:25:56.036,9.973
2026-01-18 15:25:56.062,9.966
2026-01-18 15:25:56.062,9.966
2026-01-18 15:25:56.078,9.962
2026-01-18 15:25:56.095,9.965
2026-01-18 15:25:56.095,9.964
2026-01-18 15:25:56.112,9.965
2026-01-18 15:25:56.129,9.961
2026-01-18 15:25:56.145,9.957
2026-01-18 15:25:56.145,9.961
2026-01-18 15:25:56.163,9.961
2026-01-18 15:25:56.182,9.962
2026-01-18 15:25:56.182,9.955
2026-01-18 15:25:56.195,9.953
2026-01-18 15:25:56.212,9.958
2026-01-18 15:25:56.228,9.966
2026-01-18 15:25:56.230,9.972
2026-01-18 15:25:56.245,9.971
2026-01-18 15:25:56.262,10.003
2026-01-18 15:25:56.278,9.991
2026-01-18 15:25:56.278,9.988
2026-01-18 15:25:56.295,9.985
2026-01-18 15:25:56.311,9.98
2026-01-18 15:25:56.311,9.974
2026-01-18 15:25:56.328,9.969
2026-01-18 15:25:56.337,9.971
2026-01-18 15:25:56.361,9.971
2026-01-18 15:25:56.361,9.971
2026-01-18 15:25:56.379,9.975
2026-01-18 15:25:56.395,9.966
2026-01-18 15:25:56.395,9.97
2026-01-18 15:25:56.424,9.971
2026-01-18 15:25:56.427,9.967
2026-01-18 15:25:56.438,9.961
2026-01-18 15:25:56.446,9.963
2026-01-18 15:25:56.462,9.968
2026-01-18 15:25:56.478,9.967
2026-01-18 15:25:56.495,9.962
2026-01-18 15:25:56.495,9.957
2026-01-18 15:25:56.512,9.966
2026-01-18 15:25:56.529,9.963
2026-01-18 15:25:56.529,9.961
2026-01-18 15:25:56.545,9.959
2026-01-18 15:25:56.557,9.965
2026-01-18 15:25:56.578,9.969
2026-01-18 15:25:56.578,9.968
2026-01-18 15:25:56.595,9.968
2026-01-18 15:25:56.621,9.969
2026-01-18 15:25:56.621,9.97
2026-01-18 15:25:56.635,9.968
2026-01-18 15:25:56.647,9.963
2026-01-18 15:25:56.647,9.958
2026-01-18 15:25:56.661,9.961
2026-01-18 15:25:56.677,9.959
2026-01-18 15:25:56.695,9.958
2026-01-18 15:25:56.702,9.956
2026-01-18 15:25:56.702,9.962
2026-01-18 15:25:56.727,9.963
2026-01-18 15:25:56.744,9.965
2026-01-18 15:25:56.746,9.961
2026-01-18 15:25:56.760,9.961
2026-01-18 15:25:56.778,9.962
2026-01-18 15:25:56.822,9.962
2026-01-18 15:25:56.822,9.96
2026-01-18 15:25:56.824,9.954
2026-01-18 15:25:56.824,9.96
2026-01-18 15:25:56.839,9.964
2026-01-18 15:25:56.839,9.968
2026-01-18 15:25:56.862,9.965
2026-01-18 15:25:56.878,9.962
2026-01-18 15:25:56.878,9.964
2026-01-18 15:25:56.892,9.963
2026-01-18 15:25:56.906,9.962
2026-01-18 15:25:56.913,9.958
2026-01-18 15:25:56.923,9.959
2026-01-18 15:25:56.937,9.962
2026-01-18 15:25:56.952,9.962
2026-01-18 15:25:56.952,9.964
2026-01-18 15:25:56.978,9.966
2026-01-18 15:25:56.995,9.962
2026-01-18 15:25:57.011,9.961
2026-01-18 15:25:57.011,9.962
2026-01-18 15:25:57.017,9.966
2026-01-18 15:25:57.045,9.963
2026-01-18 15:25:57.046,9.96
2026-01-18 15:25:57.054,9.958
2026-01-18 15:25:57.078,9.963
2026-01-18 15:25:57.088,9.968
2026-01-18 15:25:57.088,9.971
2026-01-18 15:25:57.111,9.968
2026-01-18 15:25:57.129,9.964
2026-01-18 15:25:57.129,9.962
2026-01-18 15:25:57.143,9.961
2026-01-18 15:25:57.159,9.966
2026-01-18 15:25:57.179,9.967
2026-01-18 15:25:57.179,9.966
2026-01-18 15:25:57.190,9.97
2026-01-18 15:25:57.206,9.962
2026-01-18 15:25:57.206,9.968
2026-01-18 15:25:57.228,9.974
2026-01-18 15:25:57.238,9.971
2026-01-18 15:25:57.261,9.969
2026-01-18 15:25:57.261,9.964
2026-01-18 15:25:57.269,9.964
2026-01-18 15:25:57.294,9.964
2026-01-18 15:25:57.294,9.965
2026-01-18 15:25:57.311,9.958
2026-01-18 15:25:57.328,9.962
2026-01-18 15:25:57.338,9.966
2026-01-18 15:25:57.338,9.97
2026-01-18 15:25:57.362,9.972
2026-01-18 15:25:57.378,9.969
2026-01-18 15:25:57.396,9.966
2026-01-18 15:25:57.396,9.968
2026-01-18 15:25:57.411,9.969
2026-01-18 15:25:57.429,9.966
2026-01-18 15:25:57.429,9.962
2026-01-18 15:25:57.445,9.967
2026-01-18 15:25:57.462,9.967
2026-01-18 15:25:57.479,9.966
2026-01-18 15:25:57.479,9.957
2026-01-18 15:25:57.495,9.957
2026-01-18 15:25:57.512,9.954
2026-01-18 15:25:57.512,9.955
2026-01-18 15:25:57.529,9.953
2026-01-18 15:25:57.545,9.96
2026-01-18 15:25:57.561,9.962
2026-01-18 15:25:57.561,9.954
2026-01-18 15:25:57.577,9.956
2026-01-18 15:25:57.595,9.962
2026-01-18 15:25:57.595,9.964
2026-01-18 15:25:57.617,9.956
2026-01-18 15:25:57.628,9.951
2026-01-18 15:25:57.644,9.957
2026-01-18 15:25:57.644,9.958
2026-01-18 15:25:57.656,9.955
2026-01-18 15:25:57.669,9.953
2026-01-18 15:25:57.695,9.956
2026-01-18 15:25:57.695,9.957
2026-01-18 15:25:57.702,9.955
2026-01-18 15:25:57.729,9.95
2026-01-18 15:25:57.729,9.946
2026-01-18 15:25:57.746,9.948
2026-01-18 15:25:57.787,9.947
2026-01-18 15:25:57.789,9.939
2026-01-18 15:25:57.789,9.944
2026-01-18 15:25:57.789,9.945
2026-01-18 15:25:57.798,9.945
2026-01-18 15:25:57.814,9.943
2026-01-18 15:25:57.829,9.947
2026-01-18 15:25:57.842,9.952
2026-01-18 15:25:57.860,9.948
2026-01-18 15:25:57.860,9.956
2026-01-18 15:25:57.878,9.957
2026-01-18 15:25:57.886,9.958
2026-01-18 15:25:57.886,9.964
2026-01-18 15:25:57.912,9.965
2026-01-18 15:25:57.928,9.961
2026-01-18 15:25:57.949,9.956
2026-01-18 15:25:57.953,9.959
2026-01-18 15:25:57.961,9.958
2026-01-18 15:25:57.979,9.978
2026-01-18 15:25:57.994,9.981
2026-01-18 15:25:57.994,9.971
2026-01-18 15:25:58.001,9.967
2026-01-18 15:25:58.019,9.965
2026-01-18 15:25:58.029,9.965
2026-01-18 15:25:58.044,9.96
2026-01-18 15:25:58.062,9.963
2026-01-18 15:25:58.079,9.962
2026-01-18 15:25:58.079,9.955
2026-01-18 15:25:58.093,9.962
2026-01-18 15:25:58.111,9.958
2026-01-18 15:25:58.111,9.951
2026-01-18 15:25:58.128,9.961
2026-01-18 15:25:58.144,9.96
2026-01-18 15:25:58.161,9.969
2026-01-18 15:25:58.161,9.975
2026-01-18 15:25:58.178,9.969
2026-01-18 15:25:58.194,9.96
2026-01-18 15:25:58.194,9.961
2026-01-18 15:25:58.211,9.957
2026-01-18 15:25:58.227,9.961
2026-01-18 15:25:58.242,9.961
2026-01-18 15:25:58.242,9.958
2026-01-18 15:25:58.253,9.962
2026-01-18 15:25:58.277,9.966
2026-01-18 15:25:58.294,9.96
2026-01-18 15:25:58.294,9.964
2026-01-18 15:25:58.311,9.967
2026-01-18 15:25:58.327,9.964
2026-01-18 15:25:58.327,9.965
2026-01-18 15:25:58.333,9.963
2026-01-18 15:25:58.362,9.96
2026-01-18 15:25:58.381,9.964
2026-01-18 15:25:58.381,9.96
2026-01-18 15:25:58.394,9.968
2026-01-18 15:25:58.410,9.967
2026-01-18 15:25:58.428,9.972
2026-01-18 15:25:58.428,9.971
2026-01-18 15:25:58.442,9.968
2026-01-18 15:25:58.457,9.969
2026-01-18 15:25:58.457,9.969
2026-01-18 15:25:58.477,9.963
2026-01-18 15:25:58.494,9.965
2026-01-18 15:25:58.511,9.962
2026-01-18 15:25:58.511,9.963
2026-01-18 15:25:58.526,9.964
2026-01-18 15:25:58.544,9.959
2026-01-18 15:25:58.544,9.966
2026-01-18 15:25:58.561,9.967
2026-01-18 15:25:58.577,9.976
2026-01-18 15:25:58.595,9.98
2026-01-18 15:25:58.595,9.968
2026-01-18 15:25:58.611,9.975
2026-01-18 15:25:58.635,9.974
2026-01-18 15:25:58.635,9.962
2026-01-18 15:25:58.643,9.965
2026-01-18 15:25:58.661,9.962
2026-01-18 15:25:58.677,9.966
2026-01-18 15:25:58.677,9.969
2026-01-18 15:25:58.695,9.96
2026-01-18 15:25:58.712,9.961
2026-01-18 15:25:58.712,9.953
2026-01-18 15:25:58.726,9.962
2026-01-18 15:25:58.745,9.963
2026-01-18 15:25:58.763,9.965
2026-01-18 15:25:58.763,9.966
2026-01-18 15:25:58.778,9.976
2026-01-18 15:25:58.794,9.979
2026-01-18 15:25:58.811,9.978
2026-01-18 15:25:58.811,9.973
2026-01-18 15:25:58.828,9.972
2026-01-18 15:25:58.844,9.968
2026-01-18 15:25:58.844,9.969
2026-01-18 15:25:58.862,9.972
2026-01-18 15:25:58.881,9.973
2026-01-18 15:25:58.881,9.977
2026-01-18 15:25:58.895,9.981
2026-01-18 15:25:58.912,9.986
2026-01-18 15:25:58.927,9.981
2026-01-18 15:25:58.929,9.977
2026-01-18 15:25:58.943,9.976
2026-01-18 15:25:58.956,9.97
2026-01-18 15:25:58.979,9.972
2026-01-18 15:25:58.979,9.969
2026-01-18 15:25:58.993,9.971
2026-01-18 15:25:59.011,9.969
2026-01-18 15:25:59.011,9.963
2026-01-18 15:25:59.027,9.969
2026-01-18 15:25:59.045,9.965
2026-01-18 15:25:59.061,9.967
2026-01-18 15:25:59.061,9.968
2026-01-18 15:25:59.074,9.966
2026-01-18 15:25:59.095,9.97
2026-01-18 15:25:59.110,9.97
2026-01-18 15:25:59.110,9.966
2026-01-18 15:25:59.146,9.971
2026-01-18 15:25:59.148,9.967
2026-01-18 15:25:59.148,9.97
2026-01-18 15:25:59.157,9.967
2026-01-18 15:25:59.171,9.965
2026-01-18 15:25:59.186,9.971
2026-01-18 15:25:59.186,9.97
2026-01-18 15:25:59.211,9.972
2026-01-18 15:25:59.228,9.975
2026-01-18 15:25:59.228,9.972
2026-01-18 15:25:59.235,9.972
2026-01-18 15:25:59.261,9.966
2026-01-18 15:25:59.277,9.973
2026-01-18 15:25:59.277,9.975
2026-01-18 15:25:59.295,9.987
2026-01-18 15:25:59.311,9.986
2026-01-18 15:25:59.328,9.976
2026-01-18 15:25:59.328,9.975
2026-01-18 15:25:59.344,9.975
2026-01-18 15:25:59.362,9.977
2026-01-18 15:25:59.362,9.979
2026-01-18 15:25:59.379,9.973
2026-01-18 15:25:59.395,9.974
2026-01-18 15:25:59.412,9.971
2026-01-18 15:25:59.412,9.969
2026-01-18 15:25:59.428,9.97
2026-01-18 15:25:59.444,9.967
2026-01-18 15:25:59.444,9.974
2026-01-18 15:25:59.461,9.973
2026-01-18 15:25:59.477,9.966
2026-01-18 15:25:59.487,9.971
2026-01-18 15:25:59.487,9.966
2026-01-18 15:25:59.512,9.971
2026-01-18 15:25:59.527,9.969
2026-01-18 15:25:59.527,9.981
2026-01-18 15:25:59.535,9.978
2026-01-18 15:25:59.561,9.968
2026-01-18 15:25:59.577,9.969
2026-01-18 15:25:59.577,9.968
2026-01-18 15:25:59.595,9.965
2026-01-18 15:25:59.602,9.972
2026-01-18 15:25:59.602,9.968
2026-01-18 15:25:59.627,9.972
2026-01-18 15:25:59.652,9.968
2026-01-18 15:25:59.652,9.966
2026-01-18 15:25:59.661,9.963
2026-01-18 15:25:59.678,9.962
2026-01-18 15:25:59.693,9.958
2026-01-18 15:25:59.712,9.958
2026-01-18 15:25:59.712,9.962
2026-01-18 15:25:59.727,9.961
2026-01-18 15:25:59.742,9.959
2026-01-18 15:25:59.742,9.958
2026-01-18 15:25:59.761,9.957
2026-01-18 15:25:59.775,9.959
2026-01-18 15:25:59.794,9.958
2026-01-18 15:25:59.794,9.957
2026-01-18 15:25:59.805,9.957
2026-01-18 15:25:59.827,9.956
2026-01-18 15:25:59.827,9.956
2026-01-18 15:25:59.845,9.955
2026-01-18 15:25:59.862,9.956
2026-01-18 15:25:59.878,9.963
2026-01-18 15:25:59.878,9.964
2026-01-18 15:25:59.894,9.97
2026-01-18 15:25:59.902,9.973
2026-01-18 15:25:59.902,9.968
2026-01-18 15:25:59.929,9.971
2026-01-18 15:25:59.944,9.973
2026-01-18 15:25:59.961,9.969
2026-01-18 15:25:59.961,9.973
2026-01-18 15:25:59.977,9.971
2026-01-18 15:25:59.995,9.97
2026-01-18 15:25:59.995,9.974
2026-01-18 15:26:00.012,9.973
2026-01-18 15:26:00.037,9.97
2026-01-18 15:26:00.037,9.964
2026-01-18 15:26:00.047,9.962
2026-01-18 15:26:00.060,9.96
2026-01-18 15:26:00.074,9.961
2026-01-18 15:26:00.094,9.966
2026-01-18 15:26:00.094,9.965
2026-01-18 15:26:00.110,9.967
2026-01-18 15:26:00.124,9.966
2026-01-18 15:26:00.129,9.963
2026-01-18 15:26:00.137,9.96
2026-01-18 15:26:00.160,9.962
2026-01-18 15:26:00.177,9.96
2026-01-18 15:26:00.177,9.96
2026-01-18 15:26:00.194,9.958
2026-01-18 15:26:00.213,9.956
2026-01-18 15:26:00.213,9.968
2026-01-18 15:26:00.227,9.969
2026-01-18 15:26:00.244,9.966
2026-01-18 15:26:00.261,9.964
2026-01-18 15:26:00.261,9.967
2026-01-18 15:26:00.278,9.966
2026-01-18 15:26:00.294,9.963
2026-01-18 15:26:00.311,9.955
2026-01-18 15:26:00.311,9.961
2026-01-18 15:26:00.328,9.957
2026-01-18 15:26:00.345,9.952
2026-01-18 15:26:00.345,9.956
2026-01-18 15:26:00.359,9.956
2026-01-18 15:26:00.379,9.953
2026-01-18 15:26:00.394,9.953
2026-01-18 15:26:00.394,9.96
2026-01-18 15:26:00.411,9.961
2026-01-18 15:26:00.427,9.96
2026-01-18 15:26:00.427,9.971
2026-01-18 15:26:00.444,9.969
2026-01-18 15:26:00.454,9.965
2026-01-18 15:26:00.473,9.966
2026-01-18 15:26:00.473,9.963
2026-01-18 15:26:00.511,9.962
2026-01-18 15:26:00.512,9.964
2026-01-18 15:26:00.512,9.962
2026-01-18 15:26:00.527,9.959
2026-01-18 15:26:00.545,9.962
2026-01-18 15:26:00.549,9.957
2026-01-18 15:26:00.549,9.961
2026-01-18 15:26:00.578,9.963
2026-01-18 15:26:00.594,9.966
2026-01-18 15:26:00.614,9.968
2026-01-18 15:26:00.615,9.965
2026-01-18 15:26:00.627,9.964
2026-01-18 15:26:00.645,9.969
2026-01-18 15:26:00.645,9.968
2026-01-18 15:26:00.662,9.965
2026-01-18 15:26:00.678,9.967
2026-01-18 15:26:00.706,9.962
2026-01-18 15:26:00.708,9.963
2026-01-18 15:26:00.708,9.965
2026-01-18 15:26:00.720,9.974
2026-01-18 15:26:00.731,9.98
2026-01-18 15:26:00.740,9.979
2026-01-18 15:26:00.760,9.975
2026-01-18 15:26:00.772,9.974
2026-01-18 15:26:00.779,9.971
2026-01-18 15:26:00.789,9.977
2026-01-18 15:26:00.804,9.981
2026-01-18 15:26:00.812,9.978
2026-01-18 15:26:00.823,9.979
2026-01-18 15:26:00.844,9.976
2026-01-18 15:26:00.851,9.994
2026-01-18 15:26:00.862,10.008
2026-01-18 15:26:00.871,9.998
2026-01-18 15:26:00.894,9.988
2026-01-18 15:26:00.903,9.991
2026-01-18 15:26:00.913,9.985
2026-01-18 15:26:00.914,9.986
2026-01-18 15:26:00.944,9.98
2026-01-18 15:26:00.944,9.976
2026-01-18 15:26:00.946,9.978
2026-01-18 15:26:00.978,9.977
2026-01-18 15:26:00.994,9.972
2026-01-18 15:26:00.994,9.974
2026-01-18 15:26:01.010,9.978
2026-01-18 15:26:01.026,9.971
2026-01-18 15:26:01.026,9.969
2026-01-18 15:26:01.043,9.965
2026-01-18 15:26:01.061,9.968
2026-01-18 15:26:01.073,9.966
2026-01-18 15:26:01.073,9.963
2026-01-18 15:26:01.092,9.965
2026-01-18 15:26:01.111,9.962
2026-01-18 15:26:01.127,9.961
2026-01-18 15:26:01.127,9.961
2026-01-18 15:26:01.145,9.956
2026-01-18 15:26:01.162,9.961
2026-01-18 15:26:01.162,9.963
2026-01-18 15:26:01.182,9.965
2026-01-18 15:26:01.194,9.966
2026-01-18 15:26:01.211,9.966
2026-01-18 15:26:01.211,9.97
2026-01-18 15:26:01.219,9.972
2026-01-18 15:26:01.243,9.967
2026-01-18 15:26:01.243,9.972
2026-01-18 15:26:01.260,9.971
2026-01-18 15:26:01.275,9.968
2026-01-18 15:26:01.293,9.967
2026-01-18 15:26:01.295,9.959
2026-01-18 15:26:01.310,9.962
2026-01-18 15:26:01.326,9.963
2026-01-18 15:26:01.328,9.965
2026-01-18 15:26:01.344,9.97
2026-01-18 15:26:01.358,9.968
2026-01-18 15:26:01.374,9.968
2026-01-18 15:26:01.374,9.967
2026-01-18 15:26:01.392,9.962
2026-01-18 15:26:01.411,9.966
2026-01-18 15:26:01.428,9.968
2026-01-18 15:26:01.428,9.963
2026-01-18 15:26:01.444,9.965
2026-01-18 15:26:01.460,9.965
2026-01-18 15:26:01.460,9.962
2026-01-18 15:26:01.477,9.966
2026-01-18 15:26:01.485,9.963
2026-01-18 15:26:01.504,9.961
2026-01-18 15:26:01.504,9.961
2026-01-18 15:26:01.527,9.961
2026-01-18 15:26:01.545,9.968
2026-01-18 15:26:01.545,9.969
2026-01-18 15:26:01.560,9.964
2026-01-18 15:26:01.577,9.981
2026-01-18 15:26:01.594,9.978
2026-01-18 15:26:01.594,9.975
2026-01-18 15:26:01.611,9.977
2026-01-18 15:26:01.612,9.973
2026-01-18 15:26:01.629,9.966
2026-01-18 15:26:01.644,9.968
2026-01-18 15:26:01.669,9.97
2026-01-18 15:26:01.669,9.963
2026-01-18 15:26:01.678,9.96
2026-01-18 15:26:01.697,9.959
2026-01-18 15:26:01.710,9.957
2026-01-18 15:26:01.727,9.959
2026-01-18 15:26:01.727,9.964
2026-01-18 15:26:01.745,9.974
2026-01-18 15:26:01.761,9.974
2026-01-18 15:26:01.761,9.967
2026-01-18 15:26:01.773,9.976
2026-01-18 15:26:01.795,9.972
2026-01-18 15:26:01.811,9.967
2026-01-18 15:26:01.811,9.976
2026-01-18 15:26:01.827,9.967
2026-01-18 15:26:01.843,9.972
2026-01-18 15:26:01.843,9.969
2026-01-18 15:26:01.878,9.963
2026-01-18 15:26:01.878,9.963
2026-01-18 15:26:01.884,9.963
2026-01-18 15:26:01.900,9.971
2026-01-18 15:26:01.907,9.971
2026-01-18 15:26:01.928,9.966
2026-01-18 15:26:01.928,9.972
2026-01-18 15:26:01.944,9.974
2026-01-18 15:26:01.961,9.978
2026-01-18 15:26:01.977,9.975
2026-01-18 15:26:01.977,9.973
2026-01-18 15:26:01.995,9.992
2026-01-18 15:26:02.011,9.988
2026-01-18 15:26:02.011,9.988
2026-01-18 15:26:02.027,9.988
2026-01-18 15:26:02.041,9.991
2026-01-18 15:26:02.060,9.986
2026-01-18 15:26:02.060,9.982
2026-01-18 15:26:02.078,9.976
2026-01-18 15:26:02.093,9.973
2026-01-18 15:26:02.110,9.972
2026-01-18 15:26:02.110,9.967
2026-01-18 15:26:02.127,9.967
2026-01-18 15:26:02.143,9.968
2026-01-18 15:26:02.160,9.965
2026-01-18 15:26:02.177,9.968
2026-01-18 15:26:02.193,9.967
2026-01-18 15:26:02.193,9.97
2026-01-18 15:26:02.210,9.964
2026-01-18 15:26:02.225,9.964
2026-01-18 15:26:02.245,9.974
2026-01-18 15:26:02.245,9.97
2026-01-18 15:26:02.261,9.972
2026-01-18 15:26:02.277,9.968
2026-01-18 15:26:02.277,9.964
2026-01-18 15:26:02.294,9.973
2026-01-18 15:26:02.310,9.973
2026-01-18 15:26:02.310,9.972
2026-01-18 15:26:02.328,9.971
2026-01-18 15:26:02.347,9.969
2026-01-18 15:26:02.348,9.97
2026-01-18 15:26:02.358,9.974
2026-01-18 15:26:02.378,9.982
2026-01-18 15:26:02.394,9.997
2026-01-18 15:26:02.411,9.989
2026-01-18 15:26:02.412,9.986
2026-01-18 15:26:02.427,9.983
2026-01-18 15:26:02.445,9.977
2026-01-18 15:26:02.445,9.982
2026-01-18 15:26:02.461,9.979
2026-01-18 15:26:02.477,9.982
2026-01-18 15:26:02.494,9.985
2026-01-18 15:26:02.494,9.977
2026-01-18 15:26:02.509,9.969
2026-01-18 15:26:02.527,9.975
2026-01-18 15:26:02.527,9.973
2026-01-18 15:26:02.544,9.97
2026-01-18 15:26:02.562,9.97
2026-01-18 15:26:02.577,9.966
2026-01-18 15:26:02.577,9.964
2026-01-18 15:26:02.586,9.965
2026-01-18 15:26:02.610,9.962
2026-01-18 15:26:02.610,9.975
2026-01-18 15:26:02.627,9.971
2026-01-18 15:26:02.646,9.967
2026-01-18 15:26:02.646,9.961
2026-01-18 15:26:02.660,9.961
2026-01-18 15:26:02.677,9.955
2026-01-18 15:26:02.693,9.955
2026-01-18 15:26:02.707,9.956
2026-01-18 15:26:02.707,9.955
2026-01-18 15:26:02.727,9.954
2026-01-18 15:26:02.743,9.956
2026-01-18 15:26:02.743,9.953
2026-01-18 15:26:02.760,9.952
2026-01-18 15:26:02.777,9.952
2026-01-18 15:26:02.793,9.951
2026-01-18 15:26:02.793,9.953
2026-01-18 15:26:02.811,9.952
2026-01-18 15:26:02.827,9.95
2026-01-18 15:26:02.827,9.947
2026-01-18 15:26:02.843,9.945
2026-01-18 15:26:02.861,9.947
2026-01-18 15:26:02.877,9.951
2026-01-18 15:26:02.877,9.95
2026-01-18 15:26:02.894,9.962
2026-01-18 15:26:02.911,9.966
2026-01-18 15:26:02.927,9.972
2026-01-18 15:26:02.927,9.966
2026-01-18 15:26:02.944,9.967
2026-01-18 15:26:02.961,9.964
2026-01-18 15:26:02.961,9.961
2026-01-18 15:26:02.975,9.965
2026-01-18 15:26:02.993,9.963
2026-01-18 15:26:03.010,9.96
2026-01-18 15:26:03.010,9.963
2026-01-18 15:26:03.027,9.961
2026-01-18 15:26:03.043,9.959
2026-01-18 15:26:03.045,9.959
2026-01-18 15:26:03.060,9.96
2026-01-18 15:26:03.077,9.959
2026-01-18 15:26:03.094,9.961
2026-01-18 15:26:03.094,9.962
2026-01-18 15:26:03.111,9.966
2026-01-18 15:26:03.127,9.962
2026-01-18 15:26:03.127,9.975
2026-01-18 15:26:03.144,9.978
2026-01-18 15:26:03.160,9.977
2026-01-18 15:26:03.177,9.972
2026-01-18 15:26:03.177,9.973
2026-01-18 15:26:03.194,9.973
2026-01-18 15:26:03.209,9.967
2026-01-18 15:26:03.239,9.964
2026-01-18 15:26:03.240,9.965
2026-01-18 15:26:03.240,9.965
2026-01-18 15:26:03.259,9.961
2026-01-18 15:26:03.276,9.962
2026-01-18 15:26:03.280,9.963
2026-01-18 15:26:03.292,9.964
2026-01-18 15:26:03.310,9.965
2026-01-18 15:26:03.310,9.964
2026-01-18 15:26:03.324,9.957
2026-01-18 15:26:03.339,9.971
2026-01-18 15:26:03.339,9.969
2026-01-18 15:26:03.360,9.963
2026-01-18 15:26:03.377,9.961
2026-01-18 15:26:03.393,9.963
2026-01-18 15:26:03.393,9.972
2026-01-18 15:26:03.411,9.971
2026-01-18 15:26:03.427,9.97
2026-01-18 15:26:03.427,9.973
2026-01-18 15:26:03.444,9.97
2026-01-18 15:26:03.460,9.973
2026-01-18 15:26:03.478,9.977
2026-01-18 15:26:03.478,9.978
2026-01-18 15:26:03.488,9.974
2026-01-18 15:26:03.510,9.971
2026-01-18 15:26:03.527,9.972
2026-01-18 15:26:03.527,9.972
2026-01-18 15:26:03.543,9.971
2026-01-18 15:26:03.554,9.984
2026-01-18 15:26:03.561,9.976
2026-01-18 15:26:03.577,9.972
2026-01-18 15:26:03.593,9.971
2026-01-18 15:26:03.609,9.967
2026-01-18 15:26:03.609,9.968
2026-01-18 15:26:03.627,9.97
2026-01-18 15:26:03.645,9.973
2026-01-18 15:26:03.645,9.976
2026-01-18 15:26:03.656,9.976
2026-01-18 15:26:03.676,9.974
2026-01-18 15:26:03.693,9.973
2026-01-18 15:26:03.707,9.978
2026-01-18 15:26:03.727,9.977
2026-01-18 15:26:03.727,9.975
2026-01-18 15:26:03.760,9.98
2026-01-18 15:26:03.777,9.978
2026-01-18 15:26:03.777,9.976
2026-01-18 15:26:03.794,9.974
2026-01-18 15:26:03.807,9.977
2026-01-18 15:26:03.827,9.983
2026-01-18 15:26:03.827,9.978
2026-01-18 15:26:03.844,9.984
2026-01-18 15:26:03.860,9.979
2026-01-18 15:26:03.860,9.978
2026-01-18 15:26:03.878,9.985
2026-01-18 15:26:03.893,9.983
2026-01-18 15:26:03.896,9.98
2026-01-18 15:26:03.912,9.98
2026-01-18 15:26:03.926,9.975
2026-01-18 15:26:03.944,9.987
2026-01-18 15:26:03.944,9.988
2026-01-18 15:26:03.960,9.983
2026-01-18 15:26:03.976,9.979
2026-01-18 15:26:03.993,9.979
2026-01-18 15:26:03.993,9.984
2026-01-18 15:26:04.010,9.983
2026-01-18 15:26:04.027,9.982
2026-01-18 15:26:04.027,9.983
2026-01-18 15:26:04.062,9.977
2026-01-18 15:26:04.074,9.978
2026-01-18 15:26:04.074,9.973
2026-01-18 15:26:04.094,9.972
2026-01-18 15:26:04.110,9.97
2026-01-18 15:26:04.127,9.974
2026-01-18 15:26:04.127,9.975
2026-01-18 15:26:04.145,9.972
2026-01-18 15:26:04.153,9.974
2026-01-18 15:26:04.153,9.973
2026-01-18 15:26:04.177,9.987
2026-01-18 15:26:04.193,9.984
2026-01-18 15:26:04.210,9.985
2026-01-18 15:26:04.210,9.983
2026-01-18 15:26:04.227,9.977
2026-01-18 15:26:04.245,9.983
2026-01-18 15:26:04.245,9.974
2026-01-18 15:26:04.260,9.973
2026-01-18 15:26:04.279,9.988
2026-01-18 15:26:04.295,9.985
2026-01-18 15:26:04.296,9.986
2026-01-18 15:26:04.310,9.99
2026-01-18 15:26:04.328,9.985
2026-01-18 15:26:04.329,9.982
2026-01-18 15:26:04.344,9.98
2026-01-18 15:26:04.360,9.974
2026-01-18 15:26:04.378,9.974
2026-01-18 15:26:04.378,9.971
2026-01-18 15:26:04.395,9.973
2026-01-18 15:26:04.420,9.972
2026-01-18 15:26:04.434,9.976
2026-01-18 15:26:04.442,9.975
2026-01-18 15:26:04.460,9.972
2026-01-18 15:26:04.460,9.969
2026-01-18 15:26:04.473,9.965
2026-01-18 15:26:04.482,9.964
2026-01-18 15:26:04.509,9.967
2026-01-18 15:26:04.509,9.969
2026-01-18 15:26:04.537,9.976
2026-01-18 15:26:04.544,9.973
2026-01-18 15:26:04.560,9.972
2026-01-18 15:26:04.600,9.969
2026-01-18 15:26:04.600,9.968
2026-01-18 15:26:04.609,9.975
2026-01-18 15:26:04.623,9.973
2026-01-18 15:26:04.628,9.973
2026-01-18 15:26:04.649,9.974
2026-01-18 15:26:04.655,9.978
2026-01-18 15:26:04.670,9.976
2026-01-18 15:26:04.670,9.973
2026-01-18 15:26:04.686,9.99
2026-01-18 15:26:04.709,9.987
2026-01-18 15:26:04.718,9.984
2026-01-18 15:26:04.744,9.986
2026-01-18 15:26:04.760,9.982
2026-01-18 15:26:04.777,9.977
2026-01-18 15:26:04.793,9.974
2026-01-18 15:26:04.809,9.976
2026-01-18 15:26:04.809,9.972
2026-01-18 15:26:04.833,9.973
2026-01-18 15:26:04.850,9.976
2026-01-18 15:26:04.873,9.973
2026-01-18 15:26:04.873,9.975
2026-01-18 15:26:04.896,9.973
2026-01-18 15:26:04.896,9.981
2026-01-18 15:26:04.910,9.977
2026-01-18 15:26:04.927,9.973
2026-01-18 15:26:04.939,9.971
2026-01-18 15:26:04.939,9.974
2026-01-18 15:26:04.960,9.978
2026-01-18 15:26:04.971,9.977
2026-01-18 15:26:04.977,9.97
2026-01-18 15:26:04.986,9.972
2026-01-18 15:26:05.012,9.966
2026-01-18 15:26:05.020,9.971
2026-01-18 15:26:05.043,9.974
2026-01-18 15:26:05.050,9.975
2026-01-18 15:26:05.066,9.972
2026-01-18 15:26:05.082,9.968
2026-01-18 15:26:05.110,9.97
2026-01-18 15:26:05.110,9.967
2026-01-18 15:26:05.130,9.966
2026-01-18 15:26:05.130,9.966
2026-01-18 15:26:05.157,9.963
2026-01-18 15:26:05.177,9.973
2026-01-18 15:26:05.193,9.971
2026-01-18 15:26:05.193,9.977
2026-01-18 15:26:05.211,9.977
2026-01-18 15:26:05.224,9.979
2026-01-18 15:26:05.241,9.975
2026-01-18 15:26:05.255,9.973
2026-01-18 15:26:05.276,9.974
2026-01-18 15:26:05.276,9.968
2026-01-18 15:26:05.293,9.968
2026-01-18 15:26:05.313,9.973
2026-01-18 15:26:05.327,9.967
2026-01-18 15:26:05.343,9.967
2026-01-18 15:26:05.361,9.966
2026-01-18 15:26:05.377,9.968
2026-01-18 15:26:05.393,9.968
2026-01-18 15:26:05.410,9.975
2026-01-18 15:26:05.410,9.974
2026-01-18 15:26:05.443,9.977
2026-01-18 15:26:05.444,9.98
2026-01-18 15:26:05.461,9.976
2026-01-18 15:26:05.477,9.98
2026-01-18 15:26:05.494,9.977
2026-01-18 15:26:05.511,9.973
2026-01-18 15:26:05.527,9.975
2026-01-18 15:26:05.543,9.971
2026-01-18 15:26:05.543,9.973
2026-01-18 15:26:05.560,9.977
2026-01-18 15:26:05.578,9.976
2026-01-18 15:26:05.578,9.973
2026-01-18 15:26:05.594,9.981
2026-01-18 15:26:05.613,9.974
2026-01-18 15:26:05.627,9.968
2026-01-18 15:26:05.651,9.968
2026-01-18 15:26:05.651,9.964
2026-01-18 15:26:05.676,9.961
2026-01-18 15:26:05.691,9.963
2026-01-18 15:26:05.710,9.959
2026-01-18 15:26:05.711,9.96
2026-01-18 15:26:05.731,9.964
2026-01-18 15:26:05.744,9.969
2026-01-18 15:26:05.759,9.963
2026-01-18 15:26:05.775,9.962
2026-01-18 15:26:05.809,9.969
2026-01-18 15:26:05.827,9.979
2026-01-18 15:26:05.843,9.983
2026-01-18 15:26:05.856,9.976
2026-01-18 15:26:05.873,9.969
2026-01-18 15:26:05.873,9.965
2026-01-18 15:26:05.895,9.963
2026-01-18 15:26:05.915,9.961
2026-01-18 15:26:05.926,9.959
2026-01-18 15:26:05.958,9.967
2026-01-18 15:26:05.960,9.98
2026-01-18 15:26:05.972,9.98
2026-01-18 15:26:05.994,9.975
2026-01-18 15:26:06.010,9.968
2026-01-18 15:26:06.010,9.969
2026-01-18 15:26:06.029,9.97
2026-01-18 15:26:06.059,9.97
2026-01-18 15:26:06.059,9.967
2026-01-18 15:26:06.078,9.963
2026-01-18 15:26:06.092,9.957
2026-01-18 15:26:06.110,9.962
2026-01-18 15:26:06.127,9.964
2026-01-18 15:26:06.127,9.974
2026-01-18 15:26:06.155,9.969
2026-01-18 15:26:06.172,9.968
2026-01-18 15:26:06.172,9.963
2026-01-18 15:26:06.187,9.96
2026-01-18 15:26:06.226,9.959
2026-01-18 15:26:06.236,9.954
2026-01-18 15:26:06.260,9.956
2026-01-18 15:26:06.276,9.956
2026-01-18 15:26:06.294,9.955
2026-01-18 15:26:06.299,9.959
2026-01-18 15:26:06.299,9.961
2026-01-18 15:26:06.330,9.957
2026-01-18 15:26:06.330,9.959
2026-01-18 15:26:06.359,9.958
2026-01-18 15:26:06.378,9.963
2026-01-18 15:26:06.394,9.96
2026-01-18 15:26:06.409,9.956
2026-01-18 15:26:06.425,9.955
2026-01-18 15:26:06.444,9.962
2026-01-18 15:26:06.460,9.96
2026-01-18 15:26:06.476,9.961
2026-01-18 15:26:06.476,9.962
2026-01-18 15:26:06.494,9.97
2026-01-18 15:26:06.513,9.965
2026-01-18 15:26:06.524,9.96
2026-01-18 15:26:06.537,9.961
2026-01-18 15:26:06.559,9.963
2026-01-18 15:26:06.576,9.962
2026-01-18 15:26:06.594,9.968
2026-01-18 15:26:06.610,9.965
2026-01-18 15:26:06.610,9.965
2026-01-18 15:26:06.647,9.968
2026-01-18 15:26:06.647,9.969
2026-01-18 15:26:06.653,9.963
2026-01-18 15:26:06.665,9.961
2026-01-18 15:26:06.693,9.962
2026-01-18 15:26:06.709,9.964
2026-01-18 15:26:06.714,9.972
2026-01-18 15:26:06.744,9.97
2026-01-18 15:26:06.759,9.967
2026-01-18 15:26:06.776,9.971
2026-01-18 15:26:06.776,9.972
2026-01-18 15:26:06.793,9.978
2026-01-18 15:26:06.813,9.978
2026-01-18 15:26:06.828,9.973
2026-01-18 15:26:06.843,9.971
2026-01-18 15:26:06.864,9.969
2026-01-18 15:26:06.877,9.968
2026-01-18 15:26:06.893,9.964
2026-01-18 15:26:06.908,9.963
2026-01-18 15:26:06.908,9.96
2026-01-18 15:26:06.932,9.954
2026-01-18 15:26:06.932,9.954
2026-01-18 15:26:06.948,9.959
2026-01-18 15:26:06.977,9.969
2026-01-18 15:26:06.993,9.963
2026-01-18 15:26:07.001,9.967
2026-01-18 15:26:07.026,9.961
2026-01-18 15:26:07.029,9.962
2026-01-18 15:26:07.061,9.963
2026-01-18 15:26:07.078,9.962
2026-01-18 15:26:07.078,9.961
2026-01-18 15:26:07.093,9.955
2026-01-18 15:26:07.127,9.958
2026-01-18 15:26:07.127,9.955
2026-01-18 15:26:07.144,9.956
2026-01-18 15:26:07.160,9.961
2026-01-18 15:26:07.177,9.956
2026-01-18 15:26:07.187,9.955
2026-01-18 15:26:07.210,9.952
2026-01-18 15:26:07.210,9.966
2026-01-18 15:26:07.243,9.967
2026-01-18 15:26:07.243,9.968
2026-01-18 15:26:07.258,9.972
2026-01-18 15:26:07.277,9.975
2026-01-18 15:26:07.293,9.971
2026-01-18 15:26:07.330,9.971
2026-01-18 15:26:07.330,9.962
2026-01-18 15:26:07.346,9.96
2026-01-18 15:26:07.348,9.961
2026-01-18 15:26:07.376,9.966
2026-01-18 15:26:07.376,9.966
2026-01-18 15:26:07.395,9.963
2026-01-18 15:26:07.413,9.961
2026-01-18 15:26:07.426,9.96
2026-01-18 15:26:07.446,9.958
2026-01-18 15:26:07.460,9.971
2026-01-18 15:26:07.476,9.978
2026-01-18 15:26:07.493,9.975
2026-01-18 15:26:07.510,9.974
2026-01-18 15:26:07.510,9.969
2026-01-18 15:26:07.544,9.968
2026-01-18 15:26:07.544,9.965
2026-01-18 15:26:07.553,9.96
2026-01-18 15:26:07.577,9.964
2026-01-18 15:26:07.593,9.969
2026-01-18 15:26:07.609,9.968
2026-01-18 15:26:07.626,9.97
2026-01-18 15:26:07.650,9.972
2026-01-18 15:26:07.658,9.966
2026-01-18 15:26:07.676,9.965
2026-01-18 15:26:07.676,9.962
2026-01-18 15:26:07.681,9.959
2026-01-18 15:26:07.713,9.96
2026-01-18 15:26:07.726,9.961
2026-01-18 15:26:07.744,9.96
2026-01-18 15:26:07.759,9.963
2026-01-18 15:26:07.778,9.972
2026-01-18 15:26:07.791,9.968
2026-01-18 15:26:07.810,9.965
2026-01-18 15:26:07.810,9.969
2026-01-18 15:26:07.843,9.965
2026-01-18 15:26:07.843,9.965
2026-01-18 15:26:07.860,9.964
2026-01-18 15:26:07.884,9.96
2026-01-18 15:26:07.905,9.954
2026-01-18 15:26:07.905,9.961
2026-01-18 15:26:07.926,9.959
2026-01-18 15:26:07.943,9.958
2026-01-18 15:26:07.959,9.961
2026-01-18 15:26:07.969,9.967
2026-01-18 15:26:07.969,9.963
2026-01-18 15:26:07.993,9.961
2026-01-18 15:26:08.012,9.961
2026-01-18 15:26:08.027,9.959
2026-01-18 15:26:08.042,9.971
2026-01-18 15:26:08.059,9.971
2026-01-18 15:26:08.075,9.969
2026-01-18 15:26:08.091,9.963
2026-01-18 15:26:08.109,9.965
2026-01-18 15:26:08.109,9.97
2026-01-18 15:26:08.143,9.966
2026-01-18 15:26:08.161,9.964
2026-01-18 15:26:08.161,9.962
2026-01-18 15:26:08.176,9.964
2026-01-18 15:26:08.192,9.959
2026-01-18 15:26:08.209,9.964
2026-01-18 15:26:08.229,9.962
2026-01-18 15:26:08.229,9.975
2026-01-18 15:26:08.259,9.971
2026-01-18 15:26:08.265,9.975
2026-01-18 15:26:08.276,9.966
2026-01-18 15:26:08.291,9.961
2026-01-18 15:26:08.310,9.96
2026-01-18 15:26:08.326,9.958
2026-01-18 15:26:08.343,9.957
2026-01-18 15:26:08.358,9.961
2026-01-18 15:26:08.376,9.969
2026-01-18 15:26:08.393,9.973
2026-01-18 15:26:08.408,9.974
2026-01-18 15:26:08.408,9.969
2026-01-18 15:26:08.436,9.964
2026-01-18 15:26:08.459,9.969
2026-01-18 15:26:08.459,9.971
2026-01-18 15:26:08.476,9.97
2026-01-18 15:26:08.492,9.972
2026-01-18 15:26:08.492,9.968
2026-01-18 15:26:08.500,9.975
2026-01-18 15:26:08.526,9.97
2026-01-18 15:26:08.547,9.968
2026-01-18 15:26:08.563,9.967
2026-01-18 15:26:08.563,9.959
2026-01-18 15:26:08.583,9.959
2026-01-18 15:26:08.609,9.957
2026-01-18 15:26:08.627,9.959
2026-01-18 15:26:08.628,9.959
2026-01-18 15:26:08.644,9.956
2026-01-18 15:26:08.644,9.975
2026-01-18 15:26:08.685,9.983
2026-01-18 15:26:08.685,9.978
2026-01-18 15:26:08.709,9.974
2026-01-18 15:26:08.709,9.971
2026-01-18 15:26:08.726,9.975
2026-01-18 15:26:08.742,9.968
2026-01-18 15:26:08.744,9.965
2026-01-18 15:26:08.759,9.965
2026-01-18 15:26:08.776,9.967
2026-01-18 15:26:08.794,9.972
2026-01-18 15:26:08.794,9.97
2026-01-18 15:26:08.809,9.974
2026-01-18 15:26:08.826,9.969
2026-01-18 15:26:08.842,9.972
2026-01-18 15:26:08.850,9.976
2026-01-18 15:26:08.876,9.977
2026-01-18 15:26:08.876,9.977
2026-01-18 15:26:08.879,9.978
2026-01-18 15:26:08.905,9.981
2026-01-18 15:26:08.912,9.979
2026-01-18 15:26:08.915,9.982
2026-01-18 15:26:08.944,9.974
2026-01-18 15:26:08.960,9.975
2026-01-18 15:26:08.961,9.975
2026-01-18 15:26:08.974,9.972
2026-01-18 15:26:08.993,9.971
2026-01-18 15:26:09.010,9.969
2026-01-18 15:26:09.010,9.972
2026-01-18 15:26:09.026,9.971
2026-01-18 15:26:09.042,9.974
2026-01-18 15:26:09.059,9.978
2026-01-18 15:26:09.059,9.982
2026-01-18 15:26:09.076,9.976
2026-01-18 15:26:09.090,9.97
2026-01-18 15:26:09.090,9.966
2026-01-18 15:26:09.109,9.959
2026-01-18 15:26:09.126,9.962
2026-01-18 15:26:09.142,9.958
2026-01-18 15:26:09.142,9.957
2026-01-18 15:26:09.151,9.959
2026-01-18 15:26:09.176,9.961
2026-01-18 15:26:09.176,9.962
2026-01-18 15:26:09.192,9.962
2026-01-18 15:26:09.210,9.967
2026-01-18 15:26:09.226,9.969
2026-01-18 15:26:09.226,9.969
2026-01-18 15:26:09.243,9.97
2026-01-18 15:26:09.245,9.974
2026-01-18 15:26:09.245,9.978
2026-01-18 15:26:09.277,9.984
2026-01-18 15:26:09.294,9.978
2026-01-18 15:26:09.310,9.976
2026-01-18 15:26:09.310,9.976
2026-01-18 15:26:09.326,9.968
2026-01-18 15:26:09.340,9.967
2026-01-18 15:26:09.360,9.969
2026-01-18 15:26:09.360,9.974
2026-01-18 15:26:09.376,9.973
2026-01-18 15:26:09.390,9.973
2026-01-18 15:26:09.390,9.977
2026-01-18 15:26:09.412,9.978
2026-01-18 15:26:09.427,9.979
2026-01-18 15:26:09.443,9.981
2026-01-18 15:26:09.443,9.981
2026-01-18 15:26:09.460,9.983
2026-01-18 15:26:09.475,9.983
2026-01-18 15:26:09.475,9.981
2026-01-18 15:26:09.484,9.978
2026-01-18 15:26:09.510,9.975
2026-01-18 15:26:09.526,9.983
2026-01-18 15:26:09.526,9.979
2026-01-18 15:26:09.533,9.979
2026-01-18 15:26:09.560,9.974
2026-01-18 15:26:09.560,9.973
2026-01-18 15:26:09.575,9.966
2026-01-18 15:26:09.594,9.964
2026-01-18 15:26:09.609,9.96
2026-01-18 15:26:09.609,9.981
2026-01-18 15:26:09.626,9.976
2026-01-18 15:26:09.649,9.974
2026-01-18 15:26:09.649,9.974
2026-01-18 15:26:09.660,9.978
2026-01-18 15:26:09.676,9.974
2026-01-18 15:26:09.692,9.977
2026-01-18 15:26:09.692,9.98
2026-01-18 15:26:09.710,9.975
2026-01-18 15:26:09.724,9.98
2026-01-18 15:26:09.743,9.983
2026-01-18 15:26:09.743,9.985
2026-01-18 15:26:09.753,9.99
2026-01-18 15:26:09.776,9.992
2026-01-18 15:26:09.776,9.998
2026-01-18 15:26:09.793,9.998
2026-01-18 15:26:09.809,9.999
2026-01-18 15:26:09.826,9.998
2026-01-18 15:26:09.826,9.994
2026-01-18 15:26:09.843,9.991
2026-01-18 15:26:09.859,9.988
2026-01-18 15:26:09.859,9.987
2026-01-18 15:26:09.876,9.987
2026-01-18 15:26:09.888,9.989
2026-01-18 15:26:09.911,9.988
2026-01-18 15:26:09.911,9.99
2026-01-18 15:26:09.926,9.99
2026-01-18 15:26:09.944,9.994
2026-01-18 15:26:09.944,9.993
2026-01-18 15:26:09.960,9.998
2026-01-18 15:26:09.978,9.995
2026-01-18 15:26:09.994,9.995
2026-01-18 15:26:09.994,9.995
2026-01-18 15:26:10.007,9.993
2026-01-18 15:26:10.047,9.994
2026-01-18 15:26:10.049,10.01
2026-01-18 15:26:10.049,10.006
2026-01-18 15:26:10.060,10.004
2026-01-18 15:26:10.076,10.0
2026-01-18 15:26:10.076,9.996
2026-01-18 15:26:10.093,9.996
2026-01-18 15:26:10.111,9.997
2026-01-18 15:26:10.126,9.996
2026-01-18 15:26:10.129,10.0
2026-01-18 15:26:10.141,10.006
2026-01-18 15:26:10.157,10.01
2026-01-18 15:26:10.157,10.008
2026-01-18 15:26:10.189,10.011
2026-01-18 15:26:10.196,10.009
2026-01-18 15:26:10.196,10.006
2026-01-18 15:26:10.225,10.006
2026-01-18 15:26:10.242,10.012
2026-01-18 15:26:10.258,10.009
2026-01-18 15:26:10.260,10.009
2026-01-18 15:26:10.276,10.006
2026-01-18 15:26:10.294,10.014
2026-01-18 15:26:10.296,10.013
2026-01-18 15:26:10.309,10.012
2026-01-18 15:26:10.325,10.014
2026-01-18 15:26:10.342,10.012
2026-01-18 15:26:10.342,10.015
2026-01-18 15:26:10.359,10.014
2026-01-18 15:26:10.371,10.016
2026-01-18 15:26:10.371,10.015
2026-01-18 15:26:10.392,10.014
2026-01-18 15:26:10.403,10.014
2026-01-18 15:26:10.425,10.011
2026-01-18 15:26:10.425,10.012
2026-01-18 15:26:10.442,10.01
2026-01-18 15:26:10.459,10.007
2026-01-18 15:26:10.459,10.007
2026-01-18 15:26:10.476,10.007
2026-01-18 15:26:10.492,10.003
2026-01-18 15:26:10.509,10.003
2026-01-18 15:26:10.509,10.002
2026-01-18 15:26:10.521,10.009
2026-01-18 15:26:10.543,10.007
2026-01-18 15:26:10.543,10.006
2026-01-18 15:26:10.559,10.005
2026-01-18 15:26:10.576,10.005
2026-01-18 15:26:10.593,10.0
2026-01-18 15:26:10.594,10.001
2026-01-18 15:26:10.609,9.999
2026-01-18 15:26:10.626,9.998
2026-01-18 15:26:10.641,9.995
2026-01-18 15:26:10.641,9.991
2026-01-18 15:26:10.659,9.99
2026-01-18 15:26:10.675,9.989
2026-01-18 15:26:10.675,9.987
2026-01-18 15:26:10.687,9.987
2026-01-18 15:26:10.709,9.989
2026-01-18 15:26:10.726,9.987
2026-01-18 15:26:10.726,9.983
2026-01-18 15:26:10.743,9.983
2026-01-18 15:26:10.759,10.0
2026-01-18 15:26:10.760,9.997
2026-01-18 15:26:10.775,9.992
2026-01-18 15:26:10.793,9.994
2026-01-18 15:26:10.809,9.993
2026-01-18 15:26:10.809,9.994
2026-01-18 15:26:10.825,9.988
2026-01-18 15:26:10.842,9.984
2026-01-18 15:26:10.859,9.988
2026-01-18 15:26:10.859,9.987
2026-01-18 15:26:10.875,9.987
2026-01-18 15:26:10.894,9.983
2026-01-18 15:26:10.894,9.981
2026-01-18 15:26:10.910,9.979
2026-01-18 15:26:10.927,9.984
2026-01-18 15:26:10.940,9.978
2026-01-18 15:26:10.940,9.977
2026-01-18 15:26:10.956,9.978
2026-01-18 15:26:10.976,9.979
2026-01-18 15:26:10.976,9.98
2026-01-18 15:26:10.992,9.981
2026-01-18 15:26:11.004,9.984
2026-01-18 15:26:11.025,9.981
2026-01-18 15:26:11.025,9.978
2026-01-18 15:26:11.040,9.975
2026-01-18 15:26:11.059,9.974
2026-01-18 15:26:11.059,9.969
2026-01-18 15:26:11.075,9.97
2026-01-18 15:26:11.093,9.964
2026-01-18 15:26:11.100,9.965
2026-01-18 15:26:11.100,9.963
2026-01-18 15:26:11.125,9.963
2026-01-18 15:26:11.143,9.957
2026-01-18 15:26:11.143,9.961
2026-01-18 15:26:11.147,9.964
2026-01-18 15:26:11.175,9.967
2026-01-18 15:26:11.186,9.969
2026-01-18 15:26:11.186,9.972
2026-01-18 15:26:11.209,9.97
2026-01-18 15:26:11.225,9.969
2026-01-18 15:26:11.244,9.967
2026-01-18 15:26:11.244,9.972
2026-01-18 15:26:11.259,9.97
2026-01-18 15:26:11.275,9.971
2026-01-18 15:26:11.275,9.971
2026-01-18 15:26:11.291,9.975
2026-01-18 15:26:11.305,9.969
2026-01-18 15:26:11.325,9.97
2026-01-18 15:26:11.325,9.973
2026-01-18 15:26:11.342,9.978
2026-01-18 15:26:11.358,9.982
2026-01-18 15:26:11.358,9.984
2026-01-18 15:26:11.376,9.987
2026-01-18 15:26:11.410,9.985
2026-01-18 15:26:11.411,9.991
2026-01-18 15:26:11.411,9.991
2026-01-18 15:26:11.420,9.988
2026-01-18 15:26:11.443,9.991
2026-01-18 15:26:11.443,9.988
2026-01-18 15:26:11.459,9.984
2026-01-18 15:26:11.475,9.986
2026-01-18 15:26:11.492,9.984
2026-01-18 15:26:11.493,9.985
2026-01-18 15:26:11.509,9.983
2026-01-18 15:26:11.527,9.982
2026-01-18 15:26:11.528,9.99
2026-01-18 15:26:11.544,9.991
2026-01-18 15:26:11.559,9.989
2026-01-18 15:26:11.576,9.995
2026-01-18 15:26:11.576,9.994
2026-01-18 15:26:11.592,9.991
2026-01-18 15:26:11.609,9.993
2026-01-18 15:26:11.625,9.992
2026-01-18 15:26:11.625,9.997
2026-01-18 15:26:11.637,9.999
2026-01-18 15:26:11.637,10.0
2026-01-18 15:26:11.658,10.0
2026-01-18 15:26:11.675,10.001
2026-01-18 15:26:11.693,10.003
2026-01-18 15:26:11.709,10.0
2026-01-18 15:26:11.709,10.006
2026-01-18 15:26:11.725,10.006
2026-01-18 15:26:11.743,10.01
2026-01-18 15:26:11.743,10.009
2026-01-18 15:26:11.747,10.011
2026-01-18 15:26:11.776,10.01
2026-01-18 15:26:11.792,10.009
2026-01-18 15:26:11.793,10.008
2026-01-18 15:26:11.809,10.009
2026-01-18 15:26:11.828,10.014
2026-01-18 15:26:11.842,10.016
2026-01-18 15:26:11.857,10.013
2026-01-18 15:26:11.875,10.011
2026-01-18 15:26:11.875,10.009
2026-01-18 15:26:11.894,10.021
2026-01-18 15:26:11.909,10.018
2026-01-18 15:26:11.925,10.015
2026-01-18 15:26:11.927,10.015
2026-01-18 15:26:11.943,10.02
2026-01-18 15:26:11.960,10.018
2026-01-18 15:26:11.960,10.019
2026-01-18 15:26:11.976,10.021
2026-01-18 15:26:11.992,10.023
2026-01-18 15:26:12.009,10.025
2026-01-18 15:26:12.009,10.018
2026-01-18 15:26:12.025,10.024
2026-01-18 15:26:12.032,10.024
2026-01-18 15:26:12.047,10.026
2026-01-18 15:26:12.047,10.022
2026-01-18 15:26:12.075,10.024
2026-01-18 15:26:12.081,10.029
2026-01-18 15:26:12.081,10.027
2026-01-18 15:26:12.109,10.026
2026-01-18 15:26:12.125,10.026
2026-01-18 15:26:12.143,10.021
2026-01-18 15:26:12.146,10.017
2026-01-18 15:26:12.159,10.02
2026-01-18 15:26:12.176,10.018
2026-01-18 15:26:12.176,10.027
2026-01-18 15:26:12.191,10.024
2026-01-18 15:26:12.210,10.022
2026-01-18 15:26:12.225,10.024
2026-01-18 15:26:12.225,10.021
2026-01-18 15:26:12.243,10.023
2026-01-18 15:26:12.256,10.018
2026-01-18 15:26:12.275,10.019
2026-01-18 15:26:12.275,10.02
2026-01-18 15:26:12.292,10.023
2026-01-18 15:26:12.309,10.019
2026-01-18 15:26:12.309,10.021
2026-01-18 15:26:12.324,10.014
2026-01-18 15:26:12.341,10.016
2026-01-18 15:26:12.345,10.019
2026-01-18 15:26:12.357,10.014
2026-01-18 15:26:12.376,10.015
2026-01-18 15:26:12.388,10.019
2026-01-18 15:26:12.388,10.027
2026-01-18 15:26:12.409,10.022
2026-01-18 15:26:12.419,10.023
2026-01-18 15:26:12.441,10.026
2026-01-18 15:26:12.441,10.027
2026-01-18 15:26:12.459,10.026
2026-01-18 15:26:12.478,10.029
2026-01-18 15:26:12.478,10.026
2026-01-18 15:26:12.492,10.026
2026-01-18 15:26:12.508,10.028
2026-01-18 15:26:12.524,10.034
2026-01-18 15:26:12.524,10.031
2026-01-18 15:26:12.541,10.034
2026-01-18 15:26:12.558,10.032
2026-01-18 15:26:12.572,10.031
2026-01-18 15:26:12.576,10.029
2026-01-18 15:26:12.592,10.031
2026-01-18 15:26:12.607,10.03
2026-01-18 15:26:12.607,10.028
2026-01-18 15:26:12.620,10.021
2026-01-18 15:26:12.636,10.024
2026-01-18 15:26:12.636,10.022
2026-01-18 15:26:12.658,10.026
2026-01-18 15:26:12.676,10.024
2026-01-18 15:26:12.692,10.025
2026-01-18 15:26:12.692,10.017
2026-01-18 15:26:12.699,10.026
2026-01-18 15:26:12.725,10.032
2026-01-18 15:26:12.733,10.028
2026-01-18 15:26:12.733,10.035
2026-01-18 15:26:12.773,10.03
2026-01-18 15:26:12.775,10.036
2026-01-18 15:26:12.775,10.041
2026-01-18 15:26:12.780,10.032
2026-01-18 15:26:12.809,10.037
2026-01-18 15:26:12.825,10.033
2026-01-18 15:26:12.825,10.027
2026-01-18 15:26:12.843,10.022
2026-01-18 15:26:12.853,10.021
2026-01-18 15:26:12.877,10.019
2026-01-18 15:26:12.878,10.02
2026-01-18 15:26:12.893,10.018
2026-01-18 15:26:12.917,10.013
2026-01-18 15:26:12.917,10.01
2026-01-18 15:26:12.924,10.006
2026-01-18 15:26:12.938,10.011
2026-01-18 15:26:12.956,10.007
2026-01-18 15:26:12.956,10.008
2026-01-18 15:26:12.973,10.004
2026-01-18 15:26:12.993,10.004
2026-01-18 15:26:12.993,10.007
2026-01-18 15:26:13.008,10.006
2026-01-18 15:26:13.025,10.01
2026-01-18 15:26:13.042,10.012
2026-01-18 15:26:13.042,10.014
2026-01-18 15:26:13.059,10.01
2026-01-18 15:26:13.075,10.01
2026-01-18 15:26:13.075,10.015
2026-01-18 15:26:13.083,10.011
2026-01-18 15:26:13.110,10.014
2026-01-18 15:26:13.125,10.011
2026-01-18 15:26:13.125,10.011
2026-01-18 15:26:13.143,10.009
2026-01-18 15:26:13.159,10.011
2026-01-18 15:26:13.161,10.017
2026-01-18 15:26:13.175,10.014
2026-01-18 15:26:13.192,10.01
2026-01-18 15:26:13.209,10.006
2026-01-18 15:26:13.209,10.009
2026-01-18 15:26:13.226,10.01
2026-01-18 15:26:13.242,10.013
2026-01-18 15:26:13.256,10.018
2026-01-18 15:26:13.256,10.016
2026-01-18 15:26:13.276,10.017
2026-01-18 15:26:13.292,10.014
2026-01-18 15:26:13.292,10.021
2026-01-18 15:26:13.308,10.017
2026-01-18 15:26:13.327,10.015
2026-01-18 15:26:13.342,10.026
2026-01-18 15:26:13.342,10.019
2026-01-18 15:26:13.359,10.02
2026-01-18 15:26:13.375,10.011
2026-01-18 15:26:13.376,10.012
2026-01-18 15:26:13.393,10.005
2026-01-18 15:26:13.408,10.011
2026-01-18 15:26:13.423,10.006
2026-01-18 15:26:13.442,10.006
2026-01-18 15:26:13.457,10.007
2026-01-18 15:26:13.475,10.005
2026-01-18 15:26:13.475,10.009
2026-01-18 15:26:13.486,10.006
2026-01-18 15:26:13.509,10.004
2026-01-18 15:26:13.509,10.002
2026-01-18 15:26:13.524,9.991
2026-01-18 15:26:13.540,9.991
2026-01-18 15:26:13.557,9.984
2026-01-18 15:26:13.560,9.983
2026-01-18 15:26:13.573,9.976
2026-01-18 15:26:13.591,9.971
2026-01-18 15:26:13.591,9.965
2026-01-18 15:26:13.609,9.966
2026-01-18 15:26:13.624,9.965
2026-01-18 15:26:13.647,9.962
2026-01-18 15:26:13.649,9.961
2026-01-18 15:26:13.655,9.957
2026-01-18 15:26:13.667,9.959
2026-01-18 15:26:13.677,9.959
2026-01-18 15:26:13.683,9.974
2026-01-18 15:26:13.700,9.97
2026-01-18 15:26:13.725,9.966
2026-01-18 15:26:13.725,9.963
2026-01-18 15:26:13.741,9.958
2026-01-18 15:26:13.750,9.956
2026-01-18 15:26:13.760,9.952
2026-01-18 15:26:13.776,9.949
2026-01-18 15:26:13.792,9.947
2026-01-18 15:26:13.810,9.945
2026-01-18 15:26:13.810,9.951
2026-01-18 15:26:13.826,9.953
2026-01-18 15:26:13.842,9.955
2026-01-18 15:26:13.842,9.962
2026-01-18 15:26:13.859,9.965
2026-01-18 15:26:13.875,9.966
2026-01-18 15:26:13.893,9.972
2026-01-18 15:26:13.893,9.978
2026-01-18 15:26:13.908,9.98
2026-01-18 15:26:13.924,9.98
2026-01-18 15:26:13.942,9.981
2026-01-18 15:26:13.942,9.98
2026-01-18 15:26:13.953,9.976
2026-01-18 15:26:13.976,9.972
2026-01-18 15:26:13.977,9.967
2026-01-18 15:26:13.992,9.962
2026-01-18 15:26:14.008,9.959
2026-01-18 15:26:14.025,9.959
2026-01-18 15:26:14.025,9.959
2026-01-18 15:26:14.042,9.959
2026-01-18 15:26:14.059,9.957
2026-01-18 15:26:14.059,9.955
2026-01-18 15:26:14.075,9.958
2026-01-18 15:26:14.092,9.953
2026-01-18 15:26:14.108,9.952
2026-01-18 15:26:14.108,9.946
2026-01-18 15:26:14.144,9.944
2026-01-18 15:26:14.161,9.945
2026-01-18 15:26:14.161,9.943
2026-01-18 15:26:14.161,9.937
2026-01-18 15:26:14.171,9.937
2026-01-18 15:26:14.193,9.938
2026-01-18 15:26:14.193,9.933
2026-01-18 15:26:14.207,9.935
2026-01-18 15:26:14.226,9.933
2026-01-18 15:26:14.242,9.934
2026-01-18 15:26:14.242,9.937
2026-01-18 15:26:14.259,9.939
2026-01-18 15:26:14.276,9.937
2026-01-18 15:26:14.276,9.937
2026-01-18 15:26:14.293,9.94
2026-01-18 15:26:14.309,9.936
2026-01-18 15:26:14.326,9.938
2026-01-18 15:26:14.326,9.934
2026-01-18 15:26:14.342,9.934
2026-01-18 15:26:14.359,9.928
2026-01-18 15:26:14.361,9.933
2026-01-18 15:26:14.379,9.938
2026-01-18 15:26:14.393,9.945
2026-01-18 15:26:14.408,9.945
2026-01-18 15:26:14.408,9.953
2026-01-18 15:26:14.423,9.952
2026-01-18 15:26:14.428,9.959
2026-01-18 15:26:14.459,9.965
2026-01-18 15:26:14.459,9.971
2026-01-18 15:26:14.475,9.973
2026-01-18 15:26:14.491,9.975
2026-01-18 15:26:14.491,9.974
2026-01-18 15:26:14.507,9.976
2026-01-18 15:26:14.523,9.983
2026-01-18 15:26:14.538,9.986
2026-01-18 15:26:14.538,9.988
2026-01-18 15:26:14.554,9.989
2026-01-18 15:26:14.570,9.99
2026-01-18 15:26:14.570,9.992
2026-01-18 15:26:14.586,9.997
2026-01-18 15:26:14.609,9.996
2026-01-18 15:26:14.625,9.996
2026-01-18 15:26:14.625,9.995
2026-01-18 15:26:14.647,9.998
2026-01-18 15:26:14.647,10.002
2026-01-18 15:26:14.660,10.003
2026-01-18 15:26:14.675,10.002
2026-01-18 15:26:14.691,10.003
2026-01-18 15:26:14.697,10.002
2026-01-18 15:26:14.697,10.002
2026-01-18 15:26:14.725,10.001
2026-01-18 15:26:14.732,10.0
2026-01-18 15:26:14.758,9.996
2026-01-18 15:26:14.758,9.996
2026-01-18 15:26:14.765,9.998
2026-01-18 15:26:14.781,9.999
2026-01-18 15:26:14.793,9.998
2026-01-18 15:26:14.808,10.001
2026-01-18 15:26:14.824,10.001
2026-01-18 15:26:14.841,9.996
2026-01-18 15:26:14.841,9.998
2026-01-18 15:26:14.858,9.997
2026-01-18 15:26:14.873,10.008
2026-01-18 15:26:14.873,10.006
2026-01-18 15:26:14.892,10.01
2026-01-18 15:26:14.910,10.007
2026-01-18 15:26:14.924,10.004
2026-01-18 15:26:14.924,10.004
2026-01-18 15:26:14.937,10.006
2026-01-18 15:26:14.959,10.003
2026-01-18 15:26:14.960,9.998
2026-01-18 15:26:14.967,9.997
2026-01-18 15:26:14.983,9.999
2026-01-18 15:26:14.999,9.999
2026-01-18 15:26:14.999,9.995
2026-01-18 15:26:15.024,9.991
2026-01-18 15:26:15.041,9.988
2026-01-18 15:26:15.058,9.99
2026-01-18 15:26:15.058,9.991
2026-01-18 15:26:15.065,10.006
2026-01-18 15:26:15.091,10.003
2026-01-18 15:26:15.091,10.001
2026-01-18 15:26:15.110,9.996
2026-01-18 15:26:15.125,9.996
2026-01-18 15:26:15.143,9.992
2026-01-18 15:26:15.144,9.991
2026-01-18 15:26:15.157,9.993
2026-01-18 15:26:15.177,9.987
2026-01-18 15:26:15.177,9.987
2026-01-18 15:26:15.192,9.984
2026-01-18 15:26:15.209,9.981
2026-01-18 15:26:15.224,9.982
2026-01-18 15:26:15.226,9.986
2026-01-18 15:26:15.241,9.984
2026-01-18 15:26:15.258,9.984
2026-01-18 15:26:15.260,9.985
2026-01-18 15:26:15.274,9.981
2026-01-18 15:26:15.283,9.979
2026-01-18 15:26:15.308,9.979
2026-01-18 15:26:15.308,9.977
2026-01-18 15:26:15.324,9.975
2026-01-18 15:26:15.341,9.975
2026-01-18 15:26:15.358,9.975
2026-01-18 15:26:15.358,9.976
2026-01-18 15:26:15.375,9.972
2026-01-18 15:26:15.391,9.968
2026-01-18 15:26:15.391,9.971
2026-01-18 15:26:15.408,9.97
2026-01-18 15:26:15.426,9.969
2026-01-18 15:26:15.426,9.971
2026-01-18 15:26:15.442,9.969
2026-01-18 15:26:15.457,9.97
2026-01-18 15:26:15.499,9.968
2026-01-18 15:26:15.501,9.971
2026-01-18 15:26:15.501,9.97
2026-01-18 15:26:15.501,9.974
2026-01-18 15:26:15.526,9.976
2026-01-18 15:26:15.527,9.979
2026-01-18 15:26:15.541,9.978
2026-01-18 15:26:15.559,9.973
2026-01-18 15:26:15.559,9.971
2026-01-18 15:26:15.569,9.971
2026-01-18 15:26:15.589,9.969
2026-01-18 15:26:15.608,9.969
2026-01-18 15:26:15.610,9.972
2026-01-18 15:26:15.624,9.975
2026-01-18 15:26:15.641,9.976
2026-01-18 15:26:15.649,9.972
2026-01-18 15:26:15.657,9.974
2026-01-18 15:26:15.675,9.976
2026-01-18 15:26:15.691,9.978
2026-01-18 15:26:15.691,9.977
2026-01-18 15:26:15.708,9.976
2026-01-18 15:26:15.724,9.977
2026-01-18 15:26:15.741,9.974
2026-01-18 15:26:15.741,9.975
2026-01-18 15:26:15.758,9.977
2026-01-18 15:26:15.776,9.981
2026-01-18 15:26:15.776,9.984
2026-01-18 15:26:15.781,9.981
2026-01-18 15:26:15.809,9.976
2026-01-18 15:26:15.825,9.975
2026-01-18 15:26:15.825,9.974
2026-01-18 15:26:15.841,9.973
2026-01-18 15:26:15.860,9.983
2026-01-18 15:26:15.860,9.978
2026-01-18 15:26:15.875,9.977
2026-01-18 15:26:15.892,9.975
2026-01-18 15:26:15.909,9.973
2026-01-18 15:26:15.909,9.976
2026-01-18 15:26:15.925,9.973
2026-01-18 15:26:15.942,9.977
2026-01-18 15:26:15.944,9.977
2026-01-18 15:26:15.959,9.976
2026-01-18 15:26:15.975,9.978
2026-01-18 15:26:15.991,9.984
2026-01-18 15:26:15.991,9.982
2026-01-18 15:26:15.998,9.982
2026-01-18 15:26:16.025,9.981
2026-01-18 15:26:16.041,9.983
2026-01-18 15:26:16.041,9.982
2026-01-18 15:26:16.058,9.984
2026-01-18 15:26:16.060,9.983
2026-01-18 15:26:16.060,9.988
2026-01-18 15:26:16.082,9.982
2026-01-18 15:26:16.108,9.981
2026-01-18 15:26:16.126,9.979
2026-01-18 15:26:16.126,9.976
2026-01-18 15:26:16.140,9.975
2026-01-18 15:26:16.160,9.976
2026-01-18 15:26:16.160,9.977
2026-01-18 15:26:16.192,9.975
2026-01-18 15:26:16.192,9.975
2026-01-18 15:26:16.192,9.991
2026-01-18 15:26:16.204,9.993
2026-01-18 15:26:16.220,9.989
2026-01-18 15:26:16.235,9.987
2026-01-18 15:26:16.252,9.982
2026-01-18 15:26:16.252,9.983
2026-01-18 15:26:16.268,9.976
2026-01-18 15:26:16.292,9.971
2026-01-18 15:26:16.292,9.974
2026-01-18 15:26:16.299,9.978
2026-01-18 15:26:16.319,9.981
2026-01-18 15:26:16.341,9.979
2026-01-18 15:26:16.341,9.976
2026-01-18 15:26:16.357,9.981
2026-01-18 15:26:16.374,9.976
2026-01-18 15:26:16.391,9.972
2026-01-18 15:26:16.391,9.971
2026-01-18 15:26:16.408,9.972
2026-01-18 15:26:16.425,9.976
2026-01-18 15:26:16.427,9.977
2026-01-18 15:26:16.441,9.982
2026-01-18 15:26:16.457,9.989
2026-01-18 15:26:16.457,9.994
2026-01-18 15:26:16.475,9.992
2026-01-18 15:26:16.489,9.993
2026-01-18 15:26:16.505,9.989
2026-01-18 15:26:16.509,9.992
2026-01-18 15:26:16.525,9.986
2026-01-18 15:26:16.542,9.981
2026-01-18 15:26:16.558,9.984
2026-01-18 15:26:16.558,9.985
2026-01-18 15:26:16.568,9.983
2026-01-18 15:26:16.584,9.99
2026-01-18 15:26:16.584,9.988
2026-01-18 15:26:16.600,9.993
2026-01-18 15:26:16.626,9.992
2026-01-18 15:26:16.633,9.99
2026-01-18 15:26:16.648,9.993
2026-01-18 15:26:16.648,9.988
2026-01-18 15:26:16.669,9.982
2026-01-18 15:26:16.669,9.977
2026-01-18 15:26:16.680,9.978
2026-01-18 15:26:16.696,9.987
2026-01-18 15:26:16.712,9.986
2026-01-18 15:26:16.712,9.987
2026-01-18 15:26:16.728,9.988
2026-01-18 15:26:16.743,9.986
2026-01-18 15:26:16.775,9.991
2026-01-18 15:26:16.775,9.987
2026-01-18 15:26:16.793,9.994
2026-01-18 15:26:16.806,9.993
2026-01-18 15:26:16.806,9.991
2026-01-18 15:26:16.826,9.994
2026-01-18 15:26:16.867,9.99
2026-01-18 15:26:16.867,9.992
2026-01-18 15:26:16.869,9.987
2026-01-18 15:26:16.869,9.988
2026-01-18 15:26:16.892,9.988
2026-01-18 15:26:16.894,9.986
2026-01-18 15:26:16.918,9.985
2026-01-18 15:26:16.919,9.985
2026-01-18 15:26:16.926,9.984
2026-01-18 15:26:16.942,9.981
2026-01-18 15:26:16.957,9.984
2026-01-18 15:26:16.963,9.986
2026-01-18 15:26:16.976,9.984
2026-01-18 15:26:16.982,9.981
2026-01-18 15:26:17.008,9.983
2026-01-18 15:26:17.021,9.98
2026-01-18 15:26:17.021,9.981
2026-01-18 15:26:17.042,9.98
2026-01-18 15:26:17.058,9.983
2026-01-18 15:26:17.075,9.979
2026-01-18 15:26:17.075,9.978
2026-01-18 15:26:17.094,9.981
2026-01-18 15:26:17.095,9.98
2026-01-18 15:26:17.109,9.977
2026-01-18 15:26:17.125,9.976
2026-01-18 15:26:17.140,9.973
2026-01-18 15:26:17.159,9.972
2026-01-18 15:26:17.159,9.97
2026-01-18 15:26:17.172,9.988
2026-01-18 15:26:17.185,9.983
2026-01-18 15:26:17.185,9.977
2026-01-18 15:26:17.202,9.973
2026-01-18 15:26:17.217,9.973
2026-01-18 15:26:17.232,9.973
2026-01-18 15:26:17.232,9.972
2026-01-18 15:26:17.248,9.976
2026-01-18 15:26:17.271,9.978
2026-01-18 15:26:17.280,9.98
2026-01-18 15:26:17.280,9.981
2026-01-18 15:26:17.300,9.979
2026-01-18 15:26:17.317,9.979
2026-01-18 15:26:17.317,9.985
2026-01-18 15:26:17.331,9.981
2026-01-18 15:26:17.359,9.981
2026-01-18 15:26:17.359,9.978
2026-01-18 15:26:17.374,9.98
2026-01-18 15:26:17.393,9.972
2026-01-18 15:26:17.406,9.974
2026-01-18 15:26:17.406,9.975
2026-01-18 15:26:17.425,9.978
2026-01-18 15:26:17.441,9.972
2026-01-18 15:26:17.454,9.972
2026-01-18 15:26:17.459,9.971
2026-01-18 15:26:17.470,9.975
2026-01-18 15:26:17.489,9.978
2026-01-18 15:26:17.489,9.979
2026-01-18 15:26:17.508,9.974
2026-01-18 15:26:17.524,9.978
2026-01-18 15:26:17.543,9.978
2026-01-18 15:26:17.543,9.98
2026-01-18 15:26:17.561,9.978
2026-01-18 15:26:17.574,9.979
2026-01-18 15:26:17.574,9.981
2026-01-18 15:26:17.591,9.988
2026-01-18 15:26:17.608,9.985
2026-01-18 15:26:17.625,9.979
2026-01-18 15:26:17.625,9.979
2026-01-18 15:26:17.634,9.972
2026-01-18 15:26:17.664,9.971
2026-01-18 15:26:17.666,9.968
2026-01-18 15:26:17.676,9.973
2026-01-18 15:26:17.691,9.966
2026-01-18 15:26:17.709,9.968
2026-01-18 15:26:17.709,9.967
2026-01-18 15:26:17.726,9.974
2026-01-18 15:26:17.742,9.969
2026-01-18 15:26:17.742,9.971
2026-01-18 15:26:17.758,9.974
2026-01-18 15:26:17.774,9.975
2026-01-18 15:26:17.792,9.978
2026-01-18 15:26:17.793,9.978
2026-01-18 15:26:17.808,9.977
2026-01-18 15:26:17.818,9.976
2026-01-18 15:26:17.841,9.979
2026-01-18 15:26:17.841,9.972
2026-01-18 15:26:17.857,9.972
2026-01-18 15:26:17.867,9.972
2026-01-18 15:26:17.891,9.973
2026-01-18 15:26:17.891,9.974
2026-01-18 15:26:17.907,9.987
2026-01-18 15:26:17.914,9.985
2026-01-18 15:26:17.914,9.981
2026-01-18 15:26:17.941,9.979
2026-01-18 15:26:17.958,9.98
2026-01-18 15:26:17.975,9.98
2026-01-18 15:26:17.975,9.983
2026-01-18 15:26:17.981,9.978
2026-01-18 15:26:18.008,9.98
2026-01-18 15:26:18.010,9.976
2026-01-18 15:26:18.025,9.98
2026-01-18 15:26:18.041,9.981
2026-01-18 15:26:18.058,9.982
2026-01-18 15:26:18.059,9.978
2026-01-18 15:26:18.074,9.98
2026-01-18 15:26:18.090,9.982
2026-01-18 15:26:18.092,9.978
2026-01-18 15:26:18.107,9.976
2026-01-18 15:26:18.125,9.972
2026-01-18 15:26:18.138,9.968
2026-01-18 15:26:18.138,9.969
2026-01-18 15:26:18.152,9.97
2026-01-18 15:26:18.174,9.971
2026-01-18 15:26:18.184,9.973
2026-01-18 15:26:18.184,9.978
2026-01-18 15:26:18.225,9.98
2026-01-18 15:26:18.227,9.973
2026-01-18 15:26:18.227,9.975
2026-01-18 15:26:18.234,9.973
2026-01-18 15:26:18.258,9.971
2026-01-18 15:26:18.268,9.974
2026-01-18 15:26:18.268,9.974
2026-01-18 15:26:18.292,9.976
2026-01-18 15:26:18.308,9.974
2026-01-18 15:26:18.308,9.976
2026-01-18 15:26:18.324,9.974
2026-01-18 15:26:18.329,9.974
2026-01-18 15:26:18.357,9.975
2026-01-18 15:26:18.357,9.977
2026-01-18 15:26:18.375,9.976
2026-01-18 15:26:18.391,9.975
2026-01-18 15:26:18.391,9.976
2026-01-18 15:26:18.405,9.973
2026-01-18 15:26:18.421,9.973
2026-01-18 15:26:18.436,9.974
2026-01-18 15:26:18.436,9.972
2026-01-18 15:26:18.453,9.971
2026-01-18 15:26:18.469,9.98
2026-01-18 15:26:18.484,9.981
2026-01-18 15:26:18.484,9.984
2026-01-18 15:26:18.508,9.983
2026-01-18 15:26:18.516,9.98
2026-01-18 15:26:18.525,9.983
2026-01-18 15:26:18.532,9.982
2026-01-18 15:26:18.558,9.991
2026-01-18 15:26:18.574,9.99
2026-01-18 15:26:18.574,9.987
2026-01-18 15:26:18.592,9.989
2026-01-18 15:26:18.608,9.993
2026-01-18 15:26:18.608,9.991
2026-01-18 15:26:18.625,9.991
2026-01-18 15:26:18.641,9.99
2026-01-18 15:26:18.664,9.99
2026-01-18 15:26:18.666,9.985
2026-01-18 15:26:18.680,9.985
2026-01-18 15:26:18.682,9.988
2026-01-18 15:26:18.690,9.985
2026-01-18 15:26:18.706,9.986
2026-01-18 15:26:18.722,9.986
2026-01-18 15:26:18.741,9.981
2026-01-18 15:26:18.741,9.983
2026-01-18 15:26:18.754,9.977
2026-01-18 15:26:18.770,9.983
2026-01-18 15:26:18.792,9.988
2026-01-18 15:26:18.792,9.992
2026-01-18 15:26:18.802,9.996
2026-01-18 15:26:18.819,9.991
2026-01-18 15:26:18.825,9.993
2026-01-18 15:26:18.834,9.994
2026-01-18 15:26:18.858,9.987
2026-01-18 15:26:18.875,9.989
2026-01-18 15:26:18.875,9.987
2026-01-18 15:26:18.893,9.989
2026-01-18 15:26:18.907,9.984
2026-01-18 15:26:18.907,9.987
2026-01-18 15:26:18.924,9.991
2026-01-18 15:26:18.929,9.994
2026-01-18 15:26:18.945,9.997
2026-01-18 15:26:18.945,9.992
2026-01-18 15:26:18.975,9.997
2026-01-18 15:26:18.982,9.996
2026-01-18 15:26:18.982,9.997
2026-01-18 15:26:19.000,9.992
2026-01-18 15:26:19.024,9.996
2026-01-18 15:26:19.042,9.996
2026-01-18 15:26:19.042,9.997
2026-01-18 15:26:19.059,9.995
2026-01-18 15:26:19.082,9.994
2026-01-18 15:26:19.082,9.992
2026-01-18 15:26:19.092,9.993
2026-01-18 15:26:19.107,9.997
2026-01-18 15:26:19.119,9.994
2026-01-18 15:26:19.125,9.997
2026-01-18 15:26:19.141,9.993
2026-01-18 15:26:19.150,10.01
2026-01-18 15:26:19.174,10.002
2026-01-18 15:26:19.174,10.007
2026-01-18 15:26:19.191,10.003
2026-01-18 15:26:19.208,9.995
2026-01-18 15:26:19.208,9.998
2026-01-18 15:26:19.214,10.001
2026-01-18 15:26:19.230,9.996
2026-01-18 15:26:19.244,9.996
2026-01-18 15:26:19.244,9.995
2026-01-18 15:26:19.264,9.995
2026-01-18 15:26:19.278,9.997
2026-01-18 15:26:19.278,9.998
2026-01-18 15:26:19.308,9.998
2026-01-18 15:26:19.324,9.996
2026-01-18 15:26:19.341,9.996
2026-01-18 15:26:19.341,9.998
2026-01-18 15:26:19.359,9.998
2026-01-18 15:26:19.374,9.998
2026-01-18 15:26:19.391,9.998
2026-01-18 15:26:19.391,9.996
2026-01-18 15:26:19.407,9.995
2026-01-18 15:26:19.424,9.997
2026-01-18 15:26:19.424,9.996
2026-01-18 15:26:19.441,9.998
2026-01-18 15:26:19.451,9.995
2026-01-18 15:26:19.468,9.994
2026-01-18 15:26:19.475,9.991
2026-01-18 15:26:19.484,9.992
2026-01-18 15:26:19.508,9.989
2026-01-18 15:26:19.508,9.986
2026-01-18 15:26:19.528,9.981
2026-01-18 15:26:19.541,9.981
2026-01-18 15:26:19.558,9.986
2026-01-18 15:26:19.558,9.988
2026-01-18 15:26:19.590,9.987
2026-01-18 15:26:19.590,9.983
2026-01-18 15:26:19.590,9.986
2026-01-18 15:26:19.597,9.984
2026-01-18 15:26:19.611,9.987
2026-01-18 15:26:19.631,9.985
2026-01-18 15:26:19.631,9.988
2026-01-18 15:26:19.659,9.987
2026-01-18 15:26:19.659,9.983
2026-01-18 15:26:19.693,9.983
2026-01-18 15:26:19.693,9.986
2026-01-18 15:26:19.708,9.989
2026-01-18 15:26:19.724,9.99
2026-01-18 15:26:19.724,9.991
2026-01-18 15:26:19.739,9.989
2026-01-18 15:26:19.754,9.99
2026-01-18 15:26:19.770,9.991
2026-01-18 15:26:19.770,9.989
2026-01-18 15:26:19.789,9.986
2026-01-18 15:26:19.807,9.985
2026-01-18 15:26:19.807,9.988
2026-01-18 15:26:19.822,9.988
2026-01-18 15:26:19.841,9.989
2026-01-18 15:26:19.858,9.989
2026-01-18 15:26:19.858,9.988
2026-01-18 15:26:19.874,9.987
2026-01-18 15:26:19.892,9.984
2026-01-18 15:26:19.892,9.987
2026-01-18 15:26:19.908,9.984
2026-01-18 15:26:19.924,9.983
2026-01-18 15:26:19.942,9.985
2026-01-18 15:26:19.942,9.981
2026-01-18 15:26:19.958,9.982
2026-01-18 15:26:19.974,9.977
2026-01-18 15:26:19.974,9.979
2026-01-18 15:26:19.983,9.972
2026-01-18 15:26:20.008,9.979
2026-01-18 15:26:20.019,9.976
2026-01-18 15:26:20.019,9.979
2026-01-18 15:26:20.042,9.976
2026-01-18 15:26:20.058,9.975
2026-01-18 15:26:20.075,9.972
2026-01-18 15:26:20.075,9.974
2026-01-18 15:26:20.091,9.974
2026-01-18 15:26:20.108,9.972
2026-01-18 15:26:20.108,9.971
2026-01-18 15:26:20.124,9.973
2026-01-18 15:26:20.139,9.972
2026-01-18 15:26:20.159,9.97
2026-01-18 15:26:20.159,9.967
2026-01-18 15:26:20.174,9.972
2026-01-18 15:26:20.191,9.97
2026-01-18 15:26:20.191,9.973
2026-01-18 15:26:20.208,9.968
2026-01-18 15:26:20.224,9.97
2026-01-18 15:26:20.242,9.972
2026-01-18 15:26:20.242,9.968
2026-01-18 15:26:20.258,9.97
2026-01-18 15:26:20.266,9.972
2026-01-18 15:26:20.291,9.97
2026-01-18 15:26:20.291,9.986
2026-01-18 15:26:20.308,9.985
2026-01-18 15:26:20.324,9.983
2026-01-18 15:26:20.324,9.986
2026-01-18 15:26:20.336,9.984
2026-01-18 15:26:20.358,9.984
2026-01-18 15:26:20.374,9.982
2026-01-18 15:26:20.374,9.982
2026-01-18 15:26:20.392,9.982
2026-01-18 15:26:20.405,9.983
2026-01-18 15:26:20.405,9.984
2026-01-18 15:26:20.424,9.983
2026-01-18 15:26:20.442,9.981
2026-01-18 15:26:20.455,9.982
2026-01-18 15:26:20.455,9.979
2026-01-18 15:26:20.474,9.976
2026-01-18 15:26:20.484,9.975
2026-01-18 15:26:20.484,9.976
2026-01-18 15:26:20.501,9.977
2026-01-18 15:26:20.517,9.976
2026-01-18 15:26:20.541,9.99
2026-01-18 15:26:20.541,9.986
2026-01-18 15:26:20.557,9.984
2026-01-18 15:26:20.574,9.984
2026-01-18 15:26:20.591,9.983
2026-01-18 15:26:20.591,9.979
2026-01-18 15:26:20.600,9.978
2026-01-18 15:26:20.615,9.976
2026-01-18 15:26:20.615,9.979
2026-01-18 15:26:20.641,9.978
2026-01-18 15:26:20.660,9.974
2026-01-18 15:26:20.660,9.975
2026-01-18 15:26:20.674,9.977
2026-01-18 15:26:20.680,9.975
2026-01-18 15:26:20.708,9.972
2026-01-18 15:26:20.708,9.97
2026-01-18 15:26:20.723,9.97
2026-01-18 15:26:20.741,9.975
2026-01-18 15:26:20.757,9.975
2026-01-18 15:26:20.757,9.981
2026-01-18 15:26:20.775,9.981
2026-01-18 15:26:20.791,9.985
2026-01-18 15:26:20.792,9.985
2026-01-18 15:26:20.807,9.98
2026-01-18 15:26:20.824,9.978
2026-01-18 15:26:20.840,9.981
2026-01-18 15:26:20.840,9.984
2026-01-18 15:26:20.858,9.976
2026-01-18 15:26:20.872,9.979
2026-01-18 15:26:20.885,9.977
2026-01-18 15:26:20.885,9.982
2026-01-18 15:26:20.907,9.983
2026-01-18 15:26:20.924,9.982
2026-01-18 15:26:20.924,9.987
2026-01-18 15:26:20.965,9.988
2026-01-18 15:26:20.965,9.991
2026-01-18 15:26:20.977,9.994
2026-01-18 15:26:20.977,9.994
2026-01-18 15:26:20.985,9.995
2026-01-18 15:26:20.993,9.993
2026-01-18 15:26:20.993,9.997
2026-01-18 15:26:21.024,9.997
2026-01-18 15:26:21.041,9.994
2026-01-18 15:26:21.058,9.986
2026-01-18 15:26:21.059,9.987
2026-01-18 15:26:21.076,9.985
2026-01-18 15:26:21.091,9.986
2026-01-18 15:26:21.091,9.985
2026-01-18 15:26:21.108,9.982
2026-01-18 15:26:21.123,9.98
2026-01-18 15:26:21.138,9.977
2026-01-18 15:26:21.138,9.977
2026-01-18 15:26:21.158,9.975
2026-01-18 15:26:21.174,9.979
2026-01-18 15:26:21.185,9.975
2026-01-18 15:26:21.185,9.974
2026-01-18 15:26:21.205,9.972
2026-01-18 15:26:21.224,9.975
2026-01-18 15:26:21.224,9.974
2026-01-18 15:26:21.241,9.974
2026-01-18 15:26:21.258,9.973
2026-01-18 15:26:21.274,9.971
2026-01-18 15:26:21.274,9.972
2026-01-18 15:26:21.292,9.965
2026-01-18 15:26:21.308,9.971
2026-01-18 15:26:21.308,9.968
2026-01-18 15:26:21.324,9.974
2026-01-18 15:26:21.340,9.972
2026-01-18 15:26:21.357,9.979
2026-01-18 15:26:21.357,9.98
2026-01-18 15:26:21.373,9.984
2026-01-18 15:26:21.391,9.988
2026-01-18 15:26:21.391,9.983
2026-01-18 15:26:21.408,9.982
2026-01-18 15:26:21.424,9.987
2026-01-18 15:26:21.440,9.987
2026-01-18 15:26:21.440,9.982
2026-01-18 15:26:21.454,9.982
2026-01-18 15:26:21.470,9.984
2026-01-18 15:26:21.490,9.988
2026-01-18 15:26:21.490,10.0
2026-01-18 15:26:21.507,9.995
2026-01-18 15:26:21.518,10.004
2026-01-18 15:26:21.518,10.009
2026-01-18 15:26:21.540,10.005
2026-01-18 15:26:21.557,10.004
2026-01-18 15:26:21.565,10.006
2026-01-18 15:26:21.581,10.001
2026-01-18 15:26:21.597,10.008
2026-01-18 15:26:21.597,10.023
2026-01-18 15:26:21.617,10.016
2026-01-18 15:26:21.640,10.022
2026-01-18 15:26:21.661,10.023
2026-01-18 15:26:21.661,10.023
2026-01-18 15:26:21.661,10.022
2026-01-18 15:26:21.691,10.023
2026-01-18 15:26:21.691,10.018
2026-01-18 15:26:21.700,10.022
2026-01-18 15:26:21.725,10.014
2026-01-18 15:26:21.726,10.019
2026-01-18 15:26:21.742,10.016
2026-01-18 15:26:21.758,10.013
2026-01-18 15:26:21.774,10.01
2026-01-18 15:26:21.788,10.009
2026-01-18 15:26:21.788,10.003
2026-01-18 15:26:21.807,10.003
2026-01-18 15:26:21.823,9.997
2026-01-18 15:26:21.823,9.995
2026-01-18 15:26:21.840,9.996
2026-01-18 15:26:21.858,10.004
2026-01-18 15:26:21.874,10.01
2026-01-18 15:26:21.874,10.008
2026-01-18 15:26:21.891,10.014
2026-01-18 15:26:21.907,10.011
2026-01-18 15:26:21.907,10.01
2026-01-18 15:26:21.923,10.002
2026-01-18 15:26:21.941,9.999
2026-01-18 15:26:21.958,9.989
2026-01-18 15:26:21.958,9.985
2026-01-18 15:26:21.974,9.985
2026-01-18 15:26:21.990,9.985
2026-01-18 15:26:21.990,9.991
2026-01-18 15:26:22.008,9.995
2026-01-18 15:26:22.024,9.996
2026-01-18 15:26:22.043,10.006
2026-01-18 15:26:22.043,10.01
2026-01-18 15:26:22.057,10.009
2026-01-18 15:26:22.074,10.012
2026-01-18 15:26:22.090,10.008
2026-01-18 15:26:22.091,10.009
2026-01-18 15:26:22.107,10.007
2026-01-18 15:26:22.124,10.004
2026-01-18 15:26:22.124,10.002
2026-01-18 15:26:22.141,10.003
2026-01-18 15:26:22.157,10.014
2026-01-18 15:26:22.174,10.006
2026-01-18 15:26:22.174,9.999
2026-01-18 15:26:22.190,9.99
2026-01-18 15:26:22.208,9.99
2026-01-18 15:26:22.208,9.996
2026-01-18 15:26:22.217,9.995
2026-01-18 15:26:22.241,10.003
2026-01-18 15:26:22.257,10.005
2026-01-18 15:26:22.257,9.999
2026-01-18 15:26:22.273,9.996
2026-01-18 15:26:22.290,9.99
2026-01-18 15:26:22.290,9.987
2026-01-18 15:26:22.319,9.98
2026-01-18 15:26:22.319,9.98
2026-01-18 15:26:22.335,9.98
2026-01-18 15:26:22.359,9.983
2026-01-18 15:26:22.359,9.986
2026-01-18 15:26:22.374,9.987
2026-01-18 15:26:22.390,9.99
2026-01-18 15:26:22.390,9.993
2026-01-18 15:26:22.403,9.985
2026-01-18 15:26:22.422,9.982
2026-01-18 15:26:22.422,9.983
2026-01-18 15:26:22.440,9.986
2026-01-18 15:26:22.451,9.986
2026-01-18 15:26:22.467,9.982
2026-01-18 15:26:22.467,9.985
2026-01-18 15:26:22.491,9.991
2026-01-18 15:26:22.507,9.99
2026-01-18 15:26:22.507,9.994
2026-01-18 15:26:22.515,9.995
2026-01-18 15:26:22.536,9.992
2026-01-18 15:26:22.549,9.992
2026-01-18 15:26:22.549,9.985
2026-01-18 15:26:22.573,9.996
2026-01-18 15:26:22.579,9.988
2026-01-18 15:26:22.579,9.986
2026-01-18 15:26:22.607,9.981
2026-01-18 15:26:22.617,9.983
2026-01-18 15:26:22.648,9.98
2026-01-18 15:26:22.650,9.979
2026-01-18 15:26:22.659,9.975
2026-01-18 15:26:22.674,9.974
2026-01-18 15:26:22.688,9.97
2026-01-18 15:26:22.688,9.966
2026-01-18 15:26:22.708,9.959
2026-01-18 15:26:22.724,9.959
2026-01-18 15:26:22.724,9.955
2026-01-18 15:26:22.741,9.96
2026-01-18 15:26:22.751,9.954
2026-01-18 15:26:22.773,9.957
2026-01-18 15:26:22.773,9.958
2026-01-18 15:26:22.788,9.964
2026-01-18 15:26:22.807,9.962
2026-01-18 15:26:22.807,9.98
2026-01-18 15:26:22.824,9.981
2026-01-18 15:26:22.837,9.983
2026-01-18 15:26:22.847,9.988
2026-01-18 15:26:22.847,9.985
2026-01-18 15:26:22.874,9.988
2026-01-18 15:26:22.890,9.985
2026-01-18 15:26:22.890,9.99
2026-01-18 15:26:22.893,9.987
2026-01-18 15:26:22.924,9.989
2026-01-18 15:26:22.941,9.985
2026-01-18 15:26:22.941,9.984
2026-01-18 15:26:22.958,9.979
2026-01-18 15:26:22.973,9.98
2026-01-18 15:26:22.990,9.979
2026-01-18 15:26:22.990,9.978
2026-01-18 15:26:23.004,9.978
2026-01-18 15:26:23.023,9.979
2026-01-18 15:26:23.023,9.982
2026-01-18 15:26:23.042,9.975
2026-01-18 15:26:23.057,9.983
2026-01-18 15:26:23.074,9.977
2026-01-18 15:26:23.074,9.97
2026-01-18 15:26:23.091,9.964
2026-01-18 15:26:23.099,9.961
2026-01-18 15:26:23.108,9.965
2026-01-18 15:26:23.123,9.966
2026-01-18 15:26:23.150,9.971
2026-01-18 15:26:23.150,9.976
2026-01-18 15:26:23.174,9.97
2026-01-18 15:26:23.190,9.969
2026-01-18 15:26:23.198,9.966
2026-01-18 15:26:23.198,9.968
2026-01-18 15:26:23.213,9.965
2026-01-18 15:26:23.240,9.962
2026-01-18 15:26:23.240,9.962
2026-01-18 15:26:23.256,9.962
2026-01-18 15:26:23.275,9.961
2026-01-18 15:26:23.291,9.958
2026-01-18 15:26:23.291,9.954
2026-01-18 15:26:23.308,9.963
2026-01-18 15:26:23.330,9.963
2026-01-18 15:26:23.330,9.968
2026-01-18 15:26:23.339,9.965
2026-01-18 15:26:23.354,9.964
2026-01-18 15:26:23.374,9.969
2026-01-18 15:26:23.374,9.972
2026-01-18 15:26:23.391,9.97
2026-01-18 15:26:23.407,9.967
2026-01-18 15:26:23.407,9.962
2026-01-18 15:26:23.424,9.962
2026-01-18 15:26:23.437,9.969
2026-01-18 15:26:23.449,9.968
2026-01-18 15:26:23.449,9.974
2026-01-18 15:26:23.474,9.97
2026-01-18 15:26:23.490,9.972
2026-01-18 15:26:23.490,9.971
2026-01-18 15:26:23.510,9.969
2026-01-18 15:26:23.562,9.962
2026-01-18 15:26:23.562,9.962
2026-01-18 15:26:23.562,9.964
2026-01-18 15:26:23.562,9.964
2026-01-18 15:26:23.562,9.966
2026-01-18 15:26:23.591,9.966
2026-01-18 15:26:23.591,9.973
2026-01-18 15:26:23.608,9.972
2026-01-18 15:26:23.621,9.973
2026-01-18 15:26:23.621,9.965
2026-01-18 15:26:23.649,9.966
2026-01-18 15:26:23.649,9.959
2026-01-18 15:26:23.678,9.962
2026-01-18 15:26:23.678,9.97
2026-01-18 15:26:23.685,9.967
2026-01-18 15:26:23.700,9.968
2026-01-18 15:26:23.716,9.963
2026-01-18 15:26:23.716,9.958
2026-01-18 15:26:23.740,9.963
2026-01-18 15:26:23.755,9.964
2026-01-18 15:26:23.759,9.968
2026-01-18 15:26:23.769,9.962
2026-01-18 15:26:23.789,9.962
2026-01-18 15:26:23.806,9.962
2026-01-18 15:26:23.806,9.966
2026-01-18 15:26:23.823,9.972
2026-01-18 15:26:23.838,9.966
2026-01-18 15:26:23.840,9.964
2026-01-18 15:26:23.856,9.961
2026-01-18 15:26:23.874,9.962
2026-01-18 15:26:23.891,9.965
2026-01-18 15:26:23.891,9.96
2026-01-18 15:26:23.906,9.96
2026-01-18 15:26:23.923,9.961
2026-01-18 15:26:23.923,9.959
2026-01-18 15:26:23.938,9.957
2026-01-18 15:26:23.955,9.953
2026-01-18 15:26:23.970,9.951
2026-01-18 15:26:23.970,9.956
2026-01-18 15:26:23.988,9.954
2026-01-18 15:26:24.007,9.957
2026-01-18 15:26:24.007,9.961
2026-01-18 15:26:24.022,9.96
2026-01-18 15:26:24.039,9.963
2026-01-18 15:26:24.050,9.969
2026-01-18 15:26:24.058,9.968
2026-01-18 15:26:24.073,9.969
2026-01-18 15:26:24.090,9.969
2026-01-18 15:26:24.106,9.963
2026-01-18 15:26:24.106,9.963
2026-01-18 15:26:24.124,9.956
2026-01-18 15:26:24.139,9.974
2026-01-18 15:26:24.139,9.969
2026-01-18 15:26:24.156,9.964
2026-01-18 15:26:24.173,9.962
2026-01-18 15:26:24.177,9.965
2026-01-18 15:26:24.177,9.96
2026-01-18 15:26:24.192,9.959
2026-01-18 15:26:24.223,9.959
2026-01-18 15:26:24.223,9.956
2026-01-18 15:26:24.239,9.954
2026-01-18 15:26:24.255,9.969
2026-01-18 15:26:24.271,9.965
2026-01-18 15:26:24.271,9.966
2026-01-18 15:26:24.289,9.974
2026-01-18 15:26:24.306,9.969
2026-01-18 15:26:24.306,9.969
2026-01-18 15:26:24.319,9.968
2026-01-18 15:26:24.339,9.967
2026-01-18 15:26:24.350,9.967
2026-01-18 15:26:24.350,9.962
2026-01-18 15:26:24.367,9.962
2026-01-18 15:26:24.382,9.966
2026-01-18 15:26:24.382,9.961
2026-01-18 15:26:24.398,9.961
2026-01-18 15:26:24.423,9.96
2026-01-18 15:26:24.439,9.96
2026-01-18 15:26:24.439,9.963
2026-01-18 15:26:24.457,9.96
2026-01-18 15:26:24.474,9.96
2026-01-18 15:26:24.490,9.958
2026-01-18 15:26:24.490,9.958
2026-01-18 15:26:24.508,9.963
2026-01-18 15:26:24.523,9.96
2026-01-18 15:26:24.525,9.961
2026-01-18 15:26:24.540,9.955
2026-01-18 15:26:24.557,9.976
2026-01-18 15:26:24.574,9.979
2026-01-18 15:26:24.574,9.976
2026-01-18 15:26:24.588,9.979
2026-01-18 15:26:24.607,9.975
2026-01-18 15:26:24.607,9.974
2026-01-18 15:26:24.624,9.973
2026-01-18 15:26:24.640,9.97
2026-01-18 15:26:24.640,9.977
2026-01-18 15:26:24.656,9.983
2026-01-18 15:26:24.671,9.977
2026-01-18 15:26:24.687,9.974
2026-01-18 15:26:24.687,9.973
2026-01-18 15:26:24.707,9.971
2026-01-18 15:26:24.721,9.971
2026-01-18 15:26:24.740,9.965
2026-01-18 15:26:24.740,9.97
2026-01-18 15:26:24.757,9.974
2026-01-18 15:26:24.774,9.971
2026-01-18 15:26:24.790,9.971
2026-01-18 15:26:24.790,9.973
2026-01-18 15:26:24.807,9.969
2026-01-18 15:26:24.823,9.969
2026-01-18 15:26:24.823,9.972
2026-01-18 15:26:24.840,9.966
2026-01-18 15:26:24.857,9.969
2026-01-18 15:26:24.874,9.963
2026-01-18 15:26:24.874,9.964
2026-01-18 15:26:24.890,9.972
2026-01-18 15:26:24.892,9.966
2026-01-18 15:26:24.908,9.969
2026-01-18 15:26:24.924,9.965
2026-01-18 15:26:24.940,9.96
2026-01-18 15:26:24.958,9.959
2026-01-18 15:26:24.958,9.967
2026-01-18 15:26:24.972,9.965
2026-01-18 15:26:24.991,9.962
2026-01-18 15:26:24.991,9.966
2026-01-18 15:26:25.007,9.969
2026-01-18 15:26:25.046,9.97
2026-01-18 15:26:25.046,9.974
2026-01-18 15:26:25.046,9.971
2026-01-18 15:26:25.056,9.969
2026-01-18 15:26:25.073,9.978
2026-01-18 15:26:25.090,9.973
2026-01-18 15:26:25.090,9.976
2026-01-18 15:26:25.099,9.982
2026-01-18 15:26:25.123,9.977
2026-01-18 15:26:25.123,9.983
2026-01-18 15:26:25.140,9.987
2026-01-18 15:26:25.157,9.98
2026-01-18 15:26:25.173,9.98
2026-01-18 15:26:25.173,9.979
2026-01-18 15:26:25.190,9.98
2026-01-18 15:26:25.207,9.98
2026-01-18 15:26:25.207,9.98
2026-01-18 15:26:25.216,9.982
2026-01-18 15:26:25.240,9.984
2026-01-18 15:26:25.257,9.98
2026-01-18 15:26:25.257,9.975
2026-01-18 15:26:25.272,9.97
2026-01-18 15:26:25.290,9.965
2026-01-18 15:26:25.290,9.961
2026-01-18 15:26:25.306,9.958
2026-01-18 15:26:25.323,9.96
2026-01-18 15:26:25.341,9.964
2026-01-18 15:26:25.341,9.958
2026-01-18 15:26:25.357,9.96
2026-01-18 15:26:25.372,9.967
2026-01-18 15:26:25.390,9.976
2026-01-18 15:26:25.390,9.979
2026-01-18 15:26:25.411,9.975
2026-01-18 15:26:25.411,9.969
2026-01-18 15:26:25.441,9.97
2026-01-18 15:26:25.442,9.966
2026-01-18 15:26:25.457,9.961
2026-01-18 15:26:25.473,9.962
2026-01-18 15:26:25.473,9.96
2026-01-18 15:26:25.488,9.962
2026-01-18 15:26:25.506,9.97
2026-01-18 15:26:25.506,9.968
2026-01-18 15:26:25.523,9.966
2026-01-18 15:26:25.541,9.972
2026-01-18 15:26:25.558,9.963
2026-01-18 15:26:25.558,9.961
2026-01-18 15:26:25.573,9.958
2026-01-18 15:26:25.590,9.954
2026-01-18 15:26:25.592,9.955
2026-01-18 15:26:25.606,9.953
2026-01-18 15:26:25.624,9.951
2026-01-18 15:26:25.641,9.957
2026-01-18 15:26:25.641,9.953
2026-01-18 15:26:25.656,9.955
2026-01-18 15:26:25.673,9.956
2026-01-18 15:26:25.685,9.954
2026-01-18 15:26:25.685,9.956
2026-01-18 15:26:25.707,9.952
2026-01-18 15:26:25.724,9.949
2026-01-18 15:26:25.724,9.951
2026-01-18 15:26:25.739,9.95
2026-01-18 15:26:25.757,9.969
2026-01-18 15:26:25.774,9.976
2026-01-18 15:26:25.776,9.968
2026-01-18 15:26:25.791,9.967
2026-01-18 15:26:25.806,9.966
2026-01-18 15:26:25.808,9.963
2026-01-18 15:26:25.823,9.961
2026-01-18 15:26:25.839,9.955
2026-01-18 15:26:25.856,9.96
2026-01-18 15:26:25.856,9.961
2026-01-18 15:26:25.872,9.96
2026-01-18 15:26:25.889,9.959
2026-01-18 15:26:25.907,9.957
2026-01-18 15:26:25.923,9.967
2026-01-18 15:26:25.940,9.961
2026-01-18 15:26:25.940,9.959
2026-01-18 15:26:25.957,9.966
2026-01-18 15:26:25.971,9.96
2026-01-18 15:26:25.986,9.957
2026-01-18 15:26:25.986,9.957
2026-01-18 15:26:26.007,9.958
2026-01-18 15:26:26.023,9.954
2026-01-18 15:26:26.023,9.955
2026-01-18 15:26:26.039,9.959
2026-01-18 15:26:26.057,9.957
2026-01-18 15:26:26.067,9.953
2026-01-18 15:26:26.067,9.957
2026-01-18 15:26:26.091,9.955
2026-01-18 15:26:26.107,9.954
2026-01-18 15:26:26.107,9.953
2026-01-18 15:26:26.123,9.957
2026-01-18 15:26:26.140,9.957
2026-01-18 15:26:26.157,9.957
2026-01-18 15:26:26.158,9.956
2026-01-18 15:26:26.174,9.955
2026-01-18 15:26:26.192,9.96
2026-01-18 15:26:26.193,9.958
2026-01-18 15:26:26.211,9.959
2026-01-18 15:26:26.223,9.96
2026-01-18 15:26:26.240,9.965
2026-01-18 15:26:26.241,9.961
2026-01-18 15:26:26.255,9.96
2026-01-18 15:26:26.271,9.96
2026-01-18 15:26:26.289,9.965
2026-01-18 15:26:26.289,9.965
2026-01-18 15:26:26.307,9.965
2026-01-18 15:26:26.324,9.969
2026-01-18 15:26:26.324,9.975
2026-01-18 15:26:26.341,9.971
2026-01-18 15:26:26.356,9.974
2026-01-18 15:26:26.374,9.974
2026-01-18 15:26:26.374,9.969
2026-01-18 15:26:26.406,9.969
2026-01-18 15:26:26.408,9.968
2026-01-18 15:26:26.408,9.971
2026-01-18 15:26:26.423,9.963
2026-01-18 15:26:26.439,9.965
2026-01-18 15:26:26.493,9.967
2026-01-18 15:26:26.493,9.962
2026-01-18 15:26:26.495,9.962
2026-01-18 15:26:26.495,9.967
2026-01-18 15:26:26.495,9.964
2026-01-18 15:26:26.508,9.961
2026-01-18 15:26:26.525,9.964
2026-01-18 15:26:26.540,9.965
2026-01-18 15:26:26.540,9.966
2026-01-18 15:26:26.557,9.968
2026-01-18 15:26:26.572,9.974
2026-01-18 15:26:26.590,9.969
2026-01-18 15:26:26.590,9.966
2026-01-18 15:26:26.602,9.966
2026-01-18 15:26:26.624,9.959
2026-01-18 15:26:26.624,9.958
2026-01-18 15:26:26.644,9.964
2026-01-18 15:26:26.644,9.965
2026-01-18 15:26:26.673,9.964
2026-01-18 15:26:26.675,9.97
2026-01-18 15:26:26.689,9.972
2026-01-18 15:26:26.706,9.964
2026-01-18 15:26:26.706,9.967
2026-01-18 15:26:26.713,9.968
2026-01-18 15:26:26.729,9.962
2026-01-18 15:26:26.756,9.965
2026-01-18 15:26:26.756,9.971
2026-01-18 15:26:26.773,9.974
2026-01-18 15:26:26.784,9.966
2026-01-18 15:26:26.806,9.964
2026-01-18 15:26:26.806,9.965
2026-01-18 15:26:26.808,9.966
2026-01-18 15:26:26.842,9.978
2026-01-18 15:26:26.842,9.979
2026-01-18 15:26:26.855,9.977
2026-01-18 15:26:26.873,9.972
2026-01-18 15:26:26.890,9.965
2026-01-18 15:26:26.890,9.967
2026-01-18 15:26:26.907,9.963
2026-01-18 15:26:26.923,9.959
2026-01-18 15:26:26.924,9.957
2026-01-18 15:26:26.940,9.957
2026-01-18 15:26:26.957,9.963
2026-01-18 15:26:26.960,9.96
2026-01-18 15:26:26.991,9.961
2026-01-18 15:26:26.991,9.968
2026-01-18 15:26:26.999,9.961
2026-01-18 15:26:27.023,9.957
2026-01-18 15:26:27.023,9.958
2026-01-18 15:26:27.030,9.965
2026-01-18 15:26:27.056,9.96
2026-01-18 15:26:27.056,9.959
2026-01-18 15:26:27.073,9.962
2026-01-18 15:26:27.077,9.967
2026-01-18 15:26:27.097,9.963
2026-01-18 15:26:27.097,9.96
2026-01-18 15:26:27.123,9.964
2026-01-18 15:26:27.142,9.966
2026-01-18 15:26:27.142,9.962
2026-01-18 15:26:27.158,9.96
2026-01-18 15:26:27.175,9.961
2026-01-18 15:26:27.176,9.971
2026-01-18 15:26:27.190,9.968
2026-01-18 15:26:27.209,9.964
2026-01-18 15:26:27.234,9.964
2026-01-18 15:26:27.234,9.968
2026-01-18 15:26:27.236,9.965
2026-01-18 15:26:27.256,9.977
2026-01-18 15:26:27.274,9.977
2026-01-18 15:26:27.274,9.98
2026-01-18 15:26:27.289,9.971
2026-01-18 15:26:27.306,9.963
2026-01-18 15:26:27.306,9.968
2026-01-18 15:26:27.312,9.975
2026-01-18 15:26:27.337,9.975
2026-01-18 15:26:27.355,9.973
2026-01-18 15:26:27.355,9.973
2026-01-18 15:26:27.359,9.973
2026-01-18 15:26:27.379,9.974
2026-01-18 15:26:27.406,9.97
2026-01-18 15:26:27.406,9.978
2026-01-18 15:26:27.422,9.982
2026-01-18 15:26:27.438,9.972
2026-01-18 15:26:27.438,9.969
2026-01-18 15:26:27.457,9.969
2026-01-18 15:26:27.470,9.972
2026-01-18 15:26:27.486,9.964
2026-01-18 15:26:27.486,9.963
2026-01-18 15:26:27.506,9.965
2026-01-18 15:26:27.526,9.96
2026-01-18 15:26:27.526,9.955
2026-01-18 15:26:27.546,9.956
2026-01-18 15:26:27.546,9.958
2026-01-18 15:26:27.561,9.952
2026-01-18 15:26:27.573,9.948
2026-01-18 15:26:27.590,9.953
2026-01-18 15:26:27.598,9.959
2026-01-18 15:26:27.607,9.954
2026-01-18 15:26:27.611,9.948
2026-01-18 15:26:27.628,9.954
2026-01-18 15:26:27.659,9.954
2026-01-18 15:26:27.659,9.949
2026-01-18 15:26:27.659,9.948
2026-01-18 15:26:27.689,9.955
2026-01-18 15:26:27.695,9.953
2026-01-18 15:26:27.724,9.95
2026-01-18 15:26:27.763,9.953
2026-01-18 15:26:27.765,9.963
2026-01-18 15:26:27.765,9.961
2026-01-18 15:26:27.765,9.957
2026-01-18 15:26:27.773,9.957
2026-01-18 15:26:27.786,9.961
2026-01-18 15:26:27.802,9.965
2026-01-18 15:26:27.821,9.96
2026-01-18 15:26:27.821,9.959
2026-01-18 15:26:27.836,9.963
2026-01-18 15:26:27.851,9.964
2026-01-18 15:26:27.870,9.961
2026-01-18 15:26:27.870,9.959
2026-01-18 15:26:27.883,9.959
2026-01-18 15:26:27.899,9.962
2026-01-18 15:26:27.899,9.967
2026-01-18 15:26:27.914,9.96
2026-01-18 15:26:27.934,9.958
2026-01-18 15:26:27.956,9.962
2026-01-18 15:26:27.958,9.962
2026-01-18 15:26:27.974,9.978
2026-01-18 15:26:27.990,9.975
2026-01-18 15:26:28.006,9.978
2026-01-18 15:26:28.006,9.973
2026-01-18 15:26:28.023,9.968
2026-01-18 15:26:28.040,9.98
2026-01-18 15:26:28.040,9.981
2026-01-18 15:26:28.056,9.976
2026-01-18 15:26:28.075,9.974
2026-01-18 15:26:28.075,9.973
2026-01-18 15:26:28.090,9.976
2026-01-18 15:26:28.105,9.971
2026-01-18 15:26:28.122,9.974
2026-01-18 15:26:28.124,9.975
2026-01-18 15:26:28.137,9.977
2026-01-18 15:26:28.151,9.97
2026-01-18 15:26:28.167,9.972
2026-01-18 15:26:28.167,9.977
2026-01-18 15:26:28.184,9.972
2026-01-18 15:26:28.206,9.971
2026-01-18 15:26:28.223,9.972
2026-01-18 15:26:28.223,9.975
2026-01-18 15:26:28.238,9.973
2026-01-18 15:26:28.255,9.97
2026-01-18 15:26:28.255,9.967
2026-01-18 15:26:28.273,9.963
2026-01-18 15:26:28.289,9.966
2026-01-18 15:26:28.306,9.965
2026-01-18 15:26:28.306,9.967
2026-01-18 15:26:28.321,9.965
2026-01-18 15:26:28.345,9.961
2026-01-18 15:26:28.345,9.964
2026-01-18 15:26:28.355,9.966
2026-01-18 15:26:28.378,9.962
2026-01-18 15:26:28.378,9.959
2026-01-18 15:26:28.390,9.973
2026-01-18 15:26:28.407,9.977
2026-01-18 15:26:28.423,9.971
2026-01-18 15:26:28.423,9.965
2026-01-18 15:26:28.437,9.969
2026-01-18 15:26:28.453,9.97
2026-01-18 15:26:28.468,9.964
2026-01-18 15:26:28.468,9.962
2026-01-18 15:26:28.488,9.965
2026-01-18 15:26:28.506,9.97
2026-01-18 15:26:28.522,9.966
2026-01-18 15:26:28.522,9.965
2026-01-18 15:26:28.539,9.964
2026-01-18 15:26:28.549,9.971
2026-01-18 15:26:28.549,9.965
2026-01-18 15:26:28.572,9.965
2026-01-18 15:26:28.589,9.972
2026-01-18 15:26:28.605,9.968
2026-01-18 15:26:28.605,9.967
2026-01-18 15:26:28.613,9.97
2026-01-18 15:26:28.639,9.97
2026-01-18 15:26:28.639,9.963
2026-01-18 15:26:28.658,9.964
2026-01-18 15:26:28.658,9.961
2026-01-18 15:26:28.674,9.969
2026-01-18 15:26:28.690,9.964
2026-01-18 15:26:28.690,9.963
2026-01-18 15:26:28.722,9.96
2026-01-18 15:26:28.722,9.964
2026-01-18 15:26:28.738,9.96
2026-01-18 15:26:28.756,9.963
2026-01-18 15:26:28.770,9.963
2026-01-18 15:26:28.770,9.961
2026-01-18 15:26:28.786,9.957
2026-01-18 15:26:28.802,9.96
2026-01-18 15:26:28.802,9.963
2026-01-18 15:26:28.818,9.964
2026-01-18 15:26:28.835,9.959
2026-01-18 15:26:28.856,9.962
2026-01-18 15:26:28.856,9.965
2026-01-18 15:26:28.867,9.96
2026-01-18 15:26:28.887,9.955
2026-01-18 15:26:28.906,9.951
2026-01-18 15:26:28.906,9.954
2026-01-18 15:26:28.923,9.956
2026-01-18 15:26:28.939,9.953
2026-01-18 15:26:28.939,9.962
2026-01-18 15:26:28.956,9.963
2026-01-18 15:26:28.969,9.963
2026-01-18 15:26:28.990,9.956
2026-01-18 15:26:28.990,9.956
2026-01-18 15:26:28.998,9.959
2026-01-18 15:26:29.012,9.958
2026-01-18 15:26:29.012,9.959
2026-01-18 15:26:29.039,9.959
2026-01-18 15:26:29.053,9.961
2026-01-18 15:26:29.073,9.964
2026-01-18 15:26:29.073,9.963
2026-01-18 15:26:29.091,9.96
2026-01-18 15:26:29.133,9.96
2026-01-18 15:26:29.133,9.965
2026-01-18 15:26:29.133,9.961
2026-01-18 15:26:29.133,9.956
2026-01-18 15:26:29.147,9.959
2026-01-18 15:26:29.156,9.957
2026-01-18 15:26:29.169,9.96
2026-01-18 15:26:29.189,9.954
2026-01-18 15:26:29.206,9.953
2026-01-18 15:26:29.206,9.958
2026-01-18 15:26:29.222,9.959
2026-01-18 15:26:29.240,9.966
2026-01-18 15:26:29.240,9.962
2026-01-18 15:26:29.256,9.96
2026-01-18 15:26:29.272,9.971
2026-01-18 15:26:29.290,9.976
2026-01-18 15:26:29.290,9.982
2026-01-18 15:26:29.306,9.974
2026-01-18 15:26:29.323,9.967
2026-01-18 15:26:29.323,9.966
2026-01-18 15:26:29.335,9.967
2026-01-18 15:26:29.356,9.972
2026-01-18 15:26:29.364,9.969
2026-01-18 15:26:29.364,9.964
2026-01-18 15:26:29.390,9.968
2026-01-18 15:26:29.407,9.968
2026-01-18 15:26:29.407,9.97
2026-01-18 15:26:29.422,9.968
2026-01-18 15:26:29.437,9.968
2026-01-18 15:26:29.456,9.971
2026-01-18 15:26:29.456,9.968
2026-01-18 15:26:29.471,9.961
2026-01-18 15:26:29.485,9.956
2026-01-18 15:26:29.501,9.958
2026-01-18 15:26:29.507,9.957
2026-01-18 15:26:29.527,9.96
2026-01-18 15:26:29.528,9.972
2026-01-18 15:26:29.539,9.965
2026-01-18 15:26:29.557,9.964
2026-01-18 15:26:29.575,9.969
2026-01-18 15:26:29.575,9.969
2026-01-18 15:26:29.590,9.96
2026-01-18 15:26:29.596,9.958
2026-01-18 15:26:29.622,9.958
2026-01-18 15:26:29.622,9.962
2026-01-18 15:26:29.639,9.955
2026-01-18 15:26:29.663,9.954
2026-01-18 15:26:29.663,9.956
2026-01-18 15:26:29.672,9.965
2026-01-18 15:26:29.689,9.965
2026-01-18 15:26:29.705,9.962
2026-01-18 15:26:29.707,9.961
2026-01-18 15:26:29.709,9.963
2026-01-18 15:26:29.740,9.967
2026-01-18 15:26:29.755,9.961
2026-01-18 15:26:29.755,9.957
2026-01-18 15:26:29.773,9.958
2026-01-18 15:26:29.790,9.96
2026-01-18 15:26:29.807,9.964
2026-01-18 15:26:29.808,9.957
2026-01-18 15:26:29.822,9.956
2026-01-18 15:26:29.840,9.957
2026-01-18 15:26:29.840,9.961
2026-01-18 15:26:29.855,9.967
2026-01-18 15:26:29.872,9.962
2026-01-18 15:26:29.890,9.958
2026-01-18 15:26:29.890,9.957
2026-01-18 15:26:29.905,9.96
2026-01-18 15:26:29.922,9.964
2026-01-18 15:26:29.922,9.965
2026-01-18 15:26:29.931,9.961
2026-01-18 15:26:29.955,9.959
2026-01-18 15:26:29.966,9.959
2026-01-18 15:26:29.966,9.965
2026-01-18 15:26:29.990,9.962
2026-01-18 15:26:30.005,9.96
2026-01-18 15:26:30.023,9.958
2026-01-18 15:26:30.023,9.957
2026-01-18 15:26:30.039,9.962
2026-01-18 15:26:30.057,9.968
2026-01-18 15:26:30.057,9.965
2026-01-18 15:26:30.073,9.961
2026-01-18 15:26:30.088,9.958
2026-01-18 15:26:30.107,9.96
2026-01-18 15:26:30.107,9.958
2026-01-18 15:26:30.122,9.958
2026-01-18 15:26:30.140,9.954
2026-01-18 15:26:30.140,9.954
2026-01-18 15:26:30.157,9.954
2026-01-18 15:26:30.174,9.961
2026-01-18 15:26:30.190,9.954
2026-01-18 15:26:30.191,9.956
2026-01-18 15:26:30.206,9.959
2026-01-18 15:26:30.224,9.961
2026-01-18 15:26:30.224,9.953
2026-01-18 15:26:30.238,9.951
2026-01-18 15:26:30.256,9.965
2026-01-18 15:26:30.273,9.966
2026-01-18 15:26:30.273,9.97
2026-01-18 15:26:30.288,9.964
2026-01-18 15:26:30.306,9.963
2026-01-18 15:26:30.323,9.964
2026-01-18 15:26:30.323,9.964
2026-01-18 15:26:30.339,9.968
2026-01-18 15:26:30.355,9.965
2026-01-18 15:26:30.355,9.962
2026-01-18 15:26:30.363,9.964
2026-01-18 15:26:30.389,9.965
2026-01-18 15:26:30.406,9.959
2026-01-18 15:26:30.406,9.964
2026-01-18 15:26:30.421,9.969
2026-01-18 15:26:30.437,9.967
2026-01-18 15:26:30.437,9.964
2026-01-18 15:26:30.494,9.961
2026-01-18 15:26:30.494,9.961
2026-01-18 15:26:30.494,9.974
2026-01-18 15:26:30.494,9.965
2026-01-18 15:26:30.523,9.963
2026-01-18 15:26:30.523,9.961
2026-01-18 15:26:30.539,9.963
2026-01-18 15:26:30.557,9.959
2026-01-18 15:26:30.567,9.953
2026-01-18 15:26:30.567,9.952
2026-01-18 15:26:30.589,9.955
2026-01-18 15:26:30.601,9.961
2026-01-18 15:26:30.622,9.958
2026-01-18 15:26:30.622,9.956
2026-01-18 15:26:30.639,9.96
2026-01-18 15:26:30.663,9.959
2026-01-18 15:26:30.663,9.978
2026-01-18 15:26:30.673,9.986
2026-01-18 15:26:30.690,9.981
2026-01-18 15:26:30.705,9.978
2026-01-18 15:26:30.705,9.987
2026-01-18 15:26:30.727,9.987
2026-01-18 15:26:30.727,9.982
2026-01-18 15:26:30.740,9.976
2026-01-18 15:26:30.755,9.974
2026-01-18 15:26:30.774,9.972
2026-01-18 15:26:30.789,9.976
2026-01-18 15:26:30.789,9.973
2026-01-18 15:26:30.812,9.97
2026-01-18 15:26:30.814,9.969
2026-01-18 15:26:30.831,9.975
2026-01-18 15:26:30.840,9.968
2026-01-18 15:26:30.852,9.964
2026-01-18 15:26:30.872,9.962
2026-01-18 15:26:30.872,9.963
2026-01-18 15:26:30.889,9.966
2026-01-18 15:26:30.897,9.963
2026-01-18 15:26:30.913,9.964
2026-01-18 15:26:30.913,9.962
2026-01-18 15:26:30.939,9.965
2026-01-18 15:26:30.955,9.962
2026-01-18 15:26:30.957,9.958
2026-01-18 15:26:30.974,9.958
2026-01-18 15:26:30.989,9.957
2026-01-18 15:26:31.006,9.953
2026-01-18 15:26:31.006,9.95
2026-01-18 15:26:31.023,9.951
2026-01-18 15:26:31.039,9.955
2026-01-18 15:26:31.039,9.96
2026-01-18 15:26:31.056,9.954
2026-01-18 15:26:31.072,9.955
2026-01-18 15:26:31.088,9.959
2026-01-18 15:26:31.090,9.968
2026-01-18 15:26:31.106,9.964
2026-01-18 15:26:31.124,9.961
2026-01-18 15:26:31.124,9.963
2026-01-18 15:26:31.139,9.965
2026-01-18 15:26:31.156,9.979
2026-01-18 15:26:31.173,9.975
2026-01-18 15:26:31.173,9.972
2026-01-18 15:26:31.189,9.974
2026-01-18 15:26:31.205,9.98
2026-01-18 15:26:31.205,9.975
2026-01-18 15:26:31.215,9.968
2026-01-18 15:26:31.239,9.97
2026-01-18 15:26:31.257,9.972
2026-01-18 15:26:31.257,9.978
2026-01-18 15:26:31.263,9.974
2026-01-18 15:26:31.281,9.969
2026-01-18 15:26:31.306,9.969
2026-01-18 15:26:31.306,9.972
2026-01-18 15:26:31.314,9.971
2026-01-18 15:26:31.340,9.964
2026-01-18 15:26:31.340,9.961
2026-01-18 15:26:31.356,9.962
2026-01-18 15:26:31.373,9.962
2026-01-18 15:26:31.389,9.967
2026-01-18 15:26:31.389,9.962
2026-01-18 15:26:31.407,9.96
2026-01-18 15:26:31.423,9.965
2026-01-18 15:26:31.423,9.968
2026-01-18 15:26:31.437,9.961
2026-01-18 15:26:31.456,9.959
2026-01-18 15:26:31.472,9.96
2026-01-18 15:26:31.472,9.958
2026-01-18 15:26:31.489,9.957
2026-01-18 15:26:31.506,9.961
2026-01-18 15:26:31.506,9.964
2026-01-18 15:26:31.522,9.963
2026-01-18 15:26:31.539,9.962
2026-01-18 15:26:31.557,9.968
2026-01-18 15:26:31.557,9.964
2026-01-18 15:26:31.573,9.965
2026-01-18 15:26:31.590,9.968
2026-01-18 15:26:31.606,9.966
2026-01-18 15:26:31.606,9.961
2026-01-18 15:26:31.623,9.961
2026-01-18 15:26:31.640,9.976
2026-01-18 15:26:31.640,9.973
2026-01-18 15:26:31.660,9.967
2026-01-18 15:26:31.663,9.97
2026-01-18 15:26:31.688,9.97
2026-01-18 15:26:31.688,9.976
2026-01-18 15:26:31.699,9.966
2026-01-18 15:26:31.724,9.965
2026-01-18 15:26:31.724,9.963
2026-01-18 15:26:31.739,9.964
2026-01-18 15:26:31.757,9.958
2026-01-18 15:26:31.773,9.959
2026-01-18 15:26:31.773,9.961
2026-01-18 15:26:31.789,9.962
2026-01-18 15:26:31.802,9.96
2026-01-18 15:26:31.818,9.958
2026-01-18 15:26:31.818,9.953
2026-01-18 15:26:31.860,9.954
2026-01-18 15:26:31.862,9.956
2026-01-18 15:26:31.862,9.967
2026-01-18 15:26:31.875,9.969
2026-01-18 15:26:31.889,9.968
2026-01-18 15:26:31.890,9.971
2026-01-18 15:26:31.905,9.97
2026-01-18 15:26:31.922,9.97
2026-01-18 15:26:31.928,9.964
2026-01-18 15:26:31.928,9.959
2026-01-18 15:26:31.955,9.956
2026-01-18 15:26:31.960,9.957
2026-01-18 15:26:31.988,9.959
2026-01-18 15:26:31.988,9.959
2026-01-18 15:26:32.005,9.952
2026-01-18 15:26:32.022,9.956
2026-01-18 15:26:32.038,9.957
2026-01-18 15:26:32.038,9.959
2026-01-18 15:26:32.056,9.957
2026-01-18 15:26:32.070,9.957
2026-01-18 15:26:32.070,9.96
2026-01-18 15:26:32.090,9.961
2026-01-18 15:26:32.103,9.958
2026-01-18 15:26:32.119,9.957
2026-01-18 15:26:32.119,9.957
2026-01-18 15:26:32.138,9.961
2026-01-18 15:26:32.155,9.963
2026-01-18 15:26:32.157,9.961
2026-01-18 15:26:32.170,9.957
2026-01-18 15:26:32.188,9.959
2026-01-18 15:26:32.197,9.96
2026-01-18 15:26:32.197,9.966
2026-01-18 15:26:32.222,9.963
2026-01-18 15:26:32.239,9.96
2026-01-18 15:26:32.239,9.956
2026-01-18 15:26:32.255,9.959
2026-01-18 15:26:32.273,9.967
2026-01-18 15:26:32.289,9.959
2026-01-18 15:26:32.289,9.958
2026-01-18 15:26:32.295,9.961
2026-01-18 15:26:32.322,9.962
2026-01-18 15:26:32.322,9.968
2026-01-18 15:26:32.334,9.966
2026-01-18 15:26:32.357,9.967
2026-01-18 15:26:32.374,9.968
2026-01-18 15:26:32.375,9.97
2026-01-18 15:26:32.406,9.98
2026-01-18 15:26:32.406,9.974
2026-01-18 15:26:32.408,9.97
2026-01-18 15:26:32.422,9.967
2026-01-18 15:26:32.444,9.967
2026-01-18 15:26:32.445,9.969
2026-01-18 15:26:32.454,9.971
2026-01-18 15:26:32.466,9.969
2026-01-18 15:26:32.488,9.962
2026-01-18 15:26:32.506,9.962
2026-01-18 15:26:32.506,9.962
2026-01-18 15:26:32.519,9.963
2026-01-18 15:26:32.538,9.957
2026-01-18 15:26:32.538,9.954
2026-01-18 15:26:32.558,9.95
2026-01-18 15:26:32.564,9.949
2026-01-18 15:26:32.578,9.957
2026-01-18 15:26:32.578,9.958
2026-01-18 15:26:32.591,9.958
2026-01-18 15:26:32.622,9.956
2026-01-18 15:26:32.622,9.951
2026-01-18 15:26:32.639,9.953
2026-01-18 15:26:32.655,9.956
2026-01-18 15:26:32.672,9.962
2026-01-18 15:26:32.672,9.961
2026-01-18 15:26:32.690,9.955
2026-01-18 15:26:32.705,9.951
2026-01-18 15:26:32.721,9.951
2026-01-18 15:26:32.721,9.956
2026-01-18 15:26:32.736,9.962
2026-01-18 15:26:32.750,9.96
2026-01-18 15:26:32.750,9.954
2026-01-18 15:26:32.768,9.953
2026-01-18 15:26:32.790,9.956
2026-01-18 15:26:32.806,9.958
2026-01-18 15:26:32.807,9.961
2026-01-18 15:26:32.822,9.955
2026-01-18 15:26:32.840,9.957
2026-01-18 15:26:32.840,9.956
2026-01-18 15:26:32.855,9.957
2026-01-18 15:26:32.872,9.954
2026-01-18 15:26:32.889,9.951
2026-01-18 15:26:32.889,9.947
2026-01-18 15:26:32.905,9.947
2026-01-18 15:26:32.922,9.951
2026-01-18 15:26:32.922,9.959
2026-01-18 15:26:32.933,9.957
2026-01-18 15:26:32.957,9.958
2026-01-18 15:26:32.972,9.954
2026-01-18 15:26:32.973,9.956
2026-01-18 15:26:32.988,9.958
2026-01-18 15:26:33.004,9.962
2026-01-18 15:26:33.004,9.968
2026-01-18 15:26:33.023,9.964
2026-01-18 15:26:33.038,9.961
2026-01-18 15:26:33.056,9.961
2026-01-18 15:26:33.056,9.963
2026-01-18 15:26:33.072,9.965
2026-01-18 15:26:33.090,9.964
2026-01-18 15:26:33.099,9.961
2026-01-18 15:26:33.099,9.957
2026-01-18 15:26:33.122,9.96
2026-01-18 15:26:33.132,9.96
2026-01-18 15:26:33.132,9.962
2026-01-18 15:26:33.149,9.966
2026-01-18 15:26:33.172,9.964
2026-01-18 15:26:33.180,9.961
2026-01-18 15:26:33.180,9.96
2026-01-18 15:26:33.226,9.96
2026-01-18 15:26:33.242,9.959
2026-01-18 15:26:33.243,9.959
2026-01-18 15:26:33.243,9.964
2026-01-18 15:26:33.251,9.961
2026-01-18 15:26:33.258,9.957
2026-01-18 15:26:33.258,9.955
2026-01-18 15:26:33.289,9.962
2026-01-18 15:26:33.306,9.968
2026-01-18 15:26:33.323,9.969
2026-01-18 15:26:33.323,9.967
2026-01-18 15:26:33.339,9.962
2026-01-18 15:26:33.354,9.956
2026-01-18 15:26:33.354,9.956
2026-01-18 15:26:33.372,9.957
2026-01-18 15:26:33.388,9.962
2026-01-18 15:26:33.405,9.958
2026-01-18 15:26:33.405,9.955
2026-01-18 15:26:33.422,9.96
2026-01-18 15:26:33.440,9.96
2026-01-18 15:26:33.440,9.961
2026-01-18 15:26:33.455,9.961
2026-01-18 15:26:33.467,9.969
2026-01-18 15:26:33.489,9.961
2026-01-18 15:26:33.489,9.96
2026-01-18 15:26:33.505,9.962
2026-01-18 15:26:33.522,9.964
2026-01-18 15:26:33.522,9.968
2026-01-18 15:26:33.530,9.972
2026-01-18 15:26:33.556,9.969
2026-01-18 15:26:33.572,9.965
2026-01-18 15:26:33.572,9.963
2026-01-18 15:26:33.589,9.965
2026-01-18 15:26:33.605,9.964
2026-01-18 15:26:33.621,9.965
2026-01-18 15:26:33.623,9.97
2026-01-18 15:26:33.638,9.971
2026-01-18 15:26:33.656,9.964
2026-01-18 15:26:33.656,9.962
2026-01-18 15:26:33.672,9.962
2026-01-18 15:26:33.691,9.966
2026-01-18 15:26:33.693,9.967
2026-01-18 15:26:33.705,9.972
2026-01-18 15:26:33.725,9.97
2026-01-18 15:26:33.739,9.968
2026-01-18 15:26:33.739,9.968
2026-01-18 15:26:33.750,9.968
2026-01-18 15:26:33.766,9.964
2026-01-18 15:26:33.788,9.961
2026-01-18 15:26:33.788,9.959
2026-01-18 15:26:33.797,9.96
2026-01-18 15:26:33.821,9.96
2026-01-18 15:26:33.839,9.962
2026-01-18 15:26:33.839,9.958
2026-01-18 15:26:33.855,9.954
2026-01-18 15:26:33.871,9.954
2026-01-18 15:26:33.871,9.956
2026-01-18 15:26:33.877,9.958
2026-01-18 15:26:33.893,9.967
2026-01-18 15:26:33.910,9.964
2026-01-18 15:26:33.910,9.965
2026-01-18 15:26:33.925,9.965
2026-01-18 15:26:33.955,9.962
2026-01-18 15:26:33.955,9.963
2026-01-18 15:26:33.967,9.962
2026-01-18 15:26:33.989,9.963
2026-01-18 15:26:34.005,9.961
2026-01-18 15:26:34.005,9.953
2026-01-18 15:26:34.021,9.95
2026-01-18 15:26:34.039,9.951
2026-01-18 15:26:34.039,9.954
2026-01-18 15:26:34.055,9.958
2026-01-18 15:26:34.072,9.96
2026-01-18 15:26:34.088,9.963
2026-01-18 15:26:34.090,9.96
2026-01-18 15:26:34.105,9.953
2026-01-18 15:26:34.118,9.954
2026-01-18 15:26:34.138,9.955
2026-01-18 15:26:34.138,9.955
2026-01-18 15:26:34.155,9.956
2026-01-18 15:26:34.172,9.952
2026-01-18 15:26:34.172,9.955
2026-01-18 15:26:34.189,9.958
2026-01-18 15:26:34.206,9.963
2026-01-18 15:26:34.222,9.966
2026-01-18 15:26:34.222,9.974
2026-01-18 15:26:34.238,9.975
2026-01-18 15:26:34.256,9.971
2026-01-18 15:26:34.256,9.963
2026-01-18 15:26:34.271,9.962
2026-01-18 15:26:34.282,9.96
2026-01-18 15:26:34.305,9.962
2026-01-18 15:26:34.305,9.963
2026-01-18 15:26:34.323,9.966
2026-01-18 15:26:34.339,9.961
2026-01-18 15:26:34.339,9.955
2026-01-18 15:26:34.352,9.955
2026-01-18 15:26:34.372,9.956
2026-01-18 15:26:34.391,9.96
2026-01-18 15:26:34.391,9.977
2026-01-18 15:26:34.404,9.981
2026-01-18 15:26:34.422,9.975
2026-01-18 15:26:34.439,9.971
2026-01-18 15:26:34.439,9.964
2026-01-18 15:26:34.455,9.961
2026-01-18 15:26:34.472,9.96
2026-01-18 15:26:34.472,9.965
2026-01-18 15:26:34.488,9.966
2026-01-18 15:26:34.506,9.971
2026-01-18 15:26:34.521,9.973
2026-01-18 15:26:34.521,9.964
2026-01-18 15:26:34.538,9.959
2026-01-18 15:26:34.556,9.96
2026-01-18 15:26:34.556,9.958
2026-01-18 15:26:34.584,9.959
2026-01-18 15:26:34.590,9.96
2026-01-18 15:26:34.592,9.964
2026-01-18 15:26:34.622,9.97
2026-01-18 15:26:34.622,9.964
2026-01-18 15:26:34.639,9.96
2026-01-18 15:26:34.641,9.955
2026-01-18 15:26:34.660,9.956
2026-01-18 15:26:34.660,9.959
2026-01-18 15:26:34.689,9.962
2026-01-18 15:26:34.690,9.968
2026-01-18 15:26:34.707,9.964
2026-01-18 15:26:34.721,9.959
2026-01-18 15:26:34.738,9.957
2026-01-18 15:26:34.739,9.959
2026-01-18 15:26:34.755,9.963
2026-01-18 15:26:34.772,9.964
2026-01-18 15:26:34.772,9.961
2026-01-18 15:26:34.788,9.959
2026-01-18 15:26:34.798,9.957
2026-01-18 15:26:34.821,9.975
2026-01-18 15:26:34.821,9.973
2026-01-18 15:26:34.838,9.966
2026-01-18 15:26:34.855,9.962
2026-01-18 15:26:34.855,9.962
2026-01-18 15:26:34.871,9.96
2026-01-18 15:26:34.888,9.962
2026-01-18 15:26:34.905,9.959
2026-01-18 15:26:34.905,9.958
2026-01-18 15:26:34.921,9.956
2026-01-18 15:26:34.939,9.958
2026-01-18 15:26:34.939,9.963
2026-01-18 15:26:34.953,9.97
2026-01-18 15:26:34.973,9.973
2026-01-18 15:26:34.984,9.97
2026-01-18 15:26:34.984,9.967
2026-01-18 15:26:35.007,9.968
2026-01-18 15:26:35.021,9.969
2026-01-18 15:26:35.021,9.969
2026-01-18 15:26:35.039,9.976
2026-01-18 15:26:35.056,9.972
2026-01-18 15:26:35.072,9.969
2026-01-18 15:26:35.072,9.966
2026-01-18 15:26:35.088,9.963
2026-01-18 15:26:35.105,9.967
2026-01-18 15:26:35.122,9.969
2026-01-18 15:26:35.122,9.967
2026-01-18 15:26:35.133,9.969
2026-01-18 15:26:35.153,9.966
2026-01-18 15:26:35.153,9.965
2026-01-18 15:26:35.171,9.965
2026-01-18 15:26:35.189,9.962
2026-01-18 15:26:35.197,9.962
2026-01-18 15:26:35.197,9.96
2026-01-18 15:26:35.221,9.956
2026-01-18 15:26:35.230,9.953
2026-01-18 15:26:35.230,9.953
2026-01-18 15:26:35.254,9.956
2026-01-18 15:26:35.264,9.963
2026-01-18 15:26:35.279,9.958
2026-01-18 15:26:35.289,9.955
2026-01-18 15:26:35.296,9.958
2026-01-18 15:26:35.321,9.96
2026-01-18 15:26:35.339,9.965
2026-01-18 15:26:35.339,9.963
2026-01-18 15:26:35.356,9.96
2026-01-18 15:26:35.370,9.964
2026-01-18 15:26:35.370,9.964
2026-01-18 15:26:35.388,9.964
2026-01-18 15:26:35.405,9.963
2026-01-18 15:26:35.419,9.959
2026-01-18 15:26:35.419,9.958
2026-01-18 15:26:35.439,9.958
2026-01-18 15:26:35.456,9.957
2026-01-18 15:26:35.456,9.957
2026-01-18 15:26:35.471,9.959
2026-01-18 15:26:35.489,9.959
2026-01-18 15:26:35.505,9.956
2026-01-18 15:26:35.506,9.952
2026-01-18 15:26:35.513,9.95
2026-01-18 15:26:35.539,9.955
2026-01-18 15:26:35.539,9.956
2026-01-18 15:26:35.556,9.961
2026-01-18 15:26:35.572,9.965
2026-01-18 15:26:35.581,9.961
2026-01-18 15:26:35.581,9.955
2026-01-18 15:26:35.606,9.953
2026-01-18 15:26:35.622,9.959
2026-01-18 15:26:35.639,9.962
2026-01-18 15:26:35.640,9.967
2026-01-18 15:26:35.655,9.967
2026-01-18 15:26:35.655,9.963
2026-01-18 15:26:35.689,9.956
2026-01-18 15:26:35.705,9.955
2026-01-18 15:26:35.723,9.96
2026-01-18 15:26:35.723,9.962
2026-01-18 15:26:35.738,9.969
2026-01-18 15:26:35.756,9.971
2026-01-18 15:26:35.756,9.971
2026-01-18 15:26:35.771,9.968
2026-01-18 15:26:35.789,9.963
2026-01-18 15:26:35.805,9.961
2026-01-18 15:26:35.805,9.965
2026-01-18 15:26:35.814,9.964
2026-01-18 15:26:35.838,9.965
2026-01-18 15:26:35.838,9.961
2026-01-18 15:26:35.854,9.957
2026-01-18 15:26:35.861,9.954
2026-01-18 15:26:35.882,9.955
2026-01-18 15:26:35.882,9.958
2026-01-18 15:26:35.905,9.96
2026-01-18 15:26:35.916,9.961
2026-01-18 15:26:35.949,9.961
2026-01-18 15:26:35.949,9.958
2026-01-18 15:26:35.949,9.979
2026-01-18 15:26:35.959,9.973
2026-01-18 15:26:35.968,9.971
2026-01-18 15:26:35.989,9.972
2026-01-18 15:26:36.005,9.972
2026-01-18 15:26:36.022,9.976
2026-01-18 15:26:36.022,9.98
2026-01-18 15:26:36.036,9.972
2026-01-18 15:26:36.055,9.965
2026-01-18 15:26:36.055,9.959
2026-01-18 15:26:36.072,9.96
2026-01-18 15:26:36.086,9.962
2026-01-18 15:26:36.099,9.965
2026-01-18 15:26:36.099,9.978
2026-01-18 15:26:36.121,9.978
2026-01-18 15:26:36.136,9.97
2026-01-18 15:26:36.136,9.967
2026-01-18 15:26:36.155,9.97
2026-01-18 15:26:36.171,9.97
2026-01-18 15:26:36.188,9.977
2026-01-18 15:26:36.188,9.975
2026-01-18 15:26:36.194,9.966
2026-01-18 15:26:36.221,9.959
2026-01-18 15:26:36.238,9.957
2026-01-18 15:26:36.238,9.96
2026-01-18 15:26:36.255,9.964
2026-01-18 15:26:36.273,9.972
2026-01-18 15:26:36.273,9.968
2026-01-18 15:26:36.288,9.963
2026-01-18 15:26:36.303,9.959
2026-01-18 15:26:36.319,9.964
2026-01-18 15:26:36.319,9.964
2026-01-18 15:26:36.336,9.968
2026-01-18 15:26:36.355,9.965
2026-01-18 15:26:36.355,9.962
2026-01-18 15:26:36.367,9.975
2026-01-18 15:26:36.388,9.972
2026-01-18 15:26:36.399,9.969
2026-01-18 15:26:36.399,9.965
2026-01-18 15:26:36.421,9.972
2026-01-18 15:26:36.438,9.974
2026-01-18 15:26:36.455,9.969
2026-01-18 15:26:36.455,9.969
2026-01-18 15:26:36.463,9.967
2026-01-18 15:26:36.480,9.967
2026-01-18 15:26:36.480,9.964
2026-01-18 15:26:36.505,9.961
2026-01-18 15:26:36.521,9.953
2026-01-18 15:26:36.537,9.953
2026-01-18 15:26:36.537,9.951
2026-01-18 15:26:36.555,9.951
2026-01-18 15:26:36.571,9.955
2026-01-18 15:26:36.571,9.956
2026-01-18 15:26:36.588,9.965
2026-01-18 15:26:36.606,9.96
2026-01-18 15:26:36.623,9.953
2026-01-18 15:26:36.623,9.951
2026-01-18 15:26:36.638,9.951
2026-01-18 15:26:36.638,9.955
2026-01-18 15:26:36.655,9.955
2026-01-18 15:26:36.669,9.958
2026-01-18 15:26:36.688,9.956
2026-01-18 15:26:36.705,9.958
2026-01-18 15:26:36.705,9.957
2026-01-18 15:26:36.742,9.956
2026-01-18 15:26:36.742,9.96
2026-01-18 15:26:36.742,9.963
2026-01-18 15:26:36.759,9.969
2026-01-18 15:26:36.770,9.974
2026-01-18 15:26:36.789,9.975
2026-01-18 15:26:36.789,9.974
2026-01-18 15:26:36.800,9.988
2026-01-18 15:26:36.815,9.988
2026-01-18 15:26:36.827,9.982
2026-01-18 15:26:36.827,9.974
2026-01-18 15:26:36.844,9.972
2026-01-18 15:26:36.858,9.969
2026-01-18 15:26:36.858,9.973
2026-01-18 15:26:36.888,9.972
2026-01-18 15:26:36.905,9.976
2026-01-18 15:26:36.922,9.981
2026-01-18 15:26:36.922,9.975
2026-01-18 15:26:36.938,9.974
2026-01-18 15:26:36.955,9.972
2026-01-18 15:26:36.955,9.968
2026-01-18 15:26:36.969,9.963
2026-01-18 15:26:36.986,9.962
2026-01-18 15:26:37.021,9.963
2026-01-18 15:26:37.033,9.964
2026-01-18 15:26:37.049,9.965
2026-01-18 15:26:37.049,9.967
2026-01-18 15:26:37.065,9.968
2026-01-18 15:26:37.088,9.966
2026-01-18 15:26:37.088,9.98
2026-01-18 15:26:37.097,9.986
2026-01-18 15:26:37.117,9.98
2026-01-18 15:26:37.138,9.977
2026-01-18 15:26:37.138,9.971
2026-01-18 15:26:37.145,9.966
2026-01-18 15:26:37.160,9.962
2026-01-18 15:26:37.160,9.959
2026-01-18 15:26:37.177,9.956
2026-01-18 15:26:37.191,9.959
2026-01-18 15:26:37.207,9.961
2026-01-18 15:26:37.207,9.963
2026-01-18 15:26:37.223,9.967
2026-01-18 15:26:37.239,9.979
2026-01-18 15:26:37.271,9.977
2026-01-18 15:26:37.271,9.971
2026-01-18 15:26:37.315,9.967
2026-01-18 15:26:37.315,9.959
2026-01-18 15:26:37.315,9.955
2026-01-18 15:26:37.315,9.95
2026-01-18 15:26:37.334,9.947
2026-01-18 15:26:37.334,9.95
2026-01-18 15:26:37.350,9.953
2026-01-18 15:26:37.366,9.955
2026-01-18 15:26:37.382,9.961
2026-01-18 15:26:37.382,9.964
2026-01-18 15:26:37.402,9.966
2026-01-18 15:26:37.415,9.967
2026-01-18 15:26:37.434,9.965
2026-01-18 15:26:37.434,9.96
2026-01-18 15:26:37.447,9.961
2026-01-18 15:26:37.464,9.958
2026-01-18 15:26:37.464,9.957
2026-01-18 15:26:37.488,9.951
2026-01-18 15:26:37.496,9.95
2026-01-18 15:26:37.508,9.962
2026-01-18 15:26:37.508,9.961
2026-01-18 15:26:37.538,9.962
2026-01-18 15:26:37.555,9.968
2026-01-18 15:26:37.555,9.965
2026-01-18 15:26:37.571,9.965
2026-01-18 15:26:37.587,9.965
2026-01-18 15:26:37.605,9.968
2026-01-18 15:26:37.605,9.968
2026-01-18 15:26:37.619,9.972
2026-01-18 15:26:37.636,9.972
2026-01-18 15:26:37.636,9.972
2026-01-18 15:26:37.655,9.971
2026-01-18 15:26:37.669,9.975
2026-01-18 15:26:37.688,9.967
2026-01-18 15:26:37.688,9.962
2026-01-18 15:26:37.702,9.956
2026-01-18 15:26:37.716,9.957
2026-01-18 15:26:37.739,9.954
2026-01-18 15:26:37.739,9.955
2026-01-18 15:26:37.749,9.956
2026-01-18 15:26:37.764,9.958
2026-01-18 15:26:37.764,9.957
2026-01-18 15:26:37.788,9.957
2026-01-18 15:26:37.804,9.958
2026-01-18 15:26:37.815,9.961
2026-01-18 15:26:37.815,9.962
2026-01-18 15:26:37.838,9.966
2026-01-18 15:26:37.855,9.971
2026-01-18 15:26:37.855,9.97
2026-01-18 15:26:37.890,9.973
2026-01-18 15:26:37.891,9.976
2026-01-18 15:26:37.892,9.97
2026-01-18 15:26:37.908,9.963
2026-01-18 15:26:37.922,9.961
2026-01-18 15:26:37.938,9.956
2026-01-18 15:26:37.954,9.952
2026-01-18 15:26:37.956,9.952
2026-01-18 15:26:37.971,9.952
2026-01-18 15:26:37.987,9.954
2026-01-18 15:26:37.987,9.951
2026-01-18 15:26:38.004,9.951
2026-01-18 15:26:38.021,9.953
2026-01-18 15:26:38.038,9.951
2026-01-18 15:26:38.038,9.953
2026-01-18 15:26:38.049,9.95
2026-01-18 15:26:38.071,9.95
2026-01-18 15:26:38.071,9.948
2026-01-18 15:26:38.087,9.953
2026-01-18 15:26:38.106,9.956
2026-01-18 15:26:38.121,9.957
2026-01-18 15:26:38.121,9.961
2026-01-18 15:26:38.138,9.967
2026-01-18 15:26:38.154,9.969
2026-01-18 15:26:38.156,9.969
2026-01-18 15:26:38.159,9.963
2026-01-18 15:26:38.187,9.955
2026-01-18 15:26:38.195,9.951
2026-01-18 15:26:38.195,9.948
2026-01-18 15:26:38.222,9.949
2026-01-18 15:26:38.238,9.95
2026-01-18 15:26:38.257,9.95
2026-01-18 15:26:38.259,9.951
2026-01-18 15:26:38.273,9.957
2026-01-18 15:26:38.285,9.96
2026-01-18 15:26:38.285,9.964
2026-01-18 15:26:38.305,9.977
2026-01-18 15:26:38.317,9.981
2026-01-18 15:26:38.338,9.979
2026-01-18 15:26:38.338,9.976
2026-01-18 15:26:38.354,9.969
2026-01-18 15:26:38.371,9.964
2026-01-18 15:26:38.371,9.964
2026-01-18 15:26:38.388,9.959
2026-01-18 15:26:38.397,9.963
2026-01-18 15:26:38.421,9.967
2026-01-18 15:26:38.421,9.968
2026-01-18 15:26:38.437,9.967
2026-01-18 15:26:38.444,9.967
2026-01-18 15:26:38.444,9.973
2026-01-18 15:26:38.460,9.978
2026-01-18 15:26:38.476,9.977
2026-01-18 15:26:38.495,9.975
2026-01-18 15:26:38.506,9.969
2026-01-18 15:26:38.521,9.963
2026-01-18 15:26:38.528,9.959
2026-01-18 15:26:38.554,9.952
2026-01-18 15:26:38.554,9.966
2026-01-18 15:26:38.570,9.962
2026-01-18 15:26:38.588,9.962
2026-01-18 15:26:38.588,9.962
2026-01-18 15:26:38.604,9.965
2026-01-18 15:26:38.621,9.966
2026-01-18 15:26:38.644,9.971
2026-01-18 15:26:38.644,9.976
2026-01-18 15:26:38.676,9.98
2026-01-18 15:26:38.676,9.978
2026-01-18 15:26:38.676,9.974
2026-01-18 15:26:38.687,9.97
2026-01-18 15:26:38.705,9.963
2026-01-18 15:26:38.722,9.959
2026-01-18 15:26:38.722,9.957
2026-01-18 15:26:38.738,9.961
2026-01-18 15:26:38.755,9.957
2026-01-18 15:26:38.755,9.957
2026-01-18 15:26:38.772,9.963
2026-01-18 15:26:38.788,9.966
2026-01-18 15:26:38.805,9.966
2026-01-18 15:26:38.805,9.963
2026-01-18 15:26:38.821,9.964
2026-01-18 15:26:38.838,9.959
2026-01-18 15:26:38.846,9.957
2026-01-18 15:26:38.855,9.951
2026-01-18 15:26:38.873,9.949
2026-01-18 15:26:38.875,9.951
2026-01-18 15:26:38.888,9.963
2026-01-18 15:26:38.905,9.963
2026-01-18 15:26:38.921,9.966
2026-01-18 15:26:38.939,9.969
2026-01-18 15:26:38.939,9.968
2026-01-18 15:26:38.951,9.968
2026-01-18 15:26:38.969,9.969
2026-01-18 15:26:38.969,9.974
2026-01-18 15:26:38.984,9.978
2026-01-18 15:26:39.005,9.983
2026-01-18 15:26:39.014,9.978
2026-01-18 15:26:39.014,9.974
2026-01-18 15:26:39.055,9.971
2026-01-18 15:26:39.055,9.965
2026-01-18 15:26:39.070,9.964
2026-01-18 15:26:39.088,9.961
2026-01-18 15:26:39.104,9.965
2026-01-18 15:26:39.113,9.969
2026-01-18 15:26:39.141,9.968
2026-01-18 15:26:39.141,9.965
2026-01-18 15:26:39.141,9.97
2026-01-18 15:26:39.154,9.968
2026-01-18 15:26:39.170,9.963
2026-01-18 15:26:39.188,9.958
2026-01-18 15:26:39.188,9.954
2026-01-18 15:26:39.204,9.95
2026-01-18 15:26:39.222,9.948
2026-01-18 15:26:39.241,9.949
2026-01-18 15:26:39.241,9.952
2026-01-18 15:26:39.251,9.955
2026-01-18 15:26:39.271,9.959
2026-01-18 15:26:39.271,9.963
2026-01-18 15:26:39.287,9.96
2026-01-18 15:26:39.304,9.955
2026-01-18 15:26:39.336,9.955
2026-01-18 15:26:39.337,9.949
2026-01-18 15:26:39.337,9.949
2026-01-18 15:26:39.354,9.952
2026-01-18 15:26:39.354,9.951
2026-01-18 15:26:39.370,9.954
2026-01-18 15:26:39.383,9.953
2026-01-18 15:26:39.393,9.956
2026-01-18 15:26:39.393,9.956
2026-01-18 15:26:39.414,9.954
2026-01-18 15:26:39.437,9.952
2026-01-18 15:26:39.454,9.951
2026-01-18 15:26:39.454,9.953
2026-01-18 15:26:39.471,9.96
2026-01-18 15:26:39.482,9.96
2026-01-18 15:26:39.482,9.97
2026-01-18 15:26:39.504,9.968
2026-01-18 15:26:39.520,9.965
2026-01-18 15:26:39.538,9.962
2026-01-18 15:26:39.538,9.956
2026-01-18 15:26:39.553,9.956
2026-01-18 15:26:39.571,9.958
2026-01-18 15:26:39.571,9.96
2026-01-18 15:26:39.583,9.964
2026-01-18 15:26:39.604,9.973
2026-01-18 15:26:39.615,9.971
2026-01-18 15:26:39.622,9.971
2026-01-18 15:26:39.638,9.961
2026-01-18 15:26:39.638,9.958
2026-01-18 15:26:39.654,9.952
2026-01-18 15:26:39.672,9.955
2026-01-18 15:26:39.689,9.957
2026-01-18 15:26:39.709,9.961
2026-01-18 15:26:39.709,9.966
2026-01-18 15:26:39.722,9.974
2026-01-18 15:26:39.732,9.971
2026-01-18 15:26:39.732,9.967
2026-01-18 15:26:39.756,9.963
2026-01-18 15:26:39.767,9.959
2026-01-18 15:26:39.774,9.958
2026-01-18 15:26:39.790,9.96
2026-01-18 15:26:39.806,9.963
2026-01-18 15:26:39.822,9.965
2026-01-18 15:26:39.822,9.974
2026-01-18 15:26:39.837,9.967
2026-01-18 15:26:39.855,9.977
2026-01-18 15:26:39.871,9.972
2026-01-18 15:26:39.871,9.967
2026-01-18 15:26:39.884,9.968
2026-01-18 15:26:39.904,9.968
2026-01-18 15:26:39.916,9.968
2026-01-18 15:26:39.916,9.972
2026-01-18 15:26:39.935,9.979
2026-01-18 15:26:39.954,9.972
2026-01-18 15:26:39.954,9.97
2026-01-18 15:26:39.972,9.966
2026-01-18 15:26:39.989,9.962
2026-01-18 15:26:40.004,9.963
2026-01-18 15:26:40.004,9.965
2026-01-18 15:26:40.037,9.963
2026-01-18 15:26:40.039,9.968
2026-01-18 15:26:40.039,9.965
2026-01-18 15:26:40.055,9.962
2026-01-18 15:26:40.072,9.96
2026-01-18 15:26:40.088,9.957
2026-01-18 15:26:40.088,9.957
2026-01-18 15:26:40.106,9.959
2026-01-18 15:26:40.120,9.957
2026-01-18 15:26:40.141,9.959
2026-01-18 15:26:40.141,9.957
2026-01-18 15:26:40.155,9.964
2026-01-18 15:26:40.173,9.967
2026-01-18 15:26:40.173,9.97
2026-01-18 15:26:40.188,9.964
2026-01-18 15:26:40.205,9.958
2026-01-18 15:26:40.221,9.954
2026-01-18 15:26:40.221,9.946
2026-01-18 15:26:40.237,9.943
2026-01-18 15:26:40.252,9.942
2026-01-18 15:26:40.271,9.942
2026-01-18 15:26:40.271,9.945
2026-01-18 15:26:40.284,9.945
2026-01-18 15:26:40.303,9.951
2026-01-18 15:26:40.303,9.952
2026-01-18 15:26:40.320,9.952
2026-01-18 15:26:40.338,9.952
2026-01-18 15:26:40.345,9.955
2026-01-18 15:26:40.345,9.953
2026-01-18 15:26:40.371,9.96
2026-01-18 15:26:40.387,9.961
2026-01-18 15:26:40.387,9.967
2026-01-18 15:26:40.404,9.963
2026-01-18 15:26:40.413,9.966
2026-01-18 15:26:40.439,9.976
2026-01-18 15:26:40.439,9.976
2026-01-18 15:26:40.454,9.975
2026-01-18 15:26:40.472,9.969
2026-01-18 15:26:40.472,9.972
2026-01-18 15:26:40.488,9.966
2026-01-18 15:26:40.508,9.964
2026-01-18 15:26:40.508,9.981
2026-01-18 15:26:40.526,9.972
2026-01-18 15:26:40.539,9.964
2026-01-18 15:26:40.555,9.958
2026-01-18 15:26:40.555,9.956
2026-01-18 15:26:40.571,9.95
2026-01-18 15:26:40.588,9.948
2026-01-18 15:26:40.604,9.944
2026-01-18 15:26:40.604,9.946
2026-01-18 15:26:40.622,9.942
2026-01-18 15:26:40.632,9.944
2026-01-18 15:26:40.632,9.94
2026-01-18 15:26:40.661,9.941
2026-01-18 15:26:40.661,9.942
2026-01-18 15:26:40.677,9.945
2026-01-18 15:26:40.677,9.949
2026-01-18 15:26:40.693,9.948
2026-01-18 15:26:40.710,9.948
2026-01-18 15:26:40.737,9.947
2026-01-18 15:26:40.737,9.95
2026-01-18 15:26:40.754,9.949
2026-01-18 15:26:40.771,9.95
2026-01-18 15:26:40.771,9.954
2026-01-18 15:26:40.787,9.953
2026-01-18 15:26:40.805,9.954
2026-01-18 15:26:40.821,9.956
2026-01-18 15:26:40.821,9.955
2026-01-18 15:26:40.838,9.954
2026-01-18 15:26:40.855,9.954
2026-01-18 15:26:40.855,9.957
2026-01-18 15:26:40.872,9.953
2026-01-18 15:26:40.887,9.955
2026-01-18 15:26:40.901,9.957
2026-01-18 15:26:40.901,9.96
2026-01-18 15:26:40.914,9.958
2026-01-18 15:26:40.933,9.96
2026-01-18 15:26:40.953,9.956
2026-01-18 15:26:40.955,9.956
2026-01-18 15:26:40.970,9.958
2026-01-18 15:26:40.987,9.956
2026-01-18 15:26:40.987,9.958
2026-01-18 15:26:40.995,9.956
2026-01-18 15:26:41.021,9.959
2026-01-18 15:26:41.037,9.956
2026-01-18 15:26:41.037,9.954
2026-01-18 15:26:41.047,9.954
2026-01-18 15:26:41.071,9.955
2026-01-18 15:26:41.071,9.955
2026-01-18 15:26:41.087,9.953
2026-01-18 15:26:41.105,9.954
2026-01-18 15:26:41.121,9.956
2026-01-18 15:26:41.121,9.956
2026-01-18 15:26:41.138,9.958
2026-01-18 15:26:41.154,9.963
2026-01-18 15:26:41.154,9.963
2026-01-18 15:26:41.168,9.963
2026-01-18 15:26:41.192,9.96
2026-01-18 15:26:41.192,9.965
2026-01-18 15:26:41.203,9.968
2026-01-18 15:26:41.220,9.967
2026-01-18 15:26:41.241,9.967
2026-01-18 15:26:41.241,9.965
2026-01-18 15:26:41.251,9.966
2026-01-18 15:26:41.263,9.966
2026-01-18 15:26:41.279,9.968
2026-01-18 15:26:41.279,9.968
2026-01-18 15:26:41.295,9.974
2026-01-18 15:26:41.310,9.974
2026-01-18 15:26:41.339,9.976
2026-01-18 15:26:41.339,9.976
2026-01-18 15:26:41.354,9.977
2026-01-18 15:26:41.372,9.978
2026-01-18 15:26:41.372,9.977
2026-01-18 15:26:41.406,9.978
2026-01-18 15:26:41.406,9.977
2026-01-18 15:26:41.422,9.977
2026-01-18 15:26:41.422,9.978
2026-01-18 15:26:41.431,9.983
2026-01-18 15:26:41.454,9.979
2026-01-18 15:26:41.454,9.979
2026-01-18 15:26:41.471,9.98
2026-01-18 15:26:41.486,9.978
2026-01-18 15:26:41.502,9.978
2026-01-18 15:26:41.502,9.974
2026-01-18 15:26:41.521,9.971
2026-01-18 15:26:41.533,9.969
2026-01-18 15:26:41.533,9.971
2026-01-18 15:26:41.549,9.972
2026-01-18 15:26:41.573,9.974
2026-01-18 15:26:41.589,9.976
2026-01-18 15:26:41.590,9.977
2026-01-18 15:26:41.597,9.976
2026-01-18 15:26:41.620,9.976
2026-01-18 15:26:41.639,9.977
2026-01-18 15:26:41.639,9.973
2026-01-18 15:26:41.662,9.988
2026-01-18 15:26:41.662,9.98
2026-01-18 15:26:41.673,9.977
2026-01-18 15:26:41.688,9.972
2026-01-18 15:26:41.705,9.969
2026-01-18 15:26:41.720,9.964
2026-01-18 15:26:41.720,9.961
2026-01-18 15:26:41.739,9.953
2026-01-18 15:26:41.755,9.948
2026-01-18 15:26:41.755,9.948
2026-01-18 15:26:41.771,9.95
2026-01-18 15:26:41.788,9.945
2026-01-18 15:26:41.806,9.944
2026-01-18 15:26:41.806,9.938
2026-01-18 15:26:41.821,9.934
2026-01-18 15:26:41.838,9.949
2026-01-18 15:26:41.853,9.948
2026-01-18 15:26:41.853,9.949
2026-01-18 15:26:41.870,9.947
2026-01-18 15:26:41.888,9.944
2026-01-18 15:26:41.888,9.942
2026-01-18 15:26:41.903,9.941
2026-01-18 15:26:41.920,9.939
2026-01-18 15:26:41.938,9.941
2026-01-18 15:26:41.938,9.94
2026-01-18 15:26:41.954,9.94
2026-01-18 15:26:41.970,9.956
2026-01-18 15:26:41.970,9.969
2026-01-18 15:26:41.988,9.967
2026-01-18 15:26:42.001,9.963
2026-01-18 15:26:42.020,9.96
2026-01-18 15:26:42.020,9.954
2026-01-18 15:26:42.037,9.96
2026-01-18 15:26:42.053,9.96
2026-01-18 15:26:42.053,9.965
2026-01-18 15:26:42.071,9.97
2026-01-18 15:26:42.089,9.971
2026-01-18 15:26:42.097,9.972
2026-01-18 15:26:42.097,9.969
2026-01-18 15:26:42.120,9.967
2026-01-18 15:26:42.138,9.964
2026-01-18 15:26:42.154,9.965
2026-01-18 15:26:42.154,9.965
2026-01-18 15:26:42.171,9.967
2026-01-18 15:26:42.189,9.967
2026-01-18 15:26:42.189,9.966
2026-01-18 15:26:42.205,9.964
2026-01-18 15:26:42.238,9.965
2026-01-18 15:26:42.238,9.964
2026-01-18 15:26:42.255,9.957
2026-01-18 15:26:42.270,9.953
2026-01-18 15:26:42.270,9.946
2026-01-18 15:26:42.289,9.946
2026-01-18 15:26:42.303,9.942
2026-01-18 15:26:42.321,9.939
2026-01-18 15:26:42.321,9.94
2026-01-18 15:26:42.337,9.938
2026-01-18 15:26:42.353,9.937
2026-01-18 15:26:42.353,9.945
2026-01-18 15:26:42.371,9.951
2026-01-18 15:26:42.379,9.954
2026-01-18 15:26:42.394,9.958
2026-01-18 15:26:42.394,9.959
2026-01-18 15:26:42.409,9.963
2026-01-18 15:26:42.437,9.964
2026-01-18 15:26:42.439,9.965
2026-01-18 15:26:42.454,9.965
2026-01-18 15:26:42.470,9.965
2026-01-18 15:26:42.488,9.96
2026-01-18 15:26:42.488,9.953
2026-01-18 15:26:42.504,9.95
2026-01-18 15:26:42.520,9.946
2026-01-18 15:26:42.538,9.944
2026-01-18 15:26:42.538,9.949
2026-01-18 15:26:42.552,9.949
2026-01-18 15:26:42.570,9.957
2026-01-18 15:26:42.570,9.963
2026-01-18 15:26:42.582,9.964
2026-01-18 15:26:42.598,9.966
2026-01-18 15:26:42.616,9.961
2026-01-18 15:26:42.616,9.96
2026-01-18 15:26:42.637,9.954
2026-01-18 15:26:42.660,9.951
2026-01-18 15:26:42.662,9.95
2026-01-18 15:26:42.672,9.946
2026-01-18 15:26:42.686,9.943
2026-01-18 15:26:42.696,9.941
2026-01-18 15:26:42.704,9.949
2026-01-18 15:26:42.712,9.954
2026-01-18 15:26:42.726,9.957
2026-01-18 15:26:42.766,9.957
2026-01-18 15:26:42.766,9.96
2026-01-18 15:26:42.766,9.963
2026-01-18 15:26:42.774,9.967
2026-01-18 15:26:42.787,9.964
2026-01-18 15:26:42.802,9.961
2026-01-18 15:26:42.821,9.961
2026-01-18 15:26:42.838,9.961
2026-01-18 15:26:42.838,9.957
2026-01-18 15:26:42.850,9.95
2026-01-18 15:26:42.871,9.95
2026-01-18 15:26:42.871,9.945
2026-01-18 15:26:42.885,9.944
2026-01-18 15:26:42.904,9.939
2026-01-18 15:26:42.916,9.939
2026-01-18 15:26:42.916,9.939
2026-01-18 15:26:42.937,9.938
2026-01-18 15:26:42.954,9.937
2026-01-18 15:26:42.955,9.946
2026-01-18 15:26:42.970,9.956
2026-01-18 15:26:42.985,9.955
2026-01-18 15:26:43.005,9.957
2026-01-18 15:26:43.007,9.955
2026-01-18 15:26:43.021,9.961
2026-01-18 15:26:43.039,9.961
2026-01-18 15:26:43.040,9.963
2026-01-18 15:26:43.055,9.963
2026-01-18 15:26:43.073,9.962
2026-01-18 15:26:43.088,9.962
2026-01-18 15:26:43.088,9.96
2026-01-18 15:26:43.106,9.961
2026-01-18 15:26:43.122,9.955
2026-01-18 15:26:43.138,9.953
2026-01-18 15:26:43.138,9.951
2026-01-18 15:26:43.154,9.949
2026-01-18 15:26:43.171,9.946
2026-01-18 15:26:43.171,9.947
2026-01-18 15:26:43.188,9.948
2026-01-18 15:26:43.205,9.946
2026-01-18 15:26:43.206,9.952
2026-01-18 15:26:43.220,9.952
2026-01-18 15:26:43.239,9.957
2026-01-18 15:26:43.254,9.959
2026-01-18 15:26:43.254,9.962
2026-01-18 15:26:43.270,9.962
2026-01-18 15:26:43.286,9.962
2026-01-18 15:26:43.303,9.96
2026-01-18 15:26:43.303,9.954
2026-01-18 15:26:43.322,9.948
2026-01-18 15:26:43.338,9.946
2026-01-18 15:26:43.338,9.942
2026-01-18 15:26:43.353,9.944
2026-01-18 15:26:43.372,9.95
2026-01-18 15:26:43.389,9.955
2026-01-18 15:26:43.389,9.956
2026-01-18 15:26:43.404,9.957
2026-01-18 15:26:43.424,9.953
2026-01-18 15:26:43.424,9.953
2026-01-18 15:26:43.439,9.951
2026-01-18 15:26:43.459,9.945
2026-01-18 15:26:43.459,9.945
2026-01-18 15:26:43.480,9.953
2026-01-18 15:26:43.491,9.961
2026-01-18 15:26:43.498,9.966
2026-01-18 15:26:43.520,9.963
2026-01-18 15:26:43.520,9.963
2026-01-18 15:26:43.530,9.962
2026-01-18 15:26:43.554,9.959
2026-01-18 15:26:43.573,9.955
2026-01-18 15:26:43.587,9.953
2026-01-18 15:26:43.603,9.955
2026-01-18 15:26:43.620,9.959
2026-01-18 15:26:43.629,9.957
2026-01-18 15:26:43.662,9.957
2026-01-18 15:26:43.662,9.955
2026-01-18 15:26:43.662,9.948
2026-01-18 15:26:43.676,9.943
2026-01-18 15:26:43.688,9.943
2026-01-18 15:26:43.704,9.938
2026-01-18 15:26:43.720,9.938
2026-01-18 15:26:43.736,9.949
2026-01-18 15:26:43.736,9.95
2026-01-18 15:26:43.752,9.955
2026-01-18 15:26:43.767,9.957
2026-01-18 15:26:43.767,9.959
2026-01-18 15:26:43.785,9.953
2026-01-18 15:26:43.804,9.951
2026-01-18 15:26:43.821,9.943
2026-01-18 15:26:43.821,9.939
2026-01-18 15:26:43.836,9.938
2026-01-18 15:26:43.856,9.95
2026-01-18 15:26:43.856,9.953
2026-01-18 15:26:43.873,9.957
2026-01-18 15:26:43.887,9.956
2026-01-18 15:26:43.895,9.959
2026-01-18 15:26:43.895,9.957
2026-01-18 15:26:43.921,9.952
2026-01-18 15:26:43.936,9.949
2026-01-18 15:26:43.953,9.945
2026-01-18 15:26:43.953,9.945
2026-01-18 15:26:43.970,9.954
2026-01-18 15:26:43.979,9.957
2026-01-18 15:26:43.988,9.957
2026-01-18 15:26:43.988,9.954
2026-01-18 15:26:44.021,9.954
2026-01-18 15:26:44.036,9.953
2026-01-18 15:26:44.036,9.951
2026-01-18 15:26:44.051,9.95
2026-01-18 15:26:44.068,9.952
2026-01-18 15:26:44.068,9.95
2026-01-18 15:26:44.087,9.953
2026-01-18 15:26:44.123,9.961
2026-01-18 15:26:44.125,9.975
2026-01-18 15:26:44.125,9.976
2026-01-18 15:26:44.133,9.975
2026-01-18 15:26:44.153,9.969
2026-01-18 15:26:44.153,9.961
2026-01-18 15:26:44.166,9.959
2026-01-18 15:26:44.187,9.955
2026-01-18 15:26:44.195,9.952
2026-01-18 15:26:44.195,9.953
2026-01-18 15:26:44.211,9.951
2026-01-18 15:26:44.230,9.958
2026-01-18 15:26:44.242,9.959
2026-01-18 15:26:44.242,9.958
2026-01-18 15:26:44.267,9.965
2026-01-18 15:26:44.275,9.965
2026-01-18 15:26:44.275,9.963
2026-01-18 15:26:44.291,9.961
2026-01-18 15:26:44.307,9.961
2026-01-18 15:26:44.323,9.959
2026-01-18 15:26:44.323,9.955
2026-01-18 15:26:44.339,9.947
2026-01-18 15:26:44.367,9.945
2026-01-18 15:26:44.371,9.947
2026-01-18 15:26:44.388,9.955
2026-01-18 15:26:44.403,9.962
2026-01-18 15:26:44.419,9.969
2026-01-18 15:26:44.419,9.97
2026-01-18 15:26:44.435,9.974
2026-01-18 15:26:44.451,9.977
2026-01-18 15:26:44.467,9.973
2026-01-18 15:26:44.467,9.969
2026-01-18 15:26:44.487,9.965
2026-01-18 15:26:44.498,9.96
2026-01-18 15:26:44.498,9.958
2026-01-18 15:26:44.514,9.955
2026-01-18 15:26:44.530,9.98
2026-01-18 15:26:44.546,9.973
2026-01-18 15:26:44.546,9.979
2026-01-18 15:26:44.567,9.983
2026-01-18 15:26:44.577,9.987
2026-01-18 15:26:44.577,9.985
2026-01-18 15:26:44.593,9.986
2026-01-18 15:26:44.611,9.981
2026-01-18 15:26:44.636,9.973
2026-01-18 15:26:44.636,9.971
2026-01-18 15:26:44.661,9.964
2026-01-18 15:26:44.661,9.961
2026-01-18 15:26:44.671,9.962
2026-01-18 15:26:44.686,9.97
2026-01-18 15:26:44.704,9.97
2026-01-18 15:26:44.721,9.972
2026-01-18 15:26:44.721,9.974
2026-01-18 15:26:44.738,9.971
2026-01-18 15:26:44.754,9.97
2026-01-18 15:26:44.754,9.968
2026-01-18 15:26:44.767,9.963
2026-01-18 15:26:44.784,9.96
2026-01-18 15:26:44.804,9.96
2026-01-18 15:26:44.804,9.959
2026-01-18 15:26:44.814,9.964
2026-01-18 15:26:44.830,9.966
2026-01-18 15:26:44.853,9.966
2026-01-18 15:26:44.853,9.966
2026-01-18 15:26:44.868,9.964
2026-01-18 15:26:44.878,9.959
2026-01-18 15:26:44.878,9.956
2026-01-18 15:26:44.903,9.955
2026-01-18 15:26:44.910,9.952
2026-01-18 15:26:44.936,9.962
2026-01-18 15:26:44.936,9.965
2026-01-18 15:26:44.942,9.961
2026-01-18 15:26:44.968,9.96
2026-01-18 15:26:44.968,9.958
2026-01-18 15:26:44.986,9.957
2026-01-18 15:26:45.004,9.955
2026-01-18 15:26:45.019,9.95
2026-01-18 15:26:45.019,9.959
2026-01-18 15:26:45.036,9.965
2026-01-18 15:26:45.053,9.962
2026-01-18 15:26:45.053,9.964
2026-01-18 15:26:45.071,9.961
2026-01-18 15:26:45.087,9.955
2026-01-18 15:26:45.105,9.954
2026-01-18 15:26:45.105,9.956
2026-01-18 15:26:45.120,9.963
2026-01-18 15:26:45.136,9.968
2026-01-18 15:26:45.154,9.968
2026-01-18 15:26:45.155,9.967
2026-01-18 15:26:45.170,9.961
2026-01-18 15:26:45.182,9.958
2026-01-18 15:26:45.182,9.956
2026-01-18 15:26:45.203,9.966
2026-01-18 15:26:45.220,9.968
2026-01-18 15:26:45.229,9.967
2026-01-18 15:26:45.229,9.967
2026-01-18 15:26:45.245,9.98
2026-01-18 15:26:45.270,9.974
2026-01-18 15:26:45.278,9.967
2026-01-18 15:26:45.278,9.971
2026-01-18 15:26:45.303,9.972
2026-01-18 15:26:45.311,9.974
2026-01-18 15:26:45.311,9.971
2026-01-18 15:26:45.328,9.965
2026-01-18 15:26:45.354,9.963
2026-01-18 15:26:45.371,9.973
2026-01-18 15:26:45.371,9.976
2026-01-18 15:26:45.387,9.976
2026-01-18 15:26:45.404,9.975
2026-01-18 15:26:45.404,9.974
2026-01-18 15:26:45.420,9.968
2026-01-18 15:26:45.435,9.973
2026-01-18 15:26:45.453,9.977
2026-01-18 15:26:45.453,9.978
2026-01-18 15:26:45.492,9.975
2026-01-18 15:26:45.492,9.967
2026-01-18 15:26:45.492,9.958
2026-01-18 15:26:45.502,9.956
2026-01-18 15:26:45.521,9.96
2026-01-18 15:26:45.534,9.962
2026-01-18 15:26:45.534,9.965
2026-01-18 15:26:45.553,9.963
2026-01-18 15:26:45.569,9.96
2026-01-18 15:26:45.569,9.955
2026-01-18 15:26:45.586,9.97
2026-01-18 15:26:45.603,9.971
2026-01-18 15:26:45.614,9.971
2026-01-18 15:26:45.614,9.968
2026-01-18 15:26:45.627,9.961
2026-01-18 15:26:45.659,9.96
2026-01-18 15:26:45.659,9.959
2026-01-18 15:26:45.673,9.976
2026-01-18 15:26:45.686,9.974
2026-01-18 15:26:45.703,9.972
2026-01-18 15:26:45.703,9.967
2026-01-18 15:26:45.720,9.964
2026-01-18 15:26:45.737,9.963
2026-01-18 15:26:45.737,9.959
2026-01-18 15:26:45.754,9.955
2026-01-18 15:26:45.787,9.952
2026-01-18 15:26:45.787,9.952
2026-01-18 15:26:45.789,9.957
2026-01-18 15:26:45.803,9.959
2026-01-18 15:26:45.816,9.961
2026-01-18 15:26:45.836,9.966
2026-01-18 15:26:45.836,9.961
2026-01-18 15:26:45.845,9.957
2026-01-18 15:26:45.870,9.954
2026-01-18 15:26:45.887,9.96
2026-01-18 15:26:45.887,9.962
2026-01-18 15:26:45.903,9.966
2026-01-18 15:26:45.919,9.966
2026-01-18 15:26:45.919,9.963
2026-01-18 15:26:45.925,9.961
2026-01-18 15:26:45.945,9.961
2026-01-18 15:26:45.969,9.957
2026-01-18 15:26:45.969,9.956
2026-01-18 15:26:45.973,9.953
2026-01-18 15:26:45.994,9.952
2026-01-18 15:26:45.994,9.961
2026-01-18 15:26:46.019,9.966
2026-01-18 15:26:46.036,9.968
2026-01-18 15:26:46.052,9.968
2026-01-18 15:26:46.052,9.967
2026-01-18 15:26:46.069,9.964
2026-01-18 15:26:46.086,9.958
2026-01-18 15:26:46.086,9.952
2026-01-18 15:26:46.100,9.954
2026-01-18 15:26:46.116,9.955
2026-01-18 15:26:46.132,9.965
2026-01-18 15:26:46.132,9.967
2026-01-18 15:26:46.147,9.969
2026-01-18 15:26:46.170,9.972
2026-01-18 15:26:46.170,9.97
2026-01-18 15:26:46.184,9.968
2026-01-18 15:26:46.195,9.965
2026-01-18 15:26:46.220,9.96
2026-01-18 15:26:46.229,9.963
2026-01-18 15:26:46.253,9.968
2026-01-18 15:26:46.253,9.967
2026-01-18 15:26:46.270,9.967
2026-01-18 15:26:46.287,9.961
2026-01-18 15:26:46.303,9.957
2026-01-18 15:26:46.305,9.954
2026-01-18 15:26:46.320,9.952
2026-01-18 15:26:46.337,9.953
2026-01-18 15:26:46.354,9.957
2026-01-18 15:26:46.356,9.958
2026-01-18 15:26:46.370,9.962
2026-01-18 15:26:46.388,9.961
2026-01-18 15:26:46.388,9.959
2026-01-18 15:26:46.403,9.961
2026-01-18 15:26:46.419,9.96
2026-01-18 15:26:46.437,9.955
2026-01-18 15:26:46.437,9.948
2026-01-18 15:26:46.449,9.946
2026-01-18 15:26:46.469,9.946
2026-01-18 15:26:46.487,9.953
2026-01-18 15:26:46.487,9.957
2026-01-18 15:26:46.504,9.963
2026-01-18 15:26:46.519,9.966
2026-01-18 15:26:46.519,9.968
2026-01-18 15:26:46.537,9.97
2026-01-18 15:26:46.554,9.973
2026-01-18 15:26:46.569,9.973
2026-01-18 15:26:46.570,9.974
2026-01-18 15:26:46.587,9.968
2026-01-18 15:26:46.603,9.973
2026-01-18 15:26:46.603,9.969
2026-01-18 15:26:46.619,9.969
2026-01-18 15:26:46.625,9.965
2026-01-18 15:26:46.653,9.965
2026-01-18 15:26:46.653,9.961
2026-01-18 15:26:46.672,9.958
2026-01-18 15:26:46.687,9.957
2026-01-18 15:26:46.687,9.956
2026-01-18 15:26:46.703,9.952
2026-01-18 15:26:46.717,9.951
2026-01-18 15:26:46.737,9.949
2026-01-18 15:26:46.737,9.954
2026-01-18 15:26:46.753,9.957
2026-01-18 15:26:46.770,9.961
2026-01-18 15:26:46.771,9.96
2026-01-18 15:26:46.786,9.961
2026-01-18 15:26:46.804,9.97
2026-01-18 15:26:46.819,9.964
2026-01-18 15:26:46.819,9.959
2026-01-18 15:26:46.853,9.96
2026-01-18 15:26:46.856,9.961
2026-01-18 15:26:46.856,9.96
2026-01-18 15:26:46.887,9.965
2026-01-18 15:26:46.887,9.968
2026-01-18 15:26:46.894,9.969
2026-01-18 15:26:46.894,9.965
2026-01-18 15:26:46.910,9.962
2026-01-18 15:26:46.923,9.957
2026-01-18 15:26:46.956,9.955
2026-01-18 15:26:46.958,9.964
2026-01-18 15:26:46.970,9.973
2026-01-18 15:26:46.987,9.971
2026-01-18 15:26:46.987,9.97
2026-01-18 15:26:47.003,9.962
2026-01-18 15:26:47.036,9.96
2026-01-18 15:26:47.036,9.959
2026-01-18 15:26:47.036,9.966
2026-01-18 15:26:47.055,9.97
2026-01-18 15:26:47.070,9.968
2026-01-18 15:26:47.072,9.963
2026-01-18 15:26:47.082,9.96
2026-01-18 15:26:47.103,9.956
2026-01-18 15:26:47.119,9.955
2026-01-18 15:26:47.119,9.957
2026-01-18 15:26:47.136,9.96
2026-01-18 15:26:47.152,9.957
2026-01-18 15:26:47.170,9.954
2026-01-18 15:26:47.170,9.951
2026-01-18 15:26:47.186,9.962
2026-01-18 15:26:47.203,9.964
2026-01-18 15:26:47.203,9.967
2026-01-18 15:26:47.208,9.962
2026-01-18 15:26:47.226,9.973
2026-01-18 15:26:47.252,9.972
2026-01-18 15:26:47.252,9.974
2026-01-18 15:26:47.260,9.973
2026-01-18 15:26:47.276,9.968
2026-01-18 15:26:47.288,9.964
2026-01-18 15:26:47.288,9.962
2026-01-18 15:26:47.320,9.969
2026-01-18 15:26:47.336,9.968
2026-01-18 15:26:47.336,9.964
2026-01-18 15:26:47.353,9.962
2026-01-18 15:26:47.369,9.968
2026-01-18 15:26:47.387,9.968
2026-01-18 15:26:47.388,9.971
2026-01-18 15:26:47.399,9.97
2026-01-18 15:26:47.416,9.968
2026-01-18 15:26:47.416,9.97
2026-01-18 15:26:47.431,9.972
2026-01-18 15:26:47.452,9.974
2026-01-18 15:26:47.452,9.98
2026-01-18 15:26:47.469,9.978
2026-01-18 15:26:47.487,9.978
2026-01-18 15:26:47.503,9.985
2026-01-18 15:26:47.503,9.988
2026-01-18 15:26:47.520,9.982
2026-01-18 15:26:47.537,9.975
2026-01-18 15:26:47.553,9.969
2026-01-18 15:26:47.553,9.974
2026-01-18 15:26:47.570,9.973
2026-01-18 15:26:47.586,9.967
2026-01-18 15:26:47.586,9.963
2026-01-18 15:26:47.603,9.958
2026-01-18 15:26:47.621,9.963
2026-01-18 15:26:47.643,9.966
2026-01-18 15:26:47.643,9.967
2026-01-18 15:26:47.654,9.963
2026-01-18 15:26:47.667,9.965
2026-01-18 15:26:47.667,9.966
2026-01-18 15:26:47.684,9.967
2026-01-18 15:26:47.701,9.965
2026-01-18 15:26:47.720,9.966
2026-01-18 15:26:47.720,9.961
2026-01-18 15:26:47.734,9.963
2026-01-18 15:26:47.753,9.963
2026-01-18 15:26:47.769,9.961
2026-01-18 15:26:47.769,9.959
2026-01-18 15:26:47.786,9.961
2026-01-18 15:26:47.796,9.964
2026-01-18 15:26:47.796,9.96
2026-01-18 15:26:47.819,9.955
2026-01-18 15:26:47.837,9.955
2026-01-18 15:26:47.853,9.96
2026-01-18 15:26:47.853,9.964
2026-01-18 15:26:47.860,9.964
2026-01-18 15:26:47.886,9.964
2026-01-18 15:26:47.886,9.964
2026-01-18 15:26:47.903,9.962
2026-01-18 15:26:47.921,9.96
2026-01-18 15:26:47.936,9.96
2026-01-18 15:26:47.936,9.967
2026-01-18 15:26:47.953,9.971
2026-01-18 15:26:47.969,9.968
2026-01-18 15:26:47.972,9.961
2026-01-18 15:26:47.985,9.97
2026-01-18 15:26:48.019,9.969
2026-01-18 15:26:48.019,9.967
2026-01-18 15:26:48.019,9.96
2026-01-18 15:26:48.040,9.964
2026-01-18 15:26:48.052,9.966
2026-01-18 15:26:48.069,9.966
2026-01-18 15:26:48.069,9.958
2026-01-18 15:26:48.086,9.957
2026-01-18 15:26:48.102,9.969
2026-01-18 15:26:48.102,9.972
2026-01-18 15:26:48.122,9.966
2026-01-18 15:26:48.136,9.965
2026-01-18 15:26:48.146,9.968
2026-01-18 15:26:48.154,9.967
2026-01-18 15:26:48.168,9.963
2026-01-18 15:26:48.174,9.961
2026-01-18 15:26:48.187,9.979
2026-01-18 15:26:48.231,9.976
2026-01-18 15:26:48.231,9.975
2026-01-18 15:26:48.231,9.972
2026-01-18 15:26:48.241,9.972
2026-01-18 15:26:48.252,9.972
2026-01-18 15:26:48.269,9.967
2026-01-18 15:26:48.283,9.961
2026-01-18 15:26:48.283,9.959
2026-01-18 15:26:48.298,9.962
2026-01-18 15:26:48.314,9.962
2026-01-18 15:26:48.314,9.954
2026-01-18 15:26:48.331,9.953
2026-01-18 15:26:48.354,9.96
2026-01-18 15:26:48.354,9.962
2026-01-18 15:26:48.372,9.972
2026-01-18 15:26:48.386,9.964
2026-01-18 15:26:48.402,9.972
2026-01-18 15:26:48.404,9.972
2026-01-18 15:26:48.419,9.982
2026-01-18 15:26:48.436,9.975
2026-01-18 15:26:48.453,9.979
2026-01-18 15:26:48.453,9.98
2026-01-18 15:26:48.474,9.982
2026-01-18 15:26:48.476,9.976
2026-01-18 15:26:48.495,9.969
2026-01-18 15:26:48.505,9.969
2026-01-18 15:26:48.536,9.968
2026-01-18 15:26:48.536,9.969
2026-01-18 15:26:48.551,9.97
2026-01-18 15:26:48.567,9.968
2026-01-18 15:26:48.585,9.965
2026-01-18 15:26:48.585,9.964
2026-01-18 15:26:48.603,9.967
2026-01-18 15:26:48.617,9.963
2026-01-18 15:26:48.617,9.961
2026-01-18 15:26:48.640,9.961
2026-01-18 15:26:48.640,9.96
2026-01-18 15:26:48.662,9.957
2026-01-18 15:26:48.662,9.955
2026-01-18 15:26:48.678,9.959
2026-01-18 15:26:48.702,9.961
2026-01-18 15:26:48.702,9.958
2026-01-18 15:26:48.716,9.954
2026-01-18 15:26:48.726,9.957
2026-01-18 15:26:48.742,9.957
2026-01-18 15:26:48.742,9.955
2026-01-18 15:26:48.764,9.966
2026-01-18 15:26:48.787,9.967
2026-01-18 15:26:48.788,9.963
2026-01-18 15:26:48.801,9.959
2026-01-18 15:26:48.813,9.961
2026-01-18 15:26:48.836,9.96
2026-01-18 15:26:48.837,9.956
2026-01-18 15:26:48.853,9.968
2026-01-18 15:26:48.871,9.963
2026-01-18 15:26:48.871,9.959
2026-01-18 15:26:48.885,9.961
2026-01-18 15:26:48.903,9.967
2026-01-18 15:26:48.917,9.964
2026-01-18 15:26:48.917,9.96
2026-01-18 15:26:48.933,9.962
2026-01-18 15:26:48.949,9.96
2026-01-18 15:26:48.965,9.96
2026-01-18 15:26:48.965,9.959
2026-01-18 15:26:48.986,9.959
2026-01-18 15:26:49.002,9.953
2026-01-18 15:26:49.002,9.954
2026-01-18 15:26:49.016,9.956
2026-01-18 15:26:49.028,9.959
2026-01-18 15:26:49.053,9.955
2026-01-18 15:26:49.053,9.956
2026-01-18 15:26:49.069,9.957
2026-01-18 15:26:49.086,9.957
2026-01-18 15:26:49.086,9.956
2026-01-18 15:26:49.095,9.962
2026-01-18 15:26:49.119,9.964
2026-01-18 15:26:49.137,9.96
2026-01-18 15:26:49.137,9.966
2026-01-18 15:26:49.153,9.965
2026-01-18 15:26:49.161,9.961
2026-01-18 15:26:49.186,9.97
2026-01-18 15:26:49.187,9.969
2026-01-18 15:26:49.202,9.96
2026-01-18 15:26:49.220,9.956
2026-01-18 15:26:49.220,9.961
2026-01-18 15:26:49.235,9.959
2026-01-18 15:26:49.251,9.96
2026-01-18 15:26:49.270,9.96
2026-01-18 15:26:49.270,9.964
2026-01-18 15:26:49.286,9.958
2026-01-18 15:26:49.304,9.955
2026-01-18 15:26:49.304,9.957
2026-01-18 15:26:49.329,9.963
2026-01-18 15:26:49.329,9.965
2026-01-18 15:26:49.340,9.97
2026-01-18 15:26:49.353,9.968
2026-01-18 15:26:49.369,9.962
2026-01-18 15:26:49.386,9.968
2026-01-18 15:26:49.386,9.968
2026-01-18 15:26:49.402,9.96
2026-01-18 15:26:49.475,9.96
2026-01-18 15:26:49.477,9.962
2026-01-18 15:26:49.477,9.958
2026-01-18 15:26:49.477,9.953
2026-01-18 15:26:49.478,9.962
2026-01-18 15:26:49.478,9.961
2026-01-18 15:26:49.488,9.96
2026-01-18 15:26:49.503,9.965
2026-01-18 15:26:49.519,9.964
2026-01-18 15:26:49.519,9.959
2026-01-18 15:26:49.537,9.955
2026-01-18 15:26:49.577,9.961
2026-01-18 15:26:49.577,9.964
2026-01-18 15:26:49.577,9.97
2026-01-18 15:26:49.577,9.962
2026-01-18 15:26:49.602,9.962
2026-01-18 15:26:49.602,9.963
2026-01-18 15:26:49.615,9.958
2026-01-18 15:26:49.635,9.956
2026-01-18 15:26:49.635,9.958
2026-01-18 15:26:49.647,9.955
2026-01-18 15:26:49.663,9.952
2026-01-18 15:26:49.686,9.955
2026-01-18 15:26:49.686,9.958
2026-01-18 15:26:49.697,9.956
2026-01-18 15:26:49.719,9.95
2026-01-18 15:26:49.735,9.957
2026-01-18 15:26:49.735,9.96
2026-01-18 15:26:49.752,9.96
2026-01-18 15:26:49.759,9.957
2026-01-18 15:26:49.787,9.961
2026-01-18 15:26:49.787,9.962
2026-01-18 15:26:49.803,9.958
2026-01-18 15:26:49.812,9.953
2026-01-18 15:26:49.812,9.962
2026-01-18 15:26:49.825,9.963
2026-01-18 15:26:49.852,9.96
2026-01-18 15:26:49.868,9.96
2026-01-18 15:26:49.870,9.963
2026-01-18 15:26:49.886,9.962
2026-01-18 15:26:49.903,9.958
2026-01-18 15:26:49.920,9.961
2026-01-18 15:26:49.935,9.959
2026-01-18 15:26:49.953,9.954
2026-01-18 15:26:49.954,9.954
2026-01-18 15:26:49.969,9.954
2026-01-18 15:26:49.983,9.954
2026-01-18 15:26:49.983,9.952
2026-01-18 15:26:50.003,9.955
2026-01-18 15:26:50.019,9.95
2026-01-18 15:26:50.035,9.945
2026-01-18 15:26:50.035,9.951
2026-01-18 15:26:50.045,9.952
2026-01-18 15:26:50.069,9.947
2026-01-18 15:26:50.086,9.947
2026-01-18 15:26:50.086,9.948
2026-01-18 15:26:50.102,9.946
2026-01-18 15:26:50.119,9.944
2026-01-18 15:26:50.119,9.957
2026-01-18 15:26:50.135,9.956
2026-01-18 15:26:50.152,9.952
2026-01-18 15:26:50.169,9.96
2026-01-18 15:26:50.169,9.963
2026-01-18 15:26:50.186,9.96
2026-01-18 15:26:50.204,9.959
2026-01-18 15:26:50.204,9.96
2026-01-18 15:26:50.219,9.956
2026-01-18 15:26:50.236,9.953
2026-01-18 15:26:50.252,9.956
2026-01-18 15:26:50.253,9.956
2026-01-18 15:26:50.269,9.952
2026-01-18 15:26:50.285,9.957
2026-01-18 15:26:50.302,9.956
2026-01-18 15:26:50.304,9.953
2026-01-18 15:26:50.320,9.96
2026-01-18 15:26:50.336,9.961
2026-01-18 15:26:50.336,9.959
2026-01-18 15:26:50.352,9.966
2026-01-18 15:26:50.369,9.965
2026-01-18 15:26:50.385,9.961
2026-01-18 15:26:50.386,9.967
2026-01-18 15:26:50.402,9.967
2026-01-18 15:26:50.419,9.961
2026-01-18 15:26:50.419,9.966
2026-01-18 15:26:50.435,9.966
2026-01-18 15:26:50.441,9.962
2026-01-18 15:26:50.457,9.965
2026-01-18 15:26:50.457,9.965
2026-01-18 15:26:50.485,9.957
2026-01-18 15:26:50.502,9.961
2026-01-18 15:26:50.502,9.962
2026-01-18 15:26:50.519,9.959
2026-01-18 15:26:50.536,9.955
2026-01-18 15:26:50.553,9.962
2026-01-18 15:26:50.553,9.961
2026-01-18 15:26:50.567,9.958
2026-01-18 15:26:50.585,9.955
2026-01-18 15:26:50.585,9.968
2026-01-18 15:26:50.602,9.966
2026-01-18 15:26:50.620,9.961
2026-01-18 15:26:50.636,9.96
2026-01-18 15:26:50.636,9.964
2026-01-18 15:26:50.647,9.968
2026-01-18 15:26:50.647,9.967
2026-01-18 15:26:50.680,9.959
2026-01-18 15:26:50.680,9.957
2026-01-18 15:26:50.703,9.968
2026-01-18 15:26:50.719,9.977
2026-01-18 15:26:50.719,9.974
2026-01-18 15:26:50.735,9.965
2026-01-18 15:26:50.753,9.961
2026-01-18 15:26:50.768,9.968
2026-01-18 15:26:50.768,9.973
2026-01-18 15:26:50.786,9.971
2026-01-18 15:26:50.789,9.968
2026-01-18 15:26:50.789,9.959
2026-01-18 15:26:50.809,9.955
2026-01-18 15:26:50.836,9.959
2026-01-18 15:26:50.853,9.969
2026-01-18 15:26:50.853,9.969
2026-01-18 15:26:50.869,9.967
2026-01-18 15:26:50.886,9.963
2026-01-18 15:26:50.886,9.96
2026-01-18 15:26:50.903,9.956
2026-01-18 15:26:50.941,9.964
2026-01-18 15:26:50.942,9.973
2026-01-18 15:26:50.942,9.976
2026-01-18 15:26:50.953,9.974
2026-01-18 15:26:50.963,9.973
2026-01-18 15:26:50.985,9.971
2026-01-18 15:26:50.985,9.969
2026-01-18 15:26:51.003,9.966
2026-01-18 15:26:51.019,9.961
2026-01-18 15:26:51.019,9.959
2026-01-18 15:26:51.036,9.958
2026-01-18 15:26:51.047,9.967
2026-01-18 15:26:51.069,9.967
2026-01-18 15:26:51.069,9.964
2026-01-18 15:26:51.085,9.96
2026-01-18 15:26:51.102,9.957
2026-01-18 15:26:51.102,9.955
2026-01-18 15:26:51.118,9.957
2026-01-18 15:26:51.135,9.97
2026-01-18 15:26:51.139,9.971
2026-01-18 15:26:51.139,9.97
2026-01-18 15:26:51.170,9.969
2026-01-18 15:26:51.185,9.964
2026-01-18 15:26:51.185,9.969
2026-01-18 15:26:51.203,9.967
2026-01-18 15:26:51.219,9.966
2026-01-18 15:26:51.235,9.966
2026-01-18 15:26:51.237,9.963
2026-01-18 15:26:51.253,9.96
2026-01-18 15:26:51.269,9.956
2026-01-18 15:26:51.286,9.957
2026-01-18 15:26:51.287,9.962
2026-01-18 15:26:51.302,9.961
2026-01-18 15:26:51.318,9.963
2026-01-18 15:26:51.318,9.963
2026-01-18 15:26:51.336,9.958
2026-01-18 15:26:51.352,9.953
2026-01-18 15:26:51.369,9.948
2026-01-18 15:26:51.369,9.951
2026-01-18 15:26:51.385,9.959
2026-01-18 15:26:51.403,9.966
2026-01-18 15:26:51.403,9.969
2026-01-18 15:26:51.419,9.965
2026-01-18 15:26:51.436,9.965
2026-01-18 15:26:51.453,9.957
2026-01-18 15:26:51.453,9.954
2026-01-18 15:26:51.468,9.958
2026-01-18 15:26:51.486,9.965
2026-01-18 15:26:51.486,9.964
2026-01-18 15:26:51.502,9.961
2026-01-18 15:26:51.519,9.959
2026-01-18 15:26:51.536,9.963
2026-01-18 15:26:51.536,9.965
2026-01-18 15:26:51.552,9.966
2026-01-18 15:26:51.569,9.961
2026-01-18 15:26:51.583,9.959
2026-01-18 15:26:51.587,9.959
2026-01-18 15:26:51.598,9.97
2026-01-18 15:26:51.614,9.969
2026-01-18 15:26:51.620,9.969
2026-01-18 15:26:51.636,9.961
2026-01-18 15:26:51.652,9.958
2026-01-18 15:26:51.662,9.96
2026-01-18 15:26:51.662,9.965
2026-01-18 15:26:51.685,9.963
2026-01-18 15:26:51.703,9.958
2026-01-18 15:26:51.703,9.955
2026-01-18 15:26:51.716,9.953
2026-01-18 15:26:51.736,9.963
2026-01-18 15:26:51.752,9.963
2026-01-18 15:26:51.752,9.965
2026-01-18 15:26:51.769,9.972
2026-01-18 15:26:51.786,9.97
2026-01-18 15:26:51.786,9.968
2026-01-18 15:26:51.802,9.965
2026-01-18 15:26:51.820,9.965
2026-01-18 15:26:51.835,9.967
2026-01-18 15:26:51.835,9.971
2026-01-18 15:26:51.846,9.967
2026-01-18 15:26:51.869,9.965
2026-01-18 15:26:51.884,9.96
2026-01-18 15:26:51.884,9.955
2026-01-18 15:26:51.901,9.953
2026-01-18 15:26:51.919,9.952
2026-01-18 15:26:51.919,9.96
2026-01-18 15:26:51.935,9.959
2026-01-18 15:26:51.953,9.96
2026-01-18 15:26:51.969,9.956
2026-01-18 15:26:51.969,9.954
2026-01-18 15:26:51.985,9.953
2026-01-18 15:26:52.003,9.954
2026-01-18 15:26:52.003,9.961
2026-01-18 15:26:52.036,9.964
2026-01-18 15:26:52.053,9.959
2026-01-18 15:26:52.063,9.957
2026-01-18 15:26:52.064,9.958
2026-01-18 15:26:52.085,9.965
2026-01-18 15:26:52.087,9.963
2026-01-18 15:26:52.102,9.959
2026-01-18 15:26:52.119,9.957
2026-01-18 15:26:52.135,9.952
2026-01-18 15:26:52.137,9.95
2026-01-18 15:26:52.152,9.952
2026-01-18 15:26:52.168,9.954
2026-01-18 15:26:52.171,9.955
2026-01-18 15:26:52.185,9.958
2026-01-18 15:26:52.203,9.952
2026-01-18 15:26:52.219,9.956
2026-01-18 15:26:52.219,9.96
2026-01-18 15:26:52.236,9.96
2026-01-18 15:26:52.251,9.957
2026-01-18 15:26:52.268,9.955
2026-01-18 15:26:52.268,9.95
2026-01-18 15:26:52.306,9.952
2026-01-18 15:26:52.308,9.954
2026-01-18 15:26:52.308,9.954
2026-01-18 15:26:52.317,9.951
2026-01-18 15:26:52.335,9.948
2026-01-18 15:26:52.352,9.947
2026-01-18 15:26:52.352,9.954
2026-01-18 15:26:52.369,9.961
2026-01-18 15:26:52.385,9.961
2026-01-18 15:26:52.385,9.955
2026-01-18 15:26:52.402,9.961
2026-01-18 15:26:52.420,9.955
2026-01-18 15:26:52.434,9.956
2026-01-18 15:26:52.436,9.957
2026-01-18 15:26:52.452,9.975
2026-01-18 15:26:52.458,9.97
2026-01-18 15:26:52.492,9.973
2026-01-18 15:26:52.493,9.966
2026-01-18 15:26:52.506,9.974
2026-01-18 15:26:52.506,9.972
2026-01-18 15:26:52.519,9.971
2026-01-18 15:26:52.532,9.964
2026-01-18 15:26:52.552,9.961
2026-01-18 15:26:52.569,9.956
2026-01-18 15:26:52.569,9.966
2026-01-18 15:26:52.585,9.971
2026-01-18 15:26:52.602,9.967
2026-01-18 15:26:52.602,9.974
2026-01-18 15:26:52.612,9.969
2026-01-18 15:26:52.631,9.966
2026-01-18 15:26:52.652,9.968
2026-01-18 15:26:52.652,9.967
2026-01-18 15:26:52.660,9.96
2026-01-18 15:26:52.693,9.963
2026-01-18 15:26:52.694,9.966
2026-01-18 15:26:52.702,9.966
2026-01-18 15:26:52.719,9.962
2026-01-18 15:26:52.724,9.955
2026-01-18 15:26:52.724,9.951
2026-01-18 15:26:52.752,9.957
2026-01-18 15:26:52.768,9.96
2026-01-18 15:26:52.785,9.959
2026-01-18 15:26:52.787,9.955
2026-01-18 15:26:52.802,9.96
2026-01-18 15:26:52.819,9.964
2026-01-18 15:26:52.820,9.959
2026-01-18 15:26:52.835,9.955
2026-01-18 15:26:52.852,9.952
2026-01-18 15:26:52.869,9.957
2026-01-18 15:26:52.870,9.958
2026-01-18 15:26:52.886,9.958
2026-01-18 15:26:52.901,9.956
2026-01-18 15:26:52.901,9.958
2026-01-18 15:26:52.916,9.959
2026-01-18 15:26:52.936,9.953
2026-01-18 15:26:52.952,9.952
2026-01-18 15:26:52.952,9.95
2026-01-18 15:26:52.962,9.955
2026-01-18 15:26:52.986,9.955
2026-01-18 15:26:52.986,9.955
2026-01-18 15:26:52.995,9.951
2026-01-18 15:26:53.018,9.951
2026-01-18 15:26:53.035,9.96
2026-01-18 15:26:53.035,9.959
2026-01-18 15:26:53.051,9.951
2026-01-18 15:26:53.060,9.949
2026-01-18 15:26:53.086,9.947
2026-01-18 15:26:53.086,9.951
2026-01-18 15:26:53.102,9.955
2026-01-18 15:26:53.119,9.949
2026-01-18 15:26:53.120,9.953
2026-01-18 15:26:53.124,9.961
2026-01-18 15:26:53.154,9.961
2026-01-18 15:26:53.154,9.956
2026-01-18 15:26:53.167,9.947
2026-01-18 15:26:53.187,9.959
2026-01-18 15:26:53.202,9.968
2026-01-18 15:26:53.202,9.967
2026-01-18 15:26:53.216,9.96
2026-01-18 15:26:53.235,9.964
2026-01-18 15:26:53.253,9.967
2026-01-18 15:26:53.253,9.964
2026-01-18 15:26:53.269,9.957
2026-01-18 15:26:53.283,9.955
2026-01-18 15:26:53.283,9.958
2026-01-18 15:26:53.296,9.958
2026-01-18 15:26:53.318,9.954
2026-01-18 15:26:53.327,9.959
2026-01-18 15:26:53.327,9.958
2026-01-18 15:26:53.344,9.962
2026-01-18 15:26:53.369,9.963
2026-01-18 15:26:53.386,9.956
2026-01-18 15:26:53.387,9.953
2026-01-18 15:26:53.402,9.952
2026-01-18 15:26:53.418,9.97
2026-01-18 15:26:53.420,9.966
2026-01-18 15:26:53.435,9.962
2026-01-18 15:26:53.451,9.969
2026-01-18 15:26:53.469,9.967
2026-01-18 15:26:53.469,9.966
2026-01-18 15:26:53.486,9.962
2026-01-18 15:26:53.503,9.958
2026-01-18 15:26:53.503,9.962
2026-01-18 15:26:53.519,9.963
2026-01-18 15:26:53.536,9.958
2026-01-18 15:26:53.551,9.95
2026-01-18 15:26:53.551,9.95
2026-01-18 15:26:53.568,9.955
2026-01-18 15:26:53.583,9.959
2026-01-18 15:26:53.597,9.953
2026-01-18 15:26:53.597,9.95
2026-01-18 15:26:53.618,9.961
2026-01-18 15:26:53.635,9.968
2026-01-18 15:26:53.635,9.968
2026-01-18 15:26:53.669,9.96
2026-01-18 15:26:53.681,9.955
2026-01-18 15:26:53.681,9.958
2026-01-18 15:26:53.687,9.957
2026-01-18 15:26:53.713,9.956
2026-01-18 15:26:53.713,9.95
2026-01-18 15:26:53.725,9.95
2026-01-18 15:26:53.729,9.953
2026-01-18 15:26:53.753,9.959
2026-01-18 15:26:53.768,9.957
2026-01-18 15:26:53.768,9.956
2026-01-18 15:26:53.785,9.955
2026-01-18 15:26:53.792,9.96
2026-01-18 15:26:53.803,9.96
2026-01-18 15:26:53.806,9.957
2026-01-18 15:26:53.841,9.952
2026-01-18 15:26:53.841,9.957
2026-01-18 15:26:53.853,9.96
2026-01-18 15:26:53.869,9.96
2026-01-18 15:26:53.885,9.957
2026-01-18 15:26:53.885,9.953
2026-01-18 15:26:53.901,9.959
2026-01-18 15:26:53.915,9.961
2026-01-18 15:26:53.935,9.961
2026-01-18 15:26:53.935,9.956
2026-01-18 15:26:53.949,9.954
2026-01-18 15:26:53.969,9.961
2026-01-18 15:26:53.986,9.965
2026-01-18 15:26:53.986,9.962
2026-01-18 15:26:54.003,9.955
2026-01-18 15:26:54.018,9.952
2026-01-18 15:26:54.019,9.953
2026-01-18 15:26:54.035,9.959
2026-01-18 15:26:54.052,9.957
2026-01-18 15:26:54.070,9.951
2026-01-18 15:26:54.084,9.959
2026-01-18 15:26:54.102,9.96
2026-01-18 15:26:54.119,9.963
2026-01-18 15:26:54.119,9.959
2026-01-18 15:26:54.135,9.954
2026-01-18 15:26:54.152,9.958
2026-01-18 15:26:54.152,9.965
2026-01-18 15:26:54.169,9.973
2026-01-18 15:26:54.184,9.973
2026-01-18 15:26:54.184,9.972
2026-01-18 15:26:54.201,9.968
2026-01-18 15:26:54.215,9.961
2026-01-18 15:26:54.235,9.957
2026-01-18 15:26:54.235,9.954
2026-01-18 15:26:54.251,9.954
2026-01-18 15:26:54.268,9.956
2026-01-18 15:26:54.285,9.961
2026-01-18 15:26:54.285,9.965
2026-01-18 15:26:54.301,9.96
2026-01-18 15:26:54.318,9.955
2026-01-18 15:26:54.318,9.954
2026-01-18 15:26:54.335,9.95
2026-01-18 15:26:54.353,9.95
2026-01-18 15:26:54.368,9.951
2026-01-18 15:26:54.385,9.954
2026-01-18 15:26:54.402,9.954
2026-01-18 15:26:54.402,9.95
2026-01-18 15:26:54.419,9.953
2026-01-18 15:26:54.437,9.953
2026-01-18 15:26:54.452,9.955
2026-01-18 15:26:54.452,9.957
2026-01-18 15:26:54.468,9.959
2026-01-18 15:26:54.486,9.956
2026-01-18 15:26:54.486,9.954
2026-01-18 15:26:54.502,9.95
2026-01-18 15:26:54.519,9.957
2026-01-18 15:26:54.537,9.963
2026-01-18 15:26:54.552,9.963
2026-01-18 15:26:54.568,9.96
2026-01-18 15:26:54.586,9.957
2026-01-18 15:26:54.586,9.958
2026-01-18 15:26:54.601,9.96
2026-01-18 15:26:54.618,9.967
2026-01-18 15:26:54.618,9.968
2026-01-18 15:26:54.636,9.97
2026-01-18 15:26:54.652,9.967
2026-01-18 15:26:54.670,9.964
2026-01-18 15:26:54.670,9.96
2026-01-18 15:26:54.687,9.962
2026-01-18 15:26:54.709,9.966
2026-01-18 15:26:54.709,9.97
2026-01-18 15:26:54.714,9.971
2026-01-18 15:26:54.735,9.968
2026-01-18 15:26:54.751,9.968
2026-01-18 15:26:54.751,9.967
2026-01-18 15:26:54.754,9.961
2026-01-18 15:26:54.786,9.957
2026-01-18 15:26:54.803,9.955
2026-01-18 15:26:54.803,9.966
2026-01-18 15:26:54.816,9.97
2026-01-18 15:26:54.832,9.974
2026-01-18 15:26:54.832,9.973
2026-01-18 15:26:54.849,9.976
2026-01-18 15:26:54.865,9.975
2026-01-18 15:26:54.883,9.975
2026-01-18 15:26:54.883,9.967
2026-01-18 15:26:54.902,9.969
2026-01-18 15:26:54.918,9.962
2026-01-18 15:26:54.918,9.959
2026-01-18 15:26:54.934,9.959
2026-01-18 15:26:54.951,9.968
2026-01-18 15:26:54.968,9.972
2026-01-18 15:26:54.968,9.972
2026-01-18 15:26:54.983,9.971
2026-01-18 15:26:54.993,9.971
2026-01-18 15:26:54.993,9.966
2026-01-18 15:26:55.053,9.961
2026-01-18 15:26:55.053,9.958
2026-01-18 15:26:55.053,9.964
2026-01-18 15:26:55.053,9.967
2026-01-18 15:26:55.053,9.966
2026-01-18 15:26:55.087,9.965
2026-01-18 15:26:55.087,9.963
2026-01-18 15:26:55.101,9.962
2026-01-18 15:26:55.118,9.959
2026-01-18 15:26:55.136,9.97
2026-01-18 15:26:55.136,9.971
2026-01-18 15:26:55.151,9.97
2026-01-18 15:26:55.168,9.966
2026-01-18 15:26:55.186,9.969
2026-01-18 15:26:55.186,9.964
2026-01-18 15:26:55.201,9.96
2026-01-18 15:26:55.218,9.967
2026-01-18 15:26:55.218,9.967
2026-01-18 15:26:55.234,9.965
2026-01-18 15:26:55.245,9.96
2026-01-18 15:26:55.268,9.96
2026-01-18 15:26:55.268,9.961
2026-01-18 15:26:55.286,9.967
2026-01-18 15:26:55.302,9.967
2026-01-18 15:26:55.302,9.964
2026-01-18 15:26:55.314,9.963
2026-01-18 15:26:55.325,9.959
2026-01-18 15:26:55.351,9.956
2026-01-18 15:26:55.351,9.954
2026-01-18 15:26:55.368,9.959
2026-01-18 15:26:55.384,9.971
2026-01-18 15:26:55.402,9.969
2026-01-18 15:26:55.402,9.971
2026-01-18 15:26:55.418,9.971
2026-01-18 15:26:55.434,9.965
2026-01-18 15:26:55.434,9.961
2026-01-18 15:26:55.453,9.958
2026-01-18 15:26:55.468,9.957
2026-01-18 15:26:55.485,9.964
2026-01-18 15:26:55.486,9.97
2026-01-18 15:26:55.502,9.971
2026-01-18 15:26:55.514,9.97
2026-01-18 15:26:55.514,9.966
2026-01-18 15:26:55.536,9.961
2026-01-18 15:26:55.551,9.954
2026-01-18 15:26:55.568,9.955
2026-01-18 15:26:55.568,9.962
2026-01-18 15:26:55.585,9.968
2026-01-18 15:26:55.602,9.973
2026-01-18 15:26:55.602,9.97
2026-01-18 15:26:55.618,9.964
2026-01-18 15:26:55.634,9.963
2026-01-18 15:26:55.651,9.96
2026-01-18 15:26:55.653,9.964
2026-01-18 15:26:55.669,9.966
2026-01-18 15:26:55.686,9.963
2026-01-18 15:26:55.686,9.963
2026-01-18 15:26:55.708,9.96
2026-01-18 15:26:55.722,9.956
2026-01-18 15:26:55.724,9.951
2026-01-18 15:26:55.735,9.949
2026-01-18 15:26:55.752,9.952
2026-01-18 15:26:55.767,9.951
2026-01-18 15:26:55.785,9.952
2026-01-18 15:26:55.785,9.954
2026-01-18 15:26:55.798,9.952
2026-01-18 15:26:55.814,9.95
2026-01-18 15:26:55.814,9.95
2026-01-18 15:26:55.835,9.955
2026-01-18 15:26:55.849,9.962
2026-01-18 15:26:55.865,9.96
2026-01-18 15:26:55.865,9.961
2026-01-18 15:26:55.885,9.959
2026-01-18 15:26:55.893,9.955
2026-01-18 15:26:55.893,9.951
2026-01-18 15:26:55.909,9.951
2026-01-18 15:26:55.936,9.949
2026-01-18 15:26:55.943,9.956
2026-01-18 15:26:55.943,9.962
2026-01-18 15:26:55.968,9.963
2026-01-18 15:26:55.985,9.961
2026-01-18 15:26:56.002,9.959
2026-01-18 15:26:56.002,9.952
2026-01-18 15:26:56.018,9.95
2026-01-18 15:26:56.034,9.945
2026-01-18 15:26:56.034,9.947
2026-01-18 15:26:56.052,9.957
2026-01-18 15:26:56.070,9.962
2026-01-18 15:26:56.070,9.965
2026-01-18 15:26:56.085,9.967
2026-01-18 15:26:56.103,9.966
2026-01-18 15:26:56.115,9.963
2026-01-18 15:26:56.115,9.959
2026-01-18 15:26:56.132,9.958
2026-01-18 15:26:56.147,9.956
2026-01-18 15:26:56.168,9.95
2026-01-18 15:26:56.168,9.957
2026-01-18 15:26:56.185,9.961
2026-01-18 15:26:56.201,9.961
2026-01-18 15:26:56.218,9.966
2026-01-18 15:26:56.218,9.962
2026-01-18 15:26:56.235,9.959
2026-01-18 15:26:56.242,9.956
2026-01-18 15:26:56.242,9.954
2026-01-18 15:26:56.268,9.959
2026-01-18 15:26:56.285,9.964
2026-01-18 15:26:56.290,9.966
2026-01-18 15:26:56.290,9.967
2026-01-18 15:26:56.318,9.967
2026-01-18 15:26:56.329,9.963
2026-01-18 15:26:56.329,9.96
2026-01-18 15:26:56.351,9.956
2026-01-18 15:26:56.395,9.957
2026-01-18 15:26:56.396,9.966
2026-01-18 15:26:56.397,9.972
2026-01-18 15:26:56.397,9.97
2026-01-18 15:26:56.407,9.965
2026-01-18 15:26:56.418,9.962
2026-01-18 15:26:56.432,9.957
2026-01-18 15:26:56.449,9.958
2026-01-18 15:26:56.468,9.966
2026-01-18 15:26:56.468,9.967
2026-01-18 15:26:56.481,9.967
2026-01-18 15:26:56.502,9.962
2026-01-18 15:26:56.502,9.954
2026-01-18 15:26:56.517,9.953
2026-01-18 15:26:56.529,9.967
2026-01-18 15:26:56.545,9.969
2026-01-18 15:26:56.545,9.967
2026-01-18 15:26:56.568,9.964
2026-01-18 15:26:56.586,9.959
2026-01-18 15:26:56.592,9.953
2026-01-18 15:26:56.592,9.954
2026-01-18 15:26:56.618,9.96
2026-01-18 15:26:56.624,9.962
2026-01-18 15:26:56.624,9.955
2026-01-18 15:26:56.651,9.95
2026-01-18 15:26:56.667,9.95
2026-01-18 15:26:56.684,9.949
2026-01-18 15:26:56.686,9.955
2026-01-18 15:26:56.707,9.957
2026-01-18 15:26:56.707,9.956
2026-01-18 15:26:56.719,9.953
2026-01-18 15:26:56.733,9.949
2026-01-18 15:26:56.751,9.947
2026-01-18 15:26:56.768,9.955
2026-01-18 15:26:56.768,9.956
2026-01-18 15:26:56.782,9.955
2026-01-18 15:26:56.802,9.953
2026-01-18 15:26:56.802,9.95
2026-01-18 15:26:56.818,9.957
2026-01-18 15:26:56.835,9.958
2026-01-18 15:26:56.850,9.96
2026-01-18 15:26:56.852,9.96
2026-01-18 15:26:56.871,9.953
2026-01-18 15:26:56.884,9.949
2026-01-18 15:26:56.886,9.958
2026-01-18 15:26:56.902,9.962
2026-01-18 15:26:56.918,9.958
2026-01-18 15:26:56.935,9.952
2026-01-18 15:26:56.935,9.948
2026-01-18 15:26:56.951,9.948
2026-01-18 15:26:56.969,9.952
2026-01-18 15:26:56.983,9.954
2026-01-18 15:26:56.985,9.951
2026-01-18 15:26:57.002,9.951
2026-01-18 15:26:57.018,9.961
2026-01-18 15:26:57.018,9.965
2026-01-18 15:26:57.033,9.959
2026-01-18 15:26:57.052,9.954
2026-01-18 15:26:57.068,9.951
2026-01-18 15:26:57.068,9.951
2026-01-18 15:26:57.084,9.953
2026-01-18 15:26:57.101,9.953
2026-01-18 15:26:57.114,9.948
2026-01-18 15:26:57.114,9.945
2026-01-18 15:26:57.132,9.949
2026-01-18 15:26:57.146,9.95
2026-01-18 15:26:57.146,9.947
2026-01-18 15:26:57.164,9.947
2026-01-18 15:26:57.179,9.955
2026-01-18 15:26:57.194,9.956
2026-01-18 15:26:57.194,9.953
2026-01-18 15:26:57.212,9.95
2026-01-18 15:26:57.228,9.947
2026-01-18 15:26:57.236,9.95
2026-01-18 15:26:57.245,9.964
2026-01-18 15:26:57.258,9.957
2026-01-18 15:26:57.286,9.96
2026-01-18 15:26:57.287,9.965
2026-01-18 15:26:57.328,9.969
2026-01-18 15:26:57.330,9.963
2026-01-18 15:26:57.330,9.96
2026-01-18 15:26:57.330,9.966
2026-01-18 15:26:57.344,9.965
2026-01-18 15:26:57.356,9.966
2026-01-18 15:26:57.368,9.958
2026-01-18 15:26:57.385,9.963
2026-01-18 15:26:57.399,9.967
2026-01-18 15:26:57.399,9.972
2026-01-18 15:26:57.413,9.967
2026-01-18 15:26:57.429,9.962
2026-01-18 15:26:57.451,9.964
2026-01-18 15:26:57.452,9.97
2026-01-18 15:26:57.467,9.965
2026-01-18 15:26:57.485,9.958
2026-01-18 15:26:57.501,9.956
2026-01-18 15:26:57.501,9.959
2026-01-18 15:26:57.509,9.962
2026-01-18 15:26:57.534,9.958
2026-01-18 15:26:57.534,9.958
2026-01-18 15:26:57.539,9.964
2026-01-18 15:26:57.558,9.966
2026-01-18 15:26:57.570,9.96
2026-01-18 15:26:57.570,9.956
2026-01-18 15:26:57.588,9.955
2026-01-18 15:26:57.619,9.955
2026-01-18 15:26:57.619,9.957
2026-01-18 15:26:57.635,9.959
2026-01-18 15:26:57.650,9.957
2026-01-18 15:26:57.666,9.957
2026-01-18 15:26:57.666,9.971
2026-01-18 15:26:57.688,9.976
2026-01-18 15:26:57.688,9.974
2026-01-18 15:26:57.704,9.972
2026-01-18 15:26:57.718,9.966
2026-01-18 15:26:57.754,9.96
2026-01-18 15:26:57.754,9.971
2026-01-18 15:26:57.754,9.971
2026-01-18 15:26:57.764,9.966
2026-01-18 15:26:57.785,9.962
2026-01-18 15:26:57.802,9.969
2026-01-18 15:26:57.802,9.972
2026-01-18 15:26:57.817,9.969
2026-01-18 15:26:57.834,9.965
2026-01-18 15:26:57.834,9.961
2026-01-18 15:26:57.851,9.969
2026-01-18 15:26:57.867,9.97
2026-01-18 15:26:57.885,9.967
2026-01-18 15:26:57.886,9.965
2026-01-18 15:26:57.901,9.965
2026-01-18 15:26:57.918,9.964
2026-01-18 15:26:57.918,9.96
2026-01-18 15:26:57.936,9.958
2026-01-18 15:26:57.951,9.962
2026-01-18 15:26:57.968,9.963
2026-01-18 15:26:57.968,9.963
2026-01-18 15:26:57.982,9.962
2026-01-18 15:26:58.001,9.964
2026-01-18 15:26:58.018,9.961
2026-01-18 15:26:58.018,9.96
2026-01-18 15:26:58.034,9.961
2026-01-18 15:26:58.052,9.96
2026-01-18 15:26:58.052,9.953
2026-01-18 15:26:58.062,9.952
2026-01-18 15:26:58.084,9.958
2026-01-18 15:26:58.101,9.953
2026-01-18 15:26:58.101,9.953
2026-01-18 15:26:58.117,9.962
2026-01-18 15:26:58.134,9.963
2026-01-18 15:26:58.134,9.961
2026-01-18 15:26:58.151,9.957
2026-01-18 15:26:58.168,9.962
2026-01-18 15:26:58.185,9.965
2026-01-18 15:26:58.185,9.959
2026-01-18 15:26:58.201,9.957
2026-01-18 15:26:58.217,9.964
2026-01-18 15:26:58.217,9.965
2026-01-18 15:26:58.235,9.961
2026-01-18 15:26:58.251,9.961
2026-01-18 15:26:58.269,9.97
2026-01-18 15:26:58.269,9.971
2026-01-18 15:26:58.285,9.967
2026-01-18 15:26:58.302,9.96
2026-01-18 15:26:58.302,9.958
2026-01-18 15:26:58.318,9.96
2026-01-18 15:26:58.332,9.957
2026-01-18 15:26:58.347,9.953
2026-01-18 15:26:58.347,9.949
2026-01-18 15:26:58.363,9.953
2026-01-18 15:26:58.382,9.953
2026-01-18 15:26:58.397,9.948
2026-01-18 15:26:58.397,9.947
2026-01-18 15:26:58.417,9.957
2026-01-18 15:26:58.433,9.957
2026-01-18 15:26:58.435,9.956
2026-01-18 15:26:58.441,9.952
2026-01-18 15:26:58.457,9.95
2026-01-18 15:26:58.473,9.952
2026-01-18 15:26:58.473,9.954
2026-01-18 15:26:58.500,9.952
2026-01-18 15:26:58.510,9.959
2026-01-18 15:26:58.510,9.96
2026-01-18 15:26:58.534,9.957
2026-01-18 15:26:58.545,9.958
2026-01-18 15:26:58.569,9.968
2026-01-18 15:26:58.569,9.967
2026-01-18 15:26:58.585,9.96
2026-01-18 15:26:58.602,9.962
2026-01-18 15:26:58.602,9.971
2026-01-18 15:26:58.615,9.973
2026-01-18 15:26:58.632,9.968
2026-01-18 15:26:58.649,9.964
2026-01-18 15:26:58.649,9.967
2026-01-18 15:26:58.665,9.967
2026-01-18 15:26:58.691,9.957
2026-01-18 15:26:58.691,9.959
2026-01-18 15:26:58.700,9.962
2026-01-18 15:26:58.717,9.962
2026-01-18 15:26:58.734,9.959
2026-01-18 15:26:58.734,9.957
2026-01-18 15:26:58.751,9.961
2026-01-18 15:26:58.768,9.959
2026-01-18 15:26:58.784,9.96
2026-01-18 15:26:58.784,9.967
2026-01-18 15:26:58.801,9.964
2026-01-18 15:26:58.818,9.959
2026-01-18 15:26:58.818,9.956
2026-01-18 15:26:58.828,9.96
2026-01-18 15:26:58.851,9.963
2026-01-18 15:26:58.867,9.962
2026-01-18 15:26:58.867,9.956
2026-01-18 15:26:58.869,9.956
2026-01-18 15:26:58.901,9.956
2026-01-18 15:26:58.919,9.96
2026-01-18 15:26:58.919,9.955
2026-01-18 15:26:58.935,9.952
2026-01-18 15:26:58.953,9.956
2026-01-18 15:26:58.953,9.96
2026-01-18 15:26:58.968,9.962
2026-01-18 15:26:58.984,9.957
2026-01-18 15:26:59.002,9.958
2026-01-18 15:26:59.002,9.962
2026-01-18 15:26:59.017,9.963
2026-01-18 15:26:59.035,9.961
2026-01-18 15:26:59.035,9.96
2026-01-18 15:26:59.046,9.959
2026-01-18 15:26:59.060,9.96
2026-01-18 15:26:59.077,9.955
2026-01-18 15:26:59.077,9.95
2026-01-18 15:26:59.121,9.957
2026-01-18 15:26:59.121,9.957
2026-01-18 15:26:59.121,9.955
2026-01-18 15:26:59.157,9.954
2026-01-18 15:26:59.157,9.954
2026-01-18 15:26:59.157,9.957
2026-01-18 15:26:59.171,9.957
2026-01-18 15:26:59.184,9.953
2026-01-18 15:26:59.191,9.95
2026-01-18 15:26:59.218,9.958
2026-01-18 15:26:59.218,9.957
2026-01-18 15:26:59.234,9.974
2026-01-18 15:26:59.250,9.97
2026-01-18 15:26:59.250,9.977
2026-01-18 15:26:59.266,9.977
2026-01-18 15:26:59.281,9.973
2026-01-18 15:26:59.300,9.966
2026-01-18 15:26:59.302,9.974
2026-01-18 15:26:59.312,9.973
2026-01-18 15:26:59.328,9.971
2026-01-18 15:26:59.328,9.966
2026-01-18 15:26:59.350,9.962
2026-01-18 15:26:59.362,9.967
2026-01-18 15:26:59.376,9.966
2026-01-18 15:26:59.376,9.963
2026-01-18 15:26:59.401,9.962
2026-01-18 15:26:59.407,9.972
2026-01-18 15:26:59.407,9.973
2026-01-18 15:26:59.434,9.971
2026-01-18 15:26:59.451,9.969
2026-01-18 15:26:59.459,9.974
2026-01-18 15:26:59.459,9.97
2026-01-18 15:26:59.474,9.966
2026-01-18 15:26:59.501,9.96
2026-01-18 15:26:59.503,9.968
2026-01-18 15:26:59.518,9.964
2026-01-18 15:26:59.534,9.96
2026-01-18 15:26:59.550,9.958
2026-01-18 15:26:59.550,9.967
2026-01-18 15:26:59.582,9.968
2026-01-18 15:26:59.601,9.966
2026-01-18 15:26:59.601,9.967
2026-01-18 15:26:59.618,9.968
2026-01-18 15:26:59.635,9.959
2026-01-18 15:26:59.635,9.96
2026-01-18 15:26:59.650,9.965
2026-01-18 15:26:59.668,9.967
2026-01-18 15:26:59.684,9.965
2026-01-18 15:26:59.684,9.963
2026-01-18 15:26:59.694,9.965
2026-01-18 15:26:59.694,9.968
2026-01-18 15:26:59.718,9.968
2026-01-18 15:26:59.729,9.969
2026-01-18 15:26:59.741,9.974
2026-01-18 15:26:59.768,9.972
2026-01-18 15:26:59.768,9.964
2026-01-18 15:26:59.778,9.961
2026-01-18 15:26:59.801,9.966
2026-01-18 15:26:59.801,9.965
2026-01-18 15:26:59.817,9.96
2026-01-18 15:26:59.835,9.956
2026-01-18 15:26:59.850,9.96
2026-01-18 15:26:59.850,9.96
2026-01-18 15:26:59.869,9.958
2026-01-18 15:26:59.885,9.964
2026-01-18 15:26:59.901,9.966
2026-01-18 15:26:59.901,9.96
2026-01-18 15:26:59.918,9.957
2026-01-18 15:26:59.930,9.966
2026-01-18 15:26:59.930,9.963
2026-01-18 15:26:59.951,9.957
2026-01-18 15:26:59.962,9.953
2026-01-18 15:26:59.984,9.959
2026-01-18 15:26:59.984,9.956
2026-01-18 15:27:00.001,9.954
2026-01-18 15:27:00.018,9.969
2026-01-18 15:27:00.018,9.969
2026-01-18 15:27:00.052,9.969
2026-01-18 15:27:00.052,9.962
2026-01-18 15:27:00.067,9.961
2026-01-18 15:27:00.067,9.964
2026-01-18 15:27:00.083,9.961
2026-01-18 15:27:00.101,9.957
2026-01-18 15:27:00.107,9.961
2026-01-18 15:27:00.107,9.964
2026-01-18 15:27:00.123,9.962
2026-01-18 15:27:00.136,9.96
2026-01-18 15:27:00.136,9.961
2026-01-18 15:27:00.168,9.967
2026-01-18 15:27:00.184,9.963
2026-01-18 15:27:00.201,9.962
2026-01-18 15:27:00.201,9.969
2026-01-18 15:27:00.216,9.968
2026-01-18 15:27:00.232,9.96
2026-01-18 15:27:00.232,9.956
2026-01-18 15:27:00.251,9.972
2026-01-18 15:27:00.264,9.97
2026-01-18 15:27:00.285,9.968
2026-01-18 15:27:00.285,9.968
2026-01-18 15:27:00.295,9.975
2026-01-18 15:27:00.317,9.971
2026-01-18 15:27:00.317,9.966
2026-01-18 15:27:00.327,9.963
2026-01-18 15:27:00.343,9.965
2026-01-18 15:27:00.361,9.964
2026-01-18 15:27:00.361,9.963
2026-01-18 15:27:00.384,9.963
2026-01-18 15:27:00.400,9.966
2026-01-18 15:27:00.417,9.965
2026-01-18 15:27:00.417,9.961
2026-01-18 15:27:00.434,9.969
2026-01-18 15:27:00.450,9.972
2026-01-18 15:27:00.450,9.972
2026-01-18 15:27:00.479,9.974
2026-01-18 15:27:00.481,9.976
2026-01-18 15:27:00.496,9.969
2026-01-18 15:27:00.496,9.962
2026-01-18 15:27:00.519,9.964
2026-01-18 15:27:00.534,9.965
2026-01-18 15:27:00.534,9.961
2026-01-18 15:27:00.548,9.969
2026-01-18 15:27:00.566,9.967
2026-01-18 15:27:00.583,9.962
2026-01-18 15:27:00.583,9.966
2026-01-18 15:27:00.601,9.964
2026-01-18 15:27:00.617,9.96
2026-01-18 15:27:00.619,9.956
2026-01-18 15:27:00.635,9.96
2026-01-18 15:27:00.650,9.957
2026-01-18 15:27:00.667,9.956
2026-01-18 15:27:00.667,9.958
2026-01-18 15:27:00.678,9.962
2026-01-18 15:27:00.694,9.959
2026-01-18 15:27:00.723,9.957
2026-01-18 15:27:00.733,9.96
2026-01-18 15:27:00.734,9.961
2026-01-18 15:27:00.741,9.958
2026-01-18 15:27:00.750,9.966
2026-01-18 15:27:00.762,9.971
2026-01-18 15:27:00.784,9.966
2026-01-18 15:27:00.794,9.966
2026-01-18 15:27:00.801,9.969
2026-01-18 15:27:00.818,9.963
2026-01-18 15:27:00.835,9.959
2026-01-18 15:27:00.835,9.97
2026-01-18 15:27:00.850,9.969
2026-01-18 15:27:00.868,9.962
2026-01-18 15:27:00.882,9.959
2026-01-18 15:27:00.882,9.957
2026-01-18 15:27:00.900,9.956
2026-01-18 15:27:00.917,9.968
2026-01-18 15:27:00.934,9.973
2026-01-18 15:27:00.934,9.968
2026-01-18 15:27:00.952,9.964
2026-01-18 15:27:00.965,9.975
2026-01-18 15:27:00.965,9.971
2026-01-18 15:27:00.976,9.965
2026-01-18 15:27:00.996,9.965
2026-01-18 15:27:01.016,9.966
2026-01-18 15:27:01.016,9.96
2026-01-18 15:27:01.029,9.963
2026-01-18 15:27:01.050,9.966
2026-01-18 15:27:01.050,9.963
2026-01-18 15:27:01.056,9.96
2026-01-18 15:27:01.084,9.967
2026-01-18 15:27:01.101,9.97
2026-01-18 15:27:01.101,9.962
2026-01-18 15:27:01.118,9.961
2026-01-18 15:27:01.135,9.963
2026-01-18 15:27:01.135,9.961
2026-01-18 15:27:01.150,9.959
2026-01-18 15:27:01.169,9.962
2026-01-18 15:27:01.183,9.964
2026-01-18 15:27:01.184,9.96
2026-01-18 15:27:01.201,9.957
2026-01-18 15:27:01.217,9.959
2026-01-18 15:27:01.217,9.958
2026-01-18 15:27:01.234,9.956
2026-01-18 15:27:01.252,9.957
2026-01-18 15:27:01.267,9.959
2026-01-18 15:27:01.267,9.962
2026-01-18 15:27:01.283,9.961
2026-01-18 15:27:01.296,9.97
2026-01-18 15:27:01.312,9.967
2026-01-18 15:27:01.318,9.962
2026-01-18 15:27:01.334,9.958
2026-01-18 15:27:01.351,9.959
2026-01-18 15:27:01.351,9.959
2026-01-18 15:27:01.368,9.961
2026-01-18 15:27:01.383,9.968
2026-01-18 15:27:01.409,9.971
2026-01-18 15:27:01.409,9.967
2026-01-18 15:27:01.424,9.972
2026-01-18 15:27:01.424,9.981
2026-01-18 15:27:01.435,9.98
2026-01-18 15:27:01.450,9.974
2026-01-18 15:27:01.467,9.973
2026-01-18 15:27:01.476,9.973
2026-01-18 15:27:01.476,9.966
2026-01-18 15:27:01.497,9.964
2026-01-18 15:27:01.517,9.97
2026-01-18 15:27:01.534,9.968
2026-01-18 15:27:01.534,9.968
2026-01-18 15:27:01.549,9.973
2026-01-18 15:27:01.565,9.974
2026-01-18 15:27:01.565,9.969
2026-01-18 15:27:01.580,9.965
2026-01-18 15:27:01.600,9.971
2026-01-18 15:27:01.612,9.969
2026-01-18 15:27:01.612,9.966
2026-01-18 15:27:01.631,9.98
2026-01-18 15:27:01.650,9.976
2026-01-18 15:27:01.650,9.969
2026-01-18 15:27:01.661,9.969
2026-01-18 15:27:01.683,9.97
2026-01-18 15:27:01.700,9.964
2026-01-18 15:27:01.700,9.963
2026-01-18 15:27:01.724,9.968
2026-01-18 15:27:01.724,9.964
2026-01-18 15:27:01.735,9.96
2026-01-18 15:27:01.750,9.965
2026-01-18 15:27:01.768,9.964
2026-01-18 15:27:01.775,9.964
2026-01-18 15:27:01.775,9.974
2026-01-18 15:27:01.800,9.969
2026-01-18 15:27:01.817,9.963
2026-01-18 15:27:01.819,9.966
2026-01-18 15:27:01.867,9.97
2026-01-18 15:27:01.867,9.967
2026-01-18 15:27:01.867,9.969
2026-01-18 15:27:01.867,9.964
2026-01-18 15:27:01.883,9.961
2026-01-18 15:27:01.901,9.967
2026-01-18 15:27:01.917,9.963
2026-01-18 15:27:01.917,9.958
2026-01-18 15:27:01.932,9.961
2026-01-18 15:27:01.951,9.958
2026-01-18 15:27:01.951,9.956
2026-01-18 15:27:01.967,9.958
2026-01-18 15:27:01.984,9.955
2026-01-18 15:27:02.000,9.954
2026-01-18 15:27:02.000,9.957
2026-01-18 15:27:02.017,9.959
2026-01-18 15:27:02.030,9.957
2026-01-18 15:27:02.030,9.961
2026-01-18 15:27:02.050,9.98
2026-01-18 15:27:02.067,9.97
2026-01-18 15:27:02.083,9.969
2026-01-18 15:27:02.083,9.972
2026-01-18 15:27:02.098,9.965
2026-01-18 15:27:02.117,9.961
2026-01-18 15:27:02.134,9.971
2026-01-18 15:27:02.135,9.971
2026-01-18 15:27:02.150,9.967
2026-01-18 15:27:02.166,9.976
2026-01-18 15:27:02.166,9.973
2026-01-18 15:27:02.183,9.97
2026-01-18 15:27:02.198,9.962
2026-01-18 15:27:02.214,9.966
2026-01-18 15:27:02.214,9.965
2026-01-18 15:27:02.232,9.963
2026-01-18 15:27:02.250,9.972
2026-01-18 15:27:02.250,9.97
2026-01-18 15:27:02.262,9.962
2026-01-18 15:27:02.285,9.961
2026-01-18 15:27:02.298,9.961
2026-01-18 15:27:02.298,9.957
2026-01-18 15:27:02.317,9.956
2026-01-18 15:27:02.333,9.961
2026-01-18 15:27:02.333,9.962
2026-01-18 15:27:02.342,9.957
2026-01-18 15:27:02.367,9.97
2026-01-18 15:27:02.383,9.971
2026-01-18 15:27:02.383,9.964
2026-01-18 15:27:02.401,9.965
2026-01-18 15:27:02.417,9.97
2026-01-18 15:27:02.419,9.968
2026-01-18 15:27:02.433,9.965
2026-01-18 15:27:02.451,9.974
2026-01-18 15:27:02.467,9.975
2026-01-18 15:27:02.468,9.969
2026-01-18 15:27:02.483,9.966
2026-01-18 15:27:02.498,9.971
2026-01-18 15:27:02.517,9.967
2026-01-18 15:27:02.517,9.964
2026-01-18 15:27:02.533,9.967
2026-01-18 15:27:02.550,9.969
2026-01-18 15:27:02.550,9.967
2026-01-18 15:27:02.567,9.965
2026-01-18 15:27:02.584,9.968
2026-01-18 15:27:02.598,9.966
2026-01-18 15:27:02.598,9.96
2026-01-18 15:27:02.617,9.964
2026-01-18 15:27:02.634,9.964
2026-01-18 15:27:02.634,9.962
2026-01-18 15:27:02.650,9.961
2026-01-18 15:27:02.658,9.962
2026-01-18 15:27:02.684,9.959
2026-01-18 15:27:02.684,9.963
2026-01-18 15:27:02.700,9.966
2026-01-18 15:27:02.724,9.959
2026-01-18 15:27:02.724,9.96
2026-01-18 15:27:02.735,9.965
2026-01-18 15:27:02.750,9.962
2026-01-18 15:27:02.767,9.97
2026-01-18 15:27:02.767,9.976
2026-01-18 15:27:02.784,9.97
2026-01-18 15:27:02.801,9.969
2026-01-18 15:27:02.803,9.971
2026-01-18 15:27:02.817,9.964
2026-01-18 15:27:02.831,9.962
2026-01-18 15:27:02.848,9.962
2026-01-18 15:27:02.851,9.961
2026-01-18 15:27:02.863,9.96
2026-01-18 15:27:02.884,9.96
2026-01-18 15:27:02.901,9.961
2026-01-18 15:27:02.901,9.958
2026-01-18 15:27:02.916,9.959
2026-01-18 15:27:02.934,9.96
2026-01-18 15:27:02.934,9.959
2026-01-18 15:27:02.950,9.963
2026-01-18 15:27:02.967,9.955
2026-01-18 15:27:02.984,9.96
2026-01-18 15:27:02.984,9.96
2026-01-18 15:27:02.999,9.954
2026-01-18 15:27:03.007,9.96
2026-01-18 15:27:03.034,9.962
2026-01-18 15:27:03.034,9.955
2026-01-18 15:27:03.051,9.968
2026-01-18 15:27:03.066,9.969
2026-01-18 15:27:03.066,9.967
2026-01-18 15:27:03.084,9.969
2026-01-18 15:27:03.100,9.971
2026-01-18 15:27:03.117,9.965
2026-01-18 15:27:03.117,9.964
2026-01-18 15:27:03.134,9.968
2026-01-18 15:27:03.149,9.978
2026-01-18 15:27:03.149,9.976
2026-01-18 15:27:03.166,9.973
2026-01-18 15:27:03.207,9.97
2026-01-18 15:27:03.207,9.98
2026-01-18 15:27:03.207,9.978
2026-01-18 15:27:03.218,9.972
2026-01-18 15:27:03.234,9.969
2026-01-18 15:27:03.234,9.969
2026-01-18 15:27:03.246,9.964
2026-01-18 15:27:03.266,9.972
2026-01-18 15:27:03.284,9.972
2026-01-18 15:27:03.284,9.968
2026-01-18 15:27:03.301,9.973
2026-01-18 15:27:03.318,9.972
2026-01-18 15:27:03.319,9.968
2026-01-18 15:27:03.335,9.969
2026-01-18 15:27:03.351,9.971
2026-01-18 15:27:03.366,9.966
2026-01-18 15:27:03.366,9.968
2026-01-18 15:27:03.372,9.964
2026-01-18 15:27:03.400,9.973
2026-01-18 15:27:03.403,9.971
2026-01-18 15:27:03.403,9.962
2026-01-18 15:27:03.434,9.963
2026-01-18 15:27:03.451,9.96
2026-01-18 15:27:03.451,9.956
2026-01-18 15:27:03.467,9.958
2026-01-18 15:27:03.481,9.959
2026-01-18 15:27:03.501,9.957
2026-01-18 15:27:03.501,9.957
2026-01-18 15:27:03.514,9.954
2026-01-18 15:27:03.534,9.956
2026-01-18 15:27:03.534,9.956
2026-01-18 15:27:03.550,9.951
2026-01-18 15:27:03.567,9.958
2026-01-18 15:27:03.583,9.956
2026-01-18 15:27:03.583,9.954
2026-01-18 15:27:03.601,9.959
2026-01-18 15:27:03.622,9.953
2026-01-18 15:27:03.622,9.952
2026-01-18 15:27:03.634,9.955
2026-01-18 15:27:03.651,9.95
2026-01-18 15:27:03.667,9.953
2026-01-18 15:27:03.667,9.95
2026-01-18 15:27:03.683,9.95
2026-01-18 15:27:03.700,9.951
2026-01-18 15:27:03.725,9.95
2026-01-18 15:27:03.725,9.956
2026-01-18 15:27:03.729,9.953
2026-01-18 15:27:03.742,9.951
2026-01-18 15:27:03.751,9.952
2026-01-18 15:27:03.767,9.95
2026-01-18 15:27:03.782,9.952
2026-01-18 15:27:03.800,9.955
2026-01-18 15:27:03.800,9.952
2026-01-18 15:27:03.814,9.955
2026-01-18 15:27:03.830,9.953
2026-01-18 15:27:03.830,9.951
2026-01-18 15:27:03.850,9.954
2026-01-18 15:27:03.867,9.953
2026-01-18 15:27:03.883,9.956
2026-01-18 15:27:03.883,9.952
2026-01-18 15:27:03.900,9.949
2026-01-18 15:27:03.917,9.953
2026-01-18 15:27:03.931,9.951
2026-01-18 15:27:03.931,9.957
2026-01-18 15:27:03.950,9.956
2026-01-18 15:27:03.968,9.954
2026-01-18 15:27:03.968,9.962
2026-01-18 15:27:03.983,9.959
2026-01-18 15:27:04.000,9.96
2026-01-18 15:27:04.017,9.961
2026-01-18 15:27:04.017,9.957
2026-01-18 15:27:04.033,9.957
2026-01-18 15:27:04.051,9.955
2026-01-18 15:27:04.051,9.955
2026-01-18 15:27:04.068,9.959
2026-01-18 15:27:04.085,9.959
2026-01-18 15:27:04.085,9.961
2026-01-18 15:27:04.100,9.963
2026-01-18 15:27:04.118,9.959
2026-01-18 15:27:04.134,9.967
2026-01-18 15:27:04.134,9.961
2026-01-18 15:27:04.150,9.962
2026-01-18 15:27:04.162,9.962
2026-01-18 15:27:04.183,9.963
2026-01-18 15:27:04.185,9.967
2026-01-18 15:27:04.200,9.961
2026-01-18 15:27:04.216,9.957
2026-01-18 15:27:04.233,9.959
2026-01-18 15:27:04.233,9.957
2026-01-18 15:27:04.250,9.96
2026-01-18 15:27:04.266,9.96
2026-01-18 15:27:04.266,9.96
2026-01-18 15:27:04.283,9.963
2026-01-18 15:27:04.299,9.96
2026-01-18 15:27:04.316,9.96
2026-01-18 15:27:04.316,9.962
2026-01-18 15:27:04.334,9.96
2026-01-18 15:27:04.349,9.972
2026-01-18 15:27:04.350,9.976
2026-01-18 15:27:04.365,9.97
2026-01-18 15:27:04.383,9.969
2026-01-18 15:27:04.400,9.968
2026-01-18 15:27:04.400,9.964
2026-01-18 15:27:04.413,9.965
2026-01-18 15:27:04.434,9.964
2026-01-18 15:27:04.434,9.965
2026-01-18 15:27:04.446,9.963
2026-01-18 15:27:04.467,9.963
2026-01-18 15:27:04.483,9.965
2026-01-18 15:27:04.483,9.961
2026-01-18 15:27:04.493,9.968
2026-01-18 15:27:04.516,9.97
2026-01-18 15:27:04.533,9.968
2026-01-18 15:27:04.533,9.971
2026-01-18 15:27:04.567,9.966
2026-01-18 15:27:04.567,9.975
2026-01-18 15:27:04.567,9.986
2026-01-18 15:27:04.576,9.981
2026-01-18 15:27:04.588,9.985
2026-01-18 15:27:04.617,9.977
2026-01-18 15:27:04.617,9.977
2026-01-18 15:27:04.620,9.977
2026-01-18 15:27:04.650,9.975
2026-01-18 15:27:04.650,9.971
2026-01-18 15:27:04.667,9.967
2026-01-18 15:27:04.684,9.966
2026-01-18 15:27:04.699,9.966
2026-01-18 15:27:04.701,9.965
2026-01-18 15:27:04.723,9.966
2026-01-18 15:27:04.723,9.971
2026-01-18 15:27:04.731,9.964
2026-01-18 15:27:04.750,9.964
2026-01-18 15:27:04.764,9.958
2026-01-18 15:27:04.778,9.963
2026-01-18 15:27:04.785,9.965
2026-01-18 15:27:04.794,9.963
2026-01-18 15:27:04.816,9.969
2026-01-18 15:27:04.829,9.969
2026-01-18 15:27:04.834,9.965
2026-01-18 15:27:04.844,9.97
2026-01-18 15:27:04.866,9.964
2026-01-18 15:27:04.866,9.963
2026-01-18 15:27:04.873,9.964
2026-01-18 15:27:04.899,9.962
2026-01-18 15:27:04.918,9.961
2026-01-18 15:27:04.919,9.958
2026-01-18 15:27:04.934,9.958
2026-01-18 15:27:04.958,9.957
2026-01-18 15:27:04.958,9.953
2026-01-18 15:27:04.966,9.956
2026-01-18 15:27:04.984,9.953
2026-01-18 15:27:05.000,9.953
2026-01-18 15:27:05.002,9.957
2026-01-18 15:27:05.017,9.951
2026-01-18 15:27:05.032,9.958
2026-01-18 15:27:05.032,9.96
2026-01-18 15:27:05.049,9.958
2026-01-18 15:27:05.066,9.961
2026-01-18 15:27:05.084,9.957
2026-01-18 15:27:05.084,9.959
2026-01-18 15:27:05.099,9.958
2026-01-18 15:27:05.117,9.958
2026-01-18 15:27:05.133,9.967
2026-01-18 15:27:05.133,9.966
2026-01-18 15:27:05.149,9.96
2026-01-18 15:27:05.164,9.964
2026-01-18 15:27:05.164,9.959
2026-01-18 15:27:05.183,9.967
2026-01-18 15:27:05.200,9.965
2026-01-18 15:27:05.216,9.963
2026-01-18 15:27:05.216,9.963
2026-01-18 15:27:05.223,9.961
2026-01-18 15:27:05.250,9.961
2026-01-18 15:27:05.250,9.964
2026-01-18 15:27:05.266,9.959
2026-01-18 15:27:05.284,9.966
2026-01-18 15:27:05.299,9.978
2026-01-18 15:27:05.299,9.981
2026-01-18 15:27:05.318,9.975
2026-01-18 15:27:05.334,9.964
2026-01-18 15:27:05.334,9.969
2026-01-18 15:27:05.351,9.967
2026-01-18 15:27:05.365,9.973
2026-01-18 15:27:05.384,9.969
2026-01-18 15:27:05.384,9.961
2026-01-18 15:27:05.401,9.963
2026-01-18 15:27:05.412,9.961
2026-01-18 15:27:05.433,9.959
2026-01-18 15:27:05.449,9.957
2026-01-18 15:27:05.466,9.96
2026-01-18 15:27:05.466,9.955
2026-01-18 15:27:05.475,9.957
2026-01-18 15:27:05.500,9.962
2026-01-18 15:27:05.516,9.96
2026-01-18 15:27:05.516,9.966
2026-01-18 15:27:05.533,9.967
2026-01-18 15:27:05.538,9.973
2026-01-18 15:27:05.538,9.972
2026-01-18 15:27:05.554,9.966
2026-01-18 15:27:05.583,9.968
2026-01-18 15:27:05.599,9.964
2026-01-18 15:27:05.599,9.959
2026-01-18 15:27:05.616,9.96
2026-01-18 15:27:05.633,9.958
2026-01-18 15:27:05.636,9.957
2026-01-18 15:27:05.641,9.961
2026-01-18 15:27:05.667,9.955
2026-01-18 15:27:05.682,9.962
2026-01-18 15:27:05.682,9.961
2026-01-18 15:27:05.701,9.958
2026-01-18 15:27:05.716,9.961
2026-01-18 15:27:05.716,9.955
2026-01-18 15:27:05.730,9.957
2026-01-18 15:27:05.751,9.959
2026-01-18 15:27:05.766,9.955
2026-01-18 15:27:05.766,9.975
2026-01-18 15:27:05.784,9.971
2026-01-18 15:27:05.800,9.965
2026-01-18 15:27:05.817,9.969
2026-01-18 15:27:05.817,9.963
2026-01-18 15:27:05.833,9.969
2026-01-18 15:27:05.850,9.964
2026-01-18 15:27:05.851,9.959
2026-01-18 15:27:05.870,9.958
2026-01-18 15:27:05.883,9.954
2026-01-18 15:27:05.899,9.956
2026-01-18 15:27:05.899,9.953
2026-01-18 15:27:05.930,9.962
2026-01-18 15:27:05.930,9.96
2026-01-18 15:27:05.937,9.958
2026-01-18 15:27:05.949,9.975
2026-01-18 15:27:05.960,9.968
2026-01-18 15:27:05.982,9.969
2026-01-18 15:27:05.982,9.963
2026-01-18 15:27:06.000,9.963
2026-01-18 15:27:06.016,9.96
2026-01-18 15:27:06.034,9.966
2026-01-18 15:27:06.035,9.966
2026-01-18 15:27:06.047,9.96
2026-01-18 15:27:06.064,9.958
2026-01-18 15:27:06.064,9.955
2026-01-18 15:27:06.079,9.952
2026-01-18 15:27:06.097,9.948
2026-01-18 15:27:06.112,9.952
2026-01-18 15:27:06.112,9.947
2026-01-18 15:27:06.127,9.955
2026-01-18 15:27:06.143,9.954
2026-01-18 15:27:06.143,9.958
2026-01-18 15:27:06.159,9.954
2026-01-18 15:27:06.177,9.956
2026-01-18 15:27:06.191,9.956
2026-01-18 15:27:06.201,9.964
2026-01-18 15:27:06.216,9.961
2026-01-18 15:27:06.223,9.959
2026-01-18 15:27:06.223,9.956
2026-01-18 15:27:06.240,9.952
2026-01-18 15:27:06.266,9.957
2026-01-18 15:27:06.283,9.952
2026-01-18 15:27:06.283,9.958
2026-01-18 15:27:06.300,9.951
2026-01-18 15:27:06.317,9.958
2026-01-18 15:27:06.317,9.957
2026-01-18 15:27:06.333,9.956
2026-01-18 15:27:06.349,9.956
2026-01-18 15:27:06.367,9.956
2026-01-18 15:27:06.367,9.957
2026-01-18 15:27:06.380,9.955
2026-01-18 15:27:06.402,9.958
2026-01-18 15:27:06.402,9.953
2026-01-18 15:27:06.416,9.95
2026-01-18 15:27:06.433,9.956
2026-01-18 15:27:06.449,9.952
2026-01-18 15:27:06.449,9.959
2026-01-18 15:27:06.466,9.953
2026-01-18 15:27:06.476,9.96
2026-01-18 15:27:06.500,9.956
2026-01-18 15:27:06.500,9.969
2026-01-18 15:27:06.508,9.966
2026-01-18 15:27:06.531,9.96
2026-01-18 15:27:06.531,9.958
2026-01-18 15:27:06.550,9.95
2026-01-18 15:27:06.566,9.95
2026-01-18 15:27:06.583,9.945
2026-01-18 15:27:06.583,9.956
2026-01-18 15:27:06.590,9.951
2026-01-18 15:27:06.616,9.953
2026-01-18 15:27:06.633,9.949
2026-01-18 15:27:06.633,9.951
2026-01-18 15:27:06.651,9.954
2026-01-18 15:27:06.667,9.949
2026-01-18 15:27:06.667,9.953
2026-01-18 15:27:06.684,9.948
2026-01-18 15:27:06.698,9.952
2026-01-18 15:27:06.716,9.952
2026-01-18 15:27:06.716,9.95
2026-01-18 15:27:06.740,9.951
2026-01-18 15:27:06.740,9.949
2026-01-18 15:27:06.751,9.959
2026-01-18 15:27:06.766,9.957
2026-01-18 15:27:06.782,9.964
2026-01-18 15:27:06.793,9.961
2026-01-18 15:27:06.793,9.96
2026-01-18 15:27:06.816,9.962
2026-01-18 15:27:06.833,9.953
2026-01-18 15:27:06.833,9.96
2026-01-18 15:27:06.849,9.968
2026-01-18 15:27:06.855,9.963
2026-01-18 15:27:06.871,9.965
2026-01-18 15:27:06.871,9.956
2026-01-18 15:27:06.899,9.964
2026-01-18 15:27:06.916,9.96
2026-01-18 15:27:06.932,9.957
2026-01-18 15:27:06.934,9.961
2026-01-18 15:27:06.938,9.958
2026-01-18 15:27:06.967,9.966
2026-01-18 15:27:06.968,9.961
2026-01-18 15:27:06.983,9.956
2026-01-18 15:27:07.000,9.961
2026-01-18 15:27:07.016,9.957
2026-01-18 15:27:07.016,9.962
2026-01-18 15:27:07.030,9.959
2026-01-18 15:27:07.046,9.954
2026-01-18 15:27:07.046,9.961
2026-01-18 15:27:07.066,9.955
2026-01-18 15:27:07.078,9.962
2026-01-18 15:27:07.098,9.96
2026-01-18 15:27:07.100,9.956
2026-01-18 15:27:07.117,9.961
2026-01-18 15:27:07.135,9.957
2026-01-18 15:27:07.135,9.963
2026-01-18 15:27:07.154,9.961
2026-01-18 15:27:07.160,9.954
2026-01-18 15:27:07.173,9.958
2026-01-18 15:27:07.178,9.955
2026-01-18 15:27:07.188,9.959
2026-01-18 15:27:07.209,9.957
2026-01-18 15:27:07.232,9.953
2026-01-18 15:27:07.232,9.955
2026-01-18 15:27:07.239,9.952
2026-01-18 15:27:07.251,9.958
2026-01-18 15:27:07.295,9.974
2026-01-18 15:27:07.296,9.968
2026-01-18 15:27:07.299,9.968
2026-01-18 15:27:07.307,9.962
2026-01-18 15:27:07.314,9.962
2026-01-18 15:27:07.333,9.966
2026-01-18 15:27:07.348,9.962
2026-01-18 15:27:07.348,9.965
2026-01-18 15:27:07.367,9.96
2026-01-18 15:27:07.382,9.973
2026-01-18 15:27:07.397,9.97
2026-01-18 15:27:07.397,9.967
2026-01-18 15:27:07.416,9.97
2026-01-18 15:27:07.432,9.969
2026-01-18 15:27:07.434,9.967
2026-01-18 15:27:07.441,9.961
2026-01-18 15:27:07.457,9.956
2026-01-18 15:27:07.476,9.958
2026-01-18 15:27:07.476,9.956
2026-01-18 15:27:07.489,9.953
2026-01-18 15:27:07.505,9.959
2026-01-18 15:27:07.533,9.957
2026-01-18 15:27:07.533,9.955
2026-01-18 15:27:07.550,9.959
2026-01-18 15:27:07.568,9.956
2026-01-18 15:27:07.570,9.969
2026-01-18 15:27:07.586,9.965
2026-01-18 15:27:07.600,9.96
2026-01-18 15:27:07.617,9.963
2026-01-18 15:27:07.617,9.962
2026-01-18 15:27:07.631,9.96
2026-01-18 15:27:07.650,9.963
2026-01-18 15:27:07.650,9.956
2026-01-18 15:27:07.668,9.956
2026-01-18 15:27:07.680,9.959
2026-01-18 15:27:07.694,9.952
2026-01-18 15:27:07.694,9.965
2026-01-18 15:27:07.710,9.96
2026-01-18 15:27:07.745,9.956
2026-01-18 15:27:07.745,9.96
2026-01-18 15:27:07.745,9.961
2026-01-18 15:27:07.760,9.968
2026-01-18 15:27:07.781,9.964
2026-01-18 15:27:07.781,9.959
2026-01-18 15:27:07.800,9.964
2026-01-18 15:27:07.805,9.963
2026-01-18 15:27:07.819,9.957
2026-01-18 15:27:07.819,9.959
2026-01-18 15:27:07.836,9.957
2026-01-18 15:27:07.866,9.961
2026-01-18 15:27:07.867,9.958
2026-01-18 15:27:07.869,9.958
2026-01-18 15:27:07.901,9.962
2026-01-18 15:27:07.917,9.956
2026-01-18 15:27:07.918,9.963
2026-01-18 15:27:07.932,9.966
2026-01-18 15:27:07.949,9.963
2026-01-18 15:27:07.949,9.962
2026-01-18 15:27:07.966,9.965
2026-01-18 15:27:07.983,9.96
2026-01-18 15:27:08.000,9.974
2026-01-18 15:27:08.000,9.973
2026-01-18 15:27:08.012,9.97
2026-01-18 15:27:08.033,9.966
2026-01-18 15:27:08.050,9.973
2026-01-18 15:27:08.050,9.97
2026-01-18 15:27:08.067,9.967
2026-01-18 15:27:08.083,9.968
2026-01-18 15:27:08.083,9.963
2026-01-18 15:27:08.101,9.962
2026-01-18 15:27:08.116,9.965
2026-01-18 15:27:08.132,9.962
2026-01-18 15:27:08.132,9.969
2026-01-18 15:27:08.149,9.975
2026-01-18 15:27:08.166,9.968
2026-01-18 15:27:08.166,9.974
2026-01-18 15:27:08.182,9.97
2026-01-18 15:27:08.198,9.965
2026-01-18 15:27:08.216,9.976
2026-01-18 15:27:08.217,9.971
2026-01-18 15:27:08.232,9.98
2026-01-18 15:27:08.249,9.98
2026-01-18 15:27:08.249,9.973
2026-01-18 15:27:08.263,9.971
2026-01-18 15:27:08.283,9.97
2026-01-18 15:27:08.300,9.967
2026-01-18 15:27:08.300,9.97
2026-01-18 15:27:08.316,9.967
2026-01-18 15:27:08.334,9.966
2026-01-18 15:27:08.350,9.966
2026-01-18 15:27:08.350,9.965
2026-01-18 15:27:08.361,9.962
2026-01-18 15:27:08.382,9.966
2026-01-18 15:27:08.382,9.958
2026-01-18 15:27:08.402,9.961
2026-01-18 15:27:08.416,9.976
2026-01-18 15:27:08.432,9.97
2026-01-18 15:27:08.432,9.967
2026-01-18 15:27:08.444,9.964
2026-01-18 15:27:08.466,9.96
2026-01-18 15:27:08.466,9.965
2026-01-18 15:27:08.482,9.96
2026-01-18 15:27:08.500,9.957
2026-01-18 15:27:08.516,9.963
2026-01-18 15:27:08.516,9.963
2026-01-18 15:27:08.532,9.958
2026-01-18 15:27:08.552,9.963
2026-01-18 15:27:08.552,9.959
2026-01-18 15:27:08.566,9.963
2026-01-18 15:27:08.579,9.962
2026-01-18 15:27:08.597,9.961
2026-01-18 15:27:08.597,9.958
2026-01-18 15:27:08.611,9.96
2026-01-18 15:27:08.628,9.956
2026-01-18 15:27:08.683,9.957
2026-01-18 15:27:08.690,9.961
2026-01-18 15:27:08.690,9.959
2026-01-18 15:27:08.690,9.954
2026-01-18 15:27:08.690,9.957
2026-01-18 15:27:08.701,9.956
2026-01-18 15:27:08.716,9.951
2026-01-18 15:27:08.732,9.957
2026-01-18 15:27:08.732,9.957
2026-01-18 15:27:08.755,9.954
2026-01-18 15:27:08.757,9.955
2026-01-18 15:27:08.763,9.96
2026-01-18 15:27:08.782,9.955
2026-01-18 15:27:08.800,9.952
2026-01-18 15:27:08.816,9.953
2026-01-18 15:27:08.816,9.95
2026-01-18 15:27:08.832,9.949
2026-01-18 15:27:08.848,9.955
2026-01-18 15:27:08.848,9.955
2026-01-18 15:27:08.864,9.951
2026-01-18 15:27:08.884,9.954
2026-01-18 15:27:08.900,9.954
2026-01-18 15:27:08.902,9.952
2026-01-18 15:27:08.921,9.961
2026-01-18 15:27:08.921,9.956
2026-01-18 15:27:08.949,9.952
2026-01-18 15:27:08.949,9.957
2026-01-18 15:27:08.958,9.958
2026-01-18 15:27:08.982,9.953
2026-01-18 15:27:08.982,9.965
2026-01-18 15:27:08.990,9.971
2026-01-18 15:27:09.007,9.962
2026-01-18 15:27:09.028,9.966
2026-01-18 15:27:09.028,9.966
2026-01-18 15:27:09.047,9.962
2026-01-18 15:27:09.066,9.96
2026-01-18 15:27:09.066,9.964
2026-01-18 15:27:09.075,9.963
2026-01-18 15:27:09.089,9.959
2026-01-18 15:27:09.106,9.963
2026-01-18 15:27:09.117,9.968
2026-01-18 15:27:09.126,9.963
2026-01-18 15:27:09.149,9.96
2026-01-18 15:27:09.149,9.96
2026-01-18 15:27:09.165,9.963
2026-01-18 15:27:09.184,9.963
2026-01-18 15:27:09.202,9.958
2026-01-18 15:27:09.203,9.956
2026-01-18 15:27:09.223,9.96
2026-01-18 15:27:09.223,9.967
2026-01-18 15:27:09.243,9.961
2026-01-18 15:27:09.253,9.963
2026-01-18 15:27:09.266,9.966
2026-01-18 15:27:09.283,9.96
2026-01-18 15:27:09.283,9.97
2026-01-18 15:27:09.296,9.97
2026-01-18 15:27:09.308,9.964
2026-01-18 15:27:09.327,9.96
2026-01-18 15:27:09.327,9.968
2026-01-18 15:27:09.347,9.962
2026-01-18 15:27:09.355,9.958
2026-01-18 15:27:09.355,9.973
2026-01-18 15:27:09.371,9.97
2026-01-18 15:27:09.389,9.963
2026-01-18 15:27:09.407,9.962
2026-01-18 15:27:09.407,9.966
2026-01-18 15:27:09.425,9.965
2026-01-18 15:27:09.451,9.972
2026-01-18 15:27:09.451,9.968
2026-01-18 15:27:09.466,9.959
2026-01-18 15:27:09.482,9.954
2026-01-18 15:27:09.498,9.956
2026-01-18 15:27:09.498,9.955
2026-01-18 15:27:09.517,9.952
2026-01-18 15:27:09.536,9.957
2026-01-18 15:27:09.536,9.959
2026-01-18 15:27:09.551,9.968
2026-01-18 15:27:09.562,9.964
2026-01-18 15:27:09.581,9.966
2026-01-18 15:27:09.581,9.963
2026-01-18 15:27:09.599,9.957
2026-01-18 15:27:09.608,9.951
2026-01-18 15:27:09.624,9.954
2026-01-18 15:27:09.624,9.951
2026-01-18 15:27:09.650,9.946
2026-01-18 15:27:09.666,9.947
2026-01-18 15:27:09.666,9.965
2026-01-18 15:27:09.676,9.963
2026-01-18 15:27:09.699,9.957
2026-01-18 15:27:09.716,9.971
2026-01-18 15:27:09.716,9.97
2026-01-18 15:27:09.733,9.966
2026-01-18 15:27:09.751,9.962
2026-01-18 15:27:09.751,9.965
2026-01-18 15:27:09.751,9.964
2026-01-18 15:27:09.783,9.957
2026-01-18 15:27:09.799,9.961
2026-01-18 15:27:09.799,9.961
2026-01-18 15:27:09.815,9.956
2026-01-18 15:27:09.830,9.952
2026-01-18 15:27:09.849,9.962
2026-01-18 15:27:09.849,9.977
2026-01-18 15:27:09.866,9.967
2026-01-18 15:27:09.883,9.97
2026-01-18 15:27:09.883,9.967
2026-01-18 15:27:09.899,9.96
2026-01-18 15:27:09.912,9.959
2026-01-18 15:27:09.928,9.962
2026-01-18 15:27:09.928,9.96
2026-01-18 15:27:09.950,9.956
2026-01-18 15:27:09.966,9.948
2026-01-18 15:27:09.966,9.963
2026-01-18 15:27:09.982,9.967
2026-01-18 15:27:09.999,9.966
2026-01-18 15:27:10.013,9.961
2026-01-18 15:27:10.013,9.955
2026-01-18 15:27:10.032,9.96
2026-01-18 15:27:10.043,9.96
2026-01-18 15:27:10.065,9.958
2026-01-18 15:27:10.082,9.96
2026-01-18 15:27:10.089,9.959
2026-01-18 15:27:10.089,9.955
2026-01-18 15:27:10.108,9.95
2026-01-18 15:27:10.126,9.958
2026-01-18 15:27:10.151,9.963
2026-01-18 15:27:10.151,9.959
2026-01-18 15:27:10.167,9.959
2026-01-18 15:27:10.183,9.965
2026-01-18 15:27:10.183,9.963
2026-01-18 15:27:10.196,9.959
2026-01-18 15:27:10.216,9.954
2026-01-18 15:27:10.229,9.958
2026-01-18 15:27:10.229,9.956
2026-01-18 15:27:10.250,9.953
2026-01-18 15:27:10.266,9.949
2026-01-18 15:27:10.268,9.949
2026-01-18 15:27:10.280,9.953
2026-01-18 15:27:10.298,9.954
2026-01-18 15:27:10.318,9.949
2026-01-18 15:27:10.318,9.945
2026-01-18 15:27:10.332,9.943
2026-01-18 15:27:10.349,9.955
2026-01-18 15:27:10.366,9.957
2026-01-18 15:27:10.366,9.954
2026-01-18 15:27:10.383,9.951
2026-01-18 15:27:10.398,9.951
2026-01-18 15:27:10.398,9.952
2026-01-18 15:27:10.411,9.95
2026-01-18 15:27:10.431,9.946
2026-01-18 15:27:10.435,9.947
2026-01-18 15:27:10.449,9.948
2026-01-18 15:27:10.465,9.947
2026-01-18 15:27:10.472,9.944
2026-01-18 15:27:10.472,9.95
2026-01-18 15:27:10.488,9.95
2026-01-18 15:27:10.516,9.949
2026-01-18 15:27:10.532,9.942
2026-01-18 15:27:10.534,9.947
2026-01-18 15:27:10.549,9.948
2026-01-18 15:27:10.566,9.947
2026-01-18 15:27:10.566,9.944
2026-01-18 15:27:10.582,9.956
2026-01-18 15:27:10.597,9.957
2026-01-18 15:27:10.613,9.955
2026-01-18 15:27:10.613,9.956
2026-01-18 15:27:10.630,9.956
2026-01-18 15:27:10.650,9.957
2026-01-18 15:27:10.650,9.956
2026-01-18 15:27:10.665,9.953
2026-01-18 15:27:10.683,9.953
2026-01-18 15:27:10.692,9.966
2026-01-18 15:27:10.692,9.969
2026-01-18 15:27:10.715,9.968
2026-01-18 15:27:10.724,9.966
2026-01-18 15:27:10.758,9.965
2026-01-18 15:27:10.758,9.957
2026-01-18 15:27:10.760,9.956
2026-01-18 15:27:10.773,9.958
2026-01-18 15:27:10.791,9.955
2026-01-18 15:27:10.803,9.952
2026-01-18 15:27:10.816,9.95
2026-01-18 15:27:10.832,9.953
2026-01-18 15:27:10.832,9.955
2026-01-18 15:27:10.848,9.955
2026-01-18 15:27:10.866,9.949
2026-01-18 15:27:10.866,9.946
2026-01-18 15:27:10.882,9.956
2026-01-18 15:27:10.898,9.963
2026-01-18 15:27:10.913,9.964
2026-01-18 15:27:10.913,9.96
2026-01-18 15:27:10.930,9.952
2026-01-18 15:27:10.947,9.955
2026-01-18 15:27:10.966,9.967
2026-01-18 15:27:10.966,9.968
2026-01-18 15:27:10.982,9.968
2026-01-18 15:27:10.999,9.965
2026-01-18 15:27:10.999,9.961
2026-01-18 15:27:11.010,9.965
2026-01-18 15:27:11.032,9.97
2026-01-18 15:27:11.032,9.97
2026-01-18 15:27:11.049,9.965
2026-01-18 15:27:11.066,9.958
2026-01-18 15:27:11.082,9.955
2026-01-18 15:27:11.082,9.967
2026-01-18 15:27:11.099,9.962
2026-01-18 15:27:11.115,9.97
2026-01-18 15:27:11.122,9.968
2026-01-18 15:27:11.122,9.963
2026-01-18 15:27:11.143,9.965
2026-01-18 15:27:11.166,9.969
2026-01-18 15:27:11.166,9.971
2026-01-18 15:27:11.176,9.968
2026-01-18 15:27:11.199,9.962
2026-01-18 15:27:11.215,9.956
2026-01-18 15:27:11.215,9.956
2026-01-18 15:27:11.234,9.959
2026-01-18 15:27:11.249,9.957
2026-01-18 15:27:11.263,9.957
2026-01-18 15:27:11.263,9.959
2026-01-18 15:27:11.282,9.957
2026-01-18 15:27:11.299,9.963
2026-01-18 15:27:11.299,9.962
2026-01-18 15:27:11.315,9.968
2026-01-18 15:27:11.326,9.962
2026-01-18 15:27:11.343,9.958
2026-01-18 15:27:11.343,9.958
2026-01-18 15:27:11.384,9.961
2026-01-18 15:27:11.384,9.96
2026-01-18 15:27:11.384,9.961
2026-01-18 15:27:11.395,9.957
2026-01-18 15:27:11.414,9.954
2026-01-18 15:27:11.424,9.951
2026-01-18 15:27:11.433,9.955
2026-01-18 15:27:11.449,9.961
2026-01-18 15:27:11.465,9.96
2026-01-18 15:27:11.467,9.958
2026-01-18 15:27:11.483,9.954
2026-01-18 15:27:11.500,9.951
2026-01-18 15:27:11.515,9.953
2026-01-18 15:27:11.515,9.957
2026-01-18 15:27:11.533,9.959
2026-01-18 15:27:11.549,9.954
2026-01-18 15:27:11.565,9.948
2026-01-18 15:27:11.565,9.961
2026-01-18 15:27:11.582,9.963
2026-01-18 15:27:11.592,9.973
2026-01-18 15:27:11.599,9.966
2026-01-18 15:27:11.610,9.965
2026-01-18 15:27:11.624,9.973
2026-01-18 15:27:11.649,9.968
2026-01-18 15:27:11.649,9.964
2026-01-18 15:27:11.665,9.96
2026-01-18 15:27:11.682,9.96
2026-01-18 15:27:11.682,9.963
2026-01-18 15:27:11.699,9.964
2026-01-18 15:27:11.710,9.964
2026-01-18 15:27:11.732,9.96
2026-01-18 15:27:11.732,9.956
2026-01-18 15:27:11.751,9.954
2026-01-18 15:27:11.751,9.957
2026-01-18 15:27:11.783,9.963
2026-01-18 15:27:11.785,9.966
2026-01-18 15:27:11.791,9.966
2026-01-18 15:27:11.816,9.96
2026-01-18 15:27:11.816,9.956
2026-01-18 15:27:11.833,9.958
2026-01-18 15:27:11.849,9.962
2026-01-18 15:27:11.849,9.959
2026-01-18 15:27:11.865,9.959
2026-01-18 15:27:11.883,9.957
2026-01-18 15:27:11.898,9.954
2026-01-18 15:27:11.898,9.958
2026-01-18 15:27:11.915,9.96
2026-01-18 15:27:11.932,9.954
2026-01-18 15:27:11.948,9.952
2026-01-18 15:27:11.948,9.955
2026-01-18 15:27:11.966,9.96
2026-01-18 15:27:11.981,9.96
2026-01-18 15:27:11.981,9.96
2026-01-18 15:27:11.999,9.958
2026-01-18 15:27:12.016,9.964
2026-01-18 15:27:12.032,9.965
2026-01-18 15:27:12.032,9.961
2026-01-18 15:27:12.049,9.957
2026-01-18 15:27:12.066,9.956
2026-01-18 15:27:12.066,9.972
2026-01-18 15:27:12.081,9.971
2026-01-18 15:27:12.099,9.971
2026-01-18 15:27:12.115,9.965
2026-01-18 15:27:12.117,9.964
2026-01-18 15:27:12.132,9.966
2026-01-18 15:27:12.147,9.965
2026-01-18 15:27:12.147,9.963
2026-01-18 15:27:12.165,9.956
2026-01-18 15:27:12.181,9.951
2026-01-18 15:27:12.199,9.959
2026-01-18 15:27:12.199,9.963
2026-01-18 15:27:12.212,9.963
2026-01-18 15:27:12.227,9.967
2026-01-18 15:27:12.248,9.963
2026-01-18 15:27:12.248,9.96
2026-01-18 15:27:12.266,9.958
2026-01-18 15:27:12.277,9.957
2026-01-18 15:27:12.277,9.956
2026-01-18 15:27:12.299,9.952
2026-01-18 15:27:12.312,9.967
2026-01-18 15:27:12.332,9.97
2026-01-18 15:27:12.332,9.969
2026-01-18 15:27:12.349,9.966
2026-01-18 15:27:12.357,9.958
2026-01-18 15:27:12.357,9.967
2026-01-18 15:27:12.369,9.967
2026-01-18 15:27:12.393,9.974
2026-01-18 15:27:12.412,9.976
2026-01-18 15:27:12.416,9.974
2026-01-18 15:27:12.433,9.97
2026-01-18 15:27:12.448,9.966
2026-01-18 15:27:12.467,9.958
2026-01-18 15:27:12.467,9.953
2026-01-18 15:27:12.483,9.948
2026-01-18 15:27:12.498,9.967
2026-01-18 15:27:12.500,9.969
2026-01-18 15:27:12.516,9.972
2026-01-18 15:27:12.530,9.975
2026-01-18 15:27:12.549,9.97
2026-01-18 15:27:12.551,9.964
2026-01-18 15:27:12.564,9.974
2026-01-18 15:27:12.574,9.969
2026-01-18 15:27:12.574,9.968
2026-01-18 15:27:12.597,9.972
2026-01-18 15:27:12.614,9.974
2026-01-18 15:27:12.632,9.97
2026-01-18 15:27:12.632,9.964
2026-01-18 15:27:12.647,9.965
2026-01-18 15:27:12.659,9.963
2026-01-18 15:27:12.659,9.961
2026-01-18 15:27:12.669,9.956
2026-01-18 15:27:12.698,9.973
2026-01-18 15:27:12.714,9.977
2026-01-18 15:27:12.714,9.972
2026-01-18 15:27:12.755,9.969
2026-01-18 15:27:12.755,9.964
2026-01-18 15:27:12.755,9.958
2026-01-18 15:27:12.763,9.958
2026-01-18 15:27:12.778,9.967
2026-01-18 15:27:12.795,9.966
2026-01-18 15:27:12.795,9.962
2026-01-18 15:27:12.812,9.964
2026-01-18 15:27:12.825,9.961
2026-01-18 15:27:12.848,9.955
2026-01-18 15:27:12.848,9.954
2026-01-18 15:27:12.865,9.952
2026-01-18 15:27:12.878,9.945
2026-01-18 15:27:12.878,9.944
2026-01-18 15:27:12.892,9.942
2026-01-18 15:27:12.915,9.941
2026-01-18 15:27:12.933,9.942
2026-01-18 15:27:12.933,9.943
2026-01-18 15:27:12.935,9.949
2026-01-18 15:27:12.965,9.956
2026-01-18 15:27:12.966,9.971
2026-01-18 15:27:12.982,9.973
2026-01-18 15:27:12.999,9.97
2026-01-18 15:27:13.014,9.965
2026-01-18 15:27:13.016,9.957
2026-01-18 15:27:13.033,9.954
2026-01-18 15:27:13.046,9.953
2026-01-18 15:27:13.065,9.95
2026-01-18 15:27:13.065,9.964
2026-01-18 15:27:13.083,9.965
2026-01-18 15:27:13.098,9.965
2026-01-18 15:27:13.098,9.964
2026-01-18 15:27:13.115,9.961
2026-01-18 15:27:13.131,9.96
2026-01-18 15:27:13.142,9.958
2026-01-18 15:27:13.142,9.954
2026-01-18 15:27:13.157,9.951
2026-01-18 15:27:13.182,9.954
2026-01-18 15:27:13.183,9.969
2026-01-18 15:27:13.198,9.966
2026-01-18 15:27:13.215,9.966
2026-01-18 15:27:13.231,9.967
2026-01-18 15:27:13.231,9.968
2026-01-18 15:27:13.248,9.966
2026-01-18 15:27:13.266,9.961
2026-01-18 15:27:13.266,9.955
2026-01-18 15:27:13.281,9.952
2026-01-18 15:27:13.287,9.949
2026-01-18 15:27:13.315,9.956
2026-01-18 15:27:13.315,9.958
2026-01-18 15:27:13.331,9.958
2026-01-18 15:27:13.347,9.959
2026-01-18 15:27:13.364,9.96
2026-01-18 15:27:13.364,9.953
2026-01-18 15:27:13.383,9.954
2026-01-18 15:27:13.399,9.949
2026-01-18 15:27:13.399,9.951
2026-01-18 15:27:13.415,9.956
2026-01-18 15:27:13.431,9.962
2026-01-18 15:27:13.448,9.965
2026-01-18 15:27:13.449,9.966
2026-01-18 15:27:13.465,9.959
2026-01-18 15:27:13.482,9.956
2026-01-18 15:27:13.482,9.957
2026-01-18 15:27:13.499,9.956
2026-01-18 15:27:13.517,9.965
2026-01-18 15:27:13.532,9.973
2026-01-18 15:27:13.532,9.971
2026-01-18 15:27:13.548,9.971
2026-01-18 15:27:13.566,9.968
2026-01-18 15:27:13.566,9.98
2026-01-18 15:27:13.573,9.972
2026-01-18 15:27:13.587,9.964
2026-01-18 15:27:13.617,9.96
2026-01-18 15:27:13.617,9.956
2026-01-18 15:27:13.632,9.963
2026-01-18 15:27:13.650,9.986
2026-01-18 15:27:13.650,9.983
2026-01-18 15:27:13.665,9.983
2026-01-18 15:27:13.681,9.982
2026-01-18 15:27:13.698,9.981
2026-01-18 15:27:13.698,9.977
2026-01-18 15:27:13.716,9.974
2026-01-18 15:27:13.737,9.969
2026-01-18 15:27:13.739,9.965
2026-01-18 15:27:13.746,9.977
2026-01-18 15:27:13.762,9.974
2026-01-18 15:27:13.781,9.97
2026-01-18 15:27:13.781,9.98
2026-01-18 15:27:13.798,9.993
2026-01-18 15:27:13.815,9.993
2026-01-18 15:27:13.832,9.986
2026-01-18 15:27:13.832,9.987
2026-01-18 15:27:13.849,9.992
2026-01-18 15:27:13.865,9.988
2026-01-18 15:27:13.865,9.986
2026-01-18 15:27:13.882,9.982
2026-01-18 15:27:13.916,9.979
2026-01-18 15:27:13.916,9.969
2026-01-18 15:27:13.932,9.963
2026-01-18 15:27:13.949,9.954
2026-01-18 15:27:13.949,9.96
2026-01-18 15:27:13.963,9.962
2026-01-18 15:27:13.982,9.966
2026-01-18 15:27:13.997,9.968
2026-01-18 15:27:13.997,9.968
2026-01-18 15:27:14.015,9.965
2026-01-18 15:27:14.031,9.956
2026-01-18 15:27:14.043,9.951
2026-01-18 15:27:14.043,9.946
2026-01-18 15:27:14.064,9.947
2026-01-18 15:27:14.081,9.95
2026-01-18 15:27:14.083,9.954
2026-01-18 15:27:14.115,9.953
2026-01-18 15:27:14.116,9.957
2026-01-18 15:27:14.116,9.957
2026-01-18 15:27:14.148,9.957
2026-01-18 15:27:14.150,9.956
2026-01-18 15:27:14.164,9.958
2026-01-18 15:27:14.172,9.974
2026-01-18 15:27:14.172,9.97
2026-01-18 15:27:14.198,9.965
2026-01-18 15:27:14.213,9.959
2026-01-18 15:27:14.213,9.955
2026-01-18 15:27:14.231,9.947
2026-01-18 15:27:14.248,9.947
2026-01-18 15:27:14.266,9.948
2026-01-18 15:27:14.266,9.946
2026-01-18 15:27:14.282,9.949
2026-01-18 15:27:14.299,9.944
2026-01-18 15:27:14.299,9.943
2026-01-18 15:27:14.313,9.944
2026-01-18 15:27:14.333,9.949
2026-01-18 15:27:14.348,9.95
2026-01-18 15:27:14.348,9.946
2026-01-18 15:27:14.363,9.947
2026-01-18 15:27:14.375,9.943
2026-01-18 15:27:14.375,9.938
2026-01-18 15:27:14.398,9.937
2026-01-18 15:27:14.431,9.936
2026-01-18 15:27:14.431,9.939
2026-01-18 15:27:14.440,9.939
2026-01-18 15:27:14.455,9.939
2026-01-18 15:27:14.455,9.936
2026-01-18 15:27:14.481,9.935
2026-01-18 15:27:14.486,9.937
2026-01-18 15:27:14.514,9.935
2026-01-18 15:27:14.514,9.936
2026-01-18 15:27:14.517,9.934
2026-01-18 15:27:14.533,9.934
2026-01-18 15:27:14.549,9.932
2026-01-18 15:27:14.565,9.936
2026-01-18 15:27:14.581,9.938
2026-01-18 15:27:14.597,9.94
2026-01-18 15:27:14.597,9.943
2026-01-18 15:27:14.614,9.946
2026-01-18 15:27:14.635,9.947
2026-01-18 15:27:14.635,9.948
2026-01-18 15:27:14.645,9.947
2026-01-18 15:27:14.667,9.948
2026-01-18 15:27:14.677,9.949
2026-01-18 15:27:14.677,9.95
2026-01-18 15:27:14.698,9.948
2026-01-18 15:27:14.714,9.947
2026-01-18 15:27:14.735,9.945
2026-01-18 15:27:14.735,9.943
2026-01-18 15:27:14.760,9.945
2026-01-18 15:27:14.762,9.942
2026-01-18 15:27:14.782,9.941
2026-01-18 15:27:14.782,9.94
2026-01-18 15:27:14.800,9.94
2026-01-18 15:27:14.814,9.942
2026-01-18 15:27:14.816,9.937
2026-01-18 15:27:14.830,9.936
2026-01-18 15:27:14.846,9.937
2026-01-18 15:27:14.863,9.937
2026-01-18 15:27:14.865,9.936
2026-01-18 15:27:14.880,9.936
2026-01-18 15:27:14.884,9.953
2026-01-18 15:27:14.899,9.951
2026-01-18 15:27:14.914,9.948
2026-01-18 15:27:14.932,9.945
2026-01-18 15:27:14.948,9.947
2026-01-18 15:27:14.948,9.948
2026-01-18 15:27:14.964,9.946
2026-01-18 15:27:14.983,9.945
2026-01-18 15:27:14.983,9.947
2026-01-18 15:27:14.998,9.95
2026-01-18 15:27:15.014,9.951
2026-01-18 15:27:15.025,9.947
2026-01-18 15:27:15.025,9.944
2026-01-18 15:27:15.047,9.947
2026-01-18 15:27:15.063,9.946
2026-01-18 15:27:15.076,9.947
2026-01-18 15:27:15.082,9.948
2026-01-18 15:27:15.098,9.955
2026-01-18 15:27:15.114,9.954
2026-01-18 15:27:15.114,9.95
2026-01-18 15:27:15.119,9.948
2026-01-18 15:27:15.135,9.944
2026-01-18 15:27:15.151,9.943
2026-01-18 15:27:15.151,9.942
2026-01-18 15:27:15.167,9.942
2026-01-18 15:27:15.185,9.941
2026-01-18 15:27:15.185,9.939
2026-01-18 15:27:15.214,9.943
2026-01-18 15:27:15.230,9.944
2026-01-18 15:27:15.246,9.954
2026-01-18 15:27:15.246,9.962
2026-01-18 15:27:15.261,9.961
2026-01-18 15:27:15.277,9.964
2026-01-18 15:27:15.277,9.961
2026-01-18 15:27:15.298,9.959
2026-01-18 15:27:15.314,9.969
2026-01-18 15:27:15.314,9.971
2026-01-18 15:27:15.325,9.972
2026-01-18 15:27:15.341,9.976
2026-01-18 15:27:15.341,9.981
2026-01-18 15:27:15.357,9.985
2026-01-18 15:27:15.373,9.983
2026-01-18 15:27:15.389,9.984
2026-01-18 15:27:15.414,9.982
2026-01-18 15:27:15.414,9.979
2026-01-18 15:27:15.420,9.983
2026-01-18 15:27:15.436,9.982
2026-01-18 15:27:15.500,9.979
2026-01-18 15:27:15.500,9.979
2026-01-18 15:27:15.500,9.975
2026-01-18 15:27:15.500,9.973
2026-01-18 15:27:15.500,9.971
2026-01-18 15:27:15.500,9.971
2026-01-18 15:27:15.531,9.971
2026-01-18 15:27:15.547,9.969
2026-01-18 15:27:15.547,9.967
2026-01-18 15:27:15.565,9.967
2026-01-18 15:27:15.579,9.96
2026-01-18 15:27:15.579,9.956
2026-01-18 15:27:15.598,9.95
2026-01-18 15:27:15.616,9.956
2026-01-18 15:27:15.632,9.95
2026-01-18 15:27:15.632,9.948
2026-01-18 15:27:15.647,9.948
2026-01-18 15:27:15.663,9.948
2026-01-18 15:27:15.675,9.949
2026-01-18 15:27:15.675,9.948
2026-01-18 15:27:15.691,9.951
2026-01-18 15:27:15.715,9.951
2026-01-18 15:27:15.715,9.954
2026-01-18 15:27:15.731,9.957
2026-01-18 15:27:15.748,9.959
2026-01-18 15:27:15.771,9.963
2026-01-18 15:27:15.771,9.971
2026-01-18 15:27:15.781,9.975
2026-01-18 15:27:15.789,9.984
2026-01-18 15:27:15.789,9.981
2026-01-18 15:27:15.815,9.978
2026-01-18 15:27:15.831,9.982
2026-01-18 15:27:15.848,9.985
2026-01-18 15:27:15.848,9.983
2026-01-18 15:27:15.865,9.983
2026-01-18 15:27:15.881,9.984
2026-01-18 15:27:15.882,9.983
2026-01-18 15:27:15.899,9.98
2026-01-18 15:27:15.915,9.973
2026-01-18 15:27:15.931,9.972
2026-01-18 15:27:15.931,9.97
2026-01-18 15:27:15.945,9.967
2026-01-18 15:27:15.966,9.965
2026-01-18 15:27:15.966,9.964
2026-01-18 15:27:15.981,9.965
2026-01-18 15:27:15.999,9.965
2026-01-18 15:27:16.017,9.964
2026-01-18 15:27:16.017,9.965
2026-01-18 15:27:16.031,9.961
2026-01-18 15:27:16.048,9.961
2026-01-18 15:27:16.064,9.961
2026-01-18 15:27:16.064,9.96
2026-01-18 15:27:16.081,9.961
2026-01-18 15:27:16.098,9.955
2026-01-18 15:27:16.098,9.954
2026-01-18 15:27:16.115,9.954
2026-01-18 15:27:16.131,9.953
2026-01-18 15:27:16.148,9.954
2026-01-18 15:27:16.148,9.953
2026-01-18 15:27:16.165,9.953
2026-01-18 15:27:16.183,9.956
2026-01-18 15:27:16.183,9.959
2026-01-18 15:27:16.197,9.962
2026-01-18 15:27:16.215,9.964
2026-01-18 15:27:16.231,9.963
2026-01-18 15:27:16.231,9.967
2026-01-18 15:27:16.247,9.967
2026-01-18 15:27:16.265,9.964
2026-01-18 15:27:16.281,9.963
2026-01-18 15:27:16.281,9.963
2026-01-18 15:27:16.298,9.963
2026-01-18 15:27:16.315,9.964
2026-01-18 15:27:16.315,9.964
2026-01-18 15:27:16.330,9.962
2026-01-18 15:27:16.348,9.96
2026-01-18 15:27:16.364,9.961
2026-01-18 15:27:16.364,9.963
2026-01-18 15:27:16.380,9.966
2026-01-18 15:27:16.397,9.97
2026-01-18 15:27:16.397,9.972
2026-01-18 15:27:16.415,9.976
2026-01-18 15:27:16.431,9.975
2026-01-18 15:27:16.448,9.972
2026-01-18 15:27:16.448,9.986
2026-01-18 15:27:16.464,9.979
2026-01-18 15:27:16.475,9.974
2026-01-18 15:27:16.488,9.968
2026-01-18 15:27:16.488,9.962
2026-01-18 15:27:16.505,9.957
2026-01-18 15:27:16.522,9.957
2026-01-18 15:27:16.522,9.954
2026-01-18 15:27:16.533,9.953
2026-01-18 15:27:16.565,9.952
2026-01-18 15:27:16.565,9.951
2026-01-18 15:27:16.581,9.95
2026-01-18 15:27:16.596,9.944
2026-01-18 15:27:16.612,9.946
2026-01-18 15:27:16.612,9.945
2026-01-18 15:27:16.630,9.945
2026-01-18 15:27:16.648,9.942
2026-01-18 15:27:16.662,9.945
2026-01-18 15:27:16.662,9.947
2026-01-18 15:27:16.677,9.946
2026-01-18 15:27:16.698,9.959
2026-01-18 15:27:16.698,9.962
2026-01-18 15:27:16.715,9.964
2026-01-18 15:27:16.732,9.963
2026-01-18 15:27:16.748,9.961
2026-01-18 15:27:16.748,9.961
2026-01-18 15:27:16.775,9.965
2026-01-18 15:27:16.775,9.969
2026-01-18 15:27:16.783,9.962
2026-01-18 15:27:16.797,9.957
2026-01-18 15:27:16.816,9.956
2026-01-18 15:27:16.845,9.952
2026-01-18 15:27:16.847,9.951
2026-01-18 15:27:16.849,9.951
2026-01-18 15:27:16.851,9.947
2026-01-18 15:27:16.866,9.945
2026-01-18 15:27:16.881,9.945
2026-01-18 15:27:16.897,9.946
2026-01-18 15:27:16.916,9.946
2026-01-18 15:27:16.916,9.95
2026-01-18 15:27:16.931,9.95
2026-01-18 15:27:16.949,9.948
2026-01-18 15:27:16.949,9.961
2026-01-18 15:27:16.965,9.96
2026-01-18 15:27:16.983,9.958
2026-01-18 15:27:16.999,9.958
2026-01-18 15:27:16.999,9.955
2026-01-18 15:27:17.015,9.956
2026-01-18 15:27:17.032,9.958
2026-01-18 15:27:17.051,9.958
2026-01-18 15:27:17.051,9.955
2026-01-18 15:27:17.072,9.955
2026-01-18 15:27:17.072,9.952
2026-01-18 15:27:17.086,9.948
2026-01-18 15:27:17.097,9.95
2026-01-18 15:27:17.107,9.947
2026-01-18 15:27:17.131,9.943
2026-01-18 15:27:17.131,9.946
2026-01-18 15:27:17.147,9.946
2026-01-18 15:27:17.155,9.946
2026-01-18 15:27:17.184,9.946
2026-01-18 15:27:17.186,9.944
2026-01-18 15:27:17.197,9.941
2026-01-18 15:27:17.218,9.943
2026-01-18 15:27:17.218,9.944
2026-01-18 15:27:17.243,9.945
2026-01-18 15:27:17.243,9.946
2026-01-18 15:27:17.264,9.948
2026-01-18 15:27:17.264,9.948
2026-01-18 15:27:17.280,9.949
2026-01-18 15:27:17.296,9.95
2026-01-18 15:27:17.296,9.951
2026-01-18 15:27:17.314,9.953
2026-01-18 15:27:17.328,9.967
2026-01-18 15:27:17.345,9.967
2026-01-18 15:27:17.345,9.969
2026-01-18 15:27:17.364,9.969
2026-01-18 15:27:17.378,9.967
2026-01-18 15:27:17.382,9.966
2026-01-18 15:27:17.398,9.967
2026-01-18 15:27:17.414,9.965
2026-01-18 15:27:17.431,9.962
2026-01-18 15:27:17.431,9.96
2026-01-18 15:27:17.439,9.971
2026-01-18 15:27:17.455,9.965
2026-01-18 15:27:17.471,9.963
2026-01-18 15:27:17.471,9.959
2026-01-18 15:27:17.486,9.954
2026-01-18 15:27:17.506,9.953
2026-01-18 15:27:17.506,9.95
2026-01-18 15:27:17.521,9.949
2026-01-18 15:27:17.541,9.951
2026-01-18 15:27:17.566,9.954
2026-01-18 15:27:17.566,9.956
2026-01-18 15:27:17.581,9.958
2026-01-18 15:27:17.597,9.974
2026-01-18 15:27:17.597,9.973
2026-01-18 15:27:17.614,9.973
2026-01-18 15:27:17.631,9.97
2026-01-18 15:27:17.649,9.97
2026-01-18 15:27:17.649,9.966
2026-01-18 15:27:17.664,9.969
2026-01-18 15:27:17.681,9.964
2026-01-18 15:27:17.681,9.957
2026-01-18 15:27:17.697,9.955
2026-01-18 15:27:17.715,9.954
2026-01-18 15:27:17.731,9.951
2026-01-18 15:27:17.731,9.949
2026-01-18 15:27:17.748,9.951
2026-01-18 15:27:17.764,9.947
2026-01-18 15:27:17.766,9.95
2026-01-18 15:27:17.786,9.952
2026-01-18 15:27:17.797,9.95
2026-01-18 15:27:17.815,9.957
2026-01-18 15:27:17.815,9.962
2026-01-18 15:27:17.861,9.978
2026-01-18 15:27:17.863,9.978
2026-01-18 15:27:17.863,9.971
2026-01-18 15:27:17.863,9.967
2026-01-18 15:27:17.881,9.961
2026-01-18 15:27:17.897,9.956
2026-01-18 15:27:17.897,9.962
2026-01-18 15:27:17.913,9.964
2026-01-18 15:27:17.929,9.964
2026-01-18 15:27:17.947,9.967
2026-01-18 15:27:17.947,9.961
2026-01-18 15:27:17.963,9.955
2026-01-18 15:27:17.981,9.951
2026-01-18 15:27:17.998,9.949
2026-01-18 15:27:18.000,9.947
2026-01-18 15:27:18.014,9.962
2026-01-18 15:27:18.030,9.969
2026-01-18 15:27:18.030,9.967
2026-01-18 15:27:18.048,9.963
2026-01-18 15:27:18.057,9.956
2026-01-18 15:27:18.079,9.955
2026-01-18 15:27:18.079,9.954
2026-01-18 15:27:18.097,9.959
2026-01-18 15:27:18.103,9.966
2026-01-18 15:27:18.103,9.963
2026-01-18 15:27:18.118,9.96
2026-01-18 15:27:18.134,9.956
2026-01-18 15:27:18.165,9.955
2026-01-18 15:27:18.207,9.958
2026-01-18 15:27:18.210,9.965
2026-01-18 15:27:18.210,9.961
2026-01-18 15:27:18.210,9.957
2026-01-18 15:27:18.229,9.954
2026-01-18 15:27:18.229,9.956
2026-01-18 15:27:18.245,9.956
2026-01-18 15:27:18.260,9.958
2026-01-18 15:27:18.278,9.97
2026-01-18 15:27:18.292,9.967
2026-01-18 15:27:18.299,9.963
2026-01-18 15:27:18.314,9.962
2026-01-18 15:27:18.330,9.965
2026-01-18 15:27:18.330,9.964
2026-01-18 15:27:18.348,9.968
2026-01-18 15:27:18.364,9.967
2026-01-18 15:27:18.381,9.965
2026-01-18 15:27:18.381,9.962
2026-01-18 15:27:18.397,9.963
2026-01-18 15:27:18.415,9.962
2026-01-18 15:27:18.415,9.956
2026-01-18 15:27:18.431,9.954
2026-01-18 15:27:18.447,9.952
2026-01-18 15:27:18.452,9.952
2026-01-18 15:27:18.452,9.962
2026-01-18 15:27:18.482,9.962
2026-01-18 15:27:18.499,9.967
2026-01-18 15:27:18.499,9.962
2026-01-18 15:27:18.514,9.959
2026-01-18 15:27:18.532,9.955
2026-01-18 15:27:18.548,9.956
2026-01-18 15:27:18.548,9.962
2026-01-18 15:27:18.564,9.966
2026-01-18 15:27:18.579,9.964
2026-01-18 15:27:18.579,9.965
2026-01-18 15:27:18.597,9.959
2026-01-18 15:27:18.614,9.954
2026-01-18 15:27:18.630,9.953
2026-01-18 15:27:18.630,9.954
2026-01-18 15:27:18.648,9.954
2026-01-18 15:27:18.663,9.955
2026-01-18 15:27:18.681,9.96
2026-01-18 15:27:18.681,9.959
2026-01-18 15:27:18.698,9.954
2026-01-18 15:27:18.714,9.949
2026-01-18 15:27:18.714,9.946
2026-01-18 15:27:18.731,9.961
2026-01-18 15:27:18.748,9.96
2026-01-18 15:27:18.764,9.963
2026-01-18 15:27:18.764,9.968
2026-01-18 15:27:18.784,9.965
2026-01-18 15:27:18.784,9.966
2026-01-18 15:27:18.784,9.964
2026-01-18 15:27:18.800,9.962
2026-01-18 15:27:18.830,9.955
2026-01-18 15:27:18.848,9.957
2026-01-18 15:27:18.848,9.958
2026-01-18 15:27:18.865,9.961
2026-01-18 15:27:18.881,9.967
2026-01-18 15:27:18.881,9.972
2026-01-18 15:27:18.898,9.963
2026-01-18 15:27:18.915,9.96
2026-01-18 15:27:18.930,9.958
2026-01-18 15:27:18.930,9.965
2026-01-18 15:27:18.948,9.965
2026-01-18 15:27:18.964,9.97
2026-01-18 15:27:18.981,9.967
2026-01-18 15:27:18.981,9.964
2026-01-18 15:27:18.998,9.96
2026-01-18 15:27:19.014,9.959
2026-01-18 15:27:19.014,9.958
2026-01-18 15:27:19.030,9.958
2026-01-18 15:27:19.047,9.961
2026-01-18 15:27:19.058,9.958
2026-01-18 15:27:19.058,9.958
2026-01-18 15:27:19.081,9.96
2026-01-18 15:27:19.098,9.961
2026-01-18 15:27:19.099,9.963
2026-01-18 15:27:19.114,9.961
2026-01-18 15:27:19.130,9.958
2026-01-18 15:27:19.148,9.959
2026-01-18 15:27:19.148,9.967
2026-01-18 15:27:19.166,9.962
2026-01-18 15:27:19.181,9.962
2026-01-18 15:27:19.182,9.963
2026-01-18 15:27:19.196,9.971
2026-01-18 15:27:19.214,9.974
2026-01-18 15:27:19.232,9.966
2026-01-18 15:27:19.232,9.963
2026-01-18 15:27:19.245,9.963
2026-01-18 15:27:19.265,9.969
2026-01-18 15:27:19.281,9.966
2026-01-18 15:27:19.281,9.961
2026-01-18 15:27:19.296,9.964
2026-01-18 15:27:19.318,9.969
2026-01-18 15:27:19.320,9.972
2026-01-18 15:27:19.333,9.972
2026-01-18 15:27:19.348,9.968
2026-01-18 15:27:19.363,9.963
2026-01-18 15:27:19.365,9.962
2026-01-18 15:27:19.381,9.966
2026-01-18 15:27:19.398,9.975
2026-01-18 15:27:19.398,9.979
2026-01-18 15:27:19.405,9.973
2026-01-18 15:27:19.420,9.97
2026-01-18 15:27:19.449,9.969
2026-01-18 15:27:19.449,9.969
2026-01-18 15:27:19.465,9.966
2026-01-18 15:27:19.481,9.961
2026-01-18 15:27:19.482,9.96
2026-01-18 15:27:19.497,9.96
2026-01-18 15:27:19.513,9.963
2026-01-18 15:27:19.532,9.967
2026-01-18 15:27:19.532,9.962
2026-01-18 15:27:19.570,9.955
2026-01-18 15:27:19.572,9.954
2026-01-18 15:27:19.572,9.958
2026-01-18 15:27:19.584,9.958
2026-01-18 15:27:19.592,9.957
2026-01-18 15:27:19.608,9.953
2026-01-18 15:27:19.608,9.948
2026-01-18 15:27:19.630,9.962
2026-01-18 15:27:19.645,9.96
2026-01-18 15:27:19.658,9.959
2026-01-18 15:27:19.658,9.96
2026-01-18 15:27:19.680,9.965
2026-01-18 15:27:19.688,9.964
2026-01-18 15:27:19.688,9.962
2026-01-18 15:27:19.706,9.96
2026-01-18 15:27:19.730,9.959
2026-01-18 15:27:19.748,9.962
2026-01-18 15:27:19.748,9.966
2026-01-18 15:27:19.764,9.973
2026-01-18 15:27:19.784,9.977
2026-01-18 15:27:19.784,9.971
2026-01-18 15:27:19.797,9.968
2026-01-18 15:27:19.814,9.962
2026-01-18 15:27:19.831,9.959
2026-01-18 15:27:19.832,9.961
2026-01-18 15:27:19.848,9.962
2026-01-18 15:27:19.866,9.964
2026-01-18 15:27:19.866,9.969
2026-01-18 15:27:19.885,9.97
2026-01-18 15:27:19.897,9.963
2026-01-18 15:27:19.910,9.957
2026-01-18 15:27:19.910,9.955
2026-01-18 15:27:19.929,9.956
2026-01-18 15:27:19.943,9.958
2026-01-18 15:27:19.958,9.967
2026-01-18 15:27:19.966,9.964
2026-01-18 15:27:19.975,9.96
2026-01-18 15:27:19.989,9.951
2026-01-18 15:27:19.999,9.963
2026-01-18 15:27:20.014,9.961
2026-01-18 15:27:20.031,9.963
2026-01-18 15:27:20.047,9.968
2026-01-18 15:27:20.049,9.97
2026-01-18 15:27:20.063,9.965
2026-01-18 15:27:20.081,9.966
2026-01-18 15:27:20.083,9.96
2026-01-18 15:27:20.096,9.962
2026-01-18 15:27:20.115,9.959
2026-01-18 15:27:20.131,9.964
2026-01-18 15:27:20.131,9.959
2026-01-18 15:27:20.147,9.959
2026-01-18 15:27:20.165,9.958
2026-01-18 15:27:20.165,9.965
2026-01-18 15:27:20.181,9.962
2026-01-18 15:27:20.196,9.957
2026-01-18 15:27:20.215,9.96
2026-01-18 15:27:20.215,9.961
2026-01-18 15:27:20.230,9.958
2026-01-18 15:27:20.244,9.955
2026-01-18 15:27:20.260,9.953
2026-01-18 15:27:20.260,9.953
2026-01-18 15:27:20.276,9.958
2026-01-18 15:27:20.292,9.968
2026-01-18 15:27:20.292,9.965
2026-01-18 15:27:20.314,9.962
2026-01-18 15:27:20.331,9.965
2026-01-18 15:27:20.342,9.971
2026-01-18 15:27:20.342,9.966
2026-01-18 15:27:20.364,9.96
2026-01-18 15:27:20.380,9.964
2026-01-18 15:27:20.398,9.965
2026-01-18 15:27:20.398,9.967
2026-01-18 15:27:20.414,9.961
2026-01-18 15:27:20.430,9.967
2026-01-18 15:27:20.430,9.973
2026-01-18 15:27:20.440,9.969
2026-01-18 15:27:20.464,9.963
2026-01-18 15:27:20.480,9.962
2026-01-18 15:27:20.480,9.969
2026-01-18 15:27:20.498,9.971
2026-01-18 15:27:20.515,9.967
2026-01-18 15:27:20.515,9.969
2026-01-18 15:27:20.529,9.975
2026-01-18 15:27:20.549,9.969
2026-01-18 15:27:20.550,9.966
2026-01-18 15:27:20.562,9.968
2026-01-18 15:27:20.581,9.96
2026-01-18 15:27:20.599,9.957
2026-01-18 15:27:20.599,9.958
2026-01-18 15:27:20.614,9.954
2026-01-18 15:27:20.631,9.953
2026-01-18 15:27:20.647,9.953
2026-01-18 15:27:20.647,9.962
2026-01-18 15:27:20.663,9.957
2026-01-18 15:27:20.672,9.959
2026-01-18 15:27:20.698,9.967
2026-01-18 15:27:20.698,9.961
2026-01-18 15:27:20.714,9.971
2026-01-18 15:27:20.730,9.977
2026-01-18 15:27:20.731,9.973
2026-01-18 15:27:20.747,9.972
2026-01-18 15:27:20.764,9.976
2026-01-18 15:27:20.783,9.977
2026-01-18 15:27:20.783,9.969
2026-01-18 15:27:20.797,9.966
2026-01-18 15:27:20.814,9.971
2026-01-18 15:27:20.814,9.966
2026-01-18 15:27:20.831,9.966
2026-01-18 15:27:20.848,9.966
2026-01-18 15:27:20.865,9.961
2026-01-18 15:27:20.865,9.965
2026-01-18 15:27:20.880,9.97
2026-01-18 15:27:20.897,9.966
2026-01-18 15:27:20.897,9.966
2026-01-18 15:27:20.934,9.972
2026-01-18 15:27:20.935,9.965
2026-01-18 15:27:20.935,9.966
2026-01-18 15:27:20.963,9.967
2026-01-18 15:27:20.963,9.962
2026-01-18 15:27:20.980,9.961
2026-01-18 15:27:20.982,9.968
2026-01-18 15:27:20.998,9.966
2026-01-18 15:27:21.006,9.964
2026-01-18 15:27:21.033,9.968
2026-01-18 15:27:21.033,9.963
2026-01-18 15:27:21.053,9.958
2026-01-18 15:27:21.064,9.961
2026-01-18 15:27:21.080,9.96
2026-01-18 15:27:21.080,9.958
2026-01-18 15:27:21.097,9.959
2026-01-18 15:27:21.114,9.965
2026-01-18 15:27:21.114,9.962
2026-01-18 15:27:21.133,9.962
2026-01-18 15:27:21.148,9.97
2026-01-18 15:27:21.165,9.964
2026-01-18 15:27:21.165,9.961
2026-01-18 15:27:21.182,9.961
2026-01-18 15:27:21.195,9.957
2026-01-18 15:27:21.195,9.958
2026-01-18 15:27:21.213,9.962
2026-01-18 15:27:21.231,9.959
2026-01-18 15:27:21.247,9.958
2026-01-18 15:27:21.247,9.974
2026-01-18 15:27:21.263,9.973
2026-01-18 15:27:21.281,9.976
2026-01-18 15:27:21.281,9.969
2026-01-18 15:27:21.297,9.968
2026-01-18 15:27:21.313,9.971
2026-01-18 15:27:21.331,9.965
2026-01-18 15:27:21.331,9.965
2026-01-18 15:27:21.347,9.97
2026-01-18 15:27:21.363,9.965
2026-01-18 15:27:21.370,9.966
2026-01-18 15:27:21.370,9.971
2026-01-18 15:27:21.386,9.963
2026-01-18 15:27:21.404,9.961
2026-01-18 15:27:21.404,9.957
2026-01-18 15:27:21.430,9.951
2026-01-18 15:27:21.448,9.95
2026-01-18 15:27:21.464,9.947
2026-01-18 15:27:21.465,9.946
2026-01-18 15:27:21.481,9.951
2026-01-18 15:27:21.498,9.961
2026-01-18 15:27:21.500,9.959
2026-01-18 15:27:21.518,9.956
2026-01-18 15:27:21.531,9.957
2026-01-18 15:27:21.547,9.96
2026-01-18 15:27:21.547,9.955
2026-01-18 15:27:21.564,9.954
2026-01-18 15:27:21.581,9.955
2026-01-18 15:27:21.592,9.964
2026-01-18 15:27:21.592,9.964
2026-01-18 15:27:21.612,9.963
2026-01-18 15:27:21.630,9.967
2026-01-18 15:27:21.632,9.965
2026-01-18 15:27:21.645,9.964
2026-01-18 15:27:21.663,9.963
2026-01-18 15:27:21.679,9.973
2026-01-18 15:27:21.681,9.968
2026-01-18 15:27:21.697,9.97
2026-01-18 15:27:21.705,9.97
2026-01-18 15:27:21.705,9.966
2026-01-18 15:27:21.726,9.962
2026-01-18 15:27:21.746,9.96
2026-01-18 15:27:21.750,9.961
2026-01-18 15:27:21.750,9.957
2026-01-18 15:27:21.787,9.96
2026-01-18 15:27:21.787,9.967
2026-01-18 15:27:21.798,9.964
2026-01-18 15:27:21.813,9.964
2026-01-18 15:27:21.831,9.965
2026-01-18 15:27:21.848,9.964
2026-01-18 15:27:21.848,9.974
2026-01-18 15:27:21.863,9.972
2026-01-18 15:27:21.879,9.968
2026-01-18 15:27:21.898,9.966
2026-01-18 15:27:21.898,9.968
2026-01-18 15:27:21.909,9.969
2026-01-18 15:27:21.925,9.963
2026-01-18 15:27:21.925,9.961
2026-01-18 15:27:21.947,9.968
2026-01-18 15:27:21.963,9.963
2026-01-18 15:27:21.980,9.961
2026-01-18 15:27:21.980,9.962
2026-01-18 15:27:21.996,9.962
2026-01-18 15:27:22.013,9.965
2026-01-18 15:27:22.013,9.966
2026-01-18 15:27:22.031,9.96
2026-01-18 15:27:22.036,9.954
2026-01-18 15:27:22.064,9.957
2026-01-18 15:27:22.064,9.96
2026-01-18 15:27:22.080,9.957
2026-01-18 15:27:22.097,9.959
2026-01-18 15:27:22.097,9.963
2026-01-18 15:27:22.100,9.959
2026-01-18 15:27:22.131,9.957
2026-01-18 15:27:22.147,9.967
2026-01-18 15:27:22.147,9.967
2026-01-18 15:27:22.163,9.962
2026-01-18 15:27:22.181,9.962
2026-01-18 15:27:22.181,9.963
2026-01-18 15:27:22.194,9.965
2026-01-18 15:27:22.214,9.976
2026-01-18 15:27:22.230,9.974
2026-01-18 15:27:22.230,9.979
2026-01-18 15:27:22.245,9.975
2026-01-18 15:27:22.264,9.973
2026-01-18 15:27:22.321,9.977
2026-01-18 15:27:22.323,9.972
2026-01-18 15:27:22.323,9.965
2026-01-18 15:27:22.323,9.965
2026-01-18 15:27:22.324,9.965
2026-01-18 15:27:22.332,9.979
2026-01-18 15:27:22.347,9.977
2026-01-18 15:27:22.363,9.974
2026-01-18 15:27:22.363,9.97
2026-01-18 15:27:22.373,9.965
2026-01-18 15:27:22.397,9.962
2026-01-18 15:27:22.397,9.964
2026-01-18 15:27:22.413,9.962
2026-01-18 15:27:22.430,9.961
2026-01-18 15:27:22.447,9.964
2026-01-18 15:27:22.447,9.957
2026-01-18 15:27:22.465,9.955
2026-01-18 15:27:22.481,9.954
2026-01-18 15:27:22.482,9.952
2026-01-18 15:27:22.497,9.947
2026-01-18 15:27:22.513,9.948
2026-01-18 15:27:22.531,9.959
2026-01-18 15:27:22.531,9.953
2026-01-18 15:27:22.545,9.954
2026-01-18 15:27:22.564,9.962
2026-01-18 15:27:22.580,9.96
2026-01-18 15:27:22.580,9.961
2026-01-18 15:27:22.597,9.962
2026-01-18 15:27:22.613,9.958
2026-01-18 15:27:22.613,9.957
2026-01-18 15:27:22.630,9.955
2026-01-18 15:27:22.646,9.957
2026-01-18 15:27:22.663,9.958
2026-01-18 15:27:22.663,9.962
2026-01-18 15:27:22.680,9.956
2026-01-18 15:27:22.697,9.954
2026-01-18 15:27:22.697,9.953
2026-01-18 15:27:22.705,9.954
2026-01-18 15:27:22.730,9.958
2026-01-18 15:27:22.747,9.955
2026-01-18 15:27:22.747,9.953
2026-01-18 15:27:22.763,9.951
2026-01-18 15:27:22.780,9.951
2026-01-18 15:27:22.780,9.956
2026-01-18 15:27:22.795,9.965
2026-01-18 15:27:22.814,9.963
2026-01-18 15:27:22.830,9.966
2026-01-18 15:27:22.830,9.963
2026-01-18 15:27:22.845,9.964
2026-01-18 15:27:22.859,9.964
2026-01-18 15:27:22.878,9.965
2026-01-18 15:27:22.878,9.965
2026-01-18 15:27:22.891,9.969
2026-01-18 15:27:22.913,9.966
2026-01-18 15:27:22.913,9.967
2026-01-18 15:27:22.930,9.973
2026-01-18 15:27:22.947,9.969
2026-01-18 15:27:22.963,9.968
2026-01-18 15:27:22.963,9.971
2026-01-18 15:27:22.980,9.969
2026-01-18 15:27:22.997,9.977
2026-01-18 15:27:22.997,9.988
2026-01-18 15:27:23.014,9.988
2026-01-18 15:27:23.030,9.979
2026-01-18 15:27:23.048,9.979
2026-01-18 15:27:23.048,9.969
2026-01-18 15:27:23.064,9.963
2026-01-18 15:27:23.080,9.966
2026-01-18 15:27:23.082,9.962
2026-01-18 15:27:23.096,9.962
2026-01-18 15:27:23.114,9.966
2026-01-18 15:27:23.130,9.963
2026-01-18 15:27:23.147,9.958
2026-01-18 15:27:23.163,9.964
2026-01-18 15:27:23.180,9.956
2026-01-18 15:27:23.180,9.957
2026-01-18 15:27:23.199,9.961
2026-01-18 15:27:23.213,9.956
2026-01-18 15:27:23.213,9.951
2026-01-18 15:27:23.228,9.951
2026-01-18 15:27:23.241,9.946
2026-01-18 15:27:23.263,9.943
2026-01-18 15:27:23.263,9.946
2026-01-18 15:27:23.274,9.943
2026-01-18 15:27:23.297,9.944
2026-01-18 15:27:23.297,9.948
2026-01-18 15:27:23.305,9.946
2026-01-18 15:27:23.330,9.95
2026-01-18 15:27:23.337,9.956
2026-01-18 15:27:23.337,9.957
2026-01-18 15:27:23.363,9.958
2026-01-18 15:27:23.381,9.961
2026-01-18 15:27:23.382,9.958
2026-01-18 15:27:23.398,9.96
2026-01-18 15:27:23.414,9.968
2026-01-18 15:27:23.430,9.963
2026-01-18 15:27:23.430,9.962
2026-01-18 15:27:23.447,9.963
2026-01-18 15:27:23.464,9.958
2026-01-18 15:27:23.483,9.962
2026-01-18 15:27:23.484,9.962
2026-01-18 15:27:23.495,9.957
2026-01-18 15:27:23.513,9.957
2026-01-18 15:27:23.513,9.96
2026-01-18 15:27:23.530,9.96
2026-01-18 15:27:23.546,9.959
2026-01-18 15:27:23.558,9.956
2026-01-18 15:27:23.558,9.955
2026-01-18 15:27:23.580,9.955
2026-01-18 15:27:23.596,9.958
2026-01-18 15:27:23.613,9.954
2026-01-18 15:27:23.613,9.956
2026-01-18 15:27:23.630,9.959
2026-01-18 15:27:23.661,9.957
2026-01-18 15:27:23.663,9.957
2026-01-18 15:27:23.664,9.962
2026-01-18 15:27:23.673,9.96
2026-01-18 15:27:23.696,9.96
2026-01-18 15:27:23.696,9.964
2026-01-18 15:27:23.713,9.956
2026-01-18 15:27:23.724,9.957
2026-01-18 15:27:23.724,9.963
2026-01-18 15:27:23.747,9.954
2026-01-18 15:27:23.773,9.956
2026-01-18 15:27:23.773,9.978
2026-01-18 15:27:23.801,9.969
2026-01-18 15:27:23.802,9.97
2026-01-18 15:27:23.802,9.964
2026-01-18 15:27:23.814,9.962
2026-01-18 15:27:23.828,9.962
2026-01-18 15:27:23.846,9.956
2026-01-18 15:27:23.863,9.959
2026-01-18 15:27:23.863,9.958
2026-01-18 15:27:23.881,9.957
2026-01-18 15:27:23.897,9.95
2026-01-18 15:27:23.912,9.947
2026-01-18 15:27:23.912,9.952
2026-01-18 15:27:23.925,9.951
2026-01-18 15:27:23.947,9.955
2026-01-18 15:27:23.947,9.952
2026-01-18 15:27:23.954,9.955
2026-01-18 15:27:23.979,9.947
2026-01-18 15:27:23.996,9.945
2026-01-18 15:27:23.996,9.95
2026-01-18 15:27:24.011,9.95
2026-01-18 15:27:24.025,9.958
2026-01-18 15:27:24.025,9.954
2026-01-18 15:27:24.054,9.953
2026-01-18 15:27:24.056,9.956
2026-01-18 15:27:24.065,9.949
2026-01-18 15:27:24.080,9.952
2026-01-18 15:27:24.096,9.951
2026-01-18 15:27:24.114,9.951
2026-01-18 15:27:24.116,9.954
2026-01-18 15:27:24.141,9.965
2026-01-18 15:27:24.143,9.962
2026-01-18 15:27:24.163,9.964
2026-01-18 15:27:24.163,9.959
2026-01-18 15:27:24.186,9.962
2026-01-18 15:27:24.188,9.955
2026-01-18 15:27:24.199,9.955
2026-01-18 15:27:24.203,9.951
2026-01-18 15:27:24.225,9.955
2026-01-18 15:27:24.247,9.958
2026-01-18 15:27:24.247,9.954
2026-01-18 15:27:24.253,9.956
2026-01-18 15:27:24.267,9.949
2026-01-18 15:27:24.297,9.952
2026-01-18 15:27:24.297,9.949
2026-01-18 15:27:24.313,9.952
2026-01-18 15:27:24.330,9.959
2026-01-18 15:27:24.330,9.955
2026-01-18 15:27:24.346,9.954
2026-01-18 15:27:24.363,9.953
2026-01-18 15:27:24.380,9.952
2026-01-18 15:27:24.380,9.953
2026-01-18 15:27:24.397,9.957
2026-01-18 15:27:24.413,9.962
2026-01-18 15:27:24.413,9.958
2026-01-18 15:27:24.430,9.96
2026-01-18 15:27:24.439,9.96
2026-01-18 15:27:24.456,9.964
2026-01-18 15:27:24.456,9.962
2026-01-18 15:27:24.479,9.966
2026-01-18 15:27:24.496,9.965
2026-01-18 15:27:24.496,9.958
2026-01-18 15:27:24.507,9.957
2026-01-18 15:27:24.526,9.966
2026-01-18 15:27:24.546,9.964
2026-01-18 15:27:24.548,9.974
2026-01-18 15:27:24.556,9.969
2026-01-18 15:27:24.580,9.961
2026-01-18 15:27:24.589,9.96
2026-01-18 15:27:24.597,9.957
2026-01-18 15:27:24.613,9.959
2026-01-18 15:27:24.629,9.955
2026-01-18 15:27:24.629,9.955
2026-01-18 15:27:24.644,9.964
2026-01-18 15:27:24.662,9.966
2026-01-18 15:27:24.676,9.961
2026-01-18 15:27:24.676,9.959
2026-01-18 15:27:24.692,9.957
2026-01-18 15:27:24.713,9.958
2026-01-18 15:27:24.713,9.957
2026-01-18 15:27:24.731,9.958
2026-01-18 15:27:24.746,9.959
2026-01-18 15:27:24.763,9.96
2026-01-18 15:27:24.763,9.965
2026-01-18 15:27:24.779,9.963
2026-01-18 15:27:24.779,9.969
2026-01-18 15:27:24.813,9.965
2026-01-18 15:27:24.813,9.969
2026-01-18 15:27:24.830,9.968
2026-01-18 15:27:24.847,9.965
2026-01-18 15:27:24.847,9.964
2026-01-18 15:27:24.864,9.966
2026-01-18 15:27:24.879,9.965
2026-01-18 15:27:24.896,9.956
2026-01-18 15:27:24.897,9.958
2026-01-18 15:27:24.914,9.954
2026-01-18 15:27:24.930,9.957
2026-01-18 15:27:24.930,9.958
2026-01-18 15:27:24.947,9.961
2026-01-18 15:27:24.961,9.965
2026-01-18 15:27:24.982,9.959
2026-01-18 15:27:24.983,9.966
2026-01-18 15:27:25.020,9.961
2026-01-18 15:27:25.020,9.966
2026-01-18 15:27:25.020,9.97
2026-01-18 15:27:25.029,9.974
2026-01-18 15:27:25.046,9.97
2026-01-18 15:27:25.063,9.972
2026-01-18 15:27:25.063,9.965
2026-01-18 15:27:25.079,9.962
2026-01-18 15:27:25.096,9.96
2026-01-18 15:27:25.114,9.965
2026-01-18 15:27:25.114,9.963
2026-01-18 15:27:25.129,9.961
2026-01-18 15:27:25.146,9.955
2026-01-18 15:27:25.146,9.957
2026-01-18 15:27:25.151,9.952
2026-01-18 15:27:25.180,9.959
2026-01-18 15:27:25.196,9.957
2026-01-18 15:27:25.196,9.961
2026-01-18 15:27:25.213,9.956
2026-01-18 15:27:25.230,9.958
2026-01-18 15:27:25.230,9.952
2026-01-18 15:27:25.247,9.953
2026-01-18 15:27:25.263,9.951
2026-01-18 15:27:25.280,9.951
2026-01-18 15:27:25.280,9.948
2026-01-18 15:27:25.296,9.951
2026-01-18 15:27:25.314,9.95
2026-01-18 15:27:25.314,9.953
2026-01-18 15:27:25.330,9.951
2026-01-18 15:27:25.346,9.95
2026-01-18 15:27:25.363,9.945
2026-01-18 15:27:25.363,9.948
2026-01-18 15:27:25.380,9.946
2026-01-18 15:27:25.396,9.956
2026-01-18 15:27:25.413,9.952
2026-01-18 15:27:25.413,9.956
2026-01-18 15:27:25.428,9.958
2026-01-18 15:27:25.439,9.957
2026-01-18 15:27:25.439,9.956
2026-01-18 15:27:25.463,9.955
2026-01-18 15:27:25.479,9.958
2026-01-18 15:27:25.496,9.958
2026-01-18 15:27:25.496,9.951
2026-01-18 15:27:25.504,9.949
2026-01-18 15:27:25.530,9.958
2026-01-18 15:27:25.530,9.957
2026-01-18 15:27:25.547,9.961
2026-01-18 15:27:25.563,9.964
2026-01-18 15:27:25.579,9.96
2026-01-18 15:27:25.581,9.965
2026-01-18 15:27:25.584,9.964
2026-01-18 15:27:25.614,9.959
2026-01-18 15:27:25.614,9.959
2026-01-18 15:27:25.629,9.963
2026-01-18 15:27:25.646,9.96
2026-01-18 15:27:25.663,9.953
2026-01-18 15:27:25.663,9.955
2026-01-18 15:27:25.680,9.955
2026-01-18 15:27:25.698,9.961
2026-01-18 15:27:25.698,9.964
2026-01-18 15:27:25.713,9.963
2026-01-18 15:27:25.730,9.962
2026-01-18 15:27:25.746,9.959
2026-01-18 15:27:25.746,9.964
2026-01-18 15:27:25.764,9.961
2026-01-18 15:27:25.785,9.958
2026-01-18 15:27:25.785,9.958
2026-01-18 15:27:25.796,9.951
2026-01-18 15:27:25.813,9.948
2026-01-18 15:27:25.830,9.948
2026-01-18 15:27:25.830,9.956
2026-01-18 15:27:25.847,9.955
2026-01-18 15:27:25.863,9.952
2026-01-18 15:27:25.880,9.967
2026-01-18 15:27:25.880,9.969
2026-01-18 15:27:25.913,9.966
2026-01-18 15:27:25.915,9.967
2026-01-18 15:27:25.919,9.966
2026-01-18 15:27:25.934,9.964
2026-01-18 15:27:25.946,9.968
2026-01-18 15:27:25.962,9.965
2026-01-18 15:27:25.962,9.968
2026-01-18 15:27:25.980,9.967
2026-01-18 15:27:25.996,9.964
2026-01-18 15:27:26.013,9.969
2026-01-18 15:27:26.015,9.971
2026-01-18 15:27:26.029,9.975
2026-01-18 15:27:26.045,9.975
2026-01-18 15:27:26.047,9.968
2026-01-18 15:27:26.061,9.973
2026-01-18 15:27:26.079,9.969
2026-01-18 15:27:26.096,9.966
2026-01-18 15:27:26.096,9.966
2026-01-18 15:27:26.110,9.967
2026-01-18 15:27:26.129,9.963
2026-01-18 15:27:26.130,9.963
2026-01-18 15:27:26.149,9.958
2026-01-18 15:27:26.158,9.957
2026-01-18 15:27:26.172,9.955
2026-01-18 15:27:26.172,9.961
2026-01-18 15:27:26.187,9.96
2026-01-18 15:27:26.212,9.959
2026-01-18 15:27:26.212,9.957
2026-01-18 15:27:26.229,9.954
2026-01-18 15:27:26.247,9.956
2026-01-18 15:27:26.263,9.953
2026-01-18 15:27:26.263,9.946
2026-01-18 15:27:26.280,9.952
2026-01-18 15:27:26.296,9.966
2026-01-18 15:27:26.313,9.961
2026-01-18 15:27:26.313,9.957
2026-01-18 15:27:26.330,9.953
2026-01-18 15:27:26.347,9.955
2026-01-18 15:27:26.348,9.955
2026-01-18 15:27:26.383,9.954
2026-01-18 15:27:26.383,9.952
2026-01-18 15:27:26.383,9.949
2026-01-18 15:27:26.411,9.949
2026-01-18 15:27:26.411,9.947
2026-01-18 15:27:26.430,9.945
2026-01-18 15:27:26.430,9.946
2026-01-18 15:27:26.437,9.943
2026-01-18 15:27:26.454,9.949
2026-01-18 15:27:26.468,9.948
2026-01-18 15:27:26.468,9.949
2026-01-18 15:27:26.489,9.953
2026-01-18 15:27:26.513,9.962
2026-01-18 15:27:26.513,9.963
2026-01-18 15:27:26.530,9.962
2026-01-18 15:27:26.546,9.957
2026-01-18 15:27:26.562,9.955
2026-01-18 15:27:26.562,9.957
2026-01-18 15:27:26.579,9.951
2026-01-18 15:27:26.596,9.951
2026-01-18 15:27:26.598,9.954
2026-01-18 15:27:26.612,9.951
2026-01-18 15:27:26.630,9.95
2026-01-18 15:27:26.647,9.948
2026-01-18 15:27:26.647,9.95
2026-01-18 15:27:26.663,9.947
2026-01-18 15:27:26.679,9.947
2026-01-18 15:27:26.694,9.949
2026-01-18 15:27:26.694,9.945
2026-01-18 15:27:26.707,9.942
2026-01-18 15:27:26.730,9.945
2026-01-18 15:27:26.730,9.941
2026-01-18 15:27:26.746,9.942
2026-01-18 15:27:26.754,9.944
2026-01-18 15:27:26.779,9.961
2026-01-18 15:27:26.779,9.958
2026-01-18 15:27:26.804,9.95
2026-01-18 15:27:26.804,9.955
2026-01-18 15:27:26.813,9.954
2026-01-18 15:27:26.831,9.958
2026-01-18 15:27:26.846,9.954
2026-01-18 15:27:26.863,9.954
2026-01-18 15:27:26.863,9.966
2026-01-18 15:27:26.880,9.963
2026-01-18 15:27:26.897,9.96
2026-01-18 15:27:26.912,9.954
2026-01-18 15:27:26.912,9.956
2026-01-18 15:27:26.927,9.966
2026-01-18 15:27:26.946,9.961
2026-01-18 15:27:26.946,9.967
2026-01-18 15:27:26.962,9.963
2026-01-18 15:27:26.979,9.962
2026-01-18 15:27:26.996,9.962
2026-01-18 15:27:26.996,9.957
2026-01-18 15:27:27.005,9.958
2026-01-18 15:27:27.030,9.953
2026-01-18 15:27:27.030,9.952
2026-01-18 15:27:27.047,9.949
2026-01-18 15:27:27.053,9.951
2026-01-18 15:27:27.079,9.953
2026-01-18 15:27:27.079,9.956
2026-01-18 15:27:27.096,9.953
2026-01-18 15:27:27.113,9.955
2026-01-18 15:27:27.113,9.96
2026-01-18 15:27:27.120,9.957
2026-01-18 15:27:27.146,9.959
2026-01-18 15:27:27.163,9.956
2026-01-18 15:27:27.164,9.955
2026-01-18 15:27:27.180,9.954
2026-01-18 15:27:27.197,9.967
2026-01-18 15:27:27.197,9.971
2026-01-18 15:27:27.213,9.97
2026-01-18 15:27:27.227,9.967
2026-01-18 15:27:27.247,9.966
2026-01-18 15:27:27.247,9.968
2026-01-18 15:27:27.263,9.966
2026-01-18 15:27:27.279,9.962
2026-01-18 15:27:27.298,9.955
2026-01-18 15:27:27.298,9.959
2026-01-18 15:27:27.312,9.957
2026-01-18 15:27:27.326,9.963
2026-01-18 15:27:27.326,9.96
2026-01-18 15:27:27.337,9.964
2026-01-18 15:27:27.362,9.963
2026-01-18 15:27:27.371,9.96
2026-01-18 15:27:27.381,9.956
2026-01-18 15:27:27.387,9.965
2026-01-18 15:27:27.413,9.968
2026-01-18 15:27:27.413,9.963
2026-01-18 15:27:27.429,9.958
2026-01-18 15:27:27.446,9.957
2026-01-18 15:27:27.462,9.963
2026-01-18 15:27:27.464,9.962
2026-01-18 15:27:27.481,9.959
2026-01-18 15:27:27.497,9.951
2026-01-18 15:27:27.497,9.953
2026-01-18 15:27:27.513,9.953
2026-01-18 15:27:27.530,9.952
2026-01-18 15:27:27.547,9.946
2026-01-18 15:27:27.547,9.952
2026-01-18 15:27:27.560,9.951
2026-01-18 15:27:27.580,9.952
2026-01-18 15:27:27.595,9.951
2026-01-18 15:27:27.595,9.951
2026-01-18 15:27:27.613,9.955
2026-01-18 15:27:27.629,9.954
2026-01-18 15:27:27.629,9.961
2026-01-18 15:27:27.645,9.96
2026-01-18 15:27:27.662,9.96
2026-01-18 15:27:27.680,9.96
2026-01-18 15:27:27.680,9.955
2026-01-18 15:27:27.696,9.953
2026-01-18 15:27:27.712,9.958
2026-01-18 15:27:27.712,9.961
2026-01-18 15:27:27.745,9.959
2026-01-18 15:27:27.748,9.957
2026-01-18 15:27:27.751,9.955
2026-01-18 15:27:27.780,9.955
2026-01-18 15:27:27.781,9.952
2026-01-18 15:27:27.802,9.953
2026-01-18 15:27:27.802,9.951
2026-01-18 15:27:27.809,9.949
2026-01-18 15:27:27.831,9.954
2026-01-18 15:27:27.846,9.954
2026-01-18 15:27:27.847,9.955
2026-01-18 15:27:27.863,9.956
2026-01-18 15:27:27.877,9.956
2026-01-18 15:27:27.892,9.963
2026-01-18 15:27:27.892,9.96
2026-01-18 15:27:27.912,9.962
2026-01-18 15:27:27.930,9.957
2026-01-18 15:27:27.930,9.954
2026-01-18 15:27:27.946,9.954
2026-01-18 15:27:27.962,9.957
2026-01-18 15:27:27.978,9.958
2026-01-18 15:27:27.978,9.96
2026-01-18 15:27:27.996,9.958
2026-01-18 15:27:28.003,9.954
2026-01-18 15:27:28.003,9.947
2026-01-18 15:27:28.029,9.941
2026-01-18 15:27:28.045,9.949
2026-01-18 15:27:28.062,9.949
2026-01-18 15:27:28.062,9.954
2026-01-18 15:27:28.075,9.953
2026-01-18 15:27:28.098,9.953
2026-01-18 15:27:28.100,9.951
2026-01-18 15:27:28.124,9.948
2026-01-18 15:27:28.126,9.943
2026-01-18 15:27:28.147,9.952
2026-01-18 15:27:28.149,9.953
2026-01-18 15:27:28.164,9.957
2026-01-18 15:27:28.181,9.959
2026-01-18 15:27:28.181,9.959
2026-01-18 15:27:28.196,9.958
2026-01-18 15:27:28.212,9.955
2026-01-18 15:27:28.228,9.952
2026-01-18 15:27:28.228,9.953
2026-01-18 15:27:28.245,9.952
2026-01-18 15:27:28.263,9.95
2026-01-18 15:27:28.282,9.947
2026-01-18 15:27:28.282,9.953
2026-01-18 15:27:28.297,9.957
2026-01-18 15:27:28.312,9.953
2026-01-18 15:27:28.314,9.954
2026-01-18 15:27:28.330,9.969
2026-01-18 15:27:28.340,9.964
2026-01-18 15:27:28.361,9.96
2026-01-18 15:27:28.361,9.956
2026-01-18 15:27:28.378,9.961
2026-01-18 15:27:28.383,9.961
2026-01-18 15:27:28.402,9.966
2026-01-18 15:27:28.402,9.962
2026-01-18 15:27:28.430,9.96
2026-01-18 15:27:28.445,9.959
2026-01-18 15:27:28.445,9.957
2026-01-18 15:27:28.461,9.955
2026-01-18 15:27:28.480,9.952
2026-01-18 15:27:28.495,9.954
2026-01-18 15:27:28.495,9.955
2026-01-18 15:27:28.509,9.96
2026-01-18 15:27:28.529,9.96
2026-01-18 15:27:28.529,9.956
2026-01-18 15:27:28.546,9.957
2026-01-18 15:27:28.562,9.955
2026-01-18 15:27:28.573,9.954
2026-01-18 15:27:28.573,9.952
2026-01-18 15:27:28.596,9.951
2026-01-18 15:27:28.604,9.951
2026-01-18 15:27:28.604,9.952
2026-01-18 15:27:28.629,9.948
2026-01-18 15:27:28.637,9.946
2026-01-18 15:27:28.652,9.944
2026-01-18 15:27:28.652,9.942
2026-01-18 15:27:28.674,9.944
2026-01-18 15:27:28.688,9.944
2026-01-18 15:27:28.712,9.944
2026-01-18 15:27:28.712,9.944
2026-01-18 15:27:28.729,9.94
2026-01-18 15:27:28.746,9.941
2026-01-18 15:27:28.746,9.949
2026-01-18 15:27:28.763,9.953
2026-01-18 15:27:28.786,9.954
2026-01-18 15:27:28.786,9.96
2026-01-18 15:27:28.794,9.964
2026-01-18 15:27:28.813,9.963
2026-01-18 15:27:28.830,9.961
2026-01-18 15:27:28.830,9.96
2026-01-18 15:27:28.845,9.957
2026-01-18 15:27:28.862,9.955
2026-01-18 15:27:28.879,9.957
2026-01-18 15:27:28.879,9.969
2026-01-18 15:27:28.895,9.968
2026-01-18 15:27:28.912,9.963
2026-01-18 15:27:28.912,9.958
2026-01-18 15:27:28.925,9.955
2026-01-18 15:27:28.937,9.951
2026-01-18 15:27:28.962,9.951
2026-01-18 15:27:28.962,9.948
2026-01-18 15:27:28.979,9.952
2026-01-18 15:27:28.995,9.957
2026-01-18 15:27:29.012,9.956
2026-01-18 15:27:29.012,9.959
2026-01-18 15:27:29.029,9.956
2026-01-18 15:27:29.046,9.955
2026-01-18 15:27:29.046,9.957
2026-01-18 15:27:29.056,9.959
2026-01-18 15:27:29.128,9.955
2026-01-18 15:27:29.129,9.954
2026-01-18 15:27:29.129,9.951
2026-01-18 15:27:29.129,9.951
2026-01-18 15:27:29.129,9.951
2026-01-18 15:27:29.129,9.948
2026-01-18 15:27:29.141,9.943
2026-01-18 15:27:29.164,9.941
2026-01-18 15:27:29.165,9.939
2026-01-18 15:27:29.179,9.943
2026-01-18 15:27:29.194,9.945
2026-01-18 15:27:29.212,9.949
2026-01-18 15:27:29.230,9.946
2026-01-18 15:27:29.230,9.944
2026-01-18 15:27:29.246,9.94
2026-01-18 15:27:29.262,9.943
2026-01-18 15:27:29.262,9.947
2026-01-18 15:27:29.279,9.947
2026-01-18 15:27:29.297,9.96
2026-01-18 15:27:29.297,9.956
2026-01-18 15:27:29.312,9.955
2026-01-18 15:27:29.329,9.947
2026-01-18 15:27:29.346,9.946
2026-01-18 15:27:29.346,9.944
2026-01-18 15:27:29.362,9.943
2026-01-18 15:27:29.379,9.944
2026-01-18 15:27:29.396,9.944
2026-01-18 15:27:29.396,9.942
2026-01-18 15:27:29.413,9.945
2026-01-18 15:27:29.430,9.947
2026-01-18 15:27:29.430,9.947
2026-01-18 15:27:29.446,9.944
2026-01-18 15:27:29.462,9.941
2026-01-18 15:27:29.481,9.959
2026-01-18 15:27:29.482,9.956
2026-01-18 15:27:29.492,9.957
2026-01-18 15:27:29.508,9.957
2026-01-18 15:27:29.529,9.956
2026-01-18 15:27:29.529,9.953
2026-01-18 15:27:29.545,9.957
2026-01-18 15:27:29.562,9.959
2026-01-18 15:27:29.562,9.962
2026-01-18 15:27:29.576,9.963
2026-01-18 15:27:29.589,9.967
2026-01-18 15:27:29.612,9.966
2026-01-18 15:27:29.629,9.964
2026-01-18 15:27:29.646,9.966
2026-01-18 15:27:29.646,9.964
2026-01-18 15:27:29.662,9.963
2026-01-18 15:27:29.679,9.965
2026-01-18 15:27:29.685,9.965
2026-01-18 15:27:29.696,9.965
2026-01-18 15:27:29.713,9.976
2026-01-18 15:27:29.722,9.971
2026-01-18 15:27:29.730,9.972
2026-01-18 15:27:29.746,9.966
2026-01-18 15:27:29.762,9.964
2026-01-18 15:27:29.781,9.965
2026-01-18 15:27:29.781,9.961
2026-01-18 15:27:29.794,9.955
2026-01-18 15:27:29.812,9.956
2026-01-18 15:27:29.828,9.954
2026-01-18 15:27:29.828,9.955
2026-01-18 15:27:29.841,9.956
2026-01-18 15:27:29.862,9.954
2026-01-18 15:27:29.862,9.951
2026-01-18 15:27:29.878,9.952
2026-01-18 15:27:29.895,9.963
2026-01-18 15:27:29.913,9.961
2026-01-18 15:27:29.913,9.966
2026-01-18 15:27:29.928,9.963
2026-01-18 15:27:29.945,9.96
2026-01-18 15:27:29.945,9.956
2026-01-18 15:27:29.962,9.952
2026-01-18 15:27:29.980,9.949
2026-01-18 15:27:29.995,9.951
2026-01-18 15:27:29.995,9.951
2026-01-18 15:27:29.999,9.965
2026-01-18 15:27:30.030,9.96
2026-01-18 15:27:30.030,9.958
2026-01-18 15:27:30.046,9.96
2026-01-18 15:27:30.062,9.96
2026-01-18 15:27:30.079,9.957
2026-01-18 15:27:30.080,9.954
2026-01-18 15:27:30.095,9.954
2026-01-18 15:27:30.112,9.952
2026-01-18 15:27:30.129,9.95
2026-01-18 15:27:30.129,9.952
2026-01-18 15:27:30.141,9.959
2026-01-18 15:27:30.162,9.961
2026-01-18 15:27:30.162,9.962
2026-01-18 15:27:30.177,9.963
2026-01-18 15:27:30.195,9.959
2026-01-18 15:27:30.213,9.956
2026-01-18 15:27:30.213,9.958
2026-01-18 15:27:30.228,9.956
2026-01-18 15:27:30.246,9.952
2026-01-18 15:27:30.246,9.952
2026-01-18 15:27:30.262,9.951
2026-01-18 15:27:30.268,9.951
2026-01-18 15:27:30.284,9.948
2026-01-18 15:27:30.284,9.95
2026-01-18 15:27:30.313,9.949
2026-01-18 15:27:30.329,9.952
2026-01-18 15:27:30.329,9.955
2026-01-18 15:27:30.346,9.96
2026-01-18 15:27:30.363,9.954
2026-01-18 15:27:30.380,9.95
2026-01-18 15:27:30.380,9.953
2026-01-18 15:27:30.397,9.956
2026-01-18 15:27:30.413,9.957
2026-01-18 15:27:30.413,9.954
2026-01-18 15:27:30.429,9.951
2026-01-18 15:27:30.466,9.948
2026-01-18 15:27:30.467,9.948
2026-01-18 15:27:30.467,9.955
2026-01-18 15:27:30.481,9.958
2026-01-18 15:27:30.495,9.954
2026-01-18 15:27:30.506,9.951
2026-01-18 15:27:30.513,9.948
2026-01-18 15:27:30.529,9.948
2026-01-18 15:27:30.544,9.945
2026-01-18 15:27:30.546,9.947
2026-01-18 15:27:30.562,9.953
2026-01-18 15:27:30.571,9.951
2026-01-18 15:27:30.596,9.952
2026-01-18 15:27:30.596,9.949
2026-01-18 15:27:30.612,9.949
2026-01-18 15:27:30.618,9.949
2026-01-18 15:27:30.629,9.946
2026-01-18 15:27:30.645,9.948
2026-01-18 15:27:30.663,9.948
2026-01-18 15:27:30.680,9.958
2026-01-18 15:27:30.680,9.956
2026-01-18 15:27:30.696,9.954
2026-01-18 15:27:30.711,9.956
2026-01-18 15:27:30.713,9.959
2026-01-18 15:27:30.733,9.961
2026-01-18 15:27:30.746,9.963
2026-01-18 15:27:30.757,9.962
2026-01-18 15:27:30.757,9.963
2026-01-18 15:27:30.784,9.958
2026-01-18 15:27:30.789,9.952
2026-01-18 15:27:30.806,9.952
2026-01-18 15:27:30.806,9.958
2026-01-18 15:27:30.822,9.957
2026-01-18 15:27:30.845,9.955
2026-01-18 15:27:30.846,9.954
2026-01-18 15:27:30.863,9.953
2026-01-18 15:27:30.873,9.955
2026-01-18 15:27:30.889,9.958
2026-01-18 15:27:30.889,9.96
2026-01-18 15:27:30.912,9.955
2026-01-18 15:27:30.917,9.954
2026-01-18 15:27:30.917,9.955
2026-01-18 15:27:30.937,9.951
2026-01-18 15:27:30.951,9.95
2026-01-18 15:27:30.970,9.953
2026-01-18 15:27:30.980,9.955
2026-01-18 15:27:30.996,9.957
2026-01-18 15:27:31.017,9.954
2026-01-18 15:27:31.017,9.95
2026-01-18 15:27:31.029,9.947
2026-01-18 15:27:31.046,9.945
2026-01-18 15:27:31.063,9.95
2026-01-18 15:27:31.063,9.953
2026-01-18 15:27:31.078,9.954
2026-01-18 15:27:31.095,9.95
2026-01-18 15:27:31.108,9.95
2026-01-18 15:27:31.108,9.948
2026-01-18 15:27:31.122,9.944
2026-01-18 15:27:31.137,9.948
2026-01-18 15:27:31.137,9.947
2026-01-18 15:27:31.162,9.942
2026-01-18 15:27:31.195,9.938
2026-01-18 15:27:31.195,9.938
2026-01-18 15:27:31.212,9.94
2026-01-18 15:27:31.229,9.945
2026-01-18 15:27:31.229,9.95
2026-01-18 15:27:31.245,9.951
2026-01-18 15:27:31.262,9.95
2026-01-18 15:27:31.277,9.946
2026-01-18 15:27:31.281,9.945
2026-01-18 15:27:31.295,9.943
2026-01-18 15:27:31.314,9.947
2026-01-18 15:27:31.314,9.949
2026-01-18 15:27:31.329,9.948
2026-01-18 15:27:31.343,9.957
2026-01-18 15:27:31.362,9.955
2026-01-18 15:27:31.362,9.955
2026-01-18 15:27:31.378,9.957
2026-01-18 15:27:31.395,9.956
2026-01-18 15:27:31.412,9.952
2026-01-18 15:27:31.412,9.953
2026-01-18 15:27:31.429,9.952
2026-01-18 15:27:31.443,9.958
2026-01-18 15:27:31.443,9.952
2026-01-18 15:27:31.462,9.949
2026-01-18 15:27:31.479,9.948
2026-01-18 15:27:31.494,9.948
2026-01-18 15:27:31.494,9.953
2026-01-18 15:27:31.512,9.951
2026-01-18 15:27:31.529,9.949
2026-01-18 15:27:31.529,9.95
2026-01-18 15:27:31.538,9.95
2026-01-18 15:27:31.562,9.953
2026-01-18 15:27:31.566,9.963
2026-01-18 15:27:31.566,9.96
2026-01-18 15:27:31.586,9.958
2026-01-18 15:27:31.612,9.957
2026-01-18 15:27:31.612,9.952
2026-01-18 15:27:31.628,9.953
2026-01-18 15:27:31.638,9.951
2026-01-18 15:27:31.662,9.953
2026-01-18 15:27:31.662,9.953
2026-01-18 15:27:31.679,9.966
2026-01-18 15:27:31.697,9.966
2026-01-18 15:27:31.698,9.963
2026-01-18 15:27:31.712,9.961
2026-01-18 15:27:31.729,9.958
2026-01-18 15:27:31.744,9.963
2026-01-18 15:27:31.744,9.96
2026-01-18 15:27:31.763,9.956
2026-01-18 15:27:31.775,9.952
2026-01-18 15:27:31.775,9.948
2026-01-18 15:27:31.795,9.946
2026-01-18 15:27:31.831,9.96
2026-01-18 15:27:31.832,9.961
2026-01-18 15:27:31.832,9.955
2026-01-18 15:27:31.838,9.952
2026-01-18 15:27:31.861,9.953
2026-01-18 15:27:31.878,9.952
2026-01-18 15:27:31.878,9.949
2026-01-18 15:27:31.896,9.95
2026-01-18 15:27:31.912,9.955
2026-01-18 15:27:31.928,9.95
2026-01-18 15:27:31.928,9.948
2026-01-18 15:27:31.945,9.951
2026-01-18 15:27:31.962,9.951
2026-01-18 15:27:31.962,9.949
2026-01-18 15:27:31.979,9.95
2026-01-18 15:27:31.996,9.964
2026-01-18 15:27:32.012,9.959
2026-01-18 15:27:32.012,9.956
2026-01-18 15:27:32.028,9.967
2026-01-18 15:27:32.044,9.967
2026-01-18 15:27:32.044,9.98
2026-01-18 15:27:32.062,9.973
2026-01-18 15:27:32.078,9.975
2026-01-18 15:27:32.095,9.969
2026-01-18 15:27:32.095,9.96
2026-01-18 15:27:32.112,9.955
2026-01-18 15:27:32.128,9.955
2026-01-18 15:27:32.130,9.959
2026-01-18 15:27:32.146,9.962
2026-01-18 15:27:32.163,9.957
2026-01-18 15:27:32.178,9.954
2026-01-18 15:27:32.178,9.953
2026-01-18 15:27:32.186,9.962
2026-01-18 15:27:32.212,9.963
2026-01-18 15:27:32.217,9.964
2026-01-18 15:27:32.217,9.961
2026-01-18 15:27:32.245,9.958
2026-01-18 15:27:32.261,9.957
2026-01-18 15:27:32.261,9.96
2026-01-18 15:27:32.278,9.962
2026-01-18 15:27:32.295,9.957
2026-01-18 15:27:32.312,9.954
2026-01-18 15:27:32.313,9.951
2026-01-18 15:27:32.329,9.953
2026-01-18 15:27:32.347,9.956
2026-01-18 15:27:32.347,9.951
2026-01-18 15:27:32.361,9.951
2026-01-18 15:27:32.379,9.948
2026-01-18 15:27:32.394,9.945
2026-01-18 15:27:32.394,9.942
2026-01-18 15:27:32.412,9.937
2026-01-18 15:27:32.430,9.94
2026-01-18 15:27:32.432,9.94
2026-01-18 15:27:32.445,9.947
2026-01-18 15:27:32.462,9.951
2026-01-18 15:27:32.478,9.962
2026-01-18 15:27:32.478,9.962
2026-01-18 15:27:32.495,9.955
2026-01-18 15:27:32.512,9.959
2026-01-18 15:27:32.519,9.956
2026-01-18 15:27:32.519,9.951
2026-01-18 15:27:32.546,9.95
2026-01-18 15:27:32.562,9.946
2026-01-18 15:27:32.562,9.949
2026-01-18 15:27:32.578,9.948
2026-01-18 15:27:32.595,9.947
2026-01-18 15:27:32.599,9.947
2026-01-18 15:27:32.599,9.947
2026-01-18 15:27:32.629,9.95
2026-01-18 15:27:32.645,9.945
2026-01-18 15:27:32.645,9.946
2026-01-18 15:27:32.662,9.944
2026-01-18 15:27:32.678,9.951
2026-01-18 15:27:32.696,9.951
2026-01-18 15:27:32.696,9.948
2026-01-18 15:27:32.727,9.949
2026-01-18 15:27:32.727,9.946
2026-01-18 15:27:32.748,9.947
2026-01-18 15:27:32.748,9.948
2026-01-18 15:27:32.762,9.947
2026-01-18 15:27:32.777,9.948
2026-01-18 15:27:32.779,9.95
2026-01-18 15:27:32.798,9.95
2026-01-18 15:27:32.811,9.948
2026-01-18 15:27:32.828,9.949
2026-01-18 15:27:32.829,9.952
2026-01-18 15:27:32.839,9.953
2026-01-18 15:27:32.852,9.956
2026-01-18 15:27:32.862,9.951
2026-01-18 15:27:32.868,9.948
2026-01-18 15:27:32.884,9.949
2026-01-18 15:27:32.902,9.951
2026-01-18 15:27:32.902,9.948
2026-01-18 15:27:32.918,9.949
2026-01-18 15:27:32.939,9.95
2026-01-18 15:27:32.946,9.957
2026-01-18 15:27:32.962,9.953
2026-01-18 15:27:32.971,9.948
2026-01-18 15:27:32.995,9.952
2026-01-18 15:27:32.996,9.947
2026-01-18 15:27:33.011,9.947
2026-01-18 15:27:33.027,9.947
2026-01-18 15:27:33.027,9.959
2026-01-18 15:27:33.045,9.959
2026-01-18 15:27:33.062,9.952
2026-01-18 15:27:33.080,9.954
2026-01-18 15:27:33.080,9.953
2026-01-18 15:27:33.096,9.955
2026-01-18 15:27:33.111,9.951
2026-01-18 15:27:33.128,9.949
2026-01-18 15:27:33.128,9.949
2026-01-18 15:27:33.141,9.955
2026-01-18 15:27:33.162,9.959
2026-01-18 15:27:33.163,9.957
2026-01-18 15:27:33.194,9.953
2026-01-18 15:27:33.194,9.962
2026-01-18 15:27:33.204,9.962
2026-01-18 15:27:33.211,9.957
2026-01-18 15:27:33.228,9.955
2026-01-18 15:27:33.244,9.956
2026-01-18 15:27:33.244,9.953
2026-01-18 15:27:33.249,9.952
2026-01-18 15:27:33.279,9.954
2026-01-18 15:27:33.296,9.952
2026-01-18 15:27:33.296,9.949
2026-01-18 15:27:33.313,9.959
2026-01-18 15:27:33.328,9.955
2026-01-18 15:27:33.328,9.949
2026-01-18 15:27:33.345,9.953
2026-01-18 15:27:33.362,9.95
2026-01-18 15:27:33.379,9.959
2026-01-18 15:27:33.379,9.962
2026-01-18 15:27:33.395,9.96
2026-01-18 15:27:33.411,9.96
2026-01-18 15:27:33.428,9.961
2026-01-18 15:27:33.428,9.961
2026-01-18 15:27:33.445,9.955
2026-01-18 15:27:33.461,9.954
2026-01-18 15:27:33.461,9.954
2026-01-18 15:27:33.478,9.946
2026-01-18 15:27:33.494,9.945
2026-01-18 15:27:33.502,9.944
2026-01-18 15:27:33.502,9.953
2026-01-18 15:27:33.528,9.955
2026-01-18 15:27:33.545,9.953
2026-01-18 15:27:33.545,9.955
2026-01-18 15:27:33.562,9.951
2026-01-18 15:27:33.578,9.952
2026-01-18 15:27:33.595,9.953
2026-01-18 15:27:33.595,9.948
2026-01-18 15:27:33.611,9.96
2026-01-18 15:27:33.628,9.958
2026-01-18 15:27:33.646,9.958
2026-01-18 15:27:33.646,9.952
2026-01-18 15:27:33.662,9.95
2026-01-18 15:27:33.678,9.955
2026-01-18 15:27:33.678,9.952
2026-01-18 15:27:33.693,9.947
2026-01-18 15:27:33.711,9.946
2026-01-18 15:27:33.728,9.945
2026-01-18 15:27:33.728,9.946
2026-01-18 15:27:33.747,9.949
2026-01-18 15:27:33.761,9.952
2026-01-18 15:27:33.761,9.951
2026-01-18 15:27:33.776,9.948
2026-01-18 15:27:33.795,9.955
2026-01-18 15:27:33.818,9.952
2026-01-18 15:27:33.818,9.956
2026-01-18 15:27:33.829,9.959
2026-01-18 15:27:33.845,9.955
2026-01-18 15:27:33.845,9.956
2026-01-18 15:27:33.861,9.957
2026-01-18 15:27:33.879,9.961
2026-01-18 15:27:33.895,9.957
2026-01-18 15:27:33.895,9.956
2026-01-18 15:27:33.911,9.955
2026-01-18 15:27:33.928,9.951
2026-01-18 15:27:33.928,9.952
2026-01-18 15:27:33.945,9.95
2026-01-18 15:27:33.947,9.954
2026-01-18 15:27:33.980,9.952
2026-01-18 15:27:33.980,9.951
2026-01-18 15:27:33.996,9.956
2026-01-18 15:27:34.011,9.952
2026-01-18 15:27:34.029,9.953
2026-01-18 15:27:34.029,9.959
2026-01-18 15:27:34.045,9.971
2026-01-18 15:27:34.062,9.968
2026-01-18 15:27:34.062,9.965
2026-01-18 15:27:34.078,9.96
2026-01-18 15:27:34.094,9.968
2026-01-18 15:27:34.111,9.972
2026-01-18 15:27:34.111,9.966
2026-01-18 15:27:34.129,9.964
2026-01-18 15:27:34.146,9.965
2026-01-18 15:27:34.146,9.963
2026-01-18 15:27:34.162,9.958
2026-01-18 15:27:34.178,9.963
2026-01-18 15:27:34.194,9.959
2026-01-18 15:27:34.194,9.957
2026-01-18 15:27:34.212,9.956
2026-01-18 15:27:34.228,9.959
2026-01-18 15:27:34.228,9.957
2026-01-18 15:27:34.245,9.958
2026-01-18 15:27:34.262,9.962
2026-01-18 15:27:34.279,9.961
2026-01-18 15:27:34.279,9.955
2026-01-18 15:27:34.296,9.958
2026-01-18 15:27:34.311,9.954
2026-01-18 15:27:34.329,9.954
2026-01-18 15:27:34.330,9.959
2026-01-18 15:27:34.345,9.958
2026-01-18 15:27:34.362,9.958
2026-01-18 15:27:34.362,9.956
2026-01-18 15:27:34.379,9.958
2026-01-18 15:27:34.395,9.954
2026-01-18 15:27:34.411,9.951
2026-01-18 15:27:34.411,9.954
2026-01-18 15:27:34.428,9.958
2026-01-18 15:27:34.445,9.953
2026-01-18 15:27:34.445,9.953
2026-01-18 15:27:34.461,9.957
2026-01-18 15:27:34.478,9.954
2026-01-18 15:27:34.495,9.95
2026-01-18 15:27:34.495,9.95
2026-01-18 15:27:34.513,9.955
2026-01-18 15:27:34.528,9.95
2026-01-18 15:27:34.558,9.948
2026-01-18 15:27:34.561,9.95
2026-01-18 15:27:34.561,9.953
2026-01-18 15:27:34.566,9.951
2026-01-18 15:27:34.578,9.95
2026-01-18 15:27:34.594,9.955
2026-01-18 15:27:34.612,9.956
2026-01-18 15:27:34.628,9.955
2026-01-18 15:27:34.628,9.955
2026-01-18 15:27:34.646,9.957
2026-01-18 15:27:34.663,9.957
2026-01-18 15:27:34.663,9.96
2026-01-18 15:27:34.679,9.964
2026-01-18 15:27:34.695,9.967
2026-01-18 15:27:34.712,9.96
2026-01-18 15:27:34.712,9.959
2026-01-18 15:27:34.728,9.954
2026-01-18 15:27:34.744,9.953
2026-01-18 15:27:34.745,9.953
2026-01-18 15:27:34.762,9.951
2026-01-18 15:27:34.778,9.953
2026-01-18 15:27:34.795,9.953
2026-01-18 15:27:34.795,9.952
2026-01-18 15:27:34.819,9.956
2026-01-18 15:27:34.821,9.953
2026-01-18 15:27:34.832,9.957
2026-01-18 15:27:34.844,9.96
2026-01-18 15:27:34.862,9.956
2026-01-18 15:27:34.878,9.957
2026-01-18 15:27:34.878,9.956
2026-01-18 15:27:34.895,9.958
2026-01-18 15:27:34.912,9.956
2026-01-18 15:27:34.917,9.959
2026-01-18 15:27:34.950,9.965
2026-01-18 15:27:34.950,9.962
2026-01-18 15:27:34.951,9.963
2026-01-18 15:27:34.961,9.96
2026-01-18 15:27:34.978,9.956
2026-01-18 15:27:34.994,9.956
2026-01-18 15:27:35.012,9.957
2026-01-18 15:27:35.012,9.958
2026-01-18 15:27:35.026,9.953
2026-01-18 15:27:35.045,9.958
2026-01-18 15:27:35.045,9.954
2026-01-18 15:27:35.060,9.952
2026-01-18 15:27:35.071,9.949
2026-01-18 15:27:35.086,9.948
2026-01-18 15:27:35.086,9.949
2026-01-18 15:27:35.111,9.948
2026-01-18 15:27:35.128,9.953
2026-01-18 15:27:35.144,9.95
2026-01-18 15:27:35.144,9.95
2026-01-18 15:27:35.154,9.95
2026-01-18 15:27:35.170,9.951
2026-01-18 15:27:35.170,9.967
2026-01-18 15:27:35.185,9.963
2026-01-18 15:27:35.201,9.963
2026-01-18 15:27:35.217,9.962
2026-01-18 15:27:35.229,9.958
2026-01-18 15:27:35.244,9.965
2026-01-18 15:27:35.262,9.961
2026-01-18 15:27:35.262,9.956
2026-01-18 15:27:35.279,9.954
2026-01-18 15:27:35.292,9.964
2026-01-18 15:27:35.311,9.971
2026-01-18 15:27:35.311,9.965
2026-01-18 15:27:35.328,9.962
2026-01-18 15:27:35.345,9.965
2026-01-18 15:27:35.345,9.962
2026-01-18 15:27:35.361,9.966
2026-01-18 15:27:35.378,9.965
2026-01-18 15:27:35.394,9.966
2026-01-18 15:27:35.394,9.962
2026-01-18 15:27:35.412,9.958
2026-01-18 15:27:35.427,9.954
2026-01-18 15:27:35.445,9.956
2026-01-18 15:27:35.446,9.961
2026-01-18 15:27:35.461,9.957
2026-01-18 15:27:35.465,9.957
2026-01-18 15:27:35.465,9.952
2026-01-18 15:27:35.487,9.948
2026-01-18 15:27:35.512,9.947
2026-01-18 15:27:35.528,9.948
2026-01-18 15:27:35.528,9.959
2026-01-18 15:27:35.545,9.957
2026-01-18 15:27:35.563,9.968
2026-01-18 15:27:35.563,9.964
2026-01-18 15:27:35.579,9.96
2026-01-18 15:27:35.595,9.955
2026-01-18 15:27:35.609,9.954
2026-01-18 15:27:35.609,9.951
2026-01-18 15:27:35.629,9.953
2026-01-18 15:27:35.645,9.959
2026-01-18 15:27:35.645,9.955
2026-01-18 15:27:35.657,9.953
2026-01-18 15:27:35.676,9.953
2026-01-18 15:27:35.692,9.954
2026-01-18 15:27:35.692,9.95
2026-01-18 15:27:35.711,9.95
2026-01-18 15:27:35.728,9.948
2026-01-18 15:27:35.745,9.95
2026-01-18 15:27:35.745,9.951
2026-01-18 15:27:35.762,9.956
2026-01-18 15:27:35.778,9.963
2026-01-18 15:27:35.778,9.963
2026-01-18 15:27:35.794,9.961
2026-01-18 15:27:35.812,9.96
2026-01-18 15:27:35.835,9.955
2026-01-18 15:27:35.835,9.955
2026-01-18 15:27:35.843,9.954
2026-01-18 15:27:35.861,9.955
2026-01-18 15:27:35.861,9.951
2026-01-18 15:27:35.880,9.953
2026-01-18 15:27:35.926,9.954
2026-01-18 15:27:35.946,9.955
2026-01-18 15:27:35.946,9.952
2026-01-18 15:27:35.946,9.952
2026-01-18 15:27:35.946,9.951
2026-01-18 15:27:35.946,9.952
2026-01-18 15:27:35.946,9.952
2026-01-18 15:27:35.978,9.958
2026-01-18 15:27:35.994,9.956
2026-01-18 15:27:35.994,9.953
2026-01-18 15:27:36.012,9.951
2026-01-18 15:27:36.028,9.956
2026-01-18 15:27:36.028,9.953
2026-01-18 15:27:36.045,9.956
2026-01-18 15:27:36.062,9.951
2026-01-18 15:27:36.069,9.954
2026-01-18 15:27:36.069,9.954
2026-01-18 15:27:36.094,9.956
2026-01-18 15:27:36.112,9.951
2026-01-18 15:27:36.128,9.949
2026-01-18 15:27:36.128,9.95
2026-01-18 15:27:36.145,9.948
2026-01-18 15:27:36.162,9.949
2026-01-18 15:27:36.162,9.946
2026-01-18 15:27:36.180,9.948
2026-01-18 15:27:36.195,9.944
2026-01-18 15:27:36.211,9.948
2026-01-18 15:27:36.211,9.948
2026-01-18 15:27:36.226,9.955
2026-01-18 15:27:36.245,9.952
2026-01-18 15:27:36.246,9.947
2026-01-18 15:27:36.261,9.947
2026-01-18 15:27:36.278,9.948
2026-01-18 15:27:36.295,9.953
2026-01-18 15:27:36.295,9.95
2026-01-18 15:27:36.312,9.965
2026-01-18 15:27:36.327,9.961
2026-01-18 15:27:36.344,9.956
2026-01-18 15:27:36.344,9.955
2026-01-18 15:27:36.362,9.959
2026-01-18 15:27:36.377,9.955
2026-01-18 15:27:36.377,9.96
2026-01-18 15:27:36.394,9.956
2026-01-18 15:27:36.411,9.958
2026-01-18 15:27:36.427,9.954
2026-01-18 15:27:36.427,9.958
2026-01-18 15:27:36.433,9.956
2026-01-18 15:27:36.449,9.951
2026-01-18 15:27:36.449,9.948
2026-01-18 15:27:36.477,9.95
2026-01-18 15:27:36.493,9.948
2026-01-18 15:27:36.512,9.948
2026-01-18 15:27:36.513,9.951
2026-01-18 15:27:36.528,9.946
2026-01-18 15:27:36.546,9.949
2026-01-18 15:27:36.546,9.949
2026-01-18 15:27:36.560,9.944
2026-01-18 15:27:36.578,9.945
2026-01-18 15:27:36.596,9.943
2026-01-18 15:27:36.596,9.948
2026-01-18 15:27:36.611,9.955
2026-01-18 15:27:36.623,9.96
2026-01-18 15:27:36.623,9.96
2026-01-18 15:27:36.644,9.959
2026-01-18 15:27:36.661,9.96
2026-01-18 15:27:36.677,9.955
2026-01-18 15:27:36.677,9.957
2026-01-18 15:27:36.690,9.953
2026-01-18 15:27:36.703,9.95
2026-01-18 15:27:36.721,9.955
2026-01-18 15:27:36.721,9.955
2026-01-18 15:27:36.745,9.949
2026-01-18 15:27:36.752,9.944
2026-01-18 15:27:36.752,9.947
2026-01-18 15:27:36.778,9.952
2026-01-18 15:27:36.793,9.951
2026-01-18 15:27:36.811,9.944
2026-01-18 15:27:36.811,9.945
2026-01-18 15:27:36.830,9.943
2026-01-18 15:27:36.830,9.949
2026-01-18 15:27:36.845,9.944
2026-01-18 15:27:36.863,9.943
2026-01-18 15:27:36.878,9.942
2026-01-18 15:27:36.896,9.942
2026-01-18 15:27:36.896,9.948
2026-01-18 15:27:36.911,9.947
2026-01-18 15:27:36.927,9.95
2026-01-18 15:27:36.942,9.948
2026-01-18 15:27:36.945,9.952
2026-01-18 15:27:36.961,9.95
2026-01-18 15:27:36.977,9.947
2026-01-18 15:27:36.979,9.946
2026-01-18 15:27:36.994,9.943
2026-01-18 15:27:37.011,9.944
2026-01-18 15:27:37.027,9.945
2026-01-18 15:27:37.027,9.951
2026-01-18 15:27:37.046,9.948
2026-01-18 15:27:37.061,9.945
2026-01-18 15:27:37.061,9.944
2026-01-18 15:27:37.077,9.946
2026-01-18 15:27:37.094,9.95
2026-01-18 15:27:37.112,9.948
2026-01-18 15:27:37.112,9.95
2026-01-18 15:27:37.127,9.95
2026-01-18 15:27:37.145,9.952
2026-01-18 15:27:37.145,9.953
2026-01-18 15:27:37.173,9.955
2026-01-18 15:27:37.175,9.954
2026-01-18 15:27:37.195,9.957
2026-01-18 15:27:37.196,9.954
2026-01-18 15:27:37.210,9.951
2026-01-18 15:27:37.228,9.95
2026-01-18 15:27:37.242,9.95
2026-01-18 15:27:37.245,9.951
2026-01-18 15:27:37.283,9.952
2026-01-18 15:27:37.283,9.955
2026-01-18 15:27:37.285,9.952
2026-01-18 15:27:37.306,9.953
2026-01-18 15:27:37.306,9.952
2026-01-18 15:27:37.330,9.958
2026-01-18 15:27:37.330,9.955
2026-01-18 15:27:37.348,9.953
2026-01-18 15:27:37.350,9.951
2026-01-18 15:27:37.357,9.947
2026-01-18 15:27:37.369,9.949
2026-01-18 15:27:37.387,9.949
2026-01-18 15:27:37.400,9.95
2026-01-18 15:27:37.400,9.949
2026-01-18 15:27:37.418,9.946
2026-01-18 15:27:37.432,9.948
2026-01-18 15:27:37.432,9.949
2026-01-18 15:27:37.461,9.953
2026-01-18 15:27:37.470,9.951
2026-01-18 15:27:37.494,9.947
2026-01-18 15:27:37.494,9.949
2026-01-18 15:27:37.512,9.946
2026-01-18 15:27:37.528,9.949
2026-01-18 15:27:37.546,9.953
2026-01-18 15:27:37.546,9.96
2026-01-18 15:27:37.562,9.958
2026-01-18 15:27:37.578,9.96
2026-01-18 15:27:37.578,9.956
2026-01-18 15:27:37.592,9.961
2026-01-18 15:27:37.609,9.957
2026-01-18 15:27:37.628,9.956
2026-01-18 15:27:37.628,9.953
2026-01-18 15:27:37.644,9.958
2026-01-18 15:27:37.661,9.956
2026-01-18 15:27:37.661,9.959
2026-01-18 15:27:37.677,9.954
2026-01-18 15:27:37.688,9.956
2026-01-18 15:27:37.710,9.951
2026-01-18 15:27:37.710,9.955
2026-01-18 15:27:37.727,9.95
2026-01-18 15:27:37.744,9.95
2026-01-18 15:27:37.744,9.95
2026-01-18 15:27:37.761,9.948
2026-01-18 15:27:37.777,9.946
2026-01-18 15:27:37.794,9.946
2026-01-18 15:27:37.794,9.952
2026-01-18 15:27:37.811,9.95
2026-01-18 15:27:37.827,9.952
2026-01-18 15:27:37.853,9.954
2026-01-18 15:27:37.853,9.955
2026-01-18 15:27:37.853,9.953
2026-01-18 15:27:37.872,9.956
2026-01-18 15:27:37.901,9.956
2026-01-18 15:27:37.901,9.959
2026-01-18 15:27:37.901,9.958
2026-01-18 15:27:37.914,9.955
2026-01-18 15:27:37.927,9.955
2026-01-18 15:27:37.943,9.953
2026-01-18 15:27:37.964,9.958
2026-01-18 15:27:37.978,9.959
2026-01-18 15:27:37.995,9.967
2026-01-18 15:27:38.006,9.964
2026-01-18 15:27:38.012,9.962
2026-01-18 15:27:38.022,9.961
2026-01-18 15:27:38.044,9.961
2026-01-18 15:27:38.061,9.961
2026-01-18 15:27:38.061,9.957
2026-01-18 15:27:38.067,9.958
2026-01-18 15:27:38.094,9.954
2026-01-18 15:27:38.094,9.954
2026-01-18 15:27:38.120,9.958
2026-01-18 15:27:38.122,9.957
2026-01-18 15:27:38.132,9.96
2026-01-18 15:27:38.144,9.96
2026-01-18 15:27:38.158,9.956
2026-01-18 15:27:38.176,9.952
2026-01-18 15:27:38.178,9.949
2026-01-18 15:27:38.194,9.954
2026-01-18 15:27:38.210,9.954
2026-01-18 15:27:38.228,9.951
2026-01-18 15:27:38.228,9.946
2026-01-18 15:27:38.244,9.945
2026-01-18 15:27:38.263,9.942
2026-01-18 15:27:38.263,9.949
2026-01-18 15:27:38.277,9.946
2026-01-18 15:27:38.288,9.952
2026-01-18 15:27:38.309,9.948
2026-01-18 15:27:38.311,9.951
2026-01-18 15:27:38.327,9.953
2026-01-18 15:27:38.337,9.949
2026-01-18 15:27:38.337,9.953
2026-01-18 15:27:38.351,9.951
2026-01-18 15:27:38.369,9.954
2026-01-18 15:27:38.393,9.951
2026-01-18 15:27:38.395,9.951
2026-01-18 15:27:38.411,9.952
2026-01-18 15:27:38.428,9.951
2026-01-18 15:27:38.444,9.951
2026-01-18 15:27:38.446,9.946
2026-01-18 15:27:38.461,9.948
2026-01-18 15:27:38.479,9.946
2026-01-18 15:27:38.480,9.954
2026-01-18 15:27:38.494,9.951
2026-01-18 15:27:38.510,9.952
2026-01-18 15:27:38.526,9.953
2026-01-18 15:27:38.526,9.951
2026-01-18 15:27:38.543,9.953
2026-01-18 15:27:38.560,9.954
2026-01-18 15:27:38.560,9.959
2026-01-18 15:27:38.578,9.954
2026-01-18 15:27:38.594,9.948
2026-01-18 15:27:38.610,9.944
2026-01-18 15:27:38.610,9.946
2026-01-18 15:27:38.627,9.949
2026-01-18 15:27:38.661,9.951
2026-01-18 15:27:38.661,9.954
2026-01-18 15:27:38.661,9.95
2026-01-18 15:27:38.667,9.944
2026-01-18 15:27:38.687,9.944
2026-01-18 15:27:38.687,9.94
2026-01-18 15:27:38.699,9.944
2026-01-18 15:27:38.714,9.943
2026-01-18 15:27:38.730,9.948
2026-01-18 15:27:38.730,9.945
2026-01-18 15:27:38.751,9.952
2026-01-18 15:27:38.778,9.95
2026-01-18 15:27:38.778,9.948
2026-01-18 15:27:38.794,9.944
2026-01-18 15:27:38.810,9.944
2026-01-18 15:27:38.826,9.945
2026-01-18 15:27:38.826,9.946
2026-01-18 15:27:38.842,9.945
2026-01-18 15:27:38.858,9.946
2026-01-18 15:27:38.858,9.948
2026-01-18 15:27:38.874,9.947
2026-01-18 15:27:38.890,9.945
2026-01-18 15:27:38.905,9.943
2026-01-18 15:27:38.905,9.947
2026-01-18 15:27:38.927,9.953
2026-01-18 15:27:38.944,9.954
2026-01-18 15:27:38.944,9.955
2026-01-18 15:27:38.955,9.955
2026-01-18 15:27:38.978,9.954
2026-01-18 15:27:38.994,9.949
2026-01-18 15:27:38.994,9.95
2026-01-18 15:27:39.010,9.948
2026-01-18 15:27:39.028,9.95
2026-01-18 15:27:39.049,9.95
2026-01-18 15:27:39.049,9.95
2026-01-18 15:27:39.060,9.948
2026-01-18 15:27:39.077,9.947
2026-01-18 15:27:39.079,9.951
2026-01-18 15:27:39.082,9.952
2026-01-18 15:27:39.111,9.949
2026-01-18 15:27:39.128,9.95
2026-01-18 15:27:39.128,9.951
2026-01-18 15:27:39.145,9.956
2026-01-18 15:27:39.162,9.953
2026-01-18 15:27:39.162,9.949
2026-01-18 15:27:39.178,9.958
2026-01-18 15:27:39.193,9.955
2026-01-18 15:27:39.211,9.954
2026-01-18 15:27:39.211,9.954
2026-01-18 15:27:39.227,9.951
2026-01-18 15:27:39.247,9.95
2026-01-18 15:27:39.247,9.948
2026-01-18 15:27:39.260,9.952
2026-01-18 15:27:39.277,9.951
2026-01-18 15:27:39.293,9.949
2026-01-18 15:27:39.295,9.955
2026-01-18 15:27:39.311,9.951
2026-01-18 15:27:39.327,9.963
2026-01-18 15:27:39.345,9.964
2026-01-18 15:27:39.345,9.963
2026-01-18 15:27:39.361,9.958
2026-01-18 15:27:39.378,9.955
2026-01-18 15:27:39.378,9.95
2026-01-18 15:27:39.398,9.951
2026-01-18 15:27:39.411,9.954
2026-01-18 15:27:39.431,9.952
2026-01-18 15:27:39.433,9.948
2026-01-18 15:27:39.444,9.962
2026-01-18 15:27:39.462,9.955
2026-01-18 15:27:39.462,9.955
2026-01-18 15:27:39.478,9.952
2026-01-18 15:27:39.495,9.95
2026-01-18 15:27:39.510,9.949
2026-01-18 15:27:39.512,9.949
2026-01-18 15:27:39.527,9.945
2026-01-18 15:27:39.543,9.949
2026-01-18 15:27:39.561,9.946
2026-01-18 15:27:39.561,9.943
2026-01-18 15:27:39.572,9.942
2026-01-18 15:27:39.594,9.944
2026-01-18 15:27:39.594,9.948
2026-01-18 15:27:39.609,9.945
2026-01-18 15:27:39.628,9.945
2026-01-18 15:27:39.644,9.949
2026-01-18 15:27:39.644,9.947
2026-01-18 15:27:39.661,9.953
2026-01-18 15:27:39.672,9.949
2026-01-18 15:27:39.672,9.953
2026-01-18 15:27:39.694,9.95
2026-01-18 15:27:39.712,9.948
2026-01-18 15:27:39.714,9.953
2026-01-18 15:27:39.726,9.95
2026-01-18 15:27:39.744,9.947
2026-01-18 15:27:39.759,9.95
2026-01-18 15:27:39.761,9.948
2026-01-18 15:27:39.802,9.945
2026-01-18 15:27:39.802,9.947
2026-01-18 15:27:39.804,9.948
2026-01-18 15:27:39.812,9.954
2026-01-18 15:27:39.826,9.959
2026-01-18 15:27:39.847,9.959
2026-01-18 15:27:39.851,9.954
2026-01-18 15:27:39.857,9.956
2026-01-18 15:27:39.872,9.955
2026-01-18 15:27:39.893,9.952
2026-01-18 15:27:39.893,9.958
2026-01-18 15:27:39.907,9.954
2026-01-18 15:27:39.927,9.95
2026-01-18 15:27:39.935,9.95
2026-01-18 15:27:39.945,9.955
2026-01-18 15:27:39.954,9.952
2026-01-18 15:27:39.971,9.949
2026-01-18 15:27:39.971,9.951
2026-01-18 15:27:39.992,9.948
2026-01-18 15:27:40.024,9.952
2026-01-18 15:27:40.024,9.953
2026-01-18 15:27:40.026,9.951
2026-01-18 15:27:40.038,9.954
2026-01-18 15:27:40.060,9.954
2026-01-18 15:27:40.060,9.949
2026-01-18 15:27:40.077,9.953
2026-01-18 15:27:40.093,9.951
2026-01-18 15:27:40.109,9.952
2026-01-18 15:27:40.109,9.955
2026-01-18 15:27:40.127,9.957
2026-01-18 15:27:40.141,9.956
2026-01-18 15:27:40.157,9.957
2026-01-18 15:27:40.157,9.953
2026-01-18 15:27:40.175,9.958
2026-01-18 15:27:40.195,9.956
2026-01-18 15:27:40.195,9.955
2026-01-18 15:27:40.210,9.949
2026-01-18 15:27:40.227,9.95
2026-01-18 15:27:40.241,9.95
2026-01-18 15:27:40.241,9.947
2026-01-18 15:27:40.261,9.943
2026-01-18 15:27:40.277,9.946
2026-01-18 15:27:40.277,9.949
2026-01-18 15:27:40.293,9.952
2026-01-18 15:27:40.311,9.949
2026-01-18 15:27:40.327,9.95
2026-01-18 15:27:40.327,9.95
2026-01-18 15:27:40.345,9.953
2026-01-18 15:27:40.354,9.953
2026-01-18 15:27:40.354,9.948
2026-01-18 15:27:40.377,9.951
2026-01-18 15:27:40.394,9.949
2026-01-18 15:27:40.403,9.948
2026-01-18 15:27:40.403,9.951
2026-01-18 15:27:40.428,9.949
2026-01-18 15:27:40.444,9.948
2026-01-18 15:27:40.444,9.952
2026-01-18 15:27:40.459,9.952
2026-01-18 15:27:40.480,9.949
2026-01-18 15:27:40.481,9.951
2026-01-18 15:27:40.493,9.95
2026-01-18 15:27:40.507,9.949
2026-01-18 15:27:40.522,9.944
2026-01-18 15:27:40.544,9.951
2026-01-18 15:27:40.555,9.949
2026-01-18 15:27:40.577,9.949
2026-01-18 15:27:40.577,9.951
2026-01-18 15:27:40.593,9.949
2026-01-18 15:27:40.602,9.954
2026-01-18 15:27:40.627,9.955
2026-01-18 15:27:40.627,9.956
2026-01-18 15:27:40.644,9.953
2026-01-18 15:27:40.655,9.953
2026-01-18 15:27:40.655,9.95
2026-01-18 15:27:40.666,9.946
2026-01-18 15:27:40.694,9.947
2026-01-18 15:27:40.710,9.947
2026-01-18 15:27:40.710,9.947
2026-01-18 15:27:40.728,9.948
2026-01-18 15:27:40.745,9.947
2026-01-18 15:27:40.745,9.951
2026-01-18 15:27:40.760,9.95
2026-01-18 15:27:40.777,9.945
2026-01-18 15:27:40.793,9.953
2026-01-18 15:27:40.793,9.949
2026-01-18 15:27:40.810,9.948
2026-01-18 15:27:40.828,9.947
2026-01-18 15:27:40.844,9.952
2026-01-18 15:27:40.844,9.954
2026-01-18 15:27:40.861,9.953
2026-01-18 15:27:40.861,9.957
2026-01-18 15:27:40.878,9.956
2026-01-18 15:27:40.894,9.958
2026-01-18 15:27:40.912,9.958
2026-01-18 15:27:40.927,9.96
2026-01-18 15:27:40.927,9.958
2026-01-18 15:27:40.943,9.958
2026-01-18 15:27:40.955,9.955
2026-01-18 15:27:40.955,9.96
2026-01-18 15:27:40.977,9.959
2026-01-18 15:27:40.995,9.956
2026-01-18 15:27:41.010,9.954
2026-01-18 15:27:41.012,9.95
2026-01-18 15:27:41.038,9.953
2026-01-18 15:27:41.051,9.95
2026-01-18 15:27:41.053,9.949
2026-01-18 15:27:41.064,9.954
2026-01-18 15:27:41.076,9.957
2026-01-18 15:27:41.094,9.953
2026-01-18 15:27:41.094,9.953
2026-01-18 15:27:41.110,9.954
2026-01-18 15:27:41.124,9.956
2026-01-18 15:27:41.141,9.958
2026-01-18 15:27:41.141,9.955
2026-01-18 15:27:41.156,9.955
2026-01-18 15:27:41.176,9.954
2026-01-18 15:27:41.176,9.951
2026-01-18 15:27:41.189,9.95
2026-01-18 15:27:41.203,9.95
2026-01-18 15:27:41.221,9.951
2026-01-18 15:27:41.221,9.952
2026-01-18 15:27:41.244,9.947
2026-01-18 15:27:41.262,9.949
2026-01-18 15:27:41.262,9.946
2026-01-18 15:27:41.274,9.946
2026-01-18 15:27:41.287,9.944
2026-01-18 15:27:41.310,9.942
2026-01-18 15:27:41.310,9.943
2026-01-18 15:27:41.320,9.944
2026-01-18 15:27:41.334,9.95
2026-01-18 15:27:41.385,9.951
2026-01-18 15:27:41.387,9.953
2026-01-18 15:27:41.387,9.954
2026-01-18 15:27:41.387,9.958
2026-01-18 15:27:41.393,9.957
2026-01-18 15:27:41.411,9.953
2026-01-18 15:27:41.424,9.952
2026-01-18 15:27:41.440,9.954
2026-01-18 15:27:41.440,9.952
2026-01-18 15:27:41.458,9.951
2026-01-18 15:27:41.472,9.95
2026-01-18 15:27:41.479,9.948
2026-01-18 15:27:41.490,9.947
2026-01-18 15:27:41.507,9.944
2026-01-18 15:27:41.524,9.948
2026-01-18 15:27:41.524,9.955
2026-01-18 15:27:41.544,9.957
2026-01-18 15:27:41.559,9.958
2026-01-18 15:27:41.561,9.959
2026-01-18 15:27:41.577,9.96
2026-01-18 15:27:41.593,9.961
2026-01-18 15:27:41.612,9.96
2026-01-18 15:27:41.612,9.964
2026-01-18 15:27:41.627,9.964
2026-01-18 15:27:41.646,9.965
2026-01-18 15:27:41.646,9.962
2026-01-18 15:27:41.661,9.959
2026-01-18 15:27:41.677,9.959
2026-01-18 15:27:41.693,9.957
2026-01-18 15:27:41.694,9.959
2026-01-18 15:27:41.713,9.961
2026-01-18 15:27:41.727,9.96
2026-01-18 15:27:41.732,9.958
2026-01-18 15:27:41.743,9.957
2026-01-18 15:27:41.760,9.956
2026-01-18 15:27:41.777,9.953
2026-01-18 15:27:41.777,9.953
2026-01-18 15:27:41.793,9.951
2026-01-18 15:27:41.810,9.95
2026-01-18 15:27:41.826,9.954
2026-01-18 15:27:41.826,9.953
2026-01-18 15:27:41.843,9.951
2026-01-18 15:27:41.856,9.951
2026-01-18 15:27:41.856,9.951
2026-01-18 15:27:41.868,9.948
2026-01-18 15:27:41.892,9.951
2026-01-18 15:27:41.903,9.951
2026-01-18 15:27:41.903,9.952
2026-01-18 15:27:41.916,9.95
2026-01-18 15:27:41.932,9.958
2026-01-18 15:27:41.956,9.957
2026-01-18 15:27:41.956,9.958
2026-01-18 15:27:41.964,9.958
2026-01-18 15:27:41.980,9.955
2026-01-18 15:27:41.980,9.952
2026-01-18 15:27:41.996,9.951
2026-01-18 15:27:42.027,9.95
2026-01-18 15:27:42.027,9.947
2026-01-18 15:27:42.050,9.946
2026-01-18 15:27:42.061,9.945
2026-01-18 15:27:42.075,9.946
2026-01-18 15:27:42.075,9.947
2026-01-18 15:27:42.091,9.947
2026-01-18 15:27:42.109,9.945
2026-01-18 15:27:42.127,9.948
2026-01-18 15:27:42.127,9.949
2026-01-18 15:27:42.143,9.95
2026-01-18 15:27:42.157,9.95
2026-01-18 15:27:42.162,9.946
2026-01-18 15:27:42.172,9.945
2026-01-18 15:27:42.194,9.948
2026-01-18 15:27:42.210,9.95
2026-01-18 15:27:42.210,9.95
2026-01-18 15:27:42.227,9.946
2026-01-18 15:27:42.244,9.947
2026-01-18 15:27:42.257,9.945
2026-01-18 15:27:42.257,9.944
2026-01-18 15:27:42.268,9.949
2026-01-18 15:27:42.294,9.948
2026-01-18 15:27:42.294,9.949
2026-01-18 15:27:42.311,9.948
2026-01-18 15:27:42.313,9.946
2026-01-18 15:27:42.343,9.948
2026-01-18 15:27:42.344,9.951
2026-01-18 15:27:42.361,9.949
2026-01-18 15:27:42.378,9.949
2026-01-18 15:27:42.378,9.951
2026-01-18 15:27:42.393,9.952
2026-01-18 15:27:42.410,9.953
2026-01-18 15:27:42.427,9.95
2026-01-18 15:27:42.427,9.947
2026-01-18 15:27:42.444,9.945
2026-01-18 15:27:42.460,9.947
2026-01-18 15:27:42.460,9.952
2026-01-18 15:27:42.476,9.948
2026-01-18 15:27:42.494,9.95
2026-01-18 15:27:42.503,9.956
2026-01-18 15:27:42.503,9.951
2026-01-18 15:27:42.527,9.95
2026-01-18 15:27:42.544,9.952
2026-01-18 15:27:42.557,9.956
2026-01-18 15:27:42.557,9.953
2026-01-18 15:27:42.577,9.954
2026-01-18 15:27:42.583,9.959
2026-01-18 15:27:42.583,9.961
2026-01-18 15:27:42.610,9.969
2026-01-18 15:27:42.616,9.962
2026-01-18 15:27:42.644,9.965
2026-01-18 15:27:42.644,9.961
2026-01-18 15:27:42.660,9.968
2026-01-18 15:27:42.678,9.962
2026-01-18 15:27:42.678,9.964
2026-01-18 15:27:42.693,9.965
2026-01-18 15:27:42.752,9.961
2026-01-18 15:27:42.757,9.962
2026-01-18 15:27:42.757,9.967
2026-01-18 15:27:42.757,9.965
2026-01-18 15:27:42.757,9.96
2026-01-18 15:27:42.767,9.964
2026-01-18 15:27:42.777,9.969
2026-01-18 15:27:42.793,9.965
2026-01-18 15:27:42.810,9.96
2026-01-18 15:27:42.810,9.961
2026-01-18 15:27:42.826,9.957
2026-01-18 15:27:42.844,9.951
2026-01-18 15:27:42.844,9.954
2026-01-18 15:27:42.867,9.953
2026-01-18 15:27:42.869,9.956
2026-01-18 15:27:42.894,9.958
2026-01-18 15:27:42.894,9.959
2026-01-18 15:27:42.910,9.957
2026-01-18 15:27:42.927,9.955
2026-01-18 15:27:42.933,9.953
2026-01-18 15:27:42.933,9.962
2026-01-18 15:27:42.960,9.96
2026-01-18 15:27:42.977,9.957
2026-01-18 15:27:42.977,9.957
2026-01-18 15:27:42.993,9.958
2026-01-18 15:27:42.996,9.955
2026-01-18 15:27:43.026,9.952
2026-01-18 15:27:43.028,9.95
2026-01-18 15:27:43.043,9.952
2026-01-18 15:27:43.061,9.95
2026-01-18 15:27:43.061,9.953
2026-01-18 15:27:43.075,9.954
2026-01-18 15:27:43.093,9.956
2026-01-18 15:27:43.111,9.956
2026-01-18 15:27:43.111,9.952
2026-01-18 15:27:43.128,9.95
2026-01-18 15:27:43.144,9.949
2026-01-18 15:27:43.161,9.948
2026-01-18 15:27:43.161,9.947
2026-01-18 15:27:43.176,9.948
2026-01-18 15:27:43.194,9.951
2026-01-18 15:27:43.194,9.957
2026-01-18 15:27:43.210,9.96
2026-01-18 15:27:43.217,9.957
2026-01-18 15:27:43.244,9.956
2026-01-18 15:27:43.244,9.958
2026-01-18 15:27:43.260,9.96
2026-01-18 15:27:43.276,9.961
2026-01-18 15:27:43.276,9.962
2026-01-18 15:27:43.293,9.963
2026-01-18 15:27:43.310,9.958
2026-01-18 15:27:43.326,9.96
2026-01-18 15:27:43.326,9.96
2026-01-18 15:27:43.344,9.964
2026-01-18 15:27:43.361,9.965
2026-01-18 15:27:43.361,9.966
2026-01-18 15:27:43.375,9.962
2026-01-18 15:27:43.393,9.967
2026-01-18 15:27:43.410,9.962
2026-01-18 15:27:43.410,9.955
2026-01-18 15:27:43.426,9.951
2026-01-18 15:27:43.443,9.949
2026-01-18 15:27:43.460,9.947
2026-01-18 15:27:43.460,9.949
2026-01-18 15:27:43.476,9.946
2026-01-18 15:27:43.493,9.942
2026-01-18 15:27:43.493,9.945
2026-01-18 15:27:43.502,9.948
2026-01-18 15:27:43.526,9.949
2026-01-18 15:27:43.543,9.951
2026-01-18 15:27:43.543,9.954
2026-01-18 15:27:43.561,9.951
2026-01-18 15:27:43.576,9.949
2026-01-18 15:27:43.576,9.946
2026-01-18 15:27:43.585,9.947
2026-01-18 15:27:43.608,9.945
2026-01-18 15:27:43.625,9.945
2026-01-18 15:27:43.625,9.944
2026-01-18 15:27:43.643,9.945
2026-01-18 15:27:43.660,9.943
2026-01-18 15:27:43.661,9.945
2026-01-18 15:27:43.661,9.948
2026-01-18 15:27:43.694,9.948
2026-01-18 15:27:43.709,9.948
2026-01-18 15:27:43.709,9.948
2026-01-18 15:27:43.727,9.952
2026-01-18 15:27:43.740,9.951
2026-01-18 15:27:43.740,9.949
2026-01-18 15:27:43.761,9.948
2026-01-18 15:27:43.777,9.946
2026-01-18 15:27:43.794,9.945
2026-01-18 15:27:43.796,9.946
2026-01-18 15:27:43.810,9.967
2026-01-18 15:27:43.827,9.963
2026-01-18 15:27:43.844,9.965
2026-01-18 15:27:43.844,9.962
2026-01-18 15:27:43.871,9.958
2026-01-18 15:27:43.873,9.956
2026-01-18 15:27:43.887,9.956
2026-01-18 15:27:43.910,9.956
2026-01-18 15:27:43.910,9.957
2026-01-18 15:27:43.926,9.957
2026-01-18 15:27:43.926,9.962
2026-01-18 15:27:43.943,9.959
2026-01-18 15:27:43.958,9.957
2026-01-18 15:27:43.966,9.954
2026-01-18 15:27:43.977,9.953
2026-01-18 15:27:43.994,9.951
2026-01-18 15:27:44.010,9.95
2026-01-18 15:27:44.010,9.953
2026-01-18 15:27:44.027,9.951
2026-01-18 15:27:44.042,9.95
2026-01-18 15:27:44.060,9.949
2026-01-18 15:27:44.060,9.947
2026-01-18 15:27:44.099,9.947
2026-01-18 15:27:44.099,9.95
2026-01-18 15:27:44.099,9.95
2026-01-18 15:27:44.108,9.949
2026-01-18 15:27:44.126,9.95
2026-01-18 15:27:44.137,9.953
2026-01-18 15:27:44.137,9.956
2026-01-18 15:27:44.161,9.954
2026-01-18 15:27:44.176,9.956
2026-01-18 15:27:44.176,9.955
2026-01-18 15:27:44.193,9.957
2026-01-18 15:27:44.210,9.957
2026-01-18 15:27:44.226,9.958
2026-01-18 15:27:44.226,9.958
2026-01-18 15:27:44.243,9.956
2026-01-18 15:27:44.260,9.955
2026-01-18 15:27:44.260,9.953
2026-01-18 15:27:44.277,9.953
2026-01-18 15:27:44.292,9.953
2026-01-18 15:27:44.310,9.948
2026-01-18 15:27:44.310,9.949
2026-01-18 15:27:44.326,9.948
2026-01-18 15:27:44.343,9.95
2026-01-18 15:27:44.361,9.951
2026-01-18 15:27:44.361,9.949
2026-01-18 15:27:44.375,9.947
2026-01-18 15:27:44.393,9.948
2026-01-18 15:27:44.393,9.951
2026-01-18 15:27:44.410,9.949
2026-01-18 15:27:44.426,9.952
2026-01-18 15:27:44.439,9.951
2026-01-18 15:27:44.439,9.952
2026-01-18 15:27:44.460,9.952
2026-01-18 15:27:44.476,9.955
2026-01-18 15:27:44.476,9.952
2026-01-18 15:27:44.487,9.952
2026-01-18 15:27:44.502,9.95
2026-01-18 15:27:44.526,9.949
2026-01-18 15:27:44.526,9.949
2026-01-18 15:27:44.543,9.951
2026-01-18 15:27:44.561,9.953
2026-01-18 15:27:44.561,9.949
2026-01-18 15:27:44.576,9.951
2026-01-18 15:27:44.594,9.955
2026-01-18 15:27:44.610,9.957
2026-01-18 15:27:44.610,9.96
2026-01-18 15:27:44.618,9.957
2026-01-18 15:27:44.630,9.956
2026-01-18 15:27:44.660,9.954
2026-01-18 15:27:44.661,9.951
2026-01-18 15:27:44.677,9.953
2026-01-18 15:27:44.691,9.957
2026-01-18 15:27:44.691,9.962
2026-01-18 15:27:44.710,9.962
2026-01-18 15:27:44.723,9.955
2026-01-18 15:27:44.743,9.951
2026-01-18 15:27:44.743,9.95
2026-01-18 15:27:44.760,9.946
2026-01-18 15:27:44.776,9.946
2026-01-18 15:27:44.776,9.949
2026-01-18 15:27:44.791,9.953
2026-01-18 15:27:44.810,9.952
2026-01-18 15:27:44.825,9.954
2026-01-18 15:27:44.825,9.953
2026-01-18 15:27:44.842,9.954
2026-01-18 15:27:44.866,9.954
2026-01-18 15:27:44.866,9.952
2026-01-18 15:27:44.878,9.95
2026-01-18 15:27:44.891,9.953
2026-01-18 15:27:44.908,9.953
2026-01-18 15:27:44.908,9.956
2026-01-18 15:27:44.926,9.96
2026-01-18 15:27:44.942,9.957
2026-01-18 15:27:44.960,9.955
2026-01-18 15:27:44.960,9.953
2026-01-18 15:27:44.976,9.956
2026-01-18 15:27:44.994,9.955
2026-01-18 15:27:44.994,9.955
2026-01-18 15:27:45.008,9.954
2026-01-18 15:27:45.024,9.953
2026-01-18 15:27:45.040,9.952
2026-01-18 15:27:45.040,9.953
2026-01-18 15:27:45.061,9.954
2026-01-18 15:27:45.077,9.953
2026-01-18 15:27:45.078,9.948
2026-01-18 15:27:45.092,9.949
2026-01-18 15:27:45.110,9.96
2026-01-18 15:27:45.126,9.956
2026-01-18 15:27:45.126,9.951
2026-01-18 15:27:45.144,9.949
2026-01-18 15:27:45.160,9.95
2026-01-18 15:27:45.161,9.954
2026-01-18 15:27:45.176,9.953
2026-01-18 15:27:45.193,9.965
2026-01-18 15:27:45.210,9.962
2026-01-18 15:27:45.210,9.963
2026-01-18 15:27:45.226,9.962
2026-01-18 15:27:45.243,9.958
2026-01-18 15:27:45.251,9.961
2026-01-18 15:27:45.251,9.961
2026-01-18 15:27:45.277,9.957
2026-01-18 15:27:45.293,9.952
2026-01-18 15:27:45.293,9.952
2026-01-18 15:27:45.311,9.947
2026-01-18 15:27:45.327,9.948
2026-01-18 15:27:45.341,9.944
2026-01-18 15:27:45.341,9.949
2026-01-18 15:27:45.358,9.944
2026-01-18 15:27:45.373,9.945
2026-01-18 15:27:45.373,9.951
2026-01-18 15:27:45.391,9.961
2026-01-18 15:27:45.410,9.959
2026-01-18 15:27:45.426,9.953
2026-01-18 15:27:45.426,9.952
2026-01-18 15:27:45.463,9.955
2026-01-18 15:27:45.463,9.954
2026-01-18 15:27:45.463,9.951
2026-01-18 15:27:45.473,9.952
2026-01-18 15:27:45.487,9.951
2026-01-18 15:27:45.500,9.953
2026-01-18 15:27:45.500,9.949
2026-01-18 15:27:45.527,9.951
2026-01-18 15:27:45.543,9.951
2026-01-18 15:27:45.560,9.948
2026-01-18 15:27:45.560,9.949
2026-01-18 15:27:45.576,9.956
2026-01-18 15:27:45.593,9.96
2026-01-18 15:27:45.593,9.957
2026-01-18 15:27:45.610,9.96
2026-01-18 15:27:45.627,9.957
2026-01-18 15:27:45.643,9.955
2026-01-18 15:27:45.643,9.952
2026-01-18 15:27:45.660,9.951
2026-01-18 15:27:45.677,9.951
2026-01-18 15:27:45.678,9.949
2026-01-18 15:27:45.694,9.948
2026-01-18 15:27:45.710,9.948
2026-01-18 15:27:45.724,9.949
2026-01-18 15:27:45.724,9.945
2026-01-18 15:27:45.743,9.949
2026-01-18 15:27:45.759,9.949
2026-01-18 15:27:45.776,9.954
2026-01-18 15:27:45.776,9.952
2026-01-18 15:27:45.793,9.951
2026-01-18 15:27:45.809,9.95
2026-01-18 15:27:45.809,9.945
2026-01-18 15:27:45.826,9.947
2026-01-18 15:27:45.844,9.95
2026-01-18 15:27:45.859,9.977
2026-01-18 15:27:45.859,9.973
2026-01-18 15:27:45.880,9.971
2026-01-18 15:27:45.880,9.968
2026-01-18 15:27:45.880,9.968
2026-01-18 15:27:45.900,9.964
2026-01-18 15:27:45.926,9.96
2026-01-18 15:27:45.944,9.958
2026-01-18 15:27:45.944,9.957
2026-01-18 15:27:45.960,9.958
2026-01-18 15:27:45.978,9.961
2026-01-18 15:27:45.978,9.956
2026-01-18 15:27:45.994,9.955
2026-01-18 15:27:46.009,9.951
2026-01-18 15:27:46.027,9.955
2026-01-18 15:27:46.027,9.951
2026-01-18 15:27:46.044,9.948
2026-01-18 15:27:46.060,9.948
2026-01-18 15:27:46.076,9.95
2026-01-18 15:27:46.077,9.955
2026-01-18 15:27:46.092,9.954
2026-01-18 15:27:46.110,9.956
2026-01-18 15:27:46.110,9.955
2026-01-18 15:27:46.126,9.954
2026-01-18 15:27:46.143,9.957
2026-01-18 15:27:46.149,9.957
2026-01-18 15:27:46.160,9.956
2026-01-18 15:27:46.176,9.954
2026-01-18 15:27:46.196,9.958
2026-01-18 15:27:46.196,9.955
2026-01-18 15:27:46.203,9.952
2026-01-18 15:27:46.226,9.951
2026-01-18 15:27:46.243,9.969
2026-01-18 15:27:46.243,9.965
2026-01-18 15:27:46.251,9.963
2026-01-18 15:27:46.276,9.959
2026-01-18 15:27:46.293,9.962
2026-01-18 15:27:46.293,9.961
2026-01-18 15:27:46.310,9.962
2026-01-18 15:27:46.323,9.957
2026-01-18 15:27:46.323,9.954
2026-01-18 15:27:46.339,9.952
2026-01-18 15:27:46.358,9.952
2026-01-18 15:27:46.371,9.952
2026-01-18 15:27:46.371,9.951
2026-01-18 15:27:46.387,9.949
2026-01-18 15:27:46.403,9.948
2026-01-18 15:27:46.403,9.949
2026-01-18 15:27:46.421,9.951
2026-01-18 15:27:46.436,9.947
2026-01-18 15:27:46.459,9.951
2026-01-18 15:27:46.459,9.951
2026-01-18 15:27:46.476,9.951
2026-01-18 15:27:46.492,9.955
2026-01-18 15:27:46.492,9.957
2026-01-18 15:27:46.499,9.959
2026-01-18 15:27:46.525,9.958
2026-01-18 15:27:46.543,9.956
2026-01-18 15:27:46.543,9.95
2026-01-18 15:27:46.545,9.951
2026-01-18 15:27:46.578,9.951
2026-01-18 15:27:46.578,9.953
2026-01-18 15:27:46.593,9.953
2026-01-18 15:27:46.613,9.952
2026-01-18 15:27:46.613,9.951
2026-01-18 15:27:46.627,9.951
2026-01-18 15:27:46.642,9.95
2026-01-18 15:27:46.659,9.951
2026-01-18 15:27:46.676,9.954
2026-01-18 15:27:46.676,9.951
2026-01-18 15:27:46.692,9.947
2026-01-18 15:27:46.710,9.949
2026-01-18 15:27:46.710,9.949
2026-01-18 15:27:46.726,9.954
2026-01-18 15:27:46.744,9.953
2026-01-18 15:27:46.760,9.956
2026-01-18 15:27:46.761,9.952
2026-01-18 15:27:46.777,9.952
2026-01-18 15:27:46.793,9.95
2026-01-18 15:27:46.793,9.952
2026-01-18 15:27:46.827,9.951
2026-01-18 15:27:46.829,9.95
2026-01-18 15:27:46.830,9.947
2026-01-18 15:27:46.853,9.95
2026-01-18 15:27:46.853,9.951
2026-01-18 15:27:46.879,9.952
2026-01-18 15:27:46.879,9.952
2026-01-18 15:27:46.896,9.952
2026-01-18 15:27:46.908,9.95
2026-01-18 15:27:46.925,9.95
2026-01-18 15:27:46.927,9.944
2026-01-18 15:27:46.942,9.947
2026-01-18 15:27:46.960,9.948
2026-01-18 15:27:46.977,9.945
2026-01-18 15:27:46.977,9.95
2026-01-18 15:27:46.992,9.952
2026-01-18 15:27:47.008,9.945
2026-01-18 15:27:47.008,9.945
2026-01-18 15:27:47.021,9.943
2026-01-18 15:27:47.043,9.947
2026-01-18 15:27:47.059,9.947
2026-01-18 15:27:47.059,9.945
2026-01-18 15:27:47.077,9.948
2026-01-18 15:27:47.085,9.948
2026-01-18 15:27:47.085,9.948
2026-01-18 15:27:47.109,9.946
2026-01-18 15:27:47.124,9.945
2026-01-18 15:27:47.142,9.949
2026-01-18 15:27:47.142,9.949
2026-01-18 15:27:47.159,9.952
2026-01-18 15:27:47.168,9.951
2026-01-18 15:27:47.193,9.951
2026-01-18 15:27:47.193,9.952
2026-01-18 15:27:47.209,9.956
2026-01-18 15:27:47.226,9.953
2026-01-18 15:27:47.226,9.951
2026-01-18 15:27:47.243,9.948
2026-01-18 15:27:47.259,9.949
2026-01-18 15:27:47.274,9.948
2026-01-18 15:27:47.274,9.948
2026-01-18 15:27:47.292,9.948
2026-01-18 15:27:47.309,9.948
2026-01-18 15:27:47.310,9.95
2026-01-18 15:27:47.327,9.951
2026-01-18 15:27:47.344,9.951
2026-01-18 15:27:47.346,9.951
2026-01-18 15:27:47.361,9.946
2026-01-18 15:27:47.379,9.943
2026-01-18 15:27:47.381,9.947
2026-01-18 15:27:47.393,9.947
2026-01-18 15:27:47.409,9.946
2026-01-18 15:27:47.419,9.947
2026-01-18 15:27:47.443,9.944
2026-01-18 15:27:47.443,9.945
2026-01-18 15:27:47.459,9.947
2026-01-18 15:27:47.476,9.947
2026-01-18 15:27:47.492,9.959
2026-01-18 15:27:47.492,9.958
2026-01-18 15:27:47.510,9.959
2026-01-18 15:27:47.526,9.956
2026-01-18 15:27:47.526,9.958
2026-01-18 15:27:47.543,9.954
2026-01-18 15:27:47.560,9.956
2026-01-18 15:27:47.575,9.953
2026-01-18 15:27:47.575,9.954
2026-01-18 15:27:47.591,9.956
2026-01-18 15:27:47.606,9.962
2026-01-18 15:27:47.610,9.963
2026-01-18 15:27:47.625,9.96
2026-01-18 15:27:47.639,9.958
2026-01-18 15:27:47.659,9.956
2026-01-18 15:27:47.660,9.952
2026-01-18 15:27:47.676,9.951
2026-01-18 15:27:47.686,9.955
2026-01-18 15:27:47.686,9.953
2026-01-18 15:27:47.702,9.952
2026-01-18 15:27:47.720,9.955
2026-01-18 15:27:47.736,9.959
2026-01-18 15:27:47.736,9.958
2026-01-18 15:27:47.750,9.957
2026-01-18 15:27:47.775,9.954
2026-01-18 15:27:47.782,9.953
2026-01-18 15:27:47.782,9.955
2026-01-18 15:27:47.809,9.951
2026-01-18 15:27:47.819,9.955
2026-01-18 15:27:47.827,9.956
2026-01-18 15:27:47.833,9.954
2026-01-18 15:27:47.851,9.967
2026-01-18 15:27:47.883,9.964
2026-01-18 15:27:47.883,9.958
2026-01-18 15:27:47.894,9.96
2026-01-18 15:27:47.913,9.965
2026-01-18 15:27:47.913,9.961
2026-01-18 15:27:47.926,9.958
2026-01-18 15:27:47.944,9.948
2026-01-18 15:27:47.944,9.95
2026-01-18 15:27:47.959,9.953
2026-01-18 15:27:47.972,9.951
2026-01-18 15:27:47.993,9.955
2026-01-18 15:27:47.993,9.958
2026-01-18 15:27:48.005,9.956
2026-01-18 15:27:48.026,9.96
2026-01-18 15:27:48.043,9.956
2026-01-18 15:27:48.043,9.956
2026-01-18 15:27:48.060,9.953
2026-01-18 15:27:48.075,9.952
2026-01-18 15:27:48.093,9.949
2026-01-18 15:27:48.093,9.948
2026-01-18 15:27:48.109,9.949
2026-01-18 15:27:48.125,9.945
2026-01-18 15:27:48.125,9.946
2026-01-18 15:27:48.131,9.95
2026-01-18 15:27:48.159,9.95
2026-01-18 15:27:48.188,9.949
2026-01-18 15:27:48.190,9.948
2026-01-18 15:27:48.190,9.946
2026-01-18 15:27:48.194,9.947
2026-01-18 15:27:48.209,9.949
2026-01-18 15:27:48.226,9.949
2026-01-18 15:27:48.242,9.953
2026-01-18 15:27:48.260,9.952
2026-01-18 15:27:48.260,9.953
2026-01-18 15:27:48.277,9.955
2026-01-18 15:27:48.294,9.952
2026-01-18 15:27:48.295,9.951
2026-01-18 15:27:48.309,9.954
2026-01-18 15:27:48.337,9.951
2026-01-18 15:27:48.338,9.95
2026-01-18 15:27:48.350,9.95
2026-01-18 15:27:48.361,9.946
2026-01-18 15:27:48.371,9.946
2026-01-18 15:27:48.392,9.948
2026-01-18 15:27:48.392,9.951
2026-01-18 15:27:48.408,9.955
2026-01-18 15:27:48.425,9.956
2026-01-18 15:27:48.425,9.955
2026-01-18 15:27:48.442,9.952
2026-01-18 15:27:48.462,9.959
2026-01-18 15:27:48.462,9.955
2026-01-18 15:27:48.476,9.954
2026-01-18 15:27:48.492,9.954
2026-01-18 15:27:48.498,9.95
2026-01-18 15:27:48.498,9.948
2026-01-18 15:27:48.518,9.941
2026-01-18 15:27:48.542,9.943
2026-01-18 15:27:48.559,9.943
2026-01-18 15:27:48.559,9.943
2026-01-18 15:27:48.576,9.943
2026-01-18 15:27:48.591,9.943
2026-01-18 15:27:48.595,9.941
2026-01-18 15:27:48.609,9.943
2026-01-18 15:27:48.706,9.944
2026-01-18 15:27:48.708,9.943
2026-01-18 15:27:48.708,9.945
2026-01-18 15:27:48.712,9.946
2026-01-18 15:27:48.712,9.949
2026-01-18 15:27:48.714,9.949
2026-01-18 15:27:48.714,9.948
2026-01-18 15:27:48.714,9.948
2026-01-18 15:27:48.733,9.95
2026-01-18 15:27:48.744,9.949
2026-01-18 15:27:48.752,9.944
2026-01-18 15:27:48.776,9.946
2026-01-18 15:27:48.776,9.946
2026-01-18 15:27:48.791,9.945
2026-01-18 15:27:48.808,9.945
2026-01-18 15:27:48.828,9.952
2026-01-18 15:27:48.841,9.954
2026-01-18 15:27:48.850,9.952
2026-01-18 15:27:48.860,9.955
2026-01-18 15:27:48.883,9.958
2026-01-18 15:27:48.883,9.956
2026-01-18 15:27:48.894,9.955
2026-01-18 15:27:48.909,9.961
2026-01-18 15:27:48.925,9.959
2026-01-18 15:27:48.941,9.957
2026-01-18 15:27:48.941,9.959
2026-01-18 15:27:48.957,9.963
2026-01-18 15:27:48.972,9.959
2026-01-18 15:27:48.990,9.958
2026-01-18 15:27:48.990,9.958
2026-01-18 15:27:49.010,9.957
2026-01-18 15:27:49.026,9.953
2026-01-18 15:27:49.026,9.952
2026-01-18 15:27:49.040,9.951
2026-01-18 15:27:49.052,9.951
2026-01-18 15:27:49.067,9.957
2026-01-18 15:27:49.067,9.956
2026-01-18 15:27:49.083,9.954
2026-01-18 15:27:49.099,9.956
2026-01-18 15:27:49.099,9.963
2026-01-18 15:27:49.115,9.96
2026-01-18 15:27:49.133,9.959
2026-01-18 15:27:49.147,9.957
2026-01-18 15:27:49.147,9.957
2026-01-18 15:27:49.168,9.956
2026-01-18 15:27:49.180,9.953
2026-01-18 15:27:49.180,9.954
2026-01-18 15:27:49.194,9.953
2026-01-18 15:27:49.226,9.951
2026-01-18 15:27:49.242,9.95
2026-01-18 15:27:49.242,9.952
2026-01-18 15:27:49.258,9.952
2026-01-18 15:27:49.274,9.951
2026-01-18 15:27:49.274,9.953
2026-01-18 15:27:49.290,9.953
2026-01-18 15:27:49.307,9.952
2026-01-18 15:27:49.326,9.953
2026-01-18 15:27:49.326,9.954
2026-01-18 15:27:49.342,9.953
2026-01-18 15:27:49.359,9.952
2026-01-18 15:27:49.375,9.95
2026-01-18 15:27:49.375,9.949
2026-01-18 15:27:49.389,9.948
2026-01-18 15:27:49.408,9.94
2026-01-18 15:27:49.408,9.943
2026-01-18 15:27:49.426,9.949
2026-01-18 15:27:49.442,9.948
2026-01-18 15:27:49.459,9.951
2026-01-18 15:27:49.459,9.949
2026-01-18 15:27:49.475,9.955
2026-01-18 15:27:49.484,9.951
2026-01-18 15:27:49.484,9.949
2026-01-18 15:27:49.509,9.951
2026-01-18 15:27:49.525,9.952
2026-01-18 15:27:49.569,9.955
2026-01-18 15:27:49.569,9.953
2026-01-18 15:27:49.569,9.952
2026-01-18 15:27:49.569,9.947
2026-01-18 15:27:49.578,9.948
2026-01-18 15:27:49.592,9.949
2026-01-18 15:27:49.609,9.948
2026-01-18 15:27:49.626,9.95
2026-01-18 15:27:49.626,9.944
2026-01-18 15:27:49.640,9.947
2026-01-18 15:27:49.660,9.947
2026-01-18 15:27:49.676,9.953
2026-01-18 15:27:49.677,9.95
2026-01-18 15:27:49.693,9.951
2026-01-18 15:27:49.708,9.951
2026-01-18 15:27:49.708,9.952
2026-01-18 15:27:49.719,9.949
2026-01-18 15:27:49.743,9.947
2026-01-18 15:27:49.758,9.946
2026-01-18 15:27:49.758,9.947
2026-01-18 15:27:49.775,9.951
2026-01-18 15:27:49.793,9.951
2026-01-18 15:27:49.793,9.95
2026-01-18 15:27:49.809,9.951
2026-01-18 15:27:49.825,9.955
2026-01-18 15:27:49.842,9.953
2026-01-18 15:27:49.842,9.952
2026-01-18 15:27:49.860,9.96
2026-01-18 15:27:49.878,9.958
2026-01-18 15:27:49.878,9.956
2026-01-18 15:27:49.894,9.953
2026-01-18 15:27:49.910,9.951
2026-01-18 15:27:49.926,9.951
2026-01-18 15:27:49.927,9.949
2026-01-18 15:27:49.943,9.946
2026-01-18 15:27:49.968,9.948
2026-01-18 15:27:49.968,9.943
2026-01-18 15:27:49.978,9.943
2026-01-18 15:27:49.993,9.944
2026-01-18 15:27:50.003,9.943
2026-01-18 15:27:50.010,9.943
2026-01-18 15:27:50.025,9.941
2026-01-18 15:27:50.042,9.937
2026-01-18 15:27:50.051,9.937
2026-01-18 15:27:50.060,9.94
2026-01-18 15:27:50.075,9.941
2026-01-18 15:27:50.092,9.94
2026-01-18 15:27:50.094,9.943
2026-01-18 15:27:50.108,9.948
2026-01-18 15:27:50.125,9.944
2026-01-18 15:27:50.143,9.949
2026-01-18 15:27:50.143,9.949
2026-01-18 15:27:50.159,9.952
2026-01-18 15:27:50.170,9.951
2026-01-18 15:27:50.177,9.951
2026-01-18 15:27:50.180,9.953
2026-01-18 15:27:50.211,9.951
2026-01-18 15:27:50.226,9.953
2026-01-18 15:27:50.226,9.95
2026-01-18 15:27:50.242,9.948
2026-01-18 15:27:50.256,9.948
2026-01-18 15:27:50.276,9.946
2026-01-18 15:27:50.276,9.948
2026-01-18 15:27:50.290,9.947
2026-01-18 15:27:50.304,9.945
2026-01-18 15:27:50.304,9.945
2026-01-18 15:27:50.325,9.942
2026-01-18 15:27:50.343,9.944
2026-01-18 15:27:50.358,9.948
2026-01-18 15:27:50.358,9.956
2026-01-18 15:27:50.371,9.954
2026-01-18 15:27:50.392,9.957
2026-01-18 15:27:50.392,9.951
2026-01-18 15:27:50.408,9.948
2026-01-18 15:27:50.425,9.951
2026-01-18 15:27:50.442,9.956
2026-01-18 15:27:50.442,9.952
2026-01-18 15:27:50.459,9.952
2026-01-18 15:27:50.475,9.952
2026-01-18 15:27:50.479,9.95
2026-01-18 15:27:50.482,9.955
2026-01-18 15:27:50.511,9.953
2026-01-18 15:27:50.526,9.949
2026-01-18 15:27:50.527,9.952
2026-01-18 15:27:50.542,9.956
2026-01-18 15:27:50.560,9.952
2026-01-18 15:27:50.598,9.948
2026-01-18 15:27:50.601,9.946
2026-01-18 15:27:50.602,9.946
2026-01-18 15:27:50.602,9.95
2026-01-18 15:27:50.610,9.946
2026-01-18 15:27:50.625,9.946
2026-01-18 15:27:50.644,9.957
2026-01-18 15:27:50.645,9.961
2026-01-18 15:27:50.654,9.957
2026-01-18 15:27:50.671,9.953
2026-01-18 15:27:50.691,9.953
2026-01-18 15:27:50.709,9.951
2026-01-18 15:27:50.709,9.947
2026-01-18 15:27:50.725,9.946
2026-01-18 15:27:50.742,9.949
2026-01-18 15:27:50.742,9.95
2026-01-18 15:27:50.758,9.949
2026-01-18 15:27:50.771,9.948
2026-01-18 15:27:50.792,9.944
2026-01-18 15:27:50.792,9.945
2026-01-18 15:27:50.810,9.95
2026-01-18 15:27:50.824,9.947
2026-01-18 15:27:50.824,9.951
2026-01-18 15:27:50.841,9.95
2026-01-18 15:27:50.866,9.945
2026-01-18 15:27:50.866,9.964
2026-01-18 15:27:50.876,9.958
2026-01-18 15:27:50.892,9.954
2026-01-18 15:27:50.929,9.953
2026-01-18 15:27:50.931,9.95
2026-01-18 15:27:50.931,9.949
2026-01-18 15:27:50.942,9.949
2026-01-18 15:27:50.958,9.949
2026-01-18 15:27:50.958,9.948
2026-01-18 15:27:50.972,9.947
2026-01-18 15:27:50.993,9.945
2026-01-18 15:27:50.994,9.949
2026-01-18 15:27:51.009,9.956
2026-01-18 15:27:51.025,9.959
2026-01-18 15:27:51.042,9.957
2026-01-18 15:27:51.042,9.959
2026-01-18 15:27:51.059,9.955
2026-01-18 15:27:51.075,9.954
2026-01-18 15:27:51.077,9.954
2026-01-18 15:27:51.077,9.951
2026-01-18 15:27:51.110,9.949
2026-01-18 15:27:51.114,9.957
2026-01-18 15:27:51.126,9.961
2026-01-18 15:27:51.143,9.959
2026-01-18 15:27:51.158,9.963
2026-01-18 15:27:51.176,9.959
2026-01-18 15:27:51.176,9.957
2026-01-18 15:27:51.192,9.955
2026-01-18 15:27:51.210,9.952
2026-01-18 15:27:51.210,9.953
2026-01-18 15:27:51.225,9.952
2026-01-18 15:27:51.243,9.952
2026-01-18 15:27:51.252,9.951
2026-01-18 15:27:51.252,9.952
2026-01-18 15:27:51.275,9.952
2026-01-18 15:27:51.290,9.95
2026-01-18 15:27:51.290,9.949
2026-01-18 15:27:51.301,9.949
2026-01-18 15:27:51.317,9.946
2026-01-18 15:27:51.342,9.942
2026-01-18 15:27:51.342,9.944
2026-01-18 15:27:51.359,9.946
2026-01-18 15:27:51.375,9.949
2026-01-18 15:27:51.391,9.947
2026-01-18 15:27:51.391,9.944
2026-01-18 15:27:51.410,9.942
2026-01-18 15:27:51.426,9.943
2026-01-18 15:27:51.426,9.942
2026-01-18 15:27:51.443,9.942
2026-01-18 15:27:51.456,9.943
2026-01-18 15:27:51.476,9.943
2026-01-18 15:27:51.476,9.942
2026-01-18 15:27:51.492,9.943
2026-01-18 15:27:51.508,9.943
2026-01-18 15:27:51.508,9.943
2026-01-18 15:27:51.521,9.944
2026-01-18 15:27:51.542,9.948
2026-01-18 15:27:51.558,9.953
2026-01-18 15:27:51.558,9.952
2026-01-18 15:27:51.575,9.947
2026-01-18 15:27:51.592,9.946
2026-01-18 15:27:51.608,9.945
2026-01-18 15:27:51.608,9.951
2026-01-18 15:27:51.626,9.951
2026-01-18 15:27:51.641,9.954
2026-01-18 15:27:51.641,9.952
2026-01-18 15:27:51.647,9.949
2026-01-18 15:27:51.675,9.947
2026-01-18 15:27:51.692,9.945
2026-01-18 15:27:51.693,9.949
2026-01-18 15:27:51.706,9.951
2026-01-18 15:27:51.725,9.949
2026-01-18 15:27:51.726,9.948
2026-01-18 15:27:51.741,9.948
2026-01-18 15:27:51.757,9.947
2026-01-18 15:27:51.775,9.953
2026-01-18 15:27:51.775,9.953
2026-01-18 15:27:51.792,9.949
2026-01-18 15:27:51.804,9.95
2026-01-18 15:27:51.804,9.959
2026-01-18 15:27:51.825,9.957
2026-01-18 15:27:51.841,9.953
2026-01-18 15:27:51.852,9.95
2026-01-18 15:27:51.852,9.948
2026-01-18 15:27:51.875,9.943
2026-01-18 15:27:51.893,9.944
2026-01-18 15:27:51.893,9.946
2026-01-18 15:27:51.909,9.947
2026-01-18 15:27:51.925,9.944
2026-01-18 15:27:51.930,9.941
2026-01-18 15:27:51.930,9.943
2026-01-18 15:27:51.959,9.938
2026-01-18 15:27:51.973,9.941
2026-01-18 15:27:51.993,9.939
2026-01-18 15:27:51.993,9.94
2026-01-18 15:27:52.010,9.941
2026-01-18 15:27:52.026,9.94
2026-01-18 15:27:52.026,9.944
2026-01-18 15:27:52.043,9.943
2026-01-18 15:27:52.058,9.945
2026-01-18 15:27:52.073,9.95
2026-01-18 15:27:52.073,9.948
2026-01-18 15:27:52.087,9.947
2026-01-18 15:27:52.109,9.946
2026-01-18 15:27:52.109,9.946
2026-01-18 15:27:52.129,9.947
2026-01-18 15:27:52.147,9.943
2026-01-18 15:27:52.147,9.943
2026-01-18 15:27:52.159,9.945
2026-01-18 15:27:52.175,9.944
2026-01-18 15:27:52.191,9.95
2026-01-18 15:27:52.208,9.95
2026-01-18 15:27:52.208,9.949
2026-01-18 15:27:52.216,9.949
2026-01-18 15:27:52.234,9.95
2026-01-18 15:27:52.234,9.946
2026-01-18 15:27:52.249,9.95
2026-01-18 15:27:52.287,9.974
2026-01-18 15:27:52.287,9.965
2026-01-18 15:27:52.287,9.962
2026-01-18 15:27:52.295,9.96
2026-01-18 15:27:52.325,9.956
2026-01-18 15:27:52.325,9.949
2026-01-18 15:27:52.340,9.954
2026-01-18 15:27:52.358,9.956
2026-01-18 15:27:52.375,9.956
2026-01-18 15:27:52.375,9.952
2026-01-18 15:27:52.392,9.952
2026-01-18 15:27:52.404,9.965
2026-01-18 15:27:52.404,9.961
2026-01-18 15:27:52.426,9.959
2026-01-18 15:27:52.446,9.957
2026-01-18 15:27:52.448,9.96
2026-01-18 15:27:52.460,9.963
2026-01-18 15:27:52.475,9.958
2026-01-18 15:27:52.492,9.956
2026-01-18 15:27:52.493,9.954
2026-01-18 15:27:52.503,9.956
2026-01-18 15:27:52.517,9.956
2026-01-18 15:27:52.541,9.954
2026-01-18 15:27:52.541,9.954
2026-01-18 15:27:52.558,9.954
2026-01-18 15:27:52.574,9.952
2026-01-18 15:27:52.592,9.948
2026-01-18 15:27:52.592,9.945
2026-01-18 15:27:52.601,9.945
2026-01-18 15:27:52.626,9.945
2026-01-18 15:27:52.626,9.946
2026-01-18 15:27:52.641,9.941
2026-01-18 15:27:52.659,9.954
2026-01-18 15:27:52.677,9.955
2026-01-18 15:27:52.677,9.954
2026-01-18 15:27:52.692,9.95
2026-01-18 15:27:52.705,9.947
2026-01-18 15:27:52.705,9.945
2026-01-18 15:27:52.725,9.947
2026-01-18 15:27:52.742,9.949
2026-01-18 15:27:52.759,9.952
2026-01-18 15:27:52.759,9.958
2026-01-18 15:27:52.775,9.967
2026-01-18 15:27:52.792,9.958
2026-01-18 15:27:52.792,9.974
2026-01-18 15:27:52.808,9.967
2026-01-18 15:27:52.825,9.963
2026-01-18 15:27:52.842,9.965
2026-01-18 15:27:52.842,9.963
2026-01-18 15:27:52.859,9.961
2026-01-18 15:27:52.879,9.959
2026-01-18 15:27:52.879,9.96
2026-01-18 15:27:52.891,9.958
2026-01-18 15:27:52.898,9.959
2026-01-18 15:27:52.924,9.958
2026-01-18 15:27:52.926,9.956
2026-01-18 15:27:52.942,9.955
2026-01-18 15:27:52.958,9.957
2026-01-18 15:27:52.974,9.955
2026-01-18 15:27:52.974,9.957
2026-01-18 15:27:52.992,9.964
2026-01-18 15:27:53.005,9.965
2026-01-18 15:27:53.005,9.959
2026-01-18 15:27:53.025,9.965
2026-01-18 15:27:53.039,9.964
2026-01-18 15:27:53.053,9.96
2026-01-18 15:27:53.053,9.96
2026-01-18 15:27:53.074,9.955
2026-01-18 15:27:53.088,9.955
2026-01-18 15:27:53.088,9.957
2026-01-18 15:27:53.107,9.955
2026-01-18 15:27:53.125,9.953
2026-01-18 15:27:53.133,9.953
2026-01-18 15:27:53.133,9.954
2026-01-18 15:27:53.150,9.957
2026-01-18 15:27:53.174,9.961
2026-01-18 15:27:53.191,9.959
2026-01-18 15:27:53.191,9.958
2026-01-18 15:27:53.209,9.954
2026-01-18 15:27:53.224,9.953
2026-01-18 15:27:53.224,9.954
2026-01-18 15:27:53.228,9.953
2026-01-18 15:27:53.259,9.954
2026-01-18 15:27:53.276,9.95
2026-01-18 15:27:53.276,9.955
2026-01-18 15:27:53.290,9.957
2026-01-18 15:27:53.306,9.955
2026-01-18 15:27:53.325,9.952
2026-01-18 15:27:53.342,9.947
2026-01-18 15:27:53.358,9.947
2026-01-18 15:27:53.358,9.949
2026-01-18 15:27:53.375,9.954
2026-01-18 15:27:53.386,9.953
2026-01-18 15:27:53.386,9.96
2026-01-18 15:27:53.409,9.959
2026-01-18 15:27:53.426,9.952
2026-01-18 15:27:53.441,9.951
2026-01-18 15:27:53.441,9.954
2026-01-18 15:27:53.458,9.952
2026-01-18 15:27:53.475,9.95
2026-01-18 15:27:53.492,9.952
2026-01-18 15:27:53.492,9.949
2026-01-18 15:27:53.497,9.953
2026-01-18 15:27:53.525,9.95
2026-01-18 15:27:53.525,9.951
2026-01-18 15:27:53.535,9.954
2026-01-18 15:27:53.559,9.956
2026-01-18 15:27:53.575,9.954
2026-01-18 15:27:53.575,9.952
2026-01-18 15:27:53.593,9.958
2026-01-18 15:27:53.609,9.955
2026-01-18 15:27:53.609,9.958
2026-01-18 15:27:53.650,9.96
2026-01-18 15:27:53.650,9.957
2026-01-18 15:27:53.650,9.955
2026-01-18 15:27:53.660,9.955
2026-01-18 15:27:53.675,9.961
2026-01-18 15:27:53.692,9.956
2026-01-18 15:27:53.709,9.952
2026-01-18 15:27:53.709,9.958
2026-01-18 15:27:53.724,9.958
2026-01-18 15:27:53.741,9.953
2026-01-18 15:27:53.741,9.963
2026-01-18 15:27:53.758,9.958
2026-01-18 15:27:53.770,9.956
2026-01-18 15:27:53.792,9.949
2026-01-18 15:27:53.792,9.947
2026-01-18 15:27:53.799,9.945
2026-01-18 15:27:53.825,9.944
2026-01-18 15:27:53.825,9.958
2026-01-18 15:27:53.842,9.953
2026-01-18 15:27:53.845,9.951
2026-01-18 15:27:53.882,9.952
2026-01-18 15:27:53.882,9.947
2026-01-18 15:27:53.891,9.947
2026-01-18 15:27:53.910,9.947
2026-01-18 15:27:53.910,9.944
2026-01-18 15:27:53.925,9.944
2026-01-18 15:27:53.942,9.947
2026-01-18 15:27:53.958,9.952
2026-01-18 15:27:53.958,9.948
2026-01-18 15:27:53.975,9.947
2026-01-18 15:27:53.992,9.947
2026-01-18 15:27:53.992,9.946
2026-01-18 15:27:54.004,9.943
2026-01-18 15:27:54.025,9.945
2026-01-18 15:27:54.044,9.946
2026-01-18 15:27:54.044,9.939
2026-01-18 15:27:54.058,9.948
2026-01-18 15:27:54.075,9.944
2026-01-18 15:27:54.092,9.946
2026-01-18 15:27:54.092,9.946
2026-01-18 15:27:54.106,9.944
2026-01-18 15:27:54.125,9.944
2026-01-18 15:27:54.125,9.942
2026-01-18 15:27:54.142,9.946
2026-01-18 15:27:54.158,9.948
2026-01-18 15:27:54.174,9.949
2026-01-18 15:27:54.174,9.953
2026-01-18 15:27:54.192,9.952
2026-01-18 15:27:54.208,9.952
2026-01-18 15:27:54.210,9.95
2026-01-18 15:27:54.213,9.951
2026-01-18 15:27:54.242,9.955
2026-01-18 15:27:54.259,9.961
2026-01-18 15:27:54.259,9.962
2026-01-18 15:27:54.277,9.961
2026-01-18 15:27:54.291,9.97
2026-01-18 15:27:54.306,9.969
2026-01-18 15:27:54.306,9.965
2026-01-18 15:27:54.322,9.968
2026-01-18 15:27:54.341,9.968
2026-01-18 15:27:54.341,9.966
2026-01-18 15:27:54.358,9.962
2026-01-18 15:27:54.374,9.97
2026-01-18 15:27:54.385,9.967
2026-01-18 15:27:54.385,9.964
2026-01-18 15:27:54.409,9.963
2026-01-18 15:27:54.425,9.96
2026-01-18 15:27:54.425,9.956
2026-01-18 15:27:54.437,9.955
2026-01-18 15:27:54.458,9.953
2026-01-18 15:27:54.474,9.953
2026-01-18 15:27:54.474,9.952
2026-01-18 15:27:54.491,9.953
2026-01-18 15:27:54.498,9.952
2026-01-18 15:27:54.498,9.951
2026-01-18 15:27:54.525,9.951
2026-01-18 15:27:54.542,9.945
2026-01-18 15:27:54.559,9.951
2026-01-18 15:27:54.559,9.948
2026-01-18 15:27:54.574,9.949
2026-01-18 15:27:54.592,9.952
2026-01-18 15:27:54.608,9.952
2026-01-18 15:27:54.608,9.953
2026-01-18 15:27:54.625,9.95
2026-01-18 15:27:54.642,9.948
2026-01-18 15:27:54.642,9.95
2026-01-18 15:27:54.658,9.952
2026-01-18 15:27:54.674,9.949
2026-01-18 15:27:54.692,9.947
2026-01-18 15:27:54.692,9.947
2026-01-18 15:27:54.708,9.959
2026-01-18 15:27:54.725,9.957
2026-01-18 15:27:54.725,9.956
2026-01-18 15:27:54.734,9.955
2026-01-18 15:27:54.758,9.962
2026-01-18 15:27:54.775,9.96
2026-01-18 15:27:54.775,9.959
2026-01-18 15:27:54.792,9.961
2026-01-18 15:27:54.797,9.96
2026-01-18 15:27:54.797,9.959
2026-01-18 15:27:54.824,9.959
2026-01-18 15:27:54.842,9.958
2026-01-18 15:27:54.858,9.956
2026-01-18 15:27:54.858,9.958
2026-01-18 15:27:54.882,9.954
2026-01-18 15:27:54.882,9.957
2026-01-18 15:27:54.894,9.958
2026-01-18 15:27:54.900,9.957
2026-01-18 15:27:54.925,9.969
2026-01-18 15:27:54.940,9.965
2026-01-18 15:27:54.940,9.963
2026-01-18 15:27:54.958,9.965
2026-01-18 15:27:54.975,9.975
2026-01-18 15:27:55.015,9.971
2026-01-18 15:27:55.015,9.963
2026-01-18 15:27:55.016,9.962
2026-01-18 15:27:55.016,9.961
2026-01-18 15:27:55.049,9.958
2026-01-18 15:27:55.049,9.952
2026-01-18 15:27:55.049,9.951
2026-01-18 15:27:55.071,9.951
2026-01-18 15:27:55.091,9.949
2026-01-18 15:27:55.091,9.949
2026-01-18 15:27:55.109,9.947
2026-01-18 15:27:55.109,9.945
2026-01-18 15:27:55.119,9.949
2026-01-18 15:27:55.140,9.952
2026-01-18 15:27:55.158,9.954
2026-01-18 15:27:55.160,9.949
2026-01-18 15:27:55.174,9.955
2026-01-18 15:27:55.191,9.954
2026-01-18 15:27:55.208,9.953
2026-01-18 15:27:55.208,9.962
2026-01-18 15:27:55.223,9.964
2026-01-18 15:27:55.240,9.96
2026-01-18 15:27:55.240,9.966
2026-01-18 15:27:55.258,9.962
2026-01-18 15:27:55.274,9.957
2026-01-18 15:27:55.292,9.957
2026-01-18 15:27:55.292,9.956
2026-01-18 15:27:55.308,9.954
2026-01-18 15:27:55.324,9.95
2026-01-18 15:27:55.325,9.948
2026-01-18 15:27:55.341,9.947
2026-01-18 15:27:55.358,9.945
2026-01-18 15:27:55.393,9.941
2026-01-18 15:27:55.393,9.942
2026-01-18 15:27:55.393,9.938
2026-01-18 15:27:55.407,9.939
2026-01-18 15:27:55.425,9.935
2026-01-18 15:27:55.425,9.94
2026-01-18 15:27:55.430,9.944
2026-01-18 15:27:55.455,9.943
2026-01-18 15:27:55.455,9.938
2026-01-18 15:27:55.466,9.943
2026-01-18 15:27:55.486,9.941
2026-01-18 15:27:55.507,9.936
2026-01-18 15:27:55.507,9.94
2026-01-18 15:27:55.523,9.939
2026-01-18 15:27:55.539,9.941
2026-01-18 15:27:55.542,9.94
2026-01-18 15:27:55.558,9.948
2026-01-18 15:27:55.571,9.951
2026-01-18 15:27:55.591,9.952
2026-01-18 15:27:55.591,9.955
2026-01-18 15:27:55.607,9.951
2026-01-18 15:27:55.624,9.949
2026-01-18 15:27:55.626,9.953
2026-01-18 15:27:55.641,9.956
2026-01-18 15:27:55.658,9.957
2026-01-18 15:27:55.674,9.96
2026-01-18 15:27:55.674,9.961
2026-01-18 15:27:55.687,9.962
2026-01-18 15:27:55.697,9.965
2026-01-18 15:27:55.697,9.968
2026-01-18 15:27:55.713,9.968
2026-01-18 15:27:55.743,9.963
2026-01-18 15:27:55.758,9.961
2026-01-18 15:27:55.759,9.959
2026-01-18 15:27:55.775,9.962
2026-01-18 15:27:55.791,9.96
2026-01-18 15:27:55.791,9.962
2026-01-18 15:27:55.810,9.959
2026-01-18 15:27:55.823,9.955
2026-01-18 15:27:55.840,9.956
2026-01-18 15:27:55.840,9.961
2026-01-18 15:27:55.866,9.958
2026-01-18 15:27:55.866,9.962
2026-01-18 15:27:55.890,9.961
2026-01-18 15:27:55.890,9.96
2026-01-18 15:27:55.907,9.961
2026-01-18 15:27:55.924,9.959
2026-01-18 15:27:55.924,9.957
2026-01-18 15:27:55.940,9.953
2026-01-18 15:27:55.957,9.95
2026-01-18 15:27:55.976,9.949
2026-01-18 15:27:55.976,9.947
2026-01-18 15:27:55.989,9.948
2026-01-18 15:27:56.010,9.949
2026-01-18 15:27:56.010,9.947
2026-01-18 15:27:56.023,9.95
2026-01-18 15:27:56.041,9.954
2026-01-18 15:27:56.057,9.953
2026-01-18 15:27:56.060,9.959
2026-01-18 15:27:56.073,9.96
2026-01-18 15:27:56.093,9.963
2026-01-18 15:27:56.093,9.961
2026-01-18 15:27:56.109,9.976
2026-01-18 15:27:56.126,9.972
2026-01-18 15:27:56.139,9.975
2026-01-18 15:27:56.139,9.974
2026-01-18 15:27:56.160,9.97
2026-01-18 15:27:56.175,9.966
2026-01-18 15:27:56.192,9.965
2026-01-18 15:27:56.192,9.961
2026-01-18 15:27:56.209,9.961
2026-01-18 15:27:56.229,9.959
2026-01-18 15:27:56.230,9.959
2026-01-18 15:27:56.239,9.959
2026-01-18 15:27:56.258,9.957
2026-01-18 15:27:56.275,9.971
2026-01-18 15:27:56.275,9.967
2026-01-18 15:27:56.291,9.968
2026-01-18 15:27:56.308,9.966
2026-01-18 15:27:56.308,9.964
2026-01-18 15:27:56.324,9.96
2026-01-18 15:27:56.387,9.955
2026-01-18 15:27:56.387,9.963
2026-01-18 15:27:56.389,9.961
2026-01-18 15:27:56.390,9.966
2026-01-18 15:27:56.390,9.962
2026-01-18 15:27:56.390,9.958
2026-01-18 15:27:56.409,9.952
2026-01-18 15:27:56.423,9.95
2026-01-18 15:27:56.440,9.948
2026-01-18 15:27:56.440,9.946
2026-01-18 15:27:56.458,9.948
2026-01-18 15:27:56.474,9.943
2026-01-18 15:27:56.492,9.944
2026-01-18 15:27:56.493,9.943
2026-01-18 15:27:56.507,9.947
2026-01-18 15:27:56.524,9.947
2026-01-18 15:27:56.524,9.95
2026-01-18 15:27:56.540,9.95
2026-01-18 15:27:56.560,9.948
2026-01-18 15:27:56.560,9.947
2026-01-18 15:27:56.576,9.947
2026-01-18 15:27:56.597,9.95
2026-01-18 15:27:56.597,9.945
2026-01-18 15:27:56.610,9.949
2026-01-18 15:27:56.626,9.947
2026-01-18 15:27:56.643,9.951
2026-01-18 15:27:56.657,9.951
2026-01-18 15:27:56.657,9.954
2026-01-18 15:27:56.675,9.953
2026-01-18 15:27:56.692,9.958
2026-01-18 15:27:56.692,9.958
2026-01-18 15:27:56.709,9.957
2026-01-18 15:27:56.725,9.957
2026-01-18 15:27:56.742,9.962
2026-01-18 15:27:56.743,9.963
2026-01-18 15:27:56.758,9.961
2026-01-18 15:27:56.774,9.961
2026-01-18 15:27:56.791,9.961
2026-01-18 15:27:56.791,9.957
2026-01-18 15:27:56.807,9.951
2026-01-18 15:27:56.824,9.948
2026-01-18 15:27:56.824,9.955
2026-01-18 15:27:56.841,9.959
2026-01-18 15:27:56.857,9.957
2026-01-18 15:27:56.857,9.958
2026-01-18 15:27:56.874,9.958
2026-01-18 15:27:56.892,9.957
2026-01-18 15:27:56.907,9.955
2026-01-18 15:27:56.907,9.953
2026-01-18 15:27:56.925,9.958
2026-01-18 15:27:56.942,9.957
2026-01-18 15:27:56.957,9.958
2026-01-18 15:27:56.957,9.961
2026-01-18 15:27:56.974,9.959
2026-01-18 15:27:56.990,9.956
2026-01-18 15:27:56.992,9.956
2026-01-18 15:27:57.013,9.952
2026-01-18 15:27:57.087,9.951
2026-01-18 15:27:57.093,9.954
2026-01-18 15:27:57.093,9.951
2026-01-18 15:27:57.093,9.949
2026-01-18 15:27:57.093,9.956
2026-01-18 15:27:57.093,9.961
2026-01-18 15:27:57.093,9.959
2026-01-18 15:27:57.105,9.954
2026-01-18 15:27:57.126,9.955
2026-01-18 15:27:57.139,9.952
2026-01-18 15:27:57.159,9.953
2026-01-18 15:27:57.159,9.949
2026-01-18 15:27:57.210,9.951
2026-01-18 15:27:57.211,9.955
2026-01-18 15:27:57.211,9.959
2026-01-18 15:27:57.211,9.959
2026-01-18 15:27:57.223,9.959
2026-01-18 15:27:57.277,9.955
2026-01-18 15:27:57.277,9.965
2026-01-18 15:27:57.277,9.963
2026-01-18 15:27:57.277,9.959
2026-01-18 15:27:57.294,9.96
2026-01-18 15:27:57.294,9.96
2026-01-18 15:27:57.311,9.96
2026-01-18 15:27:57.328,9.961
2026-01-18 15:27:57.329,9.961
2026-01-18 15:27:57.344,9.966
2026-01-18 15:27:57.361,9.965
2026-01-18 15:27:57.380,9.964
2026-01-18 15:27:57.380,9.962
2026-01-18 15:27:57.395,9.957
2026-01-18 15:27:57.411,9.962
2026-01-18 15:27:57.427,9.961
2026-01-18 15:27:57.427,9.96
2026-01-18 15:27:57.445,9.96
2026-01-18 15:27:57.460,9.96
2026-01-18 15:27:57.461,9.959
2026-01-18 15:27:57.477,9.955
2026-01-18 15:27:57.494,9.95
2026-01-18 15:27:57.510,9.951
2026-01-18 15:27:57.510,9.948
2026-01-18 15:27:57.527,9.95
2026-01-18 15:27:57.543,9.955
2026-01-18 15:27:57.560,9.954
2026-01-18 15:27:57.560,9.958
2026-01-18 15:27:57.577,9.959
2026-01-18 15:27:57.595,9.956
2026-01-18 15:27:57.595,9.959
2026-01-18 15:27:57.610,9.96
2026-01-18 15:27:57.627,9.955
2026-01-18 15:27:57.644,9.96
2026-01-18 15:27:57.645,9.962
2026-01-18 15:27:57.661,9.963
2026-01-18 15:27:57.677,9.963
2026-01-18 15:27:57.677,9.965
2026-01-18 15:27:57.694,9.984
2026-01-18 15:27:57.733,9.978
2026-01-18 15:27:57.734,9.983
2026-01-18 15:27:57.734,9.98
2026-01-18 15:27:57.742,9.977
2026-01-18 15:27:57.758,9.976
2026-01-18 15:27:57.775,9.974
2026-01-18 15:27:57.775,9.97
2026-01-18 15:27:57.792,9.969
2026-01-18 15:27:57.810,9.968
2026-01-18 15:27:57.811,9.968
2026-01-18 15:27:57.825,9.967
2026-01-18 15:27:57.846,9.967
2026-01-18 15:27:57.846,9.967
2026-01-18 15:27:57.866,9.967
2026-01-18 15:27:57.874,9.963
2026-01-18 15:27:57.892,9.965
2026-01-18 15:27:57.893,9.961
2026-01-18 15:27:57.909,9.967
2026-01-18 15:27:57.926,9.961
2026-01-18 15:27:57.943,9.96
2026-01-18 15:27:57.943,9.958
2026-01-18 15:27:57.960,9.959
2026-01-18 15:27:57.976,9.959
2026-01-18 15:27:57.977,9.963
2026-01-18 15:27:57.992,9.967
2026-01-18 15:27:58.008,9.972
2026-01-18 15:27:58.026,9.967
2026-01-18 15:27:58.026,9.965
2026-01-18 15:27:58.042,9.959
2026-01-18 15:27:58.060,9.954
2026-01-18 15:27:58.075,9.952
2026-01-18 15:27:58.076,9.954
2026-01-18 15:27:58.092,9.954
2026-01-18 15:27:58.110,9.953
2026-01-18 15:27:58.110,9.95
2026-01-18 15:27:58.126,9.949
2026-01-18 15:27:58.142,9.944
2026-01-18 15:27:58.159,9.945
2026-01-18 15:27:58.159,9.946
2026-01-18 15:27:58.175,9.943
2026-01-18 15:27:58.193,9.945
2026-01-18 15:27:58.193,9.942
2026-01-18 15:27:58.209,9.956
2026-01-18 15:27:58.226,9.954
2026-01-18 15:27:58.241,9.956
2026-01-18 15:27:58.242,9.95
2026-01-18 15:27:58.258,9.952
2026-01-18 15:27:58.276,9.95
2026-01-18 15:27:58.292,9.949
2026-01-18 15:27:58.293,9.95
2026-01-18 15:27:58.309,9.951
2026-01-18 15:27:58.326,9.955
2026-01-18 15:27:58.327,9.961
2026-01-18 15:27:58.342,9.963
2026-01-18 15:27:58.358,9.962
2026-01-18 15:27:58.376,9.973
2026-01-18 15:27:58.376,9.972
2026-01-18 15:27:58.392,9.97
2026-01-18 15:27:58.409,9.969
2026-01-18 15:27:58.410,9.972
2026-01-18 15:27:58.425,9.961
2026-01-18 15:27:58.441,9.954
2026-01-18 15:27:58.459,9.953
2026-01-18 15:27:58.460,9.954
2026-01-18 15:27:58.475,9.959
2026-01-18 15:27:58.493,9.952
2026-01-18 15:27:58.493,9.954
2026-01-18 15:27:58.508,9.953
2026-01-18 15:27:58.528,9.955
2026-01-18 15:27:58.529,9.954
2026-01-18 15:27:58.542,9.95
2026-01-18 15:27:58.559,9.954
2026-01-18 15:27:58.574,9.955
2026-01-18 15:27:58.593,9.96
2026-01-18 15:27:58.593,9.959
2026-01-18 15:27:58.608,9.957
2026-01-18 15:27:58.625,9.956
2026-01-18 15:27:58.626,9.972
2026-01-18 15:27:58.642,9.974
2026-01-18 15:27:58.658,9.971
2026-01-18 15:27:58.675,9.972
2026-01-18 15:27:58.676,9.967
2026-01-18 15:27:58.692,9.964
2026-01-18 15:27:58.709,9.962
2026-01-18 15:27:58.709,9.958
2026-01-18 15:27:58.725,9.961
2026-01-18 15:27:58.743,9.961
2026-01-18 15:27:58.759,9.96
2026-01-18 15:27:58.759,9.957
2026-01-18 15:27:58.776,9.95
2026-01-18 15:27:58.791,9.96
2026-01-18 15:27:58.809,9.958
2026-01-18 15:27:58.809,9.961
2026-01-18 15:27:58.826,9.958
2026-01-18 15:27:58.841,9.956
2026-01-18 15:27:58.842,9.954
2026-01-18 15:27:58.865,9.955
2026-01-18 15:27:58.866,9.973
2026-01-18 15:27:58.894,9.964
2026-01-18 15:27:58.894,9.962
2026-01-18 15:27:58.908,9.957
2026-01-18 15:27:58.925,9.955
2026-01-18 15:27:58.926,9.955
2026-01-18 15:27:58.944,9.954
2026-01-18 15:27:58.960,9.954
2026-01-18 15:27:58.961,9.952
2026-01-18 15:27:58.975,9.957
2026-01-18 15:27:58.991,9.954
2026-01-18 15:27:59.008,9.954
2026-01-18 15:27:59.008,9.953
2026-01-18 15:27:59.024,9.952
2026-01-18 15:27:59.041,9.949
2026-01-18 15:27:59.057,9.945
2026-01-18 15:27:59.058,9.955
2026-01-18 15:27:59.102,9.953
2026-01-18 15:27:59.102,9.951
2026-01-18 15:27:59.103,9.954
2026-01-18 15:27:59.109,9.971
2026-01-18 15:27:59.124,9.967
2026-01-18 15:27:59.140,9.967
2026-01-18 15:27:59.142,9.962
2026-01-18 15:27:59.158,9.958
2026-01-18 15:27:59.175,9.956
2026-01-18 15:27:59.191,9.958
2026-01-18 15:27:59.192,9.957
2026-01-18 15:27:59.209,9.953
2026-01-18 15:27:59.224,9.951
2026-01-18 15:27:59.225,9.948
2026-01-18 15:27:59.241,9.947
2026-01-18 15:27:59.259,9.947
2026-01-18 15:27:59.275,9.946
2026-01-18 15:27:59.275,9.944
2026-01-18 15:27:59.291,9.945
2026-01-18 15:27:59.309,9.945
2026-01-18 15:27:59.309,9.943
2026-01-18 15:27:59.325,9.943
2026-01-18 15:27:59.342,9.947
2026-01-18 15:27:59.358,9.948
2026-01-18 15:27:59.358,9.951
2026-01-18 15:27:59.375,9.949
2026-01-18 15:27:59.392,9.951
2026-01-18 15:27:59.393,9.954
2026-01-18 15:27:59.409,9.956
2026-01-18 15:27:59.425,9.957
2026-01-18 15:27:59.442,9.956
2026-01-18 15:27:59.442,9.952
2026-01-18 15:27:59.458,9.952
2026-01-18 15:27:59.475,9.95
2026-01-18 15:27:59.492,9.95
2026-01-18 15:27:59.492,9.953
2026-01-18 15:27:59.507,9.959
2026-01-18 15:27:59.525,9.961
2026-01-18 15:27:59.525,9.958
2026-01-18 15:27:59.541,9.951
2026-01-18 15:27:59.558,9.962
2026-01-18 15:27:59.574,9.958
2026-01-18 15:27:59.575,9.962
2026-01-18 15:27:59.591,9.982
2026-01-18 15:27:59.608,9.982
2026-01-18 15:27:59.608,9.978
2026-01-18 15:27:59.625,9.973
2026-01-18 15:27:59.641,9.97
2026-01-18 15:27:59.658,9.969
2026-01-18 15:27:59.659,9.967
2026-01-18 15:27:59.675,9.965
2026-01-18 15:27:59.692,9.964
2026-01-18 15:27:59.693,9.966
2026-01-18 15:27:59.708,9.963
2026-01-18 15:27:59.726,9.962
2026-01-18 15:27:59.741,9.96
2026-01-18 15:27:59.758,9.965
2026-01-18 15:27:59.775,9.974
2026-01-18 15:27:59.792,9.971
2026-01-18 15:27:59.792,9.978
2026-01-18 15:27:59.808,9.972
2026-01-18 15:27:59.825,9.974
2026-01-18 15:27:59.825,9.98
2026-01-18 15:27:59.842,9.976
2026-01-18 15:27:59.863,9.967
2026-01-18 15:27:59.864,9.964
2026-01-18 15:27:59.874,9.966
2026-01-18 15:27:59.891,9.961
2026-01-18 15:27:59.908,9.962
2026-01-18 15:27:59.909,9.959
2026-01-18 15:27:59.925,9.961
2026-01-18 15:27:59.941,9.954
2026-01-18 15:27:59.959,9.963
2026-01-18 15:27:59.959,9.955
2026-01-18 15:27:59.975,9.958
2026-01-18 15:27:59.992,9.956
2026-01-18 15:27:59.992,9.956
2026-01-18 15:28:00.008,9.965
2026-01-18 15:28:00.026,9.96
2026-01-18 15:28:00.040,9.955
2026-01-18 15:28:00.041,9.952
2026-01-18 15:28:00.058,9.952
2026-01-18 15:28:00.074,9.951
2026-01-18 15:28:00.093,9.952
2026-01-18 15:28:00.093,9.952
2026-01-18 15:28:00.109,9.949
2026-01-18 15:28:00.125,9.952
2026-01-18 15:28:00.126,9.946
2026-01-18 15:28:00.142,9.947
2026-01-18 15:28:00.159,9.945
2026-01-18 15:28:00.176,9.942
2026-01-18 15:28:00.176,9.942
2026-01-18 15:28:00.192,9.953
2026-01-18 15:28:00.209,9.953
2026-01-18 15:28:00.209,9.96
2026-01-18 15:28:00.224,9.958
2026-01-18 15:28:00.242,9.954
2026-01-18 15:28:00.259,9.954
2026-01-18 15:28:00.260,9.963
2026-01-18 15:28:00.275,9.961
2026-01-18 15:28:00.291,9.962
2026-01-18 15:28:00.309,9.957
2026-01-18 15:28:00.309,9.953
2026-01-18 15:28:00.325,9.954
2026-01-18 15:28:00.342,9.948
2026-01-18 15:28:00.343,9.955
2026-01-18 15:28:00.359,9.953
2026-01-18 15:28:00.374,9.957
2026-01-18 15:28:00.393,9.956
2026-01-18 15:28:00.393,9.959
2026-01-18 15:28:00.408,9.959
2026-01-18 15:28:00.425,9.961
2026-01-18 15:28:00.425,9.982
2026-01-18 15:28:00.467,9.971
2026-01-18 15:28:00.468,9.97
2026-01-18 15:28:00.469,9.964
2026-01-18 15:28:00.476,9.96
2026-01-18 15:28:00.493,9.969
2026-01-18 15:28:00.509,9.967
2026-01-18 15:28:00.509,9.959
2026-01-18 15:28:00.525,9.954
2026-01-18 15:28:00.542,9.954
2026-01-18 15:28:00.559,9.951
2026-01-18 15:28:00.560,9.949
2026-01-18 15:28:00.576,9.945
2026-01-18 15:28:00.592,9.947
2026-01-18 15:28:00.610,9.948
2026-01-18 15:28:00.610,9.949
2026-01-18 15:28:00.625,9.948
2026-01-18 15:28:00.642,9.947
2026-01-18 15:28:00.642,9.946
2026-01-18 15:28:00.659,9.945
2026-01-18 15:28:00.675,9.945
2026-01-18 15:28:00.693,9.941
2026-01-18 15:28:00.693,9.946
2026-01-18 15:28:00.709,9.944
2026-01-18 15:28:00.725,9.945
2026-01-18 15:28:00.725,9.948
2026-01-18 15:28:00.742,9.948
2026-01-18 15:28:00.758,9.947
2026-01-18 15:28:00.774,9.944
2026-01-18 15:28:00.776,9.947
2026-01-18 15:28:00.793,9.947
2026-01-18 15:28:00.809,9.947
2026-01-18 15:28:00.824,9.953
2026-01-18 15:28:00.842,9.954
2026-01-18 15:28:00.865,9.956
2026-01-18 15:28:00.865,9.951
2026-01-18 15:28:00.874,9.951
2026-01-18 15:28:00.891,9.954
2026-01-18 15:28:00.909,9.951
2026-01-18 15:28:00.909,9.953
2026-01-18 15:28:00.925,9.953
2026-01-18 15:28:00.942,9.958
2026-01-18 15:28:00.942,9.957
2026-01-18 15:28:00.959,9.956
2026-01-18 15:28:00.974,9.973
2026-01-18 15:28:00.993,9.97
2026-01-18 15:28:00.993,9.965
2026-01-18 15:28:01.009,9.966
2026-01-18 15:28:01.025,9.963
2026-01-18 15:28:01.025,9.962
2026-01-18 15:28:01.042,9.961
2026-01-18 15:28:01.059,9.958
2026-01-18 15:28:01.074,9.955
2026-01-18 15:28:01.075,9.954
2026-01-18 15:28:01.092,9.951
2026-01-18 15:28:01.107,9.954
2026-01-18 15:28:01.126,9.954
2026-01-18 15:28:01.126,9.955
2026-01-18 15:28:01.141,9.955
2026-01-18 15:28:01.159,9.964
2026-01-18 15:28:01.160,9.962
2026-01-18 15:28:01.174,9.961
2026-01-18 15:28:01.191,9.962
2026-01-18 15:28:01.207,9.956
2026-01-18 15:28:01.207,9.958
2026-01-18 15:28:01.225,9.957
2026-01-18 15:28:01.242,9.954
2026-01-18 15:28:01.242,9.956
2026-01-18 15:28:01.258,9.96
2026-01-18 15:28:01.275,9.956
2026-01-18 15:28:01.292,9.956
2026-01-18 15:28:01.292,9.955
2026-01-18 15:28:01.309,9.964
2026-01-18 15:28:01.325,9.962
2026-01-18 15:28:01.326,9.962
2026-01-18 15:28:01.342,9.958
2026-01-18 15:28:01.359,9.958
2026-01-18 15:28:01.375,9.962
2026-01-18 15:28:01.375,9.959
2026-01-18 15:28:01.392,9.971
2026-01-18 15:28:01.409,9.97
2026-01-18 15:28:01.409,9.967
2026-01-18 15:28:01.425,9.967
2026-01-18 15:28:01.442,9.963
2026-01-18 15:28:01.459,9.961
2026-01-18 15:28:01.459,9.959
2026-01-18 15:28:01.475,9.954
2026-01-18 15:28:01.491,9.953
2026-01-18 15:28:01.492,9.948
2026-01-18 15:28:01.509,9.946
2026-01-18 15:28:01.525,9.947
2026-01-18 15:28:01.540,9.946
2026-01-18 15:28:01.541,9.947
2026-01-18 15:28:01.557,9.951
2026-01-18 15:28:01.575,9.965
2026-01-18 15:28:01.590,9.96
2026-01-18 15:28:01.590,9.959
2026-01-18 15:28:01.609,9.954
2026-01-18 15:28:01.624,9.97
2026-01-18 15:28:01.625,9.965
2026-01-18 15:28:01.642,9.964
2026-01-18 15:28:01.659,9.959
2026-01-18 15:28:01.675,9.953
2026-01-18 15:28:01.676,9.955
2026-01-18 15:28:01.691,9.952
2026-01-18 15:28:01.708,9.954
2026-01-18 15:28:01.709,9.954
2026-01-18 15:28:01.724,9.953
2026-01-18 15:28:01.741,9.949
2026-01-18 15:28:01.757,9.95
2026-01-18 15:28:01.757,9.953
2026-01-18 15:28:01.774,9.952
2026-01-18 15:28:01.792,9.949
2026-01-18 15:28:01.808,9.951
2026-01-18 15:28:01.808,9.969
2026-01-18 15:28:01.824,9.964
2026-01-18 15:28:01.841,9.959
2026-01-18 15:28:01.842,9.954
2026-01-18 15:28:01.863,9.955
2026-01-18 15:28:01.874,9.967
2026-01-18 15:28:01.891,9.963
2026-01-18 15:28:01.891,9.961
2026-01-18 15:28:01.908,9.961
2026-01-18 15:28:01.925,9.962
2026-01-18 15:28:01.926,9.959
2026-01-18 15:28:01.941,9.962
2026-01-18 15:28:01.958,9.959
2026-01-18 15:28:01.975,9.959
2026-01-18 15:28:01.976,9.961
2026-01-18 15:28:01.991,9.965
2026-01-18 15:28:02.009,9.962
2026-01-18 15:28:02.009,9.956
2026-01-18 15:28:02.025,9.954
2026-01-18 15:28:02.042,9.955
2026-01-18 15:28:02.057,9.956
2026-01-18 15:28:02.059,9.958
2026-01-18 15:28:02.075,9.952
2026-01-18 15:28:02.091,9.953
2026-01-18 15:28:02.107,9.952
2026-01-18 15:28:02.107,9.969
2026-01-18 15:28:02.126,9.968
2026-01-18 15:28:02.141,9.97
2026-01-18 15:28:02.142,9.971
2026-01-18 15:28:02.159,9.973
2026-01-18 15:28:02.174,9.972
2026-01-18 15:28:02.190,9.971
2026-01-18 15:28:02.191,9.963
2026-01-18 15:28:02.209,9.961
2026-01-18 15:28:02.224,9.959
2026-01-18 15:28:02.224,9.96
2026-01-18 15:28:02.242,9.957
2026-01-18 15:28:02.259,9.951
2026-01-18 15:28:02.275,9.957
2026-01-18 15:28:02.275,9.956
2026-01-18 15:28:02.291,9.954
2026-01-18 15:28:02.307,9.953
2026-01-18 15:28:02.324,9.954
2026-01-18 15:28:02.325,9.953
2026-01-18 15:28:02.342,9.953
2026-01-18 15:28:02.357,9.962
2026-01-18 15:28:02.358,9.965
2026-01-18 15:28:02.375,9.964
2026-01-18 15:28:02.392,9.96
2026-01-18 15:28:02.409,9.964
2026-01-18 15:28:02.410,9.963
2026-01-18 15:28:02.424,9.963
2026-01-18 15:28:02.442,9.96
2026-01-18 15:28:02.442,9.961
2026-01-18 15:28:02.459,9.963
2026-01-18 15:28:02.474,9.962
2026-01-18 15:28:02.492,9.961
2026-01-18 15:28:02.492,9.963
2026-01-18 15:28:02.507,9.959
2026-01-18 15:28:02.526,9.964
2026-01-18 15:28:02.527,9.98
2026-01-18 15:28:02.541,9.981
2026-01-18 15:28:02.557,9.983
2026-01-18 15:28:02.574,9.978
2026-01-18 15:28:02.574,9.978
2026-01-18 15:28:02.591,9.99
2026-01-18 15:28:02.607,9.987
2026-01-18 15:28:02.624,9.985
2026-01-18 15:28:02.625,9.978
2026-01-18 15:28:02.642,9.974
2026-01-18 15:28:02.658,9.969
2026-01-18 15:28:02.658,9.97
2026-01-18 15:28:02.674,9.968
2026-01-18 15:28:02.692,9.976
2026-01-18 15:28:02.693,9.97
2026-01-18 15:28:02.707,9.968
2026-01-18 15:28:02.725,9.969
2026-01-18 15:28:02.741,9.969
2026-01-18 15:28:02.742,9.971
2026-01-18 15:28:02.757,9.968
2026-01-18 15:28:02.774,9.987
2026-01-18 15:28:02.791,9.982
2026-01-18 15:28:02.792,9.975
2026-01-18 15:28:02.808,9.972
2026-01-18 15:28:02.824,9.973
2026-01-18 15:28:02.825,9.97
2026-01-18 15:28:02.842,9.966
2026-01-18 15:28:02.865,9.963
2026-01-18 15:28:02.866,9.962
2026-01-18 15:28:02.875,9.96
2026-01-18 15:28:02.890,9.961
2026-01-18 15:28:02.908,9.962
2026-01-18 15:28:02.925,9.963
2026-01-18 15:28:02.925,9.96
2026-01-18 15:28:02.941,9.968
2026-01-18 15:28:02.957,9.969
2026-01-18 15:28:02.957,9.971
2026-01-18 15:28:02.974,9.967
2026-01-18 15:28:02.991,9.963
2026-01-18 15:28:03.008,9.966
2026-01-18 15:28:03.009,9.982
2026-01-18 15:28:03.024,9.979
2026-01-18 15:28:03.041,9.986
2026-01-18 15:28:03.042,9.979
2026-01-18 15:28:03.058,9.977
2026-01-18 15:28:03.075,9.976
2026-01-18 15:28:03.092,9.976
2026-01-18 15:28:03.093,9.974
2026-01-18 15:28:03.108,9.973
2026-01-18 15:28:03.124,9.977
2026-01-18 15:28:03.125,9.975
2026-01-18 15:28:03.141,9.97
2026-01-18 15:28:03.203,9.971
2026-01-18 15:28:03.205,9.965
2026-01-18 15:28:03.205,9.966
2026-01-18 15:28:03.205,9.967
2026-01-18 15:28:03.206,9.968
2026-01-18 15:28:03.215,9.967
2026-01-18 15:28:03.224,9.964
2026-01-18 15:28:03.241,9.961
2026-01-18 15:28:03.259,9.955
2026-01-18 15:28:03.259,9.957
2026-01-18 15:28:03.274,9.959
2026-01-18 15:28:03.290,9.959
2026-01-18 15:28:03.307,9.967
2026-01-18 15:28:03.307,9.966
2026-01-18 15:28:03.325,9.966
2026-01-18 15:28:03.341,9.964
2026-01-18 15:28:03.342,9.96
2026-01-18 15:28:03.357,9.963
2026-01-18 15:28:03.374,9.962
2026-01-18 15:28:03.392,9.962
2026-01-18 15:28:03.393,9.962
2026-01-18 15:28:03.407,9.968
2026-01-18 15:28:03.424,9.969
2026-01-18 15:28:03.425,9.969
2026-01-18 15:28:03.442,9.974
2026-01-18 15:28:03.457,9.97
2026-01-18 15:28:03.474,9.969
2026-01-18 15:28:03.475,9.969
2026-01-18 15:28:03.492,9.972
2026-01-18 15:28:03.509,9.973
2026-01-18 15:28:03.509,9.972
2026-01-18 15:28:03.524,9.969
2026-01-18 15:28:03.542,9.966
2026-01-18 15:28:03.558,9.973
2026-01-18 15:28:03.558,9.969
2026-01-18 15:28:03.575,9.968
2026-01-18 15:28:03.591,9.969
2026-01-18 15:28:03.608,9.974
2026-01-18 15:28:03.608,9.973
2026-01-18 15:28:03.625,9.964
2026-01-18 15:28:03.642,9.962
2026-01-18 15:28:03.642,9.956
2026-01-18 15:28:03.659,9.958
2026-01-18 15:28:03.675,9.975
2026-01-18 15:28:03.691,9.978
2026-01-18 15:28:03.691,9.974
2026-01-18 15:28:03.708,9.973
2026-01-18 15:28:03.724,9.981
2026-01-18 15:28:03.725,9.991
2026-01-18 15:28:03.742,9.986
2026-01-18 15:28:03.757,9.981
2026-01-18 15:28:03.774,9.977
2026-01-18 15:28:03.774,9.975
2026-01-18 15:28:03.792,9.972
2026-01-18 15:28:03.808,9.97
2026-01-18 15:28:03.808,9.966
2026-01-18 15:28:03.824,9.97
2026-01-18 15:28:03.840,9.969
2026-01-18 15:28:03.864,9.975
2026-01-18 15:28:03.865,9.972
2026-01-18 15:28:03.874,9.973
2026-01-18 15:28:03.892,9.971
2026-01-18 15:28:03.908,9.965
2026-01-18 15:28:03.908,9.961
2026-01-18 15:28:03.925,9.96
2026-01-18 15:28:03.941,9.964
2026-01-18 15:28:03.941,9.966
2026-01-18 15:28:03.957,9.961
2026-01-18 15:28:03.974,9.965
2026-01-18 15:28:03.991,9.962
2026-01-18 15:28:03.991,9.965
2026-01-18 15:28:04.007,9.966
2026-01-18 15:28:04.024,9.961
2026-01-18 15:28:04.024,9.965
2026-01-18 15:28:04.040,9.969
2026-01-18 15:28:04.056,9.969
2026-01-18 15:28:04.074,9.966
2026-01-18 15:28:04.074,9.96
2026-01-18 15:28:04.090,9.973
2026-01-18 15:28:04.107,9.971
2026-01-18 15:28:04.110,9.968
2026-01-18 15:28:04.124,9.966
2026-01-18 15:28:04.142,9.964
2026-01-18 15:28:04.158,9.962
2026-01-18 15:28:04.158,9.961
2026-01-18 15:28:04.174,9.963
2026-01-18 15:28:04.193,9.964
2026-01-18 15:28:04.193,9.958
2026-01-18 15:28:04.209,9.957
2026-01-18 15:28:04.224,9.959
2026-01-18 15:28:04.242,9.958
2026-01-18 15:28:04.243,9.961
2026-01-18 15:28:04.258,9.963
2026-01-18 15:28:04.274,9.958
2026-01-18 15:28:04.291,9.966
2026-01-18 15:28:04.292,9.961
2026-01-18 15:28:04.307,9.963
2026-01-18 15:28:04.325,9.963
2026-01-18 15:28:04.325,9.974
2026-01-18 15:28:04.341,9.968
2026-01-18 15:28:04.358,9.97
2026-01-18 15:28:04.374,9.968
2026-01-18 15:28:04.375,9.965
2026-01-18 15:28:04.392,9.982
2026-01-18 15:28:04.408,9.982
2026-01-18 15:28:04.409,9.975
2026-01-18 15:28:04.424,9.977
2026-01-18 15:28:04.443,9.972
2026-01-18 15:28:04.457,9.984
2026-01-18 15:28:04.458,9.98
2026-01-18 15:28:04.474,9.982
2026-01-18 15:28:04.492,9.975
2026-01-18 15:28:04.493,9.974
2026-01-18 15:28:04.507,9.974
2026-01-18 15:28:04.546,9.973
2026-01-18 15:28:04.548,9.972
2026-01-18 15:28:04.548,9.973
2026-01-18 15:28:04.555,9.974
2026-01-18 15:28:04.574,9.969
2026-01-18 15:28:04.592,9.968
2026-01-18 15:28:04.592,9.959
2026-01-18 15:28:04.608,9.96
2026-01-18 15:28:04.623,9.956
2026-01-18 15:28:04.624,9.96
2026-01-18 15:28:04.641,9.956
2026-01-18 15:28:04.658,9.953
2026-01-18 15:28:04.674,9.951
2026-01-18 15:28:04.674,9.952
2026-01-18 15:28:04.692,9.957
2026-01-18 15:28:04.707,9.963
2026-01-18 15:28:04.724,9.963
2026-01-18 15:28:04.724,9.96
2026-01-18 15:28:04.742,9.96
2026-01-18 15:28:04.757,9.954
2026-01-18 15:28:04.758,9.957
2026-01-18 15:28:04.775,9.955
2026-01-18 15:28:04.791,9.965
2026-01-18 15:28:04.807,9.958
2026-01-18 15:28:04.808,9.963
2026-01-18 15:28:04.824,9.961
2026-01-18 15:28:04.841,9.974
2026-01-18 15:28:04.842,9.966
2026-01-18 15:28:04.864,9.964
2026-01-18 15:28:04.873,9.967
2026-01-18 15:28:04.890,9.962
2026-01-18 15:28:04.890,9.961
2026-01-18 15:28:04.907,9.957
2026-01-18 15:28:04.924,9.956
2026-01-18 15:28:04.925,9.951
2026-01-18 15:28:04.940,9.949
2026-01-18 15:28:04.957,9.948
2026-01-18 15:28:04.974,9.949
2026-01-18 15:28:04.975,9.95
2026-01-18 15:28:04.991,9.949
2026-01-18 15:28:05.008,9.953
2026-01-18 15:28:05.008,9.947
2026-01-18 15:28:05.023,9.946
2026-01-18 15:28:05.041,9.948
2026-01-18 15:28:05.058,9.967
2026-01-18 15:28:05.058,9.965
2026-01-18 15:28:05.074,9.957
2026-01-18 15:28:05.092,9.954
2026-01-18 15:28:05.093,9.949
2026-01-18 15:28:05.108,9.951
2026-01-18 15:28:05.125,9.948
2026-01-18 15:28:05.140,9.946
2026-01-18 15:28:05.142,9.946
2026-01-18 15:28:05.158,9.944
2026-01-18 15:28:05.174,9.945
2026-01-18 15:28:05.190,9.944
2026-01-18 15:28:05.191,9.945
2026-01-18 15:28:05.209,9.945
2026-01-18 15:28:05.225,9.943
2026-01-18 15:28:05.226,9.948
2026-01-18 15:28:05.241,9.946
2026-01-18 15:28:05.257,9.947
2026-01-18 15:28:05.274,9.946
2026-01-18 15:28:05.274,9.945
2026-01-18 15:28:05.291,9.962
2026-01-18 15:28:05.307,9.958
2026-01-18 15:28:05.323,9.958
2026-01-18 15:28:05.324,9.955
2026-01-18 15:28:05.341,9.954
2026-01-18 15:28:05.357,9.948
2026-01-18 15:28:05.358,9.942
2026-01-18 15:28:05.374,9.948
2026-01-18 15:28:05.391,9.939
2026-01-18 15:28:05.408,9.941
2026-01-18 15:28:05.409,9.95
2026-01-18 15:28:05.424,9.947
2026-01-18 15:28:05.441,9.947
2026-01-18 15:28:05.442,9.941
2026-01-18 15:28:05.457,9.947
2026-01-18 15:28:05.474,9.957
2026-01-18 15:28:05.491,9.956
2026-01-18 15:28:05.491,9.963
2026-01-18 15:28:05.508,9.959
2026-01-18 15:28:05.524,9.959
2026-01-18 15:28:05.525,9.961
2026-01-18 15:28:05.540,9.962
2026-01-18 15:28:05.557,9.965
2026-01-18 15:28:05.576,9.964
2026-01-18 15:28:05.577,9.959
2026-01-18 15:28:05.590,9.959
2026-01-18 15:28:05.608,9.955
2026-01-18 15:28:05.609,9.956
2026-01-18 15:28:05.624,9.955
2026-01-18 15:28:05.640,9.953
2026-01-18 15:28:05.658,9.95
2026-01-18 15:28:05.658,9.946
2026-01-18 15:28:05.674,9.947
2026-01-18 15:28:05.692,9.941
2026-01-18 15:28:05.707,9.944
2026-01-18 15:28:05.708,9.96
2026-01-18 15:28:05.724,9.957
2026-01-18 15:28:05.741,9.953
2026-01-18 15:28:05.742,9.953
2026-01-18 15:28:05.758,9.953
2026-01-18 15:28:05.774,9.963
2026-01-18 15:28:05.790,9.959
2026-01-18 15:28:05.791,9.965
2026-01-18 15:28:05.808,9.967
2026-01-18 15:28:05.825,9.965
2026-01-18 15:28:05.825,9.965
2026-01-18 15:28:05.840,9.963
2026-01-18 15:28:05.857,9.958
2026-01-18 15:28:05.881,9.962
2026-01-18 15:28:05.881,9.964
2026-01-18 15:28:05.890,9.964
2026-01-18 15:28:05.928,9.966
2026-01-18 15:28:05.929,9.959
2026-01-18 15:28:05.930,9.955
2026-01-18 15:28:05.939,9.955
2026-01-18 15:28:05.957,9.96
2026-01-18 15:28:05.958,9.962
2026-01-18 15:28:05.974,9.965
2026-01-18 15:28:05.991,9.966
2026-01-18 15:28:06.008,9.966
2026-01-18 15:28:06.008,9.967
2026-01-18 15:28:06.025,9.968
2026-01-18 15:28:06.041,9.965
2026-01-18 15:28:06.042,9.967
2026-01-18 15:28:06.058,9.971
2026-01-18 15:28:06.074,9.969
2026-01-18 15:28:06.090,9.988
2026-01-18 15:28:06.091,9.987
2026-01-18 15:28:06.108,9.982
2026-01-18 15:28:06.125,9.974
2026-01-18 15:28:06.141,9.974
2026-01-18 15:28:06.158,9.968
2026-01-18 15:28:06.175,9.965
2026-01-18 15:28:06.175,9.959
2026-01-18 15:28:06.192,9.966
2026-01-18 15:28:06.207,9.963
2026-01-18 15:28:06.223,9.96
2026-01-18 15:28:06.224,9.955
2026-01-18 15:28:06.239,9.954
2026-01-18 15:28:06.257,9.963
2026-01-18 15:28:06.257,9.959
2026-01-18 15:28:06.273,9.958
2026-01-18 15:28:06.290,9.959
2026-01-18 15:28:06.306,9.973
2026-01-18 15:28:06.306,9.97
2026-01-18 15:28:06.323,9.97
2026-01-18 15:28:06.341,9.977
2026-01-18 15:28:06.341,9.973
2026-01-18 15:28:06.358,9.971
2026-01-18 15:28:06.374,9.961
2026-01-18 15:28:06.392,9.96
2026-01-18 15:28:06.392,9.956
2026-01-18 15:28:06.408,9.955
2026-01-18 15:28:06.423,9.948
2026-01-18 15:28:06.440,9.944
2026-01-18 15:28:06.441,9.95
2026-01-18 15:28:06.458,9.958
2026-01-18 15:28:06.474,9.953
2026-01-18 15:28:06.474,9.953
2026-01-18 15:28:06.491,9.954
2026-01-18 15:28:06.507,9.949
2026-01-18 15:28:06.508,9.947
2026-01-18 15:28:06.523,9.95
2026-01-18 15:28:06.541,9.948
2026-01-18 15:28:06.558,9.949
2026-01-18 15:28:06.558,9.953
2026-01-18 15:28:06.574,9.952
2026-01-18 15:28:06.590,9.95
2026-01-18 15:28:06.606,9.951
2026-01-18 15:28:06.606,9.962
2026-01-18 15:28:06.623,9.959
2026-01-18 15:28:06.641,9.955
2026-01-18 15:28:06.641,9.954
2026-01-18 15:28:06.657,9.951
2026-01-18 15:28:06.673,9.95
2026-01-18 15:28:06.691,9.95
2026-01-18 15:28:06.692,9.947
2026-01-18 15:28:06.707,9.942
2026-01-18 15:28:06.723,9.948
2026-01-18 15:28:06.724,9.948
2026-01-18 15:28:06.741,9.945
2026-01-18 15:28:06.758,9.945
2026-01-18 15:28:06.774,9.95
2026-01-18 15:28:06.774,9.949
2026-01-18 15:28:06.791,9.95
2026-01-18 15:28:06.806,9.957
2026-01-18 15:28:06.823,9.954
2026-01-18 15:28:06.823,9.953
2026-01-18 15:28:06.840,9.954
2026-01-18 15:28:06.866,9.968
2026-01-18 15:28:06.875,9.971
2026-01-18 15:28:06.889,9.962
2026-01-18 15:28:06.906,9.96
2026-01-18 15:28:06.907,9.96
2026-01-18 15:28:06.924,9.952
2026-01-18 15:28:06.941,9.947
2026-01-18 15:28:06.942,9.954
2026-01-18 15:28:06.956,9.949
2026-01-18 15:28:06.974,9.952
2026-01-18 15:28:06.990,9.955
2026-01-18 15:28:06.990,9.952
2026-01-18 15:28:07.007,9.949
2026-01-18 15:28:07.024,9.952
2026-01-18 15:28:07.041,9.966
2026-01-18 15:28:07.041,9.965
2026-01-18 15:28:07.057,9.962
2026-01-18 15:28:07.074,9.96
2026-01-18 15:28:07.074,9.956
2026-01-18 15:28:07.089,9.955
2026-01-18 15:28:07.106,9.953
2026-01-18 15:28:07.123,9.95
2026-01-18 15:28:07.123,9.95
2026-01-18 15:28:07.140,9.948
2026-01-18 15:28:07.157,9.947
2026-01-18 15:28:07.157,9.948
2026-01-18 15:28:07.174,9.947
2026-01-18 15:28:07.189,9.944
2026-01-18 15:28:07.208,9.961
2026-01-18 15:28:07.208,9.961
2026-01-18 15:28:07.224,9.958
2026-01-18 15:28:07.241,9.957
2026-01-18 15:28:07.242,9.951
2026-01-18 15:28:07.280,9.949
2026-01-18 15:28:07.282,9.944
2026-01-18 15:28:07.282,9.945
2026-01-18 15:28:07.292,9.946
2026-01-18 15:28:07.308,9.949
2026-01-18 15:28:07.323,9.948
2026-01-18 15:28:07.340,9.95
2026-01-18 15:28:07.341,9.944
2026-01-18 15:28:07.358,9.947
2026-01-18 15:28:07.374,9.95
2026-01-18 15:28:07.375,9.946
2026-01-18 15:28:07.391,9.949
2026-01-18 15:28:07.408,9.95
2026-01-18 15:28:07.409,9.943
2026-01-18 15:28:07.424,9.945
2026-01-18 15:28:07.440,9.947
2026-01-18 15:28:07.458,9.946
2026-01-18 15:28:07.458,9.946
2026-01-18 15:28:07.474,9.945
2026-01-18 15:28:07.491,9.946
2026-01-18 15:28:07.509,9.945
2026-01-18 15:28:07.510,9.943
2026-01-18 15:28:07.523,9.942
2026-01-18 15:28:07.541,9.945
2026-01-18 15:28:07.541,9.944
2026-01-18 15:28:07.558,9.945
2026-01-18 15:28:07.575,9.971
2026-01-18 15:28:07.591,9.966
2026-01-18 15:28:07.591,9.966
2026-01-18 15:28:07.608,9.963
2026-01-18 15:28:07.624,9.961
2026-01-18 15:28:07.624,9.967
2026-01-18 15:28:07.640,9.961
2026-01-18 15:28:07.658,9.961
2026-01-18 15:28:07.674,9.954
2026-01-18 15:28:07.674,9.953
2026-01-18 15:28:07.691,9.952
2026-01-18 15:28:07.709,9.949
2026-01-18 15:28:07.709,9.946
2026-01-18 15:28:07.723,9.95
2026-01-18 15:28:07.741,9.954
2026-01-18 15:28:07.758,9.95
2026-01-18 15:28:07.758,9.948
2026-01-18 15:28:07.774,9.95
2026-01-18 15:28:07.791,9.95
2026-01-18 15:28:07.807,9.947
2026-01-18 15:28:07.808,9.961
2026-01-18 15:28:07.823,9.956
2026-01-18 15:28:07.840,9.953
2026-01-18 15:28:07.841,9.951
2026-01-18 15:28:07.864,9.951
2026-01-18 15:28:07.865,9.948
2026-01-18 15:28:07.890,9.944
2026-01-18 15:28:07.891,9.944
2026-01-18 15:28:07.907,9.951
2026-01-18 15:28:07.923,9.948
2026-01-18 15:28:07.941,9.949
2026-01-18 15:28:07.942,9.966
2026-01-18 15:28:07.957,9.961
2026-01-18 15:28:07.975,9.962
2026-01-18 15:28:07.976,9.963
2026-01-18 15:28:07.990,9.972
2026-01-18 15:28:08.007,9.968
2026-01-18 15:28:08.024,9.964
2026-01-18 15:28:08.024,9.959
2026-01-18 15:28:08.040,9.961
2026-01-18 15:28:08.058,9.956
2026-01-18 15:28:08.058,9.956
2026-01-18 15:28:08.075,9.953
2026-01-18 15:28:08.091,9.95
2026-01-18 15:28:08.107,9.953
2026-01-18 15:28:08.107,9.952
2026-01-18 15:28:08.123,9.953
2026-01-18 15:28:08.141,9.957
2026-01-18 15:28:08.141,9.961
2026-01-18 15:28:08.158,9.96
2026-01-18 15:28:08.175,9.957
2026-01-18 15:28:08.191,9.958
2026-01-18 15:28:08.191,9.961
2026-01-18 15:28:08.207,9.954
2026-01-18 15:28:08.223,9.954
2026-01-18 15:28:08.239,9.971
2026-01-18 15:28:08.239,9.971
2026-01-18 15:28:08.258,9.975
2026-01-18 15:28:08.274,9.968
2026-01-18 15:28:08.275,9.965
2026-01-18 15:28:08.291,9.958
2026-01-18 15:28:08.306,9.955
2026-01-18 15:28:08.323,9.953
2026-01-18 15:28:08.323,9.95
2026-01-18 15:28:08.339,9.953
2026-01-18 15:28:08.356,9.948
2026-01-18 15:28:08.356,9.948
2026-01-18 15:28:08.373,9.951
2026-01-18 15:28:08.389,9.949
2026-01-18 15:28:08.405,9.949
2026-01-18 15:28:08.406,9.947
2026-01-18 15:28:08.422,9.943
2026-01-18 15:28:08.439,9.952
2026-01-18 15:28:08.455,9.951
2026-01-18 15:28:08.456,9.956
2026-01-18 15:28:08.472,9.961
2026-01-18 15:28:08.489,9.967
2026-01-18 15:28:08.489,9.965
2026-01-18 15:28:08.505,9.963
2026-01-18 15:28:08.524,9.961
2026-01-18 15:28:08.540,9.958
2026-01-18 15:28:08.540,9.954
2026-01-18 15:28:08.556,9.956
2026-01-18 15:28:08.574,9.957
2026-01-18 15:28:08.574,9.963
2026-01-18 15:28:08.590,9.966
2026-01-18 15:28:08.608,9.964
2026-01-18 15:28:08.609,9.961
2026-01-18 15:28:08.649,9.955
2026-01-18 15:28:08.650,9.954
2026-01-18 15:28:08.650,9.961
2026-01-18 15:28:08.658,9.964
2026-01-18 15:28:08.674,9.972
2026-01-18 15:28:08.690,9.975
2026-01-18 15:28:08.707,9.971
2026-01-18 15:28:08.708,9.982
2026-01-18 15:28:08.723,9.972
2026-01-18 15:28:08.741,9.969
2026-01-18 15:28:08.742,9.964
2026-01-18 15:28:08.758,9.962
2026-01-18 15:28:08.773,9.975
2026-01-18 15:28:08.791,9.97
2026-01-18 15:28:08.791,9.967
2026-01-18 15:28:08.807,9.965
2026-01-18 15:28:08.823,9.956
2026-01-18 15:28:08.841,9.954
2026-01-18 15:28:08.842,9.955
2026-01-18 15:28:08.863,9.953
2026-01-18 15:28:08.863,9.96
2026-01-18 15:28:08.874,9.96
2026-01-18 15:28:08.890,9.954
2026-01-18 15:28:08.907,9.954
2026-01-18 15:28:08.923,9.954
2026-01-18 15:28:08.923,9.952
2026-01-18 15:28:08.940,9.95
2026-01-18 15:28:08.958,9.965
2026-01-18 15:28:08.958,9.962
2026-01-18 15:28:08.973,9.96
2026-01-18 15:28:08.990,9.962
2026-01-18 15:28:09.007,9.965
2026-01-18 15:28:09.008,9.966
2026-01-18 15:28:09.023,9.96
2026-01-18 15:28:09.040,9.965
2026-01-18 15:28:09.041,9.97
2026-01-18 15:28:09.057,9.969
2026-01-18 15:28:09.074,9.977
2026-01-18 15:28:09.090,9.98
2026-01-18 15:28:09.091,9.979
2026-01-18 15:28:09.107,9.978
2026-01-18 15:28:09.123,9.976
2026-01-18 15:28:09.140,9.992
2026-01-18 15:28:09.140,9.986
2026-01-18 15:28:09.158,9.983
2026-01-18 15:28:09.175,9.983
2026-01-18 15:28:09.175,9.984
2026-01-18 15:28:09.190,9.997
2026-01-18 15:28:09.206,9.997
2026-01-18 15:28:09.224,10.0
2026-01-18 15:28:09.224,9.991
2026-01-18 15:28:09.240,9.984
2026-01-18 15:28:09.256,9.981
2026-01-18 15:28:09.256,9.976
2026-01-18 15:28:09.272,9.978
2026-01-18 15:28:09.289,9.98
2026-01-18 15:28:09.306,9.976
2026-01-18 15:28:09.306,9.973
2026-01-18 15:28:09.322,9.973
2026-01-18 15:28:09.340,9.973
2026-01-18 15:28:09.356,9.967
2026-01-18 15:28:09.357,9.967
2026-01-18 15:28:09.373,9.966
2026-01-18 15:28:09.390,9.962
2026-01-18 15:28:09.390,9.963
2026-01-18 15:28:09.406,9.955
2026-01-18 15:28:09.423,9.954
2026-01-18 15:28:09.440,9.952
2026-01-18 15:28:09.441,9.95
2026-01-18 15:28:09.457,9.95
2026-01-18 15:28:09.473,9.951
2026-01-18 15:28:09.473,9.954
2026-01-18 15:28:09.491,9.955
2026-01-18 15:28:09.507,9.96
2026-01-18 15:28:09.523,9.954
2026-01-18 15:28:09.524,9.956
2026-01-18 15:28:09.540,9.96
2026-01-18 15:28:09.556,9.958
2026-01-18 15:28:09.557,9.959
2026-01-18 15:28:09.574,9.968
2026-01-18 15:28:09.590,9.959
2026-01-18 15:28:09.607,9.959
2026-01-18 15:28:09.607,9.972
2026-01-18 15:28:09.623,9.964
2026-01-18 15:28:09.640,9.963
2026-01-18 15:28:09.641,9.961
2026-01-18 15:28:09.657,9.956
2026-01-18 15:28:09.673,9.958
2026-01-18 15:28:09.691,9.956
2026-01-18 15:28:09.691,9.95
2026-01-18 15:28:09.709,9.952
2026-01-18 15:28:09.712,9.954
2026-01-18 15:28:09.740,9.951
2026-01-18 15:28:09.741,9.948
2026-01-18 15:28:09.757,9.951
2026-01-18 15:28:09.774,9.947
2026-01-18 15:28:09.775,9.946
2026-01-18 15:28:09.791,9.951
2026-01-18 15:28:09.808,9.945
2026-01-18 15:28:09.808,9.947
2026-01-18 15:28:09.824,9.953
2026-01-18 15:28:09.840,9.946
2026-01-18 15:28:09.863,9.95
2026-01-18 15:28:09.863,9.948
2026-01-18 15:28:09.873,9.95
2026-01-18 15:28:09.889,9.95
2026-01-18 15:28:09.907,9.953
2026-01-18 15:28:09.908,9.951
2026-01-18 15:28:09.924,9.952
2026-01-18 15:28:09.941,9.951
2026-01-18 15:28:09.941,9.951
2026-01-18 15:28:09.957,9.949
2026-01-18 15:28:09.973,9.949
2026-01-18 15:28:10.021,9.949
2026-01-18 15:28:10.022,9.95
2026-01-18 15:28:10.023,9.959
2026-01-18 15:28:10.023,9.962
2026-01-18 15:28:10.030,9.963
2026-01-18 15:28:10.040,9.962
2026-01-18 15:28:10.058,9.968
2026-01-18 15:28:10.073,9.964
2026-01-18 15:28:10.073,9.968
2026-01-18 15:28:10.090,9.973
2026-01-18 15:28:10.107,9.972
2026-01-18 15:28:10.122,9.967
2026-01-18 15:28:10.123,9.972
2026-01-18 15:28:10.140,9.972
2026-01-18 15:28:10.156,9.969
2026-01-18 15:28:10.157,9.971
2026-01-18 15:28:10.174,9.97
2026-01-18 15:28:10.189,9.967
2026-01-18 15:28:10.207,9.97
2026-01-18 15:28:10.207,9.97
2026-01-18 15:28:10.224,9.968
2026-01-18 15:28:10.240,9.971
2026-01-18 15:28:10.240,9.974
2026-01-18 15:28:10.257,9.974
2026-01-18 15:28:10.274,9.993
2026-01-18 15:28:10.291,9.995
2026-01-18 15:28:10.291,9.99
2026-01-18 15:28:10.306,9.988
2026-01-18 15:28:10.324,9.986
2026-01-18 15:28:10.325,9.999
2026-01-18 15:28:10.339,9.994
2026-01-18 15:28:10.356,10.0
2026-01-18 15:28:10.374,9.992
2026-01-18 15:28:10.374,9.989
2026-01-18 15:28:10.389,9.988
2026-01-18 15:28:10.407,9.986
2026-01-18 15:28:10.423,9.982
2026-01-18 15:28:10.424,9.979
2026-01-18 15:28:10.440,9.976
2026-01-18 15:28:10.457,9.98
2026-01-18 15:28:10.457,9.97
2026-01-18 15:28:10.473,9.97
2026-01-18 15:28:10.489,9.967
2026-01-18 15:28:10.506,9.959
2026-01-18 15:28:10.507,9.959
2026-01-18 15:28:10.522,9.965
2026-01-18 15:28:10.539,9.963
2026-01-18 15:28:10.540,9.961
2026-01-18 15:28:10.556,9.958
2026-01-18 15:28:10.573,9.956
2026-01-18 15:28:10.590,9.951
2026-01-18 15:28:10.591,9.951
2026-01-18 15:28:10.607,9.959
2026-01-18 15:28:10.623,9.96
2026-01-18 15:28:10.624,9.958
2026-01-18 15:28:10.638,9.96
2026-01-18 15:28:10.656,9.96
2026-01-18 15:28:10.672,9.964
2026-01-18 15:28:10.672,9.96
2026-01-18 15:28:10.690,9.961
2026-01-18 15:28:10.705,9.971
2026-01-18 15:28:10.722,9.972
2026-01-18 15:28:10.723,9.963
2026-01-18 15:28:10.739,9.965
2026-01-18 15:28:10.756,9.985
2026-01-18 15:28:10.756,9.986
2026-01-18 15:28:10.772,9.984
2026-01-18 15:28:10.789,9.98
2026-01-18 15:28:10.806,9.979
2026-01-18 15:28:10.806,9.977
2026-01-18 15:28:10.822,9.972
2026-01-18 15:28:10.839,9.963
2026-01-18 15:28:10.840,9.968
2026-01-18 15:28:10.864,9.969
2026-01-18 15:28:10.865,9.97
2026-01-18 15:28:10.891,9.966
2026-01-18 15:28:10.891,9.963
2026-01-18 15:28:10.906,9.962
2026-01-18 15:28:10.924,9.966
2026-01-18 15:28:10.924,9.976
2026-01-18 15:28:10.939,9.972
2026-01-18 15:28:10.956,9.973
2026-01-18 15:28:10.972,9.974
2026-01-18 15:28:10.973,9.974
2026-01-18 15:28:10.989,9.973
2026-01-18 15:28:11.007,9.971
2026-01-18 15:28:11.022,9.976
2026-01-18 15:28:11.024,9.975
2026-01-18 15:28:11.040,9.969
2026-01-18 15:28:11.057,9.966
2026-01-18 15:28:11.057,9.964
2026-01-18 15:28:11.073,9.959
2026-01-18 15:28:11.089,9.953
2026-01-18 15:28:11.106,9.953
2026-01-18 15:28:11.107,9.956
2026-01-18 15:28:11.123,9.956
2026-01-18 15:28:11.140,9.951
2026-01-18 15:28:11.140,9.952
2026-01-18 15:28:11.157,9.951
2026-01-18 15:28:11.173,9.957
2026-01-18 15:28:11.189,9.961
2026-01-18 15:28:11.190,9.959
2026-01-18 15:28:11.207,9.961
2026-01-18 15:28:11.224,9.964
2026-01-18 15:28:11.224,9.971
2026-01-18 15:28:11.239,9.973
2026-01-18 15:28:11.255,9.969
2026-01-18 15:28:11.271,9.971
2026-01-18 15:28:11.272,9.977
2026-01-18 15:28:11.289,9.972
2026-01-18 15:28:11.306,9.971
2026-01-18 15:28:11.323,9.975
2026-01-18 15:28:11.325,9.97
2026-01-18 15:28:11.362,9.979
2026-01-18 15:28:11.362,9.968
2026-01-18 15:28:11.363,9.967
2026-01-18 15:28:11.369,9.965
2026-01-18 15:28:11.390,9.968
2026-01-18 15:28:11.406,9.965
2026-01-18 15:28:11.407,9.962
2026-01-18 15:28:11.423,9.958
2026-01-18 15:28:11.440,9.962
2026-01-18 15:28:11.441,9.96
2026-01-18 15:28:11.457,9.957
2026-01-18 15:28:11.473,9.983
2026-01-18 15:28:11.490,9.981
2026-01-18 15:28:11.490,9.98
2026-01-18 15:28:11.507,9.978
2026-01-18 15:28:11.523,9.979
2026-01-18 15:28:11.540,9.976
2026-01-18 15:28:11.541,9.98
2026-01-18 15:28:11.555,9.974
2026-01-18 15:28:11.572,9.968
2026-01-18 15:28:11.573,9.97
2026-01-18 15:28:11.590,9.967
2026-01-18 15:28:11.606,9.985
2026-01-18 15:28:11.623,9.982
2026-01-18 15:28:11.624,9.977
2026-01-18 15:28:11.640,9.969
2026-01-18 15:28:11.657,9.986
2026-01-18 15:28:11.657,9.99
2026-01-18 15:28:11.674,9.987
2026-01-18 15:28:11.688,9.979
2026-01-18 15:28:11.706,9.975
2026-01-18 15:28:11.707,9.976
2026-01-18 15:28:11.722,9.972
2026-01-18 15:28:11.741,9.968
2026-01-18 15:28:11.741,9.962
2026-01-18 15:28:11.757,9.964
2026-01-18 15:28:11.773,9.964
2026-01-18 15:28:11.790,9.961
2026-01-18 15:28:11.790,9.954
2026-01-18 15:28:11.807,9.958
2026-01-18 15:28:11.823,9.96
2026-01-18 15:28:11.825,9.96
2026-01-18 15:28:11.839,9.955
2026-01-18 15:28:11.863,9.955
2026-01-18 15:28:11.863,9.957
2026-01-18 15:28:11.873,9.957
2026-01-18 15:28:11.889,9.961
2026-01-18 15:28:11.907,9.957
2026-01-18 15:28:11.924,9.958
2026-01-18 15:28:11.924,9.956
2026-01-18 15:28:11.939,9.96
2026-01-18 15:28:11.955,9.957
2026-01-18 15:28:11.974,9.953
2026-01-18 15:28:11.975,9.962
2026-01-18 15:28:11.989,9.963
2026-01-18 15:28:12.006,9.962
2026-01-18 15:28:12.007,9.965
2026-01-18 15:28:12.022,9.965
2026-01-18 15:28:12.040,9.959
2026-01-18 15:28:12.041,9.956
2026-01-18 15:28:12.056,9.954
2026-01-18 15:28:12.074,9.946
2026-01-18 15:28:12.089,9.945
2026-01-18 15:28:12.090,9.949
2026-01-18 15:28:12.105,9.951
2026-01-18 15:28:12.122,9.944
2026-01-18 15:28:12.139,9.96
2026-01-18 15:28:12.157,9.962
2026-01-18 15:28:12.172,9.955
2026-01-18 15:28:12.173,9.952
2026-01-18 15:28:12.189,9.951
2026-01-18 15:28:12.208,9.951
2026-01-18 15:28:12.208,9.951
2026-01-18 15:28:12.223,9.95
2026-01-18 15:28:12.239,9.943
2026-01-18 15:28:12.257,9.948
2026-01-18 15:28:12.257,9.951
2026-01-18 15:28:12.273,9.951
2026-01-18 15:28:12.290,9.951
2026-01-18 15:28:12.307,9.945
2026-01-18 15:28:12.308,9.944
2026-01-18 15:28:12.324,9.945
2026-01-18 15:28:12.339,9.947
2026-01-18 15:28:12.341,9.945
2026-01-18 15:28:12.357,9.944
2026-01-18 15:28:12.373,9.946
2026-01-18 15:28:12.389,9.95
2026-01-18 15:28:12.390,9.955
2026-01-18 15:28:12.407,9.953
2026-01-18 15:28:12.422,9.956
2026-01-18 15:28:12.440,9.96
2026-01-18 15:28:12.440,9.964
2026-01-18 15:28:12.456,9.961
2026-01-18 15:28:12.472,9.958
2026-01-18 15:28:12.474,9.96
2026-01-18 15:28:12.491,9.962
2026-01-18 15:28:12.507,9.964
2026-01-18 15:28:12.509,9.958
2026-01-18 15:28:12.522,9.964
2026-01-18 15:28:12.540,9.975
2026-01-18 15:28:12.557,9.974
2026-01-18 15:28:12.557,9.975
2026-01-18 15:28:12.573,9.976
2026-01-18 15:28:12.591,9.982
2026-01-18 15:28:12.605,9.989
2026-01-18 15:28:12.606,10.002
2026-01-18 15:28:12.622,10.005
2026-01-18 15:28:12.639,10.002
2026-01-18 15:28:12.656,9.997
2026-01-18 15:28:12.657,9.991
2026-01-18 15:28:12.671,9.997
2026-01-18 15:28:12.690,10.008
2026-01-18 15:28:12.691,10.005
2026-01-18 15:28:12.729,9.999
2026-01-18 15:28:12.730,10.002
2026-01-18 15:28:12.730,10.005
2026-01-18 15:28:12.740,10.007
2026-01-18 15:28:12.772,10.009
2026-01-18 15:28:12.773,10.003
2026-01-18 15:28:12.791,10.0
2026-01-18 15:28:12.807,9.99
2026-01-18 15:28:12.823,9.982
2026-01-18 15:28:12.823,9.975
2026-01-18 15:28:12.839,9.973
2026-01-18 15:28:12.856,9.984
2026-01-18 15:28:12.857,9.98
2026-01-18 15:28:12.877,9.975
2026-01-18 15:28:12.889,9.978
2026-01-18 15:28:12.905,9.98
2026-01-18 15:28:12.906,9.985
2026-01-18 15:28:12.923,9.985
2026-01-18 15:28:12.939,9.983
2026-01-18 15:28:12.955,9.985
2026-01-18 15:28:12.956,9.99
2026-01-18 15:28:12.973,9.999
2026-01-18 15:28:12.989,10.008
2026-01-18 15:28:12.989,10.013
2026-01-18 15:28:13.005,10.02
2026-01-18 15:28:13.022,10.035
2026-01-18 15:28:13.040,10.046
2026-01-18 15:28:13.040,10.048
2026-01-18 15:28:13.056,10.039
2026-01-18 15:28:13.073,10.031
2026-01-18 15:28:13.073,10.022
2026-01-18 15:28:13.089,10.013
2026-01-18 15:28:13.107,10.012
2026-01-18 15:28:13.123,10.005
2026-01-18 15:28:13.123,10.001
2026-01-18 15:28:13.140,10.0
2026-01-18 15:28:13.156,10.005
2026-01-18 15:28:13.157,10.005
2026-01-18 15:28:13.190,10.005
2026-01-18 15:28:13.207,10.006
2026-01-18 15:28:13.207,9.999
2026-01-18 15:28:13.224,9.995
2026-01-18 15:28:13.239,9.989
2026-01-18 15:28:13.257,9.986
2026-01-18 15:28:13.257,9.985
2026-01-18 15:28:13.273,9.995
2026-01-18 15:28:13.289,9.992
2026-01-18 15:28:13.289,9.992
2026-01-18 15:28:13.305,9.995
2026-01-18 15:28:13.323,9.99
2026-01-18 15:28:13.338,9.989
2026-01-18 15:28:13.339,9.99
2026-01-18 15:28:13.355,9.986
2026-01-18 15:28:13.372,9.983
2026-01-18 15:28:13.373,9.982
2026-01-18 15:28:13.388,9.989
2026-01-18 15:28:13.405,9.987
2026-01-18 15:28:13.422,9.982
2026-01-18 15:28:13.422,9.976
2026-01-18 15:28:13.439,9.976
2026-01-18 15:28:13.455,9.978
2026-01-18 15:28:13.456,9.984
2026-01-18 15:28:13.472,9.984
2026-01-18 15:28:13.490,9.98
2026-01-18 15:28:13.507,9.981
2026-01-18 15:28:13.507,9.987
2026-01-18 15:28:13.522,9.978
2026-01-18 15:28:13.539,9.974
2026-01-18 15:28:13.540,9.976
2026-01-18 15:28:13.557,9.975
2026-01-18 15:28:13.574,9.988
2026-01-18 15:28:13.589,9.98
2026-01-18 15:28:13.590,9.975
2026-01-18 15:28:13.606,9.97
2026-01-18 15:28:13.621,9.963
2026-01-18 15:28:13.640,9.963
2026-01-18 15:28:13.640,9.964
2026-01-18 15:28:13.657,9.965
2026-01-18 15:28:13.673,9.96
2026-01-18 15:28:13.673,9.956
2026-01-18 15:28:13.689,9.961
2026-01-18 15:28:13.706,9.96
2026-01-18 15:28:13.723,9.957
2026-01-18 15:28:13.723,9.96
2026-01-18 15:28:13.739,9.961
2026-01-18 15:28:13.757,9.967
2026-01-18 15:28:13.757,9.968
2026-01-18 15:28:13.772,9.963
2026-01-18 15:28:13.789,9.962
2026-01-18 15:28:13.806,9.964
2026-01-18 15:28:13.806,9.965
2026-01-18 15:28:13.823,9.96
2026-01-18 15:28:13.839,9.962
2026-01-18 15:28:13.855,9.962
2026-01-18 15:28:13.856,9.963
2026-01-18 15:28:13.876,9.961
2026-01-18 15:28:13.877,9.959
2026-01-18 15:28:13.888,9.963
2026-01-18 15:28:13.906,9.963
2026-01-18 15:28:13.922,9.959
2026-01-18 15:28:13.939,9.957
2026-01-18 15:28:13.940,9.955
2026-01-18 15:28:13.955,9.954
2026-01-18 15:28:13.973,9.953
2026-01-18 15:28:13.973,9.955
2026-01-18 15:28:13.989,9.972
2026-01-18 15:28:14.005,9.97
2026-01-18 15:28:14.021,9.965
2026-01-18 15:28:14.021,9.963
2026-01-18 15:28:14.040,9.965
2026-01-18 15:28:14.056,9.976
2026-01-18 15:28:14.056,9.972
2026-01-18 15:28:14.100,9.974
2026-01-18 15:28:14.102,9.972
2026-01-18 15:28:14.102,9.983
2026-01-18 15:28:14.105,9.985
2026-01-18 15:28:14.123,9.98
2026-01-18 15:28:14.140,9.972
2026-01-18 15:28:14.141,9.97
2026-01-18 15:28:14.156,9.964
2026-01-18 15:28:14.173,9.972
2026-01-18 15:28:14.190,9.968
2026-01-18 15:28:14.190,9.965
2026-01-18 15:28:14.205,9.967
2026-01-18 15:28:14.223,9.961
2026-01-18 15:28:14.239,9.979
2026-01-18 15:28:14.239,9.975
2026-01-18 15:28:14.256,9.975
2026-01-18 15:28:14.272,9.972
2026-01-18 15:28:14.273,9.968
2026-01-18 15:28:14.289,9.972
2026-01-18 15:28:14.307,9.977
2026-01-18 15:28:14.321,9.974
2026-01-18 15:28:14.322,9.974
2026-01-18 15:28:14.337,9.974
2026-01-18 15:28:14.355,9.976
2026-01-18 15:28:14.372,9.976
2026-01-18 15:28:14.373,9.977
2026-01-18 15:28:14.390,9.976
2026-01-18 15:28:14.406,9.974
2026-01-18 15:28:14.407,9.988
2026-01-18 15:28:14.423,9.979
2026-01-18 15:28:14.440,9.977
2026-01-18 15:28:14.440,9.978
2026-01-18 15:28:14.456,9.981
2026-01-18 15:28:14.473,9.981
2026-01-18 15:28:14.490,9.979
2026-01-18 15:28:14.490,9.979
2026-01-18 15:28:14.507,9.982
2026-01-18 15:28:14.522,9.983
2026-01-18 15:28:14.539,9.982
2026-01-18 15:28:14.539,9.984
2026-01-18 15:28:14.557,9.989
2026-01-18 15:28:14.573,9.989
2026-01-18 15:28:14.573,9.988
2026-01-18 15:28:14.589,10.006
2026-01-18 15:28:14.606,10.005
2026-01-18 15:28:14.623,10.0
2026-01-18 15:28:14.623,9.988
2026-01-18 15:28:14.639,9.979
2026-01-18 15:28:14.657,9.976
2026-01-18 15:28:14.657,9.976
2026-01-18 15:28:14.672,9.967
2026-01-18 15:28:14.690,9.962
2026-01-18 15:28:14.706,9.961
2026-01-18 15:28:14.706,9.963
2026-01-18 15:28:14.723,9.963
2026-01-18 15:28:14.739,9.959
2026-01-18 15:28:14.755,9.961
2026-01-18 15:28:14.756,9.964
2026-01-18 15:28:14.772,9.965
2026-01-18 15:28:14.790,9.963
2026-01-18 15:28:14.790,9.956
2026-01-18 15:28:14.805,9.953
2026-01-18 15:28:14.822,9.955
2026-01-18 15:28:14.840,9.964
2026-01-18 15:28:14.840,9.965
2026-01-18 15:28:14.863,9.96
2026-01-18 15:28:14.864,9.957
2026-01-18 15:28:14.873,9.954
2026-01-18 15:28:14.889,9.959
2026-01-18 15:28:14.905,9.962
2026-01-18 15:28:14.923,9.958
2026-01-18 15:28:14.923,9.956
2026-01-18 15:28:14.939,9.958
2026-01-18 15:28:14.956,9.964
2026-01-18 15:28:14.957,9.966
2026-01-18 15:28:14.973,9.962
2026-01-18 15:28:14.990,9.965
2026-01-18 15:28:15.005,9.971
2026-01-18 15:28:15.006,9.973
2026-01-18 15:28:15.022,9.973
2026-01-18 15:28:15.039,9.967
2026-01-18 15:28:15.055,9.967
2026-01-18 15:28:15.056,9.971
2026-01-18 15:28:15.073,9.972
2026-01-18 15:28:15.087,9.968
2026-01-18 15:28:15.088,9.968
2026-01-18 15:28:15.105,9.968
2026-01-18 15:28:15.121,9.971
2026-01-18 15:28:15.138,9.963
2026-01-18 15:28:15.138,9.96
2026-01-18 15:28:15.155,9.963
2026-01-18 15:28:15.171,9.963
2026-01-18 15:28:15.172,9.96
2026-01-18 15:28:15.189,9.961
2026-01-18 15:28:15.205,9.963
2026-01-18 15:28:15.221,9.958
2026-01-18 15:28:15.222,9.958
2026-01-18 15:28:15.239,9.958
2026-01-18 15:28:15.255,9.956
2026-01-18 15:28:15.271,9.956
2026-01-18 15:28:15.271,9.954
2026-01-18 15:28:15.289,9.96
2026-01-18 15:28:15.306,9.958
2026-01-18 15:28:15.306,9.954
2026-01-18 15:28:15.321,9.958
2026-01-18 15:28:15.338,9.956
2026-01-18 15:28:15.355,9.952
2026-01-18 15:28:15.356,9.948
2026-01-18 15:28:15.372,9.95
2026-01-18 15:28:15.389,9.948
2026-01-18 15:28:15.390,9.944
2026-01-18 15:28:15.405,9.944
2026-01-18 15:28:15.421,9.943
2026-01-18 15:28:15.464,9.945
2026-01-18 15:28:15.464,9.943
2026-01-18 15:28:15.465,9.942
2026-01-18 15:28:15.465,9.943
2026-01-18 15:28:15.473,9.947
2026-01-18 15:28:15.488,9.948
2026-01-18 15:28:15.505,9.951
2026-01-18 15:28:15.522,9.954
2026-01-18 15:28:15.523,9.949
2026-01-18 15:28:15.539,9.952
2026-01-18 15:28:15.555,9.965
2026-01-18 15:28:15.573,9.959
2026-01-18 15:28:15.573,9.956
2026-01-18 15:28:15.588,9.959
2026-01-18 15:28:15.605,9.957
2026-01-18 15:28:15.605,9.958
2026-01-18 15:28:15.621,9.954
2026-01-18 15:28:15.639,9.959
2026-01-18 15:28:15.655,9.957
2026-01-18 15:28:15.656,9.955
2026-01-18 15:28:15.672,9.953
2026-01-18 15:28:15.687,9.954
2026-01-18 15:28:15.688,9.956
2026-01-18 15:28:15.705,9.957
2026-01-18 15:28:15.722,9.954
2026-01-18 15:28:15.739,9.955
2026-01-18 15:28:15.739,9.956
2026-01-18 15:28:15.754,9.952
2026-01-18 15:28:15.772,9.948
2026-01-18 15:28:15.772,9.95
2026-01-18 15:28:15.789,9.951
2026-01-18 15:28:15.806,9.951
2026-01-18 15:28:15.823,9.95
2026-01-18 15:28:15.823,9.953
2026-01-18 15:28:15.840,9.953
2026-01-18 15:28:15.862,9.951
2026-01-18 15:28:15.862,9.953
2026-01-18 15:28:15.872,9.952
2026-01-18 15:28:15.888,9.951
2026-01-18 15:28:15.906,9.952
2026-01-18 15:28:15.906,9.956
2026-01-18 15:28:15.923,9.963
2026-01-18 15:28:15.939,9.96
2026-01-18 15:28:15.940,9.956
2026-01-18 15:28:15.958,9.957
2026-01-18 15:28:15.972,9.962
2026-01-18 15:28:15.990,9.964
2026-01-18 15:28:15.991,9.961
2026-01-18 15:28:16.006,9.954
2026-01-18 15:28:16.023,9.951
2026-01-18 15:28:16.039,9.953
2026-01-18 15:28:16.039,9.954
2026-01-18 15:28:16.056,9.957
2026-01-18 15:28:16.072,9.957
2026-01-18 15:28:16.073,9.955
2026-01-18 15:28:16.089,9.954
2026-01-18 15:28:16.105,9.954
2026-01-18 15:28:16.123,9.954
2026-01-18 15:28:16.123,9.957
2026-01-18 15:28:16.139,9.959
2026-01-18 15:28:16.155,9.955
2026-01-18 15:28:16.172,9.954
2026-01-18 15:28:16.173,9.955
2026-01-18 15:28:16.189,9.956
2026-01-18 15:28:16.206,9.959
2026-01-18 15:28:16.207,9.971
2026-01-18 15:28:16.222,9.965
2026-01-18 15:28:16.239,9.959
2026-01-18 15:28:16.256,9.955
2026-01-18 15:28:16.257,9.954
2026-01-18 15:28:16.272,9.966
2026-01-18 15:28:16.290,9.961
2026-01-18 15:28:16.291,9.956
2026-01-18 15:28:16.306,9.953
2026-01-18 15:28:16.322,9.949
2026-01-18 15:28:16.339,9.946
2026-01-18 15:28:16.339,9.944
2026-01-18 15:28:16.356,9.945
2026-01-18 15:28:16.372,9.946
2026-01-18 15:28:16.373,9.954
2026-01-18 15:28:16.389,9.951
2026-01-18 15:28:16.406,9.95
2026-01-18 15:28:16.422,9.954
2026-01-18 15:28:16.423,9.95
2026-01-18 15:28:16.438,9.945
2026-01-18 15:28:16.456,9.942
2026-01-18 15:28:16.457,9.944
2026-01-18 15:28:16.472,9.95
2026-01-18 15:28:16.488,9.955
2026-01-18 15:28:16.506,9.955
2026-01-18 15:28:16.506,9.954
2026-01-18 15:28:16.522,9.951
2026-01-18 15:28:16.539,9.945
2026-01-18 15:28:16.557,9.941
2026-01-18 15:28:16.558,9.942
2026-01-18 15:28:16.572,9.949
2026-01-18 15:28:16.591,9.947
2026-01-18 15:28:16.592,9.946
2026-01-18 15:28:16.606,9.944
2026-01-18 15:28:16.623,9.945
2026-01-18 15:28:16.640,9.948
2026-01-18 15:28:16.640,9.953
2026-01-18 15:28:16.655,9.949
2026-01-18 15:28:16.671,9.961
2026-01-18 15:28:16.689,9.958
2026-01-18 15:28:16.690,9.958
2026-01-18 15:28:16.706,9.962
2026-01-18 15:28:16.722,9.968
2026-01-18 15:28:16.723,9.964
2026-01-18 15:28:16.739,9.963
2026-01-18 15:28:16.754,9.984
2026-01-18 15:28:16.756,9.986
2026-01-18 15:28:16.771,9.985
2026-01-18 15:28:16.788,9.981
2026-01-18 15:28:16.849,9.981
2026-01-18 15:28:16.850,9.978
2026-01-18 15:28:16.850,9.978
2026-01-18 15:28:16.850,9.984
2026-01-18 15:28:16.851,9.987
2026-01-18 15:28:16.865,9.986
2026-01-18 15:28:16.866,9.994
2026-01-18 15:28:16.888,9.994
2026-01-18 15:28:16.888,9.99
2026-01-18 15:28:16.904,9.991
2026-01-18 15:28:16.921,9.991
2026-01-18 15:28:16.937,9.999
2026-01-18 15:28:16.939,9.993
2026-01-18 15:28:16.955,9.994
2026-01-18 15:28:16.972,9.996
2026-01-18 15:28:16.973,9.995
2026-01-18 15:28:16.988,9.988
2026-01-18 15:28:17.005,9.988
2026-01-18 15:28:17.021,9.983
2026-01-18 15:28:17.022,9.979
2026-01-18 15:28:17.038,9.973
2026-01-18 15:28:17.054,9.977
2026-01-18 15:28:17.072,9.975
2026-01-18 15:28:17.072,9.976
2026-01-18 15:28:17.088,9.978
2026-01-18 15:28:17.105,9.981
2026-01-18 15:28:17.106,9.98
2026-01-18 15:28:17.121,9.982
2026-01-18 15:28:17.138,9.981
2026-01-18 15:28:17.154,9.976
2026-01-18 15:28:17.155,9.979
2026-01-18 15:28:17.171,9.973
2026-01-18 15:28:17.188,9.971
2026-01-18 15:28:17.189,9.975
2026-01-18 15:28:17.205,9.972
2026-01-18 15:28:17.221,9.967
2026-01-18 15:28:17.239,9.967
2026-01-18 15:28:17.239,9.972
2026-01-18 15:28:17.255,9.973
2026-01-18 15:28:17.272,9.968
2026-01-18 15:28:17.273,9.964
2026-01-18 15:28:17.288,9.961
2026-01-18 15:28:17.305,9.963
2026-01-18 15:28:17.321,9.959
2026-01-18 15:28:17.322,9.96
2026-01-18 15:28:17.337,9.96
2026-01-18 15:28:17.354,9.971
2026-01-18 15:28:17.371,9.966
2026-01-18 15:28:17.371,9.963
2026-01-18 15:28:17.388,9.959
2026-01-18 15:28:17.405,9.956
2026-01-18 15:28:17.422,9.954
2026-01-18 15:28:17.437,9.955
2026-01-18 15:28:17.454,9.953
2026-01-18 15:28:17.455,9.95
2026-01-18 15:28:17.471,9.948
2026-01-18 15:28:17.488,9.949
2026-01-18 15:28:17.488,9.956
2026-01-18 15:28:17.504,9.958
2026-01-18 15:28:17.521,9.958
2026-01-18 15:28:17.538,9.962
2026-01-18 15:28:17.539,9.96
2026-01-18 15:28:17.554,9.961
2026-01-18 15:28:17.571,9.967
2026-01-18 15:28:17.588,9.964
2026-01-18 15:28:17.588,9.982
2026-01-18 15:28:17.606,9.977
2026-01-18 15:28:17.622,9.978
2026-01-18 15:28:17.622,9.975
2026-01-18 15:28:17.638,9.975
2026-01-18 15:28:17.655,9.989
2026-01-18 15:28:17.672,9.983
2026-01-18 15:28:17.672,9.977
2026-01-18 15:28:17.687,9.972
2026-01-18 15:28:17.704,9.968
2026-01-18 15:28:17.704,9.966
2026-01-18 15:28:17.720,9.962
2026-01-18 15:28:17.738,9.96
2026-01-18 15:28:17.754,9.962
2026-01-18 15:28:17.754,9.957
2026-01-18 15:28:17.771,9.959
2026-01-18 15:28:17.787,9.96
2026-01-18 15:28:17.788,9.962
2026-01-18 15:28:17.806,9.962
2026-01-18 15:28:17.822,9.959
2026-01-18 15:28:17.839,9.961
2026-01-18 15:28:17.839,9.957
2026-01-18 15:28:17.854,9.953
2026-01-18 15:28:17.877,9.951
2026-01-18 15:28:17.877,9.949
2026-01-18 15:28:17.887,9.952
2026-01-18 15:28:17.906,9.965
2026-01-18 15:28:17.921,9.959
2026-01-18 15:28:17.922,9.959
2026-01-18 15:28:17.939,9.96
2026-01-18 15:28:17.956,9.961
2026-01-18 15:28:17.957,9.963
2026-01-18 15:28:17.971,9.966
2026-01-18 15:28:17.988,9.962
2026-01-18 15:28:18.006,9.96
2026-01-18 15:28:18.006,9.961
2026-01-18 15:28:18.021,9.966
2026-01-18 15:28:18.039,9.962
2026-01-18 15:28:18.056,9.965
2026-01-18 15:28:18.056,9.966
2026-01-18 15:28:18.073,9.974
2026-01-18 15:28:18.089,9.972
2026-01-18 15:28:18.089,9.97
2026-01-18 15:28:18.104,9.966
2026-01-18 15:28:18.121,9.957
2026-01-18 15:28:18.138,9.959
2026-01-18 15:28:18.138,9.965
2026-01-18 15:28:18.180,9.967
2026-01-18 15:28:18.181,9.972
2026-01-18 15:28:18.181,9.971
2026-01-18 15:28:18.191,9.974
2026-01-18 15:28:18.206,9.971
2026-01-18 15:28:18.221,9.972
2026-01-18 15:28:18.222,9.979
2026-01-18 15:28:18.239,9.982
2026-01-18 15:28:18.255,9.986
2026-01-18 15:28:18.272,9.99
2026-01-18 15:28:18.272,9.986
2026-01-18 15:28:18.291,9.986
2026-01-18 15:28:18.293,9.985
2026-01-18 15:28:18.305,9.979
2026-01-18 15:28:18.323,9.974
2026-01-18 15:28:18.338,9.975
2026-01-18 15:28:18.355,9.973
2026-01-18 15:28:18.355,9.969
2026-01-18 15:28:18.372,9.97
2026-01-18 15:28:18.388,9.974
2026-01-18 15:28:18.388,9.976
2026-01-18 15:28:18.405,9.974
2026-01-18 15:28:18.421,9.977
2026-01-18 15:28:18.438,9.974
2026-01-18 15:28:18.439,9.975
2026-01-18 15:28:18.455,9.974
2026-01-18 15:28:18.471,9.977
2026-01-18 15:28:18.489,9.977
2026-01-18 15:28:18.489,9.985
2026-01-18 15:28:18.505,9.977
2026-01-18 15:28:18.521,9.976
2026-01-18 15:28:18.521,9.981
2026-01-18 15:28:18.539,9.984
2026-01-18 15:28:18.555,9.982
2026-01-18 15:28:18.571,9.988
2026-01-18 15:28:18.572,9.985
2026-01-18 15:28:18.589,9.984
2026-01-18 15:28:18.606,9.978
2026-01-18 15:28:18.607,9.975
2026-01-18 15:28:18.622,9.976
2026-01-18 15:28:18.639,9.972
2026-01-18 15:28:18.655,9.974
2026-01-18 15:28:18.672,9.978
2026-01-18 15:28:18.689,9.978
2026-01-18 15:28:18.689,9.981
2026-01-18 15:28:18.706,9.982
2026-01-18 15:28:18.721,9.98
2026-01-18 15:28:18.739,9.988
2026-01-18 15:28:18.739,9.982
2026-01-18 15:28:18.755,9.982
2026-01-18 15:28:18.772,9.984
2026-01-18 15:28:18.773,9.982
2026-01-18 15:28:18.788,9.981
2026-01-18 15:28:18.806,9.975
2026-01-18 15:28:18.821,9.977
2026-01-18 15:28:18.822,9.978
2026-01-18 15:28:18.838,9.98
2026-01-18 15:28:18.861,9.984
2026-01-18 15:28:18.862,9.989
2026-01-18 15:28:18.872,9.988
2026-01-18 15:28:18.888,9.984
2026-01-18 15:28:18.905,9.975
2026-01-18 15:28:18.906,9.965
2026-01-18 15:28:18.921,9.964
2026-01-18 15:28:18.939,9.964
2026-01-18 15:28:18.940,9.961
2026-01-18 15:28:18.956,9.96
2026-01-18 15:28:18.972,9.962
2026-01-18 15:28:18.989,9.964
2026-01-18 15:28:18.990,9.963
2026-01-18 15:28:19.005,9.962
2026-01-18 15:28:19.022,9.964
2026-01-18 15:28:19.039,9.975
2026-01-18 15:28:19.039,9.969
2026-01-18 15:28:19.056,9.965
2026-01-18 15:28:19.071,9.963
2026-01-18 15:28:19.072,9.964
2026-01-18 15:28:19.089,9.972
2026-01-18 15:28:19.105,9.97
2026-01-18 15:28:19.122,9.967
2026-01-18 15:28:19.122,9.959
2026-01-18 15:28:19.139,9.958
2026-01-18 15:28:19.156,9.963
2026-01-18 15:28:19.156,9.959
2026-01-18 15:28:19.171,9.955
2026-01-18 15:28:19.189,9.952
2026-01-18 15:28:19.204,9.954
2026-01-18 15:28:19.205,9.953
2026-01-18 15:28:19.222,9.953
2026-01-18 15:28:19.239,9.948
2026-01-18 15:28:19.240,9.942
2026-01-18 15:28:19.256,9.941
2026-01-18 15:28:19.271,9.945
2026-01-18 15:28:19.289,9.946
2026-01-18 15:28:19.289,9.949
2026-01-18 15:28:19.306,9.947
2026-01-18 15:28:19.321,9.958
2026-01-18 15:28:19.340,9.956
2026-01-18 15:28:19.340,9.957
2026-01-18 15:28:19.356,9.96
2026-01-18 15:28:19.372,9.971
2026-01-18 15:28:19.372,9.972
2026-01-18 15:28:19.387,9.964
2026-01-18 15:28:19.405,9.959
2026-01-18 15:28:19.422,9.955
2026-01-18 15:28:19.422,9.95
2026-01-18 15:28:19.438,9.956
2026-01-18 15:28:19.457,9.971
2026-01-18 15:28:19.458,9.967
2026-01-18 15:28:19.472,9.959
2026-01-18 15:28:19.488,9.956
2026-01-18 15:28:19.503,9.955
2026-01-18 15:28:19.521,9.968
2026-01-18 15:28:19.545,9.959
2026-01-18 15:28:19.547,9.953
2026-01-18 15:28:19.547,9.952
2026-01-18 15:28:19.556,9.955
2026-01-18 15:28:19.570,9.957
2026-01-18 15:28:19.588,9.966
2026-01-18 15:28:19.588,9.965
2026-01-18 15:28:19.604,9.963
2026-01-18 15:28:19.620,9.959
2026-01-18 15:28:19.637,9.971
2026-01-18 15:28:19.638,9.967
2026-01-18 15:28:19.655,9.968
2026-01-18 15:28:19.671,9.97
2026-01-18 15:28:19.688,9.972
2026-01-18 15:28:19.688,9.983
2026-01-18 15:28:19.704,9.973
2026-01-18 15:28:19.721,9.969
2026-01-18 15:28:19.721,9.967
2026-01-18 15:28:19.737,9.969
2026-01-18 15:28:19.754,9.969
2026-01-18 15:28:19.772,9.962
2026-01-18 15:28:19.772,9.956
2026-01-18 15:28:19.790,9.962
2026-01-18 15:28:19.805,9.966
2026-01-18 15:28:19.806,9.965
2026-01-18 15:28:19.821,9.957
2026-01-18 15:28:19.838,9.951
2026-01-18 15:28:19.861,9.951
2026-01-18 15:28:19.862,9.953
2026-01-18 15:28:19.872,9.97
2026-01-18 15:28:19.889,9.964
2026-01-18 15:28:19.889,9.959
2026-01-18 15:28:19.904,9.958
2026-01-18 15:28:19.922,9.956
2026-01-18 15:28:19.939,9.956
2026-01-18 15:28:19.939,9.954
2026-01-18 15:28:19.955,9.951
2026-01-18 15:28:19.971,9.946
2026-01-18 15:28:19.972,9.941
2026-01-18 15:28:19.989,9.942
2026-01-18 15:28:20.006,9.946
2026-01-18 15:28:20.022,9.95
2026-01-18 15:28:20.022,9.949
2026-01-18 15:28:20.039,9.947
2026-01-18 15:28:20.056,9.957
2026-01-18 15:28:20.056,9.956
2026-01-18 15:28:20.071,9.958
2026-01-18 15:28:20.089,9.957
2026-01-18 15:28:20.106,9.96
2026-01-18 15:28:20.106,9.959
2026-01-18 15:28:20.122,9.958
2026-01-18 15:28:20.139,9.958
2026-01-18 15:28:20.156,9.957
2026-01-18 15:28:20.157,9.957
2026-01-18 15:28:20.171,9.96
2026-01-18 15:28:20.189,9.96
2026-01-18 15:28:20.189,9.953
2026-01-18 15:28:20.204,9.956
2026-01-18 15:28:20.220,9.955
2026-01-18 15:28:20.239,9.954
2026-01-18 15:28:20.239,9.954
2026-01-18 15:28:20.255,9.956
2026-01-18 15:28:20.271,9.953
2026-01-18 15:28:20.272,9.95
2026-01-18 15:28:20.288,9.964
2026-01-18 15:28:20.306,9.957
2026-01-18 15:28:20.322,9.956
2026-01-18 15:28:20.322,9.951
2026-01-18 15:28:20.338,9.951
2026-01-18 15:28:20.355,9.953
2026-01-18 15:28:20.356,9.947
2026-01-18 15:28:20.371,9.944
2026-01-18 15:28:20.389,9.946
2026-01-18 15:28:20.405,9.945
2026-01-18 15:28:20.405,9.945
2026-01-18 15:28:20.422,9.944
2026-01-18 15:28:20.438,9.945
2026-01-18 15:28:20.455,9.949
2026-01-18 15:28:20.456,9.948
2026-01-18 15:28:20.471,9.948
2026-01-18 15:28:20.489,9.951
2026-01-18 15:28:20.490,9.955
2026-01-18 15:28:20.505,9.954
2026-01-18 15:28:20.521,9.957
2026-01-18 15:28:20.539,9.954
2026-01-18 15:28:20.539,9.951
2026-01-18 15:28:20.555,9.953
2026-01-18 15:28:20.571,9.952
2026-01-18 15:28:20.572,9.947
2026-01-18 15:28:20.589,9.947
2026-01-18 15:28:20.605,9.948
2026-01-18 15:28:20.622,9.949
2026-01-18 15:28:20.622,9.944
2026-01-18 15:28:20.639,9.946
2026-01-18 15:28:20.655,9.946
2026-01-18 15:28:20.671,9.949
2026-01-18 15:28:20.671,9.945
2026-01-18 15:28:20.689,9.946
2026-01-18 15:28:20.705,9.946
2026-01-18 15:28:20.705,9.953
2026-01-18 15:28:20.722,9.956
2026-01-18 15:28:20.738,9.959
2026-01-18 15:28:20.756,9.958
2026-01-18 15:28:20.757,9.958
2026-01-18 15:28:20.771,9.967
2026-01-18 15:28:20.789,9.963
2026-01-18 15:28:20.789,9.962
2026-01-18 15:28:20.804,9.961
2026-01-18 15:28:20.822,9.957
2026-01-18 15:28:20.838,9.952
2026-01-18 15:28:20.838,9.949
2026-01-18 15:28:20.855,9.947
2026-01-18 15:28:20.877,9.948
2026-01-18 15:28:20.878,9.948
2026-01-18 15:28:20.906,9.95
2026-01-18 15:28:20.906,9.948
2026-01-18 15:28:20.921,9.948
2026-01-18 15:28:20.939,9.952
2026-01-18 15:28:20.954,9.953
2026-01-18 15:28:20.972,9.955
2026-01-18 15:28:20.972,9.959
2026-01-18 15:28:20.988,9.957
2026-01-18 15:28:21.006,9.957
2026-01-18 15:28:21.006,9.973
2026-01-18 15:28:21.024,9.968
2026-01-18 15:28:21.038,9.957
2026-01-18 15:28:21.054,9.953
2026-01-18 15:28:21.056,9.955
2026-01-18 15:28:21.071,9.956
2026-01-18 15:28:21.089,9.954
2026-01-18 15:28:21.089,9.955
2026-01-18 15:28:21.106,9.956
2026-01-18 15:28:21.121,9.957
2026-01-18 15:28:21.139,9.954
2026-01-18 15:28:21.140,9.954
2026-01-18 15:28:21.155,9.956
2026-01-18 15:28:21.172,9.952
2026-01-18 15:28:21.173,9.95
2026-01-18 15:28:21.188,9.966
2026-01-18 15:28:21.205,9.965
2026-01-18 15:28:21.221,9.964
2026-01-18 15:28:21.222,9.965
2026-01-18 15:28:21.238,9.966
2026-01-18 15:28:21.256,9.964
2026-01-18 15:28:21.257,9.961
2026-01-18 15:28:21.272,9.956
2026-01-18 15:28:21.289,9.951
2026-01-18 15:28:21.304,9.954
2026-01-18 15:28:21.305,9.956
2026-01-18 15:28:21.322,9.957
2026-01-18 15:28:21.341,9.957
2026-01-18 15:28:21.354,9.956
2026-01-18 15:28:21.371,9.961
2026-01-18 15:28:21.389,9.957
2026-01-18 15:28:21.389,9.958
2026-01-18 15:28:21.404,9.963
2026-01-18 15:28:21.422,9.962
2026-01-18 15:28:21.439,9.98
2026-01-18 15:28:21.439,9.983
2026-01-18 15:28:21.456,9.978
2026-01-18 15:28:21.471,9.972
2026-01-18 15:28:21.489,9.968
2026-01-18 15:28:21.489,9.967
2026-01-18 15:28:21.505,9.968
2026-01-18 15:28:21.521,9.965
2026-01-18 15:28:21.521,9.964
2026-01-18 15:28:21.538,9.962
2026-01-18 15:28:21.555,9.96
2026-01-18 15:28:21.571,9.954
2026-01-18 15:28:21.571,9.953
2026-01-18 15:28:21.588,9.955
2026-01-18 15:28:21.606,9.959
2026-01-18 15:28:21.607,9.963
2026-01-18 15:28:21.622,9.961
2026-01-18 15:28:21.639,9.962
2026-01-18 15:28:21.655,9.962
2026-01-18 15:28:21.656,9.957
2026-01-18 15:28:21.671,9.957
2026-01-18 15:28:21.689,9.958
2026-01-18 15:28:21.690,9.962
2026-01-18 15:28:21.704,9.962
2026-01-18 15:28:21.722,9.963
2026-01-18 15:28:21.737,9.967
2026-01-18 15:28:21.738,9.964
2026-01-18 15:28:21.754,9.96
2026-01-18 15:28:21.772,9.962
2026-01-18 15:28:21.772,9.964
2026-01-18 15:28:21.787,9.966
2026-01-18 15:28:21.804,9.964
2026-01-18 15:28:21.820,9.966
2026-01-18 15:28:21.822,9.968
2026-01-18 15:28:21.839,9.961
2026-01-18 15:28:21.861,9.957
2026-01-18 15:28:21.861,9.959
2026-01-18 15:28:21.870,9.957
2026-01-18 15:28:21.887,9.956
2026-01-18 15:28:21.904,9.955
2026-01-18 15:28:21.905,9.965
2026-01-18 15:28:21.920,9.965
2026-01-18 15:28:21.937,9.962
2026-01-18 15:28:21.954,9.96
2026-01-18 15:28:21.954,9.96
2026-01-18 15:28:21.972,9.961
2026-01-18 15:28:21.988,9.959
2026-01-18 15:28:21.988,9.954
2026-01-18 15:28:22.004,9.955
2026-01-18 15:28:22.023,9.952
2026-01-18 15:28:22.037,9.954
2026-01-18 15:28:22.038,9.95
2026-01-18 15:28:22.055,9.949
2026-01-18 15:28:22.071,9.96
2026-01-18 15:28:22.072,9.956
2026-01-18 15:28:22.088,9.956
2026-01-18 15:28:22.106,9.955
2026-01-18 15:28:22.121,9.953
2026-01-18 15:28:22.122,9.952
2026-01-18 15:28:22.138,9.946
2026-01-18 15:28:22.155,9.968
2026-01-18 15:28:22.171,9.963
2026-01-18 15:28:22.172,9.957
2026-01-18 15:28:22.187,9.954
2026-01-18 15:28:22.205,9.956
2026-01-18 15:28:22.205,9.971
2026-01-18 15:28:22.221,9.968
2026-01-18 15:28:22.237,9.96
2026-01-18 15:28:22.280,9.959
2026-01-18 15:28:22.281,9.962
2026-01-18 15:28:22.281,9.966
2026-01-18 15:28:22.281,9.964
2026-01-18 15:28:22.293,9.963
2026-01-18 15:28:22.305,9.966
2026-01-18 15:28:22.322,9.964
2026-01-18 15:28:22.337,9.981
2026-01-18 15:28:22.337,9.985
2026-01-18 15:28:22.355,9.981
2026-01-18 15:28:22.371,9.974
2026-01-18 15:28:22.372,9.972
2026-01-18 15:28:22.388,9.986
2026-01-18 15:28:22.405,9.983
2026-01-18 15:28:22.421,9.981
2026-01-18 15:28:22.422,9.972
2026-01-18 15:28:22.438,9.975
2026-01-18 15:28:22.455,9.981
2026-01-18 15:28:22.471,9.979
2026-01-18 15:28:22.472,9.978
2026-01-18 15:28:22.487,9.984
2026-01-18 15:28:22.504,9.976
2026-01-18 15:28:22.505,9.987
2026-01-18 15:28:22.522,9.982
2026-01-18 15:28:22.537,9.978
2026-01-18 15:28:22.557,9.979
2026-01-18 15:28:22.557,9.971
2026-01-18 15:28:22.570,9.971
2026-01-18 15:28:22.589,9.972
2026-01-18 15:28:22.589,9.971
2026-01-18 15:28:22.604,9.973
2026-01-18 15:28:22.620,9.973
2026-01-18 15:28:22.638,9.971
2026-01-18 15:28:22.638,9.967
2026-01-18 15:28:22.655,9.966
2026-01-18 15:28:22.671,9.966
2026-01-18 15:28:22.690,9.961
2026-01-18 15:28:22.690,9.96
2026-01-18 15:28:22.705,9.964
2026-01-18 15:28:22.721,9.966
2026-01-18 15:28:22.722,9.96
2026-01-18 15:28:22.737,9.956
2026-01-18 15:28:22.755,9.956
2026-01-18 15:28:22.772,9.951
2026-01-18 15:28:22.772,9.947
2026-01-18 15:28:22.787,9.949
2026-01-18 15:28:22.804,9.954
2026-01-18 15:28:22.804,9.964
2026-01-18 15:28:22.820,9.959
2026-01-18 15:28:22.838,9.962
2026-01-18 15:28:22.861,9.963
2026-01-18 15:28:22.861,9.957
2026-01-18 15:28:22.870,9.958
2026-01-18 15:28:22.887,9.958
2026-01-18 15:28:22.904,9.953
2026-01-18 15:28:22.904,9.953
2026-01-18 15:28:22.922,9.956
2026-01-18 15:28:22.937,9.954
2026-01-18 15:28:22.938,9.95
2026-01-18 15:28:22.955,9.949
2026-01-18 15:28:22.971,9.947
2026-01-18 15:28:22.989,9.944
2026-01-18 15:28:22.989,9.948
2026-01-18 15:28:23.004,9.949
2026-01-18 15:28:23.021,9.947
2026-01-18 15:28:23.022,9.95
2026-01-18 15:28:23.038,9.952
2026-01-18 15:28:23.054,9.957
2026-01-18 15:28:23.071,9.959
2026-01-18 15:28:23.072,9.959
2026-01-18 15:28:23.088,9.959
2026-01-18 15:28:23.105,9.963
2026-01-18 15:28:23.105,9.957
2026-01-18 15:28:23.121,9.964
2026-01-18 15:28:23.139,9.96
2026-01-18 15:28:23.155,9.959
2026-01-18 15:28:23.155,9.963
2026-01-18 15:28:23.170,9.957
2026-01-18 15:28:23.189,9.954
2026-01-18 15:28:23.189,9.958
2026-01-18 15:28:23.205,9.955
2026-01-18 15:28:23.221,9.953
2026-01-18 15:28:23.238,9.959
2026-01-18 15:28:23.239,9.963
2026-01-18 15:28:23.255,9.958
2026-01-18 15:28:23.271,9.96
2026-01-18 15:28:23.287,9.957
2026-01-18 15:28:23.289,9.972
2026-01-18 15:28:23.305,9.967
2026-01-18 15:28:23.321,9.964
2026-01-18 15:28:23.322,9.961
2026-01-18 15:28:23.337,9.961
2026-01-18 15:28:23.355,9.974
2026-01-18 15:28:23.370,9.971
2026-01-18 15:28:23.371,9.971
2026-01-18 15:28:23.389,9.964
2026-01-18 15:28:23.403,9.964
2026-01-18 15:28:23.404,9.961
2026-01-18 15:28:23.421,9.96
2026-01-18 15:28:23.436,9.956
2026-01-18 15:28:23.454,9.96
2026-01-18 15:28:23.455,9.957
2026-01-18 15:28:23.471,9.955
2026-01-18 15:28:23.488,9.952
2026-01-18 15:28:23.488,9.952
2026-01-18 15:28:23.504,9.953
2026-01-18 15:28:23.521,9.953
2026-01-18 15:28:23.537,9.969
2026-01-18 15:28:23.537,9.964
2026-01-18 15:28:23.555,9.959
2026-01-18 15:28:23.571,9.959
2026-01-18 15:28:23.571,9.956
2026-01-18 15:28:23.588,9.954
2026-01-18 15:28:23.649,9.96
2026-01-18 15:28:23.651,9.956
2026-01-18 15:28:23.652,9.959
2026-01-18 15:28:23.652,9.961
2026-01-18 15:28:23.652,9.973
2026-01-18 15:28:23.661,9.974
2026-01-18 15:28:23.671,9.971
2026-01-18 15:28:23.687,9.967
2026-01-18 15:28:23.704,9.964
2026-01-18 15:28:23.705,9.97
2026-01-18 15:28:23.721,9.965
2026-01-18 15:28:23.737,9.967
2026-01-18 15:28:23.754,9.964
2026-01-18 15:28:23.755,9.962
2026-01-18 15:28:23.770,9.964
2026-01-18 15:28:23.788,9.964
2026-01-18 15:28:23.788,9.961
2026-01-18 15:28:23.805,9.956
2026-01-18 15:28:23.821,9.957
2026-01-18 15:28:23.838,9.955
2026-01-18 15:28:23.838,9.952
2026-01-18 15:28:23.854,9.955
2026-01-18 15:28:23.878,9.959
2026-01-18 15:28:23.878,9.954
2026-01-18 15:28:23.886,9.956
2026-01-18 15:28:23.904,9.955
2026-01-18 15:28:23.921,9.955
2026-01-18 15:28:23.921,9.955
2026-01-18 15:28:23.938,9.954
2026-01-18 15:28:23.955,9.957
2026-01-18 15:28:23.956,9.957
2026-01-18 15:28:23.972,9.954
2026-01-18 15:28:23.988,9.953
2026-01-18 15:28:24.004,9.952
2026-01-18 15:28:24.005,9.955
2026-01-18 15:28:24.021,9.957
2026-01-18 15:28:24.037,9.957
2026-01-18 15:28:24.053,9.955
2026-01-18 15:28:24.053,9.952
2026-01-18 15:28:24.070,9.954
2026-01-18 15:28:24.086,9.961
2026-01-18 15:28:24.105,9.955
2026-01-18 15:28:24.106,9.957
2026-01-18 15:28:24.120,9.955
2026-01-18 15:28:24.137,9.968
2026-01-18 15:28:24.138,9.97
2026-01-18 15:28:24.154,9.968
2026-01-18 15:28:24.170,9.967
2026-01-18 15:28:24.186,9.964
2026-01-18 15:28:24.188,9.975
2026-01-18 15:28:24.205,9.972
2026-01-18 15:28:24.221,9.969
2026-01-18 15:28:24.222,9.962
2026-01-18 15:28:24.237,9.954
2026-01-18 15:28:24.255,9.951
2026-01-18 15:28:24.270,9.951
2026-01-18 15:28:24.271,9.954
2026-01-18 15:28:24.288,9.956
2026-01-18 15:28:24.305,9.955
2026-01-18 15:28:24.305,9.955
2026-01-18 15:28:24.320,9.955
2026-01-18 15:28:24.338,9.956
2026-01-18 15:28:24.355,9.958
2026-01-18 15:28:24.355,9.958
2026-01-18 15:28:24.371,9.957
2026-01-18 15:28:24.388,9.957
2026-01-18 15:28:24.388,9.966
2026-01-18 15:28:24.404,9.963
2026-01-18 15:28:24.421,9.961
2026-01-18 15:28:24.438,9.96
2026-01-18 15:28:24.438,9.968
2026-01-18 15:28:24.454,9.969
2026-01-18 15:28:24.470,9.966
2026-01-18 15:28:24.488,9.969
2026-01-18 15:28:24.488,9.981
2026-01-18 15:28:24.505,9.973
2026-01-18 15:28:24.520,9.972
2026-01-18 15:28:24.521,9.969
2026-01-18 15:28:24.538,9.968
2026-01-18 15:28:24.553,9.978
2026-01-18 15:28:24.570,9.973
2026-01-18 15:28:24.570,9.98
2026-01-18 15:28:24.587,9.972
2026-01-18 15:28:24.604,9.968
2026-01-18 15:28:24.604,9.963
2026-01-18 15:28:24.622,9.966
2026-01-18 15:28:24.638,9.965
2026-01-18 15:28:24.654,9.969
2026-01-18 15:28:24.654,9.967
2026-01-18 15:28:24.669,9.963
2026-01-18 15:28:24.688,9.959
2026-01-18 15:28:24.689,9.962
2026-01-18 15:28:24.704,9.963
2026-01-18 15:28:24.720,9.958
2026-01-18 15:28:24.738,9.979
2026-01-18 15:28:24.738,9.976
2026-01-18 15:28:24.755,9.975
2026-01-18 15:28:24.771,9.977
2026-01-18 15:28:24.788,9.975
2026-01-18 15:28:24.805,9.967
2026-01-18 15:28:24.821,9.959
2026-01-18 15:28:24.821,9.957
2026-01-18 15:28:24.837,9.953
2026-01-18 15:28:24.855,9.951
2026-01-18 15:28:24.870,9.959
2026-01-18 15:28:24.870,9.959
2026-01-18 15:28:24.893,9.957
2026-01-18 15:28:24.893,9.955
2026-01-18 15:28:24.905,9.968
2026-01-18 15:28:24.919,9.962
2026-01-18 15:28:24.936,9.962
2026-01-18 15:28:24.954,9.963
2026-01-18 15:28:24.954,9.962
2026-01-18 15:28:24.994,9.96
2026-01-18 15:28:24.995,9.963
2026-01-18 15:28:24.995,9.966
2026-01-18 15:28:25.003,9.962
2026-01-18 15:28:25.021,9.963
2026-01-18 15:28:25.037,9.964
2026-01-18 15:28:25.037,9.959
2026-01-18 15:28:25.053,9.957
2026-01-18 15:28:25.070,9.967
2026-01-18 15:28:25.087,9.962
2026-01-18 15:28:25.087,9.962
2026-01-18 15:28:25.106,9.961
2026-01-18 15:28:25.121,9.96
2026-01-18 15:28:25.121,9.96
2026-01-18 15:28:25.138,9.958
2026-01-18 15:28:25.155,9.973
2026-01-18 15:28:25.170,9.972
2026-01-18 15:28:25.171,9.971
2026-01-18 15:28:25.187,9.965
2026-01-18 15:28:25.205,9.963
2026-01-18 15:28:25.205,9.959
2026-01-18 15:28:25.220,9.953
2026-01-18 15:28:25.237,9.949
2026-01-18 15:28:25.255,9.956
2026-01-18 15:28:25.255,9.945
2026-01-18 15:28:25.270,9.945
2026-01-18 15:28:25.288,9.95
2026-01-18 15:28:25.289,9.946
2026-01-18 15:28:25.304,9.942
2026-01-18 15:28:25.322,9.943
2026-01-18 15:28:25.337,9.942
2026-01-18 15:28:25.338,9.943
2026-01-18 15:28:25.354,9.946
2026-01-18 15:28:25.371,9.949
2026-01-18 15:28:25.372,9.953
2026-01-18 15:28:25.387,9.967
2026-01-18 15:28:25.405,9.96
2026-01-18 15:28:25.422,9.969
2026-01-18 15:28:25.422,9.975
2026-01-18 15:28:25.438,9.971
2026-01-18 15:28:25.453,9.968
2026-01-18 15:28:25.470,9.964
2026-01-18 15:28:25.470,9.96
2026-01-18 15:28:25.488,9.957
2026-01-18 15:28:25.504,9.957
2026-01-18 15:28:25.504,9.953
2026-01-18 15:28:25.521,9.951
2026-01-18 15:28:25.537,9.95
2026-01-18 15:28:25.555,9.95
2026-01-18 15:28:25.556,9.943
2026-01-18 15:28:25.571,9.944
2026-01-18 15:28:25.587,9.948
2026-01-18 15:28:25.602,9.944
2026-01-18 15:28:25.603,9.95
2026-01-18 15:28:25.619,9.948
2026-01-18 15:28:25.637,9.946
2026-01-18 15:28:25.637,9.944
2026-01-18 15:28:25.654,9.944
2026-01-18 15:28:25.670,9.95
2026-01-18 15:28:25.686,9.952
2026-01-18 15:28:25.687,9.954
2026-01-18 15:28:25.703,9.952
2026-01-18 15:28:25.720,9.949
2026-01-18 15:28:25.721,9.949
2026-01-18 15:28:25.737,9.947
2026-01-18 15:28:25.753,9.946
2026-01-18 15:28:25.770,9.945
2026-01-18 15:28:25.771,9.944
2026-01-18 15:28:25.788,9.953
2026-01-18 15:28:25.803,9.952
2026-01-18 15:28:25.804,9.966
2026-01-18 15:28:25.820,9.968
2026-01-18 15:28:25.838,9.966
2026-01-18 15:28:25.854,9.965
2026-01-18 15:28:25.854,9.965
2026-01-18 15:28:25.876,9.958
2026-01-18 15:28:25.876,9.952
2026-01-18 15:28:25.888,9.948
2026-01-18 15:28:25.904,9.948
2026-01-18 15:28:25.920,9.947
2026-01-18 15:28:25.938,9.948
2026-01-18 15:28:25.938,9.948
2026-01-18 15:28:25.954,9.95
2026-01-18 15:28:25.971,9.95
2026-01-18 15:28:25.988,9.952
2026-01-18 15:28:25.988,9.95
2026-01-18 15:28:26.003,9.955
2026-01-18 15:28:26.019,9.957
2026-01-18 15:28:26.020,9.957
2026-01-18 15:28:26.038,9.959
2026-01-18 15:28:26.054,9.971
2026-01-18 15:28:26.070,9.967
2026-01-18 15:28:26.071,9.971
2026-01-18 15:28:26.088,9.968
2026-01-18 15:28:26.106,9.966
2026-01-18 15:28:26.106,9.96
2026-01-18 15:28:26.121,9.958
2026-01-18 15:28:26.138,9.962
2026-01-18 15:28:26.154,9.963
2026-01-18 15:28:26.154,9.96
2026-01-18 15:28:26.170,9.959
2026-01-18 15:28:26.188,9.971
2026-01-18 15:28:26.188,9.966
2026-01-18 15:28:26.203,9.972
2026-01-18 15:28:26.220,9.966
2026-01-18 15:28:26.237,9.961
2026-01-18 15:28:26.238,9.962
2026-01-18 15:28:26.254,9.96
2026-01-18 15:28:26.269,9.967
2026-01-18 15:28:26.285,9.971
2026-01-18 15:28:26.286,9.967
2026-01-18 15:28:26.303,9.973
2026-01-18 15:28:26.320,9.972
2026-01-18 15:28:26.320,9.967
2026-01-18 15:28:26.336,9.964
2026-01-18 15:28:26.363,9.97
2026-01-18 15:28:26.363,9.965
2026-01-18 15:28:26.375,9.961
2026-01-18 15:28:26.386,9.954
2026-01-18 15:28:26.403,9.957
2026-01-18 15:28:26.403,9.954
2026-01-18 15:28:26.420,9.958
2026-01-18 15:28:26.437,9.951
2026-01-18 15:28:26.454,9.951
2026-01-18 15:28:26.454,9.949
2026-01-18 15:28:26.470,9.969
2026-01-18 15:28:26.486,9.965
2026-01-18 15:28:26.503,9.961
2026-01-18 15:28:26.503,9.96
2026-01-18 15:28:26.521,9.956
2026-01-18 15:28:26.537,9.972
2026-01-18 15:28:26.538,9.964
2026-01-18 15:28:26.554,9.961
2026-01-18 15:28:26.571,9.959
2026-01-18 15:28:26.587,9.955
2026-01-18 15:28:26.587,9.969
2026-01-18 15:28:26.604,9.966
2026-01-18 15:28:26.622,9.963
2026-01-18 15:28:26.622,9.96
2026-01-18 15:28:26.638,9.96
2026-01-18 15:28:26.654,9.963
2026-01-18 15:28:26.670,9.963
2026-01-18 15:28:26.671,9.963
2026-01-18 15:28:26.688,9.958
2026-01-18 15:28:26.704,9.959
2026-01-18 15:28:26.704,9.971
2026-01-18 15:28:26.721,9.971
2026-01-18 15:28:26.738,9.971
2026-01-18 15:28:26.754,9.97
2026-01-18 15:28:26.755,9.971
2026-01-18 15:28:26.770,9.966
2026-01-18 15:28:26.788,9.964
2026-01-18 15:28:26.788,9.959
2026-01-18 15:28:26.804,9.962
2026-01-18 15:28:26.820,9.962
2026-01-18 15:28:26.837,9.963
2026-01-18 15:28:26.838,9.959
2026-01-18 15:28:26.854,9.957
2026-01-18 15:28:26.870,9.954
2026-01-18 15:28:26.896,9.953
2026-01-18 15:28:26.896,9.955
2026-01-18 15:28:26.896,9.957
2026-01-18 15:28:26.921,9.961
2026-01-18 15:28:26.921,9.959
2026-01-18 15:28:26.936,9.965
2026-01-18 15:28:26.953,9.966
2026-01-18 15:28:26.971,9.969
2026-01-18 15:28:26.971,9.968
2026-01-18 15:28:26.987,9.963
2026-01-18 15:28:27.004,9.96
2026-01-18 15:28:27.005,9.967
2026-01-18 15:28:27.020,9.964
2026-01-18 15:28:27.037,9.964
2026-01-18 15:28:27.054,9.962
2026-01-18 15:28:27.054,9.964
2026-01-18 15:28:27.070,9.96
2026-01-18 15:28:27.088,9.96
2026-01-18 15:28:27.089,9.957
2026-01-18 15:28:27.106,9.964
2026-01-18 15:28:27.120,9.962
2026-01-18 15:28:27.139,9.965
2026-01-18 15:28:27.139,9.961
2026-01-18 15:28:27.153,9.96
2026-01-18 15:28:27.170,9.96
2026-01-18 15:28:27.187,9.96
2026-01-18 15:28:27.188,9.973
2026-01-18 15:28:27.203,9.965
2026-01-18 15:28:27.221,9.967
2026-01-18 15:28:27.221,9.962
2026-01-18 15:28:27.236,9.961
2026-01-18 15:28:27.254,9.957
2026-01-18 15:28:27.270,9.954
2026-01-18 15:28:27.271,9.953
2026-01-18 15:28:27.286,9.953
2026-01-18 15:28:27.304,9.953
2026-01-18 15:28:27.304,9.953
2026-01-18 15:28:27.320,9.958
2026-01-18 15:28:27.336,9.951
2026-01-18 15:28:27.354,9.954
2026-01-18 15:28:27.354,9.959
2026-01-18 15:28:27.370,9.951
2026-01-18 15:28:27.389,9.949
2026-01-18 15:28:27.389,9.953
2026-01-18 15:28:27.403,9.949
2026-01-18 15:28:27.420,9.948
2026-01-18 15:28:27.437,9.966
2026-01-18 15:28:27.437,9.962
2026-01-18 15:28:27.454,9.963
2026-01-18 15:28:27.476,9.956
2026-01-18 15:28:27.476,9.958
2026-01-18 15:28:27.486,9.953
2026-01-18 15:28:27.503,9.95
2026-01-18 15:28:27.520,9.954
2026-01-18 15:28:27.520,9.949
2026-01-18 15:28:27.538,9.948
2026-01-18 15:28:27.554,9.948
2026-01-18 15:28:27.570,9.944
2026-01-18 15:28:27.570,9.944
2026-01-18 15:28:27.588,9.944
2026-01-18 15:28:27.602,9.942
2026-01-18 15:28:27.621,9.96
2026-01-18 15:28:27.623,9.957
2026-01-18 15:28:27.637,9.957
2026-01-18 15:28:27.654,9.954
2026-01-18 15:28:27.655,9.951
2026-01-18 15:28:27.670,9.954
2026-01-18 15:28:27.686,9.952
2026-01-18 15:28:27.704,9.952
2026-01-18 15:28:27.706,9.95
2026-01-18 15:28:27.736,9.95
2026-01-18 15:28:27.737,9.95
2026-01-18 15:28:27.754,9.949
2026-01-18 15:28:27.771,9.95
2026-01-18 15:28:27.788,9.953
2026-01-18 15:28:27.789,9.946
2026-01-18 15:28:27.804,9.945
2026-01-18 15:28:27.822,9.944
2026-01-18 15:28:27.822,9.958
2026-01-18 15:28:27.837,9.954
2026-01-18 15:28:27.853,9.955
2026-01-18 15:28:27.870,9.955
2026-01-18 15:28:27.870,9.953
2026-01-18 15:28:27.895,9.961
2026-01-18 15:28:27.895,9.957
2026-01-18 15:28:27.905,9.955
2026-01-18 15:28:27.919,9.949
2026-01-18 15:28:27.936,9.948
2026-01-18 15:28:27.952,9.949
2026-01-18 15:28:27.953,9.951
2026-01-18 15:28:27.970,9.95
2026-01-18 15:28:27.987,9.959
2026-01-18 15:28:27.988,9.959
2026-01-18 15:28:28.003,9.953
2026-01-18 15:28:28.021,9.955
2026-01-18 15:28:28.036,9.959
2026-01-18 15:28:28.036,9.963
2026-01-18 15:28:28.054,9.957
2026-01-18 15:28:28.071,9.957
2026-01-18 15:28:28.087,9.96
2026-01-18 15:28:28.087,9.979
2026-01-18 15:28:28.112,9.974
2026-01-18 15:28:28.113,9.972
2026-01-18 15:28:28.126,9.968
2026-01-18 15:28:28.136,9.961
2026-01-18 15:28:28.152,9.965
2026-01-18 15:28:28.171,9.958
2026-01-18 15:28:28.171,9.957
2026-01-18 15:28:28.187,9.955
2026-01-18 15:28:28.205,9.951
2026-01-18 15:28:28.207,9.944
2026-01-18 15:28:28.220,9.945
2026-01-18 15:28:28.236,9.948
2026-01-18 15:28:28.253,9.949
2026-01-18 15:28:28.254,9.952
2026-01-18 15:28:28.270,9.951
2026-01-18 15:28:28.287,9.948
2026-01-18 15:28:28.288,9.949
2026-01-18 15:28:28.304,9.954
2026-01-18 15:28:28.321,9.951
2026-01-18 15:28:28.337,9.959
2026-01-18 15:28:28.337,9.956
2026-01-18 15:28:28.354,9.954
2026-01-18 15:28:28.370,9.948
2026-01-18 15:28:28.387,9.948
2026-01-18 15:28:28.387,9.95
2026-01-18 15:28:28.404,9.952
2026-01-18 15:28:28.420,9.955
2026-01-18 15:28:28.420,9.957
2026-01-18 15:28:28.438,9.954
2026-01-18 15:28:28.455,9.951
2026-01-18 15:28:28.458,9.955
2026-01-18 15:28:28.471,9.952
2026-01-18 15:28:28.486,9.949
2026-01-18 15:28:28.502,9.944
2026-01-18 15:28:28.519,9.943
2026-01-18 15:28:28.520,9.939
2026-01-18 15:28:28.535,9.941
2026-01-18 15:28:28.552,9.942
2026-01-18 15:28:28.552,9.946
2026-01-18 15:28:28.570,9.962
2026-01-18 15:28:28.587,9.961
2026-01-18 15:28:28.588,9.959
2026-01-18 15:28:28.603,9.96
2026-01-18 15:28:28.620,9.96
2026-01-18 15:28:28.636,9.977
2026-01-18 15:28:28.638,9.974
2026-01-18 15:28:28.653,9.972
2026-01-18 15:28:28.669,9.971
2026-01-18 15:28:28.686,9.969
2026-01-18 15:28:28.686,9.973
2026-01-18 15:28:28.703,9.972
2026-01-18 15:28:28.719,9.967
2026-01-18 15:28:28.720,9.966
2026-01-18 15:28:28.737,9.962
2026-01-18 15:28:28.753,9.962
2026-01-18 15:28:28.770,9.964
2026-01-18 15:28:28.771,9.964
2026-01-18 15:28:28.786,9.961
2026-01-18 15:28:28.803,9.958
2026-01-18 15:28:28.820,9.968
2026-01-18 15:28:28.821,9.964
2026-01-18 15:28:28.836,9.964
2026-01-18 15:28:28.852,9.959
2026-01-18 15:28:28.852,9.957
2026-01-18 15:28:28.878,9.953
2026-01-18 15:28:28.878,9.948
2026-01-18 15:28:28.903,9.946
2026-01-18 15:28:28.903,9.945
2026-01-18 15:28:28.919,9.95
2026-01-18 15:28:28.936,9.952
2026-01-18 15:28:28.936,9.956
2026-01-18 15:28:28.952,9.955
2026-01-18 15:28:28.986,9.952
2026-01-18 15:28:28.986,9.968
2026-01-18 15:28:29.002,9.965
2026-01-18 15:28:29.019,9.967
2026-01-18 15:28:29.020,9.968
2026-01-18 15:28:29.035,9.964
2026-01-18 15:28:29.052,9.976
2026-01-18 15:28:29.068,9.974
2026-01-18 15:28:29.069,9.968
2026-01-18 15:28:29.095,9.969
2026-01-18 15:28:29.095,9.965
2026-01-18 15:28:29.105,9.963
2026-01-18 15:28:29.119,9.967
2026-01-18 15:28:29.135,9.964
2026-01-18 15:28:29.154,9.964
2026-01-18 15:28:29.154,9.961
2026-01-18 15:28:29.169,9.955
2026-01-18 15:28:29.187,9.956
2026-01-18 15:28:29.204,9.958
2026-01-18 15:28:29.205,9.962
2026-01-18 15:28:29.220,9.959
2026-01-18 15:28:29.238,9.968
2026-01-18 15:28:29.238,9.963
2026-01-18 15:28:29.254,9.958
2026-01-18 15:28:29.270,9.958
2026-01-18 15:28:29.287,9.955
2026-01-18 15:28:29.287,9.952
2026-01-18 15:28:29.304,9.95
2026-01-18 15:28:29.320,9.95
2026-01-18 15:28:29.321,9.948
2026-01-18 15:28:29.335,9.946
2026-01-18 15:28:29.354,9.953
2026-01-18 15:28:29.370,9.952
2026-01-18 15:28:29.370,9.954
2026-01-18 15:28:29.387,9.95
2026-01-18 15:28:29.404,9.947
2026-01-18 15:28:29.405,9.945
2026-01-18 15:28:29.420,9.942
2026-01-18 15:28:29.437,9.945
2026-01-18 15:28:29.454,9.941
2026-01-18 15:28:29.454,9.94
2026-01-18 15:28:29.470,9.95
2026-01-18 15:28:29.487,9.951
2026-01-18 15:28:29.488,9.953
2026-01-18 15:28:29.504,9.952
2026-01-18 15:28:29.521,9.951
2026-01-18 15:28:29.536,9.95
2026-01-18 15:28:29.536,9.945
2026-01-18 15:28:29.553,9.945
2026-01-18 15:28:29.569,9.943
2026-01-18 15:28:29.587,9.947
2026-01-18 15:28:29.587,9.944
2026-01-18 15:28:29.603,9.956
2026-01-18 15:28:29.620,9.956
2026-01-18 15:28:29.621,9.956
2026-01-18 15:28:29.636,9.954
2026-01-18 15:28:29.652,9.956
2026-01-18 15:28:29.669,9.954
2026-01-18 15:28:29.669,9.959
2026-01-18 15:28:29.687,9.955
2026-01-18 15:28:29.704,9.961
2026-01-18 15:28:29.705,9.959
2026-01-18 15:28:29.721,9.972
2026-01-18 15:28:29.736,9.971
2026-01-18 15:28:29.752,9.966
2026-01-18 15:28:29.753,9.965
2026-01-18 15:28:29.769,9.961
2026-01-18 15:28:29.786,9.959
2026-01-18 15:28:29.802,9.957
2026-01-18 15:28:29.803,9.953
2026-01-18 15:28:29.819,9.948
2026-01-18 15:28:29.836,9.945
2026-01-18 15:28:29.836,9.945
2026-01-18 15:28:29.852,9.947
2026-01-18 15:28:29.870,9.948
2026-01-18 15:28:29.890,9.948
2026-01-18 15:28:29.890,9.948
2026-01-18 15:28:29.902,9.947
2026-01-18 15:28:29.920,9.949
2026-01-18 15:28:29.920,9.948
2026-01-18 15:28:29.937,9.948
2026-01-18 15:28:29.953,9.941
2026-01-18 15:28:29.971,9.949
2026-01-18 15:28:29.971,9.943
2026-01-18 15:28:29.985,9.942
2026-01-18 15:28:30.004,9.941
2026-01-18 15:28:30.005,9.939
2026-01-18 15:28:30.019,9.941
2026-01-18 15:28:30.039,9.941
2026-01-18 15:28:30.039,9.94
2026-01-18 15:28:30.054,9.939
2026-01-18 15:28:30.070,9.945
2026-01-18 15:28:30.086,9.942
2026-01-18 15:28:30.104,9.946
2026-01-18 15:28:30.105,9.949
2026-01-18 15:28:30.119,9.947
2026-01-18 15:28:30.138,9.969
2026-01-18 15:28:30.139,9.966
2026-01-18 15:28:30.153,9.966
2026-01-18 15:28:30.170,9.966
2026-01-18 15:28:30.188,9.962
2026-01-18 15:28:30.188,9.97
2026-01-18 15:28:30.203,9.968
2026-01-18 15:28:30.220,9.963
2026-01-18 15:28:30.221,9.961
2026-01-18 15:28:30.237,9.957
2026-01-18 15:28:30.254,9.954
2026-01-18 15:28:30.269,9.953
2026-01-18 15:28:30.270,9.949
2026-01-18 15:28:30.286,9.949
2026-01-18 15:28:30.302,9.947
2026-01-18 15:28:30.319,9.946
2026-01-18 15:28:30.319,9.945
2026-01-18 15:28:30.337,9.946
2026-01-18 15:28:30.355,9.946
2026-01-18 15:28:30.355,9.945
2026-01-18 15:28:30.369,9.967
2026-01-18 15:28:30.388,9.963
2026-01-18 15:28:30.388,9.963
2026-01-18 15:28:30.403,9.96
2026-01-18 15:28:30.420,9.957
2026-01-18 15:28:30.467,9.974
2026-01-18 15:28:30.468,9.969
2026-01-18 15:28:30.470,9.966
2026-01-18 15:28:30.470,9.967
2026-01-18 15:28:30.477,9.97
2026-01-18 15:28:30.486,9.966
2026-01-18 15:28:30.504,9.969
2026-01-18 15:28:30.519,9.967
2026-01-18 15:28:30.520,9.964
2026-01-18 15:28:30.537,9.964
2026-01-18 15:28:30.554,9.976
2026-01-18 15:28:30.570,9.971
2026-01-18 15:28:30.571,9.972
2026-01-18 15:28:30.587,9.969
2026-01-18 15:28:30.603,9.963
2026-01-18 15:28:30.604,9.958
2026-01-18 15:28:30.619,9.957
2026-01-18 15:28:30.637,9.953
2026-01-18 15:28:30.653,9.95
2026-01-18 15:28:30.654,9.948
2026-01-18 15:28:30.671,9.946
2026-01-18 15:28:30.687,9.945
2026-01-18 15:28:30.703,9.942
2026-01-18 15:28:30.703,9.946
2026-01-18 15:28:30.720,9.946
2026-01-18 15:28:30.737,9.945
2026-01-18 15:28:30.737,9.946
2026-01-18 15:28:30.753,9.947
2026-01-18 15:28:30.785,9.947
2026-01-18 15:28:30.787,9.962
2026-01-18 15:28:30.803,9.961
2026-01-18 15:28:30.818,9.965
2026-01-18 15:28:30.819,9.962
2026-01-18 15:28:30.836,9.96
2026-01-18 15:28:30.851,9.978
2026-01-18 15:28:30.869,9.973
2026-01-18 15:28:30.869,9.97
2026-01-18 15:28:30.890,9.967
2026-01-18 15:28:30.891,9.964
2026-01-18 15:28:30.904,9.965
2026-01-18 15:28:30.918,9.96
2026-01-18 15:28:30.936,9.961
2026-01-18 15:28:30.954,9.959
2026-01-18 15:28:30.955,9.961
2026-01-18 15:28:30.970,9.96
2026-01-18 15:28:30.988,9.962
2026-01-18 15:28:30.989,9.961
2026-01-18 15:28:31.003,9.96
2026-01-18 15:28:31.021,9.964
2026-01-18 15:28:31.036,9.962
2026-01-18 15:28:31.037,9.965
2026-01-18 15:28:31.053,9.962
2026-01-18 15:28:31.069,9.967
2026-01-18 15:28:31.087,9.967
2026-01-18 15:28:31.087,9.966
2026-01-18 15:28:31.105,9.963
2026-01-18 15:28:31.119,9.958
2026-01-18 15:28:31.120,9.957
2026-01-18 15:28:31.136,9.954
2026-01-18 15:28:31.153,9.953
2026-01-18 15:28:31.170,9.953
2026-01-18 15:28:31.170,9.956
2026-01-18 15:28:31.186,9.953
2026-01-18 15:28:31.203,9.952
2026-01-18 15:28:31.204,9.96
2026-01-18 15:28:31.218,9.96
2026-01-18 15:28:31.237,9.957
2026-01-18 15:28:31.253,9.994
2026-01-18 15:28:31.253,9.987
2026-01-18 15:28:31.269,9.98
2026-01-18 15:28:31.287,9.971
2026-01-18 15:28:31.288,9.973
2026-01-18 15:28:31.304,9.971
2026-01-18 15:28:31.320,9.966
2026-01-18 15:28:31.335,9.985
2026-01-18 15:28:31.336,9.977
2026-01-18 15:28:31.353,9.982
2026-01-18 15:28:31.370,9.978
2026-01-18 15:28:31.385,9.974
2026-01-18 15:28:31.386,9.982
2026-01-18 15:28:31.404,9.975
2026-01-18 15:28:31.420,9.971
2026-01-18 15:28:31.420,9.97
2026-01-18 15:28:31.437,9.969
2026-01-18 15:28:31.453,9.967
2026-01-18 15:28:31.469,9.967
2026-01-18 15:28:31.470,9.969
2026-01-18 15:28:31.486,9.967
2026-01-18 15:28:31.503,9.97
2026-01-18 15:28:31.504,9.985
2026-01-18 15:28:31.519,9.982
2026-01-18 15:28:31.537,9.983
2026-01-18 15:28:31.554,9.979
2026-01-18 15:28:31.554,9.98
2026-01-18 15:28:31.570,9.979
2026-01-18 15:28:31.586,9.976
2026-01-18 15:28:31.604,9.973
2026-01-18 15:28:31.604,9.97
2026-01-18 15:28:31.619,9.965
2026-01-18 15:28:31.637,9.961
2026-01-18 15:28:31.638,9.961
2026-01-18 15:28:31.653,9.957
2026-01-18 15:28:31.670,9.962
2026-01-18 15:28:31.687,9.959
2026-01-18 15:28:31.687,9.961
2026-01-18 15:28:31.702,9.96
2026-01-18 15:28:31.719,9.96
2026-01-18 15:28:31.720,9.962
2026-01-18 15:28:31.736,9.959
2026-01-18 15:28:31.754,9.975
2026-01-18 15:28:31.769,9.971
2026-01-18 15:28:31.770,9.972
2026-01-18 15:28:31.812,9.97
2026-01-18 15:28:31.813,9.967
2026-01-18 15:28:31.813,9.964
2026-01-18 15:28:31.821,9.958
2026-01-18 15:28:31.835,9.959
2026-01-18 15:28:31.853,9.959
2026-01-18 15:28:31.854,9.958
2026-01-18 15:28:31.869,9.957
2026-01-18 15:28:31.893,9.964
2026-01-18 15:28:31.893,9.959
2026-01-18 15:28:31.903,9.956
2026-01-18 15:28:31.921,9.953
2026-01-18 15:28:31.937,9.968
2026-01-18 15:28:31.937,9.963
2026-01-18 15:28:31.952,9.964
2026-01-18 15:28:31.969,9.96
2026-01-18 15:28:31.986,9.961
2026-01-18 15:28:31.987,9.977
2026-01-18 15:28:32.003,9.976
2026-01-18 15:28:32.019,9.973
2026-01-18 15:28:32.020,9.964
2026-01-18 15:28:32.036,9.962
2026-01-18 15:28:32.052,9.96
2026-01-18 15:28:32.069,9.959
2026-01-18 15:28:32.070,9.958
2026-01-18 15:28:32.087,9.961
2026-01-18 15:28:32.104,9.957
2026-01-18 15:28:32.104,9.954
2026-01-18 15:28:32.119,9.954
2026-01-18 15:28:32.136,9.952
2026-01-18 15:28:32.152,9.948
2026-01-18 15:28:32.152,9.943
2026-01-18 15:28:32.170,9.957
2026-01-18 15:28:32.186,9.953
2026-01-18 15:28:32.203,9.946
2026-01-18 15:28:32.203,9.944
2026-01-18 15:28:32.219,9.944
2026-01-18 15:28:32.237,9.946
2026-01-18 15:28:32.238,9.947
2026-01-18 15:28:32.252,9.949
2026-01-18 15:28:32.270,9.951
2026-01-18 15:28:32.286,9.949
2026-01-18 15:28:32.287,9.944
2026-01-18 15:28:32.303,9.942
2026-01-18 15:28:32.319,9.943
2026-01-18 15:28:32.320,9.944
2026-01-18 15:28:32.338,9.948
2026-01-18 15:28:32.352,9.947
2026-01-18 15:28:32.370,9.947
2026-01-18 15:28:32.371,9.946
2026-01-18 15:28:32.386,9.943
2026-01-18 15:28:32.403,9.939
2026-01-18 15:28:32.418,9.941
2026-01-18 15:28:32.418,9.947
2026-01-18 15:28:32.435,9.942
2026-01-18 15:28:32.453,9.944
2026-01-18 15:28:32.454,9.942
2026-01-18 15:28:32.469,9.944
2026-01-18 15:28:32.486,9.941
2026-01-18 15:28:32.504,9.944
2026-01-18 15:28:32.504,9.949
2026-01-18 15:28:32.519,9.949
2026-01-18 15:28:32.536,9.948
2026-01-18 15:28:32.537,9.946
2026-01-18 15:28:32.552,9.943
2026-01-18 15:28:32.569,9.94
2026-01-18 15:28:32.587,9.939
2026-01-18 15:28:32.588,9.937
2026-01-18 15:28:32.603,9.938
2026-01-18 15:28:32.619,9.938
2026-01-18 15:28:32.620,9.939
2026-01-18 15:28:32.637,9.936
2026-01-18 15:28:32.655,9.936
2026-01-18 15:28:32.657,9.944
2026-01-18 15:28:32.670,9.948
2026-01-18 15:28:32.687,9.945
2026-01-18 15:28:32.702,9.946
2026-01-18 15:28:32.719,9.957
2026-01-18 15:28:32.719,9.953
2026-01-18 15:28:32.735,9.957
2026-01-18 15:28:32.753,9.953
2026-01-18 15:28:32.753,9.953
2026-01-18 15:28:32.769,9.949
2026-01-18 15:28:32.788,9.949
2026-01-18 15:28:32.788,9.948
2026-01-18 15:28:32.803,9.95
2026-01-18 15:28:32.820,9.947
2026-01-18 15:28:32.837,9.949
2026-01-18 15:28:32.837,9.95
2026-01-18 15:28:32.852,9.947
2026-01-18 15:28:32.869,9.953
2026-01-18 15:28:32.885,9.951
2026-01-18 15:28:32.886,9.951
2026-01-18 15:28:32.906,9.95
2026-01-18 15:28:32.918,9.952
2026-01-18 15:28:32.937,9.949
2026-01-18 15:28:32.938,9.948
2026-01-18 15:28:32.954,9.948
2026-01-18 15:28:32.968,9.951
2026-01-18 15:28:32.969,9.946
2026-01-18 15:28:32.985,9.946
2026-01-18 15:28:33.002,9.951
2026-01-18 15:28:33.018,9.952
2026-01-18 15:28:33.018,9.949
2026-01-18 15:28:33.035,9.954
2026-01-18 15:28:33.052,9.955
2026-01-18 15:28:33.052,9.953
2026-01-18 15:28:33.068,9.956
2026-01-18 15:28:33.085,9.962
2026-01-18 15:28:33.103,9.96
2026-01-18 15:28:33.103,9.96
2026-01-18 15:28:33.118,9.958
2026-01-18 15:28:33.135,9.972
2026-01-18 15:28:33.177,9.964
2026-01-18 15:28:33.178,9.964
2026-01-18 15:28:33.178,9.962
2026-01-18 15:28:33.178,9.958
2026-01-18 15:28:33.188,9.972
2026-01-18 15:28:33.202,9.968
2026-01-18 15:28:33.219,9.966
2026-01-18 15:28:33.220,9.966
2026-01-18 15:28:33.237,9.966
2026-01-18 15:28:33.253,9.96
2026-01-18 15:28:33.269,9.957
2026-01-18 15:28:33.270,9.959
2026-01-18 15:28:33.287,9.963
2026-01-18 15:28:33.302,9.96
2026-01-18 15:28:33.320,9.963
2026-01-18 15:28:33.321,9.963
2026-01-18 15:28:33.336,9.963
2026-01-18 15:28:33.353,9.954
2026-01-18 15:28:33.353,9.955
2026-01-18 15:28:33.369,9.965
2026-01-18 15:28:33.387,9.963
2026-01-18 15:28:33.388,9.959
2026-01-18 15:28:33.403,9.96
2026-01-18 15:28:33.419,9.956
2026-01-18 15:28:33.437,9.952
2026-01-18 15:28:33.437,9.945
2026-01-18 15:28:33.453,9.95
2026-01-18 15:28:33.470,9.951
2026-01-18 15:28:33.486,9.954
2026-01-18 15:28:33.486,9.953
2026-01-18 15:28:33.503,9.955
2026-01-18 15:28:33.519,9.956
2026-01-18 15:28:33.520,9.957
2026-01-18 15:28:33.535,9.958
2026-01-18 15:28:33.553,9.955
2026-01-18 15:28:33.569,9.953
2026-01-18 15:28:33.570,9.959
2026-01-18 15:28:33.587,9.955
2026-01-18 15:28:33.603,9.955
2026-01-18 15:28:33.619,9.966
2026-01-18 15:28:33.620,9.963
2026-01-18 15:28:33.637,9.961
2026-01-18 15:28:33.653,9.958
2026-01-18 15:28:33.654,9.958
2026-01-18 15:28:33.669,9.954
2026-01-18 15:28:33.686,9.952
2026-01-18 15:28:33.702,9.954
2026-01-18 15:28:33.703,9.952
2026-01-18 15:28:33.718,9.954
2026-01-18 15:28:33.735,9.965
2026-01-18 15:28:33.736,9.966
2026-01-18 15:28:33.753,9.963
2026-01-18 15:28:33.769,9.96
2026-01-18 15:28:33.785,9.964
2026-01-18 15:28:33.786,9.974
2026-01-18 15:28:33.803,9.969
2026-01-18 15:28:33.819,9.968
2026-01-18 15:28:33.820,9.965
2026-01-18 15:28:33.836,9.962
2026-01-18 15:28:33.853,9.979
2026-01-18 15:28:33.869,9.972
2026-01-18 15:28:33.869,9.972
2026-01-18 15:28:33.893,9.966
2026-01-18 15:28:33.893,9.957
2026-01-18 15:28:33.905,10.001
2026-01-18 15:28:33.920,9.99
2026-01-18 15:28:33.935,9.974
2026-01-18 15:28:33.953,9.971
2026-01-18 15:28:33.954,9.962
2026-01-18 15:28:33.969,9.963
2026-01-18 15:28:33.987,9.96
2026-01-18 15:28:34.002,9.961
2026-01-18 15:28:34.002,9.96
2026-01-18 15:28:34.019,9.961
2026-01-18 15:28:34.034,9.96
2026-01-18 15:28:34.053,9.96
2026-01-18 15:28:34.053,9.956
2026-01-18 15:28:34.068,9.95
2026-01-18 15:28:34.086,9.952
2026-01-18 15:28:34.086,9.947
2026-01-18 15:28:34.104,9.941
2026-01-18 15:28:34.118,9.944
2026-01-18 15:28:34.119,9.944
2026-01-18 15:28:34.135,9.945
2026-01-18 15:28:34.153,9.944
2026-01-18 15:28:34.170,9.944
2026-01-18 15:28:34.170,9.945
2026-01-18 15:28:34.185,9.946
2026-01-18 15:28:34.201,9.945
2026-01-18 15:28:34.218,9.945
2026-01-18 15:28:34.219,9.945
2026-01-18 15:28:34.235,9.945
2026-01-18 15:28:34.253,9.949
2026-01-18 15:28:34.254,9.948
2026-01-18 15:28:34.269,9.943
2026-01-18 15:28:34.286,9.943
2026-01-18 15:28:34.303,9.935
2026-01-18 15:28:34.303,9.938
2026-01-18 15:28:34.319,9.942
2026-01-18 15:28:34.335,9.941
2026-01-18 15:28:34.353,9.945
2026-01-18 15:28:34.353,9.942
2026-01-18 15:28:34.369,9.943
2026-01-18 15:28:34.385,9.946
2026-01-18 15:28:34.385,9.945
2026-01-18 15:28:34.403,9.947
2026-01-18 15:28:34.419,9.951
2026-01-18 15:28:34.419,9.95
2026-01-18 15:28:34.436,9.951
2026-01-18 15:28:34.453,9.951
2026-01-18 15:28:34.469,9.949
2026-01-18 15:28:34.469,9.948
2026-01-18 15:28:34.486,9.946
2026-01-18 15:28:34.503,9.949
2026-01-18 15:28:34.540,9.948
2026-01-18 15:28:34.541,9.947
2026-01-18 15:28:34.541,9.945
2026-01-18 15:28:34.542,9.944
2026-01-18 15:28:34.570,9.942
2026-01-18 15:28:34.570,9.946
2026-01-18 15:28:34.585,9.947
2026-01-18 15:28:34.602,9.94
2026-01-18 15:28:34.603,9.948
2026-01-18 15:28:34.619,9.949
2026-01-18 15:28:34.635,9.952
2026-01-18 15:28:34.635,9.949
2026-01-18 15:28:34.653,9.955
2026-01-18 15:28:34.670,9.953
2026-01-18 15:28:34.685,9.954
2026-01-18 15:28:34.686,9.967
2026-01-18 15:28:34.703,9.962
2026-01-18 15:28:34.719,9.964
2026-01-18 15:28:34.720,9.964
2026-01-18 15:28:34.735,9.966
2026-01-18 15:28:34.753,9.963
2026-01-18 15:28:34.769,9.963
2026-01-18 15:28:34.770,9.959
2026-01-18 15:28:34.786,9.962
2026-01-18 15:28:34.802,9.955
2026-01-18 15:28:34.818,9.956
2026-01-18 15:28:34.819,9.955
2026-01-18 15:28:34.836,9.951
2026-01-18 15:28:34.852,9.947
2026-01-18 15:28:34.854,9.949
2026-01-18 15:28:34.869,9.966
2026-01-18 15:28:34.887,9.963
2026-01-18 15:28:34.888,9.959
2026-01-18 15:28:34.908,9.956
2026-01-18 15:28:34.919,9.953
2026-01-18 15:28:34.936,9.971
2026-01-18 15:28:34.936,9.971
2026-01-18 15:28:34.953,9.967
2026-01-18 15:28:34.969,9.965
2026-01-18 15:28:34.986,9.961
2026-01-18 15:28:34.986,9.959
2026-01-18 15:28:35.003,9.956
2026-01-18 15:28:35.018,9.954
2026-01-18 15:28:35.036,9.958
2026-01-18 15:28:35.036,9.954
2026-01-18 15:28:35.053,9.951
2026-01-18 15:28:35.069,9.949
2026-01-18 15:28:35.070,9.947
2026-01-18 15:28:35.086,9.946
2026-01-18 15:28:35.108,9.948
2026-01-18 15:28:35.119,9.953
2026-01-18 15:28:35.136,9.951
2026-01-18 15:28:35.154,9.948
2026-01-18 15:28:35.155,9.948
2026-01-18 15:28:35.169,9.946
2026-01-18 15:28:35.185,9.946
2026-01-18 15:28:35.202,9.944
2026-01-18 15:28:35.203,9.941
2026-01-18 15:28:35.218,9.942
2026-01-18 15:28:35.235,9.944
2026-01-18 15:28:35.252,9.942
2026-01-18 15:28:35.252,9.942
2026-01-18 15:28:35.269,9.942
2026-01-18 15:28:35.285,9.94
2026-01-18 15:28:35.285,9.945
2026-01-18 15:28:35.301,9.945
2026-01-18 15:28:35.318,9.949
2026-01-18 15:28:35.335,9.965
2026-01-18 15:28:35.335,9.963
2026-01-18 15:28:35.351,9.96
2026-01-18 15:28:35.369,9.957
2026-01-18 15:28:35.370,9.956
2026-01-18 15:28:35.385,9.955
2026-01-18 15:28:35.401,9.955
2026-01-18 15:28:35.419,9.955
2026-01-18 15:28:35.420,9.955
2026-01-18 15:28:35.436,9.961
2026-01-18 15:28:35.453,9.955
2026-01-18 15:28:35.453,9.948
2026-01-18 15:28:35.469,9.951
2026-01-18 15:28:35.486,9.951
2026-01-18 15:28:35.504,9.952
2026-01-18 15:28:35.504,9.946
2026-01-18 15:28:35.519,9.948
2026-01-18 15:28:35.536,9.946
2026-01-18 15:28:35.536,9.948
2026-01-18 15:28:35.553,9.95
2026-01-18 15:28:35.569,9.955
2026-01-18 15:28:35.585,9.953
2026-01-18 15:28:35.586,9.951
2026-01-18 15:28:35.603,9.956
2026-01-18 15:28:35.620,9.953
2026-01-18 15:28:35.620,9.951
2026-01-18 15:28:35.636,9.953
2026-01-18 15:28:35.653,9.971
2026-01-18 15:28:35.670,9.967
2026-01-18 15:28:35.670,9.964
2026-01-18 15:28:35.686,9.962
2026-01-18 15:28:35.702,9.965
2026-01-18 15:28:35.718,9.985
2026-01-18 15:28:35.718,9.98
2026-01-18 15:28:35.737,9.983
2026-01-18 15:28:35.752,9.978
2026-01-18 15:28:35.752,9.97
2026-01-18 15:28:35.767,9.964
2026-01-18 15:28:35.785,9.963
2026-01-18 15:28:35.802,9.962
2026-01-18 15:28:35.802,9.965
2026-01-18 15:28:35.819,9.963
2026-01-18 15:28:35.835,9.962
2026-01-18 15:28:35.851,9.959
2026-01-18 15:28:35.852,9.96
2026-01-18 15:28:35.869,9.964
2026-01-18 15:28:35.884,9.963
2026-01-18 15:28:35.885,9.963
2026-01-18 15:28:35.921,9.96
2026-01-18 15:28:35.923,9.958
2026-01-18 15:28:35.923,9.956
2026-01-18 15:28:35.932,9.954
2026-01-18 15:28:35.953,9.951
2026-01-18 15:28:35.968,9.943
2026-01-18 15:28:35.968,9.945
2026-01-18 15:28:35.986,9.946
2026-01-18 15:28:36.002,9.941
2026-01-18 15:28:36.018,9.941
2026-01-18 15:28:36.019,9.941
2026-01-18 15:28:36.037,9.942
2026-01-18 15:28:36.053,9.946
2026-01-18 15:28:36.053,9.943
2026-01-18 15:28:36.069,9.96
2026-01-18 15:28:36.086,9.959
2026-01-18 15:28:36.104,9.962
2026-01-18 15:28:36.105,9.959
2026-01-18 15:28:36.119,9.954
2026-01-18 15:28:36.136,9.966
2026-01-18 15:28:36.136,9.961
2026-01-18 15:28:36.152,9.962
2026-01-18 15:28:36.170,9.957
2026-01-18 15:28:36.185,9.956
2026-01-18 15:28:36.186,9.975
2026-01-18 15:28:36.203,9.967
2026-01-18 15:28:36.220,9.968
2026-01-18 15:28:36.221,9.968
2026-01-18 15:28:36.235,9.961
2026-01-18 15:28:36.252,9.97
2026-01-18 15:28:36.268,9.97
2026-01-18 15:28:36.268,9.968
2026-01-18 15:28:36.286,9.96
2026-01-18 15:28:36.302,9.956
2026-01-18 15:28:36.318,9.954
2026-01-18 15:28:36.319,9.95
2026-01-18 15:28:36.335,9.954
2026-01-18 15:28:36.353,9.954
2026-01-18 15:28:36.353,9.954
2026-01-18 15:28:36.369,9.965
2026-01-18 15:28:36.387,9.964
2026-01-18 15:28:36.401,9.965
2026-01-18 15:28:36.402,9.966
2026-01-18 15:28:36.418,9.96
2026-01-18 15:28:36.436,9.958
2026-01-18 15:28:36.436,9.961
2026-01-18 15:28:36.453,9.959
2026-01-18 15:28:36.468,9.953
2026-01-18 15:28:36.486,9.953
2026-01-18 15:28:36.486,9.951
2026-01-18 15:28:36.502,9.951
2026-01-18 15:28:36.518,9.958
2026-01-18 15:28:36.536,9.959
2026-01-18 15:28:36.536,9.959
2026-01-18 15:28:36.553,9.974
2026-01-18 15:28:36.568,9.972
2026-01-18 15:28:36.569,9.977
2026-01-18 15:28:36.586,9.973
2026-01-18 15:28:36.603,9.965
2026-01-18 15:28:36.604,9.981
2026-01-18 15:28:36.618,9.974
2026-01-18 15:28:36.636,9.971
2026-01-18 15:28:36.653,9.97
2026-01-18 15:28:36.653,9.966
2026-01-18 15:28:36.670,9.978
2026-01-18 15:28:36.686,9.973
2026-01-18 15:28:36.703,9.974
2026-01-18 15:28:36.703,9.971
2026-01-18 15:28:36.718,9.968
2026-01-18 15:28:36.735,9.964
2026-01-18 15:28:36.735,9.961
2026-01-18 15:28:36.753,9.959
2026-01-18 15:28:36.768,9.961
2026-01-18 15:28:36.785,9.958
2026-01-18 15:28:36.786,9.959
2026-01-18 15:28:36.802,9.957
2026-01-18 15:28:36.819,9.958
2026-01-18 15:28:36.836,9.957
2026-01-18 15:28:36.836,9.954
2026-01-18 15:28:36.853,9.952
2026-01-18 15:28:36.869,9.961
2026-01-18 15:28:36.869,9.959
2026-01-18 15:28:36.895,9.959
2026-01-18 15:28:36.895,9.957
2026-01-18 15:28:36.904,9.954
2026-01-18 15:28:36.918,9.957
2026-01-18 15:28:36.936,9.951
2026-01-18 15:28:36.953,9.955
2026-01-18 15:28:36.953,9.955
2026-01-18 15:28:36.968,9.953
2026-01-18 15:28:36.986,9.954
2026-01-18 15:28:37.003,9.962
2026-01-18 15:28:37.003,9.96
2026-01-18 15:28:37.019,9.959
2026-01-18 15:28:37.036,9.965
2026-01-18 15:28:37.036,9.959
2026-01-18 15:28:37.053,9.959
2026-01-18 15:28:37.068,9.951
2026-01-18 15:28:37.085,9.953
2026-01-18 15:28:37.086,9.967
2026-01-18 15:28:37.103,9.967
2026-01-18 15:28:37.117,9.973
2026-01-18 15:28:37.136,9.968
2026-01-18 15:28:37.136,9.965
2026-01-18 15:28:37.153,9.961
2026-01-18 15:28:37.168,9.961
2026-01-18 15:28:37.168,9.958
2026-01-18 15:28:37.186,9.959
2026-01-18 15:28:37.202,9.957
2026-01-18 15:28:37.219,9.956
2026-01-18 15:28:37.219,9.953
2026-01-18 15:28:37.236,9.954
2026-01-18 15:28:37.284,9.961
2026-01-18 15:28:37.285,9.959
2026-01-18 15:28:37.285,9.96
2026-01-18 15:28:37.285,9.963
2026-01-18 15:28:37.292,9.967
2026-01-18 15:28:37.301,9.961
2026-01-18 15:28:37.320,9.962
2026-01-18 15:28:37.336,9.96
2026-01-18 15:28:37.336,9.96
2026-01-18 15:28:37.353,9.963
2026-01-18 15:28:37.369,9.96
2026-01-18 15:28:37.386,9.958
2026-01-18 15:28:37.386,9.96
2026-01-18 15:28:37.403,9.96
2026-01-18 15:28:37.419,9.955
2026-01-18 15:28:37.420,9.959
2026-01-18 15:28:37.435,9.956
2026-01-18 15:28:37.452,9.958
2026-01-18 15:28:37.469,9.962
2026-01-18 15:28:37.469,9.965
2026-01-18 15:28:37.485,9.968
2026-01-18 15:28:37.502,9.968
2026-01-18 15:28:37.502,9.983
2026-01-18 15:28:37.518,9.986
2026-01-18 15:28:37.535,9.988
2026-01-18 15:28:37.551,9.985
2026-01-18 15:28:37.552,9.98
2026-01-18 15:28:37.569,9.974
2026-01-18 15:28:37.585,9.971
2026-01-18 15:28:37.602,9.965
2026-01-18 15:28:37.603,9.96
2026-01-18 15:28:37.618,9.962
2026-01-18 15:28:37.635,9.961
2026-01-18 15:28:37.651,9.96
2026-01-18 15:28:37.651,9.962
2026-01-18 15:28:37.669,9.962
2026-01-18 15:28:37.686,9.965
2026-01-18 15:28:37.686,9.962
2026-01-18 15:28:37.702,9.958
2026-01-18 15:28:37.719,9.97
2026-01-18 15:28:37.736,9.965
2026-01-18 15:28:37.736,9.962
2026-01-18 15:28:37.752,9.978
2026-01-18 15:28:37.767,9.975
2026-01-18 15:28:37.768,9.971
2026-01-18 15:28:37.785,9.971
2026-01-18 15:28:37.802,9.967
2026-01-18 15:28:37.819,9.987
2026-01-18 15:28:37.819,9.983
2026-01-18 15:28:37.835,9.986
2026-01-18 15:28:37.853,9.981
2026-01-18 15:28:37.869,9.973
2026-01-18 15:28:37.884,9.975
2026-01-18 15:28:37.906,9.971
2026-01-18 15:28:37.907,9.97
2026-01-18 15:28:37.917,9.968
2026-01-18 15:28:37.935,9.968
2026-01-18 15:28:37.951,9.965
2026-01-18 15:28:37.951,9.965
2026-01-18 15:28:37.968,9.964
2026-01-18 15:28:37.985,9.965
2026-01-18 15:28:37.986,9.98
2026-01-18 15:28:38.000,9.973
2026-01-18 15:28:38.018,9.976
2026-01-18 15:28:38.034,9.972
2026-01-18 15:28:38.035,9.97
2026-01-18 15:28:38.051,9.96
2026-01-18 15:28:38.068,9.967
2026-01-18 15:28:38.068,9.964
2026-01-18 15:28:38.084,9.964
2026-01-18 15:28:38.101,9.963
2026-01-18 15:28:38.118,9.968
2026-01-18 15:28:38.119,9.967
2026-01-18 15:28:38.135,9.962
2026-01-18 15:28:38.151,9.96
2026-01-18 15:28:38.152,9.956
2026-01-18 15:28:38.168,9.955
2026-01-18 15:28:38.184,9.953
2026-01-18 15:28:38.202,9.955
2026-01-18 15:28:38.203,9.952
2026-01-18 15:28:38.219,9.949
2026-01-18 15:28:38.236,9.946
2026-01-18 15:28:38.236,9.952
2026-01-18 15:28:38.253,9.95
2026-01-18 15:28:38.270,9.953
2026-01-18 15:28:38.285,9.952
2026-01-18 15:28:38.286,9.953
2026-01-18 15:28:38.300,9.957
2026-01-18 15:28:38.320,9.956
2026-01-18 15:28:38.321,9.966
2026-01-18 15:28:38.335,9.959
2026-01-18 15:28:38.352,9.959
2026-01-18 15:28:38.368,9.956
2026-01-18 15:28:38.369,9.955
2026-01-18 15:28:38.385,9.957
2026-01-18 15:28:38.402,9.951
2026-01-18 15:28:38.418,9.953
2026-01-18 15:28:38.418,9.949
2026-01-18 15:28:38.434,9.949
2026-01-18 15:28:38.453,9.95
2026-01-18 15:28:38.453,9.951
2026-01-18 15:28:38.468,9.953
2026-01-18 15:28:38.485,9.95
2026-01-18 15:28:38.502,9.95
2026-01-18 15:28:38.502,9.949
2026-01-18 15:28:38.517,9.947
2026-01-18 15:28:38.536,9.952
2026-01-18 15:28:38.537,9.949
2026-01-18 15:28:38.551,9.947
2026-01-18 15:28:38.569,9.951
2026-01-18 15:28:38.586,9.968
2026-01-18 15:28:38.586,9.963
2026-01-18 15:28:38.601,9.96
2026-01-18 15:28:38.628,9.955
2026-01-18 15:28:38.629,9.956
2026-01-18 15:28:38.639,9.958
2026-01-18 15:28:38.652,9.97
2026-01-18 15:28:38.669,9.964
2026-01-18 15:28:38.669,9.959
2026-01-18 15:28:38.685,9.957
2026-01-18 15:28:38.702,9.951
2026-01-18 15:28:38.718,9.947
2026-01-18 15:28:38.719,9.943
2026-01-18 15:28:38.736,9.941
2026-01-18 15:28:38.752,9.945
2026-01-18 15:28:38.752,9.943
2026-01-18 15:28:38.768,9.944
2026-01-18 15:28:38.785,9.946
2026-01-18 15:28:38.801,9.966
2026-01-18 15:28:38.801,9.964
2026-01-18 15:28:38.818,9.963
2026-01-18 15:28:38.836,9.969
2026-01-18 15:28:38.836,9.963
2026-01-18 15:28:38.852,9.961
2026-01-18 15:28:38.869,9.957
2026-01-18 15:28:38.891,9.955
2026-01-18 15:28:38.891,9.954
2026-01-18 15:28:38.901,9.951
2026-01-18 15:28:38.919,9.95
2026-01-18 15:28:38.936,9.95
2026-01-18 15:28:38.937,9.947
2026-01-18 15:28:38.951,9.943
2026-01-18 15:28:38.968,9.949
2026-01-18 15:28:38.969,9.946
2026-01-18 15:28:38.985,9.944
2026-01-18 15:28:39.001,9.941
2026-01-18 15:28:39.018,9.946
2026-01-18 15:28:39.019,9.947
2026-01-18 15:28:39.035,9.946
2026-01-18 15:28:39.051,9.947
2026-01-18 15:28:39.051,9.948
2026-01-18 15:28:39.067,9.968
2026-01-18 15:28:39.085,9.965
2026-01-18 15:28:39.103,9.963
2026-01-18 15:28:39.104,9.963
2026-01-18 15:28:39.118,9.96
2026-01-18 15:28:39.136,9.958
2026-01-18 15:28:39.136,9.952
2026-01-18 15:28:39.151,9.951
2026-01-18 15:28:39.169,9.953
2026-01-18 15:28:39.184,9.954
2026-01-18 15:28:39.185,9.951
2026-01-18 15:28:39.202,9.952
2026-01-18 15:28:39.218,9.95
2026-01-18 15:28:39.219,9.954
2026-01-18 15:28:39.235,9.96
2026-01-18 15:28:39.251,9.959
2026-01-18 15:28:39.269,9.956
2026-01-18 15:28:39.270,9.959
2026-01-18 15:28:39.283,9.96
2026-01-18 15:28:39.301,9.96
2026-01-18 15:28:39.318,9.977
2026-01-18 15:28:39.319,9.979
2026-01-18 15:28:39.335,9.983
2026-01-18 15:28:39.352,9.979
2026-01-18 15:28:39.352,9.977
2026-01-18 15:28:39.368,9.987
2026-01-18 15:28:39.384,9.985
2026-01-18 15:28:39.402,9.986
2026-01-18 15:28:39.403,9.98
2026-01-18 15:28:39.419,9.977
2026-01-18 15:28:39.436,10.012
2026-01-18 15:28:39.436,10.002
2026-01-18 15:28:39.452,9.994
2026-01-18 15:28:39.468,9.99
2026-01-18 15:28:39.484,9.982
2026-01-18 15:28:39.485,9.974
2026-01-18 15:28:39.501,9.968
2026-01-18 15:28:39.518,9.966
2026-01-18 15:28:39.535,9.961
2026-01-18 15:28:39.535,9.96
2026-01-18 15:28:39.552,9.955
2026-01-18 15:28:39.567,9.958
2026-01-18 15:28:39.568,9.958
2026-01-18 15:28:39.585,9.953
2026-01-18 15:28:39.602,9.952
2026-01-18 15:28:39.618,9.951
2026-01-18 15:28:39.619,9.95
2026-01-18 15:28:39.634,9.952
2026-01-18 15:28:39.651,9.954
2026-01-18 15:28:39.652,9.954
2026-01-18 15:28:39.668,9.967
2026-01-18 15:28:39.684,9.965
2026-01-18 15:28:39.700,9.96
2026-01-18 15:28:39.701,9.967
2026-01-18 15:28:39.717,9.965
2026-01-18 15:28:39.735,9.958
2026-01-18 15:28:39.736,9.955
2026-01-18 15:28:39.750,9.957
2026-01-18 15:28:39.768,9.961
2026-01-18 15:28:39.784,9.965
2026-01-18 15:28:39.784,9.964
2026-01-18 15:28:39.801,9.962
2026-01-18 15:28:39.817,9.961
2026-01-18 15:28:39.834,9.957
2026-01-18 15:28:39.834,9.953
2026-01-18 15:28:39.851,9.964
2026-01-18 15:28:39.867,9.963
2026-01-18 15:28:39.868,9.966
2026-01-18 15:28:39.891,9.966
2026-01-18 15:28:39.891,9.962
2026-01-18 15:28:39.919,9.976
2026-01-18 15:28:39.919,9.973
2026-01-18 15:28:39.936,9.972
2026-01-18 15:28:39.952,9.967
2026-01-18 15:28:39.952,9.961
2026-01-18 15:28:39.991,9.958
2026-01-18 15:28:39.994,9.958
2026-01-18 15:28:39.994,9.954
2026-01-18 15:28:40.003,9.96
2026-01-18 15:28:40.018,9.96
2026-01-18 15:28:40.034,9.955
2026-01-18 15:28:40.050,9.952
2026-01-18 15:28:40.050,9.956
2026-01-18 15:28:40.067,9.956
2026-01-18 15:28:40.083,9.956
2026-01-18 15:28:40.084,9.953
2026-01-18 15:28:40.101,9.952
2026-01-18 15:28:40.117,9.954
2026-01-18 15:28:40.134,9.953
2026-01-18 15:28:40.151,9.952
2026-01-18 15:28:40.168,9.95
2026-01-18 15:28:40.168,9.95
2026-01-18 15:28:40.184,9.942
2026-01-18 15:28:40.200,9.945
2026-01-18 15:28:40.218,9.964
2026-01-18 15:28:40.218,9.969
2026-01-18 15:28:40.235,9.963
2026-01-18 15:28:40.252,9.959
2026-01-18 15:28:40.252,9.958
2026-01-18 15:28:40.268,9.971
2026-01-18 15:28:40.285,9.965
2026-01-18 15:28:40.302,9.97
2026-01-18 15:28:40.302,9.965
2026-01-18 15:28:40.318,9.964
2026-01-18 15:28:40.335,9.976
2026-01-18 15:28:40.336,9.975
2026-01-18 15:28:40.352,9.978
2026-01-18 15:28:40.368,9.973
2026-01-18 15:28:40.385,9.969
2026-01-18 15:28:40.385,9.984
2026-01-18 15:28:40.401,9.979
2026-01-18 15:28:40.418,9.973
2026-01-18 15:28:40.435,9.97
2026-01-18 15:28:40.435,9.967
2026-01-18 15:28:40.452,9.963
2026-01-18 15:28:40.468,9.969
2026-01-18 15:28:40.469,9.965
2026-01-18 15:28:40.485,9.964
2026-01-18 15:28:40.502,9.961
2026-01-18 15:28:40.518,9.961
2026-01-18 15:28:40.519,9.961
2026-01-18 15:28:40.534,9.958
2026-01-18 15:28:40.552,9.957
2026-01-18 15:28:40.552,9.953
2026-01-18 15:28:40.568,9.956
2026-01-18 15:28:40.585,9.965
2026-01-18 15:28:40.602,9.96
2026-01-18 15:28:40.602,9.961
2026-01-18 15:28:40.619,9.964
2026-01-18 15:28:40.635,9.958
2026-01-18 15:28:40.636,9.962
2026-01-18 15:28:40.652,9.961
2026-01-18 15:28:40.669,9.962
2026-01-18 15:28:40.684,9.962
2026-01-18 15:28:40.684,9.96
2026-01-18 15:28:40.701,9.967
2026-01-18 15:28:40.718,9.964
2026-01-18 15:28:40.736,9.962
2026-01-18 15:28:40.736,9.962
2026-01-18 15:28:40.752,9.98
2026-01-18 15:28:40.768,9.976
2026-01-18 15:28:40.768,9.975
2026-01-18 15:28:40.784,9.974
2026-01-18 15:28:40.802,9.968
2026-01-18 15:28:40.819,9.966
2026-01-18 15:28:40.820,9.963
2026-01-18 15:28:40.834,9.957
2026-01-18 15:28:40.851,9.953
2026-01-18 15:28:40.852,9.953
2026-01-18 15:28:40.869,9.949
2026-01-18 15:28:40.885,9.951
2026-01-18 15:28:40.909,9.955
2026-01-18 15:28:40.909,9.961
2026-01-18 15:28:40.920,9.959
2026-01-18 15:28:40.934,9.957
2026-01-18 15:28:40.935,9.955
2026-01-18 15:28:40.952,9.958
2026-01-18 15:28:40.969,9.952
2026-01-18 15:28:40.985,9.952
2026-01-18 15:28:40.986,9.961
2026-01-18 15:28:41.003,9.964
2026-01-18 15:28:41.018,9.96
2026-01-18 15:28:41.035,9.96
2026-01-18 15:28:41.036,9.959
2026-01-18 15:28:41.052,9.956
2026-01-18 15:28:41.068,9.954
2026-01-18 15:28:41.068,9.955
2026-01-18 15:28:41.084,9.955
2026-01-18 15:28:41.100,9.953
2026-01-18 15:28:41.117,9.953
2026-01-18 15:28:41.118,9.959
2026-01-18 15:28:41.136,9.958
2026-01-18 15:28:41.151,9.963
2026-01-18 15:28:41.152,9.96
2026-01-18 15:28:41.168,9.968
2026-01-18 15:28:41.185,9.959
2026-01-18 15:28:41.203,9.96
2026-01-18 15:28:41.204,9.956
2026-01-18 15:28:41.218,9.952
2026-01-18 15:28:41.235,9.968
2026-01-18 15:28:41.236,9.963
2026-01-18 15:28:41.252,9.966
2026-01-18 15:28:41.268,9.965
2026-01-18 15:28:41.285,9.959
2026-01-18 15:28:41.285,9.971
2026-01-18 15:28:41.302,9.963
2026-01-18 15:28:41.318,9.966
2026-01-18 15:28:41.357,9.973
2026-01-18 15:28:41.357,9.968
2026-01-18 15:28:41.359,9.987
2026-01-18 15:28:41.359,9.978
2026-01-18 15:28:41.385,9.98
2026-01-18 15:28:41.385,9.978
2026-01-18 15:28:41.402,9.97
2026-01-18 15:28:41.417,9.985
2026-01-18 15:28:41.418,9.977
2026-01-18 15:28:41.434,9.973
2026-01-18 15:28:41.452,9.969
2026-01-18 15:28:41.452,9.966
2026-01-18 15:28:41.469,9.98
2026-01-18 15:28:41.484,9.975
2026-01-18 15:28:41.500,9.97
2026-01-18 15:28:41.501,9.965
2026-01-18 15:28:41.518,9.96
2026-01-18 15:28:41.535,9.958
2026-01-18 15:28:41.535,9.967
2026-01-18 15:28:41.551,9.965
2026-01-18 15:28:41.569,9.958
2026-01-18 15:28:41.583,9.955
2026-01-18 15:28:41.584,9.958
2026-01-18 15:28:41.601,9.957
2026-01-18 15:28:41.617,9.963
2026-01-18 15:28:41.635,9.958
2026-01-18 15:28:41.635,9.954
2026-01-18 15:28:41.651,9.972
2026-01-18 15:28:41.668,9.968
2026-01-18 15:28:41.668,9.968
2026-01-18 15:28:41.684,9.965
2026-01-18 15:28:41.703,9.964
2026-01-18 15:28:41.704,9.974
2026-01-18 15:28:41.719,9.971
2026-01-18 15:28:41.735,9.971
2026-01-18 15:28:41.751,9.972
2026-01-18 15:28:41.752,9.966
2026-01-18 15:28:41.767,9.978
2026-01-18 15:28:41.785,9.969
2026-01-18 15:28:41.801,9.966
2026-01-18 15:28:41.802,9.968
2026-01-18 15:28:41.818,9.965
2026-01-18 15:28:41.835,9.961
2026-01-18 15:28:41.836,9.958
2026-01-18 15:28:41.850,9.954
2026-01-18 15:28:41.867,9.955
2026-01-18 15:28:41.893,9.956
2026-01-18 15:28:41.894,9.958
2026-01-18 15:28:41.902,9.957
2026-01-18 15:28:41.917,9.954
2026-01-18 15:28:41.935,9.954
2026-01-18 15:28:41.935,9.952
2026-01-18 15:28:41.952,9.952
2026-01-18 15:28:41.968,9.948
2026-01-18 15:28:41.968,9.948
2026-01-18 15:28:41.983,9.948
2026-01-18 15:28:42.000,9.947
2026-01-18 15:28:42.017,9.945
2026-01-18 15:28:42.018,9.946
2026-01-18 15:28:42.035,9.95
2026-01-18 15:28:42.050,9.949
2026-01-18 15:28:42.051,9.948
2026-01-18 15:28:42.068,9.948
2026-01-18 15:28:42.085,9.95
2026-01-18 15:28:42.100,9.946
2026-01-18 15:28:42.101,9.945
2026-01-18 15:28:42.116,9.943
2026-01-18 15:28:42.134,9.961
2026-01-18 15:28:42.136,9.96
2026-01-18 15:28:42.151,9.959
2026-01-18 15:28:42.167,9.953
2026-01-18 15:28:42.184,9.95
2026-01-18 15:28:42.185,9.947
2026-01-18 15:28:42.202,9.945
2026-01-18 15:28:42.218,9.943
2026-01-18 15:28:42.235,9.944
2026-01-18 15:28:42.235,9.942
2026-01-18 15:28:42.252,9.946
2026-01-18 15:28:42.269,9.945
2026-01-18 15:28:42.270,9.948
2026-01-18 15:28:42.284,9.947
2026-01-18 15:28:42.302,9.945
2026-01-18 15:28:42.318,9.941
2026-01-18 15:28:42.318,9.94
2026-01-18 15:28:42.335,9.943
2026-01-18 15:28:42.352,9.944
2026-01-18 15:28:42.352,9.946
2026-01-18 15:28:42.367,9.949
2026-01-18 15:28:42.385,9.943
2026-01-18 15:28:42.401,9.942
2026-01-18 15:28:42.402,9.939
2026-01-18 15:28:42.417,9.942
2026-01-18 15:28:42.433,9.943
2026-01-18 15:28:42.451,9.941
2026-01-18 15:28:42.452,9.945
2026-01-18 15:28:42.468,9.951
2026-01-18 15:28:42.484,9.948
2026-01-18 15:28:42.485,9.947
2026-01-18 15:28:42.502,9.952
2026-01-18 15:28:42.518,9.952
2026-01-18 15:28:42.535,9.952
2026-01-18 15:28:42.535,9.954
2026-01-18 15:28:42.552,9.969
2026-01-18 15:28:42.568,9.962
2026-01-18 15:28:42.568,9.963
2026-01-18 15:28:42.585,9.961
2026-01-18 15:28:42.601,9.958
2026-01-18 15:28:42.617,9.964
2026-01-18 15:28:42.617,9.967
2026-01-18 15:28:42.635,9.961
2026-01-18 15:28:42.652,9.955
2026-01-18 15:28:42.652,9.952
2026-01-18 15:28:42.667,9.949
2026-01-18 15:28:42.685,9.943
2026-01-18 15:28:42.730,9.946
2026-01-18 15:28:42.731,9.957
2026-01-18 15:28:42.732,9.957
2026-01-18 15:28:42.733,9.967
2026-01-18 15:28:42.742,9.959
2026-01-18 15:28:42.750,9.959
2026-01-18 15:28:42.768,9.953
2026-01-18 15:28:42.785,9.949
2026-01-18 15:28:42.785,9.961
2026-01-18 15:28:42.802,9.955
2026-01-18 15:28:42.818,9.958
2026-01-18 15:28:42.835,9.956
2026-01-18 15:28:42.835,9.95
2026-01-18 15:28:42.852,9.951
2026-01-18 15:28:42.869,9.954
2026-01-18 15:28:42.870,9.953
2026-01-18 15:28:42.885,9.95
2026-01-18 15:28:42.906,9.947
2026-01-18 15:28:42.907,9.946
2026-01-18 15:28:42.916,9.948
2026-01-18 15:28:42.936,9.944
2026-01-18 15:28:42.952,9.942
2026-01-18 15:28:42.952,9.946
2026-01-18 15:28:42.967,9.95
2026-01-18 15:28:42.985,9.947
2026-01-18 15:28:43.001,9.948
2026-01-18 15:28:43.001,9.951
2026-01-18 15:28:43.018,9.948
2026-01-18 15:28:43.035,9.966
2026-01-18 15:28:43.036,9.962
2026-01-18 15:28:43.051,9.961
2026-01-18 15:28:43.068,9.958
2026-01-18 15:28:43.085,9.953
2026-01-18 15:28:43.086,9.95
2026-01-18 15:28:43.103,9.95
2026-01-18 15:28:43.118,9.948
2026-01-18 15:28:43.135,9.949
2026-01-18 15:28:43.135,9.947
2026-01-18 15:28:43.151,9.944
2026-01-18 15:28:43.168,9.943
2026-01-18 15:28:43.168,9.942
2026-01-18 15:28:43.184,9.939
2026-01-18 15:28:43.202,9.939
2026-01-18 15:28:43.217,9.944
2026-01-18 15:28:43.218,9.943
2026-01-18 15:28:43.235,9.941
2026-01-18 15:28:43.249,9.94
2026-01-18 15:28:43.265,9.954
2026-01-18 15:28:43.267,9.952
2026-01-18 15:28:43.285,9.952
2026-01-18 15:28:43.301,9.956
2026-01-18 15:28:43.301,9.959
2026-01-18 15:28:43.318,9.958
2026-01-18 15:28:43.335,9.956
2026-01-18 15:28:43.335,9.953
2026-01-18 15:28:43.351,9.952
2026-01-18 15:28:43.368,9.952
2026-01-18 15:28:43.383,9.949
2026-01-18 15:28:43.384,9.944
2026-01-18 15:28:43.400,9.944
2026-01-18 15:28:43.416,9.943
2026-01-18 15:28:43.435,9.95
2026-01-18 15:28:43.436,9.945
2026-01-18 15:28:43.450,9.942
2026-01-18 15:28:43.468,9.942
2026-01-18 15:28:43.469,9.951
2026-01-18 15:28:43.485,9.947
2026-01-18 15:28:43.501,9.952
2026-01-18 15:28:43.517,9.967
2026-01-18 15:28:43.517,9.957
2026-01-18 15:28:43.535,9.954
2026-01-18 15:28:43.550,9.95
2026-01-18 15:28:43.551,9.948
2026-01-18 15:28:43.568,9.963
2026-01-18 15:28:43.584,9.958
2026-01-18 15:28:43.599,9.957
2026-01-18 15:28:43.601,9.957
2026-01-18 15:28:43.618,9.964
2026-01-18 15:28:43.633,9.96
2026-01-18 15:28:43.650,9.963
2026-01-18 15:28:43.651,9.957
2026-01-18 15:28:43.668,9.952
2026-01-18 15:28:43.684,9.951
2026-01-18 15:28:43.685,9.969
2026-01-18 15:28:43.701,9.966
2026-01-18 15:28:43.718,9.963
2026-01-18 15:28:43.735,9.958
2026-01-18 15:28:43.735,9.955
2026-01-18 15:28:43.751,9.97
2026-01-18 15:28:43.769,9.967
2026-01-18 15:28:43.769,9.973
2026-01-18 15:28:43.785,9.968
2026-01-18 15:28:43.800,9.965
2026-01-18 15:28:43.817,9.974
2026-01-18 15:28:43.818,9.967
2026-01-18 15:28:43.835,9.959
2026-01-18 15:28:43.850,9.966
2026-01-18 15:28:43.851,9.963
2026-01-18 15:28:43.867,9.967
2026-01-18 15:28:43.884,9.961
2026-01-18 15:28:43.908,9.96
2026-01-18 15:28:43.908,9.955
2026-01-18 15:28:43.917,9.955
2026-01-18 15:28:43.935,9.972
2026-01-18 15:28:43.936,9.97
2026-01-18 15:28:43.951,9.964
2026-01-18 15:28:43.967,9.962
2026-01-18 15:28:43.985,9.964
2026-01-18 15:28:43.985,9.962
2026-01-18 15:28:44.002,9.963
2026-01-18 15:28:44.017,9.967
2026-01-18 15:28:44.034,9.962
2026-01-18 15:28:44.034,9.965
2026-01-18 15:28:44.051,9.961
2026-01-18 15:28:44.108,9.957
2026-01-18 15:28:44.109,9.952
2026-01-18 15:28:44.109,9.948
2026-01-18 15:28:44.109,9.946
2026-01-18 15:28:44.110,9.957
2026-01-18 15:28:44.116,9.958
2026-01-18 15:28:44.135,9.954
2026-01-18 15:28:44.151,9.952
2026-01-18 15:28:44.152,9.949
2026-01-18 15:28:44.166,9.947
2026-01-18 15:28:44.183,9.946
2026-01-18 15:28:44.199,9.945
2026-01-18 15:28:44.199,9.941
2026-01-18 15:28:44.216,9.946
2026-01-18 15:28:44.233,9.948
2026-01-18 15:28:44.250,9.947
2026-01-18 15:28:44.250,9.946
2026-01-18 15:28:44.266,9.952
2026-01-18 15:28:44.284,9.95
2026-01-18 15:28:44.284,9.953
2026-01-18 15:28:44.300,9.958
2026-01-18 15:28:44.316,9.952
2026-01-18 15:28:44.334,9.951
2026-01-18 15:28:44.334,9.951
2026-01-18 15:28:44.351,9.958
2026-01-18 15:28:44.367,9.958
2026-01-18 15:28:44.368,9.965
2026-01-18 15:28:44.384,9.959
2026-01-18 15:28:44.401,9.957
2026-01-18 15:28:44.417,9.965
2026-01-18 15:28:44.418,9.964
2026-01-18 15:28:44.433,9.97
2026-01-18 15:28:44.451,9.965
2026-01-18 15:28:44.451,9.96
2026-01-18 15:28:44.467,9.957
2026-01-18 15:28:44.485,9.954
2026-01-18 15:28:44.501,9.954
2026-01-18 15:28:44.502,9.949
2026-01-18 15:28:44.517,9.953
2026-01-18 15:28:44.534,9.951
2026-01-18 15:28:44.550,9.953
2026-01-18 15:28:44.550,9.954
2026-01-18 15:28:44.566,9.951
2026-01-18 15:28:44.584,9.945
2026-01-18 15:28:44.585,9.941
2026-01-18 15:28:44.601,9.94
2026-01-18 15:28:44.617,9.94
2026-01-18 15:28:44.634,9.941
2026-01-18 15:28:44.635,9.941
2026-01-18 15:28:44.649,9.944
2026-01-18 15:28:44.666,9.946
2026-01-18 15:28:44.667,9.948
2026-01-18 15:28:44.683,9.951
2026-01-18 15:28:44.701,9.95
2026-01-18 15:28:44.717,9.952
2026-01-18 15:28:44.718,9.95
2026-01-18 15:28:44.735,9.949
2026-01-18 15:28:44.751,9.948
2026-01-18 15:28:44.752,9.945
2026-01-18 15:28:44.767,9.944
2026-01-18 15:28:44.784,9.943
2026-01-18 15:28:44.801,9.944
2026-01-18 15:28:44.801,9.945
2026-01-18 15:28:44.817,9.951
2026-01-18 15:28:44.834,9.951
2026-01-18 15:28:44.835,9.953
2026-01-18 15:28:44.851,9.953
2026-01-18 15:28:44.868,9.956
2026-01-18 15:28:44.892,9.952
2026-01-18 15:28:44.892,9.972
2026-01-18 15:28:44.901,9.969
2026-01-18 15:28:44.916,9.969
2026-01-18 15:28:44.935,9.97
2026-01-18 15:28:44.935,9.965
2026-01-18 15:28:44.950,9.961
2026-01-18 15:28:44.967,9.957
2026-01-18 15:28:44.968,9.96
2026-01-18 15:28:44.984,9.963
2026-01-18 15:28:45.001,9.969
2026-01-18 15:28:45.017,9.97
2026-01-18 15:28:45.017,9.968
2026-01-18 15:28:45.051,9.964
2026-01-18 15:28:45.052,9.966
2026-01-18 15:28:45.066,9.965
2026-01-18 15:28:45.084,9.961
2026-01-18 15:28:45.112,9.965
2026-01-18 15:28:45.112,9.97
2026-01-18 15:28:45.113,9.98
2026-01-18 15:28:45.125,9.995
2026-01-18 15:28:45.136,9.989
2026-01-18 15:28:45.151,9.985
2026-01-18 15:28:45.166,9.98
2026-01-18 15:28:45.183,9.976
2026-01-18 15:28:45.200,9.972
2026-01-18 15:28:45.200,9.968
2026-01-18 15:28:45.217,9.965
2026-01-18 15:28:45.233,9.966
2026-01-18 15:28:45.234,9.965
2026-01-18 15:28:45.250,9.965
2026-01-18 15:28:45.266,9.965
2026-01-18 15:28:45.267,9.958
2026-01-18 15:28:45.283,9.955
2026-01-18 15:28:45.299,9.953
2026-01-18 15:28:45.317,9.963
2026-01-18 15:28:45.317,9.963
2026-01-18 15:28:45.333,9.963
2026-01-18 15:28:45.350,9.957
2026-01-18 15:28:45.351,9.96
2026-01-18 15:28:45.367,9.975
2026-01-18 15:28:45.383,9.976
2026-01-18 15:28:45.401,9.969
2026-01-18 15:28:45.401,9.963
2026-01-18 15:28:45.441,9.957
2026-01-18 15:28:45.442,9.955
2026-01-18 15:28:45.442,9.953
2026-01-18 15:28:45.466,9.952
2026-01-18 15:28:45.483,9.953
2026-01-18 15:28:45.483,9.956
2026-01-18 15:28:45.501,9.957
2026-01-18 15:28:45.517,9.961
2026-01-18 15:28:45.533,9.959
2026-01-18 15:28:45.534,9.957
2026-01-18 15:28:45.552,9.974
2026-01-18 15:28:45.568,9.97
2026-01-18 15:28:45.568,9.967
2026-01-18 15:28:45.583,9.967
2026-01-18 15:28:45.600,9.967
2026-01-18 15:28:45.617,9.969
2026-01-18 15:28:45.618,9.968
2026-01-18 15:28:45.633,9.969
2026-01-18 15:28:45.651,9.973
2026-01-18 15:28:45.652,9.969
2026-01-18 15:28:45.666,9.972
2026-01-18 15:28:45.684,9.972
2026-01-18 15:28:45.701,9.97
2026-01-18 15:28:45.701,9.974
2026-01-18 15:28:45.718,9.972
2026-01-18 15:28:45.734,9.971
2026-01-18 15:28:45.750,9.973
2026-01-18 15:28:45.751,9.98
2026-01-18 15:28:45.767,9.973
2026-01-18 15:28:45.784,9.98
2026-01-18 15:28:45.784,9.993
2026-01-18 15:28:45.800,9.984
2026-01-18 15:28:45.817,9.98
2026-01-18 15:28:45.833,9.973
2026-01-18 15:28:45.834,9.968
2026-01-18 15:28:45.850,9.965
2026-01-18 15:28:45.867,9.965
2026-01-18 15:28:45.867,9.963
2026-01-18 15:28:45.882,9.959
2026-01-18 15:28:45.903,9.958
2026-01-18 15:28:45.904,9.956
2026-01-18 15:28:45.916,9.953
2026-01-18 15:28:45.932,9.951
2026-01-18 15:28:45.949,9.949
2026-01-18 15:28:45.966,9.95
2026-01-18 15:28:45.966,9.948
2026-01-18 15:28:45.983,9.948
2026-01-18 15:28:46.000,9.949
2026-01-18 15:28:46.001,9.945
2026-01-18 15:28:46.016,9.944
2026-01-18 15:28:46.032,9.946
2026-01-18 15:28:46.049,9.947
2026-01-18 15:28:46.049,9.946
2026-01-18 15:28:46.067,9.942
2026-01-18 15:28:46.082,9.945
2026-01-18 15:28:46.099,9.947
2026-01-18 15:28:46.100,9.951
2026-01-18 15:28:46.115,9.95
2026-01-18 15:28:46.133,9.95
2026-01-18 15:28:46.133,9.95
2026-01-18 15:28:46.149,9.95
2026-01-18 15:28:46.166,9.953
2026-01-18 15:28:46.183,9.954
2026-01-18 15:28:46.183,9.956
2026-01-18 15:28:46.200,9.952
2026-01-18 15:28:46.217,9.95
2026-01-18 15:28:46.217,9.948
2026-01-18 15:28:46.233,9.946
2026-01-18 15:28:46.250,9.945
2026-01-18 15:28:46.267,9.943
2026-01-18 15:28:46.267,9.971
2026-01-18 15:28:46.283,9.968
2026-01-18 15:28:46.300,9.963
2026-01-18 15:28:46.300,9.957
2026-01-18 15:28:46.316,9.957
2026-01-18 15:28:46.333,9.955
2026-01-18 15:28:46.350,9.956
2026-01-18 15:28:46.351,9.958
2026-01-18 15:28:46.365,9.957
2026-01-18 15:28:46.383,9.958
2026-01-18 15:28:46.384,9.957
2026-01-18 15:28:46.400,9.955
2026-01-18 15:28:46.417,9.955
2026-01-18 15:28:46.433,9.965
2026-01-18 15:28:46.434,9.962
2026-01-18 15:28:46.451,9.959
2026-01-18 15:28:46.467,9.96
2026-01-18 15:28:46.468,9.959
2026-01-18 15:28:46.483,9.957
2026-01-18 15:28:46.500,9.957
2026-01-18 15:28:46.517,9.954
2026-01-18 15:28:46.517,9.951
2026-01-18 15:28:46.534,9.953
2026-01-18 15:28:46.550,9.952
2026-01-18 15:28:46.567,9.949
2026-01-18 15:28:46.567,9.947
2026-01-18 15:28:46.584,9.945
2026-01-18 15:28:46.600,9.941
2026-01-18 15:28:46.601,9.94
2026-01-18 15:28:46.617,9.94
2026-01-18 15:28:46.634,9.957
2026-01-18 15:28:46.649,9.953
2026-01-18 15:28:46.650,9.95
2026-01-18 15:28:46.667,9.947
2026-01-18 15:28:46.683,9.95
2026-01-18 15:28:46.700,9.951
2026-01-18 15:28:46.717,9.956
2026-01-18 15:28:46.734,9.957
2026-01-18 15:28:46.735,9.957
2026-01-18 15:28:46.750,9.959
2026-01-18 15:28:46.766,9.959
2026-01-18 15:28:46.767,9.96
2026-01-18 15:28:46.783,9.958
2026-01-18 15:28:46.811,9.957
2026-01-18 15:28:46.812,9.952
2026-01-18 15:28:46.824,9.951
2026-01-18 15:28:46.833,9.953
2026-01-18 15:28:46.850,9.961
2026-01-18 15:28:46.867,9.958
2026-01-18 15:28:46.867,9.959
2026-01-18 15:28:46.883,9.955
2026-01-18 15:28:46.905,9.958
2026-01-18 15:28:46.906,9.953
2026-01-18 15:28:46.917,9.947
2026-01-18 15:28:46.936,9.962
2026-01-18 15:28:46.936,9.959
2026-01-18 15:28:46.949,9.956
2026-01-18 15:28:46.967,9.953
2026-01-18 15:28:46.983,9.95
2026-01-18 15:28:46.984,9.97
2026-01-18 15:28:46.999,9.968
2026-01-18 15:28:47.015,9.967
2026-01-18 15:28:47.033,9.96
2026-01-18 15:28:47.050,9.956
2026-01-18 15:28:47.066,9.953
2026-01-18 15:28:47.067,9.952
2026-01-18 15:28:47.082,9.947
2026-01-18 15:28:47.099,9.947
2026-01-18 15:28:47.116,9.956
2026-01-18 15:28:47.116,9.95
2026-01-18 15:28:47.132,9.951
2026-01-18 15:28:47.149,9.946
2026-01-18 15:28:47.167,9.946
2026-01-18 15:28:47.167,9.946
2026-01-18 15:28:47.184,9.946
2026-01-18 15:28:47.200,9.945
2026-01-18 15:28:47.200,9.946
2026-01-18 15:28:47.233,9.943
2026-01-18 15:28:47.250,9.942
2026-01-18 15:28:47.250,9.943
2026-01-18 15:28:47.266,9.943
2026-01-18 15:28:47.283,9.941
2026-01-18 15:28:47.283,9.94
2026-01-18 15:28:47.300,9.942
2026-01-18 15:28:47.317,9.938
2026-01-18 15:28:47.333,9.937
2026-01-18 15:28:47.333,9.94
2026-01-18 15:28:47.350,9.938
2026-01-18 15:28:47.367,9.938
2026-01-18 15:28:47.367,9.941
2026-01-18 15:28:47.382,9.944
2026-01-18 15:28:47.399,9.949
2026-01-18 15:28:47.417,9.949
2026-01-18 15:28:47.417,9.951
2026-01-18 15:28:47.434,9.956
2026-01-18 15:28:47.451,9.959
2026-01-18 15:28:47.452,9.953
2026-01-18 15:28:47.467,9.969
2026-01-18 15:28:47.484,9.967
2026-01-18 15:28:47.501,9.966
2026-01-18 15:28:47.501,9.964
2026-01-18 15:28:47.517,9.962
2026-01-18 15:28:47.533,9.958
2026-01-18 15:28:47.550,9.957
2026-01-18 15:28:47.550,9.951
2026-01-18 15:28:47.567,9.947
2026-01-18 15:28:47.584,9.946
2026-01-18 15:28:47.584,9.943
2026-01-18 15:28:47.600,9.941
2026-01-18 15:28:47.617,9.937
2026-01-18 15:28:47.633,9.939
2026-01-18 15:28:47.634,9.942
2026-01-18 15:28:47.649,9.953
2026-01-18 15:28:47.667,9.958
2026-01-18 15:28:47.668,9.958
2026-01-18 15:28:47.683,9.956
2026-01-18 15:28:47.699,9.953
2026-01-18 15:28:47.717,9.948
2026-01-18 15:28:47.717,9.945
2026-01-18 15:28:47.733,9.94
2026-01-18 15:28:47.749,9.946
2026-01-18 15:28:47.766,9.952
2026-01-18 15:28:47.766,9.955
2026-01-18 15:28:47.781,9.957
2026-01-18 15:28:47.798,9.956
2026-01-18 15:28:47.799,9.964
2026-01-18 15:28:47.816,9.965
2026-01-18 15:28:47.833,9.961
2026-01-18 15:28:47.849,9.957
2026-01-18 15:28:47.849,9.963
2026-01-18 15:28:47.866,9.963
2026-01-18 15:28:47.882,9.962
2026-01-18 15:28:47.906,9.978
2026-01-18 15:28:47.906,9.971
2026-01-18 15:28:47.916,9.969
2026-01-18 15:28:47.933,9.965
2026-01-18 15:28:47.933,9.965
2026-01-18 15:28:47.949,9.977
2026-01-18 15:28:47.965,9.973
2026-01-18 15:28:47.983,9.971
2026-01-18 15:28:47.983,9.967
2026-01-18 15:28:47.999,9.964
2026-01-18 15:28:48.017,9.965
2026-01-18 15:28:48.017,9.967
2026-01-18 15:28:48.032,9.968
2026-01-18 15:28:48.048,9.964
2026-01-18 15:28:48.066,9.958
2026-01-18 15:28:48.066,9.981
2026-01-18 15:28:48.083,9.978
2026-01-18 15:28:48.098,9.983
2026-01-18 15:28:48.099,9.979
2026-01-18 15:28:48.133,9.975
2026-01-18 15:28:48.176,9.969
2026-01-18 15:28:48.178,9.961
2026-01-18 15:28:48.179,9.961
2026-01-18 15:28:48.179,9.961
2026-01-18 15:28:48.186,9.961
2026-01-18 15:28:48.200,9.96
2026-01-18 15:28:48.216,9.955
2026-01-18 15:28:48.232,9.962
2026-01-18 15:28:48.233,9.958
2026-01-18 15:28:48.249,9.957
2026-01-18 15:28:48.267,9.961
2026-01-18 15:28:48.268,9.96
2026-01-18 15:28:48.283,9.958
2026-01-18 15:28:48.301,9.956
2026-01-18 15:28:48.317,9.968
2026-01-18 15:28:48.318,9.969
2026-01-18 15:28:48.333,9.974
2026-01-18 15:28:48.351,9.976
2026-01-18 15:28:48.367,9.97
2026-01-18 15:28:48.368,9.986
2026-01-18 15:28:48.383,9.977
2026-01-18 15:28:48.399,9.978
2026-01-18 15:28:48.401,9.978
2026-01-18 15:28:48.433,9.976
2026-01-18 15:28:48.449,9.97
2026-01-18 15:28:48.449,9.965
2026-01-18 15:28:48.466,9.969
2026-01-18 15:28:48.483,9.969
2026-01-18 15:28:48.484,9.966
2026-01-18 15:28:48.499,9.964
2026-01-18 15:28:48.517,9.961
2026-01-18 15:28:48.532,9.959
2026-01-18 15:28:48.533,9.958
2026-01-18 15:28:48.552,9.96
2026-01-18 15:28:48.566,9.955
2026-01-18 15:28:48.567,9.953
2026-01-18 15:28:48.583,9.948
2026-01-18 15:28:48.600,9.948
2026-01-18 15:28:48.617,9.95
2026-01-18 15:28:48.617,9.949
2026-01-18 15:28:48.633,9.947
2026-01-18 15:28:48.649,9.949
2026-01-18 15:28:48.666,9.957
2026-01-18 15:28:48.667,9.962
2026-01-18 15:28:48.683,9.962
2026-01-18 15:28:48.699,9.963
2026-01-18 15:28:48.700,9.958
2026-01-18 15:28:48.715,9.958
2026-01-18 15:28:48.733,9.953
2026-01-18 15:28:48.750,9.954
2026-01-18 15:28:48.750,9.949
2026-01-18 15:28:48.766,9.951
2026-01-18 15:28:48.783,9.955
2026-01-18 15:28:48.800,9.95
2026-01-18 15:28:48.816,9.946
2026-01-18 15:28:48.833,9.951
2026-01-18 15:28:48.833,9.952
2026-01-18 15:28:48.849,9.947
2026-01-18 15:28:48.865,9.948
2026-01-18 15:28:48.888,9.948
2026-01-18 15:28:48.888,9.947
2026-01-18 15:28:48.900,9.947
2026-01-18 15:28:48.916,9.963
2026-01-18 15:28:48.917,9.965
2026-01-18 15:28:48.932,9.965
2026-01-18 15:28:48.949,9.974
2026-01-18 15:28:48.965,9.967
2026-01-18 15:28:48.966,9.965
2026-01-18 15:28:48.983,9.959
2026-01-18 15:28:48.999,9.954
2026-01-18 15:28:49.000,9.952
2026-01-18 15:28:49.016,9.956
2026-01-18 15:28:49.033,9.955
2026-01-18 15:28:49.049,9.954
2026-01-18 15:28:49.049,9.95
2026-01-18 15:28:49.066,9.954
2026-01-18 15:28:49.082,9.951
2026-01-18 15:28:49.084,9.948
2026-01-18 15:28:49.098,9.947
2026-01-18 15:28:49.116,9.946
2026-01-18 15:28:49.133,9.947
2026-01-18 15:28:49.133,9.945
2026-01-18 15:28:49.149,9.946
2026-01-18 15:28:49.165,9.953
2026-01-18 15:28:49.183,9.951
2026-01-18 15:28:49.183,9.955
2026-01-18 15:28:49.200,9.952
2026-01-18 15:28:49.216,9.967
2026-01-18 15:28:49.217,9.962
2026-01-18 15:28:49.232,9.961
2026-01-18 15:28:49.248,9.962
2026-01-18 15:28:49.265,9.957
2026-01-18 15:28:49.265,9.956
2026-01-18 15:28:49.283,9.951
2026-01-18 15:28:49.299,9.946
2026-01-18 15:28:49.300,9.95
2026-01-18 15:28:49.316,9.958
2026-01-18 15:28:49.333,9.955
2026-01-18 15:28:49.351,9.954
2026-01-18 15:28:49.351,9.948
2026-01-18 15:28:49.366,9.957
2026-01-18 15:28:49.384,9.963
2026-01-18 15:28:49.384,9.959
2026-01-18 15:28:49.401,9.958
2026-01-18 15:28:49.417,9.962
2026-01-18 15:28:49.434,9.959
2026-01-18 15:28:49.435,9.953
2026-01-18 15:28:49.450,9.97
2026-01-18 15:28:49.466,9.964
2026-01-18 15:28:49.467,9.97
2026-01-18 15:28:49.484,9.973
2026-01-18 15:28:49.500,9.972
2026-01-18 15:28:49.541,9.987
2026-01-18 15:28:49.541,9.979
2026-01-18 15:28:49.541,9.984
2026-01-18 15:28:49.542,9.978
2026-01-18 15:28:49.566,9.971
2026-01-18 15:28:49.567,9.984
2026-01-18 15:28:49.582,9.983
2026-01-18 15:28:49.599,9.977
2026-01-18 15:28:49.599,9.969
2026-01-18 15:28:49.617,9.965
2026-01-18 15:28:49.633,9.974
2026-01-18 15:28:49.650,9.972
2026-01-18 15:28:49.651,9.97
2026-01-18 15:28:49.666,9.97
2026-01-18 15:28:49.684,9.968
2026-01-18 15:28:49.684,9.982
2026-01-18 15:28:49.701,9.979
2026-01-18 15:28:49.717,9.979
2026-01-18 15:28:49.733,9.977
2026-01-18 15:28:49.734,9.976
2026-01-18 15:28:49.751,9.985
2026-01-18 15:28:49.766,9.979
2026-01-18 15:28:49.767,9.975
2026-01-18 15:28:49.784,9.974
2026-01-18 15:28:49.800,9.968
2026-01-18 15:28:49.815,9.985
2026-01-18 15:28:49.816,9.975
2026-01-18 15:28:49.834,9.973
2026-01-18 15:28:49.849,9.967
2026-01-18 15:28:49.866,9.965
2026-01-18 15:28:49.867,9.979
2026-01-18 15:28:49.885,9.974
2026-01-18 15:28:49.899,9.973
2026-01-18 15:28:49.899,9.967
2026-01-18 15:28:49.922,9.96
2026-01-18 15:28:49.923,9.974
2026-01-18 15:28:49.949,9.966
2026-01-18 15:28:49.950,9.964
2026-01-18 15:28:49.967,9.957
2026-01-18 15:28:49.983,9.957
2026-01-18 15:28:49.984,9.966
2026-01-18 15:28:50.000,9.961
2026-01-18 15:28:50.015,9.962
2026-01-18 15:28:50.033,9.963
2026-01-18 15:28:50.033,9.961
2026-01-18 15:28:50.049,9.979
2026-01-18 15:28:50.067,9.972
2026-01-18 15:28:50.068,9.973
2026-01-18 15:28:50.082,9.97
2026-01-18 15:28:50.099,9.963
2026-01-18 15:28:50.116,9.977
2026-01-18 15:28:50.117,9.976
2026-01-18 15:28:50.149,9.972
2026-01-18 15:28:50.165,9.97
2026-01-18 15:28:50.165,9.967
2026-01-18 15:28:50.183,9.964
2026-01-18 15:28:50.200,9.958
2026-01-18 15:28:50.200,9.961
2026-01-18 15:28:50.216,9.961
2026-01-18 15:28:50.232,9.959
2026-01-18 15:28:50.249,9.956
2026-01-18 15:28:50.249,9.954
2026-01-18 15:28:50.265,9.955
2026-01-18 15:28:50.283,9.955
2026-01-18 15:28:50.283,9.961
2026-01-18 15:28:50.299,9.956
2026-01-18 15:28:50.316,9.957
2026-01-18 15:28:50.333,9.951
2026-01-18 15:28:50.333,9.952
2026-01-18 15:28:50.350,9.956
2026-01-18 15:28:50.366,9.955
2026-01-18 15:28:50.367,9.956
2026-01-18 15:28:50.383,9.956
2026-01-18 15:28:50.399,9.954
2026-01-18 15:28:50.416,9.957
2026-01-18 15:28:50.417,9.959
2026-01-18 15:28:50.433,9.957
2026-01-18 15:28:50.449,9.953
2026-01-18 15:28:50.465,9.954
2026-01-18 15:28:50.465,9.959
2026-01-18 15:28:50.484,9.956
2026-01-18 15:28:50.500,9.955
2026-01-18 15:28:50.501,9.954
2026-01-18 15:28:50.515,9.958
2026-01-18 15:28:50.533,9.954
2026-01-18 15:28:50.550,9.951
2026-01-18 15:28:50.550,9.956
2026-01-18 15:28:50.566,9.957
2026-01-18 15:28:50.582,9.956
2026-01-18 15:28:50.600,9.952
2026-01-18 15:28:50.600,9.946
2026-01-18 15:28:50.617,9.955
2026-01-18 15:28:50.633,9.955
2026-01-18 15:28:50.634,9.95
2026-01-18 15:28:50.650,9.951
2026-01-18 15:28:50.666,9.961
2026-01-18 15:28:50.683,9.959
2026-01-18 15:28:50.684,9.954
2026-01-18 15:28:50.699,9.956
2026-01-18 15:28:50.717,9.953
2026-01-18 15:28:50.717,9.954
2026-01-18 15:28:50.733,9.953
2026-01-18 15:28:50.749,9.952
2026-01-18 15:28:50.766,9.953
2026-01-18 15:28:50.767,9.95
2026-01-18 15:28:50.783,9.949
2026-01-18 15:28:50.800,9.95
2026-01-18 15:28:50.801,9.948
2026-01-18 15:28:50.816,9.946
2026-01-18 15:28:50.832,9.945
2026-01-18 15:28:50.849,9.944
2026-01-18 15:28:50.850,9.939
2026-01-18 15:28:50.866,9.944
2026-01-18 15:28:50.927,9.943
2026-01-18 15:28:50.928,9.94
2026-01-18 15:28:50.928,9.945
2026-01-18 15:28:50.929,9.944
2026-01-18 15:28:50.929,9.942
2026-01-18 15:28:50.938,9.943
2026-01-18 15:28:50.948,9.943
2026-01-18 15:28:50.966,9.943
2026-01-18 15:28:50.982,9.945
2026-01-18 15:28:50.983,9.943
2026-01-18 15:28:50.999,9.943
2026-01-18 15:28:51.015,9.949
2026-01-18 15:28:51.016,9.954
2026-01-18 15:28:51.031,9.958
2026-01-18 15:28:51.048,9.96
2026-01-18 15:28:51.066,9.954
2026-01-18 15:28:51.066,9.951
2026-01-18 15:28:51.082,9.953
2026-01-18 15:28:51.100,9.953
2026-01-18 15:28:51.100,9.953
2026-01-18 15:28:51.117,9.947
2026-01-18 15:28:51.133,9.951
2026-01-18 15:28:51.149,9.948
2026-01-18 15:28:51.150,9.952
2026-01-18 15:28:51.166,9.951
2026-01-18 15:28:51.183,9.947
2026-01-18 15:28:51.183,9.956
2026-01-18 15:28:51.199,9.953
2026-01-18 15:28:51.216,9.951
2026-01-18 15:28:51.233,9.953
2026-01-18 15:28:51.233,9.951
2026-01-18 15:28:51.249,9.949
2026-01-18 15:28:51.266,9.95
2026-01-18 15:28:51.282,9.95
2026-01-18 15:28:51.282,9.954
2026-01-18 15:28:51.300,9.954
2026-01-18 15:28:51.316,9.95
2026-01-18 15:28:51.317,9.945
2026-01-18 15:28:51.332,9.95
2026-01-18 15:28:51.348,9.948
2026-01-18 15:28:51.366,9.945
2026-01-18 15:28:51.367,9.946
2026-01-18 15:28:51.383,9.95
2026-01-18 15:28:51.399,9.946
2026-01-18 15:28:51.399,9.943
2026-01-18 15:28:51.417,9.947
2026-01-18 15:28:51.433,9.943
2026-01-18 15:28:51.449,9.942
2026-01-18 15:28:51.450,9.94
2026-01-18 15:28:51.466,9.941
2026-01-18 15:28:51.483,9.942
2026-01-18 15:28:51.483,9.94
2026-01-18 15:28:51.502,9.937
2026-01-18 15:28:51.516,9.942
2026-01-18 15:28:51.533,9.945
2026-01-18 15:28:51.534,9.949
2026-01-18 15:28:51.551,9.946
2026-01-18 15:28:51.567,9.954
2026-01-18 15:28:51.567,9.955
2026-01-18 15:28:51.583,9.96
2026-01-18 15:28:51.599,9.963
2026-01-18 15:28:51.616,9.967
2026-01-18 15:28:51.617,9.966
2026-01-18 15:28:51.633,9.967
2026-01-18 15:28:51.650,9.968
2026-01-18 15:28:51.666,9.973
2026-01-18 15:28:51.667,9.971
2026-01-18 15:28:51.683,9.966
2026-01-18 15:28:51.699,9.962
2026-01-18 15:28:51.700,9.966
2026-01-18 15:28:51.716,9.963
2026-01-18 15:28:51.732,9.959
2026-01-18 15:28:51.749,9.959
2026-01-18 15:28:51.750,9.962
2026-01-18 15:28:51.766,9.964
2026-01-18 15:28:51.783,9.963
2026-01-18 15:28:51.784,9.959
2026-01-18 15:28:51.800,9.959
2026-01-18 15:28:51.816,9.959
2026-01-18 15:28:51.834,9.96
2026-01-18 15:28:51.834,9.955
2026-01-18 15:28:51.851,9.951
2026-01-18 15:28:51.866,9.954
2026-01-18 15:28:51.883,9.951
2026-01-18 15:28:51.883,9.949
2026-01-18 15:28:51.901,9.949
2026-01-18 15:28:51.922,9.961
2026-01-18 15:28:51.923,9.956
2026-01-18 15:28:51.932,9.953
2026-01-18 15:28:51.949,9.95
2026-01-18 15:28:51.966,9.955
2026-01-18 15:28:51.966,9.951
2026-01-18 15:28:51.983,9.948
2026-01-18 15:28:51.999,9.957
2026-01-18 15:28:52.000,9.957
2026-01-18 15:28:52.017,9.961
2026-01-18 15:28:52.032,9.96
2026-01-18 15:28:52.050,9.959
2026-01-18 15:28:52.051,9.954
2026-01-18 15:28:52.066,9.957
2026-01-18 15:28:52.083,9.954
2026-01-18 15:28:52.083,9.95
2026-01-18 15:28:52.100,9.951
2026-01-18 15:28:52.116,9.952
2026-01-18 15:28:52.133,9.952
2026-01-18 15:28:52.134,9.95
2026-01-18 15:28:52.149,9.952
2026-01-18 15:28:52.166,9.953
2026-01-18 15:28:52.166,9.95
2026-01-18 15:28:52.183,9.948
2026-01-18 15:28:52.200,9.953
2026-01-18 15:28:52.217,9.953
2026-01-18 15:28:52.218,9.95
2026-01-18 15:28:52.232,9.951
2026-01-18 15:28:52.260,9.955
2026-01-18 15:28:52.262,9.958
2026-01-18 15:28:52.268,9.956
2026-01-18 15:28:52.279,9.954
2026-01-18 15:28:52.300,9.956
2026-01-18 15:28:52.300,9.956
2026-01-18 15:28:52.316,9.954
2026-01-18 15:28:52.331,9.949
2026-01-18 15:28:52.350,9.946
2026-01-18 15:28:52.351,9.945
2026-01-18 15:28:52.366,9.944
2026-01-18 15:28:52.381,9.95
