Timestamp,Distance(m)
2026-01-13 16:56:20.902,1.05
2026-01-13 16:56:20.916,1.054
2026-01-13 16:56:20.917,1.06
2026-01-13 16:56:20.933,1.056
2026-01-13 16:56:20.949,1.059
2026-01-13 16:56:20.964,1.055
2026-01-13 16:56:20.966,1.054
2026-01-13 16:56:20.982,1.055
2026-01-13 16:56:20.998,1.055
2026-01-13 16:56:20.998,1.053
2026-01-13 16:56:21.017,1.052
2026-01-13 16:56:21.034,1.05
2026-01-13 16:56:21.048,1.047
2026-01-13 16:56:21.049,1.048
2026-01-13 16:56:21.066,1.05
2026-01-13 16:56:21.082,1.056
2026-01-13 16:56:21.100,1.055
2026-01-13 16:56:21.101,1.053
2026-01-13 16:56:21.116,1.057
2026-01-13 16:56:21.133,1.052
2026-01-13 16:56:21.134,1.049
2026-01-13 16:56:21.148,1.052
2026-01-13 16:56:21.166,1.053
2026-01-13 16:56:21.184,1.051
2026-01-13 16:56:21.185,1.053
2026-01-13 16:56:21.199,1.053
2026-01-13 16:56:21.217,1.054
2026-01-13 16:56:21.217,1.055
2026-01-13 16:56:21.232,1.057
2026-01-13 16:56:21.250,1.058
2026-01-13 16:56:21.252,1.052
2026-01-13 16:56:21.266,1.047
2026-01-13 16:56:21.284,1.045
2026-01-13 16:56:21.300,1.046
2026-01-13 16:56:21.300,1.049
2026-01-13 16:56:21.315,1.044
2026-01-13 16:56:21.332,1.044
2026-01-13 16:56:21.351,1.044
2026-01-13 16:56:21.351,1.046
2026-01-13 16:56:21.366,1.043
2026-01-13 16:56:21.383,1.043
2026-01-13 16:56:21.383,1.043
2026-01-13 16:56:21.400,1.038
2026-01-13 16:56:21.417,1.037
2026-01-13 16:56:21.436,1.033
2026-01-13 16:56:21.436,1.028
2026-01-13 16:56:21.450,1.028
2026-01-13 16:56:21.467,1.031
2026-01-13 16:56:21.468,1.03
2026-01-13 16:56:21.489,1.033
2026-01-13 16:56:21.499,1.033
2026-01-13 16:56:21.516,1.027
2026-01-13 16:56:21.516,1.031
2026-01-13 16:56:21.531,1.031
2026-01-13 16:56:21.550,1.035
2026-01-13 16:56:21.567,1.04
2026-01-13 16:56:21.567,1.037
2026-01-13 16:56:21.584,1.036
2026-01-13 16:56:21.599,1.037
2026-01-13 16:56:21.600,1.039
2026-01-13 16:56:21.616,1.04
2026-01-13 16:56:21.632,1.038
2026-01-13 16:56:21.649,1.035
2026-01-13 16:56:21.649,1.033
2026-01-13 16:56:21.666,1.037
2026-01-13 16:56:21.683,1.035
2026-01-13 16:56:21.683,1.037
2026-01-13 16:56:21.698,1.038
2026-01-13 16:56:21.717,1.039
2026-01-13 16:56:21.733,1.039
2026-01-13 16:56:21.733,1.037
2026-01-13 16:56:21.749,1.035
2026-01-13 16:56:21.766,1.036
2026-01-13 16:56:21.767,1.03
2026-01-13 16:56:21.782,1.023
2026-01-13 16:56:21.799,1.024
2026-01-13 16:56:21.815,1.028
2026-01-13 16:56:21.816,1.028
2026-01-13 16:56:21.834,1.027
2026-01-13 16:56:21.850,1.029
2026-01-13 16:56:21.851,1.026
2026-01-13 16:56:21.867,1.024
2026-01-13 16:56:21.883,1.028
2026-01-13 16:56:21.899,1.03
2026-01-13 16:56:21.899,1.032
2026-01-13 16:56:21.917,1.034
2026-01-13 16:56:21.934,1.034
2026-01-13 16:56:21.935,1.035
2026-01-13 16:56:21.949,1.034
2026-01-13 16:56:21.966,1.035
2026-01-13 16:56:21.983,1.029
2026-01-13 16:56:21.984,1.028
2026-01-13 16:56:21.999,1.035
2026-01-13 16:56:22.017,1.034
2026-01-13 16:56:22.033,1.03
2026-01-13 16:56:22.033,1.03
2026-01-13 16:56:22.050,1.025
2026-01-13 16:56:22.067,1.027
2026-01-13 16:56:22.067,1.025
2026-01-13 16:56:22.082,1.03
2026-01-13 16:56:22.099,1.033
2026-01-13 16:56:22.117,1.035
2026-01-13 16:56:22.117,1.033
2026-01-13 16:56:22.132,1.028
2026-01-13 16:56:22.150,1.03
2026-01-13 16:56:22.166,1.029
2026-01-13 16:56:22.167,1.028
2026-01-13 16:56:22.183,1.025
2026-01-13 16:56:22.199,1.027
2026-01-13 16:56:22.199,1.029
2026-01-13 16:56:22.246,1.033
2026-01-13 16:56:22.248,1.031
2026-01-13 16:56:22.248,1.031
2026-01-13 16:56:22.248,1.033
2026-01-13 16:56:22.266,1.03
2026-01-13 16:56:22.283,1.031
2026-01-13 16:56:22.283,1.029
2026-01-13 16:56:22.299,1.026
2026-01-13 16:56:22.316,1.028
2026-01-13 16:56:22.332,1.026
2026-01-13 16:56:22.335,1.022
2026-01-13 16:56:22.349,1.02
2026-01-13 16:56:22.366,1.017
2026-01-13 16:56:22.382,1.015
2026-01-13 16:56:22.382,1.019
2026-01-13 16:56:22.399,1.018
2026-01-13 16:56:22.415,1.022
2026-01-13 16:56:22.415,1.02
2026-01-13 16:56:22.432,1.021
2026-01-13 16:56:22.449,1.026
2026-01-13 16:56:22.464,1.028
2026-01-13 16:56:22.465,1.031
2026-01-13 16:56:22.489,1.035
2026-01-13 16:56:22.489,1.035
2026-01-13 16:56:22.499,1.032
2026-01-13 16:56:22.515,1.031
2026-01-13 16:56:22.532,1.033
2026-01-13 16:56:22.550,1.039
2026-01-13 16:56:22.550,1.042
2026-01-13 16:56:22.565,1.039
2026-01-13 16:56:22.582,1.041
2026-01-13 16:56:22.598,1.046
2026-01-13 16:56:22.598,1.045
2026-01-13 16:56:22.614,1.047
2026-01-13 16:56:22.631,1.045
2026-01-13 16:56:22.631,1.049
2026-01-13 16:56:22.649,1.049
2026-01-13 16:56:22.666,1.056
2026-01-13 16:56:22.667,1.055
2026-01-13 16:56:22.682,1.055
2026-01-13 16:56:22.698,1.057
2026-01-13 16:56:22.717,1.059
2026-01-13 16:56:22.717,1.061
2026-01-13 16:56:22.733,1.062
2026-01-13 16:56:22.749,1.061
2026-01-13 16:56:22.765,1.062
2026-01-13 16:56:22.766,1.059
2026-01-13 16:56:22.783,1.057
2026-01-13 16:56:22.798,1.059
2026-01-13 16:56:22.816,1.06
2026-01-13 16:56:22.816,1.059
2026-01-13 16:56:22.832,1.061
2026-01-13 16:56:22.848,1.056
2026-01-13 16:56:22.849,1.059
2026-01-13 16:56:22.865,1.055
2026-01-13 16:56:22.882,1.054
2026-01-13 16:56:22.900,1.05
2026-01-13 16:56:22.900,1.05
2026-01-13 16:56:22.916,1.054
2026-01-13 16:56:22.933,1.057
2026-01-13 16:56:22.933,1.048
2026-01-13 16:56:22.949,1.048
2026-01-13 16:56:22.966,1.045
2026-01-13 16:56:22.967,1.05
2026-01-13 16:56:22.982,1.052
2026-01-13 16:56:23.000,1.048
2026-01-13 16:56:23.016,1.047
2026-01-13 16:56:23.016,1.045
2026-01-13 16:56:23.032,1.048
2026-01-13 16:56:23.049,1.049
2026-01-13 16:56:23.066,1.05
2026-01-13 16:56:23.066,1.05
2026-01-13 16:56:23.082,1.051
2026-01-13 16:56:23.100,1.049
2026-01-13 16:56:23.100,1.052
2026-01-13 16:56:23.116,1.045
2026-01-13 16:56:23.132,1.048
2026-01-13 16:56:23.150,1.049
2026-01-13 16:56:23.150,1.045
2026-01-13 16:56:23.166,1.05
2026-01-13 16:56:23.182,1.049
2026-01-13 16:56:23.182,1.051
2026-01-13 16:56:23.198,1.048
2026-01-13 16:56:23.215,1.047
2026-01-13 16:56:23.232,1.051
2026-01-13 16:56:23.233,1.05
2026-01-13 16:56:23.248,1.05
2026-01-13 16:56:23.265,1.05
2026-01-13 16:56:23.281,1.047
2026-01-13 16:56:23.282,1.05
2026-01-13 16:56:23.297,1.054
2026-01-13 16:56:23.315,1.053
2026-01-13 16:56:23.315,1.057
2026-01-13 16:56:23.332,1.052
2026-01-13 16:56:23.348,1.051
2026-01-13 16:56:23.365,1.053
2026-01-13 16:56:23.365,1.051
2026-01-13 16:56:23.381,1.053
2026-01-13 16:56:23.398,1.051
2026-01-13 16:56:23.399,1.048
2026-01-13 16:56:23.414,1.052
2026-01-13 16:56:23.431,1.055
2026-01-13 16:56:23.449,1.056
2026-01-13 16:56:23.449,1.054
2026-01-13 16:56:23.464,1.053
2026-01-13 16:56:23.486,1.054
2026-01-13 16:56:23.487,1.052
2026-01-13 16:56:23.497,1.051
2026-01-13 16:56:23.514,1.047
2026-01-13 16:56:23.531,1.046
2026-01-13 16:56:23.531,1.048
2026-01-13 16:56:23.547,1.05
2026-01-13 16:56:23.591,1.051
2026-01-13 16:56:23.591,1.048
2026-01-13 16:56:23.592,1.044
2026-01-13 16:56:23.592,1.046
2026-01-13 16:56:23.615,1.043
2026-01-13 16:56:23.615,1.042
2026-01-13 16:56:23.632,1.042
2026-01-13 16:56:23.648,1.042
2026-01-13 16:56:23.664,1.04
2026-01-13 16:56:23.664,1.037
2026-01-13 16:56:23.683,1.04
2026-01-13 16:56:23.700,1.045
2026-01-13 16:56:23.701,1.045
2026-01-13 16:56:23.715,1.044
2026-01-13 16:56:23.732,1.044
2026-01-13 16:56:23.748,1.044
2026-01-13 16:56:23.748,1.044
2026-01-13 16:56:23.765,1.045
2026-01-13 16:56:23.781,1.043
2026-01-13 16:56:23.797,1.044
2026-01-13 16:56:23.797,1.041
2026-01-13 16:56:23.815,1.039
2026-01-13 16:56:23.832,1.037
2026-01-13 16:56:23.832,1.035
2026-01-13 16:56:23.849,1.033
2026-01-13 16:56:23.865,1.033
2026-01-13 16:56:23.883,1.037
2026-01-13 16:56:23.884,1.034
2026-01-13 16:56:23.898,1.028
2026-01-13 16:56:23.916,1.028
2026-01-13 16:56:23.916,1.03
2026-01-13 16:56:23.931,1.031
2026-01-13 16:56:23.947,1.032
2026-01-13 16:56:23.964,1.036
2026-01-13 16:56:23.964,1.033
2026-01-13 16:56:23.981,1.029
2026-01-13 16:56:23.998,1.027
2026-01-13 16:56:23.999,1.024
2026-01-13 16:56:24.015,1.027
2026-01-13 16:56:24.031,1.026
2026-01-13 16:56:24.048,1.023
2026-01-13 16:56:24.048,1.019
2026-01-13 16:56:24.065,1.019
2026-01-13 16:56:24.081,1.017
2026-01-13 16:56:24.098,1.019
2026-01-13 16:56:24.098,1.021
2026-01-13 16:56:24.115,1.026
2026-01-13 16:56:24.132,1.023
2026-01-13 16:56:24.132,1.021
2026-01-13 16:56:24.147,1.02
2026-01-13 16:56:24.166,1.018
2026-01-13 16:56:24.167,1.017
2026-01-13 16:56:24.183,1.017
2026-01-13 16:56:24.197,1.02
2026-01-13 16:56:24.214,1.023
2026-01-13 16:56:24.232,1.02
2026-01-13 16:56:24.232,1.017
2026-01-13 16:56:24.248,1.016
2026-01-13 16:56:24.265,1.017
2026-01-13 16:56:24.266,1.019
2026-01-13 16:56:24.282,1.021
2026-01-13 16:56:24.298,1.019
2026-01-13 16:56:24.316,1.017
2026-01-13 16:56:24.316,1.021
2026-01-13 16:56:24.331,1.021
2026-01-13 16:56:24.348,1.025
2026-01-13 16:56:24.348,1.03
2026-01-13 16:56:24.364,1.027
2026-01-13 16:56:24.382,1.028
2026-01-13 16:56:24.382,1.032
2026-01-13 16:56:24.397,1.027
2026-01-13 16:56:24.415,1.023
2026-01-13 16:56:24.432,1.023
2026-01-13 16:56:24.432,1.027
2026-01-13 16:56:24.448,1.027
2026-01-13 16:56:24.465,1.031
2026-01-13 16:56:24.487,1.035
2026-01-13 16:56:24.488,1.034
2026-01-13 16:56:24.498,1.033
2026-01-13 16:56:24.514,1.035
2026-01-13 16:56:24.515,1.034
2026-01-13 16:56:24.531,1.031
2026-01-13 16:56:24.547,1.033
2026-01-13 16:56:24.564,1.031
2026-01-13 16:56:24.564,1.029
2026-01-13 16:56:24.581,1.036
2026-01-13 16:56:24.597,1.034
2026-01-13 16:56:24.614,1.034
2026-01-13 16:56:24.614,1.035
2026-01-13 16:56:24.631,1.033
2026-01-13 16:56:24.648,1.035
2026-01-13 16:56:24.649,1.038
2026-01-13 16:56:24.665,1.033
2026-01-13 16:56:24.682,1.032
2026-01-13 16:56:24.698,1.032
2026-01-13 16:56:24.699,1.037
2026-01-13 16:56:24.715,1.037
2026-01-13 16:56:24.731,1.036
2026-01-13 16:56:24.732,1.035
2026-01-13 16:56:24.747,1.037
2026-01-13 16:56:24.764,1.037
2026-01-13 16:56:24.781,1.039
2026-01-13 16:56:24.781,1.038
2026-01-13 16:56:24.797,1.037
2026-01-13 16:56:24.815,1.035
2026-01-13 16:56:24.815,1.032
2026-01-13 16:56:24.831,1.031
2026-01-13 16:56:24.848,1.028
2026-01-13 16:56:24.865,1.03
2026-01-13 16:56:24.865,1.031
2026-01-13 16:56:24.881,1.039
2026-01-13 16:56:24.897,1.035
2026-01-13 16:56:24.914,1.034
2026-01-13 16:56:24.915,1.037
2026-01-13 16:56:24.955,1.033
2026-01-13 16:56:24.956,1.032
2026-01-13 16:56:24.956,1.027
2026-01-13 16:56:24.963,1.03
2026-01-13 16:56:24.981,1.035
2026-01-13 16:56:25.000,1.039
2026-01-13 16:56:25.000,1.042
2026-01-13 16:56:25.015,1.043
2026-01-13 16:56:25.033,1.041
2026-01-13 16:56:25.034,1.045
2026-01-13 16:56:25.049,1.043
2026-01-13 16:56:25.065,1.038
2026-01-13 16:56:25.083,1.043
2026-01-13 16:56:25.083,1.043
2026-01-13 16:56:25.100,1.044
2026-01-13 16:56:25.116,1.046
2026-01-13 16:56:25.116,1.046
2026-01-13 16:56:25.131,1.047
2026-01-13 16:56:25.152,1.05
2026-01-13 16:56:25.152,1.053
2026-01-13 16:56:25.164,1.047
2026-01-13 16:56:25.183,1.043
2026-01-13 16:56:25.198,1.039
2026-01-13 16:56:25.200,1.037
2026-01-13 16:56:25.214,1.032
2026-01-13 16:56:25.233,1.033
2026-01-13 16:56:25.248,1.037
2026-01-13 16:56:25.248,1.031
2026-01-13 16:56:25.267,1.026
2026-01-13 16:56:25.285,1.025
2026-01-13 16:56:25.285,1.033
2026-01-13 16:56:25.298,1.036
2026-01-13 16:56:25.316,1.032
2026-01-13 16:56:25.332,1.034
2026-01-13 16:56:25.332,1.039
2026-01-13 16:56:25.350,1.043
2026-01-13 16:56:25.367,1.045
2026-01-13 16:56:25.368,1.043
2026-01-13 16:56:25.382,1.044
2026-01-13 16:56:25.397,1.047
2026-01-13 16:56:25.414,1.049
2026-01-13 16:56:25.430,1.055
2026-01-13 16:56:25.431,1.055
2026-01-13 16:56:25.448,1.056
2026-01-13 16:56:25.464,1.06
2026-01-13 16:56:25.465,1.058
2026-01-13 16:56:25.487,1.06
2026-01-13 16:56:25.487,1.062
2026-01-13 16:56:25.500,1.058
2026-01-13 16:56:25.514,1.055
2026-01-13 16:56:25.530,1.055
2026-01-13 16:56:25.550,1.049
2026-01-13 16:56:25.550,1.041
2026-01-13 16:56:25.566,1.039
2026-01-13 16:56:25.582,1.035
2026-01-13 16:56:25.598,1.032
2026-01-13 16:56:25.599,1.031
2026-01-13 16:56:25.616,1.034
2026-01-13 16:56:25.633,1.039
2026-01-13 16:56:25.633,1.038
2026-01-13 16:56:25.648,1.038
2026-01-13 16:56:25.666,1.034
2026-01-13 16:56:25.682,1.036
2026-01-13 16:56:25.682,1.038
2026-01-13 16:56:25.699,1.039
2026-01-13 16:56:25.715,1.037
2026-01-13 16:56:25.717,1.036
2026-01-13 16:56:25.732,1.033
2026-01-13 16:56:25.748,1.033
2026-01-13 16:56:25.766,1.032
2026-01-13 16:56:25.766,1.034
2026-01-13 16:56:25.784,1.035
2026-01-13 16:56:25.799,1.033
2026-01-13 16:56:25.799,1.03
2026-01-13 16:56:25.818,1.029
2026-01-13 16:56:25.832,1.032
2026-01-13 16:56:25.851,1.03
2026-01-13 16:56:25.851,1.031
2026-01-13 16:56:25.866,1.033
2026-01-13 16:56:25.883,1.031
2026-01-13 16:56:25.883,1.031
2026-01-13 16:56:25.898,1.036
2026-01-13 16:56:25.916,1.033
2026-01-13 16:56:25.934,1.033
2026-01-13 16:56:25.935,1.034
2026-01-13 16:56:25.948,1.034
2026-01-13 16:56:25.966,1.036
2026-01-13 16:56:25.982,1.039
2026-01-13 16:56:25.982,1.034
2026-01-13 16:56:25.998,1.031
2026-01-13 16:56:26.016,1.031
2026-01-13 16:56:26.017,1.034
2026-01-13 16:56:26.033,1.027
2026-01-13 16:56:26.047,1.031
2026-01-13 16:56:26.064,1.032
2026-01-13 16:56:26.064,1.036
2026-01-13 16:56:26.082,1.034
2026-01-13 16:56:26.098,1.029
2026-01-13 16:56:26.098,1.029
2026-01-13 16:56:26.116,1.027
2026-01-13 16:56:26.132,1.034
2026-01-13 16:56:26.148,1.031
2026-01-13 16:56:26.148,1.032
2026-01-13 16:56:26.166,1.031
2026-01-13 16:56:26.182,1.029
2026-01-13 16:56:26.183,1.026
2026-01-13 16:56:26.197,1.025
2026-01-13 16:56:26.215,1.027
2026-01-13 16:56:26.232,1.027
2026-01-13 16:56:26.232,1.022
2026-01-13 16:56:26.248,1.02
2026-01-13 16:56:26.265,1.018
2026-01-13 16:56:26.282,1.018
2026-01-13 16:56:26.282,1.019
2026-01-13 16:56:26.302,1.023
2026-01-13 16:56:26.303,1.026
2026-01-13 16:56:26.315,1.023
2026-01-13 16:56:26.333,1.025
2026-01-13 16:56:26.348,1.022
2026-01-13 16:56:26.367,1.021
2026-01-13 16:56:26.367,1.024
2026-01-13 16:56:26.382,1.022
2026-01-13 16:56:26.398,1.017
2026-01-13 16:56:26.399,1.02
2026-01-13 16:56:26.417,1.019
2026-01-13 16:56:26.432,1.02
2026-01-13 16:56:26.448,1.022
2026-01-13 16:56:26.448,1.023
2026-01-13 16:56:26.465,1.023
2026-01-13 16:56:26.491,1.029
2026-01-13 16:56:26.491,1.03
2026-01-13 16:56:26.498,1.025
2026-01-13 16:56:26.514,1.023
2026-01-13 16:56:26.532,1.023
2026-01-13 16:56:26.533,1.032
2026-01-13 16:56:26.548,1.031
2026-01-13 16:56:26.564,1.032
2026-01-13 16:56:26.582,1.029
2026-01-13 16:56:26.583,1.035
2026-01-13 16:56:26.598,1.037
2026-01-13 16:56:26.614,1.038
2026-01-13 16:56:26.615,1.036
2026-01-13 16:56:26.631,1.04
2026-01-13 16:56:26.649,1.039
2026-01-13 16:56:26.665,1.041
2026-01-13 16:56:26.665,1.04
2026-01-13 16:56:26.682,1.037
2026-01-13 16:56:26.697,1.032
2026-01-13 16:56:26.715,1.031
2026-01-13 16:56:26.715,1.028
2026-01-13 16:56:26.732,1.027
2026-01-13 16:56:26.748,1.025
2026-01-13 16:56:26.748,1.027
2026-01-13 16:56:26.764,1.026
2026-01-13 16:56:26.783,1.024
2026-01-13 16:56:26.784,1.024
2026-01-13 16:56:26.797,1.023
2026-01-13 16:56:26.815,1.024
2026-01-13 16:56:26.832,1.023
2026-01-13 16:56:26.833,1.027
2026-01-13 16:56:26.849,1.027
2026-01-13 16:56:26.865,1.03
2026-01-13 16:56:26.882,1.035
2026-01-13 16:56:26.882,1.033
2026-01-13 16:56:26.898,1.033
2026-01-13 16:56:26.916,1.033
2026-01-13 16:56:26.916,1.032
2026-01-13 16:56:26.932,1.029
2026-01-13 16:56:26.948,1.026
2026-01-13 16:56:26.963,1.021
2026-01-13 16:56:26.963,1.024
2026-01-13 16:56:26.980,1.029
2026-01-13 16:56:26.997,1.029
2026-01-13 16:56:27.015,1.033
2026-01-13 16:56:27.015,1.034
2026-01-13 16:56:27.030,1.031
2026-01-13 16:56:27.047,1.029
2026-01-13 16:56:27.047,1.029
2026-01-13 16:56:27.065,1.032
2026-01-13 16:56:27.080,1.037
2026-01-13 16:56:27.097,1.035
2026-01-13 16:56:27.098,1.038
2026-01-13 16:56:27.114,1.033
2026-01-13 16:56:27.131,1.031
2026-01-13 16:56:27.131,1.034
2026-01-13 16:56:27.147,1.032
2026-01-13 16:56:27.163,1.027
2026-01-13 16:56:27.181,1.024
2026-01-13 16:56:27.181,1.03
2026-01-13 16:56:27.198,1.031
2026-01-13 16:56:27.215,1.031
2026-01-13 16:56:27.215,1.028
2026-01-13 16:56:27.233,1.03
2026-01-13 16:56:27.247,1.028
2026-01-13 16:56:27.265,1.029
2026-01-13 16:56:27.265,1.028
2026-01-13 16:56:27.284,1.024
2026-01-13 16:56:27.298,1.023
2026-01-13 16:56:27.314,1.027
2026-01-13 16:56:27.315,1.025
2026-01-13 16:56:27.331,1.023
2026-01-13 16:56:27.350,1.022
2026-01-13 16:56:27.350,1.024
2026-01-13 16:56:27.365,1.026
2026-01-13 16:56:27.383,1.029
2026-01-13 16:56:27.383,1.031
2026-01-13 16:56:27.399,1.028
2026-01-13 16:56:27.415,1.023
2026-01-13 16:56:27.432,1.027
2026-01-13 16:56:27.432,1.03
2026-01-13 16:56:27.448,1.035
2026-01-13 16:56:27.465,1.03
2026-01-13 16:56:27.490,1.028
2026-01-13 16:56:27.490,1.03
2026-01-13 16:56:27.498,1.034
2026-01-13 16:56:27.514,1.034
2026-01-13 16:56:27.514,1.034
2026-01-13 16:56:27.532,1.032
2026-01-13 16:56:27.548,1.034
2026-01-13 16:56:27.566,1.036
2026-01-13 16:56:27.567,1.034
2026-01-13 16:56:27.582,1.036
2026-01-13 16:56:27.598,1.034
2026-01-13 16:56:27.599,1.033
2026-01-13 16:56:27.615,1.028
2026-01-13 16:56:27.633,1.029
2026-01-13 16:56:27.648,1.025
2026-01-13 16:56:27.648,1.032
2026-01-13 16:56:27.677,1.034
2026-01-13 16:56:27.679,1.037
2026-01-13 16:56:27.687,1.036
2026-01-13 16:56:27.698,1.035
2026-01-13 16:56:27.715,1.035
2026-01-13 16:56:27.732,1.039
2026-01-13 16:56:27.732,1.032
2026-01-13 16:56:27.748,1.03
2026-01-13 16:56:27.765,1.029
2026-01-13 16:56:27.785,1.032
2026-01-13 16:56:27.786,1.03
2026-01-13 16:56:27.799,1.028
2026-01-13 16:56:27.815,1.032
2026-01-13 16:56:27.815,1.034
2026-01-13 16:56:27.831,1.03
2026-01-13 16:56:27.849,1.034
2026-01-13 16:56:27.866,1.031
2026-01-13 16:56:27.866,1.024
2026-01-13 16:56:27.882,1.027
2026-01-13 16:56:27.898,1.029
2026-01-13 16:56:27.915,1.03
2026-01-13 16:56:27.916,1.027
2026-01-13 16:56:27.932,1.024
2026-01-13 16:56:27.948,1.025
2026-01-13 16:56:27.949,1.027
2026-01-13 16:56:27.965,1.03
2026-01-13 16:56:27.983,1.03
2026-01-13 16:56:27.983,1.031
2026-01-13 16:56:27.998,1.029
2026-01-13 16:56:28.015,1.027
2026-01-13 16:56:28.034,1.028
2026-01-13 16:56:28.034,1.031
2026-01-13 16:56:28.048,1.035
2026-01-13 16:56:28.065,1.032
2026-01-13 16:56:28.082,1.028
2026-01-13 16:56:28.082,1.027
2026-01-13 16:56:28.098,1.025
2026-01-13 16:56:28.114,1.028
2026-01-13 16:56:28.130,1.026
2026-01-13 16:56:28.131,1.028
2026-01-13 16:56:28.147,1.029
2026-01-13 16:56:28.163,1.023
2026-01-13 16:56:28.164,1.027
2026-01-13 16:56:28.181,1.028
2026-01-13 16:56:28.197,1.029
2026-01-13 16:56:28.214,1.025
2026-01-13 16:56:28.214,1.027
2026-01-13 16:56:28.230,1.024
2026-01-13 16:56:28.248,1.025
2026-01-13 16:56:28.248,1.02
2026-01-13 16:56:28.265,1.028
2026-01-13 16:56:28.281,1.03
2026-01-13 16:56:28.297,1.032
2026-01-13 16:56:28.298,1.032
2026-01-13 16:56:28.315,1.034
2026-01-13 16:56:28.332,1.03
2026-01-13 16:56:28.332,1.03
2026-01-13 16:56:28.348,1.029
2026-01-13 16:56:28.364,1.03
2026-01-13 16:56:28.381,1.033
2026-01-13 16:56:28.381,1.034
2026-01-13 16:56:28.398,1.03
2026-01-13 16:56:28.414,1.026
2026-01-13 16:56:28.415,1.026
2026-01-13 16:56:28.431,1.029
2026-01-13 16:56:28.447,1.03
2026-01-13 16:56:28.463,1.035
2026-01-13 16:56:28.464,1.036
2026-01-13 16:56:28.489,1.033
2026-01-13 16:56:28.489,1.032
2026-01-13 16:56:28.514,1.027
2026-01-13 16:56:28.514,1.032
2026-01-13 16:56:28.530,1.032
2026-01-13 16:56:28.548,1.031
2026-01-13 16:56:28.549,1.033
2026-01-13 16:56:28.569,1.033
2026-01-13 16:56:28.571,1.025
2026-01-13 16:56:28.583,1.021
2026-01-13 16:56:28.599,1.024
2026-01-13 16:56:28.616,1.026
2026-01-13 16:56:28.632,1.03
2026-01-13 16:56:28.633,1.027
2026-01-13 16:56:28.648,1.031
2026-01-13 16:56:28.665,1.033
2026-01-13 16:56:28.682,1.03
2026-01-13 16:56:28.682,1.03
2026-01-13 16:56:28.698,1.031
2026-01-13 16:56:28.715,1.032
2026-01-13 16:56:28.715,1.032
2026-01-13 16:56:28.733,1.031
2026-01-13 16:56:28.748,1.032
2026-01-13 16:56:28.766,1.035
2026-01-13 16:56:28.766,1.033
2026-01-13 16:56:28.783,1.034
2026-01-13 16:56:28.797,1.033
2026-01-13 16:56:28.814,1.041
2026-01-13 16:56:28.815,1.038
2026-01-13 16:56:28.831,1.036
2026-01-13 16:56:28.847,1.031
2026-01-13 16:56:28.848,1.03
2026-01-13 16:56:28.864,1.029
2026-01-13 16:56:28.882,1.03
2026-01-13 16:56:28.897,1.031
2026-01-13 16:56:28.897,1.037
2026-01-13 16:56:28.913,1.033
2026-01-13 16:56:28.930,1.037
2026-01-13 16:56:28.931,1.036
2026-01-13 16:56:28.946,1.031
2026-01-13 16:56:28.964,1.032
2026-01-13 16:56:28.980,1.033
2026-01-13 16:56:28.980,1.031
2026-01-13 16:56:28.998,1.035
2026-01-13 16:56:29.059,1.034
2026-01-13 16:56:29.059,1.033
2026-01-13 16:56:29.059,1.028
2026-01-13 16:56:29.059,1.028
2026-01-13 16:56:29.059,1.028
2026-01-13 16:56:29.066,1.032
2026-01-13 16:56:29.081,1.033
2026-01-13 16:56:29.098,1.031
2026-01-13 16:56:29.099,1.028
2026-01-13 16:56:29.114,1.028
2026-01-13 16:56:29.131,1.023
2026-01-13 16:56:29.148,1.025
2026-01-13 16:56:29.148,1.025
2026-01-13 16:56:29.166,1.028
2026-01-13 16:56:29.182,1.028
2026-01-13 16:56:29.198,1.028
2026-01-13 16:56:29.198,1.03
2026-01-13 16:56:29.216,1.032
2026-01-13 16:56:29.231,1.029
2026-01-13 16:56:29.231,1.032
2026-01-13 16:56:29.247,1.028
2026-01-13 16:56:29.264,1.028
2026-01-13 16:56:29.281,1.028
2026-01-13 16:56:29.282,1.026
2026-01-13 16:56:29.297,1.023
2026-01-13 16:56:29.314,1.024
2026-01-13 16:56:29.329,1.022
2026-01-13 16:56:29.330,1.023
2026-01-13 16:56:29.345,1.027
2026-01-13 16:56:29.364,1.024
2026-01-13 16:56:29.364,1.018
2026-01-13 16:56:29.380,1.015
2026-01-13 16:56:29.397,1.02
2026-01-13 16:56:29.414,1.02
2026-01-13 16:56:29.414,1.019
2026-01-13 16:56:29.431,1.016
2026-01-13 16:56:29.448,1.013
2026-01-13 16:56:29.448,1.015
2026-01-13 16:56:29.463,1.013
2026-01-13 16:56:29.486,1.008
2026-01-13 16:56:29.486,1.008
2026-01-13 16:56:29.496,1.006
2026-01-13 16:56:29.514,1.005
2026-01-13 16:56:29.529,1.008
2026-01-13 16:56:29.546,1.009
2026-01-13 16:56:29.546,1.008
2026-01-13 16:56:29.564,1.005
2026-01-13 16:56:29.579,1.005
2026-01-13 16:56:29.580,1.008
2026-01-13 16:56:29.596,1.007
2026-01-13 16:56:29.613,1.001
2026-01-13 16:56:29.629,0.997
2026-01-13 16:56:29.629,0.997
2026-01-13 16:56:29.646,0.994
2026-01-13 16:56:29.664,0.993
2026-01-13 16:56:29.664,0.997
2026-01-13 16:56:29.681,1.0
2026-01-13 16:56:29.696,1.003
2026-01-13 16:56:29.713,1.003
2026-01-13 16:56:29.713,1.003
2026-01-13 16:56:29.731,1.005
2026-01-13 16:56:29.747,1.008
2026-01-13 16:56:29.747,1.013
2026-01-13 16:56:29.763,1.011
2026-01-13 16:56:29.780,1.01
2026-01-13 16:56:29.796,1.008
2026-01-13 16:56:29.796,1.004
2026-01-13 16:56:29.814,1.002
2026-01-13 16:56:29.830,1.006
2026-01-13 16:56:29.847,1.004
2026-01-13 16:56:29.847,1.005
2026-01-13 16:56:29.865,1.005
2026-01-13 16:56:29.881,1.004
2026-01-13 16:56:29.882,1.006
2026-01-13 16:56:29.898,1.004
2026-01-13 16:56:29.913,1.0
2026-01-13 16:56:29.930,1.003
2026-01-13 16:56:29.930,1.007
2026-01-13 16:56:29.947,1.002
2026-01-13 16:56:29.965,1.005
2026-01-13 16:56:29.966,1.006
2026-01-13 16:56:29.980,1.0
2026-01-13 16:56:29.997,0.999
2026-01-13 16:56:30.015,1.0
2026-01-13 16:56:30.016,0.997
2026-01-13 16:56:30.031,1.0
2026-01-13 16:56:30.048,1.001
2026-01-13 16:56:30.048,1.001
2026-01-13 16:56:30.065,1.0
2026-01-13 16:56:30.082,0.997
2026-01-13 16:56:30.082,0.998
2026-01-13 16:56:30.098,0.997
2026-01-13 16:56:30.116,0.996
2026-01-13 16:56:30.132,0.993
2026-01-13 16:56:30.132,0.992
2026-01-13 16:56:30.148,0.994
2026-01-13 16:56:30.165,0.993
2026-01-13 16:56:30.182,0.996
2026-01-13 16:56:30.182,0.998
2026-01-13 16:56:30.198,0.998
2026-01-13 16:56:30.213,0.996
2026-01-13 16:56:30.232,0.996
2026-01-13 16:56:30.232,0.998
2026-01-13 16:56:30.248,1.001
2026-01-13 16:56:30.265,1.006
2026-01-13 16:56:30.266,1.004
2026-01-13 16:56:30.282,1.005
2026-01-13 16:56:30.298,1.004
2026-01-13 16:56:30.299,1.008
2026-01-13 16:56:30.316,1.005
2026-01-13 16:56:30.331,1.003
2026-01-13 16:56:30.349,1.01
2026-01-13 16:56:30.349,1.011
2026-01-13 16:56:30.366,1.016
2026-01-13 16:56:30.406,1.024
2026-01-13 16:56:30.406,1.02
2026-01-13 16:56:30.406,1.023
2026-01-13 16:56:30.407,1.021
2026-01-13 16:56:30.431,1.021
2026-01-13 16:56:30.431,1.022
2026-01-13 16:56:30.450,1.029
2026-01-13 16:56:30.464,1.025
2026-01-13 16:56:30.487,1.022
2026-01-13 16:56:30.488,1.022
2026-01-13 16:56:30.497,1.024
2026-01-13 16:56:30.513,1.026
2026-01-13 16:56:30.531,1.025
2026-01-13 16:56:30.531,1.024
2026-01-13 16:56:30.548,1.022
2026-01-13 16:56:30.565,1.024
2026-01-13 16:56:30.565,1.024
2026-01-13 16:56:30.581,1.025
2026-01-13 16:56:30.598,1.022
2026-01-13 16:56:30.600,1.021
2026-01-13 16:56:30.615,1.019
2026-01-13 16:56:30.633,1.019
2026-01-13 16:56:30.648,1.019
2026-01-13 16:56:30.649,1.02
2026-01-13 16:56:30.664,1.028
2026-01-13 16:56:30.681,1.026
2026-01-13 16:56:30.698,1.027
2026-01-13 16:56:30.698,1.027
2026-01-13 16:56:30.715,1.029
2026-01-13 16:56:30.731,1.027
2026-01-13 16:56:30.732,1.027
2026-01-13 16:56:30.748,1.022
2026-01-13 16:56:30.765,1.024
2026-01-13 16:56:30.781,1.024
2026-01-13 16:56:30.782,1.026
2026-01-13 16:56:30.799,1.028
2026-01-13 16:56:30.815,1.029
2026-01-13 16:56:30.815,1.029
2026-01-13 16:56:30.831,1.029
2026-01-13 16:56:30.848,1.025
2026-01-13 16:56:30.866,1.018
2026-01-13 16:56:30.867,1.018
2026-01-13 16:56:30.879,1.016
2026-01-13 16:56:30.899,1.016
2026-01-13 16:56:30.899,1.012
2026-01-13 16:56:30.914,1.012
2026-01-13 16:56:30.931,1.015
2026-01-13 16:56:30.948,1.019
2026-01-13 16:56:30.949,1.018
2026-01-13 16:56:30.965,1.014
2026-01-13 16:56:30.982,1.01
2026-01-13 16:56:30.982,1.011
2026-01-13 16:56:30.998,1.013
2026-01-13 16:56:31.015,1.014
2026-01-13 16:56:31.031,1.008
2026-01-13 16:56:31.032,1.007
2026-01-13 16:56:31.049,1.006
2026-01-13 16:56:31.064,1.003
2026-01-13 16:56:31.081,1.005
2026-01-13 16:56:31.081,1.002
2026-01-13 16:56:31.098,1.004
2026-01-13 16:56:31.115,1.006
2026-01-13 16:56:31.115,1.012
2026-01-13 16:56:31.132,1.01
2026-01-13 16:56:31.149,1.014
2026-01-13 16:56:31.165,1.012
2026-01-13 16:56:31.165,1.013
2026-01-13 16:56:31.181,1.012
2026-01-13 16:56:31.198,1.012
2026-01-13 16:56:31.199,1.006
2026-01-13 16:56:31.215,1.005
2026-01-13 16:56:31.232,1.006
2026-01-13 16:56:31.248,1.004
2026-01-13 16:56:31.248,1.002
2026-01-13 16:56:31.265,1.003
2026-01-13 16:56:31.282,1.005
2026-01-13 16:56:31.283,1.001
2026-01-13 16:56:31.298,0.999
2026-01-13 16:56:31.314,1.002
2026-01-13 16:56:31.332,1.0
2026-01-13 16:56:31.332,0.994
2026-01-13 16:56:31.348,0.997
2026-01-13 16:56:31.364,1.001
2026-01-13 16:56:31.382,1.001
2026-01-13 16:56:31.382,1.002
2026-01-13 16:56:31.398,0.999
2026-01-13 16:56:31.414,0.999
2026-01-13 16:56:31.414,1.006
2026-01-13 16:56:31.432,0.998
2026-01-13 16:56:31.448,1.0
2026-01-13 16:56:31.467,1.002
2026-01-13 16:56:31.467,1.004
2026-01-13 16:56:31.488,1.005
2026-01-13 16:56:31.489,1.007
2026-01-13 16:56:31.513,0.998
2026-01-13 16:56:31.513,1.001
2026-01-13 16:56:31.532,1.0
2026-01-13 16:56:31.547,1.001
2026-01-13 16:56:31.548,1.0
2026-01-13 16:56:31.563,1.0
2026-01-13 16:56:31.580,1.001
2026-01-13 16:56:31.598,1.005
2026-01-13 16:56:31.598,1.004
2026-01-13 16:56:31.613,1.004
2026-01-13 16:56:31.631,1.003
2026-01-13 16:56:31.631,0.997
2026-01-13 16:56:31.646,1.0
2026-01-13 16:56:31.665,1.0
2026-01-13 16:56:31.680,1.0
2026-01-13 16:56:31.680,1.001
2026-01-13 16:56:31.698,1.002
2026-01-13 16:56:31.714,1.008
2026-01-13 16:56:31.730,1.007
2026-01-13 16:56:31.730,1.0
2026-01-13 16:56:31.747,1.004
2026-01-13 16:56:31.775,1.006
2026-01-13 16:56:31.790,1.009
2026-01-13 16:56:31.791,1.011
2026-01-13 16:56:31.791,1.005
2026-01-13 16:56:31.799,1.002
2026-01-13 16:56:31.814,1.001
2026-01-13 16:56:31.831,0.997
2026-01-13 16:56:31.846,0.997
2026-01-13 16:56:31.846,1.0
2026-01-13 16:56:31.865,0.999
2026-01-13 16:56:31.882,1.002
2026-01-13 16:56:31.883,1.003
2026-01-13 16:56:31.897,1.001
2026-01-13 16:56:31.914,1.002
2026-01-13 16:56:31.932,1.005
2026-01-13 16:56:31.932,1.003
2026-01-13 16:56:31.948,1.006
2026-01-13 16:56:31.963,1.013
2026-01-13 16:56:31.982,1.013
2026-01-13 16:56:31.983,1.012
2026-01-13 16:56:31.997,1.011
2026-01-13 16:56:32.014,1.016
2026-01-13 16:56:32.032,1.015
2026-01-13 16:56:32.032,1.01
2026-01-13 16:56:32.047,1.015
2026-01-13 16:56:32.064,1.017
2026-01-13 16:56:32.064,1.021
2026-01-13 16:56:32.081,1.023
2026-01-13 16:56:32.097,1.02
2026-01-13 16:56:32.115,1.023
2026-01-13 16:56:32.115,1.023
2026-01-13 16:56:32.131,1.021
2026-01-13 16:56:32.147,1.023
2026-01-13 16:56:32.147,1.025
2026-01-13 16:56:32.164,1.021
2026-01-13 16:56:32.183,1.017
2026-01-13 16:56:32.183,1.015
2026-01-13 16:56:32.197,1.018
2026-01-13 16:56:32.214,1.017
2026-01-13 16:56:32.231,1.019
2026-01-13 16:56:32.232,1.018
2026-01-13 16:56:32.248,1.02
2026-01-13 16:56:32.264,1.023
2026-01-13 16:56:32.282,1.023
2026-01-13 16:56:32.282,1.025
2026-01-13 16:56:32.298,1.024
2026-01-13 16:56:32.315,1.026
2026-01-13 16:56:32.315,1.028
2026-01-13 16:56:32.332,1.028
2026-01-13 16:56:32.348,1.031
2026-01-13 16:56:32.364,1.028
2026-01-13 16:56:32.364,1.032
2026-01-13 16:56:32.381,1.03
2026-01-13 16:56:32.397,1.034
2026-01-13 16:56:32.414,1.031
2026-01-13 16:56:32.415,1.029
2026-01-13 16:56:32.432,1.031
2026-01-13 16:56:32.447,1.03
2026-01-13 16:56:32.447,1.03
2026-01-13 16:56:32.464,1.029
2026-01-13 16:56:32.488,1.026
2026-01-13 16:56:32.489,1.029
2026-01-13 16:56:32.497,1.028
2026-01-13 16:56:32.513,1.029
2026-01-13 16:56:32.532,1.026
2026-01-13 16:56:32.532,1.031
2026-01-13 16:56:32.548,1.033
2026-01-13 16:56:32.566,1.028
2026-01-13 16:56:32.567,1.03
2026-01-13 16:56:32.581,1.025
2026-01-13 16:56:32.598,1.025
2026-01-13 16:56:32.613,1.027
2026-01-13 16:56:32.631,1.023
2026-01-13 16:56:32.631,1.024
2026-01-13 16:56:32.647,1.025
2026-01-13 16:56:32.664,1.027
2026-01-13 16:56:32.665,1.024
2026-01-13 16:56:32.681,1.023
2026-01-13 16:56:32.697,1.02
2026-01-13 16:56:32.713,1.016
2026-01-13 16:56:32.714,1.017
2026-01-13 16:56:32.729,1.018
2026-01-13 16:56:32.748,1.014
2026-01-13 16:56:32.748,1.016
2026-01-13 16:56:32.765,1.025
2026-01-13 16:56:32.782,1.022
2026-01-13 16:56:32.797,1.027
2026-01-13 16:56:32.797,1.031
2026-01-13 16:56:32.814,1.03
2026-01-13 16:56:32.831,1.033
2026-01-13 16:56:32.832,1.036
2026-01-13 16:56:32.848,1.038
2026-01-13 16:56:32.865,1.036
2026-01-13 16:56:32.881,1.042
2026-01-13 16:56:32.881,1.043
2026-01-13 16:56:32.898,1.042
2026-01-13 16:56:32.913,1.04
2026-01-13 16:56:32.933,1.039
2026-01-13 16:56:32.933,1.034
2026-01-13 16:56:32.946,1.033
2026-01-13 16:56:32.963,1.033
2026-01-13 16:56:32.963,1.038
2026-01-13 16:56:32.981,1.041
2026-01-13 16:56:32.998,1.044
2026-01-13 16:56:33.013,1.042
2026-01-13 16:56:33.014,1.043
2026-01-13 16:56:33.032,1.043
2026-01-13 16:56:33.047,1.043
2026-01-13 16:56:33.047,1.044
2026-01-13 16:56:33.064,1.04
2026-01-13 16:56:33.082,1.036
2026-01-13 16:56:33.083,1.032
2026-01-13 16:56:33.096,1.03
2026-01-13 16:56:33.126,1.032
2026-01-13 16:56:33.127,1.029
2026-01-13 16:56:33.136,1.028
2026-01-13 16:56:33.146,1.031
2026-01-13 16:56:33.164,1.033
2026-01-13 16:56:33.181,1.029
2026-01-13 16:56:33.182,1.031
2026-01-13 16:56:33.197,1.03
2026-01-13 16:56:33.214,1.031
2026-01-13 16:56:33.232,1.028
2026-01-13 16:56:33.232,1.032
2026-01-13 16:56:33.246,1.03
2026-01-13 16:56:33.265,1.033
2026-01-13 16:56:33.265,1.027
2026-01-13 16:56:33.281,1.025
2026-01-13 16:56:33.297,1.025
2026-01-13 16:56:33.315,1.027
2026-01-13 16:56:33.315,1.029
2026-01-13 16:56:33.332,1.029
2026-01-13 16:56:33.347,1.032
2026-01-13 16:56:33.347,1.033
2026-01-13 16:56:33.364,1.037
2026-01-13 16:56:33.380,1.035
2026-01-13 16:56:33.397,1.038
2026-01-13 16:56:33.397,1.035
2026-01-13 16:56:33.415,1.039
2026-01-13 16:56:33.431,1.043
2026-01-13 16:56:33.431,1.046
2026-01-13 16:56:33.448,1.044
2026-01-13 16:56:33.465,1.049
2026-01-13 16:56:33.486,1.048
2026-01-13 16:56:33.486,1.046
2026-01-13 16:56:33.496,1.044
2026-01-13 16:56:33.514,1.042
2026-01-13 16:56:33.514,1.042
2026-01-13 16:56:33.531,1.044
2026-01-13 16:56:33.546,1.044
2026-01-13 16:56:33.564,1.04
2026-01-13 16:56:33.565,1.043
2026-01-13 16:56:33.581,1.043
2026-01-13 16:56:33.597,1.045
2026-01-13 16:56:33.615,1.038
2026-01-13 16:56:33.616,1.033
2026-01-13 16:56:33.631,1.034
2026-01-13 16:56:33.646,1.036
2026-01-13 16:56:33.647,1.033
2026-01-13 16:56:33.664,1.037
2026-01-13 16:56:33.680,1.04
2026-01-13 16:56:33.697,1.042
2026-01-13 16:56:33.697,1.043
2026-01-13 16:56:33.715,1.041
2026-01-13 16:56:33.731,1.051
2026-01-13 16:56:33.731,1.067
2026-01-13 16:56:33.746,1.076
2026-01-13 16:56:33.763,1.079
2026-01-13 16:56:33.780,1.082
2026-01-13 16:56:33.780,1.092
2026-01-13 16:56:33.796,1.091
2026-01-13 16:56:33.813,1.091
2026-01-13 16:56:33.830,1.093
2026-01-13 16:56:33.831,1.092
2026-01-13 16:56:33.847,1.089
2026-01-13 16:56:33.863,1.081
2026-01-13 16:56:33.863,1.077
2026-01-13 16:56:33.879,1.081
2026-01-13 16:56:33.896,1.07
2026-01-13 16:56:33.914,1.071
2026-01-13 16:56:33.914,1.065
2026-01-13 16:56:33.930,1.06
2026-01-13 16:56:33.947,1.062
2026-01-13 16:56:33.948,1.063
2026-01-13 16:56:33.962,1.059
2026-01-13 16:56:33.979,1.055
2026-01-13 16:56:33.996,1.055
2026-01-13 16:56:33.997,1.061
2026-01-13 16:56:34.013,1.064
2026-01-13 16:56:34.030,1.065
2026-01-13 16:56:34.031,1.067
2026-01-13 16:56:34.047,1.064
2026-01-13 16:56:34.063,1.066
2026-01-13 16:56:34.079,1.068
2026-01-13 16:56:34.079,1.066
2026-01-13 16:56:34.097,1.062
2026-01-13 16:56:34.114,1.066
2026-01-13 16:56:34.130,1.059
2026-01-13 16:56:34.130,1.057
2026-01-13 16:56:34.146,1.057
2026-01-13 16:56:34.163,1.056
2026-01-13 16:56:34.163,1.049
2026-01-13 16:56:34.180,1.037
2026-01-13 16:56:34.195,1.034
2026-01-13 16:56:34.213,1.025
2026-01-13 16:56:34.213,1.026
2026-01-13 16:56:34.229,1.017
2026-01-13 16:56:34.247,1.008
2026-01-13 16:56:34.247,1.008
2026-01-13 16:56:34.263,1.003
2026-01-13 16:56:34.279,0.999
2026-01-13 16:56:34.296,0.994
2026-01-13 16:56:34.297,0.993
2026-01-13 16:56:34.314,0.992
2026-01-13 16:56:34.330,0.989
2026-01-13 16:56:34.346,0.986
2026-01-13 16:56:34.347,0.982
2026-01-13 16:56:34.362,0.98
2026-01-13 16:56:34.379,0.975
2026-01-13 16:56:34.380,0.974
2026-01-13 16:56:34.395,0.97
2026-01-13 16:56:34.412,0.974
2026-01-13 16:56:34.430,0.969
2026-01-13 16:56:34.430,0.966
2026-01-13 16:56:34.445,0.969
2026-01-13 16:56:34.463,0.967
2026-01-13 16:56:34.463,0.967
2026-01-13 16:56:34.491,0.969
2026-01-13 16:56:34.492,0.976
2026-01-13 16:56:34.507,0.973
2026-01-13 16:56:34.512,0.972
2026-01-13 16:56:34.530,0.972
2026-01-13 16:56:34.548,0.974
2026-01-13 16:56:34.548,0.976
2026-01-13 16:56:34.565,0.976
2026-01-13 16:56:34.581,0.975
2026-01-13 16:56:34.597,0.974
2026-01-13 16:56:34.597,0.969
2026-01-13 16:56:34.614,0.968
2026-01-13 16:56:34.631,0.963
2026-01-13 16:56:34.632,0.957
2026-01-13 16:56:34.646,0.956
2026-01-13 16:56:34.664,0.956
2026-01-13 16:56:34.680,0.963
2026-01-13 16:56:34.680,0.972
2026-01-13 16:56:34.697,0.977
2026-01-13 16:56:34.715,0.979
2026-01-13 16:56:34.715,0.982
2026-01-13 16:56:34.732,0.991
2026-01-13 16:56:34.746,0.987
2026-01-13 16:56:34.763,0.993
2026-01-13 16:56:34.764,0.998
2026-01-13 16:56:34.781,1.003
2026-01-13 16:56:34.797,1.009
2026-01-13 16:56:34.814,1.009
2026-01-13 16:56:34.814,1.008
2026-01-13 16:56:34.829,1.004
2026-01-13 16:56:34.848,1.002
2026-01-13 16:56:34.849,1.0
2026-01-13 16:56:34.864,0.998
2026-01-13 16:56:34.881,0.995
2026-01-13 16:56:34.897,0.991
2026-01-13 16:56:34.897,0.99
2026-01-13 16:56:34.914,0.989
2026-01-13 16:56:34.931,0.989
2026-01-13 16:56:34.931,0.985
2026-01-13 16:56:34.946,0.986
2026-01-13 16:56:34.964,0.988
2026-01-13 16:56:34.981,0.988
2026-01-13 16:56:34.981,0.991
2026-01-13 16:56:34.997,0.997
2026-01-13 16:56:35.015,0.997
2026-01-13 16:56:35.016,0.996
2026-01-13 16:56:35.031,1.001
2026-01-13 16:56:35.047,1.003
2026-01-13 16:56:35.065,1.001
2026-01-13 16:56:35.065,1.001
2026-01-13 16:56:35.081,1.0
2026-01-13 16:56:35.097,1.004
2026-01-13 16:56:35.115,1.007
2026-01-13 16:56:35.115,1.009
2026-01-13 16:56:35.130,1.011
2026-01-13 16:56:35.148,1.011
2026-01-13 16:56:35.149,1.011
2026-01-13 16:56:35.165,1.008
2026-01-13 16:56:35.181,1.008
2026-01-13 16:56:35.197,1.004
2026-01-13 16:56:35.197,1.002
2026-01-13 16:56:35.214,1.007
2026-01-13 16:56:35.230,1.004
2026-01-13 16:56:35.231,1.002
2026-01-13 16:56:35.246,1.005
2026-01-13 16:56:35.265,1.008
2026-01-13 16:56:35.282,1.011
2026-01-13 16:56:35.282,1.01
2026-01-13 16:56:35.297,1.011
2026-01-13 16:56:35.314,1.015
2026-01-13 16:56:35.315,1.02
2026-01-13 16:56:35.331,1.023
2026-01-13 16:56:35.347,1.024
2026-01-13 16:56:35.365,1.028
2026-01-13 16:56:35.365,1.023
2026-01-13 16:56:35.379,1.024
2026-01-13 16:56:35.397,1.024
2026-01-13 16:56:35.398,1.019
2026-01-13 16:56:35.414,1.017
2026-01-13 16:56:35.430,1.02
2026-01-13 16:56:35.447,1.022
2026-01-13 16:56:35.448,1.021
2026-01-13 16:56:35.464,1.023
2026-01-13 16:56:35.486,1.026
2026-01-13 16:56:35.486,1.025
2026-01-13 16:56:35.496,1.023
2026-01-13 16:56:35.513,1.023
2026-01-13 16:56:35.530,1.019
2026-01-13 16:56:35.530,1.022
2026-01-13 16:56:35.547,1.023
2026-01-13 16:56:35.563,1.025
2026-01-13 16:56:35.580,1.025
2026-01-13 16:56:35.580,1.03
2026-01-13 16:56:35.596,1.03
2026-01-13 16:56:35.612,1.029
2026-01-13 16:56:35.629,1.029
2026-01-13 16:56:35.629,1.034
2026-01-13 16:56:35.646,1.028
2026-01-13 16:56:35.663,1.031
2026-01-13 16:56:35.663,1.033
2026-01-13 16:56:35.679,1.039
2026-01-13 16:56:35.697,1.038
2026-01-13 16:56:35.714,1.032
2026-01-13 16:56:35.714,1.037
2026-01-13 16:56:35.730,1.037
2026-01-13 16:56:35.747,1.032
2026-01-13 16:56:35.747,1.035
2026-01-13 16:56:35.765,1.032
2026-01-13 16:56:35.780,1.023
2026-01-13 16:56:35.797,1.025
2026-01-13 16:56:35.798,1.015
2026-01-13 16:56:35.816,1.012
2026-01-13 16:56:35.874,1.013
2026-01-13 16:56:35.875,1.01
2026-01-13 16:56:35.875,1.003
2026-01-13 16:56:35.875,0.997
2026-01-13 16:56:35.875,0.992
2026-01-13 16:56:35.881,0.992
2026-01-13 16:56:35.896,0.989
2026-01-13 16:56:35.913,0.988
2026-01-13 16:56:35.930,0.986
2026-01-13 16:56:35.930,0.983
2026-01-13 16:56:35.948,0.982
2026-01-13 16:56:35.963,0.982
2026-01-13 16:56:35.963,0.981
2026-01-13 16:56:35.981,0.98
2026-01-13 16:56:35.997,0.978
2026-01-13 16:56:36.013,0.978
2026-01-13 16:56:36.013,0.978
2026-01-13 16:56:36.029,0.976
2026-01-13 16:56:36.046,0.978
2026-01-13 16:56:36.064,0.98
2026-01-13 16:56:36.064,0.981
2026-01-13 16:56:36.079,0.977
2026-01-13 16:56:36.097,0.981
2026-01-13 16:56:36.097,0.98
2026-01-13 16:56:36.114,0.979
2026-01-13 16:56:36.130,0.982
2026-01-13 16:56:36.145,0.987
2026-01-13 16:56:36.146,0.988
2026-01-13 16:56:36.162,0.987
2026-01-13 16:56:36.180,0.986
2026-01-13 16:56:36.180,0.983
2026-01-13 16:56:36.196,0.985
2026-01-13 16:56:36.213,0.983
2026-01-13 16:56:36.230,0.984
2026-01-13 16:56:36.230,0.988
2026-01-13 16:56:36.247,0.991
2026-01-13 16:56:36.263,0.991
2026-01-13 16:56:36.263,0.989
2026-01-13 16:56:36.280,0.995
2026-01-13 16:56:36.298,0.995
2026-01-13 16:56:36.315,0.993
2026-01-13 16:56:36.315,0.99
2026-01-13 16:56:36.331,0.991
2026-01-13 16:56:36.347,0.993
2026-01-13 16:56:36.348,0.988
2026-01-13 16:56:36.363,0.991
2026-01-13 16:56:36.381,0.987
2026-01-13 16:56:36.397,0.987
2026-01-13 16:56:36.397,0.988
2026-01-13 16:56:36.414,0.991
2026-01-13 16:56:36.429,0.986
2026-01-13 16:56:36.447,0.986
2026-01-13 16:56:36.448,0.982
2026-01-13 16:56:36.463,0.982
2026-01-13 16:56:36.486,0.978
2026-01-13 16:56:36.487,0.976
2026-01-13 16:56:36.496,0.977
2026-01-13 16:56:36.513,0.972
2026-01-13 16:56:36.514,0.972
2026-01-13 16:56:36.531,0.976
2026-01-13 16:56:36.546,0.981
2026-01-13 16:56:36.564,0.979
2026-01-13 16:56:36.581,0.982
2026-01-13 16:56:36.597,0.985
2026-01-13 16:56:36.613,0.987
2026-01-13 16:56:36.613,0.979
2026-01-13 16:56:36.630,0.977
2026-01-13 16:56:36.648,0.973
2026-01-13 16:56:36.648,0.974
2026-01-13 16:56:36.664,0.972
2026-01-13 16:56:36.681,0.976
2026-01-13 16:56:36.697,0.978
2026-01-13 16:56:36.697,0.974
2026-01-13 16:56:36.714,0.976
2026-01-13 16:56:36.730,0.979
2026-01-13 16:56:36.731,0.973
2026-01-13 16:56:36.747,0.975
2026-01-13 16:56:36.764,0.976
2026-01-13 16:56:36.780,0.976
2026-01-13 16:56:36.780,0.976
2026-01-13 16:56:36.797,0.974
2026-01-13 16:56:36.813,0.978
2026-01-13 16:56:36.831,0.981
2026-01-13 16:56:36.831,0.978
2026-01-13 16:56:36.846,0.979
2026-01-13 16:56:36.864,0.981
2026-01-13 16:56:36.864,0.981
2026-01-13 16:56:36.881,0.98
2026-01-13 16:56:36.897,0.981
2026-01-13 16:56:36.914,0.983
2026-01-13 16:56:36.914,0.981
2026-01-13 16:56:36.932,0.979
2026-01-13 16:56:36.947,0.98
2026-01-13 16:56:36.947,0.979
2026-01-13 16:56:36.964,0.976
2026-01-13 16:56:36.979,0.976
2026-01-13 16:56:36.998,0.981
2026-01-13 16:56:36.998,0.982
2026-01-13 16:56:37.014,0.99
2026-01-13 16:56:37.032,0.993
2026-01-13 16:56:37.032,0.997
2026-01-13 16:56:37.047,0.997
2026-01-13 16:56:37.063,0.995
2026-01-13 16:56:37.081,1.003
2026-01-13 16:56:37.081,0.997
2026-01-13 16:56:37.097,0.998
2026-01-13 16:56:37.114,0.998
2026-01-13 16:56:37.115,1.007
2026-01-13 16:56:37.130,1.004
2026-01-13 16:56:37.146,1.004
2026-01-13 16:56:37.161,1.0
2026-01-13 16:56:37.162,1.002
2026-01-13 16:56:37.181,1.005
2026-01-13 16:56:37.197,1.007
2026-01-13 16:56:37.225,1.005
2026-01-13 16:56:37.225,1.005
2026-01-13 16:56:37.225,1.01
2026-01-13 16:56:37.235,1.007
2026-01-13 16:56:37.263,1.005
2026-01-13 16:56:37.264,1.01
2026-01-13 16:56:37.280,1.006
2026-01-13 16:56:37.295,1.015
2026-01-13 16:56:37.297,1.009
2026-01-13 16:56:37.314,1.013
2026-01-13 16:56:37.330,1.008
2026-01-13 16:56:37.331,1.008
2026-01-13 16:56:37.345,1.014
2026-01-13 16:56:37.363,1.006
2026-01-13 16:56:37.380,1.007
2026-01-13 16:56:37.380,1.007
2026-01-13 16:56:37.395,1.005
2026-01-13 16:56:37.414,1.007
2026-01-13 16:56:37.414,1.01
2026-01-13 16:56:37.430,1.007
2026-01-13 16:56:37.447,1.011
2026-01-13 16:56:37.465,1.01
2026-01-13 16:56:37.465,1.005
2026-01-13 16:56:37.488,1.004
2026-01-13 16:56:37.489,1.004
2026-01-13 16:56:37.512,1.004
2026-01-13 16:56:37.513,1.006
2026-01-13 16:56:37.531,1.012
2026-01-13 16:56:37.547,1.011
2026-01-13 16:56:37.547,1.004
2026-01-13 16:56:37.563,1.006
2026-01-13 16:56:37.581,1.014
2026-01-13 16:56:37.596,1.02
2026-01-13 16:56:37.596,1.019
2026-01-13 16:56:37.612,1.022
2026-01-13 16:56:37.630,1.027
2026-01-13 16:56:37.631,1.031
2026-01-13 16:56:37.646,1.031
2026-01-13 16:56:37.663,1.033
2026-01-13 16:56:37.681,1.032
2026-01-13 16:56:37.681,1.029
2026-01-13 16:56:37.696,1.031
2026-01-13 16:56:37.713,1.03
2026-01-13 16:56:37.715,1.031
2026-01-13 16:56:37.731,1.033
2026-01-13 16:56:37.745,1.029
2026-01-13 16:56:37.764,1.028
2026-01-13 16:56:37.764,1.026
2026-01-13 16:56:37.781,1.019
2026-01-13 16:56:37.796,1.02
2026-01-13 16:56:37.812,1.02
2026-01-13 16:56:37.812,1.022
2026-01-13 16:56:37.830,1.019
2026-01-13 16:56:37.846,1.02
2026-01-13 16:56:37.846,1.019
2026-01-13 16:56:37.862,1.02
2026-01-13 16:56:37.880,1.017
2026-01-13 16:56:37.895,1.011
2026-01-13 16:56:37.895,1.013
2026-01-13 16:56:37.914,1.012
2026-01-13 16:56:37.931,1.008
2026-01-13 16:56:37.931,1.003
2026-01-13 16:56:37.946,1.004
2026-01-13 16:56:37.963,0.998
2026-01-13 16:56:37.978,0.996
2026-01-13 16:56:37.979,0.996
2026-01-13 16:56:37.995,0.995
2026-01-13 16:56:38.014,0.996
2026-01-13 16:56:38.014,0.995
2026-01-13 16:56:38.031,0.999
2026-01-13 16:56:38.046,1.0
2026-01-13 16:56:38.064,0.996
2026-01-13 16:56:38.065,0.993
2026-01-13 16:56:38.079,0.989
2026-01-13 16:56:38.096,0.989
2026-01-13 16:56:38.113,0.99
2026-01-13 16:56:38.114,0.992
2026-01-13 16:56:38.131,0.99
2026-01-13 16:56:38.146,0.994
2026-01-13 16:56:38.147,0.996
2026-01-13 16:56:38.162,0.999
2026-01-13 16:56:38.179,0.996
2026-01-13 16:56:38.197,0.997
2026-01-13 16:56:38.197,1.004
2026-01-13 16:56:38.214,1.004
2026-01-13 16:56:38.231,1.01
2026-01-13 16:56:38.231,1.014
2026-01-13 16:56:38.246,1.014
2026-01-13 16:56:38.263,1.014
2026-01-13 16:56:38.279,1.017
2026-01-13 16:56:38.280,1.018
2026-01-13 16:56:38.296,1.017
2026-01-13 16:56:38.312,1.02
2026-01-13 16:56:38.329,1.017
2026-01-13 16:56:38.329,1.024
2026-01-13 16:56:38.346,1.029
2026-01-13 16:56:38.362,1.031
2026-01-13 16:56:38.362,1.027
2026-01-13 16:56:38.380,1.031
2026-01-13 16:56:38.396,1.033
2026-01-13 16:56:38.413,1.038
2026-01-13 16:56:38.413,1.039
2026-01-13 16:56:38.429,1.038
2026-01-13 16:56:38.445,1.042
2026-01-13 16:56:38.462,1.04
2026-01-13 16:56:38.462,1.035
2026-01-13 16:56:38.486,1.034
2026-01-13 16:56:38.486,1.036
2026-01-13 16:56:38.494,1.039
2026-01-13 16:56:38.512,1.04
2026-01-13 16:56:38.527,1.044
2026-01-13 16:56:38.546,1.047
2026-01-13 16:56:38.546,1.048
2026-01-13 16:56:38.563,1.049
2026-01-13 16:56:38.591,1.048
2026-01-13 16:56:38.592,1.052
2026-01-13 16:56:38.592,1.055
2026-01-13 16:56:38.602,1.051
2026-01-13 16:56:38.631,1.051
2026-01-13 16:56:38.631,1.05
2026-01-13 16:56:38.647,1.056
2026-01-13 16:56:38.663,1.056
2026-01-13 16:56:38.663,1.057
2026-01-13 16:56:38.681,1.06
2026-01-13 16:56:38.696,1.061
2026-01-13 16:56:38.714,1.066
2026-01-13 16:56:38.714,1.069
2026-01-13 16:56:38.731,1.074
2026-01-13 16:56:38.746,1.075
2026-01-13 16:56:38.747,1.073
2026-01-13 16:56:38.763,1.073
2026-01-13 16:56:38.781,1.073
2026-01-13 16:56:38.795,1.072
2026-01-13 16:56:38.795,1.075
2026-01-13 16:56:38.814,1.075
2026-01-13 16:56:38.830,1.07
2026-01-13 16:56:38.830,1.067
2026-01-13 16:56:38.847,1.065
2026-01-13 16:56:38.864,1.062
2026-01-13 16:56:38.880,1.067
2026-01-13 16:56:38.880,1.069
2026-01-13 16:56:38.896,1.07
2026-01-13 16:56:38.913,1.074
2026-01-13 16:56:38.931,1.07
2026-01-13 16:56:38.931,1.067
2026-01-13 16:56:38.946,1.071
2026-01-13 16:56:38.965,1.069
2026-01-13 16:56:38.965,1.073
2026-01-13 16:56:38.980,1.076
2026-01-13 16:56:38.997,1.078
2026-01-13 16:56:39.012,1.08
2026-01-13 16:56:39.013,1.082
2026-01-13 16:56:39.029,1.085
2026-01-13 16:56:39.045,1.086
2026-01-13 16:56:39.064,1.085
2026-01-13 16:56:39.065,1.083
2026-01-13 16:56:39.080,1.086
2026-01-13 16:56:39.097,1.085
2026-01-13 16:56:39.097,1.086
2026-01-13 16:56:39.113,1.087
2026-01-13 16:56:39.130,1.087
2026-01-13 16:56:39.131,1.081
2026-01-13 16:56:39.147,1.078
2026-01-13 16:56:39.162,1.08
2026-01-13 16:56:39.178,1.076
2026-01-13 16:56:39.179,1.075
2026-01-13 16:56:39.196,1.073
2026-01-13 16:56:39.212,1.078
2026-01-13 16:56:39.229,1.076
2026-01-13 16:56:39.229,1.07
2026-01-13 16:56:39.246,1.069
2026-01-13 16:56:39.262,1.07
2026-01-13 16:56:39.263,1.068
2026-01-13 16:56:39.278,1.072
2026-01-13 16:56:39.296,1.074
2026-01-13 16:56:39.312,1.078
2026-01-13 16:56:39.312,1.087
2026-01-13 16:56:39.329,1.086
2026-01-13 16:56:39.345,1.084
2026-01-13 16:56:39.363,1.082
2026-01-13 16:56:39.363,1.079
2026-01-13 16:56:39.379,1.083
2026-01-13 16:56:39.396,1.079
2026-01-13 16:56:39.396,1.08
2026-01-13 16:56:39.413,1.079
2026-01-13 16:56:39.428,1.078
2026-01-13 16:56:39.446,1.074
2026-01-13 16:56:39.446,1.075
2026-01-13 16:56:39.462,1.082
2026-01-13 16:56:39.485,1.083
2026-01-13 16:56:39.485,1.082
2026-01-13 16:56:39.495,1.079
2026-01-13 16:56:39.513,1.078
2026-01-13 16:56:39.531,1.08
2026-01-13 16:56:39.531,1.079
2026-01-13 16:56:39.546,1.081
2026-01-13 16:56:39.564,1.079
2026-01-13 16:56:39.564,1.076
2026-01-13 16:56:39.581,1.077
2026-01-13 16:56:39.596,1.077
2026-01-13 16:56:39.615,1.077
2026-01-13 16:56:39.615,1.075
2026-01-13 16:56:39.629,1.074
2026-01-13 16:56:39.646,1.075
2026-01-13 16:56:39.663,1.074
2026-01-13 16:56:39.663,1.072
2026-01-13 16:56:39.680,1.073
2026-01-13 16:56:39.696,1.071
2026-01-13 16:56:39.696,1.072
2026-01-13 16:56:39.713,1.072
2026-01-13 16:56:39.728,1.072
2026-01-13 16:56:39.747,1.069
2026-01-13 16:56:39.748,1.068
2026-01-13 16:56:39.763,1.065
2026-01-13 16:56:39.780,1.065
2026-01-13 16:56:39.780,1.071
2026-01-13 16:56:39.797,1.069
2026-01-13 16:56:39.812,1.069
2026-01-13 16:56:39.829,1.067
2026-01-13 16:56:39.829,1.075
2026-01-13 16:56:39.845,1.076
2026-01-13 16:56:39.861,1.077
2026-01-13 16:56:39.877,1.082
2026-01-13 16:56:39.877,1.089
2026-01-13 16:56:39.894,1.088
2026-01-13 16:56:39.912,1.088
2026-01-13 16:56:39.912,1.083
2026-01-13 16:56:39.953,1.079
2026-01-13 16:56:39.954,1.082
2026-01-13 16:56:39.954,1.087
2026-01-13 16:56:39.962,1.086
2026-01-13 16:56:39.979,1.085
2026-01-13 16:56:39.997,1.095
2026-01-13 16:56:39.997,1.09
2026-01-13 16:56:40.013,1.092
2026-01-13 16:56:40.029,1.092
2026-01-13 16:56:40.046,1.095
2026-01-13 16:56:40.046,1.096
2026-01-13 16:56:40.064,1.093
2026-01-13 16:56:40.079,1.092
2026-01-13 16:56:40.080,1.087
2026-01-13 16:56:40.098,1.086
2026-01-13 16:56:40.113,1.09
2026-01-13 16:56:40.130,1.091
2026-01-13 16:56:40.130,1.093
2026-01-13 16:56:40.146,1.088
2026-01-13 16:56:40.162,1.089
2026-01-13 16:56:40.162,1.087
2026-01-13 16:56:40.181,1.087
2026-01-13 16:56:40.195,1.087
2026-01-13 16:56:40.213,1.087
2026-01-13 16:56:40.213,1.085
2026-01-13 16:56:40.230,1.09
2026-01-13 16:56:40.246,1.088
2026-01-13 16:56:40.246,1.086
2026-01-13 16:56:40.264,1.09
2026-01-13 16:56:40.280,1.092
2026-01-13 16:56:40.297,1.089
2026-01-13 16:56:40.297,1.092
2026-01-13 16:56:40.315,1.095
2026-01-13 16:56:40.330,1.097
2026-01-13 16:56:40.331,1.096
2026-01-13 16:56:40.346,1.095
2026-01-13 16:56:40.364,1.094
2026-01-13 16:56:40.380,1.092
2026-01-13 16:56:40.380,1.094
2026-01-13 16:56:40.395,1.091
2026-01-13 16:56:40.414,1.097
2026-01-13 16:56:40.415,1.094
2026-01-13 16:56:40.430,1.093
2026-01-13 16:56:40.446,1.092
2026-01-13 16:56:40.463,1.094
2026-01-13 16:56:40.464,1.094
2026-01-13 16:56:40.485,1.094
2026-01-13 16:56:40.495,1.093
2026-01-13 16:56:40.511,1.097
2026-01-13 16:56:40.512,1.095
2026-01-13 16:56:40.529,1.091
2026-01-13 16:56:40.546,1.09
2026-01-13 16:56:40.547,1.087
2026-01-13 16:56:40.562,1.087
2026-01-13 16:56:40.579,1.086
2026-01-13 16:56:40.596,1.083
2026-01-13 16:56:40.597,1.08
2026-01-13 16:56:40.613,1.075
2026-01-13 16:56:40.630,1.071
2026-01-13 16:56:40.630,1.072
2026-01-13 16:56:40.645,1.075
2026-01-13 16:56:40.662,1.076
2026-01-13 16:56:40.679,1.078
2026-01-13 16:56:40.679,1.075
2026-01-13 16:56:40.695,1.07
2026-01-13 16:56:40.712,1.069
2026-01-13 16:56:40.729,1.067
2026-01-13 16:56:40.729,1.061
2026-01-13 16:56:40.744,1.056
2026-01-13 16:56:40.762,1.059
2026-01-13 16:56:40.763,1.061
2026-01-13 16:56:40.780,1.064
2026-01-13 16:56:40.796,1.067
2026-01-13 16:56:40.814,1.066
2026-01-13 16:56:40.814,1.063
2026-01-13 16:56:40.829,1.055
2026-01-13 16:56:40.845,1.053
2026-01-13 16:56:40.846,1.053
2026-01-13 16:56:40.862,1.055
2026-01-13 16:56:40.880,1.059
2026-01-13 16:56:40.896,1.06
2026-01-13 16:56:40.896,1.066
2026-01-13 16:56:40.913,1.07
2026-01-13 16:56:40.930,1.072
2026-01-13 16:56:40.931,1.069
2026-01-13 16:56:40.946,1.069
2026-01-13 16:56:40.964,1.063
2026-01-13 16:56:40.979,1.058
2026-01-13 16:56:40.979,1.057
2026-01-13 16:56:40.996,1.057
2026-01-13 16:56:41.014,1.06
2026-01-13 16:56:41.014,1.066
2026-01-13 16:56:41.029,1.075
2026-01-13 16:56:41.046,1.075
2026-01-13 16:56:41.064,1.068
2026-01-13 16:56:41.064,1.066
2026-01-13 16:56:41.080,1.066
2026-01-13 16:56:41.096,1.071
2026-01-13 16:56:41.113,1.074
2026-01-13 16:56:41.114,1.075
2026-01-13 16:56:41.130,1.073
2026-01-13 16:56:41.146,1.069
2026-01-13 16:56:41.146,1.072
2026-01-13 16:56:41.162,1.074
2026-01-13 16:56:41.182,1.076
2026-01-13 16:56:41.183,1.078
2026-01-13 16:56:41.196,1.085
2026-01-13 16:56:41.213,1.083
2026-01-13 16:56:41.230,1.084
2026-01-13 16:56:41.245,1.087
2026-01-13 16:56:41.246,1.087
2026-01-13 16:56:41.263,1.09
2026-01-13 16:56:41.279,1.089
2026-01-13 16:56:41.279,1.088
2026-01-13 16:56:41.307,1.088
2026-01-13 16:56:41.308,1.096
2026-01-13 16:56:41.317,1.096
2026-01-13 16:56:41.328,1.095
2026-01-13 16:56:41.346,1.092
2026-01-13 16:56:41.364,1.095
2026-01-13 16:56:41.365,1.1
2026-01-13 16:56:41.379,1.092
2026-01-13 16:56:41.397,1.097
2026-01-13 16:56:41.416,1.094
2026-01-13 16:56:41.417,1.095
2026-01-13 16:56:41.430,1.093
2026-01-13 16:56:41.446,1.093
2026-01-13 16:56:41.446,1.102
2026-01-13 16:56:41.463,1.103
2026-01-13 16:56:41.485,1.105
2026-01-13 16:56:41.485,1.106
2026-01-13 16:56:41.495,1.102
2026-01-13 16:56:41.512,1.103
2026-01-13 16:56:41.529,1.097
2026-01-13 16:56:41.546,1.089
2026-01-13 16:56:41.547,1.09
2026-01-13 16:56:41.562,1.089
2026-01-13 16:56:41.580,1.086
2026-01-13 16:56:41.580,1.079
2026-01-13 16:56:41.595,1.077
2026-01-13 16:56:41.612,1.075
2026-01-13 16:56:41.632,1.074
2026-01-13 16:56:41.632,1.071
2026-01-13 16:56:41.646,1.065
2026-01-13 16:56:41.663,1.059
2026-01-13 16:56:41.663,1.059
2026-01-13 16:56:41.680,1.05
2026-01-13 16:56:41.696,1.05
2026-01-13 16:56:41.713,1.043
2026-01-13 16:56:41.714,1.04
2026-01-13 16:56:41.730,1.041
2026-01-13 16:56:41.746,1.039
2026-01-13 16:56:41.746,1.031
2026-01-13 16:56:41.763,1.028
2026-01-13 16:56:41.780,1.025
2026-01-13 16:56:41.796,1.027
2026-01-13 16:56:41.797,1.021
2026-01-13 16:56:41.812,1.018
2026-01-13 16:56:41.830,1.013
2026-01-13 16:56:41.830,1.008
2026-01-13 16:56:41.846,1.004
2026-01-13 16:56:41.862,1.0
2026-01-13 16:56:41.879,0.999
2026-01-13 16:56:41.879,1.0
2026-01-13 16:56:41.899,1.0
2026-01-13 16:56:41.913,0.997
2026-01-13 16:56:41.929,0.992
2026-01-13 16:56:41.930,0.99
2026-01-13 16:56:41.945,0.992
2026-01-13 16:56:41.963,0.998
2026-01-13 16:56:41.963,0.997
2026-01-13 16:56:41.980,0.999
2026-01-13 16:56:41.997,0.998
2026-01-13 16:56:42.013,1.004
2026-01-13 16:56:42.014,1.01
2026-01-13 16:56:42.031,1.018
2026-01-13 16:56:42.046,1.02
2026-01-13 16:56:42.062,1.016
2026-01-13 16:56:42.062,1.015
2026-01-13 16:56:42.078,1.017
2026-01-13 16:56:42.096,1.021
2026-01-13 16:56:42.096,1.017
2026-01-13 16:56:42.111,1.01
2026-01-13 16:56:42.129,1.012
2026-01-13 16:56:42.147,1.015
2026-01-13 16:56:42.147,1.018
2026-01-13 16:56:42.161,1.016
2026-01-13 16:56:42.179,1.014
2026-01-13 16:56:42.180,1.014
2026-01-13 16:56:42.196,1.009
2026-01-13 16:56:42.213,1.004
2026-01-13 16:56:42.229,0.999
2026-01-13 16:56:42.230,0.998
2026-01-13 16:56:42.245,1.001
2026-01-13 16:56:42.263,1.0
2026-01-13 16:56:42.280,1.004
2026-01-13 16:56:42.297,0.997
2026-01-13 16:56:42.315,0.993
2026-01-13 16:56:42.316,0.989
2026-01-13 16:56:42.329,0.988
2026-01-13 16:56:42.345,0.989
2026-01-13 16:56:42.363,0.988
2026-01-13 16:56:42.364,0.991
2026-01-13 16:56:42.380,1.003
2026-01-13 16:56:42.397,1.01
2026-01-13 16:56:42.397,1.012
2026-01-13 16:56:42.413,1.021
2026-01-13 16:56:42.432,1.028
2026-01-13 16:56:42.432,1.028
2026-01-13 16:56:42.446,1.031
2026-01-13 16:56:42.461,1.03
2026-01-13 16:56:42.478,1.039
2026-01-13 16:56:42.479,1.045
2026-01-13 16:56:42.503,1.049
2026-01-13 16:56:42.503,1.053
2026-01-13 16:56:42.528,1.048
2026-01-13 16:56:42.528,1.051
2026-01-13 16:56:42.546,1.059
2026-01-13 16:56:42.564,1.06
2026-01-13 16:56:42.564,1.057
2026-01-13 16:56:42.579,1.054
2026-01-13 16:56:42.595,1.053
2026-01-13 16:56:42.612,1.055
2026-01-13 16:56:42.612,1.054
2026-01-13 16:56:42.627,1.058
2026-01-13 16:56:42.644,1.059
2026-01-13 16:56:42.702,1.057
2026-01-13 16:56:42.702,1.058
2026-01-13 16:56:42.703,1.057
2026-01-13 16:56:42.703,1.064
2026-01-13 16:56:42.703,1.068
2026-01-13 16:56:42.708,1.065
2026-01-13 16:56:42.728,1.067
2026-01-13 16:56:42.745,1.062
2026-01-13 16:56:42.745,1.066
2026-01-13 16:56:42.762,1.068
2026-01-13 16:56:42.779,1.064
2026-01-13 16:56:42.780,1.065
2026-01-13 16:56:42.795,1.075
2026-01-13 16:56:42.812,1.072
2026-01-13 16:56:42.828,1.077
2026-01-13 16:56:42.828,1.073
2026-01-13 16:56:42.845,1.071
2026-01-13 16:56:42.860,1.064
2026-01-13 16:56:42.877,1.068
2026-01-13 16:56:42.877,1.072
2026-01-13 16:56:42.895,1.076
2026-01-13 16:56:42.912,1.07
2026-01-13 16:56:42.912,1.066
2026-01-13 16:56:42.929,1.062
2026-01-13 16:56:42.944,1.062
2026-01-13 16:56:42.960,1.061
2026-01-13 16:56:42.961,1.06
2026-01-13 16:56:42.978,1.058
2026-01-13 16:56:42.994,1.055
2026-01-13 16:56:42.994,1.048
2026-01-13 16:56:43.011,1.044
2026-01-13 16:56:43.028,1.041
2026-01-13 16:56:43.045,1.038
2026-01-13 16:56:43.045,1.036
2026-01-13 16:56:43.062,1.034
2026-01-13 16:56:43.078,1.029
2026-01-13 16:56:43.079,1.026
2026-01-13 16:56:43.095,1.02
2026-01-13 16:56:43.111,1.015
2026-01-13 16:56:43.127,1.012
2026-01-13 16:56:43.128,1.007
2026-01-13 16:56:43.146,1.005
2026-01-13 16:56:43.162,1.003
2026-01-13 16:56:43.162,1.005
2026-01-13 16:56:43.178,1.0
2026-01-13 16:56:43.194,0.993
2026-01-13 16:56:43.211,0.989
2026-01-13 16:56:43.211,0.994
2026-01-13 16:56:43.228,0.993
2026-01-13 16:56:43.246,0.989
2026-01-13 16:56:43.261,0.984
2026-01-13 16:56:43.261,0.987
2026-01-13 16:56:43.280,0.982
2026-01-13 16:56:43.295,0.986
2026-01-13 16:56:43.296,0.983
2026-01-13 16:56:43.311,0.98
2026-01-13 16:56:43.327,0.976
2026-01-13 16:56:43.345,0.972
2026-01-13 16:56:43.345,0.974
2026-01-13 16:56:43.362,0.973
2026-01-13 16:56:43.377,0.975
2026-01-13 16:56:43.378,0.977
2026-01-13 16:56:43.395,0.976
2026-01-13 16:56:43.411,0.973
2026-01-13 16:56:43.428,0.967
2026-01-13 16:56:43.428,0.964
2026-01-13 16:56:43.444,0.964
2026-01-13 16:56:43.461,0.964
2026-01-13 16:56:43.486,0.967
2026-01-13 16:56:43.486,0.97
2026-01-13 16:56:43.487,0.973
2026-01-13 16:56:43.511,0.978
2026-01-13 16:56:43.512,0.976
2026-01-13 16:56:43.528,0.974
2026-01-13 16:56:43.545,0.97
2026-01-13 16:56:43.562,0.968
2026-01-13 16:56:43.562,0.966
2026-01-13 16:56:43.580,0.967
2026-01-13 16:56:43.595,0.968
2026-01-13 16:56:43.595,0.972
2026-01-13 16:56:43.617,0.975
2026-01-13 16:56:43.630,0.975
2026-01-13 16:56:43.630,0.971
2026-01-13 16:56:43.644,0.972
2026-01-13 16:56:43.661,0.965
2026-01-13 16:56:43.678,0.969
2026-01-13 16:56:43.694,0.972
2026-01-13 16:56:43.695,0.973
2026-01-13 16:56:43.713,0.969
2026-01-13 16:56:43.731,0.969
2026-01-13 16:56:43.732,0.966
2026-01-13 16:56:43.746,0.964
2026-01-13 16:56:43.762,0.963
2026-01-13 16:56:43.763,0.965
2026-01-13 16:56:43.778,0.963
2026-01-13 16:56:43.794,0.961
2026-01-13 16:56:43.811,0.962
2026-01-13 16:56:43.811,0.962
2026-01-13 16:56:43.827,0.967
2026-01-13 16:56:43.844,0.969
2026-01-13 16:56:43.861,0.971
2026-01-13 16:56:43.861,0.974
2026-01-13 16:56:43.879,0.973
2026-01-13 16:56:43.895,0.979
2026-01-13 16:56:43.895,0.983
2026-01-13 16:56:43.912,0.983
2026-01-13 16:56:43.927,0.988
2026-01-13 16:56:43.944,0.985
2026-01-13 16:56:43.944,0.983
2026-01-13 16:56:43.961,0.978
2026-01-13 16:56:43.977,0.981
2026-01-13 16:56:43.994,0.981
2026-01-13 16:56:43.994,0.978
2026-01-13 16:56:44.010,0.976
2026-01-13 16:56:44.038,0.978
2026-01-13 16:56:44.038,0.98
2026-01-13 16:56:44.039,0.982
2026-01-13 16:56:44.062,0.98
2026-01-13 16:56:44.063,0.983
2026-01-13 16:56:44.078,0.986
2026-01-13 16:56:44.095,0.988
2026-01-13 16:56:44.112,0.99
2026-01-13 16:56:44.113,0.987
2026-01-13 16:56:44.130,0.988
2026-01-13 16:56:44.145,0.995
2026-01-13 16:56:44.146,0.995
2026-01-13 16:56:44.161,0.997
2026-01-13 16:56:44.178,0.993
2026-01-13 16:56:44.197,0.995
2026-01-13 16:56:44.197,0.994
2026-01-13 16:56:44.213,0.994
2026-01-13 16:56:44.228,0.996
2026-01-13 16:56:44.245,0.998
2026-01-13 16:56:44.246,0.999
2026-01-13 16:56:44.263,0.998
2026-01-13 16:56:44.279,1.002
2026-01-13 16:56:44.279,1.001
2026-01-13 16:56:44.296,1.003
2026-01-13 16:56:44.311,1.006
2026-01-13 16:56:44.329,1.008
2026-01-13 16:56:44.329,1.009
2026-01-13 16:56:44.346,1.002
2026-01-13 16:56:44.363,1.008
2026-01-13 16:56:44.363,1.009
2026-01-13 16:56:44.380,1.008
2026-01-13 16:56:44.395,1.007
2026-01-13 16:56:44.413,1.01
2026-01-13 16:56:44.413,1.008
2026-01-13 16:56:44.430,1.003
2026-01-13 16:56:44.446,1.003
2026-01-13 16:56:44.462,0.998
2026-01-13 16:56:44.462,1.003
2026-01-13 16:56:44.478,1.004
2026-01-13 16:56:44.501,1.006
2026-01-13 16:56:44.502,1.007
2026-01-13 16:56:44.511,1.006
2026-01-13 16:56:44.528,1.006
2026-01-13 16:56:44.547,1.004
2026-01-13 16:56:44.547,1.004
2026-01-13 16:56:44.563,1.003
2026-01-13 16:56:44.578,1.003
2026-01-13 16:56:44.579,1.0
2026-01-13 16:56:44.594,1.001
2026-01-13 16:56:44.614,1.003
2026-01-13 16:56:44.614,0.999
2026-01-13 16:56:44.629,1.002
2026-01-13 16:56:44.645,1.005
2026-01-13 16:56:44.663,1.009
2026-01-13 16:56:44.663,1.006
2026-01-13 16:56:44.679,1.005
2026-01-13 16:56:44.695,1.007
2026-01-13 16:56:44.711,1.009
2026-01-13 16:56:44.711,1.016
2026-01-13 16:56:44.728,1.02
2026-01-13 16:56:44.744,1.017
2026-01-13 16:56:44.762,1.02
2026-01-13 16:56:44.763,1.02
2026-01-13 16:56:44.779,1.027
2026-01-13 16:56:44.795,1.03
2026-01-13 16:56:44.795,1.027
2026-01-13 16:56:44.812,1.028
2026-01-13 16:56:44.829,1.029
2026-01-13 16:56:44.845,1.034
2026-01-13 16:56:44.845,1.027
2026-01-13 16:56:44.863,1.028
2026-01-13 16:56:44.879,1.025
2026-01-13 16:56:44.880,1.021
2026-01-13 16:56:44.895,1.024
2026-01-13 16:56:44.912,1.021
2026-01-13 16:56:44.929,1.023
2026-01-13 16:56:44.929,1.022
2026-01-13 16:56:44.945,1.021
2026-01-13 16:56:44.963,1.027
2026-01-13 16:56:44.963,1.028
2026-01-13 16:56:44.979,1.03
2026-01-13 16:56:44.996,1.027
2026-01-13 16:56:45.011,1.022
2026-01-13 16:56:45.012,1.019
2026-01-13 16:56:45.028,1.021
2026-01-13 16:56:45.045,1.018
2026-01-13 16:56:45.062,1.017
2026-01-13 16:56:45.062,1.018
2026-01-13 16:56:45.077,1.014
2026-01-13 16:56:45.094,1.014
2026-01-13 16:56:45.094,1.017
2026-01-13 16:56:45.111,1.015
2026-01-13 16:56:45.128,1.013
2026-01-13 16:56:45.144,1.017
2026-01-13 16:56:45.144,1.015
2026-01-13 16:56:45.162,1.009
2026-01-13 16:56:45.178,1.006
2026-01-13 16:56:45.178,1.004
2026-01-13 16:56:45.194,1.003
2026-01-13 16:56:45.212,1.007
2026-01-13 16:56:45.227,1.011
2026-01-13 16:56:45.227,1.008
2026-01-13 16:56:45.243,1.005
2026-01-13 16:56:45.261,1.006
2026-01-13 16:56:45.278,1.012
2026-01-13 16:56:45.278,1.007
2026-01-13 16:56:45.294,1.005
2026-01-13 16:56:45.311,1.006
2026-01-13 16:56:45.311,1.009
2026-01-13 16:56:45.328,1.013
2026-01-13 16:56:45.345,1.011
2026-01-13 16:56:45.361,1.013
2026-01-13 16:56:45.361,1.01
2026-01-13 16:56:45.402,1.01
2026-01-13 16:56:45.402,1.009
2026-01-13 16:56:45.403,1.009
2026-01-13 16:56:45.410,1.013
2026-01-13 16:56:45.427,1.01
2026-01-13 16:56:45.444,1.007
2026-01-13 16:56:45.444,1.004
2026-01-13 16:56:45.461,1.003
2026-01-13 16:56:45.482,1.004
2026-01-13 16:56:45.482,1.01
2026-01-13 16:56:45.494,1.01
2026-01-13 16:56:45.510,1.011
2026-01-13 16:56:45.526,1.015
2026-01-13 16:56:45.527,1.016
2026-01-13 16:56:45.543,1.018
2026-01-13 16:56:45.560,1.013
2026-01-13 16:56:45.578,1.017
2026-01-13 16:56:45.578,1.015
2026-01-13 16:56:45.593,1.02
2026-01-13 16:56:45.611,1.019
2026-01-13 16:56:45.611,1.016
2026-01-13 16:56:45.627,1.013
2026-01-13 16:56:45.644,1.01
2026-01-13 16:56:45.660,1.011
2026-01-13 16:56:45.661,1.016
2026-01-13 16:56:45.677,1.015
2026-01-13 16:56:45.694,1.019
2026-01-13 16:56:45.694,1.021
2026-01-13 16:56:45.711,1.024
2026-01-13 16:56:45.727,1.025
2026-01-13 16:56:45.744,1.025
2026-01-13 16:56:45.744,1.026
2026-01-13 16:56:45.760,1.026
2026-01-13 16:56:45.777,1.023
2026-01-13 16:56:45.794,1.023
2026-01-13 16:56:45.794,1.017
2026-01-13 16:56:45.813,1.019
2026-01-13 16:56:45.828,1.023
2026-01-13 16:56:45.828,1.016
2026-01-13 16:56:45.844,1.018
2026-01-13 16:56:45.861,1.019
2026-01-13 16:56:45.877,1.023
2026-01-13 16:56:45.877,1.027
2026-01-13 16:56:45.895,1.026
2026-01-13 16:56:45.912,1.028
2026-01-13 16:56:45.913,1.027
2026-01-13 16:56:45.928,1.03
2026-01-13 16:56:45.945,1.031
2026-01-13 16:56:45.947,1.025
2026-01-13 16:56:45.962,1.022
2026-01-13 16:56:45.979,1.025
2026-01-13 16:56:45.995,1.026
2026-01-13 16:56:45.996,1.022
2026-01-13 16:56:46.011,1.023
2026-01-13 16:56:46.031,1.026
2026-01-13 16:56:46.031,1.024
2026-01-13 16:56:46.044,1.022
2026-01-13 16:56:46.062,1.018
2026-01-13 16:56:46.078,1.019
2026-01-13 16:56:46.079,1.017
2026-01-13 16:56:46.095,1.02
2026-01-13 16:56:46.112,1.018
2026-01-13 16:56:46.130,1.018
2026-01-13 16:56:46.130,1.022
2026-01-13 16:56:46.144,1.025
2026-01-13 16:56:46.161,1.023
2026-01-13 16:56:46.180,1.022
2026-01-13 16:56:46.180,1.029
2026-01-13 16:56:46.195,1.034
2026-01-13 16:56:46.212,1.031
2026-01-13 16:56:46.213,1.026
2026-01-13 16:56:46.228,1.027
2026-01-13 16:56:46.247,1.027
2026-01-13 16:56:46.247,1.027
2026-01-13 16:56:46.261,1.025
2026-01-13 16:56:46.278,1.029
2026-01-13 16:56:46.294,1.03
2026-01-13 16:56:46.310,1.032
2026-01-13 16:56:46.311,1.034
2026-01-13 16:56:46.328,1.033
2026-01-13 16:56:46.345,1.034
2026-01-13 16:56:46.345,1.031
2026-01-13 16:56:46.362,1.031
2026-01-13 16:56:46.379,1.031
2026-01-13 16:56:46.379,1.028
2026-01-13 16:56:46.395,1.025
2026-01-13 16:56:46.412,1.025
2026-01-13 16:56:46.429,1.025
2026-01-13 16:56:46.430,1.024
2026-01-13 16:56:46.445,1.027
2026-01-13 16:56:46.461,1.022
2026-01-13 16:56:46.486,1.025
2026-01-13 16:56:46.486,1.026
2026-01-13 16:56:46.494,1.02
2026-01-13 16:56:46.511,1.016
2026-01-13 16:56:46.511,1.017
2026-01-13 16:56:46.528,1.021
2026-01-13 16:56:46.545,1.017
2026-01-13 16:56:46.561,1.021
2026-01-13 16:56:46.561,1.023
2026-01-13 16:56:46.580,1.022
2026-01-13 16:56:46.595,1.019
2026-01-13 16:56:46.595,1.013
2026-01-13 16:56:46.612,1.017
2026-01-13 16:56:46.627,1.017
2026-01-13 16:56:46.646,1.011
2026-01-13 16:56:46.646,1.012
2026-01-13 16:56:46.662,1.013
2026-01-13 16:56:46.678,1.017
2026-01-13 16:56:46.678,1.015
2026-01-13 16:56:46.695,1.014
2026-01-13 16:56:46.711,1.016
2026-01-13 16:56:46.730,1.015
2026-01-13 16:56:46.730,1.008
2026-01-13 16:56:46.757,1.013
2026-01-13 16:56:46.758,1.006
2026-01-13 16:56:46.767,1.004
2026-01-13 16:56:46.778,1.004
2026-01-13 16:56:46.795,1.001
2026-01-13 16:56:46.812,1.001
2026-01-13 16:56:46.812,0.995
2026-01-13 16:56:46.830,0.995
2026-01-13 16:56:46.845,0.997
2026-01-13 16:56:46.862,0.998
2026-01-13 16:56:46.865,0.999
2026-01-13 16:56:46.878,1.002
2026-01-13 16:56:46.896,1.0
2026-01-13 16:56:46.897,0.996
2026-01-13 16:56:46.912,0.995
2026-01-13 16:56:46.929,0.998
2026-01-13 16:56:46.946,0.999
2026-01-13 16:56:46.946,1.002
2026-01-13 16:56:46.962,1.0
2026-01-13 16:56:46.979,1.0
2026-01-13 16:56:46.979,1.002
2026-01-13 16:56:46.994,1.006
2026-01-13 16:56:47.014,1.007
2026-01-13 16:56:47.014,1.004
2026-01-13 16:56:47.028,1.003
2026-01-13 16:56:47.046,1.009
2026-01-13 16:56:47.062,1.009
2026-01-13 16:56:47.062,1.006
2026-01-13 16:56:47.079,1.007
2026-01-13 16:56:47.096,1.012
2026-01-13 16:56:47.114,1.01
2026-01-13 16:56:47.114,1.017
2026-01-13 16:56:47.129,1.014
2026-01-13 16:56:47.145,1.011
2026-01-13 16:56:47.147,1.01
2026-01-13 16:56:47.160,1.013
2026-01-13 16:56:47.180,1.013
2026-01-13 16:56:47.195,1.016
2026-01-13 16:56:47.195,1.017
2026-01-13 16:56:47.212,1.013
2026-01-13 16:56:47.228,1.013
2026-01-13 16:56:47.244,1.009
2026-01-13 16:56:47.244,1.011
2026-01-13 16:56:47.262,1.012
2026-01-13 16:56:47.279,1.015
2026-01-13 16:56:47.279,1.013
2026-01-13 16:56:47.295,1.016
2026-01-13 16:56:47.310,1.017
2026-01-13 16:56:47.328,1.02
2026-01-13 16:56:47.328,1.023
2026-01-13 16:56:47.344,1.023
2026-01-13 16:56:47.359,1.024
2026-01-13 16:56:47.377,1.026
2026-01-13 16:56:47.377,1.027
2026-01-13 16:56:47.393,1.03
2026-01-13 16:56:47.411,1.028
2026-01-13 16:56:47.411,1.024
2026-01-13 16:56:47.426,1.02
2026-01-13 16:56:47.443,1.016
2026-01-13 16:56:47.460,1.011
2026-01-13 16:56:47.461,1.01
2026-01-13 16:56:47.482,1.007
2026-01-13 16:56:47.483,1.009
2026-01-13 16:56:47.495,1.016
2026-01-13 16:56:47.511,1.011
2026-01-13 16:56:47.527,1.016
2026-01-13 16:56:47.544,1.012
2026-01-13 16:56:47.544,1.018
2026-01-13 16:56:47.562,1.018
2026-01-13 16:56:47.581,1.017
2026-01-13 16:56:47.582,1.016
2026-01-13 16:56:47.594,1.021
2026-01-13 16:56:47.610,1.015
2026-01-13 16:56:47.628,1.013
2026-01-13 16:56:47.628,1.008
2026-01-13 16:56:47.643,1.01
2026-01-13 16:56:47.661,1.01
2026-01-13 16:56:47.677,1.01
2026-01-13 16:56:47.677,1.013
2026-01-13 16:56:47.693,1.013
2026-01-13 16:56:47.711,1.012
2026-01-13 16:56:47.712,1.015
2026-01-13 16:56:47.727,1.015
2026-01-13 16:56:47.744,1.016
2026-01-13 16:56:47.761,1.016
2026-01-13 16:56:47.761,1.018
2026-01-13 16:56:47.777,1.014
2026-01-13 16:56:47.793,1.014
2026-01-13 16:56:47.812,1.014
2026-01-13 16:56:47.812,1.015
2026-01-13 16:56:47.827,1.016
2026-01-13 16:56:47.843,1.014
2026-01-13 16:56:47.844,1.014
2026-01-13 16:56:47.861,1.01
2026-01-13 16:56:47.878,1.01
2026-01-13 16:56:47.878,1.006
2026-01-13 16:56:47.893,1.002
2026-01-13 16:56:47.910,1.002
2026-01-13 16:56:47.928,1.007
2026-01-13 16:56:47.928,1.006
2026-01-13 16:56:47.946,1.005
2026-01-13 16:56:47.961,1.01
2026-01-13 16:56:47.977,1.009
2026-01-13 16:56:47.977,1.015
2026-01-13 16:56:47.993,1.017
2026-01-13 16:56:48.009,1.014
2026-01-13 16:56:48.011,1.014
2026-01-13 16:56:48.026,1.018
2026-01-13 16:56:48.044,1.014
2026-01-13 16:56:48.061,1.015
2026-01-13 16:56:48.061,1.014
2026-01-13 16:56:48.076,1.012
2026-01-13 16:56:48.094,1.011
2026-01-13 16:56:48.095,1.014
2026-01-13 16:56:48.121,1.016
2026-01-13 16:56:48.123,1.012
2026-01-13 16:56:48.131,1.014
2026-01-13 16:56:48.144,1.015
2026-01-13 16:56:48.160,1.017
2026-01-13 16:56:48.177,1.017
2026-01-13 16:56:48.196,1.02
2026-01-13 16:56:48.197,1.017
2026-01-13 16:56:48.211,1.016
2026-01-13 16:56:48.228,1.014
2026-01-13 16:56:48.228,1.011
2026-01-13 16:56:48.246,1.015
2026-01-13 16:56:48.262,1.017
2026-01-13 16:56:48.262,1.017
2026-01-13 16:56:48.281,1.018
2026-01-13 16:56:48.294,1.024
2026-01-13 16:56:48.310,1.03
2026-01-13 16:56:48.310,1.029
2026-01-13 16:56:48.326,1.026
2026-01-13 16:56:48.342,1.026
2026-01-13 16:56:48.361,1.027
2026-01-13 16:56:48.361,1.022
2026-01-13 16:56:48.378,1.025
2026-01-13 16:56:48.393,1.028
2026-01-13 16:56:48.410,1.027
2026-01-13 16:56:48.411,1.03
2026-01-13 16:56:48.427,1.027
2026-01-13 16:56:48.445,1.028
2026-01-13 16:56:48.445,1.024
2026-01-13 16:56:48.461,1.02
2026-01-13 16:56:48.482,1.019
2026-01-13 16:56:48.483,1.016
2026-01-13 16:56:48.494,1.015
2026-01-13 16:56:48.511,1.017
2026-01-13 16:56:48.526,1.023
2026-01-13 16:56:48.526,1.021
2026-01-13 16:56:48.545,1.026
2026-01-13 16:56:48.562,1.027
2026-01-13 16:56:48.562,1.031
2026-01-13 16:56:48.580,1.026
2026-01-13 16:56:48.595,1.027
2026-01-13 16:56:48.611,1.025
2026-01-13 16:56:48.611,1.025
2026-01-13 16:56:48.627,1.024
2026-01-13 16:56:48.646,1.024
2026-01-13 16:56:48.647,1.029
2026-01-13 16:56:48.661,1.029
2026-01-13 16:56:48.679,1.033
2026-01-13 16:56:48.695,1.032
2026-01-13 16:56:48.695,1.029
2026-01-13 16:56:48.712,1.031
2026-01-13 16:56:48.728,1.026
2026-01-13 16:56:48.745,1.025
2026-01-13 16:56:48.745,1.026
2026-01-13 16:56:48.762,1.03
2026-01-13 16:56:48.779,1.029
2026-01-13 16:56:48.779,1.026
2026-01-13 16:56:48.795,1.024
2026-01-13 16:56:48.813,1.019
2026-01-13 16:56:48.829,1.014
2026-01-13 16:56:48.830,1.011
2026-01-13 16:56:48.844,1.013
2026-01-13 16:56:48.861,1.013
2026-01-13 16:56:48.879,1.012
2026-01-13 16:56:48.879,1.016
2026-01-13 16:56:48.894,1.015
2026-01-13 16:56:48.911,1.013
2026-01-13 16:56:48.911,1.016
2026-01-13 16:56:48.927,1.019
2026-01-13 16:56:48.944,1.022
2026-01-13 16:56:48.961,1.023
2026-01-13 16:56:48.962,1.024
2026-01-13 16:56:48.977,1.029
2026-01-13 16:56:48.993,1.025
2026-01-13 16:56:48.994,1.028
2026-01-13 16:56:49.010,1.025
2026-01-13 16:56:49.027,1.025
2026-01-13 16:56:49.044,1.024
2026-01-13 16:56:49.044,1.024
2026-01-13 16:56:49.061,1.026
2026-01-13 16:56:49.077,1.028
2026-01-13 16:56:49.078,1.029
2026-01-13 16:56:49.094,1.021
2026-01-13 16:56:49.109,1.022
2026-01-13 16:56:49.127,1.022
2026-01-13 16:56:49.127,1.023
2026-01-13 16:56:49.144,1.025
2026-01-13 16:56:49.160,1.026
2026-01-13 16:56:49.178,1.027
2026-01-13 16:56:49.178,1.032
2026-01-13 16:56:49.195,1.029
2026-01-13 16:56:49.209,1.023
2026-01-13 16:56:49.227,1.018
2026-01-13 16:56:49.227,1.016
2026-01-13 16:56:49.243,1.014
2026-01-13 16:56:49.260,1.015
2026-01-13 16:56:49.261,1.016
2026-01-13 16:56:49.276,1.022
2026-01-13 16:56:49.294,1.023
2026-01-13 16:56:49.310,1.025
2026-01-13 16:56:49.311,1.025
2026-01-13 16:56:49.327,1.023
2026-01-13 16:56:49.344,1.028
2026-01-13 16:56:49.344,1.033
2026-01-13 16:56:49.360,1.034
2026-01-13 16:56:49.378,1.033
2026-01-13 16:56:49.379,1.032
2026-01-13 16:56:49.393,1.028
2026-01-13 16:56:49.409,1.03
2026-01-13 16:56:49.426,1.033
2026-01-13 16:56:49.428,1.036
2026-01-13 16:56:49.444,1.036
2026-01-13 16:56:49.459,1.035
2026-01-13 16:56:49.507,1.032
2026-01-13 16:56:49.508,1.027
2026-01-13 16:56:49.508,1.029
2026-01-13 16:56:49.509,1.032
2026-01-13 16:56:49.522,1.034
2026-01-13 16:56:49.523,1.032
2026-01-13 16:56:49.544,1.031
2026-01-13 16:56:49.561,1.033
2026-01-13 16:56:49.561,1.033
2026-01-13 16:56:49.578,1.033
2026-01-13 16:56:49.592,1.037
2026-01-13 16:56:49.612,1.04
2026-01-13 16:56:49.612,1.036
2026-01-13 16:56:49.627,1.037
2026-01-13 16:56:49.644,1.035
2026-01-13 16:56:49.644,1.029
2026-01-13 16:56:49.659,1.03
2026-01-13 16:56:49.677,1.029
2026-01-13 16:56:49.694,1.028
2026-01-13 16:56:49.694,1.025
2026-01-13 16:56:49.711,1.027
2026-01-13 16:56:49.728,1.026
2026-01-13 16:56:49.728,1.028
2026-01-13 16:56:49.743,1.026
2026-01-13 16:56:49.759,1.022
2026-01-13 16:56:49.777,1.018
2026-01-13 16:56:49.777,1.022
2026-01-13 16:56:49.794,1.023
2026-01-13 16:56:49.810,1.018
2026-01-13 16:56:49.810,1.016
2026-01-13 16:56:49.827,1.017
2026-01-13 16:56:49.844,1.022
2026-01-13 16:56:49.859,1.02
2026-01-13 16:56:49.860,1.019
2026-01-13 16:56:49.878,1.022
2026-01-13 16:56:49.894,1.021
2026-01-13 16:56:49.910,1.019
2026-01-13 16:56:49.911,1.02
2026-01-13 16:56:49.927,1.017
2026-01-13 16:56:49.944,1.015
2026-01-13 16:56:49.944,1.018
2026-01-13 16:56:49.960,1.019
2026-01-13 16:56:49.977,1.017
2026-01-13 16:56:49.994,1.022
2026-01-13 16:56:49.994,1.022
2026-01-13 16:56:50.009,1.019
2026-01-13 16:56:50.026,1.018
2026-01-13 16:56:50.026,1.02
2026-01-13 16:56:50.043,1.02
2026-01-13 16:56:50.060,1.027
2026-01-13 16:56:50.078,1.027
2026-01-13 16:56:50.078,1.03
2026-01-13 16:56:50.093,1.027
2026-01-13 16:56:50.110,1.026
2026-01-13 16:56:50.110,1.019
2026-01-13 16:56:50.128,1.019
2026-01-13 16:56:50.144,1.017
2026-01-13 16:56:50.161,1.023
2026-01-13 16:56:50.162,1.02
2026-01-13 16:56:50.178,1.017
2026-01-13 16:56:50.192,1.017
2026-01-13 16:56:50.210,1.015
2026-01-13 16:56:50.210,1.016
2026-01-13 16:56:50.227,1.018
2026-01-13 16:56:50.243,1.016
2026-01-13 16:56:50.245,1.014
2026-01-13 16:56:50.260,1.015
2026-01-13 16:56:50.277,1.013
2026-01-13 16:56:50.294,1.014
2026-01-13 16:56:50.294,1.018
2026-01-13 16:56:50.310,1.021
2026-01-13 16:56:50.328,1.018
2026-01-13 16:56:50.328,1.015
2026-01-13 16:56:50.344,1.017
2026-01-13 16:56:50.359,1.015
2026-01-13 16:56:50.376,1.014
2026-01-13 16:56:50.376,1.013
2026-01-13 16:56:50.393,1.014
2026-01-13 16:56:50.409,1.014
2026-01-13 16:56:50.426,1.016
2026-01-13 16:56:50.427,1.013
2026-01-13 16:56:50.444,1.014
2026-01-13 16:56:50.460,1.017
2026-01-13 16:56:50.461,1.014
2026-01-13 16:56:50.486,1.015
2026-01-13 16:56:50.486,1.014
2026-01-13 16:56:50.494,1.025
2026-01-13 16:56:50.510,1.027
2026-01-13 16:56:50.526,1.029
2026-01-13 16:56:50.543,1.026
2026-01-13 16:56:50.544,1.024
2026-01-13 16:56:50.562,1.027
2026-01-13 16:56:50.578,1.029
2026-01-13 16:56:50.579,1.026
2026-01-13 16:56:50.594,1.024
2026-01-13 16:56:50.611,1.022
2026-01-13 16:56:50.627,1.024
2026-01-13 16:56:50.628,1.022
2026-01-13 16:56:50.644,1.024
2026-01-13 16:56:50.661,1.03
2026-01-13 16:56:50.677,1.029
2026-01-13 16:56:50.677,1.031
2026-01-13 16:56:50.693,1.033
2026-01-13 16:56:50.712,1.03
2026-01-13 16:56:50.712,1.029
2026-01-13 16:56:50.728,1.027
2026-01-13 16:56:50.744,1.024
2026-01-13 16:56:50.761,1.028
2026-01-13 16:56:50.761,1.035
2026-01-13 16:56:50.778,1.034
2026-01-13 16:56:50.793,1.037
2026-01-13 16:56:50.794,1.035
2026-01-13 16:56:50.812,1.032
2026-01-13 16:56:50.851,1.034
2026-01-13 16:56:50.852,1.035
2026-01-13 16:56:50.852,1.035
2026-01-13 16:56:50.860,1.038
2026-01-13 16:56:50.877,1.038
2026-01-13 16:56:50.893,1.035
2026-01-13 16:56:50.893,1.034
2026-01-13 16:56:50.909,1.031
2026-01-13 16:56:50.928,1.03
2026-01-13 16:56:50.928,1.024
2026-01-13 16:56:50.944,1.019
2026-01-13 16:56:50.961,1.015
2026-01-13 16:56:50.978,1.011
2026-01-13 16:56:50.979,1.013
2026-01-13 16:56:50.994,1.011
2026-01-13 16:56:51.011,1.014
2026-01-13 16:56:51.011,1.015
2026-01-13 16:56:51.027,1.009
2026-01-13 16:56:51.043,1.01
2026-01-13 16:56:51.060,1.009
2026-01-13 16:56:51.060,1.002
2026-01-13 16:56:51.078,1.001
2026-01-13 16:56:51.092,1.003
2026-01-13 16:56:51.110,1.0
2026-01-13 16:56:51.110,0.997
2026-01-13 16:56:51.127,1.0
2026-01-13 16:56:51.145,0.998
2026-01-13 16:56:51.145,1.003
2026-01-13 16:56:51.159,1.006
2026-01-13 16:56:51.180,1.012
2026-01-13 16:56:51.180,1.012
2026-01-13 16:56:51.194,1.015
2026-01-13 16:56:51.209,1.015
2026-01-13 16:56:51.226,1.021
2026-01-13 16:56:51.227,1.02
2026-01-13 16:56:51.243,1.026
2026-01-13 16:56:51.259,1.031
2026-01-13 16:56:51.276,1.038
2026-01-13 16:56:51.277,1.04
2026-01-13 16:56:51.293,1.046
2026-01-13 16:56:51.309,1.052
2026-01-13 16:56:51.310,1.056
2026-01-13 16:56:51.328,1.06
2026-01-13 16:56:51.343,1.066
2026-01-13 16:56:51.360,1.061
2026-01-13 16:56:51.360,1.054
2026-01-13 16:56:51.377,1.055
2026-01-13 16:56:51.394,1.066
2026-01-13 16:56:51.395,1.073
2026-01-13 16:56:51.410,1.075
2026-01-13 16:56:51.426,1.076
2026-01-13 16:56:51.444,1.073
2026-01-13 16:56:51.444,1.074
2026-01-13 16:56:51.459,1.083
2026-01-13 16:56:51.476,1.085
2026-01-13 16:56:51.481,1.089
2026-01-13 16:56:51.492,1.087
2026-01-13 16:56:51.509,1.081
2026-01-13 16:56:51.525,1.073
2026-01-13 16:56:51.543,1.072
2026-01-13 16:56:51.544,1.068
2026-01-13 16:56:51.560,1.07
2026-01-13 16:56:51.577,1.066
2026-01-13 16:56:51.577,1.063
2026-01-13 16:56:51.594,1.059
2026-01-13 16:56:51.610,1.056
2026-01-13 16:56:51.610,1.051
2026-01-13 16:56:51.627,1.053
2026-01-13 16:56:51.644,1.05
2026-01-13 16:56:51.660,1.05
2026-01-13 16:56:51.660,1.048
2026-01-13 16:56:51.678,1.047
2026-01-13 16:56:51.693,1.043
2026-01-13 16:56:51.710,1.037
2026-01-13 16:56:51.710,1.033
2026-01-13 16:56:51.728,1.024
2026-01-13 16:56:51.744,1.027
2026-01-13 16:56:51.744,1.03
2026-01-13 16:56:51.760,1.03
2026-01-13 16:56:51.777,1.028
2026-01-13 16:56:51.794,1.028
2026-01-13 16:56:51.794,1.031
2026-01-13 16:56:51.810,1.026
2026-01-13 16:56:51.826,1.02
2026-01-13 16:56:51.826,1.017
2026-01-13 16:56:51.843,1.016
2026-01-13 16:56:51.860,1.013
2026-01-13 16:56:51.876,1.011
2026-01-13 16:56:51.876,1.013
2026-01-13 16:56:51.893,1.013
2026-01-13 16:56:51.911,1.017
2026-01-13 16:56:51.911,1.016
2026-01-13 16:56:51.927,1.017
2026-01-13 16:56:51.943,1.019
2026-01-13 16:56:51.959,1.019
2026-01-13 16:56:51.960,1.017
2026-01-13 16:56:51.976,1.02
2026-01-13 16:56:51.993,1.017
2026-01-13 16:56:52.010,1.014
2026-01-13 16:56:52.010,1.016
2026-01-13 16:56:52.027,1.02
2026-01-13 16:56:52.044,1.02
2026-01-13 16:56:52.044,1.019
2026-01-13 16:56:52.061,1.023
2026-01-13 16:56:52.077,1.023
2026-01-13 16:56:52.094,1.016
2026-01-13 16:56:52.094,1.02
2026-01-13 16:56:52.110,1.022
2026-01-13 16:56:52.127,1.019
2026-01-13 16:56:52.127,1.019
2026-01-13 16:56:52.144,1.023
2026-01-13 16:56:52.161,1.027
2026-01-13 16:56:52.177,1.029
2026-01-13 16:56:52.178,1.027
2026-01-13 16:56:52.218,1.032
2026-01-13 16:56:52.218,1.034
2026-01-13 16:56:52.218,1.047
2026-01-13 16:56:52.224,1.052
2026-01-13 16:56:52.243,1.049
2026-01-13 16:56:52.259,1.052
2026-01-13 16:56:52.260,1.047
2026-01-13 16:56:52.277,1.053
2026-01-13 16:56:52.293,1.057
2026-01-13 16:56:52.310,1.054
2026-01-13 16:56:52.310,1.056
2026-01-13 16:56:52.326,1.056
2026-01-13 16:56:52.343,1.05
2026-01-13 16:56:52.343,1.05
2026-01-13 16:56:52.360,1.053
2026-01-13 16:56:52.376,1.053
2026-01-13 16:56:52.393,1.05
2026-01-13 16:56:52.393,1.047
2026-01-13 16:56:52.410,1.042
2026-01-13 16:56:52.427,1.047
2026-01-13 16:56:52.427,1.048
2026-01-13 16:56:52.444,1.049
2026-01-13 16:56:52.461,1.045
2026-01-13 16:56:52.477,1.043
2026-01-13 16:56:52.477,1.041
2026-01-13 16:56:52.500,1.047
2026-01-13 16:56:52.500,1.052
2026-01-13 16:56:52.510,1.047
2026-01-13 16:56:52.526,1.042
2026-01-13 16:56:52.543,1.039
2026-01-13 16:56:52.560,1.037
2026-01-13 16:56:52.560,1.037
2026-01-13 16:56:52.576,1.039
2026-01-13 16:56:52.593,1.043
2026-01-13 16:56:52.609,1.047
2026-01-13 16:56:52.626,1.043
2026-01-13 16:56:52.643,1.042
2026-01-13 16:56:52.644,1.041
2026-01-13 16:56:52.660,1.037
2026-01-13 16:56:52.676,1.036
2026-01-13 16:56:52.693,1.035
2026-01-13 16:56:52.694,1.03
2026-01-13 16:56:52.710,1.031
2026-01-13 16:56:52.726,1.029
2026-01-13 16:56:52.726,1.031
2026-01-13 16:56:52.743,1.028
2026-01-13 16:56:52.760,1.027
2026-01-13 16:56:52.776,1.024
2026-01-13 16:56:52.777,1.028
2026-01-13 16:56:52.793,1.029
2026-01-13 16:56:52.810,1.028
2026-01-13 16:56:52.810,1.028
2026-01-13 16:56:52.827,1.023
2026-01-13 16:56:52.843,1.024
2026-01-13 16:56:52.859,1.023
2026-01-13 16:56:52.859,1.023
2026-01-13 16:56:52.876,1.02
2026-01-13 16:56:52.893,1.019
2026-01-13 16:56:52.910,1.017
2026-01-13 16:56:52.910,1.015
2026-01-13 16:56:52.927,1.012
2026-01-13 16:56:52.942,1.02
2026-01-13 16:56:52.942,1.02
2026-01-13 16:56:52.960,1.016
2026-01-13 16:56:52.976,1.014
2026-01-13 16:56:52.993,1.022
2026-01-13 16:56:52.994,1.02
2026-01-13 16:56:53.013,1.016
2026-01-13 16:56:53.027,1.019
2026-01-13 16:56:53.028,1.019
2026-01-13 16:56:53.044,1.016
2026-01-13 16:56:53.061,1.017
2026-01-13 16:56:53.077,1.018
2026-01-13 16:56:53.077,1.018
2026-01-13 16:56:53.094,1.015
2026-01-13 16:56:53.111,1.015
2026-01-13 16:56:53.111,1.017
2026-01-13 16:56:53.128,1.02
2026-01-13 16:56:53.144,1.016
2026-01-13 16:56:53.160,1.019
2026-01-13 16:56:53.160,1.016
2026-01-13 16:56:53.178,1.013
2026-01-13 16:56:53.194,1.016
2026-01-13 16:56:53.194,1.012
2026-01-13 16:56:53.210,1.011
2026-01-13 16:56:53.227,1.013
2026-01-13 16:56:53.243,1.011
2026-01-13 16:56:53.243,1.015
2026-01-13 16:56:53.261,1.015
2026-01-13 16:56:53.278,1.015
2026-01-13 16:56:53.278,1.017
2026-01-13 16:56:53.295,1.017
2026-01-13 16:56:53.311,1.014
2026-01-13 16:56:53.328,1.013
2026-01-13 16:56:53.329,1.017
2026-01-13 16:56:53.343,1.021
2026-01-13 16:56:53.360,1.021
2026-01-13 16:56:53.376,1.018
2026-01-13 16:56:53.376,1.015
2026-01-13 16:56:53.392,1.016
2026-01-13 16:56:53.410,1.014
2026-01-13 16:56:53.410,1.021
2026-01-13 16:56:53.427,1.023
2026-01-13 16:56:53.445,1.026
2026-01-13 16:56:53.460,1.024
2026-01-13 16:56:53.460,1.024
2026-01-13 16:56:53.476,1.025
2026-01-13 16:56:53.502,1.02
2026-01-13 16:56:53.502,1.023
2026-01-13 16:56:53.509,1.02
2026-01-13 16:56:53.528,1.019
2026-01-13 16:56:53.544,1.016
2026-01-13 16:56:53.544,1.023
2026-01-13 16:56:53.576,1.024
2026-01-13 16:56:53.576,1.022
2026-01-13 16:56:53.583,1.023
2026-01-13 16:56:53.593,1.025
2026-01-13 16:56:53.610,1.021
2026-01-13 16:56:53.629,1.023
2026-01-13 16:56:53.630,1.022
2026-01-13 16:56:53.642,1.017
2026-01-13 16:56:53.660,1.021
2026-01-13 16:56:53.676,1.021
2026-01-13 16:56:53.678,1.017
2026-01-13 16:56:53.693,1.013
2026-01-13 16:56:53.713,1.014
2026-01-13 16:56:53.713,1.017
2026-01-13 16:56:53.725,1.018
2026-01-13 16:56:53.743,1.016
2026-01-13 16:56:53.759,1.02
2026-01-13 16:56:53.759,1.018
2026-01-13 16:56:53.776,1.015
2026-01-13 16:56:53.792,1.011
2026-01-13 16:56:53.809,1.004
2026-01-13 16:56:53.809,0.998
2026-01-13 16:56:53.826,0.994
2026-01-13 16:56:53.842,0.99
2026-01-13 16:56:53.842,0.984
2026-01-13 16:56:53.860,0.981
2026-01-13 16:56:53.877,0.982
2026-01-13 16:56:53.893,0.981
2026-01-13 16:56:53.893,0.98
2026-01-13 16:56:53.910,0.986
2026-01-13 16:56:53.926,0.991
2026-01-13 16:56:53.927,1.002
2026-01-13 16:56:53.942,1.001
2026-01-13 16:56:53.959,1.006
2026-01-13 16:56:53.976,1.012
2026-01-13 16:56:53.976,1.013
2026-01-13 16:56:53.993,1.017
2026-01-13 16:56:54.010,1.016
2026-01-13 16:56:54.011,1.014
2026-01-13 16:56:54.026,1.014
2026-01-13 16:56:54.043,1.014
2026-01-13 16:56:54.060,1.012
2026-01-13 16:56:54.061,1.011
2026-01-13 16:56:54.077,1.009
2026-01-13 16:56:54.093,1.01
2026-01-13 16:56:54.111,1.01
2026-01-13 16:56:54.111,1.01
2026-01-13 16:56:54.127,1.014
2026-01-13 16:56:54.144,1.019
2026-01-13 16:56:54.144,1.021
2026-01-13 16:56:54.161,1.018
2026-01-13 16:56:54.178,1.02
2026-01-13 16:56:54.179,1.02
2026-01-13 16:56:54.193,1.019
2026-01-13 16:56:54.210,1.013
2026-01-13 16:56:54.227,1.022
2026-01-13 16:56:54.228,1.022
2026-01-13 16:56:54.243,1.017
2026-01-13 16:56:54.260,1.013
2026-01-13 16:56:54.276,1.013
2026-01-13 16:56:54.276,1.012
2026-01-13 16:56:54.292,1.017
2026-01-13 16:56:54.308,1.019
2026-01-13 16:56:54.310,1.025
2026-01-13 16:56:54.326,1.034
2026-01-13 16:56:54.342,1.034
2026-01-13 16:56:54.359,1.035
2026-01-13 16:56:54.360,1.038
2026-01-13 16:56:54.376,1.037
2026-01-13 16:56:54.393,1.043
2026-01-13 16:56:54.411,1.042
2026-01-13 16:56:54.412,1.044
2026-01-13 16:56:54.427,1.041
2026-01-13 16:56:54.443,1.043
2026-01-13 16:56:54.443,1.04
2026-01-13 16:56:54.461,1.035
2026-01-13 16:56:54.485,1.032
2026-01-13 16:56:54.485,1.028
2026-01-13 16:56:54.492,1.029
2026-01-13 16:56:54.509,1.026
2026-01-13 16:56:54.525,1.031
2026-01-13 16:56:54.543,1.028
2026-01-13 16:56:54.543,1.027
2026-01-13 16:56:54.559,1.024
2026-01-13 16:56:54.577,1.022
2026-01-13 16:56:54.577,1.024
2026-01-13 16:56:54.593,1.023
2026-01-13 16:56:54.610,1.017
2026-01-13 16:56:54.611,1.014
2026-01-13 16:56:54.627,1.015
2026-01-13 16:56:54.644,1.011
2026-01-13 16:56:54.660,1.016
2026-01-13 16:56:54.660,1.013
2026-01-13 16:56:54.676,1.009
2026-01-13 16:56:54.693,1.006
2026-01-13 16:56:54.694,1.006
2026-01-13 16:56:54.709,1.007
2026-01-13 16:56:54.725,1.011
2026-01-13 16:56:54.742,1.013
2026-01-13 16:56:54.742,1.013
2026-01-13 16:56:54.759,1.021
2026-01-13 16:56:54.776,1.021
2026-01-13 16:56:54.793,1.024
2026-01-13 16:56:54.793,1.027
2026-01-13 16:56:54.809,1.025
2026-01-13 16:56:54.827,1.022
2026-01-13 16:56:54.827,1.019
2026-01-13 16:56:54.844,1.019
2026-01-13 16:56:54.861,1.018
2026-01-13 16:56:54.877,1.012
2026-01-13 16:56:54.877,1.013
2026-01-13 16:56:54.894,1.013
2026-01-13 16:56:54.909,1.012
2026-01-13 16:56:54.937,1.013
2026-01-13 16:56:54.937,1.014
2026-01-13 16:56:54.938,1.011
2026-01-13 16:56:54.959,1.013
2026-01-13 16:56:54.959,1.007
2026-01-13 16:56:54.977,1.004
2026-01-13 16:56:54.993,1.012
2026-01-13 16:56:55.008,1.007
2026-01-13 16:56:55.010,1.002
2026-01-13 16:56:55.026,0.993
2026-01-13 16:56:55.043,0.989
2026-01-13 16:56:55.043,0.99
2026-01-13 16:56:55.059,0.987
2026-01-13 16:56:55.076,0.986
2026-01-13 16:56:55.093,0.981
2026-01-13 16:56:55.094,0.983
2026-01-13 16:56:55.109,0.985
2026-01-13 16:56:55.125,0.982
2026-01-13 16:56:55.144,0.977
2026-01-13 16:56:55.145,0.975
2026-01-13 16:56:55.161,0.976
2026-01-13 16:56:55.176,0.978
2026-01-13 16:56:55.177,0.976
2026-01-13 16:56:55.195,0.975
2026-01-13 16:56:55.210,0.973
2026-01-13 16:56:55.210,0.972
2026-01-13 16:56:55.227,0.975
2026-01-13 16:56:55.243,0.971
2026-01-13 16:56:55.260,0.974
2026-01-13 16:56:55.260,0.975
2026-01-13 16:56:55.276,0.973
2026-01-13 16:56:55.292,0.976
2026-01-13 16:56:55.310,0.973
2026-01-13 16:56:55.310,0.976
2026-01-13 16:56:55.327,0.977
2026-01-13 16:56:55.342,0.984
2026-01-13 16:56:55.343,0.985
2026-01-13 16:56:55.359,0.987
2026-01-13 16:56:55.376,0.981
2026-01-13 16:56:55.392,0.987
2026-01-13 16:56:55.392,0.986
2026-01-13 16:56:55.410,0.988
2026-01-13 16:56:55.426,0.987
2026-01-13 16:56:55.427,0.985
2026-01-13 16:56:55.443,0.985
2026-01-13 16:56:55.460,0.985
2026-01-13 16:56:55.485,0.982
2026-01-13 16:56:55.485,0.986
2026-01-13 16:56:55.492,0.985
2026-01-13 16:56:55.510,0.985
2026-01-13 16:56:55.510,0.981
2026-01-13 16:56:55.526,0.985
2026-01-13 16:56:55.543,0.989
2026-01-13 16:56:55.560,0.991
2026-01-13 16:56:55.561,0.986
2026-01-13 16:56:55.577,0.983
2026-01-13 16:56:55.592,0.982
2026-01-13 16:56:55.611,0.983
2026-01-13 16:56:55.611,0.987
2026-01-13 16:56:55.628,0.989
2026-01-13 16:56:55.643,0.988
2026-01-13 16:56:55.644,0.986
2026-01-13 16:56:55.661,0.989
2026-01-13 16:56:55.677,0.985
2026-01-13 16:56:55.693,0.988
2026-01-13 16:56:55.694,0.986
2026-01-13 16:56:55.710,0.983
2026-01-13 16:56:55.727,0.986
2026-01-13 16:56:55.728,0.983
2026-01-13 16:56:55.744,0.984
2026-01-13 16:56:55.761,0.984
2026-01-13 16:56:55.777,0.988
2026-01-13 16:56:55.777,0.989
2026-01-13 16:56:55.792,0.991
2026-01-13 16:56:55.811,0.989
2026-01-13 16:56:55.811,0.991
2026-01-13 16:56:55.826,0.995
2026-01-13 16:56:55.843,0.994
2026-01-13 16:56:55.860,0.992
2026-01-13 16:56:55.860,0.995
2026-01-13 16:56:55.878,1.0
2026-01-13 16:56:55.894,0.998
2026-01-13 16:56:55.895,0.995
2026-01-13 16:56:55.911,1.0
2026-01-13 16:56:55.926,0.998
2026-01-13 16:56:55.944,0.994
2026-01-13 16:56:55.945,0.99
2026-01-13 16:56:55.959,0.993
2026-01-13 16:56:55.976,0.991
2026-01-13 16:56:55.994,0.992
2026-01-13 16:56:55.994,0.993
2026-01-13 16:56:56.009,0.999
2026-01-13 16:56:56.027,1.004
2026-01-13 16:56:56.027,1.001
2026-01-13 16:56:56.043,1.002
2026-01-13 16:56:56.059,1.006
2026-01-13 16:56:56.075,1.005
2026-01-13 16:56:56.076,1.004
2026-01-13 16:56:56.094,1.009
2026-01-13 16:56:56.109,1.006
2026-01-13 16:56:56.129,1.003
2026-01-13 16:56:56.129,1.0
2026-01-13 16:56:56.142,1.005
2026-01-13 16:56:56.159,1.009
2026-01-13 16:56:56.160,1.01
2026-01-13 16:56:56.176,1.006
2026-01-13 16:56:56.193,1.002
2026-01-13 16:56:56.193,1.005
2026-01-13 16:56:56.211,1.011
2026-01-13 16:56:56.227,1.007
2026-01-13 16:56:56.230,1.006
2026-01-13 16:56:56.245,1.011
2026-01-13 16:56:56.261,1.006
2026-01-13 16:56:56.277,1.01
2026-01-13 16:56:56.278,1.008
2026-01-13 16:56:56.334,1.011
2026-01-13 16:56:56.335,1.012
2026-01-13 16:56:56.336,1.015
2026-01-13 16:56:56.336,1.016
2026-01-13 16:56:56.348,1.017
2026-01-13 16:56:56.361,1.016
2026-01-13 16:56:56.362,1.015
2026-01-13 16:56:56.376,1.014
2026-01-13 16:56:56.391,1.015
2026-01-13 16:56:56.414,1.015
2026-01-13 16:56:56.415,1.016
2026-01-13 16:56:56.428,1.015
2026-01-13 16:56:56.444,1.016
2026-01-13 16:56:56.462,1.016
2026-01-13 16:56:56.463,1.015
2026-01-13 16:56:56.491,1.02
2026-01-13 16:56:56.491,1.024
2026-01-13 16:56:56.500,1.027
2026-01-13 16:56:56.512,1.023
2026-01-13 16:56:56.527,1.022
2026-01-13 16:56:56.543,1.019
2026-01-13 16:56:56.544,1.022
2026-01-13 16:56:56.560,1.028
2026-01-13 16:56:56.577,1.025
2026-01-13 16:56:56.594,1.027
2026-01-13 16:56:56.595,1.032
2026-01-13 16:56:56.612,1.027
2026-01-13 16:56:56.628,1.028
2026-01-13 16:56:56.628,1.023
2026-01-13 16:56:56.644,1.025
2026-01-13 16:56:56.661,1.029
2026-01-13 16:56:56.676,1.03
2026-01-13 16:56:56.678,1.032
2026-01-13 16:56:56.694,1.03
2026-01-13 16:56:56.711,1.029
2026-01-13 16:56:56.711,1.029
2026-01-13 16:56:56.727,1.027
2026-01-13 16:56:56.745,1.026
2026-01-13 16:56:56.746,1.028
2026-01-13 16:56:56.760,1.032
2026-01-13 16:56:56.777,1.034
2026-01-13 16:56:56.794,1.037
2026-01-13 16:56:56.794,1.033
2026-01-13 16:56:56.810,1.035
2026-01-13 16:56:56.826,1.035
2026-01-13 16:56:56.842,1.034
2026-01-13 16:56:56.843,1.032
2026-01-13 16:56:56.861,1.031
2026-01-13 16:56:56.877,1.032
2026-01-13 16:56:56.892,1.031
2026-01-13 16:56:56.893,1.03
2026-01-13 16:56:56.910,1.03
2026-01-13 16:56:56.926,1.031
2026-01-13 16:56:56.927,1.025
2026-01-13 16:56:56.945,1.023
2026-01-13 16:56:56.960,1.023
2026-01-13 16:56:56.979,1.025
2026-01-13 16:56:56.980,1.026
2026-01-13 16:56:56.994,1.026
2026-01-13 16:56:57.009,1.028
2026-01-13 16:56:57.010,1.026
2026-01-13 16:56:57.028,1.023
2026-01-13 16:56:57.044,1.019
2026-01-13 16:56:57.060,1.018
2026-01-13 16:56:57.060,1.02
2026-01-13 16:56:57.076,1.029
2026-01-13 16:56:57.094,1.024
2026-01-13 16:56:57.094,1.024
2026-01-13 16:56:57.111,1.026
2026-01-13 16:56:57.129,1.028
2026-01-13 16:56:57.130,1.029
2026-01-13 16:56:57.145,1.024
2026-01-13 16:56:57.159,1.026
2026-01-13 16:56:57.177,1.03
2026-01-13 16:56:57.178,1.031
2026-01-13 16:56:57.193,1.031
2026-01-13 16:56:57.212,1.027
2026-01-13 16:56:57.228,1.025
2026-01-13 16:56:57.229,1.025
2026-01-13 16:56:57.247,1.03
2026-01-13 16:56:57.261,1.031
2026-01-13 16:56:57.275,1.028
2026-01-13 16:56:57.276,1.03
2026-01-13 16:56:57.294,1.024
2026-01-13 16:56:57.311,1.022
2026-01-13 16:56:57.311,1.017
2026-01-13 16:56:57.329,1.017
2026-01-13 16:56:57.342,1.018
2026-01-13 16:56:57.360,1.023
2026-01-13 16:56:57.360,1.023
2026-01-13 16:56:57.376,1.016
2026-01-13 16:56:57.392,1.017
2026-01-13 16:56:57.410,1.018
2026-01-13 16:56:57.410,1.017
2026-01-13 16:56:57.425,1.014
2026-01-13 16:56:57.444,1.006
2026-01-13 16:56:57.445,1.007
2026-01-13 16:56:57.460,1.01
2026-01-13 16:56:57.476,1.011
2026-01-13 16:56:57.501,1.007
2026-01-13 16:56:57.502,1.006
2026-01-13 16:56:57.502,1.01
2026-01-13 16:56:57.526,1.009
2026-01-13 16:56:57.527,1.009
2026-01-13 16:56:57.543,1.009
2026-01-13 16:56:57.559,1.005
2026-01-13 16:56:57.574,1.005
2026-01-13 16:56:57.576,1.008
2026-01-13 16:56:57.592,1.003
2026-01-13 16:56:57.608,1.002
2026-01-13 16:56:57.627,1.007
2026-01-13 16:56:57.627,1.009
2026-01-13 16:56:57.668,1.01
2026-01-13 16:56:57.668,1.01
2026-01-13 16:56:57.668,1.013
2026-01-13 16:56:57.674,1.007
2026-01-13 16:56:57.692,1.007
2026-01-13 16:56:57.710,1.013
2026-01-13 16:56:57.710,1.016
2026-01-13 16:56:57.726,1.011
2026-01-13 16:56:57.743,1.012
2026-01-13 16:56:57.743,1.015
2026-01-13 16:56:57.759,1.015
2026-01-13 16:56:57.775,1.017
2026-01-13 16:56:57.794,1.018
2026-01-13 16:56:57.794,1.02
2026-01-13 16:56:57.809,1.016
2026-01-13 16:56:57.825,1.011
2026-01-13 16:56:57.825,1.01
2026-01-13 16:56:57.843,1.011
2026-01-13 16:56:57.858,1.007
2026-01-13 16:56:57.876,1.007
2026-01-13 16:56:57.876,1.004
2026-01-13 16:56:57.895,1.007
2026-01-13 16:56:57.911,1.009
2026-01-13 16:56:57.911,1.012
2026-01-13 16:56:57.927,1.007
2026-01-13 16:56:57.943,1.002
2026-01-13 16:56:57.959,1.003
2026-01-13 16:56:57.960,1.004
2026-01-13 16:56:57.977,1.006
2026-01-13 16:56:57.995,1.008
2026-01-13 16:56:57.996,1.015
2026-01-13 16:56:58.011,1.017
2026-01-13 16:56:58.049,1.016
2026-01-13 16:56:58.049,1.01
2026-01-13 16:56:58.049,1.004
2026-01-13 16:56:58.062,1.003
2026-01-13 16:56:58.077,1.006
2026-01-13 16:56:58.093,0.999
2026-01-13 16:56:58.094,1.003
2026-01-13 16:56:58.109,1.003
2026-01-13 16:56:58.125,1.004
2026-01-13 16:56:58.126,1.009
2026-01-13 16:56:58.143,1.006
2026-01-13 16:56:58.158,1.001
2026-01-13 16:56:58.175,1.004
2026-01-13 16:56:58.175,1.001
2026-01-13 16:56:58.191,0.998
2026-01-13 16:56:58.208,1.003
2026-01-13 16:56:58.225,1.006
2026-01-13 16:56:58.226,1.005
2026-01-13 16:56:58.242,1.005
2026-01-13 16:56:58.260,1.007
2026-01-13 16:56:58.261,1.006
2026-01-13 16:56:58.276,1.004
2026-01-13 16:56:58.292,1.005
2026-01-13 16:56:58.308,1.003
2026-01-13 16:56:58.308,1.006
2026-01-13 16:56:58.325,1.006
2026-01-13 16:56:58.342,1.001
2026-01-13 16:56:58.342,0.997
2026-01-13 16:56:58.357,0.996
2026-01-13 16:56:58.374,1.002
2026-01-13 16:56:58.392,1.0
2026-01-13 16:56:58.392,1.003
2026-01-13 16:56:58.409,1.003
2026-01-13 16:56:58.426,1.0
2026-01-13 16:56:58.426,1.001
2026-01-13 16:56:58.444,1.006
2026-01-13 16:56:58.461,1.007
2026-01-13 16:56:58.463,1.002
2026-01-13 16:56:58.480,0.998
2026-01-13 16:56:58.493,1.004
2026-01-13 16:56:58.511,1.007
2026-01-13 16:56:58.511,1.005
2026-01-13 16:56:58.526,1.007
2026-01-13 16:56:58.543,1.004
2026-01-13 16:56:58.561,0.999
2026-01-13 16:56:58.562,1.002
2026-01-13 16:56:58.578,1.002
2026-01-13 16:56:58.593,1.001
2026-01-13 16:56:58.611,0.998
2026-01-13 16:56:58.611,1.001
2026-01-13 16:56:58.626,1.001
2026-01-13 16:56:58.645,0.998
2026-01-13 16:56:58.645,0.996
2026-01-13 16:56:58.703,1.0
2026-01-13 16:56:58.703,1.003
2026-01-13 16:56:58.704,1.006
2026-01-13 16:56:58.704,1.011
2026-01-13 16:56:58.704,1.007
2026-01-13 16:56:58.771,1.002
2026-01-13 16:56:58.772,0.996
2026-01-13 16:56:58.772,0.997
2026-01-13 16:56:58.772,0.994
2026-01-13 16:56:58.772,0.992
2026-01-13 16:56:58.792,0.991
2026-01-13 16:56:58.793,0.989
2026-01-13 16:56:58.810,0.992
2026-01-13 16:56:58.810,0.993
2026-01-13 16:56:58.826,0.991
2026-01-13 16:56:58.844,0.989
2026-01-13 16:56:58.860,0.996
2026-01-13 16:56:58.860,0.993
2026-01-13 16:56:58.877,0.994
2026-01-13 16:56:58.893,0.996
2026-01-13 16:56:58.893,0.999
2026-01-13 16:56:58.909,1.002
2026-01-13 16:56:58.927,0.999
2026-01-13 16:56:58.943,1.004
2026-01-13 16:56:58.943,1.001
2026-01-13 16:56:58.959,0.998
2026-01-13 16:56:58.978,0.994
2026-01-13 16:56:58.978,0.996
2026-01-13 16:56:58.994,1.002
2026-01-13 16:56:59.034,1.002
2026-01-13 16:56:59.034,1.006
2026-01-13 16:56:59.034,1.009
2026-01-13 16:56:59.039,1.013
2026-01-13 16:56:59.060,1.011
2026-01-13 16:56:59.076,1.011
2026-01-13 16:56:59.076,1.012
2026-01-13 16:56:59.092,1.009
2026-01-13 16:56:59.110,1.009
2026-01-13 16:56:59.110,1.008
2026-01-13 16:56:59.127,1.008
2026-01-13 16:56:59.143,1.011
2026-01-13 16:56:59.159,1.013
2026-01-13 16:56:59.159,1.008
2026-01-13 16:56:59.176,1.006
2026-01-13 16:56:59.193,1.006
2026-01-13 16:56:59.193,1.009
2026-01-13 16:56:59.208,1.009
2026-01-13 16:56:59.225,1.01
2026-01-13 16:56:59.242,1.004
2026-01-13 16:56:59.242,1.008
2026-01-13 16:56:59.259,1.01
2026-01-13 16:56:59.275,1.005
2026-01-13 16:56:59.292,1.004
2026-01-13 16:56:59.292,1.002
2026-01-13 16:56:59.307,1.009
2026-01-13 16:56:59.325,1.017
2026-01-13 16:56:59.342,1.018
2026-01-13 16:56:59.343,1.015
2026-01-13 16:56:59.358,1.019
2026-01-13 16:56:59.375,1.022
2026-01-13 16:56:59.375,1.021
2026-01-13 16:56:59.392,1.02
2026-01-13 16:56:59.408,1.015
2026-01-13 16:56:59.425,1.013
2026-01-13 16:56:59.425,1.014
2026-01-13 16:56:59.441,1.018
2026-01-13 16:56:59.458,1.023
2026-01-13 16:56:59.459,1.019
2026-01-13 16:56:59.482,1.016
2026-01-13 16:56:59.482,1.014
2026-01-13 16:56:59.508,1.01
2026-01-13 16:56:59.509,1.009
2026-01-13 16:56:59.526,1.004
2026-01-13 16:56:59.544,1.008
2026-01-13 16:56:59.544,1.0
2026-01-13 16:56:59.560,1.002
2026-01-13 16:56:59.576,1.009
2026-01-13 16:56:59.593,1.009
2026-01-13 16:56:59.593,1.009
2026-01-13 16:56:59.609,1.007
2026-01-13 16:56:59.626,1.006
2026-01-13 16:56:59.626,1.007
2026-01-13 16:56:59.642,1.008
2026-01-13 16:56:59.661,1.009
2026-01-13 16:56:59.676,1.008
2026-01-13 16:56:59.676,1.009
2026-01-13 16:56:59.694,1.003
2026-01-13 16:56:59.708,1.003
2026-01-13 16:56:59.723,1.002
2026-01-13 16:56:59.725,1.003
2026-01-13 16:56:59.742,1.005
2026-01-13 16:56:59.758,1.008
2026-01-13 16:56:59.758,1.004
2026-01-13 16:56:59.775,1.009
2026-01-13 16:56:59.791,1.012
2026-01-13 16:56:59.808,1.014
2026-01-13 16:56:59.809,1.013
2026-01-13 16:56:59.826,1.013
2026-01-13 16:56:59.842,1.012
2026-01-13 16:56:59.843,1.01
2026-01-13 16:56:59.860,1.005
2026-01-13 16:56:59.875,1.009
2026-01-13 16:56:59.893,1.012
2026-01-13 16:56:59.894,1.014
2026-01-13 16:56:59.909,1.012
2026-01-13 16:56:59.928,1.011
2026-01-13 16:56:59.928,1.01
2026-01-13 16:56:59.942,1.012
2026-01-13 16:56:59.958,1.012
2026-01-13 16:56:59.976,1.008
2026-01-13 16:56:59.976,1.012
2026-01-13 16:56:59.992,1.013
2026-01-13 16:57:00.009,1.013
2026-01-13 16:57:00.009,1.009
2026-01-13 16:57:00.024,1.009
2026-01-13 16:57:00.041,1.008
2026-01-13 16:57:00.058,1.006
2026-01-13 16:57:00.058,1.002
2026-01-13 16:57:00.074,1.0
2026-01-13 16:57:00.091,1.004
2026-01-13 16:57:00.108,1.007
2026-01-13 16:57:00.108,1.009
2026-01-13 16:57:00.125,1.017
2026-01-13 16:57:00.141,1.022
2026-01-13 16:57:00.158,1.019
2026-01-13 16:57:00.158,1.016
2026-01-13 16:57:00.175,1.011
2026-01-13 16:57:00.194,1.009
2026-01-13 16:57:00.194,1.011
2026-01-13 16:57:00.211,1.014
2026-01-13 16:57:00.227,1.015
2026-01-13 16:57:00.227,1.014
2026-01-13 16:57:00.243,1.016
2026-01-13 16:57:00.260,1.017
2026-01-13 16:57:00.276,1.016
2026-01-13 16:57:00.276,1.021
2026-01-13 16:57:00.293,1.019
2026-01-13 16:57:00.310,1.018
2026-01-13 16:57:00.310,1.017
2026-01-13 16:57:00.326,1.017
2026-01-13 16:57:00.343,1.019
2026-01-13 16:57:00.362,1.025
2026-01-13 16:57:00.362,1.025
2026-01-13 16:57:00.400,1.03
2026-01-13 16:57:00.400,1.033
2026-01-13 16:57:00.400,1.034
2026-01-13 16:57:00.407,1.035
2026-01-13 16:57:00.427,1.031
2026-01-13 16:57:00.444,1.032
2026-01-13 16:57:00.444,1.031
2026-01-13 16:57:00.461,1.031
2026-01-13 16:57:00.476,1.027
2026-01-13 16:57:00.499,1.032
2026-01-13 16:57:00.499,1.034
2026-01-13 16:57:00.509,1.038
2026-01-13 16:57:00.526,1.04
2026-01-13 16:57:00.527,1.04
2026-01-13 16:57:00.542,1.043
2026-01-13 16:57:00.559,1.038
2026-01-13 16:57:00.575,1.04
2026-01-13 16:57:00.575,1.041
2026-01-13 16:57:00.591,1.038
2026-01-13 16:57:00.608,1.037
2026-01-13 16:57:00.626,1.037
2026-01-13 16:57:00.626,1.031
2026-01-13 16:57:00.642,1.034
2026-01-13 16:57:00.659,1.033
2026-01-13 16:57:00.659,1.033
2026-01-13 16:57:00.675,1.033
2026-01-13 16:57:00.691,1.034
2026-01-13 16:57:00.707,1.036
2026-01-13 16:57:00.708,1.032
2026-01-13 16:57:00.725,1.03
2026-01-13 16:57:00.741,1.027
2026-01-13 16:57:00.757,1.024
2026-01-13 16:57:00.758,1.029
2026-01-13 16:57:00.774,1.031
2026-01-13 16:57:00.793,1.029
2026-01-13 16:57:00.793,1.024
2026-01-13 16:57:00.809,1.029
2026-01-13 16:57:00.827,1.033
2026-01-13 16:57:00.827,1.028
2026-01-13 16:57:00.843,1.032
2026-01-13 16:57:00.859,1.033
2026-01-13 16:57:00.876,1.035
2026-01-13 16:57:00.876,1.036
2026-01-13 16:57:00.893,1.034
2026-01-13 16:57:00.909,1.036
2026-01-13 16:57:00.925,1.031
2026-01-13 16:57:00.925,1.031
2026-01-13 16:57:00.942,1.026
2026-01-13 16:57:00.960,1.024
2026-01-13 16:57:00.961,1.02
2026-01-13 16:57:00.974,1.021
2026-01-13 16:57:00.992,1.024
2026-01-13 16:57:01.010,1.032
2026-01-13 16:57:01.010,1.031
2026-01-13 16:57:01.027,1.038
2026-01-13 16:57:01.042,1.036
2026-01-13 16:57:01.042,1.038
2026-01-13 16:57:01.061,1.039
2026-01-13 16:57:01.076,1.041
2026-01-13 16:57:01.093,1.039
2026-01-13 16:57:01.094,1.045
2026-01-13 16:57:01.110,1.038
2026-01-13 16:57:01.127,1.037
2026-01-13 16:57:01.127,1.033
2026-01-13 16:57:01.143,1.033
2026-01-13 16:57:01.160,1.031
2026-01-13 16:57:01.176,1.029
2026-01-13 16:57:01.177,1.027
2026-01-13 16:57:01.193,1.032
2026-01-13 16:57:01.209,1.034
2026-01-13 16:57:01.225,1.034
2026-01-13 16:57:01.225,1.031
2026-01-13 16:57:01.242,1.031
2026-01-13 16:57:01.260,1.032
2026-01-13 16:57:01.260,1.035
2026-01-13 16:57:01.276,1.034
2026-01-13 16:57:01.293,1.033
2026-01-13 16:57:01.309,1.033
2026-01-13 16:57:01.309,1.031
2026-01-13 16:57:01.328,1.027
2026-01-13 16:57:01.342,1.026
2026-01-13 16:57:01.342,1.026
2026-01-13 16:57:01.359,1.029
2026-01-13 16:57:01.376,1.034
2026-01-13 16:57:01.392,1.035
2026-01-13 16:57:01.393,1.032
2026-01-13 16:57:01.409,1.032
2026-01-13 16:57:01.426,1.033
2026-01-13 16:57:01.427,1.027
2026-01-13 16:57:01.446,1.022
2026-01-13 16:57:01.461,1.023
2026-01-13 16:57:01.476,1.027
2026-01-13 16:57:01.477,1.028
2026-01-13 16:57:01.514,1.028
2026-01-13 16:57:01.514,1.024
2026-01-13 16:57:01.516,1.027
2026-01-13 16:57:01.528,1.019
2026-01-13 16:57:01.544,1.013
2026-01-13 16:57:01.560,1.011
2026-01-13 16:57:01.560,1.014
2026-01-13 16:57:01.575,1.011
2026-01-13 16:57:01.596,1.015
2026-01-13 16:57:01.597,1.014
2026-01-13 16:57:01.609,1.015
2026-01-13 16:57:01.624,1.017
2026-01-13 16:57:01.641,1.019
2026-01-13 16:57:01.641,1.021
2026-01-13 16:57:01.657,1.026
2026-01-13 16:57:01.674,1.029
2026-01-13 16:57:01.691,1.027
2026-01-13 16:57:01.691,1.027
2026-01-13 16:57:01.708,1.029
2026-01-13 16:57:01.726,1.031
2026-01-13 16:57:01.726,1.029
2026-01-13 16:57:01.755,1.033
2026-01-13 16:57:01.756,1.028
2026-01-13 16:57:01.765,1.03
2026-01-13 16:57:01.776,1.03
2026-01-13 16:57:01.792,1.031
2026-01-13 16:57:01.810,1.026
2026-01-13 16:57:01.810,1.022
2026-01-13 16:57:01.826,1.017
2026-01-13 16:57:01.844,1.016
2026-01-13 16:57:01.860,1.014
2026-01-13 16:57:01.860,1.017
2026-01-13 16:57:01.878,1.018
2026-01-13 16:57:01.893,1.015
2026-01-13 16:57:01.908,1.018
2026-01-13 16:57:01.909,1.02
2026-01-13 16:57:01.926,1.019
2026-01-13 16:57:01.941,1.024
2026-01-13 16:57:01.942,1.027
2026-01-13 16:57:01.960,1.025
2026-01-13 16:57:01.977,1.026
2026-01-13 16:57:01.979,1.027
2026-01-13 16:57:01.993,1.027
2026-01-13 16:57:02.014,1.029
2026-01-13 16:57:02.015,1.025
2026-01-13 16:57:02.027,1.026
2026-01-13 16:57:02.043,1.025
2026-01-13 16:57:02.059,1.025
2026-01-13 16:57:02.076,1.02
2026-01-13 16:57:02.076,1.023
2026-01-13 16:57:02.091,1.019
2026-01-13 16:57:02.109,1.026
2026-01-13 16:57:02.110,1.026
2026-01-13 16:57:02.125,1.025
2026-01-13 16:57:02.142,1.028
2026-01-13 16:57:02.159,1.029
2026-01-13 16:57:02.159,1.025
2026-01-13 16:57:02.175,1.03
2026-01-13 16:57:02.194,1.036
2026-01-13 16:57:02.194,1.035
2026-01-13 16:57:02.208,1.035
2026-01-13 16:57:02.226,1.036
2026-01-13 16:57:02.243,1.038
2026-01-13 16:57:02.243,1.035
2026-01-13 16:57:02.258,1.035
2026-01-13 16:57:02.275,1.035
2026-01-13 16:57:02.292,1.034
2026-01-13 16:57:02.292,1.033
2026-01-13 16:57:02.309,1.032
2026-01-13 16:57:02.325,1.031
2026-01-13 16:57:02.326,1.031
2026-01-13 16:57:02.343,1.034
2026-01-13 16:57:02.361,1.04
2026-01-13 16:57:02.362,1.042
2026-01-13 16:57:02.377,1.046
2026-01-13 16:57:02.392,1.046
2026-01-13 16:57:02.410,1.049
2026-01-13 16:57:02.410,1.046
2026-01-13 16:57:02.427,1.043
2026-01-13 16:57:02.443,1.038
2026-01-13 16:57:02.459,1.032
2026-01-13 16:57:02.460,1.032
2026-01-13 16:57:02.477,1.036
2026-01-13 16:57:02.502,1.036
2026-01-13 16:57:02.502,1.032
2026-01-13 16:57:02.508,1.027
2026-01-13 16:57:02.526,1.028
2026-01-13 16:57:02.542,1.024
2026-01-13 16:57:02.542,1.023
2026-01-13 16:57:02.561,1.023
2026-01-13 16:57:02.577,1.023
2026-01-13 16:57:02.594,1.019
2026-01-13 16:57:02.594,1.024
2026-01-13 16:57:02.610,1.018
2026-01-13 16:57:02.626,1.021
2026-01-13 16:57:02.627,1.027
2026-01-13 16:57:02.642,1.026
2026-01-13 16:57:02.659,1.027
2026-01-13 16:57:02.677,1.025
2026-01-13 16:57:02.677,1.028
2026-01-13 16:57:02.692,1.025
2026-01-13 16:57:02.709,1.03
2026-01-13 16:57:02.710,1.031
2026-01-13 16:57:02.726,1.032
2026-01-13 16:57:02.743,1.031
2026-01-13 16:57:02.761,1.033
2026-01-13 16:57:02.761,1.04
2026-01-13 16:57:02.776,1.034
2026-01-13 16:57:02.794,1.035
2026-01-13 16:57:02.795,1.037
2026-01-13 16:57:02.809,1.039
2026-01-13 16:57:02.826,1.036
2026-01-13 16:57:02.830,1.034
2026-01-13 16:57:02.843,1.033
2026-01-13 16:57:02.858,1.034
2026-01-13 16:57:02.875,1.038
2026-01-13 16:57:02.902,1.037
2026-01-13 16:57:02.904,1.034
2026-01-13 16:57:02.904,1.03
2026-01-13 16:57:02.954,1.031
2026-01-13 16:57:02.954,1.031
2026-01-13 16:57:02.954,1.029
2026-01-13 16:57:02.954,1.026
2026-01-13 16:57:02.989,1.028
2026-01-13 16:57:02.990,1.027
2026-01-13 16:57:02.990,1.03
2026-01-13 16:57:03.039,1.029
2026-01-13 16:57:03.039,1.024
2026-01-13 16:57:03.039,1.021
2026-01-13 16:57:03.039,1.021
2026-01-13 16:57:03.060,1.018
2026-01-13 16:57:03.060,1.022
2026-01-13 16:57:03.076,1.022
2026-01-13 16:57:03.092,1.022
2026-01-13 16:57:03.140,1.02
2026-01-13 16:57:03.140,1.017
2026-01-13 16:57:03.140,1.018
2026-01-13 16:57:03.141,1.019
2026-01-13 16:57:03.149,1.021
2026-01-13 16:57:03.160,1.02
2026-01-13 16:57:03.179,1.018
2026-01-13 16:57:03.179,1.017
2026-01-13 16:57:03.193,1.02
2026-01-13 16:57:03.210,1.02
2026-01-13 16:57:03.226,1.018
2026-01-13 16:57:03.226,1.019
2026-01-13 16:57:03.244,1.019
2026-01-13 16:57:03.263,1.016
2026-01-13 16:57:03.263,1.015
2026-01-13 16:57:03.277,1.018
2026-01-13 16:57:03.295,1.018
2026-01-13 16:57:03.313,1.015
2026-01-13 16:57:03.313,1.019
2026-01-13 16:57:03.327,1.022
2026-01-13 16:57:03.345,1.025
2026-01-13 16:57:03.361,1.024
2026-01-13 16:57:03.362,1.021
2026-01-13 16:57:03.377,1.026
2026-01-13 16:57:03.394,1.026
2026-01-13 16:57:03.394,1.027
2026-01-13 16:57:03.412,1.026
2026-01-13 16:57:03.427,1.026
2026-01-13 16:57:03.445,1.029
2026-01-13 16:57:03.445,1.027
2026-01-13 16:57:03.461,1.023
2026-01-13 16:57:03.477,1.026
2026-01-13 16:57:03.501,1.025
2026-01-13 16:57:03.502,1.024
2026-01-13 16:57:03.502,1.028
2026-01-13 16:57:03.526,1.03
2026-01-13 16:57:03.527,1.035
2026-01-13 16:57:03.547,1.034
2026-01-13 16:57:03.560,1.035
2026-01-13 16:57:03.575,1.034
2026-01-13 16:57:03.575,1.032
2026-01-13 16:57:03.594,1.032
2026-01-13 16:57:03.610,1.031
2026-01-13 16:57:03.610,1.029
2026-01-13 16:57:03.627,1.027
2026-01-13 16:57:03.644,1.025
2026-01-13 16:57:03.661,1.023
2026-01-13 16:57:03.661,1.025
2026-01-13 16:57:03.675,1.02
2026-01-13 16:57:03.691,1.016
2026-01-13 16:57:03.711,1.016
2026-01-13 16:57:03.712,1.017
2026-01-13 16:57:03.726,1.015
2026-01-13 16:57:03.742,1.015
2026-01-13 16:57:03.742,1.01
2026-01-13 16:57:03.758,1.007
2026-01-13 16:57:03.774,1.006
2026-01-13 16:57:03.790,1.007
2026-01-13 16:57:03.791,1.005
2026-01-13 16:57:03.807,1.005
2026-01-13 16:57:03.823,1.006
2026-01-13 16:57:03.841,1.007
2026-01-13 16:57:03.842,1.008
2026-01-13 16:57:03.859,1.007
2026-01-13 16:57:03.875,1.006
2026-01-13 16:57:03.876,1.006
2026-01-13 16:57:03.891,1.005
2026-01-13 16:57:03.908,1.003
2026-01-13 16:57:03.925,1.005
2026-01-13 16:57:03.925,1.008
2026-01-13 16:57:03.942,1.009
2026-01-13 16:57:03.957,1.01
2026-01-13 16:57:03.958,1.006
2026-01-13 16:57:03.974,1.002
2026-01-13 16:57:03.992,1.005
2026-01-13 16:57:04.008,1.007
2026-01-13 16:57:04.009,1.007
2026-01-13 16:57:04.025,1.009
2026-01-13 16:57:04.041,1.006
2026-01-13 16:57:04.042,1.004
2026-01-13 16:57:04.057,1.007
2026-01-13 16:57:04.074,1.004
2026-01-13 16:57:04.090,1.005
2026-01-13 16:57:04.090,1.006
2026-01-13 16:57:04.108,1.01
2026-01-13 16:57:04.124,1.009
2026-01-13 16:57:04.141,1.012
2026-01-13 16:57:04.141,1.012
2026-01-13 16:57:04.157,1.015
2026-01-13 16:57:04.174,1.016
2026-01-13 16:57:04.175,1.017
2026-01-13 16:57:04.191,1.018
2026-01-13 16:57:04.208,1.019
2026-01-13 16:57:04.223,1.018
2026-01-13 16:57:04.225,1.015
2026-01-13 16:57:04.241,1.013
2026-01-13 16:57:04.259,1.011
2026-01-13 16:57:04.259,1.008
2026-01-13 16:57:04.275,1.011
2026-01-13 16:57:04.291,1.009
2026-01-13 16:57:04.307,1.016
2026-01-13 16:57:04.307,1.024
2026-01-13 16:57:04.323,1.021
2026-01-13 16:57:04.341,1.019
2026-01-13 16:57:04.341,1.023
2026-01-13 16:57:04.358,1.02
2026-01-13 16:57:04.375,1.017
2026-01-13 16:57:04.393,1.013
2026-01-13 16:57:04.393,1.017
2026-01-13 16:57:04.408,1.018
2026-01-13 16:57:04.424,1.018
2026-01-13 16:57:04.441,1.024
2026-01-13 16:57:04.441,1.022
2026-01-13 16:57:04.457,1.019
2026-01-13 16:57:04.485,1.016
2026-01-13 16:57:04.485,1.013
2026-01-13 16:57:04.485,1.015
2026-01-13 16:57:04.508,1.013
2026-01-13 16:57:04.525,1.014
2026-01-13 16:57:04.525,1.012
2026-01-13 16:57:04.541,1.009
2026-01-13 16:57:04.557,1.003
2026-01-13 16:57:04.576,1.006
2026-01-13 16:57:04.576,1.007
2026-01-13 16:57:04.594,1.003
2026-01-13 16:57:04.594,1.002
2026-01-13 16:57:04.608,1.004
2026-01-13 16:57:04.626,1.009
2026-01-13 16:57:04.642,1.012
2026-01-13 16:57:04.643,1.016
2026-01-13 16:57:04.658,1.009
2026-01-13 16:57:04.677,1.012
2026-01-13 16:57:04.692,1.013
2026-01-13 16:57:04.692,1.011
2026-01-13 16:57:04.709,1.005
2026-01-13 16:57:04.726,1.009
2026-01-13 16:57:04.727,1.01
2026-01-13 16:57:04.742,1.014
2026-01-13 16:57:04.760,1.021
2026-01-13 16:57:04.775,1.022
2026-01-13 16:57:04.775,1.017
2026-01-13 16:57:04.792,1.017
2026-01-13 16:57:04.810,1.015
2026-01-13 16:57:04.810,1.012
2026-01-13 16:57:04.826,1.013
2026-01-13 16:57:04.843,1.015
2026-01-13 16:57:04.859,1.012
2026-01-13 16:57:04.860,1.018
2026-01-13 16:57:04.875,1.018
2026-01-13 16:57:04.890,1.027
2026-01-13 16:57:04.909,1.034
2026-01-13 16:57:04.911,1.028
2026-01-13 16:57:04.926,1.03
2026-01-13 16:57:04.943,1.03
2026-01-13 16:57:04.943,1.03
2026-01-13 16:57:04.959,1.027
2026-01-13 16:57:04.975,1.031
2026-01-13 16:57:04.992,1.029
2026-01-13 16:57:04.992,1.036
2026-01-13 16:57:05.009,1.035
2026-01-13 16:57:05.026,1.038
2026-01-13 16:57:05.026,1.039
2026-01-13 16:57:05.042,1.042
2026-01-13 16:57:05.060,1.038
2026-01-13 16:57:05.076,1.036
2026-01-13 16:57:05.076,1.046
2026-01-13 16:57:05.093,1.037
2026-01-13 16:57:05.109,1.036
2026-01-13 16:57:05.110,1.03
2026-01-13 16:57:05.125,1.031
2026-01-13 16:57:05.143,1.031
2026-01-13 16:57:05.159,1.033
2026-01-13 16:57:05.159,1.032
2026-01-13 16:57:05.174,1.038
2026-01-13 16:57:05.193,1.039
2026-01-13 16:57:05.208,1.039
2026-01-13 16:57:05.208,1.033
2026-01-13 16:57:05.224,1.034
2026-01-13 16:57:05.243,1.033
2026-01-13 16:57:05.244,1.034
2026-01-13 16:57:05.258,1.034
2026-01-13 16:57:05.275,1.032
2026-01-13 16:57:05.296,1.033
2026-01-13 16:57:05.296,1.029
2026-01-13 16:57:05.308,1.028
2026-01-13 16:57:05.326,1.028
2026-01-13 16:57:05.327,1.031
2026-01-13 16:57:05.343,1.029
2026-01-13 16:57:05.358,1.028
2026-01-13 16:57:05.375,1.026
2026-01-13 16:57:05.375,1.028
2026-01-13 16:57:05.392,1.027
2026-01-13 16:57:05.409,1.023
2026-01-13 16:57:05.410,1.021
2026-01-13 16:57:05.428,1.023
2026-01-13 16:57:05.442,1.022
2026-01-13 16:57:05.457,1.021
2026-01-13 16:57:05.458,1.019
2026-01-13 16:57:05.475,1.02
2026-01-13 16:57:05.498,1.018
2026-01-13 16:57:05.499,1.018
2026-01-13 16:57:05.508,1.012
2026-01-13 16:57:05.525,1.002
2026-01-13 16:57:05.542,1.012
2026-01-13 16:57:05.542,1.007
2026-01-13 16:57:05.558,1.009
2026-01-13 16:57:05.577,1.012
2026-01-13 16:57:05.592,1.01
2026-01-13 16:57:05.593,1.013
2026-01-13 16:57:05.607,1.011
2026-01-13 16:57:05.626,1.012
2026-01-13 16:57:05.626,1.015
2026-01-13 16:57:05.641,1.015
2026-01-13 16:57:05.657,1.019
2026-01-13 16:57:05.675,1.017
2026-01-13 16:57:05.675,1.015
2026-01-13 16:57:05.692,1.022
2026-01-13 16:57:05.708,1.017
2026-01-13 16:57:05.726,1.021
2026-01-13 16:57:05.726,1.022
2026-01-13 16:57:05.742,1.026
2026-01-13 16:57:05.758,1.031
2026-01-13 16:57:05.759,1.026
2026-01-13 16:57:05.775,1.03
2026-01-13 16:57:05.792,1.031
2026-01-13 16:57:05.809,1.034
2026-01-13 16:57:05.809,1.041
2026-01-13 16:57:05.850,1.044
2026-01-13 16:57:05.851,1.043
2026-01-13 16:57:05.851,1.035
2026-01-13 16:57:05.858,1.033
2026-01-13 16:57:05.875,1.038
2026-01-13 16:57:05.892,1.035
2026-01-13 16:57:05.892,1.034
2026-01-13 16:57:05.908,1.031
2026-01-13 16:57:05.925,1.032
2026-01-13 16:57:05.926,1.038
2026-01-13 16:57:05.942,1.041
2026-01-13 16:57:05.958,1.052
2026-01-13 16:57:05.974,1.048
2026-01-13 16:57:05.974,1.042
2026-01-13 16:57:05.992,1.046
2026-01-13 16:57:06.008,1.049
2026-01-13 16:57:06.025,1.049
2026-01-13 16:57:06.025,1.043
2026-01-13 16:57:06.041,1.049
2026-01-13 16:57:06.058,1.045
2026-01-13 16:57:06.059,1.042
2026-01-13 16:57:06.075,1.045
2026-01-13 16:57:06.092,1.044
2026-01-13 16:57:06.107,1.045
2026-01-13 16:57:06.107,1.043
2026-01-13 16:57:06.124,1.046
2026-01-13 16:57:06.141,1.045
2026-01-13 16:57:06.141,1.047
2026-01-13 16:57:06.157,1.046
2026-01-13 16:57:06.173,1.047
2026-01-13 16:57:06.191,1.048
2026-01-13 16:57:06.191,1.046
2026-01-13 16:57:06.208,1.043
2026-01-13 16:57:06.224,1.04
2026-01-13 16:57:06.240,1.036
2026-01-13 16:57:06.240,1.039
2026-01-13 16:57:06.257,1.037
2026-01-13 16:57:06.273,1.036
2026-01-13 16:57:06.273,1.036
2026-01-13 16:57:06.290,1.034
2026-01-13 16:57:06.309,1.034
2026-01-13 16:57:06.310,1.03
2026-01-13 16:57:06.325,1.033
2026-01-13 16:57:06.342,1.04
2026-01-13 16:57:06.358,1.035
2026-01-13 16:57:06.358,1.035
2026-01-13 16:57:06.376,1.037
2026-01-13 16:57:06.392,1.035
2026-01-13 16:57:06.407,1.034
2026-01-13 16:57:06.408,1.035
2026-01-13 16:57:06.425,1.035
2026-01-13 16:57:06.442,1.031
2026-01-13 16:57:06.442,1.034
2026-01-13 16:57:06.458,1.032
2026-01-13 16:57:06.474,1.031
2026-01-13 16:57:06.498,1.036
2026-01-13 16:57:06.498,1.034
2026-01-13 16:57:06.508,1.03
2026-01-13 16:57:06.525,1.03
2026-01-13 16:57:06.542,1.033
2026-01-13 16:57:06.542,1.038
2026-01-13 16:57:06.559,1.037
2026-01-13 16:57:06.576,1.036
2026-01-13 16:57:06.576,1.036
2026-01-13 16:57:06.593,1.035
2026-01-13 16:57:06.608,1.033
2026-01-13 16:57:06.624,1.036
2026-01-13 16:57:06.624,1.036
2026-01-13 16:57:06.642,1.041
2026-01-13 16:57:06.658,1.04
2026-01-13 16:57:06.658,1.035
2026-01-13 16:57:06.676,1.032
2026-01-13 16:57:06.691,1.032
2026-01-13 16:57:06.709,1.032
2026-01-13 16:57:06.709,1.026
2026-01-13 16:57:06.725,1.026
2026-01-13 16:57:06.742,1.026
2026-01-13 16:57:06.743,1.026
2026-01-13 16:57:06.758,1.021
2026-01-13 16:57:06.774,1.022
2026-01-13 16:57:06.792,1.018
2026-01-13 16:57:06.793,1.022
2026-01-13 16:57:06.808,1.024
2026-01-13 16:57:06.826,1.028
2026-01-13 16:57:06.827,1.033
2026-01-13 16:57:06.841,1.037
2026-01-13 16:57:06.859,1.043
2026-01-13 16:57:06.875,1.042
2026-01-13 16:57:06.875,1.042
2026-01-13 16:57:06.893,1.035
2026-01-13 16:57:06.908,1.034
2026-01-13 16:57:06.925,1.039
2026-01-13 16:57:06.925,1.042
2026-01-13 16:57:06.942,1.041
2026-01-13 16:57:06.959,1.041
2026-01-13 16:57:06.959,1.036
2026-01-13 16:57:06.975,1.035
2026-01-13 16:57:06.992,1.035
2026-01-13 16:57:07.009,1.035
2026-01-13 16:57:07.009,1.035
2026-01-13 16:57:07.026,1.038
2026-01-13 16:57:07.042,1.043
2026-01-13 16:57:07.043,1.04
2026-01-13 16:57:07.058,1.037
2026-01-13 16:57:07.076,1.032
2026-01-13 16:57:07.092,1.033
2026-01-13 16:57:07.092,1.031
2026-01-13 16:57:07.108,1.037
2026-01-13 16:57:07.126,1.038
2026-01-13 16:57:07.126,1.035
2026-01-13 16:57:07.142,1.029
2026-01-13 16:57:07.158,1.032
2026-01-13 16:57:07.175,1.03
2026-01-13 16:57:07.175,1.027
2026-01-13 16:57:07.189,1.021
2026-01-13 16:57:07.217,1.019
2026-01-13 16:57:07.218,1.012
2026-01-13 16:57:07.225,1.014
2026-01-13 16:57:07.239,1.011
2026-01-13 16:57:07.257,1.012
2026-01-13 16:57:07.257,1.007
2026-01-13 16:57:07.274,1.003
2026-01-13 16:57:07.291,1.006
2026-01-13 16:57:07.308,1.006
2026-01-13 16:57:07.308,0.998
2026-01-13 16:57:07.325,1.0
2026-01-13 16:57:07.341,1.001
2026-01-13 16:57:07.342,1.004
2026-01-13 16:57:07.359,1.009
2026-01-13 16:57:07.375,1.006
2026-01-13 16:57:07.391,1.006
2026-01-13 16:57:07.391,1.009
2026-01-13 16:57:07.407,1.008
2026-01-13 16:57:07.424,1.007
2026-01-13 16:57:07.441,1.004
2026-01-13 16:57:07.441,1.005
2026-01-13 16:57:07.456,1.01
2026-01-13 16:57:07.474,1.009
2026-01-13 16:57:07.474,1.008
2026-01-13 16:57:07.498,1.007
2026-01-13 16:57:07.499,1.01
2026-01-13 16:57:07.524,1.011
2026-01-13 16:57:07.524,1.011
2026-01-13 16:57:07.541,1.01
2026-01-13 16:57:07.557,1.009
2026-01-13 16:57:07.558,1.013
2026-01-13 16:57:07.574,1.01
2026-01-13 16:57:07.593,1.011
2026-01-13 16:57:07.607,1.01
2026-01-13 16:57:07.607,1.009
2026-01-13 16:57:07.624,1.009
2026-01-13 16:57:07.640,1.012
2026-01-13 16:57:07.658,1.014
2026-01-13 16:57:07.659,1.019
2026-01-13 16:57:07.675,1.021
2026-01-13 16:57:07.692,1.024
2026-01-13 16:57:07.693,1.019
2026-01-13 16:57:07.707,1.021
2026-01-13 16:57:07.726,1.019
2026-01-13 16:57:07.726,1.018
2026-01-13 16:57:07.741,1.017
2026-01-13 16:57:07.758,1.013
2026-01-13 16:57:07.776,1.014
2026-01-13 16:57:07.776,1.016
2026-01-13 16:57:07.791,1.014
2026-01-13 16:57:07.811,1.012
2026-01-13 16:57:07.811,1.01
2026-01-13 16:57:07.825,1.009
2026-01-13 16:57:07.841,1.01
2026-01-13 16:57:07.859,1.013
2026-01-13 16:57:07.859,1.013
2026-01-13 16:57:07.877,1.013
2026-01-13 16:57:07.891,1.01
2026-01-13 16:57:07.909,1.009
2026-01-13 16:57:07.909,1.006
2026-01-13 16:57:07.925,1.005
2026-01-13 16:57:07.942,1.002
2026-01-13 16:57:07.942,1.002
2026-01-13 16:57:07.958,1.004
2026-01-13 16:57:07.976,1.006
2026-01-13 16:57:07.992,1.01
2026-01-13 16:57:07.992,1.011
2026-01-13 16:57:08.009,1.007
2026-01-13 16:57:08.025,1.011
2026-01-13 16:57:08.041,1.01
2026-01-13 16:57:08.059,1.008
2026-01-13 16:57:08.075,1.011
2026-01-13 16:57:08.075,1.014
2026-01-13 16:57:08.091,1.017
2026-01-13 16:57:08.110,1.018
2026-01-13 16:57:08.110,1.023
2026-01-13 16:57:08.127,1.025
2026-01-13 16:57:08.142,1.022
2026-01-13 16:57:08.158,1.023
2026-01-13 16:57:08.158,1.021
2026-01-13 16:57:08.175,1.02
2026-01-13 16:57:08.192,1.017
2026-01-13 16:57:08.209,1.013
2026-01-13 16:57:08.210,1.015
2026-01-13 16:57:08.224,1.016
2026-01-13 16:57:08.242,1.016
2026-01-13 16:57:08.242,1.014
2026-01-13 16:57:08.257,1.015
2026-01-13 16:57:08.274,1.01
2026-01-13 16:57:08.293,1.014
2026-01-13 16:57:08.293,1.014
2026-01-13 16:57:08.308,1.016
2026-01-13 16:57:08.325,1.017
2026-01-13 16:57:08.325,1.012
2026-01-13 16:57:08.340,1.011
2026-01-13 16:57:08.358,1.011
2026-01-13 16:57:08.373,1.012
2026-01-13 16:57:08.374,1.011
2026-01-13 16:57:08.390,1.012
2026-01-13 16:57:08.406,1.01
2026-01-13 16:57:08.424,1.011
2026-01-13 16:57:08.424,1.012
2026-01-13 16:57:08.441,1.007
2026-01-13 16:57:08.458,1.008
2026-01-13 16:57:08.458,1.003
2026-01-13 16:57:08.481,1.006
2026-01-13 16:57:08.482,1.007
2026-01-13 16:57:08.508,1.0
2026-01-13 16:57:08.509,1.004
2026-01-13 16:57:08.525,1.01
2026-01-13 16:57:08.540,1.015
2026-01-13 16:57:08.581,1.013
2026-01-13 16:57:08.581,1.011
2026-01-13 16:57:08.583,1.007
2026-01-13 16:57:08.583,1.01
2026-01-13 16:57:08.589,1.008
2026-01-13 16:57:08.607,1.007
2026-01-13 16:57:08.624,1.011
2026-01-13 16:57:08.641,1.014
2026-01-13 16:57:08.641,1.008
2026-01-13 16:57:08.658,1.006
2026-01-13 16:57:08.676,1.012
2026-01-13 16:57:08.676,1.014
2026-01-13 16:57:08.692,1.019
2026-01-13 16:57:08.708,1.017
2026-01-13 16:57:08.725,1.013
2026-01-13 16:57:08.725,1.012
2026-01-13 16:57:08.741,1.01
2026-01-13 16:57:08.759,1.011
2026-01-13 16:57:08.759,1.006
2026-01-13 16:57:08.776,1.007
2026-01-13 16:57:08.792,1.007
2026-01-13 16:57:08.808,1.008
2026-01-13 16:57:08.808,1.008
2026-01-13 16:57:08.825,1.012
2026-01-13 16:57:08.842,1.009
2026-01-13 16:57:08.842,1.007
2026-01-13 16:57:08.858,1.007
2026-01-13 16:57:08.876,1.002
2026-01-13 16:57:08.892,1.004
2026-01-13 16:57:08.893,1.0
2026-01-13 16:57:08.908,1.0
2026-01-13 16:57:08.924,1.0
2026-01-13 16:57:08.925,0.996
2026-01-13 16:57:08.942,0.994
2026-01-13 16:57:08.958,0.995
2026-01-13 16:57:08.975,0.995
2026-01-13 16:57:08.975,0.994
2026-01-13 16:57:08.991,0.997
2026-01-13 16:57:09.008,0.997
2026-01-13 16:57:09.025,0.997
2026-01-13 16:57:09.025,1.002
2026-01-13 16:57:09.042,1.002
2026-01-13 16:57:09.058,1.002
2026-01-13 16:57:09.059,1.006
2026-01-13 16:57:09.076,1.009
2026-01-13 16:57:09.092,1.006
2026-01-13 16:57:09.109,1.003
2026-01-13 16:57:09.109,1.006
2026-01-13 16:57:09.125,1.014
2026-01-13 16:57:09.143,1.014
2026-01-13 16:57:09.144,1.008
2026-01-13 16:57:09.157,1.013
2026-01-13 16:57:09.174,1.017
2026-01-13 16:57:09.192,1.014
2026-01-13 16:57:09.192,1.01
2026-01-13 16:57:09.208,1.004
2026-01-13 16:57:09.224,1.004
2026-01-13 16:57:09.240,1.004
2026-01-13 16:57:09.240,1.006
2026-01-13 16:57:09.258,1.007
2026-01-13 16:57:09.274,1.001
2026-01-13 16:57:09.275,0.997
2026-01-13 16:57:09.292,0.996
2026-01-13 16:57:09.308,1.001
2026-01-13 16:57:09.326,0.999
2026-01-13 16:57:09.326,0.997
2026-01-13 16:57:09.341,0.998
2026-01-13 16:57:09.357,0.995
2026-01-13 16:57:09.358,0.992
2026-01-13 16:57:09.374,0.994
2026-01-13 16:57:09.391,0.993
2026-01-13 16:57:09.408,0.996
2026-01-13 16:57:09.409,0.996
2026-01-13 16:57:09.424,0.995
2026-01-13 16:57:09.442,0.989
2026-01-13 16:57:09.442,0.992
2026-01-13 16:57:09.457,0.987
2026-01-13 16:57:09.474,0.981
2026-01-13 16:57:09.498,0.989
2026-01-13 16:57:09.499,0.99
2026-01-13 16:57:09.507,0.992
2026-01-13 16:57:09.524,0.991
2026-01-13 16:57:09.541,0.989
2026-01-13 16:57:09.541,0.992
2026-01-13 16:57:09.558,0.992
2026-01-13 16:57:09.573,0.995
2026-01-13 16:57:09.574,0.999
2026-01-13 16:57:09.591,1.004
2026-01-13 16:57:09.607,1.006
2026-01-13 16:57:09.623,1.007
2026-01-13 16:57:09.624,1.01
2026-01-13 16:57:09.642,1.005
2026-01-13 16:57:09.658,1.001
2026-01-13 16:57:09.658,0.997
2026-01-13 16:57:09.674,0.999
2026-01-13 16:57:09.691,0.997
2026-01-13 16:57:09.708,0.994
2026-01-13 16:57:09.709,0.992
2026-01-13 16:57:09.723,0.998
2026-01-13 16:57:09.740,0.998
2026-01-13 16:57:09.758,1.001
2026-01-13 16:57:09.759,1.001
2026-01-13 16:57:09.774,1.001
2026-01-13 16:57:09.792,0.998
2026-01-13 16:57:09.792,0.999
2026-01-13 16:57:09.808,1.001
2026-01-13 16:57:09.823,0.998
2026-01-13 16:57:09.843,0.997
2026-01-13 16:57:09.843,0.997
2026-01-13 16:57:09.856,1.003
2026-01-13 16:57:09.874,0.997
2026-01-13 16:57:09.875,0.996
2026-01-13 16:57:09.891,1.002
2026-01-13 16:57:09.954,1.003
2026-01-13 16:57:09.955,1.007
2026-01-13 16:57:09.956,1.005
2026-01-13 16:57:09.956,1.002
2026-01-13 16:57:09.956,1.004
2026-01-13 16:57:09.963,1.007
2026-01-13 16:57:09.973,1.006
2026-01-13 16:57:09.990,1.008
2026-01-13 16:57:10.006,1.006
2026-01-13 16:57:10.006,1.002
2026-01-13 16:57:10.023,1.002
2026-01-13 16:57:10.040,1.001
2026-01-13 16:57:10.056,0.997
2026-01-13 16:57:10.056,0.997
2026-01-13 16:57:10.072,0.998
2026-01-13 16:57:10.091,0.995
2026-01-13 16:57:10.091,0.993
2026-01-13 16:57:10.107,0.994
2026-01-13 16:57:10.124,0.995
2026-01-13 16:57:10.140,1.0
2026-01-13 16:57:10.140,1.006
2026-01-13 16:57:10.156,1.008
2026-01-13 16:57:10.174,1.006
2026-01-13 16:57:10.174,1.002
2026-01-13 16:57:10.190,1.005
2026-01-13 16:57:10.206,1.006
2026-01-13 16:57:10.223,1.006
2026-01-13 16:57:10.223,1.009
2026-01-13 16:57:10.240,1.006
2026-01-13 16:57:10.256,1.004
2026-01-13 16:57:10.273,1.006
2026-01-13 16:57:10.274,1.012
2026-01-13 16:57:10.290,1.012
2026-01-13 16:57:10.306,1.014
2026-01-13 16:57:10.306,1.014
2026-01-13 16:57:10.322,1.011
2026-01-13 16:57:10.338,1.014
2026-01-13 16:57:10.357,1.01
2026-01-13 16:57:10.357,1.012
2026-01-13 16:57:10.373,1.011
2026-01-13 16:57:10.392,1.01
2026-01-13 16:57:10.392,1.012
2026-01-13 16:57:10.406,1.009
2026-01-13 16:57:10.423,1.011
2026-01-13 16:57:10.439,1.013
2026-01-13 16:57:10.439,1.015
2026-01-13 16:57:10.458,1.02
2026-01-13 16:57:10.474,1.02
2026-01-13 16:57:10.475,1.019
2026-01-13 16:57:10.497,1.018
2026-01-13 16:57:10.497,1.018
2026-01-13 16:57:10.523,1.016
2026-01-13 16:57:10.523,1.016
2026-01-13 16:57:10.540,1.016
2026-01-13 16:57:10.556,1.018
2026-01-13 16:57:10.573,1.013
2026-01-13 16:57:10.573,1.017
2026-01-13 16:57:10.590,1.017
2026-01-13 16:57:10.607,1.018
2026-01-13 16:57:10.607,1.016
2026-01-13 16:57:10.623,1.019
2026-01-13 16:57:10.639,1.025
2026-01-13 16:57:10.658,1.03
2026-01-13 16:57:10.658,1.032
2026-01-13 16:57:10.674,1.03
2026-01-13 16:57:10.690,1.028
2026-01-13 16:57:10.691,1.028
2026-01-13 16:57:10.708,1.027
2026-01-13 16:57:10.725,1.025
2026-01-13 16:57:10.741,1.026
2026-01-13 16:57:10.741,1.027
2026-01-13 16:57:10.756,1.027
2026-01-13 16:57:10.774,1.026
2026-01-13 16:57:10.774,1.025
2026-01-13 16:57:10.791,1.032
2026-01-13 16:57:10.806,1.031
2026-01-13 16:57:10.822,1.03
2026-01-13 16:57:10.822,1.027
2026-01-13 16:57:10.839,1.028
2026-01-13 16:57:10.857,1.033
2026-01-13 16:57:10.857,1.036
2026-01-13 16:57:10.874,1.039
2026-01-13 16:57:10.890,1.042
2026-01-13 16:57:10.907,1.045
2026-01-13 16:57:10.907,1.041
2026-01-13 16:57:10.923,1.04
2026-01-13 16:57:10.939,1.038
2026-01-13 16:57:10.957,1.034
2026-01-13 16:57:10.958,1.036
2026-01-13 16:57:10.974,1.037
2026-01-13 16:57:10.990,1.036
2026-01-13 16:57:10.991,1.038
2026-01-13 16:57:11.006,1.035
2026-01-13 16:57:11.022,1.03
2026-01-13 16:57:11.040,1.031
2026-01-13 16:57:11.040,1.029
2026-01-13 16:57:11.057,1.03
2026-01-13 16:57:11.074,1.031
2026-01-13 16:57:11.075,1.028
2026-01-13 16:57:11.090,1.028
2026-01-13 16:57:11.107,1.025
2026-01-13 16:57:11.124,1.029
2026-01-13 16:57:11.125,1.03
2026-01-13 16:57:11.141,1.029
2026-01-13 16:57:11.157,1.028
2026-01-13 16:57:11.173,1.028
2026-01-13 16:57:11.173,1.027
2026-01-13 16:57:11.191,1.03
2026-01-13 16:57:11.206,1.028
2026-01-13 16:57:11.206,1.028
2026-01-13 16:57:11.223,1.024
2026-01-13 16:57:11.240,1.03
2026-01-13 16:57:11.257,1.031
2026-01-13 16:57:11.257,1.033
2026-01-13 16:57:11.297,1.032
2026-01-13 16:57:11.298,1.034
2026-01-13 16:57:11.298,1.04
2026-01-13 16:57:11.305,1.038
2026-01-13 16:57:11.324,1.039
2026-01-13 16:57:11.341,1.04
2026-01-13 16:57:11.341,1.043
2026-01-13 16:57:11.357,1.041
2026-01-13 16:57:11.375,1.038
2026-01-13 16:57:11.375,1.038
2026-01-13 16:57:11.391,1.034
2026-01-13 16:57:11.408,1.032
2026-01-13 16:57:11.425,1.033
2026-01-13 16:57:11.426,1.035
2026-01-13 16:57:11.441,1.039
2026-01-13 16:57:11.457,1.036
2026-01-13 16:57:11.458,1.034
2026-01-13 16:57:11.481,1.027
2026-01-13 16:57:11.481,1.033
2026-01-13 16:57:11.507,1.032
2026-01-13 16:57:11.508,1.031
2026-01-13 16:57:11.524,1.031
2026-01-13 16:57:11.541,1.021
2026-01-13 16:57:11.558,1.025
2026-01-13 16:57:11.558,1.019
2026-01-13 16:57:11.574,1.022
2026-01-13 16:57:11.591,1.026
2026-01-13 16:57:11.592,1.026
2026-01-13 16:57:11.606,1.028
2026-01-13 16:57:11.625,1.027
2026-01-13 16:57:11.641,1.027
2026-01-13 16:57:11.641,1.03
2026-01-13 16:57:11.658,1.031
2026-01-13 16:57:11.675,1.031
2026-01-13 16:57:11.675,1.032
2026-01-13 16:57:11.691,1.032
2026-01-13 16:57:11.706,1.029
2026-01-13 16:57:11.725,1.031
2026-01-13 16:57:11.726,1.032
2026-01-13 16:57:11.742,1.035
2026-01-13 16:57:11.757,1.034
2026-01-13 16:57:11.773,1.034
2026-01-13 16:57:11.773,1.034
2026-01-13 16:57:11.789,1.034
2026-01-13 16:57:11.808,1.039
2026-01-13 16:57:11.809,1.036
2026-01-13 16:57:11.824,1.042
2026-01-13 16:57:11.842,1.044
2026-01-13 16:57:11.843,1.048
2026-01-13 16:57:11.857,1.05
2026-01-13 16:57:11.874,1.051
2026-01-13 16:57:11.892,1.056
2026-01-13 16:57:11.892,1.053
2026-01-13 16:57:11.907,1.056
2026-01-13 16:57:11.924,1.052
2026-01-13 16:57:11.941,1.056
2026-01-13 16:57:11.941,1.057
2026-01-13 16:57:11.957,1.062
2026-01-13 16:57:11.974,1.062
2026-01-13 16:57:11.974,1.059
2026-01-13 16:57:11.991,1.058
2026-01-13 16:57:12.008,1.061
2026-01-13 16:57:12.024,1.056
2026-01-13 16:57:12.025,1.057
2026-01-13 16:57:12.040,1.054
2026-01-13 16:57:12.056,1.056
2026-01-13 16:57:12.074,1.055
2026-01-13 16:57:12.074,1.057
2026-01-13 16:57:12.092,1.052
2026-01-13 16:57:12.107,1.048
2026-01-13 16:57:12.108,1.052
2026-01-13 16:57:12.124,1.051
2026-01-13 16:57:12.141,1.05
2026-01-13 16:57:12.157,1.05
2026-01-13 16:57:12.158,1.043
2026-01-13 16:57:12.175,1.034
2026-01-13 16:57:12.191,1.033
2026-01-13 16:57:12.192,1.032
2026-01-13 16:57:12.207,1.027
2026-01-13 16:57:12.224,1.022
2026-01-13 16:57:12.241,1.017
2026-01-13 16:57:12.241,1.014
2026-01-13 16:57:12.257,1.012
2026-01-13 16:57:12.275,1.01
2026-01-13 16:57:12.275,1.008
2026-01-13 16:57:12.291,1.005
2026-01-13 16:57:12.307,1.0
2026-01-13 16:57:12.324,1.0
2026-01-13 16:57:12.325,1.001
2026-01-13 16:57:12.342,1.0
2026-01-13 16:57:12.357,1.003
2026-01-13 16:57:12.357,1.0
2026-01-13 16:57:12.374,1.005
2026-01-13 16:57:12.391,1.005
2026-01-13 16:57:12.407,1.008
2026-01-13 16:57:12.408,1.008
2026-01-13 16:57:12.425,1.009
2026-01-13 16:57:12.441,1.005
2026-01-13 16:57:12.458,1.0
2026-01-13 16:57:12.458,1.0
2026-01-13 16:57:12.481,1.004
2026-01-13 16:57:12.481,1.002
2026-01-13 16:57:12.489,1.005
2026-01-13 16:57:12.507,1.014
2026-01-13 16:57:12.524,1.016
2026-01-13 16:57:12.541,1.015
2026-01-13 16:57:12.541,1.016
2026-01-13 16:57:12.557,1.016
2026-01-13 16:57:12.574,1.022
2026-01-13 16:57:12.574,1.022
2026-01-13 16:57:12.592,1.025
2026-01-13 16:57:12.608,1.026
2026-01-13 16:57:12.623,1.032
2026-01-13 16:57:12.624,1.039
2026-01-13 16:57:12.666,1.043
2026-01-13 16:57:12.667,1.047
2026-01-13 16:57:12.667,1.046
2026-01-13 16:57:12.674,1.046
2026-01-13 16:57:12.692,1.045
2026-01-13 16:57:12.708,1.044
2026-01-13 16:57:12.708,1.046
2026-01-13 16:57:12.723,1.046
2026-01-13 16:57:12.742,1.042
2026-01-13 16:57:12.743,1.038
2026-01-13 16:57:12.757,1.041
2026-01-13 16:57:12.773,1.041
2026-01-13 16:57:12.789,1.038
2026-01-13 16:57:12.789,1.034
2026-01-13 16:57:12.806,1.031
2026-01-13 16:57:12.823,1.027
2026-01-13 16:57:12.839,1.029
2026-01-13 16:57:12.839,1.02
2026-01-13 16:57:12.856,1.016
2026-01-13 16:57:12.873,1.009
2026-01-13 16:57:12.873,1.003
2026-01-13 16:57:12.890,1.006
2026-01-13 16:57:12.907,1.007
2026-01-13 16:57:12.924,1.006
2026-01-13 16:57:12.924,1.011
2026-01-13 16:57:12.942,1.011
2026-01-13 16:57:12.957,1.017
2026-01-13 16:57:12.958,1.017
2026-01-13 16:57:12.972,1.021
2026-01-13 16:57:12.988,1.021
2026-01-13 16:57:13.005,1.019
2026-01-13 16:57:13.006,1.02
2026-01-13 16:57:13.023,1.015
2026-01-13 16:57:13.039,1.018
2026-01-13 16:57:13.057,1.023
2026-01-13 16:57:13.057,1.022
2026-01-13 16:57:13.074,1.021
2026-01-13 16:57:13.091,1.022
2026-01-13 16:57:13.091,1.024
2026-01-13 16:57:13.106,1.024
2026-01-13 16:57:13.124,1.024
2026-01-13 16:57:13.141,1.025
2026-01-13 16:57:13.141,1.029
2026-01-13 16:57:13.157,1.03
2026-01-13 16:57:13.173,1.032
2026-01-13 16:57:13.173,1.04
2026-01-13 16:57:13.190,1.04
2026-01-13 16:57:13.207,1.044
2026-01-13 16:57:13.223,1.048
2026-01-13 16:57:13.223,1.048
2026-01-13 16:57:13.238,1.051
2026-01-13 16:57:13.257,1.054
2026-01-13 16:57:13.258,1.058
2026-01-13 16:57:13.273,1.059
2026-01-13 16:57:13.289,1.053
2026-01-13 16:57:13.305,1.055
2026-01-13 16:57:13.306,1.058
2026-01-13 16:57:13.323,1.058
2026-01-13 16:57:13.339,1.057
2026-01-13 16:57:13.357,1.057
2026-01-13 16:57:13.357,1.057
2026-01-13 16:57:13.374,1.058
2026-01-13 16:57:13.392,1.061
2026-01-13 16:57:13.392,1.058
2026-01-13 16:57:13.406,1.06
2026-01-13 16:57:13.422,1.063
2026-01-13 16:57:13.440,1.061
2026-01-13 16:57:13.440,1.065
2026-01-13 16:57:13.457,1.059
2026-01-13 16:57:13.472,1.052
2026-01-13 16:57:13.494,1.049
2026-01-13 16:57:13.494,1.044
2026-01-13 16:57:13.505,1.039
2026-01-13 16:57:13.522,1.034
2026-01-13 16:57:13.523,1.028
2026-01-13 16:57:13.539,1.022
2026-01-13 16:57:13.557,1.022
2026-01-13 16:57:13.573,1.023
2026-01-13 16:57:13.573,1.02
2026-01-13 16:57:13.589,1.022
2026-01-13 16:57:13.606,1.026
2026-01-13 16:57:13.606,1.027
2026-01-13 16:57:13.622,1.027
2026-01-13 16:57:13.639,1.029
2026-01-13 16:57:13.657,1.03
2026-01-13 16:57:13.657,1.029
2026-01-13 16:57:13.673,1.028
2026-01-13 16:57:13.689,1.029
2026-01-13 16:57:13.689,1.027
2026-01-13 16:57:13.706,1.022
2026-01-13 16:57:13.723,1.026
2026-01-13 16:57:13.739,1.027
2026-01-13 16:57:13.739,1.024
2026-01-13 16:57:13.756,1.022
2026-01-13 16:57:13.772,1.024
2026-01-13 16:57:13.774,1.026
2026-01-13 16:57:13.790,1.027
2026-01-13 16:57:13.806,1.026
2026-01-13 16:57:13.822,1.029
2026-01-13 16:57:13.822,1.03
2026-01-13 16:57:13.840,1.026
2026-01-13 16:57:13.855,1.026
2026-01-13 16:57:13.873,1.027
2026-01-13 16:57:13.873,1.024
2026-01-13 16:57:13.891,1.025
2026-01-13 16:57:13.906,1.032
2026-01-13 16:57:13.906,1.037
2026-01-13 16:57:13.922,1.032
2026-01-13 16:57:13.940,1.031
2026-01-13 16:57:13.956,1.038
2026-01-13 16:57:13.956,1.037
2026-01-13 16:57:13.973,1.036
2026-01-13 16:57:13.990,1.039
2026-01-13 16:57:13.990,1.038
2026-01-13 16:57:14.006,1.043
2026-01-13 16:57:14.032,1.044
2026-01-13 16:57:14.032,1.049
2026-01-13 16:57:14.039,1.051
2026-01-13 16:57:14.056,1.055
2026-01-13 16:57:14.072,1.053
2026-01-13 16:57:14.089,1.052
2026-01-13 16:57:14.089,1.058
2026-01-13 16:57:14.106,1.052
2026-01-13 16:57:14.122,1.051
2026-01-13 16:57:14.123,1.051
2026-01-13 16:57:14.139,1.05
2026-01-13 16:57:14.155,1.05
2026-01-13 16:57:14.172,1.051
2026-01-13 16:57:14.174,1.056
2026-01-13 16:57:14.190,1.057
2026-01-13 16:57:14.204,1.054
2026-01-13 16:57:14.206,1.05
2026-01-13 16:57:14.222,1.055
2026-01-13 16:57:14.239,1.052
2026-01-13 16:57:14.256,1.053
2026-01-13 16:57:14.256,1.056
2026-01-13 16:57:14.273,1.056
2026-01-13 16:57:14.289,1.052
2026-01-13 16:57:14.306,1.053
2026-01-13 16:57:14.306,1.049
2026-01-13 16:57:14.321,1.051
2026-01-13 16:57:14.339,1.048
2026-01-13 16:57:14.340,1.045
2026-01-13 16:57:14.355,1.044
2026-01-13 16:57:14.372,1.038
2026-01-13 16:57:14.388,1.04
2026-01-13 16:57:14.388,1.038
2026-01-13 16:57:14.406,1.039
2026-01-13 16:57:14.423,1.038
2026-01-13 16:57:14.424,1.03
2026-01-13 16:57:14.440,1.028
2026-01-13 16:57:14.456,1.031
2026-01-13 16:57:14.478,1.029
2026-01-13 16:57:14.478,1.027
2026-01-13 16:57:14.489,1.019
2026-01-13 16:57:14.505,1.022
2026-01-13 16:57:14.505,1.02
2026-01-13 16:57:14.522,1.017
2026-01-13 16:57:14.538,1.017
2026-01-13 16:57:14.556,1.011
2026-01-13 16:57:14.556,1.011
2026-01-13 16:57:14.573,1.01
2026-01-13 16:57:14.589,1.014
2026-01-13 16:57:14.590,1.017
2026-01-13 16:57:14.606,1.021
2026-01-13 16:57:14.622,1.021
2026-01-13 16:57:14.639,1.016
2026-01-13 16:57:14.640,1.009
2026-01-13 16:57:14.655,1.01
2026-01-13 16:57:14.672,1.009
2026-01-13 16:57:14.689,1.01
2026-01-13 16:57:14.689,1.006
2026-01-13 16:57:14.706,1.007
2026-01-13 16:57:14.722,1.009
2026-01-13 16:57:14.722,1.007
2026-01-13 16:57:14.740,1.006
2026-01-13 16:57:14.756,1.007
2026-01-13 16:57:14.773,1.009
2026-01-13 16:57:14.773,1.007
2026-01-13 16:57:14.789,1.012
2026-01-13 16:57:14.806,1.014
2026-01-13 16:57:14.807,1.014
2026-01-13 16:57:14.822,1.016
2026-01-13 16:57:14.839,1.015
2026-01-13 16:57:14.856,1.02
2026-01-13 16:57:14.856,1.017
2026-01-13 16:57:14.872,1.019
2026-01-13 16:57:14.889,1.016
2026-01-13 16:57:14.889,1.015
2026-01-13 16:57:14.905,1.014
2026-01-13 16:57:14.922,1.018
2026-01-13 16:57:14.940,1.013
2026-01-13 16:57:14.940,1.015
2026-01-13 16:57:14.955,1.017
2026-01-13 16:57:14.973,1.02
2026-01-13 16:57:14.974,1.02
2026-01-13 16:57:14.990,1.017
2026-01-13 16:57:15.006,1.018
2026-01-13 16:57:15.021,1.015
2026-01-13 16:57:15.023,1.012
2026-01-13 16:57:15.040,1.013
2026-01-13 16:57:15.058,1.012
2026-01-13 16:57:15.058,1.009
2026-01-13 16:57:15.074,1.004
2026-01-13 16:57:15.091,1.007
2026-01-13 16:57:15.106,1.006
2026-01-13 16:57:15.107,1.011
2026-01-13 16:57:15.124,1.002
2026-01-13 16:57:15.140,1.001
2026-01-13 16:57:15.156,0.996
2026-01-13 16:57:15.156,0.998
2026-01-13 16:57:15.172,0.997
2026-01-13 16:57:15.189,0.996
2026-01-13 16:57:15.190,0.997
2026-01-13 16:57:15.206,0.994
2026-01-13 16:57:15.222,0.995
2026-01-13 16:57:15.237,0.995
2026-01-13 16:57:15.239,0.998
2026-01-13 16:57:15.255,0.998
2026-01-13 16:57:15.272,1.001
2026-01-13 16:57:15.289,1.008
2026-01-13 16:57:15.290,1.008
2026-01-13 16:57:15.306,1.011
2026-01-13 16:57:15.323,1.012
2026-01-13 16:57:15.323,1.013
2026-01-13 16:57:15.340,1.018
2026-01-13 16:57:15.356,1.016
2026-01-13 16:57:15.397,1.02
2026-01-13 16:57:15.397,1.022
2026-01-13 16:57:15.397,1.018
2026-01-13 16:57:15.397,1.021
2026-01-13 16:57:15.421,1.022
2026-01-13 16:57:15.422,1.021
2026-01-13 16:57:15.439,1.025
2026-01-13 16:57:15.457,1.026
2026-01-13 16:57:15.457,1.031
2026-01-13 16:57:15.471,1.03
2026-01-13 16:57:15.496,1.027
2026-01-13 16:57:15.497,1.023
2026-01-13 16:57:15.505,1.023
2026-01-13 16:57:15.522,1.024
2026-01-13 16:57:15.538,1.03
2026-01-13 16:57:15.538,1.03
2026-01-13 16:57:15.555,1.029
2026-01-13 16:57:15.572,1.029
2026-01-13 16:57:15.588,1.033
2026-01-13 16:57:15.589,1.032
2026-01-13 16:57:15.605,1.037
2026-01-13 16:57:15.623,1.033
2026-01-13 16:57:15.623,1.028
2026-01-13 16:57:15.639,1.019
2026-01-13 16:57:15.654,1.016
2026-01-13 16:57:15.672,1.02
2026-01-13 16:57:15.672,1.024
2026-01-13 16:57:15.688,1.022
2026-01-13 16:57:15.705,1.026
2026-01-13 16:57:15.721,1.025
2026-01-13 16:57:15.722,1.025
2026-01-13 16:57:15.739,1.021
2026-01-13 16:57:15.755,1.02
2026-01-13 16:57:15.755,1.017
2026-01-13 16:57:15.772,1.014
2026-01-13 16:57:15.788,1.008
2026-01-13 16:57:15.789,1.012
2026-01-13 16:57:15.805,1.018
2026-01-13 16:57:15.822,1.019
2026-01-13 16:57:15.839,1.02
2026-01-13 16:57:15.839,1.022
2026-01-13 16:57:15.855,1.018
2026-01-13 16:57:15.872,1.016
2026-01-13 16:57:15.892,1.015
2026-01-13 16:57:15.893,1.012
2026-01-13 16:57:15.905,1.007
2026-01-13 16:57:15.922,1.007
2026-01-13 16:57:15.923,1.011
2026-01-13 16:57:15.938,1.007
2026-01-13 16:57:15.955,1.005
2026-01-13 16:57:15.972,1.002
2026-01-13 16:57:15.972,1.002
2026-01-13 16:57:15.990,0.998
2026-01-13 16:57:16.005,0.994
2026-01-13 16:57:16.005,1.003
2026-01-13 16:57:16.022,0.998
2026-01-13 16:57:16.039,0.999
2026-01-13 16:57:16.055,0.999
2026-01-13 16:57:16.055,0.997
2026-01-13 16:57:16.072,0.998
2026-01-13 16:57:16.089,1.003
2026-01-13 16:57:16.090,1.003
2026-01-13 16:57:16.105,0.997
2026-01-13 16:57:16.121,0.993
2026-01-13 16:57:16.138,0.998
2026-01-13 16:57:16.139,0.996
2026-01-13 16:57:16.154,0.999
2026-01-13 16:57:16.173,0.998
2026-01-13 16:57:16.189,0.999
2026-01-13 16:57:16.189,0.999
2026-01-13 16:57:16.207,1.003
2026-01-13 16:57:16.223,1.005
2026-01-13 16:57:16.223,1.006
2026-01-13 16:57:16.240,1.008
2026-01-13 16:57:16.257,1.007
2026-01-13 16:57:16.258,1.007
2026-01-13 16:57:16.273,1.008
2026-01-13 16:57:16.290,1.005
2026-01-13 16:57:16.307,1.007
2026-01-13 16:57:16.307,1.002
2026-01-13 16:57:16.323,1.005
2026-01-13 16:57:16.340,1.006
2026-01-13 16:57:16.356,1.004
2026-01-13 16:57:16.356,0.998
2026-01-13 16:57:16.372,0.999
2026-01-13 16:57:16.390,1.0
2026-01-13 16:57:16.390,0.994
2026-01-13 16:57:16.406,0.99
2026-01-13 16:57:16.423,0.997
2026-01-13 16:57:16.439,0.997
2026-01-13 16:57:16.439,1.002
2026-01-13 16:57:16.455,0.998
2026-01-13 16:57:16.473,0.999
2026-01-13 16:57:16.474,1.002
2026-01-13 16:57:16.497,1.002
2026-01-13 16:57:16.497,1.004
2026-01-13 16:57:16.523,1.012
2026-01-13 16:57:16.523,1.011
2026-01-13 16:57:16.540,1.01
2026-01-13 16:57:16.556,1.008
2026-01-13 16:57:16.557,1.008
2026-01-13 16:57:16.575,1.007
2026-01-13 16:57:16.590,1.005
2026-01-13 16:57:16.607,1.004
2026-01-13 16:57:16.607,1.001
2026-01-13 16:57:16.624,0.997
2026-01-13 16:57:16.641,0.995
2026-01-13 16:57:16.642,0.996
2026-01-13 16:57:16.657,0.994
2026-01-13 16:57:16.674,0.993
2026-01-13 16:57:16.692,0.986
2026-01-13 16:57:16.692,0.989
2026-01-13 16:57:16.706,0.986
2026-01-13 16:57:16.723,0.98
2026-01-13 16:57:16.751,0.985
2026-01-13 16:57:16.751,0.991
2026-01-13 16:57:16.752,0.985
2026-01-13 16:57:16.762,0.993
2026-01-13 16:57:16.774,0.996
2026-01-13 16:57:16.790,0.996
2026-01-13 16:57:16.807,0.998
2026-01-13 16:57:16.824,0.996
2026-01-13 16:57:16.824,0.991
2026-01-13 16:57:16.840,0.986
2026-01-13 16:57:16.857,0.982
2026-01-13 16:57:16.859,0.98
2026-01-13 16:57:16.873,0.983
2026-01-13 16:57:16.891,0.982
2026-01-13 16:57:16.906,0.977
2026-01-13 16:57:16.907,0.983
2026-01-13 16:57:16.923,0.985
2026-01-13 16:57:16.940,0.99
2026-01-13 16:57:16.956,0.99
2026-01-13 16:57:16.956,0.996
2026-01-13 16:57:16.973,1.0
2026-01-13 16:57:16.991,1.0
2026-01-13 16:57:16.991,0.997
2026-01-13 16:57:17.005,0.992
2026-01-13 16:57:17.023,0.99
2026-01-13 16:57:17.041,0.987
2026-01-13 16:57:17.041,0.985
2026-01-13 16:57:17.055,0.987
2026-01-13 16:57:17.073,0.993
2026-01-13 16:57:17.074,1.0
2026-01-13 16:57:17.090,1.002
2026-01-13 16:57:17.105,1.012
2026-01-13 16:57:17.122,1.02
2026-01-13 16:57:17.123,1.023
2026-01-13 16:57:17.141,1.024
2026-01-13 16:57:17.156,1.02
2026-01-13 16:57:17.173,1.019
2026-01-13 16:57:17.173,1.017
2026-01-13 16:57:17.190,1.014
2026-01-13 16:57:17.206,1.005
2026-01-13 16:57:17.206,1.005
2026-01-13 16:57:17.223,1.007
2026-01-13 16:57:17.240,1.008
2026-01-13 16:57:17.256,1.01
2026-01-13 16:57:17.256,1.008
2026-01-13 16:57:17.274,1.011
2026-01-13 16:57:17.290,1.013
2026-01-13 16:57:17.290,1.012
2026-01-13 16:57:17.307,1.018
2026-01-13 16:57:17.324,1.024
2026-01-13 16:57:17.340,1.027
2026-01-13 16:57:17.341,1.022
2026-01-13 16:57:17.356,1.018
2026-01-13 16:57:17.374,1.015
2026-01-13 16:57:17.374,1.016
2026-01-13 16:57:17.389,1.013
2026-01-13 16:57:17.407,1.017
2026-01-13 16:57:17.424,1.014
2026-01-13 16:57:17.424,1.016
2026-01-13 16:57:17.441,1.017
2026-01-13 16:57:17.457,1.015
2026-01-13 16:57:17.482,1.011
2026-01-13 16:57:17.483,1.01
2026-01-13 16:57:17.483,1.005
2026-01-13 16:57:17.507,1.002
2026-01-13 16:57:17.507,0.999
2026-01-13 16:57:17.523,0.995
2026-01-13 16:57:17.540,0.998
2026-01-13 16:57:17.555,0.995
2026-01-13 16:57:17.556,0.994
2026-01-13 16:57:17.572,0.993
2026-01-13 16:57:17.591,0.992
2026-01-13 16:57:17.592,0.996
2026-01-13 16:57:17.607,1.0
2026-01-13 16:57:17.623,1.003
2026-01-13 16:57:17.639,1.006
2026-01-13 16:57:17.639,1.001
2026-01-13 16:57:17.658,0.997
2026-01-13 16:57:17.674,0.997
2026-01-13 16:57:17.674,0.998
2026-01-13 16:57:17.690,0.996
2026-01-13 16:57:17.705,1.0
2026-01-13 16:57:17.722,0.999
2026-01-13 16:57:17.723,0.995
2026-01-13 16:57:17.741,0.989
2026-01-13 16:57:17.756,0.99
2026-01-13 16:57:17.774,0.986
2026-01-13 16:57:17.774,0.989
2026-01-13 16:57:17.791,0.987
2026-01-13 16:57:17.807,0.992
2026-01-13 16:57:17.807,0.998
2026-01-13 16:57:17.823,0.994
2026-01-13 16:57:17.838,0.997
2026-01-13 16:57:17.856,1.001
2026-01-13 16:57:17.856,1.006
2026-01-13 16:57:17.872,1.003
2026-01-13 16:57:17.889,1.002
2026-01-13 16:57:17.889,1.004
2026-01-13 16:57:17.906,1.005
2026-01-13 16:57:17.921,1.006
2026-01-13 16:57:17.939,1.011
2026-01-13 16:57:17.939,1.013
2026-01-13 16:57:17.956,1.013
2026-01-13 16:57:17.971,1.013
2026-01-13 16:57:17.989,1.015
2026-01-13 16:57:17.990,1.015
2026-01-13 16:57:18.005,1.018
2026-01-13 16:57:18.023,1.019
2026-01-13 16:57:18.024,1.018
2026-01-13 16:57:18.039,1.021
2026-01-13 16:57:18.056,1.025
2026-01-13 16:57:18.074,1.017
2026-01-13 16:57:18.074,1.015
2026-01-13 16:57:18.112,1.018
2026-01-13 16:57:18.114,1.021
2026-01-13 16:57:18.114,1.022
2026-01-13 16:57:18.121,1.026
2026-01-13 16:57:18.139,1.024
2026-01-13 16:57:18.156,1.023
2026-01-13 16:57:18.157,1.022
2026-01-13 16:57:18.173,1.027
2026-01-13 16:57:18.190,1.028
2026-01-13 16:57:18.190,1.028
2026-01-13 16:57:18.207,1.029
2026-01-13 16:57:18.225,1.028
2026-01-13 16:57:18.240,1.028
2026-01-13 16:57:18.240,1.028
2026-01-13 16:57:18.258,1.031
2026-01-13 16:57:18.272,1.028
2026-01-13 16:57:18.290,1.029
2026-01-13 16:57:18.290,1.03
2026-01-13 16:57:18.306,1.029
2026-01-13 16:57:18.324,1.026
2026-01-13 16:57:18.325,1.029
2026-01-13 16:57:18.341,1.029
2026-01-13 16:57:18.356,1.027
2026-01-13 16:57:18.373,1.024
2026-01-13 16:57:18.373,1.018
2026-01-13 16:57:18.390,1.011
2026-01-13 16:57:18.406,1.01
2026-01-13 16:57:18.406,1.01
2026-01-13 16:57:18.423,1.005
2026-01-13 16:57:18.440,1.0
2026-01-13 16:57:18.457,0.997
2026-01-13 16:57:18.457,0.996
2026-01-13 16:57:18.480,0.995
2026-01-13 16:57:18.481,0.993
2026-01-13 16:57:18.506,0.991
2026-01-13 16:57:18.506,0.992
2026-01-13 16:57:18.522,0.992
2026-01-13 16:57:18.539,0.993
2026-01-13 16:57:18.539,0.989
2026-01-13 16:57:18.556,0.989
2026-01-13 16:57:18.574,0.992
2026-01-13 16:57:18.574,0.993
2026-01-13 16:57:18.590,0.993
2026-01-13 16:57:18.606,0.996
2026-01-13 16:57:18.624,0.995
2026-01-13 16:57:18.625,0.995
2026-01-13 16:57:18.641,0.995
2026-01-13 16:57:18.657,1.001
2026-01-13 16:57:18.657,0.998
2026-01-13 16:57:18.674,0.995
2026-01-13 16:57:18.690,0.995
2026-01-13 16:57:18.706,0.996
2026-01-13 16:57:18.706,0.994
2026-01-13 16:57:18.722,1.0
2026-01-13 16:57:18.741,0.999
2026-01-13 16:57:18.756,1.001
2026-01-13 16:57:18.756,1.003
2026-01-13 16:57:18.773,0.999
2026-01-13 16:57:18.791,0.996
2026-01-13 16:57:18.791,0.993
2026-01-13 16:57:18.807,0.991
2026-01-13 16:57:18.823,0.988
2026-01-13 16:57:18.841,0.992
2026-01-13 16:57:18.841,0.993
2026-01-13 16:57:18.856,0.996
2026-01-13 16:57:18.873,1.001
2026-01-13 16:57:18.874,1.008
2026-01-13 16:57:18.890,1.011
2026-01-13 16:57:18.907,1.009
2026-01-13 16:57:18.923,1.012
2026-01-13 16:57:18.923,1.012
2026-01-13 16:57:18.940,1.01
2026-01-13 16:57:18.956,1.014
2026-01-13 16:57:18.972,1.016
2026-01-13 16:57:18.973,1.019
2026-01-13 16:57:18.989,1.02
2026-01-13 16:57:19.007,1.022
2026-01-13 16:57:19.008,1.019
2026-01-13 16:57:19.024,1.02
2026-01-13 16:57:19.041,1.027
2026-01-13 16:57:19.056,1.034
2026-01-13 16:57:19.056,1.034
2026-01-13 16:57:19.090,1.036
2026-01-13 16:57:19.090,1.04
2026-01-13 16:57:19.106,1.038
2026-01-13 16:57:19.122,1.04
2026-01-13 16:57:19.141,1.042
2026-01-13 16:57:19.141,1.047
2026-01-13 16:57:19.155,1.049
2026-01-13 16:57:19.173,1.054
2026-01-13 16:57:19.173,1.051
2026-01-13 16:57:19.190,1.048
2026-01-13 16:57:19.205,1.043
2026-01-13 16:57:19.222,1.042
2026-01-13 16:57:19.222,1.042
2026-01-13 16:57:19.240,1.041
2026-01-13 16:57:19.256,1.035
2026-01-13 16:57:19.273,1.032
2026-01-13 16:57:19.273,1.03
2026-01-13 16:57:19.290,1.031
2026-01-13 16:57:19.307,1.029
2026-01-13 16:57:19.307,1.031
2026-01-13 16:57:19.323,1.033
2026-01-13 16:57:19.340,1.034
2026-01-13 16:57:19.356,1.031
2026-01-13 16:57:19.356,1.031
2026-01-13 16:57:19.374,1.028
2026-01-13 16:57:19.390,1.023
2026-01-13 16:57:19.391,1.024
2026-01-13 16:57:19.406,1.024
2026-01-13 16:57:19.423,1.025
2026-01-13 16:57:19.440,1.021
2026-01-13 16:57:19.440,1.015
2026-01-13 16:57:19.456,1.016
2026-01-13 16:57:19.484,1.012
2026-01-13 16:57:19.485,1.01
2026-01-13 16:57:19.500,1.008
2026-01-13 16:57:19.500,1.006
2026-01-13 16:57:19.524,1.009
2026-01-13 16:57:19.524,1.012
2026-01-13 16:57:19.541,1.012
2026-01-13 16:57:19.556,1.014
2026-01-13 16:57:19.572,1.014
2026-01-13 16:57:19.572,1.016
2026-01-13 16:57:19.591,1.014
2026-01-13 16:57:19.606,1.011
2026-01-13 16:57:19.606,1.009
2026-01-13 16:57:19.623,1.011
2026-01-13 16:57:19.639,1.01
2026-01-13 16:57:19.656,1.015
2026-01-13 16:57:19.656,1.014
2026-01-13 16:57:19.674,1.01
2026-01-13 16:57:19.690,1.012
2026-01-13 16:57:19.690,1.013
2026-01-13 16:57:19.706,1.015
2026-01-13 16:57:19.723,1.012
2026-01-13 16:57:19.740,1.01
2026-01-13 16:57:19.740,1.008
2026-01-13 16:57:19.756,1.007
2026-01-13 16:57:19.773,1.01
2026-01-13 16:57:19.774,1.013
2026-01-13 16:57:19.789,1.007
2026-01-13 16:57:19.810,1.017
2026-01-13 16:57:19.810,1.017
2026-01-13 16:57:19.823,1.017
2026-01-13 16:57:19.839,1.014
2026-01-13 16:57:19.855,1.008
2026-01-13 16:57:19.874,1.008
2026-01-13 16:57:19.874,1.007
2026-01-13 16:57:19.889,1.009
2026-01-13 16:57:19.905,1.008
2026-01-13 16:57:19.905,1.01
2026-01-13 16:57:19.922,1.01
2026-01-13 16:57:19.940,1.011
2026-01-13 16:57:19.941,1.015
2026-01-13 16:57:19.956,1.012
2026-01-13 16:57:19.972,1.013
2026-01-13 16:57:19.989,1.011
2026-01-13 16:57:19.989,1.01
2026-01-13 16:57:20.005,1.016
2026-01-13 16:57:20.024,1.018
2026-01-13 16:57:20.040,1.019
2026-01-13 16:57:20.040,1.021
2026-01-13 16:57:20.056,1.02
2026-01-13 16:57:20.071,1.017
2026-01-13 16:57:20.089,1.011
2026-01-13 16:57:20.089,1.012
2026-01-13 16:57:20.107,1.01
2026-01-13 16:57:20.120,1.011
2026-01-13 16:57:20.122,1.016
2026-01-13 16:57:20.138,1.016
2026-01-13 16:57:20.155,1.018
2026-01-13 16:57:20.173,1.012
2026-01-13 16:57:20.173,1.007
2026-01-13 16:57:20.188,1.011
2026-01-13 16:57:20.205,1.01
2026-01-13 16:57:20.206,1.016
2026-01-13 16:57:20.222,1.016
2026-01-13 16:57:20.238,1.012
2026-01-13 16:57:20.255,1.009
2026-01-13 16:57:20.255,1.01
2026-01-13 16:57:20.271,1.008
2026-01-13 16:57:20.288,1.014
2026-01-13 16:57:20.304,1.009
2026-01-13 16:57:20.305,1.006
2026-01-13 16:57:20.322,1.006
2026-01-13 16:57:20.338,1.01
2026-01-13 16:57:20.338,1.009
2026-01-13 16:57:20.355,1.008
2026-01-13 16:57:20.372,1.01
2026-01-13 16:57:20.389,1.011
2026-01-13 16:57:20.389,1.013
2026-01-13 16:57:20.406,1.017
2026-01-13 16:57:20.421,1.019
2026-01-13 16:57:20.422,1.018
2026-01-13 16:57:20.438,1.017
2026-01-13 16:57:20.456,1.019
2026-01-13 16:57:20.472,1.02
2026-01-13 16:57:20.473,1.026
2026-01-13 16:57:20.496,1.022
2026-01-13 16:57:20.497,1.019
2026-01-13 16:57:20.505,1.018
2026-01-13 16:57:20.522,1.016
2026-01-13 16:57:20.538,1.016
2026-01-13 16:57:20.554,1.011
2026-01-13 16:57:20.555,1.009
2026-01-13 16:57:20.571,1.014
2026-01-13 16:57:20.587,1.018
2026-01-13 16:57:20.604,1.026
2026-01-13 16:57:20.604,1.024
2026-01-13 16:57:20.621,1.024
2026-01-13 16:57:20.638,1.027
2026-01-13 16:57:20.638,1.027
2026-01-13 16:57:20.655,1.033
2026-01-13 16:57:20.671,1.038
2026-01-13 16:57:20.687,1.039
2026-01-13 16:57:20.688,1.038
2026-01-13 16:57:20.705,1.034
2026-01-13 16:57:20.722,1.032
2026-01-13 16:57:20.723,1.031
2026-01-13 16:57:20.738,1.028
2026-01-13 16:57:20.755,1.03
2026-01-13 16:57:20.771,1.034
2026-01-13 16:57:20.772,1.038
2026-01-13 16:57:20.789,1.039
2026-01-13 16:57:20.804,1.037
2026-01-13 16:57:20.846,1.037
2026-01-13 16:57:20.846,1.038
2026-01-13 16:57:20.847,1.039
2026-01-13 16:57:20.847,1.046
2026-01-13 16:57:20.853,1.045
2026-01-13 16:57:20.872,1.041
2026-01-13 16:57:20.888,1.044
2026-01-13 16:57:20.907,1.044
2026-01-13 16:57:20.907,1.04
2026-01-13 16:57:20.923,1.035
2026-01-13 16:57:20.939,1.032
2026-01-13 16:57:20.939,1.03
2026-01-13 16:57:20.955,1.031
2026-01-13 16:57:20.975,1.027
2026-01-13 16:57:20.975,1.027
2026-01-13 16:57:20.989,1.031
2026-01-13 16:57:21.006,1.031
2026-01-13 16:57:21.021,1.037
2026-01-13 16:57:21.021,1.032
2026-01-13 16:57:21.040,1.026
2026-01-13 16:57:21.055,1.027
2026-01-13 16:57:21.072,1.025
2026-01-13 16:57:21.072,1.019
2026-01-13 16:57:21.090,1.015
2026-01-13 16:57:21.105,1.013
2026-01-13 16:57:21.106,1.011
2026-01-13 16:57:21.122,1.01
2026-01-13 16:57:21.139,1.013
2026-01-13 16:57:21.165,1.019
2026-01-13 16:57:21.166,1.022
2026-01-13 16:57:21.166,1.023
2026-01-13 16:57:21.190,1.027
2026-01-13 16:57:21.191,1.024
2026-01-13 16:57:21.206,1.028
2026-01-13 16:57:21.222,1.029
2026-01-13 16:57:21.240,1.024
2026-01-13 16:57:21.240,1.019
2026-01-13 16:57:21.256,1.016
2026-01-13 16:57:21.272,1.015
2026-01-13 16:57:21.289,1.017
2026-01-13 16:57:21.290,1.015
2026-01-13 16:57:21.305,1.019
2026-01-13 16:57:21.323,1.023
2026-01-13 16:57:21.324,1.026
2026-01-13 16:57:21.339,1.024
2026-01-13 16:57:21.356,1.028
2026-01-13 16:57:21.372,1.023
2026-01-13 16:57:21.372,1.019
2026-01-13 16:57:21.390,1.017
2026-01-13 16:57:21.406,1.016
2026-01-13 16:57:21.407,1.013
2026-01-13 16:57:21.422,1.013
2026-01-13 16:57:21.439,1.013
2026-01-13 16:57:21.456,1.009
2026-01-13 16:57:21.457,1.009
2026-01-13 16:57:21.473,1.007
2026-01-13 16:57:21.494,1.007
2026-01-13 16:57:21.494,1.007
2026-01-13 16:57:21.504,1.006
2026-01-13 16:57:21.522,1.01
2026-01-13 16:57:21.540,1.011
2026-01-13 16:57:21.540,1.009
2026-01-13 16:57:21.555,1.006
2026-01-13 16:57:21.574,1.005
2026-01-13 16:57:21.574,1.004
2026-01-13 16:57:21.589,0.999
2026-01-13 16:57:21.606,0.999
2026-01-13 16:57:21.623,1.004
2026-01-13 16:57:21.623,1.004
2026-01-13 16:57:21.640,1.0
2026-01-13 16:57:21.657,1.002
2026-01-13 16:57:21.672,1.0
2026-01-13 16:57:21.672,1.002
2026-01-13 16:57:21.688,1.0
2026-01-13 16:57:21.705,1.0
2026-01-13 16:57:21.706,1.001
2026-01-13 16:57:21.725,0.999
2026-01-13 16:57:21.739,1.0
2026-01-13 16:57:21.756,1.002
2026-01-13 16:57:21.757,1.005
2026-01-13 16:57:21.772,1.006
2026-01-13 16:57:21.790,1.005
2026-01-13 16:57:21.790,1.005
2026-01-13 16:57:21.805,1.006
2026-01-13 16:57:21.823,1.007
2026-01-13 16:57:21.839,1.005
2026-01-13 16:57:21.839,1.004
2026-01-13 16:57:21.856,1.008
2026-01-13 16:57:21.871,1.006
2026-01-13 16:57:21.887,1.007
2026-01-13 16:57:21.888,1.004
2026-01-13 16:57:21.907,1.008
2026-01-13 16:57:21.922,1.007
2026-01-13 16:57:21.923,1.006
2026-01-13 16:57:21.939,1.005
2026-01-13 16:57:21.956,1.005
2026-01-13 16:57:21.972,1.008
2026-01-13 16:57:21.973,1.008
2026-01-13 16:57:21.990,1.009
2026-01-13 16:57:22.005,1.005
2026-01-13 16:57:22.006,1.004
2026-01-13 16:57:22.023,1.008
2026-01-13 16:57:22.039,1.011
2026-01-13 16:57:22.054,1.008
2026-01-13 16:57:22.054,1.007
2026-01-13 16:57:22.075,1.014
2026-01-13 16:57:22.118,1.01
2026-01-13 16:57:22.119,1.006
2026-01-13 16:57:22.119,1.008
2026-01-13 16:57:22.120,1.005
2026-01-13 16:57:22.126,1.009
2026-01-13 16:57:22.139,1.007
2026-01-13 16:57:22.155,1.008
2026-01-13 16:57:22.173,1.008
2026-01-13 16:57:22.174,1.012
2026-01-13 16:57:22.191,1.009
2026-01-13 16:57:22.206,1.009
2026-01-13 16:57:22.224,1.009
2026-01-13 16:57:22.225,1.006
2026-01-13 16:57:22.239,1.005
2026-01-13 16:57:22.257,1.007
2026-01-13 16:57:22.257,1.008
2026-01-13 16:57:22.273,1.01
2026-01-13 16:57:22.289,1.012
2026-01-13 16:57:22.306,1.012
2026-01-13 16:57:22.307,1.012
2026-01-13 16:57:22.322,1.02
2026-01-13 16:57:22.338,1.02
2026-01-13 16:57:22.356,1.02
2026-01-13 16:57:22.357,1.017
2026-01-13 16:57:22.371,1.011
2026-01-13 16:57:22.388,1.013
2026-01-13 16:57:22.405,1.014
2026-01-13 16:57:22.405,1.009
2026-01-13 16:57:22.422,1.014
2026-01-13 16:57:22.438,1.016
2026-01-13 16:57:22.439,1.013
2026-01-13 16:57:22.455,1.014
2026-01-13 16:57:22.472,1.013
2026-01-13 16:57:22.488,1.017
2026-01-13 16:57:22.489,1.017
2026-01-13 16:57:22.508,1.019
2026-01-13 16:57:22.521,1.021
2026-01-13 16:57:22.540,1.015
2026-01-13 16:57:22.540,1.017
2026-01-13 16:57:22.555,1.013
2026-01-13 16:57:22.571,1.012
2026-01-13 16:57:22.571,1.011
2026-01-13 16:57:22.589,1.012
2026-01-13 16:57:22.607,1.01
2026-01-13 16:57:22.607,1.011
2026-01-13 16:57:22.622,1.011
2026-01-13 16:57:22.641,1.017
2026-01-13 16:57:22.654,1.02
2026-01-13 16:57:22.655,1.022
2026-01-13 16:57:22.674,1.021
2026-01-13 16:57:22.689,1.02
2026-01-13 16:57:22.690,1.017
2026-01-13 16:57:22.705,1.014
2026-01-13 16:57:22.723,1.013
2026-01-13 16:57:22.740,1.013
2026-01-13 16:57:22.741,1.008
2026-01-13 16:57:22.756,1.001
2026-01-13 16:57:22.772,1.007
2026-01-13 16:57:22.788,1.007
2026-01-13 16:57:22.789,1.003
2026-01-13 16:57:22.806,0.999
2026-01-13 16:57:22.822,1.001
2026-01-13 16:57:22.822,1.001
2026-01-13 16:57:22.840,0.997
2026-01-13 16:57:22.856,0.992
2026-01-13 16:57:22.871,0.996
2026-01-13 16:57:22.871,0.996
2026-01-13 16:57:22.890,0.998
2026-01-13 16:57:22.905,0.997
2026-01-13 16:57:22.922,0.997
2026-01-13 16:57:22.923,0.996
2026-01-13 16:57:22.941,0.995
2026-01-13 16:57:22.941,0.993
2026-01-13 16:57:22.956,0.997
2026-01-13 16:57:22.971,0.994
2026-01-13 16:57:22.989,0.995
2026-01-13 16:57:22.989,0.996
2026-01-13 16:57:23.005,0.998
2026-01-13 16:57:23.024,0.995
2026-01-13 16:57:23.039,0.994
2026-01-13 16:57:23.039,0.997
2026-01-13 16:57:23.054,0.999
2026-01-13 16:57:23.074,0.996
2026-01-13 16:57:23.074,0.996
2026-01-13 16:57:23.090,0.998
2026-01-13 16:57:23.104,1.0
2026-01-13 16:57:23.124,1.001
2026-01-13 16:57:23.124,1.003
2026-01-13 16:57:23.139,1.001
2026-01-13 16:57:23.156,1.0
2026-01-13 16:57:23.170,0.997
2026-01-13 16:57:23.171,0.994
2026-01-13 16:57:23.188,0.991
2026-01-13 16:57:23.206,0.994
2026-01-13 16:57:23.206,0.995
2026-01-13 16:57:23.222,0.998
2026-01-13 16:57:23.240,0.997
2026-01-13 16:57:23.255,0.997
2026-01-13 16:57:23.256,1.0
2026-01-13 16:57:23.272,0.995
2026-01-13 16:57:23.290,1.001
2026-01-13 16:57:23.290,0.997
2026-01-13 16:57:23.304,0.994
2026-01-13 16:57:23.323,0.995
2026-01-13 16:57:23.339,0.99
2026-01-13 16:57:23.340,0.99
2026-01-13 16:57:23.355,0.992
2026-01-13 16:57:23.373,0.99
2026-01-13 16:57:23.373,0.991
2026-01-13 16:57:23.387,0.994
2026-01-13 16:57:23.406,0.996
2026-01-13 16:57:23.423,0.997
2026-01-13 16:57:23.423,0.996
2026-01-13 16:57:23.439,0.994
2026-01-13 16:57:23.456,0.994
2026-01-13 16:57:23.471,0.992
2026-01-13 16:57:23.471,0.996
2026-01-13 16:57:23.489,0.995
2026-01-13 16:57:23.513,0.993
2026-01-13 16:57:23.513,0.99
2026-01-13 16:57:23.521,0.993
2026-01-13 16:57:23.587,0.99
2026-01-13 16:57:23.587,0.994
2026-01-13 16:57:23.587,1.0
2026-01-13 16:57:23.588,0.999
2026-01-13 16:57:23.588,0.996
2026-01-13 16:57:23.594,0.989
2026-01-13 16:57:23.605,0.993
2026-01-13 16:57:23.623,0.99
2026-01-13 16:57:23.639,0.99
2026-01-13 16:57:23.640,0.989
2026-01-13 16:57:23.654,0.986
2026-01-13 16:57:23.672,0.99
2026-01-13 16:57:23.674,0.995
2026-01-13 16:57:23.688,0.993
2026-01-13 16:57:23.708,0.994
2026-01-13 16:57:23.722,1.003
2026-01-13 16:57:23.723,1.004
2026-01-13 16:57:23.738,1.001
2026-01-13 16:57:23.756,1.001
2026-01-13 16:57:23.773,1.003
2026-01-13 16:57:23.773,1.005
2026-01-13 16:57:23.790,1.002
2026-01-13 16:57:23.806,0.998
2026-01-13 16:57:23.806,0.996
2026-01-13 16:57:23.823,0.991
2026-01-13 16:57:23.840,0.996
2026-01-13 16:57:23.841,1.001
2026-01-13 16:57:23.854,1.005
2026-01-13 16:57:23.871,1.007
2026-01-13 16:57:23.889,1.005
2026-01-13 16:57:23.890,1.003
2026-01-13 16:57:23.904,1.001
2026-01-13 16:57:23.921,0.999
2026-01-13 16:57:23.939,1.003
2026-01-13 16:57:23.940,1.002
2026-01-13 16:57:23.954,1.004
2026-01-13 16:57:23.972,1.006
2026-01-13 16:57:23.989,1.005
2026-01-13 16:57:23.989,1.004
2026-01-13 16:57:24.005,1.006
2026-01-13 16:57:24.023,1.004
2026-01-13 16:57:24.023,1.002
2026-01-13 16:57:24.039,1.004
2026-01-13 16:57:24.054,1.005
2026-01-13 16:57:24.071,1.0
2026-01-13 16:57:24.072,1.002
2026-01-13 16:57:24.089,1.002
2026-01-13 16:57:24.104,1.006
2026-01-13 16:57:24.123,1.009
2026-01-13 16:57:24.123,1.013
2026-01-13 16:57:24.140,1.013
2026-01-13 16:57:24.154,1.016
2026-01-13 16:57:24.155,1.013
2026-01-13 16:57:24.172,1.015
2026-01-13 16:57:24.188,1.015
2026-01-13 16:57:24.190,1.019
2026-01-13 16:57:24.205,1.02
2026-01-13 16:57:24.223,1.014
2026-01-13 16:57:24.240,1.015
2026-01-13 16:57:24.241,1.013
2026-01-13 16:57:24.255,1.006
2026-01-13 16:57:24.272,1.008
2026-01-13 16:57:24.289,1.007
2026-01-13 16:57:24.290,1.006
2026-01-13 16:57:24.305,1.01
2026-01-13 16:57:24.322,1.012
2026-01-13 16:57:24.322,1.011
2026-01-13 16:57:24.338,1.012
2026-01-13 16:57:24.356,1.011
2026-01-13 16:57:24.357,1.009
2026-01-13 16:57:24.373,1.006
2026-01-13 16:57:24.388,1.007
2026-01-13 16:57:24.406,1.01
2026-01-13 16:57:24.406,1.008
2026-01-13 16:57:24.422,1.012
2026-01-13 16:57:24.440,1.014
2026-01-13 16:57:24.454,1.009
2026-01-13 16:57:24.454,1.012
2026-01-13 16:57:24.473,1.012
2026-01-13 16:57:24.487,1.016
2026-01-13 16:57:24.505,1.017
2026-01-13 16:57:24.505,1.017
2026-01-13 16:57:24.531,1.017
2026-01-13 16:57:24.531,1.018
2026-01-13 16:57:24.538,1.017
2026-01-13 16:57:24.554,1.015
2026-01-13 16:57:24.571,1.01
2026-01-13 16:57:24.588,1.013
2026-01-13 16:57:24.589,1.014
2026-01-13 16:57:24.605,1.013
2026-01-13 16:57:24.620,1.012
2026-01-13 16:57:24.637,1.011
2026-01-13 16:57:24.637,1.006
2026-01-13 16:57:24.653,1.007
2026-01-13 16:57:24.671,1.014
2026-01-13 16:57:24.671,1.012
2026-01-13 16:57:24.688,1.017
2026-01-13 16:57:24.704,1.018
2026-01-13 16:57:24.721,1.019
2026-01-13 16:57:24.721,1.017
2026-01-13 16:57:24.738,1.021
2026-01-13 16:57:24.755,1.02
2026-01-13 16:57:24.755,1.016
2026-01-13 16:57:24.770,1.012
2026-01-13 16:57:24.788,1.01
2026-01-13 16:57:24.806,1.016
2026-01-13 16:57:24.806,1.016
2026-01-13 16:57:24.822,1.015
2026-01-13 16:57:24.838,1.013
2026-01-13 16:57:24.838,1.019
2026-01-13 16:57:24.856,1.017
2026-01-13 16:57:24.872,1.017
2026-01-13 16:57:24.888,1.019
2026-01-13 16:57:24.888,1.017
2026-01-13 16:57:24.905,1.015
2026-01-13 16:57:24.931,1.02
2026-01-13 16:57:24.931,1.022
2026-01-13 16:57:24.938,1.02
2026-01-13 16:57:24.954,1.022
2026-01-13 16:57:24.971,1.019
2026-01-13 16:57:24.972,1.022
2026-01-13 16:57:24.989,1.024
2026-01-13 16:57:25.005,1.025
2026-01-13 16:57:25.006,1.027
2026-01-13 16:57:25.022,1.02
2026-01-13 16:57:25.039,1.024
2026-01-13 16:57:25.056,1.02
2026-01-13 16:57:25.056,1.019
2026-01-13 16:57:25.071,1.022
2026-01-13 16:57:25.090,1.022
2026-01-13 16:57:25.090,1.025
2026-01-13 16:57:25.104,1.024
2026-01-13 16:57:25.122,1.031
2026-01-13 16:57:25.139,1.031
2026-01-13 16:57:25.139,1.027
2026-01-13 16:57:25.155,1.019
2026-01-13 16:57:25.172,1.016
2026-01-13 16:57:25.189,1.015
2026-01-13 16:57:25.189,1.011
2026-01-13 16:57:25.205,1.015
2026-01-13 16:57:25.223,1.013
2026-01-13 16:57:25.223,1.018
2026-01-13 16:57:25.240,1.017
2026-01-13 16:57:25.255,1.012
2026-01-13 16:57:25.271,1.014
2026-01-13 16:57:25.271,1.017
2026-01-13 16:57:25.288,1.017
2026-01-13 16:57:25.304,1.018
2026-01-13 16:57:25.321,1.02
2026-01-13 16:57:25.321,1.017
2026-01-13 16:57:25.338,1.014
2026-01-13 16:57:25.354,1.019
2026-01-13 16:57:25.355,1.018
2026-01-13 16:57:25.372,1.017
2026-01-13 16:57:25.389,1.016
2026-01-13 16:57:25.389,1.014
2026-01-13 16:57:25.405,1.013
2026-01-13 16:57:25.421,1.012
2026-01-13 16:57:25.438,1.011
2026-01-13 16:57:25.438,1.012
2026-01-13 16:57:25.456,1.011
2026-01-13 16:57:25.472,1.016
2026-01-13 16:57:25.489,1.018
2026-01-13 16:57:25.489,1.012
2026-01-13 16:57:25.505,1.014
2026-01-13 16:57:25.528,1.015
2026-01-13 16:57:25.529,1.01
2026-01-13 16:57:25.537,1.008
2026-01-13 16:57:25.554,1.01
2026-01-13 16:57:25.571,1.007
2026-01-13 16:57:25.571,1.007
2026-01-13 16:57:25.588,1.01
2026-01-13 16:57:25.604,1.007
2026-01-13 16:57:25.620,1.011
2026-01-13 16:57:25.621,1.012
2026-01-13 16:57:25.639,1.017
2026-01-13 16:57:25.655,1.016
2026-01-13 16:57:25.655,1.015
2026-01-13 16:57:25.672,1.013
2026-01-13 16:57:25.687,1.014
2026-01-13 16:57:25.704,1.011
2026-01-13 16:57:25.704,1.011
2026-01-13 16:57:25.721,1.011
2026-01-13 16:57:25.738,1.017
2026-01-13 16:57:25.738,1.019
2026-01-13 16:57:25.754,1.018
2026-01-13 16:57:25.771,1.017
2026-01-13 16:57:25.787,1.018
2026-01-13 16:57:25.789,1.018
2026-01-13 16:57:25.804,1.014
2026-01-13 16:57:25.820,1.015
2026-01-13 16:57:25.838,1.022
2026-01-13 16:57:25.838,1.025
2026-01-13 16:57:25.853,1.027
2026-01-13 16:57:25.869,1.019
2026-01-13 16:57:25.869,1.018
2026-01-13 16:57:25.888,1.021
2026-01-13 16:57:25.903,1.024
2026-01-13 16:57:25.920,1.026
2026-01-13 16:57:25.920,1.03
2026-01-13 16:57:25.938,1.029
2026-01-13 16:57:25.953,1.027
2026-01-13 16:57:25.953,1.025
2026-01-13 16:57:25.969,1.022
2026-01-13 16:57:25.987,1.02
2026-01-13 16:57:26.004,1.019
2026-01-13 16:57:26.004,1.021
2026-01-13 16:57:26.020,1.023
2026-01-13 16:57:26.037,1.019
2026-01-13 16:57:26.037,1.021
2026-01-13 16:57:26.053,1.017
2026-01-13 16:57:26.071,1.016
2026-01-13 16:57:26.087,1.015
2026-01-13 16:57:26.088,1.016
2026-01-13 16:57:26.104,1.018
2026-01-13 16:57:26.122,1.015
2026-01-13 16:57:26.122,1.017
2026-01-13 16:57:26.140,1.016
2026-01-13 16:57:26.153,1.019
2026-01-13 16:57:26.172,1.017
2026-01-13 16:57:26.172,1.014
2026-01-13 16:57:26.188,1.014
2026-01-13 16:57:26.206,1.014
2026-01-13 16:57:26.206,1.015
2026-01-13 16:57:26.222,1.015
2026-01-13 16:57:26.239,1.012
2026-01-13 16:57:26.256,1.009
2026-01-13 16:57:26.256,1.01
2026-01-13 16:57:26.297,1.009
2026-01-13 16:57:26.297,1.006
2026-01-13 16:57:26.297,1.006
2026-01-13 16:57:26.304,1.007
2026-01-13 16:57:26.321,1.006
2026-01-13 16:57:26.336,1.01
2026-01-13 16:57:26.356,1.012
2026-01-13 16:57:26.356,1.011
2026-01-13 16:57:26.373,1.013
2026-01-13 16:57:26.388,1.016
2026-01-13 16:57:26.388,1.019
2026-01-13 16:57:26.405,1.004
2026-01-13 16:57:26.422,1.003
2026-01-13 16:57:26.422,1.005
2026-01-13 16:57:26.439,1.006
2026-01-13 16:57:26.455,1.007
2026-01-13 16:57:26.470,1.008
2026-01-13 16:57:26.470,1.001
2026-01-13 16:57:26.488,0.997
2026-01-13 16:57:26.505,0.999
2026-01-13 16:57:26.526,0.995
2026-01-13 16:57:26.526,0.995
2026-01-13 16:57:26.538,0.997
2026-01-13 16:57:26.553,0.998
2026-01-13 16:57:26.554,0.999
2026-01-13 16:57:26.570,1.002
2026-01-13 16:57:26.586,1.005
2026-01-13 16:57:26.603,1.003
2026-01-13 16:57:26.603,0.999
2026-01-13 16:57:26.622,1.0
2026-01-13 16:57:26.638,0.999
2026-01-13 16:57:26.639,0.994
2026-01-13 16:57:26.655,0.996
2026-01-13 16:57:26.672,1.001
2026-01-13 16:57:26.689,1.002
2026-01-13 16:57:26.689,1.004
2026-01-13 16:57:26.705,0.999
2026-01-13 16:57:26.722,1.001
2026-01-13 16:57:26.722,1.004
2026-01-13 16:57:26.739,1.003
2026-01-13 16:57:26.758,1.001
2026-01-13 16:57:26.758,1.003
2026-01-13 16:57:26.772,1.005
2026-01-13 16:57:26.788,1.007
2026-01-13 16:57:26.803,1.003
2026-01-13 16:57:26.820,1.003
2026-01-13 16:57:26.820,1.009
2026-01-13 16:57:26.836,1.005
2026-01-13 16:57:26.852,1.005
2026-01-13 16:57:26.854,1.008
2026-01-13 16:57:26.870,1.013
2026-01-13 16:57:26.888,1.008
2026-01-13 16:57:26.904,1.014
2026-01-13 16:57:26.905,1.013
2026-01-13 16:57:26.921,1.014
2026-01-13 16:57:26.939,1.012
2026-01-13 16:57:26.939,1.006
2026-01-13 16:57:26.953,1.002
2026-01-13 16:57:26.970,1.002
2026-01-13 16:57:26.987,1.0
2026-01-13 16:57:26.987,1.004
2026-01-13 16:57:27.004,1.009
2026-01-13 16:57:27.022,1.009
2026-01-13 16:57:27.022,1.006
2026-01-13 16:57:27.038,1.006
2026-01-13 16:57:27.056,1.006
2026-01-13 16:57:27.071,1.005
2026-01-13 16:57:27.072,1.004
2026-01-13 16:57:27.088,1.01
2026-01-13 16:57:27.105,1.009
2026-01-13 16:57:27.106,1.008
2026-01-13 16:57:27.120,1.009
2026-01-13 16:57:27.139,1.006
2026-01-13 16:57:27.155,1.004
2026-01-13 16:57:27.155,1.006
2026-01-13 16:57:27.171,1.005
2026-01-13 16:57:27.189,1.007
2026-01-13 16:57:27.189,1.01
2026-01-13 16:57:27.204,1.01
2026-01-13 16:57:27.221,1.012
2026-01-13 16:57:27.239,1.008
2026-01-13 16:57:27.239,1.005
2026-01-13 16:57:27.255,1.002
2026-01-13 16:57:27.271,1.002
2026-01-13 16:57:27.287,0.993
2026-01-13 16:57:27.288,0.995
2026-01-13 16:57:27.305,1.001
2026-01-13 16:57:27.321,1.006
2026-01-13 16:57:27.322,1.001
2026-01-13 16:57:27.337,0.997
2026-01-13 16:57:27.356,0.995
2026-01-13 16:57:27.372,0.994
2026-01-13 16:57:27.372,1.001
2026-01-13 16:57:27.389,1.001
2026-01-13 16:57:27.405,1.003
2026-01-13 16:57:27.406,1.003
2026-01-13 16:57:27.420,1.005
2026-01-13 16:57:27.439,1.004
2026-01-13 16:57:27.455,1.003
2026-01-13 16:57:27.455,1.0
2026-01-13 16:57:27.470,1.001
2026-01-13 16:57:27.489,0.998
2026-01-13 16:57:27.490,0.997
2026-01-13 16:57:27.505,0.997
2026-01-13 16:57:27.525,0.996
2026-01-13 16:57:27.525,0.994
2026-01-13 16:57:27.537,0.994
2026-01-13 16:57:27.554,0.995
2026-01-13 16:57:27.571,0.996
2026-01-13 16:57:27.590,0.998
2026-01-13 16:57:27.590,0.998
2026-01-13 16:57:27.605,0.997
2026-01-13 16:57:27.620,0.998
2026-01-13 16:57:27.621,0.998
2026-01-13 16:57:27.665,0.999
2026-01-13 16:57:27.666,0.997
2026-01-13 16:57:27.666,0.998
2026-01-13 16:57:27.673,0.995
2026-01-13 16:57:27.687,0.998
2026-01-13 16:57:27.704,1.001
2026-01-13 16:57:27.706,0.998
2026-01-13 16:57:27.722,0.995
2026-01-13 16:57:27.738,0.993
2026-01-13 16:57:27.755,0.991
2026-01-13 16:57:27.756,0.993
2026-01-13 16:57:27.771,0.992
2026-01-13 16:57:27.790,0.981
2026-01-13 16:57:27.791,0.984
2026-01-13 16:57:27.804,0.987
2026-01-13 16:57:27.821,0.984
2026-01-13 16:57:27.838,0.988
2026-01-13 16:57:27.838,0.991
2026-01-13 16:57:27.854,0.989
2026-01-13 16:57:27.872,0.995
2026-01-13 16:57:27.889,0.999
2026-01-13 16:57:27.889,0.993
2026-01-13 16:57:27.904,0.993
2026-01-13 16:57:27.922,0.995
2026-01-13 16:57:27.922,0.998
2026-01-13 16:57:27.939,1.0
2026-01-13 16:57:27.954,1.0
2026-01-13 16:57:27.970,1.007
2026-01-13 16:57:27.970,1.005
2026-01-13 16:57:27.987,1.004
2026-01-13 16:57:28.006,1.004
2026-01-13 16:57:28.007,1.005
2026-01-13 16:57:28.021,1.003
2026-01-13 16:57:28.039,0.998
2026-01-13 16:57:28.055,1.0
2026-01-13 16:57:28.055,1.0
2026-01-13 16:57:28.070,1.004
2026-01-13 16:57:28.089,1.011
2026-01-13 16:57:28.089,1.011
2026-01-13 16:57:28.106,1.007
2026-01-13 16:57:28.120,1.002
2026-01-13 16:57:28.138,1.004
2026-01-13 16:57:28.138,1.005
2026-01-13 16:57:28.153,1.0
2026-01-13 16:57:28.170,1.001
2026-01-13 16:57:28.189,1.003
2026-01-13 16:57:28.189,0.998
2026-01-13 16:57:28.204,1.001
2026-01-13 16:57:28.222,0.997
2026-01-13 16:57:28.222,0.997
2026-01-13 16:57:28.237,0.998
2026-01-13 16:57:28.256,0.998
2026-01-13 16:57:28.258,0.998
2026-01-13 16:57:28.273,1.0
2026-01-13 16:57:28.289,0.997
2026-01-13 16:57:28.303,1.0
2026-01-13 16:57:28.322,0.998
2026-01-13 16:57:28.322,0.996
2026-01-13 16:57:28.338,0.99
2026-01-13 16:57:28.354,0.989
2026-01-13 16:57:28.354,0.988
2026-01-13 16:57:28.370,0.987
2026-01-13 16:57:28.389,0.988
2026-01-13 16:57:28.389,0.987
2026-01-13 16:57:28.404,0.984
2026-01-13 16:57:28.421,0.986
2026-01-13 16:57:28.439,0.984
2026-01-13 16:57:28.439,0.984
2026-01-13 16:57:28.454,0.982
2026-01-13 16:57:28.471,0.984
2026-01-13 16:57:28.488,0.982
2026-01-13 16:57:28.488,0.985
2026-01-13 16:57:28.503,0.987
2026-01-13 16:57:28.527,0.984
2026-01-13 16:57:28.527,0.985
2026-01-13 16:57:28.538,0.989
2026-01-13 16:57:28.554,0.987
2026-01-13 16:57:28.572,0.984
2026-01-13 16:57:28.573,0.982
2026-01-13 16:57:28.588,0.986
2026-01-13 16:57:28.604,0.985
2026-01-13 16:57:28.621,0.989
2026-01-13 16:57:28.621,0.99
2026-01-13 16:57:28.639,0.99
2026-01-13 16:57:28.654,0.992
2026-01-13 16:57:28.654,0.991
2026-01-13 16:57:28.670,0.985
2026-01-13 16:57:28.686,0.981
2026-01-13 16:57:28.706,0.985
2026-01-13 16:57:28.706,0.985
2026-01-13 16:57:28.722,0.985
2026-01-13 16:57:28.739,0.986
2026-01-13 16:57:28.739,0.991
2026-01-13 16:57:28.754,0.985
2026-01-13 16:57:28.771,0.988
2026-01-13 16:57:28.789,0.989
2026-01-13 16:57:28.789,0.992
2026-01-13 16:57:28.803,0.991
2026-01-13 16:57:28.821,0.991
2026-01-13 16:57:28.822,0.99
2026-01-13 16:57:28.837,0.989
2026-01-13 16:57:28.852,0.988
2026-01-13 16:57:28.871,0.989
2026-01-13 16:57:28.872,0.994
2026-01-13 16:57:28.887,0.995
2026-01-13 16:57:28.904,0.997
2026-01-13 16:57:28.921,0.996
2026-01-13 16:57:28.921,0.995
2026-01-13 16:57:28.938,0.995
2026-01-13 16:57:28.955,1.001
2026-01-13 16:57:28.955,0.998
2026-01-13 16:57:28.971,0.999
2026-01-13 16:57:28.988,0.998
2026-01-13 16:57:28.989,0.995
2026-01-13 16:57:29.016,0.998
2026-01-13 16:57:29.017,1.002
2026-01-13 16:57:29.026,1.001
2026-01-13 16:57:29.037,0.994
2026-01-13 16:57:29.053,0.995
2026-01-13 16:57:29.070,0.995
2026-01-13 16:57:29.088,0.995
2026-01-13 16:57:29.088,0.999
2026-01-13 16:57:29.103,1.002
2026-01-13 16:57:29.121,0.998
2026-01-13 16:57:29.121,1.0
2026-01-13 16:57:29.136,1.007
2026-01-13 16:57:29.153,1.008
2026-01-13 16:57:29.172,1.007
2026-01-13 16:57:29.172,1.004
2026-01-13 16:57:29.187,1.002
2026-01-13 16:57:29.203,1.0
2026-01-13 16:57:29.205,0.997
2026-01-13 16:57:29.220,0.994
2026-01-13 16:57:29.237,0.996
2026-01-13 16:57:29.255,0.996
2026-01-13 16:57:29.255,1.0
2026-01-13 16:57:29.271,0.998
2026-01-13 16:57:29.286,0.997
2026-01-13 16:57:29.304,0.995
2026-01-13 16:57:29.304,0.994
2026-01-13 16:57:29.319,0.995
2026-01-13 16:57:29.336,0.996
2026-01-13 16:57:29.353,0.996
2026-01-13 16:57:29.353,0.999
2026-01-13 16:57:29.369,1.0
2026-01-13 16:57:29.386,1.002
2026-01-13 16:57:29.387,1.004
2026-01-13 16:57:29.404,1.004
2026-01-13 16:57:29.419,1.003
2026-01-13 16:57:29.437,1.006
2026-01-13 16:57:29.437,1.006
2026-01-13 16:57:29.453,1.004
2026-01-13 16:57:29.470,1.001
2026-01-13 16:57:29.470,1.001
2026-01-13 16:57:29.486,1.002
2026-01-13 16:57:29.503,1.001
2026-01-13 16:57:29.525,1.004
2026-01-13 16:57:29.525,1.005
2026-01-13 16:57:29.537,1.001
2026-01-13 16:57:29.554,1.003
2026-01-13 16:57:29.554,0.999
2026-01-13 16:57:29.571,0.999
2026-01-13 16:57:29.587,0.999
2026-01-13 16:57:29.603,1.003
2026-01-13 16:57:29.604,1.008
2026-01-13 16:57:29.621,1.004
2026-01-13 16:57:29.637,1.002
2026-01-13 16:57:29.637,1.007
2026-01-13 16:57:29.653,1.007
2026-01-13 16:57:29.671,1.011
2026-01-13 16:57:29.687,1.008
2026-01-13 16:57:29.687,1.01
2026-01-13 16:57:29.703,1.01
2026-01-13 16:57:29.720,1.013
2026-01-13 16:57:29.721,1.011
2026-01-13 16:57:29.737,1.008
2026-01-13 16:57:29.754,1.008
2026-01-13 16:57:29.770,1.01
2026-01-13 16:57:29.771,1.012
2026-01-13 16:57:29.787,1.012
2026-01-13 16:57:29.805,1.014
2026-01-13 16:57:29.805,1.01
2026-01-13 16:57:29.821,1.012
2026-01-13 16:57:29.839,1.011
2026-01-13 16:57:29.854,1.009
2026-01-13 16:57:29.854,1.014
2026-01-13 16:57:29.870,1.015
2026-01-13 16:57:29.888,1.011
2026-01-13 16:57:29.904,1.013
2026-01-13 16:57:29.904,1.011
2026-01-13 16:57:29.921,1.014
2026-01-13 16:57:29.939,1.016
2026-01-13 16:57:29.939,1.01
2026-01-13 16:57:29.955,1.012
2026-01-13 16:57:29.971,1.017
2026-01-13 16:57:29.987,1.017
2026-01-13 16:57:29.988,1.024
2026-01-13 16:57:30.005,1.026
2026-01-13 16:57:30.020,1.026
2026-01-13 16:57:30.038,1.022
2026-01-13 16:57:30.039,1.022
2026-01-13 16:57:30.055,1.022
2026-01-13 16:57:30.072,1.021
2026-01-13 16:57:30.072,1.023
2026-01-13 16:57:30.089,1.024
2026-01-13 16:57:30.104,1.023
2026-01-13 16:57:30.121,1.019
2026-01-13 16:57:30.121,1.02
2026-01-13 16:57:30.137,1.021
2026-01-13 16:57:30.153,1.021
2026-01-13 16:57:30.153,1.02
2026-01-13 16:57:30.171,1.017
2026-01-13 16:57:30.189,1.018
2026-01-13 16:57:30.189,1.019
2026-01-13 16:57:30.203,1.019
2026-01-13 16:57:30.221,1.016
2026-01-13 16:57:30.237,1.018
2026-01-13 16:57:30.237,1.025
2026-01-13 16:57:30.254,1.021
2026-01-13 16:57:30.272,1.023
2026-01-13 16:57:30.288,1.024
2026-01-13 16:57:30.288,1.021
2026-01-13 16:57:30.304,1.019
2026-01-13 16:57:30.322,1.014
2026-01-13 16:57:30.322,1.014
2026-01-13 16:57:30.338,1.02
2026-01-13 16:57:30.400,1.02
2026-01-13 16:57:30.401,1.02
2026-01-13 16:57:30.401,1.019
2026-01-13 16:57:30.401,1.017
2026-01-13 16:57:30.402,1.015
2026-01-13 16:57:30.409,1.012
2026-01-13 16:57:30.421,1.012
2026-01-13 16:57:30.438,1.007
2026-01-13 16:57:30.455,1.007
2026-01-13 16:57:30.455,1.009
2026-01-13 16:57:30.472,1.008
2026-01-13 16:57:30.492,1.007
2026-01-13 16:57:30.492,1.005
2026-01-13 16:57:30.504,1.006
2026-01-13 16:57:30.524,1.005
2026-01-13 16:57:30.526,1.005
2026-01-13 16:57:30.538,1.007
2026-01-13 16:57:30.556,1.009
2026-01-13 16:57:30.573,1.01
2026-01-13 16:57:30.573,1.007
2026-01-13 16:57:30.588,1.01
2026-01-13 16:57:30.604,1.016
2026-01-13 16:57:30.622,1.021
2026-01-13 16:57:30.622,1.024
2026-01-13 16:57:30.636,1.026
2026-01-13 16:57:30.654,1.022
2026-01-13 16:57:30.670,1.017
2026-01-13 16:57:30.671,1.019
2026-01-13 16:57:30.687,1.017
2026-01-13 16:57:30.705,1.014
2026-01-13 16:57:30.705,1.016
2026-01-13 16:57:30.721,1.017
2026-01-13 16:57:30.738,1.017
2026-01-13 16:57:30.754,1.017
2026-01-13 16:57:30.754,1.021
2026-01-13 16:57:30.770,1.026
2026-01-13 16:57:30.788,1.025
2026-01-13 16:57:30.789,1.028
2026-01-13 16:57:30.804,1.029
2026-01-13 16:57:30.819,1.025
2026-01-13 16:57:30.836,1.02
2026-01-13 16:57:30.837,1.022
2026-01-13 16:57:30.853,1.015
2026-01-13 16:57:30.870,1.017
2026-01-13 16:57:30.888,1.021
2026-01-13 16:57:30.888,1.029
2026-01-13 16:57:30.904,1.028
2026-01-13 16:57:30.920,1.028
2026-01-13 16:57:30.920,1.023
2026-01-13 16:57:30.937,1.025
2026-01-13 16:57:30.954,1.024
2026-01-13 16:57:30.969,1.025
2026-01-13 16:57:30.969,1.029
2026-01-13 16:57:30.986,1.03
2026-01-13 16:57:31.002,1.033
2026-01-13 16:57:31.019,1.029
2026-01-13 16:57:31.020,1.032
2026-01-13 16:57:31.036,1.024
2026-01-13 16:57:31.053,1.022
2026-01-13 16:57:31.053,1.027
2026-01-13 16:57:31.068,1.028
2026-01-13 16:57:31.087,1.028
2026-01-13 16:57:31.104,1.027
2026-01-13 16:57:31.104,1.028
2026-01-13 16:57:31.120,1.032
2026-01-13 16:57:31.137,1.026
2026-01-13 16:57:31.137,1.026
2026-01-13 16:57:31.153,1.027
2026-01-13 16:57:31.170,1.025
2026-01-13 16:57:31.187,1.028
2026-01-13 16:57:31.187,1.029
2026-01-13 16:57:31.222,1.03
2026-01-13 16:57:31.222,1.034
2026-01-13 16:57:31.238,1.027
2026-01-13 16:57:31.254,1.025
2026-01-13 16:57:31.269,1.024
2026-01-13 16:57:31.270,1.02
2026-01-13 16:57:31.287,1.021
2026-01-13 16:57:31.303,1.018
2026-01-13 16:57:31.319,1.021
2026-01-13 16:57:31.321,1.015
2026-01-13 16:57:31.337,1.014
2026-01-13 16:57:31.353,1.013
2026-01-13 16:57:31.353,1.014
2026-01-13 16:57:31.369,1.013
2026-01-13 16:57:31.385,1.011
2026-01-13 16:57:31.403,1.013
2026-01-13 16:57:31.403,1.014
2026-01-13 16:57:31.419,1.017
2026-01-13 16:57:31.437,1.019
2026-01-13 16:57:31.437,1.021
2026-01-13 16:57:31.454,1.03
2026-01-13 16:57:31.469,1.027
2026-01-13 16:57:31.487,1.033
2026-01-13 16:57:31.487,1.032
2026-01-13 16:57:31.504,1.027
2026-01-13 16:57:31.527,1.023
2026-01-13 16:57:31.527,1.026
2026-01-13 16:57:31.537,1.028
2026-01-13 16:57:31.554,1.03
2026-01-13 16:57:31.571,1.039
2026-01-13 16:57:31.571,1.043
2026-01-13 16:57:31.586,1.046
2026-01-13 16:57:31.605,1.045
2026-01-13 16:57:31.605,1.049
2026-01-13 16:57:31.621,1.045
2026-01-13 16:57:31.638,1.039
2026-01-13 16:57:31.654,1.039
2026-01-13 16:57:31.654,1.043
2026-01-13 16:57:31.672,1.046
2026-01-13 16:57:31.688,1.043
2026-01-13 16:57:31.702,1.043
2026-01-13 16:57:31.702,1.04
2026-01-13 16:57:31.719,1.035
2026-01-13 16:57:31.747,1.039
2026-01-13 16:57:31.747,1.042
2026-01-13 16:57:31.754,1.04
2026-01-13 16:57:31.769,1.038
2026-01-13 16:57:31.786,1.04
2026-01-13 16:57:31.786,1.038
2026-01-13 16:57:31.803,1.037
2026-01-13 16:57:31.820,1.042
2026-01-13 16:57:31.836,1.039
2026-01-13 16:57:31.837,1.043
2026-01-13 16:57:31.852,1.041
2026-01-13 16:57:31.870,1.047
2026-01-13 16:57:31.870,1.048
2026-01-13 16:57:31.885,1.045
2026-01-13 16:57:31.903,1.043
2026-01-13 16:57:31.920,1.038
2026-01-13 16:57:31.937,1.036
2026-01-13 16:57:31.953,1.033
2026-01-13 16:57:31.954,1.04
2026-01-13 16:57:31.969,1.041
2026-01-13 16:57:31.986,1.037
2026-01-13 16:57:32.002,1.037
2026-01-13 16:57:32.003,1.038
2026-01-13 16:57:32.020,1.033
2026-01-13 16:57:32.037,1.034
2026-01-13 16:57:32.037,1.028
2026-01-13 16:57:32.052,1.031
2026-01-13 16:57:32.069,1.032
2026-01-13 16:57:32.086,1.033
2026-01-13 16:57:32.086,1.034
2026-01-13 16:57:32.103,1.043
2026-01-13 16:57:32.120,1.041
2026-01-13 16:57:32.121,1.037
2026-01-13 16:57:32.137,1.034
2026-01-13 16:57:32.152,1.037
2026-01-13 16:57:32.169,1.035
2026-01-13 16:57:32.169,1.035
2026-01-13 16:57:32.185,1.031
2026-01-13 16:57:32.203,1.031
2026-01-13 16:57:32.220,1.033
2026-01-13 16:57:32.221,1.037
2026-01-13 16:57:32.238,1.037
2026-01-13 16:57:32.253,1.034
2026-01-13 16:57:32.253,1.034
2026-01-13 16:57:32.271,1.033
2026-01-13 16:57:32.286,1.036
2026-01-13 16:57:32.303,1.035
2026-01-13 16:57:32.304,1.035
2026-01-13 16:57:32.320,1.038
2026-01-13 16:57:32.338,1.042
2026-01-13 16:57:32.338,1.046
2026-01-13 16:57:32.354,1.042
2026-01-13 16:57:32.371,1.037
2026-01-13 16:57:32.388,1.041
2026-01-13 16:57:32.388,1.043
2026-01-13 16:57:32.404,1.045
2026-01-13 16:57:32.420,1.042
2026-01-13 16:57:32.420,1.043
2026-01-13 16:57:32.437,1.043
2026-01-13 16:57:32.453,1.042
2026-01-13 16:57:32.471,1.043
2026-01-13 16:57:32.471,1.041
2026-01-13 16:57:32.488,1.041
2026-01-13 16:57:32.504,1.037
2026-01-13 16:57:32.527,1.04
2026-01-13 16:57:32.527,1.039
2026-01-13 16:57:32.537,1.037
2026-01-13 16:57:32.554,1.041
2026-01-13 16:57:32.554,1.036
2026-01-13 16:57:32.572,1.041
2026-01-13 16:57:32.587,1.04
2026-01-13 16:57:32.604,1.035
2026-01-13 16:57:32.605,1.028
2026-01-13 16:57:32.620,1.033
2026-01-13 16:57:32.638,1.033
2026-01-13 16:57:32.639,1.034
2026-01-13 16:57:32.654,1.028
2026-01-13 16:57:32.671,1.029
2026-01-13 16:57:32.688,1.031
2026-01-13 16:57:32.688,1.031
2026-01-13 16:57:32.704,1.031
2026-01-13 16:57:32.720,1.023
2026-01-13 16:57:32.721,1.023
2026-01-13 16:57:32.738,1.024
2026-01-13 16:57:32.754,1.018
2026-01-13 16:57:32.770,1.016
2026-01-13 16:57:32.771,1.021
2026-01-13 16:57:32.787,1.023
2026-01-13 16:57:32.804,1.024
2026-01-13 16:57:32.821,1.02
2026-01-13 16:57:32.821,1.019
2026-01-13 16:57:32.837,1.016
2026-01-13 16:57:32.854,1.015
2026-01-13 16:57:32.855,1.012
2026-01-13 16:57:32.871,1.012
2026-01-13 16:57:32.888,1.012
2026-01-13 16:57:32.889,1.012
2026-01-13 16:57:32.904,1.018
2026-01-13 16:57:32.920,1.02
2026-01-13 16:57:32.938,1.016
2026-01-13 16:57:32.938,1.017
2026-01-13 16:57:32.954,1.018
2026-01-13 16:57:32.973,1.021
2026-01-13 16:57:32.973,1.015
2026-01-13 16:57:32.987,1.013
2026-01-13 16:57:33.004,1.009
2026-01-13 16:57:33.020,1.012
2026-01-13 16:57:33.021,1.013
2026-01-13 16:57:33.038,1.01
2026-01-13 16:57:33.055,1.01
2026-01-13 16:57:33.071,1.013
2026-01-13 16:57:33.072,1.015
2026-01-13 16:57:33.108,1.02
2026-01-13 16:57:33.109,1.019
2026-01-13 16:57:33.109,1.02
2026-01-13 16:57:33.117,1.022
2026-01-13 16:57:33.137,1.021
2026-01-13 16:57:33.153,1.016
2026-01-13 16:57:33.153,1.02
2026-01-13 16:57:33.171,1.02
2026-01-13 16:57:33.187,1.018
2026-01-13 16:57:33.204,1.019
2026-01-13 16:57:33.205,1.021
2026-01-13 16:57:33.220,1.019
2026-01-13 16:57:33.238,1.021
2026-01-13 16:57:33.238,1.02
2026-01-13 16:57:33.252,1.02
2026-01-13 16:57:33.272,1.016
2026-01-13 16:57:33.287,1.016
2026-01-13 16:57:33.288,1.014
2026-01-13 16:57:33.303,1.014
2026-01-13 16:57:33.321,1.014
2026-01-13 16:57:33.321,1.01
2026-01-13 16:57:33.337,1.01
2026-01-13 16:57:33.354,1.012
2026-01-13 16:57:33.370,1.016
2026-01-13 16:57:33.371,1.018
2026-01-13 16:57:33.387,1.014
2026-01-13 16:57:33.404,1.015
2026-01-13 16:57:33.425,1.016
2026-01-13 16:57:33.426,1.018
2026-01-13 16:57:33.437,1.022
2026-01-13 16:57:33.455,1.017
2026-01-13 16:57:33.455,1.018
2026-01-13 16:57:33.470,1.021
2026-01-13 16:57:33.487,1.022
2026-01-13 16:57:33.504,1.017
2026-01-13 16:57:33.505,1.013
2026-01-13 16:57:33.526,1.013
2026-01-13 16:57:33.526,1.011
2026-01-13 16:57:33.537,1.017
2026-01-13 16:57:33.552,1.022
2026-01-13 16:57:33.570,1.021
2026-01-13 16:57:33.586,1.017
2026-01-13 16:57:33.587,1.014
2026-01-13 16:57:33.602,1.009
2026-01-13 16:57:33.619,1.01
2026-01-13 16:57:33.621,1.012
2026-01-13 16:57:33.635,1.012
2026-01-13 16:57:33.653,1.01
2026-01-13 16:57:33.669,1.015
2026-01-13 16:57:33.670,1.015
2026-01-13 16:57:33.686,1.014
2026-01-13 16:57:33.704,1.012
2026-01-13 16:57:33.719,1.016
2026-01-13 16:57:33.719,1.014
2026-01-13 16:57:33.736,1.02
2026-01-13 16:57:33.752,1.026
2026-01-13 16:57:33.753,1.03
2026-01-13 16:57:33.771,1.025
2026-01-13 16:57:33.787,1.028
2026-01-13 16:57:33.804,1.024
2026-01-13 16:57:33.804,1.021
2026-01-13 16:57:33.820,1.022
2026-01-13 16:57:33.837,1.024
2026-01-13 16:57:33.837,1.028
2026-01-13 16:57:33.853,1.023
2026-01-13 16:57:33.870,1.022
2026-01-13 16:57:33.887,1.024
2026-01-13 16:57:33.887,1.021
2026-01-13 16:57:33.904,1.024
2026-01-13 16:57:33.921,1.024
2026-01-13 16:57:33.921,1.021
2026-01-13 16:57:33.937,1.025
2026-01-13 16:57:33.954,1.023
2026-01-13 16:57:33.971,1.019
2026-01-13 16:57:33.971,1.016
2026-01-13 16:57:33.986,1.012
2026-01-13 16:57:34.005,1.012
2026-01-13 16:57:34.005,1.011
2026-01-13 16:57:34.021,1.012
2026-01-13 16:57:34.037,1.013
2026-01-13 16:57:34.054,1.014
2026-01-13 16:57:34.055,1.013
2026-01-13 16:57:34.071,1.012
2026-01-13 16:57:34.087,1.012
2026-01-13 16:57:34.104,1.01
2026-01-13 16:57:34.104,1.011
2026-01-13 16:57:34.120,1.012
2026-01-13 16:57:34.137,1.011
2026-01-13 16:57:34.138,1.012
2026-01-13 16:57:34.155,1.01
2026-01-13 16:57:34.170,1.009
2026-01-13 16:57:34.188,1.004
2026-01-13 16:57:34.188,1.001
2026-01-13 16:57:34.203,1.002
2026-01-13 16:57:34.220,1.007
2026-01-13 16:57:34.221,1.007
2026-01-13 16:57:34.237,1.012
2026-01-13 16:57:34.254,1.019
2026-01-13 16:57:34.270,1.019
2026-01-13 16:57:34.271,1.017
2026-01-13 16:57:34.286,1.012
2026-01-13 16:57:34.304,1.012
2026-01-13 16:57:34.320,1.015
2026-01-13 16:57:34.320,1.012
2026-01-13 16:57:34.338,1.014
2026-01-13 16:57:34.354,1.014
2026-01-13 16:57:34.354,1.014
2026-01-13 16:57:34.370,1.016
2026-01-13 16:57:34.387,1.015
2026-01-13 16:57:34.404,1.014
2026-01-13 16:57:34.404,1.015
2026-01-13 16:57:34.420,1.01
2026-01-13 16:57:34.438,1.005
2026-01-13 16:57:34.438,1.009
2026-01-13 16:57:34.454,1.011
2026-01-13 16:57:34.482,1.018
2026-01-13 16:57:34.483,1.02
2026-01-13 16:57:34.504,1.015
2026-01-13 16:57:34.528,1.015
2026-01-13 16:57:34.529,1.012
2026-01-13 16:57:34.537,1.011
2026-01-13 16:57:34.554,1.017
2026-01-13 16:57:34.568,1.034
2026-01-13 16:57:34.569,1.03
2026-01-13 16:57:34.588,1.026
2026-01-13 16:57:34.604,1.026
2026-01-13 16:57:34.620,1.027
2026-01-13 16:57:34.620,1.024
2026-01-13 16:57:34.638,1.025
2026-01-13 16:57:34.654,1.028
2026-01-13 16:57:34.654,1.029
2026-01-13 16:57:34.671,1.026
2026-01-13 16:57:34.688,1.026
2026-01-13 16:57:34.703,1.024
2026-01-13 16:57:34.704,1.022
2026-01-13 16:57:34.720,1.023
2026-01-13 16:57:34.738,1.017
2026-01-13 16:57:34.739,1.011
2026-01-13 16:57:34.753,1.011
2026-01-13 16:57:34.771,1.011
2026-01-13 16:57:34.773,1.011
2026-01-13 16:57:34.787,1.009
2026-01-13 16:57:34.803,1.009
2026-01-13 16:57:34.821,1.009
2026-01-13 16:57:34.821,1.009
2026-01-13 16:57:34.837,1.013
2026-01-13 16:57:34.854,1.014
2026-01-13 16:57:34.871,1.019
2026-01-13 16:57:34.871,1.022
2026-01-13 16:57:34.888,1.024
2026-01-13 16:57:34.903,1.024
2026-01-13 16:57:34.920,1.019
2026-01-13 16:57:34.920,1.026
2026-01-13 16:57:34.938,1.022
2026-01-13 16:57:34.953,1.018
2026-01-13 16:57:34.953,1.017
2026-01-13 16:57:34.970,1.018
2026-01-13 16:57:34.987,1.014
2026-01-13 16:57:35.003,1.017
2026-01-13 16:57:35.003,1.014
2026-01-13 16:57:35.019,1.013
2026-01-13 16:57:35.038,1.008
2026-01-13 16:57:35.038,1.004
2026-01-13 16:57:35.053,1.003
2026-01-13 16:57:35.071,1.003
2026-01-13 16:57:35.086,1.007
2026-01-13 16:57:35.086,1.01
2026-01-13 16:57:35.104,1.011
2026-01-13 16:57:35.120,1.013
2026-01-13 16:57:35.138,1.013
2026-01-13 16:57:35.138,1.011
2026-01-13 16:57:35.153,1.01
2026-01-13 16:57:35.171,1.011
2026-01-13 16:57:35.171,1.017
2026-01-13 16:57:35.189,1.019
2026-01-13 16:57:35.203,1.018
2026-01-13 16:57:35.219,1.016
2026-01-13 16:57:35.220,1.015
2026-01-13 16:57:35.238,1.01
2026-01-13 16:57:35.252,1.01
2026-01-13 16:57:35.253,1.008
2026-01-13 16:57:35.269,1.012
2026-01-13 16:57:35.288,1.011
2026-01-13 16:57:35.289,1.011
2026-01-13 16:57:35.303,1.007
2026-01-13 16:57:35.320,1.007
2026-01-13 16:57:35.337,1.009
2026-01-13 16:57:35.337,1.012
2026-01-13 16:57:35.352,1.01
2026-01-13 16:57:35.372,1.009
2026-01-13 16:57:35.388,1.004
2026-01-13 16:57:35.388,1.006
2026-01-13 16:57:35.403,1.008
2026-01-13 16:57:35.421,1.009
2026-01-13 16:57:35.422,1.01
2026-01-13 16:57:35.437,1.008
2026-01-13 16:57:35.453,1.01
2026-01-13 16:57:35.470,1.013
2026-01-13 16:57:35.470,1.015
2026-01-13 16:57:35.487,1.015
2026-01-13 16:57:35.503,1.011
2026-01-13 16:57:35.527,1.014
2026-01-13 16:57:35.527,1.013
2026-01-13 16:57:35.537,1.017
2026-01-13 16:57:35.553,1.017
2026-01-13 16:57:35.553,1.017
2026-01-13 16:57:35.571,1.015
2026-01-13 16:57:35.587,1.018
2026-01-13 16:57:35.603,1.014
2026-01-13 16:57:35.603,1.018
2026-01-13 16:57:35.620,1.013
2026-01-13 16:57:35.636,1.011
2026-01-13 16:57:35.654,1.012
2026-01-13 16:57:35.654,1.015
2026-01-13 16:57:35.671,1.013
2026-01-13 16:57:35.688,1.007
2026-01-13 16:57:35.688,1.007
2026-01-13 16:57:35.702,1.011
2026-01-13 16:57:35.721,1.009
2026-01-13 16:57:35.722,1.01
2026-01-13 16:57:35.737,1.011
2026-01-13 16:57:35.753,1.012
2026-01-13 16:57:35.770,1.007
2026-01-13 16:57:35.770,1.005
2026-01-13 16:57:35.787,1.003
2026-01-13 16:57:35.803,1.002
2026-01-13 16:57:35.840,1.003
2026-01-13 16:57:35.840,0.998
2026-01-13 16:57:35.841,0.995
2026-01-13 16:57:35.841,1.002
2026-01-13 16:57:35.869,1.007
2026-01-13 16:57:35.869,1.01
2026-01-13 16:57:35.886,1.008
2026-01-13 16:57:35.901,1.006
2026-01-13 16:57:35.902,1.004
2026-01-13 16:57:35.919,0.999
2026-01-13 16:57:35.936,0.995
2026-01-13 16:57:35.952,1.009
2026-01-13 16:57:35.953,1.007
2026-01-13 16:57:35.969,1.006
2026-01-13 16:57:35.986,1.002
2026-01-13 16:57:35.986,1.003
2026-01-13 16:57:36.002,1.001
2026-01-13 16:57:36.021,1.0
2026-01-13 16:57:36.021,0.998
2026-01-13 16:57:36.037,0.995
2026-01-13 16:57:36.053,0.995
2026-01-13 16:57:36.069,0.994
2026-01-13 16:57:36.070,0.991
2026-01-13 16:57:36.086,0.995
2026-01-13 16:57:36.104,1.001
2026-01-13 16:57:36.121,1.003
2026-01-13 16:57:36.121,1.004
2026-01-13 16:57:36.135,1.004
2026-01-13 16:57:36.154,0.998
2026-01-13 16:57:36.154,0.994
2026-01-13 16:57:36.171,0.993
2026-01-13 16:57:36.186,1.012
2026-01-13 16:57:36.203,1.013
2026-01-13 16:57:36.203,1.007
2026-01-13 16:57:36.221,1.006
2026-01-13 16:57:36.237,1.003
2026-01-13 16:57:36.237,1.001
2026-01-13 16:57:36.253,1.001
2026-01-13 16:57:36.269,1.004
2026-01-13 16:57:36.288,1.001
2026-01-13 16:57:36.289,1.001
2026-01-13 16:57:36.302,1.005
2026-01-13 16:57:36.321,1.007
2026-01-13 16:57:36.321,1.005
2026-01-13 16:57:36.336,1.007
2026-01-13 16:57:36.354,1.007
2026-01-13 16:57:36.371,1.011
2026-01-13 16:57:36.372,1.01
2026-01-13 16:57:36.387,1.017
2026-01-13 16:57:36.404,1.015
2026-01-13 16:57:36.421,1.017
2026-01-13 16:57:36.421,1.019
2026-01-13 16:57:36.438,1.018
2026-01-13 16:57:36.453,1.018
2026-01-13 16:57:36.453,1.014
2026-01-13 16:57:36.470,1.016
2026-01-13 16:57:36.488,1.015
2026-01-13 16:57:36.503,1.016
2026-01-13 16:57:36.503,1.01
2026-01-13 16:57:36.525,1.01
2026-01-13 16:57:36.526,1.014
2026-01-13 16:57:36.552,1.011
2026-01-13 16:57:36.553,1.006
2026-01-13 16:57:36.570,1.007
2026-01-13 16:57:36.587,1.008
2026-01-13 16:57:36.587,1.007
2026-01-13 16:57:36.602,1.002
2026-01-13 16:57:36.620,1.003
2026-01-13 16:57:36.635,1.006
2026-01-13 16:57:36.635,1.004
2026-01-13 16:57:36.653,1.003
2026-01-13 16:57:36.669,1.005
2026-01-13 16:57:36.670,1.008
2026-01-13 16:57:36.686,1.01
2026-01-13 16:57:36.702,1.01
2026-01-13 16:57:36.719,1.01
2026-01-13 16:57:36.719,1.012
2026-01-13 16:57:36.735,1.016
2026-01-13 16:57:36.753,1.015
2026-01-13 16:57:36.753,1.017
2026-01-13 16:57:36.769,1.014
2026-01-13 16:57:36.786,1.013
2026-01-13 16:57:36.803,1.014
2026-01-13 16:57:36.803,1.014
2026-01-13 16:57:36.820,1.014
2026-01-13 16:57:36.837,1.014
2026-01-13 16:57:36.837,1.015
2026-01-13 16:57:36.853,1.022
2026-01-13 16:57:36.869,1.022
2026-01-13 16:57:36.887,1.021
2026-01-13 16:57:36.888,1.025
2026-01-13 16:57:36.902,1.025
2026-01-13 16:57:36.921,1.021
2026-01-13 16:57:36.921,1.02
2026-01-13 16:57:36.938,1.02
2026-01-13 16:57:36.952,1.018
2026-01-13 16:57:36.969,1.02
2026-01-13 16:57:36.969,1.018
2026-01-13 16:57:36.985,1.016
2026-01-13 16:57:37.004,1.015
2026-01-13 16:57:37.005,1.018
2026-01-13 16:57:37.021,1.014
2026-01-13 16:57:37.037,1.012
2026-01-13 16:57:37.053,1.01
2026-01-13 16:57:37.053,1.016
2026-01-13 16:57:37.072,1.022
2026-01-13 16:57:37.086,1.018
2026-01-13 16:57:37.104,1.017
2026-01-13 16:57:37.104,1.017
2026-01-13 16:57:37.120,1.015
2026-01-13 16:57:37.139,1.02
2026-01-13 16:57:37.139,1.021
2026-01-13 16:57:37.152,1.03
2026-01-13 16:57:37.169,1.026
2026-01-13 16:57:37.219,1.023
2026-01-13 16:57:37.219,1.026
2026-01-13 16:57:37.220,1.03
2026-01-13 16:57:37.220,1.037
2026-01-13 16:57:37.221,1.033
2026-01-13 16:57:37.236,1.031
2026-01-13 16:57:37.254,1.031
2026-01-13 16:57:37.271,1.031
2026-01-13 16:57:37.271,1.03
2026-01-13 16:57:37.286,1.027
2026-01-13 16:57:37.302,1.027
2026-01-13 16:57:37.318,1.028
2026-01-13 16:57:37.318,1.029
2026-01-13 16:57:37.338,1.034
2026-01-13 16:57:37.353,1.031
2026-01-13 16:57:37.370,1.031
2026-01-13 16:57:37.370,1.029
2026-01-13 16:57:37.386,1.029
2026-01-13 16:57:37.404,1.026
2026-01-13 16:57:37.404,1.026
2026-01-13 16:57:37.420,1.029
2026-01-13 16:57:37.437,1.027
2026-01-13 16:57:37.437,1.033
2026-01-13 16:57:37.453,1.034
2026-01-13 16:57:37.469,1.031
2026-01-13 16:57:37.486,1.026
2026-01-13 16:57:37.486,1.026
2026-01-13 16:57:37.502,1.023
2026-01-13 16:57:37.528,1.02
2026-01-13 16:57:37.528,1.022
2026-01-13 16:57:37.536,1.025
2026-01-13 16:57:37.552,1.022
2026-01-13 16:57:37.570,1.025
2026-01-13 16:57:37.570,1.026
2026-01-13 16:57:37.585,1.024
2026-01-13 16:57:37.604,1.027
2026-01-13 16:57:37.605,1.03
2026-01-13 16:57:37.620,1.036
2026-01-13 16:57:37.638,1.036
2026-01-13 16:57:37.653,1.039
2026-01-13 16:57:37.653,1.037
2026-01-13 16:57:37.668,1.036
2026-01-13 16:57:37.684,1.036
2026-01-13 16:57:37.705,1.034
2026-01-13 16:57:37.705,1.029
2026-01-13 16:57:37.721,1.024
2026-01-13 16:57:37.737,1.027
2026-01-13 16:57:37.737,1.021
2026-01-13 16:57:37.753,1.023
2026-01-13 16:57:37.771,1.02
2026-01-13 16:57:37.787,1.017
2026-01-13 16:57:37.787,1.016
2026-01-13 16:57:37.803,1.015
2026-01-13 16:57:37.821,1.018
2026-01-13 16:57:37.822,1.024
2026-01-13 16:57:37.837,1.023
2026-01-13 16:57:37.852,1.025
2026-01-13 16:57:37.869,1.023
2026-01-13 16:57:37.869,1.025
2026-01-13 16:57:37.885,1.031
2026-01-13 16:57:37.902,1.029
2026-01-13 16:57:37.921,1.029
2026-01-13 16:57:37.921,1.03
2026-01-13 16:57:37.937,1.029
2026-01-13 16:57:37.952,1.026
2026-01-13 16:57:37.953,1.024
2026-01-13 16:57:37.968,1.024
2026-01-13 16:57:37.987,1.021
2026-01-13 16:57:38.003,1.023
2026-01-13 16:57:38.003,1.023
2026-01-13 16:57:38.018,1.022
2026-01-13 16:57:38.036,1.024
2026-01-13 16:57:38.052,1.027
2026-01-13 16:57:38.052,1.027
2026-01-13 16:57:38.069,1.025
2026-01-13 16:57:38.085,1.027
2026-01-13 16:57:38.085,1.028
2026-01-13 16:57:38.102,1.025
2026-01-13 16:57:38.119,1.024
2026-01-13 16:57:38.136,1.023
2026-01-13 16:57:38.136,1.022
2026-01-13 16:57:38.153,1.023
2026-01-13 16:57:38.169,1.022
2026-01-13 16:57:38.170,1.024
2026-01-13 16:57:38.186,1.022
2026-01-13 16:57:38.202,1.018
2026-01-13 16:57:38.218,1.021
2026-01-13 16:57:38.219,1.026
2026-01-13 16:57:38.235,1.027
2026-01-13 16:57:38.252,1.027
2026-01-13 16:57:38.253,1.025
2026-01-13 16:57:38.269,1.024
2026-01-13 16:57:38.285,1.025
2026-01-13 16:57:38.302,1.024
2026-01-13 16:57:38.302,1.02
2026-01-13 16:57:38.320,1.025
2026-01-13 16:57:38.335,1.031
2026-01-13 16:57:38.352,1.028
2026-01-13 16:57:38.353,1.026
2026-01-13 16:57:38.368,1.027
2026-01-13 16:57:38.385,1.027
2026-01-13 16:57:38.385,1.026
2026-01-13 16:57:38.402,1.021
2026-01-13 16:57:38.419,1.025
2026-01-13 16:57:38.435,1.025
2026-01-13 16:57:38.435,1.024
2026-01-13 16:57:38.451,1.027
2026-01-13 16:57:38.470,1.027
2026-01-13 16:57:38.470,1.027
2026-01-13 16:57:38.486,1.026
2026-01-13 16:57:38.502,1.027
2026-01-13 16:57:38.518,1.025
2026-01-13 16:57:38.519,1.023
2026-01-13 16:57:38.560,1.023
2026-01-13 16:57:38.560,1.028
2026-01-13 16:57:38.562,1.027
2026-01-13 16:57:38.568,1.021
2026-01-13 16:57:38.586,1.017
2026-01-13 16:57:38.605,1.012
2026-01-13 16:57:38.605,1.011
2026-01-13 16:57:38.620,1.012
2026-01-13 16:57:38.638,1.012
2026-01-13 16:57:38.638,1.022
2026-01-13 16:57:38.652,1.02
2026-01-13 16:57:38.669,1.014
2026-01-13 16:57:38.686,1.013
2026-01-13 16:57:38.686,1.011
2026-01-13 16:57:38.703,1.009
2026-01-13 16:57:38.718,1.007
2026-01-13 16:57:38.735,1.007
2026-01-13 16:57:38.735,1.01
2026-01-13 16:57:38.751,1.005
2026-01-13 16:57:38.770,1.007
2026-01-13 16:57:38.770,1.005
2026-01-13 16:57:38.787,1.002
2026-01-13 16:57:38.803,1.0
2026-01-13 16:57:38.818,1.0
2026-01-13 16:57:38.819,0.996
2026-01-13 16:57:38.838,1.001
2026-01-13 16:57:38.853,1.0
2026-01-13 16:57:38.854,0.999
2026-01-13 16:57:38.870,0.997
2026-01-13 16:57:38.887,0.999
2026-01-13 16:57:38.905,1.004
2026-01-13 16:57:38.905,1.002
2026-01-13 16:57:38.918,1.0
2026-01-13 16:57:38.937,0.995
2026-01-13 16:57:38.937,0.99
2026-01-13 16:57:38.952,0.987
2026-01-13 16:57:38.970,0.987
2026-01-13 16:57:38.986,0.991
2026-01-13 16:57:38.986,0.997
2026-01-13 16:57:39.003,1.015
2026-01-13 16:57:39.020,1.014
2026-01-13 16:57:39.021,1.007
2026-01-13 16:57:39.036,1.007
2026-01-13 16:57:39.054,1.01
2026-01-13 16:57:39.069,1.01
2026-01-13 16:57:39.069,1.01
2026-01-13 16:57:39.087,1.008
2026-01-13 16:57:39.103,1.004
2026-01-13 16:57:39.119,1.001
2026-01-13 16:57:39.119,1.001
2026-01-13 16:57:39.136,0.998
2026-01-13 16:57:39.152,0.997
2026-01-13 16:57:39.170,0.999
2026-01-13 16:57:39.170,0.999
2026-01-13 16:57:39.186,0.999
2026-01-13 16:57:39.201,0.997
2026-01-13 16:57:39.202,1.002
2026-01-13 16:57:39.219,0.998
2026-01-13 16:57:39.236,0.995
2026-01-13 16:57:39.252,1.001
2026-01-13 16:57:39.252,0.999
2026-01-13 16:57:39.269,0.996
2026-01-13 16:57:39.287,0.996
2026-01-13 16:57:39.288,0.99
2026-01-13 16:57:39.303,0.992
2026-01-13 16:57:39.318,0.991
2026-01-13 16:57:39.337,0.99
2026-01-13 16:57:39.337,0.991
2026-01-13 16:57:39.352,0.99
2026-01-13 16:57:39.369,0.992
2026-01-13 16:57:39.369,0.994
2026-01-13 16:57:39.386,0.991
2026-01-13 16:57:39.402,0.995
2026-01-13 16:57:39.418,0.988
2026-01-13 16:57:39.419,0.989
2026-01-13 16:57:39.436,0.987
2026-01-13 16:57:39.451,0.991
2026-01-13 16:57:39.470,0.987
2026-01-13 16:57:39.470,0.988
2026-01-13 16:57:39.487,0.991
2026-01-13 16:57:39.503,0.995
2026-01-13 16:57:39.504,0.991
2026-01-13 16:57:39.518,0.994
2026-01-13 16:57:39.544,0.993
2026-01-13 16:57:39.544,0.991
2026-01-13 16:57:39.552,0.996
2026-01-13 16:57:39.569,0.991
2026-01-13 16:57:39.585,0.991
2026-01-13 16:57:39.586,0.99
2026-01-13 16:57:39.603,0.988
2026-01-13 16:57:39.620,0.987
2026-01-13 16:57:39.620,0.989
2026-01-13 16:57:39.637,0.993
2026-01-13 16:57:39.652,0.994
2026-01-13 16:57:39.669,0.997
2026-01-13 16:57:39.670,0.995
2026-01-13 16:57:39.688,0.99
2026-01-13 16:57:39.701,0.992
2026-01-13 16:57:39.718,0.999
2026-01-13 16:57:39.719,0.993
2026-01-13 16:57:39.736,0.991
2026-01-13 16:57:39.753,0.99
2026-01-13 16:57:39.753,0.994
2026-01-13 16:57:39.767,0.994
2026-01-13 16:57:39.783,0.995
2026-01-13 16:57:39.804,0.995
2026-01-13 16:57:39.804,0.997
2026-01-13 16:57:39.820,0.995
2026-01-13 16:57:39.836,1.001
2026-01-13 16:57:39.837,1.003
2026-01-13 16:57:39.853,1.002
2026-01-13 16:57:39.870,0.998
2026-01-13 16:57:39.886,0.998
2026-01-13 16:57:39.886,1.001
2026-01-13 16:57:39.903,1.004
2026-01-13 16:57:39.931,1.006
2026-01-13 16:57:39.932,1.006
2026-01-13 16:57:39.942,1.002
2026-01-13 16:57:39.952,1.005
2026-01-13 16:57:39.969,1.006
2026-01-13 16:57:39.970,1.002
2026-01-13 16:57:39.986,0.995
2026-01-13 16:57:40.002,1.003
2026-01-13 16:57:40.020,1.004
2026-01-13 16:57:40.020,1.01
2026-01-13 16:57:40.037,1.009
2026-01-13 16:57:40.052,1.008
2026-01-13 16:57:40.052,1.007
2026-01-13 16:57:40.070,1.003
2026-01-13 16:57:40.087,1.002
2026-01-13 16:57:40.103,1.003
2026-01-13 16:57:40.104,1.006
2026-01-13 16:57:40.119,1.006
2026-01-13 16:57:40.137,1.005
2026-01-13 16:57:40.137,1.004
2026-01-13 16:57:40.153,1.003
2026-01-13 16:57:40.169,1.006
2026-01-13 16:57:40.186,1.004
2026-01-13 16:57:40.186,1.007
2026-01-13 16:57:40.201,1.01
2026-01-13 16:57:40.220,1.009
2026-01-13 16:57:40.237,1.012
2026-01-13 16:57:40.238,1.005
2026-01-13 16:57:40.253,1.009
2026-01-13 16:57:40.269,1.02
2026-01-13 16:57:40.286,1.012
2026-01-13 16:57:40.287,1.014
2026-01-13 16:57:40.302,1.012
2026-01-13 16:57:40.318,1.01
2026-01-13 16:57:40.318,1.011
2026-01-13 16:57:40.334,1.01
2026-01-13 16:57:40.352,1.008
2026-01-13 16:57:40.369,1.011
2026-01-13 16:57:40.369,1.007
2026-01-13 16:57:40.384,1.01
2026-01-13 16:57:40.402,1.01
2026-01-13 16:57:40.402,1.008
2026-01-13 16:57:40.418,1.008
2026-01-13 16:57:40.435,1.008
2026-01-13 16:57:40.451,1.012
2026-01-13 16:57:40.451,1.007
2026-01-13 16:57:40.468,1.007
2026-01-13 16:57:40.485,1.004
2026-01-13 16:57:40.485,1.006
2026-01-13 16:57:40.502,1.007
2026-01-13 16:57:40.519,1.003
2026-01-13 16:57:40.542,1.001
2026-01-13 16:57:40.542,1.004
2026-01-13 16:57:40.552,1.005
2026-01-13 16:57:40.568,1.009
2026-01-13 16:57:40.584,1.008
2026-01-13 16:57:40.585,1.006
2026-01-13 16:57:40.600,1.004
2026-01-13 16:57:40.619,1.004
2026-01-13 16:57:40.619,1.01
2026-01-13 16:57:40.635,1.013
2026-01-13 16:57:40.652,1.008
2026-01-13 16:57:40.652,1.01
2026-01-13 16:57:40.669,1.012
2026-01-13 16:57:40.685,1.015
2026-01-13 16:57:40.701,1.019
2026-01-13 16:57:40.702,1.014
2026-01-13 16:57:40.719,1.009
2026-01-13 16:57:40.735,1.008
2026-01-13 16:57:40.751,1.011
2026-01-13 16:57:40.752,1.006
2026-01-13 16:57:40.768,1.007
2026-01-13 16:57:40.785,1.01
2026-01-13 16:57:40.786,1.01
2026-01-13 16:57:40.800,1.015
2026-01-13 16:57:40.819,1.012
2026-01-13 16:57:40.835,1.011
2026-01-13 16:57:40.836,1.01
2026-01-13 16:57:40.851,1.01
2026-01-13 16:57:40.867,1.011
2026-01-13 16:57:40.869,1.011
2026-01-13 16:57:40.884,1.007
2026-01-13 16:57:40.901,1.006
2026-01-13 16:57:40.918,1.002
2026-01-13 16:57:40.918,1.003
2026-01-13 16:57:40.935,0.999
2026-01-13 16:57:40.953,1.002
2026-01-13 16:57:40.953,1.001
2026-01-13 16:57:40.967,0.999
2026-01-13 16:57:40.985,1.001
2026-01-13 16:57:41.001,1.004
2026-01-13 16:57:41.001,1.006
2026-01-13 16:57:41.018,1.011
2026-01-13 16:57:41.037,1.013
2026-01-13 16:57:41.037,1.012
2026-01-13 16:57:41.052,1.009
2026-01-13 16:57:41.069,1.01
2026-01-13 16:57:41.086,1.011
2026-01-13 16:57:41.087,1.011
2026-01-13 16:57:41.102,1.009
2026-01-13 16:57:41.119,1.013
2026-01-13 16:57:41.137,1.013
2026-01-13 16:57:41.137,1.01
2026-01-13 16:57:41.152,1.005
2026-01-13 16:57:41.167,1.008
2026-01-13 16:57:41.186,1.006
2026-01-13 16:57:41.187,1.006
2026-01-13 16:57:41.203,1.01
2026-01-13 16:57:41.220,1.009
2026-01-13 16:57:41.221,1.006
2026-01-13 16:57:41.236,1.008
2026-01-13 16:57:41.252,1.008
2026-01-13 16:57:41.269,1.011
2026-01-13 16:57:41.269,1.005
2026-01-13 16:57:41.303,1.001
2026-01-13 16:57:41.316,1.0
2026-01-13 16:57:41.317,1.001
2026-01-13 16:57:41.317,1.003
2026-01-13 16:57:41.325,1.005
2026-01-13 16:57:41.337,1.008
2026-01-13 16:57:41.352,1.006
2026-01-13 16:57:41.368,1.005
2026-01-13 16:57:41.384,1.002
2026-01-13 16:57:41.384,1.004
2026-01-13 16:57:41.400,1.012
2026-01-13 16:57:41.417,1.009
2026-01-13 16:57:41.435,1.007
2026-01-13 16:57:41.435,1.005
2026-01-13 16:57:41.453,1.008
2026-01-13 16:57:41.469,1.008
2026-01-13 16:57:41.469,1.005
2026-01-13 16:57:41.485,1.002
2026-01-13 16:57:41.501,1.0
2026-01-13 16:57:41.519,1.004
2026-01-13 16:57:41.520,1.006
2026-01-13 16:57:41.536,1.004
2026-01-13 16:57:41.552,1.006
2026-01-13 16:57:41.570,1.005
2026-01-13 16:57:41.570,1.006
2026-01-13 16:57:41.587,1.013
2026-01-13 16:57:41.602,1.011
2026-01-13 16:57:41.602,1.01
2026-01-13 16:57:41.620,1.008
2026-01-13 16:57:41.637,1.01
2026-01-13 16:57:41.637,1.011
2026-01-13 16:57:41.652,1.004
2026-01-13 16:57:41.669,1.003
2026-01-13 16:57:41.686,0.999
2026-01-13 16:57:41.687,1.001
2026-01-13 16:57:41.702,1.013
2026-01-13 16:57:41.720,1.009
2026-01-13 16:57:41.736,1.012
2026-01-13 16:57:41.736,1.01
2026-01-13 16:57:41.751,1.01
2026-01-13 16:57:41.768,1.012
2026-01-13 16:57:41.769,1.012
2026-01-13 16:57:41.786,1.01
2026-01-13 16:57:41.802,1.007
2026-01-13 16:57:41.819,1.004
2026-01-13 16:57:41.819,1.011
2026-01-13 16:57:41.836,1.009
2026-01-13 16:57:41.853,1.009
2026-01-13 16:57:41.870,1.01
2026-01-13 16:57:41.870,1.008
2026-01-13 16:57:41.886,1.015
2026-01-13 16:57:41.901,1.017
2026-01-13 16:57:41.901,1.011
2026-01-13 16:57:41.920,1.012
2026-01-13 16:57:41.934,1.008
2026-01-13 16:57:41.952,1.014
2026-01-13 16:57:41.952,1.016
2026-01-13 16:57:41.969,1.016
2026-01-13 16:57:41.986,1.019
2026-01-13 16:57:41.987,1.02
2026-01-13 16:57:42.001,1.021
2026-01-13 16:57:42.019,1.016
2026-01-13 16:57:42.035,1.017
2026-01-13 16:57:42.036,1.018
2026-01-13 16:57:42.051,1.014
2026-01-13 16:57:42.069,1.021
2026-01-13 16:57:42.069,1.021
2026-01-13 16:57:42.086,1.021
2026-01-13 16:57:42.103,1.025
2026-01-13 16:57:42.118,1.026
2026-01-13 16:57:42.119,1.033
2026-01-13 16:57:42.137,1.034
2026-01-13 16:57:42.152,1.029
2026-01-13 16:57:42.170,1.025
2026-01-13 16:57:42.171,1.024
2026-01-13 16:57:42.186,1.032
2026-01-13 16:57:42.203,1.032
2026-01-13 16:57:42.203,1.03
2026-01-13 16:57:42.219,1.027
2026-01-13 16:57:42.236,1.025
2026-01-13 16:57:42.251,1.035
2026-01-13 16:57:42.251,1.034
2026-01-13 16:57:42.269,1.029
2026-01-13 16:57:42.286,1.024
2026-01-13 16:57:42.287,1.024
2026-01-13 16:57:42.302,1.03
2026-01-13 16:57:42.318,1.03
2026-01-13 16:57:42.335,1.028
2026-01-13 16:57:42.336,1.031
2026-01-13 16:57:42.351,1.03
2026-01-13 16:57:42.368,1.035
2026-01-13 16:57:42.368,1.034
2026-01-13 16:57:42.385,1.036
2026-01-13 16:57:42.402,1.037
2026-01-13 16:57:42.418,1.038
2026-01-13 16:57:42.418,1.045
2026-01-13 16:57:42.435,1.042
2026-01-13 16:57:42.452,1.036
2026-01-13 16:57:42.470,1.037
2026-01-13 16:57:42.470,1.036
2026-01-13 16:57:42.487,1.034
2026-01-13 16:57:42.502,1.033
2026-01-13 16:57:42.502,1.035
2026-01-13 16:57:42.519,1.034
2026-01-13 16:57:42.542,1.037
2026-01-13 16:57:42.542,1.044
2026-01-13 16:57:42.552,1.038
2026-01-13 16:57:42.568,1.041
2026-01-13 16:57:42.584,1.036
2026-01-13 16:57:42.586,1.037
2026-01-13 16:57:42.602,1.051
2026-01-13 16:57:42.617,1.048
2026-01-13 16:57:42.660,1.048
2026-01-13 16:57:42.660,1.049
2026-01-13 16:57:42.661,1.048
2026-01-13 16:57:42.661,1.056
2026-01-13 16:57:42.684,1.049
2026-01-13 16:57:42.685,1.046
2026-01-13 16:57:42.702,1.047
2026-01-13 16:57:42.718,1.046
2026-01-13 16:57:42.718,1.054
2026-01-13 16:57:42.735,1.052
2026-01-13 16:57:42.751,1.049
2026-01-13 16:57:42.768,1.047
2026-01-13 16:57:42.769,1.047
2026-01-13 16:57:42.786,1.047
2026-01-13 16:57:42.802,1.049
2026-01-13 16:57:42.802,1.044
2026-01-13 16:57:42.820,1.045
2026-01-13 16:57:42.834,1.045
2026-01-13 16:57:42.852,1.053
2026-01-13 16:57:42.852,1.05
2026-01-13 16:57:42.869,1.046
2026-01-13 16:57:42.886,1.044
2026-01-13 16:57:42.887,1.041
2026-01-13 16:57:42.902,1.046
2026-01-13 16:57:42.920,1.045
2026-01-13 16:57:42.921,1.045
2026-01-13 16:57:42.935,1.041
2026-01-13 16:57:42.952,1.041
2026-01-13 16:57:42.970,1.051
2026-01-13 16:57:42.970,1.051
2026-01-13 16:57:42.986,1.055
2026-01-13 16:57:43.002,1.051
2026-01-13 16:57:43.019,1.049
2026-01-13 16:57:43.019,1.059
2026-01-13 16:57:43.036,1.056
2026-01-13 16:57:43.052,1.053
2026-01-13 16:57:43.069,1.048
2026-01-13 16:57:43.070,1.049
2026-01-13 16:57:43.088,1.047
2026-01-13 16:57:43.089,1.04
2026-01-13 16:57:43.102,1.035
2026-01-13 16:57:43.119,1.035
2026-01-13 16:57:43.136,1.035
2026-01-13 16:57:43.151,1.044
2026-01-13 16:57:43.152,1.041
2026-01-13 16:57:43.169,1.037
2026-01-13 16:57:43.187,1.035
2026-01-13 16:57:43.187,1.035
2026-01-13 16:57:43.202,1.046
2026-01-13 16:57:43.220,1.042
2026-01-13 16:57:43.221,1.04
2026-01-13 16:57:43.236,1.039
2026-01-13 16:57:43.252,1.035
2026-01-13 16:57:43.268,1.045
2026-01-13 16:57:43.269,1.043
2026-01-13 16:57:43.286,1.038
2026-01-13 16:57:43.302,1.038
2026-01-13 16:57:43.320,1.037
2026-01-13 16:57:43.320,1.047
2026-01-13 16:57:43.336,1.043
2026-01-13 16:57:43.352,1.042
2026-01-13 16:57:43.367,1.041
2026-01-13 16:57:43.367,1.039
2026-01-13 16:57:43.384,1.05
2026-01-13 16:57:43.403,1.051
2026-01-13 16:57:43.404,1.052
2026-01-13 16:57:43.419,1.048
2026-01-13 16:57:43.436,1.046
2026-01-13 16:57:43.436,1.059
2026-01-13 16:57:43.452,1.058
2026-01-13 16:57:43.469,1.051
2026-01-13 16:57:43.486,1.048
2026-01-13 16:57:43.486,1.05
2026-01-13 16:57:43.502,1.046
2026-01-13 16:57:43.519,1.045
2026-01-13 16:57:43.543,1.043
2026-01-13 16:57:43.544,1.049
2026-01-13 16:57:43.551,1.048
2026-01-13 16:57:43.568,1.055
2026-01-13 16:57:43.585,1.048
2026-01-13 16:57:43.585,1.045
2026-01-13 16:57:43.601,1.038
2026-01-13 16:57:43.617,1.039
2026-01-13 16:57:43.617,1.035
2026-01-13 16:57:43.635,1.034
2026-01-13 16:57:43.652,1.035
2026-01-13 16:57:43.668,1.04
2026-01-13 16:57:43.669,1.038
2026-01-13 16:57:43.686,1.046
2026-01-13 16:57:43.701,1.047
2026-01-13 16:57:43.701,1.046
2026-01-13 16:57:43.719,1.048
2026-01-13 16:57:43.736,1.05
2026-01-13 16:57:43.752,1.066
2026-01-13 16:57:43.752,1.062
2026-01-13 16:57:43.769,1.057
2026-01-13 16:57:43.786,1.053
2026-01-13 16:57:43.786,1.052
2026-01-13 16:57:43.802,1.06
2026-01-13 16:57:43.819,1.054
2026-01-13 16:57:43.836,1.054
2026-01-13 16:57:43.836,1.05
2026-01-13 16:57:43.851,1.046
2026-01-13 16:57:43.870,1.046
2026-01-13 16:57:43.871,1.046
2026-01-13 16:57:43.886,1.045
2026-01-13 16:57:43.903,1.043
2026-01-13 16:57:43.920,1.04
2026-01-13 16:57:43.920,1.053
2026-01-13 16:57:43.935,1.05
2026-01-13 16:57:43.952,1.048
2026-01-13 16:57:43.953,1.045
2026-01-13 16:57:43.969,1.041
2026-01-13 16:57:44.031,1.044
2026-01-13 16:57:44.033,1.036
2026-01-13 16:57:44.033,1.035
2026-01-13 16:57:44.034,1.033
2026-01-13 16:57:44.034,1.029
2026-01-13 16:57:44.040,1.043
2026-01-13 16:57:44.053,1.045
2026-01-13 16:57:44.069,1.038
2026-01-13 16:57:44.086,1.038
2026-01-13 16:57:44.086,1.036
2026-01-13 16:57:44.103,1.045
2026-01-13 16:57:44.118,1.047
2026-01-13 16:57:44.136,1.047
2026-01-13 16:57:44.136,1.044
2026-01-13 16:57:44.150,1.048
2026-01-13 16:57:44.169,1.051
2026-01-13 16:57:44.169,1.05
2026-01-13 16:57:44.186,1.055
2026-01-13 16:57:44.202,1.05
2026-01-13 16:57:44.219,1.045
2026-01-13 16:57:44.220,1.053
2026-01-13 16:57:44.235,1.051
2026-01-13 16:57:44.251,1.046
2026-01-13 16:57:44.268,1.046
2026-01-13 16:57:44.268,1.043
2026-01-13 16:57:44.286,1.046
2026-01-13 16:57:44.301,1.047
2026-01-13 16:57:44.302,1.049
2026-01-13 16:57:44.319,1.051
2026-01-13 16:57:44.334,1.046
2026-01-13 16:57:44.351,1.052
2026-01-13 16:57:44.351,1.053
2026-01-13 16:57:44.369,1.054
2026-01-13 16:57:44.384,1.051
2026-01-13 16:57:44.401,1.052
2026-01-13 16:57:44.401,1.046
2026-01-13 16:57:44.418,1.043
2026-01-13 16:57:44.434,1.04
2026-01-13 16:57:44.436,1.039
2026-01-13 16:57:44.452,1.036
2026-01-13 16:57:44.468,1.05
2026-01-13 16:57:44.485,1.048
2026-01-13 16:57:44.485,1.048
2026-01-13 16:57:44.502,1.051
2026-01-13 16:57:44.519,1.051
2026-01-13 16:57:44.520,1.062
2026-01-13 16:57:44.541,1.061
2026-01-13 16:57:44.541,1.059
2026-01-13 16:57:44.569,1.053
2026-01-13 16:57:44.569,1.05
2026-01-13 16:57:44.585,1.043
2026-01-13 16:57:44.603,1.042
2026-01-13 16:57:44.603,1.04
2026-01-13 16:57:44.619,1.037
2026-01-13 16:57:44.636,1.033
2026-01-13 16:57:44.653,1.039
2026-01-13 16:57:44.653,1.038
2026-01-13 16:57:44.669,1.042
2026-01-13 16:57:44.686,1.041
2026-01-13 16:57:44.686,1.042
2026-01-13 16:57:44.702,1.05
2026-01-13 16:57:44.719,1.046
2026-01-13 16:57:44.736,1.048
2026-01-13 16:57:44.736,1.043
2026-01-13 16:57:44.753,1.042
2026-01-13 16:57:44.769,1.048
2026-01-13 16:57:44.770,1.042
2026-01-13 16:57:44.785,1.036
2026-01-13 16:57:44.800,1.035
2026-01-13 16:57:44.817,1.036
2026-01-13 16:57:44.818,1.04
2026-01-13 16:57:44.836,1.041
2026-01-13 16:57:44.851,1.037
2026-01-13 16:57:44.868,1.037
2026-01-13 16:57:44.868,1.036
2026-01-13 16:57:44.884,1.035
2026-01-13 16:57:44.901,1.03
2026-01-13 16:57:44.902,1.029
2026-01-13 16:57:44.918,1.026
2026-01-13 16:57:44.934,1.028
2026-01-13 16:57:44.952,1.025
2026-01-13 16:57:44.952,1.021
2026-01-13 16:57:44.968,1.021
2026-01-13 16:57:44.984,1.016
2026-01-13 16:57:44.985,1.016
2026-01-13 16:57:45.002,1.017
2026-01-13 16:57:45.018,1.014
2026-01-13 16:57:45.035,1.015
2026-01-13 16:57:45.035,1.014
2026-01-13 16:57:45.052,1.014
2026-01-13 16:57:45.068,1.015
2026-01-13 16:57:45.085,1.025
2026-01-13 16:57:45.085,1.028
2026-01-13 16:57:45.102,1.028
2026-01-13 16:57:45.118,1.026
2026-01-13 16:57:45.119,1.024
2026-01-13 16:57:45.136,1.019
2026-01-13 16:57:45.152,1.017
2026-01-13 16:57:45.153,1.019
2026-01-13 16:57:45.169,1.014
2026-01-13 16:57:45.187,1.013
2026-01-13 16:57:45.202,1.013
2026-01-13 16:57:45.202,1.017
2026-01-13 16:57:45.218,1.014
2026-01-13 16:57:45.236,1.014
2026-01-13 16:57:45.236,1.017
2026-01-13 16:57:45.252,1.019
2026-01-13 16:57:45.266,1.018
2026-01-13 16:57:45.286,1.018
2026-01-13 16:57:45.286,1.015
2026-01-13 16:57:45.301,1.01
2026-01-13 16:57:45.320,1.008
2026-01-13 16:57:45.335,1.005
2026-01-13 16:57:45.336,1.0
2026-01-13 16:57:45.352,0.999
2026-01-13 16:57:45.380,1.005
2026-01-13 16:57:45.380,1.0
2026-01-13 16:57:45.389,1.005
2026-01-13 16:57:45.401,1.001
2026-01-13 16:57:45.418,1.0
2026-01-13 16:57:45.419,1.001
2026-01-13 16:57:45.435,0.998
2026-01-13 16:57:45.452,0.997
2026-01-13 16:57:45.469,0.992
2026-01-13 16:57:45.470,0.997
2026-01-13 16:57:45.486,1.006
2026-01-13 16:57:45.502,1.005
2026-01-13 16:57:45.502,1.001
2026-01-13 16:57:45.518,0.998
2026-01-13 16:57:45.541,0.992
2026-01-13 16:57:45.541,0.999
2026-01-13 16:57:45.551,1.0
2026-01-13 16:57:45.567,1.008
2026-01-13 16:57:45.585,1.008
2026-01-13 16:57:45.585,1.009
2026-01-13 16:57:45.601,1.019
2026-01-13 16:57:45.619,1.022
2026-01-13 16:57:45.620,1.02
2026-01-13 16:57:45.635,1.013
2026-01-13 16:57:45.652,1.011
2026-01-13 16:57:45.667,1.014
2026-01-13 16:57:45.685,1.012
2026-01-13 16:57:45.686,1.015
2026-01-13 16:57:45.701,1.016
2026-01-13 16:57:45.719,1.016
2026-01-13 16:57:45.719,1.018
2026-01-13 16:57:45.735,1.02
2026-01-13 16:57:45.753,1.021
2026-01-13 16:57:45.754,1.022
2026-01-13 16:57:45.769,1.018
2026-01-13 16:57:45.785,1.024
2026-01-13 16:57:45.803,1.029
2026-01-13 16:57:45.803,1.033
2026-01-13 16:57:45.819,1.029
2026-01-13 16:57:45.835,1.027
2026-01-13 16:57:45.851,1.036
2026-01-13 16:57:45.851,1.034
2026-01-13 16:57:45.868,1.033
2026-01-13 16:57:45.885,1.033
2026-01-13 16:57:45.885,1.033
2026-01-13 16:57:45.901,1.034
2026-01-13 16:57:45.919,1.036
2026-01-13 16:57:45.936,1.035
2026-01-13 16:57:45.936,1.032
2026-01-13 16:57:45.952,1.029
2026-01-13 16:57:45.967,1.039
2026-01-13 16:57:45.986,1.037
2026-01-13 16:57:45.986,1.032
2026-01-13 16:57:46.001,1.027
2026-01-13 16:57:46.018,1.029
2026-01-13 16:57:46.018,1.037
2026-01-13 16:57:46.034,1.036
2026-01-13 16:57:46.050,1.036
2026-01-13 16:57:46.070,1.036
2026-01-13 16:57:46.070,1.032
2026-01-13 16:57:46.085,1.038
2026-01-13 16:57:46.102,1.038
2026-01-13 16:57:46.103,1.042
2026-01-13 16:57:46.117,1.04
2026-01-13 16:57:46.136,1.041
2026-01-13 16:57:46.151,1.041
2026-01-13 16:57:46.151,1.035
2026-01-13 16:57:46.167,1.035
2026-01-13 16:57:46.185,1.039
2026-01-13 16:57:46.185,1.046
2026-01-13 16:57:46.200,1.05
2026-01-13 16:57:46.217,1.048
2026-01-13 16:57:46.236,1.041
2026-01-13 16:57:46.236,1.04
2026-01-13 16:57:46.250,1.037
2026-01-13 16:57:46.269,1.033
2026-01-13 16:57:46.269,1.03
2026-01-13 16:57:46.285,1.03
2026-01-13 16:57:46.301,1.022
2026-01-13 16:57:46.317,1.02
2026-01-13 16:57:46.334,1.015
2026-01-13 16:57:46.335,1.015
2026-01-13 16:57:46.351,1.014
2026-01-13 16:57:46.369,1.014
2026-01-13 16:57:46.369,1.012
2026-01-13 16:57:46.385,1.011
2026-01-13 16:57:46.401,1.012
2026-01-13 16:57:46.401,1.008
2026-01-13 16:57:46.419,1.008
2026-01-13 16:57:46.436,1.009
2026-01-13 16:57:46.451,1.014
2026-01-13 16:57:46.452,1.016
2026-01-13 16:57:46.468,1.018
2026-01-13 16:57:46.485,1.014
2026-01-13 16:57:46.486,1.017
2026-01-13 16:57:46.501,1.018
2026-01-13 16:57:46.518,1.021
2026-01-13 16:57:46.541,1.017
2026-01-13 16:57:46.542,1.02
2026-01-13 16:57:46.551,1.023
2026-01-13 16:57:46.568,1.024
2026-01-13 16:57:46.568,1.027
2026-01-13 16:57:46.585,1.024
2026-01-13 16:57:46.602,1.023
2026-01-13 16:57:46.618,1.016
2026-01-13 16:57:46.619,1.016
2026-01-13 16:57:46.636,1.01
2026-01-13 16:57:46.652,1.01
2026-01-13 16:57:46.669,1.007
2026-01-13 16:57:46.669,1.007
2026-01-13 16:57:46.684,1.0
2026-01-13 16:57:46.702,1.0
2026-01-13 16:57:46.703,1.002
2026-01-13 16:57:46.742,1.003
2026-01-13 16:57:46.743,0.997
2026-01-13 16:57:46.743,0.997
2026-01-13 16:57:46.752,0.996
2026-01-13 16:57:46.767,0.992
2026-01-13 16:57:46.784,0.995
2026-01-13 16:57:46.801,0.993
2026-01-13 16:57:46.801,0.997
2026-01-13 16:57:46.817,1.0
2026-01-13 16:57:46.834,1.0
2026-01-13 16:57:46.834,1.004
2026-01-13 16:57:46.850,1.005
2026-01-13 16:57:46.867,1.012
2026-01-13 16:57:46.883,1.011
2026-01-13 16:57:46.883,1.012
2026-01-13 16:57:46.900,1.014
2026-01-13 16:57:46.918,1.019
2026-01-13 16:57:46.918,1.023
2026-01-13 16:57:46.934,1.028
2026-01-13 16:57:46.951,1.026
2026-01-13 16:57:46.969,1.025
2026-01-13 16:57:46.969,1.027
2026-01-13 16:57:46.985,1.037
2026-01-13 16:57:47.001,1.032
2026-01-13 16:57:47.001,1.033
2026-01-13 16:57:47.019,1.034
2026-01-13 16:57:47.036,1.04
2026-01-13 16:57:47.051,1.04
2026-01-13 16:57:47.051,1.038
2026-01-13 16:57:47.067,1.04
2026-01-13 16:57:47.083,1.043
2026-01-13 16:57:47.100,1.045
2026-01-13 16:57:47.100,1.05
2026-01-13 16:57:47.117,1.046
2026-01-13 16:57:47.133,1.047
2026-01-13 16:57:47.150,1.049
2026-01-13 16:57:47.151,1.05
2026-01-13 16:57:47.168,1.05
2026-01-13 16:57:47.183,1.046
2026-01-13 16:57:47.183,1.049
2026-01-13 16:57:47.199,1.045
2026-01-13 16:57:47.216,1.048
2026-01-13 16:57:47.217,1.05
2026-01-13 16:57:47.233,1.05
2026-01-13 16:57:47.250,1.048
2026-01-13 16:57:47.266,1.044
2026-01-13 16:57:47.267,1.044
2026-01-13 16:57:47.285,1.044
2026-01-13 16:57:47.301,1.045
2026-01-13 16:57:47.301,1.041
2026-01-13 16:57:47.318,1.037
2026-01-13 16:57:47.334,1.037
2026-01-13 16:57:47.352,1.035
2026-01-13 16:57:47.352,1.035
2026-01-13 16:57:47.368,1.04
2026-01-13 16:57:47.386,1.04
2026-01-13 16:57:47.386,1.038
2026-01-13 16:57:47.401,1.038
2026-01-13 16:57:47.419,1.028
2026-01-13 16:57:47.435,1.025
2026-01-13 16:57:47.435,1.023
2026-01-13 16:57:47.450,1.022
2026-01-13 16:57:47.468,1.017
2026-01-13 16:57:47.468,1.011
2026-01-13 16:57:47.486,1.01
2026-01-13 16:57:47.500,1.009
2026-01-13 16:57:47.517,1.012
2026-01-13 16:57:47.541,1.012
2026-01-13 16:57:47.541,1.009
2026-01-13 16:57:47.541,1.009
2026-01-13 16:57:47.567,1.008
2026-01-13 16:57:47.569,1.006
2026-01-13 16:57:47.585,1.011
2026-01-13 16:57:47.601,1.01
2026-01-13 16:57:47.601,1.008
2026-01-13 16:57:47.620,1.01
2026-01-13 16:57:47.635,1.008
2026-01-13 16:57:47.652,1.01
2026-01-13 16:57:47.653,1.005
2026-01-13 16:57:47.669,1.007
2026-01-13 16:57:47.686,1.002
2026-01-13 16:57:47.686,0.999
2026-01-13 16:57:47.700,0.996
2026-01-13 16:57:47.717,0.994
2026-01-13 16:57:47.734,0.993
2026-01-13 16:57:47.734,0.985
2026-01-13 16:57:47.752,0.985
2026-01-13 16:57:47.769,0.987
2026-01-13 16:57:47.785,0.992
2026-01-13 16:57:47.785,0.995
2026-01-13 16:57:47.802,0.997
2026-01-13 16:57:47.818,0.996
2026-01-13 16:57:47.818,0.998
2026-01-13 16:57:47.836,1.001
2026-01-13 16:57:47.851,0.998
2026-01-13 16:57:47.869,1.001
2026-01-13 16:57:47.869,0.998
2026-01-13 16:57:47.886,0.996
2026-01-13 16:57:47.901,0.998
2026-01-13 16:57:47.902,1.002
2026-01-13 16:57:47.922,1.003
2026-01-13 16:57:47.933,0.999
2026-01-13 16:57:47.952,1.003
2026-01-13 16:57:47.952,0.997
2026-01-13 16:57:47.969,0.997
2026-01-13 16:57:47.984,0.991
2026-01-13 16:57:47.985,0.991
2026-01-13 16:57:48.000,0.984
2026-01-13 16:57:48.017,0.983
2026-01-13 16:57:48.033,0.987
2026-01-13 16:57:48.034,0.987
2026-01-13 16:57:48.053,0.986
2026-01-13 16:57:48.069,0.984
2026-01-13 16:57:48.069,0.98
2026-01-13 16:57:48.107,0.977
2026-01-13 16:57:48.108,0.977
2026-01-13 16:57:48.108,0.975
2026-01-13 16:57:48.134,0.971
2026-01-13 16:57:48.134,0.974
2026-01-13 16:57:48.151,0.973
2026-01-13 16:57:48.169,0.974
2026-01-13 16:57:48.169,0.969
2026-01-13 16:57:48.185,0.968
2026-01-13 16:57:48.201,0.971
2026-01-13 16:57:48.202,0.97
2026-01-13 16:57:48.216,0.967
2026-01-13 16:57:48.237,0.967
2026-01-13 16:57:48.237,0.962
2026-01-13 16:57:48.251,0.97
2026-01-13 16:57:48.270,0.969
2026-01-13 16:57:48.284,0.971
2026-01-13 16:57:48.284,0.969
2026-01-13 16:57:48.299,0.971
2026-01-13 16:57:48.317,0.975
2026-01-13 16:57:48.334,0.979
2026-01-13 16:57:48.334,0.98
2026-01-13 16:57:48.350,0.981
2026-01-13 16:57:48.367,0.987
2026-01-13 16:57:48.383,0.986
2026-01-13 16:57:48.383,0.988
2026-01-13 16:57:48.402,0.988
2026-01-13 16:57:48.418,0.995
2026-01-13 16:57:48.418,1.001
2026-01-13 16:57:48.435,0.997
2026-01-13 16:57:48.451,1.0
2026-01-13 16:57:48.468,1.002
2026-01-13 16:57:48.469,1.002
2026-01-13 16:57:48.484,1.004
2026-01-13 16:57:48.500,1.006
2026-01-13 16:57:48.500,1.006
2026-01-13 16:57:48.516,1.003
2026-01-13 16:57:48.540,1.004
2026-01-13 16:57:48.540,0.994
2026-01-13 16:57:48.550,0.998
2026-01-13 16:57:48.567,0.997
2026-01-13 16:57:48.585,1.004
2026-01-13 16:57:48.600,1.011
2026-01-13 16:57:48.601,1.014
2026-01-13 16:57:48.618,1.017
2026-01-13 16:57:48.635,1.02
2026-01-13 16:57:48.636,1.02
2026-01-13 16:57:48.651,1.018
2026-01-13 16:57:48.668,1.017
2026-01-13 16:57:48.684,1.018
2026-01-13 16:57:48.684,1.014
2026-01-13 16:57:48.701,1.01
2026-01-13 16:57:48.717,1.007
2026-01-13 16:57:48.717,1.009
2026-01-13 16:57:48.734,1.013
2026-01-13 16:57:48.751,1.017
2026-01-13 16:57:48.767,1.019
2026-01-13 16:57:48.768,1.018
2026-01-13 16:57:48.784,1.016
2026-01-13 16:57:48.800,1.013
2026-01-13 16:57:48.818,1.007
2026-01-13 16:57:48.818,1.007
2026-01-13 16:57:48.833,1.007
2026-01-13 16:57:48.851,1.007
2026-01-13 16:57:48.851,1.006
2026-01-13 16:57:48.867,1.005
2026-01-13 16:57:48.883,1.007
2026-01-13 16:57:48.899,1.014
2026-01-13 16:57:48.900,1.012
2026-01-13 16:57:48.917,1.013
2026-01-13 16:57:48.935,1.015
2026-01-13 16:57:48.935,1.017
2026-01-13 16:57:48.951,1.022
2026-01-13 16:57:48.968,1.013
2026-01-13 16:57:48.985,1.018
2026-01-13 16:57:48.986,1.019
2026-01-13 16:57:49.001,1.021
2026-01-13 16:57:49.018,1.017
2026-01-13 16:57:49.018,1.009
2026-01-13 16:57:49.034,1.012
2026-01-13 16:57:49.051,1.013
2026-01-13 16:57:49.069,1.02
2026-01-13 16:57:49.069,1.023
2026-01-13 16:57:49.084,1.018
2026-01-13 16:57:49.102,1.02
2026-01-13 16:57:49.102,1.024
2026-01-13 16:57:49.118,1.027
2026-01-13 16:57:49.135,1.028
2026-01-13 16:57:49.150,1.023
2026-01-13 16:57:49.151,1.021
2026-01-13 16:57:49.168,1.024
2026-01-13 16:57:49.183,1.028
2026-01-13 16:57:49.201,1.028
2026-01-13 16:57:49.202,1.03
2026-01-13 16:57:49.219,1.035
2026-01-13 16:57:49.235,1.036
2026-01-13 16:57:49.236,1.036
2026-01-13 16:57:49.251,1.045
2026-01-13 16:57:49.268,1.043
2026-01-13 16:57:49.269,1.04
2026-01-13 16:57:49.284,1.039
2026-01-13 16:57:49.301,1.037
2026-01-13 16:57:49.316,1.038
2026-01-13 16:57:49.335,1.037
2026-01-13 16:57:49.335,1.043
2026-01-13 16:57:49.350,1.046
2026-01-13 16:57:49.367,1.048
2026-01-13 16:57:49.367,1.049
2026-01-13 16:57:49.383,1.046
2026-01-13 16:57:49.400,1.049
2026-01-13 16:57:49.418,1.054
2026-01-13 16:57:49.418,1.058
2026-01-13 16:57:49.434,1.057
2026-01-13 16:57:49.450,1.061
2026-01-13 16:57:49.451,1.054
2026-01-13 16:57:49.477,1.055
2026-01-13 16:57:49.477,1.051
2026-01-13 16:57:49.500,1.054
2026-01-13 16:57:49.500,1.048
2026-01-13 16:57:49.516,1.042
2026-01-13 16:57:49.537,1.038
2026-01-13 16:57:49.537,1.037
2026-01-13 16:57:49.550,1.036
2026-01-13 16:57:49.568,1.032
2026-01-13 16:57:49.584,1.032
2026-01-13 16:57:49.585,1.037
2026-01-13 16:57:49.601,1.038
2026-01-13 16:57:49.618,1.032
2026-01-13 16:57:49.619,1.034
2026-01-13 16:57:49.635,1.043
2026-01-13 16:57:49.651,1.046
2026-01-13 16:57:49.669,1.043
2026-01-13 16:57:49.670,1.043
2026-01-13 16:57:49.687,1.035
2026-01-13 16:57:49.700,1.036
2026-01-13 16:57:49.717,1.037
2026-01-13 16:57:49.717,1.041
2026-01-13 16:57:49.733,1.047
2026-01-13 16:57:49.751,1.042
2026-01-13 16:57:49.751,1.044
2026-01-13 16:57:49.768,1.046
2026-01-13 16:57:49.785,1.047
2026-01-13 16:57:49.785,1.046
2026-01-13 16:57:49.800,1.037
2026-01-13 16:57:49.817,1.041
2026-01-13 16:57:49.835,1.042
2026-01-13 16:57:49.835,1.045
2026-01-13 16:57:49.850,1.044
2026-01-13 16:57:49.868,1.04
2026-01-13 16:57:49.884,1.044
2026-01-13 16:57:49.884,1.04
2026-01-13 16:57:49.901,1.039
2026-01-13 16:57:49.918,1.038
2026-01-13 16:57:49.918,1.035
2026-01-13 16:57:49.935,1.036
2026-01-13 16:57:49.951,1.035
2026-01-13 16:57:49.968,1.032
2026-01-13 16:57:49.968,1.025
2026-01-13 16:57:49.984,1.024
2026-01-13 16:57:50.000,1.021
2026-01-13 16:57:50.001,1.023
2026-01-13 16:57:50.017,1.024
2026-01-13 16:57:50.033,1.025
2026-01-13 16:57:50.052,1.028
2026-01-13 16:57:50.053,1.03
2026-01-13 16:57:50.067,1.027
2026-01-13 16:57:50.085,1.029
2026-01-13 16:57:50.100,1.025
2026-01-13 16:57:50.100,1.022
2026-01-13 16:57:50.119,1.021
2026-01-13 16:57:50.134,1.025
2026-01-13 16:57:50.135,1.028
2026-01-13 16:57:50.152,1.031
2026-01-13 16:57:50.168,1.03
2026-01-13 16:57:50.185,1.032
2026-01-13 16:57:50.185,1.03
2026-01-13 16:57:50.200,1.035
2026-01-13 16:57:50.216,1.033
2026-01-13 16:57:50.234,1.032
2026-01-13 16:57:50.236,1.035
2026-01-13 16:57:50.250,1.035
2026-01-13 16:57:50.266,1.037
2026-01-13 16:57:50.266,1.043
2026-01-13 16:57:50.284,1.045
2026-01-13 16:57:50.301,1.042
2026-01-13 16:57:50.303,1.041
2026-01-13 16:57:50.318,1.039
2026-01-13 16:57:50.334,1.036
2026-01-13 16:57:50.350,1.038
2026-01-13 16:57:50.350,1.034
2026-01-13 16:57:50.368,1.029
2026-01-13 16:57:50.383,1.033
2026-01-13 16:57:50.401,1.031
2026-01-13 16:57:50.401,1.022
2026-01-13 16:57:50.418,1.023
2026-01-13 16:57:50.435,1.022
2026-01-13 16:57:50.435,1.023
2026-01-13 16:57:50.450,1.022
2026-01-13 16:57:50.467,1.021
2026-01-13 16:57:50.484,1.024
2026-01-13 16:57:50.484,1.022
2026-01-13 16:57:50.502,1.026
2026-01-13 16:57:50.517,1.022
2026-01-13 16:57:50.517,1.015
2026-01-13 16:57:50.541,1.019
2026-01-13 16:57:50.542,1.025
2026-01-13 16:57:50.567,1.022
2026-01-13 16:57:50.568,1.02
2026-01-13 16:57:50.584,1.011
2026-01-13 16:57:50.601,1.009
2026-01-13 16:57:50.601,1.009
2026-01-13 16:57:50.616,1.007
2026-01-13 16:57:50.634,1.006
2026-01-13 16:57:50.651,1.006
2026-01-13 16:57:50.652,1.013
2026-01-13 16:57:50.667,1.009
2026-01-13 16:57:50.683,1.016
2026-01-13 16:57:50.699,1.016
2026-01-13 16:57:50.699,1.016
2026-01-13 16:57:50.716,1.017
2026-01-13 16:57:50.732,1.018
2026-01-13 16:57:50.733,1.014
2026-01-13 16:57:50.749,1.011
2026-01-13 16:57:50.767,1.012
2026-01-13 16:57:50.784,1.015
2026-01-13 16:57:50.785,1.012
2026-01-13 16:57:50.801,1.016
2026-01-13 16:57:50.831,1.01
2026-01-13 16:57:50.831,1.006
2026-01-13 16:57:50.832,1.002
2026-01-13 16:57:50.849,1.003
2026-01-13 16:57:50.867,1.003
2026-01-13 16:57:50.867,1.004
2026-01-13 16:57:50.883,1.006
2026-01-13 16:57:50.899,1.006
2026-01-13 16:57:50.916,1.001
2026-01-13 16:57:50.917,1.004
2026-01-13 16:57:50.933,1.003
2026-01-13 16:57:50.949,1.003
2026-01-13 16:57:50.949,1.003
2026-01-13 16:57:50.967,1.0
2026-01-13 16:57:50.982,1.0
2026-01-13 16:57:51.001,0.998
2026-01-13 16:57:51.002,0.991
2026-01-13 16:57:51.018,0.989
2026-01-13 16:57:51.034,0.996
2026-01-13 16:57:51.035,0.997
2026-01-13 16:57:51.051,0.999
2026-01-13 16:57:51.069,1.001
2026-01-13 16:57:51.069,1.006
2026-01-13 16:57:51.085,1.01
2026-01-13 16:57:51.100,1.015
2026-01-13 16:57:51.116,1.015
2026-01-13 16:57:51.116,1.002
2026-01-13 16:57:51.134,1.006
2026-01-13 16:57:51.150,1.006
2026-01-13 16:57:51.166,1.014
2026-01-13 16:57:51.166,1.012
2026-01-13 16:57:51.182,1.004
2026-01-13 16:57:51.199,1.004
2026-01-13 16:57:51.217,1.003
2026-01-13 16:57:51.218,0.997
2026-01-13 16:57:51.234,0.994
2026-01-13 16:57:51.251,0.996
2026-01-13 16:57:51.251,0.998
2026-01-13 16:57:51.267,1.001
2026-01-13 16:57:51.285,0.999
2026-01-13 16:57:51.285,1.0
2026-01-13 16:57:51.300,1.0
2026-01-13 16:57:51.317,1.002
2026-01-13 16:57:51.335,1.001
2026-01-13 16:57:51.335,1.003
2026-01-13 16:57:51.352,1.002
2026-01-13 16:57:51.366,1.0
2026-01-13 16:57:51.384,1.003
2026-01-13 16:57:51.384,1.007
2026-01-13 16:57:51.399,1.01
2026-01-13 16:57:51.417,1.005
2026-01-13 16:57:51.433,1.006
2026-01-13 16:57:51.433,1.008
2026-01-13 16:57:51.451,1.006
2026-01-13 16:57:51.469,1.006
2026-01-13 16:57:51.469,1.006
2026-01-13 16:57:51.484,0.995
2026-01-13 16:57:51.502,0.995
2026-01-13 16:57:51.502,1.001
2026-01-13 16:57:51.517,1.003
2026-01-13 16:57:51.532,1.007
2026-01-13 16:57:51.558,1.003
2026-01-13 16:57:51.558,1.0
2026-01-13 16:57:51.567,1.003
2026-01-13 16:57:51.584,0.999
2026-01-13 16:57:51.600,0.999
2026-01-13 16:57:51.600,1.0
2026-01-13 16:57:51.618,1.005
2026-01-13 16:57:51.634,1.015
2026-01-13 16:57:51.634,1.018
2026-01-13 16:57:51.649,1.016
2026-01-13 16:57:51.667,1.022
2026-01-13 16:57:51.684,1.019
2026-01-13 16:57:51.684,1.017
2026-01-13 16:57:51.700,1.016
2026-01-13 16:57:51.716,1.016
2026-01-13 16:57:51.717,1.014
2026-01-13 16:57:51.733,1.014
2026-01-13 16:57:51.750,1.018
2026-01-13 16:57:51.766,1.015
2026-01-13 16:57:51.766,1.014
2026-01-13 16:57:51.782,1.01
2026-01-13 16:57:51.800,1.006
2026-01-13 16:57:51.816,1.005
2026-01-13 16:57:51.817,1.007
2026-01-13 16:57:51.832,1.0
2026-01-13 16:57:51.849,0.995
2026-01-13 16:57:51.849,0.998
2026-01-13 16:57:51.866,0.993
2026-01-13 16:57:51.882,0.993
2026-01-13 16:57:51.900,0.993
2026-01-13 16:57:51.900,0.997
2026-01-13 16:57:51.916,0.998
2026-01-13 16:57:51.932,1.001
2026-01-13 16:57:51.949,0.998
2026-01-13 16:57:51.950,0.996
2026-01-13 16:57:51.967,0.993
2026-01-13 16:57:51.983,0.993
2026-01-13 16:57:51.983,0.991
2026-01-13 16:57:52.000,0.988
2026-01-13 16:57:52.016,0.989
2026-01-13 16:57:52.033,0.997
2026-01-13 16:57:52.033,1.001
2026-01-13 16:57:52.050,1.0
2026-01-13 16:57:52.066,0.999
2026-01-13 16:57:52.067,1.002
2026-01-13 16:57:52.082,1.006
2026-01-13 16:57:52.100,1.004
2026-01-13 16:57:52.100,1.003
2026-01-13 16:57:52.116,0.995
2026-01-13 16:57:52.133,0.992
2026-01-13 16:57:52.150,0.99
2026-01-13 16:57:52.150,0.988
2026-01-13 16:57:52.190,0.989
2026-01-13 16:57:52.190,0.984
2026-01-13 16:57:52.190,0.984
2026-01-13 16:57:52.216,0.983
2026-01-13 16:57:52.216,0.982
2026-01-13 16:57:52.233,0.982
2026-01-13 16:57:52.233,0.981
2026-01-13 16:57:52.252,0.985
2026-01-13 16:57:52.266,0.988
2026-01-13 16:57:52.282,0.987
2026-01-13 16:57:52.282,0.984
2026-01-13 16:57:52.298,0.984
2026-01-13 16:57:52.315,0.985
2026-01-13 16:57:52.332,0.987
2026-01-13 16:57:52.332,0.989
2026-01-13 16:57:52.351,0.995
2026-01-13 16:57:52.367,0.997
2026-01-13 16:57:52.367,0.995
2026-01-13 16:57:52.383,0.998
2026-01-13 16:57:52.401,0.996
2026-01-13 16:57:52.402,0.999
2026-01-13 16:57:52.416,0.994
2026-01-13 16:57:52.433,0.995
2026-01-13 16:57:52.449,1.001
2026-01-13 16:57:52.450,0.997
2026-01-13 16:57:52.468,0.992
2026-01-13 16:57:52.485,0.997
2026-01-13 16:57:52.486,0.996
2026-01-13 16:57:52.500,0.991
2026-01-13 16:57:52.517,0.987
2026-01-13 16:57:52.534,0.986
2026-01-13 16:57:52.534,0.984
2026-01-13 16:57:52.556,0.986
2026-01-13 16:57:52.557,0.983
2026-01-13 16:57:52.585,0.981
2026-01-13 16:57:52.586,0.98
2026-01-13 16:57:52.601,0.985
2026-01-13 16:57:52.616,0.987
2026-01-13 16:57:52.634,0.99
2026-01-13 16:57:52.635,0.986
2026-01-13 16:57:52.650,0.983
2026-01-13 16:57:52.667,0.978
2026-01-13 16:57:52.667,0.976
2026-01-13 16:57:52.686,0.976
2026-01-13 16:57:52.700,0.975
2026-01-13 16:57:52.716,0.979
2026-01-13 16:57:52.716,0.98
2026-01-13 16:57:52.733,0.978
2026-01-13 16:57:52.751,0.979
2026-01-13 16:57:52.751,0.976
2026-01-13 16:57:52.767,0.977
2026-01-13 16:57:52.784,0.982
2026-01-13 16:57:52.784,0.983
2026-01-13 16:57:52.799,0.984
2026-01-13 16:57:52.815,0.985
2026-01-13 16:57:52.833,0.978
2026-01-13 16:57:52.833,0.982
2026-01-13 16:57:52.849,0.984
2026-01-13 16:57:52.865,0.987
2026-01-13 16:57:52.883,0.985
2026-01-13 16:57:52.883,0.984
2026-01-13 16:57:52.900,0.985
2026-01-13 16:57:52.916,0.988
2026-01-13 16:57:52.917,0.986
2026-01-13 16:57:52.934,0.991
2026-01-13 16:57:52.950,0.995
2026-01-13 16:57:52.968,0.995
2026-01-13 16:57:52.968,0.997
2026-01-13 16:57:52.985,0.994
2026-01-13 16:57:53.000,0.996
2026-01-13 16:57:53.018,0.992
2026-01-13 16:57:53.018,0.991
2026-01-13 16:57:53.035,0.993
2026-01-13 16:57:53.050,0.992
2026-01-13 16:57:53.051,0.992
2026-01-13 16:57:53.067,0.993
2026-01-13 16:57:53.085,0.989
2026-01-13 16:57:53.085,0.989
2026-01-13 16:57:53.100,0.981
2026-01-13 16:57:53.118,0.985
2026-01-13 16:57:53.134,0.995
2026-01-13 16:57:53.134,0.996
2026-01-13 16:57:53.149,0.998
2026-01-13 16:57:53.168,1.003
2026-01-13 16:57:53.185,1.003
2026-01-13 16:57:53.185,0.999
2026-01-13 16:57:53.201,0.996
2026-01-13 16:57:53.217,0.997
2026-01-13 16:57:53.217,0.996
2026-01-13 16:57:53.235,0.995
2026-01-13 16:57:53.250,0.991
2026-01-13 16:57:53.269,0.995
2026-01-13 16:57:53.269,0.993
2026-01-13 16:57:53.284,0.988
2026-01-13 16:57:53.300,0.995
2026-01-13 16:57:53.317,0.998
2026-01-13 16:57:53.318,0.994
2026-01-13 16:57:53.334,0.995
2026-01-13 16:57:53.351,0.992
2026-01-13 16:57:53.352,0.991
2026-01-13 16:57:53.368,0.995
2026-01-13 16:57:53.385,0.993
2026-01-13 16:57:53.386,0.99
2026-01-13 16:57:53.400,0.996
2026-01-13 16:57:53.418,0.999
2026-01-13 16:57:53.434,1.001
2026-01-13 16:57:53.435,0.999
2026-01-13 16:57:53.449,0.999
2026-01-13 16:57:53.465,1.002
2026-01-13 16:57:53.485,1.005
2026-01-13 16:57:53.485,1.004
2026-01-13 16:57:53.500,1.008
2026-01-13 16:57:53.517,1.006
2026-01-13 16:57:53.518,1.004
2026-01-13 16:57:53.534,1.006
2026-01-13 16:57:53.560,1.002
2026-01-13 16:57:53.560,1.002
2026-01-13 16:57:53.573,0.998
2026-01-13 16:57:53.583,1.0
2026-01-13 16:57:53.601,0.997
2026-01-13 16:57:53.601,1.004
2026-01-13 16:57:53.618,1.001
2026-01-13 16:57:53.634,1.005
2026-01-13 16:57:53.651,1.003
2026-01-13 16:57:53.651,1.003
2026-01-13 16:57:53.668,1.006
2026-01-13 16:57:53.685,1.006
2026-01-13 16:57:53.685,1.01
2026-01-13 16:57:53.701,1.004
2026-01-13 16:57:53.717,1.001
2026-01-13 16:57:53.733,1.004
2026-01-13 16:57:53.733,1.005
2026-01-13 16:57:53.751,1.005
2026-01-13 16:57:53.768,1.003
2026-01-13 16:57:53.769,1.006
2026-01-13 16:57:53.784,1.012
2026-01-13 16:57:53.800,1.007
2026-01-13 16:57:53.816,1.005
2026-01-13 16:57:53.817,1.01
2026-01-13 16:57:53.832,1.012
2026-01-13 16:57:53.849,1.012
2026-01-13 16:57:53.864,1.02
2026-01-13 16:57:53.866,1.016
2026-01-13 16:57:53.882,1.019
2026-01-13 16:57:53.899,1.019
2026-01-13 16:57:53.917,1.017
2026-01-13 16:57:53.917,1.018
2026-01-13 16:57:53.932,1.016
2026-01-13 16:57:53.949,1.018
2026-01-13 16:57:53.949,1.018
2026-01-13 16:57:53.966,1.01
2026-01-13 16:57:53.983,1.007
2026-01-13 16:57:53.999,1.004
2026-01-13 16:57:54.000,1.004
2026-01-13 16:57:54.017,1.006
2026-01-13 16:57:54.032,1.002
2026-01-13 16:57:54.049,1.004
2026-01-13 16:57:54.050,1.004
2026-01-13 16:57:54.067,1.011
2026-01-13 16:57:54.084,1.008
2026-01-13 16:57:54.084,1.005
2026-01-13 16:57:54.099,1.0
2026-01-13 16:57:54.118,1.004
2026-01-13 16:57:54.118,1.006
2026-01-13 16:57:54.134,1.009
2026-01-13 16:57:54.151,1.011
2026-01-13 16:57:54.152,1.012
2026-01-13 16:57:54.167,1.02
2026-01-13 16:57:54.183,1.013
2026-01-13 16:57:54.201,1.011
2026-01-13 16:57:54.202,1.009
2026-01-13 16:57:54.218,1.009
2026-01-13 16:57:54.233,1.006
2026-01-13 16:57:54.251,1.005
2026-01-13 16:57:54.252,1.005
2026-01-13 16:57:54.267,1.007
2026-01-13 16:57:54.285,1.011
2026-01-13 16:57:54.302,1.012
2026-01-13 16:57:54.302,1.012
2026-01-13 16:57:54.316,1.012
2026-01-13 16:57:54.334,1.016
2026-01-13 16:57:54.334,1.015
2026-01-13 16:57:54.350,1.013
2026-01-13 16:57:54.368,1.01
2026-01-13 16:57:54.369,1.008
2026-01-13 16:57:54.384,1.005
2026-01-13 16:57:54.400,1.005
2026-01-13 16:57:54.420,1.004
2026-01-13 16:57:54.422,1.001
2026-01-13 16:57:54.435,1.001
2026-01-13 16:57:54.450,1.01
2026-01-13 16:57:54.469,1.012
2026-01-13 16:57:54.469,1.009
2026-01-13 16:57:54.483,1.004
2026-01-13 16:57:54.499,1.003
2026-01-13 16:57:54.518,1.0
2026-01-13 16:57:54.518,0.998
2026-01-13 16:57:54.537,1.001
2026-01-13 16:57:54.537,1.001
2026-01-13 16:57:54.550,1.006
2026-01-13 16:57:54.565,1.004
2026-01-13 16:57:54.581,1.002
2026-01-13 16:57:54.602,0.998
2026-01-13 16:57:54.602,1.003
2026-01-13 16:57:54.618,1.003
2026-01-13 16:57:54.633,1.002
2026-01-13 16:57:54.633,1.002
2026-01-13 16:57:54.650,1.005
2026-01-13 16:57:54.669,0.999
2026-01-13 16:57:54.669,1.002
2026-01-13 16:57:54.683,1.002
2026-01-13 16:57:54.698,1.003
2026-01-13 16:57:54.718,1.006
2026-01-13 16:57:54.719,1.003
2026-01-13 16:57:54.734,1.001
2026-01-13 16:57:54.750,1.003
2026-01-13 16:57:54.766,1.003
2026-01-13 16:57:54.767,1.003
2026-01-13 16:57:54.784,1.003
2026-01-13 16:57:54.801,1.005
2026-01-13 16:57:54.801,1.002
2026-01-13 16:57:54.818,1.005
2026-01-13 16:57:54.833,1.003
2026-01-13 16:57:54.850,1.0
2026-01-13 16:57:54.851,0.999
2026-01-13 16:57:54.867,1.0
2026-01-13 16:57:54.882,0.998
2026-01-13 16:57:54.925,0.999
2026-01-13 16:57:54.925,0.993
2026-01-13 16:57:54.926,0.998
2026-01-13 16:57:54.926,0.998
2026-01-13 16:57:54.934,0.998
2026-01-13 16:57:54.950,0.995
2026-01-13 16:57:54.966,0.996
2026-01-13 16:57:54.982,0.997
2026-01-13 16:57:54.983,0.99
2026-01-13 16:57:55.001,0.997
2026-01-13 16:57:55.018,0.999
2026-01-13 16:57:55.018,1.001
2026-01-13 16:57:55.034,0.999
2026-01-13 16:57:55.050,0.996
2026-01-13 16:57:55.067,1.0
2026-01-13 16:57:55.067,1.005
2026-01-13 16:57:55.083,1.004
2026-01-13 16:57:55.099,1.005
2026-01-13 16:57:55.117,1.002
2026-01-13 16:57:55.117,1.01
2026-01-13 16:57:55.133,1.009
2026-01-13 16:57:55.149,1.005
2026-01-13 16:57:55.149,1.005
2026-01-13 16:57:55.167,1.005
2026-01-13 16:57:55.183,1.004
2026-01-13 16:57:55.201,1.007
2026-01-13 16:57:55.201,1.004
2026-01-13 16:57:55.218,1.003
2026-01-13 16:57:55.233,1.0
2026-01-13 16:57:55.234,0.997
2026-01-13 16:57:55.250,0.999
2026-01-13 16:57:55.270,1.004
2026-01-13 16:57:55.271,1.008
2026-01-13 16:57:55.283,1.012
2026-01-13 16:57:55.299,1.012
2026-01-13 16:57:55.317,1.01
2026-01-13 16:57:55.318,1.011
2026-01-13 16:57:55.334,1.011
2026-01-13 16:57:55.350,1.013
2026-01-13 16:57:55.367,1.013
2026-01-13 16:57:55.368,1.013
2026-01-13 16:57:55.383,1.007
2026-01-13 16:57:55.403,1.01
2026-01-13 16:57:55.404,1.008
2026-01-13 16:57:55.417,1.007
2026-01-13 16:57:55.434,1.006
2026-01-13 16:57:55.450,1.012
2026-01-13 16:57:55.451,1.012
2026-01-13 16:57:55.469,1.013
2026-01-13 16:57:55.484,1.002
2026-01-13 16:57:55.485,1.002
2026-01-13 16:57:55.502,1.002
2026-01-13 16:57:55.517,0.998
2026-01-13 16:57:55.538,0.996
2026-01-13 16:57:55.538,0.995
2026-01-13 16:57:55.548,0.99
2026-01-13 16:57:55.566,0.987
2026-01-13 16:57:55.582,0.993
2026-01-13 16:57:55.582,0.993
2026-01-13 16:57:55.598,0.992
2026-01-13 16:57:55.614,0.984
2026-01-13 16:57:55.633,0.99
2026-01-13 16:57:55.633,0.99
2026-01-13 16:57:55.649,0.99
2026-01-13 16:57:55.665,0.987
2026-01-13 16:57:55.665,0.985
2026-01-13 16:57:55.682,0.984
2026-01-13 16:57:55.698,0.98
2026-01-13 16:57:55.715,0.98
2026-01-13 16:57:55.715,0.982
2026-01-13 16:57:55.732,0.985
2026-01-13 16:57:55.748,0.985
2026-01-13 16:57:55.765,0.986
2026-01-13 16:57:55.765,0.982
2026-01-13 16:57:55.784,0.985
2026-01-13 16:57:55.800,0.986
2026-01-13 16:57:55.801,0.987
2026-01-13 16:57:55.816,0.986
2026-01-13 16:57:55.836,0.985
2026-01-13 16:57:55.836,0.98
2026-01-13 16:57:55.850,0.976
2026-01-13 16:57:55.867,0.986
2026-01-13 16:57:55.883,0.982
2026-01-13 16:57:55.884,0.987
2026-01-13 16:57:55.901,0.992
2026-01-13 16:57:55.916,0.986
2026-01-13 16:57:55.916,0.985
2026-01-13 16:57:55.933,0.987
2026-01-13 16:57:55.949,0.983
2026-01-13 16:57:55.967,0.985
2026-01-13 16:57:55.967,0.981
2026-01-13 16:57:55.984,0.979
2026-01-13 16:57:56.000,0.979
2026-01-13 16:57:56.016,0.981
2026-01-13 16:57:56.016,0.981
2026-01-13 16:57:56.035,0.983
2026-01-13 16:57:56.083,0.985
2026-01-13 16:57:56.084,0.981
2026-01-13 16:57:56.084,0.984
2026-01-13 16:57:56.084,0.987
2026-01-13 16:57:56.091,0.988
2026-01-13 16:57:56.100,0.988
2026-01-13 16:57:56.115,0.99
2026-01-13 16:57:56.132,0.988
2026-01-13 16:57:56.149,0.991
2026-01-13 16:57:56.149,0.989
2026-01-13 16:57:56.165,0.984
2026-01-13 16:57:56.181,0.982
2026-01-13 16:57:56.181,0.985
2026-01-13 16:57:56.198,0.982
2026-01-13 16:57:56.215,0.981
2026-01-13 16:57:56.232,0.98
2026-01-13 16:57:56.232,0.985
2026-01-13 16:57:56.248,0.988
2026-01-13 16:57:56.264,0.988
2026-01-13 16:57:56.265,0.99
2026-01-13 16:57:56.322,0.988
2026-01-13 16:57:56.322,0.986
2026-01-13 16:57:56.322,0.991
2026-01-13 16:57:56.322,0.992
2026-01-13 16:57:56.329,0.986
2026-01-13 16:57:56.349,0.988
2026-01-13 16:57:56.350,0.989
2026-01-13 16:57:56.367,0.99
2026-01-13 16:57:56.382,0.985
2026-01-13 16:57:56.397,0.983
2026-01-13 16:57:56.397,0.983
2026-01-13 16:57:56.414,0.984
2026-01-13 16:57:56.431,0.983
2026-01-13 16:57:56.432,0.979
2026-01-13 16:57:56.449,0.983
2026-01-13 16:57:56.464,0.987
2026-01-13 16:57:56.481,0.986
2026-01-13 16:57:56.483,0.993
2026-01-13 16:57:56.498,0.993
2026-01-13 16:57:56.515,0.995
2026-01-13 16:57:56.532,1.003
2026-01-13 16:57:56.532,0.999
2026-01-13 16:57:56.558,1.004
2026-01-13 16:57:56.558,1.006
2026-01-13 16:57:56.566,1.004
2026-01-13 16:57:56.582,1.002
2026-01-13 16:57:56.600,1.004
2026-01-13 16:57:56.616,0.998
2026-01-13 16:57:56.616,1.0
2026-01-13 16:57:56.632,0.997
2026-01-13 16:57:56.649,0.991
2026-01-13 16:57:56.650,0.998
2026-01-13 16:57:56.665,0.999
2026-01-13 16:57:56.682,1.0
2026-01-13 16:57:56.699,0.998
2026-01-13 16:57:56.699,1.001
2026-01-13 16:57:56.715,1.0
2026-01-13 16:57:56.731,1.006
2026-01-13 16:57:56.748,1.009
2026-01-13 16:57:56.748,1.008
2026-01-13 16:57:56.765,1.008
2026-01-13 16:57:56.782,1.004
2026-01-13 16:57:56.782,1.004
2026-01-13 16:57:56.798,1.011
2026-01-13 16:57:56.815,1.015
2026-01-13 16:57:56.832,1.011
2026-01-13 16:57:56.832,1.01
2026-01-13 16:57:56.849,1.01
2026-01-13 16:57:56.866,1.014
2026-01-13 16:57:56.866,1.015
2026-01-13 16:57:56.883,1.014
2026-01-13 16:57:56.899,1.011
2026-01-13 16:57:56.915,1.007
2026-01-13 16:57:56.915,1.008
2026-01-13 16:57:56.933,1.008
2026-01-13 16:57:56.949,1.005
2026-01-13 16:57:56.950,1.004
2026-01-13 16:57:56.964,1.001
2026-01-13 16:57:56.982,1.002
2026-01-13 16:57:56.998,0.999
2026-01-13 16:57:56.998,0.997
2026-01-13 16:57:57.015,0.996
2026-01-13 16:57:57.032,0.996
2026-01-13 16:57:57.032,0.992
2026-01-13 16:57:57.050,0.995
2026-01-13 16:57:57.066,0.994
2026-01-13 16:57:57.082,0.997
2026-01-13 16:57:57.082,1.006
2026-01-13 16:57:57.098,1.004
2026-01-13 16:57:57.114,1.004
2026-01-13 16:57:57.132,1.003
2026-01-13 16:57:57.132,1.003
2026-01-13 16:57:57.149,1.005
2026-01-13 16:57:57.166,1.007
2026-01-13 16:57:57.166,1.01
2026-01-13 16:57:57.183,1.01
2026-01-13 16:57:57.198,1.007
2026-01-13 16:57:57.217,1.004
2026-01-13 16:57:57.217,1.002
2026-01-13 16:57:57.231,1.005
2026-01-13 16:57:57.247,1.001
2026-01-13 16:57:57.266,1.003
2026-01-13 16:57:57.266,1.007
2026-01-13 16:57:57.283,1.007
2026-01-13 16:57:57.299,1.005
2026-01-13 16:57:57.299,1.01
2026-01-13 16:57:57.315,1.008
2026-01-13 16:57:57.332,1.006
2026-01-13 16:57:57.349,1.002
2026-01-13 16:57:57.349,1.006
2026-01-13 16:57:57.365,1.003
2026-01-13 16:57:57.381,1.007
2026-01-13 16:57:57.382,1.008
2026-01-13 16:57:57.398,1.009
2026-01-13 16:57:57.416,1.006
2026-01-13 16:57:57.417,1.006
2026-01-13 16:57:57.433,1.005
2026-01-13 16:57:57.449,1.006
2026-01-13 16:57:57.467,1.002
2026-01-13 16:57:57.467,1.005
2026-01-13 16:57:57.484,1.004
2026-01-13 16:57:57.499,1.001
2026-01-13 16:57:57.517,1.003
2026-01-13 16:57:57.517,1.003
2026-01-13 16:57:57.542,1.002
2026-01-13 16:57:57.542,1.001
2026-01-13 16:57:57.550,1.002
2026-01-13 16:57:57.565,1.004
2026-01-13 16:57:57.583,1.01
2026-01-13 16:57:57.600,1.009
2026-01-13 16:57:57.600,1.011
2026-01-13 16:57:57.615,1.012
2026-01-13 16:57:57.633,1.008
2026-01-13 16:57:57.633,1.007
2026-01-13 16:57:57.648,1.007
2026-01-13 16:57:57.678,1.001
2026-01-13 16:57:57.679,0.999
2026-01-13 16:57:57.689,1.001
2026-01-13 16:57:57.700,0.998
2026-01-13 16:57:57.717,1.001
2026-01-13 16:57:57.717,1.006
2026-01-13 16:57:57.732,1.006
2026-01-13 16:57:57.752,1.004
2026-01-13 16:57:57.753,1.008
2026-01-13 16:57:57.765,1.01
2026-01-13 16:57:57.784,1.008
2026-01-13 16:57:57.800,1.007
2026-01-13 16:57:57.816,1.01
2026-01-13 16:57:57.817,1.01
2026-01-13 16:57:57.833,1.011
2026-01-13 16:57:57.850,1.011
2026-01-13 16:57:57.850,1.011
2026-01-13 16:57:57.865,1.006
2026-01-13 16:57:57.882,1.003
2026-01-13 16:57:57.900,1.008
2026-01-13 16:57:57.901,1.009
2026-01-13 16:57:57.917,1.007
2026-01-13 16:57:57.934,1.004
2026-01-13 16:57:57.934,1.006
2026-01-13 16:57:57.949,1.003
2026-01-13 16:57:57.966,1.004
2026-01-13 16:57:57.984,1.003
2026-01-13 16:57:57.985,1.006
2026-01-13 16:57:58.001,1.005
2026-01-13 16:57:58.017,1.009
2026-01-13 16:57:58.017,1.003
2026-01-13 16:57:58.034,1.002
2026-01-13 16:57:58.050,1.002
2026-01-13 16:57:58.067,1.005
2026-01-13 16:57:58.067,1.005
2026-01-13 16:57:58.083,1.005
2026-01-13 16:57:58.101,1.003
2026-01-13 16:57:58.117,1.002
2026-01-13 16:57:58.117,1.0
2026-01-13 16:57:58.134,1.003
2026-01-13 16:57:58.150,1.004
2026-01-13 16:57:58.150,1.0
2026-01-13 16:57:58.166,1.002
2026-01-13 16:57:58.182,1.005
2026-01-13 16:57:58.200,1.001
2026-01-13 16:57:58.201,1.006
2026-01-13 16:57:58.215,1.004
2026-01-13 16:57:58.232,1.0
2026-01-13 16:57:58.248,0.997
2026-01-13 16:57:58.249,0.999
2026-01-13 16:57:58.265,0.996
2026-01-13 16:57:58.282,0.995
2026-01-13 16:57:58.282,0.995
2026-01-13 16:57:58.298,0.998
2026-01-13 16:57:58.315,0.998
2026-01-13 16:57:58.332,1.004
2026-01-13 16:57:58.332,1.001
2026-01-13 16:57:58.348,1.002
2026-01-13 16:57:58.365,1.0
2026-01-13 16:57:58.365,0.996
2026-01-13 16:57:58.382,0.995
2026-01-13 16:57:58.398,0.996
2026-01-13 16:57:58.415,0.997
2026-01-13 16:57:58.415,0.998
2026-01-13 16:57:58.431,1.001
2026-01-13 16:57:58.448,1.004
2026-01-13 16:57:58.465,1.004
2026-01-13 16:57:58.465,1.005
2026-01-13 16:57:58.482,1.004
2026-01-13 16:57:58.500,1.002
2026-01-13 16:57:58.501,1.002
2026-01-13 16:57:58.515,0.999
2026-01-13 16:57:58.537,0.996
2026-01-13 16:57:58.537,0.997
2026-01-13 16:57:58.548,0.998
2026-01-13 16:57:58.564,0.998
2026-01-13 16:57:58.581,1.0
2026-01-13 16:57:58.582,1.002
2026-01-13 16:57:58.597,1.002
2026-01-13 16:57:58.615,0.999
2026-01-13 16:57:58.632,0.999
2026-01-13 16:57:58.634,0.999
2026-01-13 16:57:58.649,1.0
2026-01-13 16:57:58.664,1.0
2026-01-13 16:57:58.665,0.995
2026-01-13 16:57:58.681,0.997
2026-01-13 16:57:58.697,1.002
2026-01-13 16:57:58.715,0.999
2026-01-13 16:57:58.715,0.995
2026-01-13 16:57:58.731,0.994
2026-01-13 16:57:58.748,0.992
2026-01-13 16:57:58.765,0.993
2026-01-13 16:57:58.765,0.994
2026-01-13 16:57:58.782,0.996
2026-01-13 16:57:58.798,0.993
2026-01-13 16:57:58.798,0.995
2026-01-13 16:57:58.815,0.994
2026-01-13 16:57:58.831,0.994
2026-01-13 16:57:58.848,0.995
2026-01-13 16:57:58.850,0.999
2026-01-13 16:57:58.865,1.002
2026-01-13 16:57:58.881,1.001
2026-01-13 16:57:58.882,1.001
2026-01-13 16:57:58.899,0.997
2026-01-13 16:57:58.916,0.994
2026-01-13 16:57:58.916,0.997
2026-01-13 16:57:58.933,0.993
2026-01-13 16:57:58.948,0.991
2026-01-13 16:57:58.966,0.99
2026-01-13 16:57:58.966,0.99
2026-01-13 16:57:58.982,0.991
2026-01-13 16:57:58.999,0.99
2026-01-13 16:57:59.042,0.99
2026-01-13 16:57:59.042,0.991
2026-01-13 16:57:59.042,0.987
2026-01-13 16:57:59.042,0.99
2026-01-13 16:57:59.064,0.99
2026-01-13 16:57:59.064,0.993
2026-01-13 16:57:59.081,0.991
2026-01-13 16:57:59.099,0.989
2026-01-13 16:57:59.099,0.992
2026-01-13 16:57:59.115,0.992
2026-01-13 16:57:59.132,0.99
2026-01-13 16:57:59.148,0.99
2026-01-13 16:57:59.148,0.992
2026-01-13 16:57:59.165,0.993
2026-01-13 16:57:59.181,0.995
2026-01-13 16:57:59.182,0.997
2026-01-13 16:57:59.198,0.997
2026-01-13 16:57:59.224,1.0
2026-01-13 16:57:59.225,0.993
2026-01-13 16:57:59.231,0.995
2026-01-13 16:57:59.250,0.992
2026-01-13 16:57:59.265,0.997
2026-01-13 16:57:59.266,1.001
2026-01-13 16:57:59.281,1.0
2026-01-13 16:57:59.298,1.002
2026-01-13 16:57:59.315,1.0
2026-01-13 16:57:59.315,0.997
2026-01-13 16:57:59.331,1.0
2026-01-13 16:57:59.349,1.001
2026-01-13 16:57:59.349,1.001
2026-01-13 16:57:59.364,1.0
2026-01-13 16:57:59.382,1.002
2026-01-13 16:57:59.398,1.0
2026-01-13 16:57:59.398,1.0
2026-01-13 16:57:59.415,0.998
2026-01-13 16:57:59.431,1.001
2026-01-13 16:57:59.448,1.002
2026-01-13 16:57:59.448,1.0
2026-01-13 16:57:59.464,0.999
2026-01-13 16:57:59.481,0.995
2026-01-13 16:57:59.482,0.995
2026-01-13 16:57:59.498,0.997
2026-01-13 16:57:59.514,0.99
2026-01-13 16:57:59.538,0.988
2026-01-13 16:57:59.538,0.987
2026-01-13 16:57:59.549,0.986
2026-01-13 16:57:59.566,0.992
2026-01-13 16:57:59.567,1.001
2026-01-13 16:57:59.581,1.003
2026-01-13 16:57:59.598,1.003
2026-01-13 16:57:59.616,1.0
2026-01-13 16:57:59.616,1.002
2026-01-13 16:57:59.632,0.999
2026-01-13 16:57:59.648,0.998
2026-01-13 16:57:59.649,0.998
2026-01-13 16:57:59.664,1.004
2026-01-13 16:57:59.682,1.002
2026-01-13 16:57:59.698,1.004
2026-01-13 16:57:59.698,1.005
2026-01-13 16:57:59.714,1.005
2026-01-13 16:57:59.731,1.005
2026-01-13 16:57:59.751,1.005
2026-01-13 16:57:59.751,1.007
2026-01-13 16:57:59.766,1.007
2026-01-13 16:57:59.783,1.007
2026-01-13 16:57:59.784,1.007
2026-01-13 16:57:59.799,1.014
2026-01-13 16:57:59.817,1.013
2026-01-13 16:57:59.817,1.015
2026-01-13 16:57:59.833,1.012
2026-01-13 16:57:59.849,1.007
2026-01-13 16:57:59.866,1.003
2026-01-13 16:57:59.866,1.003
2026-01-13 16:57:59.882,1.003
2026-01-13 16:57:59.898,1.006
2026-01-13 16:57:59.917,1.002
2026-01-13 16:57:59.917,1.004
2026-01-13 16:57:59.933,1.003
2026-01-13 16:57:59.948,1.009
2026-01-13 16:57:59.949,1.002
2026-01-13 16:57:59.967,1.003
2026-01-13 16:57:59.984,1.006
2026-01-13 16:57:59.999,1.009
2026-01-13 16:58:00.000,1.005
2026-01-13 16:58:00.015,1.004
2026-01-13 16:58:00.032,1.002
2026-01-13 16:58:00.049,1.005
2026-01-13 16:58:00.049,1.002
2026-01-13 16:58:00.065,1.001
2026-01-13 16:58:00.081,0.997
2026-01-13 16:58:00.081,0.998
2026-01-13 16:58:00.098,0.997
2026-01-13 16:58:00.116,0.999
2026-01-13 16:58:00.133,1.001
2026-01-13 16:58:00.133,0.999
2026-01-13 16:58:00.149,0.995
2026-01-13 16:58:00.165,1.004
2026-01-13 16:58:00.182,1.006
2026-01-13 16:58:00.182,1.006
2026-01-13 16:58:00.199,1.003
2026-01-13 16:58:00.216,1.004
2026-01-13 16:58:00.216,1.002
2026-01-13 16:58:00.231,1.004
2026-01-13 16:58:00.249,0.999
2026-01-13 16:58:00.249,0.999
2026-01-13 16:58:00.265,1.008
2026-01-13 16:58:00.284,1.005
2026-01-13 16:58:00.299,1.003
2026-01-13 16:58:00.299,1.003
2026-01-13 16:58:00.315,1.002
2026-01-13 16:58:00.332,1.002
2026-01-13 16:58:00.349,1.0
2026-01-13 16:58:00.349,1.007
2026-01-13 16:58:00.365,1.006
2026-01-13 16:58:00.408,1.003
2026-01-13 16:58:00.408,1.005
2026-01-13 16:58:00.408,1.001
2026-01-13 16:58:00.409,0.999
2026-01-13 16:58:00.431,0.996
2026-01-13 16:58:00.432,0.994
2026-01-13 16:58:00.449,0.991
2026-01-13 16:58:00.465,0.991
2026-01-13 16:58:00.465,0.993
2026-01-13 16:58:00.483,0.987
2026-01-13 16:58:00.500,0.989
2026-01-13 16:58:00.515,0.986
2026-01-13 16:58:00.515,0.987
2026-01-13 16:58:00.538,0.986
2026-01-13 16:58:00.538,0.984
2026-01-13 16:58:00.566,0.987
2026-01-13 16:58:00.566,0.992
2026-01-13 16:58:00.583,0.994
2026-01-13 16:58:00.599,0.994
2026-01-13 16:58:00.599,0.998
2026-01-13 16:58:00.618,0.995
2026-01-13 16:58:00.633,1.006
2026-01-13 16:58:00.633,1.004
2026-01-13 16:58:00.650,1.0
2026-01-13 16:58:00.667,0.999
2026-01-13 16:58:00.681,0.996
2026-01-13 16:58:00.682,0.999
2026-01-13 16:58:00.699,0.997
2026-01-13 16:58:00.716,0.996
2026-01-13 16:58:00.733,0.997
2026-01-13 16:58:00.734,0.998
2026-01-13 16:58:00.749,1.005
2026-01-13 16:58:00.765,1.0
2026-01-13 16:58:00.766,1.0
2026-01-13 16:58:00.783,0.994
2026-01-13 16:58:00.799,1.001
2026-01-13 16:58:00.814,1.003
2026-01-13 16:58:00.815,1.004
2026-01-13 16:58:00.832,0.998
2026-01-13 16:58:00.848,0.997
2026-01-13 16:58:00.849,0.998
2026-01-13 16:58:00.866,0.996
2026-01-13 16:58:00.881,0.996
2026-01-13 16:58:00.897,0.998
2026-01-13 16:58:00.898,0.998
2026-01-13 16:58:00.915,1.001
2026-01-13 16:58:00.931,1.003
2026-01-13 16:58:00.949,1.011
2026-01-13 16:58:00.949,1.007
2026-01-13 16:58:00.964,0.999
2026-01-13 16:58:00.981,0.994
2026-01-13 16:58:00.982,0.993
2026-01-13 16:58:00.999,0.991
2026-01-13 16:58:01.014,0.991
2026-01-13 16:58:01.032,0.983
2026-01-13 16:58:01.032,0.983
2026-01-13 16:58:01.048,0.986
2026-01-13 16:58:01.064,0.988
2026-01-13 16:58:01.066,0.985
2026-01-13 16:58:01.082,0.989
2026-01-13 16:58:01.098,0.992
2026-01-13 16:58:01.115,0.994
2026-01-13 16:58:01.115,0.99
2026-01-13 16:58:01.132,0.989
2026-01-13 16:58:01.148,0.991
2026-01-13 16:58:01.164,0.997
2026-01-13 16:58:01.164,0.995
2026-01-13 16:58:01.181,0.996
2026-01-13 16:58:01.198,0.999
2026-01-13 16:58:01.198,0.996
2026-01-13 16:58:01.215,0.999
2026-01-13 16:58:01.231,0.992
2026-01-13 16:58:01.249,0.996
2026-01-13 16:58:01.249,0.994
2026-01-13 16:58:01.265,0.997
2026-01-13 16:58:01.282,0.994
2026-01-13 16:58:01.282,0.994
2026-01-13 16:58:01.298,0.992
2026-01-13 16:58:01.315,0.992
2026-01-13 16:58:01.332,0.996
2026-01-13 16:58:01.332,0.996
2026-01-13 16:58:01.348,0.993
2026-01-13 16:58:01.366,0.99
2026-01-13 16:58:01.366,0.99
2026-01-13 16:58:01.382,0.99
2026-01-13 16:58:01.399,0.987
2026-01-13 16:58:01.415,0.989
2026-01-13 16:58:01.415,0.985
2026-01-13 16:58:01.431,0.984
2026-01-13 16:58:01.448,0.986
2026-01-13 16:58:01.467,0.989
2026-01-13 16:58:01.467,0.992
2026-01-13 16:58:01.482,0.99
2026-01-13 16:58:01.499,0.991
2026-01-13 16:58:01.499,0.992
2026-01-13 16:58:01.515,0.995
2026-01-13 16:58:01.539,0.994
2026-01-13 16:58:01.539,0.991
2026-01-13 16:58:01.548,0.99
2026-01-13 16:58:01.565,0.989
2026-01-13 16:58:01.582,0.985
2026-01-13 16:58:01.582,0.986
2026-01-13 16:58:01.600,0.991
2026-01-13 16:58:01.616,0.993
2026-01-13 16:58:01.617,0.989
2026-01-13 16:58:01.631,0.988
2026-01-13 16:58:01.648,0.984
2026-01-13 16:58:01.666,0.985
2026-01-13 16:58:01.667,0.986
2026-01-13 16:58:01.681,0.993
2026-01-13 16:58:01.699,1.001
2026-01-13 16:58:01.715,0.995
2026-01-13 16:58:01.716,0.991
2026-01-13 16:58:01.757,0.994
2026-01-13 16:58:01.758,0.99
2026-01-13 16:58:01.758,0.993
2026-01-13 16:58:01.765,0.994
2026-01-13 16:58:01.782,0.991
2026-01-13 16:58:01.798,0.991
2026-01-13 16:58:01.798,0.994
2026-01-13 16:58:01.817,0.992
2026-01-13 16:58:01.833,0.988
2026-01-13 16:58:01.834,0.993
2026-01-13 16:58:01.849,0.99
2026-01-13 16:58:01.867,0.997
2026-01-13 16:58:01.883,0.992
2026-01-13 16:58:01.883,0.992
2026-01-13 16:58:01.900,0.989
2026-01-13 16:58:01.917,0.993
2026-01-13 16:58:01.917,0.994
2026-01-13 16:58:01.932,0.995
2026-01-13 16:58:01.948,0.997
2026-01-13 16:58:01.966,0.993
2026-01-13 16:58:01.966,0.998
2026-01-13 16:58:01.982,0.998
2026-01-13 16:58:02.000,0.996
2026-01-13 16:58:02.016,0.997
2026-01-13 16:58:02.016,0.995
2026-01-13 16:58:02.032,0.991
2026-01-13 16:58:02.049,0.992
2026-01-13 16:58:02.049,0.996
2026-01-13 16:58:02.064,0.994
2026-01-13 16:58:02.081,0.999
2026-01-13 16:58:02.098,1.002
2026-01-13 16:58:02.098,0.996
2026-01-13 16:58:02.114,0.998
2026-01-13 16:58:02.131,0.999
2026-01-13 16:58:02.148,0.999
2026-01-13 16:58:02.148,0.997
2026-01-13 16:58:02.164,0.989
2026-01-13 16:58:02.182,0.989
2026-01-13 16:58:02.183,0.989
2026-01-13 16:58:02.198,0.991
2026-01-13 16:58:02.215,0.989
2026-01-13 16:58:02.230,0.997
2026-01-13 16:58:02.232,0.996
2026-01-13 16:58:02.247,0.999
2026-01-13 16:58:02.264,0.995
2026-01-13 16:58:02.281,0.999
2026-01-13 16:58:02.281,0.998
2026-01-13 16:58:02.297,0.998
2026-01-13 16:58:02.314,1.001
2026-01-13 16:58:02.314,0.995
2026-01-13 16:58:02.331,0.996
2026-01-13 16:58:02.351,0.994
2026-01-13 16:58:02.351,1.005
2026-01-13 16:58:02.365,1.005
2026-01-13 16:58:02.382,0.999
2026-01-13 16:58:02.398,1.0
2026-01-13 16:58:02.399,1.006
2026-01-13 16:58:02.416,1.004
2026-01-13 16:58:02.432,1.006
2026-01-13 16:58:02.433,1.003
2026-01-13 16:58:02.449,0.997
2026-01-13 16:58:02.465,0.997
2026-01-13 16:58:02.482,1.001
2026-01-13 16:58:02.482,0.996
2026-01-13 16:58:02.497,0.998
2026-01-13 16:58:02.514,0.996
2026-01-13 16:58:02.537,0.997
2026-01-13 16:58:02.537,1.0
2026-01-13 16:58:02.549,0.995
2026-01-13 16:58:02.564,0.992
2026-01-13 16:58:02.581,0.993
2026-01-13 16:58:02.581,0.993
2026-01-13 16:58:02.600,0.984
2026-01-13 16:58:02.616,0.989
2026-01-13 16:58:02.617,0.99
2026-01-13 16:58:02.633,0.987
2026-01-13 16:58:02.646,0.984
2026-01-13 16:58:02.665,0.987
2026-01-13 16:58:02.665,0.992
2026-01-13 16:58:02.683,0.986
2026-01-13 16:58:02.697,0.985
2026-01-13 16:58:02.697,0.983
2026-01-13 16:58:02.716,0.99
2026-01-13 16:58:02.731,0.992
2026-01-13 16:58:02.748,0.997
2026-01-13 16:58:02.749,0.997
2026-01-13 16:58:02.764,0.996
2026-01-13 16:58:02.783,0.995
2026-01-13 16:58:02.783,0.996
2026-01-13 16:58:02.798,0.997
2026-01-13 16:58:02.815,0.999
2026-01-13 16:58:02.817,1.001
2026-01-13 16:58:02.829,0.995
2026-01-13 16:58:02.850,1.004
2026-01-13 16:58:02.866,1.002
2026-01-13 16:58:02.867,1.0
2026-01-13 16:58:02.882,0.995
2026-01-13 16:58:02.898,0.994
2026-01-13 16:58:02.915,0.995
2026-01-13 16:58:02.915,0.994
2026-01-13 16:58:02.932,0.995
2026-01-13 16:58:02.950,0.994
2026-01-13 16:58:02.950,0.996
2026-01-13 16:58:02.965,0.997
2026-01-13 16:58:02.982,0.999
2026-01-13 16:58:02.999,0.995
2026-01-13 16:58:02.999,0.994
2026-01-13 16:58:03.016,0.993
2026-01-13 16:58:03.031,0.989
2026-01-13 16:58:03.048,0.994
2026-01-13 16:58:03.048,0.991
2026-01-13 16:58:03.065,0.992
2026-01-13 16:58:03.082,0.993
2026-01-13 16:58:03.082,0.989
2026-01-13 16:58:03.098,0.994
2026-01-13 16:58:03.149,0.99
2026-01-13 16:58:03.150,0.991
2026-01-13 16:58:03.150,0.991
2026-01-13 16:58:03.150,0.991
2026-01-13 16:58:03.156,0.995
2026-01-13 16:58:03.165,0.999
2026-01-13 16:58:03.181,0.997
2026-01-13 16:58:03.198,0.998
2026-01-13 16:58:03.214,1.003
2026-01-13 16:58:03.214,1.001
2026-01-13 16:58:03.230,1.0
2026-01-13 16:58:03.247,0.999
2026-01-13 16:58:03.265,0.997
2026-01-13 16:58:03.266,0.997
2026-01-13 16:58:03.281,0.998
2026-01-13 16:58:03.298,0.998
2026-01-13 16:58:03.298,0.995
2026-01-13 16:58:03.314,0.997
2026-01-13 16:58:03.331,0.999
2026-01-13 16:58:03.348,0.995
2026-01-13 16:58:03.349,0.988
2026-01-13 16:58:03.364,0.99
2026-01-13 16:58:03.382,0.993
2026-01-13 16:58:03.382,0.99
2026-01-13 16:58:03.397,0.995
2026-01-13 16:58:03.413,0.991
2026-01-13 16:58:03.431,0.989
2026-01-13 16:58:03.431,0.988
2026-01-13 16:58:03.447,0.987
2026-01-13 16:58:03.466,0.986
2026-01-13 16:58:03.467,0.996
2026-01-13 16:58:03.481,0.994
2026-01-13 16:58:03.498,0.997
2026-01-13 16:58:03.515,0.996
2026-01-13 16:58:03.515,0.992
2026-01-13 16:58:03.538,0.99
2026-01-13 16:58:03.538,0.991
2026-01-13 16:58:03.565,0.993
2026-01-13 16:58:03.566,0.998
2026-01-13 16:58:03.581,0.997
2026-01-13 16:58:03.599,1.001
2026-01-13 16:58:03.599,0.998
2026-01-13 16:58:03.616,0.997
2026-01-13 16:58:03.633,0.993
2026-01-13 16:58:03.633,0.995
2026-01-13 16:58:03.648,1.0
2026-01-13 16:58:03.664,0.996
2026-01-13 16:58:03.682,0.997
2026-01-13 16:58:03.683,0.994
2026-01-13 16:58:03.698,1.0
2026-01-13 16:58:03.715,1.005
2026-01-13 16:58:03.732,1.01
2026-01-13 16:58:03.733,1.01
2026-01-13 16:58:03.749,1.007
2026-01-13 16:58:03.764,1.006
2026-01-13 16:58:03.765,1.007
2026-01-13 16:58:03.783,1.005
2026-01-13 16:58:03.800,1.011
2026-01-13 16:58:03.801,1.006
2026-01-13 16:58:03.815,1.011
2026-01-13 16:58:03.834,1.012
2026-01-13 16:58:03.849,1.007
2026-01-13 16:58:03.867,1.006
2026-01-13 16:58:03.867,1.001
2026-01-13 16:58:03.882,0.998
2026-01-13 16:58:03.899,0.998
2026-01-13 16:58:03.899,1.005
2026-01-13 16:58:03.916,1.005
2026-01-13 16:58:03.933,1.005
2026-01-13 16:58:03.948,1.01
2026-01-13 16:58:03.949,1.015
2026-01-13 16:58:03.966,1.012
2026-01-13 16:58:03.982,1.013
2026-01-13 16:58:03.982,1.008
2026-01-13 16:58:03.998,1.008
2026-01-13 16:58:04.015,1.013
2026-01-13 16:58:04.033,1.016
2026-01-13 16:58:04.033,1.013
2026-01-13 16:58:04.047,1.016
2026-01-13 16:58:04.066,1.013
2026-01-13 16:58:04.066,1.013
2026-01-13 16:58:04.083,1.014
2026-01-13 16:58:04.098,1.011
2026-01-13 16:58:04.116,1.011
2026-01-13 16:58:04.116,1.01
2026-01-13 16:58:04.133,1.004
2026-01-13 16:58:04.148,1.004
2026-01-13 16:58:04.166,1.005
2026-01-13 16:58:04.166,1.005
2026-01-13 16:58:04.182,1.008
2026-01-13 16:58:04.198,1.006
2026-01-13 16:58:04.198,1.008
2026-01-13 16:58:04.215,1.014
2026-01-13 16:58:04.232,1.01
2026-01-13 16:58:04.233,1.015
2026-01-13 16:58:04.248,1.013
2026-01-13 16:58:04.266,1.015
2026-01-13 16:58:04.283,1.017
2026-01-13 16:58:04.283,1.014
2026-01-13 16:58:04.298,1.015
2026-01-13 16:58:04.316,1.016
2026-01-13 16:58:04.333,1.023
2026-01-13 16:58:04.333,1.027
2026-01-13 16:58:04.348,1.031
2026-01-13 16:58:04.364,1.028
2026-01-13 16:58:04.381,1.023
2026-01-13 16:58:04.381,1.016
2026-01-13 16:58:04.398,1.018
2026-01-13 16:58:04.415,1.018
2026-01-13 16:58:04.415,1.02
2026-01-13 16:58:04.432,1.016
2026-01-13 16:58:04.448,1.012
2026-01-13 16:58:04.449,1.007
2026-01-13 16:58:04.491,1.005
2026-01-13 16:58:04.492,1.001
2026-01-13 16:58:04.492,1.008
2026-01-13 16:58:04.501,1.01
2026-01-13 16:58:04.514,1.006
2026-01-13 16:58:04.537,1.007
2026-01-13 16:58:04.537,1.006
2026-01-13 16:58:04.547,1.008
2026-01-13 16:58:04.565,1.009
2026-01-13 16:58:04.581,1.01
2026-01-13 16:58:04.582,1.011
2026-01-13 16:58:04.599,1.019
2026-01-13 16:58:04.614,1.018
2026-01-13 16:58:04.633,1.018
2026-01-13 16:58:04.633,1.02
2026-01-13 16:58:04.648,1.019
2026-01-13 16:58:04.665,1.022
2026-01-13 16:58:04.665,1.024
2026-01-13 16:58:04.681,1.023
2026-01-13 16:58:04.699,1.023
2026-01-13 16:58:04.715,1.026
2026-01-13 16:58:04.716,1.028
2026-01-13 16:58:04.730,1.026
2026-01-13 16:58:04.749,1.029
2026-01-13 16:58:04.765,1.025
2026-01-13 16:58:04.765,1.025
2026-01-13 16:58:04.782,1.019
2026-01-13 16:58:04.799,1.02
2026-01-13 16:58:04.799,1.021
2026-01-13 16:58:04.815,1.019
2026-01-13 16:58:04.832,1.021
2026-01-13 16:58:04.833,1.017
2026-01-13 16:58:04.847,1.014
2026-01-13 16:58:04.865,1.012
2026-01-13 16:58:04.883,1.008
2026-01-13 16:58:04.883,1.013
2026-01-13 16:58:04.899,1.01
2026-01-13 16:58:04.915,1.015
2026-01-13 16:58:04.931,1.016
2026-01-13 16:58:04.931,1.013
2026-01-13 16:58:04.948,1.011
2026-01-13 16:58:04.964,1.012
2026-01-13 16:58:04.982,1.01
2026-01-13 16:58:04.983,1.012
2026-01-13 16:58:04.997,1.018
2026-01-13 16:58:05.016,1.017
2026-01-13 16:58:05.016,1.015
2026-01-13 16:58:05.032,1.011
2026-01-13 16:58:05.048,1.008
2026-01-13 16:58:05.049,1.004
2026-01-13 16:58:05.065,1.003
2026-01-13 16:58:05.080,1.004
2026-01-13 16:58:05.099,1.007
2026-01-13 16:58:05.099,1.008
2026-01-13 16:58:05.115,1.009
2026-01-13 16:58:05.130,1.008
2026-01-13 16:58:05.147,1.011
2026-01-13 16:58:05.149,1.008
2026-01-13 16:58:05.164,1.009
2026-01-13 16:58:05.187,1.004
2026-01-13 16:58:05.187,1.003
2026-01-13 16:58:05.198,1.002
2026-01-13 16:58:05.213,1.003
2026-01-13 16:58:05.230,1.01
2026-01-13 16:58:05.231,1.016
2026-01-13 16:58:05.247,1.012
2026-01-13 16:58:05.263,1.008
2026-01-13 16:58:05.280,1.006
2026-01-13 16:58:05.280,1.002
2026-01-13 16:58:05.299,1.005
2026-01-13 16:58:05.315,1.002
2026-01-13 16:58:05.316,1.004
2026-01-13 16:58:05.331,1.003
2026-01-13 16:58:05.347,1.002
2026-01-13 16:58:05.363,1.004
2026-01-13 16:58:05.364,1.001
2026-01-13 16:58:05.381,1.002
2026-01-13 16:58:05.397,1.001
2026-01-13 16:58:05.398,1.005
2026-01-13 16:58:05.414,1.006
2026-01-13 16:58:05.430,1.006
2026-01-13 16:58:05.447,1.01
2026-01-13 16:58:05.448,1.009
2026-01-13 16:58:05.463,1.009
2026-01-13 16:58:05.480,1.008
2026-01-13 16:58:05.498,1.008
2026-01-13 16:58:05.498,1.007
2026-01-13 16:58:05.517,1.014
2026-01-13 16:58:05.517,1.014
2026-01-13 16:58:05.536,1.015
2026-01-13 16:58:05.548,1.013
2026-01-13 16:58:05.563,1.013
2026-01-13 16:58:05.581,1.009
2026-01-13 16:58:05.581,1.009
2026-01-13 16:58:05.597,1.009
2026-01-13 16:58:05.614,1.01
2026-01-13 16:58:05.614,1.009
2026-01-13 16:58:05.632,1.012
2026-01-13 16:58:05.646,1.012
2026-01-13 16:58:05.663,1.012
2026-01-13 16:58:05.663,1.01
2026-01-13 16:58:05.680,1.008
2026-01-13 16:58:05.698,1.011
2026-01-13 16:58:05.698,1.011
2026-01-13 16:58:05.714,1.008
2026-01-13 16:58:05.731,1.009
2026-01-13 16:58:05.747,1.007
2026-01-13 16:58:05.747,1.008
2026-01-13 16:58:05.764,1.005
2026-01-13 16:58:05.781,1.003
2026-01-13 16:58:05.798,1.007
2026-01-13 16:58:05.798,1.008
2026-01-13 16:58:05.813,1.007
2026-01-13 16:58:05.854,1.004
2026-01-13 16:58:05.854,1.002
2026-01-13 16:58:05.854,1.005
2026-01-13 16:58:05.855,1.003
2026-01-13 16:58:05.881,1.009
2026-01-13 16:58:05.882,1.012
2026-01-13 16:58:05.899,1.014
2026-01-13 16:58:05.915,1.012
2026-01-13 16:58:05.915,1.005
2026-01-13 16:58:05.931,1.005
2026-01-13 16:58:05.948,1.002
2026-01-13 16:58:05.949,1.001
2026-01-13 16:58:05.965,1.002
2026-01-13 16:58:05.981,0.998
2026-01-13 16:58:05.997,0.996
2026-01-13 16:58:05.997,0.999
2026-01-13 16:58:06.013,0.995
2026-01-13 16:58:06.031,0.99
2026-01-13 16:58:06.046,0.994
2026-01-13 16:58:06.047,0.992
2026-01-13 16:58:06.065,0.993
2026-01-13 16:58:06.081,0.994
2026-01-13 16:58:06.081,0.995
2026-01-13 16:58:06.098,0.999
2026-01-13 16:58:06.116,1.004
2026-01-13 16:58:06.132,0.997
2026-01-13 16:58:06.133,0.992
2026-01-13 16:58:06.147,0.986
2026-01-13 16:58:06.165,0.99
2026-01-13 16:58:06.166,0.992
2026-01-13 16:58:06.183,0.988
2026-01-13 16:58:06.197,0.995
2026-01-13 16:58:06.215,0.993
2026-01-13 16:58:06.215,0.989
2026-01-13 16:58:06.231,0.987
2026-01-13 16:58:06.249,0.987
2026-01-13 16:58:06.249,0.99
2026-01-13 16:58:06.265,0.995
2026-01-13 16:58:06.282,0.991
2026-01-13 16:58:06.298,0.992
2026-01-13 16:58:06.298,0.991
2026-01-13 16:58:06.315,0.997
2026-01-13 16:58:06.332,0.99
2026-01-13 16:58:06.350,0.986
2026-01-13 16:58:06.350,0.984
2026-01-13 16:58:06.365,0.986
2026-01-13 16:58:06.381,0.981
2026-01-13 16:58:06.382,0.981
2026-01-13 16:58:06.398,0.976
2026-01-13 16:58:06.415,0.976
2026-01-13 16:58:06.429,0.975
2026-01-13 16:58:06.431,0.972
2026-01-13 16:58:06.446,0.972
2026-01-13 16:58:06.463,0.972
2026-01-13 16:58:06.479,0.968
2026-01-13 16:58:06.479,0.974
2026-01-13 16:58:06.498,0.979
2026-01-13 16:58:06.513,0.98
2026-01-13 16:58:06.514,0.986
2026-01-13 16:58:06.539,0.989
2026-01-13 16:58:06.539,0.996
2026-01-13 16:58:06.564,0.997
2026-01-13 16:58:06.565,0.992
2026-01-13 16:58:06.581,0.993
2026-01-13 16:58:06.599,0.991
2026-01-13 16:58:06.599,0.987
2026-01-13 16:58:06.615,0.986
2026-01-13 16:58:06.633,0.985
2026-01-13 16:58:06.634,0.987
2026-01-13 16:58:06.647,0.987
2026-01-13 16:58:06.665,0.992
2026-01-13 16:58:06.682,0.989
2026-01-13 16:58:06.682,0.99
2026-01-13 16:58:06.699,0.989
2026-01-13 16:58:06.714,0.991
2026-01-13 16:58:06.732,0.99
2026-01-13 16:58:06.733,0.996
2026-01-13 16:58:06.748,0.993
2026-01-13 16:58:06.763,0.992
2026-01-13 16:58:06.782,0.99
2026-01-13 16:58:06.782,0.989
2026-01-13 16:58:06.798,0.985
2026-01-13 16:58:06.814,0.986
2026-01-13 16:58:06.814,0.993
2026-01-13 16:58:06.831,0.992
2026-01-13 16:58:06.848,0.994
2026-01-13 16:58:06.865,0.996
2026-01-13 16:58:06.865,0.997
2026-01-13 16:58:06.882,0.998
2026-01-13 16:58:06.899,0.995
2026-01-13 16:58:06.899,0.993
2026-01-13 16:58:06.915,1.001
2026-01-13 16:58:06.931,0.999
2026-01-13 16:58:06.949,1.0
2026-01-13 16:58:06.949,1.001
2026-01-13 16:58:06.965,1.0
2026-01-13 16:58:06.984,0.997
2026-01-13 16:58:06.984,0.999
2026-01-13 16:58:06.996,0.999
2026-01-13 16:58:07.013,1.006
2026-01-13 16:58:07.030,1.008
2026-01-13 16:58:07.030,1.007
2026-01-13 16:58:07.049,1.013
2026-01-13 16:58:07.066,1.011
2026-01-13 16:58:07.066,1.016
2026-01-13 16:58:07.080,1.013
2026-01-13 16:58:07.099,1.014
2026-01-13 16:58:07.116,1.015
2026-01-13 16:58:07.116,1.019
2026-01-13 16:58:07.132,1.017
2026-01-13 16:58:07.147,1.013
2026-01-13 16:58:07.164,1.007
2026-01-13 16:58:07.164,1.0
2026-01-13 16:58:07.181,1.005
2026-01-13 16:58:07.196,1.005
2026-01-13 16:58:07.197,1.01
2026-01-13 16:58:07.225,1.008
2026-01-13 16:58:07.225,1.011
2026-01-13 16:58:07.233,1.009
2026-01-13 16:58:07.247,1.007
2026-01-13 16:58:07.264,1.01
2026-01-13 16:58:07.281,1.009
2026-01-13 16:58:07.281,1.008
2026-01-13 16:58:07.297,1.012
2026-01-13 16:58:07.314,1.013
2026-01-13 16:58:07.330,1.012
2026-01-13 16:58:07.331,1.016
2026-01-13 16:58:07.347,1.015
2026-01-13 16:58:07.363,1.017
2026-01-13 16:58:07.380,1.021
2026-01-13 16:58:07.381,1.025
2026-01-13 16:58:07.398,1.026
2026-01-13 16:58:07.416,1.024
2026-01-13 16:58:07.416,1.029
2026-01-13 16:58:07.431,1.029
2026-01-13 16:58:07.447,1.025
2026-01-13 16:58:07.466,1.022
2026-01-13 16:58:07.467,1.021
2026-01-13 16:58:07.482,1.015
2026-01-13 16:58:07.498,1.016
2026-01-13 16:58:07.498,1.019
2026-01-13 16:58:07.515,1.02
2026-01-13 16:58:07.540,1.023
2026-01-13 16:58:07.540,1.026
2026-01-13 16:58:07.548,1.024
2026-01-13 16:58:07.563,1.025
2026-01-13 16:58:07.579,1.025
2026-01-13 16:58:07.598,1.023
2026-01-13 16:58:07.600,1.028
2026-01-13 16:58:07.614,1.024
2026-01-13 16:58:07.629,1.021
2026-01-13 16:58:07.630,1.018
2026-01-13 16:58:07.647,1.023
2026-01-13 16:58:07.663,1.019
2026-01-13 16:58:07.680,1.02
2026-01-13 16:58:07.681,1.02
2026-01-13 16:58:07.697,1.019
2026-01-13 16:58:07.713,1.023
2026-01-13 16:58:07.713,1.022
2026-01-13 16:58:07.731,1.018
2026-01-13 16:58:07.747,1.023
2026-01-13 16:58:07.765,1.022
2026-01-13 16:58:07.765,1.027
2026-01-13 16:58:07.780,1.025
2026-01-13 16:58:07.796,1.023
2026-01-13 16:58:07.814,1.022
2026-01-13 16:58:07.815,1.022
2026-01-13 16:58:07.831,1.029
2026-01-13 16:58:07.849,1.026
2026-01-13 16:58:07.849,1.028
2026-01-13 16:58:07.865,1.033
2026-01-13 16:58:07.882,1.031
2026-01-13 16:58:07.883,1.028
2026-01-13 16:58:07.898,1.031
2026-01-13 16:58:07.915,1.028
2026-01-13 16:58:07.930,1.028
2026-01-13 16:58:07.930,1.024
2026-01-13 16:58:07.948,1.022
2026-01-13 16:58:07.965,1.026
2026-01-13 16:58:07.965,1.022
2026-01-13 16:58:07.982,1.029
2026-01-13 16:58:07.998,1.026
2026-01-13 16:58:08.014,1.02
2026-01-13 16:58:08.014,1.019
2026-01-13 16:58:08.032,1.016
2026-01-13 16:58:08.048,1.014
2026-01-13 16:58:08.049,1.014
2026-01-13 16:58:08.064,1.006
2026-01-13 16:58:08.080,1.005
2026-01-13 16:58:08.099,1.007
2026-01-13 16:58:08.100,1.009
2026-01-13 16:58:08.116,1.006
2026-01-13 16:58:08.131,1.005
2026-01-13 16:58:08.149,1.009
2026-01-13 16:58:08.150,1.005
2026-01-13 16:58:08.163,1.006
2026-01-13 16:58:08.182,1.003
2026-01-13 16:58:08.182,0.998
2026-01-13 16:58:08.197,0.998
2026-01-13 16:58:08.216,1.0
2026-01-13 16:58:08.231,1.004
2026-01-13 16:58:08.232,1.008
2026-01-13 16:58:08.248,1.003
2026-01-13 16:58:08.265,1.004
2026-01-13 16:58:08.266,1.006
2026-01-13 16:58:08.281,1.006
2026-01-13 16:58:08.298,1.003
2026-01-13 16:58:08.313,0.995
2026-01-13 16:58:08.314,0.999
2026-01-13 16:58:08.332,0.995
2026-01-13 16:58:08.348,0.997
2026-01-13 16:58:08.364,1.0
2026-01-13 16:58:08.364,1.003
2026-01-13 16:58:08.380,1.004
2026-01-13 16:58:08.398,1.003
2026-01-13 16:58:08.398,1.008
2026-01-13 16:58:08.415,1.013
2026-01-13 16:58:08.432,1.012
2026-01-13 16:58:08.449,1.015
2026-01-13 16:58:08.449,1.014
2026-01-13 16:58:08.465,1.014
2026-01-13 16:58:08.481,1.019
2026-01-13 16:58:08.481,1.021
2026-01-13 16:58:08.497,1.02
2026-01-13 16:58:08.514,1.022
2026-01-13 16:58:08.538,1.012
2026-01-13 16:58:08.538,1.012
2026-01-13 16:58:08.547,1.015
2026-01-13 16:58:08.580,1.016
2026-01-13 16:58:08.581,1.011
2026-01-13 16:58:08.581,1.008
2026-01-13 16:58:08.589,1.011
2026-01-13 16:58:08.616,1.013
2026-01-13 16:58:08.616,1.008
2026-01-13 16:58:08.632,1.008
2026-01-13 16:58:08.647,1.008
2026-01-13 16:58:08.664,1.014
2026-01-13 16:58:08.665,1.015
2026-01-13 16:58:08.682,1.017
2026-01-13 16:58:08.698,1.018
2026-01-13 16:58:08.698,1.016
2026-01-13 16:58:08.715,1.018
2026-01-13 16:58:08.732,1.019
2026-01-13 16:58:08.748,1.021
2026-01-13 16:58:08.748,1.021
2026-01-13 16:58:08.764,1.024
2026-01-13 16:58:08.781,1.025
2026-01-13 16:58:08.782,1.028
2026-01-13 16:58:08.798,1.03
2026-01-13 16:58:08.815,1.034
2026-01-13 16:58:08.831,1.028
2026-01-13 16:58:08.831,1.024
2026-01-13 16:58:08.848,1.022
2026-01-13 16:58:08.865,1.018
2026-01-13 16:58:08.865,1.017
2026-01-13 16:58:08.882,1.022
2026-01-13 16:58:08.898,1.023
2026-01-13 16:58:08.915,1.022
2026-01-13 16:58:08.915,1.022
2026-01-13 16:58:08.932,1.03
2026-01-13 16:58:08.948,1.028
2026-01-13 16:58:08.964,1.03
2026-01-13 16:58:08.965,1.028
2026-01-13 16:58:08.982,1.029
2026-01-13 16:58:08.998,1.027
2026-01-13 16:58:08.999,1.026
2026-01-13 16:58:09.014,1.023
2026-01-13 16:58:09.029,1.02
2026-01-13 16:58:09.048,1.019
2026-01-13 16:58:09.049,1.017
2026-01-13 16:58:09.065,1.017
2026-01-13 16:58:09.080,1.013
2026-01-13 16:58:09.099,1.014
2026-01-13 16:58:09.099,1.009
2026-01-13 16:58:09.117,1.007
2026-01-13 16:58:09.117,1.001
2026-01-13 16:58:09.131,0.999
2026-01-13 16:58:09.148,1.004
2026-01-13 16:58:09.166,1.007
2026-01-13 16:58:09.166,1.012
2026-01-13 16:58:09.181,1.023
2026-01-13 16:58:09.198,1.024
2026-01-13 16:58:09.216,1.025
2026-01-13 16:58:09.216,1.025
2026-01-13 16:58:09.231,1.026
