Timestamp,Distance(m)
2026-01-13 17:18:19.875,9.971
2026-01-13 17:18:19.875,9.969
2026-01-13 17:18:19.892,9.97
2026-01-13 17:18:19.907,9.967
2026-01-13 17:18:19.907,9.958
2026-01-13 17:18:19.925,9.949
2026-01-13 17:18:19.942,9.932
2026-01-13 17:18:19.958,9.924
2026-01-13 17:18:19.958,9.914
2026-01-13 17:18:19.976,9.916
2026-01-13 17:18:19.993,9.915
2026-01-13 17:18:19.993,9.91
2026-01-13 17:18:20.008,9.91
2026-01-13 17:18:20.025,9.908
2026-01-13 17:18:20.042,9.906
2026-01-13 17:18:20.042,9.899
2026-01-13 17:18:20.059,9.888
2026-01-13 17:18:20.075,9.883
2026-01-13 17:18:20.093,9.876
2026-01-13 17:18:20.093,9.881
2026-01-13 17:18:20.108,9.884
2026-01-13 17:18:20.124,9.894
2026-01-13 17:18:20.125,9.905
2026-01-13 17:18:20.142,9.915
2026-01-13 17:18:20.157,9.922
2026-01-13 17:18:20.176,9.93
2026-01-13 17:18:20.176,9.935
2026-01-13 17:18:20.192,9.944
2026-01-13 17:18:20.208,9.944
2026-01-13 17:18:20.208,9.947
2026-01-13 17:18:20.225,9.952
2026-01-13 17:18:20.258,9.956
2026-01-13 17:18:20.259,9.955
2026-01-13 17:18:20.276,9.951
2026-01-13 17:18:20.292,9.946
2026-01-13 17:18:20.294,9.953
2026-01-13 17:18:20.307,9.953
2026-01-13 17:18:20.325,9.958
2026-01-13 17:18:20.343,9.954
2026-01-13 17:18:20.343,9.951
2026-01-13 17:18:20.357,9.943
2026-01-13 17:18:20.376,9.94
2026-01-13 17:18:20.376,9.945
2026-01-13 17:18:20.393,9.943
2026-01-13 17:18:20.408,9.935
2026-01-13 17:18:20.425,9.933
2026-01-13 17:18:20.425,9.929
2026-01-13 17:18:20.441,9.928
2026-01-13 17:18:20.459,9.921
2026-01-13 17:18:20.475,9.925
2026-01-13 17:18:20.475,9.926
2026-01-13 17:18:20.492,9.922
2026-01-13 17:18:20.508,9.925
2026-01-13 17:18:20.508,9.922
2026-01-13 17:18:20.524,9.923
2026-01-13 17:18:20.541,9.92
2026-01-13 17:18:20.556,9.92
2026-01-13 17:18:20.558,9.926
2026-01-13 17:18:20.574,9.923
2026-01-13 17:18:20.591,9.928
2026-01-13 17:18:20.608,9.928
2026-01-13 17:18:20.608,9.932
2026-01-13 17:18:20.625,9.928
2026-01-13 17:18:20.641,9.928
2026-01-13 17:18:20.641,9.935
2026-01-13 17:18:20.657,9.939
2026-01-13 17:18:20.675,9.937
2026-01-13 17:18:20.691,9.929
2026-01-13 17:18:20.691,9.924
2026-01-13 17:18:20.708,9.923
2026-01-13 17:18:20.729,9.92
2026-01-13 17:18:20.730,9.914
2026-01-13 17:18:20.740,9.909
2026-01-13 17:18:20.757,9.899
2026-01-13 17:18:20.773,9.893
2026-01-13 17:18:20.774,9.891
2026-01-13 17:18:20.791,9.892
2026-01-13 17:18:20.807,9.89
2026-01-13 17:18:20.826,9.894
2026-01-13 17:18:20.826,9.899
2026-01-13 17:18:20.840,9.903
2026-01-13 17:18:20.857,9.907
2026-01-13 17:18:20.858,9.91
2026-01-13 17:18:20.875,9.908
2026-01-13 17:18:20.890,9.909
2026-01-13 17:18:20.907,9.913
2026-01-13 17:18:20.907,9.923
2026-01-13 17:18:20.924,9.93
2026-01-13 17:18:20.942,9.929
2026-01-13 17:18:20.943,9.929
2026-01-13 17:18:20.958,9.929
2026-01-13 17:18:20.974,9.931
2026-01-13 17:18:20.990,9.934
2026-01-13 17:18:20.991,9.934
2026-01-13 17:18:21.008,9.925
2026-01-13 17:18:21.023,9.927
2026-01-13 17:18:21.024,9.925
2026-01-13 17:18:21.041,9.919
2026-01-13 17:18:21.058,9.917
2026-01-13 17:18:21.075,9.916
2026-01-13 17:18:21.075,9.911
2026-01-13 17:18:21.091,9.905
2026-01-13 17:18:21.107,9.901
2026-01-13 17:18:21.108,9.911
2026-01-13 17:18:21.126,9.908
2026-01-13 17:18:21.141,9.911
2026-01-13 17:18:21.158,9.918
2026-01-13 17:18:21.158,9.92
2026-01-13 17:18:21.185,9.919
2026-01-13 17:18:21.185,9.919
2026-01-13 17:18:21.194,9.922
2026-01-13 17:18:21.207,9.921
2026-01-13 17:18:21.224,9.917
2026-01-13 17:18:21.241,9.918
2026-01-13 17:18:21.241,9.924
2026-01-13 17:18:21.257,9.93
2026-01-13 17:18:21.275,9.933
2026-01-13 17:18:21.292,9.939
2026-01-13 17:18:21.292,9.948
2026-01-13 17:18:21.308,9.956
2026-01-13 17:18:21.325,9.96
2026-01-13 17:18:21.326,9.965
2026-01-13 17:18:21.344,9.97
2026-01-13 17:18:21.358,9.979
2026-01-13 17:18:21.375,9.98
2026-01-13 17:18:21.375,9.979
2026-01-13 17:18:21.392,9.983
2026-01-13 17:18:21.409,9.984
2026-01-13 17:18:21.409,9.987
2026-01-13 17:18:21.424,9.986
2026-01-13 17:18:21.443,9.985
2026-01-13 17:18:21.457,9.987
2026-01-13 17:18:21.458,9.989
2026-01-13 17:18:21.476,9.986
2026-01-13 17:18:21.494,9.986
2026-01-13 17:18:21.495,9.983
2026-01-13 17:18:21.507,9.984
2026-01-13 17:18:21.526,9.98
2026-01-13 17:18:21.542,9.974
2026-01-13 17:18:21.542,9.968
2026-01-13 17:18:21.558,9.964
2026-01-13 17:18:21.577,9.969
2026-01-13 17:18:21.577,9.968
2026-01-13 17:18:21.592,9.964
2026-01-13 17:18:21.608,9.966
2026-01-13 17:18:21.625,9.964
2026-01-13 17:18:21.626,9.964
2026-01-13 17:18:21.643,9.965
2026-01-13 17:18:21.658,9.966
2026-01-13 17:18:21.675,9.967
2026-01-13 17:18:21.676,9.965
2026-01-13 17:18:21.692,9.967
2026-01-13 17:18:21.708,9.973
2026-01-13 17:18:21.708,9.971
2026-01-13 17:18:21.725,9.971
2026-01-13 17:18:21.750,9.97
2026-01-13 17:18:21.750,9.974
2026-01-13 17:18:21.757,9.976
2026-01-13 17:18:21.776,9.975
2026-01-13 17:18:21.791,9.975
2026-01-13 17:18:21.809,9.972
2026-01-13 17:18:21.810,9.968
2026-01-13 17:18:21.826,9.97
2026-01-13 17:18:21.843,9.97
2026-01-13 17:18:21.843,9.97
2026-01-13 17:18:21.858,9.971
2026-01-13 17:18:21.875,9.968
2026-01-13 17:18:21.875,9.965
2026-01-13 17:18:21.893,9.957
2026-01-13 17:18:21.908,9.961
2026-01-13 17:18:21.925,9.963
2026-01-13 17:18:21.925,9.962
2026-01-13 17:18:21.941,9.964
2026-01-13 17:18:21.976,9.959
2026-01-13 17:18:21.976,9.952
2026-01-13 17:18:21.992,9.951
2026-01-13 17:18:22.008,9.947
2026-01-13 17:18:22.009,9.945
2026-01-13 17:18:22.025,9.939
2026-01-13 17:18:22.042,9.936
2026-01-13 17:18:22.057,9.941
2026-01-13 17:18:22.057,9.939
2026-01-13 17:18:22.074,9.934
2026-01-13 17:18:22.092,9.927
2026-01-13 17:18:22.092,9.926
2026-01-13 17:18:22.108,9.925
2026-01-13 17:18:22.126,9.923
2026-01-13 17:18:22.143,9.926
2026-01-13 17:18:22.143,9.934
2026-01-13 17:18:22.158,9.94
2026-01-13 17:18:22.175,9.94
2026-01-13 17:18:22.176,9.945
2026-01-13 17:18:22.191,9.946
2026-01-13 17:18:22.208,9.947
2026-01-13 17:18:22.226,9.944
2026-01-13 17:18:22.226,9.941
2026-01-13 17:18:22.242,9.939
2026-01-13 17:18:22.258,9.93
2026-01-13 17:18:22.277,9.934
2026-01-13 17:18:22.277,9.937
2026-01-13 17:18:22.292,9.936
2026-01-13 17:18:22.308,9.936
2026-01-13 17:18:22.309,9.939
2026-01-13 17:18:22.324,9.939
2026-01-13 17:18:22.341,9.939
2026-01-13 17:18:22.356,9.937
2026-01-13 17:18:22.356,9.932
2026-01-13 17:18:22.372,9.935
2026-01-13 17:18:22.390,9.937
2026-01-13 17:18:22.407,9.94
2026-01-13 17:18:22.407,9.938
2026-01-13 17:18:22.424,9.937
2026-01-13 17:18:22.442,9.938
2026-01-13 17:18:22.458,9.936
2026-01-13 17:18:22.475,9.936
2026-01-13 17:18:22.476,9.934
2026-01-13 17:18:22.491,9.936
2026-01-13 17:18:22.507,9.938
2026-01-13 17:18:22.527,9.935
2026-01-13 17:18:22.527,9.937
2026-01-13 17:18:22.552,9.941
2026-01-13 17:18:22.552,9.941
2026-01-13 17:18:22.559,9.941
2026-01-13 17:18:22.575,9.93
2026-01-13 17:18:22.592,9.925
2026-01-13 17:18:22.608,9.919
2026-01-13 17:18:22.610,9.914
2026-01-13 17:18:22.626,9.911
2026-01-13 17:18:22.642,9.911
2026-01-13 17:18:22.658,9.906
2026-01-13 17:18:22.658,9.898
2026-01-13 17:18:22.675,9.898
2026-01-13 17:18:22.693,9.907
2026-01-13 17:18:22.693,9.916
2026-01-13 17:18:22.708,9.911
2026-01-13 17:18:22.725,9.911
2026-01-13 17:18:22.750,9.907
2026-01-13 17:18:22.750,9.908
2026-01-13 17:18:22.758,9.912
2026-01-13 17:18:22.773,9.913
2026-01-13 17:18:22.791,9.909
2026-01-13 17:18:22.791,9.91
2026-01-13 17:18:22.809,9.912
2026-01-13 17:18:22.826,9.911
2026-01-13 17:18:22.826,9.909
2026-01-13 17:18:22.841,9.907
2026-01-13 17:18:22.858,9.906
2026-01-13 17:18:22.875,9.908
2026-01-13 17:18:22.875,9.901
2026-01-13 17:18:22.893,9.9
2026-01-13 17:18:22.909,9.894
2026-01-13 17:18:22.925,9.9
2026-01-13 17:18:22.941,9.908
2026-01-13 17:18:22.958,9.911
2026-01-13 17:18:22.958,9.908
2026-01-13 17:18:22.975,9.915
2026-01-13 17:18:22.992,9.923
2026-01-13 17:18:22.993,9.926
2026-01-13 17:18:23.008,9.928
2026-01-13 17:18:23.024,9.92
2026-01-13 17:18:23.041,9.924
2026-01-13 17:18:23.041,9.926
2026-01-13 17:18:23.056,9.928
2026-01-13 17:18:23.075,9.927
2026-01-13 17:18:23.075,9.929
2026-01-13 17:18:23.090,9.934
2026-01-13 17:18:23.107,9.931
2026-01-13 17:18:23.123,9.934
2026-01-13 17:18:23.124,9.937
2026-01-13 17:18:23.141,9.938
2026-01-13 17:18:23.156,9.936
2026-01-13 17:18:23.174,9.935
2026-01-13 17:18:23.174,9.93
2026-01-13 17:18:23.191,9.932
2026-01-13 17:18:23.208,9.932
2026-01-13 17:18:23.208,9.934
2026-01-13 17:18:23.225,9.932
2026-01-13 17:18:23.243,9.923
2026-01-13 17:18:23.258,9.919
2026-01-13 17:18:23.258,9.925
2026-01-13 17:18:23.275,9.932
2026-01-13 17:18:23.290,9.925
2026-01-13 17:18:23.309,9.922
2026-01-13 17:18:23.309,9.922
2026-01-13 17:18:23.325,9.924
2026-01-13 17:18:23.341,9.922
2026-01-13 17:18:23.341,9.926
2026-01-13 17:18:23.358,9.924
2026-01-13 17:18:23.377,9.924
2026-01-13 17:18:23.377,9.925
2026-01-13 17:18:23.391,9.925
2026-01-13 17:18:23.408,9.926
2026-01-13 17:18:23.424,9.925
2026-01-13 17:18:23.425,9.929
2026-01-13 17:18:23.441,9.931
2026-01-13 17:18:23.457,9.933
2026-01-13 17:18:23.473,9.941
2026-01-13 17:18:23.473,9.947
2026-01-13 17:18:23.491,9.946
2026-01-13 17:18:23.509,9.951
2026-01-13 17:18:23.509,9.948
2026-01-13 17:18:23.525,9.947
2026-01-13 17:18:23.541,9.945
2026-01-13 17:18:23.559,9.948
2026-01-13 17:18:23.559,9.949
2026-01-13 17:18:23.592,9.945
2026-01-13 17:18:23.592,9.946
2026-01-13 17:18:23.609,9.952
2026-01-13 17:18:23.625,9.95
2026-01-13 17:18:23.641,9.95
2026-01-13 17:18:23.642,9.949
2026-01-13 17:18:23.658,9.951
2026-01-13 17:18:23.676,9.951
2026-01-13 17:18:23.676,9.961
2026-01-13 17:18:23.691,9.966
2026-01-13 17:18:23.709,9.956
2026-01-13 17:18:23.732,9.95
2026-01-13 17:18:23.732,9.941
2026-01-13 17:18:23.740,9.937
2026-01-13 17:18:23.758,9.94
2026-01-13 17:18:23.774,9.937
2026-01-13 17:18:23.774,9.935
2026-01-13 17:18:23.792,9.932
2026-01-13 17:18:23.811,9.929
2026-01-13 17:18:23.811,9.925
2026-01-13 17:18:23.825,9.923
2026-01-13 17:18:23.841,9.924
2026-01-13 17:18:23.857,9.927
2026-01-13 17:18:23.858,9.926
2026-01-13 17:18:23.922,9.933
2026-01-13 17:18:23.923,9.939
2026-01-13 17:18:23.923,9.946
2026-01-13 17:18:23.923,9.941
2026-01-13 17:18:23.928,9.94
2026-01-13 17:18:23.942,9.941
2026-01-13 17:18:23.958,9.938
2026-01-13 17:18:23.975,9.935
2026-01-13 17:18:23.975,9.938
2026-01-13 17:18:23.991,9.934
2026-01-13 17:18:24.009,9.937
2026-01-13 17:18:24.025,9.932
2026-01-13 17:18:24.027,9.932
2026-01-13 17:18:24.041,9.932
2026-01-13 17:18:24.059,9.93
2026-01-13 17:18:24.060,9.938
2026-01-13 17:18:24.074,9.936
2026-01-13 17:18:24.091,9.936
2026-01-13 17:18:24.109,9.931
2026-01-13 17:18:24.109,9.925
2026-01-13 17:18:24.125,9.926
2026-01-13 17:18:24.142,9.924
2026-01-13 17:18:24.158,9.919
2026-01-13 17:18:24.159,9.92
2026-01-13 17:18:24.173,9.918
2026-01-13 17:18:24.192,9.918
2026-01-13 17:18:24.192,9.918
2026-01-13 17:18:24.208,9.918
2026-01-13 17:18:24.224,9.916
2026-01-13 17:18:24.242,9.916
2026-01-13 17:18:24.242,9.915
2026-01-13 17:18:24.258,9.911
2026-01-13 17:18:24.275,9.912
2026-01-13 17:18:24.276,9.909
2026-01-13 17:18:24.293,9.909
2026-01-13 17:18:24.308,9.908
2026-01-13 17:18:24.325,9.902
2026-01-13 17:18:24.325,9.903
2026-01-13 17:18:24.341,9.902
2026-01-13 17:18:24.358,9.905
2026-01-13 17:18:24.375,9.901
2026-01-13 17:18:24.375,9.894
2026-01-13 17:18:24.392,9.892
2026-01-13 17:18:24.407,9.89
2026-01-13 17:18:24.407,9.894
2026-01-13 17:18:24.426,9.896
2026-01-13 17:18:24.459,9.891
2026-01-13 17:18:24.459,9.894
2026-01-13 17:18:24.476,9.894
2026-01-13 17:18:24.492,9.897
2026-01-13 17:18:24.509,9.898
2026-01-13 17:18:24.525,9.901
2026-01-13 17:18:24.541,9.906
2026-01-13 17:18:24.541,9.908
2026-01-13 17:18:24.558,9.913
2026-01-13 17:18:24.575,9.907
2026-01-13 17:18:24.591,9.904
2026-01-13 17:18:24.591,9.9
2026-01-13 17:18:24.609,9.896
2026-01-13 17:18:24.625,9.897
2026-01-13 17:18:24.625,9.894
2026-01-13 17:18:24.641,9.893
2026-01-13 17:18:24.658,9.89
2026-01-13 17:18:24.676,9.888
2026-01-13 17:18:24.676,9.889
2026-01-13 17:18:24.691,9.89
2026-01-13 17:18:24.709,9.894
2026-01-13 17:18:24.709,9.9
2026-01-13 17:18:24.731,9.895
2026-01-13 17:18:24.740,9.89
2026-01-13 17:18:24.757,9.897
2026-01-13 17:18:24.757,9.891
2026-01-13 17:18:24.774,9.887
2026-01-13 17:18:24.790,9.879
2026-01-13 17:18:24.810,9.876
2026-01-13 17:18:24.811,9.876
2026-01-13 17:18:24.826,9.879
2026-01-13 17:18:24.841,9.876
2026-01-13 17:18:24.841,9.876
2026-01-13 17:18:24.858,9.877
2026-01-13 17:18:24.876,9.883
2026-01-13 17:18:24.876,9.886
2026-01-13 17:18:24.892,9.887
2026-01-13 17:18:24.908,9.891
2026-01-13 17:18:24.924,9.892
2026-01-13 17:18:24.924,9.893
2026-01-13 17:18:24.941,9.892
2026-01-13 17:18:24.958,9.891
2026-01-13 17:18:24.975,9.89
2026-01-13 17:18:24.975,9.892
2026-01-13 17:18:24.993,9.895
2026-01-13 17:18:25.008,9.893
2026-01-13 17:18:25.008,9.896
2026-01-13 17:18:25.024,9.898
2026-01-13 17:18:25.043,9.904
2026-01-13 17:18:25.044,9.904
2026-01-13 17:18:25.057,9.905
2026-01-13 17:18:25.074,9.911
2026-01-13 17:18:25.089,9.911
2026-01-13 17:18:25.105,9.913
2026-01-13 17:18:25.105,9.909
2026-01-13 17:18:25.124,9.91
2026-01-13 17:18:25.140,9.904
2026-01-13 17:18:25.141,9.903
2026-01-13 17:18:25.156,9.9
2026-01-13 17:18:25.172,9.902
2026-01-13 17:18:25.190,9.905
2026-01-13 17:18:25.190,9.905
2026-01-13 17:18:25.208,9.903
2026-01-13 17:18:25.223,9.896
2026-01-13 17:18:25.265,9.891
2026-01-13 17:18:25.265,9.887
2026-01-13 17:18:25.265,9.882
2026-01-13 17:18:25.265,9.872
2026-01-13 17:18:25.272,9.868
2026-01-13 17:18:25.291,9.871
2026-01-13 17:18:25.309,9.869
2026-01-13 17:18:25.309,9.875
2026-01-13 17:18:25.324,9.872
2026-01-13 17:18:25.341,9.869
2026-01-13 17:18:25.358,9.867
2026-01-13 17:18:25.358,9.862
2026-01-13 17:18:25.374,9.859
2026-01-13 17:18:25.393,9.856
2026-01-13 17:18:25.393,9.854
2026-01-13 17:18:25.407,9.848
2026-01-13 17:18:25.424,9.844
2026-01-13 17:18:25.441,9.839
2026-01-13 17:18:25.441,9.837
2026-01-13 17:18:25.457,9.836
2026-01-13 17:18:25.476,9.838
2026-01-13 17:18:25.478,9.841
2026-01-13 17:18:25.491,9.844
2026-01-13 17:18:25.508,9.844
2026-01-13 17:18:25.524,9.841
2026-01-13 17:18:25.524,9.839
2026-01-13 17:18:25.541,9.838
2026-01-13 17:18:25.557,9.845
2026-01-13 17:18:25.574,9.862
2026-01-13 17:18:25.574,9.861
2026-01-13 17:18:25.591,9.864
2026-01-13 17:18:25.608,9.863
2026-01-13 17:18:25.608,9.864
2026-01-13 17:18:25.624,9.871
2026-01-13 17:18:25.641,9.87
2026-01-13 17:18:25.658,9.86
2026-01-13 17:18:25.658,9.857
2026-01-13 17:18:25.675,9.852
2026-01-13 17:18:25.692,9.849
2026-01-13 17:18:25.692,9.848
2026-01-13 17:18:25.707,9.845
2026-01-13 17:18:25.723,9.842
2026-01-13 17:18:25.748,9.846
2026-01-13 17:18:25.749,9.852
2026-01-13 17:18:25.756,9.853
2026-01-13 17:18:25.773,9.855
2026-01-13 17:18:25.791,9.857
2026-01-13 17:18:25.791,9.86
2026-01-13 17:18:25.808,9.861
2026-01-13 17:18:25.825,9.864
2026-01-13 17:18:25.826,9.869
2026-01-13 17:18:25.842,9.88
2026-01-13 17:18:25.857,9.883
2026-01-13 17:18:25.874,9.89
2026-01-13 17:18:25.874,9.893
2026-01-13 17:18:25.890,9.896
2026-01-13 17:18:25.909,9.893
2026-01-13 17:18:25.910,9.892
2026-01-13 17:18:25.924,9.892
2026-01-13 17:18:25.942,9.901
2026-01-13 17:18:25.958,9.904
2026-01-13 17:18:25.959,9.912
2026-01-13 17:18:25.975,9.918
2026-01-13 17:18:25.991,9.92
2026-01-13 17:18:25.992,9.919
2026-01-13 17:18:26.009,9.918
2026-01-13 17:18:26.024,9.913
2026-01-13 17:18:26.041,9.912
2026-01-13 17:18:26.042,9.909
2026-01-13 17:18:26.058,9.912
2026-01-13 17:18:26.075,9.916
2026-01-13 17:18:26.076,9.922
2026-01-13 17:18:26.091,9.933
2026-01-13 17:18:26.108,9.938
2026-01-13 17:18:26.126,9.935
2026-01-13 17:18:26.126,9.933
2026-01-13 17:18:26.143,9.927
2026-01-13 17:18:26.158,9.922
2026-01-13 17:18:26.173,9.924
2026-01-13 17:18:26.174,9.915
2026-01-13 17:18:26.191,9.907
2026-01-13 17:18:26.207,9.914
2026-01-13 17:18:26.207,9.92
2026-01-13 17:18:26.225,9.93
2026-01-13 17:18:26.242,9.926
2026-01-13 17:18:26.256,9.917
2026-01-13 17:18:26.257,9.91
2026-01-13 17:18:26.275,9.902
2026-01-13 17:18:26.292,9.899
2026-01-13 17:18:26.292,9.896
2026-01-13 17:18:26.307,9.895
2026-01-13 17:18:26.324,9.897
2026-01-13 17:18:26.341,9.896
2026-01-13 17:18:26.341,9.896
2026-01-13 17:18:26.357,9.896
2026-01-13 17:18:26.373,9.888
2026-01-13 17:18:26.392,9.878
2026-01-13 17:18:26.393,9.869
2026-01-13 17:18:26.406,9.863
2026-01-13 17:18:26.424,9.862
2026-01-13 17:18:26.424,9.861
2026-01-13 17:18:26.442,9.862
2026-01-13 17:18:26.457,9.865
2026-01-13 17:18:26.474,9.869
2026-01-13 17:18:26.474,9.873
2026-01-13 17:18:26.491,9.875
2026-01-13 17:18:26.507,9.87
2026-01-13 17:18:26.507,9.867
2026-01-13 17:18:26.523,9.863
2026-01-13 17:18:26.543,9.857
2026-01-13 17:18:26.543,9.852
2026-01-13 17:18:26.556,9.851
2026-01-13 17:18:26.573,9.85
2026-01-13 17:18:26.591,9.851
2026-01-13 17:18:26.593,9.847
2026-01-13 17:18:26.606,9.844
2026-01-13 17:18:26.635,9.834
2026-01-13 17:18:26.636,9.826
2026-01-13 17:18:26.645,9.831
2026-01-13 17:18:26.657,9.819
2026-01-13 17:18:26.674,9.818
2026-01-13 17:18:26.690,9.814
2026-01-13 17:18:26.691,9.812
2026-01-13 17:18:26.707,9.822
2026-01-13 17:18:26.724,9.823
2026-01-13 17:18:26.725,9.82
2026-01-13 17:18:26.749,9.811
2026-01-13 17:18:26.749,9.809
2026-01-13 17:18:26.773,9.819
2026-01-13 17:18:26.773,9.816
2026-01-13 17:18:26.790,9.815
2026-01-13 17:18:26.809,9.819
2026-01-13 17:18:26.809,9.815
2026-01-13 17:18:26.824,9.818
2026-01-13 17:18:26.840,9.812
2026-01-13 17:18:26.857,9.804
2026-01-13 17:18:26.857,9.799
2026-01-13 17:18:26.875,9.797
2026-01-13 17:18:26.891,9.805
2026-01-13 17:18:26.892,9.8
2026-01-13 17:18:26.907,9.802
2026-01-13 17:18:26.924,9.797
2026-01-13 17:18:26.942,9.795
2026-01-13 17:18:26.943,9.798
2026-01-13 17:18:26.957,9.797
2026-01-13 17:18:26.975,9.811
2026-01-13 17:18:26.991,9.804
2026-01-13 17:18:26.992,9.804
2026-01-13 17:18:27.007,9.801
2026-01-13 17:18:27.024,9.797
2026-01-13 17:18:27.024,9.801
2026-01-13 17:18:27.041,9.796
2026-01-13 17:18:27.057,9.801
2026-01-13 17:18:27.076,9.797
2026-01-13 17:18:27.077,9.8
2026-01-13 17:18:27.092,9.802
2026-01-13 17:18:27.107,9.808
2026-01-13 17:18:27.107,9.811
2026-01-13 17:18:27.127,9.811
2026-01-13 17:18:27.143,9.819
2026-01-13 17:18:27.157,9.816
2026-01-13 17:18:27.157,9.818
2026-01-13 17:18:27.175,9.813
2026-01-13 17:18:27.192,9.81
2026-01-13 17:18:27.193,9.811
2026-01-13 17:18:27.206,9.814
2026-01-13 17:18:27.224,9.809
2026-01-13 17:18:27.241,9.812
2026-01-13 17:18:27.241,9.817
2026-01-13 17:18:27.257,9.815
2026-01-13 17:18:27.275,9.824
2026-01-13 17:18:27.275,9.825
2026-01-13 17:18:27.292,9.826
2026-01-13 17:18:27.307,9.828
2026-01-13 17:18:27.324,9.822
2026-01-13 17:18:27.325,9.822
2026-01-13 17:18:27.340,9.83
2026-01-13 17:18:27.357,9.832
2026-01-13 17:18:27.373,9.826
2026-01-13 17:18:27.373,9.83
2026-01-13 17:18:27.390,9.832
2026-01-13 17:18:27.406,9.825
2026-01-13 17:18:27.422,9.824
2026-01-13 17:18:27.422,9.828
2026-01-13 17:18:27.439,9.832
2026-01-13 17:18:27.457,9.831
2026-01-13 17:18:27.457,9.83
2026-01-13 17:18:27.472,9.826
2026-01-13 17:18:27.489,9.817
2026-01-13 17:18:27.507,9.814
2026-01-13 17:18:27.507,9.827
2026-01-13 17:18:27.523,9.826
2026-01-13 17:18:27.540,9.827
2026-01-13 17:18:27.540,9.826
2026-01-13 17:18:27.557,9.826
2026-01-13 17:18:27.573,9.826
2026-01-13 17:18:27.590,9.831
2026-01-13 17:18:27.590,9.83
2026-01-13 17:18:27.608,9.826
2026-01-13 17:18:27.624,9.828
2026-01-13 17:18:27.624,9.833
2026-01-13 17:18:27.641,9.836
2026-01-13 17:18:27.657,9.839
2026-01-13 17:18:27.674,9.837
2026-01-13 17:18:27.674,9.836
2026-01-13 17:18:27.691,9.84
2026-01-13 17:18:27.706,9.837
2026-01-13 17:18:27.730,9.829
2026-01-13 17:18:27.731,9.819
2026-01-13 17:18:27.740,9.817
2026-01-13 17:18:27.756,9.823
2026-01-13 17:18:27.756,9.826
2026-01-13 17:18:27.774,9.832
2026-01-13 17:18:27.791,9.831
2026-01-13 17:18:27.808,9.834
2026-01-13 17:18:27.808,9.841
2026-01-13 17:18:27.825,9.844
2026-01-13 17:18:27.840,9.842
2026-01-13 17:18:27.840,9.842
2026-01-13 17:18:27.857,9.848
2026-01-13 17:18:27.875,9.849
2026-01-13 17:18:27.875,9.845
2026-01-13 17:18:27.891,9.84
2026-01-13 17:18:27.907,9.837
2026-01-13 17:18:27.924,9.843
2026-01-13 17:18:27.924,9.842
2026-01-13 17:18:27.942,9.838
2026-01-13 17:18:27.957,9.843
2026-01-13 17:18:28.000,9.842
2026-01-13 17:18:28.000,9.847
2026-01-13 17:18:28.001,9.847
2026-01-13 17:18:28.001,9.852
2026-01-13 17:18:28.009,9.856
2026-01-13 17:18:28.023,9.854
2026-01-13 17:18:28.040,9.852
2026-01-13 17:18:28.058,9.854
2026-01-13 17:18:28.058,9.86
2026-01-13 17:18:28.073,9.863
2026-01-13 17:18:28.091,9.858
2026-01-13 17:18:28.092,9.861
2026-01-13 17:18:28.106,9.865
2026-01-13 17:18:28.124,9.87
2026-01-13 17:18:28.141,9.868
2026-01-13 17:18:28.142,9.862
2026-01-13 17:18:28.156,9.868
2026-01-13 17:18:28.174,9.866
2026-01-13 17:18:28.190,9.868
2026-01-13 17:18:28.190,9.87
2026-01-13 17:18:28.207,9.868
2026-01-13 17:18:28.225,9.865
2026-01-13 17:18:28.225,9.867
2026-01-13 17:18:28.241,9.863
2026-01-13 17:18:28.257,9.863
2026-01-13 17:18:28.274,9.866
2026-01-13 17:18:28.274,9.865
2026-01-13 17:18:28.291,9.87
2026-01-13 17:18:28.307,9.879
2026-01-13 17:18:28.307,9.875
2026-01-13 17:18:28.324,9.878
2026-01-13 17:18:28.342,9.883
2026-01-13 17:18:28.357,9.886
2026-01-13 17:18:28.357,9.884
2026-01-13 17:18:28.374,9.882
2026-01-13 17:18:28.392,9.877
2026-01-13 17:18:28.392,9.877
2026-01-13 17:18:28.408,9.88
2026-01-13 17:18:28.424,9.882
2026-01-13 17:18:28.442,9.887
2026-01-13 17:18:28.442,9.89
2026-01-13 17:18:28.457,9.889
2026-01-13 17:18:28.473,9.885
2026-01-13 17:18:28.490,9.884
2026-01-13 17:18:28.490,9.882
2026-01-13 17:18:28.507,9.889
2026-01-13 17:18:28.524,9.881
2026-01-13 17:18:28.524,9.876
2026-01-13 17:18:28.540,9.876
2026-01-13 17:18:28.557,9.881
2026-01-13 17:18:28.573,9.884
2026-01-13 17:18:28.574,9.886
2026-01-13 17:18:28.591,9.888
2026-01-13 17:18:28.607,9.886
2026-01-13 17:18:28.607,9.883
2026-01-13 17:18:28.624,9.887
2026-01-13 17:18:28.643,9.883
2026-01-13 17:18:28.644,9.882
2026-01-13 17:18:28.657,9.885
2026-01-13 17:18:28.674,9.885
2026-01-13 17:18:28.691,9.888
2026-01-13 17:18:28.692,9.887
2026-01-13 17:18:28.707,9.883
2026-01-13 17:18:28.724,9.883
2026-01-13 17:18:28.747,9.882
2026-01-13 17:18:28.747,9.884
2026-01-13 17:18:28.755,9.885
2026-01-13 17:18:28.773,9.886
2026-01-13 17:18:28.789,9.89
2026-01-13 17:18:28.789,9.887
2026-01-13 17:18:28.807,9.881
2026-01-13 17:18:28.823,9.885
2026-01-13 17:18:28.824,9.886
2026-01-13 17:18:28.839,9.888
2026-01-13 17:18:28.856,9.888
2026-01-13 17:18:28.874,9.885
2026-01-13 17:18:28.875,9.887
2026-01-13 17:18:28.889,9.884
2026-01-13 17:18:28.908,9.882
2026-01-13 17:18:28.909,9.877
2026-01-13 17:18:28.923,9.88
2026-01-13 17:18:28.941,9.874
2026-01-13 17:18:28.956,9.875
2026-01-13 17:18:28.957,9.87
2026-01-13 17:18:28.976,9.867
2026-01-13 17:18:28.991,9.863
2026-01-13 17:18:28.991,9.858
2026-01-13 17:18:29.007,9.858
2026-01-13 17:18:29.024,9.861
2026-01-13 17:18:29.040,9.862
2026-01-13 17:18:29.040,9.864
2026-01-13 17:18:29.057,9.867
2026-01-13 17:18:29.073,9.867
2026-01-13 17:18:29.091,9.866
2026-01-13 17:18:29.091,9.868
2026-01-13 17:18:29.107,9.868
2026-01-13 17:18:29.125,9.864
2026-01-13 17:18:29.125,9.864
2026-01-13 17:18:29.141,9.86
2026-01-13 17:18:29.156,9.859
2026-01-13 17:18:29.175,9.865
2026-01-13 17:18:29.176,9.867
2026-01-13 17:18:29.190,9.863
2026-01-13 17:18:29.208,9.862
2026-01-13 17:18:29.209,9.857
2026-01-13 17:18:29.224,9.862
2026-01-13 17:18:29.240,9.865
2026-01-13 17:18:29.257,9.867
2026-01-13 17:18:29.258,9.86
2026-01-13 17:18:29.274,9.86
2026-01-13 17:18:29.289,9.855
2026-01-13 17:18:29.307,9.852
2026-01-13 17:18:29.307,9.854
2026-01-13 17:18:29.325,9.856
2026-01-13 17:18:29.364,9.851
2026-01-13 17:18:29.364,9.852
2026-01-13 17:18:29.364,9.849
2026-01-13 17:18:29.365,9.848
2026-01-13 17:18:29.390,9.846
2026-01-13 17:18:29.390,9.852
2026-01-13 17:18:29.409,9.854
2026-01-13 17:18:29.424,9.852
2026-01-13 17:18:29.425,9.853
2026-01-13 17:18:29.439,9.851
2026-01-13 17:18:29.457,9.853
2026-01-13 17:18:29.473,9.855
2026-01-13 17:18:29.473,9.857
2026-01-13 17:18:29.490,9.855
2026-01-13 17:18:29.506,9.856
2026-01-13 17:18:29.525,9.862
2026-01-13 17:18:29.525,9.864
2026-01-13 17:18:29.541,9.864
2026-01-13 17:18:29.556,9.868
2026-01-13 17:18:29.556,9.866
2026-01-13 17:18:29.573,9.867
2026-01-13 17:18:29.590,9.873
2026-01-13 17:18:29.606,9.873
2026-01-13 17:18:29.606,9.869
2026-01-13 17:18:29.622,9.87
2026-01-13 17:18:29.639,9.866
2026-01-13 17:18:29.655,9.87
2026-01-13 17:18:29.655,9.87
2026-01-13 17:18:29.673,9.873
2026-01-13 17:18:29.689,9.87
2026-01-13 17:18:29.689,9.868
2026-01-13 17:18:29.705,9.867
2026-01-13 17:18:29.722,9.869
2026-01-13 17:18:29.723,9.865
2026-01-13 17:18:29.746,9.863
2026-01-13 17:18:29.755,9.862
2026-01-13 17:18:29.772,9.863
2026-01-13 17:18:29.772,9.861
2026-01-13 17:18:29.788,9.876
2026-01-13 17:18:29.808,9.873
2026-01-13 17:18:29.808,9.865
2026-01-13 17:18:29.824,9.872
2026-01-13 17:18:29.840,9.87
2026-01-13 17:18:29.858,9.863
2026-01-13 17:18:29.858,9.859
2026-01-13 17:18:29.873,9.861
2026-01-13 17:18:29.891,9.859
2026-01-13 17:18:29.892,9.86
2026-01-13 17:18:29.906,9.86
2026-01-13 17:18:29.924,9.856
2026-01-13 17:18:29.941,9.859
2026-01-13 17:18:29.941,9.863
2026-01-13 17:18:29.957,9.86
2026-01-13 17:18:29.974,9.861
2026-01-13 17:18:29.991,9.865
2026-01-13 17:18:29.993,9.866
2026-01-13 17:18:30.007,9.87
2026-01-13 17:18:30.024,9.872
2026-01-13 17:18:30.024,9.867
2026-01-13 17:18:30.041,9.866
2026-01-13 17:18:30.057,9.866
2026-01-13 17:18:30.073,9.867
2026-01-13 17:18:30.073,9.865
2026-01-13 17:18:30.090,9.862
2026-01-13 17:18:30.108,9.862
2026-01-13 17:18:30.108,9.865
2026-01-13 17:18:30.124,9.861
2026-01-13 17:18:30.141,9.865
2026-01-13 17:18:30.156,9.868
2026-01-13 17:18:30.157,9.868
2026-01-13 17:18:30.173,9.871
2026-01-13 17:18:30.191,9.873
2026-01-13 17:18:30.191,9.874
2026-01-13 17:18:30.206,9.871
2026-01-13 17:18:30.223,9.869
2026-01-13 17:18:30.241,9.869
2026-01-13 17:18:30.241,9.867
2026-01-13 17:18:30.257,9.866
2026-01-13 17:18:30.273,9.863
2026-01-13 17:18:30.291,9.864
2026-01-13 17:18:30.291,9.858
2026-01-13 17:18:30.307,9.856
2026-01-13 17:18:30.324,9.854
2026-01-13 17:18:30.325,9.854
2026-01-13 17:18:30.342,9.851
2026-01-13 17:18:30.357,9.845
2026-01-13 17:18:30.373,9.85
2026-01-13 17:18:30.373,9.853
2026-01-13 17:18:30.391,9.848
2026-01-13 17:18:30.407,9.848
2026-01-13 17:18:30.408,9.851
2026-01-13 17:18:30.423,9.859
2026-01-13 17:18:30.439,9.855
2026-01-13 17:18:30.457,9.847
2026-01-13 17:18:30.457,9.85
2026-01-13 17:18:30.474,9.852
2026-01-13 17:18:30.490,9.855
2026-01-13 17:18:30.507,9.855
2026-01-13 17:18:30.507,9.857
2026-01-13 17:18:30.524,9.851
2026-01-13 17:18:30.540,9.85
2026-01-13 17:18:30.540,9.854
2026-01-13 17:18:30.558,9.856
2026-01-13 17:18:30.574,9.856
2026-01-13 17:18:30.590,9.86
2026-01-13 17:18:30.591,9.866
2026-01-13 17:18:30.606,9.865
2026-01-13 17:18:30.622,9.866
2026-01-13 17:18:30.639,9.868
2026-01-13 17:18:30.639,9.871
2026-01-13 17:18:30.655,9.875
2026-01-13 17:18:30.673,9.878
2026-01-13 17:18:30.673,9.882
2026-01-13 17:18:30.690,9.879
2026-01-13 17:18:30.747,9.875
2026-01-13 17:18:30.748,9.877
2026-01-13 17:18:30.748,9.877
2026-01-13 17:18:30.748,9.879
2026-01-13 17:18:30.749,9.874
2026-01-13 17:18:30.761,9.877
2026-01-13 17:18:30.772,9.872
2026-01-13 17:18:30.789,9.876
2026-01-13 17:18:30.807,9.87
2026-01-13 17:18:30.808,9.873
2026-01-13 17:18:30.822,9.875
2026-01-13 17:18:30.841,9.867
2026-01-13 17:18:30.841,9.87
2026-01-13 17:18:30.857,9.867
2026-01-13 17:18:30.873,9.868
2026-01-13 17:18:30.891,9.874
2026-01-13 17:18:30.892,9.875
2026-01-13 17:18:30.907,9.878
2026-01-13 17:18:30.924,9.88
2026-01-13 17:18:30.924,9.874
2026-01-13 17:18:30.940,9.868
2026-01-13 17:18:30.958,9.865
2026-01-13 17:18:30.974,9.864
2026-01-13 17:18:30.974,9.867
2026-01-13 17:18:30.990,9.863
2026-01-13 17:18:31.009,9.867
2026-01-13 17:18:31.009,9.867
2026-01-13 17:18:31.023,9.865
2026-01-13 17:18:31.041,9.861
2026-01-13 17:18:31.057,9.855
2026-01-13 17:18:31.057,9.857
2026-01-13 17:18:31.074,9.853
2026-01-13 17:18:31.090,9.855
2026-01-13 17:18:31.092,9.859
2026-01-13 17:18:31.106,9.855
2026-01-13 17:18:31.123,9.86
2026-01-13 17:18:31.140,9.856
2026-01-13 17:18:31.140,9.851
2026-01-13 17:18:31.157,9.851
2026-01-13 17:18:31.175,9.856
2026-01-13 17:18:31.175,9.852
2026-01-13 17:18:31.191,9.852
2026-01-13 17:18:31.207,9.847
2026-01-13 17:18:31.224,9.851
2026-01-13 17:18:31.224,9.854
2026-01-13 17:18:31.239,9.856
2026-01-13 17:18:31.257,9.86
2026-01-13 17:18:31.275,9.86
2026-01-13 17:18:31.275,9.863
2026-01-13 17:18:31.290,9.863
2026-01-13 17:18:31.307,9.865
2026-01-13 17:18:31.308,9.864
2026-01-13 17:18:31.324,9.863
2026-01-13 17:18:31.340,9.871
2026-01-13 17:18:31.357,9.874
2026-01-13 17:18:31.358,9.878
2026-01-13 17:18:31.374,9.878
2026-01-13 17:18:31.390,9.881
2026-01-13 17:18:31.406,9.879
2026-01-13 17:18:31.408,9.876
2026-01-13 17:18:31.428,9.874
2026-01-13 17:18:31.428,9.874
2026-01-13 17:18:31.439,9.877
2026-01-13 17:18:31.457,9.872
2026-01-13 17:18:31.472,9.872
2026-01-13 17:18:31.489,9.874
2026-01-13 17:18:31.508,9.871
2026-01-13 17:18:31.524,9.87
2026-01-13 17:18:31.525,9.863
2026-01-13 17:18:31.540,9.868
2026-01-13 17:18:31.557,9.871
2026-01-13 17:18:31.575,9.875
2026-01-13 17:18:31.575,9.88
2026-01-13 17:18:31.591,9.877
2026-01-13 17:18:31.607,9.875
2026-01-13 17:18:31.623,9.872
2026-01-13 17:18:31.624,9.872
2026-01-13 17:18:31.641,9.878
2026-01-13 17:18:31.656,9.882
2026-01-13 17:18:31.656,9.892
2026-01-13 17:18:31.673,9.903
2026-01-13 17:18:31.691,9.907
2026-01-13 17:18:31.691,9.907
2026-01-13 17:18:31.707,9.902
2026-01-13 17:18:31.732,9.905
2026-01-13 17:18:31.733,9.903
2026-01-13 17:18:31.740,9.896
2026-01-13 17:18:31.756,9.898
2026-01-13 17:18:31.771,9.894
2026-01-13 17:18:31.788,9.899
2026-01-13 17:18:31.788,9.901
2026-01-13 17:18:31.804,9.898
2026-01-13 17:18:31.823,9.896
2026-01-13 17:18:31.823,9.905
2026-01-13 17:18:31.840,9.91
2026-01-13 17:18:31.871,9.913
2026-01-13 17:18:31.872,9.91
2026-01-13 17:18:31.888,9.909
2026-01-13 17:18:31.905,9.91
2026-01-13 17:18:31.922,9.912
2026-01-13 17:18:31.939,9.912
2026-01-13 17:18:31.956,9.916
2026-01-13 17:18:31.956,9.916
2026-01-13 17:18:31.973,9.916
2026-01-13 17:18:31.989,9.913
2026-01-13 17:18:32.007,9.912
2026-01-13 17:18:32.007,9.913
2026-01-13 17:18:32.025,9.912
2026-01-13 17:18:32.041,9.907
2026-01-13 17:18:32.041,9.904
2026-01-13 17:18:32.056,9.906
2026-01-13 17:18:32.084,9.902
2026-01-13 17:18:32.085,9.902
2026-01-13 17:18:32.095,9.905
2026-01-13 17:18:32.106,9.905
2026-01-13 17:18:32.123,9.905
2026-01-13 17:18:32.124,9.904
2026-01-13 17:18:32.140,9.903
2026-01-13 17:18:32.156,9.901
2026-01-13 17:18:32.173,9.903
2026-01-13 17:18:32.174,9.907
2026-01-13 17:18:32.191,9.907
2026-01-13 17:18:32.206,9.902
2026-01-13 17:18:32.223,9.9
2026-01-13 17:18:32.223,9.904
2026-01-13 17:18:32.240,9.906
2026-01-13 17:18:32.256,9.906
2026-01-13 17:18:32.256,9.908
2026-01-13 17:18:32.272,9.91
2026-01-13 17:18:32.289,9.916
2026-01-13 17:18:32.308,9.925
2026-01-13 17:18:32.308,9.929
2026-01-13 17:18:32.323,9.93
2026-01-13 17:18:32.341,9.933
2026-01-13 17:18:32.341,9.932
2026-01-13 17:18:32.356,9.935
2026-01-13 17:18:32.373,9.929
2026-01-13 17:18:32.391,9.929
2026-01-13 17:18:32.391,9.93
2026-01-13 17:18:32.406,9.937
2026-01-13 17:18:32.423,9.942
2026-01-13 17:18:32.423,9.941
2026-01-13 17:18:32.440,9.946
2026-01-13 17:18:32.456,9.952
2026-01-13 17:18:32.473,9.953
2026-01-13 17:18:32.474,9.948
2026-01-13 17:18:32.490,9.941
2026-01-13 17:18:32.506,9.944
2026-01-13 17:18:32.524,9.942
2026-01-13 17:18:32.525,9.941
2026-01-13 17:18:32.540,9.944
2026-01-13 17:18:32.556,9.94
2026-01-13 17:18:32.557,9.938
2026-01-13 17:18:32.574,9.938
2026-01-13 17:18:32.591,9.942
2026-01-13 17:18:32.605,9.941
2026-01-13 17:18:32.606,9.932
2026-01-13 17:18:32.622,9.934
2026-01-13 17:18:32.641,9.936
2026-01-13 17:18:32.641,9.936
2026-01-13 17:18:32.655,9.938
2026-01-13 17:18:32.673,9.936
2026-01-13 17:18:32.690,9.941
2026-01-13 17:18:32.690,9.94
2026-01-13 17:18:32.706,9.945
2026-01-13 17:18:32.724,9.943
2026-01-13 17:18:32.724,9.941
2026-01-13 17:18:32.747,9.944
2026-01-13 17:18:32.748,9.942
2026-01-13 17:18:32.773,9.945
2026-01-13 17:18:32.773,9.939
2026-01-13 17:18:32.790,9.944
2026-01-13 17:18:32.805,9.943
2026-01-13 17:18:32.822,9.95
2026-01-13 17:18:32.822,9.943
2026-01-13 17:18:32.842,9.944
2026-01-13 17:18:32.843,9.944
2026-01-13 17:18:32.856,9.946
2026-01-13 17:18:32.874,9.947
2026-01-13 17:18:32.889,9.947
2026-01-13 17:18:32.907,9.948
2026-01-13 17:18:32.908,9.948
2026-01-13 17:18:32.923,9.952
2026-01-13 17:18:32.940,9.949
2026-01-13 17:18:32.940,9.949
2026-01-13 17:18:32.956,9.95
2026-01-13 17:18:32.973,9.952
2026-01-13 17:18:32.991,9.951
2026-01-13 17:18:32.992,9.956
2026-01-13 17:18:33.006,9.957
2026-01-13 17:18:33.024,9.958
2026-01-13 17:18:33.024,9.951
2026-01-13 17:18:33.040,9.949
2026-01-13 17:18:33.058,9.944
2026-01-13 17:18:33.073,9.944
2026-01-13 17:18:33.074,9.939
2026-01-13 17:18:33.089,9.942
2026-01-13 17:18:33.107,9.94
2026-01-13 17:18:33.108,9.942
2026-01-13 17:18:33.123,9.941
2026-01-13 17:18:33.140,9.941
2026-01-13 17:18:33.155,9.938
2026-01-13 17:18:33.155,9.939
2026-01-13 17:18:33.171,9.934
2026-01-13 17:18:33.187,9.937
2026-01-13 17:18:33.205,9.932
2026-01-13 17:18:33.206,9.937
2026-01-13 17:18:33.223,9.934
2026-01-13 17:18:33.239,9.932
2026-01-13 17:18:33.239,9.935
2026-01-13 17:18:33.256,9.937
2026-01-13 17:18:33.272,9.941
2026-01-13 17:18:33.289,9.943
2026-01-13 17:18:33.290,9.944
2026-01-13 17:18:33.306,9.944
2026-01-13 17:18:33.322,9.943
2026-01-13 17:18:33.339,9.942
2026-01-13 17:18:33.340,9.943
2026-01-13 17:18:33.355,9.938
2026-01-13 17:18:33.372,9.94
2026-01-13 17:18:33.372,9.939
2026-01-13 17:18:33.388,9.938
2026-01-13 17:18:33.405,9.943
2026-01-13 17:18:33.448,9.947
2026-01-13 17:18:33.448,9.947
2026-01-13 17:18:33.448,9.95
2026-01-13 17:18:33.449,9.954
2026-01-13 17:18:33.455,9.952
2026-01-13 17:18:33.472,9.954
2026-01-13 17:18:33.489,9.954
2026-01-13 17:18:33.505,9.955
2026-01-13 17:18:33.505,9.957
2026-01-13 17:18:33.523,9.956
2026-01-13 17:18:33.539,9.956
2026-01-13 17:18:33.540,9.949
2026-01-13 17:18:33.573,9.947
2026-01-13 17:18:33.591,9.94
2026-01-13 17:18:33.591,9.935
2026-01-13 17:18:33.606,9.936
2026-01-13 17:18:33.623,9.934
2026-01-13 17:18:33.624,9.935
2026-01-13 17:18:33.640,9.94
2026-01-13 17:18:33.656,9.939
2026-01-13 17:18:33.672,9.939
2026-01-13 17:18:33.673,9.937
2026-01-13 17:18:33.690,9.944
2026-01-13 17:18:33.705,9.941
2026-01-13 17:18:33.723,9.935
2026-01-13 17:18:33.723,9.937
2026-01-13 17:18:33.745,9.935
2026-01-13 17:18:33.745,9.938
2026-01-13 17:18:33.755,9.939
2026-01-13 17:18:33.772,9.935
2026-01-13 17:18:33.790,9.937
2026-01-13 17:18:33.806,9.944
2026-01-13 17:18:33.806,9.95
2026-01-13 17:18:33.823,9.95
2026-01-13 17:18:33.839,9.953
2026-01-13 17:18:33.839,9.95
2026-01-13 17:18:33.856,9.955
2026-01-13 17:18:33.873,9.955
2026-01-13 17:18:33.891,9.956
2026-01-13 17:18:33.891,9.951
2026-01-13 17:18:33.907,9.948
2026-01-13 17:18:33.923,9.945
2026-01-13 17:18:33.939,9.944
2026-01-13 17:18:33.940,9.943
2026-01-13 17:18:33.956,9.95
2026-01-13 17:18:33.974,9.95
2026-01-13 17:18:33.975,9.948
2026-01-13 17:18:33.990,9.951
2026-01-13 17:18:34.006,9.946
2026-01-13 17:18:34.021,9.944
2026-01-13 17:18:34.021,9.943
2026-01-13 17:18:34.040,9.945
2026-01-13 17:18:34.054,9.946
2026-01-13 17:18:34.055,9.946
2026-01-13 17:18:34.070,9.948
2026-01-13 17:18:34.089,9.952
2026-01-13 17:18:34.105,9.956
2026-01-13 17:18:34.105,9.955
2026-01-13 17:18:34.121,9.953
2026-01-13 17:18:34.138,9.95
2026-01-13 17:18:34.156,9.95
2026-01-13 17:18:34.173,9.953
2026-01-13 17:18:34.198,9.953
2026-01-13 17:18:34.199,9.957
2026-01-13 17:18:34.200,9.951
2026-01-13 17:18:34.222,9.953
2026-01-13 17:18:34.238,9.951
2026-01-13 17:18:34.238,9.956
2026-01-13 17:18:34.256,9.955
2026-01-13 17:18:34.273,9.949
2026-01-13 17:18:34.273,9.951
2026-01-13 17:18:34.290,9.955
2026-01-13 17:18:34.305,9.953
2026-01-13 17:18:34.322,9.954
2026-01-13 17:18:34.322,9.953
2026-01-13 17:18:34.339,9.95
2026-01-13 17:18:34.356,9.954
2026-01-13 17:18:34.356,9.948
2026-01-13 17:18:34.373,9.948
2026-01-13 17:18:34.390,9.948
2026-01-13 17:18:34.405,9.945
2026-01-13 17:18:34.405,9.938
2026-01-13 17:18:34.422,9.936
2026-01-13 17:18:34.438,9.938
2026-01-13 17:18:34.455,9.937
2026-01-13 17:18:34.456,9.937
2026-01-13 17:18:34.472,9.936
2026-01-13 17:18:34.488,9.938
2026-01-13 17:18:34.488,9.939
2026-01-13 17:18:34.505,9.943
2026-01-13 17:18:34.521,9.943
2026-01-13 17:18:34.538,9.941
2026-01-13 17:18:34.538,9.943
2026-01-13 17:18:34.555,9.942
2026-01-13 17:18:34.572,9.944
2026-01-13 17:18:34.572,9.945
2026-01-13 17:18:34.588,9.943
2026-01-13 17:18:34.604,9.944
2026-01-13 17:18:34.622,9.94
2026-01-13 17:18:34.622,9.941
2026-01-13 17:18:34.638,9.941
2026-01-13 17:18:34.655,9.939
2026-01-13 17:18:34.673,9.936
2026-01-13 17:18:34.673,9.933
2026-01-13 17:18:34.688,9.935
2026-01-13 17:18:34.705,9.939
2026-01-13 17:18:34.705,9.941
2026-01-13 17:18:34.722,9.942
2026-01-13 17:18:34.743,9.939
2026-01-13 17:18:34.743,9.939
2026-01-13 17:18:34.754,9.942
2026-01-13 17:18:34.771,9.948
2026-01-13 17:18:34.788,9.95
2026-01-13 17:18:34.788,9.949
2026-01-13 17:18:34.804,9.951
2026-01-13 17:18:34.816,9.952
2026-01-13 17:18:34.838,9.953
2026-01-13 17:18:34.838,9.95
2026-01-13 17:18:34.858,9.948
2026-01-13 17:18:34.873,9.945
2026-01-13 17:18:34.873,9.941
2026-01-13 17:18:34.889,9.949
2026-01-13 17:18:34.905,9.947
2026-01-13 17:18:34.921,9.945
2026-01-13 17:18:34.921,9.95
2026-01-13 17:18:34.939,9.946
2026-01-13 17:18:34.955,9.949
2026-01-13 17:18:34.956,9.953
2026-01-13 17:18:34.973,9.953
2026-01-13 17:18:34.988,9.956
2026-01-13 17:18:35.005,9.954
2026-01-13 17:18:35.005,9.95
2026-01-13 17:18:35.024,9.952
2026-01-13 17:18:35.039,9.953
2026-01-13 17:18:35.055,9.949
2026-01-13 17:18:35.055,9.947
2026-01-13 17:18:35.073,9.951
2026-01-13 17:18:35.089,9.945
2026-01-13 17:18:35.089,9.941
2026-01-13 17:18:35.105,9.936
2026-01-13 17:18:35.122,9.935
2026-01-13 17:18:35.138,9.939
2026-01-13 17:18:35.138,9.937
2026-01-13 17:18:35.154,9.941
2026-01-13 17:18:35.172,9.938
2026-01-13 17:18:35.173,9.938
2026-01-13 17:18:35.188,9.937
2026-01-13 17:18:35.206,9.941
2026-01-13 17:18:35.223,9.941
2026-01-13 17:18:35.224,9.936
2026-01-13 17:18:35.256,9.942
2026-01-13 17:18:35.256,9.936
2026-01-13 17:18:35.275,9.929
2026-01-13 17:18:35.288,9.935
2026-01-13 17:18:35.306,9.939
2026-01-13 17:18:35.307,9.939
2026-01-13 17:18:35.323,9.931
2026-01-13 17:18:35.339,9.931
2026-01-13 17:18:35.340,9.926
2026-01-13 17:18:35.356,9.927
2026-01-13 17:18:35.375,9.923
2026-01-13 17:18:35.389,9.92
2026-01-13 17:18:35.389,9.92
2026-01-13 17:18:35.406,9.922
2026-01-13 17:18:35.421,9.92
2026-01-13 17:18:35.438,9.923
2026-01-13 17:18:35.438,9.92
2026-01-13 17:18:35.457,9.915
2026-01-13 17:18:35.472,9.917
2026-01-13 17:18:35.472,9.913
2026-01-13 17:18:35.488,9.922
2026-01-13 17:18:35.505,9.921
2026-01-13 17:18:35.521,9.921
2026-01-13 17:18:35.521,9.915
2026-01-13 17:18:35.538,9.916
2026-01-13 17:18:35.555,9.92
2026-01-13 17:18:35.556,9.923
2026-01-13 17:18:35.573,9.927
2026-01-13 17:18:35.589,9.927
2026-01-13 17:18:35.606,9.933
2026-01-13 17:18:35.606,9.925
2026-01-13 17:18:35.623,9.925
2026-01-13 17:18:35.639,9.929
2026-01-13 17:18:35.639,9.925
2026-01-13 17:18:35.655,9.929
2026-01-13 17:18:35.671,9.932
2026-01-13 17:18:35.689,9.93
2026-01-13 17:18:35.689,9.929
2026-01-13 17:18:35.706,9.932
2026-01-13 17:18:35.722,9.928
2026-01-13 17:18:35.745,9.925
2026-01-13 17:18:35.745,9.924
2026-01-13 17:18:35.755,9.926
2026-01-13 17:18:35.772,9.925
2026-01-13 17:18:35.772,9.927
2026-01-13 17:18:35.788,9.926
2026-01-13 17:18:35.806,9.926
2026-01-13 17:18:35.823,9.931
2026-01-13 17:18:35.823,9.929
2026-01-13 17:18:35.839,9.926
2026-01-13 17:18:35.856,9.927
2026-01-13 17:18:35.857,9.928
2026-01-13 17:18:35.872,9.933
2026-01-13 17:18:35.888,9.935
2026-01-13 17:18:35.905,9.934
2026-01-13 17:18:35.905,9.936
2026-01-13 17:18:35.921,9.936
2026-01-13 17:18:35.940,9.936
2026-01-13 17:18:35.940,9.939
2026-01-13 17:18:35.954,9.933
2026-01-13 17:18:35.970,9.937
2026-01-13 17:18:35.987,9.935
2026-01-13 17:18:35.988,9.937
2026-01-13 17:18:36.004,9.933
2026-01-13 17:18:36.023,9.932
2026-01-13 17:18:36.039,9.929
2026-01-13 17:18:36.039,9.928
2026-01-13 17:18:36.055,9.928
2026-01-13 17:18:36.074,9.925
2026-01-13 17:18:36.075,9.923
2026-01-13 17:18:36.088,9.919
2026-01-13 17:18:36.106,9.917
2026-01-13 17:18:36.123,9.92
2026-01-13 17:18:36.123,9.919
2026-01-13 17:18:36.139,9.91
2026-01-13 17:18:36.169,9.918
2026-01-13 17:18:36.169,9.916
2026-01-13 17:18:36.170,9.911
2026-01-13 17:18:36.189,9.912
2026-01-13 17:18:36.206,9.909
2026-01-13 17:18:36.206,9.91
2026-01-13 17:18:36.222,9.905
2026-01-13 17:18:36.239,9.904
2026-01-13 17:18:36.239,9.907
2026-01-13 17:18:36.256,9.905
2026-01-13 17:18:36.272,9.906
2026-01-13 17:18:36.288,9.904
2026-01-13 17:18:36.289,9.902
2026-01-13 17:18:36.305,9.904
2026-01-13 17:18:36.322,9.904
2026-01-13 17:18:36.339,9.908
2026-01-13 17:18:36.339,9.914
2026-01-13 17:18:36.354,9.916
2026-01-13 17:18:36.371,9.91
2026-01-13 17:18:36.371,9.91
2026-01-13 17:18:36.388,9.912
2026-01-13 17:18:36.405,9.908
2026-01-13 17:18:36.422,9.913
2026-01-13 17:18:36.422,9.91
2026-01-13 17:18:36.438,9.912
2026-01-13 17:18:36.454,9.915
2026-01-13 17:18:36.472,9.916
2026-01-13 17:18:36.472,9.916
2026-01-13 17:18:36.490,9.918
2026-01-13 17:18:36.491,9.927
2026-01-13 17:18:36.505,9.928
2026-01-13 17:18:36.522,9.917
2026-01-13 17:18:36.539,9.922
2026-01-13 17:18:36.540,9.928
2026-01-13 17:18:36.555,9.923
2026-01-13 17:18:36.572,9.93
2026-01-13 17:18:36.590,9.933
2026-01-13 17:18:36.590,9.927
2026-01-13 17:18:36.605,9.93
2026-01-13 17:18:36.621,9.927
2026-01-13 17:18:36.639,9.927
2026-01-13 17:18:36.639,9.926
2026-01-13 17:18:36.655,9.93
2026-01-13 17:18:36.673,9.926
2026-01-13 17:18:36.673,9.931
2026-01-13 17:18:36.687,9.933
2026-01-13 17:18:36.706,9.931
2026-01-13 17:18:36.722,9.931
2026-01-13 17:18:36.722,9.924
2026-01-13 17:18:36.744,9.931
2026-01-13 17:18:36.744,9.93
2026-01-13 17:18:36.756,9.931
2026-01-13 17:18:36.772,9.929
2026-01-13 17:18:36.789,9.928
2026-01-13 17:18:36.804,9.928
2026-01-13 17:18:36.805,9.928
2026-01-13 17:18:36.823,9.934
2026-01-13 17:18:36.839,9.932
2026-01-13 17:18:36.840,9.93
2026-01-13 17:18:36.854,9.931
2026-01-13 17:18:36.871,9.928
2026-01-13 17:18:36.888,9.926
2026-01-13 17:18:36.889,9.927
2026-01-13 17:18:36.905,9.928
2026-01-13 17:18:36.922,9.931
2026-01-13 17:18:36.923,9.927
2026-01-13 17:18:36.939,9.925
2026-01-13 17:18:36.955,9.923
2026-01-13 17:18:36.971,9.93
2026-01-13 17:18:36.972,9.936
2026-01-13 17:18:36.988,9.936
2026-01-13 17:18:37.003,9.939
2026-01-13 17:18:37.022,9.94
2026-01-13 17:18:37.023,9.941
2026-01-13 17:18:37.040,9.945
2026-01-13 17:18:37.055,9.939
2026-01-13 17:18:37.055,9.94
2026-01-13 17:18:37.072,9.942
2026-01-13 17:18:37.088,9.945
2026-01-13 17:18:37.106,9.94
2026-01-13 17:18:37.106,9.936
2026-01-13 17:18:37.122,9.934
2026-01-13 17:18:37.138,9.929
2026-01-13 17:18:37.155,9.93
2026-01-13 17:18:37.155,9.938
2026-01-13 17:18:37.173,9.938
2026-01-13 17:18:37.188,9.936
2026-01-13 17:18:37.188,9.938
2026-01-13 17:18:37.203,9.943
2026-01-13 17:18:37.222,9.941
2026-01-13 17:18:37.238,9.936
2026-01-13 17:18:37.238,9.937
2026-01-13 17:18:37.254,9.934
2026-01-13 17:18:37.271,9.929
2026-01-13 17:18:37.286,9.926
2026-01-13 17:18:37.287,9.917
2026-01-13 17:18:37.304,9.911
2026-01-13 17:18:37.320,9.917
2026-01-13 17:18:37.320,9.915
2026-01-13 17:18:37.339,9.913
2026-01-13 17:18:37.354,9.917
2026-01-13 17:18:37.370,9.922
2026-01-13 17:18:37.370,9.916
2026-01-13 17:18:37.388,9.916
2026-01-13 17:18:37.403,9.915
2026-01-13 17:18:37.403,9.914
2026-01-13 17:18:37.419,9.919
2026-01-13 17:18:37.438,9.911
2026-01-13 17:18:37.453,9.911
2026-01-13 17:18:37.453,9.913
2026-01-13 17:18:37.471,9.912
2026-01-13 17:18:37.487,9.908
2026-01-13 17:18:37.487,9.907
2026-01-13 17:18:37.503,9.915
2026-01-13 17:18:37.531,9.912
2026-01-13 17:18:37.532,9.909
2026-01-13 17:18:37.539,9.907
2026-01-13 17:18:37.554,9.908
2026-01-13 17:18:37.571,9.909
2026-01-13 17:18:37.571,9.911
2026-01-13 17:18:37.587,9.903
2026-01-13 17:18:37.604,9.903
2026-01-13 17:18:37.621,9.902
2026-01-13 17:18:37.621,9.901
2026-01-13 17:18:37.637,9.9
2026-01-13 17:18:37.655,9.908
2026-01-13 17:18:37.655,9.906
2026-01-13 17:18:37.671,9.903
2026-01-13 17:18:37.687,9.908
2026-01-13 17:18:37.704,9.904
2026-01-13 17:18:37.720,9.912
2026-01-13 17:18:37.740,9.911
2026-01-13 17:18:37.740,9.919
2026-01-13 17:18:37.754,9.918
2026-01-13 17:18:37.771,9.926
2026-01-13 17:18:37.788,9.923
2026-01-13 17:18:37.788,9.921
2026-01-13 17:18:37.807,9.923
2026-01-13 17:18:37.823,9.924
2026-01-13 17:18:37.824,9.918
2026-01-13 17:18:37.838,9.923
2026-01-13 17:18:37.855,9.931
2026-01-13 17:18:37.872,9.927
2026-01-13 17:18:37.872,9.924
2026-01-13 17:18:37.889,9.928
2026-01-13 17:18:37.905,9.925
2026-01-13 17:18:37.924,9.921
2026-01-13 17:18:37.924,9.923
2026-01-13 17:18:37.940,9.922
2026-01-13 17:18:37.955,9.922
2026-01-13 17:18:37.955,9.922
2026-01-13 17:18:37.973,9.926
2026-01-13 17:18:37.990,9.928
2026-01-13 17:18:37.991,9.927
2026-01-13 17:18:38.005,9.931
2026-01-13 17:18:38.022,9.925
2026-01-13 17:18:38.037,9.927
2026-01-13 17:18:38.055,9.926
2026-01-13 17:18:38.056,9.925
2026-01-13 17:18:38.072,9.922
2026-01-13 17:18:38.089,9.92
2026-01-13 17:18:38.089,9.923
2026-01-13 17:18:38.105,9.916
2026-01-13 17:18:38.123,9.915
2026-01-13 17:18:38.124,9.922
2026-01-13 17:18:38.141,9.922
2026-01-13 17:18:38.154,9.924
2026-01-13 17:18:38.171,9.922
2026-01-13 17:18:38.171,9.927
2026-01-13 17:18:38.189,9.931
2026-01-13 17:18:38.205,9.932
2026-01-13 17:18:38.222,9.941
2026-01-13 17:18:38.223,9.94
2026-01-13 17:18:38.239,9.936
2026-01-13 17:18:38.255,9.94
2026-01-13 17:18:38.256,9.94
2026-01-13 17:18:38.276,9.942
2026-01-13 17:18:38.289,9.937
2026-01-13 17:18:38.305,9.936
2026-01-13 17:18:38.307,9.938
2026-01-13 17:18:38.322,9.933
2026-01-13 17:18:38.338,9.932
2026-01-13 17:18:38.355,9.933
2026-01-13 17:18:38.355,9.929
2026-01-13 17:18:38.374,9.928
2026-01-13 17:18:38.389,9.93
2026-01-13 17:18:38.389,9.929
2026-01-13 17:18:38.405,9.927
2026-01-13 17:18:38.423,9.929
2026-01-13 17:18:38.424,9.931
2026-01-13 17:18:38.439,9.93
2026-01-13 17:18:38.455,9.928
2026-01-13 17:18:38.473,9.929
2026-01-13 17:18:38.473,9.926
2026-01-13 17:18:38.489,9.923
2026-01-13 17:18:38.505,9.922
2026-01-13 17:18:38.521,9.917
2026-01-13 17:18:38.521,9.917
2026-01-13 17:18:38.539,9.919
2026-01-13 17:18:38.555,9.922
2026-01-13 17:18:38.555,9.922
2026-01-13 17:18:38.572,9.919
2026-01-13 17:18:38.588,9.91
2026-01-13 17:18:38.604,9.914
2026-01-13 17:18:38.604,9.91
2026-01-13 17:18:38.621,9.908
2026-01-13 17:18:38.639,9.909
2026-01-13 17:18:38.639,9.909
2026-01-13 17:18:38.655,9.91
2026-01-13 17:18:38.672,9.911
2026-01-13 17:18:38.689,9.923
2026-01-13 17:18:38.689,9.925
2026-01-13 17:18:38.705,9.923
2026-01-13 17:18:38.722,9.92
2026-01-13 17:18:38.744,9.917
2026-01-13 17:18:38.744,9.919
2026-01-13 17:18:38.755,9.916
2026-01-13 17:18:38.770,9.914
2026-01-13 17:18:38.787,9.914
2026-01-13 17:18:38.787,9.917
2026-01-13 17:18:38.805,9.913
2026-01-13 17:18:38.821,9.91
2026-01-13 17:18:38.821,9.912
2026-01-13 17:18:38.837,9.915
2026-01-13 17:18:38.855,9.91
2026-01-13 17:18:38.855,9.914
2026-01-13 17:18:38.902,9.92
2026-01-13 17:18:38.902,9.925
2026-01-13 17:18:38.906,9.924
2026-01-13 17:18:38.921,9.929
2026-01-13 17:18:38.937,9.932
2026-01-13 17:18:38.954,9.93
2026-01-13 17:18:38.954,9.933
2026-01-13 17:18:38.971,9.931
2026-01-13 17:18:38.988,9.935
2026-01-13 17:18:38.988,9.937
2026-01-13 17:18:39.005,9.94
2026-01-13 17:18:39.021,9.943
2026-01-13 17:18:39.037,9.94
2026-01-13 17:18:39.037,9.939
2026-01-13 17:18:39.054,9.941
2026-01-13 17:18:39.072,9.938
2026-01-13 17:18:39.072,9.932
2026-01-13 17:18:39.088,9.935
2026-01-13 17:18:39.104,9.931
2026-01-13 17:18:39.122,9.937
2026-01-13 17:18:39.122,9.942
2026-01-13 17:18:39.139,9.937
2026-01-13 17:18:39.154,9.934
2026-01-13 17:18:39.171,9.934
2026-01-13 17:18:39.171,9.926
2026-01-13 17:18:39.187,9.928
2026-01-13 17:18:39.205,9.929
2026-01-13 17:18:39.205,9.927
2026-01-13 17:18:39.220,9.925
2026-01-13 17:18:39.238,9.923
2026-01-13 17:18:39.254,9.923
2026-01-13 17:18:39.254,9.922
2026-01-13 17:18:39.270,9.915
2026-01-13 17:18:39.289,9.916
2026-01-13 17:18:39.289,9.917
2026-01-13 17:18:39.304,9.913
2026-01-13 17:18:39.320,9.918
2026-01-13 17:18:39.336,9.921
2026-01-13 17:18:39.337,9.919
2026-01-13 17:18:39.354,9.921
2026-01-13 17:18:39.371,9.922
2026-01-13 17:18:39.389,9.918
2026-01-13 17:18:39.390,9.924
2026-01-13 17:18:39.405,9.923
2026-01-13 17:18:39.423,9.924
2026-01-13 17:18:39.423,9.929
2026-01-13 17:18:39.438,9.928
2026-01-13 17:18:39.457,9.931
2026-01-13 17:18:39.458,9.931
2026-01-13 17:18:39.471,9.933
2026-01-13 17:18:39.489,9.933
2026-01-13 17:18:39.504,9.934
2026-01-13 17:18:39.504,9.937
2026-01-13 17:18:39.522,9.929
2026-01-13 17:18:39.540,9.93
2026-01-13 17:18:39.540,9.941
2026-01-13 17:18:39.555,9.937
2026-01-13 17:18:39.572,9.946
2026-01-13 17:18:39.590,9.946
2026-01-13 17:18:39.591,9.948
2026-01-13 17:18:39.605,9.949
2026-01-13 17:18:39.621,9.944
2026-01-13 17:18:39.642,9.943
2026-01-13 17:18:39.642,9.945
2026-01-13 17:18:39.655,9.946
2026-01-13 17:18:39.671,9.948
2026-01-13 17:18:39.672,9.945
2026-01-13 17:18:39.689,9.954
2026-01-13 17:18:39.705,9.958
2026-01-13 17:18:39.732,9.951
2026-01-13 17:18:39.732,9.954
2026-01-13 17:18:39.732,9.952
2026-01-13 17:18:39.755,9.957
2026-01-13 17:18:39.755,9.953
2026-01-13 17:18:39.771,9.952
2026-01-13 17:18:39.787,9.951
2026-01-13 17:18:39.805,9.954
2026-01-13 17:18:39.807,9.959
2026-01-13 17:18:39.826,9.957
2026-01-13 17:18:39.840,9.955
2026-01-13 17:18:39.840,9.949
2026-01-13 17:18:39.855,9.954
2026-01-13 17:18:39.871,9.953
2026-01-13 17:18:39.891,9.956
2026-01-13 17:18:39.892,9.95
2026-01-13 17:18:39.905,9.942
2026-01-13 17:18:39.922,9.945
2026-01-13 17:18:39.939,9.942
2026-01-13 17:18:39.939,9.941
2026-01-13 17:18:39.955,9.944
2026-01-13 17:18:39.971,9.939
2026-01-13 17:18:39.971,9.936
2026-01-13 17:18:39.988,9.936
2026-01-13 17:18:40.005,9.933
2026-01-13 17:18:40.022,9.928
2026-01-13 17:18:40.022,9.93
2026-01-13 17:18:40.039,9.933
2026-01-13 17:18:40.054,9.938
2026-01-13 17:18:40.071,9.933
2026-01-13 17:18:40.071,9.938
2026-01-13 17:18:40.088,9.94
2026-01-13 17:18:40.105,9.935
2026-01-13 17:18:40.106,9.934
2026-01-13 17:18:40.123,9.935
2026-01-13 17:18:40.139,9.932
2026-01-13 17:18:40.139,9.931
2026-01-13 17:18:40.155,9.937
2026-01-13 17:18:40.172,9.939
2026-01-13 17:18:40.189,9.94
2026-01-13 17:18:40.189,9.942
2026-01-13 17:18:40.205,9.939
2026-01-13 17:18:40.222,9.936
2026-01-13 17:18:40.223,9.94
2026-01-13 17:18:40.262,9.934
2026-01-13 17:18:40.263,9.937
2026-01-13 17:18:40.263,9.929
2026-01-13 17:18:40.271,9.93
2026-01-13 17:18:40.287,9.946
2026-01-13 17:18:40.307,9.944
2026-01-13 17:18:40.307,9.94
2026-01-13 17:18:40.322,9.933
2026-01-13 17:18:40.338,9.932
2026-01-13 17:18:40.354,9.941
2026-01-13 17:18:40.373,9.933
2026-01-13 17:18:40.374,9.933
2026-01-13 17:18:40.389,9.928
2026-01-13 17:18:40.404,9.927
2026-01-13 17:18:40.405,9.927
2026-01-13 17:18:40.420,9.926
2026-01-13 17:18:40.437,9.928
2026-01-13 17:18:40.454,9.927
2026-01-13 17:18:40.455,9.919
2026-01-13 17:18:40.472,9.914
2026-01-13 17:18:40.488,9.915
2026-01-13 17:18:40.488,9.913
2026-01-13 17:18:40.504,9.908
2026-01-13 17:18:40.524,9.909
2026-01-13 17:18:40.524,9.915
2026-01-13 17:18:40.538,9.913
2026-01-13 17:18:40.555,9.911
2026-01-13 17:18:40.574,9.906
2026-01-13 17:18:40.575,9.902
2026-01-13 17:18:40.588,9.905
2026-01-13 17:18:40.605,9.903
2026-01-13 17:18:40.622,9.903
2026-01-13 17:18:40.623,9.909
2026-01-13 17:18:40.639,9.914
2026-01-13 17:18:40.655,9.919
2026-01-13 17:18:40.655,9.922
2026-01-13 17:18:40.672,9.922
2026-01-13 17:18:40.691,9.932
2026-01-13 17:18:40.692,9.93
2026-01-13 17:18:40.704,9.928
2026-01-13 17:18:40.721,9.934
2026-01-13 17:18:40.746,9.931
2026-01-13 17:18:40.747,9.929
2026-01-13 17:18:40.754,9.93
2026-01-13 17:18:40.770,9.94
2026-01-13 17:18:40.787,9.932
2026-01-13 17:18:40.787,9.928
2026-01-13 17:18:40.804,9.923
2026-01-13 17:18:40.821,9.914
2026-01-13 17:18:40.838,9.922
2026-01-13 17:18:40.838,9.921
2026-01-13 17:18:40.854,9.912
2026-01-13 17:18:40.871,9.911
2026-01-13 17:18:40.871,9.909
2026-01-13 17:18:40.887,9.91
2026-01-13 17:18:40.904,9.911
2026-01-13 17:18:40.921,9.908
2026-01-13 17:18:40.921,9.908
2026-01-13 17:18:40.939,9.905
2026-01-13 17:18:40.954,9.911
2026-01-13 17:18:40.955,9.912
2026-01-13 17:18:40.972,9.906
2026-01-13 17:18:41.008,9.909
2026-01-13 17:18:41.008,9.908
2026-01-13 17:18:41.021,9.917
2026-01-13 17:18:41.039,9.918
2026-01-13 17:18:41.040,9.918
2026-01-13 17:18:41.054,9.926
2026-01-13 17:18:41.070,9.924
2026-01-13 17:18:41.088,9.925
2026-01-13 17:18:41.088,9.931
2026-01-13 17:18:41.105,9.935
2026-01-13 17:18:41.121,9.938
2026-01-13 17:18:41.123,9.939
2026-01-13 17:18:41.139,9.932
2026-01-13 17:18:41.155,9.935
2026-01-13 17:18:41.170,9.933
2026-01-13 17:18:41.188,9.929
2026-01-13 17:18:41.188,9.928
2026-01-13 17:18:41.206,9.924
2026-01-13 17:18:41.223,9.923
2026-01-13 17:18:41.223,9.927
2026-01-13 17:18:41.239,9.927
2026-01-13 17:18:41.255,9.921
2026-01-13 17:18:41.256,9.924
2026-01-13 17:18:41.271,9.921
2026-01-13 17:18:41.288,9.917
2026-01-13 17:18:41.306,9.928
2026-01-13 17:18:41.306,9.929
2026-01-13 17:18:41.323,9.924
2026-01-13 17:18:41.339,9.92
2026-01-13 17:18:41.339,9.925
2026-01-13 17:18:41.354,9.922
2026-01-13 17:18:41.372,9.918
2026-01-13 17:18:41.389,9.916
2026-01-13 17:18:41.390,9.916
2026-01-13 17:18:41.405,9.916
2026-01-13 17:18:41.422,9.911
2026-01-13 17:18:41.439,9.913
2026-01-13 17:18:41.439,9.918
2026-01-13 17:18:41.455,9.917
2026-01-13 17:18:41.472,9.913
2026-01-13 17:18:41.472,9.917
2026-01-13 17:18:41.488,9.916
2026-01-13 17:18:41.505,9.913
2026-01-13 17:18:41.523,9.921
2026-01-13 17:18:41.523,9.924
2026-01-13 17:18:41.539,9.921
2026-01-13 17:18:41.555,9.921
2026-01-13 17:18:41.555,9.918
2026-01-13 17:18:41.571,9.916
2026-01-13 17:18:41.588,9.917
2026-01-13 17:18:41.604,9.919
2026-01-13 17:18:41.604,9.916
2026-01-13 17:18:41.632,9.922
2026-01-13 17:18:41.633,9.924
2026-01-13 17:18:41.641,9.921
2026-01-13 17:18:41.654,9.926
2026-01-13 17:18:41.671,9.927
2026-01-13 17:18:41.686,9.918
2026-01-13 17:18:41.706,9.918
2026-01-13 17:18:41.706,9.922
2026-01-13 17:18:41.722,9.915
2026-01-13 17:18:41.745,9.917
2026-01-13 17:18:41.745,9.916
2026-01-13 17:18:41.754,9.915
2026-01-13 17:18:41.771,9.913
2026-01-13 17:18:41.771,9.917
2026-01-13 17:18:41.788,9.919
2026-01-13 17:18:41.805,9.918
2026-01-13 17:18:41.822,9.923
2026-01-13 17:18:41.823,9.926
2026-01-13 17:18:41.839,9.923
2026-01-13 17:18:41.855,9.925
2026-01-13 17:18:41.871,9.924
2026-01-13 17:18:41.871,9.92
2026-01-13 17:18:41.890,9.92
2026-01-13 17:18:41.904,9.919
2026-01-13 17:18:41.904,9.917
2026-01-13 17:18:41.921,9.918
2026-01-13 17:18:41.938,9.916
2026-01-13 17:18:41.955,9.912
2026-01-13 17:18:41.956,9.916
2026-01-13 17:18:41.972,9.919
2026-01-13 17:18:41.988,9.923
2026-01-13 17:18:41.988,9.924
2026-01-13 17:18:42.004,9.921
2026-01-13 17:18:42.023,9.922
2026-01-13 17:18:42.024,9.92
2026-01-13 17:18:42.038,9.92
2026-01-13 17:18:42.054,9.922
2026-01-13 17:18:42.071,9.92
2026-01-13 17:18:42.072,9.919
2026-01-13 17:18:42.088,9.922
2026-01-13 17:18:42.107,9.923
2026-01-13 17:18:42.107,9.92
2026-01-13 17:18:42.122,9.916
2026-01-13 17:18:42.138,9.92
2026-01-13 17:18:42.154,9.918
2026-01-13 17:18:42.171,9.916
2026-01-13 17:18:42.172,9.917
2026-01-13 17:18:42.188,9.913
2026-01-13 17:18:42.204,9.914
2026-01-13 17:18:42.204,9.916
2026-01-13 17:18:42.220,9.912
2026-01-13 17:18:42.238,9.918
2026-01-13 17:18:42.254,9.921
2026-01-13 17:18:42.254,9.925
2026-01-13 17:18:42.270,9.927
2026-01-13 17:18:42.287,9.925
2026-01-13 17:18:42.287,9.921
2026-01-13 17:18:42.304,9.92
2026-01-13 17:18:42.320,9.922
2026-01-13 17:18:42.338,9.921
2026-01-13 17:18:42.338,9.919
2026-01-13 17:18:42.353,9.914
2026-01-13 17:18:42.371,9.913
2026-01-13 17:18:42.372,9.908
2026-01-13 17:18:42.387,9.908
2026-01-13 17:18:42.405,9.909
2026-01-13 17:18:42.421,9.91
2026-01-13 17:18:42.421,9.911
2026-01-13 17:18:42.438,9.914
2026-01-13 17:18:42.453,9.92
2026-01-13 17:18:42.471,9.918
2026-01-13 17:18:42.471,9.92
2026-01-13 17:18:42.488,9.918
2026-01-13 17:18:42.507,9.914
2026-01-13 17:18:42.507,9.914
2026-01-13 17:18:42.521,9.917
2026-01-13 17:18:42.538,9.912
2026-01-13 17:18:42.553,9.91
2026-01-13 17:18:42.554,9.913
2026-01-13 17:18:42.572,9.911
2026-01-13 17:18:42.588,9.904
2026-01-13 17:18:42.588,9.905
2026-01-13 17:18:42.604,9.9
2026-01-13 17:18:42.621,9.897
2026-01-13 17:18:42.639,9.899
2026-01-13 17:18:42.639,9.898
2026-01-13 17:18:42.656,9.896
2026-01-13 17:18:42.671,9.903
2026-01-13 17:18:42.672,9.899
2026-01-13 17:18:42.687,9.901
2026-01-13 17:18:42.706,9.911
2026-01-13 17:18:42.721,9.91
2026-01-13 17:18:42.722,9.913
2026-01-13 17:18:42.744,9.918
2026-01-13 17:18:42.745,9.922
2026-01-13 17:18:42.771,9.92
2026-01-13 17:18:42.771,9.92
2026-01-13 17:18:42.788,9.92
2026-01-13 17:18:42.805,9.917
2026-01-13 17:18:42.805,9.915
2026-01-13 17:18:42.825,9.914
2026-01-13 17:18:42.838,9.915
2026-01-13 17:18:42.854,9.921
2026-01-13 17:18:42.854,9.924
2026-01-13 17:18:42.871,9.929
2026-01-13 17:18:42.890,9.928
2026-01-13 17:18:42.890,9.929
2026-01-13 17:18:42.905,9.93
2026-01-13 17:18:42.921,9.927
2026-01-13 17:18:42.938,9.927
2026-01-13 17:18:42.939,9.92
2026-01-13 17:18:42.955,9.917
2026-01-13 17:18:42.983,9.918
2026-01-13 17:18:42.984,9.913
2026-01-13 17:18:43.005,9.912
2026-01-13 17:18:43.021,9.905
2026-01-13 17:18:43.021,9.906
2026-01-13 17:18:43.037,9.908
2026-01-13 17:18:43.054,9.906
2026-01-13 17:18:43.071,9.913
2026-01-13 17:18:43.087,9.915
2026-01-13 17:18:43.103,9.917
2026-01-13 17:18:43.104,9.928
2026-01-13 17:18:43.120,9.931
2026-01-13 17:18:43.137,9.931
2026-01-13 17:18:43.153,9.936
2026-01-13 17:18:43.153,9.93
2026-01-13 17:18:43.171,9.933
2026-01-13 17:18:43.188,9.936
2026-01-13 17:18:43.188,9.933
2026-01-13 17:18:43.205,9.935
2026-01-13 17:18:43.220,9.933
2026-01-13 17:18:43.237,9.936
2026-01-13 17:18:43.254,9.935
2026-01-13 17:18:43.272,9.941
2026-01-13 17:18:43.272,9.946
2026-01-13 17:18:43.288,9.946
2026-01-13 17:18:43.304,9.952
2026-01-13 17:18:43.322,9.953
2026-01-13 17:18:43.323,9.95
2026-01-13 17:18:43.338,9.95
2026-01-13 17:18:43.355,9.95
2026-01-13 17:18:43.371,9.944
2026-01-13 17:18:43.372,9.942
2026-01-13 17:18:43.390,9.944
2026-01-13 17:18:43.404,9.94
2026-01-13 17:18:43.404,9.941
2026-01-13 17:18:43.421,9.943
2026-01-13 17:18:43.438,9.941
2026-01-13 17:18:43.456,9.943
2026-01-13 17:18:43.457,9.942
2026-01-13 17:18:43.472,9.938
2026-01-13 17:18:43.489,9.941
2026-01-13 17:18:43.489,9.94
2026-01-13 17:18:43.505,9.94
2026-01-13 17:18:43.521,9.942
2026-01-13 17:18:43.539,9.945
2026-01-13 17:18:43.539,9.948
2026-01-13 17:18:43.554,9.947
2026-01-13 17:18:43.571,9.941
2026-01-13 17:18:43.571,9.939
2026-01-13 17:18:43.587,9.941
2026-01-13 17:18:43.605,9.936
2026-01-13 17:18:43.621,9.939
2026-01-13 17:18:43.622,9.939
2026-01-13 17:18:43.638,9.934
2026-01-13 17:18:43.653,9.933
2026-01-13 17:18:43.672,9.928
2026-01-13 17:18:43.672,9.932
2026-01-13 17:18:43.688,9.932
2026-01-13 17:18:43.703,9.923
2026-01-13 17:18:43.703,9.924
2026-01-13 17:18:43.720,9.923
2026-01-13 17:18:43.746,9.927
2026-01-13 17:18:43.746,9.933
2026-01-13 17:18:43.753,9.931
2026-01-13 17:18:43.770,9.93
2026-01-13 17:18:43.788,9.931
2026-01-13 17:18:43.788,9.934
2026-01-13 17:18:43.803,9.931
2026-01-13 17:18:43.822,9.94
2026-01-13 17:18:43.836,9.94
2026-01-13 17:18:43.836,9.943
2026-01-13 17:18:43.854,9.938
2026-01-13 17:18:43.871,9.94
2026-01-13 17:18:43.872,9.938
2026-01-13 17:18:43.888,9.935
2026-01-13 17:18:43.904,9.933
2026-01-13 17:18:43.922,9.936
2026-01-13 17:18:43.922,9.934
2026-01-13 17:18:43.938,9.931
2026-01-13 17:18:43.954,9.93
2026-01-13 17:18:43.972,9.93
2026-01-13 17:18:43.973,9.927
2026-01-13 17:18:43.988,9.928
2026-01-13 17:18:44.004,9.93
2026-01-13 17:18:44.004,9.937
2026-01-13 17:18:44.023,9.933
2026-01-13 17:18:44.038,9.934
2026-01-13 17:18:44.054,9.94
2026-01-13 17:18:44.054,9.934
2026-01-13 17:18:44.072,9.931
2026-01-13 17:18:44.087,9.929
2026-01-13 17:18:44.087,9.931
2026-01-13 17:18:44.103,9.929
2026-01-13 17:18:44.121,9.931
2026-01-13 17:18:44.139,9.931
2026-01-13 17:18:44.139,9.923
2026-01-13 17:18:44.154,9.921
2026-01-13 17:18:44.170,9.924
2026-01-13 17:18:44.189,9.926
2026-01-13 17:18:44.189,9.926
2026-01-13 17:18:44.204,9.922
2026-01-13 17:18:44.221,9.919
2026-01-13 17:18:44.221,9.924
2026-01-13 17:18:44.241,9.926
2026-01-13 17:18:44.254,9.925
2026-01-13 17:18:44.270,9.928
2026-01-13 17:18:44.271,9.929
2026-01-13 17:18:44.288,9.929
2026-01-13 17:18:44.305,9.927
2026-01-13 17:18:44.305,9.924
2026-01-13 17:18:44.366,9.918
2026-01-13 17:18:44.368,9.917
2026-01-13 17:18:44.368,9.917
2026-01-13 17:18:44.368,9.917
2026-01-13 17:18:44.368,9.918
2026-01-13 17:18:44.375,9.922
2026-01-13 17:18:44.389,9.922
2026-01-13 17:18:44.404,9.92
2026-01-13 17:18:44.421,9.915
2026-01-13 17:18:44.438,9.913
2026-01-13 17:18:44.438,9.912
2026-01-13 17:18:44.454,9.913
2026-01-13 17:18:44.472,9.917
2026-01-13 17:18:44.472,9.915
2026-01-13 17:18:44.487,9.916
2026-01-13 17:18:44.506,9.915
2026-01-13 17:18:44.522,9.918
2026-01-13 17:18:44.522,9.923
2026-01-13 17:18:44.538,9.923
2026-01-13 17:18:44.554,9.922
2026-01-13 17:18:44.554,9.924
2026-01-13 17:18:44.571,9.921
2026-01-13 17:18:44.587,9.921
2026-01-13 17:18:44.606,9.916
2026-01-13 17:18:44.606,9.913
2026-01-13 17:18:44.622,9.915
2026-01-13 17:18:44.639,9.916
2026-01-13 17:18:44.655,9.917
2026-01-13 17:18:44.656,9.916
2026-01-13 17:18:44.674,9.914
2026-01-13 17:18:44.688,9.92
2026-01-13 17:18:44.689,9.92
2026-01-13 17:18:44.704,9.928
2026-01-13 17:18:44.722,9.924
2026-01-13 17:18:44.746,9.919
2026-01-13 17:18:44.746,9.923
2026-01-13 17:18:44.753,9.927
2026-01-13 17:18:44.771,9.931
2026-01-13 17:18:44.771,9.933
2026-01-13 17:18:44.786,9.939
2026-01-13 17:18:44.806,9.936
2026-01-13 17:18:44.807,9.932
2026-01-13 17:18:44.821,9.93
2026-01-13 17:18:44.838,9.929
2026-01-13 17:18:44.854,9.925
2026-01-13 17:18:44.872,9.922
2026-01-13 17:18:44.872,9.923
2026-01-13 17:18:44.888,9.929
2026-01-13 17:18:44.904,9.93
2026-01-13 17:18:44.904,9.929
2026-01-13 17:18:44.921,9.927
2026-01-13 17:18:44.937,9.924
2026-01-13 17:18:44.954,9.921
2026-01-13 17:18:44.955,9.922
2026-01-13 17:18:44.971,9.924
2026-01-13 17:18:44.988,9.923
2026-01-13 17:18:44.989,9.921
2026-01-13 17:18:45.004,9.919
2026-01-13 17:18:45.022,9.921
2026-01-13 17:18:45.023,9.915
2026-01-13 17:18:45.038,9.908
2026-01-13 17:18:45.054,9.906
2026-01-13 17:18:45.072,9.91
2026-01-13 17:18:45.072,9.901
2026-01-13 17:18:45.087,9.897
2026-01-13 17:18:45.105,9.898
2026-01-13 17:18:45.122,9.903
2026-01-13 17:18:45.123,9.903
2026-01-13 17:18:45.138,9.905
2026-01-13 17:18:45.153,9.905
2026-01-13 17:18:45.172,9.906
2026-01-13 17:18:45.172,9.909
2026-01-13 17:18:45.188,9.913
2026-01-13 17:18:45.206,9.912
2026-01-13 17:18:45.206,9.914
2026-01-13 17:18:45.223,9.915
2026-01-13 17:18:45.239,9.913
2026-01-13 17:18:45.239,9.919
2026-01-13 17:18:45.254,9.92
2026-01-13 17:18:45.270,9.917
2026-01-13 17:18:45.286,9.918
2026-01-13 17:18:45.287,9.919
2026-01-13 17:18:45.303,9.923
2026-01-13 17:18:45.320,9.927
2026-01-13 17:18:45.338,9.925
2026-01-13 17:18:45.338,9.926
2026-01-13 17:18:45.354,9.929
2026-01-13 17:18:45.369,9.932
2026-01-13 17:18:45.387,9.927
2026-01-13 17:18:45.388,9.922
2026-01-13 17:18:45.403,9.925
2026-01-13 17:18:45.419,9.923
2026-01-13 17:18:45.421,9.924
2026-01-13 17:18:45.436,9.916
2026-01-13 17:18:45.454,9.915
2026-01-13 17:18:45.471,9.911
2026-01-13 17:18:45.472,9.917
2026-01-13 17:18:45.487,9.923
2026-01-13 17:18:45.504,9.925
2026-01-13 17:18:45.504,9.923
2026-01-13 17:18:45.519,9.932
2026-01-13 17:18:45.537,9.933
2026-01-13 17:18:45.553,9.931
2026-01-13 17:18:45.555,9.932
2026-01-13 17:18:45.570,9.929
2026-01-13 17:18:45.587,9.929
2026-01-13 17:18:45.587,9.933
2026-01-13 17:18:45.603,9.933
2026-01-13 17:18:45.620,9.931
2026-01-13 17:18:45.637,9.923
2026-01-13 17:18:45.637,9.918
2026-01-13 17:18:45.654,9.912
2026-01-13 17:18:45.671,9.914
2026-01-13 17:18:45.672,9.905
2026-01-13 17:18:45.711,9.907
2026-01-13 17:18:45.712,9.911
2026-01-13 17:18:45.712,9.915
2026-01-13 17:18:45.720,9.924
2026-01-13 17:18:45.742,9.926
2026-01-13 17:18:45.754,9.929
2026-01-13 17:18:45.769,9.934
2026-01-13 17:18:45.769,9.934
2026-01-13 17:18:45.787,9.93
2026-01-13 17:18:45.804,9.923
2026-01-13 17:18:45.804,9.92
2026-01-13 17:18:45.822,9.915
2026-01-13 17:18:45.837,9.918
2026-01-13 17:18:45.854,9.927
2026-01-13 17:18:45.854,9.926
2026-01-13 17:18:45.871,9.93
2026-01-13 17:18:45.889,9.931
2026-01-13 17:18:45.889,9.931
2026-01-13 17:18:45.904,9.938
2026-01-13 17:18:45.919,9.936
2026-01-13 17:18:45.938,9.935
2026-01-13 17:18:45.939,9.93
2026-01-13 17:18:45.955,9.93
2026-01-13 17:18:45.971,9.922
2026-01-13 17:18:45.972,9.923
2026-01-13 17:18:45.987,9.93
2026-01-13 17:18:46.004,9.931
2026-01-13 17:18:46.023,9.932
2026-01-13 17:18:46.023,9.929
2026-01-13 17:18:46.038,9.925
2026-01-13 17:18:46.054,9.931
2026-01-13 17:18:46.071,9.933
2026-01-13 17:18:46.072,9.931
2026-01-13 17:18:46.088,9.934
2026-01-13 17:18:46.104,9.937
2026-01-13 17:18:46.104,9.938
2026-01-13 17:18:46.121,9.936
2026-01-13 17:18:46.139,9.94
2026-01-13 17:18:46.140,9.939
2026-01-13 17:18:46.153,9.938
2026-01-13 17:18:46.171,9.934
2026-01-13 17:18:46.187,9.934
2026-01-13 17:18:46.205,9.937
2026-01-13 17:18:46.223,9.939
2026-01-13 17:18:46.224,9.936
2026-01-13 17:18:46.238,9.939
2026-01-13 17:18:46.254,9.944
2026-01-13 17:18:46.271,9.944
2026-01-13 17:18:46.272,9.94
2026-01-13 17:18:46.288,9.945
2026-01-13 17:18:46.304,9.943
2026-01-13 17:18:46.322,9.942
2026-01-13 17:18:46.322,9.946
2026-01-13 17:18:46.340,9.945
2026-01-13 17:18:46.354,9.939
2026-01-13 17:18:46.370,9.939
2026-01-13 17:18:46.371,9.94
2026-01-13 17:18:46.388,9.946
2026-01-13 17:18:46.404,9.946
2026-01-13 17:18:46.404,9.944
2026-01-13 17:18:46.423,9.942
2026-01-13 17:18:46.438,9.948
2026-01-13 17:18:46.455,9.955
2026-01-13 17:18:46.456,9.952
2026-01-13 17:18:46.471,9.948
2026-01-13 17:18:46.487,9.952
2026-01-13 17:18:46.487,9.945
2026-01-13 17:18:46.505,9.942
2026-01-13 17:18:46.523,9.944
2026-01-13 17:18:46.523,9.942
2026-01-13 17:18:46.538,9.942
2026-01-13 17:18:46.554,9.941
2026-01-13 17:18:46.571,9.939
2026-01-13 17:18:46.572,9.936
2026-01-13 17:18:46.589,9.935
2026-01-13 17:18:46.604,9.935
2026-01-13 17:18:46.620,9.936
2026-01-13 17:18:46.621,9.935
2026-01-13 17:18:46.639,9.939
2026-01-13 17:18:46.653,9.94
2026-01-13 17:18:46.669,9.937
2026-01-13 17:18:46.669,9.939
2026-01-13 17:18:46.686,9.942
2026-01-13 17:18:46.703,9.937
2026-01-13 17:18:46.703,9.935
2026-01-13 17:18:46.722,9.939
2026-01-13 17:18:46.744,9.938
2026-01-13 17:18:46.744,9.941
2026-01-13 17:18:46.752,9.939
2026-01-13 17:18:46.770,9.939
2026-01-13 17:18:46.787,9.937
2026-01-13 17:18:46.787,9.935
2026-01-13 17:18:46.804,9.94
2026-01-13 17:18:46.822,9.941
2026-01-13 17:18:46.823,9.931
2026-01-13 17:18:46.838,9.924
2026-01-13 17:18:46.854,9.926
2026-01-13 17:18:46.871,9.933
2026-01-13 17:18:46.871,9.939
2026-01-13 17:18:46.888,9.943
2026-01-13 17:18:46.903,9.939
2026-01-13 17:18:46.921,9.933
2026-01-13 17:18:46.922,9.934
2026-01-13 17:18:46.938,9.934
2026-01-13 17:18:46.953,9.925
2026-01-13 17:18:46.970,9.921
2026-01-13 17:18:46.971,9.925
2026-01-13 17:18:46.988,9.927
2026-01-13 17:18:47.004,9.927
2026-01-13 17:18:47.005,9.929
2026-01-13 17:18:47.020,9.933
2026-01-13 17:18:47.038,9.925
2026-01-13 17:18:47.054,9.924
2026-01-13 17:18:47.054,9.924
2026-01-13 17:18:47.081,9.93
2026-01-13 17:18:47.082,9.926
2026-01-13 17:18:47.092,9.935
2026-01-13 17:18:47.104,9.936
2026-01-13 17:18:47.122,9.931
2026-01-13 17:18:47.137,9.929
2026-01-13 17:18:47.137,9.932
2026-01-13 17:18:47.153,9.935
2026-01-13 17:18:47.171,9.933
2026-01-13 17:18:47.171,9.931
2026-01-13 17:18:47.188,9.93
2026-01-13 17:18:47.204,9.928
2026-01-13 17:18:47.220,9.931
2026-01-13 17:18:47.220,9.934
2026-01-13 17:18:47.239,9.935
2026-01-13 17:18:47.254,9.935
2026-01-13 17:18:47.270,9.931
2026-01-13 17:18:47.271,9.933
2026-01-13 17:18:47.287,9.93
2026-01-13 17:18:47.304,9.931
2026-01-13 17:18:47.305,9.934
2026-01-13 17:18:47.320,9.93
2026-01-13 17:18:47.339,9.926
2026-01-13 17:18:47.354,9.934
2026-01-13 17:18:47.372,9.931
2026-01-13 17:18:47.388,9.929
2026-01-13 17:18:47.388,9.923
2026-01-13 17:18:47.404,9.927
2026-01-13 17:18:47.422,9.929
2026-01-13 17:18:47.438,9.927
2026-01-13 17:18:47.439,9.923
2026-01-13 17:18:47.453,9.925
2026-01-13 17:18:47.471,9.926
2026-01-13 17:18:47.488,9.928
2026-01-13 17:18:47.488,9.931
2026-01-13 17:18:47.502,9.932
2026-01-13 17:18:47.519,9.925
2026-01-13 17:18:47.519,9.92
2026-01-13 17:18:47.536,9.917
2026-01-13 17:18:47.552,9.918
2026-01-13 17:18:47.570,9.92
2026-01-13 17:18:47.570,9.918
2026-01-13 17:18:47.587,9.922
2026-01-13 17:18:47.602,9.918
2026-01-13 17:18:47.603,9.911
2026-01-13 17:18:47.619,9.906
2026-01-13 17:18:47.636,9.906
2026-01-13 17:18:47.653,9.906
2026-01-13 17:18:47.653,9.913
2026-01-13 17:18:47.670,9.918
2026-01-13 17:18:47.686,9.92
2026-01-13 17:18:47.703,9.914
2026-01-13 17:18:47.703,9.911
2026-01-13 17:18:47.719,9.911
2026-01-13 17:18:47.741,9.904
2026-01-13 17:18:47.742,9.9
2026-01-13 17:18:47.752,9.898
2026-01-13 17:18:47.770,9.896
2026-01-13 17:18:47.786,9.902
2026-01-13 17:18:47.786,9.911
2026-01-13 17:18:47.804,9.914
2026-01-13 17:18:47.822,9.916
2026-01-13 17:18:47.822,9.921
2026-01-13 17:18:47.836,9.921
2026-01-13 17:18:47.852,9.923
2026-01-13 17:18:47.870,9.925
2026-01-13 17:18:47.870,9.929
2026-01-13 17:18:47.888,9.941
2026-01-13 17:18:47.904,9.942
2026-01-13 17:18:47.904,9.949
2026-01-13 17:18:47.920,9.948
2026-01-13 17:18:47.940,9.947
2026-01-13 17:18:47.940,9.951
2026-01-13 17:18:47.953,9.95
2026-01-13 17:18:47.970,9.949
2026-01-13 17:18:47.987,9.948
2026-01-13 17:18:47.987,9.948
2026-01-13 17:18:48.004,9.953
2026-01-13 17:18:48.020,9.954
2026-01-13 17:18:48.038,9.953
2026-01-13 17:18:48.038,9.946
2026-01-13 17:18:48.053,9.942
2026-01-13 17:18:48.070,9.947
2026-01-13 17:18:48.071,9.944
2026-01-13 17:18:48.089,9.944
2026-01-13 17:18:48.104,9.944
2026-01-13 17:18:48.120,9.945
2026-01-13 17:18:48.120,9.946
2026-01-13 17:18:48.139,9.943
2026-01-13 17:18:48.154,9.938
2026-01-13 17:18:48.170,9.939
2026-01-13 17:18:48.171,9.935
2026-01-13 17:18:48.188,9.937
2026-01-13 17:18:48.204,9.936
2026-01-13 17:18:48.204,9.936
2026-01-13 17:18:48.219,9.935
2026-01-13 17:18:48.237,9.94
2026-01-13 17:18:48.255,9.938
2026-01-13 17:18:48.255,9.937
2026-01-13 17:18:48.270,9.936
2026-01-13 17:18:48.288,9.933
2026-01-13 17:18:48.288,9.934
2026-01-13 17:18:48.303,9.928
2026-01-13 17:18:48.321,9.93
2026-01-13 17:18:48.340,9.927
2026-01-13 17:18:48.340,9.927
2026-01-13 17:18:48.370,9.926
2026-01-13 17:18:48.371,9.93
2026-01-13 17:18:48.388,9.932
2026-01-13 17:18:48.404,9.932
2026-01-13 17:18:48.420,9.937
2026-01-13 17:18:48.420,9.94
2026-01-13 17:18:48.448,9.944
2026-01-13 17:18:48.448,9.94
2026-01-13 17:18:48.456,9.937
2026-01-13 17:18:48.470,9.927
2026-01-13 17:18:48.486,9.926
2026-01-13 17:18:48.506,9.917
2026-01-13 17:18:48.507,9.917
2026-01-13 17:18:48.520,9.921
2026-01-13 17:18:48.538,9.92
2026-01-13 17:18:48.553,9.925
2026-01-13 17:18:48.553,9.926
2026-01-13 17:18:48.571,9.921
2026-01-13 17:18:48.587,9.92
2026-01-13 17:18:48.588,9.921
2026-01-13 17:18:48.604,9.921
2026-01-13 17:18:48.621,9.919
2026-01-13 17:18:48.638,9.915
2026-01-13 17:18:48.638,9.916
2026-01-13 17:18:48.653,9.914
2026-01-13 17:18:48.670,9.91
2026-01-13 17:18:48.685,9.908
2026-01-13 17:18:48.686,9.904
2026-01-13 17:18:48.702,9.902
2026-01-13 17:18:48.719,9.897
2026-01-13 17:18:48.720,9.901
2026-01-13 17:18:48.742,9.905
2026-01-13 17:18:48.753,9.905
2026-01-13 17:18:48.770,9.91
2026-01-13 17:18:48.770,9.906
2026-01-13 17:18:48.787,9.901
2026-01-13 17:18:48.803,9.887
2026-01-13 17:18:48.804,9.883
2026-01-13 17:18:48.821,9.89
2026-01-13 17:18:48.837,9.902
2026-01-13 17:18:48.839,9.907
2026-01-13 17:18:48.853,9.91
2026-01-13 17:18:48.870,9.906
2026-01-13 17:18:48.887,9.899
2026-01-13 17:18:48.887,9.897
2026-01-13 17:18:48.903,9.901
2026-01-13 17:18:48.919,9.892
2026-01-13 17:18:48.935,9.895
2026-01-13 17:18:48.936,9.897
2026-01-13 17:18:48.953,9.892
2026-01-13 17:18:48.969,9.891
2026-01-13 17:18:48.985,9.889
2026-01-13 17:18:48.986,9.891
2026-01-13 17:18:49.003,9.89
2026-01-13 17:18:49.019,9.889
2026-01-13 17:18:49.035,9.895
2026-01-13 17:18:49.051,9.898
2026-01-13 17:18:49.071,9.901
2026-01-13 17:18:49.071,9.899
2026-01-13 17:18:49.086,9.896
2026-01-13 17:18:49.102,9.9
2026-01-13 17:18:49.118,9.91
2026-01-13 17:18:49.119,9.908
2026-01-13 17:18:49.137,9.913
2026-01-13 17:18:49.152,9.916
2026-01-13 17:18:49.152,9.915
2026-01-13 17:18:49.172,9.921
2026-01-13 17:18:49.186,9.919
2026-01-13 17:18:49.187,9.919
2026-01-13 17:18:49.203,9.918
2026-01-13 17:18:49.218,9.919
2026-01-13 17:18:49.236,9.92
2026-01-13 17:18:49.236,9.923
2026-01-13 17:18:49.252,9.913
2026-01-13 17:18:49.269,9.914
2026-01-13 17:18:49.286,9.918
2026-01-13 17:18:49.286,9.917
2026-01-13 17:18:49.301,9.913
2026-01-13 17:18:49.320,9.914
2026-01-13 17:18:49.321,9.912
2026-01-13 17:18:49.337,9.916
2026-01-13 17:18:49.352,9.918
2026-01-13 17:18:49.370,9.917
2026-01-13 17:18:49.371,9.918
2026-01-13 17:18:49.387,9.924
2026-01-13 17:18:49.403,9.92
2026-01-13 17:18:49.403,9.921
2026-01-13 17:18:49.420,9.922
2026-01-13 17:18:49.437,9.925
2026-01-13 17:18:49.452,9.933
2026-01-13 17:18:49.452,9.934
2026-01-13 17:18:49.472,9.932
2026-01-13 17:18:49.488,9.933
2026-01-13 17:18:49.488,9.933
2026-01-13 17:18:49.504,9.935
2026-01-13 17:18:49.520,9.939
2026-01-13 17:18:49.537,9.941
2026-01-13 17:18:49.537,9.94
2026-01-13 17:18:49.553,9.94
2026-01-13 17:18:49.570,9.943
2026-01-13 17:18:49.588,9.945
2026-01-13 17:18:49.588,9.942
2026-01-13 17:18:49.604,9.95
2026-01-13 17:18:49.620,9.947
2026-01-13 17:18:49.620,9.951
2026-01-13 17:18:49.637,9.954
2026-01-13 17:18:49.654,9.951
2026-01-13 17:18:49.670,9.946
2026-01-13 17:18:49.671,9.94
2026-01-13 17:18:49.689,9.938
2026-01-13 17:18:49.704,9.935
2026-01-13 17:18:49.704,9.943
2026-01-13 17:18:49.720,9.942
2026-01-13 17:18:49.742,9.946
2026-01-13 17:18:49.743,9.947
2026-01-13 17:18:49.751,9.945
2026-01-13 17:18:49.800,9.954
2026-01-13 17:18:49.800,9.956
2026-01-13 17:18:49.801,9.96
2026-01-13 17:18:49.820,9.964
2026-01-13 17:18:49.836,9.968
2026-01-13 17:18:49.836,9.965
2026-01-13 17:18:49.852,9.967
2026-01-13 17:18:49.869,9.97
2026-01-13 17:18:49.885,9.972
2026-01-13 17:18:49.886,9.972
2026-01-13 17:18:49.904,9.969
2026-01-13 17:18:49.920,9.969
2026-01-13 17:18:49.920,9.966
2026-01-13 17:18:49.934,9.961
2026-01-13 17:18:49.953,9.956
2026-01-13 17:18:49.970,9.946
2026-01-13 17:18:49.970,9.947
2026-01-13 17:18:49.986,9.948
2026-01-13 17:18:50.002,9.952
2026-01-13 17:18:50.003,9.949
2026-01-13 17:18:50.021,9.947
2026-01-13 17:18:50.037,9.945
2026-01-13 17:18:50.052,9.945
2026-01-13 17:18:50.052,9.943
2026-01-13 17:18:50.071,9.935
2026-01-13 17:18:50.087,9.931
2026-01-13 17:18:50.087,9.925
2026-01-13 17:18:50.102,9.928
2026-01-13 17:18:50.119,9.926
2026-01-13 17:18:50.136,9.928
2026-01-13 17:18:50.137,9.932
2026-01-13 17:18:50.153,9.932
2026-01-13 17:18:50.169,9.934
2026-01-13 17:18:50.185,9.93
2026-01-13 17:18:50.185,9.927
2026-01-13 17:18:50.203,9.928
2026-01-13 17:18:50.219,9.928
2026-01-13 17:18:50.219,9.938
2026-01-13 17:18:50.235,9.936
2026-01-13 17:18:50.253,9.936
2026-01-13 17:18:50.269,9.931
2026-01-13 17:18:50.270,9.928
2026-01-13 17:18:50.285,9.927
2026-01-13 17:18:50.302,9.922
2026-01-13 17:18:50.320,9.926
2026-01-13 17:18:50.320,9.923
2026-01-13 17:18:50.335,9.924
2026-01-13 17:18:50.351,9.927
2026-01-13 17:18:50.351,9.927
2026-01-13 17:18:50.369,9.933
2026-01-13 17:18:50.385,9.932
2026-01-13 17:18:50.401,9.933
2026-01-13 17:18:50.401,9.936
2026-01-13 17:18:50.417,9.94
2026-01-13 17:18:50.435,9.948
2026-01-13 17:18:50.435,9.952
2026-01-13 17:18:50.453,9.954
2026-01-13 17:18:50.468,9.956
2026-01-13 17:18:50.486,9.953
2026-01-13 17:18:50.486,9.951
2026-01-13 17:18:50.502,9.95
2026-01-13 17:18:50.519,9.948
2026-01-13 17:18:50.519,9.943
2026-01-13 17:18:50.536,9.943
2026-01-13 17:18:50.552,9.941
2026-01-13 17:18:50.568,9.939
2026-01-13 17:18:50.568,9.938
2026-01-13 17:18:50.584,9.937
2026-01-13 17:18:50.602,9.938
2026-01-13 17:18:50.602,9.938
2026-01-13 17:18:50.619,9.938
2026-01-13 17:18:50.635,9.936
2026-01-13 17:18:50.654,9.935
2026-01-13 17:18:50.654,9.933
2026-01-13 17:18:50.668,9.93
2026-01-13 17:18:50.686,9.929
2026-01-13 17:18:50.703,9.93
2026-01-13 17:18:50.703,9.928
2026-01-13 17:18:50.720,9.927
2026-01-13 17:18:50.739,9.925
2026-01-13 17:18:50.739,9.925
2026-01-13 17:18:50.752,9.925
2026-01-13 17:18:50.769,9.927
2026-01-13 17:18:50.785,9.93
2026-01-13 17:18:50.786,9.936
2026-01-13 17:18:50.802,9.933
2026-01-13 17:18:50.819,9.931
2026-01-13 17:18:50.820,9.928
2026-01-13 17:18:50.836,9.927
2026-01-13 17:18:50.852,9.934
2026-01-13 17:18:50.869,9.93
2026-01-13 17:18:50.869,9.925
2026-01-13 17:18:50.885,9.926
2026-01-13 17:18:50.902,9.924
2026-01-13 17:18:50.903,9.932
2026-01-13 17:18:50.919,9.933
2026-01-13 17:18:50.935,9.931
2026-01-13 17:18:50.951,9.935
2026-01-13 17:18:50.952,9.937
2026-01-13 17:18:50.970,9.941
2026-01-13 17:18:50.985,9.937
2026-01-13 17:18:51.004,9.931
2026-01-13 17:18:51.004,9.926
2026-01-13 17:18:51.019,9.923
2026-01-13 17:18:51.037,9.925
2026-01-13 17:18:51.037,9.92
2026-01-13 17:18:51.053,9.914
2026-01-13 17:18:51.068,9.913
2026-01-13 17:18:51.084,9.913
2026-01-13 17:18:51.085,9.911
2026-01-13 17:18:51.102,9.913
2026-01-13 17:18:51.118,9.919
2026-01-13 17:18:51.119,9.92
2026-01-13 17:18:51.135,9.922
2026-01-13 17:18:51.183,9.925
2026-01-13 17:18:51.184,9.922
2026-01-13 17:18:51.184,9.923
2026-01-13 17:18:51.184,9.927
2026-01-13 17:18:51.190,9.932
2026-01-13 17:18:51.203,9.931
2026-01-13 17:18:51.219,9.929
2026-01-13 17:18:51.235,9.93
2026-01-13 17:18:51.251,9.93
2026-01-13 17:18:51.251,9.935
2026-01-13 17:18:51.267,9.937
2026-01-13 17:18:51.286,9.936
2026-01-13 17:18:51.287,9.939
2026-01-13 17:18:51.305,9.935
2026-01-13 17:18:51.320,9.936
2026-01-13 17:18:51.338,9.934
2026-01-13 17:18:51.338,9.936
2026-01-13 17:18:51.369,9.941
2026-01-13 17:18:51.388,9.941
2026-01-13 17:18:51.388,9.938
2026-01-13 17:18:51.403,9.94
2026-01-13 17:18:51.420,9.94
2026-01-13 17:18:51.421,9.94
2026-01-13 17:18:51.437,9.94
2026-01-13 17:18:51.453,9.942
2026-01-13 17:18:51.470,9.941
2026-01-13 17:18:51.471,9.944
2026-01-13 17:18:51.486,9.946
2026-01-13 17:18:51.502,9.947
2026-01-13 17:18:51.526,9.95
2026-01-13 17:18:51.527,9.949
2026-01-13 17:18:51.528,9.95
2026-01-13 17:18:51.554,9.95
2026-01-13 17:18:51.555,9.952
2026-01-13 17:18:51.572,9.956
2026-01-13 17:18:51.587,9.957
2026-01-13 17:18:51.587,9.954
2026-01-13 17:18:51.603,9.949
2026-01-13 17:18:51.620,9.95
2026-01-13 17:18:51.639,9.948
2026-01-13 17:18:51.640,9.95
2026-01-13 17:18:51.653,9.952
2026-01-13 17:18:51.671,9.956
2026-01-13 17:18:51.671,9.957
2026-01-13 17:18:51.687,9.959
2026-01-13 17:18:51.703,9.959
2026-01-13 17:18:51.721,9.958
2026-01-13 17:18:51.721,9.958
2026-01-13 17:18:51.747,9.956
2026-01-13 17:18:51.747,9.955
2026-01-13 17:18:51.755,9.958
2026-01-13 17:18:51.769,9.958
2026-01-13 17:18:51.786,9.962
2026-01-13 17:18:51.804,9.96
2026-01-13 17:18:51.805,9.96
2026-01-13 17:18:51.821,9.956
2026-01-13 17:18:51.836,9.954
2026-01-13 17:18:51.854,9.95
2026-01-13 17:18:51.854,9.946
2026-01-13 17:18:51.869,9.944
2026-01-13 17:18:51.886,9.945
2026-01-13 17:18:51.887,9.945
2026-01-13 17:18:51.905,9.943
2026-01-13 17:18:51.920,9.937
2026-01-13 17:18:51.938,9.937
2026-01-13 17:18:51.938,9.936
2026-01-13 17:18:51.952,9.932
2026-01-13 17:18:51.970,9.934
2026-01-13 17:18:51.987,9.932
2026-01-13 17:18:51.987,9.927
2026-01-13 17:18:52.003,9.926
2026-01-13 17:18:52.019,9.926
2026-01-13 17:18:52.019,9.928
2026-01-13 17:18:52.036,9.925
2026-01-13 17:18:52.053,9.921
2026-01-13 17:18:52.070,9.92
2026-01-13 17:18:52.070,9.92
2026-01-13 17:18:52.086,9.922
2026-01-13 17:18:52.104,9.918
2026-01-13 17:18:52.104,9.918
2026-01-13 17:18:52.122,9.914
2026-01-13 17:18:52.138,9.913
2026-01-13 17:18:52.139,9.912
2026-01-13 17:18:52.153,9.91
2026-01-13 17:18:52.169,9.909
2026-01-13 17:18:52.185,9.905
2026-01-13 17:18:52.201,9.907
2026-01-13 17:18:52.201,9.912
2026-01-13 17:18:52.235,9.912
2026-01-13 17:18:52.235,9.914
2026-01-13 17:18:52.253,9.91
2026-01-13 17:18:52.270,9.912
2026-01-13 17:18:52.287,9.912
2026-01-13 17:18:52.287,9.911
2026-01-13 17:18:52.302,9.911
2026-01-13 17:18:52.321,9.909
2026-01-13 17:18:52.321,9.909
2026-01-13 17:18:52.336,9.904
2026-01-13 17:18:52.352,9.906
2026-01-13 17:18:52.368,9.91
2026-01-13 17:18:52.368,9.911
2026-01-13 17:18:52.386,9.907
2026-01-13 17:18:52.402,9.907
2026-01-13 17:18:52.420,9.908
2026-01-13 17:18:52.421,9.906
2026-01-13 17:18:52.437,9.908
2026-01-13 17:18:52.452,9.907
2026-01-13 17:18:52.452,9.911
2026-01-13 17:18:52.471,9.912
2026-01-13 17:18:52.487,9.908
2026-01-13 17:18:52.487,9.914
2026-01-13 17:18:52.503,9.913
2026-01-13 17:18:52.534,9.915
2026-01-13 17:18:52.535,9.91
2026-01-13 17:18:52.552,9.912
2026-01-13 17:18:52.568,9.911
2026-01-13 17:18:52.586,9.915
2026-01-13 17:18:52.586,9.92
2026-01-13 17:18:52.602,9.924
2026-01-13 17:18:52.619,9.923
2026-01-13 17:18:52.620,9.918
2026-01-13 17:18:52.636,9.916
2026-01-13 17:18:52.652,9.921
2026-01-13 17:18:52.669,9.918
2026-01-13 17:18:52.669,9.924
2026-01-13 17:18:52.685,9.92
2026-01-13 17:18:52.704,9.916
2026-01-13 17:18:52.704,9.914
2026-01-13 17:18:52.720,9.915
2026-01-13 17:18:52.741,9.921
2026-01-13 17:18:52.742,9.915
2026-01-13 17:18:52.753,9.908
2026-01-13 17:18:52.769,9.902
2026-01-13 17:18:52.786,9.904
2026-01-13 17:18:52.802,9.902
2026-01-13 17:18:52.802,9.902
2026-01-13 17:18:52.818,9.902
2026-01-13 17:18:52.836,9.896
2026-01-13 17:18:52.836,9.896
2026-01-13 17:18:52.852,9.901
2026-01-13 17:18:52.870,9.899
2026-01-13 17:18:52.884,9.897
2026-01-13 17:18:52.887,9.895
2026-01-13 17:18:52.902,9.894
2026-01-13 17:18:52.921,9.901
2026-01-13 17:18:52.921,9.899
2026-01-13 17:18:52.936,9.893
2026-01-13 17:18:52.953,9.891
2026-01-13 17:18:52.970,9.894
2026-01-13 17:18:52.970,9.896
2026-01-13 17:18:52.987,9.897
2026-01-13 17:18:53.003,9.899
2026-01-13 17:18:53.003,9.894
2026-01-13 17:18:53.017,9.884
2026-01-13 17:18:53.035,9.889
2026-01-13 17:18:53.053,9.892
2026-01-13 17:18:53.053,9.887
2026-01-13 17:18:53.071,9.886
2026-01-13 17:18:53.086,9.884
2026-01-13 17:18:53.087,9.881
2026-01-13 17:18:53.103,9.882
2026-01-13 17:18:53.119,9.884
2026-01-13 17:18:53.137,9.882
2026-01-13 17:18:53.137,9.881
2026-01-13 17:18:53.153,9.885
2026-01-13 17:18:53.171,9.887
2026-01-13 17:18:53.171,9.886
2026-01-13 17:18:53.186,9.886
2026-01-13 17:18:53.202,9.883
2026-01-13 17:18:53.222,9.887
2026-01-13 17:18:53.222,9.888
2026-01-13 17:18:53.236,9.888
2026-01-13 17:18:53.253,9.888
2026-01-13 17:18:53.269,9.889
2026-01-13 17:18:53.269,9.896
2026-01-13 17:18:53.285,9.897
2026-01-13 17:18:53.304,9.9
2026-01-13 17:18:53.305,9.903
2026-01-13 17:18:53.322,9.904
2026-01-13 17:18:53.336,9.911
2026-01-13 17:18:53.354,9.915
2026-01-13 17:18:53.354,9.91
2026-01-13 17:18:53.370,9.911
2026-01-13 17:18:53.387,9.91
2026-01-13 17:18:53.388,9.907
2026-01-13 17:18:53.403,9.905
2026-01-13 17:18:53.420,9.906
2026-01-13 17:18:53.436,9.907
2026-01-13 17:18:53.437,9.902
2026-01-13 17:18:53.452,9.905
2026-01-13 17:18:53.472,9.906
2026-01-13 17:18:53.472,9.907
2026-01-13 17:18:53.486,9.908
2026-01-13 17:18:53.505,9.91
2026-01-13 17:18:53.521,9.907
2026-01-13 17:18:53.521,9.91
2026-01-13 17:18:53.537,9.909
2026-01-13 17:18:53.554,9.908
2026-01-13 17:18:53.555,9.91
2026-01-13 17:18:53.570,9.91
2026-01-13 17:18:53.584,9.914
2026-01-13 17:18:53.602,9.914
2026-01-13 17:18:53.602,9.916
2026-01-13 17:18:53.618,9.915
2026-01-13 17:18:53.636,9.923
2026-01-13 17:18:53.651,9.925
2026-01-13 17:18:53.651,9.923
2026-01-13 17:18:53.669,9.922
2026-01-13 17:18:53.686,9.921
2026-01-13 17:18:53.705,9.921
2026-01-13 17:18:53.705,9.927
2026-01-13 17:18:53.720,9.928
2026-01-13 17:18:53.743,9.932
2026-01-13 17:18:53.743,9.936
2026-01-13 17:18:53.752,9.936
2026-01-13 17:18:53.769,9.943
2026-01-13 17:18:53.785,9.94
2026-01-13 17:18:53.786,9.942
2026-01-13 17:18:53.802,9.939
2026-01-13 17:18:53.821,9.939
2026-01-13 17:18:53.821,9.937
2026-01-13 17:18:53.837,9.931
2026-01-13 17:18:53.853,9.938
2026-01-13 17:18:53.871,9.933
2026-01-13 17:18:53.872,9.935
2026-01-13 17:18:53.887,9.941
2026-01-13 17:18:53.905,9.94
2026-01-13 17:18:53.905,9.937
2026-01-13 17:18:53.922,9.942
2026-01-13 17:18:53.936,9.948
2026-01-13 17:18:53.952,9.94
2026-01-13 17:18:53.952,9.943
2026-01-13 17:18:53.969,9.944
2026-01-13 17:18:53.987,9.94
2026-01-13 17:18:53.987,9.941
2026-01-13 17:18:54.002,9.94
2026-01-13 17:18:54.019,9.94
2026-01-13 17:18:54.036,9.94
2026-01-13 17:18:54.037,9.94
2026-01-13 17:18:54.052,9.937
2026-01-13 17:18:54.071,9.933
2026-01-13 17:18:54.071,9.931
2026-01-13 17:18:54.087,9.928
2026-01-13 17:18:54.103,9.924
2026-01-13 17:18:54.119,9.913
2026-01-13 17:18:54.119,9.91
2026-01-13 17:18:54.137,9.907
2026-01-13 17:18:54.152,9.904
2026-01-13 17:18:54.169,9.909
2026-01-13 17:18:54.170,9.902
2026-01-13 17:18:54.186,9.91
2026-01-13 17:18:54.202,9.91
2026-01-13 17:18:54.218,9.918
2026-01-13 17:18:54.218,9.926
2026-01-13 17:18:54.236,9.93
2026-01-13 17:18:54.253,9.929
2026-01-13 17:18:54.253,9.928
2026-01-13 17:18:54.269,9.936
2026-01-13 17:18:54.286,9.933
2026-01-13 17:18:54.302,9.934
2026-01-13 17:18:54.302,9.935
2026-01-13 17:18:54.319,9.93
2026-01-13 17:18:54.338,9.919
2026-01-13 17:18:54.338,9.908
2026-01-13 17:18:54.352,9.899
2026-01-13 17:18:54.369,9.891
2026-01-13 17:18:54.385,9.893
2026-01-13 17:18:54.385,9.897
2026-01-13 17:18:54.400,9.899
2026-01-13 17:18:54.419,9.906
2026-01-13 17:18:54.419,9.912
2026-01-13 17:18:54.435,9.913
2026-01-13 17:18:54.451,9.916
2026-01-13 17:18:54.468,9.916
2026-01-13 17:18:54.469,9.917
2026-01-13 17:18:54.485,9.916
2026-01-13 17:18:54.502,9.911
2026-01-13 17:18:54.503,9.909
2026-01-13 17:18:54.519,9.91
2026-01-13 17:18:54.554,9.905
2026-01-13 17:18:54.554,9.901
2026-01-13 17:18:54.571,9.894
2026-01-13 17:18:54.586,9.891
2026-01-13 17:18:54.586,9.892
2026-01-13 17:18:54.602,9.901
2026-01-13 17:18:54.619,9.903
2026-01-13 17:18:54.638,9.895
2026-01-13 17:18:54.638,9.903
2026-01-13 17:18:54.652,9.9
2026-01-13 17:18:54.669,9.904
2026-01-13 17:18:54.686,9.908
2026-01-13 17:18:54.687,9.907
2026-01-13 17:18:54.702,9.905
2026-01-13 17:18:54.723,9.899
2026-01-13 17:18:54.723,9.898
2026-01-13 17:18:54.743,9.901
2026-01-13 17:18:54.743,9.911
2026-01-13 17:18:54.768,9.915
2026-01-13 17:18:54.768,9.923
2026-01-13 17:18:54.785,9.922
2026-01-13 17:18:54.801,9.92
2026-01-13 17:18:54.818,9.925
2026-01-13 17:18:54.818,9.926
2026-01-13 17:18:54.838,9.927
2026-01-13 17:18:54.853,9.934
2026-01-13 17:18:54.853,9.928
2026-01-13 17:18:54.869,9.931
2026-01-13 17:18:54.887,9.929
2026-01-13 17:18:54.888,9.925
2026-01-13 17:18:54.903,9.922
2026-01-13 17:18:54.918,9.921
2026-01-13 17:18:54.937,9.913
2026-01-13 17:18:54.937,9.912
2026-01-13 17:18:54.953,9.914
2026-01-13 17:18:54.972,9.905
2026-01-13 17:18:54.972,9.896
2026-01-13 17:18:54.988,9.897
2026-01-13 17:18:55.003,9.903
2026-01-13 17:18:55.007,9.897
2026-01-13 17:18:55.019,9.891
2026-01-13 17:18:55.037,9.893
2026-01-13 17:18:55.053,9.894
2026-01-13 17:18:55.069,9.893
2026-01-13 17:18:55.070,9.892
2026-01-13 17:18:55.087,9.893
2026-01-13 17:18:55.103,9.888
2026-01-13 17:18:55.104,9.895
2026-01-13 17:18:55.120,9.896
2026-01-13 17:18:55.136,9.895
2026-01-13 17:18:55.153,9.907
2026-01-13 17:18:55.154,9.906
2026-01-13 17:18:55.170,9.905
2026-01-13 17:18:55.187,9.907
2026-01-13 17:18:55.187,9.902
2026-01-13 17:18:55.203,9.905
2026-01-13 17:18:55.219,9.901
2026-01-13 17:18:55.261,9.9
2026-01-13 17:18:55.261,9.902
2026-01-13 17:18:55.262,9.901
2026-01-13 17:18:55.262,9.903
2026-01-13 17:18:55.286,9.903
2026-01-13 17:18:55.286,9.898
2026-01-13 17:18:55.302,9.9
2026-01-13 17:18:55.320,9.894
2026-01-13 17:18:55.320,9.901
2026-01-13 17:18:55.336,9.895
2026-01-13 17:18:55.353,9.887
2026-01-13 17:18:55.371,9.885
2026-01-13 17:18:55.371,9.885
2026-01-13 17:18:55.388,9.883
2026-01-13 17:18:55.402,9.88
2026-01-13 17:18:55.403,9.879
2026-01-13 17:18:55.419,9.88
2026-01-13 17:18:55.436,9.875
2026-01-13 17:18:55.454,9.876
2026-01-13 17:18:55.454,9.879
2026-01-13 17:18:55.473,9.871
2026-01-13 17:18:55.486,9.874
2026-01-13 17:18:55.502,9.881
2026-01-13 17:18:55.503,9.882
2026-01-13 17:18:55.519,9.882
2026-01-13 17:18:55.536,9.886
2026-01-13 17:18:55.536,9.884
2026-01-13 17:18:55.552,9.884
2026-01-13 17:18:55.571,9.888
2026-01-13 17:18:55.571,9.89
2026-01-13 17:18:55.586,9.893
2026-01-13 17:18:55.603,9.897
2026-01-13 17:18:55.620,9.896
2026-01-13 17:18:55.620,9.898
2026-01-13 17:18:55.638,9.902
2026-01-13 17:18:55.652,9.896
2026-01-13 17:18:55.669,9.902
2026-01-13 17:18:55.670,9.907
2026-01-13 17:18:55.687,9.914
2026-01-13 17:18:55.702,9.919
2026-01-13 17:18:55.703,9.921
2026-01-13 17:18:55.719,9.924
2026-01-13 17:18:55.736,9.926
2026-01-13 17:18:55.758,9.929
2026-01-13 17:18:55.758,9.929
2026-01-13 17:18:55.768,9.932
2026-01-13 17:18:55.788,9.929
2026-01-13 17:18:55.788,9.928
2026-01-13 17:18:55.802,9.928
2026-01-13 17:18:55.820,9.933
2026-01-13 17:18:55.836,9.931
2026-01-13 17:18:55.836,9.928
2026-01-13 17:18:55.853,9.931
2026-01-13 17:18:55.871,9.929
2026-01-13 17:18:55.871,9.925
2026-01-13 17:18:55.887,9.922
2026-01-13 17:18:55.903,9.922
2026-01-13 17:18:55.919,9.92
2026-01-13 17:18:55.919,9.923
2026-01-13 17:18:55.937,9.916
2026-01-13 17:18:55.952,9.916
2026-01-13 17:18:55.969,9.921
2026-01-13 17:18:55.969,9.921
2026-01-13 17:18:55.985,9.921
2026-01-13 17:18:56.001,9.917
2026-01-13 17:18:56.019,9.92
2026-01-13 17:18:56.019,9.923
2026-01-13 17:18:56.036,9.925
2026-01-13 17:18:56.053,9.93
2026-01-13 17:18:56.053,9.931
2026-01-13 17:18:56.070,9.92
2026-01-13 17:18:56.086,9.919
2026-01-13 17:18:56.087,9.922
2026-01-13 17:18:56.102,9.917
2026-01-13 17:18:56.120,9.916
2026-01-13 17:18:56.138,9.914
2026-01-13 17:18:56.138,9.915
2026-01-13 17:18:56.152,9.918
2026-01-13 17:18:56.168,9.926
2026-01-13 17:18:56.186,9.923
2026-01-13 17:18:56.186,9.93
2026-01-13 17:18:56.202,9.93
2026-01-13 17:18:56.219,9.924
2026-01-13 17:18:56.220,9.927
2026-01-13 17:18:56.237,9.93
2026-01-13 17:18:56.253,9.919
2026-01-13 17:18:56.269,9.916
2026-01-13 17:18:56.270,9.913
2026-01-13 17:18:56.285,9.916
2026-01-13 17:18:56.303,9.92
2026-01-13 17:18:56.303,9.92
2026-01-13 17:18:56.319,9.924
2026-01-13 17:18:56.339,9.925
2026-01-13 17:18:56.339,9.932
2026-01-13 17:18:56.353,9.928
2026-01-13 17:18:56.370,9.942
2026-01-13 17:18:56.385,9.939
2026-01-13 17:18:56.403,9.941
2026-01-13 17:18:56.405,9.945
2026-01-13 17:18:56.420,9.942
2026-01-13 17:18:56.436,9.943
2026-01-13 17:18:56.436,9.934
2026-01-13 17:18:56.452,9.93
2026-01-13 17:18:56.469,9.933
2026-01-13 17:18:56.487,9.928
2026-01-13 17:18:56.488,9.936
2026-01-13 17:18:56.502,9.931
2026-01-13 17:18:56.518,9.927
2026-01-13 17:18:56.534,9.927
2026-01-13 17:18:56.535,9.919
2026-01-13 17:18:56.550,9.909
2026-01-13 17:18:56.567,9.91
2026-01-13 17:18:56.568,9.91
2026-01-13 17:18:56.584,9.908
2026-01-13 17:18:56.627,9.903
2026-01-13 17:18:56.627,9.903
2026-01-13 17:18:56.628,9.906
2026-01-13 17:18:56.628,9.913
2026-01-13 17:18:56.652,9.915
2026-01-13 17:18:56.652,9.915
2026-01-13 17:18:56.667,9.912
2026-01-13 17:18:56.685,9.906
2026-01-13 17:18:56.701,9.906
2026-01-13 17:18:56.702,9.902
2026-01-13 17:18:56.717,9.898
2026-01-13 17:18:56.742,9.897
2026-01-13 17:18:56.742,9.9
2026-01-13 17:18:56.752,9.901
2026-01-13 17:18:56.767,9.902
2026-01-13 17:18:56.785,9.898
2026-01-13 17:18:56.785,9.896
2026-01-13 17:18:56.801,9.898
2026-01-13 17:18:56.818,9.899
2026-01-13 17:18:56.835,9.899
2026-01-13 17:18:56.835,9.893
2026-01-13 17:18:56.850,9.891
2026-01-13 17:18:56.869,9.885
2026-01-13 17:18:56.869,9.883
2026-01-13 17:18:56.885,9.881
2026-01-13 17:18:56.902,9.882
2026-01-13 17:18:56.903,9.879
2026-01-13 17:18:56.917,9.875
2026-01-13 17:18:56.935,9.875
2026-01-13 17:18:56.951,9.881
2026-01-13 17:18:56.951,9.879
2026-01-13 17:18:56.968,9.886
2026-01-13 17:18:56.984,9.889
2026-01-13 17:18:57.001,9.889
2026-01-13 17:18:57.002,9.883
2026-01-13 17:18:57.017,9.875
2026-01-13 17:18:57.035,9.877
2026-01-13 17:18:57.036,9.876
2026-01-13 17:18:57.051,9.875
2026-01-13 17:18:57.069,9.875
2026-01-13 17:18:57.085,9.88
2026-01-13 17:18:57.085,9.879
2026-01-13 17:18:57.101,9.876
2026-01-13 17:18:57.117,9.875
2026-01-13 17:18:57.119,9.875
2026-01-13 17:18:57.135,9.878
2026-01-13 17:18:57.152,9.897
2026-01-13 17:18:57.169,9.901
2026-01-13 17:18:57.169,9.908
2026-01-13 17:18:57.184,9.905
2026-01-13 17:18:57.200,9.904
2026-01-13 17:18:57.219,9.918
2026-01-13 17:18:57.219,9.915
2026-01-13 17:18:57.235,9.903
2026-01-13 17:18:57.251,9.895
2026-01-13 17:18:57.251,9.889
2026-01-13 17:18:57.268,9.897
2026-01-13 17:18:57.285,9.895
2026-01-13 17:18:57.303,9.886
2026-01-13 17:18:57.304,9.881
2026-01-13 17:18:57.319,9.878
2026-01-13 17:18:57.335,9.881
2026-01-13 17:18:57.335,9.883
2026-01-13 17:18:57.350,9.885
2026-01-13 17:18:57.368,9.891
2026-01-13 17:18:57.385,9.889
2026-01-13 17:18:57.385,9.886
2026-01-13 17:18:57.403,9.882
2026-01-13 17:18:57.419,9.876
2026-01-13 17:18:57.419,9.873
2026-01-13 17:18:57.436,9.873
2026-01-13 17:18:57.452,9.876
2026-01-13 17:18:57.470,9.874
2026-01-13 17:18:57.471,9.879
2026-01-13 17:18:57.486,9.88
2026-01-13 17:18:57.503,9.877
2026-01-13 17:18:57.503,9.879
2026-01-13 17:18:57.518,9.877
2026-01-13 17:18:57.534,9.887
2026-01-13 17:18:57.552,9.895
2026-01-13 17:18:57.552,9.9
2026-01-13 17:18:57.568,9.894
2026-01-13 17:18:57.584,9.891
2026-01-13 17:18:57.601,9.887
2026-01-13 17:18:57.602,9.878
2026-01-13 17:18:57.618,9.872
2026-01-13 17:18:57.634,9.87
2026-01-13 17:18:57.635,9.869
2026-01-13 17:18:57.651,9.873
2026-01-13 17:18:57.670,9.879
2026-01-13 17:18:57.685,9.89
2026-01-13 17:18:57.686,9.901
2026-01-13 17:18:57.702,9.898
2026-01-13 17:18:57.718,9.899
2026-01-13 17:18:57.719,9.9
2026-01-13 17:18:57.742,9.896
2026-01-13 17:18:57.750,9.901
2026-01-13 17:18:57.768,9.891
2026-01-13 17:18:57.768,9.874
2026-01-13 17:18:57.784,9.869
2026-01-13 17:18:57.801,9.87
2026-01-13 17:18:57.817,9.881
2026-01-13 17:18:57.834,9.883
2026-01-13 17:18:57.851,9.886
2026-01-13 17:18:57.851,9.89
2026-01-13 17:18:57.868,9.903
2026-01-13 17:18:57.884,9.904
2026-01-13 17:18:57.901,9.907
2026-01-13 17:18:57.901,9.906
2026-01-13 17:18:57.919,9.904
2026-01-13 17:18:57.935,9.906
2026-01-13 17:18:57.936,9.906
2026-01-13 17:18:57.952,9.905
2026-01-13 17:18:57.999,9.898
2026-01-13 17:18:58.000,9.9
2026-01-13 17:18:58.000,9.901
2026-01-13 17:18:58.000,9.903
2026-01-13 17:18:58.018,9.904
2026-01-13 17:18:58.019,9.902
2026-01-13 17:18:58.034,9.904
2026-01-13 17:18:58.050,9.899
2026-01-13 17:18:58.069,9.9
2026-01-13 17:18:58.069,9.906
2026-01-13 17:18:58.085,9.901
2026-01-13 17:18:58.101,9.903
2026-01-13 17:18:58.121,9.905
2026-01-13 17:18:58.121,9.9
2026-01-13 17:18:58.136,9.901
2026-01-13 17:18:58.151,9.906
2026-01-13 17:18:58.151,9.911
2026-01-13 17:18:58.169,9.912
2026-01-13 17:18:58.187,9.914
2026-01-13 17:18:58.202,9.912
2026-01-13 17:18:58.220,9.912
2026-01-13 17:18:58.235,9.917
2026-01-13 17:18:58.236,9.918
2026-01-13 17:18:58.251,9.919
2026-01-13 17:18:58.269,9.912
2026-01-13 17:18:58.285,9.91
2026-01-13 17:18:58.286,9.92
2026-01-13 17:18:58.303,9.914
2026-01-13 17:18:58.320,9.918
2026-01-13 17:18:58.320,9.916
2026-01-13 17:18:58.336,9.913
2026-01-13 17:18:58.351,9.922
2026-01-13 17:18:58.369,9.923
2026-01-13 17:18:58.369,9.92
2026-01-13 17:18:58.384,9.918
2026-01-13 17:18:58.400,9.918
2026-01-13 17:18:58.418,9.919
2026-01-13 17:18:58.418,9.916
2026-01-13 17:18:58.434,9.918
2026-01-13 17:18:58.452,9.917
2026-01-13 17:18:58.452,9.905
2026-01-13 17:18:58.469,9.899
2026-01-13 17:18:58.484,9.898
2026-01-13 17:18:58.500,9.901
2026-01-13 17:18:58.501,9.898
2026-01-13 17:18:58.519,9.901
2026-01-13 17:18:58.536,9.904
2026-01-13 17:18:58.536,9.911
2026-01-13 17:18:58.552,9.914
2026-01-13 17:18:58.568,9.918
2026-01-13 17:18:58.586,9.914
2026-01-13 17:18:58.586,9.91
2026-01-13 17:18:58.601,9.904
2026-01-13 17:18:58.618,9.902
2026-01-13 17:18:58.635,9.905
2026-01-13 17:18:58.635,9.905
2026-01-13 17:18:58.651,9.907
2026-01-13 17:18:58.670,9.905
2026-01-13 17:18:58.670,9.91
2026-01-13 17:18:58.686,9.907
2026-01-13 17:18:58.703,9.905
2026-01-13 17:18:58.703,9.904
2026-01-13 17:18:58.721,9.903
2026-01-13 17:18:58.741,9.901
2026-01-13 17:18:58.742,9.907
2026-01-13 17:18:58.752,9.909
2026-01-13 17:18:58.768,9.906
2026-01-13 17:18:58.784,9.909
2026-01-13 17:18:58.802,9.902
2026-01-13 17:18:58.803,9.901
2026-01-13 17:18:58.818,9.902
2026-01-13 17:18:58.834,9.896
2026-01-13 17:18:58.835,9.897
2026-01-13 17:18:58.851,9.899
2026-01-13 17:18:58.868,9.902
2026-01-13 17:18:58.885,9.901
2026-01-13 17:18:58.885,9.897
2026-01-13 17:18:58.902,9.906
2026-01-13 17:18:58.919,9.913
2026-01-13 17:18:58.919,9.917
2026-01-13 17:18:58.935,9.916
2026-01-13 17:18:58.950,9.915
2026-01-13 17:18:58.968,9.916
2026-01-13 17:18:58.968,9.92
2026-01-13 17:18:58.985,9.916
2026-01-13 17:18:59.001,9.919
2026-01-13 17:18:59.019,9.924
2026-01-13 17:18:59.019,9.926
2026-01-13 17:18:59.036,9.921
2026-01-13 17:18:59.052,9.926
2026-01-13 17:18:59.052,9.926
2026-01-13 17:18:59.068,9.915
2026-01-13 17:18:59.085,9.916
2026-01-13 17:18:59.102,9.909
2026-01-13 17:18:59.103,9.908
2026-01-13 17:18:59.120,9.91
2026-01-13 17:18:59.135,9.912
2026-01-13 17:18:59.136,9.916
2026-01-13 17:18:59.152,9.918
2026-01-13 17:18:59.168,9.921
2026-01-13 17:18:59.186,9.923
2026-01-13 17:18:59.186,9.928
2026-01-13 17:18:59.201,9.931
2026-01-13 17:18:59.219,9.932
2026-01-13 17:18:59.219,9.938
2026-01-13 17:18:59.236,9.935
2026-01-13 17:18:59.253,9.943
2026-01-13 17:18:59.268,9.947
2026-01-13 17:18:59.268,9.945
2026-01-13 17:18:59.286,9.947
2026-01-13 17:18:59.302,9.948
2026-01-13 17:18:59.344,9.943
2026-01-13 17:18:59.344,9.941
2026-01-13 17:18:59.344,9.941
2026-01-13 17:18:59.344,9.935
2026-01-13 17:18:59.351,9.934
2026-01-13 17:18:59.368,9.928
2026-01-13 17:18:59.384,9.927
2026-01-13 17:18:59.401,9.926
2026-01-13 17:18:59.401,9.928
2026-01-13 17:18:59.417,9.923
2026-01-13 17:18:59.433,9.916
2026-01-13 17:18:59.451,9.908
2026-01-13 17:18:59.451,9.909
2026-01-13 17:18:59.467,9.913
2026-01-13 17:18:59.483,9.908
2026-01-13 17:18:59.483,9.897
2026-01-13 17:18:59.502,9.883
2026-01-13 17:18:59.519,9.887
2026-01-13 17:18:59.519,9.878
2026-01-13 17:18:59.535,9.871
2026-01-13 17:18:59.553,9.87
2026-01-13 17:18:59.568,9.867
2026-01-13 17:18:59.570,9.862
2026-01-13 17:18:59.585,9.864
2026-01-13 17:18:59.602,9.861
2026-01-13 17:18:59.619,9.859
2026-01-13 17:18:59.619,9.857
2026-01-13 17:18:59.636,9.855
2026-01-13 17:18:59.652,9.85
2026-01-13 17:18:59.652,9.849
2026-01-13 17:18:59.668,9.85
2026-01-13 17:18:59.685,9.846
2026-01-13 17:18:59.700,9.852
2026-01-13 17:18:59.700,9.855
2026-01-13 17:18:59.717,9.852
2026-01-13 17:18:59.741,9.853
2026-01-13 17:18:59.741,9.846
2026-01-13 17:18:59.750,9.847
2026-01-13 17:18:59.768,9.855
2026-01-13 17:18:59.785,9.856
2026-01-13 17:18:59.785,9.857
2026-01-13 17:18:59.801,9.857
2026-01-13 17:18:59.817,9.862
2026-01-13 17:18:59.819,9.866
2026-01-13 17:18:59.835,9.872
2026-01-13 17:18:59.851,9.875
2026-01-13 17:18:59.867,9.879
2026-01-13 17:18:59.884,9.881
2026-01-13 17:18:59.902,9.881
2026-01-13 17:18:59.903,9.878
2026-01-13 17:18:59.919,9.877
2026-01-13 17:18:59.934,9.871
2026-01-13 17:18:59.950,9.876
2026-01-13 17:18:59.968,9.877
2026-01-13 17:18:59.968,9.866
2026-01-13 17:18:59.986,9.862
2026-01-13 17:18:59.987,9.862
2026-01-13 17:19:00.002,9.864
2026-01-13 17:19:00.018,9.862
2026-01-13 17:19:00.033,9.867
2026-01-13 17:19:00.035,9.865
2026-01-13 17:19:00.050,9.874
2026-01-13 17:19:00.069,9.885
2026-01-13 17:19:00.086,9.891
2026-01-13 17:19:00.086,9.896
2026-01-13 17:19:00.101,9.9
2026-01-13 17:19:00.117,9.9
2026-01-13 17:19:00.134,9.897
2026-01-13 17:19:00.134,9.895
2026-01-13 17:19:00.151,9.895
2026-01-13 17:19:00.167,9.892
2026-01-13 17:19:00.168,9.893
2026-01-13 17:19:00.184,9.894
2026-01-13 17:19:00.200,9.894
2026-01-13 17:19:00.203,9.899
2026-01-13 17:19:00.219,9.898
2026-01-13 17:19:00.234,9.903
2026-01-13 17:19:00.250,9.905
2026-01-13 17:19:00.251,9.908
2026-01-13 17:19:00.270,9.913
2026-01-13 17:19:00.285,9.909
2026-01-13 17:19:00.301,9.902
2026-01-13 17:19:00.322,9.901
2026-01-13 17:19:00.323,9.899
2026-01-13 17:19:00.336,9.892
2026-01-13 17:19:00.351,9.896
2026-01-13 17:19:00.368,9.902
2026-01-13 17:19:00.385,9.901
2026-01-13 17:19:00.386,9.896
2026-01-13 17:19:00.402,9.893
2026-01-13 17:19:00.418,9.894
2026-01-13 17:19:00.435,9.892
2026-01-13 17:19:00.435,9.891
2026-01-13 17:19:00.452,9.889
2026-01-13 17:19:00.469,9.888
2026-01-13 17:19:00.471,9.892
2026-01-13 17:19:00.486,9.899
2026-01-13 17:19:00.502,9.902
2026-01-13 17:19:00.521,9.902
2026-01-13 17:19:00.521,9.897
2026-01-13 17:19:00.552,9.893
2026-01-13 17:19:00.554,9.895
2026-01-13 17:19:00.568,9.895
2026-01-13 17:19:00.584,9.894
2026-01-13 17:19:00.603,9.889
2026-01-13 17:19:00.603,9.89
2026-01-13 17:19:00.619,9.889
2026-01-13 17:19:00.634,9.887
2026-01-13 17:19:00.635,9.884
2026-01-13 17:19:00.651,9.886
2026-01-13 17:19:00.668,9.884
2026-01-13 17:19:00.708,9.881
2026-01-13 17:19:00.708,9.883
2026-01-13 17:19:00.709,9.88
2026-01-13 17:19:00.709,9.88
2026-01-13 17:19:00.739,9.882
2026-01-13 17:19:00.739,9.881
2026-01-13 17:19:00.751,9.893
2026-01-13 17:19:00.768,9.892
2026-01-13 17:19:00.768,9.895
2026-01-13 17:19:00.785,9.897
2026-01-13 17:19:00.803,9.897
2026-01-13 17:19:00.803,9.897
2026-01-13 17:19:00.820,9.896
2026-01-13 17:19:00.835,9.892
2026-01-13 17:19:00.852,9.897
2026-01-13 17:19:00.852,9.899
2026-01-13 17:19:00.868,9.898
2026-01-13 17:19:00.886,9.891
2026-01-13 17:19:00.901,9.891
2026-01-13 17:19:00.901,9.891
2026-01-13 17:19:00.919,9.895
2026-01-13 17:19:00.935,9.894
2026-01-13 17:19:00.935,9.896
2026-01-13 17:19:00.950,9.898
2026-01-13 17:19:00.968,9.904
2026-01-13 17:19:00.985,9.903
2026-01-13 17:19:00.986,9.901
2026-01-13 17:19:01.001,9.906
2026-01-13 17:19:01.035,9.907
2026-01-13 17:19:01.035,9.911
2026-01-13 17:19:01.051,9.915
2026-01-13 17:19:01.067,9.913
2026-01-13 17:19:01.067,9.915
2026-01-13 17:19:01.083,9.925
2026-01-13 17:19:01.100,9.929
2026-01-13 17:19:01.117,9.939
2026-01-13 17:19:01.117,9.938
2026-01-13 17:19:01.134,9.944
2026-01-13 17:19:01.151,9.938
2026-01-13 17:19:01.151,9.942
2026-01-13 17:19:01.168,9.947
2026-01-13 17:19:01.185,9.948
2026-01-13 17:19:01.200,9.952
2026-01-13 17:19:01.201,9.946
2026-01-13 17:19:01.218,9.947
2026-01-13 17:19:01.236,9.945
2026-01-13 17:19:01.236,9.943
2026-01-13 17:19:01.252,9.944
2026-01-13 17:19:01.268,9.945
2026-01-13 17:19:01.286,9.939
2026-01-13 17:19:01.286,9.942
2026-01-13 17:19:01.302,9.937
2026-01-13 17:19:01.319,9.937
2026-01-13 17:19:01.319,9.943
2026-01-13 17:19:01.335,9.94
2026-01-13 17:19:01.351,9.94
2026-01-13 17:19:01.369,9.946
2026-01-13 17:19:01.369,9.945
2026-01-13 17:19:01.386,9.942
2026-01-13 17:19:01.401,9.942
2026-01-13 17:19:01.418,9.941
2026-01-13 17:19:01.419,9.941
2026-01-13 17:19:01.436,9.94
2026-01-13 17:19:01.451,9.943
2026-01-13 17:19:01.451,9.946
2026-01-13 17:19:01.469,9.945
2026-01-13 17:19:01.486,9.945
2026-01-13 17:19:01.501,9.947
2026-01-13 17:19:01.502,9.948
2026-01-13 17:19:01.519,9.945
2026-01-13 17:19:01.535,9.949
2026-01-13 17:19:01.536,9.951
2026-01-13 17:19:01.550,9.953
2026-01-13 17:19:01.569,9.952
2026-01-13 17:19:01.587,9.947
2026-01-13 17:19:01.587,9.952
2026-01-13 17:19:01.600,9.949
2026-01-13 17:19:01.619,9.945
2026-01-13 17:19:01.620,9.94
2026-01-13 17:19:01.635,9.944
2026-01-13 17:19:01.650,9.954
2026-01-13 17:19:01.668,9.951
2026-01-13 17:19:01.668,9.949
2026-01-13 17:19:01.686,9.958
2026-01-13 17:19:01.701,9.957
2026-01-13 17:19:01.719,9.96
2026-01-13 17:19:01.719,9.96
2026-01-13 17:19:01.742,9.954
2026-01-13 17:19:01.742,9.951
2026-01-13 17:19:01.751,9.947
2026-01-13 17:19:01.768,9.942
2026-01-13 17:19:01.785,9.935
2026-01-13 17:19:01.800,9.928
2026-01-13 17:19:01.800,9.922
2026-01-13 17:19:01.819,9.913
2026-01-13 17:19:01.835,9.91
2026-01-13 17:19:01.835,9.903
2026-01-13 17:19:01.851,9.896
2026-01-13 17:19:01.866,9.891
2026-01-13 17:19:01.883,9.888
2026-01-13 17:19:01.883,9.893
2026-01-13 17:19:01.900,9.891
2026-01-13 17:19:01.917,9.899
2026-01-13 17:19:01.935,9.902
2026-01-13 17:19:01.935,9.909
2026-01-13 17:19:01.951,9.913
2026-01-13 17:19:01.968,9.914
2026-01-13 17:19:01.968,9.918
2026-01-13 17:19:01.985,9.916
2026-01-13 17:19:02.001,9.916
2026-01-13 17:19:02.018,9.92
2026-01-13 17:19:02.018,9.911
2026-01-13 17:19:02.036,9.91
2026-01-13 17:19:02.051,9.908
2026-01-13 17:19:02.051,9.908
2026-01-13 17:19:02.081,9.92
2026-01-13 17:19:02.082,9.916
2026-01-13 17:19:02.090,9.912
2026-01-13 17:19:02.101,9.908
2026-01-13 17:19:02.118,9.908
2026-01-13 17:19:02.133,9.913
2026-01-13 17:19:02.151,9.909
2026-01-13 17:19:02.151,9.911
2026-01-13 17:19:02.168,9.913
2026-01-13 17:19:02.185,9.915
2026-01-13 17:19:02.186,9.929
2026-01-13 17:19:02.201,9.926
2026-01-13 17:19:02.218,9.927
2026-01-13 17:19:02.219,9.931
2026-01-13 17:19:02.237,9.928
2026-01-13 17:19:02.251,9.934
2026-01-13 17:19:02.268,9.926
2026-01-13 17:19:02.269,9.923
2026-01-13 17:19:02.285,9.925
2026-01-13 17:19:02.301,9.924
2026-01-13 17:19:02.318,9.93
2026-01-13 17:19:02.319,9.934
2026-01-13 17:19:02.336,9.935
2026-01-13 17:19:02.350,9.936
2026-01-13 17:19:02.351,9.939
2026-01-13 17:19:02.367,9.94
2026-01-13 17:19:02.386,9.941
2026-01-13 17:19:02.387,9.939
2026-01-13 17:19:02.401,9.942
2026-01-13 17:19:02.421,9.934
2026-01-13 17:19:02.435,9.933
2026-01-13 17:19:02.436,9.93
2026-01-13 17:19:02.452,9.925
2026-01-13 17:19:02.468,9.921
2026-01-13 17:19:02.485,9.922
2026-01-13 17:19:02.485,9.918
2026-01-13 17:19:02.501,9.91
2026-01-13 17:19:02.518,9.902
2026-01-13 17:19:02.519,9.895
2026-01-13 17:19:02.535,9.894
2026-01-13 17:19:02.552,9.89
2026-01-13 17:19:02.570,9.889
2026-01-13 17:19:02.570,9.884
2026-01-13 17:19:02.586,9.88
2026-01-13 17:19:02.601,9.881
2026-01-13 17:19:02.619,9.886
2026-01-13 17:19:02.619,9.888
2026-01-13 17:19:02.635,9.887
2026-01-13 17:19:02.655,9.88
2026-01-13 17:19:02.655,9.885
2026-01-13 17:19:02.668,9.888
2026-01-13 17:19:02.686,9.891
2026-01-13 17:19:02.687,9.895
2026-01-13 17:19:02.701,9.893
2026-01-13 17:19:02.718,9.894
2026-01-13 17:19:02.742,9.902
2026-01-13 17:19:02.743,9.896
2026-01-13 17:19:02.750,9.899
2026-01-13 17:19:02.768,9.907
2026-01-13 17:19:02.783,9.91
2026-01-13 17:19:02.783,9.914
2026-01-13 17:19:02.804,9.913
2026-01-13 17:19:02.817,9.913
2026-01-13 17:19:02.835,9.916
2026-01-13 17:19:02.836,9.917
2026-01-13 17:19:02.852,9.916
2026-01-13 17:19:02.868,9.919
2026-01-13 17:19:02.869,9.92
2026-01-13 17:19:02.884,9.917
2026-01-13 17:19:02.902,9.907
2026-01-13 17:19:02.903,9.91
2026-01-13 17:19:02.918,9.906
2026-01-13 17:19:02.936,9.903
2026-01-13 17:19:02.951,9.894
2026-01-13 17:19:02.951,9.899
2026-01-13 17:19:02.967,9.9
2026-01-13 17:19:02.984,9.9
2026-01-13 17:19:03.001,9.894
2026-01-13 17:19:03.001,9.896
2026-01-13 17:19:03.019,9.892
2026-01-13 17:19:03.036,9.897
2026-01-13 17:19:03.036,9.89
2026-01-13 17:19:03.051,9.895
2026-01-13 17:19:03.069,9.892
2026-01-13 17:19:03.086,9.889
2026-01-13 17:19:03.086,9.891
2026-01-13 17:19:03.101,9.889
2026-01-13 17:19:03.118,9.893
2026-01-13 17:19:03.119,9.897
2026-01-13 17:19:03.135,9.903
2026-01-13 17:19:03.153,9.912
2026-01-13 17:19:03.168,9.91
2026-01-13 17:19:03.169,9.91
2026-01-13 17:19:03.184,9.905
2026-01-13 17:19:03.203,9.894
2026-01-13 17:19:03.203,9.9
2026-01-13 17:19:03.219,9.893
2026-01-13 17:19:03.234,9.886
2026-01-13 17:19:03.250,9.885
2026-01-13 17:19:03.250,9.873
2026-01-13 17:19:03.267,9.889
2026-01-13 17:19:03.283,9.888
2026-01-13 17:19:03.302,9.878
2026-01-13 17:19:03.302,9.877
2026-01-13 17:19:03.318,9.874
2026-01-13 17:19:03.333,9.884
2026-01-13 17:19:03.350,9.881
2026-01-13 17:19:03.351,9.871
2026-01-13 17:19:03.368,9.864
2026-01-13 17:19:03.384,9.866
2026-01-13 17:19:03.385,9.86
2026-01-13 17:19:03.401,9.856
2026-01-13 17:19:03.442,9.854
2026-01-13 17:19:03.442,9.854
2026-01-13 17:19:03.442,9.857
2026-01-13 17:19:03.442,9.861
2026-01-13 17:19:03.466,9.861
2026-01-13 17:19:03.466,9.863
2026-01-13 17:19:03.484,9.857
2026-01-13 17:19:03.501,9.857
2026-01-13 17:19:03.517,9.856
2026-01-13 17:19:03.517,9.853
2026-01-13 17:19:03.534,9.852
2026-01-13 17:19:03.550,9.845
2026-01-13 17:19:03.552,9.836
2026-01-13 17:19:03.568,9.838
2026-01-13 17:19:03.584,9.832
2026-01-13 17:19:03.601,9.837
2026-01-13 17:19:03.601,9.84
2026-01-13 17:19:03.618,9.832
2026-01-13 17:19:03.634,9.838
2026-01-13 17:19:03.634,9.838
2026-01-13 17:19:03.650,9.84
2026-01-13 17:19:03.668,9.849
2026-01-13 17:19:03.686,9.843
2026-01-13 17:19:03.686,9.86
2026-01-13 17:19:03.701,9.862
2026-01-13 17:19:03.717,9.854
2026-01-13 17:19:03.733,9.852
2026-01-13 17:19:03.733,9.855
2026-01-13 17:19:03.755,9.872
2026-01-13 17:19:03.756,9.877
2026-01-13 17:19:03.767,9.869
2026-01-13 17:19:03.783,9.869
2026-01-13 17:19:03.800,9.874
2026-01-13 17:19:03.816,9.886
2026-01-13 17:19:03.817,9.883
2026-01-13 17:19:03.832,9.886
2026-01-13 17:19:03.850,9.873
2026-01-13 17:19:03.850,9.87
2026-01-13 17:19:03.866,9.883
2026-01-13 17:19:03.884,9.874
2026-01-13 17:19:03.901,9.864
2026-01-13 17:19:03.901,9.862
2026-01-13 17:19:03.917,9.854
2026-01-13 17:19:03.934,9.85
2026-01-13 17:19:03.934,9.85
2026-01-13 17:19:03.951,9.844
2026-01-13 17:19:03.966,9.838
2026-01-13 17:19:03.983,9.842
2026-01-13 17:19:03.983,9.837
2026-01-13 17:19:04.001,9.839
2026-01-13 17:19:04.018,9.845
2026-01-13 17:19:04.035,9.843
2026-01-13 17:19:04.035,9.842
2026-01-13 17:19:04.051,9.84
2026-01-13 17:19:04.069,9.84
2026-01-13 17:19:04.070,9.845
2026-01-13 17:19:04.085,9.849
2026-01-13 17:19:04.101,9.846
2026-01-13 17:19:04.117,9.85
2026-01-13 17:19:04.117,9.858
2026-01-13 17:19:04.134,9.863
2026-01-13 17:19:04.151,9.867
2026-01-13 17:19:04.151,9.871
2026-01-13 17:19:04.170,9.874
2026-01-13 17:19:04.184,9.874
2026-01-13 17:19:04.201,9.877
2026-01-13 17:19:04.201,9.874
2026-01-13 17:19:04.217,9.872
2026-01-13 17:19:04.234,9.885
2026-01-13 17:19:04.251,9.884
2026-01-13 17:19:04.251,9.885
2026-01-13 17:19:04.268,9.885
2026-01-13 17:19:04.284,9.878
2026-01-13 17:19:04.284,9.899
2026-01-13 17:19:04.300,9.905
2026-01-13 17:19:04.319,9.907
2026-01-13 17:19:04.319,9.909
2026-01-13 17:19:04.335,9.916
2026-01-13 17:19:04.351,9.919
2026-01-13 17:19:04.373,9.913
2026-01-13 17:19:04.374,9.911
2026-01-13 17:19:04.385,9.899
2026-01-13 17:19:04.400,9.885
2026-01-13 17:19:04.417,9.889
2026-01-13 17:19:04.417,9.881
2026-01-13 17:19:04.434,9.874
2026-01-13 17:19:04.450,9.871
2026-01-13 17:19:04.450,9.876
2026-01-13 17:19:04.467,9.879
2026-01-13 17:19:04.485,9.885
2026-01-13 17:19:04.500,9.884
2026-01-13 17:19:04.500,9.882
2026-01-13 17:19:04.516,9.887
2026-01-13 17:19:04.535,9.886
2026-01-13 17:19:04.535,9.895
2026-01-13 17:19:04.550,9.894
2026-01-13 17:19:04.567,9.89
2026-01-13 17:19:04.584,9.884
2026-01-13 17:19:04.584,9.875
2026-01-13 17:19:04.601,9.877
2026-01-13 17:19:04.617,9.873
2026-01-13 17:19:04.635,9.867
2026-01-13 17:19:04.635,9.865
2026-01-13 17:19:04.651,9.864
2026-01-13 17:19:04.669,9.861
2026-01-13 17:19:04.669,9.853
2026-01-13 17:19:04.684,9.86
2026-01-13 17:19:04.701,9.86
2026-01-13 17:19:04.718,9.86
2026-01-13 17:19:04.719,9.858
2026-01-13 17:19:04.742,9.857
2026-01-13 17:19:04.743,9.871
2026-01-13 17:19:04.768,9.866
2026-01-13 17:19:04.768,9.861
2026-01-13 17:19:04.822,9.85
2026-01-13 17:19:04.822,9.85
2026-01-13 17:19:04.822,9.86
2026-01-13 17:19:04.822,9.862
2026-01-13 17:19:04.822,9.854
2026-01-13 17:19:04.850,9.854
2026-01-13 17:19:04.850,9.855
2026-01-13 17:19:04.868,9.866
2026-01-13 17:19:04.884,9.87
2026-01-13 17:19:04.884,9.876
2026-01-13 17:19:04.900,9.871
2026-01-13 17:19:04.919,9.871
2026-01-13 17:19:04.935,9.877
2026-01-13 17:19:04.951,9.889
2026-01-13 17:19:04.970,9.892
2026-01-13 17:19:04.970,9.889
2026-01-13 17:19:04.984,9.886
2026-01-13 17:19:05.002,9.879
2026-01-13 17:19:05.003,9.879
2026-01-13 17:19:05.018,9.868
2026-01-13 17:19:05.034,9.866
2026-01-13 17:19:05.050,9.865
2026-01-13 17:19:05.051,9.858
2026-01-13 17:19:05.072,9.856
2026-01-13 17:19:05.083,9.851
2026-01-13 17:19:05.102,9.849
2026-01-13 17:19:05.102,9.847
2026-01-13 17:19:05.118,9.847
2026-01-13 17:19:05.134,9.849
2026-01-13 17:19:05.135,9.852
2026-01-13 17:19:05.151,9.862
2026-01-13 17:19:05.168,9.86
2026-01-13 17:19:05.185,9.855
2026-01-13 17:19:05.185,9.856
2026-01-13 17:19:05.201,9.856
2026-01-13 17:19:05.217,9.859
2026-01-13 17:19:05.234,9.86
2026-01-13 17:19:05.234,9.865
2026-01-13 17:19:05.251,9.871
2026-01-13 17:19:05.267,9.873
2026-01-13 17:19:05.267,9.875
2026-01-13 17:19:05.286,9.878
2026-01-13 17:19:05.301,9.875
2026-01-13 17:19:05.317,9.875
2026-01-13 17:19:05.318,9.87
2026-01-13 17:19:05.334,9.868
2026-01-13 17:19:05.350,9.868
2026-01-13 17:19:05.350,9.867
2026-01-13 17:19:05.366,9.861
2026-01-13 17:19:05.384,9.857
2026-01-13 17:19:05.399,9.851
2026-01-13 17:19:05.399,9.861
2026-01-13 17:19:05.419,9.853
2026-01-13 17:19:05.435,9.848
2026-01-13 17:19:05.435,9.85
2026-01-13 17:19:05.450,9.855
2026-01-13 17:19:05.466,9.863
2026-01-13 17:19:05.484,9.865
2026-01-13 17:19:05.484,9.862
2026-01-13 17:19:05.501,9.86
2026-01-13 17:19:05.518,9.861
2026-01-13 17:19:05.518,9.866
2026-01-13 17:19:05.535,9.858
2026-01-13 17:19:05.551,9.862
2026-01-13 17:19:05.566,9.868
2026-01-13 17:19:05.567,9.866
2026-01-13 17:19:05.583,9.883
2026-01-13 17:19:05.601,9.885
2026-01-13 17:19:05.616,9.898
2026-01-13 17:19:05.616,9.898
2026-01-13 17:19:05.633,9.893
2026-01-13 17:19:05.649,9.891
2026-01-13 17:19:05.666,9.89
2026-01-13 17:19:05.666,9.882
2026-01-13 17:19:05.682,9.887
2026-01-13 17:19:05.701,9.887
2026-01-13 17:19:05.701,9.887
2026-01-13 17:19:05.716,9.89
2026-01-13 17:19:05.739,9.884
2026-01-13 17:19:05.739,9.882
2026-01-13 17:19:05.750,9.882
2026-01-13 17:19:05.768,9.884
2026-01-13 17:19:05.784,9.88
2026-01-13 17:19:05.784,9.88
2026-01-13 17:19:05.800,9.878
2026-01-13 17:19:05.820,9.876
2026-01-13 17:19:05.820,9.877
2026-01-13 17:19:05.838,9.879
2026-01-13 17:19:05.850,9.879
2026-01-13 17:19:05.867,9.878
2026-01-13 17:19:05.868,9.878
2026-01-13 17:19:05.884,9.877
2026-01-13 17:19:05.902,9.875
2026-01-13 17:19:05.903,9.877
2026-01-13 17:19:05.917,9.87
2026-01-13 17:19:05.934,9.874
2026-01-13 17:19:05.952,9.866
2026-01-13 17:19:05.952,9.865
2026-01-13 17:19:05.968,9.862
2026-01-13 17:19:05.985,9.859
2026-01-13 17:19:06.001,9.853
2026-01-13 17:19:06.001,9.855
2026-01-13 17:19:06.017,9.848
2026-01-13 17:19:06.038,9.84
2026-01-13 17:19:06.038,9.839
2026-01-13 17:19:06.050,9.832
2026-01-13 17:19:06.068,9.837
2026-01-13 17:19:06.083,9.842
2026-01-13 17:19:06.083,9.844
2026-01-13 17:19:06.102,9.845
2026-01-13 17:19:06.118,9.848
2026-01-13 17:19:06.118,9.853
2026-01-13 17:19:06.158,9.856
2026-01-13 17:19:06.158,9.86
2026-01-13 17:19:06.158,9.86
2026-01-13 17:19:06.183,9.868
2026-01-13 17:19:06.183,9.872
2026-01-13 17:19:06.202,9.882
2026-01-13 17:19:06.203,9.885
2026-01-13 17:19:06.219,9.885
2026-01-13 17:19:06.234,9.887
2026-01-13 17:19:06.254,9.895
2026-01-13 17:19:06.254,9.895
2026-01-13 17:19:06.267,9.901
2026-01-13 17:19:06.284,9.892
2026-01-13 17:19:06.301,9.875
2026-01-13 17:19:06.317,9.867
2026-01-13 17:19:06.335,9.879
2026-01-13 17:19:06.336,9.871
2026-01-13 17:19:06.351,9.871
2026-01-13 17:19:06.367,9.869
2026-01-13 17:19:06.384,9.862
2026-01-13 17:19:06.384,9.862
2026-01-13 17:19:06.401,9.859
2026-01-13 17:19:06.418,9.854
2026-01-13 17:19:06.419,9.855
2026-01-13 17:19:06.435,9.859
2026-01-13 17:19:06.451,9.863
2026-01-13 17:19:06.467,9.86
2026-01-13 17:19:06.468,9.862
2026-01-13 17:19:06.484,9.863
2026-01-13 17:19:06.502,9.861
2026-01-13 17:19:06.503,9.867
2026-01-13 17:19:06.518,9.869
2026-01-13 17:19:06.537,9.871
2026-01-13 17:19:06.551,9.877
2026-01-13 17:19:06.551,9.877
2026-01-13 17:19:06.567,9.876
2026-01-13 17:19:06.584,9.875
2026-01-13 17:19:06.601,9.867
2026-01-13 17:19:06.601,9.869
2026-01-13 17:19:06.618,9.868
2026-01-13 17:19:06.634,9.859
2026-01-13 17:19:06.635,9.861
2026-01-13 17:19:06.650,9.863
2026-01-13 17:19:06.668,9.866
2026-01-13 17:19:06.684,9.863
2026-01-13 17:19:06.684,9.854
2026-01-13 17:19:06.702,9.854
2026-01-13 17:19:06.718,9.85
2026-01-13 17:19:06.718,9.857
2026-01-13 17:19:06.740,9.862
2026-01-13 17:19:06.749,9.86
2026-01-13 17:19:06.767,9.863
2026-01-13 17:19:06.768,9.862
2026-01-13 17:19:06.784,9.868
2026-01-13 17:19:06.801,9.872
2026-01-13 17:19:06.818,9.875
2026-01-13 17:19:06.818,9.883
2026-01-13 17:19:06.834,9.884
2026-01-13 17:19:06.851,9.887
2026-01-13 17:19:06.851,9.888
2026-01-13 17:19:06.868,9.886
2026-01-13 17:19:06.885,9.892
2026-01-13 17:19:06.901,9.892
2026-01-13 17:19:06.901,9.891
2026-01-13 17:19:06.918,9.891
2026-01-13 17:19:06.935,9.891
2026-01-13 17:19:06.935,9.886
2026-01-13 17:19:06.951,9.889
2026-01-13 17:19:06.966,9.889
2026-01-13 17:19:06.983,9.884
2026-01-13 17:19:06.983,9.884
2026-01-13 17:19:06.999,9.884
2026-01-13 17:19:07.018,9.88
2026-01-13 17:19:07.019,9.88
2026-01-13 17:19:07.033,9.875
2026-01-13 17:19:07.050,9.879
2026-01-13 17:19:07.068,9.879
2026-01-13 17:19:07.068,9.879
2026-01-13 17:19:07.085,9.877
2026-01-13 17:19:07.100,9.875
2026-01-13 17:19:07.117,9.87
2026-01-13 17:19:07.117,9.869
2026-01-13 17:19:07.132,9.873
2026-01-13 17:19:07.150,9.873
2026-01-13 17:19:07.150,9.875
2026-01-13 17:19:07.165,9.875
2026-01-13 17:19:07.183,9.88
2026-01-13 17:19:07.200,9.874
2026-01-13 17:19:07.200,9.88
2026-01-13 17:19:07.218,9.885
2026-01-13 17:19:07.235,9.878
2026-01-13 17:19:07.235,9.877
2026-01-13 17:19:07.250,9.877
2026-01-13 17:19:07.268,9.884
2026-01-13 17:19:07.285,9.885
2026-01-13 17:19:07.286,9.886
2026-01-13 17:19:07.300,9.885
2026-01-13 17:19:07.318,9.888
2026-01-13 17:19:07.318,9.897
2026-01-13 17:19:07.336,9.898
2026-01-13 17:19:07.352,9.905
2026-01-13 17:19:07.369,9.903
2026-01-13 17:19:07.369,9.902
2026-01-13 17:19:07.383,9.905
2026-01-13 17:19:07.401,9.905
2026-01-13 17:19:07.402,9.91
2026-01-13 17:19:07.418,9.912
2026-01-13 17:19:07.434,9.906
2026-01-13 17:19:07.450,9.91
2026-01-13 17:19:07.451,9.902
2026-01-13 17:19:07.468,9.902
2026-01-13 17:19:07.485,9.905
2026-01-13 17:19:07.500,9.899
2026-01-13 17:19:07.500,9.898
2026-01-13 17:19:07.529,9.899
2026-01-13 17:19:07.530,9.899
2026-01-13 17:19:07.540,9.899
2026-01-13 17:19:07.552,9.892
2026-01-13 17:19:07.567,9.891
2026-01-13 17:19:07.583,9.893
2026-01-13 17:19:07.584,9.886
2026-01-13 17:19:07.600,9.882
2026-01-13 17:19:07.617,9.879
2026-01-13 17:19:07.633,9.877
2026-01-13 17:19:07.633,9.877
2026-01-13 17:19:07.651,9.879
2026-01-13 17:19:07.666,9.876
2026-01-13 17:19:07.667,9.881
2026-01-13 17:19:07.683,9.886
2026-01-13 17:19:07.700,9.886
2026-01-13 17:19:07.716,9.894
2026-01-13 17:19:07.716,9.9
2026-01-13 17:19:07.740,9.904
2026-01-13 17:19:07.740,9.909
2026-01-13 17:19:07.751,9.914
2026-01-13 17:19:07.766,9.916
2026-01-13 17:19:07.782,9.914
2026-01-13 17:19:07.800,9.92
2026-01-13 17:19:07.801,9.916
2026-01-13 17:19:07.817,9.912
2026-01-13 17:19:07.834,9.915
2026-01-13 17:19:07.835,9.907
2026-01-13 17:19:07.849,9.904
2026-01-13 17:19:07.866,9.903
2026-01-13 17:19:07.883,9.903
2026-01-13 17:19:07.884,9.905
2026-01-13 17:19:07.901,9.902
2026-01-13 17:19:07.918,9.904
2026-01-13 17:19:07.918,9.901
2026-01-13 17:19:07.934,9.899
2026-01-13 17:19:07.950,9.91
2026-01-13 17:19:07.967,9.91
2026-01-13 17:19:07.967,9.908
2026-01-13 17:19:07.983,9.903
2026-01-13 17:19:08.001,9.905
2026-01-13 17:19:08.018,9.92
2026-01-13 17:19:08.019,9.916
2026-01-13 17:19:08.035,9.917
2026-01-13 17:19:08.050,9.922
2026-01-13 17:19:08.050,9.92
2026-01-13 17:19:08.068,9.928
2026-01-13 17:19:08.084,9.931
2026-01-13 17:19:08.100,9.922
2026-01-13 17:19:08.100,9.926
2026-01-13 17:19:08.118,9.925
2026-01-13 17:19:08.135,9.935
2026-01-13 17:19:08.135,9.938
2026-01-13 17:19:08.150,9.937
2026-01-13 17:19:08.169,9.933
2026-01-13 17:19:08.185,9.93
2026-01-13 17:19:08.186,9.933
2026-01-13 17:19:08.199,9.924
2026-01-13 17:19:08.217,9.926
2026-01-13 17:19:08.234,9.923
2026-01-13 17:19:08.234,9.92
2026-01-13 17:19:08.250,9.921
2026-01-13 17:19:08.267,9.918
2026-01-13 17:19:08.267,9.914
2026-01-13 17:19:08.283,9.915
2026-01-13 17:19:08.301,9.914
2026-01-13 17:19:08.318,9.908
2026-01-13 17:19:08.319,9.902
2026-01-13 17:19:08.334,9.895
2026-01-13 17:19:08.349,9.895
2026-01-13 17:19:08.368,9.892
2026-01-13 17:19:08.368,9.896
2026-01-13 17:19:08.385,9.897
2026-01-13 17:19:08.400,9.899
2026-01-13 17:19:08.400,9.897
2026-01-13 17:19:08.418,9.898
2026-01-13 17:19:08.434,9.904
2026-01-13 17:19:08.434,9.901
2026-01-13 17:19:08.449,9.899
2026-01-13 17:19:08.467,9.899
2026-01-13 17:19:08.484,9.895
2026-01-13 17:19:08.485,9.909
2026-01-13 17:19:08.501,9.905
2026-01-13 17:19:08.517,9.903
2026-01-13 17:19:08.535,9.899
2026-01-13 17:19:08.535,9.896
2026-01-13 17:19:08.549,9.905
2026-01-13 17:19:08.566,9.902
2026-01-13 17:19:08.584,9.901
2026-01-13 17:19:08.584,9.889
2026-01-13 17:19:08.600,9.89
2026-01-13 17:19:08.617,9.903
2026-01-13 17:19:08.617,9.897
2026-01-13 17:19:08.634,9.891
2026-01-13 17:19:08.649,9.896
2026-01-13 17:19:08.667,9.893
2026-01-13 17:19:08.668,9.903
2026-01-13 17:19:08.684,9.909
2026-01-13 17:19:08.699,9.911
2026-01-13 17:19:08.700,9.909
2026-01-13 17:19:08.719,9.913
2026-01-13 17:19:08.742,9.911
2026-01-13 17:19:08.743,9.909
2026-01-13 17:19:08.749,9.912
2026-01-13 17:19:08.767,9.914
2026-01-13 17:19:08.783,9.918
2026-01-13 17:19:08.783,9.915
2026-01-13 17:19:08.805,9.92
2026-01-13 17:19:08.817,9.924
2026-01-13 17:19:08.835,9.919
2026-01-13 17:19:08.836,9.927
2026-01-13 17:19:08.850,9.933
2026-01-13 17:19:08.868,9.932
2026-01-13 17:19:08.868,9.935
2026-01-13 17:19:08.895,9.937
2026-01-13 17:19:08.896,9.941
2026-01-13 17:19:08.906,9.933
2026-01-13 17:19:08.916,9.931
2026-01-13 17:19:08.933,9.924
2026-01-13 17:19:08.951,9.914
2026-01-13 17:19:08.951,9.909
2026-01-13 17:19:08.969,9.909
2026-01-13 17:19:08.984,9.908
2026-01-13 17:19:09.000,9.9
2026-01-13 17:19:09.000,9.899
2026-01-13 17:19:09.018,9.894
2026-01-13 17:19:09.035,9.902
2026-01-13 17:19:09.035,9.901
2026-01-13 17:19:09.050,9.896
2026-01-13 17:19:09.067,9.892
2026-01-13 17:19:09.084,9.892
2026-01-13 17:19:09.084,9.903
2026-01-13 17:19:09.100,9.903
2026-01-13 17:19:09.117,9.897
2026-01-13 17:19:09.135,9.903
2026-01-13 17:19:09.135,9.904
2026-01-13 17:19:09.150,9.908
2026-01-13 17:19:09.168,9.901
2026-01-13 17:19:09.168,9.894
2026-01-13 17:19:09.184,9.894
2026-01-13 17:19:09.201,9.894
2026-01-13 17:19:09.216,9.891
2026-01-13 17:19:09.217,9.891
2026-01-13 17:19:09.234,9.893
2026-01-13 17:19:09.250,9.892
2026-01-13 17:19:09.250,9.896
2026-01-13 17:19:09.268,9.893
2026-01-13 17:19:09.283,9.892
2026-01-13 17:19:09.300,9.897
2026-01-13 17:19:09.300,9.903
2026-01-13 17:19:09.317,9.905
2026-01-13 17:19:09.335,9.902
2026-01-13 17:19:09.335,9.905
2026-01-13 17:19:09.350,9.907
2026-01-13 17:19:09.369,9.91
2026-01-13 17:19:09.385,9.911
2026-01-13 17:19:09.385,9.909
2026-01-13 17:19:09.399,9.911
2026-01-13 17:19:09.416,9.917
2026-01-13 17:19:09.434,9.924
2026-01-13 17:19:09.434,9.927
2026-01-13 17:19:09.450,9.93
2026-01-13 17:19:09.465,9.931
2026-01-13 17:19:09.485,9.93
2026-01-13 17:19:09.486,9.926
2026-01-13 17:19:09.500,9.921
2026-01-13 17:19:09.517,9.919
2026-01-13 17:19:09.517,9.921
2026-01-13 17:19:09.534,9.931
2026-01-13 17:19:09.549,9.929
2026-01-13 17:19:09.566,9.929
2026-01-13 17:19:09.566,9.936
2026-01-13 17:19:09.582,9.937
2026-01-13 17:19:09.598,9.939
2026-01-13 17:19:09.599,9.941
2026-01-13 17:19:09.615,9.939
2026-01-13 17:19:09.633,9.943
2026-01-13 17:19:09.649,9.938
2026-01-13 17:19:09.649,9.935
2026-01-13 17:19:09.665,9.924
2026-01-13 17:19:09.682,9.916
2026-01-13 17:19:09.682,9.925
2026-01-13 17:19:09.702,9.932
2026-01-13 17:19:09.718,9.933
2026-01-13 17:19:09.718,9.932
2026-01-13 17:19:09.739,9.934
2026-01-13 17:19:09.750,9.945
2026-01-13 17:19:09.765,9.939
2026-01-13 17:19:09.783,9.936
2026-01-13 17:19:09.784,9.933
2026-01-13 17:19:09.799,9.937
2026-01-13 17:19:09.819,9.933
2026-01-13 17:19:09.819,9.929
2026-01-13 17:19:09.834,9.926
2026-01-13 17:19:09.850,9.92
2026-01-13 17:19:09.851,9.92
2026-01-13 17:19:09.866,9.918
2026-01-13 17:19:09.884,9.915
2026-01-13 17:19:09.900,9.913
2026-01-13 17:19:09.901,9.91
2026-01-13 17:19:09.917,9.905
2026-01-13 17:19:09.935,9.904
2026-01-13 17:19:09.935,9.903
2026-01-13 17:19:09.950,9.902
2026-01-13 17:19:09.968,9.904
2026-01-13 17:19:09.984,9.907
2026-01-13 17:19:09.984,9.899
2026-01-13 17:19:09.999,9.904
2026-01-13 17:19:10.016,9.898
2026-01-13 17:19:10.033,9.897
2026-01-13 17:19:10.033,9.894
2026-01-13 17:19:10.049,9.885
2026-01-13 17:19:10.065,9.889
2026-01-13 17:19:10.082,9.885
2026-01-13 17:19:10.082,9.886
2026-01-13 17:19:10.098,9.886
2026-01-13 17:19:10.115,9.9
2026-01-13 17:19:10.116,9.906
2026-01-13 17:19:10.132,9.911
2026-01-13 17:19:10.149,9.91
2026-01-13 17:19:10.150,9.909
2026-01-13 17:19:10.166,9.921
2026-01-13 17:19:10.181,9.927
2026-01-13 17:19:10.197,9.928
2026-01-13 17:19:10.199,9.929
2026-01-13 17:19:10.216,9.931
2026-01-13 17:19:10.258,9.935
2026-01-13 17:19:10.258,9.935
2026-01-13 17:19:10.258,9.936
2026-01-13 17:19:10.259,9.939
2026-01-13 17:19:10.282,9.944
2026-01-13 17:19:10.282,9.939
2026-01-13 17:19:10.299,9.939
2026-01-13 17:19:10.316,9.94
2026-01-13 17:19:10.332,9.939
2026-01-13 17:19:10.332,9.939
2026-01-13 17:19:10.348,9.944
2026-01-13 17:19:10.364,9.939
2026-01-13 17:19:10.382,9.937
2026-01-13 17:19:10.382,9.936
2026-01-13 17:19:10.398,9.934
2026-01-13 17:19:10.415,9.936
2026-01-13 17:19:10.417,9.935
2026-01-13 17:19:10.433,9.934
2026-01-13 17:19:10.449,9.938
2026-01-13 17:19:10.451,9.939
2026-01-13 17:19:10.466,9.94
2026-01-13 17:19:10.482,9.939
2026-01-13 17:19:10.499,9.94
2026-01-13 17:19:10.499,9.94
2026-01-13 17:19:10.516,9.942
2026-01-13 17:19:10.533,9.941
2026-01-13 17:19:10.549,9.942
2026-01-13 17:19:10.550,9.942
2026-01-13 17:19:10.567,9.942
2026-01-13 17:19:10.582,9.943
2026-01-13 17:19:10.583,9.94
2026-01-13 17:19:10.599,9.938
2026-01-13 17:19:10.617,9.944
2026-01-13 17:19:10.633,9.953
2026-01-13 17:19:10.633,9.95
2026-01-13 17:19:10.649,9.947
2026-01-13 17:19:10.666,9.954
2026-01-13 17:19:10.666,9.952
2026-01-13 17:19:10.682,9.949
2026-01-13 17:19:10.699,9.949
2026-01-13 17:19:10.715,9.947
2026-01-13 17:19:10.715,9.943
2026-01-13 17:19:10.738,9.944
2026-01-13 17:19:10.749,9.941
2026-01-13 17:19:10.766,9.942
2026-01-13 17:19:10.766,9.952
2026-01-13 17:19:10.783,9.945
2026-01-13 17:19:10.801,9.938
2026-01-13 17:19:10.801,9.935
2026-01-13 17:19:10.817,9.934
2026-01-13 17:19:10.833,9.929
2026-01-13 17:19:10.851,9.926
2026-01-13 17:19:10.851,9.924
2026-01-13 17:19:10.868,9.92
2026-01-13 17:19:10.884,9.919
2026-01-13 17:19:10.884,9.919
2026-01-13 17:19:10.900,9.918
2026-01-13 17:19:10.918,9.922
2026-01-13 17:19:10.919,9.927
2026-01-13 17:19:10.934,9.927
2026-01-13 17:19:10.950,9.926
2026-01-13 17:19:10.967,9.923
2026-01-13 17:19:10.968,9.928
2026-01-13 17:19:10.984,9.93
2026-01-13 17:19:11.001,9.928
2026-01-13 17:19:11.020,9.94
2026-01-13 17:19:11.020,9.933
2026-01-13 17:19:11.037,9.931
2026-01-13 17:19:11.049,9.932
2026-01-13 17:19:11.066,9.931
2026-01-13 17:19:11.066,9.929
2026-01-13 17:19:11.083,9.93
2026-01-13 17:19:11.102,9.928
2026-01-13 17:19:11.102,9.92
2026-01-13 17:19:11.117,9.923
2026-01-13 17:19:11.134,9.926
2026-01-13 17:19:11.150,9.93
2026-01-13 17:19:11.150,9.931
2026-01-13 17:19:11.167,9.929
2026-01-13 17:19:11.183,9.933
2026-01-13 17:19:11.183,9.932
2026-01-13 17:19:11.200,9.934
2026-01-13 17:19:11.218,9.932
2026-01-13 17:19:11.219,9.931
2026-01-13 17:19:11.236,9.935
2026-01-13 17:19:11.249,9.936
2026-01-13 17:19:11.267,9.939
2026-01-13 17:19:11.267,9.939
2026-01-13 17:19:11.283,9.946
2026-01-13 17:19:11.300,9.942
2026-01-13 17:19:11.318,9.941
2026-01-13 17:19:11.318,9.94
2026-01-13 17:19:11.334,9.939
2026-01-13 17:19:11.349,9.94
2026-01-13 17:19:11.367,9.936
2026-01-13 17:19:11.367,9.936
2026-01-13 17:19:11.385,9.938
2026-01-13 17:19:11.400,9.94
2026-01-13 17:19:11.400,9.945
2026-01-13 17:19:11.417,9.947
2026-01-13 17:19:11.434,9.945
2026-01-13 17:19:11.435,9.945
2026-01-13 17:19:11.450,9.943
2026-01-13 17:19:11.466,9.945
2026-01-13 17:19:11.483,9.948
2026-01-13 17:19:11.484,9.946
2026-01-13 17:19:11.499,9.948
2026-01-13 17:19:11.517,9.944
2026-01-13 17:19:11.535,9.946
2026-01-13 17:19:11.535,9.948
2026-01-13 17:19:11.550,9.948
2026-01-13 17:19:11.566,9.946
2026-01-13 17:19:11.567,9.947
2026-01-13 17:19:11.583,9.951
2026-01-13 17:19:11.630,9.951
2026-01-13 17:19:11.630,9.955
2026-01-13 17:19:11.630,9.956
2026-01-13 17:19:11.630,9.957
2026-01-13 17:19:11.650,9.955
2026-01-13 17:19:11.650,9.952
2026-01-13 17:19:11.666,9.955
2026-01-13 17:19:11.683,9.954
2026-01-13 17:19:11.701,9.954
2026-01-13 17:19:11.702,9.952
2026-01-13 17:19:11.717,9.946
2026-01-13 17:19:11.740,9.951
2026-01-13 17:19:11.741,9.948
2026-01-13 17:19:11.748,9.948
2026-01-13 17:19:11.766,9.95
2026-01-13 17:19:11.783,9.945
2026-01-13 17:19:11.783,9.946
2026-01-13 17:19:11.802,9.935
2026-01-13 17:19:11.817,9.932
2026-01-13 17:19:11.834,9.937
2026-01-13 17:19:11.834,9.935
2026-01-13 17:19:11.850,9.937
2026-01-13 17:19:11.867,9.942
2026-01-13 17:19:11.867,9.939
2026-01-13 17:19:11.883,9.941
2026-01-13 17:19:11.900,9.94
2026-01-13 17:19:11.916,9.939
2026-01-13 17:19:11.917,9.936
2026-01-13 17:19:11.935,9.935
2026-01-13 17:19:11.949,9.938
2026-01-13 17:19:11.965,9.935
2026-01-13 17:19:11.967,9.929
2026-01-13 17:19:11.986,9.924
2026-01-13 17:19:12.000,9.922
2026-01-13 17:19:12.000,9.92
2026-01-13 17:19:12.017,9.919
2026-01-13 17:19:12.034,9.918
2026-01-13 17:19:12.035,9.926
2026-01-13 17:19:12.050,9.928
2026-01-13 17:19:12.066,9.934
2026-01-13 17:19:12.083,9.94
2026-01-13 17:19:12.083,9.944
2026-01-13 17:19:12.100,9.941
2026-01-13 17:19:12.115,9.939
2026-01-13 17:19:12.136,9.944
2026-01-13 17:19:12.136,9.945
2026-01-13 17:19:12.148,9.938
2026-01-13 17:19:12.166,9.93
2026-01-13 17:19:12.181,9.936
2026-01-13 17:19:12.181,9.932
2026-01-13 17:19:12.200,9.938
2026-01-13 17:19:12.216,9.929
2026-01-13 17:19:12.217,9.924
2026-01-13 17:19:12.234,9.927
2026-01-13 17:19:12.249,9.922
2026-01-13 17:19:12.266,9.924
2026-01-13 17:19:12.267,9.929
2026-01-13 17:19:12.282,9.924
2026-01-13 17:19:12.299,9.926
2026-01-13 17:19:12.300,9.925
2026-01-13 17:19:12.314,9.926
2026-01-13 17:19:12.333,9.925
2026-01-13 17:19:12.348,9.92
2026-01-13 17:19:12.348,9.914
2026-01-13 17:19:12.364,9.907
2026-01-13 17:19:12.382,9.91
2026-01-13 17:19:12.382,9.914
2026-01-13 17:19:12.398,9.906
2026-01-13 17:19:12.415,9.909
2026-01-13 17:19:12.433,9.911
2026-01-13 17:19:12.433,9.906
2026-01-13 17:19:12.449,9.901
2026-01-13 17:19:12.465,9.899
2026-01-13 17:19:12.482,9.902
2026-01-13 17:19:12.482,9.911
2026-01-13 17:19:12.501,9.917
2026-01-13 17:19:12.516,9.918
2026-01-13 17:19:12.516,9.912
2026-01-13 17:19:12.533,9.916
2026-01-13 17:19:12.549,9.919
2026-01-13 17:19:12.566,9.92
2026-01-13 17:19:12.566,9.914
2026-01-13 17:19:12.584,9.919
2026-01-13 17:19:12.599,9.916
2026-01-13 17:19:12.599,9.927
2026-01-13 17:19:12.616,9.925
2026-01-13 17:19:12.633,9.927
2026-01-13 17:19:12.649,9.929
2026-01-13 17:19:12.650,9.933
2026-01-13 17:19:12.665,9.939
2026-01-13 17:19:12.683,9.94
2026-01-13 17:19:12.684,9.931
2026-01-13 17:19:12.700,9.926
2026-01-13 17:19:12.716,9.917
2026-01-13 17:19:12.741,9.919
2026-01-13 17:19:12.741,9.91
2026-01-13 17:19:12.748,9.912
2026-01-13 17:19:12.765,9.912
2026-01-13 17:19:12.783,9.919
2026-01-13 17:19:12.783,9.91
2026-01-13 17:19:12.799,9.91
2026-01-13 17:19:12.816,9.908
2026-01-13 17:19:12.817,9.91
2026-01-13 17:19:12.835,9.906
2026-01-13 17:19:12.848,9.903
2026-01-13 17:19:12.865,9.898
2026-01-13 17:19:12.865,9.898
2026-01-13 17:19:12.883,9.895
2026-01-13 17:19:12.900,9.897
2026-01-13 17:19:12.900,9.893
2026-01-13 17:19:12.917,9.893
2026-01-13 17:19:12.933,9.889
2026-01-13 17:19:12.948,9.887
2026-01-13 17:19:12.949,9.887
2026-01-13 17:19:12.978,9.885
2026-01-13 17:19:12.979,9.882
2026-01-13 17:19:12.988,9.885
2026-01-13 17:19:12.999,9.886
2026-01-13 17:19:13.016,9.886
2026-01-13 17:19:13.032,9.89
2026-01-13 17:19:13.032,9.895
2026-01-13 17:19:13.049,9.895
2026-01-13 17:19:13.069,9.898
2026-01-13 17:19:13.070,9.902
2026-01-13 17:19:13.083,9.913
2026-01-13 17:19:13.101,9.912
2026-01-13 17:19:13.116,9.911
2026-01-13 17:19:13.116,9.903
2026-01-13 17:19:13.132,9.901
2026-01-13 17:19:13.150,9.91
2026-01-13 17:19:13.150,9.907
2026-01-13 17:19:13.167,9.906
2026-01-13 17:19:13.183,9.904
2026-01-13 17:19:13.199,9.902
2026-01-13 17:19:13.200,9.906
2026-01-13 17:19:13.215,9.899
2026-01-13 17:19:13.234,9.898
2026-01-13 17:19:13.235,9.892
2026-01-13 17:19:13.249,9.895
2026-01-13 17:19:13.266,9.898
2026-01-13 17:19:13.283,9.898
2026-01-13 17:19:13.283,9.892
2026-01-13 17:19:13.299,9.891
2026-01-13 17:19:13.314,9.887
2026-01-13 17:19:13.335,9.885
2026-01-13 17:19:13.335,9.888
2026-01-13 17:19:13.349,9.89
2026-01-13 17:19:13.367,9.892
2026-01-13 17:19:13.367,9.894
2026-01-13 17:19:13.383,9.897
2026-01-13 17:19:13.398,9.894
2026-01-13 17:19:13.418,9.89
2026-01-13 17:19:13.419,9.895
2026-01-13 17:19:13.433,9.896
2026-01-13 17:19:13.450,9.893
2026-01-13 17:19:13.450,9.895
2026-01-13 17:19:13.467,9.895
2026-01-13 17:19:13.484,9.894
2026-01-13 17:19:13.499,9.896
2026-01-13 17:19:13.500,9.904
2026-01-13 17:19:13.517,9.899
2026-01-13 17:19:13.532,9.897
2026-01-13 17:19:13.552,9.888
2026-01-13 17:19:13.553,9.892
2026-01-13 17:19:13.568,9.897
2026-01-13 17:19:13.584,9.893
2026-01-13 17:19:13.584,9.89
2026-01-13 17:19:13.599,9.887
2026-01-13 17:19:13.617,9.888
2026-01-13 17:19:13.634,9.895
2026-01-13 17:19:13.634,9.894
2026-01-13 17:19:13.649,9.893
2026-01-13 17:19:13.667,9.89
2026-01-13 17:19:13.667,9.889
2026-01-13 17:19:13.683,9.891
2026-01-13 17:19:13.699,9.886
2026-01-13 17:19:13.717,9.881
2026-01-13 17:19:13.718,9.879
2026-01-13 17:19:13.743,9.878
2026-01-13 17:19:13.743,9.88
2026-01-13 17:19:13.752,9.879
2026-01-13 17:19:13.765,9.874
2026-01-13 17:19:13.782,9.873
2026-01-13 17:19:13.799,9.871
2026-01-13 17:19:13.800,9.875
2026-01-13 17:19:13.817,9.876
2026-01-13 17:19:13.834,9.874
2026-01-13 17:19:13.849,9.879
2026-01-13 17:19:13.849,9.874
2026-01-13 17:19:13.868,9.878
2026-01-13 17:19:13.883,9.881
2026-01-13 17:19:13.884,9.886
2026-01-13 17:19:13.900,9.884
2026-01-13 17:19:13.917,9.882
2026-01-13 17:19:13.918,9.881
2026-01-13 17:19:13.934,9.882
2026-01-13 17:19:13.949,9.878
2026-01-13 17:19:13.966,9.873
2026-01-13 17:19:13.966,9.874
2026-01-13 17:19:13.985,9.872
2026-01-13 17:19:13.999,9.873
2026-01-13 17:19:14.016,9.874
2026-01-13 17:19:14.016,9.874
2026-01-13 17:19:14.033,9.876
2026-01-13 17:19:14.049,9.877
2026-01-13 17:19:14.067,9.873
2026-01-13 17:19:14.068,9.871
2026-01-13 17:19:14.083,9.871
2026-01-13 17:19:14.100,9.868
2026-01-13 17:19:14.100,9.864
2026-01-13 17:19:14.116,9.861
2026-01-13 17:19:14.134,9.857
2026-01-13 17:19:14.134,9.857
2026-01-13 17:19:14.149,9.851
2026-01-13 17:19:14.166,9.845
2026-01-13 17:19:14.183,9.839
2026-01-13 17:19:14.184,9.852
2026-01-13 17:19:14.199,9.843
2026-01-13 17:19:14.216,9.84
2026-01-13 17:19:14.232,9.837
2026-01-13 17:19:14.232,9.839
2026-01-13 17:19:14.248,9.853
2026-01-13 17:19:14.267,9.853
2026-01-13 17:19:14.267,9.846
2026-01-13 17:19:14.283,9.845
2026-01-13 17:19:14.299,9.841
2026-01-13 17:19:14.341,9.856
2026-01-13 17:19:14.342,9.848
2026-01-13 17:19:14.342,9.848
2026-01-13 17:19:14.342,9.841
2026-01-13 17:19:14.350,9.838
2026-01-13 17:19:14.365,9.856
2026-01-13 17:19:14.383,9.854
2026-01-13 17:19:14.400,9.856
2026-01-13 17:19:14.400,9.853
2026-01-13 17:19:14.417,9.85
2026-01-13 17:19:14.434,9.846
2026-01-13 17:19:14.435,9.846
2026-01-13 17:19:14.449,9.847
2026-01-13 17:19:14.467,9.85
2026-01-13 17:19:14.484,9.858
2026-01-13 17:19:14.484,9.858
2026-01-13 17:19:14.499,9.848
2026-01-13 17:19:14.515,9.852
2026-01-13 17:19:14.530,9.844
2026-01-13 17:19:14.531,9.848
2026-01-13 17:19:14.548,9.848
2026-01-13 17:19:14.567,9.848
2026-01-13 17:19:14.580,9.848
2026-01-13 17:19:14.599,9.858
2026-01-13 17:19:14.616,9.859
2026-01-13 17:19:14.616,9.868
2026-01-13 17:19:14.631,9.868
2026-01-13 17:19:14.648,9.86
2026-01-13 17:19:14.666,9.865
2026-01-13 17:19:14.666,9.862
2026-01-13 17:19:14.682,9.868
2026-01-13 17:19:14.699,9.864
2026-01-13 17:19:14.699,9.87
2026-01-13 17:19:14.715,9.872
2026-01-13 17:19:14.739,9.889
2026-01-13 17:19:14.739,9.883
2026-01-13 17:19:14.748,9.89
2026-01-13 17:19:14.765,9.887
2026-01-13 17:19:14.782,9.888
2026-01-13 17:19:14.783,9.9
2026-01-13 17:19:14.799,9.893
2026-01-13 17:19:14.816,9.892
2026-01-13 17:19:14.833,9.887
2026-01-13 17:19:14.833,9.892
2026-01-13 17:19:14.848,9.904
2026-01-13 17:19:14.866,9.904
2026-01-13 17:19:14.868,9.894
2026-01-13 17:19:14.882,9.894
2026-01-13 17:19:14.899,9.889
2026-01-13 17:19:14.915,9.904
2026-01-13 17:19:14.915,9.9
2026-01-13 17:19:14.932,9.898
2026-01-13 17:19:14.947,9.886
2026-01-13 17:19:14.966,9.888
2026-01-13 17:19:14.966,9.88
2026-01-13 17:19:14.983,9.876
2026-01-13 17:19:14.999,9.873
2026-01-13 17:19:15.000,9.874
2026-01-13 17:19:15.015,9.866
2026-01-13 17:19:15.032,9.865
2026-01-13 17:19:15.049,9.862
2026-01-13 17:19:15.049,9.86
2026-01-13 17:19:15.066,9.856
2026-01-13 17:19:15.081,9.86
2026-01-13 17:19:15.100,9.856
2026-01-13 17:19:15.100,9.862
2026-01-13 17:19:15.116,9.864
2026-01-13 17:19:15.133,9.869
2026-01-13 17:19:15.133,9.871
2026-01-13 17:19:15.149,9.866
2026-01-13 17:19:15.166,9.875
2026-01-13 17:19:15.167,9.876
2026-01-13 17:19:15.182,9.884
2026-01-13 17:19:15.200,9.895
2026-01-13 17:19:15.217,9.893
2026-01-13 17:19:15.217,9.903
2026-01-13 17:19:15.234,9.902
2026-01-13 17:19:15.249,9.906
2026-01-13 17:19:15.264,9.9
2026-01-13 17:19:15.264,9.916
2026-01-13 17:19:15.281,9.914
2026-01-13 17:19:15.299,9.913
2026-01-13 17:19:15.299,9.915
2026-01-13 17:19:15.317,9.918
2026-01-13 17:19:15.333,9.925
2026-01-13 17:19:15.350,9.917
2026-01-13 17:19:15.351,9.926
2026-01-13 17:19:15.367,9.928
2026-01-13 17:19:15.382,9.931
2026-01-13 17:19:15.382,9.941
2026-01-13 17:19:15.399,9.942
2026-01-13 17:19:15.417,9.932
2026-01-13 17:19:15.433,9.928
2026-01-13 17:19:15.434,9.919
2026-01-13 17:19:15.449,9.926
2026-01-13 17:19:15.465,9.925
2026-01-13 17:19:15.466,9.92
2026-01-13 17:19:15.482,9.914
2026-01-13 17:19:15.499,9.912
2026-01-13 17:19:15.517,9.909
2026-01-13 17:19:15.517,9.911
2026-01-13 17:19:15.533,9.907
2026-01-13 17:19:15.549,9.905
2026-01-13 17:19:15.550,9.907
2026-01-13 17:19:15.568,9.903
2026-01-13 17:19:15.581,9.907
2026-01-13 17:19:15.602,9.901
2026-01-13 17:19:15.602,9.907
2026-01-13 17:19:15.617,9.902
2026-01-13 17:19:15.633,9.905
2026-01-13 17:19:15.649,9.9
2026-01-13 17:19:15.650,9.897
2026-01-13 17:19:15.667,9.891
2026-01-13 17:19:15.706,9.886
2026-01-13 17:19:15.706,9.89
2026-01-13 17:19:15.707,9.88
2026-01-13 17:19:15.707,9.889
2026-01-13 17:19:15.737,9.885
2026-01-13 17:19:15.737,9.888
2026-01-13 17:19:15.748,9.889
2026-01-13 17:19:15.765,9.89
2026-01-13 17:19:15.781,9.879
2026-01-13 17:19:15.781,9.876
2026-01-13 17:19:15.800,9.868
2026-01-13 17:19:15.816,9.87
2026-01-13 17:19:15.817,9.867
2026-01-13 17:19:15.832,9.869
2026-01-13 17:19:15.849,9.872
2026-01-13 17:19:15.867,9.874
2026-01-13 17:19:15.867,9.881
2026-01-13 17:19:15.883,9.877
2026-01-13 17:19:15.900,9.885
2026-01-13 17:19:15.900,9.884
2026-01-13 17:19:15.916,9.892
2026-01-13 17:19:15.933,9.887
2026-01-13 17:19:15.935,9.885
2026-01-13 17:19:15.949,9.889
2026-01-13 17:19:15.966,9.884
2026-01-13 17:19:15.983,9.886
2026-01-13 17:19:15.983,9.895
2026-01-13 17:19:15.999,9.896
2026-01-13 17:19:16.017,9.895
2026-01-13 17:19:16.033,9.891
2026-01-13 17:19:16.033,9.891
2026-01-13 17:19:16.049,9.896
2026-01-13 17:19:16.065,9.887
2026-01-13 17:19:16.066,9.887
2026-01-13 17:19:16.083,9.88
2026-01-13 17:19:16.099,9.878
2026-01-13 17:19:16.116,9.882
2026-01-13 17:19:16.117,9.869
2026-01-13 17:19:16.132,9.869
2026-01-13 17:19:16.149,9.867
2026-01-13 17:19:16.166,9.865
2026-01-13 17:19:16.166,9.865
2026-01-13 17:19:16.183,9.855
2026-01-13 17:19:16.199,9.858
2026-01-13 17:19:16.199,9.856
2026-01-13 17:19:16.216,9.855
2026-01-13 17:19:16.234,9.86
2026-01-13 17:19:16.235,9.852
2026-01-13 17:19:16.249,9.859
2026-01-13 17:19:16.266,9.857
2026-01-13 17:19:16.282,9.858
2026-01-13 17:19:16.283,9.856
2026-01-13 17:19:16.298,9.853
2026-01-13 17:19:16.316,9.851
2026-01-13 17:19:16.333,9.852
2026-01-13 17:19:16.333,9.853
2026-01-13 17:19:16.349,9.853
2026-01-13 17:19:16.365,9.855
2026-01-13 17:19:16.381,9.855
2026-01-13 17:19:16.381,9.851
2026-01-13 17:19:16.399,9.849
2026-01-13 17:19:16.417,9.863
2026-01-13 17:19:16.417,9.862
2026-01-13 17:19:16.432,9.857
2026-01-13 17:19:16.449,9.854
2026-01-13 17:19:16.467,9.85
2026-01-13 17:19:16.467,9.864
2026-01-13 17:19:16.482,9.86
2026-01-13 17:19:16.501,9.856
2026-01-13 17:19:16.502,9.858
2026-01-13 17:19:16.517,9.859
2026-01-13 17:19:16.532,9.876
2026-01-13 17:19:16.549,9.87
2026-01-13 17:19:16.551,9.863
2026-01-13 17:19:16.567,9.855
2026-01-13 17:19:16.583,9.854
2026-01-13 17:19:16.583,9.853
2026-01-13 17:19:16.598,9.852
2026-01-13 17:19:16.618,9.851
2026-01-13 17:19:16.618,9.848
2026-01-13 17:19:16.632,9.846
2026-01-13 17:19:16.649,9.848
2026-01-13 17:19:16.665,9.848
2026-01-13 17:19:16.683,9.847
2026-01-13 17:19:16.683,9.84
2026-01-13 17:19:16.699,9.841
2026-01-13 17:19:16.716,9.834
2026-01-13 17:19:16.717,9.834
2026-01-13 17:19:16.732,9.837
2026-01-13 17:19:16.757,9.841
2026-01-13 17:19:16.757,9.845
2026-01-13 17:19:16.765,9.844
2026-01-13 17:19:16.781,9.846
2026-01-13 17:19:16.800,9.844
2026-01-13 17:19:16.800,9.846
2026-01-13 17:19:16.816,9.848
2026-01-13 17:19:16.832,9.851
2026-01-13 17:19:16.848,9.855
2026-01-13 17:19:16.849,9.845
2026-01-13 17:19:16.864,9.845
2026-01-13 17:19:16.881,9.846
2026-01-13 17:19:16.881,9.869
2026-01-13 17:19:16.898,9.863
2026-01-13 17:19:16.914,9.865
2026-01-13 17:19:16.932,9.864
2026-01-13 17:19:16.932,9.864
2026-01-13 17:19:16.947,9.874
2026-01-13 17:19:16.964,9.871
2026-01-13 17:19:16.983,9.867
2026-01-13 17:19:16.984,9.86
2026-01-13 17:19:16.999,9.856
2026-01-13 17:19:17.015,9.871
2026-01-13 17:19:17.015,9.866
2026-01-13 17:19:17.032,9.858
2026-01-13 17:19:17.049,9.858
2026-01-13 17:19:17.076,9.848
2026-01-13 17:19:17.076,9.87
2026-01-13 17:19:17.076,9.861
2026-01-13 17:19:17.099,9.861
2026-01-13 17:19:17.100,9.851
2026-01-13 17:19:17.116,9.853
2026-01-13 17:19:17.135,9.85
2026-01-13 17:19:17.135,9.854
2026-01-13 17:19:17.149,9.855
2026-01-13 17:19:17.166,9.856
2026-01-13 17:19:17.184,9.855
2026-01-13 17:19:17.184,9.861
2026-01-13 17:19:17.202,9.859
2026-01-13 17:19:17.215,9.86
2026-01-13 17:19:17.233,9.866
2026-01-13 17:19:17.233,9.863
2026-01-13 17:19:17.253,9.868
2026-01-13 17:19:17.266,9.864
2026-01-13 17:19:17.266,9.871
2026-01-13 17:19:17.282,9.869
2026-01-13 17:19:17.300,9.87
2026-01-13 17:19:17.315,9.871
2026-01-13 17:19:17.316,9.872
2026-01-13 17:19:17.334,9.874
2026-01-13 17:19:17.349,9.879
2026-01-13 17:19:17.365,9.881
2026-01-13 17:19:17.365,9.881
2026-01-13 17:19:17.382,9.886
2026-01-13 17:19:17.400,9.887
2026-01-13 17:19:17.400,9.883
2026-01-13 17:19:17.416,9.882
2026-01-13 17:19:17.432,9.894
2026-01-13 17:19:17.449,9.892
2026-01-13 17:19:17.449,9.893
2026-01-13 17:19:17.467,9.897
2026-01-13 17:19:17.484,9.893
2026-01-13 17:19:17.485,9.894
2026-01-13 17:19:17.498,9.888
2026-01-13 17:19:17.515,9.883
2026-01-13 17:19:17.532,9.874
2026-01-13 17:19:17.532,9.876
2026-01-13 17:19:17.548,9.889
2026-01-13 17:19:17.567,9.88
2026-01-13 17:19:17.567,9.877
2026-01-13 17:19:17.582,9.871
2026-01-13 17:19:17.598,9.867
2026-01-13 17:19:17.615,9.88
2026-01-13 17:19:17.615,9.879
2026-01-13 17:19:17.634,9.874
2026-01-13 17:19:17.649,9.87
2026-01-13 17:19:17.665,9.869
2026-01-13 17:19:17.665,9.858
2026-01-13 17:19:17.686,9.861
2026-01-13 17:19:17.686,9.863
2026-01-13 17:19:17.699,9.865
2026-01-13 17:19:17.715,9.864
2026-01-13 17:19:17.732,9.86
2026-01-13 17:19:17.755,9.86
2026-01-13 17:19:17.755,9.855
2026-01-13 17:19:17.765,9.861
2026-01-13 17:19:17.783,9.86
2026-01-13 17:19:17.783,9.865
2026-01-13 17:19:17.798,9.867
2026-01-13 17:19:17.814,9.877
2026-01-13 17:19:17.833,9.882
2026-01-13 17:19:17.833,9.882
2026-01-13 17:19:17.849,9.878
2026-01-13 17:19:17.866,9.875
2026-01-13 17:19:17.866,9.877
2026-01-13 17:19:17.881,9.877
2026-01-13 17:19:17.900,9.886
2026-01-13 17:19:17.915,9.882
2026-01-13 17:19:17.915,9.886
2026-01-13 17:19:17.932,9.891
2026-01-13 17:19:17.948,9.888
2026-01-13 17:19:17.966,9.891
2026-01-13 17:19:17.967,9.902
2026-01-13 17:19:17.982,9.901
2026-01-13 17:19:18.000,9.902
2026-01-13 17:19:18.001,9.905
2026-01-13 17:19:18.017,9.902
2026-01-13 17:19:18.032,9.917
2026-01-13 17:19:18.048,9.909
2026-01-13 17:19:18.048,9.903
2026-01-13 17:19:18.067,9.906
2026-01-13 17:19:18.083,9.914
2026-01-13 17:19:18.083,9.925
2026-01-13 17:19:18.098,9.924
2026-01-13 17:19:18.115,9.923
2026-01-13 17:19:18.133,9.921
2026-01-13 17:19:18.133,9.926
2026-01-13 17:19:18.150,9.943
2026-01-13 17:19:18.166,9.941
2026-01-13 17:19:18.166,9.932
2026-01-13 17:19:18.181,9.931
2026-01-13 17:19:18.201,9.928
2026-01-13 17:19:18.202,9.931
2026-01-13 17:19:18.215,9.931
2026-01-13 17:19:18.232,9.931
2026-01-13 17:19:18.249,9.931
2026-01-13 17:19:18.265,9.93
2026-01-13 17:19:18.266,9.931
2026-01-13 17:19:18.283,9.927
2026-01-13 17:19:18.298,9.929
2026-01-13 17:19:18.299,9.924
2026-01-13 17:19:18.315,9.926
2026-01-13 17:19:18.333,9.924
2026-01-13 17:19:18.348,9.928
2026-01-13 17:19:18.348,9.928
2026-01-13 17:19:18.366,9.933
2026-01-13 17:19:18.382,9.933
2026-01-13 17:19:18.383,9.936
2026-01-13 17:19:18.399,9.934
2026-01-13 17:19:18.462,9.937
2026-01-13 17:19:18.463,9.934
2026-01-13 17:19:18.463,9.935
2026-01-13 17:19:18.463,9.931
2026-01-13 17:19:18.464,9.934
2026-01-13 17:19:18.470,9.929
2026-01-13 17:19:18.482,9.933
2026-01-13 17:19:18.499,9.93
2026-01-13 17:19:18.516,9.94
2026-01-13 17:19:18.517,9.935
2026-01-13 17:19:18.533,9.934
2026-01-13 17:19:18.549,9.933
2026-01-13 17:19:18.566,9.929
2026-01-13 17:19:18.566,9.936
2026-01-13 17:19:18.582,9.936
2026-01-13 17:19:18.599,9.937
2026-01-13 17:19:18.599,9.936
2026-01-13 17:19:18.614,9.939
2026-01-13 17:19:18.631,9.935
2026-01-13 17:19:18.651,9.932
2026-01-13 17:19:18.651,9.93
2026-01-13 17:19:18.664,9.929
2026-01-13 17:19:18.683,9.928
2026-01-13 17:19:18.683,9.938
2026-01-13 17:19:18.698,9.933
2026-01-13 17:19:18.715,9.931
2026-01-13 17:19:18.740,9.927
2026-01-13 17:19:18.741,9.924
2026-01-13 17:19:18.747,9.923
2026-01-13 17:19:18.765,9.926
2026-01-13 17:19:18.781,9.922
2026-01-13 17:19:18.781,9.923
2026-01-13 17:19:18.799,9.921
2026-01-13 17:19:18.817,9.924
2026-01-13 17:19:18.817,9.918
2026-01-13 17:19:18.832,9.919
2026-01-13 17:19:18.849,9.913
2026-01-13 17:19:18.850,9.914
2026-01-13 17:19:18.866,9.92
2026-01-13 17:19:18.883,9.923
2026-01-13 17:19:18.898,9.927
2026-01-13 17:19:18.915,9.924
2026-01-13 17:19:18.915,9.915
2026-01-13 17:19:18.934,9.916
2026-01-13 17:19:18.934,9.918
2026-01-13 17:19:18.948,9.909
2026-01-13 17:19:18.965,9.909
2026-01-13 17:19:18.981,9.904
2026-01-13 17:19:18.998,9.906
2026-01-13 17:19:18.999,9.898
2026-01-13 17:19:19.013,9.898
2026-01-13 17:19:19.031,9.891
2026-01-13 17:19:19.031,9.895
2026-01-13 17:19:19.047,9.913
2026-01-13 17:19:19.066,9.908
2026-01-13 17:19:19.067,9.9
2026-01-13 17:19:19.081,9.896
2026-01-13 17:19:19.098,9.89
2026-01-13 17:19:19.115,9.911
2026-01-13 17:19:19.115,9.907
2026-01-13 17:19:19.131,9.909
2026-01-13 17:19:19.148,9.908
2026-01-13 17:19:19.164,9.905
2026-01-13 17:19:19.164,9.919
2026-01-13 17:19:19.182,9.916
2026-01-13 17:19:19.197,9.911
2026-01-13 17:19:19.198,9.905
2026-01-13 17:19:19.214,9.896
2026-01-13 17:19:19.230,9.904
2026-01-13 17:19:19.250,9.897
2026-01-13 17:19:19.251,9.896
2026-01-13 17:19:19.265,9.896
2026-01-13 17:19:19.281,9.895
2026-01-13 17:19:19.283,9.897
2026-01-13 17:19:19.298,9.887
2026-01-13 17:19:19.314,9.892
2026-01-13 17:19:19.332,9.889
2026-01-13 17:19:19.332,9.888
2026-01-13 17:19:19.348,9.887
2026-01-13 17:19:19.366,9.892
2026-01-13 17:19:19.366,9.887
2026-01-13 17:19:19.381,9.887
2026-01-13 17:19:19.399,9.885
2026-01-13 17:19:19.416,9.883
2026-01-13 17:19:19.416,9.888
2026-01-13 17:19:19.432,9.893
2026-01-13 17:19:19.448,9.89
2026-01-13 17:19:19.464,9.89
2026-01-13 17:19:19.465,9.89
2026-01-13 17:19:19.484,9.893
2026-01-13 17:19:19.499,9.89
2026-01-13 17:19:19.499,9.89
2026-01-13 17:19:19.515,9.887
2026-01-13 17:19:19.533,9.89
2026-01-13 17:19:19.548,9.886
2026-01-13 17:19:19.548,9.888
2026-01-13 17:19:19.565,9.883
2026-01-13 17:19:19.583,9.888
2026-01-13 17:19:19.583,9.906
2026-01-13 17:19:19.598,9.905
2026-01-13 17:19:19.615,9.904
2026-01-13 17:19:19.632,9.903
2026-01-13 17:19:19.633,9.901
2026-01-13 17:19:19.648,9.921
2026-01-13 17:19:19.666,9.924
2026-01-13 17:19:19.667,9.915
2026-01-13 17:19:19.683,9.908
2026-01-13 17:19:19.714,9.902
2026-01-13 17:19:19.714,9.897
2026-01-13 17:19:19.730,9.897
2026-01-13 17:19:19.747,9.893
2026-01-13 17:19:19.788,9.894
2026-01-13 17:19:19.788,9.912
2026-01-13 17:19:19.788,9.908
2026-01-13 17:19:19.788,9.903
2026-01-13 17:19:19.813,9.904
2026-01-13 17:19:19.813,9.9
2026-01-13 17:19:19.830,9.895
2026-01-13 17:19:19.847,9.894
2026-01-13 17:19:19.847,9.889
2026-01-13 17:19:19.865,9.892
2026-01-13 17:19:19.882,9.895
2026-01-13 17:19:19.897,9.897
2026-01-13 17:19:19.914,9.892
2026-01-13 17:19:19.931,9.89
2026-01-13 17:19:19.931,9.898
2026-01-13 17:19:19.949,9.903
2026-01-13 17:19:19.966,9.901
2026-01-13 17:19:19.966,9.904
2026-01-13 17:19:19.982,9.903
2026-01-13 17:19:19.998,9.904
2026-01-13 17:19:20.016,9.909
2026-01-13 17:19:20.016,9.913
2026-01-13 17:19:20.031,9.914
2026-01-13 17:19:20.049,9.912
2026-01-13 17:19:20.049,9.911
2026-01-13 17:19:20.066,9.91
2026-01-13 17:19:20.082,9.916
2026-01-13 17:19:20.099,9.92
2026-01-13 17:19:20.099,9.922
2026-01-13 17:19:20.116,9.92
2026-01-13 17:19:20.133,9.916
2026-01-13 17:19:20.147,9.917
2026-01-13 17:19:20.147,9.92
2026-01-13 17:19:20.165,9.92
2026-01-13 17:19:20.182,9.925
2026-01-13 17:19:20.198,9.94
2026-01-13 17:19:20.198,9.938
2026-01-13 17:19:20.233,9.933
2026-01-13 17:19:20.250,9.931
2026-01-13 17:19:20.265,9.929
2026-01-13 17:19:20.266,9.931
2026-01-13 17:19:20.282,9.924
2026-01-13 17:19:20.299,9.923
2026-01-13 17:19:20.315,9.934
2026-01-13 17:19:20.316,9.932
2026-01-13 17:19:20.332,9.932
2026-01-13 17:19:20.349,9.927
2026-01-13 17:19:20.365,9.927
2026-01-13 17:19:20.382,9.927
2026-01-13 17:19:20.399,9.931
2026-01-13 17:19:20.399,9.93
2026-01-13 17:19:20.415,9.926
2026-01-13 17:19:20.431,9.926
2026-01-13 17:19:20.449,9.921
2026-01-13 17:19:20.449,9.918
2026-01-13 17:19:20.467,9.915
2026-01-13 17:19:20.481,9.916
2026-01-13 17:19:20.482,9.908
2026-01-13 17:19:20.498,9.913
2026-01-13 17:19:20.516,9.912
2026-01-13 17:19:20.533,9.919
2026-01-13 17:19:20.534,9.927
2026-01-13 17:19:20.547,9.932
2026-01-13 17:19:20.565,9.935
2026-01-13 17:19:20.583,9.932
2026-01-13 17:19:20.583,9.933
2026-01-13 17:19:20.601,9.937
2026-01-13 17:19:20.615,9.94
2026-01-13 17:19:20.615,9.942
2026-01-13 17:19:20.633,9.936
2026-01-13 17:19:20.647,9.936
2026-01-13 17:19:20.664,9.938
2026-01-13 17:19:20.665,9.934
2026-01-13 17:19:20.681,9.937
2026-01-13 17:19:20.698,9.932
2026-01-13 17:19:20.699,9.926
2026-01-13 17:19:20.715,9.924
2026-01-13 17:19:20.738,9.937
2026-01-13 17:19:20.739,9.931
2026-01-13 17:19:20.748,9.933
2026-01-13 17:19:20.765,9.923
2026-01-13 17:19:20.781,9.925
2026-01-13 17:19:20.782,9.935
2026-01-13 17:19:20.798,9.929
2026-01-13 17:19:20.815,9.926
2026-01-13 17:19:20.834,9.929
2026-01-13 17:19:20.834,9.926
2026-01-13 17:19:20.848,9.937
2026-01-13 17:19:20.864,9.939
2026-01-13 17:19:20.882,9.935
2026-01-13 17:19:20.883,9.931
2026-01-13 17:19:20.915,9.928
2026-01-13 17:19:20.917,9.923
2026-01-13 17:19:20.932,9.927
2026-01-13 17:19:20.948,9.919
2026-01-13 17:19:20.963,9.919
2026-01-13 17:19:20.964,9.919
2026-01-13 17:19:20.982,9.922
2026-01-13 17:19:20.998,9.915
2026-01-13 17:19:20.999,9.911
2026-01-13 17:19:21.016,9.91
2026-01-13 17:19:21.033,9.902
2026-01-13 17:19:21.048,9.905
2026-01-13 17:19:21.048,9.903
2026-01-13 17:19:21.065,9.906
2026-01-13 17:19:21.080,9.905
2026-01-13 17:19:21.099,9.907
2026-01-13 17:19:21.099,9.909
2026-01-13 17:19:21.115,9.907
2026-01-13 17:19:21.155,9.915
2026-01-13 17:19:21.155,9.916
2026-01-13 17:19:21.156,9.923
2026-01-13 17:19:21.156,9.928
2026-01-13 17:19:21.182,9.927
2026-01-13 17:19:21.182,9.929
2026-01-13 17:19:21.200,9.926
2026-01-13 17:19:21.216,9.927
2026-01-13 17:19:21.217,9.93
2026-01-13 17:19:21.232,9.926
2026-01-13 17:19:21.248,9.93
2026-01-13 17:19:21.263,9.937
2026-01-13 17:19:21.263,9.947
2026-01-13 17:19:21.280,9.943
2026-01-13 17:19:21.297,9.941
2026-01-13 17:19:21.298,9.94
2026-01-13 17:19:21.330,9.942
2026-01-13 17:19:21.347,9.944
2026-01-13 17:19:21.347,9.943
2026-01-13 17:19:21.363,9.942
2026-01-13 17:19:21.381,9.942
2026-01-13 17:19:21.397,9.952
2026-01-13 17:19:21.397,9.951
2026-01-13 17:19:21.415,9.951
2026-01-13 17:19:21.431,9.951
2026-01-13 17:19:21.447,9.947
2026-01-13 17:19:21.463,9.939
2026-01-13 17:19:21.480,9.938
2026-01-13 17:19:21.482,9.934
2026-01-13 17:19:21.499,9.931
2026-01-13 17:19:21.516,9.932
2026-01-13 17:19:21.516,9.929
2026-01-13 17:19:21.533,9.924
2026-01-13 17:19:21.548,9.919
2026-01-13 17:19:21.564,9.92
2026-01-13 17:19:21.564,9.92
2026-01-13 17:19:21.580,9.917
2026-01-13 17:19:21.597,9.917
2026-01-13 17:19:21.598,9.918
2026-01-13 17:19:21.616,9.916
2026-01-13 17:19:21.631,9.918
2026-01-13 17:19:21.649,9.923
2026-01-13 17:19:21.649,9.923
2026-01-13 17:19:21.665,9.92
2026-01-13 17:19:21.683,9.919
2026-01-13 17:19:21.683,9.921
2026-01-13 17:19:21.698,9.925
2026-01-13 17:19:21.715,9.925
2026-01-13 17:19:21.739,9.925
2026-01-13 17:19:21.740,9.932
2026-01-13 17:19:21.748,9.933
2026-01-13 17:19:21.765,9.933
2026-01-13 17:19:21.780,9.932
2026-01-13 17:19:21.780,9.93
2026-01-13 17:19:21.799,9.926
2026-01-13 17:19:21.815,9.947
2026-01-13 17:19:21.816,9.939
2026-01-13 17:19:21.831,9.947
2026-01-13 17:19:21.848,9.936
2026-01-13 17:19:21.864,9.937
2026-01-13 17:19:21.864,9.947
2026-01-13 17:19:21.881,9.937
2026-01-13 17:19:21.899,9.929
2026-01-13 17:19:21.899,9.924
2026-01-13 17:19:21.915,9.925
2026-01-13 17:19:21.932,9.935
2026-01-13 17:19:21.948,9.932
2026-01-13 17:19:21.948,9.933
2026-01-13 17:19:21.965,9.932
2026-01-13 17:19:21.982,9.929
2026-01-13 17:19:21.982,9.931
2026-01-13 17:19:21.998,9.927
2026-01-13 17:19:22.014,9.932
2026-01-13 17:19:22.032,9.933
2026-01-13 17:19:22.033,9.93
2026-01-13 17:19:22.048,9.928
2026-01-13 17:19:22.065,9.926
2026-01-13 17:19:22.080,9.928
2026-01-13 17:19:22.081,9.929
2026-01-13 17:19:22.099,9.929
2026-01-13 17:19:22.116,9.931
2026-01-13 17:19:22.116,9.927
2026-01-13 17:19:22.131,9.933
2026-01-13 17:19:22.147,9.93
2026-01-13 17:19:22.165,9.932
2026-01-13 17:19:22.166,9.937
2026-01-13 17:19:22.182,9.937
2026-01-13 17:19:22.198,9.937
2026-01-13 17:19:22.198,9.938
2026-01-13 17:19:22.216,9.946
2026-01-13 17:19:22.232,9.948
2026-01-13 17:19:22.249,9.948
2026-01-13 17:19:22.249,9.946
2026-01-13 17:19:22.266,9.95
2026-01-13 17:19:22.282,9.949
2026-01-13 17:19:22.282,9.955
2026-01-13 17:19:22.298,9.953
2026-01-13 17:19:22.315,9.956
2026-01-13 17:19:22.332,9.959
2026-01-13 17:19:22.332,9.958
2026-01-13 17:19:22.348,9.957
2026-01-13 17:19:22.365,9.955
2026-01-13 17:19:22.381,9.953
2026-01-13 17:19:22.382,9.954
2026-01-13 17:19:22.399,9.955
2026-01-13 17:19:22.415,9.959
2026-01-13 17:19:22.416,9.957
2026-01-13 17:19:22.431,9.963
2026-01-13 17:19:22.448,9.96
2026-01-13 17:19:22.465,9.952
2026-01-13 17:19:22.465,9.954
2026-01-13 17:19:22.483,9.951
2026-01-13 17:19:22.498,9.954
2026-01-13 17:19:22.498,9.957
2026-01-13 17:19:22.526,9.959
2026-01-13 17:19:22.528,9.955
2026-01-13 17:19:22.537,9.95
2026-01-13 17:19:22.549,9.954
2026-01-13 17:19:22.565,9.954
2026-01-13 17:19:22.582,9.954
2026-01-13 17:19:22.598,9.953
2026-01-13 17:19:22.599,9.95
2026-01-13 17:19:22.614,9.946
2026-01-13 17:19:22.631,9.938
2026-01-13 17:19:22.633,9.932
2026-01-13 17:19:22.648,9.923
2026-01-13 17:19:22.666,9.931
2026-01-13 17:19:22.666,9.935
2026-01-13 17:19:22.681,9.932
2026-01-13 17:19:22.698,9.934
2026-01-13 17:19:22.717,9.937
2026-01-13 17:19:22.718,9.943
2026-01-13 17:19:22.738,9.944
2026-01-13 17:19:22.747,9.945
2026-01-13 17:19:22.764,9.955
2026-01-13 17:19:22.764,9.957
2026-01-13 17:19:22.781,9.95
2026-01-13 17:19:22.798,9.947
2026-01-13 17:19:22.799,9.957
2026-01-13 17:19:22.818,9.95
2026-01-13 17:19:22.830,9.949
2026-01-13 17:19:22.849,9.949
2026-01-13 17:19:22.849,9.947
2026-01-13 17:19:22.864,9.952
2026-01-13 17:19:22.880,9.946
2026-01-13 17:19:22.897,9.946
2026-01-13 17:19:22.897,9.948
2026-01-13 17:19:22.915,9.957
2026-01-13 17:19:22.930,9.961
2026-01-13 17:19:22.932,9.963
2026-01-13 17:19:22.948,9.962
2026-01-13 17:19:22.964,9.953
2026-01-13 17:19:22.980,9.94
2026-01-13 17:19:22.981,9.946
2026-01-13 17:19:22.998,9.94
2026-01-13 17:19:23.013,9.936
2026-01-13 17:19:23.013,9.928
2026-01-13 17:19:23.031,9.928
2026-01-13 17:19:23.048,9.928
2026-01-13 17:19:23.064,9.92
2026-01-13 17:19:23.065,9.919
2026-01-13 17:19:23.081,9.919
2026-01-13 17:19:23.097,9.919
2026-01-13 17:19:23.115,9.912
2026-01-13 17:19:23.115,9.916
2026-01-13 17:19:23.131,9.911
2026-01-13 17:19:23.149,9.915
2026-01-13 17:19:23.149,9.907
2026-01-13 17:19:23.165,9.911
2026-01-13 17:19:23.183,9.912
2026-01-13 17:19:23.183,9.913
2026-01-13 17:19:23.198,9.917
2026-01-13 17:19:23.214,9.911
2026-01-13 17:19:23.234,9.918
2026-01-13 17:19:23.235,9.91
2026-01-13 17:19:23.248,9.915
2026-01-13 17:19:23.264,9.914
2026-01-13 17:19:23.282,9.917
2026-01-13 17:19:23.282,9.913
2026-01-13 17:19:23.298,9.912
2026-01-13 17:19:23.316,9.91
2026-01-13 17:19:23.316,9.908
2026-01-13 17:19:23.331,9.913
2026-01-13 17:19:23.347,9.914
2026-01-13 17:19:23.365,9.914
2026-01-13 17:19:23.365,9.909
2026-01-13 17:19:23.381,9.908
2026-01-13 17:19:23.399,9.9
2026-01-13 17:19:23.399,9.906
2026-01-13 17:19:23.415,9.91
2026-01-13 17:19:23.431,9.92
2026-01-13 17:19:23.448,9.918
2026-01-13 17:19:23.448,9.915
2026-01-13 17:19:23.466,9.915
2026-01-13 17:19:23.481,9.907
2026-01-13 17:19:23.482,9.913
2026-01-13 17:19:23.498,9.899
2026-01-13 17:19:23.515,9.894
2026-01-13 17:19:23.531,9.896
2026-01-13 17:19:23.531,9.901
2026-01-13 17:19:23.548,9.916
2026-01-13 17:19:23.565,9.911
2026-01-13 17:19:23.580,9.912
2026-01-13 17:19:23.582,9.918
2026-01-13 17:19:23.598,9.907
2026-01-13 17:19:23.615,9.924
2026-01-13 17:19:23.615,9.915
2026-01-13 17:19:23.631,9.914
2026-01-13 17:19:23.647,9.908
2026-01-13 17:19:23.663,9.904
2026-01-13 17:19:23.663,9.901
2026-01-13 17:19:23.680,9.902
2026-01-13 17:19:23.697,9.901
2026-01-13 17:19:23.713,9.901
2026-01-13 17:19:23.713,9.9
2026-01-13 17:19:23.737,9.907
2026-01-13 17:19:23.737,9.904
2026-01-13 17:19:23.747,9.898
2026-01-13 17:19:23.763,9.9
2026-01-13 17:19:23.780,9.906
2026-01-13 17:19:23.796,9.906
2026-01-13 17:19:23.796,9.903
2026-01-13 17:19:23.813,9.901
2026-01-13 17:19:23.830,9.898
2026-01-13 17:19:23.830,9.9
2026-01-13 17:19:23.848,9.899
2026-01-13 17:19:23.865,9.898
2026-01-13 17:19:23.897,9.9
2026-01-13 17:19:23.897,9.9
2026-01-13 17:19:23.898,9.9
2026-01-13 17:19:23.905,9.898
2026-01-13 17:19:23.915,9.894
2026-01-13 17:19:23.930,9.896
2026-01-13 17:19:23.946,9.903
2026-01-13 17:19:23.964,9.896
2026-01-13 17:19:23.964,9.899
2026-01-13 17:19:23.980,9.893
2026-01-13 17:19:23.998,9.899
2026-01-13 17:19:23.999,9.906
2026-01-13 17:19:24.014,9.91
2026-01-13 17:19:24.030,9.916
2026-01-13 17:19:24.047,9.912
2026-01-13 17:19:24.047,9.92
2026-01-13 17:19:24.064,9.925
2026-01-13 17:19:24.080,9.924
2026-01-13 17:19:24.096,9.928
2026-01-13 17:19:24.097,9.929
2026-01-13 17:19:24.114,9.933
2026-01-13 17:19:24.131,9.934
2026-01-13 17:19:24.132,9.928
2026-01-13 17:19:24.146,9.936
2026-01-13 17:19:24.163,9.933
2026-01-13 17:19:24.181,9.941
2026-01-13 17:19:24.181,9.946
2026-01-13 17:19:24.197,9.942
2026-01-13 17:19:24.213,9.932
2026-01-13 17:19:24.231,9.922
2026-01-13 17:19:24.231,9.915
2026-01-13 17:19:24.246,9.909
2026-01-13 17:19:24.263,9.898
2026-01-13 17:19:24.263,9.9
2026-01-13 17:19:24.282,9.893
2026-01-13 17:19:24.296,9.899
2026-01-13 17:19:24.314,9.905
2026-01-13 17:19:24.314,9.91
2026-01-13 17:19:24.332,9.915
2026-01-13 17:19:24.347,9.916
2026-01-13 17:19:24.347,9.918
2026-01-13 17:19:24.364,9.916
2026-01-13 17:19:24.384,9.916
2026-01-13 17:19:24.384,9.911
2026-01-13 17:19:24.397,9.909
2026-01-13 17:19:24.414,9.906
2026-01-13 17:19:24.430,9.909
2026-01-13 17:19:24.430,9.907
2026-01-13 17:19:24.449,9.903
2026-01-13 17:19:24.464,9.893
2026-01-13 17:19:24.482,9.896
2026-01-13 17:19:24.482,9.902
2026-01-13 17:19:24.498,9.9
2026-01-13 17:19:24.514,9.902
2026-01-13 17:19:24.514,9.897
2026-01-13 17:19:24.533,9.901
2026-01-13 17:19:24.548,9.908
2026-01-13 17:19:24.564,9.906
2026-01-13 17:19:24.564,9.904
2026-01-13 17:19:24.580,9.904
2026-01-13 17:19:24.598,9.903
2026-01-13 17:19:24.599,9.909
2026-01-13 17:19:24.617,9.906
2026-01-13 17:19:24.630,9.912
2026-01-13 17:19:24.649,9.916
2026-01-13 17:19:24.650,9.919
2026-01-13 17:19:24.665,9.924
2026-01-13 17:19:24.682,9.92
2026-01-13 17:19:24.683,9.917
2026-01-13 17:19:24.697,9.917
2026-01-13 17:19:24.713,9.912
2026-01-13 17:19:24.738,9.909
2026-01-13 17:19:24.738,9.909
2026-01-13 17:19:24.746,9.899
2026-01-13 17:19:24.763,9.898
2026-01-13 17:19:24.781,9.897
2026-01-13 17:19:24.781,9.887
2026-01-13 17:19:24.798,9.883
2026-01-13 17:19:24.815,9.882
2026-01-13 17:19:24.815,9.881
2026-01-13 17:19:24.831,9.881
2026-01-13 17:19:24.849,9.872
2026-01-13 17:19:24.865,9.871
2026-01-13 17:19:24.881,9.875
2026-01-13 17:19:24.898,9.876
2026-01-13 17:19:24.899,9.88
2026-01-13 17:19:24.915,9.883
2026-01-13 17:19:24.933,9.886
2026-01-13 17:19:24.948,9.888
2026-01-13 17:19:24.949,9.888
2026-01-13 17:19:24.964,9.89
2026-01-13 17:19:24.980,9.89
2026-01-13 17:19:24.996,9.893
2026-01-13 17:19:24.997,9.888
2026-01-13 17:19:25.014,9.895
2026-01-13 17:19:25.030,9.899
2026-01-13 17:19:25.031,9.9
2026-01-13 17:19:25.047,9.902
2026-01-13 17:19:25.063,9.906
2026-01-13 17:19:25.081,9.91
2026-01-13 17:19:25.081,9.913
2026-01-13 17:19:25.097,9.918
2026-01-13 17:19:25.115,9.919
2026-01-13 17:19:25.115,9.913
2026-01-13 17:19:25.131,9.92
2026-01-13 17:19:25.148,9.925
2026-01-13 17:19:25.166,9.92
2026-01-13 17:19:25.166,9.92
2026-01-13 17:19:25.182,9.91
2026-01-13 17:19:25.197,9.901
2026-01-13 17:19:25.198,9.901
2026-01-13 17:19:25.212,9.896
2026-01-13 17:19:25.271,9.891
2026-01-13 17:19:25.272,9.888
2026-01-13 17:19:25.272,9.886
2026-01-13 17:19:25.272,9.881
2026-01-13 17:19:25.272,9.879
2026-01-13 17:19:25.297,9.877
2026-01-13 17:19:25.297,9.874
2026-01-13 17:19:25.314,9.882
2026-01-13 17:19:25.331,9.882
2026-01-13 17:19:25.331,9.88
2026-01-13 17:19:25.347,9.886
2026-01-13 17:19:25.363,9.887
2026-01-13 17:19:25.382,9.895
2026-01-13 17:19:25.382,9.897
2026-01-13 17:19:25.397,9.901
2026-01-13 17:19:25.413,9.904
2026-01-13 17:19:25.413,9.906
2026-01-13 17:19:25.430,9.898
2026-01-13 17:19:25.447,9.891
2026-01-13 17:19:25.465,9.894
2026-01-13 17:19:25.465,9.89
2026-01-13 17:19:25.481,9.88
2026-01-13 17:19:25.497,9.88
2026-01-13 17:19:25.514,9.891
2026-01-13 17:19:25.515,9.888
2026-01-13 17:19:25.531,9.894
2026-01-13 17:19:25.548,9.894
2026-01-13 17:19:25.548,9.892
2026-01-13 17:19:25.565,9.896
2026-01-13 17:19:25.582,9.895
2026-01-13 17:19:25.582,9.897
2026-01-13 17:19:25.597,9.901
2026-01-13 17:19:25.614,9.899
2026-01-13 17:19:25.632,9.896
2026-01-13 17:19:25.632,9.892
2026-01-13 17:19:25.647,9.894
2026-01-13 17:19:25.664,9.896
2026-01-13 17:19:25.682,9.889
2026-01-13 17:19:25.682,9.897
2026-01-13 17:19:25.697,9.89
2026-01-13 17:19:25.714,9.897
2026-01-13 17:19:25.714,9.898
2026-01-13 17:19:25.738,9.895
2026-01-13 17:19:25.738,9.894
2026-01-13 17:19:25.763,9.893
2026-01-13 17:19:25.763,9.913
2026-01-13 17:19:25.780,9.908
2026-01-13 17:19:25.797,9.909
2026-01-13 17:19:25.813,9.911
2026-01-13 17:19:25.813,9.913
2026-01-13 17:19:25.831,9.908
2026-01-13 17:19:25.846,9.905
2026-01-13 17:19:25.846,9.904
2026-01-13 17:19:25.863,9.899
2026-01-13 17:19:25.879,9.894
2026-01-13 17:19:25.897,9.901
2026-01-13 17:19:25.897,9.899
2026-01-13 17:19:25.914,9.901
2026-01-13 17:19:25.930,9.904
2026-01-13 17:19:25.930,9.903
2026-01-13 17:19:25.946,9.899
2026-01-13 17:19:25.964,9.903
2026-01-13 17:19:25.981,9.907
2026-01-13 17:19:25.981,9.906
2026-01-13 17:19:25.996,9.901
2026-01-13 17:19:26.012,9.899
2026-01-13 17:19:26.029,9.901
2026-01-13 17:19:26.030,9.897
2026-01-13 17:19:26.048,9.902
2026-01-13 17:19:26.064,9.894
2026-01-13 17:19:26.064,9.893
2026-01-13 17:19:26.079,9.89
2026-01-13 17:19:26.097,9.888
2026-01-13 17:19:26.112,9.89
2026-01-13 17:19:26.113,9.889
2026-01-13 17:19:26.128,9.893
2026-01-13 17:19:26.148,9.894
2026-01-13 17:19:26.148,9.899
2026-01-13 17:19:26.162,9.907
2026-01-13 17:19:26.180,9.906
2026-01-13 17:19:26.196,9.911
2026-01-13 17:19:26.196,9.908
2026-01-13 17:19:26.214,9.912
2026-01-13 17:19:26.231,9.915
2026-01-13 17:19:26.231,9.918
2026-01-13 17:19:26.248,9.922
2026-01-13 17:19:26.264,9.923
2026-01-13 17:19:26.281,9.926
2026-01-13 17:19:26.281,9.93
2026-01-13 17:19:26.297,9.924
2026-01-13 17:19:26.314,9.926
2026-01-13 17:19:26.314,9.925
2026-01-13 17:19:26.346,9.929
2026-01-13 17:19:26.364,9.932
2026-01-13 17:19:26.364,9.941
2026-01-13 17:19:26.379,9.939
2026-01-13 17:19:26.396,9.945
2026-01-13 17:19:26.414,9.948
2026-01-13 17:19:26.414,9.947
2026-01-13 17:19:26.430,9.949
2026-01-13 17:19:26.447,9.948
2026-01-13 17:19:26.447,9.946
2026-01-13 17:19:26.463,9.944
2026-01-13 17:19:26.480,9.936
2026-01-13 17:19:26.482,9.94
2026-01-13 17:19:26.496,9.936
2026-01-13 17:19:26.515,9.932
2026-01-13 17:19:26.531,9.934
2026-01-13 17:19:26.531,9.927
2026-01-13 17:19:26.546,9.931
2026-01-13 17:19:26.565,9.928
2026-01-13 17:19:26.566,9.931
2026-01-13 17:19:26.606,9.931
2026-01-13 17:19:26.607,9.934
2026-01-13 17:19:26.607,9.933
2026-01-13 17:19:26.614,9.933
2026-01-13 17:19:26.629,9.934
2026-01-13 17:19:26.649,9.934
2026-01-13 17:19:26.650,9.933
2026-01-13 17:19:26.665,9.926
2026-01-13 17:19:26.681,9.925
2026-01-13 17:19:26.698,9.926
2026-01-13 17:19:26.699,9.933
2026-01-13 17:19:26.714,9.927
2026-01-13 17:19:26.740,9.933
2026-01-13 17:19:26.740,9.935
2026-01-13 17:19:26.748,9.931
2026-01-13 17:19:26.763,9.933
2026-01-13 17:19:26.780,9.94
2026-01-13 17:19:26.797,9.934
2026-01-13 17:19:26.797,9.934
2026-01-13 17:19:26.816,9.933
2026-01-13 17:19:26.833,9.935
2026-01-13 17:19:26.833,9.935
2026-01-13 17:19:26.847,9.935
2026-01-13 17:19:26.865,9.936
2026-01-13 17:19:26.880,9.943
2026-01-13 17:19:26.880,9.944
2026-01-13 17:19:26.898,9.939
2026-01-13 17:19:26.915,9.933
2026-01-13 17:19:26.915,9.925
2026-01-13 17:19:26.931,9.927
2026-01-13 17:19:26.947,9.928
2026-01-13 17:19:26.964,9.923
2026-01-13 17:19:26.964,9.931
2026-01-13 17:19:26.982,9.927
2026-01-13 17:19:26.997,9.921
2026-01-13 17:19:26.998,9.917
2026-01-13 17:19:27.013,9.911
2026-01-13 17:19:27.031,9.913
2026-01-13 17:19:27.047,9.913
2026-01-13 17:19:27.047,9.908
2026-01-13 17:19:27.064,9.909
2026-01-13 17:19:27.082,9.901
2026-01-13 17:19:27.097,9.896
2026-01-13 17:19:27.097,9.893
2026-01-13 17:19:27.114,9.888
2026-01-13 17:19:27.131,9.886
2026-01-13 17:19:27.131,9.88
2026-01-13 17:19:27.148,9.883
2026-01-13 17:19:27.165,9.881
2026-01-13 17:19:27.180,9.879
2026-01-13 17:19:27.180,9.881
2026-01-13 17:19:27.197,9.88
2026-01-13 17:19:27.215,9.875
2026-01-13 17:19:27.216,9.875
2026-01-13 17:19:27.230,9.877
2026-01-13 17:19:27.247,9.878
2026-01-13 17:19:27.263,9.875
2026-01-13 17:19:27.263,9.876
2026-01-13 17:19:27.282,9.876
2026-01-13 17:19:27.297,9.881
2026-01-13 17:19:27.314,9.886
2026-01-13 17:19:27.314,9.881
2026-01-13 17:19:27.330,9.891
2026-01-13 17:19:27.347,9.89
2026-01-13 17:19:27.347,9.888
2026-01-13 17:19:27.362,9.891
2026-01-13 17:19:27.380,9.889
2026-01-13 17:19:27.396,9.894
2026-01-13 17:19:27.396,9.897
2026-01-13 17:19:27.414,9.906
2026-01-13 17:19:27.431,9.91
2026-01-13 17:19:27.432,9.908
2026-01-13 17:19:27.447,9.917
2026-01-13 17:19:27.464,9.92
2026-01-13 17:19:27.480,9.925
2026-01-13 17:19:27.480,9.924
2026-01-13 17:19:27.498,9.926
2026-01-13 17:19:27.515,9.932
2026-01-13 17:19:27.515,9.928
2026-01-13 17:19:27.532,9.936
2026-01-13 17:19:27.547,9.934
2026-01-13 17:19:27.565,9.936
2026-01-13 17:19:27.565,9.946
2026-01-13 17:19:27.581,9.943
2026-01-13 17:19:27.597,9.943
2026-01-13 17:19:27.597,9.945
2026-01-13 17:19:27.614,9.947
2026-01-13 17:19:27.631,9.944
2026-01-13 17:19:27.647,9.938
2026-01-13 17:19:27.647,9.934
2026-01-13 17:19:27.665,9.93
2026-01-13 17:19:27.681,9.931
2026-01-13 17:19:27.697,9.928
2026-01-13 17:19:27.697,9.927
2026-01-13 17:19:27.715,9.923
2026-01-13 17:19:27.738,9.917
2026-01-13 17:19:27.739,9.918
2026-01-13 17:19:27.746,9.919
2026-01-13 17:19:27.762,9.919
2026-01-13 17:19:27.780,9.92
2026-01-13 17:19:27.780,9.918
2026-01-13 17:19:27.796,9.914
2026-01-13 17:19:27.815,9.916
2026-01-13 17:19:27.815,9.912
2026-01-13 17:19:27.830,9.912
2026-01-13 17:19:27.847,9.911
2026-01-13 17:19:27.865,9.909
2026-01-13 17:19:27.866,9.922
2026-01-13 17:19:27.881,9.921
2026-01-13 17:19:27.896,9.922
2026-01-13 17:19:27.914,9.918
2026-01-13 17:19:27.914,9.924
2026-01-13 17:19:27.930,9.939
2026-01-13 17:19:27.947,9.94
2026-01-13 17:19:27.947,9.941
2026-01-13 17:19:27.975,9.937
2026-01-13 17:19:27.976,9.937
2026-01-13 17:19:27.984,9.938
2026-01-13 17:19:27.996,9.929
2026-01-13 17:19:28.012,9.935
2026-01-13 17:19:28.028,9.932
2026-01-13 17:19:28.046,9.935
2026-01-13 17:19:28.046,9.947
2026-01-13 17:19:28.063,9.945
2026-01-13 17:19:28.079,9.948
2026-01-13 17:19:28.079,9.94
2026-01-13 17:19:28.097,9.93
2026-01-13 17:19:28.114,9.942
2026-01-13 17:19:28.129,9.936
2026-01-13 17:19:28.129,9.927
2026-01-13 17:19:28.148,9.919
2026-01-13 17:19:28.164,9.913
2026-01-13 17:19:28.164,9.912
2026-01-13 17:19:28.179,9.912
2026-01-13 17:19:28.197,9.916
2026-01-13 17:19:28.212,9.911
2026-01-13 17:19:28.213,9.912
2026-01-13 17:19:28.230,9.914
2026-01-13 17:19:28.247,9.915
2026-01-13 17:19:28.248,9.917
2026-01-13 17:19:28.264,9.915
2026-01-13 17:19:28.281,9.917
2026-01-13 17:19:28.282,9.912
2026-01-13 17:19:28.296,9.913
2026-01-13 17:19:28.314,9.908
2026-01-13 17:19:28.329,9.903
2026-01-13 17:19:28.330,9.896
2026-01-13 17:19:28.345,9.899
2026-01-13 17:19:28.364,9.896
2026-01-13 17:19:28.380,9.892
2026-01-13 17:19:28.381,9.884
2026-01-13 17:19:28.396,9.886
2026-01-13 17:19:28.414,9.894
2026-01-13 17:19:28.415,9.897
2026-01-13 17:19:28.431,9.889
2026-01-13 17:19:28.447,9.894
2026-01-13 17:19:28.465,9.89
2026-01-13 17:19:28.465,9.907
2026-01-13 17:19:28.481,9.902
2026-01-13 17:19:28.497,9.903
2026-01-13 17:19:28.498,9.895
2026-01-13 17:19:28.513,9.89
2026-01-13 17:19:28.531,9.905
2026-01-13 17:19:28.547,9.905
2026-01-13 17:19:28.548,9.897
2026-01-13 17:19:28.564,9.892
2026-01-13 17:19:28.581,9.883
2026-01-13 17:19:28.597,9.899
2026-01-13 17:19:28.597,9.893
2026-01-13 17:19:28.615,9.89
2026-01-13 17:19:28.630,9.886
2026-01-13 17:19:28.630,9.885
2026-01-13 17:19:28.647,9.905
2026-01-13 17:19:28.664,9.895
2026-01-13 17:19:28.680,9.89
2026-01-13 17:19:28.681,9.884
2026-01-13 17:19:28.697,9.889
2026-01-13 17:19:28.713,9.885
2026-01-13 17:19:28.717,9.888
2026-01-13 17:19:28.730,9.895
2026-01-13 17:19:28.755,9.896
2026-01-13 17:19:28.756,9.898
2026-01-13 17:19:28.763,9.91
2026-01-13 17:19:28.780,9.903
2026-01-13 17:19:28.796,9.908
2026-01-13 17:19:28.815,9.902
2026-01-13 17:19:28.815,9.907
2026-01-13 17:19:28.831,9.91
2026-01-13 17:19:28.847,9.909
2026-01-13 17:19:28.847,9.916
2026-01-13 17:19:28.863,9.913
2026-01-13 17:19:28.881,9.914
2026-01-13 17:19:28.897,9.917
2026-01-13 17:19:28.897,9.919
2026-01-13 17:19:28.913,9.919
2026-01-13 17:19:28.932,9.921
2026-01-13 17:19:28.932,9.92
2026-01-13 17:19:28.946,9.918
2026-01-13 17:19:28.963,9.922
2026-01-13 17:19:28.980,9.921
2026-01-13 17:19:28.980,9.92
2026-01-13 17:19:28.997,9.92
2026-01-13 17:19:29.015,9.928
2026-01-13 17:19:29.016,9.932
2026-01-13 17:19:29.032,9.93
2026-01-13 17:19:29.047,9.932
2026-01-13 17:19:29.064,9.926
2026-01-13 17:19:29.064,9.936
2026-01-13 17:19:29.079,9.936
2026-01-13 17:19:29.101,9.939
2026-01-13 17:19:29.101,9.938
2026-01-13 17:19:29.113,9.932
2026-01-13 17:19:29.131,9.943
2026-01-13 17:19:29.148,9.942
2026-01-13 17:19:29.148,9.947
2026-01-13 17:19:29.162,9.946
2026-01-13 17:19:29.183,9.943
2026-01-13 17:19:29.183,9.939
2026-01-13 17:19:29.197,9.934
2026-01-13 17:19:29.214,9.944
2026-01-13 17:19:29.230,9.94
2026-01-13 17:19:29.231,9.943
2026-01-13 17:19:29.246,9.948
2026-01-13 17:19:29.264,9.947
2026-01-13 17:19:29.281,9.951
2026-01-13 17:19:29.282,9.948
2026-01-13 17:19:29.296,9.945
2026-01-13 17:19:29.314,9.94
2026-01-13 17:19:29.341,9.941
2026-01-13 17:19:29.341,9.941
2026-01-13 17:19:29.342,9.938
2026-01-13 17:19:29.353,9.935
2026-01-13 17:19:29.364,9.944
2026-01-13 17:19:29.380,9.94
2026-01-13 17:19:29.397,9.94
2026-01-13 17:19:29.398,9.942
2026-01-13 17:19:29.414,9.944
2026-01-13 17:19:29.432,9.943
2026-01-13 17:19:29.447,9.943
2026-01-13 17:19:29.447,9.942
2026-01-13 17:19:29.463,9.938
2026-01-13 17:19:29.479,9.937
2026-01-13 17:19:29.497,9.936
2026-01-13 17:19:29.498,9.94
2026-01-13 17:19:29.515,9.939
2026-01-13 17:19:29.531,9.94
2026-01-13 17:19:29.531,9.94
2026-01-13 17:19:29.547,9.945
2026-01-13 17:19:29.562,9.944
2026-01-13 17:19:29.581,9.944
2026-01-13 17:19:29.581,9.943
2026-01-13 17:19:29.597,9.944
2026-01-13 17:19:29.613,9.955
2026-01-13 17:19:29.614,9.95
2026-01-13 17:19:29.631,9.943
2026-01-13 17:19:29.647,9.942
2026-01-13 17:19:29.664,9.943
2026-01-13 17:19:29.664,9.962
2026-01-13 17:19:29.683,9.961
2026-01-13 17:19:29.697,9.957
2026-01-13 17:19:29.713,9.952
2026-01-13 17:19:29.714,9.947
2026-01-13 17:19:29.729,9.953
2026-01-13 17:19:29.753,9.949
2026-01-13 17:19:29.754,9.949
2026-01-13 17:19:29.763,9.947
2026-01-13 17:19:29.781,9.946
2026-01-13 17:19:29.781,9.946
2026-01-13 17:19:29.797,9.949
2026-01-13 17:19:29.812,9.946
2026-01-13 17:19:29.831,9.945
2026-01-13 17:19:29.832,9.942
2026-01-13 17:19:29.847,9.957
2026-01-13 17:19:29.864,9.956
2026-01-13 17:19:29.879,9.949
2026-01-13 17:19:29.879,9.949
2026-01-13 17:19:29.896,9.951
2026-01-13 17:19:29.913,9.945
2026-01-13 17:19:29.913,9.945
2026-01-13 17:19:29.929,9.937
2026-01-13 17:19:29.946,9.934
2026-01-13 17:19:29.962,9.935
2026-01-13 17:19:29.962,9.932
2026-01-13 17:19:29.979,9.924
2026-01-13 17:19:29.997,9.911
2026-01-13 17:19:29.998,9.905
2026-01-13 17:19:30.013,9.902
2026-01-13 17:19:30.030,9.902
2026-01-13 17:19:30.047,9.902
2026-01-13 17:19:30.047,9.902
2026-01-13 17:19:30.064,9.902
2026-01-13 17:19:30.080,9.901
2026-01-13 17:19:30.099,9.9
2026-01-13 17:19:30.099,9.898
2026-01-13 17:19:30.113,9.902
2026-01-13 17:19:30.131,9.896
2026-01-13 17:19:30.131,9.898
2026-01-13 17:19:30.147,9.901
2026-01-13 17:19:30.162,9.904
2026-01-13 17:19:30.181,9.904
2026-01-13 17:19:30.181,9.904
2026-01-13 17:19:30.197,9.904
2026-01-13 17:19:30.213,9.917
2026-01-13 17:19:30.230,9.914
2026-01-13 17:19:30.230,9.911
2026-01-13 17:19:30.246,9.91
2026-01-13 17:19:30.262,9.909
2026-01-13 17:19:30.262,9.924
2026-01-13 17:19:30.279,9.915
2026-01-13 17:19:30.296,9.912
2026-01-13 17:19:30.313,9.903
2026-01-13 17:19:30.313,9.889
2026-01-13 17:19:30.329,9.906
2026-01-13 17:19:30.346,9.896
2026-01-13 17:19:30.346,9.883
2026-01-13 17:19:30.362,9.876
2026-01-13 17:19:30.379,9.874
2026-01-13 17:19:30.395,9.89
2026-01-13 17:19:30.395,9.879
2026-01-13 17:19:30.411,9.883
2026-01-13 17:19:30.429,9.876
2026-01-13 17:19:30.447,9.876
2026-01-13 17:19:30.447,9.897
2026-01-13 17:19:30.463,9.895
2026-01-13 17:19:30.480,9.894
2026-01-13 17:19:30.481,9.893
2026-01-13 17:19:30.495,9.892
2026-01-13 17:19:30.514,9.887
2026-01-13 17:19:30.514,9.892
2026-01-13 17:19:30.530,9.891
2026-01-13 17:19:30.546,9.888
2026-01-13 17:19:30.563,9.889
2026-01-13 17:19:30.563,9.893
2026-01-13 17:19:30.580,9.894
2026-01-13 17:19:30.597,9.891
2026-01-13 17:19:30.613,9.889
2026-01-13 17:19:30.613,9.891
2026-01-13 17:19:30.631,9.886
2026-01-13 17:19:30.647,9.885
2026-01-13 17:19:30.647,9.887
2026-01-13 17:19:30.662,9.89
2026-01-13 17:19:30.706,9.889
2026-01-13 17:19:30.707,9.893
2026-01-13 17:19:30.707,9.889
2026-01-13 17:19:30.707,9.894
2026-01-13 17:19:30.736,9.895
2026-01-13 17:19:30.737,9.9
2026-01-13 17:19:30.745,9.901
2026-01-13 17:19:30.762,9.903
2026-01-13 17:19:30.778,9.903
2026-01-13 17:19:30.779,9.906
2026-01-13 17:19:30.798,9.903
2026-01-13 17:19:30.814,9.917
2026-01-13 17:19:30.814,9.917
2026-01-13 17:19:30.831,9.915
2026-01-13 17:19:30.846,9.917
2026-01-13 17:19:30.862,9.918
2026-01-13 17:19:30.863,9.915
2026-01-13 17:19:30.881,9.905
2026-01-13 17:19:30.896,9.903
2026-01-13 17:19:30.913,9.902
2026-01-13 17:19:30.913,9.904
2026-01-13 17:19:30.930,9.905
2026-01-13 17:19:30.945,9.897
2026-01-13 17:19:30.961,9.899
2026-01-13 17:19:30.961,9.896
2026-01-13 17:19:30.980,9.901
2026-01-13 17:19:30.996,9.917
2026-01-13 17:19:30.997,9.913
2026-01-13 17:19:31.013,9.91
2026-01-13 17:19:31.030,9.909
2026-01-13 17:19:31.047,9.905
2026-01-13 17:19:31.047,9.903
2026-01-13 17:19:31.065,9.906
2026-01-13 17:19:31.080,9.896
2026-01-13 17:19:31.080,9.892
2026-01-13 17:19:31.096,9.885
2026-01-13 17:19:31.114,9.883
2026-01-13 17:19:31.114,9.887
2026-01-13 17:19:31.130,9.891
2026-01-13 17:19:31.146,9.885
2026-01-13 17:19:31.163,9.886
2026-01-13 17:19:31.163,9.878
2026-01-13 17:19:31.180,9.87
2026-01-13 17:19:31.195,9.872
2026-01-13 17:19:31.214,9.872
2026-01-13 17:19:31.214,9.878
2026-01-13 17:19:31.230,9.883
2026-01-13 17:19:31.246,9.888
2026-01-13 17:19:31.246,9.891
2026-01-13 17:19:31.263,9.898
2026-01-13 17:19:31.280,9.897
2026-01-13 17:19:31.296,9.898
2026-01-13 17:19:31.296,9.9
2026-01-13 17:19:31.313,9.899
2026-01-13 17:19:31.330,9.901
2026-01-13 17:19:31.346,9.902
2026-01-13 17:19:31.347,9.895
2026-01-13 17:19:31.364,9.896
2026-01-13 17:19:31.380,9.903
2026-01-13 17:19:31.380,9.897
2026-01-13 17:19:31.397,9.897
2026-01-13 17:19:31.415,9.907
2026-01-13 17:19:31.415,9.914
2026-01-13 17:19:31.432,9.91
2026-01-13 17:19:31.447,9.915
2026-01-13 17:19:31.464,9.913
2026-01-13 17:19:31.464,9.926
2026-01-13 17:19:31.480,9.919
2026-01-13 17:19:31.496,9.922
2026-01-13 17:19:31.514,9.926
2026-01-13 17:19:31.514,9.924
2026-01-13 17:19:31.532,9.933
2026-01-13 17:19:31.547,9.933
2026-01-13 17:19:31.547,9.93
2026-01-13 17:19:31.564,9.932
2026-01-13 17:19:31.581,9.926
2026-01-13 17:19:31.596,9.922
2026-01-13 17:19:31.596,9.922
2026-01-13 17:19:31.614,9.912
2026-01-13 17:19:31.630,9.915
2026-01-13 17:19:31.631,9.912
2026-01-13 17:19:31.646,9.908
2026-01-13 17:19:31.664,9.909
2026-01-13 17:19:31.681,9.905
2026-01-13 17:19:31.681,9.898
2026-01-13 17:19:31.697,9.901
2026-01-13 17:19:31.714,9.893
2026-01-13 17:19:31.715,9.892
2026-01-13 17:19:31.739,9.889
2026-01-13 17:19:31.739,9.889
2026-01-13 17:19:31.763,9.888
2026-01-13 17:19:31.763,9.889
2026-01-13 17:19:31.780,9.895
2026-01-13 17:19:31.795,9.901
2026-01-13 17:19:31.812,9.902
2026-01-13 17:19:31.813,9.901
2026-01-13 17:19:31.831,9.901
2026-01-13 17:19:31.845,9.898
2026-01-13 17:19:31.846,9.894
2026-01-13 17:19:31.863,9.901
2026-01-13 17:19:31.881,9.895
2026-01-13 17:19:31.896,9.913
2026-01-13 17:19:31.896,9.912
2026-01-13 17:19:31.913,9.91
2026-01-13 17:19:31.932,9.912
2026-01-13 17:19:31.932,9.911
2026-01-13 17:19:31.947,9.913
2026-01-13 17:19:31.964,9.91
2026-01-13 17:19:31.981,9.911
2026-01-13 17:19:31.981,9.909
2026-01-13 17:19:31.996,9.909
2026-01-13 17:19:32.015,9.918
2026-01-13 17:19:32.015,9.913
2026-01-13 17:19:32.031,9.91
2026-01-13 17:19:32.078,9.908
2026-01-13 17:19:32.078,9.908
2026-01-13 17:19:32.078,9.915
2026-01-13 17:19:32.078,9.908
2026-01-13 17:19:32.086,9.902
2026-01-13 17:19:32.114,9.907
2026-01-13 17:19:32.114,9.902
2026-01-13 17:19:32.131,9.915
2026-01-13 17:19:32.146,9.913
2026-01-13 17:19:32.163,9.92
2026-01-13 17:19:32.163,9.92
2026-01-13 17:19:32.183,9.913
2026-01-13 17:19:32.183,9.921
2026-01-13 17:19:32.196,9.913
2026-01-13 17:19:32.213,9.911
2026-01-13 17:19:32.230,9.911
2026-01-13 17:19:32.231,9.912
2026-01-13 17:19:32.246,9.914
2026-01-13 17:19:32.262,9.916
2026-01-13 17:19:32.281,9.916
2026-01-13 17:19:32.281,9.913
2026-01-13 17:19:32.296,9.915
2026-01-13 17:19:32.312,9.915
2026-01-13 17:19:32.330,9.916
2026-01-13 17:19:32.330,9.914
2026-01-13 17:19:32.346,9.909
2026-01-13 17:19:32.365,9.908
2026-01-13 17:19:32.366,9.898
2026-01-13 17:19:32.380,9.899
2026-01-13 17:19:32.398,9.898
2026-01-13 17:19:32.398,9.891
2026-01-13 17:19:32.414,9.884
2026-01-13 17:19:32.431,9.89
2026-01-13 17:19:32.446,9.885
2026-01-13 17:19:32.462,9.88
2026-01-13 17:19:32.462,9.882
2026-01-13 17:19:32.481,9.883
2026-01-13 17:19:32.482,9.879
2026-01-13 17:19:32.495,9.879
2026-01-13 17:19:32.512,9.875
2026-01-13 17:19:32.530,9.869
2026-01-13 17:19:32.530,9.869
2026-01-13 17:19:32.547,9.879
2026-01-13 17:19:32.561,9.883
2026-01-13 17:19:32.578,9.877
2026-01-13 17:19:32.596,9.876
2026-01-13 17:19:32.596,9.871
2026-01-13 17:19:32.612,9.883
2026-01-13 17:19:32.629,9.881
2026-01-13 17:19:32.630,9.876
2026-01-13 17:19:32.645,9.874
2026-01-13 17:19:32.661,9.874
2026-01-13 17:19:32.661,9.89
2026-01-13 17:19:32.678,9.886
2026-01-13 17:19:32.696,9.876
2026-01-13 17:19:32.712,9.87
2026-01-13 17:19:32.713,9.86
2026-01-13 17:19:32.736,9.869
2026-01-13 17:19:32.736,9.872
2026-01-13 17:19:32.763,9.859
2026-01-13 17:19:32.763,9.853
2026-01-13 17:19:32.780,9.846
2026-01-13 17:19:32.796,9.858
2026-01-13 17:19:32.796,9.848
2026-01-13 17:19:32.813,9.843
2026-01-13 17:19:32.831,9.833
2026-01-13 17:19:32.831,9.832
2026-01-13 17:19:32.845,9.83
2026-01-13 17:19:32.862,9.834
2026-01-13 17:19:32.880,9.829
2026-01-13 17:19:32.880,9.83
2026-01-13 17:19:32.896,9.825
2026-01-13 17:19:32.913,9.829
2026-01-13 17:19:32.930,9.827
2026-01-13 17:19:32.931,9.824
2026-01-13 17:19:32.946,9.822
2026-01-13 17:19:32.964,9.826
2026-01-13 17:19:32.964,9.826
2026-01-13 17:19:32.981,9.826
2026-01-13 17:19:32.996,9.827
2026-01-13 17:19:33.013,9.827
2026-01-13 17:19:33.013,9.823
2026-01-13 17:19:33.029,9.827
2026-01-13 17:19:33.046,9.821
2026-01-13 17:19:33.046,9.818
2026-01-13 17:19:33.064,9.815
2026-01-13 17:19:33.082,9.823
2026-01-13 17:19:33.082,9.825
2026-01-13 17:19:33.096,9.827
2026-01-13 17:19:33.112,9.825
2026-01-13 17:19:33.128,9.827
2026-01-13 17:19:33.147,9.828
2026-01-13 17:19:33.147,9.848
2026-01-13 17:19:33.164,9.847
2026-01-13 17:19:33.180,9.839
2026-01-13 17:19:33.180,9.837
2026-01-13 17:19:33.196,9.833
2026-01-13 17:19:33.212,9.851
2026-01-13 17:19:33.230,9.849
2026-01-13 17:19:33.230,9.844
2026-01-13 17:19:33.246,9.841
2026-01-13 17:19:33.263,9.837
2026-01-13 17:19:33.264,9.859
2026-01-13 17:19:33.280,9.853
2026-01-13 17:19:33.296,9.844
2026-01-13 17:19:33.313,9.843
2026-01-13 17:19:33.313,9.833
2026-01-13 17:19:33.329,9.85
2026-01-13 17:19:33.345,9.839
2026-01-13 17:19:33.363,9.83
2026-01-13 17:19:33.363,9.83
2026-01-13 17:19:33.378,9.83
2026-01-13 17:19:33.422,9.822
2026-01-13 17:19:33.422,9.818
2026-01-13 17:19:33.423,9.814
2026-01-13 17:19:33.423,9.815
2026-01-13 17:19:33.430,9.817
2026-01-13 17:19:33.446,9.815
2026-01-13 17:19:33.464,9.814
2026-01-13 17:19:33.480,9.812
2026-01-13 17:19:33.480,9.805
2026-01-13 17:19:33.496,9.799
2026-01-13 17:19:33.513,9.802
2026-01-13 17:19:33.532,9.805
2026-01-13 17:19:33.533,9.81
2026-01-13 17:19:33.546,9.813
2026-01-13 17:19:33.563,9.813
2026-01-13 17:19:33.563,9.81
2026-01-13 17:19:33.581,9.807
2026-01-13 17:19:33.596,9.812
2026-01-13 17:19:33.613,9.811
2026-01-13 17:19:33.614,9.81
2026-01-13 17:19:33.629,9.828
2026-01-13 17:19:33.646,9.829
2026-01-13 17:19:33.665,9.821
2026-01-13 17:19:33.666,9.817
2026-01-13 17:19:33.682,9.818
2026-01-13 17:19:33.696,9.837
2026-01-13 17:19:33.696,9.834
2026-01-13 17:19:33.713,9.832
2026-01-13 17:19:33.728,9.83
2026-01-13 17:19:33.755,9.82
2026-01-13 17:19:33.756,9.839
2026-01-13 17:19:33.756,9.832
2026-01-13 17:19:33.781,9.83
2026-01-13 17:19:33.781,9.818
2026-01-13 17:19:33.796,9.813
2026-01-13 17:19:33.813,9.832
2026-01-13 17:19:33.813,9.828
2026-01-13 17:19:33.832,9.826
2026-01-13 17:19:33.846,9.82
2026-01-13 17:19:33.862,9.812
2026-01-13 17:19:33.863,9.83
2026-01-13 17:19:33.879,9.818
2026-01-13 17:19:33.897,9.812
2026-01-13 17:19:33.897,9.812
2026-01-13 17:19:33.916,9.805
2026-01-13 17:19:33.930,9.806
2026-01-13 17:19:33.946,9.801
2026-01-13 17:19:33.947,9.795
2026-01-13 17:19:33.963,9.8
2026-01-13 17:19:33.981,9.793
2026-01-13 17:19:33.996,9.786
2026-01-13 17:19:33.996,9.791
2026-01-13 17:19:34.013,9.795
2026-01-13 17:19:34.030,9.797
2026-01-13 17:19:34.030,9.803
2026-01-13 17:19:34.046,9.797
2026-01-13 17:19:34.064,9.798
2026-01-13 17:19:34.081,9.8
2026-01-13 17:19:34.081,9.795
2026-01-13 17:19:34.096,9.801
2026-01-13 17:19:34.113,9.801
2026-01-13 17:19:34.114,9.809
2026-01-13 17:19:34.129,9.805
2026-01-13 17:19:34.146,9.801
2026-01-13 17:19:34.162,9.801
2026-01-13 17:19:34.180,9.804
2026-01-13 17:19:34.180,9.797
2026-01-13 17:19:34.196,9.794
2026-01-13 17:19:34.213,9.794
2026-01-13 17:19:34.213,9.794
2026-01-13 17:19:34.230,9.814
2026-01-13 17:19:34.246,9.804
2026-01-13 17:19:34.246,9.8
2026-01-13 17:19:34.262,9.8
2026-01-13 17:19:34.283,9.805
2026-01-13 17:19:34.295,9.806
2026-01-13 17:19:34.315,9.802
2026-01-13 17:19:34.329,9.798
2026-01-13 17:19:34.345,9.803
2026-01-13 17:19:34.364,9.798
2026-01-13 17:19:34.380,9.802
2026-01-13 17:19:34.381,9.79
2026-01-13 17:19:34.396,9.792
2026-01-13 17:19:34.414,9.82
2026-01-13 17:19:34.414,9.817
2026-01-13 17:19:34.430,9.818
2026-01-13 17:19:34.447,9.814
2026-01-13 17:19:34.466,9.81
2026-01-13 17:19:34.466,9.804
2026-01-13 17:19:34.479,9.795
2026-01-13 17:19:34.497,9.794
2026-01-13 17:19:34.498,9.794
2026-01-13 17:19:34.513,9.791
2026-01-13 17:19:34.530,9.794
2026-01-13 17:19:34.546,9.794
2026-01-13 17:19:34.546,9.797
2026-01-13 17:19:34.564,9.803
2026-01-13 17:19:34.581,9.804
2026-01-13 17:19:34.582,9.811
2026-01-13 17:19:34.596,9.814
2026-01-13 17:19:34.613,9.815
2026-01-13 17:19:34.629,9.817
2026-01-13 17:19:34.647,9.822
2026-01-13 17:19:34.647,9.828
2026-01-13 17:19:34.664,9.824
2026-01-13 17:19:34.665,9.825
2026-01-13 17:19:34.680,9.828
2026-01-13 17:19:34.696,9.826
2026-01-13 17:19:34.712,9.827
2026-01-13 17:19:34.736,9.828
2026-01-13 17:19:34.736,9.825
2026-01-13 17:19:34.745,9.833
2026-01-13 17:19:34.762,9.831
2026-01-13 17:19:34.763,9.831
2026-01-13 17:19:34.795,9.833
2026-01-13 17:19:34.795,9.834
2026-01-13 17:19:34.801,9.837
2026-01-13 17:19:34.811,9.832
2026-01-13 17:19:34.829,9.857
2026-01-13 17:19:34.844,9.858
2026-01-13 17:19:34.861,9.854
2026-01-13 17:19:34.862,9.859
2026-01-13 17:19:34.882,9.857
2026-01-13 17:19:34.895,9.863
2026-01-13 17:19:34.912,9.858
2026-01-13 17:19:34.930,9.858
2026-01-13 17:19:34.945,9.855
2026-01-13 17:19:34.946,9.871
2026-01-13 17:19:34.963,9.866
2026-01-13 17:19:34.979,9.863
2026-01-13 17:19:34.979,9.859
2026-01-13 17:19:34.995,9.861
2026-01-13 17:19:35.012,9.861
2026-01-13 17:19:35.030,9.862
2026-01-13 17:19:35.031,9.863
2026-01-13 17:19:35.046,9.858
2026-01-13 17:19:35.062,9.857
2026-01-13 17:19:35.078,9.85
2026-01-13 17:19:35.078,9.851
2026-01-13 17:19:35.097,9.852
2026-01-13 17:19:35.112,9.853
2026-01-13 17:19:35.112,9.849
2026-01-13 17:19:35.129,9.852
2026-01-13 17:19:35.146,9.852
2026-01-13 17:19:35.161,9.855
2026-01-13 17:19:35.161,9.856
2026-01-13 17:19:35.180,9.857
2026-01-13 17:19:35.196,9.856
2026-01-13 17:19:35.196,9.855
2026-01-13 17:19:35.213,9.853
2026-01-13 17:19:35.229,9.853
2026-01-13 17:19:35.230,9.859
2026-01-13 17:19:35.246,9.867
2026-01-13 17:19:35.263,9.865
2026-01-13 17:19:35.278,9.864
2026-01-13 17:19:35.279,9.869
2026-01-13 17:19:35.297,9.871
2026-01-13 17:19:35.313,9.869
2026-01-13 17:19:35.330,9.867
2026-01-13 17:19:35.330,9.866
2026-01-13 17:19:35.361,9.871
2026-01-13 17:19:35.379,9.87
2026-01-13 17:19:35.379,9.871
2026-01-13 17:19:35.397,9.872
2026-01-13 17:19:35.413,9.877
2026-01-13 17:19:35.414,9.876
2026-01-13 17:19:35.429,9.891
2026-01-13 17:19:35.445,9.884
2026-01-13 17:19:35.463,9.885
2026-01-13 17:19:35.463,9.889
2026-01-13 17:19:35.479,9.889
2026-01-13 17:19:35.495,9.903
2026-01-13 17:19:35.496,9.903
2026-01-13 17:19:35.512,9.905
2026-01-13 17:19:35.530,9.903
2026-01-13 17:19:35.545,9.901
2026-01-13 17:19:35.545,9.895
2026-01-13 17:19:35.562,9.889
2026-01-13 17:19:35.580,9.887
2026-01-13 17:19:35.580,9.893
2026-01-13 17:19:35.595,9.885
2026-01-13 17:19:35.613,9.882
2026-01-13 17:19:35.629,9.88
2026-01-13 17:19:35.629,9.875
2026-01-13 17:19:35.645,9.877
2026-01-13 17:19:35.661,9.876
2026-01-13 17:19:35.662,9.895
2026-01-13 17:19:35.679,9.892
2026-01-13 17:19:35.696,9.889
2026-01-13 17:19:35.713,9.88
2026-01-13 17:19:35.713,9.879
2026-01-13 17:19:35.735,9.9
2026-01-13 17:19:35.735,9.891
2026-01-13 17:19:35.762,9.889
2026-01-13 17:19:35.762,9.89
2026-01-13 17:19:35.780,9.887
2026-01-13 17:19:35.795,9.887
2026-01-13 17:19:35.795,9.885
2026-01-13 17:19:35.813,9.883
2026-01-13 17:19:35.829,9.884
2026-01-13 17:19:35.830,9.88
2026-01-13 17:19:35.846,9.883
2026-01-13 17:19:35.861,9.883
2026-01-13 17:19:35.884,9.881
2026-01-13 17:19:35.884,9.889
2026-01-13 17:19:35.895,9.887
2026-01-13 17:19:35.911,9.888
2026-01-13 17:19:35.928,9.887
2026-01-13 17:19:35.928,9.893
2026-01-13 17:19:35.946,9.9
2026-01-13 17:19:35.963,9.903
2026-01-13 17:19:35.963,9.9
2026-01-13 17:19:35.978,9.898
2026-01-13 17:19:35.998,9.904
2026-01-13 17:19:35.998,9.911
2026-01-13 17:19:36.011,9.905
2026-01-13 17:19:36.029,9.901
2026-01-13 17:19:36.046,9.9
2026-01-13 17:19:36.047,9.9
2026-01-13 17:19:36.062,9.896
2026-01-13 17:19:36.078,9.895
2026-01-13 17:19:36.095,9.89
2026-01-13 17:19:36.095,9.884
2026-01-13 17:19:36.112,9.882
2026-01-13 17:19:36.151,9.881
2026-01-13 17:19:36.152,9.877
2026-01-13 17:19:36.152,9.891
2026-01-13 17:19:36.158,9.885
2026-01-13 17:19:36.177,9.875
2026-01-13 17:19:36.199,9.875
2026-01-13 17:19:36.199,9.876
2026-01-13 17:19:36.212,9.897
2026-01-13 17:19:36.231,9.888
2026-01-13 17:19:36.231,9.887
2026-01-13 17:19:36.246,9.881
2026-01-13 17:19:36.262,9.88
2026-01-13 17:19:36.262,9.875
2026-01-13 17:19:36.280,9.87
2026-01-13 17:19:36.296,9.873
2026-01-13 17:19:36.313,9.87
2026-01-13 17:19:36.313,9.867
2026-01-13 17:19:36.331,9.862
2026-01-13 17:19:36.346,9.852
2026-01-13 17:19:36.362,9.85
2026-01-13 17:19:36.362,9.848
2026-01-13 17:19:36.378,9.85
2026-01-13 17:19:36.397,9.845
2026-01-13 17:19:36.397,9.846
2026-01-13 17:19:36.413,9.848
2026-01-13 17:19:36.430,9.843
2026-01-13 17:19:36.430,9.843
2026-01-13 17:19:36.446,9.842
2026-01-13 17:19:36.462,9.839
2026-01-13 17:19:36.482,9.84
2026-01-13 17:19:36.482,9.835
2026-01-13 17:19:36.495,9.832
2026-01-13 17:19:36.512,9.833
2026-01-13 17:19:36.529,9.829
2026-01-13 17:19:36.529,9.827
2026-01-13 17:19:36.546,9.833
2026-01-13 17:19:36.563,9.831
2026-01-13 17:19:36.563,9.833
2026-01-13 17:19:36.580,9.83
2026-01-13 17:19:36.596,9.826
2026-01-13 17:19:36.613,9.824
2026-01-13 17:19:36.613,9.82
2026-01-13 17:19:36.629,9.82
2026-01-13 17:19:36.647,9.818
2026-01-13 17:19:36.647,9.814
2026-01-13 17:19:36.663,9.813
2026-01-13 17:19:36.680,9.806
2026-01-13 17:19:36.696,9.825
2026-01-13 17:19:36.696,9.823
2026-01-13 17:19:36.713,9.82
2026-01-13 17:19:36.736,9.822
2026-01-13 17:19:36.745,9.822
2026-01-13 17:19:36.761,9.825
2026-01-13 17:19:36.780,9.825
2026-01-13 17:19:36.780,9.82
2026-01-13 17:19:36.795,9.823
2026-01-13 17:19:36.813,9.843
2026-01-13 17:19:36.814,9.841
2026-01-13 17:19:36.832,9.837
2026-01-13 17:19:36.844,9.832
2026-01-13 17:19:36.862,9.828
2026-01-13 17:19:36.862,9.833
2026-01-13 17:19:36.879,9.833
2026-01-13 17:19:36.895,9.839
2026-01-13 17:19:36.913,9.842
2026-01-13 17:19:36.913,9.848
2026-01-13 17:19:36.929,9.847
2026-01-13 17:19:36.945,9.839
2026-01-13 17:19:36.961,9.844
2026-01-13 17:19:36.962,9.843
2026-01-13 17:19:36.979,9.836
2026-01-13 17:19:36.995,9.842
2026-01-13 17:19:36.995,9.846
2026-01-13 17:19:37.010,9.844
2026-01-13 17:19:37.028,9.853
2026-01-13 17:19:37.045,9.854
2026-01-13 17:19:37.046,9.856
2026-01-13 17:19:37.062,9.861
2026-01-13 17:19:37.079,9.869
2026-01-13 17:19:37.079,9.872
2026-01-13 17:19:37.095,9.875
2026-01-13 17:19:37.110,9.879
2026-01-13 17:19:37.129,9.875
2026-01-13 17:19:37.129,9.877
2026-01-13 17:19:37.144,9.879
2026-01-13 17:19:37.160,9.884
2026-01-13 17:19:37.178,9.894
2026-01-13 17:19:37.178,9.892
2026-01-13 17:19:37.193,9.895
2026-01-13 17:19:37.211,9.884
2026-01-13 17:19:37.211,9.885
2026-01-13 17:19:37.228,9.907
2026-01-13 17:19:37.246,9.903
2026-01-13 17:19:37.262,9.9
2026-01-13 17:19:37.263,9.901
2026-01-13 17:19:37.278,9.889
2026-01-13 17:19:37.295,9.905
2026-01-13 17:19:37.295,9.9
2026-01-13 17:19:37.312,9.891
2026-01-13 17:19:37.328,9.884
2026-01-13 17:19:37.344,9.88
2026-01-13 17:19:37.344,9.895
2026-01-13 17:19:37.360,9.888
2026-01-13 17:19:37.378,9.883
2026-01-13 17:19:37.378,9.877
2026-01-13 17:19:37.395,9.875
2026-01-13 17:19:37.412,9.885
2026-01-13 17:19:37.429,9.874
2026-01-13 17:19:37.430,9.869
2026-01-13 17:19:37.445,9.867
2026-01-13 17:19:37.461,9.865
2026-01-13 17:19:37.463,9.857
2026-01-13 17:19:37.477,9.849
2026-01-13 17:19:37.519,9.85
2026-01-13 17:19:37.519,9.849
2026-01-13 17:19:37.519,9.85
2026-01-13 17:19:37.524,9.848
2026-01-13 17:19:37.544,9.848
2026-01-13 17:19:37.561,9.847
2026-01-13 17:19:37.561,9.847
2026-01-13 17:19:37.578,9.842
2026-01-13 17:19:37.594,9.846
2026-01-13 17:19:37.595,9.845
2026-01-13 17:19:37.610,9.839
2026-01-13 17:19:37.628,9.835
2026-01-13 17:19:37.644,9.836
2026-01-13 17:19:37.644,9.836
2026-01-13 17:19:37.660,9.831
2026-01-13 17:19:37.678,9.829
2026-01-13 17:19:37.678,9.828
2026-01-13 17:19:37.694,9.822
2026-01-13 17:19:37.733,9.815
2026-01-13 17:19:37.733,9.809
2026-01-13 17:19:37.744,9.809
2026-01-13 17:19:37.761,9.806
2026-01-13 17:19:37.777,9.83
2026-01-13 17:19:37.778,9.824
2026-01-13 17:19:37.794,9.823
2026-01-13 17:19:37.811,9.821
2026-01-13 17:19:37.811,9.823
2026-01-13 17:19:37.828,9.838
2026-01-13 17:19:37.844,9.833
2026-01-13 17:19:37.845,9.829
2026-01-13 17:19:37.861,9.823
2026-01-13 17:19:37.877,9.818
2026-01-13 17:19:37.895,9.837
2026-01-13 17:19:37.896,9.834
2026-01-13 17:19:37.912,9.832
2026-01-13 17:19:37.927,9.828
2026-01-13 17:19:37.943,9.834
2026-01-13 17:19:37.944,9.846
2026-01-13 17:19:37.960,9.845
2026-01-13 17:19:37.979,9.849
2026-01-13 17:19:37.979,9.852
2026-01-13 17:19:37.994,9.851
2026-01-13 17:19:38.011,9.85
2026-01-13 17:19:38.028,9.847
2026-01-13 17:19:38.029,9.85
2026-01-13 17:19:38.044,9.856
2026-01-13 17:19:38.060,9.858
2026-01-13 17:19:38.062,9.855
2026-01-13 17:19:38.078,9.856
2026-01-13 17:19:38.094,9.853
2026-01-13 17:19:38.110,9.854
2026-01-13 17:19:38.111,9.854
2026-01-13 17:19:38.128,9.848
2026-01-13 17:19:38.144,9.847
2026-01-13 17:19:38.161,9.845
2026-01-13 17:19:38.161,9.845
2026-01-13 17:19:38.177,9.848
2026-01-13 17:19:38.195,9.849
2026-01-13 17:19:38.196,9.851
2026-01-13 17:19:38.212,9.851
2026-01-13 17:19:38.230,9.846
2026-01-13 17:19:38.231,9.85
2026-01-13 17:19:38.247,9.862
2026-01-13 17:19:38.263,9.863
2026-01-13 17:19:38.279,9.858
2026-01-13 17:19:38.280,9.847
2026-01-13 17:19:38.295,9.841
2026-01-13 17:19:38.312,9.857
2026-01-13 17:19:38.330,9.855
2026-01-13 17:19:38.330,9.854
2026-01-13 17:19:38.345,9.848
2026-01-13 17:19:38.362,9.846
2026-01-13 17:19:38.363,9.864
2026-01-13 17:19:38.380,9.866
2026-01-13 17:19:38.395,9.865
2026-01-13 17:19:38.411,9.864
2026-01-13 17:19:38.412,9.861
2026-01-13 17:19:38.431,9.872
2026-01-13 17:19:38.444,9.866
2026-01-13 17:19:38.463,9.863
2026-01-13 17:19:38.463,9.861
2026-01-13 17:19:38.478,9.86
2026-01-13 17:19:38.496,9.879
2026-01-13 17:19:38.496,9.878
2026-01-13 17:19:38.513,9.881
2026-01-13 17:19:38.529,9.88
2026-01-13 17:19:38.543,9.876
2026-01-13 17:19:38.545,9.876
2026-01-13 17:19:38.562,9.874
2026-01-13 17:19:38.579,9.872
2026-01-13 17:19:38.579,9.872
2026-01-13 17:19:38.595,9.868
2026-01-13 17:19:38.613,9.865
2026-01-13 17:19:38.629,9.864
2026-01-13 17:19:38.630,9.862
2026-01-13 17:19:38.644,9.866
2026-01-13 17:19:38.663,9.87
2026-01-13 17:19:38.663,9.865
2026-01-13 17:19:38.679,9.864
2026-01-13 17:19:38.695,9.863
2026-01-13 17:19:38.710,9.86
2026-01-13 17:19:38.710,9.863
2026-01-13 17:19:38.728,9.869
2026-01-13 17:19:38.752,9.871
2026-01-13 17:19:38.752,9.865
2026-01-13 17:19:38.761,9.866
2026-01-13 17:19:38.780,9.867
2026-01-13 17:19:38.795,9.871
2026-01-13 17:19:38.795,9.87
2026-01-13 17:19:38.812,9.867
2026-01-13 17:19:38.830,9.867
2026-01-13 17:19:38.831,9.866
2026-01-13 17:19:38.845,9.867
2026-01-13 17:19:38.874,9.87
2026-01-13 17:19:38.876,9.876
2026-01-13 17:19:38.885,9.878
2026-01-13 17:19:38.894,9.874
2026-01-13 17:19:38.912,9.874
2026-01-13 17:19:38.929,9.87
2026-01-13 17:19:38.929,9.875
2026-01-13 17:19:38.945,9.87
2026-01-13 17:19:38.963,9.867
2026-01-13 17:19:38.963,9.877
2026-01-13 17:19:38.978,9.873
2026-01-13 17:19:38.996,9.872
2026-01-13 17:19:39.012,9.869
2026-01-13 17:19:39.012,9.869
2026-01-13 17:19:39.028,9.87
2026-01-13 17:19:39.045,9.867
2026-01-13 17:19:39.062,9.861
2026-01-13 17:19:39.062,9.861
2026-01-13 17:19:39.079,9.861
2026-01-13 17:19:39.095,9.876
2026-01-13 17:19:39.095,9.872
2026-01-13 17:19:39.112,9.869
2026-01-13 17:19:39.130,9.865
2026-01-13 17:19:39.130,9.866
2026-01-13 17:19:39.145,9.861
2026-01-13 17:19:39.163,9.863
2026-01-13 17:19:39.178,9.86
2026-01-13 17:19:39.179,9.859
2026-01-13 17:19:39.195,9.861
2026-01-13 17:19:39.212,9.858
2026-01-13 17:19:39.229,9.858
2026-01-13 17:19:39.229,9.862
2026-01-13 17:19:39.244,9.866
2026-01-13 17:19:39.261,9.867
2026-01-13 17:19:39.262,9.866
2026-01-13 17:19:39.279,9.868
2026-01-13 17:19:39.295,9.865
2026-01-13 17:19:39.311,9.867
2026-01-13 17:19:39.311,9.871
2026-01-13 17:19:39.328,9.877
2026-01-13 17:19:39.344,9.877
2026-01-13 17:19:39.361,9.883
2026-01-13 17:19:39.361,9.881
2026-01-13 17:19:39.378,9.879
2026-01-13 17:19:39.394,9.874
2026-01-13 17:19:39.395,9.88
2026-01-13 17:19:39.411,9.881
2026-01-13 17:19:39.428,9.884
2026-01-13 17:19:39.444,9.891
2026-01-13 17:19:39.444,9.887
2026-01-13 17:19:39.460,9.885
2026-01-13 17:19:39.479,9.889
2026-01-13 17:19:39.479,9.893
2026-01-13 17:19:39.495,9.888
2026-01-13 17:19:39.512,9.893
2026-01-13 17:19:39.528,9.895
2026-01-13 17:19:39.529,9.897
2026-01-13 17:19:39.545,9.9
2026-01-13 17:19:39.564,9.901
2026-01-13 17:19:39.564,9.899
2026-01-13 17:19:39.579,9.894
2026-01-13 17:19:39.595,9.886
2026-01-13 17:19:39.612,9.892
2026-01-13 17:19:39.612,9.883
2026-01-13 17:19:39.627,9.889
2026-01-13 17:19:39.644,9.882
2026-01-13 17:19:39.662,9.886
2026-01-13 17:19:39.662,9.893
2026-01-13 17:19:39.678,9.886
2026-01-13 17:19:39.695,9.899
2026-01-13 17:19:39.696,9.89
2026-01-13 17:19:39.713,9.886
2026-01-13 17:19:39.735,9.885
2026-01-13 17:19:39.736,9.881
2026-01-13 17:19:39.745,9.884
2026-01-13 17:19:39.760,9.88
2026-01-13 17:19:39.779,9.882
2026-01-13 17:19:39.779,9.876
2026-01-13 17:19:39.795,9.877
2026-01-13 17:19:39.813,9.867
2026-01-13 17:19:39.830,9.86
2026-01-13 17:19:39.830,9.859
2026-01-13 17:19:39.844,9.857
2026-01-13 17:19:39.863,9.855
2026-01-13 17:19:39.863,9.854
2026-01-13 17:19:39.878,9.854
2026-01-13 17:19:39.896,9.848
2026-01-13 17:19:39.912,9.848
2026-01-13 17:19:39.913,9.84
2026-01-13 17:19:39.931,9.84
2026-01-13 17:19:39.944,9.841
2026-01-13 17:19:39.961,9.845
2026-01-13 17:19:39.962,9.844
2026-01-13 17:19:39.978,9.847
2026-01-13 17:19:39.994,9.848
2026-01-13 17:19:39.994,9.849
2026-01-13 17:19:40.011,9.852
2026-01-13 17:19:40.029,9.857
2026-01-13 17:19:40.044,9.857
2026-01-13 17:19:40.044,9.858
2026-01-13 17:19:40.061,9.865
2026-01-13 17:19:40.078,9.859
2026-01-13 17:19:40.079,9.861
2026-01-13 17:19:40.094,9.853
2026-01-13 17:19:40.110,9.858
2026-01-13 17:19:40.128,9.867
2026-01-13 17:19:40.128,9.874
2026-01-13 17:19:40.149,9.872
2026-01-13 17:19:40.162,9.871
2026-01-13 17:19:40.162,9.876
2026-01-13 17:19:40.178,9.872
2026-01-13 17:19:40.195,9.875
2026-01-13 17:19:40.210,9.884
2026-01-13 17:19:40.211,9.879
2026-01-13 17:19:40.246,9.891
2026-01-13 17:19:40.247,9.881
2026-01-13 17:19:40.247,9.877
2026-01-13 17:19:40.278,9.882
2026-01-13 17:19:40.278,9.882
2026-01-13 17:19:40.295,9.877
2026-01-13 17:19:40.296,9.874
2026-01-13 17:19:40.312,9.865
2026-01-13 17:19:40.329,9.868
2026-01-13 17:19:40.345,9.867
2026-01-13 17:19:40.346,9.861
2026-01-13 17:19:40.363,9.851
2026-01-13 17:19:40.379,9.852
2026-01-13 17:19:40.379,9.85
2026-01-13 17:19:40.395,9.847
2026-01-13 17:19:40.413,9.851
2026-01-13 17:19:40.430,9.856
2026-01-13 17:19:40.431,9.854
2026-01-13 17:19:40.445,9.858
2026-01-13 17:19:40.462,9.866
2026-01-13 17:19:40.462,9.866
2026-01-13 17:19:40.479,9.865
2026-01-13 17:19:40.495,9.861
2026-01-13 17:19:40.512,9.861
2026-01-13 17:19:40.512,9.861
2026-01-13 17:19:40.529,9.859
2026-01-13 17:19:40.545,9.857
2026-01-13 17:19:40.563,9.857
2026-01-13 17:19:40.564,9.858
2026-01-13 17:19:40.579,9.853
2026-01-13 17:19:40.595,9.851
2026-01-13 17:19:40.595,9.853
2026-01-13 17:19:40.613,9.858
2026-01-13 17:19:40.628,9.868
2026-01-13 17:19:40.646,9.869
2026-01-13 17:19:40.646,9.868
2026-01-13 17:19:40.662,9.871
2026-01-13 17:19:40.678,9.872
2026-01-13 17:19:40.678,9.877
2026-01-13 17:19:40.695,9.875
2026-01-13 17:19:40.713,9.881
2026-01-13 17:19:40.714,9.885
2026-01-13 17:19:40.736,9.884
2026-01-13 17:19:40.744,9.891
2026-01-13 17:19:40.761,9.891
2026-01-13 17:19:40.776,9.894
2026-01-13 17:19:40.777,9.894
2026-01-13 17:19:40.795,9.891
2026-01-13 17:19:40.810,9.895
2026-01-13 17:19:40.811,9.896
2026-01-13 17:19:40.829,9.89
2026-01-13 17:19:40.846,9.888
2026-01-13 17:19:40.862,9.892
2026-01-13 17:19:40.878,9.892
2026-01-13 17:19:40.895,9.898
2026-01-13 17:19:40.895,9.896
2026-01-13 17:19:40.929,9.89
2026-01-13 17:19:40.930,9.889
2026-01-13 17:19:40.944,9.903
2026-01-13 17:19:40.962,9.902
2026-01-13 17:19:40.979,9.902
2026-01-13 17:19:40.979,9.895
2026-01-13 17:19:40.995,9.895
2026-01-13 17:19:41.010,9.899
2026-01-13 17:19:41.029,9.901
2026-01-13 17:19:41.029,9.907
2026-01-13 17:19:41.045,9.914
2026-01-13 17:19:41.063,9.913
2026-01-13 17:19:41.063,9.918
2026-01-13 17:19:41.079,9.921
2026-01-13 17:19:41.095,9.928
2026-01-13 17:19:41.112,9.929
2026-01-13 17:19:41.113,9.932
2026-01-13 17:19:41.129,9.934
2026-01-13 17:19:41.143,9.939
2026-01-13 17:19:41.163,9.949
2026-01-13 17:19:41.163,9.95
2026-01-13 17:19:41.179,9.948
2026-01-13 17:19:41.195,9.945
2026-01-13 17:19:41.195,9.954
2026-01-13 17:19:41.212,9.95
2026-01-13 17:19:41.229,9.951
2026-01-13 17:19:41.245,9.948
2026-01-13 17:19:41.245,9.947
2026-01-13 17:19:41.262,9.949
2026-01-13 17:19:41.280,9.949
2026-01-13 17:19:41.280,9.954
2026-01-13 17:19:41.295,9.954
2026-01-13 17:19:41.313,9.956
2026-01-13 17:19:41.329,9.957
2026-01-13 17:19:41.329,9.951
2026-01-13 17:19:41.345,9.951
2026-01-13 17:19:41.361,9.946
2026-01-13 17:19:41.378,9.94
2026-01-13 17:19:41.380,9.935
2026-01-13 17:19:41.395,9.933
2026-01-13 17:19:41.414,9.932
2026-01-13 17:19:41.414,9.927
2026-01-13 17:19:41.428,9.922
2026-01-13 17:19:41.445,9.915
2026-01-13 17:19:41.462,9.919
2026-01-13 17:19:41.462,9.916
2026-01-13 17:19:41.479,9.917
2026-01-13 17:19:41.494,9.926
2026-01-13 17:19:41.494,9.922
2026-01-13 17:19:41.510,9.919
2026-01-13 17:19:41.527,9.912
2026-01-13 17:19:41.545,9.906
2026-01-13 17:19:41.545,9.904
2026-01-13 17:19:41.561,9.905
2026-01-13 17:19:41.602,9.908
2026-01-13 17:19:41.602,9.908
2026-01-13 17:19:41.602,9.901
2026-01-13 17:19:41.602,9.899
2026-01-13 17:19:41.627,9.895
2026-01-13 17:19:41.627,9.893
2026-01-13 17:19:41.643,9.895
2026-01-13 17:19:41.660,9.898
2026-01-13 17:19:41.677,9.892
2026-01-13 17:19:41.677,9.891
2026-01-13 17:19:41.694,9.889
2026-01-13 17:19:41.710,9.894
2026-01-13 17:19:41.711,9.895
2026-01-13 17:19:41.733,9.897
2026-01-13 17:19:41.745,9.892
2026-01-13 17:19:41.761,9.888
2026-01-13 17:19:41.761,9.899
2026-01-13 17:19:41.777,9.907
2026-01-13 17:19:41.794,9.909
2026-01-13 17:19:41.795,9.912
2026-01-13 17:19:41.810,9.917
2026-01-13 17:19:41.826,9.923
2026-01-13 17:19:41.843,9.923
2026-01-13 17:19:41.843,9.931
2026-01-13 17:19:41.860,9.934
2026-01-13 17:19:41.878,9.932
2026-01-13 17:19:41.878,9.937
2026-01-13 17:19:41.895,9.937
2026-01-13 17:19:41.910,9.953
2026-01-13 17:19:41.927,9.95
2026-01-13 17:19:41.928,9.943
2026-01-13 17:19:41.945,9.945
2026-01-13 17:19:41.960,9.943
2026-01-13 17:19:41.977,9.96
2026-01-13 17:19:41.977,9.954
2026-01-13 17:19:41.993,9.947
2026-01-13 17:19:42.012,9.941
2026-01-13 17:19:42.012,9.934
2026-01-13 17:19:42.027,9.935
2026-01-13 17:19:42.043,9.936
2026-01-13 17:19:42.059,9.931
2026-01-13 17:19:42.060,9.927
2026-01-13 17:19:42.077,9.928
2026-01-13 17:19:42.094,9.93
2026-01-13 17:19:42.094,9.927
2026-01-13 17:19:42.111,9.92
2026-01-13 17:19:42.127,9.921
2026-01-13 17:19:42.143,9.919
2026-01-13 17:19:42.144,9.926
2026-01-13 17:19:42.161,9.92
2026-01-13 17:19:42.177,9.917
2026-01-13 17:19:42.178,9.912
2026-01-13 17:19:42.193,9.914
2026-01-13 17:19:42.210,9.917
2026-01-13 17:19:42.229,9.912
2026-01-13 17:19:42.229,9.91
2026-01-13 17:19:42.244,9.904
2026-01-13 17:19:42.261,9.901
2026-01-13 17:19:42.262,9.897
2026-01-13 17:19:42.277,9.894
2026-01-13 17:19:42.294,9.881
2026-01-13 17:19:42.310,9.873
2026-01-13 17:19:42.311,9.859
2026-01-13 17:19:42.328,9.848
2026-01-13 17:19:42.345,9.843
2026-01-13 17:19:42.360,9.838
2026-01-13 17:19:42.361,9.836
2026-01-13 17:19:42.376,9.83
2026-01-13 17:19:42.394,9.843
2026-01-13 17:19:42.394,9.832
2026-01-13 17:19:42.410,9.827
2026-01-13 17:19:42.430,9.823
2026-01-13 17:19:42.444,9.818
2026-01-13 17:19:42.444,9.837
2026-01-13 17:19:42.460,9.831
2026-01-13 17:19:42.477,9.821
2026-01-13 17:19:42.478,9.821
2026-01-13 17:19:42.494,9.817
2026-01-13 17:19:42.510,9.82
2026-01-13 17:19:42.527,9.815
2026-01-13 17:19:42.529,9.812
2026-01-13 17:19:42.545,9.806
2026-01-13 17:19:42.560,9.804
2026-01-13 17:19:42.578,9.818
2026-01-13 17:19:42.579,9.815
2026-01-13 17:19:42.593,9.814
2026-01-13 17:19:42.611,9.81
2026-01-13 17:19:42.612,9.808
2026-01-13 17:19:42.629,9.811
2026-01-13 17:19:42.644,9.815
2026-01-13 17:19:42.661,9.814
2026-01-13 17:19:42.661,9.811
2026-01-13 17:19:42.678,9.808
2026-01-13 17:19:42.696,9.81
2026-01-13 17:19:42.696,9.812
2026-01-13 17:19:42.712,9.812
2026-01-13 17:19:42.736,9.813
2026-01-13 17:19:42.736,9.814
2026-01-13 17:19:42.744,9.819
2026-01-13 17:19:42.760,9.82
2026-01-13 17:19:42.778,9.824
2026-01-13 17:19:42.795,9.828
2026-01-13 17:19:42.797,9.831
2026-01-13 17:19:42.813,9.833
2026-01-13 17:19:42.829,9.832
2026-01-13 17:19:42.830,9.835
2026-01-13 17:19:42.845,9.843
2026-01-13 17:19:42.861,9.844
2026-01-13 17:19:42.879,9.844
2026-01-13 17:19:42.879,9.846
2026-01-13 17:19:42.896,9.849
2026-01-13 17:19:42.911,9.857
2026-01-13 17:19:42.911,9.856
2026-01-13 17:19:42.929,9.869
2026-01-13 17:19:42.945,9.865
2026-01-13 17:19:42.973,9.868
2026-01-13 17:19:42.974,9.875
2026-01-13 17:19:42.974,9.876
2026-01-13 17:19:42.983,9.877
2026-01-13 17:19:42.995,9.879
2026-01-13 17:19:43.011,9.883
2026-01-13 17:19:43.028,9.889
2026-01-13 17:19:43.043,9.888
2026-01-13 17:19:43.043,9.886
2026-01-13 17:19:43.062,9.888
2026-01-13 17:19:43.078,9.885
2026-01-13 17:19:43.095,9.888
2026-01-13 17:19:43.095,9.886
2026-01-13 17:19:43.111,9.89
2026-01-13 17:19:43.129,9.892
2026-01-13 17:19:43.129,9.892
2026-01-13 17:19:43.143,9.905
2026-01-13 17:19:43.160,9.907
2026-01-13 17:19:43.179,9.906
2026-01-13 17:19:43.179,9.906
2026-01-13 17:19:43.194,9.908
2026-01-13 17:19:43.211,9.907
2026-01-13 17:19:43.211,9.904
2026-01-13 17:19:43.227,9.901
2026-01-13 17:19:43.245,9.899
2026-01-13 17:19:43.246,9.898
2026-01-13 17:19:43.261,9.9
2026-01-13 17:19:43.279,9.903
2026-01-13 17:19:43.294,9.899
2026-01-13 17:19:43.294,9.892
2026-01-13 17:19:43.312,9.891
2026-01-13 17:19:43.330,9.889
2026-01-13 17:19:43.330,9.893
2026-01-13 17:19:43.344,9.898
2026-01-13 17:19:43.362,9.9
2026-01-13 17:19:43.380,9.9
2026-01-13 17:19:43.380,9.904
2026-01-13 17:19:43.393,9.909
2026-01-13 17:19:43.411,9.913
2026-01-13 17:19:43.430,9.91
2026-01-13 17:19:43.430,9.913
2026-01-13 17:19:43.443,9.91
2026-01-13 17:19:43.461,9.917
2026-01-13 17:19:43.477,9.915
2026-01-13 17:19:43.478,9.913
2026-01-13 17:19:43.496,9.91
2026-01-13 17:19:43.512,9.91
2026-01-13 17:19:43.512,9.906
2026-01-13 17:19:43.529,9.918
2026-01-13 17:19:43.544,9.916
2026-01-13 17:19:43.563,9.913
2026-01-13 17:19:43.563,9.912
2026-01-13 17:19:43.579,9.909
2026-01-13 17:19:43.594,9.922
2026-01-13 17:19:43.594,9.922
2026-01-13 17:19:43.611,9.915
2026-01-13 17:19:43.630,9.918
2026-01-13 17:19:43.631,9.911
2026-01-13 17:19:43.644,9.924
2026-01-13 17:19:43.662,9.919
2026-01-13 17:19:43.681,9.913
2026-01-13 17:19:43.694,9.912
2026-01-13 17:19:43.711,9.907
2026-01-13 17:19:43.727,9.905
2026-01-13 17:19:43.727,9.905
2026-01-13 17:19:43.751,9.91
2026-01-13 17:19:43.751,9.906
2026-01-13 17:19:43.761,9.907
2026-01-13 17:19:43.776,9.908
2026-01-13 17:19:43.793,9.904
2026-01-13 17:19:43.810,9.906
2026-01-13 17:19:43.810,9.902
2026-01-13 17:19:43.827,9.906
2026-01-13 17:19:43.843,9.907
2026-01-13 17:19:43.860,9.908
2026-01-13 17:19:43.860,9.906
2026-01-13 17:19:43.878,9.909
2026-01-13 17:19:43.894,9.906
2026-01-13 17:19:43.894,9.907
2026-01-13 17:19:43.910,9.907
2026-01-13 17:19:43.927,9.906
2026-01-13 17:19:43.944,9.906
2026-01-13 17:19:43.944,9.913
2026-01-13 17:19:43.961,9.91
2026-01-13 17:19:43.977,9.907
2026-01-13 17:19:43.977,9.908
2026-01-13 17:19:43.995,9.91
2026-01-13 17:19:44.011,9.912
2026-01-13 17:19:44.028,9.912
2026-01-13 17:19:44.028,9.908
2026-01-13 17:19:44.044,9.913
2026-01-13 17:19:44.060,9.913
2026-01-13 17:19:44.076,9.911
2026-01-13 17:19:44.076,9.91
2026-01-13 17:19:44.094,9.907
2026-01-13 17:19:44.113,9.91
2026-01-13 17:19:44.113,9.907
2026-01-13 17:19:44.129,9.92
2026-01-13 17:19:44.144,9.914
2026-01-13 17:19:44.161,9.909
2026-01-13 17:19:44.161,9.912
2026-01-13 17:19:44.178,9.913
2026-01-13 17:19:44.194,9.905
2026-01-13 17:19:44.195,9.901
2026-01-13 17:19:44.210,9.899
2026-01-13 17:19:44.228,9.901
2026-01-13 17:19:44.229,9.893
2026-01-13 17:19:44.244,9.904
2026-01-13 17:19:44.260,9.893
2026-01-13 17:19:44.278,9.89
2026-01-13 17:19:44.279,9.889
2026-01-13 17:19:44.294,9.883
2026-01-13 17:19:44.316,9.88
2026-01-13 17:19:44.316,9.878
2026-01-13 17:19:44.329,9.868
2026-01-13 17:19:44.345,9.861
2026-01-13 17:19:44.361,9.858
2026-01-13 17:19:44.361,9.855
2026-01-13 17:19:44.378,9.854
2026-01-13 17:19:44.394,9.85
2026-01-13 17:19:44.411,9.849
2026-01-13 17:19:44.411,9.854
2026-01-13 17:19:44.429,9.853
2026-01-13 17:19:44.444,9.844
2026-01-13 17:19:44.462,9.85
2026-01-13 17:19:44.462,9.846
2026-01-13 17:19:44.477,9.844
2026-01-13 17:19:44.493,9.84
2026-01-13 17:19:44.511,9.842
2026-01-13 17:19:44.511,9.847
2026-01-13 17:19:44.528,9.85
2026-01-13 17:19:44.545,9.856
2026-01-13 17:19:44.546,9.857
2026-01-13 17:19:44.560,9.86
2026-01-13 17:19:44.578,9.865
2026-01-13 17:19:44.594,9.868
2026-01-13 17:19:44.594,9.871
2026-01-13 17:19:44.611,9.89
2026-01-13 17:19:44.631,9.892
2026-01-13 17:19:44.631,9.892
2026-01-13 17:19:44.643,9.899
2026-01-13 17:19:44.662,9.894
2026-01-13 17:19:44.677,9.897
2026-01-13 17:19:44.677,9.899
2026-01-13 17:19:44.694,9.897
2026-01-13 17:19:44.711,9.903
2026-01-13 17:19:44.711,9.899
2026-01-13 17:19:44.737,9.913
2026-01-13 17:19:44.737,9.911
2026-01-13 17:19:44.760,9.905
2026-01-13 17:19:44.760,9.898
2026-01-13 17:19:44.778,9.903
2026-01-13 17:19:44.795,9.903
2026-01-13 17:19:44.795,9.906
2026-01-13 17:19:44.811,9.913
2026-01-13 17:19:44.826,9.909
2026-01-13 17:19:44.843,9.911
2026-01-13 17:19:44.844,9.921
2026-01-13 17:19:44.861,9.918
2026-01-13 17:19:44.878,9.919
2026-01-13 17:19:44.878,9.917
2026-01-13 17:19:44.894,9.92
2026-01-13 17:19:44.910,9.914
2026-01-13 17:19:44.928,9.911
2026-01-13 17:19:44.928,9.91
2026-01-13 17:19:44.945,9.91
2026-01-13 17:19:44.961,9.917
2026-01-13 17:19:44.978,9.922
2026-01-13 17:19:44.978,9.917
2026-01-13 17:19:44.994,9.924
2026-01-13 17:19:45.010,9.922
2026-01-13 17:19:45.011,9.922
2026-01-13 17:19:45.030,9.912
2026-01-13 17:19:45.044,9.914
2026-01-13 17:19:45.061,9.92
2026-01-13 17:19:45.061,9.928
2026-01-13 17:19:45.077,9.923
2026-01-13 17:19:45.093,9.93
2026-01-13 17:19:45.111,9.931
2026-01-13 17:19:45.111,9.934
2026-01-13 17:19:45.128,9.937
2026-01-13 17:19:45.145,9.944
2026-01-13 17:19:45.145,9.939
2026-01-13 17:19:45.161,9.934
2026-01-13 17:19:45.178,9.938
2026-01-13 17:19:45.178,9.943
2026-01-13 17:19:45.195,9.945
2026-01-13 17:19:45.211,9.934
2026-01-13 17:19:45.228,9.939
2026-01-13 17:19:45.229,9.946
2026-01-13 17:19:45.244,9.954
2026-01-13 17:19:45.262,9.949
2026-01-13 17:19:45.262,9.945
2026-01-13 17:19:45.277,9.944
2026-01-13 17:19:45.295,9.945
2026-01-13 17:19:45.312,9.954
2026-01-13 17:19:45.312,9.946
2026-01-13 17:19:45.329,9.947
2026-01-13 17:19:45.344,9.948
2026-01-13 17:19:45.361,9.948
2026-01-13 17:19:45.362,9.951
2026-01-13 17:19:45.379,9.946
2026-01-13 17:19:45.394,9.943
2026-01-13 17:19:45.394,9.938
2026-01-13 17:19:45.411,9.941
2026-01-13 17:19:45.427,9.94
2026-01-13 17:19:45.445,9.939
2026-01-13 17:19:45.446,9.934
2026-01-13 17:19:45.461,9.934
2026-01-13 17:19:45.477,9.934
2026-01-13 17:19:45.492,9.932
2026-01-13 17:19:45.492,9.933
2026-01-13 17:19:45.512,9.927
2026-01-13 17:19:45.528,9.924
2026-01-13 17:19:45.528,9.923
2026-01-13 17:19:45.545,9.921
2026-01-13 17:19:45.561,9.927
2026-01-13 17:19:45.577,9.924
2026-01-13 17:19:45.578,9.921
2026-01-13 17:19:45.593,9.916
2026-01-13 17:19:45.611,9.924
2026-01-13 17:19:45.611,9.922
2026-01-13 17:19:45.628,9.916
2026-01-13 17:19:45.644,9.911
2026-01-13 17:19:45.661,9.917
2026-01-13 17:19:45.707,9.923
2026-01-13 17:19:45.707,9.923
2026-01-13 17:19:45.707,9.929
2026-01-13 17:19:45.707,9.927
2026-01-13 17:19:45.707,9.933
2026-01-13 17:19:45.736,9.938
2026-01-13 17:19:45.736,9.937
2026-01-13 17:19:45.745,9.929
2026-01-13 17:19:45.760,9.932
2026-01-13 17:19:45.777,9.934
2026-01-13 17:19:45.793,9.93
2026-01-13 17:19:45.794,9.934
2026-01-13 17:19:45.811,9.942
2026-01-13 17:19:45.828,9.936
2026-01-13 17:19:45.828,9.933
2026-01-13 17:19:45.843,9.934
2026-01-13 17:19:45.860,9.937
2026-01-13 17:19:45.876,9.942
2026-01-13 17:19:45.876,9.938
2026-01-13 17:19:45.893,9.937
2026-01-13 17:19:45.910,9.938
2026-01-13 17:19:45.910,9.94
2026-01-13 17:19:45.926,9.948
2026-01-13 17:19:45.943,9.947
2026-01-13 17:19:45.959,9.948
2026-01-13 17:19:45.960,9.944
2026-01-13 17:19:45.976,9.941
2026-01-13 17:19:45.995,9.939
2026-01-13 17:19:45.995,9.938
2026-01-13 17:19:46.009,9.941
2026-01-13 17:19:46.026,9.94
2026-01-13 17:19:46.043,9.938
2026-01-13 17:19:46.043,9.946
2026-01-13 17:19:46.060,9.946
2026-01-13 17:19:46.077,9.946
2026-01-13 17:19:46.092,9.953
2026-01-13 17:19:46.093,9.949
2026-01-13 17:19:46.110,9.943
2026-01-13 17:19:46.127,9.941
2026-01-13 17:19:46.127,9.936
2026-01-13 17:19:46.143,9.936
2026-01-13 17:19:46.159,9.928
2026-01-13 17:19:46.176,9.932
2026-01-13 17:19:46.176,9.93
2026-01-13 17:19:46.192,9.923
2026-01-13 17:19:46.212,9.925
2026-01-13 17:19:46.213,9.924
2026-01-13 17:19:46.228,9.923
2026-01-13 17:19:46.244,9.926
2026-01-13 17:19:46.261,9.927
2026-01-13 17:19:46.261,9.927
2026-01-13 17:19:46.276,9.932
2026-01-13 17:19:46.295,9.934
2026-01-13 17:19:46.295,9.932
2026-01-13 17:19:46.311,9.93
2026-01-13 17:19:46.333,9.924
2026-01-13 17:19:46.333,9.925
2026-01-13 17:19:46.343,9.934
2026-01-13 17:19:46.360,9.93
2026-01-13 17:19:46.377,9.933
2026-01-13 17:19:46.377,9.936
2026-01-13 17:19:46.394,9.927
2026-01-13 17:19:46.411,9.937
2026-01-13 17:19:46.431,9.939
2026-01-13 17:19:46.443,9.929
2026-01-13 17:19:46.460,9.93
2026-01-13 17:19:46.477,9.929
2026-01-13 17:19:46.477,9.925
2026-01-13 17:19:46.493,9.928
2026-01-13 17:19:46.511,9.924
2026-01-13 17:19:46.511,9.921
2026-01-13 17:19:46.531,9.921
2026-01-13 17:19:46.544,9.913
2026-01-13 17:19:46.560,9.914
2026-01-13 17:19:46.560,9.91
2026-01-13 17:19:46.577,9.914
2026-01-13 17:19:46.594,9.914
2026-01-13 17:19:46.594,9.913
2026-01-13 17:19:46.611,9.91
2026-01-13 17:19:46.629,9.907
2026-01-13 17:19:46.644,9.908
2026-01-13 17:19:46.644,9.9
2026-01-13 17:19:46.661,9.901
2026-01-13 17:19:46.675,9.899
2026-01-13 17:19:46.692,9.902
2026-01-13 17:19:46.693,9.896
2026-01-13 17:19:46.710,9.895
2026-01-13 17:19:46.733,9.897
2026-01-13 17:19:46.733,9.9
2026-01-13 17:19:46.743,9.913
2026-01-13 17:19:46.761,9.912
2026-01-13 17:19:46.777,9.912
2026-01-13 17:19:46.777,9.918
2026-01-13 17:19:46.792,9.919
2026-01-13 17:19:46.811,9.923
2026-01-13 17:19:46.811,9.922
2026-01-13 17:19:46.830,9.934
2026-01-13 17:19:46.845,9.934
2026-01-13 17:19:46.860,9.938
2026-01-13 17:19:46.860,9.944
2026-01-13 17:19:46.877,9.947
2026-01-13 17:19:46.894,9.95
2026-01-13 17:19:46.894,9.944
2026-01-13 17:19:46.912,9.934
2026-01-13 17:19:46.928,9.938
2026-01-13 17:19:46.944,9.927
2026-01-13 17:19:46.945,9.933
2026-01-13 17:19:46.960,9.925
2026-01-13 17:19:46.978,9.92
2026-01-13 17:19:46.978,9.92
2026-01-13 17:19:46.994,9.918
2026-01-13 17:19:47.011,9.919
2026-01-13 17:19:47.053,9.914
2026-01-13 17:19:47.053,9.919
2026-01-13 17:19:47.054,9.922
2026-01-13 17:19:47.054,9.932
2026-01-13 17:19:47.062,9.936
2026-01-13 17:19:47.076,9.931
2026-01-13 17:19:47.094,9.927
2026-01-13 17:19:47.111,9.929
2026-01-13 17:19:47.111,9.93
2026-01-13 17:19:47.128,9.932
2026-01-13 17:19:47.144,9.937
2026-01-13 17:19:47.159,9.933
2026-01-13 17:19:47.159,9.932
2026-01-13 17:19:47.178,9.936
2026-01-13 17:19:47.194,9.938
2026-01-13 17:19:47.194,9.934
2026-01-13 17:19:47.210,9.931
2026-01-13 17:19:47.227,9.929
2026-01-13 17:19:47.245,9.926
2026-01-13 17:19:47.246,9.928
2026-01-13 17:19:47.260,9.93
2026-01-13 17:19:47.277,9.933
2026-01-13 17:19:47.293,9.933
2026-01-13 17:19:47.293,9.935
2026-01-13 17:19:47.310,9.94
2026-01-13 17:19:47.328,9.944
2026-01-13 17:19:47.329,9.945
2026-01-13 17:19:47.344,9.938
2026-01-13 17:19:47.360,9.925
2026-01-13 17:19:47.377,9.924
2026-01-13 17:19:47.378,9.927
2026-01-13 17:19:47.395,9.922
2026-01-13 17:19:47.410,9.923
2026-01-13 17:19:47.411,9.918
2026-01-13 17:19:47.428,9.913
2026-01-13 17:19:47.444,9.905
2026-01-13 17:19:47.461,9.905
2026-01-13 17:19:47.479,9.905
2026-01-13 17:19:47.494,9.897
2026-01-13 17:19:47.495,9.894
2026-01-13 17:19:47.509,9.897
2026-01-13 17:19:47.527,9.894
2026-01-13 17:19:47.545,9.898
2026-01-13 17:19:47.545,9.911
2026-01-13 17:19:47.562,9.911
2026-01-13 17:19:47.578,9.915
2026-01-13 17:19:47.578,9.922
2026-01-13 17:19:47.594,9.929
2026-01-13 17:19:47.610,9.93
2026-01-13 17:19:47.631,9.926
2026-01-13 17:19:47.631,9.926
2026-01-13 17:19:47.644,9.932
2026-01-13 17:19:47.660,9.925
2026-01-13 17:19:47.677,9.914
2026-01-13 17:19:47.678,9.91
2026-01-13 17:19:47.694,9.909
2026-01-13 17:19:47.711,9.913
2026-01-13 17:19:47.712,9.911
2026-01-13 17:19:47.735,9.911
2026-01-13 17:19:47.735,9.915
2026-01-13 17:19:47.760,9.914
2026-01-13 17:19:47.760,9.917
2026-01-13 17:19:47.776,9.916
2026-01-13 17:19:47.794,9.912
2026-01-13 17:19:47.812,9.905
2026-01-13 17:19:47.812,9.9
2026-01-13 17:19:47.827,9.894
2026-01-13 17:19:47.844,9.896
2026-01-13 17:19:47.845,9.894
2026-01-13 17:19:47.860,9.892
2026-01-13 17:19:47.877,9.895
2026-01-13 17:19:47.895,9.891
2026-01-13 17:19:47.895,9.887
2026-01-13 17:19:47.911,9.887
2026-01-13 17:19:47.928,9.884
2026-01-13 17:19:47.928,9.883
2026-01-13 17:19:47.944,9.883
2026-01-13 17:19:47.960,9.881
2026-01-13 17:19:47.979,9.88
2026-01-13 17:19:47.979,9.877
2026-01-13 17:19:48.010,9.875
2026-01-13 17:19:48.010,9.87
2026-01-13 17:19:48.028,9.874
2026-01-13 17:19:48.043,9.882
2026-01-13 17:19:48.060,9.886
2026-01-13 17:19:48.061,9.894
2026-01-13 17:19:48.077,9.899
2026-01-13 17:19:48.094,9.909
2026-01-13 17:19:48.095,9.914
2026-01-13 17:19:48.110,9.915
2026-01-13 17:19:48.127,9.924
2026-01-13 17:19:48.145,9.929
2026-01-13 17:19:48.145,9.939
2026-01-13 17:19:48.159,9.945
2026-01-13 17:19:48.177,9.943
2026-01-13 17:19:48.178,9.942
2026-01-13 17:19:48.193,9.941
2026-01-13 17:19:48.209,9.942
2026-01-13 17:19:48.227,9.941
2026-01-13 17:19:48.227,9.939
2026-01-13 17:19:48.245,9.93
2026-01-13 17:19:48.260,9.927
2026-01-13 17:19:48.275,9.922
2026-01-13 17:19:48.276,9.928
2026-01-13 17:19:48.293,9.93
2026-01-13 17:19:48.309,9.936
2026-01-13 17:19:48.325,9.934
2026-01-13 17:19:48.325,9.926
2026-01-13 17:19:48.342,9.922
2026-01-13 17:19:48.360,9.926
2026-01-13 17:19:48.360,9.924
2026-01-13 17:19:48.376,9.924
2026-01-13 17:19:48.417,9.918
2026-01-13 17:19:48.418,9.913
2026-01-13 17:19:48.418,9.911
2026-01-13 17:19:48.418,9.908
2026-01-13 17:19:48.442,9.901
2026-01-13 17:19:48.442,9.906
2026-01-13 17:19:48.461,9.9
2026-01-13 17:19:48.477,9.9
2026-01-13 17:19:48.496,9.9
2026-01-13 17:19:48.497,9.898
2026-01-13 17:19:48.509,9.9
2026-01-13 17:19:48.527,9.898
2026-01-13 17:19:48.528,9.897
2026-01-13 17:19:48.543,9.903
2026-01-13 17:19:48.560,9.906
2026-01-13 17:19:48.578,9.908
2026-01-13 17:19:48.578,9.917
2026-01-13 17:19:48.593,9.92
2026-01-13 17:19:48.610,9.915
2026-01-13 17:19:48.610,9.915
2026-01-13 17:19:48.627,9.929
2026-01-13 17:19:48.645,9.936
2026-01-13 17:19:48.660,9.936
2026-01-13 17:19:48.661,9.934
2026-01-13 17:19:48.678,9.937
2026-01-13 17:19:48.696,9.945
2026-01-13 17:19:48.697,9.947
2026-01-13 17:19:48.710,9.949
2026-01-13 17:19:48.734,9.942
2026-01-13 17:19:48.734,9.934
2026-01-13 17:19:48.742,9.94
2026-01-13 17:19:48.759,9.933
2026-01-13 17:19:48.776,9.934
2026-01-13 17:19:48.791,9.935
2026-01-13 17:19:48.792,9.931
2026-01-13 17:19:48.811,9.94
2026-01-13 17:19:48.829,9.934
2026-01-13 17:19:48.829,9.929
2026-01-13 17:19:48.844,9.923
2026-01-13 17:19:48.860,9.923
2026-01-13 17:19:48.878,9.917
2026-01-13 17:19:48.878,9.919
2026-01-13 17:19:48.893,9.922
2026-01-13 17:19:48.909,9.927
2026-01-13 17:19:48.928,9.924
2026-01-13 17:19:48.928,9.928
2026-01-13 17:19:48.942,9.93
2026-01-13 17:19:48.960,9.922
2026-01-13 17:19:48.961,9.924
2026-01-13 17:19:48.978,9.918
2026-01-13 17:19:48.994,9.915
2026-01-13 17:19:48.994,9.907
2026-01-13 17:19:49.010,9.904
2026-01-13 17:19:49.027,9.908
2026-01-13 17:19:49.043,9.905
2026-01-13 17:19:49.043,9.902
2026-01-13 17:19:49.059,9.905
2026-01-13 17:19:49.075,9.903
2026-01-13 17:19:49.093,9.906
2026-01-13 17:19:49.093,9.906
2026-01-13 17:19:49.112,9.914
2026-01-13 17:19:49.126,9.918
2026-01-13 17:19:49.128,9.922
2026-01-13 17:19:49.143,9.913
2026-01-13 17:19:49.159,9.908
2026-01-13 17:19:49.176,9.912
2026-01-13 17:19:49.176,9.915
2026-01-13 17:19:49.194,9.915
2026-01-13 17:19:49.210,9.92
2026-01-13 17:19:49.226,9.916
2026-01-13 17:19:49.227,9.93
2026-01-13 17:19:49.243,9.93
2026-01-13 17:19:49.260,9.927
2026-01-13 17:19:49.260,9.928
2026-01-13 17:19:49.278,9.929
2026-01-13 17:19:49.294,9.939
2026-01-13 17:19:49.295,9.938
2026-01-13 17:19:49.311,9.938
2026-01-13 17:19:49.326,9.937
2026-01-13 17:19:49.343,9.927
2026-01-13 17:19:49.344,9.934
2026-01-13 17:19:49.360,9.936
2026-01-13 17:19:49.377,9.935
2026-01-13 17:19:49.393,9.93
2026-01-13 17:19:49.393,9.924
2026-01-13 17:19:49.413,9.919
2026-01-13 17:19:49.427,9.921
2026-01-13 17:19:49.427,9.922
2026-01-13 17:19:49.444,9.919
2026-01-13 17:19:49.461,9.917
2026-01-13 17:19:49.476,9.915
2026-01-13 17:19:49.477,9.914
2026-01-13 17:19:49.493,9.915
2026-01-13 17:19:49.511,9.919
2026-01-13 17:19:49.511,9.924
2026-01-13 17:19:49.529,9.918
2026-01-13 17:19:49.543,9.915
2026-01-13 17:19:49.561,9.919
2026-01-13 17:19:49.561,9.915
2026-01-13 17:19:49.578,9.919
2026-01-13 17:19:49.593,9.919
2026-01-13 17:19:49.610,9.921
2026-01-13 17:19:49.611,9.915
2026-01-13 17:19:49.631,9.908
2026-01-13 17:19:49.631,9.901
2026-01-13 17:19:49.643,9.903
2026-01-13 17:19:49.660,9.906
2026-01-13 17:19:49.678,9.908
2026-01-13 17:19:49.692,9.913
2026-01-13 17:19:49.693,9.914
2026-01-13 17:19:49.710,9.915
2026-01-13 17:19:49.733,9.916
2026-01-13 17:19:49.735,9.902
2026-01-13 17:19:49.743,9.902
2026-01-13 17:19:49.780,9.899
2026-01-13 17:19:49.780,9.91
2026-01-13 17:19:49.780,9.904
2026-01-13 17:19:49.787,9.894
2026-01-13 17:19:49.809,9.884
2026-01-13 17:19:49.827,9.874
2026-01-13 17:19:49.827,9.889
2026-01-13 17:19:49.843,9.889
2026-01-13 17:19:49.863,9.89
2026-01-13 17:19:49.863,9.883
2026-01-13 17:19:49.879,9.872
2026-01-13 17:19:49.893,9.886
2026-01-13 17:19:49.893,9.887
2026-01-13 17:19:49.909,9.884
2026-01-13 17:19:49.927,9.884
2026-01-13 17:19:49.944,9.891
2026-01-13 17:19:49.944,9.89
2026-01-13 17:19:49.961,9.888
2026-01-13 17:19:49.978,9.881
2026-01-13 17:19:49.994,9.882
2026-01-13 17:19:49.994,9.883
2026-01-13 17:19:50.011,9.888
2026-01-13 17:19:50.027,9.877
2026-01-13 17:19:50.028,9.876
2026-01-13 17:19:50.042,9.873
2026-01-13 17:19:50.062,9.876
2026-01-13 17:19:50.063,9.881
2026-01-13 17:19:50.078,9.883
2026-01-13 17:19:50.094,9.892
2026-01-13 17:19:50.110,9.901
2026-01-13 17:19:50.110,9.904
2026-01-13 17:19:50.127,9.907
2026-01-13 17:19:50.143,9.91
2026-01-13 17:19:50.162,9.914
2026-01-13 17:19:50.162,9.915
2026-01-13 17:19:50.177,9.909
2026-01-13 17:19:50.195,9.909
2026-01-13 17:19:50.195,9.909
2026-01-13 17:19:50.209,9.907
2026-01-13 17:19:50.226,9.906
2026-01-13 17:19:50.243,9.908
2026-01-13 17:19:50.243,9.911
2026-01-13 17:19:50.259,9.915
2026-01-13 17:19:50.276,9.916
2026-01-13 17:19:50.292,9.915
2026-01-13 17:19:50.292,9.918
2026-01-13 17:19:50.309,9.93
2026-01-13 17:19:50.324,9.933
2026-01-13 17:19:50.343,9.936
2026-01-13 17:19:50.343,9.94
2026-01-13 17:19:50.361,9.936
2026-01-13 17:19:50.377,9.946
2026-01-13 17:19:50.377,9.949
2026-01-13 17:19:50.394,9.953
2026-01-13 17:19:50.410,9.953
2026-01-13 17:19:50.410,9.944
2026-01-13 17:19:50.425,9.954
2026-01-13 17:19:50.443,9.954
2026-01-13 17:19:50.459,9.952
2026-01-13 17:19:50.460,9.945
2026-01-13 17:19:50.476,9.938
2026-01-13 17:19:50.492,9.943
2026-01-13 17:19:50.510,9.939
2026-01-13 17:19:50.510,9.945
2026-01-13 17:19:50.526,9.94
2026-01-13 17:19:50.543,9.939
2026-01-13 17:19:50.543,9.942
2026-01-13 17:19:50.561,9.937
2026-01-13 17:19:50.577,9.932
2026-01-13 17:19:50.593,9.936
2026-01-13 17:19:50.593,9.928
2026-01-13 17:19:50.610,9.928
2026-01-13 17:19:50.626,9.93
2026-01-13 17:19:50.626,9.929
2026-01-13 17:19:50.641,9.931
2026-01-13 17:19:50.659,9.941
2026-01-13 17:19:50.677,9.936
2026-01-13 17:19:50.677,9.937
2026-01-13 17:19:50.693,9.941
2026-01-13 17:19:50.711,9.947
2026-01-13 17:19:50.711,9.948
2026-01-13 17:19:50.733,9.946
2026-01-13 17:19:50.742,9.94
2026-01-13 17:19:50.760,9.944
2026-01-13 17:19:50.760,9.946
2026-01-13 17:19:50.776,9.945
2026-01-13 17:19:50.793,9.945
2026-01-13 17:19:50.793,9.945
2026-01-13 17:19:50.810,9.945
2026-01-13 17:19:50.826,9.945
2026-01-13 17:19:50.844,9.942
2026-01-13 17:19:50.845,9.943
2026-01-13 17:19:50.860,9.942
2026-01-13 17:19:50.879,9.944
2026-01-13 17:19:50.879,9.946
2026-01-13 17:19:50.892,9.95
2026-01-13 17:19:50.910,9.957
2026-01-13 17:19:50.927,9.959
2026-01-13 17:19:50.927,9.96
2026-01-13 17:19:50.942,9.955
2026-01-13 17:19:50.960,9.954
2026-01-13 17:19:50.978,9.96
2026-01-13 17:19:50.978,9.961
2026-01-13 17:19:50.994,9.957
2026-01-13 17:19:51.009,9.955
2026-01-13 17:19:51.025,9.958
2026-01-13 17:19:51.026,9.96
2026-01-13 17:19:51.045,9.959
2026-01-13 17:19:51.046,9.954
2026-01-13 17:19:51.060,9.953
2026-01-13 17:19:51.076,9.949
2026-01-13 17:19:51.094,9.948
2026-01-13 17:19:51.095,9.942
2026-01-13 17:19:51.109,9.937
2026-01-13 17:19:51.125,9.935
2026-01-13 17:19:51.154,9.941
2026-01-13 17:19:51.154,9.948
2026-01-13 17:19:51.154,9.948
2026-01-13 17:19:51.174,9.943
2026-01-13 17:19:51.194,9.936
2026-01-13 17:19:51.195,9.936
2026-01-13 17:19:51.210,9.937
2026-01-13 17:19:51.225,9.941
2026-01-13 17:19:51.244,9.943
2026-01-13 17:19:51.244,9.943
2026-01-13 17:19:51.259,9.945
2026-01-13 17:19:51.279,9.945
2026-01-13 17:19:51.279,9.944
2026-01-13 17:19:51.293,9.945
2026-01-13 17:19:51.310,9.946
2026-01-13 17:19:51.311,9.949
2026-01-13 17:19:51.326,9.946
2026-01-13 17:19:51.344,9.945
2026-01-13 17:19:51.359,9.949
2026-01-13 17:19:51.359,9.951
2026-01-13 17:19:51.376,9.953
2026-01-13 17:19:51.393,9.961
2026-01-13 17:19:51.410,9.957
2026-01-13 17:19:51.410,9.956
2026-01-13 17:19:51.426,9.953
2026-01-13 17:19:51.444,9.953
2026-01-13 17:19:51.444,9.957
2026-01-13 17:19:51.459,9.956
2026-01-13 17:19:51.477,9.951
2026-01-13 17:19:51.495,9.948
2026-01-13 17:19:51.495,9.948
2026-01-13 17:19:51.510,9.959
2026-01-13 17:19:51.526,9.958
2026-01-13 17:19:51.526,9.954
2026-01-13 17:19:51.544,9.95
2026-01-13 17:19:51.560,9.944
2026-01-13 17:19:51.576,9.946
2026-01-13 17:19:51.577,9.942
2026-01-13 17:19:51.595,9.938
2026-01-13 17:19:51.610,9.933
2026-01-13 17:19:51.627,9.922
2026-01-13 17:19:51.627,9.914
2026-01-13 17:19:51.645,9.908
2026-01-13 17:19:51.660,9.904
2026-01-13 17:19:51.660,9.902
2026-01-13 17:19:51.676,9.904
2026-01-13 17:19:51.693,9.903
2026-01-13 17:19:51.694,9.902
2026-01-13 17:19:51.710,9.896
2026-01-13 17:19:51.726,9.893
2026-01-13 17:19:51.750,9.889
2026-01-13 17:19:51.751,9.885
2026-01-13 17:19:51.759,9.89
2026-01-13 17:19:51.775,9.889
2026-01-13 17:19:51.793,9.888
2026-01-13 17:19:51.793,9.887
2026-01-13 17:19:51.810,9.888
2026-01-13 17:19:51.827,9.895
2026-01-13 17:19:51.827,9.904
2026-01-13 17:19:51.843,9.906
2026-01-13 17:19:51.861,9.907
2026-01-13 17:19:51.876,9.907
2026-01-13 17:19:51.876,9.902
2026-01-13 17:19:51.894,9.901
2026-01-13 17:19:51.909,9.899
2026-01-13 17:19:51.910,9.903
2026-01-13 17:19:51.925,9.896
2026-01-13 17:19:51.943,9.893
2026-01-13 17:19:51.959,9.892
2026-01-13 17:19:51.959,9.894
2026-01-13 17:19:51.975,9.9
2026-01-13 17:19:51.992,9.916
2026-01-13 17:19:52.011,9.914
2026-01-13 17:19:52.012,9.909
2026-01-13 17:19:52.027,9.914
2026-01-13 17:19:52.043,9.905
2026-01-13 17:19:52.043,9.906
2026-01-13 17:19:52.060,9.907
2026-01-13 17:19:52.077,9.91
2026-01-13 17:19:52.093,9.912
2026-01-13 17:19:52.094,9.913
2026-01-13 17:19:52.109,9.917
2026-01-13 17:19:52.126,9.916
2026-01-13 17:19:52.126,9.912
2026-01-13 17:19:52.144,9.914
2026-01-13 17:19:52.160,9.907
2026-01-13 17:19:52.176,9.91
2026-01-13 17:19:52.177,9.91
2026-01-13 17:19:52.194,9.917
2026-01-13 17:19:52.208,9.919
2026-01-13 17:19:52.226,9.914
2026-01-13 17:19:52.226,9.912
2026-01-13 17:19:52.243,9.914
2026-01-13 17:19:52.260,9.918
2026-01-13 17:19:52.260,9.912
2026-01-13 17:19:52.277,9.915
2026-01-13 17:19:52.294,9.918
2026-01-13 17:19:52.295,9.911
2026-01-13 17:19:52.310,9.912
2026-01-13 17:19:52.325,9.914
2026-01-13 17:19:52.344,9.917
2026-01-13 17:19:52.345,9.921
2026-01-13 17:19:52.359,9.924
2026-01-13 17:19:52.377,9.925
2026-01-13 17:19:52.393,9.928
2026-01-13 17:19:52.393,9.928
2026-01-13 17:19:52.409,9.932
2026-01-13 17:19:52.426,9.931
2026-01-13 17:19:52.426,9.932
2026-01-13 17:19:52.444,9.932
2026-01-13 17:19:52.459,9.933
2026-01-13 17:19:52.476,9.933
2026-01-13 17:19:52.476,9.933
2026-01-13 17:19:52.515,9.93
2026-01-13 17:19:52.516,9.936
2026-01-13 17:19:52.516,9.932
2026-01-13 17:19:52.524,9.929
2026-01-13 17:19:52.542,9.932
2026-01-13 17:19:52.560,9.935
2026-01-13 17:19:52.577,9.932
2026-01-13 17:19:52.593,9.933
2026-01-13 17:19:52.609,9.933
2026-01-13 17:19:52.610,9.934
2026-01-13 17:19:52.627,9.936
2026-01-13 17:19:52.642,9.937
2026-01-13 17:19:52.643,9.941
2026-01-13 17:19:52.659,9.94
2026-01-13 17:19:52.674,9.945
2026-01-13 17:19:52.691,9.944
2026-01-13 17:19:52.692,9.942
2026-01-13 17:19:52.709,9.944
2026-01-13 17:19:52.732,9.944
2026-01-13 17:19:52.732,9.946
2026-01-13 17:19:52.742,9.948
2026-01-13 17:19:52.759,9.943
2026-01-13 17:19:52.775,9.947
2026-01-13 17:19:52.775,9.944
2026-01-13 17:19:52.791,9.944
2026-01-13 17:19:52.809,9.946
2026-01-13 17:19:52.810,9.943
2026-01-13 17:19:52.825,9.94
2026-01-13 17:19:52.841,9.946
2026-01-13 17:19:52.859,9.946
2026-01-13 17:19:52.859,9.943
2026-01-13 17:19:52.875,9.939
2026-01-13 17:19:52.891,9.937
2026-01-13 17:19:52.907,9.934
2026-01-13 17:19:52.908,9.932
2026-01-13 17:19:52.926,9.933
2026-01-13 17:19:52.943,9.936
2026-01-13 17:19:52.943,9.935
2026-01-13 17:19:52.959,9.934
2026-01-13 17:19:52.976,9.94
2026-01-13 17:19:52.992,9.938
2026-01-13 17:19:52.993,9.94
2026-01-13 17:19:53.009,9.947
2026-01-13 17:19:53.026,9.945
2026-01-13 17:19:53.027,9.945
2026-01-13 17:19:53.043,9.941
2026-01-13 17:19:53.060,9.936
2026-01-13 17:19:53.076,9.933
2026-01-13 17:19:53.077,9.93
2026-01-13 17:19:53.093,9.931
2026-01-13 17:19:53.109,9.929
2026-01-13 17:19:53.110,9.927
2026-01-13 17:19:53.128,9.93
2026-01-13 17:19:53.142,9.93
2026-01-13 17:19:53.159,9.929
2026-01-13 17:19:53.159,9.927
2026-01-13 17:19:53.178,9.927
2026-01-13 17:19:53.192,9.925
2026-01-13 17:19:53.208,9.931
2026-01-13 17:19:53.225,9.935
2026-01-13 17:19:53.242,9.932
2026-01-13 17:19:53.243,9.933
2026-01-13 17:19:53.259,9.936
2026-01-13 17:19:53.277,9.933
2026-01-13 17:19:53.293,9.936
2026-01-13 17:19:53.293,9.932
2026-01-13 17:19:53.309,9.937
2026-01-13 17:19:53.327,9.936
2026-01-13 17:19:53.328,9.928
2026-01-13 17:19:53.343,9.927
2026-01-13 17:19:53.359,9.926
2026-01-13 17:19:53.377,9.929
2026-01-13 17:19:53.377,9.924
2026-01-13 17:19:53.395,9.919
2026-01-13 17:19:53.408,9.916
2026-01-13 17:19:53.425,9.911
2026-01-13 17:19:53.425,9.909
2026-01-13 17:19:53.441,9.906
2026-01-13 17:19:53.461,9.905
2026-01-13 17:19:53.461,9.901
2026-01-13 17:19:53.476,9.898
2026-01-13 17:19:53.493,9.895
2026-01-13 17:19:53.509,9.896
2026-01-13 17:19:53.510,9.902
2026-01-13 17:19:53.526,9.903
2026-01-13 17:19:53.543,9.898
2026-01-13 17:19:53.543,9.9
2026-01-13 17:19:53.559,9.896
2026-01-13 17:19:53.576,9.899
2026-01-13 17:19:53.593,9.9
2026-01-13 17:19:53.593,9.9
2026-01-13 17:19:53.609,9.896
2026-01-13 17:19:53.625,9.898
2026-01-13 17:19:53.626,9.897
2026-01-13 17:19:53.644,9.896
2026-01-13 17:19:53.659,9.906
2026-01-13 17:19:53.676,9.906
2026-01-13 17:19:53.676,9.902
2026-01-13 17:19:53.691,9.897
2026-01-13 17:19:53.709,9.897
2026-01-13 17:19:53.730,9.895
2026-01-13 17:19:53.730,9.891
2026-01-13 17:19:53.742,9.889
2026-01-13 17:19:53.759,9.889
2026-01-13 17:19:53.759,9.899
2026-01-13 17:19:53.775,9.9
2026-01-13 17:19:53.791,9.9
2026-01-13 17:19:53.812,9.899
2026-01-13 17:19:53.812,9.897
2026-01-13 17:19:53.826,9.904
2026-01-13 17:19:53.843,9.899
2026-01-13 17:19:53.843,9.897
2026-01-13 17:19:53.890,9.9
2026-01-13 17:19:53.891,9.89
2026-01-13 17:19:53.892,9.891
2026-01-13 17:19:53.892,9.894
2026-01-13 17:19:53.909,9.896
2026-01-13 17:19:53.927,9.89
2026-01-13 17:19:53.927,9.891
2026-01-13 17:19:53.943,9.898
2026-01-13 17:19:53.960,9.894
2026-01-13 17:19:53.977,9.889
2026-01-13 17:19:53.977,9.891
2026-01-13 17:19:53.992,9.887
2026-01-13 17:19:54.011,9.888
2026-01-13 17:19:54.012,9.892
2026-01-13 17:19:54.026,9.895
2026-01-13 17:19:54.043,9.898
2026-01-13 17:19:54.059,9.904
2026-01-13 17:19:54.059,9.912
2026-01-13 17:19:54.075,9.909
2026-01-13 17:19:54.094,9.91
2026-01-13 17:19:54.094,9.906
2026-01-13 17:19:54.109,9.905
2026-01-13 17:19:54.126,9.906
2026-01-13 17:19:54.142,9.901
2026-01-13 17:19:54.142,9.9
2026-01-13 17:19:54.160,9.901
2026-01-13 17:19:54.176,9.908
2026-01-13 17:19:54.193,9.912
2026-01-13 17:19:54.193,9.909
2026-01-13 17:19:54.209,9.917
2026-01-13 17:19:54.226,9.92
2026-01-13 17:19:54.226,9.918
2026-01-13 17:19:54.242,9.92
2026-01-13 17:19:54.262,9.918
2026-01-13 17:19:54.262,9.914
2026-01-13 17:19:54.277,9.916
2026-01-13 17:19:54.293,9.917
2026-01-13 17:19:54.309,9.923
2026-01-13 17:19:54.310,9.921
2026-01-13 17:19:54.329,9.923
2026-01-13 17:19:54.342,9.931
2026-01-13 17:19:54.359,9.934
2026-01-13 17:19:54.360,9.938
2026-01-13 17:19:54.376,9.936
2026-01-13 17:19:54.393,9.942
2026-01-13 17:19:54.409,9.948
2026-01-13 17:19:54.409,9.951
2026-01-13 17:19:54.428,9.951
2026-01-13 17:19:54.443,9.946
2026-01-13 17:19:54.443,9.942
2026-01-13 17:19:54.460,9.934
2026-01-13 17:19:54.477,9.935
2026-01-13 17:19:54.492,9.934
2026-01-13 17:19:54.493,9.931
2026-01-13 17:19:54.509,9.928
2026-01-13 17:19:54.527,9.93
2026-01-13 17:19:54.527,9.937
2026-01-13 17:19:54.543,9.935
2026-01-13 17:19:54.560,9.934
2026-01-13 17:19:54.577,9.934
2026-01-13 17:19:54.577,9.933
2026-01-13 17:19:54.593,9.931
2026-01-13 17:19:54.609,9.928
2026-01-13 17:19:54.610,9.937
2026-01-13 17:19:54.626,9.941
2026-01-13 17:19:54.643,9.943
2026-01-13 17:19:54.659,9.937
2026-01-13 17:19:54.660,9.937
2026-01-13 17:19:54.677,9.932
2026-01-13 17:19:54.693,9.928
2026-01-13 17:19:54.693,9.929
2026-01-13 17:19:54.716,9.931
2026-01-13 17:19:54.734,9.932
2026-01-13 17:19:54.734,9.928
2026-01-13 17:19:54.759,9.929
2026-01-13 17:19:54.759,9.929
2026-01-13 17:19:54.776,9.936
2026-01-13 17:19:54.792,9.938
2026-01-13 17:19:54.792,9.939
2026-01-13 17:19:54.809,9.939
2026-01-13 17:19:54.827,9.933
2026-01-13 17:19:54.828,9.937
2026-01-13 17:19:54.843,9.943
2026-01-13 17:19:54.859,9.941
2026-01-13 17:19:54.878,9.941
2026-01-13 17:19:54.878,9.939
2026-01-13 17:19:54.892,9.938
2026-01-13 17:19:54.908,9.941
2026-01-13 17:19:54.926,9.942
2026-01-13 17:19:54.926,9.939
2026-01-13 17:19:54.941,9.94
2026-01-13 17:19:54.958,9.944
2026-01-13 17:19:54.959,9.953
2026-01-13 17:19:54.974,9.945
2026-01-13 17:19:54.992,9.94
2026-01-13 17:19:55.008,9.939
2026-01-13 17:19:55.008,9.939
2026-01-13 17:19:55.025,9.944
2026-01-13 17:19:55.042,9.938
2026-01-13 17:19:55.042,9.936
2026-01-13 17:19:55.059,9.936
2026-01-13 17:19:55.077,9.936
2026-01-13 17:19:55.092,9.941
2026-01-13 17:19:55.092,9.935
2026-01-13 17:19:55.107,9.934
2026-01-13 17:19:55.124,9.931
2026-01-13 17:19:55.142,9.926
2026-01-13 17:19:55.142,9.924
2026-01-13 17:19:55.158,9.922
2026-01-13 17:19:55.177,9.927
2026-01-13 17:19:55.177,9.921
2026-01-13 17:19:55.192,9.916
2026-01-13 17:19:55.209,9.914
2026-01-13 17:19:55.236,9.916
2026-01-13 17:19:55.236,9.912
2026-01-13 17:19:55.236,9.909
2026-01-13 17:19:55.260,9.912
2026-01-13 17:19:55.260,9.91
2026-01-13 17:19:55.275,9.91
2026-01-13 17:19:55.291,9.907
2026-01-13 17:19:55.309,9.907
2026-01-13 17:19:55.310,9.902
2026-01-13 17:19:55.326,9.893
2026-01-13 17:19:55.343,9.892
2026-01-13 17:19:55.343,9.891
2026-01-13 17:19:55.359,9.887
2026-01-13 17:19:55.374,9.887
2026-01-13 17:19:55.392,9.886
2026-01-13 17:19:55.392,9.883
2026-01-13 17:19:55.410,9.879
2026-01-13 17:19:55.426,9.875
2026-01-13 17:19:55.427,9.87
2026-01-13 17:19:55.443,9.869
2026-01-13 17:19:55.459,9.876
2026-01-13 17:19:55.479,9.877
2026-01-13 17:19:55.479,9.88
2026-01-13 17:19:55.491,9.876
2026-01-13 17:19:55.508,9.883
2026-01-13 17:19:55.524,9.887
2026-01-13 17:19:55.525,9.88
2026-01-13 17:19:55.543,9.882
2026-01-13 17:19:55.559,9.886
2026-01-13 17:19:55.559,9.88
2026-01-13 17:19:55.577,9.879
2026-01-13 17:19:55.593,9.879
2026-01-13 17:19:55.608,9.877
2026-01-13 17:19:55.608,9.884
2026-01-13 17:19:55.627,9.887
2026-01-13 17:19:55.643,9.881
2026-01-13 17:19:55.643,9.893
2026-01-13 17:19:55.659,9.89
2026-01-13 17:19:55.675,9.893
2026-01-13 17:19:55.693,9.907
2026-01-13 17:19:55.693,9.903
2026-01-13 17:19:55.709,9.907
2026-01-13 17:19:55.725,9.902
2026-01-13 17:19:55.749,9.905
2026-01-13 17:19:55.749,9.91
2026-01-13 17:19:55.759,9.912
2026-01-13 17:19:55.776,9.911
2026-01-13 17:19:55.776,9.908
2026-01-13 17:19:55.792,9.907
2026-01-13 17:19:55.809,9.912
2026-01-13 17:19:55.828,9.915
2026-01-13 17:19:55.828,9.914
2026-01-13 17:19:55.842,9.915
2026-01-13 17:19:55.859,9.918
2026-01-13 17:19:55.859,9.927
2026-01-13 17:19:55.875,9.93
2026-01-13 17:19:55.892,9.93
2026-01-13 17:19:55.909,9.928
2026-01-13 17:19:55.910,9.934
2026-01-13 17:19:55.927,9.931
2026-01-13 17:19:55.943,9.932
2026-01-13 17:19:55.943,9.934
2026-01-13 17:19:55.959,9.936
2026-01-13 17:19:55.976,9.932
2026-01-13 17:19:55.993,9.929
2026-01-13 17:19:55.993,9.927
2026-01-13 17:19:56.008,9.932
2026-01-13 17:19:56.025,9.926
2026-01-13 17:19:56.026,9.93
2026-01-13 17:19:56.042,9.929
2026-01-13 17:19:56.058,9.928
2026-01-13 17:19:56.077,9.928
2026-01-13 17:19:56.078,9.924
2026-01-13 17:19:56.092,9.919
2026-01-13 17:19:56.108,9.923
2026-01-13 17:19:56.125,9.923
2026-01-13 17:19:56.125,9.926
2026-01-13 17:19:56.142,9.925
2026-01-13 17:19:56.160,9.918
2026-01-13 17:19:56.161,9.918
2026-01-13 17:19:56.176,9.914
2026-01-13 17:19:56.193,9.918
2026-01-13 17:19:56.194,9.92
2026-01-13 17:19:56.209,9.92
2026-01-13 17:19:56.225,9.915
2026-01-13 17:19:56.241,9.918
2026-01-13 17:19:56.242,9.931
2026-01-13 17:19:56.259,9.934
2026-01-13 17:19:56.276,9.931
2026-01-13 17:19:56.292,9.923
2026-01-13 17:19:56.292,9.926
2026-01-13 17:19:56.309,9.932
2026-01-13 17:19:56.326,9.927
2026-01-13 17:19:56.326,9.924
2026-01-13 17:19:56.342,9.921
2026-01-13 17:19:56.358,9.917
2026-01-13 17:19:56.376,9.923
2026-01-13 17:19:56.376,9.923
2026-01-13 17:19:56.392,9.923
2026-01-13 17:19:56.409,9.921
2026-01-13 17:19:56.426,9.923
2026-01-13 17:19:56.426,9.929
2026-01-13 17:19:56.441,9.929
2026-01-13 17:19:56.459,9.928
2026-01-13 17:19:56.460,9.923
2026-01-13 17:19:56.475,9.924
2026-01-13 17:19:56.492,9.921
2026-01-13 17:19:56.509,9.923
2026-01-13 17:19:56.509,9.923
2026-01-13 17:19:56.526,9.92
2026-01-13 17:19:56.543,9.918
2026-01-13 17:19:56.544,9.915
2026-01-13 17:19:56.558,9.909
2026-01-13 17:19:56.575,9.911
2026-01-13 17:19:56.602,9.912
2026-01-13 17:19:56.603,9.913
2026-01-13 17:19:56.603,9.915
2026-01-13 17:19:56.625,9.913
2026-01-13 17:19:56.626,9.91
2026-01-13 17:19:56.642,9.914
2026-01-13 17:19:56.658,9.922
2026-01-13 17:19:56.676,9.923
2026-01-13 17:19:56.676,9.925
2026-01-13 17:19:56.693,9.928
2026-01-13 17:19:56.709,9.925
2026-01-13 17:19:56.725,9.927
2026-01-13 17:19:56.726,9.928
2026-01-13 17:19:56.753,9.929
2026-01-13 17:19:56.754,9.929
2026-01-13 17:19:56.760,9.928
2026-01-13 17:19:56.775,9.929
2026-01-13 17:19:56.792,9.933
2026-01-13 17:19:56.809,9.929
2026-01-13 17:19:56.810,9.931
2026-01-13 17:19:56.828,9.931
2026-01-13 17:19:56.842,9.936
2026-01-13 17:19:56.842,9.944
2026-01-13 17:19:56.859,9.939
2026-01-13 17:19:56.874,9.937
2026-01-13 17:19:56.891,9.938
2026-01-13 17:19:56.891,9.945
2026-01-13 17:19:56.910,9.946
2026-01-13 17:19:56.925,9.945
2026-01-13 17:19:56.925,9.944
2026-01-13 17:19:56.943,9.939
2026-01-13 17:19:56.958,9.937
2026-01-13 17:19:56.979,9.943
2026-01-13 17:19:56.979,9.938
2026-01-13 17:19:56.991,9.933
2026-01-13 17:19:57.009,9.934
2026-01-13 17:19:57.025,9.934
2026-01-13 17:19:57.025,9.937
2026-01-13 17:19:57.042,9.937
2026-01-13 17:19:57.058,9.934
2026-01-13 17:19:57.058,9.934
2026-01-13 17:19:57.074,9.934
2026-01-13 17:19:57.092,9.94
2026-01-13 17:19:57.108,9.941
2026-01-13 17:19:57.108,9.935
2026-01-13 17:19:57.126,9.934
2026-01-13 17:19:57.143,9.934
2026-01-13 17:19:57.143,9.932
2026-01-13 17:19:57.158,9.933
2026-01-13 17:19:57.175,9.931
2026-01-13 17:19:57.192,9.927
2026-01-13 17:19:57.192,9.925
2026-01-13 17:19:57.209,9.923
2026-01-13 17:19:57.226,9.924
2026-01-13 17:19:57.226,9.928
2026-01-13 17:19:57.243,9.925
2026-01-13 17:19:57.259,9.922
2026-01-13 17:19:57.274,9.922
2026-01-13 17:19:57.275,9.921
2026-01-13 17:19:57.290,9.925
2026-01-13 17:19:57.309,9.933
2026-01-13 17:19:57.310,9.933
2026-01-13 17:19:57.326,9.936
2026-01-13 17:19:57.342,9.939
2026-01-13 17:19:57.359,9.934
2026-01-13 17:19:57.359,9.934
2026-01-13 17:19:57.373,9.936
2026-01-13 17:19:57.392,9.942
2026-01-13 17:19:57.408,9.94
2026-01-13 17:19:57.408,9.935
2026-01-13 17:19:57.425,9.934
2026-01-13 17:19:57.444,9.931
2026-01-13 17:19:57.444,9.934
2026-01-13 17:19:57.458,9.934
2026-01-13 17:19:57.474,9.934
2026-01-13 17:19:57.491,9.933
2026-01-13 17:19:57.491,9.927
2026-01-13 17:19:57.508,9.921
2026-01-13 17:19:57.524,9.922
2026-01-13 17:19:57.540,9.93
2026-01-13 17:19:57.540,9.931
2026-01-13 17:19:57.558,9.927
2026-01-13 17:19:57.575,9.923
2026-01-13 17:19:57.576,9.923
2026-01-13 17:19:57.592,9.932
2026-01-13 17:19:57.607,9.929
2026-01-13 17:19:57.626,9.932
2026-01-13 17:19:57.626,9.936
2026-01-13 17:19:57.642,9.929
2026-01-13 17:19:57.659,9.932
2026-01-13 17:19:57.659,9.931
2026-01-13 17:19:57.674,9.929
2026-01-13 17:19:57.692,9.934
2026-01-13 17:19:57.708,9.936
2026-01-13 17:19:57.708,9.929
2026-01-13 17:19:57.723,9.925
2026-01-13 17:19:57.746,9.928
2026-01-13 17:19:57.746,9.927
2026-01-13 17:19:57.758,9.93
2026-01-13 17:19:57.775,9.924
2026-01-13 17:19:57.791,9.926
2026-01-13 17:19:57.792,9.927
2026-01-13 17:19:57.807,9.926
2026-01-13 17:19:57.823,9.922
2026-01-13 17:19:57.841,9.925
2026-01-13 17:19:57.857,9.924
2026-01-13 17:19:57.874,9.929
2026-01-13 17:19:57.875,9.928
2026-01-13 17:19:57.891,9.93
2026-01-13 17:19:57.908,9.933
2026-01-13 17:19:57.924,9.939
2026-01-13 17:19:57.924,9.939
2026-01-13 17:19:57.966,9.941
2026-01-13 17:19:57.967,9.937
2026-01-13 17:19:57.967,9.938
2026-01-13 17:19:57.974,9.938
2026-01-13 17:19:57.991,9.932
2026-01-13 17:19:58.010,9.928
2026-01-13 17:19:58.010,9.927
2026-01-13 17:19:58.025,9.934
2026-01-13 17:19:58.043,9.939
2026-01-13 17:19:58.043,9.934
2026-01-13 17:19:58.058,9.931
2026-01-13 17:19:58.074,9.93
2026-01-13 17:19:58.094,9.928
2026-01-13 17:19:58.094,9.933
2026-01-13 17:19:58.108,9.931
2026-01-13 17:19:58.125,9.935
2026-01-13 17:19:58.126,9.934
2026-01-13 17:19:58.143,9.94
2026-01-13 17:19:58.159,9.945
2026-01-13 17:19:58.175,9.945
2026-01-13 17:19:58.175,9.949
2026-01-13 17:19:58.194,9.945
2026-01-13 17:19:58.208,9.952
2026-01-13 17:19:58.225,9.954
2026-01-13 17:19:58.226,9.959
2026-01-13 17:19:58.242,9.958
2026-01-13 17:19:58.258,9.96
2026-01-13 17:19:58.259,9.961
2026-01-13 17:19:58.277,9.959
2026-01-13 17:19:58.292,9.96
2026-01-13 17:19:58.308,9.958
2026-01-13 17:19:58.308,9.958
2026-01-13 17:19:58.324,9.96
2026-01-13 17:19:58.343,9.956
2026-01-13 17:19:58.343,9.954
2026-01-13 17:19:58.359,9.956
2026-01-13 17:19:58.375,9.956
2026-01-13 17:19:58.392,9.958
2026-01-13 17:19:58.393,9.956
2026-01-13 17:19:58.408,9.956
2026-01-13 17:19:58.424,9.954
2026-01-13 17:19:58.445,9.95
2026-01-13 17:19:58.445,9.949
2026-01-13 17:19:58.457,9.945
2026-01-13 17:19:58.474,9.949
2026-01-13 17:19:58.474,9.942
2026-01-13 17:19:58.492,9.95
2026-01-13 17:19:58.508,9.954
2026-01-13 17:19:58.526,9.949
2026-01-13 17:19:58.526,9.951
2026-01-13 17:19:58.543,9.948
2026-01-13 17:19:58.558,9.95
2026-01-13 17:19:58.559,9.945
2026-01-13 17:19:58.575,9.94
2026-01-13 17:19:58.592,9.943
2026-01-13 17:19:58.608,9.946
2026-01-13 17:19:58.608,9.94
2026-01-13 17:19:58.626,9.939
2026-01-13 17:19:58.644,9.941
2026-01-13 17:19:58.645,9.946
2026-01-13 17:19:58.658,9.944
2026-01-13 17:19:58.677,9.944
2026-01-13 17:19:58.691,9.948
2026-01-13 17:19:58.691,9.956
2026-01-13 17:19:58.709,9.947
2026-01-13 17:19:58.729,9.946
2026-01-13 17:19:58.730,9.945
2026-01-13 17:19:58.740,9.948
2026-01-13 17:19:58.757,9.95
2026-01-13 17:19:58.774,9.951
2026-01-13 17:19:58.774,9.955
2026-01-13 17:19:58.791,9.955
2026-01-13 17:19:58.807,9.95
2026-01-13 17:19:58.828,9.953
2026-01-13 17:19:58.828,9.948
2026-01-13 17:19:58.842,9.943
2026-01-13 17:19:58.857,9.942
2026-01-13 17:19:58.859,9.949
2026-01-13 17:19:58.875,9.949
2026-01-13 17:19:58.892,9.954
2026-01-13 17:19:58.908,9.957
2026-01-13 17:19:58.909,9.959
2026-01-13 17:19:58.924,9.961
2026-01-13 17:19:58.941,9.964
2026-01-13 17:19:58.941,9.96
2026-01-13 17:19:58.957,9.96
2026-01-13 17:19:58.975,9.961
2026-01-13 17:19:58.993,9.965
2026-01-13 17:19:58.993,9.967
2026-01-13 17:19:59.008,9.967
2026-01-13 17:19:59.026,9.963
2026-01-13 17:19:59.026,9.964
2026-01-13 17:19:59.042,9.968
2026-01-13 17:19:59.057,9.957
2026-01-13 17:19:59.074,9.956
2026-01-13 17:19:59.074,9.957
2026-01-13 17:19:59.093,9.957
2026-01-13 17:19:59.108,9.954
2026-01-13 17:19:59.126,9.952
2026-01-13 17:19:59.127,9.95
2026-01-13 17:19:59.143,9.952
2026-01-13 17:19:59.157,9.948
2026-01-13 17:19:59.159,9.946
2026-01-13 17:19:59.175,9.949
2026-01-13 17:19:59.193,9.957
2026-01-13 17:19:59.208,9.961
2026-01-13 17:19:59.208,9.964
2026-01-13 17:19:59.225,9.959
2026-01-13 17:19:59.241,9.964
2026-01-13 17:19:59.242,9.962
2026-01-13 17:19:59.257,9.958
2026-01-13 17:19:59.276,9.967
2026-01-13 17:19:59.292,9.959
2026-01-13 17:19:59.293,9.962
2026-01-13 17:19:59.320,9.962
2026-01-13 17:19:59.322,9.96
2026-01-13 17:19:59.331,9.961
2026-01-13 17:19:59.341,9.967
2026-01-13 17:19:59.359,9.965
2026-01-13 17:19:59.375,9.967
2026-01-13 17:19:59.375,9.964
2026-01-13 17:19:59.391,9.956
2026-01-13 17:19:59.407,9.96
2026-01-13 17:19:59.424,9.955
2026-01-13 17:19:59.424,9.957
2026-01-13 17:19:59.441,9.958
2026-01-13 17:19:59.458,9.954
2026-01-13 17:19:59.459,9.951
2026-01-13 17:19:59.475,9.956
2026-01-13 17:19:59.491,9.957
2026-01-13 17:19:59.508,9.956
2026-01-13 17:19:59.508,9.952
2026-01-13 17:19:59.525,9.948
2026-01-13 17:19:59.540,9.954
2026-01-13 17:19:59.557,9.959
2026-01-13 17:19:59.557,9.967
2026-01-13 17:19:59.575,9.964
2026-01-13 17:19:59.590,9.957
2026-01-13 17:19:59.591,9.954
2026-01-13 17:19:59.607,9.952
2026-01-13 17:19:59.624,9.947
2026-01-13 17:19:59.641,9.948
2026-01-13 17:19:59.641,9.948
2026-01-13 17:19:59.657,9.946
2026-01-13 17:19:59.675,9.936
2026-01-13 17:19:59.675,9.937
2026-01-13 17:19:59.692,9.944
2026-01-13 17:19:59.709,9.942
2026-01-13 17:19:59.710,9.943
2026-01-13 17:19:59.734,9.94
2026-01-13 17:19:59.734,9.937
2026-01-13 17:19:59.758,9.933
2026-01-13 17:19:59.758,9.933
2026-01-13 17:19:59.774,9.932
2026-01-13 17:19:59.790,9.937
2026-01-13 17:19:59.810,9.939
2026-01-13 17:19:59.810,9.936
2026-01-13 17:19:59.826,9.926
2026-01-13 17:19:59.842,9.932
2026-01-13 17:19:59.842,9.933
2026-01-13 17:19:59.858,9.93
2026-01-13 17:19:59.875,9.928
2026-01-13 17:19:59.891,9.93
2026-01-13 17:19:59.891,9.93
2026-01-13 17:19:59.908,9.928
2026-01-13 17:19:59.925,9.925
2026-01-13 17:19:59.926,9.923
2026-01-13 17:19:59.941,9.925
2026-01-13 17:19:59.961,9.927
2026-01-13 17:19:59.963,9.921
2026-01-13 17:19:59.975,9.923
2026-01-13 17:19:59.994,9.925
2026-01-13 17:20:00.008,9.924
2026-01-13 17:20:00.024,9.924
2026-01-13 17:20:00.024,9.928
2026-01-13 17:20:00.040,9.926
2026-01-13 17:20:00.057,9.925
2026-01-13 17:20:00.074,9.921
2026-01-13 17:20:00.075,9.922
2026-01-13 17:20:00.091,9.925
2026-01-13 17:20:00.107,9.928
2026-01-13 17:20:00.107,9.926
2026-01-13 17:20:00.124,9.925
2026-01-13 17:20:00.141,9.92
2026-01-13 17:20:00.142,9.919
2026-01-13 17:20:00.158,9.916
2026-01-13 17:20:00.174,9.913
2026-01-13 17:20:00.190,9.922
2026-01-13 17:20:00.191,9.927
2026-01-13 17:20:00.208,9.932
2026-01-13 17:20:00.226,9.935
2026-01-13 17:20:00.226,9.936
2026-01-13 17:20:00.241,9.934
2026-01-13 17:20:00.258,9.932
2026-01-13 17:20:00.277,9.931
2026-01-13 17:20:00.277,9.93
2026-01-13 17:20:00.292,9.93
2026-01-13 17:20:00.308,9.938
2026-01-13 17:20:00.325,9.939
2026-01-13 17:20:00.325,9.945
2026-01-13 17:20:00.343,9.944
2026-01-13 17:20:00.357,9.937
2026-01-13 17:20:00.357,9.941
2026-01-13 17:20:00.374,9.945
2026-01-13 17:20:00.391,9.943
2026-01-13 17:20:00.408,9.942
2026-01-13 17:20:00.408,9.946
2026-01-13 17:20:00.425,9.951
2026-01-13 17:20:00.441,9.95
2026-01-13 17:20:00.457,9.948
2026-01-13 17:20:00.458,9.95
2026-01-13 17:20:00.475,9.959
2026-01-13 17:20:00.491,9.959
2026-01-13 17:20:00.491,9.955
2026-01-13 17:20:00.507,9.958
2026-01-13 17:20:00.527,9.958
2026-01-13 17:20:00.528,9.954
2026-01-13 17:20:00.542,9.952
2026-01-13 17:20:00.558,9.953
2026-01-13 17:20:00.576,9.951
2026-01-13 17:20:00.576,9.949
2026-01-13 17:20:00.593,9.946
2026-01-13 17:20:00.607,9.946
2026-01-13 17:20:00.625,9.951
2026-01-13 17:20:00.626,9.954
2026-01-13 17:20:00.641,9.95
2026-01-13 17:20:00.704,9.948
2026-01-13 17:20:00.705,9.95
2026-01-13 17:20:00.705,9.951
2026-01-13 17:20:00.706,9.95
2026-01-13 17:20:00.706,9.938
2026-01-13 17:20:00.706,9.936
2026-01-13 17:20:00.731,9.931
2026-01-13 17:20:00.731,9.931
2026-01-13 17:20:00.758,9.932
2026-01-13 17:20:00.758,9.928
2026-01-13 17:20:00.791,9.927
2026-01-13 17:20:00.791,9.924
2026-01-13 17:20:00.810,9.925
2026-01-13 17:20:00.828,9.927
2026-01-13 17:20:00.829,9.921
2026-01-13 17:20:00.840,9.921
2026-01-13 17:20:00.858,9.926
2026-01-13 17:20:00.875,9.92
2026-01-13 17:20:00.875,9.918
2026-01-13 17:20:00.891,9.919
2026-01-13 17:20:00.907,9.925
2026-01-13 17:20:00.926,9.927
2026-01-13 17:20:00.927,9.942
2026-01-13 17:20:00.941,9.941
2026-01-13 17:20:00.958,9.941
2026-01-13 17:20:00.959,9.941
2026-01-13 17:20:00.974,9.942
2026-01-13 17:20:00.992,9.943
2026-01-13 17:20:01.008,9.94
2026-01-13 17:20:01.008,9.944
2026-01-13 17:20:01.025,9.944
2026-01-13 17:20:01.043,9.942
2026-01-13 17:20:01.043,9.948
2026-01-13 17:20:01.058,9.949
2026-01-13 17:20:01.074,9.944
2026-01-13 17:20:01.091,9.943
2026-01-13 17:20:01.091,9.945
2026-01-13 17:20:01.108,9.946
2026-01-13 17:20:01.126,9.941
2026-01-13 17:20:01.126,9.942
2026-01-13 17:20:01.142,9.944
2026-01-13 17:20:01.158,9.941
2026-01-13 17:20:01.175,9.936
2026-01-13 17:20:01.176,9.938
2026-01-13 17:20:01.192,9.942
2026-01-13 17:20:01.208,9.937
2026-01-13 17:20:01.225,9.938
2026-01-13 17:20:01.225,9.937
2026-01-13 17:20:01.242,9.937
2026-01-13 17:20:01.258,9.945
2026-01-13 17:20:01.258,9.936
2026-01-13 17:20:01.275,9.934
2026-01-13 17:20:01.292,9.937
2026-01-13 17:20:01.308,9.932
2026-01-13 17:20:01.308,9.932
2026-01-13 17:20:01.326,9.934
2026-01-13 17:20:01.342,9.934
2026-01-13 17:20:01.342,9.925
2026-01-13 17:20:01.358,9.916
2026-01-13 17:20:01.374,9.918
2026-01-13 17:20:01.392,9.927
2026-01-13 17:20:01.392,9.924
2026-01-13 17:20:01.408,9.926
2026-01-13 17:20:01.427,9.924
2026-01-13 17:20:01.428,9.929
2026-01-13 17:20:01.440,9.926
2026-01-13 17:20:01.459,9.923
2026-01-13 17:20:01.476,9.928
2026-01-13 17:20:01.476,9.935
2026-01-13 17:20:01.491,9.932
2026-01-13 17:20:01.508,9.925
2026-01-13 17:20:01.525,9.929
2026-01-13 17:20:01.525,9.937
2026-01-13 17:20:01.542,9.936
2026-01-13 17:20:01.558,9.937
2026-01-13 17:20:01.558,9.939
2026-01-13 17:20:01.574,9.94
2026-01-13 17:20:01.591,9.939
2026-01-13 17:20:01.608,9.937
2026-01-13 17:20:01.608,9.931
2026-01-13 17:20:01.625,9.935
2026-01-13 17:20:01.642,9.937
2026-01-13 17:20:01.642,9.941
2026-01-13 17:20:01.658,9.947
2026-01-13 17:20:01.674,9.941
2026-01-13 17:20:01.690,9.935
2026-01-13 17:20:01.690,9.94
2026-01-13 17:20:01.706,9.938
2026-01-13 17:20:01.729,9.932
2026-01-13 17:20:01.729,9.937
2026-01-13 17:20:01.741,9.93
2026-01-13 17:20:01.758,9.932
2026-01-13 17:20:01.773,9.935
2026-01-13 17:20:01.774,9.932
2026-01-13 17:20:01.790,9.934
2026-01-13 17:20:01.806,9.942
2026-01-13 17:20:01.824,9.937
2026-01-13 17:20:01.824,9.937
2026-01-13 17:20:01.841,9.94
2026-01-13 17:20:01.858,9.94
2026-01-13 17:20:01.859,9.933
2026-01-13 17:20:01.874,9.935
2026-01-13 17:20:01.891,9.937
2026-01-13 17:20:01.909,9.933
2026-01-13 17:20:01.909,9.933
2026-01-13 17:20:01.925,9.936
2026-01-13 17:20:01.942,9.945
2026-01-13 17:20:01.942,9.94
2026-01-13 17:20:01.958,9.945
2026-01-13 17:20:01.977,9.954
2026-01-13 17:20:01.978,9.95
2026-01-13 17:20:01.991,9.951
2026-01-13 17:20:02.008,9.957
2026-01-13 17:20:02.025,9.955
2026-01-13 17:20:02.053,9.955
2026-01-13 17:20:02.054,9.951
2026-01-13 17:20:02.054,9.956
2026-01-13 17:20:02.074,9.954
2026-01-13 17:20:02.074,9.951
2026-01-13 17:20:02.092,9.954
2026-01-13 17:20:02.109,9.954
2026-01-13 17:20:02.110,9.949
2026-01-13 17:20:02.126,9.956
2026-01-13 17:20:02.142,9.956
2026-01-13 17:20:02.158,9.956
2026-01-13 17:20:02.158,9.957
2026-01-13 17:20:02.176,9.951
2026-01-13 17:20:02.192,9.959
2026-01-13 17:20:02.207,9.959
2026-01-13 17:20:02.208,9.951
2026-01-13 17:20:02.228,9.949
2026-01-13 17:20:02.243,9.955
2026-01-13 17:20:02.258,9.954
2026-01-13 17:20:02.274,9.952
2026-01-13 17:20:02.291,9.949
2026-01-13 17:20:02.291,9.948
2026-01-13 17:20:02.307,9.954
2026-01-13 17:20:02.326,9.95
2026-01-13 17:20:02.326,9.948
2026-01-13 17:20:02.342,9.951
2026-01-13 17:20:02.358,9.949
2026-01-13 17:20:02.374,9.948
2026-01-13 17:20:02.375,9.944
2026-01-13 17:20:02.391,9.934
2026-01-13 17:20:02.407,9.933
2026-01-13 17:20:02.426,9.936
2026-01-13 17:20:02.426,9.931
2026-01-13 17:20:02.441,9.928
2026-01-13 17:20:02.459,9.931
2026-01-13 17:20:02.459,9.93
2026-01-13 17:20:02.475,9.929
2026-01-13 17:20:02.492,9.933
2026-01-13 17:20:02.509,9.935
2026-01-13 17:20:02.509,9.93
2026-01-13 17:20:02.524,9.923
2026-01-13 17:20:02.543,9.927
2026-01-13 17:20:02.543,9.928
2026-01-13 17:20:02.557,9.927
2026-01-13 17:20:02.574,9.923
2026-01-13 17:20:02.592,9.931
2026-01-13 17:20:02.592,9.929
2026-01-13 17:20:02.607,9.928
2026-01-13 17:20:02.624,9.932
2026-01-13 17:20:02.642,9.933
2026-01-13 17:20:02.642,9.933
2026-01-13 17:20:02.658,9.927
2026-01-13 17:20:02.675,9.926
2026-01-13 17:20:02.675,9.929
2026-01-13 17:20:02.693,9.935
2026-01-13 17:20:02.708,9.927
2026-01-13 17:20:02.724,9.921
2026-01-13 17:20:02.724,9.919
2026-01-13 17:20:02.748,9.926
2026-01-13 17:20:02.748,9.929
2026-01-13 17:20:02.774,9.925
2026-01-13 17:20:02.774,9.927
2026-01-13 17:20:02.791,9.924
2026-01-13 17:20:02.808,9.924
2026-01-13 17:20:02.809,9.92
2026-01-13 17:20:02.826,9.922
2026-01-13 17:20:02.842,9.921
2026-01-13 17:20:02.842,9.925
2026-01-13 17:20:02.858,9.923
2026-01-13 17:20:02.875,9.923
2026-01-13 17:20:02.892,9.926
2026-01-13 17:20:02.892,9.927
2026-01-13 17:20:02.908,9.921
2026-01-13 17:20:02.926,9.923
2026-01-13 17:20:02.926,9.924
2026-01-13 17:20:02.941,9.923
2026-01-13 17:20:02.959,9.922
2026-01-13 17:20:02.976,9.922
2026-01-13 17:20:02.976,9.924
2026-01-13 17:20:02.991,9.927
2026-01-13 17:20:03.008,9.929
2026-01-13 17:20:03.025,9.928
2026-01-13 17:20:03.025,9.929
2026-01-13 17:20:03.044,9.932
2026-01-13 17:20:03.057,9.935
2026-01-13 17:20:03.057,9.933
2026-01-13 17:20:03.074,9.93
2026-01-13 17:20:03.090,9.929
2026-01-13 17:20:03.109,9.932
2026-01-13 17:20:03.109,9.937
2026-01-13 17:20:03.124,9.94
2026-01-13 17:20:03.141,9.941
2026-01-13 17:20:03.141,9.937
2026-01-13 17:20:03.158,9.938
2026-01-13 17:20:03.176,9.942
2026-01-13 17:20:03.191,9.946
2026-01-13 17:20:03.192,9.945
2026-01-13 17:20:03.207,9.939
2026-01-13 17:20:03.224,9.939
2026-01-13 17:20:03.242,9.944
2026-01-13 17:20:03.242,9.948
2026-01-13 17:20:03.258,9.946
2026-01-13 17:20:03.275,9.94
2026-01-13 17:20:03.275,9.943
2026-01-13 17:20:03.292,9.95
2026-01-13 17:20:03.308,9.951
2026-01-13 17:20:03.325,9.947
2026-01-13 17:20:03.325,9.947
2026-01-13 17:20:03.342,9.948
2026-01-13 17:20:03.358,9.944
2026-01-13 17:20:03.358,9.944
2026-01-13 17:20:03.375,9.949
2026-01-13 17:20:03.392,9.95
2026-01-13 17:20:03.418,9.948
2026-01-13 17:20:03.418,9.945
2026-01-13 17:20:03.418,9.946
2026-01-13 17:20:03.443,9.948
2026-01-13 17:20:03.443,9.949
2026-01-13 17:20:03.457,9.947
2026-01-13 17:20:03.473,9.943
2026-01-13 17:20:03.492,9.945
2026-01-13 17:20:03.493,9.946
2026-01-13 17:20:03.507,9.951
2026-01-13 17:20:03.524,9.948
2026-01-13 17:20:03.541,9.947
2026-01-13 17:20:03.542,9.951
2026-01-13 17:20:03.557,9.952
2026-01-13 17:20:03.575,9.952
2026-01-13 17:20:03.575,9.954
2026-01-13 17:20:03.592,9.952
2026-01-13 17:20:03.608,9.952
2026-01-13 17:20:03.624,9.953
2026-01-13 17:20:03.624,9.956
2026-01-13 17:20:03.642,9.956
2026-01-13 17:20:03.657,9.954
2026-01-13 17:20:03.658,9.957
2026-01-13 17:20:03.674,9.957
2026-01-13 17:20:03.692,9.956
2026-01-13 17:20:03.708,9.951
2026-01-13 17:20:03.709,9.954
2026-01-13 17:20:03.724,9.958
2026-01-13 17:20:03.748,9.958
2026-01-13 17:20:03.748,9.95
2026-01-13 17:20:03.757,9.945
2026-01-13 17:20:03.774,9.941
2026-01-13 17:20:03.789,9.946
2026-01-13 17:20:03.790,9.949
2026-01-13 17:20:03.809,9.943
2026-01-13 17:20:03.825,9.942
2026-01-13 17:20:03.841,9.941
2026-01-13 17:20:03.841,9.945
2026-01-13 17:20:03.859,9.948
2026-01-13 17:20:03.874,9.949
2026-01-13 17:20:03.874,9.949
2026-01-13 17:20:03.891,9.947
2026-01-13 17:20:03.909,9.951
2026-01-13 17:20:03.925,9.954
2026-01-13 17:20:03.925,9.956
2026-01-13 17:20:03.940,9.951
2026-01-13 17:20:03.958,9.945
2026-01-13 17:20:03.958,9.942
2026-01-13 17:20:03.974,9.946
2026-01-13 17:20:03.990,9.943
2026-01-13 17:20:04.008,9.942
2026-01-13 17:20:04.008,9.943
2026-01-13 17:20:04.024,9.944
2026-01-13 17:20:04.041,9.94
2026-01-13 17:20:04.057,9.939
2026-01-13 17:20:04.057,9.936
2026-01-13 17:20:04.074,9.934
2026-01-13 17:20:04.090,9.931
2026-01-13 17:20:04.091,9.927
2026-01-13 17:20:04.107,9.921
2026-01-13 17:20:04.125,9.921
2026-01-13 17:20:04.126,9.915
2026-01-13 17:20:04.141,9.919
2026-01-13 17:20:04.158,9.917
2026-01-13 17:20:04.174,9.921
2026-01-13 17:20:04.174,9.915
2026-01-13 17:20:04.191,9.921
2026-01-13 17:20:04.207,9.933
2026-01-13 17:20:04.226,9.936
2026-01-13 17:20:04.226,9.93
2026-01-13 17:20:04.241,9.935
2026-01-13 17:20:04.256,9.931
2026-01-13 17:20:04.274,9.935
2026-01-13 17:20:04.274,9.939
2026-01-13 17:20:04.291,9.941
2026-01-13 17:20:04.306,9.949
2026-01-13 17:20:04.307,9.95
2026-01-13 17:20:04.334,9.955
2026-01-13 17:20:04.335,9.956
2026-01-13 17:20:04.346,9.956
2026-01-13 17:20:04.356,9.96
2026-01-13 17:20:04.372,9.962
2026-01-13 17:20:04.391,9.968
2026-01-13 17:20:04.391,9.965
2026-01-13 17:20:04.406,9.963
2026-01-13 17:20:04.423,9.962
2026-01-13 17:20:04.440,9.959
2026-01-13 17:20:04.441,9.962
2026-01-13 17:20:04.456,9.955
2026-01-13 17:20:04.472,9.954
2026-01-13 17:20:04.490,9.955
2026-01-13 17:20:04.490,9.959
2026-01-13 17:20:04.506,9.96
2026-01-13 17:20:04.524,9.961
2026-01-13 17:20:04.524,9.951
2026-01-13 17:20:04.540,9.946
2026-01-13 17:20:04.557,9.946
2026-01-13 17:20:04.558,9.947
2026-01-13 17:20:04.575,9.953
2026-01-13 17:20:04.590,9.957
2026-01-13 17:20:04.607,9.954
2026-01-13 17:20:04.608,9.948
2026-01-13 17:20:04.623,9.946
2026-01-13 17:20:04.640,9.945
2026-01-13 17:20:04.656,9.948
2026-01-13 17:20:04.657,9.951
2026-01-13 17:20:04.674,9.953
2026-01-13 17:20:04.690,9.947
2026-01-13 17:20:04.690,9.946
2026-01-13 17:20:04.707,9.948
2026-01-13 17:20:04.732,9.95
2026-01-13 17:20:04.732,9.954
2026-01-13 17:20:04.739,9.956
2026-01-13 17:20:04.774,9.951
2026-01-13 17:20:04.774,9.948
2026-01-13 17:20:04.775,9.947
2026-01-13 17:20:04.791,9.949
2026-01-13 17:20:04.807,9.954
2026-01-13 17:20:04.824,9.946
2026-01-13 17:20:04.824,9.945
2026-01-13 17:20:04.840,9.943
2026-01-13 17:20:04.862,9.943
2026-01-13 17:20:04.875,9.946
2026-01-13 17:20:04.892,9.948
2026-01-13 17:20:04.906,9.948
2026-01-13 17:20:04.906,9.947
2026-01-13 17:20:04.925,9.948
2026-01-13 17:20:04.942,9.949
2026-01-13 17:20:04.942,9.947
2026-01-13 17:20:04.957,9.953
2026-01-13 17:20:04.974,9.946
2026-01-13 17:20:04.992,9.946
2026-01-13 17:20:04.992,9.944
2026-01-13 17:20:05.007,9.952
2026-01-13 17:20:05.024,9.953
2026-01-13 17:20:05.045,9.95
2026-01-13 17:20:05.045,9.943
2026-01-13 17:20:05.057,9.939
2026-01-13 17:20:05.073,9.933
2026-01-13 17:20:05.074,9.932
2026-01-13 17:20:05.092,9.931
2026-01-13 17:20:05.106,9.932
2026-01-13 17:20:05.126,9.933
2026-01-13 17:20:05.126,9.928
2026-01-13 17:20:05.141,9.927
2026-01-13 17:20:05.158,9.926
2026-01-13 17:20:05.158,9.927
2026-01-13 17:20:05.173,9.929
2026-01-13 17:20:05.191,9.927
2026-01-13 17:20:05.208,9.921
2026-01-13 17:20:05.208,9.92
2026-01-13 17:20:05.225,9.923
2026-01-13 17:20:05.243,9.924
2026-01-13 17:20:05.243,9.929
2026-01-13 17:20:05.256,9.934
2026-01-13 17:20:05.273,9.936
2026-01-13 17:20:05.291,9.933
2026-01-13 17:20:05.292,9.936
2026-01-13 17:20:05.306,9.937
2026-01-13 17:20:05.324,9.941
2026-01-13 17:20:05.340,9.941
2026-01-13 17:20:05.341,9.946
2026-01-13 17:20:05.356,9.945
2026-01-13 17:20:05.374,9.941
2026-01-13 17:20:05.375,9.944
2026-01-13 17:20:05.391,9.947
2026-01-13 17:20:05.408,9.948
2026-01-13 17:20:05.422,9.943
2026-01-13 17:20:05.423,9.943
2026-01-13 17:20:05.441,9.938
2026-01-13 17:20:05.456,9.937
2026-01-13 17:20:05.472,9.94
2026-01-13 17:20:05.473,9.941
2026-01-13 17:20:05.491,9.937
2026-01-13 17:20:05.507,9.933
2026-01-13 17:20:05.507,9.929
2026-01-13 17:20:05.525,9.929
2026-01-13 17:20:05.541,9.933
2026-01-13 17:20:05.557,9.937
2026-01-13 17:20:05.559,9.943
2026-01-13 17:20:05.577,9.949
2026-01-13 17:20:05.578,9.947
2026-01-13 17:20:05.591,9.946
2026-01-13 17:20:05.608,9.95
2026-01-13 17:20:05.623,9.95
2026-01-13 17:20:05.641,9.952
2026-01-13 17:20:05.641,9.954
2026-01-13 17:20:05.657,9.954
2026-01-13 17:20:05.673,9.963
2026-01-13 17:20:05.674,9.962
2026-01-13 17:20:05.691,9.958
2026-01-13 17:20:05.706,9.953
2026-01-13 17:20:05.724,9.947
2026-01-13 17:20:05.724,9.949
2026-01-13 17:20:05.746,9.95
2026-01-13 17:20:05.747,9.954
2026-01-13 17:20:05.773,9.957
2026-01-13 17:20:05.774,9.954
2026-01-13 17:20:05.790,9.947
2026-01-13 17:20:05.807,9.948
2026-01-13 17:20:05.807,9.941
2026-01-13 17:20:05.824,9.939
2026-01-13 17:20:05.842,9.942
2026-01-13 17:20:05.842,9.942
2026-01-13 17:20:05.857,9.946
2026-01-13 17:20:05.873,9.947
2026-01-13 17:20:05.892,9.945
2026-01-13 17:20:05.892,9.945
2026-01-13 17:20:05.907,9.946
2026-01-13 17:20:05.924,9.944
2026-01-13 17:20:05.939,9.945
2026-01-13 17:20:05.939,9.947
2026-01-13 17:20:05.957,9.941
2026-01-13 17:20:05.975,9.941
2026-01-13 17:20:05.975,9.936
2026-01-13 17:20:05.991,9.937
2026-01-13 17:20:06.007,9.937
2026-01-13 17:20:06.025,9.941
2026-01-13 17:20:06.025,9.934
2026-01-13 17:20:06.041,9.932
2026-01-13 17:20:06.058,9.937
2026-01-13 17:20:06.058,9.941
2026-01-13 17:20:06.074,9.934
2026-01-13 17:20:06.091,9.93
2026-01-13 17:20:06.107,9.931
2026-01-13 17:20:06.107,9.94
2026-01-13 17:20:06.149,9.94
2026-01-13 17:20:06.149,9.936
2026-01-13 17:20:06.150,9.933
2026-01-13 17:20:06.156,9.932
2026-01-13 17:20:06.173,9.934
2026-01-13 17:20:06.189,9.93
2026-01-13 17:20:06.208,9.929
2026-01-13 17:20:06.208,9.929
2026-01-13 17:20:06.223,9.932
2026-01-13 17:20:06.240,9.935
2026-01-13 17:20:06.240,9.937
2026-01-13 17:20:06.257,9.931
2026-01-13 17:20:06.272,9.927
2026-01-13 17:20:06.290,9.922
2026-01-13 17:20:06.290,9.933
2026-01-13 17:20:06.307,9.938
2026-01-13 17:20:06.323,9.935
2026-01-13 17:20:06.323,9.935
2026-01-13 17:20:06.340,9.931
2026-01-13 17:20:06.362,9.927
2026-01-13 17:20:06.362,9.926
2026-01-13 17:20:06.375,9.932
2026-01-13 17:20:06.390,9.935
2026-01-13 17:20:06.407,9.938
2026-01-13 17:20:06.407,9.935
2026-01-13 17:20:06.425,9.936
2026-01-13 17:20:06.441,9.938
2026-01-13 17:20:06.442,9.94
2026-01-13 17:20:06.457,9.94
2026-01-13 17:20:06.473,9.948
2026-01-13 17:20:06.490,9.951
2026-01-13 17:20:06.490,9.949
2026-01-13 17:20:06.506,9.944
2026-01-13 17:20:06.523,9.945
2026-01-13 17:20:06.540,9.944
2026-01-13 17:20:06.540,9.948
2026-01-13 17:20:06.558,9.942
2026-01-13 17:20:06.575,9.936
2026-01-13 17:20:06.575,9.932
2026-01-13 17:20:06.590,9.933
2026-01-13 17:20:06.607,9.932
2026-01-13 17:20:06.623,9.931
2026-01-13 17:20:06.623,9.932
2026-01-13 17:20:06.640,9.935
2026-01-13 17:20:06.656,9.934
2026-01-13 17:20:06.674,9.939
2026-01-13 17:20:06.674,9.936
2026-01-13 17:20:06.691,9.941
2026-01-13 17:20:06.707,9.936
2026-01-13 17:20:06.707,9.936
2026-01-13 17:20:06.728,9.936
2026-01-13 17:20:06.742,9.94
2026-01-13 17:20:06.742,9.942
2026-01-13 17:20:06.755,9.942
2026-01-13 17:20:06.773,9.946
2026-01-13 17:20:06.790,9.944
2026-01-13 17:20:06.790,9.936
2026-01-13 17:20:06.807,9.936
2026-01-13 17:20:06.826,9.928
2026-01-13 17:20:06.826,9.936
2026-01-13 17:20:06.840,9.936
2026-01-13 17:20:06.857,9.94
2026-01-13 17:20:06.877,9.941
2026-01-13 17:20:06.877,9.95
2026-01-13 17:20:06.890,9.951
2026-01-13 17:20:06.908,9.953
2026-01-13 17:20:06.925,9.946
2026-01-13 17:20:06.925,9.936
2026-01-13 17:20:06.940,9.929
2026-01-13 17:20:06.957,9.923
2026-01-13 17:20:06.958,9.92
2026-01-13 17:20:06.976,9.924
2026-01-13 17:20:06.991,9.927
2026-01-13 17:20:07.006,9.937
2026-01-13 17:20:07.007,9.941
2026-01-13 17:20:07.024,9.942
2026-01-13 17:20:07.042,9.944
2026-01-13 17:20:07.042,9.947
2026-01-13 17:20:07.057,9.942
2026-01-13 17:20:07.073,9.941
2026-01-13 17:20:07.091,9.937
2026-01-13 17:20:07.091,9.938
2026-01-13 17:20:07.107,9.934
2026-01-13 17:20:07.124,9.931
2026-01-13 17:20:07.141,9.919
2026-01-13 17:20:07.141,9.915
2026-01-13 17:20:07.157,9.915
2026-01-13 17:20:07.174,9.916
2026-01-13 17:20:07.174,9.914
2026-01-13 17:20:07.192,9.915
2026-01-13 17:20:07.207,9.923
2026-01-13 17:20:07.226,9.925
2026-01-13 17:20:07.227,9.922
2026-01-13 17:20:07.240,9.927
2026-01-13 17:20:07.258,9.933
2026-01-13 17:20:07.258,9.937
2026-01-13 17:20:07.274,9.937
2026-01-13 17:20:07.291,9.941
2026-01-13 17:20:07.308,9.942
2026-01-13 17:20:07.308,9.945
2026-01-13 17:20:07.324,9.948
2026-01-13 17:20:07.341,9.951
2026-01-13 17:20:07.342,9.96
2026-01-13 17:20:07.357,9.955
2026-01-13 17:20:07.375,9.959
2026-01-13 17:20:07.391,9.955
2026-01-13 17:20:07.393,9.95
2026-01-13 17:20:07.406,9.946
2026-01-13 17:20:07.423,9.94
2026-01-13 17:20:07.439,9.943
2026-01-13 17:20:07.439,9.945
2026-01-13 17:20:07.459,9.945
2026-01-13 17:20:07.473,9.937
2026-01-13 17:20:07.473,9.932
2026-01-13 17:20:07.531,9.932
2026-01-13 17:20:07.532,9.929
2026-01-13 17:20:07.533,9.925
2026-01-13 17:20:07.533,9.922
2026-01-13 17:20:07.540,9.922
2026-01-13 17:20:07.557,9.925
2026-01-13 17:20:07.573,9.92
2026-01-13 17:20:07.574,9.917
2026-01-13 17:20:07.590,9.923
2026-01-13 17:20:07.610,9.923
2026-01-13 17:20:07.610,9.918
2026-01-13 17:20:07.625,9.924
2026-01-13 17:20:07.641,9.917
2026-01-13 17:20:07.657,9.912
2026-01-13 17:20:07.658,9.91
2026-01-13 17:20:07.674,9.91
2026-01-13 17:20:07.689,9.914
2026-01-13 17:20:07.690,9.915
2026-01-13 17:20:07.706,9.913
2026-01-13 17:20:07.722,9.911
2026-01-13 17:20:07.744,9.913
2026-01-13 17:20:07.744,9.916
2026-01-13 17:20:07.756,9.921
2026-01-13 17:20:07.773,9.931
2026-01-13 17:20:07.790,9.929
2026-01-13 17:20:07.790,9.93
2026-01-13 17:20:07.807,9.933
2026-01-13 17:20:07.825,9.932
2026-01-13 17:20:07.826,9.938
2026-01-13 17:20:07.841,9.933
2026-01-13 17:20:07.857,9.933
2026-01-13 17:20:07.874,9.938
2026-01-13 17:20:07.874,9.933
2026-01-13 17:20:07.890,9.938
2026-01-13 17:20:07.907,9.932
2026-01-13 17:20:07.907,9.939
2026-01-13 17:20:07.924,9.937
2026-01-13 17:20:07.941,9.932
2026-01-13 17:20:07.942,9.928
2026-01-13 17:20:07.957,9.926
2026-01-13 17:20:07.974,9.928
2026-01-13 17:20:07.990,9.928
2026-01-13 17:20:07.990,9.923
2026-01-13 17:20:08.007,9.927
2026-01-13 17:20:08.024,9.929
2026-01-13 17:20:08.040,9.933
2026-01-13 17:20:08.040,9.93
2026-01-13 17:20:08.058,9.926
2026-01-13 17:20:08.076,9.931
2026-01-13 17:20:08.076,9.93
2026-01-13 17:20:08.090,9.938
2026-01-13 17:20:08.107,9.935
2026-01-13 17:20:08.124,9.925
2026-01-13 17:20:08.124,9.926
2026-01-13 17:20:08.140,9.931
2026-01-13 17:20:08.157,9.932
2026-01-13 17:20:08.175,9.929
2026-01-13 17:20:08.176,9.928
2026-01-13 17:20:08.191,9.924
2026-01-13 17:20:08.207,9.929
2026-01-13 17:20:08.208,9.932
2026-01-13 17:20:08.223,9.93
2026-01-13 17:20:08.240,9.935
2026-01-13 17:20:08.256,9.936
2026-01-13 17:20:08.256,9.937
2026-01-13 17:20:08.275,9.934
2026-01-13 17:20:08.291,9.936
2026-01-13 17:20:08.291,9.937
2026-01-13 17:20:08.307,9.938
2026-01-13 17:20:08.325,9.933
2026-01-13 17:20:08.338,9.93
2026-01-13 17:20:08.338,9.933
2026-01-13 17:20:08.356,9.932
2026-01-13 17:20:08.373,9.936
2026-01-13 17:20:08.373,9.935
2026-01-13 17:20:08.389,9.935
2026-01-13 17:20:08.406,9.934
2026-01-13 17:20:08.423,9.935
2026-01-13 17:20:08.423,9.937
2026-01-13 17:20:08.440,9.934
2026-01-13 17:20:08.457,9.928
2026-01-13 17:20:08.473,9.927
2026-01-13 17:20:08.474,9.929
2026-01-13 17:20:08.489,9.931
2026-01-13 17:20:08.506,9.931
2026-01-13 17:20:08.506,9.928
2026-01-13 17:20:08.522,9.924
2026-01-13 17:20:08.540,9.923
2026-01-13 17:20:08.556,9.936
2026-01-13 17:20:08.556,9.938
2026-01-13 17:20:08.573,9.935
2026-01-13 17:20:08.590,9.932
2026-01-13 17:20:08.590,9.936
2026-01-13 17:20:08.605,9.945
2026-01-13 17:20:08.623,9.938
2026-01-13 17:20:08.641,9.937
2026-01-13 17:20:08.641,9.934
2026-01-13 17:20:08.657,9.935
2026-01-13 17:20:08.673,9.937
2026-01-13 17:20:08.674,9.933
2026-01-13 17:20:08.690,9.932
2026-01-13 17:20:08.707,9.931
2026-01-13 17:20:08.723,9.931
2026-01-13 17:20:08.724,9.942
2026-01-13 17:20:08.747,9.941
2026-01-13 17:20:08.747,9.939
2026-01-13 17:20:08.772,9.934
2026-01-13 17:20:08.773,9.933
2026-01-13 17:20:08.790,9.932
2026-01-13 17:20:08.807,9.934
2026-01-13 17:20:08.808,9.934
2026-01-13 17:20:08.829,9.938
2026-01-13 17:20:08.840,9.939
2026-01-13 17:20:08.872,9.943
2026-01-13 17:20:08.872,9.938
2026-01-13 17:20:08.873,9.934
2026-01-13 17:20:08.880,9.933
2026-01-13 17:20:08.905,9.937
2026-01-13 17:20:08.906,9.934
2026-01-13 17:20:08.922,9.933
2026-01-13 17:20:08.940,9.932
2026-01-13 17:20:08.940,9.929
2026-01-13 17:20:08.958,9.928
2026-01-13 17:20:08.975,9.936
2026-01-13 17:20:08.976,9.932
2026-01-13 17:20:08.991,9.928
2026-01-13 17:20:09.007,9.922
2026-01-13 17:20:09.023,9.925
2026-01-13 17:20:09.023,9.94
2026-01-13 17:20:09.041,9.942
2026-01-13 17:20:09.055,9.942
2026-01-13 17:20:09.073,9.937
2026-01-13 17:20:09.073,9.939
2026-01-13 17:20:09.090,9.943
2026-01-13 17:20:09.107,9.943
2026-01-13 17:20:09.107,9.941
2026-01-13 17:20:09.124,9.934
2026-01-13 17:20:09.141,9.936
2026-01-13 17:20:09.157,9.948
2026-01-13 17:20:09.158,9.948
2026-01-13 17:20:09.175,9.945
2026-01-13 17:20:09.191,9.939
2026-01-13 17:20:09.191,9.932
2026-01-13 17:20:09.207,9.935
2026-01-13 17:20:09.223,9.929
2026-01-13 17:20:09.240,9.926
2026-01-13 17:20:09.240,9.926
2026-01-13 17:20:09.258,9.929
2026-01-13 17:20:09.274,9.937
2026-01-13 17:20:09.276,9.94
2026-01-13 17:20:09.290,9.937
2026-01-13 17:20:09.307,9.934
2026-01-13 17:20:09.323,9.935
2026-01-13 17:20:09.323,9.929
2026-01-13 17:20:09.341,9.929
2026-01-13 17:20:09.356,9.932
2026-01-13 17:20:09.374,9.935
2026-01-13 17:20:09.374,9.931
2026-01-13 17:20:09.391,9.935
2026-01-13 17:20:09.406,9.934
2026-01-13 17:20:09.407,9.94
2026-01-13 17:20:09.427,9.938
2026-01-13 17:20:09.439,9.935
2026-01-13 17:20:09.456,9.94
2026-01-13 17:20:09.457,9.937
2026-01-13 17:20:09.473,9.935
2026-01-13 17:20:09.489,9.933
2026-01-13 17:20:09.490,9.931
2026-01-13 17:20:09.508,9.93
2026-01-13 17:20:09.524,9.938
2026-01-13 17:20:09.540,9.935
2026-01-13 17:20:09.540,9.934
2026-01-13 17:20:09.557,9.935
2026-01-13 17:20:09.575,9.945
2026-01-13 17:20:09.576,9.942
2026-01-13 17:20:09.590,9.951
2026-01-13 17:20:09.607,9.949
2026-01-13 17:20:09.623,9.945
2026-01-13 17:20:09.624,9.951
2026-01-13 17:20:09.641,9.944
2026-01-13 17:20:09.657,9.939
2026-01-13 17:20:09.673,9.936
2026-01-13 17:20:09.673,9.94
2026-01-13 17:20:09.690,9.943
2026-01-13 17:20:09.708,9.942
2026-01-13 17:20:09.709,9.935
2026-01-13 17:20:09.734,9.935
2026-01-13 17:20:09.734,9.928
2026-01-13 17:20:09.756,9.932
2026-01-13 17:20:09.757,9.926
2026-01-13 17:20:09.773,9.926
2026-01-13 17:20:09.790,9.921
2026-01-13 17:20:09.790,9.916
2026-01-13 17:20:09.806,9.923
2026-01-13 17:20:09.825,9.924
2026-01-13 17:20:09.826,9.917
2026-01-13 17:20:09.839,9.916
2026-01-13 17:20:09.858,9.919
2026-01-13 17:20:09.874,9.916
2026-01-13 17:20:09.874,9.917
2026-01-13 17:20:09.890,9.913
2026-01-13 17:20:09.907,9.913
2026-01-13 17:20:09.924,9.909
2026-01-13 17:20:09.925,9.909
2026-01-13 17:20:09.940,9.909
2026-01-13 17:20:09.957,9.908
2026-01-13 17:20:09.973,9.909
2026-01-13 17:20:09.974,9.904
2026-01-13 17:20:09.991,9.905
2026-01-13 17:20:10.007,9.905
2026-01-13 17:20:10.008,9.91
2026-01-13 17:20:10.024,9.904
2026-01-13 17:20:10.041,9.909
2026-01-13 17:20:10.042,9.93
2026-01-13 17:20:10.056,9.928
2026-01-13 17:20:10.075,9.923
2026-01-13 17:20:10.089,9.926
2026-01-13 17:20:10.090,9.928
2026-01-13 17:20:10.105,9.935
2026-01-13 17:20:10.121,9.927
2026-01-13 17:20:10.140,9.934
2026-01-13 17:20:10.140,9.935
2026-01-13 17:20:10.155,9.93
2026-01-13 17:20:10.173,9.933
2026-01-13 17:20:10.174,9.935
2026-01-13 17:20:10.191,9.932
2026-01-13 17:20:10.205,9.928
2026-01-13 17:20:10.233,9.932
2026-01-13 17:20:10.233,9.945
2026-01-13 17:20:10.233,9.942
2026-01-13 17:20:10.255,9.942
2026-01-13 17:20:10.272,9.941
2026-01-13 17:20:10.272,9.94
2026-01-13 17:20:10.288,9.935
2026-01-13 17:20:10.307,9.935
2026-01-13 17:20:10.308,9.932
2026-01-13 17:20:10.321,9.923
2026-01-13 17:20:10.339,9.924
2026-01-13 17:20:10.355,9.918
2026-01-13 17:20:10.355,9.913
2026-01-13 17:20:10.373,9.912
2026-01-13 17:20:10.389,9.908
2026-01-13 17:20:10.389,9.902
2026-01-13 17:20:10.405,9.904
2026-01-13 17:20:10.423,9.902
2026-01-13 17:20:10.439,9.901
2026-01-13 17:20:10.439,9.901
2026-01-13 17:20:10.455,9.905
2026-01-13 17:20:10.473,9.902
2026-01-13 17:20:10.474,9.905
2026-01-13 17:20:10.489,9.907
2026-01-13 17:20:10.507,9.906
2026-01-13 17:20:10.522,9.912
2026-01-13 17:20:10.523,9.912
2026-01-13 17:20:10.539,9.91
2026-01-13 17:20:10.557,9.909
2026-01-13 17:20:10.574,9.909
2026-01-13 17:20:10.574,9.903
2026-01-13 17:20:10.590,9.911
2026-01-13 17:20:10.606,9.913
2026-01-13 17:20:10.606,9.909
2026-01-13 17:20:10.624,9.916
2026-01-13 17:20:10.638,9.914
2026-01-13 17:20:10.655,9.925
2026-01-13 17:20:10.655,9.916
2026-01-13 17:20:10.672,9.919
2026-01-13 17:20:10.689,9.919
2026-01-13 17:20:10.690,9.911
2026-01-13 17:20:10.705,9.918
2026-01-13 17:20:10.722,9.91
2026-01-13 17:20:10.745,9.909
2026-01-13 17:20:10.746,9.913
2026-01-13 17:20:10.756,9.913
2026-01-13 17:20:10.773,9.914
2026-01-13 17:20:10.773,9.913
2026-01-13 17:20:10.790,9.915
2026-01-13 17:20:10.805,9.923
2026-01-13 17:20:10.822,9.927
2026-01-13 17:20:10.823,9.925
2026-01-13 17:20:10.839,9.919
2026-01-13 17:20:10.855,9.921
2026-01-13 17:20:10.871,9.919
2026-01-13 17:20:10.872,9.919
2026-01-13 17:20:10.888,9.916
2026-01-13 17:20:10.906,9.917
2026-01-13 17:20:10.906,9.912
2026-01-13 17:20:10.923,9.918
2026-01-13 17:20:10.939,9.915
2026-01-13 17:20:10.957,9.921
2026-01-13 17:20:10.957,9.913
2026-01-13 17:20:10.972,9.918
2026-01-13 17:20:10.989,9.925
2026-01-13 17:20:11.005,9.92
2026-01-13 17:20:11.005,9.916
2026-01-13 17:20:11.022,9.917
2026-01-13 17:20:11.038,9.92
2026-01-13 17:20:11.038,9.926
2026-01-13 17:20:11.055,9.928
2026-01-13 17:20:11.073,9.923
2026-01-13 17:20:11.088,9.92
2026-01-13 17:20:11.088,9.923
2026-01-13 17:20:11.106,9.92
2026-01-13 17:20:11.122,9.919
2026-01-13 17:20:11.122,9.918
2026-01-13 17:20:11.139,9.907
2026-01-13 17:20:11.154,9.91
2026-01-13 17:20:11.172,9.914
2026-01-13 17:20:11.172,9.908
2026-01-13 17:20:11.189,9.902
2026-01-13 17:20:11.206,9.902
2026-01-13 17:20:11.206,9.905
2026-01-13 17:20:11.222,9.904
2026-01-13 17:20:11.240,9.905
2026-01-13 17:20:11.256,9.924
2026-01-13 17:20:11.256,9.91
2026-01-13 17:20:11.273,9.912
2026-01-13 17:20:11.290,9.915
2026-01-13 17:20:11.305,9.913
2026-01-13 17:20:11.324,9.913
2026-01-13 17:20:11.340,9.911
2026-01-13 17:20:11.341,9.913
2026-01-13 17:20:11.356,9.911
2026-01-13 17:20:11.374,9.91
2026-01-13 17:20:11.374,9.913
2026-01-13 17:20:11.390,9.915
2026-01-13 17:20:11.406,9.912
2026-01-13 17:20:11.424,9.915
2026-01-13 17:20:11.425,9.914
2026-01-13 17:20:11.440,9.918
2026-01-13 17:20:11.456,9.926
2026-01-13 17:20:11.472,9.921
2026-01-13 17:20:11.473,9.924
2026-01-13 17:20:11.492,9.922
2026-01-13 17:20:11.506,9.919
2026-01-13 17:20:11.506,9.915
2026-01-13 17:20:11.523,9.92
2026-01-13 17:20:11.540,9.919
2026-01-13 17:20:11.556,9.932
2026-01-13 17:20:11.556,9.926
2026-01-13 17:20:11.598,9.918
2026-01-13 17:20:11.599,9.913
2026-01-13 17:20:11.599,9.908
2026-01-13 17:20:11.608,9.906
2026-01-13 17:20:11.622,9.913
2026-01-13 17:20:11.638,9.915
2026-01-13 17:20:11.638,9.921
2026-01-13 17:20:11.657,9.915
2026-01-13 17:20:11.675,9.915
2026-01-13 17:20:11.675,9.915
2026-01-13 17:20:11.689,9.915
2026-01-13 17:20:11.707,9.917
2026-01-13 17:20:11.735,9.927
2026-01-13 17:20:11.735,9.922
2026-01-13 17:20:11.736,9.927
2026-01-13 17:20:11.757,9.926
2026-01-13 17:20:11.757,9.927
2026-01-13 17:20:11.774,9.93
2026-01-13 17:20:11.790,9.919
2026-01-13 17:20:11.807,9.916
2026-01-13 17:20:11.807,9.914
2026-01-13 17:20:11.826,9.918
2026-01-13 17:20:11.840,9.917
2026-01-13 17:20:11.856,9.914
2026-01-13 17:20:11.857,9.919
2026-01-13 17:20:11.874,9.917
2026-01-13 17:20:11.890,9.923
2026-01-13 17:20:11.891,9.924
2026-01-13 17:20:11.905,9.918
2026-01-13 17:20:11.923,9.912
2026-01-13 17:20:11.941,9.907
2026-01-13 17:20:11.941,9.912
2026-01-13 17:20:11.973,9.911
2026-01-13 17:20:11.973,9.921
2026-01-13 17:20:11.992,9.924
2026-01-13 17:20:12.006,9.933
2026-01-13 17:20:12.023,9.937
2026-01-13 17:20:12.023,9.939
2026-01-13 17:20:12.040,9.944
2026-01-13 17:20:12.056,9.935
2026-01-13 17:20:12.074,9.939
2026-01-13 17:20:12.074,9.941
2026-01-13 17:20:12.092,9.943
2026-01-13 17:20:12.107,9.946
2026-01-13 17:20:12.107,9.948
2026-01-13 17:20:12.122,9.948
2026-01-13 17:20:12.140,9.951
2026-01-13 17:20:12.155,9.962
2026-01-13 17:20:12.155,9.947
2026-01-13 17:20:12.172,9.948
2026-01-13 17:20:12.188,9.944
2026-01-13 17:20:12.208,9.937
2026-01-13 17:20:12.208,9.929
2026-01-13 17:20:12.224,9.917
2026-01-13 17:20:12.239,9.91
2026-01-13 17:20:12.239,9.912
2026-01-13 17:20:12.255,9.909
2026-01-13 17:20:12.274,9.91
2026-01-13 17:20:12.275,9.915
2026-01-13 17:20:12.290,9.928
2026-01-13 17:20:12.306,9.93
2026-01-13 17:20:12.323,9.939
2026-01-13 17:20:12.323,9.943
2026-01-13 17:20:12.340,9.95
2026-01-13 17:20:12.356,9.951
2026-01-13 17:20:12.371,9.949
2026-01-13 17:20:12.390,9.956
2026-01-13 17:20:12.406,9.957
2026-01-13 17:20:12.406,9.961
2026-01-13 17:20:12.423,9.955
2026-01-13 17:20:12.439,9.959
2026-01-13 17:20:12.456,9.965
2026-01-13 17:20:12.456,9.961
2026-01-13 17:20:12.473,9.958
2026-01-13 17:20:12.489,9.96
2026-01-13 17:20:12.490,9.956
2026-01-13 17:20:12.506,9.965
2026-01-13 17:20:12.523,9.965
2026-01-13 17:20:12.539,9.967
2026-01-13 17:20:12.540,9.967
2026-01-13 17:20:12.557,9.969
2026-01-13 17:20:12.574,9.977
2026-01-13 17:20:12.574,9.975
2026-01-13 17:20:12.589,9.973
2026-01-13 17:20:12.607,9.966
2026-01-13 17:20:12.623,9.967
2026-01-13 17:20:12.624,9.974
2026-01-13 17:20:12.639,9.961
2026-01-13 17:20:12.657,9.959
2026-01-13 17:20:12.658,9.957
2026-01-13 17:20:12.690,9.952
2026-01-13 17:20:12.707,9.949
2026-01-13 17:20:12.707,9.937
2026-01-13 17:20:12.722,9.937
2026-01-13 17:20:12.747,9.93
2026-01-13 17:20:12.747,9.92
2026-01-13 17:20:12.755,9.915
2026-01-13 17:20:12.773,9.913
2026-01-13 17:20:12.789,9.917
2026-01-13 17:20:12.806,9.918
2026-01-13 17:20:12.807,9.919
2026-01-13 17:20:12.824,9.916
2026-01-13 17:20:12.840,9.918
2026-01-13 17:20:12.840,9.922
2026-01-13 17:20:12.856,9.927
2026-01-13 17:20:12.873,9.925
2026-01-13 17:20:12.874,9.931
2026-01-13 17:20:12.890,9.929
2026-01-13 17:20:12.905,9.928
2026-01-13 17:20:12.922,9.933
2026-01-13 17:20:12.922,9.937
2026-01-13 17:20:12.939,9.942
2026-01-13 17:20:12.971,9.947
2026-01-13 17:20:12.971,9.948
2026-01-13 17:20:12.971,9.948
2026-01-13 17:20:12.990,9.958
2026-01-13 17:20:13.005,9.956
2026-01-13 17:20:13.006,9.955
2026-01-13 17:20:13.021,9.962
2026-01-13 17:20:13.038,9.962
2026-01-13 17:20:13.056,9.962
2026-01-13 17:20:13.056,9.964
2026-01-13 17:20:13.073,9.959
2026-01-13 17:20:13.089,9.955
2026-01-13 17:20:13.104,9.95
2026-01-13 17:20:13.104,9.951
2026-01-13 17:20:13.122,9.951
2026-01-13 17:20:13.140,9.944
2026-01-13 17:20:13.140,9.938
2026-01-13 17:20:13.156,9.937
2026-01-13 17:20:13.173,9.942
2026-01-13 17:20:13.190,9.94
2026-01-13 17:20:13.190,9.939
2026-01-13 17:20:13.205,9.941
2026-01-13 17:20:13.224,9.94
2026-01-13 17:20:13.240,9.941
2026-01-13 17:20:13.255,9.944
2026-01-13 17:20:13.273,9.949
2026-01-13 17:20:13.274,9.95
2026-01-13 17:20:13.289,9.951
2026-01-13 17:20:13.307,9.953
2026-01-13 17:20:13.307,9.954
2026-01-13 17:20:13.323,9.956
2026-01-13 17:20:13.340,9.95
2026-01-13 17:20:13.356,9.956
2026-01-13 17:20:13.356,9.951
2026-01-13 17:20:13.372,9.943
2026-01-13 17:20:13.390,9.941
2026-01-13 17:20:13.390,9.934
2026-01-13 17:20:13.406,9.937
2026-01-13 17:20:13.424,9.93
2026-01-13 17:20:13.440,9.929
2026-01-13 17:20:13.440,9.926
2026-01-13 17:20:13.457,9.926
2026-01-13 17:20:13.473,9.923
2026-01-13 17:20:13.474,9.927
2026-01-13 17:20:13.490,9.926
2026-01-13 17:20:13.507,9.927
2026-01-13 17:20:13.522,9.929
2026-01-13 17:20:13.522,9.937
2026-01-13 17:20:13.540,9.944
2026-01-13 17:20:13.555,9.953
2026-01-13 17:20:13.573,9.955
2026-01-13 17:20:13.573,9.955
2026-01-13 17:20:13.588,9.957
2026-01-13 17:20:13.606,9.959
2026-01-13 17:20:13.606,9.962
2026-01-13 17:20:13.624,9.968
2026-01-13 17:20:13.639,9.964
2026-01-13 17:20:13.656,9.955
2026-01-13 17:20:13.656,9.955
2026-01-13 17:20:13.673,9.949
2026-01-13 17:20:13.691,9.939
2026-01-13 17:20:13.691,9.937
2026-01-13 17:20:13.704,9.941
2026-01-13 17:20:13.723,9.939
2026-01-13 17:20:13.743,9.934
2026-01-13 17:20:13.743,9.931
2026-01-13 17:20:13.755,9.934
2026-01-13 17:20:13.772,9.931
2026-01-13 17:20:13.790,9.934
2026-01-13 17:20:13.790,9.935
2026-01-13 17:20:13.805,9.937
2026-01-13 17:20:13.825,9.941
2026-01-13 17:20:13.825,9.945
2026-01-13 17:20:13.839,9.942
2026-01-13 17:20:13.857,9.941
2026-01-13 17:20:13.858,9.943
2026-01-13 17:20:13.874,9.946
2026-01-13 17:20:13.890,9.939
2026-01-13 17:20:13.906,9.94
2026-01-13 17:20:13.906,9.943
2026-01-13 17:20:13.922,9.944
2026-01-13 17:20:13.940,9.935
2026-01-13 17:20:13.956,9.937
2026-01-13 17:20:13.956,9.935
2026-01-13 17:20:13.972,9.929
2026-01-13 17:20:13.990,9.931
2026-01-13 17:20:13.990,9.936
2026-01-13 17:20:14.006,9.932
2026-01-13 17:20:14.022,9.935
2026-01-13 17:20:14.040,9.937
2026-01-13 17:20:14.040,9.938
2026-01-13 17:20:14.056,9.94
2026-01-13 17:20:14.073,9.941
2026-01-13 17:20:14.073,9.941
2026-01-13 17:20:14.091,9.94
2026-01-13 17:20:14.106,9.94
2026-01-13 17:20:14.124,9.938
2026-01-13 17:20:14.124,9.938
2026-01-13 17:20:14.139,9.935
2026-01-13 17:20:14.156,9.933
2026-01-13 17:20:14.173,9.939
2026-01-13 17:20:14.173,9.934
2026-01-13 17:20:14.189,9.936
2026-01-13 17:20:14.206,9.929
2026-01-13 17:20:14.206,9.93
2026-01-13 17:20:14.222,9.931
2026-01-13 17:20:14.239,9.927
2026-01-13 17:20:14.255,9.93
2026-01-13 17:20:14.255,9.926
2026-01-13 17:20:14.272,9.929
2026-01-13 17:20:14.289,9.932
2026-01-13 17:20:14.336,9.933
2026-01-13 17:20:14.337,9.93
2026-01-13 17:20:14.338,9.917
2026-01-13 17:20:14.338,9.919
2026-01-13 17:20:14.338,9.922
2026-01-13 17:20:14.358,9.916
2026-01-13 17:20:14.373,9.926
2026-01-13 17:20:14.373,9.93
2026-01-13 17:20:14.390,9.929
2026-01-13 17:20:14.406,9.932
2026-01-13 17:20:14.423,9.925
2026-01-13 17:20:14.440,9.931
2026-01-13 17:20:14.457,9.933
2026-01-13 17:20:14.472,9.932
2026-01-13 17:20:14.473,9.937
2026-01-13 17:20:14.489,9.942
2026-01-13 17:20:14.507,9.944
2026-01-13 17:20:14.507,9.943
2026-01-13 17:20:14.523,9.941
2026-01-13 17:20:14.539,9.941
2026-01-13 17:20:14.555,9.942
2026-01-13 17:20:14.555,9.948
2026-01-13 17:20:14.573,9.948
2026-01-13 17:20:14.590,9.948
2026-01-13 17:20:14.590,9.946
2026-01-13 17:20:14.605,9.941
2026-01-13 17:20:14.621,9.943
2026-01-13 17:20:14.638,9.947
2026-01-13 17:20:14.638,9.944
2026-01-13 17:20:14.657,9.946
2026-01-13 17:20:14.673,9.941
2026-01-13 17:20:14.674,9.942
2026-01-13 17:20:14.689,9.941
2026-01-13 17:20:14.706,9.942
2026-01-13 17:20:14.722,9.943
2026-01-13 17:20:14.723,9.945
2026-01-13 17:20:14.748,9.943
2026-01-13 17:20:14.748,9.939
2026-01-13 17:20:14.772,9.94
2026-01-13 17:20:14.772,9.936
2026-01-13 17:20:14.789,9.935
2026-01-13 17:20:14.806,9.938
2026-01-13 17:20:14.806,9.937
2026-01-13 17:20:14.822,9.938
2026-01-13 17:20:14.840,9.941
2026-01-13 17:20:14.856,9.944
2026-01-13 17:20:14.856,9.948
2026-01-13 17:20:14.872,9.944
2026-01-13 17:20:14.889,9.944
2026-01-13 17:20:14.891,9.943
2026-01-13 17:20:14.906,9.943
2026-01-13 17:20:14.922,9.948
2026-01-13 17:20:14.939,9.949
2026-01-13 17:20:14.939,9.951
2026-01-13 17:20:14.957,9.952
2026-01-13 17:20:14.973,9.957
2026-01-13 17:20:14.974,9.956
2026-01-13 17:20:14.990,9.955
2026-01-13 17:20:15.006,9.954
2026-01-13 17:20:15.024,9.947
2026-01-13 17:20:15.024,9.954
2026-01-13 17:20:15.041,9.964
2026-01-13 17:20:15.056,9.965
2026-01-13 17:20:15.073,9.96
2026-01-13 17:20:15.073,9.956
2026-01-13 17:20:15.092,9.96
2026-01-13 17:20:15.106,9.958
2026-01-13 17:20:15.106,9.956
2026-01-13 17:20:15.122,9.952
2026-01-13 17:20:15.139,9.949
2026-01-13 17:20:15.154,9.951
2026-01-13 17:20:15.154,9.947
2026-01-13 17:20:15.170,9.946
2026-01-13 17:20:15.189,9.939
2026-01-13 17:20:15.189,9.934
2026-01-13 17:20:15.206,9.931
2026-01-13 17:20:15.222,9.921
2026-01-13 17:20:15.239,9.924
2026-01-13 17:20:15.239,9.926
2026-01-13 17:20:15.254,9.922
2026-01-13 17:20:15.271,9.919
2026-01-13 17:20:15.287,9.921
2026-01-13 17:20:15.288,9.914
2026-01-13 17:20:15.304,9.913
2026-01-13 17:20:15.321,9.918
2026-01-13 17:20:15.321,9.919
2026-01-13 17:20:15.339,9.915
2026-01-13 17:20:15.355,9.91
2026-01-13 17:20:15.373,9.902
2026-01-13 17:20:15.374,9.898
2026-01-13 17:20:15.389,9.9
2026-01-13 17:20:15.406,9.903
2026-01-13 17:20:15.422,9.902
2026-01-13 17:20:15.439,9.905
2026-01-13 17:20:15.455,9.903
2026-01-13 17:20:15.456,9.904
2026-01-13 17:20:15.473,9.905
2026-01-13 17:20:15.489,9.901
2026-01-13 17:20:15.490,9.907
2026-01-13 17:20:15.506,9.912
2026-01-13 17:20:15.522,9.913
2026-01-13 17:20:15.538,9.915
2026-01-13 17:20:15.539,9.917
2026-01-13 17:20:15.554,9.916
2026-01-13 17:20:15.571,9.919
2026-01-13 17:20:15.590,9.912
2026-01-13 17:20:15.590,9.912
2026-01-13 17:20:15.606,9.917
2026-01-13 17:20:15.623,9.911
2026-01-13 17:20:15.623,9.921
2026-01-13 17:20:15.639,9.92
2026-01-13 17:20:15.654,9.916
2026-01-13 17:20:15.682,9.916
2026-01-13 17:20:15.682,9.915
2026-01-13 17:20:15.683,9.919
2026-01-13 17:20:15.694,9.914
2026-01-13 17:20:15.705,9.907
2026-01-13 17:20:15.721,9.909
2026-01-13 17:20:15.744,9.908
2026-01-13 17:20:15.744,9.909
2026-01-13 17:20:15.754,9.913
2026-01-13 17:20:15.771,9.917
2026-01-13 17:20:15.789,9.917
2026-01-13 17:20:15.805,9.92
2026-01-13 17:20:15.806,9.911
2026-01-13 17:20:15.823,9.908
2026-01-13 17:20:15.839,9.909
2026-01-13 17:20:15.839,9.911
2026-01-13 17:20:15.855,9.91
2026-01-13 17:20:15.872,9.909
2026-01-13 17:20:15.889,9.91
2026-01-13 17:20:15.889,9.91
2026-01-13 17:20:15.906,9.912
2026-01-13 17:20:15.923,9.9
2026-01-13 17:20:15.923,9.9
2026-01-13 17:20:15.939,9.901
2026-01-13 17:20:15.956,9.903
2026-01-13 17:20:15.972,9.908
2026-01-13 17:20:15.973,9.898
2026-01-13 17:20:15.991,9.9
2026-01-13 17:20:15.993,9.9
2026-01-13 17:20:16.022,9.895
2026-01-13 17:20:16.022,9.897
2026-01-13 17:20:16.040,9.897
2026-01-13 17:20:16.056,9.9
2026-01-13 17:20:16.056,9.893
2026-01-13 17:20:16.072,9.892
2026-01-13 17:20:16.090,9.897
2026-01-13 17:20:16.090,9.895
2026-01-13 17:20:16.107,9.898
2026-01-13 17:20:16.123,9.902
2026-01-13 17:20:16.139,9.893
2026-01-13 17:20:16.139,9.894
2026-01-13 17:20:16.157,9.892
2026-01-13 17:20:16.173,9.897
2026-01-13 17:20:16.174,9.895
2026-01-13 17:20:16.190,9.892
2026-01-13 17:20:16.206,9.895
2026-01-13 17:20:16.221,9.889
2026-01-13 17:20:16.222,9.891
2026-01-13 17:20:16.241,9.894
2026-01-13 17:20:16.255,9.892
2026-01-13 17:20:16.273,9.894
2026-01-13 17:20:16.273,9.897
2026-01-13 17:20:16.289,9.902
2026-01-13 17:20:16.306,9.902
2026-01-13 17:20:16.306,9.9
2026-01-13 17:20:16.325,9.899
2026-01-13 17:20:16.339,9.901
2026-01-13 17:20:16.355,9.903
2026-01-13 17:20:16.355,9.902
2026-01-13 17:20:16.374,9.903
2026-01-13 17:20:16.389,9.903
2026-01-13 17:20:16.390,9.899
2026-01-13 17:20:16.405,9.9
2026-01-13 17:20:16.423,9.897
2026-01-13 17:20:16.440,9.895
2026-01-13 17:20:16.440,9.895
2026-01-13 17:20:16.456,9.893
2026-01-13 17:20:16.472,9.893
2026-01-13 17:20:16.490,9.891
2026-01-13 17:20:16.490,9.877
2026-01-13 17:20:16.504,9.879
2026-01-13 17:20:16.523,9.874
2026-01-13 17:20:16.523,9.868
2026-01-13 17:20:16.539,9.868
2026-01-13 17:20:16.555,9.863
2026-01-13 17:20:16.575,9.87
2026-01-13 17:20:16.575,9.869
2026-01-13 17:20:16.589,9.867
2026-01-13 17:20:16.606,9.867
2026-01-13 17:20:16.607,9.867
2026-01-13 17:20:16.624,9.874
2026-01-13 17:20:16.639,9.878
2026-01-13 17:20:16.655,9.894
2026-01-13 17:20:16.655,9.899
2026-01-13 17:20:16.671,9.905
2026-01-13 17:20:16.689,9.909
2026-01-13 17:20:16.690,9.914
2026-01-13 17:20:16.705,9.927
2026-01-13 17:20:16.729,9.934
2026-01-13 17:20:16.729,9.936
2026-01-13 17:20:16.738,9.944
2026-01-13 17:20:16.754,9.948
2026-01-13 17:20:16.772,9.96
2026-01-13 17:20:16.788,9.963
2026-01-13 17:20:16.788,9.958
2026-01-13 17:20:16.804,9.962
2026-01-13 17:20:16.822,9.956
2026-01-13 17:20:16.822,9.968
2026-01-13 17:20:16.838,9.966
2026-01-13 17:20:16.854,9.966
2026-01-13 17:20:16.872,9.969
2026-01-13 17:20:16.873,9.964
2026-01-13 17:20:16.888,9.963
2026-01-13 17:20:16.906,9.966
2026-01-13 17:20:16.907,9.961
2026-01-13 17:20:16.921,9.968
2026-01-13 17:20:16.938,9.965
2026-01-13 17:20:16.954,9.968
2026-01-13 17:20:16.955,9.97
2026-01-13 17:20:16.971,9.967
2026-01-13 17:20:16.987,9.969
2026-01-13 17:20:17.005,9.968
2026-01-13 17:20:17.006,9.973
2026-01-13 17:20:17.047,9.971
2026-01-13 17:20:17.047,9.967
2026-01-13 17:20:17.047,9.968
2026-01-13 17:20:17.054,9.969
2026-01-13 17:20:17.071,9.972
2026-01-13 17:20:17.088,9.973
2026-01-13 17:20:17.088,9.969
2026-01-13 17:20:17.104,9.967
2026-01-13 17:20:17.122,9.961
2026-01-13 17:20:17.122,9.961
2026-01-13 17:20:17.139,9.967
2026-01-13 17:20:17.156,9.97
2026-01-13 17:20:17.172,9.975
2026-01-13 17:20:17.173,9.969
2026-01-13 17:20:17.187,9.965
2026-01-13 17:20:17.207,9.963
2026-01-13 17:20:17.207,9.957
2026-01-13 17:20:17.223,9.958
2026-01-13 17:20:17.240,9.952
2026-01-13 17:20:17.255,9.949
2026-01-13 17:20:17.256,9.944
2026-01-13 17:20:17.272,9.941
2026-01-13 17:20:17.289,9.941
2026-01-13 17:20:17.289,9.941
2026-01-13 17:20:17.306,9.942
2026-01-13 17:20:17.322,9.946
2026-01-13 17:20:17.338,9.945
2026-01-13 17:20:17.339,9.944
2026-01-13 17:20:17.355,9.948
2026-01-13 17:20:17.374,9.951
2026-01-13 17:20:17.374,9.953
2026-01-13 17:20:17.389,9.953
2026-01-13 17:20:17.404,9.951
2026-01-13 17:20:17.421,9.951
2026-01-13 17:20:17.422,9.953
2026-01-13 17:20:17.439,9.953
2026-01-13 17:20:17.455,9.948
2026-01-13 17:20:17.471,9.948
2026-01-13 17:20:17.471,9.948
2026-01-13 17:20:17.487,9.944
2026-01-13 17:20:17.505,9.948
2026-01-13 17:20:17.505,9.943
2026-01-13 17:20:17.522,9.943
2026-01-13 17:20:17.538,9.946
2026-01-13 17:20:17.555,9.944
2026-01-13 17:20:17.555,9.94
2026-01-13 17:20:17.571,9.935
2026-01-13 17:20:17.588,9.937
2026-01-13 17:20:17.604,9.935
2026-01-13 17:20:17.605,9.928
2026-01-13 17:20:17.622,9.932
2026-01-13 17:20:17.638,9.933
2026-01-13 17:20:17.639,9.93
2026-01-13 17:20:17.654,9.939
2026-01-13 17:20:17.671,9.939
2026-01-13 17:20:17.689,9.934
2026-01-13 17:20:17.689,9.938
2026-01-13 17:20:17.705,9.934
2026-01-13 17:20:17.721,9.935
2026-01-13 17:20:17.721,9.934
2026-01-13 17:20:17.744,9.93
2026-01-13 17:20:17.754,9.934
2026-01-13 17:20:17.771,9.931
2026-01-13 17:20:17.771,9.931
2026-01-13 17:20:17.787,9.935
2026-01-13 17:20:17.805,9.933
2026-01-13 17:20:17.805,9.931
2026-01-13 17:20:17.821,9.935
2026-01-13 17:20:17.837,9.934
2026-01-13 17:20:17.854,9.941
2026-01-13 17:20:17.854,9.942
2026-01-13 17:20:17.870,9.945
2026-01-13 17:20:17.887,9.94
2026-01-13 17:20:17.904,9.944
2026-01-13 17:20:17.904,9.946
2026-01-13 17:20:17.922,9.945
2026-01-13 17:20:17.938,9.952
2026-01-13 17:20:17.953,9.949
2026-01-13 17:20:17.971,9.956
2026-01-13 17:20:17.988,9.951
2026-01-13 17:20:18.005,9.953
2026-01-13 17:20:18.021,9.947
2026-01-13 17:20:18.022,9.951
2026-01-13 17:20:18.038,9.953
2026-01-13 17:20:18.071,9.952
2026-01-13 17:20:18.072,9.951
2026-01-13 17:20:18.087,9.95
2026-01-13 17:20:18.104,9.954
2026-01-13 17:20:18.122,9.955
2026-01-13 17:20:18.122,9.953
2026-01-13 17:20:18.138,9.955
2026-01-13 17:20:18.153,9.959
2026-01-13 17:20:18.153,9.954
2026-01-13 17:20:18.173,9.957
2026-01-13 17:20:18.189,9.951
2026-01-13 17:20:18.206,9.955
2026-01-13 17:20:18.206,9.955
2026-01-13 17:20:18.223,9.955
2026-01-13 17:20:18.238,9.952
2026-01-13 17:20:18.239,9.957
2026-01-13 17:20:18.255,9.954
2026-01-13 17:20:18.272,9.956
2026-01-13 17:20:18.291,9.96
2026-01-13 17:20:18.291,9.958
2026-01-13 17:20:18.304,9.963
2026-01-13 17:20:18.321,9.956
2026-01-13 17:20:18.322,9.956
2026-01-13 17:20:18.338,9.954
2026-01-13 17:20:18.355,9.95
2026-01-13 17:20:18.372,9.946
2026-01-13 17:20:18.372,9.949
2026-01-13 17:20:18.413,9.953
2026-01-13 17:20:18.414,9.954
2026-01-13 17:20:18.414,9.953
2026-01-13 17:20:18.421,9.956
2026-01-13 17:20:18.437,9.952
2026-01-13 17:20:18.455,9.958
2026-01-13 17:20:18.456,9.958
2026-01-13 17:20:18.489,9.962
2026-01-13 17:20:18.490,9.959
2026-01-13 17:20:18.506,9.964
2026-01-13 17:20:18.522,9.961
2026-01-13 17:20:18.541,9.962
2026-01-13 17:20:18.541,9.965
2026-01-13 17:20:18.555,9.958
2026-01-13 17:20:18.572,9.96
2026-01-13 17:20:18.589,9.958
2026-01-13 17:20:18.590,9.954
2026-01-13 17:20:18.604,9.955
2026-01-13 17:20:18.622,9.945
2026-01-13 17:20:18.639,9.944
2026-01-13 17:20:18.657,9.952
2026-01-13 17:20:18.673,9.951
2026-01-13 17:20:18.673,9.954
2026-01-13 17:20:18.689,9.956
2026-01-13 17:20:18.704,9.951
2026-01-13 17:20:18.720,9.954
2026-01-13 17:20:18.720,9.953
2026-01-13 17:20:18.742,9.955
2026-01-13 17:20:18.742,9.951
2026-01-13 17:20:18.754,9.955
2026-01-13 17:20:18.772,9.955
2026-01-13 17:20:18.789,9.95
2026-01-13 17:20:18.790,9.952
2026-01-13 17:20:18.804,9.952
2026-01-13 17:20:18.821,9.95
2026-01-13 17:20:18.838,9.953
2026-01-13 17:20:18.838,9.958
2026-01-13 17:20:18.855,9.955
2026-01-13 17:20:18.871,9.956
2026-01-13 17:20:18.890,9.956
2026-01-13 17:20:18.891,9.952
2026-01-13 17:20:18.905,9.951
2026-01-13 17:20:18.921,9.953
2026-01-13 17:20:18.922,9.95
2026-01-13 17:20:18.937,9.951
2026-01-13 17:20:18.972,9.951
2026-01-13 17:20:18.973,9.949
2026-01-13 17:20:18.989,9.947
2026-01-13 17:20:19.005,9.945
2026-01-13 17:20:19.021,9.942
2026-01-13 17:20:19.039,9.941
2026-01-13 17:20:19.055,9.937
2026-01-13 17:20:19.055,9.934
2026-01-13 17:20:19.072,9.935
2026-01-13 17:20:19.089,9.929
2026-01-13 17:20:19.090,9.922
2026-01-13 17:20:19.105,9.928
2026-01-13 17:20:19.122,9.916
2026-01-13 17:20:19.140,9.914
2026-01-13 17:20:19.140,9.921
2026-01-13 17:20:19.155,9.915
2026-01-13 17:20:19.173,9.919
2026-01-13 17:20:19.174,9.915
2026-01-13 17:20:19.188,9.913
2026-01-13 17:20:19.205,9.914
2026-01-13 17:20:19.223,9.911
2026-01-13 17:20:19.223,9.921
2026-01-13 17:20:19.240,9.92
2026-01-13 17:20:19.255,9.923
2026-01-13 17:20:19.272,9.922
2026-01-13 17:20:19.272,9.926
2026-01-13 17:20:19.289,9.938
2026-01-13 17:20:19.305,9.934
2026-01-13 17:20:19.305,9.934
2026-01-13 17:20:19.322,9.934
2026-01-13 17:20:19.339,9.925
2026-01-13 17:20:19.355,9.921
2026-01-13 17:20:19.355,9.915
2026-01-13 17:20:19.372,9.912
2026-01-13 17:20:19.389,9.912
2026-01-13 17:20:19.389,9.913
2026-01-13 17:20:19.404,9.913
2026-01-13 17:20:19.422,9.914
2026-01-13 17:20:19.437,9.916
2026-01-13 17:20:19.439,9.917
2026-01-13 17:20:19.457,9.914
2026-01-13 17:20:19.472,9.905
2026-01-13 17:20:19.490,9.905
2026-01-13 17:20:19.490,9.901
2026-01-13 17:20:19.505,9.906
2026-01-13 17:20:19.522,9.905
2026-01-13 17:20:19.522,9.911
2026-01-13 17:20:19.538,9.91
2026-01-13 17:20:19.573,9.904
2026-01-13 17:20:19.573,9.904
2026-01-13 17:20:19.589,9.909
2026-01-13 17:20:19.605,9.911
2026-01-13 17:20:19.606,9.91
2026-01-13 17:20:19.623,9.907
2026-01-13 17:20:19.639,9.91
2026-01-13 17:20:19.654,9.919
2026-01-13 17:20:19.655,9.912
2026-01-13 17:20:19.671,9.903
2026-01-13 17:20:19.689,9.906
2026-01-13 17:20:19.704,9.9
2026-01-13 17:20:19.705,9.9
2026-01-13 17:20:19.722,9.906
2026-01-13 17:20:19.744,9.906
2026-01-13 17:20:19.745,9.905
2026-01-13 17:20:19.771,9.907
2026-01-13 17:20:19.771,9.91
2026-01-13 17:20:19.779,9.907
2026-01-13 17:20:19.787,9.907
2026-01-13 17:20:19.803,9.911
2026-01-13 17:20:19.820,9.912
2026-01-13 17:20:19.837,9.922
2026-01-13 17:20:19.837,9.914
2026-01-13 17:20:19.853,9.907
2026-01-13 17:20:19.872,9.903
2026-01-13 17:20:19.872,9.895
2026-01-13 17:20:19.889,9.89
2026-01-13 17:20:19.904,9.89
2026-01-13 17:20:19.921,9.891
2026-01-13 17:20:19.921,9.888
2026-01-13 17:20:19.940,9.876
2026-01-13 17:20:19.954,9.875
2026-01-13 17:20:19.955,9.87
2026-01-13 17:20:19.989,9.867
2026-01-13 17:20:19.989,9.87
2026-01-13 17:20:20.006,9.866
2026-01-13 17:20:20.021,9.873
2026-01-13 17:20:20.038,9.865
2026-01-13 17:20:20.038,9.869
2026-01-13 17:20:20.055,9.87
2026-01-13 17:20:20.070,9.877
2026-01-13 17:20:20.089,9.877
2026-01-13 17:20:20.089,9.88
2026-01-13 17:20:20.105,9.889
2026-01-13 17:20:20.123,9.886
2026-01-13 17:20:20.123,9.891
2026-01-13 17:20:20.139,9.895
2026-01-13 17:20:20.155,9.9
2026-01-13 17:20:20.171,9.9
2026-01-13 17:20:20.173,9.897
2026-01-13 17:20:20.189,9.908
2026-01-13 17:20:20.205,9.905
2026-01-13 17:20:20.205,9.904
2026-01-13 17:20:20.221,9.905
2026-01-13 17:20:20.239,9.908
2026-01-13 17:20:20.255,9.914
2026-01-13 17:20:20.256,9.907
2026-01-13 17:20:20.270,9.91
2026-01-13 17:20:20.288,9.912
2026-01-13 17:20:20.289,9.91
2026-01-13 17:20:20.305,9.917
2026-01-13 17:20:20.321,9.915
2026-01-13 17:20:20.339,9.911
2026-01-13 17:20:20.339,9.904
2026-01-13 17:20:20.355,9.904
2026-01-13 17:20:20.372,9.901
2026-01-13 17:20:20.388,9.909
2026-01-13 17:20:20.388,9.907
2026-01-13 17:20:20.407,9.911
2026-01-13 17:20:20.421,9.91
2026-01-13 17:20:20.423,9.918
2026-01-13 17:20:20.439,9.914
2026-01-13 17:20:20.455,9.916
2026-01-13 17:20:20.472,9.915
2026-01-13 17:20:20.472,9.913
2026-01-13 17:20:20.490,9.914
2026-01-13 17:20:20.504,9.916
2026-01-13 17:20:20.521,9.919
2026-01-13 17:20:20.521,9.921
2026-01-13 17:20:20.538,9.929
2026-01-13 17:20:20.556,9.935
2026-01-13 17:20:20.557,9.935
2026-01-13 17:20:20.573,9.945
2026-01-13 17:20:20.589,9.944
2026-01-13 17:20:20.606,9.949
2026-01-13 17:20:20.606,9.959
2026-01-13 17:20:20.622,9.959
2026-01-13 17:20:20.640,9.951
2026-01-13 17:20:20.640,9.95
2026-01-13 17:20:20.655,9.945
2026-01-13 17:20:20.672,9.949
2026-01-13 17:20:20.688,9.956
2026-01-13 17:20:20.688,9.96
2026-01-13 17:20:20.705,9.963
2026-01-13 17:20:20.720,9.959
2026-01-13 17:20:20.741,9.962
2026-01-13 17:20:20.741,9.964
2026-01-13 17:20:20.753,9.966
2026-01-13 17:20:20.770,9.966
2026-01-13 17:20:20.770,9.961
2026-01-13 17:20:20.787,9.971
2026-01-13 17:20:20.805,9.966
2026-01-13 17:20:20.806,9.968
2026-01-13 17:20:20.821,9.963
2026-01-13 17:20:20.837,9.962
2026-01-13 17:20:20.856,9.958
2026-01-13 17:20:20.856,9.96
2026-01-13 17:20:20.872,9.958
2026-01-13 17:20:20.888,9.957
2026-01-13 17:20:20.905,9.953
2026-01-13 17:20:20.905,9.959
2026-01-13 17:20:20.922,9.963
2026-01-13 17:20:20.939,9.966
2026-01-13 17:20:20.939,9.958
2026-01-13 17:20:20.954,9.96
2026-01-13 17:20:20.972,9.961
2026-01-13 17:20:20.989,9.959
2026-01-13 17:20:20.989,9.957
2026-01-13 17:20:21.005,9.959
2026-01-13 17:20:21.021,9.961
2026-01-13 17:20:21.021,9.961
2026-01-13 17:20:21.039,9.968
2026-01-13 17:20:21.055,9.966
2026-01-13 17:20:21.071,9.969
2026-01-13 17:20:21.072,9.967
2026-01-13 17:20:21.089,9.963
2026-01-13 17:20:21.104,9.965
2026-01-13 17:20:21.151,9.96
2026-01-13 17:20:21.152,9.955
2026-01-13 17:20:21.153,9.954
2026-01-13 17:20:21.153,9.955
2026-01-13 17:20:21.153,9.953
2026-01-13 17:20:21.171,9.951
2026-01-13 17:20:21.189,9.95
2026-01-13 17:20:21.190,9.951
2026-01-13 17:20:21.205,9.951
2026-01-13 17:20:21.220,9.953
2026-01-13 17:20:21.239,9.958
2026-01-13 17:20:21.239,9.964
2026-01-13 17:20:21.255,9.961
2026-01-13 17:20:21.271,9.964
2026-01-13 17:20:21.289,9.969
2026-01-13 17:20:21.290,9.975
2026-01-13 17:20:21.305,9.979
2026-01-13 17:20:21.320,9.973
2026-01-13 17:20:21.339,9.975
2026-01-13 17:20:21.339,9.973
2026-01-13 17:20:21.355,9.975
2026-01-13 17:20:21.371,9.976
2026-01-13 17:20:21.371,9.972
2026-01-13 17:20:21.389,9.976
2026-01-13 17:20:21.405,9.975
2026-01-13 17:20:21.405,9.976
2026-01-13 17:20:21.421,9.974
2026-01-13 17:20:21.440,9.968
2026-01-13 17:20:21.455,9.971
2026-01-13 17:20:21.455,9.968
2026-01-13 17:20:21.471,9.967
2026-01-13 17:20:21.488,9.963
2026-01-13 17:20:21.505,9.962
2026-01-13 17:20:21.505,9.963
2026-01-13 17:20:21.521,9.958
2026-01-13 17:20:21.540,9.955
2026-01-13 17:20:21.540,9.952
2026-01-13 17:20:21.554,9.954
2026-01-13 17:20:21.571,9.956
2026-01-13 17:20:21.588,9.954
2026-01-13 17:20:21.589,9.955
2026-01-13 17:20:21.605,9.955
2026-01-13 17:20:21.622,9.952
2026-01-13 17:20:21.622,9.963
2026-01-13 17:20:21.638,9.963
2026-01-13 17:20:21.654,9.966
2026-01-13 17:20:21.670,9.964
2026-01-13 17:20:21.670,9.966
2026-01-13 17:20:21.688,9.959
2026-01-13 17:20:21.705,9.954
2026-01-13 17:20:21.706,9.951
2026-01-13 17:20:21.721,9.944
2026-01-13 17:20:21.744,9.943
2026-01-13 17:20:21.745,9.942
2026-01-13 17:20:21.754,9.943
2026-01-13 17:20:21.769,9.94
2026-01-13 17:20:21.788,9.935
2026-01-13 17:20:21.805,9.933
2026-01-13 17:20:21.806,9.936
2026-01-13 17:20:21.822,9.932
2026-01-13 17:20:21.838,9.936
2026-01-13 17:20:21.839,9.94
2026-01-13 17:20:21.855,9.941
2026-01-13 17:20:21.870,9.941
2026-01-13 17:20:21.887,9.942
2026-01-13 17:20:21.888,9.944
2026-01-13 17:20:21.904,9.951
2026-01-13 17:20:21.920,9.944
2026-01-13 17:20:21.937,9.947
2026-01-13 17:20:21.937,9.953
2026-01-13 17:20:21.954,9.949
2026-01-13 17:20:21.970,9.951
2026-01-13 17:20:21.971,9.952
2026-01-13 17:20:21.986,9.949
2026-01-13 17:20:22.002,9.949
2026-01-13 17:20:22.020,9.948
2026-01-13 17:20:22.020,9.943
2026-01-13 17:20:22.037,9.943
2026-01-13 17:20:22.053,9.947
2026-01-13 17:20:22.054,9.946
2026-01-13 17:20:22.072,9.943
2026-01-13 17:20:22.087,9.949
2026-01-13 17:20:22.104,9.948
2026-01-13 17:20:22.104,9.951
2026-01-13 17:20:22.122,9.952
2026-01-13 17:20:22.140,9.944
2026-01-13 17:20:22.140,9.943
2026-01-13 17:20:22.153,9.946
2026-01-13 17:20:22.171,9.943
2026-01-13 17:20:22.188,9.945
2026-01-13 17:20:22.188,9.945
2026-01-13 17:20:22.205,9.947
2026-01-13 17:20:22.222,9.947
2026-01-13 17:20:22.222,9.944
2026-01-13 17:20:22.239,9.941
2026-01-13 17:20:22.254,9.936
2026-01-13 17:20:22.272,9.932
2026-01-13 17:20:22.272,9.93
2026-01-13 17:20:22.289,9.932
2026-01-13 17:20:22.305,9.928
2026-01-13 17:20:22.305,9.928
2026-01-13 17:20:22.322,9.934
2026-01-13 17:20:22.339,9.928
2026-01-13 17:20:22.354,9.924
2026-01-13 17:20:22.355,9.924
2026-01-13 17:20:22.371,9.924
2026-01-13 17:20:22.388,9.924
2026-01-13 17:20:22.390,9.927
2026-01-13 17:20:22.404,9.921
2026-01-13 17:20:22.421,9.915
2026-01-13 17:20:22.439,9.916
2026-01-13 17:20:22.439,9.915
2026-01-13 17:20:22.455,9.912
2026-01-13 17:20:22.471,9.913
2026-01-13 17:20:22.498,9.909
2026-01-13 17:20:22.498,9.911
2026-01-13 17:20:22.498,9.911
2026-01-13 17:20:22.520,9.91
2026-01-13 17:20:22.521,9.911
2026-01-13 17:20:22.537,9.907
2026-01-13 17:20:22.555,9.907
2026-01-13 17:20:22.572,9.909
2026-01-13 17:20:22.572,9.912
2026-01-13 17:20:22.588,9.912
2026-01-13 17:20:22.605,9.909
2026-01-13 17:20:22.606,9.91
2026-01-13 17:20:22.623,9.916
2026-01-13 17:20:22.640,9.913
2026-01-13 17:20:22.654,9.908
2026-01-13 17:20:22.654,9.907
2026-01-13 17:20:22.671,9.909
2026-01-13 17:20:22.688,9.904
2026-01-13 17:20:22.689,9.903
2026-01-13 17:20:22.704,9.906
2026-01-13 17:20:22.721,9.91
2026-01-13 17:20:22.747,9.911
2026-01-13 17:20:22.748,9.911
2026-01-13 17:20:22.755,9.912
2026-01-13 17:20:22.771,9.92
2026-01-13 17:20:22.786,9.923
2026-01-13 17:20:22.786,9.922
2026-01-13 17:20:22.807,9.918
2026-01-13 17:20:22.821,9.918
2026-01-13 17:20:22.821,9.923
2026-01-13 17:20:22.838,9.924
2026-01-13 17:20:22.854,9.921
2026-01-13 17:20:22.872,9.92
2026-01-13 17:20:22.872,9.92
2026-01-13 17:20:22.889,9.921
2026-01-13 17:20:22.904,9.92
2026-01-13 17:20:22.906,9.919
2026-01-13 17:20:22.921,9.924
2026-01-13 17:20:22.939,9.923
2026-01-13 17:20:22.954,9.929
2026-01-13 17:20:22.955,9.927
2026-01-13 17:20:22.970,9.924
2026-01-13 17:20:22.989,9.925
2026-01-13 17:20:22.990,9.919
2026-01-13 17:20:23.003,9.922
2026-01-13 17:20:23.019,9.922
2026-01-13 17:20:23.036,9.923
2026-01-13 17:20:23.053,9.922
2026-01-13 17:20:23.054,9.925
2026-01-13 17:20:23.070,9.928
2026-01-13 17:20:23.087,9.934
2026-01-13 17:20:23.087,9.944
2026-01-13 17:20:23.104,9.948
2026-01-13 17:20:23.121,9.942
2026-01-13 17:20:23.121,9.946
2026-01-13 17:20:23.137,9.941
2026-01-13 17:20:23.155,9.942
2026-01-13 17:20:23.172,9.942
2026-01-13 17:20:23.172,9.945
2026-01-13 17:20:23.187,9.945
2026-01-13 17:20:23.204,9.945
2026-01-13 17:20:23.220,9.943
2026-01-13 17:20:23.220,9.94
2026-01-13 17:20:23.238,9.941
2026-01-13 17:20:23.254,9.944
2026-01-13 17:20:23.254,9.939
2026-01-13 17:20:23.271,9.936
2026-01-13 17:20:23.286,9.937
2026-01-13 17:20:23.304,9.935
2026-01-13 17:20:23.305,9.94
2026-01-13 17:20:23.322,9.946
2026-01-13 17:20:23.338,9.943
2026-01-13 17:20:23.338,9.937
2026-01-13 17:20:23.354,9.942
2026-01-13 17:20:23.371,9.939
2026-01-13 17:20:23.389,9.937
2026-01-13 17:20:23.389,9.932
2026-01-13 17:20:23.404,9.935
2026-01-13 17:20:23.420,9.939
2026-01-13 17:20:23.436,9.944
2026-01-13 17:20:23.436,9.944
2026-01-13 17:20:23.454,9.945
2026-01-13 17:20:23.472,9.939
2026-01-13 17:20:23.472,9.93
2026-01-13 17:20:23.486,9.932
2026-01-13 17:20:23.503,9.927
2026-01-13 17:20:23.520,9.928
2026-01-13 17:20:23.520,9.93
2026-01-13 17:20:23.537,9.924
2026-01-13 17:20:23.554,9.927
2026-01-13 17:20:23.554,9.924
2026-01-13 17:20:23.569,9.924
2026-01-13 17:20:23.588,9.931
2026-01-13 17:20:23.605,9.929
2026-01-13 17:20:23.605,9.934
2026-01-13 17:20:23.622,9.932
2026-01-13 17:20:23.637,9.93
2026-01-13 17:20:23.638,9.932
2026-01-13 17:20:23.654,9.935
2026-01-13 17:20:23.672,9.933
2026-01-13 17:20:23.689,9.931
2026-01-13 17:20:23.689,9.935
2026-01-13 17:20:23.704,9.931
2026-01-13 17:20:23.721,9.933
2026-01-13 17:20:23.722,9.935
2026-01-13 17:20:23.745,9.937
2026-01-13 17:20:23.745,9.941
2026-01-13 17:20:23.770,9.942
2026-01-13 17:20:23.770,9.944
2026-01-13 17:20:23.787,9.949
2026-01-13 17:20:23.804,9.946
2026-01-13 17:20:23.820,9.95
2026-01-13 17:20:23.822,9.953
2026-01-13 17:20:23.863,9.954
2026-01-13 17:20:23.864,9.958
2026-01-13 17:20:23.864,9.964
2026-01-13 17:20:23.871,9.966
2026-01-13 17:20:23.886,9.965
2026-01-13 17:20:23.905,9.968
2026-01-13 17:20:23.921,9.961
2026-01-13 17:20:23.937,9.956
2026-01-13 17:20:23.937,9.96
2026-01-13 17:20:23.954,9.964
2026-01-13 17:20:23.971,9.967
2026-01-13 17:20:23.988,9.962
2026-01-13 17:20:23.988,9.958
2026-01-13 17:20:24.004,9.96
2026-01-13 17:20:24.022,9.958
2026-01-13 17:20:24.023,9.96
2026-01-13 17:20:24.037,9.959
2026-01-13 17:20:24.054,9.956
2026-01-13 17:20:24.071,9.95
2026-01-13 17:20:24.071,9.947
2026-01-13 17:20:24.088,9.95
2026-01-13 17:20:24.104,9.945
2026-01-13 17:20:24.120,9.947
2026-01-13 17:20:24.120,9.951
2026-01-13 17:20:24.152,9.948
2026-01-13 17:20:24.153,9.95
2026-01-13 17:20:24.171,9.95
2026-01-13 17:20:24.187,9.952
2026-01-13 17:20:24.204,9.952
2026-01-13 17:20:24.204,9.955
2026-01-13 17:20:24.219,9.958
2026-01-13 17:20:24.237,9.958
2026-01-13 17:20:24.237,9.959
2026-01-13 17:20:24.253,9.961
2026-01-13 17:20:24.269,9.955
2026-01-13 17:20:24.286,9.958
2026-01-13 17:20:24.286,9.96
2026-01-13 17:20:24.303,9.956
2026-01-13 17:20:24.320,9.955
2026-01-13 17:20:24.337,9.958
2026-01-13 17:20:24.337,9.957
2026-01-13 17:20:24.353,9.965
2026-01-13 17:20:24.371,9.966
2026-01-13 17:20:24.371,9.96
2026-01-13 17:20:24.387,9.955
2026-01-13 17:20:24.403,9.966
2026-01-13 17:20:24.421,9.964
2026-01-13 17:20:24.421,9.962
2026-01-13 17:20:24.437,9.96
2026-01-13 17:20:24.453,9.956
2026-01-13 17:20:24.453,9.957
2026-01-13 17:20:24.470,9.957
2026-01-13 17:20:24.486,9.953
2026-01-13 17:20:24.502,9.95
2026-01-13 17:20:24.502,9.952
2026-01-13 17:20:24.520,9.951
2026-01-13 17:20:24.536,9.946
2026-01-13 17:20:24.553,9.95
2026-01-13 17:20:24.553,9.956
2026-01-13 17:20:24.570,9.96
2026-01-13 17:20:24.586,9.963
2026-01-13 17:20:24.586,9.961
2026-01-13 17:20:24.604,9.957
2026-01-13 17:20:24.622,9.956
2026-01-13 17:20:24.637,9.952
2026-01-13 17:20:24.654,9.956
2026-01-13 17:20:24.670,9.953
2026-01-13 17:20:24.671,9.951
2026-01-13 17:20:24.688,9.956
2026-01-13 17:20:24.703,9.957
2026-01-13 17:20:24.720,9.957
2026-01-13 17:20:24.720,9.954
2026-01-13 17:20:24.744,9.953
2026-01-13 17:20:24.744,9.956
2026-01-13 17:20:24.753,9.96
2026-01-13 17:20:24.769,9.961
2026-01-13 17:20:24.786,9.964
2026-01-13 17:20:24.803,9.959
2026-01-13 17:20:24.803,9.967
2026-01-13 17:20:24.821,9.967
2026-01-13 17:20:24.837,9.963
2026-01-13 17:20:24.837,9.961
2026-01-13 17:20:24.853,9.954
2026-01-13 17:20:24.872,9.957
2026-01-13 17:20:24.887,9.955
2026-01-13 17:20:24.888,9.95
2026-01-13 17:20:24.904,9.95
2026-01-13 17:20:24.919,9.946
2026-01-13 17:20:24.938,9.945
2026-01-13 17:20:24.938,9.952
2026-01-13 17:20:24.954,9.951
2026-01-13 17:20:24.971,9.951
2026-01-13 17:20:24.971,9.945
2026-01-13 17:20:24.988,9.95
2026-01-13 17:20:25.004,9.956
2026-01-13 17:20:25.021,9.958
2026-01-13 17:20:25.022,9.96
2026-01-13 17:20:25.040,9.958
2026-01-13 17:20:25.054,9.958
2026-01-13 17:20:25.054,9.959
2026-01-13 17:20:25.071,9.965
2026-01-13 17:20:25.090,9.966
2026-01-13 17:20:25.090,9.964
2026-01-13 17:20:25.104,9.97
2026-01-13 17:20:25.121,9.962
2026-01-13 17:20:25.138,9.962
2026-01-13 17:20:25.138,9.958
2026-01-13 17:20:25.172,9.955
2026-01-13 17:20:25.188,9.952
2026-01-13 17:20:25.188,9.952
2026-01-13 17:20:25.204,9.951
2026-01-13 17:20:25.231,9.946
2026-01-13 17:20:25.232,9.946
2026-01-13 17:20:25.239,9.949
2026-01-13 17:20:25.253,9.949
2026-01-13 17:20:25.269,9.952
2026-01-13 17:20:25.270,9.953
2026-01-13 17:20:25.285,9.953
2026-01-13 17:20:25.305,9.947
2026-01-13 17:20:25.305,9.942
2026-01-13 17:20:25.322,9.946
2026-01-13 17:20:25.338,9.944
2026-01-13 17:20:25.353,9.951
2026-01-13 17:20:25.353,9.948
2026-01-13 17:20:25.372,9.948
2026-01-13 17:20:25.389,9.951
2026-01-13 17:20:25.389,9.954
2026-01-13 17:20:25.403,9.951
2026-01-13 17:20:25.423,9.954
2026-01-13 17:20:25.437,9.955
2026-01-13 17:20:25.438,9.954
2026-01-13 17:20:25.454,9.961
2026-01-13 17:20:25.472,9.961
2026-01-13 17:20:25.488,9.961
2026-01-13 17:20:25.489,9.96
2026-01-13 17:20:25.504,9.963
2026-01-13 17:20:25.521,9.964
2026-01-13 17:20:25.522,9.962
2026-01-13 17:20:25.539,9.965
2026-01-13 17:20:25.554,9.962
2026-01-13 17:20:25.570,9.971
2026-01-13 17:20:25.571,9.974
2026-01-13 17:20:25.588,9.972
2026-01-13 17:20:25.603,9.973
2026-01-13 17:20:25.622,9.966
2026-01-13 17:20:25.622,9.965
2026-01-13 17:20:25.637,9.968
2026-01-13 17:20:25.654,9.965
2026-01-13 17:20:25.655,9.963
2026-01-13 17:20:25.673,9.959
2026-01-13 17:20:25.688,9.951
2026-01-13 17:20:25.704,9.952
2026-01-13 17:20:25.705,9.959
2026-01-13 17:20:25.719,9.955
2026-01-13 17:20:25.747,9.954
2026-01-13 17:20:25.747,9.949
2026-01-13 17:20:25.753,9.944
2026-01-13 17:20:25.770,9.947
2026-01-13 17:20:25.786,9.935
2026-01-13 17:20:25.786,9.931
2026-01-13 17:20:25.805,9.934
2026-01-13 17:20:25.822,9.925
2026-01-13 17:20:25.838,9.926
2026-01-13 17:20:25.854,9.92
2026-01-13 17:20:25.871,9.92
2026-01-13 17:20:25.871,9.917
2026-01-13 17:20:25.887,9.917
2026-01-13 17:20:25.906,9.92
2026-01-13 17:20:25.906,9.923
2026-01-13 17:20:25.921,9.927
2026-01-13 17:20:25.938,9.924
2026-01-13 17:20:25.954,9.931
2026-01-13 17:20:25.955,9.938
2026-01-13 17:20:25.970,9.944
2026-01-13 17:20:25.988,9.938
2026-01-13 17:20:26.003,9.947
2026-01-13 17:20:26.003,9.945
2026-01-13 17:20:26.020,9.941
2026-01-13 17:20:26.038,9.946
2026-01-13 17:20:26.038,9.95
2026-01-13 17:20:26.054,9.953
2026-01-13 17:20:26.071,9.958
2026-01-13 17:20:26.089,9.956
2026-01-13 17:20:26.089,9.952
2026-01-13 17:20:26.103,9.958
2026-01-13 17:20:26.120,9.962
2026-01-13 17:20:26.137,9.963
2026-01-13 17:20:26.137,9.968
2026-01-13 17:20:26.154,9.976
2026-01-13 17:20:26.171,9.971
2026-01-13 17:20:26.171,9.967
2026-01-13 17:20:26.188,9.965
2026-01-13 17:20:26.204,9.962
2026-01-13 17:20:26.220,9.959
2026-01-13 17:20:26.220,9.959
2026-01-13 17:20:26.238,9.957
2026-01-13 17:20:26.253,9.964
2026-01-13 17:20:26.254,9.96
2026-01-13 17:20:26.270,9.961
2026-01-13 17:20:26.286,9.962
2026-01-13 17:20:26.304,9.962
2026-01-13 17:20:26.305,9.965
2026-01-13 17:20:26.319,9.967
2026-01-13 17:20:26.338,9.965
2026-01-13 17:20:26.339,9.966
2026-01-13 17:20:26.353,9.962
2026-01-13 17:20:26.369,9.959
2026-01-13 17:20:26.387,9.96
2026-01-13 17:20:26.387,9.954
2026-01-13 17:20:26.403,9.948
2026-01-13 17:20:26.437,9.945
2026-01-13 17:20:26.437,9.938
2026-01-13 17:20:26.453,9.936
2026-01-13 17:20:26.471,9.936
2026-01-13 17:20:26.487,9.93
2026-01-13 17:20:26.503,9.921
2026-01-13 17:20:26.519,9.919
2026-01-13 17:20:26.519,9.915
2026-01-13 17:20:26.536,9.91
2026-01-13 17:20:26.552,9.912
2026-01-13 17:20:26.553,9.903
2026-01-13 17:20:26.569,9.904
2026-01-13 17:20:26.597,9.905
2026-01-13 17:20:26.598,9.903
2026-01-13 17:20:26.608,9.899
2026-01-13 17:20:26.619,9.892
2026-01-13 17:20:26.636,9.891
2026-01-13 17:20:26.655,9.887
2026-01-13 17:20:26.655,9.889
2026-01-13 17:20:26.670,9.895
2026-01-13 17:20:26.688,9.894
2026-01-13 17:20:26.689,9.9
2026-01-13 17:20:26.703,9.895
2026-01-13 17:20:26.720,9.896
2026-01-13 17:20:26.721,9.892
2026-01-13 17:20:26.737,9.895
2026-01-13 17:20:26.761,9.893
2026-01-13 17:20:26.761,9.887
2026-01-13 17:20:26.769,9.888
2026-01-13 17:20:26.788,9.894
2026-01-13 17:20:26.804,9.9
2026-01-13 17:20:26.820,9.897
2026-01-13 17:20:26.821,9.895
2026-01-13 17:20:26.854,9.887
2026-01-13 17:20:26.854,9.886
2026-01-13 17:20:26.870,9.886
2026-01-13 17:20:26.887,9.89
2026-01-13 17:20:26.903,9.886
2026-01-13 17:20:26.903,9.898
2026-01-13 17:20:26.920,9.894
2026-01-13 17:20:26.938,9.892
2026-01-13 17:20:26.938,9.891
2026-01-13 17:20:26.974,9.893
2026-01-13 17:20:26.988,9.892
2026-01-13 17:20:27.004,9.901
2026-01-13 17:20:27.021,9.906
2026-01-13 17:20:27.021,9.912
2026-01-13 17:20:27.038,9.913
2026-01-13 17:20:27.055,9.921
2026-01-13 17:20:27.070,9.921
2026-01-13 17:20:27.070,9.921
2026-01-13 17:20:27.088,9.922
2026-01-13 17:20:27.105,9.92
2026-01-13 17:20:27.105,9.927
2026-01-13 17:20:27.121,9.929
2026-01-13 17:20:27.138,9.928
2026-01-13 17:20:27.153,9.927
2026-01-13 17:20:27.154,9.927
2026-01-13 17:20:27.170,9.928
2026-01-13 17:20:27.186,9.929
2026-01-13 17:20:27.203,9.932
2026-01-13 17:20:27.203,9.934
2026-01-13 17:20:27.221,9.933
2026-01-13 17:20:27.237,9.939
2026-01-13 17:20:27.237,9.938
2026-01-13 17:20:27.254,9.942
2026-01-13 17:20:27.271,9.944
2026-01-13 17:20:27.288,9.949
2026-01-13 17:20:27.288,9.946
2026-01-13 17:20:27.303,9.945
2026-01-13 17:20:27.321,9.951
2026-01-13 17:20:27.324,9.954
2026-01-13 17:20:27.337,9.958
2026-01-13 17:20:27.353,9.958
2026-01-13 17:20:27.370,9.957
2026-01-13 17:20:27.387,9.951
2026-01-13 17:20:27.403,9.948
2026-01-13 17:20:27.419,9.946
2026-01-13 17:20:27.420,9.947
2026-01-13 17:20:27.437,9.948
2026-01-13 17:20:27.453,9.959
2026-01-13 17:20:27.470,9.956
2026-01-13 17:20:27.470,9.958
2026-01-13 17:20:27.487,9.95
2026-01-13 17:20:27.503,9.941
2026-01-13 17:20:27.503,9.954
2026-01-13 17:20:27.520,9.944
2026-01-13 17:20:27.537,9.942
2026-01-13 17:20:27.538,9.941
2026-01-13 17:20:27.553,9.94
2026-01-13 17:20:27.571,9.94
2026-01-13 17:20:27.589,9.941
2026-01-13 17:20:27.589,9.934
2026-01-13 17:20:27.603,9.929
2026-01-13 17:20:27.620,9.928
2026-01-13 17:20:27.637,9.926
2026-01-13 17:20:27.637,9.919
2026-01-13 17:20:27.654,9.914
2026-01-13 17:20:27.671,9.921
2026-01-13 17:20:27.671,9.923
2026-01-13 17:20:27.687,9.917
2026-01-13 17:20:27.704,9.915
2026-01-13 17:20:27.722,9.915
2026-01-13 17:20:27.722,9.913
2026-01-13 17:20:27.744,9.917
2026-01-13 17:20:27.744,9.923
2026-01-13 17:20:27.754,9.919
2026-01-13 17:20:27.769,9.922
2026-01-13 17:20:27.786,9.924
2026-01-13 17:20:27.805,9.925
2026-01-13 17:20:27.805,9.927
2026-01-13 17:20:27.821,9.931
2026-01-13 17:20:27.838,9.927
2026-01-13 17:20:27.838,9.927
2026-01-13 17:20:27.853,9.925
2026-01-13 17:20:27.870,9.933
2026-01-13 17:20:27.885,9.923
2026-01-13 17:20:27.885,9.925
2026-01-13 17:20:27.905,9.923
2026-01-13 17:20:27.964,9.915
2026-01-13 17:20:27.965,9.91
2026-01-13 17:20:27.966,9.909
2026-01-13 17:20:27.966,9.912
2026-01-13 17:20:27.974,9.908
2026-01-13 17:20:27.988,9.918
2026-01-13 17:20:28.004,9.917
2026-01-13 17:20:28.020,9.91
2026-01-13 17:20:28.020,9.905
2026-01-13 17:20:28.038,9.91
2026-01-13 17:20:28.054,9.908
2026-01-13 17:20:28.054,9.909
2026-01-13 17:20:28.070,9.905
2026-01-13 17:20:28.087,9.905
2026-01-13 17:20:28.103,9.907
2026-01-13 17:20:28.103,9.905
2026-01-13 17:20:28.121,9.906
2026-01-13 17:20:28.138,9.906
2026-01-13 17:20:28.138,9.901
2026-01-13 17:20:28.153,9.901
2026-01-13 17:20:28.170,9.907
2026-01-13 17:20:28.189,9.903
2026-01-13 17:20:28.189,9.898
2026-01-13 17:20:28.202,9.894
2026-01-13 17:20:28.221,9.894
2026-01-13 17:20:28.237,9.895
2026-01-13 17:20:28.238,9.888
2026-01-13 17:20:28.253,9.881
2026-01-13 17:20:28.272,9.876
2026-01-13 17:20:28.272,9.875
2026-01-13 17:20:28.288,9.874
2026-01-13 17:20:28.303,9.874
2026-01-13 17:20:28.319,9.872
2026-01-13 17:20:28.319,9.875
2026-01-13 17:20:28.340,9.871
2026-01-13 17:20:28.353,9.867
2026-01-13 17:20:28.354,9.869
2026-01-13 17:20:28.370,9.869
2026-01-13 17:20:28.385,9.87
2026-01-13 17:20:28.406,9.863
2026-01-13 17:20:28.406,9.857
2026-01-13 17:20:28.420,9.859
2026-01-13 17:20:28.436,9.856
2026-01-13 17:20:28.437,9.855
2026-01-13 17:20:28.452,9.856
2026-01-13 17:20:28.467,9.854
2026-01-13 17:20:28.486,9.854
2026-01-13 17:20:28.486,9.859
2026-01-13 17:20:28.503,9.854
2026-01-13 17:20:28.520,9.851
2026-01-13 17:20:28.535,9.872
2026-01-13 17:20:28.535,9.867
2026-01-13 17:20:28.552,9.867
2026-01-13 17:20:28.569,9.865
2026-01-13 17:20:28.569,9.868
2026-01-13 17:20:28.586,9.885
2026-01-13 17:20:28.602,9.88
2026-01-13 17:20:28.620,9.881
2026-01-13 17:20:28.621,9.875
2026-01-13 17:20:28.635,9.872
2026-01-13 17:20:28.653,9.894
2026-01-13 17:20:28.654,9.891
2026-01-13 17:20:28.671,9.887
2026-01-13 17:20:28.687,9.881
2026-01-13 17:20:28.702,9.88
2026-01-13 17:20:28.702,9.894
2026-01-13 17:20:28.718,9.895
2026-01-13 17:20:28.741,9.895
2026-01-13 17:20:28.741,9.895
2026-01-13 17:20:28.753,9.894
2026-01-13 17:20:28.769,9.911
2026-01-13 17:20:28.785,9.909
2026-01-13 17:20:28.785,9.906
2026-01-13 17:20:28.805,9.91
2026-01-13 17:20:28.820,9.909
2026-01-13 17:20:28.837,9.906
2026-01-13 17:20:28.837,9.91
2026-01-13 17:20:28.853,9.908
2026-01-13 17:20:28.869,9.906
2026-01-13 17:20:28.870,9.909
2026-01-13 17:20:28.885,9.903
2026-01-13 17:20:28.903,9.901
2026-01-13 17:20:28.919,9.901
2026-01-13 17:20:28.920,9.894
2026-01-13 17:20:28.936,9.891
2026-01-13 17:20:28.953,9.887
2026-01-13 17:20:28.954,9.884
2026-01-13 17:20:28.971,9.882
2026-01-13 17:20:28.987,9.882
2026-01-13 17:20:29.003,9.88
2026-01-13 17:20:29.003,9.884
2026-01-13 17:20:29.021,9.889
2026-01-13 17:20:29.037,9.896
2026-01-13 17:20:29.037,9.895
2026-01-13 17:20:29.052,9.902
2026-01-13 17:20:29.071,9.914
2026-01-13 17:20:29.087,9.913
2026-01-13 17:20:29.087,9.915
2026-01-13 17:20:29.104,9.917
2026-01-13 17:20:29.121,9.92
2026-01-13 17:20:29.121,9.921
2026-01-13 17:20:29.138,9.926
2026-01-13 17:20:29.153,9.93
2026-01-13 17:20:29.170,9.922
2026-01-13 17:20:29.171,9.922
2026-01-13 17:20:29.189,9.93
2026-01-13 17:20:29.202,9.935
2026-01-13 17:20:29.218,9.936
2026-01-13 17:20:29.218,9.937
2026-01-13 17:20:29.237,9.943
2026-01-13 17:20:29.253,9.952
2026-01-13 17:20:29.253,9.958
2026-01-13 17:20:29.270,9.956
2026-01-13 17:20:29.285,9.962
2026-01-13 17:20:29.313,9.959
2026-01-13 17:20:29.313,9.965
2026-01-13 17:20:29.314,9.967
2026-01-13 17:20:29.337,9.963
2026-01-13 17:20:29.337,9.957
2026-01-13 17:20:29.353,9.952
2026-01-13 17:20:29.371,9.962
2026-01-13 17:20:29.387,9.951
2026-01-13 17:20:29.387,9.946
2026-01-13 17:20:29.403,9.939
2026-01-13 17:20:29.420,9.933
2026-01-13 17:20:29.421,9.922
2026-01-13 17:20:29.438,9.92
2026-01-13 17:20:29.452,9.92
2026-01-13 17:20:29.470,9.915
2026-01-13 17:20:29.471,9.912
2026-01-13 17:20:29.487,9.913
2026-01-13 17:20:29.503,9.912
2026-01-13 17:20:29.520,9.915
2026-01-13 17:20:29.520,9.914
2026-01-13 17:20:29.538,9.913
2026-01-13 17:20:29.553,9.911
2026-01-13 17:20:29.553,9.918
2026-01-13 17:20:29.569,9.92
2026-01-13 17:20:29.587,9.922
2026-01-13 17:20:29.603,9.931
2026-01-13 17:20:29.604,9.936
2026-01-13 17:20:29.620,9.935
2026-01-13 17:20:29.636,9.939
2026-01-13 17:20:29.637,9.941
2026-01-13 17:20:29.653,9.943
2026-01-13 17:20:29.670,9.943
2026-01-13 17:20:29.688,9.946
2026-01-13 17:20:29.703,9.947
2026-01-13 17:20:29.721,9.948
2026-01-13 17:20:29.722,9.947
2026-01-13 17:20:29.737,9.945
2026-01-13 17:20:29.758,9.94
2026-01-13 17:20:29.760,9.939
2026-01-13 17:20:29.769,9.931
2026-01-13 17:20:29.785,9.937
2026-01-13 17:20:29.802,9.934
2026-01-13 17:20:29.820,9.928
2026-01-13 17:20:29.821,9.929
2026-01-13 17:20:29.835,9.922
2026-01-13 17:20:29.853,9.933
2026-01-13 17:20:29.853,9.926
2026-01-13 17:20:29.869,9.921
2026-01-13 17:20:29.886,9.921
2026-01-13 17:20:29.903,9.922
2026-01-13 17:20:29.904,9.93
2026-01-13 17:20:29.936,9.925
2026-01-13 17:20:29.937,9.918
2026-01-13 17:20:29.937,9.913
2026-01-13 17:20:29.953,9.909
2026-01-13 17:20:29.969,9.914
2026-01-13 17:20:29.988,9.91
2026-01-13 17:20:29.988,9.906
2026-01-13 17:20:30.004,9.907
2026-01-13 17:20:30.018,9.902
2026-01-13 17:20:30.038,9.906
2026-01-13 17:20:30.038,9.906
2026-01-13 17:20:30.053,9.908
2026-01-13 17:20:30.070,9.907
2026-01-13 17:20:30.071,9.908
2026-01-13 17:20:30.088,9.919
2026-01-13 17:20:30.103,9.914
2026-01-13 17:20:30.122,9.918
2026-01-13 17:20:30.122,9.917
2026-01-13 17:20:30.136,9.915
2026-01-13 17:20:30.152,9.917
2026-01-13 17:20:30.172,9.917
2026-01-13 17:20:30.188,9.917
2026-01-13 17:20:30.203,9.916
2026-01-13 17:20:30.203,9.915
2026-01-13 17:20:30.220,9.924
2026-01-13 17:20:30.237,9.922
2026-01-13 17:20:30.237,9.931
2026-01-13 17:20:30.254,9.932
2026-01-13 17:20:30.269,9.934
2026-01-13 17:20:30.287,9.94
2026-01-13 17:20:30.287,9.937
2026-01-13 17:20:30.303,9.936
2026-01-13 17:20:30.320,9.939
2026-01-13 17:20:30.339,9.951
2026-01-13 17:20:30.339,9.952
2026-01-13 17:20:30.353,9.947
2026-01-13 17:20:30.370,9.944
2026-01-13 17:20:30.370,9.936
2026-01-13 17:20:30.386,9.943
2026-01-13 17:20:30.402,9.939
2026-01-13 17:20:30.421,9.931
2026-01-13 17:20:30.421,9.932
2026-01-13 17:20:30.436,9.939
2026-01-13 17:20:30.453,9.95
2026-01-13 17:20:30.454,9.952
2026-01-13 17:20:30.472,9.959
2026-01-13 17:20:30.488,9.953
2026-01-13 17:20:30.503,9.95
2026-01-13 17:20:30.503,9.955
2026-01-13 17:20:30.519,9.944
2026-01-13 17:20:30.535,9.934
2026-01-13 17:20:30.554,9.917
2026-01-13 17:20:30.554,9.893
2026-01-13 17:20:30.570,9.891
2026-01-13 17:20:30.587,9.884
2026-01-13 17:20:30.587,9.878
2026-01-13 17:20:30.602,9.881
2026-01-13 17:20:30.621,9.884
2026-01-13 17:20:30.622,9.884
2026-01-13 17:20:30.638,9.89
2026-01-13 17:20:30.653,9.899
2026-01-13 17:20:30.682,9.895
2026-01-13 17:20:30.682,9.897
2026-01-13 17:20:30.682,9.895
2026-01-13 17:20:30.702,9.894
2026-01-13 17:20:30.718,9.896
2026-01-13 17:20:30.718,9.904
2026-01-13 17:20:30.740,9.908
2026-01-13 17:20:30.752,9.915
2026-01-13 17:20:30.770,9.921
2026-01-13 17:20:30.770,9.928
2026-01-13 17:20:30.787,9.914
2026-01-13 17:20:30.804,9.91
2026-01-13 17:20:30.804,9.908
2026-01-13 17:20:30.820,9.908
2026-01-13 17:20:30.837,9.907
2026-01-13 17:20:30.837,9.907
2026-01-13 17:20:30.853,9.907
2026-01-13 17:20:30.868,9.893
2026-01-13 17:20:30.885,9.891
2026-01-13 17:20:30.886,9.893
2026-01-13 17:20:30.902,9.888
2026-01-13 17:20:30.919,9.891
2026-01-13 17:20:30.935,9.895
2026-01-13 17:20:30.935,9.892
2026-01-13 17:20:30.952,9.883
2026-01-13 17:20:30.969,9.873
2026-01-13 17:20:30.969,9.872
2026-01-13 17:20:30.985,9.862
2026-01-13 17:20:31.003,9.859
2026-01-13 17:20:31.018,9.864
2026-01-13 17:20:31.019,9.87
2026-01-13 17:20:31.035,9.871
2026-01-13 17:20:31.051,9.88
2026-01-13 17:20:31.070,9.873
2026-01-13 17:20:31.070,9.87
2026-01-13 17:20:31.087,9.866
2026-01-13 17:20:31.103,9.864
2026-01-13 17:20:31.103,9.879
2026-01-13 17:20:31.119,9.868
2026-01-13 17:20:31.137,9.87
2026-01-13 17:20:31.138,9.875
2026-01-13 17:20:31.152,9.87
2026-01-13 17:20:31.168,9.879
2026-01-13 17:20:31.184,9.877
2026-01-13 17:20:31.185,9.868
2026-01-13 17:20:31.203,9.866
2026-01-13 17:20:31.219,9.87
2026-01-13 17:20:31.236,9.88
2026-01-13 17:20:31.237,9.875
2026-01-13 17:20:31.254,9.873
2026-01-13 17:20:31.270,9.873
2026-01-13 17:20:31.270,9.874
2026-01-13 17:20:31.286,9.891
2026-01-13 17:20:31.303,9.89
2026-01-13 17:20:31.318,9.884
2026-01-13 17:20:31.319,9.885
2026-01-13 17:20:31.335,9.877
2026-01-13 17:20:31.354,9.888
2026-01-13 17:20:31.355,9.883
2026-01-13 17:20:31.370,9.874
2026-01-13 17:20:31.386,9.866
2026-01-13 17:20:31.403,9.866
2026-01-13 17:20:31.403,9.88
2026-01-13 17:20:31.419,9.874
2026-01-13 17:20:31.438,9.869
2026-01-13 17:20:31.438,9.873
2026-01-13 17:20:31.453,9.871
2026-01-13 17:20:31.470,9.862
2026-01-13 17:20:31.486,9.861
2026-01-13 17:20:31.486,9.867
2026-01-13 17:20:31.503,9.874
2026-01-13 17:20:31.524,9.866
2026-01-13 17:20:31.525,9.866
2026-01-13 17:20:31.536,9.868
2026-01-13 17:20:31.554,9.871
2026-01-13 17:20:31.572,9.871
2026-01-13 17:20:31.573,9.871
2026-01-13 17:20:31.587,9.884
2026-01-13 17:20:31.604,9.885
2026-01-13 17:20:31.620,9.883
2026-01-13 17:20:31.622,9.889
2026-01-13 17:20:31.636,9.888
2026-01-13 17:20:31.653,9.899
2026-01-13 17:20:31.653,9.9
2026-01-13 17:20:31.670,9.898
2026-01-13 17:20:31.687,9.896
2026-01-13 17:20:31.702,9.896
2026-01-13 17:20:31.703,9.905
2026-01-13 17:20:31.719,9.9
2026-01-13 17:20:31.744,9.906
2026-01-13 17:20:31.744,9.906
2026-01-13 17:20:31.751,9.892
2026-01-13 17:20:31.769,9.902
2026-01-13 17:20:31.787,9.895
2026-01-13 17:20:31.787,9.893
2026-01-13 17:20:31.802,9.884
2026-01-13 17:20:31.819,9.878
2026-01-13 17:20:31.837,9.883
2026-01-13 17:20:31.838,9.877
2026-01-13 17:20:31.853,9.87
2026-01-13 17:20:31.870,9.871
2026-01-13 17:20:31.870,9.871
2026-01-13 17:20:31.886,9.859
2026-01-13 17:20:31.903,9.847
2026-01-13 17:20:31.920,9.854
2026-01-13 17:20:31.920,9.855
2026-01-13 17:20:31.938,9.853
2026-01-13 17:20:31.953,9.849
2026-01-13 17:20:31.969,9.852
2026-01-13 17:20:31.969,9.859
2026-01-13 17:20:31.985,9.862
2026-01-13 17:20:32.004,9.863
2026-01-13 17:20:32.005,9.861
2026-01-13 17:20:32.043,9.865
2026-01-13 17:20:32.044,9.868
2026-01-13 17:20:32.044,9.862
2026-01-13 17:20:32.051,9.863
2026-01-13 17:20:32.069,9.866
2026-01-13 17:20:32.086,9.875
2026-01-13 17:20:32.086,9.882
2026-01-13 17:20:32.103,9.883
2026-01-13 17:20:32.119,9.882
2026-01-13 17:20:32.137,9.898
2026-01-13 17:20:32.137,9.894
2026-01-13 17:20:32.153,9.895
2026-01-13 17:20:32.170,9.901
2026-01-13 17:20:32.170,9.899
2026-01-13 17:20:32.187,9.906
2026-01-13 17:20:32.203,9.906
2026-01-13 17:20:32.221,9.901
2026-01-13 17:20:32.221,9.897
2026-01-13 17:20:32.237,9.897
2026-01-13 17:20:32.252,9.906
2026-01-13 17:20:32.253,9.907
2026-01-13 17:20:32.269,9.9
2026-01-13 17:20:32.287,9.898
2026-01-13 17:20:32.302,9.892
2026-01-13 17:20:32.302,9.892
2026-01-13 17:20:32.319,9.889
2026-01-13 17:20:32.336,9.885
2026-01-13 17:20:32.353,9.881
2026-01-13 17:20:32.353,9.881
2026-01-13 17:20:32.368,9.888
2026-01-13 17:20:32.388,9.88
2026-01-13 17:20:32.388,9.876
2026-01-13 17:20:32.403,9.875
2026-01-13 17:20:32.419,9.869
2026-01-13 17:20:32.436,9.869
2026-01-13 17:20:32.436,9.859
2026-01-13 17:20:32.452,9.858
2026-01-13 17:20:32.471,9.858
2026-01-13 17:20:32.471,9.857
2026-01-13 17:20:32.485,9.864
2026-01-13 17:20:32.504,9.861
2026-01-13 17:20:32.519,9.861
2026-01-13 17:20:32.519,9.853
2026-01-13 17:20:32.536,9.846
2026-01-13 17:20:32.554,9.847
2026-01-13 17:20:32.554,9.849
2026-01-13 17:20:32.570,9.847
2026-01-13 17:20:32.587,9.845
2026-01-13 17:20:32.604,9.842
2026-01-13 17:20:32.604,9.842
2026-01-13 17:20:32.617,9.844
2026-01-13 17:20:32.637,9.847
2026-01-13 17:20:32.638,9.843
2026-01-13 17:20:32.653,9.842
2026-01-13 17:20:32.669,9.856
2026-01-13 17:20:32.685,9.846
2026-01-13 17:20:32.686,9.842
2026-01-13 17:20:32.703,9.846
2026-01-13 17:20:32.720,9.848
2026-01-13 17:20:32.720,9.861
2026-01-13 17:20:32.742,9.87
2026-01-13 17:20:32.752,9.869
2026-01-13 17:20:32.769,9.869
2026-01-13 17:20:32.769,9.865
2026-01-13 17:20:32.785,9.875
2026-01-13 17:20:32.803,9.873
2026-01-13 17:20:32.820,9.871
2026-01-13 17:20:32.820,9.873
2026-01-13 17:20:32.836,9.873
2026-01-13 17:20:32.853,9.885
2026-01-13 17:20:32.854,9.888
2026-01-13 17:20:32.871,9.889
2026-01-13 17:20:32.886,9.897
2026-01-13 17:20:32.904,9.896
2026-01-13 17:20:32.905,9.913
2026-01-13 17:20:32.918,9.91
2026-01-13 17:20:32.937,9.907
2026-01-13 17:20:32.938,9.91
2026-01-13 17:20:32.953,9.909
2026-01-13 17:20:32.969,9.911
2026-01-13 17:20:32.988,9.91
2026-01-13 17:20:32.988,9.909
2026-01-13 17:20:33.020,9.902
2026-01-13 17:20:33.024,9.898
2026-01-13 17:20:33.036,9.888
2026-01-13 17:20:33.053,9.884
2026-01-13 17:20:33.069,9.891
2026-01-13 17:20:33.070,9.895
2026-01-13 17:20:33.086,9.904
2026-01-13 17:20:33.101,9.899
2026-01-13 17:20:33.119,9.896
2026-01-13 17:20:33.119,9.894
2026-01-13 17:20:33.135,9.889
2026-01-13 17:20:33.152,9.889
2026-01-13 17:20:33.153,9.896
2026-01-13 17:20:33.169,9.895
2026-01-13 17:20:33.186,9.893
2026-01-13 17:20:33.201,9.887
2026-01-13 17:20:33.201,9.897
2026-01-13 17:20:33.217,9.908
2026-01-13 17:20:33.235,9.915
2026-01-13 17:20:33.251,9.915
2026-01-13 17:20:33.251,9.911
2026-01-13 17:20:33.268,9.919
2026-01-13 17:20:33.285,9.91
2026-01-13 17:20:33.285,9.902
