Timestamp,Distance(m)
2026-01-13 17:47:38.309,49.956
2026-01-13 17:47:38.327,49.959
2026-01-13 17:47:38.342,49.959
2026-01-13 17:47:38.343,49.959
2026-01-13 17:47:38.358,49.954
2026-01-13 17:47:38.377,49.952
2026-01-13 17:47:38.377,49.953
2026-01-13 17:47:38.392,49.951
2026-01-13 17:47:38.409,49.954
2026-01-13 17:47:38.426,49.953
2026-01-13 17:47:38.426,49.955
2026-01-13 17:47:38.443,49.951
2026-01-13 17:47:38.458,49.948
2026-01-13 17:47:38.476,49.946
2026-01-13 17:47:38.477,49.944
2026-01-13 17:47:38.492,49.945
2026-01-13 17:47:38.509,49.944
2026-01-13 17:47:38.510,49.945
2026-01-13 17:47:38.525,49.947
2026-01-13 17:47:38.542,49.942
2026-01-13 17:47:38.559,49.938
2026-01-13 17:47:38.559,49.936
2026-01-13 17:47:38.575,49.933
2026-01-13 17:47:38.592,49.928
2026-01-13 17:47:38.593,49.93
2026-01-13 17:47:38.610,49.93
2026-01-13 17:47:38.628,49.93
2026-01-13 17:47:38.628,49.937
2026-01-13 17:47:38.643,49.933
2026-01-13 17:47:38.660,49.931
2026-01-13 17:47:38.676,49.926
2026-01-13 17:47:38.676,49.924
2026-01-13 17:47:38.694,49.932
2026-01-13 17:47:38.710,49.929
2026-01-13 17:47:38.726,49.929
2026-01-13 17:47:38.726,49.933
2026-01-13 17:47:38.744,49.933
2026-01-13 17:47:38.772,49.929
2026-01-13 17:47:38.772,49.925
2026-01-13 17:47:38.773,49.922
2026-01-13 17:47:38.793,49.916
2026-01-13 17:47:38.810,49.919
2026-01-13 17:47:38.810,49.919
2026-01-13 17:47:38.827,49.922
2026-01-13 17:47:38.844,49.924
2026-01-13 17:47:38.844,49.93
2026-01-13 17:47:38.860,49.93
2026-01-13 17:47:38.877,49.928
2026-01-13 17:47:38.893,49.935
2026-01-13 17:47:38.894,49.935
2026-01-13 17:47:38.910,49.931
2026-01-13 17:47:38.927,49.932
2026-01-13 17:47:38.927,49.932
2026-01-13 17:47:38.943,49.93
2026-01-13 17:47:38.961,49.927
2026-01-13 17:47:38.977,49.924
2026-01-13 17:47:38.977,49.923
2026-01-13 17:47:38.994,49.922
2026-01-13 17:47:39.010,49.921
2026-01-13 17:47:39.033,49.92
2026-01-13 17:47:39.033,49.92
2026-01-13 17:47:39.042,49.921
2026-01-13 17:47:39.061,49.919
2026-01-13 17:47:39.061,49.921
2026-01-13 17:47:39.077,49.926
2026-01-13 17:47:39.093,49.922
2026-01-13 17:47:39.111,49.926
2026-01-13 17:47:39.112,49.923
2026-01-13 17:47:39.126,49.92
2026-01-13 17:47:39.143,49.917
2026-01-13 17:47:39.160,49.922
2026-01-13 17:47:39.160,49.933
2026-01-13 17:47:39.175,49.931
2026-01-13 17:47:39.192,49.936
2026-01-13 17:47:39.193,49.94
2026-01-13 17:47:39.210,49.948
2026-01-13 17:47:39.227,49.953
2026-01-13 17:47:39.228,49.955
2026-01-13 17:47:39.243,49.958
2026-01-13 17:47:39.260,49.961
2026-01-13 17:47:39.277,49.963
2026-01-13 17:47:39.277,49.968
2026-01-13 17:47:39.293,49.969
2026-01-13 17:47:39.310,49.969
2026-01-13 17:47:39.312,49.972
2026-01-13 17:47:39.327,49.974
2026-01-13 17:47:39.344,49.974
2026-01-13 17:47:39.361,49.975
2026-01-13 17:47:39.361,49.97
2026-01-13 17:47:39.376,49.97
2026-01-13 17:47:39.394,49.966
2026-01-13 17:47:39.411,49.972
2026-01-13 17:47:39.411,49.966
2026-01-13 17:47:39.428,49.974
2026-01-13 17:47:39.443,49.97
2026-01-13 17:47:39.460,49.97
2026-01-13 17:47:39.461,49.972
2026-01-13 17:47:39.476,49.971
2026-01-13 17:47:39.494,49.98
2026-01-13 17:47:39.495,49.982
2026-01-13 17:47:39.509,49.985
2026-01-13 17:47:39.525,49.987
2026-01-13 17:47:39.543,49.983
2026-01-13 17:47:39.543,49.986
2026-01-13 17:47:39.560,49.979
2026-01-13 17:47:39.576,49.978
2026-01-13 17:47:39.576,49.973
2026-01-13 17:47:39.593,49.975
2026-01-13 17:47:39.610,49.975
2026-01-13 17:47:39.628,49.975
2026-01-13 17:47:39.629,49.978
2026-01-13 17:47:39.642,49.983
2026-01-13 17:47:39.660,49.982
2026-01-13 17:47:39.660,49.985
2026-01-13 17:47:39.676,49.982
2026-01-13 17:47:39.691,49.98
2026-01-13 17:47:39.710,49.982
2026-01-13 17:47:39.711,49.979
2026-01-13 17:47:39.726,49.974
2026-01-13 17:47:39.743,49.976
2026-01-13 17:47:39.744,49.972
2026-01-13 17:47:39.759,49.976
2026-01-13 17:47:39.777,49.975
2026-01-13 17:47:39.794,49.98
2026-01-13 17:47:39.794,49.976
2026-01-13 17:47:39.810,49.98
2026-01-13 17:47:39.827,49.978
2026-01-13 17:47:39.827,49.984
2026-01-13 17:47:39.844,49.987
2026-01-13 17:47:39.859,49.99
2026-01-13 17:47:39.878,50.002
2026-01-13 17:47:39.879,50.01
2026-01-13 17:47:39.893,50.008
2026-01-13 17:47:39.911,50.007
2026-01-13 17:47:39.912,50.009
2026-01-13 17:47:39.927,50.016
2026-01-13 17:47:39.943,50.015
2026-01-13 17:47:39.960,50.017
2026-01-13 17:47:39.960,50.02
2026-01-13 17:47:39.977,50.015
2026-01-13 17:47:39.993,50.017
2026-01-13 17:47:40.010,50.017
2026-01-13 17:47:40.010,50.015
2026-01-13 17:47:40.034,50.016
2026-01-13 17:47:40.034,50.023
2026-01-13 17:47:40.059,50.017
2026-01-13 17:47:40.059,50.024
2026-01-13 17:47:40.075,50.022
2026-01-13 17:47:40.091,50.021
2026-01-13 17:47:40.092,50.019
2026-01-13 17:47:40.156,50.019
2026-01-13 17:47:40.156,50.016
2026-01-13 17:47:40.157,50.009
2026-01-13 17:47:40.157,50.001
2026-01-13 17:47:40.157,49.997
2026-01-13 17:47:40.163,49.994
2026-01-13 17:47:40.177,49.993
2026-01-13 17:47:40.194,49.994
2026-01-13 17:47:40.210,49.988
2026-01-13 17:47:40.227,49.987
2026-01-13 17:47:40.227,49.987
2026-01-13 17:47:40.244,49.992
2026-01-13 17:47:40.260,49.987
2026-01-13 17:47:40.260,49.983
2026-01-13 17:47:40.276,49.979
2026-01-13 17:47:40.294,49.974
2026-01-13 17:47:40.311,49.969
2026-01-13 17:47:40.311,49.966
2026-01-13 17:47:40.327,49.957
2026-01-13 17:47:40.344,49.951
2026-01-13 17:47:40.345,49.946
2026-01-13 17:47:40.359,49.941
2026-01-13 17:47:40.376,49.941
2026-01-13 17:47:40.393,49.935
2026-01-13 17:47:40.393,49.927
2026-01-13 17:47:40.409,49.925
2026-01-13 17:47:40.427,49.917
2026-01-13 17:47:40.427,49.909
2026-01-13 17:47:40.444,49.905
2026-01-13 17:47:40.461,49.896
2026-01-13 17:47:40.477,49.892
2026-01-13 17:47:40.478,49.896
2026-01-13 17:47:40.492,49.901
2026-01-13 17:47:40.508,49.899
2026-01-13 17:47:40.524,49.901
2026-01-13 17:47:40.524,49.894
2026-01-13 17:47:40.543,49.894
2026-01-13 17:47:40.559,49.902
2026-01-13 17:47:40.559,49.9
2026-01-13 17:47:40.574,49.902
2026-01-13 17:47:40.591,49.908
2026-01-13 17:47:40.610,49.911
2026-01-13 17:47:40.610,49.917
2026-01-13 17:47:40.624,49.917
2026-01-13 17:47:40.642,49.926
2026-01-13 17:47:40.659,49.934
2026-01-13 17:47:40.660,49.939
2026-01-13 17:47:40.676,49.938
2026-01-13 17:47:40.692,49.944
2026-01-13 17:47:40.692,49.948
2026-01-13 17:47:40.707,49.95
2026-01-13 17:47:40.727,49.951
2026-01-13 17:47:40.743,49.961
2026-01-13 17:47:40.743,49.968
2026-01-13 17:47:40.760,49.97
2026-01-13 17:47:40.776,49.97
2026-01-13 17:47:40.777,49.971
2026-01-13 17:47:40.793,49.978
2026-01-13 17:47:40.808,49.979
2026-01-13 17:47:40.824,49.976
2026-01-13 17:47:40.825,49.978
2026-01-13 17:47:40.841,49.976
2026-01-13 17:47:40.860,49.977
2026-01-13 17:47:40.860,49.978
2026-01-13 17:47:40.877,49.982
2026-01-13 17:47:40.893,49.977
2026-01-13 17:47:40.910,49.977
2026-01-13 17:47:40.911,49.98
2026-01-13 17:47:40.944,49.975
2026-01-13 17:47:40.944,49.97
2026-01-13 17:47:40.959,49.977
2026-01-13 17:47:40.977,49.973
2026-01-13 17:47:40.993,49.97
2026-01-13 17:47:41.009,49.974
2026-01-13 17:47:41.034,49.971
2026-01-13 17:47:41.034,49.97
2026-01-13 17:47:41.058,49.968
2026-01-13 17:47:41.076,49.967
2026-01-13 17:47:41.076,49.967
2026-01-13 17:47:41.093,49.968
2026-01-13 17:47:41.110,49.971
2026-01-13 17:47:41.126,49.976
2026-01-13 17:47:41.126,49.977
2026-01-13 17:47:41.144,49.979
2026-01-13 17:47:41.159,49.98
2026-01-13 17:47:41.176,49.981
2026-01-13 17:47:41.194,49.977
2026-01-13 17:47:41.208,49.981
2026-01-13 17:47:41.209,49.981
2026-01-13 17:47:41.227,49.976
2026-01-13 17:47:41.244,49.977
2026-01-13 17:47:41.244,49.976
2026-01-13 17:47:41.259,49.974
2026-01-13 17:47:41.275,49.971
2026-01-13 17:47:41.293,49.974
2026-01-13 17:47:41.293,49.968
2026-01-13 17:47:41.308,49.969
2026-01-13 17:47:41.326,49.963
2026-01-13 17:47:41.344,49.965
2026-01-13 17:47:41.345,49.959
2026-01-13 17:47:41.359,49.953
2026-01-13 17:47:41.377,49.95
2026-01-13 17:47:41.377,49.945
2026-01-13 17:47:41.393,49.944
2026-01-13 17:47:41.409,49.93
2026-01-13 17:47:41.427,49.929
2026-01-13 17:47:41.427,49.922
2026-01-13 17:47:41.443,49.926
2026-01-13 17:47:41.461,49.916
2026-01-13 17:47:41.461,49.903
2026-01-13 17:47:41.498,49.899
2026-01-13 17:47:41.498,49.897
2026-01-13 17:47:41.499,49.892
2026-01-13 17:47:41.527,49.895
2026-01-13 17:47:41.527,49.897
2026-01-13 17:47:41.543,49.896
2026-01-13 17:47:41.560,49.904
2026-01-13 17:47:41.560,49.903
2026-01-13 17:47:41.576,49.906
2026-01-13 17:47:41.593,49.905
2026-01-13 17:47:41.593,49.911
2026-01-13 17:47:41.609,49.912
2026-01-13 17:47:41.625,49.919
2026-01-13 17:47:41.641,49.922
2026-01-13 17:47:41.660,49.926
2026-01-13 17:47:41.676,49.938
2026-01-13 17:47:41.677,49.943
2026-01-13 17:47:41.693,49.948
2026-01-13 17:47:41.709,49.951
2026-01-13 17:47:41.727,49.955
2026-01-13 17:47:41.727,49.963
2026-01-13 17:47:41.744,49.971
2026-01-13 17:47:41.758,49.97
2026-01-13 17:47:41.759,49.97
2026-01-13 17:47:41.776,49.974
2026-01-13 17:47:41.792,49.981
2026-01-13 17:47:41.810,49.983
2026-01-13 17:47:41.810,49.987
2026-01-13 17:47:41.826,49.99
2026-01-13 17:47:41.845,49.986
2026-01-13 17:47:41.845,49.995
2026-01-13 17:47:41.859,49.995
2026-01-13 17:47:41.875,50.0
2026-01-13 17:47:41.893,49.998
2026-01-13 17:47:41.893,50.007
2026-01-13 17:47:41.908,50.009
2026-01-13 17:47:41.926,50.018
2026-01-13 17:47:41.928,50.016
2026-01-13 17:47:41.941,50.012
2026-01-13 17:47:41.960,50.021
2026-01-13 17:47:41.977,50.018
2026-01-13 17:47:41.977,50.019
2026-01-13 17:47:41.993,50.024
2026-01-13 17:47:42.009,50.025
2026-01-13 17:47:42.032,50.029
2026-01-13 17:47:42.032,50.03
2026-01-13 17:47:42.041,50.035
2026-01-13 17:47:42.057,50.029
2026-01-13 17:47:42.076,50.023
2026-01-13 17:47:42.076,50.025
2026-01-13 17:47:42.092,50.02
2026-01-13 17:47:42.110,50.021
2026-01-13 17:47:42.110,50.015
2026-01-13 17:47:42.128,50.011
2026-01-13 17:47:42.143,50.01
2026-01-13 17:47:42.158,50.009
2026-01-13 17:47:42.158,50.013
2026-01-13 17:47:42.177,50.01
2026-01-13 17:47:42.192,50.01
2026-01-13 17:47:42.210,50.015
2026-01-13 17:47:42.225,50.018
2026-01-13 17:47:42.244,50.026
2026-01-13 17:47:42.244,50.03
2026-01-13 17:47:42.259,50.034
2026-01-13 17:47:42.276,50.035
2026-01-13 17:47:42.276,50.046
2026-01-13 17:47:42.292,50.045
2026-01-13 17:47:42.309,50.05
2026-01-13 17:47:42.325,50.049
2026-01-13 17:47:42.326,50.066
2026-01-13 17:47:42.342,50.076
2026-01-13 17:47:42.358,50.082
2026-01-13 17:47:42.360,50.07
2026-01-13 17:47:42.377,50.069
2026-01-13 17:47:42.392,50.055
2026-01-13 17:47:42.408,50.053
2026-01-13 17:47:42.408,50.045
2026-01-13 17:47:42.424,50.036
2026-01-13 17:47:42.441,50.034
2026-01-13 17:47:42.459,50.032
2026-01-13 17:47:42.459,50.04
2026-01-13 17:47:42.476,50.029
2026-01-13 17:47:42.492,50.022
2026-01-13 17:47:42.492,50.011
2026-01-13 17:47:42.508,50.004
2026-01-13 17:47:42.525,50.008
2026-01-13 17:47:42.541,50.004
2026-01-13 17:47:42.541,49.999
2026-01-13 17:47:42.558,49.992
2026-01-13 17:47:42.575,49.988
2026-01-13 17:47:42.576,49.991
2026-01-13 17:47:42.592,49.989
2026-01-13 17:47:42.609,49.988
2026-01-13 17:47:42.624,49.989
2026-01-13 17:47:42.641,49.992
2026-01-13 17:47:42.658,49.99
2026-01-13 17:47:42.676,49.982
2026-01-13 17:47:42.676,49.981
2026-01-13 17:47:42.693,49.983
2026-01-13 17:47:42.707,49.991
2026-01-13 17:47:42.710,49.994
2026-01-13 17:47:42.725,49.998
2026-01-13 17:47:42.741,50.002
2026-01-13 17:47:42.759,50.007
2026-01-13 17:47:42.776,50.012
2026-01-13 17:47:42.793,50.01
2026-01-13 17:47:42.793,50.013
2026-01-13 17:47:42.808,50.02
2026-01-13 17:47:42.825,50.028
2026-01-13 17:47:42.842,50.032
2026-01-13 17:47:42.867,50.03
2026-01-13 17:47:42.868,50.032
2026-01-13 17:47:42.868,50.033
2026-01-13 17:47:42.891,50.035
2026-01-13 17:47:42.892,50.041
2026-01-13 17:47:42.908,50.039
2026-01-13 17:47:42.924,50.042
2026-01-13 17:47:42.925,50.042
2026-01-13 17:47:42.942,50.045
2026-01-13 17:47:42.959,50.039
2026-01-13 17:47:42.975,50.03
2026-01-13 17:47:42.975,50.031
2026-01-13 17:47:42.991,50.029
2026-01-13 17:47:43.008,50.027
2026-01-13 17:47:43.008,50.026
2026-01-13 17:47:43.032,50.025
2026-01-13 17:47:43.032,50.026
2026-01-13 17:47:43.058,50.032
2026-01-13 17:47:43.058,50.028
2026-01-13 17:47:43.075,50.025
2026-01-13 17:47:43.090,50.014
2026-01-13 17:47:43.108,50.013
2026-01-13 17:47:43.108,50.013
2026-01-13 17:47:43.125,50.021
2026-01-13 17:47:43.143,50.025
2026-01-13 17:47:43.143,50.03
2026-01-13 17:47:43.157,50.032
2026-01-13 17:47:43.174,50.028
2026-01-13 17:47:43.193,50.026
2026-01-13 17:47:43.193,50.031
2026-01-13 17:47:43.207,50.031
2026-01-13 17:47:43.224,50.035
2026-01-13 17:47:43.224,50.038
2026-01-13 17:47:43.241,50.044
2026-01-13 17:47:43.258,50.051
2026-01-13 17:47:43.274,50.054
2026-01-13 17:47:43.275,50.053
2026-01-13 17:47:43.291,50.05
2026-01-13 17:47:43.308,50.047
2026-01-13 17:47:43.309,50.048
2026-01-13 17:47:43.325,50.04
2026-01-13 17:47:43.342,50.044
2026-01-13 17:47:43.358,50.045
2026-01-13 17:47:43.358,50.046
2026-01-13 17:47:43.374,50.047
2026-01-13 17:47:43.391,50.05
2026-01-13 17:47:43.391,50.048
2026-01-13 17:47:43.407,50.049
2026-01-13 17:47:43.424,50.057
2026-01-13 17:47:43.442,50.053
2026-01-13 17:47:43.456,50.056
2026-01-13 17:47:43.474,50.049
2026-01-13 17:47:43.475,50.049
2026-01-13 17:47:43.493,50.053
2026-01-13 17:47:43.509,50.049
2026-01-13 17:47:43.526,50.056
2026-01-13 17:47:43.526,50.048
2026-01-13 17:47:43.543,50.047
2026-01-13 17:47:43.558,50.037
2026-01-13 17:47:43.575,50.031
2026-01-13 17:47:43.576,50.03
2026-01-13 17:47:43.593,50.027
2026-01-13 17:47:43.609,50.025
2026-01-13 17:47:43.609,50.019
2026-01-13 17:47:43.626,50.005
2026-01-13 17:47:43.643,50.001
2026-01-13 17:47:43.644,49.999
2026-01-13 17:47:43.659,49.996
2026-01-13 17:47:43.674,49.989
2026-01-13 17:47:43.691,49.981
2026-01-13 17:47:43.691,49.979
2026-01-13 17:47:43.726,49.979
2026-01-13 17:47:43.743,49.975
2026-01-13 17:47:43.743,49.964
2026-01-13 17:47:43.759,49.965
2026-01-13 17:47:43.776,49.963
2026-01-13 17:47:43.776,49.959
2026-01-13 17:47:43.793,49.95
2026-01-13 17:47:43.809,49.954
2026-01-13 17:47:43.825,49.949
2026-01-13 17:47:43.826,49.949
2026-01-13 17:47:43.842,49.948
2026-01-13 17:47:43.859,49.954
2026-01-13 17:47:43.860,49.951
2026-01-13 17:47:43.876,49.964
2026-01-13 17:47:43.893,49.968
2026-01-13 17:47:43.910,49.97
2026-01-13 17:47:43.910,49.966
2026-01-13 17:47:43.926,49.963
2026-01-13 17:47:43.943,49.958
2026-01-13 17:47:43.943,49.964
2026-01-13 17:47:43.959,49.959
2026-01-13 17:47:43.975,49.962
2026-01-13 17:47:43.995,49.958
2026-01-13 17:47:43.995,49.953
2026-01-13 17:47:44.009,49.963
2026-01-13 17:47:44.034,49.961
2026-01-13 17:47:44.034,49.961
2026-01-13 17:47:44.041,49.963
2026-01-13 17:47:44.059,49.964
2026-01-13 17:47:44.074,49.961
2026-01-13 17:47:44.075,49.96
2026-01-13 17:47:44.091,49.966
2026-01-13 17:47:44.110,49.967
2026-01-13 17:47:44.126,49.972
2026-01-13 17:47:44.127,49.972
2026-01-13 17:47:44.143,49.979
2026-01-13 17:47:44.159,49.977
2026-01-13 17:47:44.175,49.973
2026-01-13 17:47:44.175,49.976
2026-01-13 17:47:44.236,49.975
2026-01-13 17:47:44.237,49.98
2026-01-13 17:47:44.238,49.98
2026-01-13 17:47:44.238,49.977
2026-01-13 17:47:44.259,49.973
2026-01-13 17:47:44.259,49.981
2026-01-13 17:47:44.276,49.974
2026-01-13 17:47:44.291,49.971
2026-01-13 17:47:44.291,49.97
2026-01-13 17:47:44.309,49.969
2026-01-13 17:47:44.326,49.967
2026-01-13 17:47:44.342,49.964
2026-01-13 17:47:44.342,49.963
2026-01-13 17:47:44.360,49.959
2026-01-13 17:47:44.374,49.958
2026-01-13 17:47:44.376,49.957
2026-01-13 17:47:44.393,49.961
2026-01-13 17:47:44.408,49.96
2026-01-13 17:47:44.424,49.962
2026-01-13 17:47:44.424,49.968
2026-01-13 17:47:44.442,49.964
2026-01-13 17:47:44.459,49.966
2026-01-13 17:47:44.476,49.962
2026-01-13 17:47:44.476,49.96
2026-01-13 17:47:44.509,49.964
2026-01-13 17:47:44.510,49.963
2026-01-13 17:47:44.526,49.962
2026-01-13 17:47:44.542,49.964
2026-01-13 17:47:44.544,49.965
2026-01-13 17:47:44.560,49.969
2026-01-13 17:47:44.576,49.964
2026-01-13 17:47:44.592,49.963
2026-01-13 17:47:44.592,49.959
2026-01-13 17:47:44.608,49.965
2026-01-13 17:47:44.626,49.966
2026-01-13 17:47:44.626,49.971
2026-01-13 17:47:44.644,49.971
2026-01-13 17:47:44.659,49.969
2026-01-13 17:47:44.676,49.972
2026-01-13 17:47:44.676,49.972
2026-01-13 17:47:44.692,49.973
2026-01-13 17:47:44.708,49.973
2026-01-13 17:47:44.726,49.975
2026-01-13 17:47:44.741,49.975
2026-01-13 17:47:44.763,49.971
2026-01-13 17:47:44.764,49.967
2026-01-13 17:47:44.775,49.966
2026-01-13 17:47:44.793,49.965
2026-01-13 17:47:44.809,49.962
2026-01-13 17:47:44.810,49.961
2026-01-13 17:47:44.825,49.965
2026-01-13 17:47:44.843,49.965
2026-01-13 17:47:44.843,49.967
2026-01-13 17:47:44.859,49.965
2026-01-13 17:47:44.873,49.966
2026-01-13 17:47:44.893,49.965
2026-01-13 17:47:44.893,49.965
2026-01-13 17:47:44.909,49.966
2026-01-13 17:47:44.925,49.968
2026-01-13 17:47:44.943,49.967
2026-01-13 17:47:44.943,49.972
2026-01-13 17:47:44.960,49.97
2026-01-13 17:47:44.976,49.966
2026-01-13 17:47:44.976,49.966
2026-01-13 17:47:44.991,49.965
2026-01-13 17:47:45.008,49.969
2026-01-13 17:47:45.031,49.968
2026-01-13 17:47:45.033,49.968
2026-01-13 17:47:45.057,49.972
2026-01-13 17:47:45.075,49.977
2026-01-13 17:47:45.075,49.977
2026-01-13 17:47:45.092,49.979
2026-01-13 17:47:45.109,49.987
2026-01-13 17:47:45.109,49.999
2026-01-13 17:47:45.126,50.002
2026-01-13 17:47:45.142,50.007
2026-01-13 17:47:45.157,50.011
2026-01-13 17:47:45.157,50.016
2026-01-13 17:47:45.173,50.025
2026-01-13 17:47:45.191,50.025
2026-01-13 17:47:45.191,50.022
2026-01-13 17:47:45.208,50.021
2026-01-13 17:47:45.225,50.016
2026-01-13 17:47:45.241,50.021
2026-01-13 17:47:45.242,50.011
2026-01-13 17:47:45.258,50.004
2026-01-13 17:47:45.275,50.001
2026-01-13 17:47:45.275,49.996
2026-01-13 17:47:45.292,49.997
2026-01-13 17:47:45.308,49.993
2026-01-13 17:47:45.326,49.999
2026-01-13 17:47:45.343,49.998
2026-01-13 17:47:45.360,49.998
2026-01-13 17:47:45.361,50.002
2026-01-13 17:47:45.376,50.007
2026-01-13 17:47:45.392,49.998
2026-01-13 17:47:45.409,49.993
2026-01-13 17:47:45.409,49.99
2026-01-13 17:47:45.425,49.983
2026-01-13 17:47:45.443,49.978
2026-01-13 17:47:45.443,49.971
2026-01-13 17:47:45.458,49.967
2026-01-13 17:47:45.476,49.967
2026-01-13 17:47:45.493,49.964
2026-01-13 17:47:45.493,49.968
2026-01-13 17:47:45.508,49.968
2026-01-13 17:47:45.526,49.966
2026-01-13 17:47:45.527,49.966
2026-01-13 17:47:45.543,49.959
2026-01-13 17:47:45.558,49.955
2026-01-13 17:47:45.586,49.951
2026-01-13 17:47:45.586,49.953
2026-01-13 17:47:45.587,49.952
2026-01-13 17:47:45.610,49.95
2026-01-13 17:47:45.625,49.949
2026-01-13 17:47:45.625,49.947
2026-01-13 17:47:45.642,49.948
2026-01-13 17:47:45.659,49.96
2026-01-13 17:47:45.659,49.955
2026-01-13 17:47:45.676,49.953
2026-01-13 17:47:45.692,49.955
2026-01-13 17:47:45.710,49.957
2026-01-13 17:47:45.711,49.963
2026-01-13 17:47:45.725,49.964
2026-01-13 17:47:45.743,49.957
2026-01-13 17:47:45.743,49.957
2026-01-13 17:47:45.758,49.961
2026-01-13 17:47:45.773,49.972
2026-01-13 17:47:45.790,49.969
2026-01-13 17:47:45.791,49.964
2026-01-13 17:47:45.807,49.963
2026-01-13 17:47:45.842,49.963
2026-01-13 17:47:45.843,49.961
2026-01-13 17:47:45.861,49.963
2026-01-13 17:47:45.875,49.965
2026-01-13 17:47:45.893,49.967
2026-01-13 17:47:45.908,49.967
2026-01-13 17:47:45.925,49.967
2026-01-13 17:47:45.925,49.962
2026-01-13 17:47:45.943,49.962
2026-01-13 17:47:45.958,49.963
2026-01-13 17:47:45.976,49.964
2026-01-13 17:47:45.976,49.974
2026-01-13 17:47:45.992,49.974
2026-01-13 17:47:46.016,49.974
2026-01-13 17:47:46.016,49.973
2026-01-13 17:47:46.026,49.975
2026-01-13 17:47:46.040,49.971
2026-01-13 17:47:46.059,49.975
2026-01-13 17:47:46.059,49.979
2026-01-13 17:47:46.076,49.979
2026-01-13 17:47:46.092,49.977
2026-01-13 17:47:46.092,49.978
2026-01-13 17:47:46.109,49.979
2026-01-13 17:47:46.125,49.981
2026-01-13 17:47:46.142,49.979
2026-01-13 17:47:46.143,49.977
2026-01-13 17:47:46.159,49.979
2026-01-13 17:47:46.177,49.985
2026-01-13 17:47:46.192,49.982
2026-01-13 17:47:46.209,49.983
2026-01-13 17:47:46.226,49.984
2026-01-13 17:47:46.226,49.986
2026-01-13 17:47:46.259,49.991
2026-01-13 17:47:46.259,49.994
2026-01-13 17:47:46.275,49.992
2026-01-13 17:47:46.291,49.996
2026-01-13 17:47:46.309,49.991
2026-01-13 17:47:46.325,49.991
2026-01-13 17:47:46.343,49.985
2026-01-13 17:47:46.343,49.99
2026-01-13 17:47:46.359,49.989
2026-01-13 17:47:46.375,49.996
2026-01-13 17:47:46.392,49.994
2026-01-13 17:47:46.392,49.993
2026-01-13 17:47:46.408,49.992
2026-01-13 17:47:46.426,49.988
2026-01-13 17:47:46.442,49.997
2026-01-13 17:47:46.442,49.997
2026-01-13 17:47:46.459,50.0
2026-01-13 17:47:46.475,50.0
2026-01-13 17:47:46.477,50.005
2026-01-13 17:47:46.492,50.004
2026-01-13 17:47:46.509,50.0
2026-01-13 17:47:46.525,50.002
2026-01-13 17:47:46.526,49.998
2026-01-13 17:47:46.543,49.996
2026-01-13 17:47:46.559,49.997
2026-01-13 17:47:46.559,49.994
2026-01-13 17:47:46.575,50.002
2026-01-13 17:47:46.592,49.997
2026-01-13 17:47:46.609,49.992
2026-01-13 17:47:46.609,49.991
2026-01-13 17:47:46.625,49.987
2026-01-13 17:47:46.642,49.986
2026-01-13 17:47:46.658,49.988
2026-01-13 17:47:46.659,49.989
2026-01-13 17:47:46.677,49.993
2026-01-13 17:47:46.693,49.99
2026-01-13 17:47:46.693,49.995
2026-01-13 17:47:46.725,49.994
2026-01-13 17:47:46.741,50.002
2026-01-13 17:47:46.741,50.001
2026-01-13 17:47:46.759,50.003
2026-01-13 17:47:46.776,50.003
2026-01-13 17:47:46.776,49.998
2026-01-13 17:47:46.793,49.997
2026-01-13 17:47:46.808,49.994
2026-01-13 17:47:46.826,50.0
2026-01-13 17:47:46.826,50.001
2026-01-13 17:47:46.842,49.994
2026-01-13 17:47:46.858,49.996
2026-01-13 17:47:46.859,49.997
2026-01-13 17:47:46.876,49.992
2026-01-13 17:47:46.892,50.003
2026-01-13 17:47:46.908,49.998
2026-01-13 17:47:46.925,49.999
2026-01-13 17:47:46.972,49.993
2026-01-13 17:47:46.972,50.0
2026-01-13 17:47:46.972,50.003
2026-01-13 17:47:46.973,50.004
2026-01-13 17:47:46.979,49.996
2026-01-13 17:47:46.992,49.992
2026-01-13 17:47:47.009,49.994
2026-01-13 17:47:47.031,49.997
2026-01-13 17:47:47.031,50.001
2026-01-13 17:47:47.039,49.996
2026-01-13 17:47:47.058,49.998
2026-01-13 17:47:47.076,49.994
2026-01-13 17:47:47.076,49.993
2026-01-13 17:47:47.092,49.994
2026-01-13 17:47:47.108,49.995
2026-01-13 17:47:47.125,49.994
2026-01-13 17:47:47.125,49.995
2026-01-13 17:47:47.143,49.995
2026-01-13 17:47:47.158,50.002
2026-01-13 17:47:47.175,50.004
2026-01-13 17:47:47.176,49.996
2026-01-13 17:47:47.191,49.992
2026-01-13 17:47:47.208,49.987
2026-01-13 17:47:47.208,49.99
2026-01-13 17:47:47.225,49.986
2026-01-13 17:47:47.242,49.982
2026-01-13 17:47:47.258,49.979
2026-01-13 17:47:47.258,49.972
2026-01-13 17:47:47.274,49.978
2026-01-13 17:47:47.292,49.974
2026-01-13 17:47:47.292,49.976
2026-01-13 17:47:47.307,49.984
2026-01-13 17:47:47.322,49.981
2026-01-13 17:47:47.341,49.987
2026-01-13 17:47:47.341,49.989
2026-01-13 17:47:47.358,49.986
2026-01-13 17:47:47.374,49.989
2026-01-13 17:47:47.391,49.988
2026-01-13 17:47:47.391,49.99
2026-01-13 17:47:47.407,49.994
2026-01-13 17:47:47.424,49.989
2026-01-13 17:47:47.424,49.991
2026-01-13 17:47:47.440,49.998
2026-01-13 17:47:47.457,49.997
2026-01-13 17:47:47.475,49.994
2026-01-13 17:47:47.475,50.001
2026-01-13 17:47:47.492,50.002
2026-01-13 17:47:47.507,50.004
2026-01-13 17:47:47.508,50.003
2026-01-13 17:47:47.524,49.998
2026-01-13 17:47:47.542,49.993
2026-01-13 17:47:47.558,49.994
2026-01-13 17:47:47.559,50.0
2026-01-13 17:47:47.575,49.999
2026-01-13 17:47:47.593,50.002
2026-01-13 17:47:47.593,49.999
2026-01-13 17:47:47.607,49.993
2026-01-13 17:47:47.625,49.998
2026-01-13 17:47:47.639,49.995
2026-01-13 17:47:47.640,49.996
2026-01-13 17:47:47.659,49.995
2026-01-13 17:47:47.676,49.995
2026-01-13 17:47:47.676,49.998
2026-01-13 17:47:47.691,49.993
2026-01-13 17:47:47.708,49.993
2026-01-13 17:47:47.726,49.994
2026-01-13 17:47:47.727,49.996
2026-01-13 17:47:47.742,49.994
2026-01-13 17:47:47.758,49.993
2026-01-13 17:47:47.775,49.989
2026-01-13 17:47:47.775,49.988
2026-01-13 17:47:47.792,49.985
2026-01-13 17:47:47.808,49.987
2026-01-13 17:47:47.808,49.986
2026-01-13 17:47:47.826,49.985
2026-01-13 17:47:47.842,49.984
2026-01-13 17:47:47.858,49.986
2026-01-13 17:47:47.858,49.986
2026-01-13 17:47:47.876,49.987
2026-01-13 17:47:47.893,49.986
2026-01-13 17:47:47.893,49.982
2026-01-13 17:47:47.908,49.986
2026-01-13 17:47:47.926,49.988
2026-01-13 17:47:47.942,49.988
2026-01-13 17:47:47.942,49.992
2026-01-13 17:47:47.958,49.995
2026-01-13 17:47:47.976,49.996
2026-01-13 17:47:47.976,49.999
2026-01-13 17:47:47.992,50.007
2026-01-13 17:47:48.008,50.007
2026-01-13 17:47:48.032,50.002
2026-01-13 17:47:48.032,50.0
2026-01-13 17:47:48.040,49.995
2026-01-13 17:47:48.059,50.004
2026-01-13 17:47:48.059,50.004
2026-01-13 17:47:48.075,50.004
2026-01-13 17:47:48.092,50.001
2026-01-13 17:47:48.108,50.001
2026-01-13 17:47:48.108,50.007
2026-01-13 17:47:48.126,50.008
2026-01-13 17:47:48.141,50.008
2026-01-13 17:47:48.158,50.002
2026-01-13 17:47:48.159,50.006
2026-01-13 17:47:48.175,50.002
2026-01-13 17:47:48.192,50.007
2026-01-13 17:47:48.193,50.009
2026-01-13 17:47:48.208,50.004
2026-01-13 17:47:48.227,50.005
2026-01-13 17:47:48.227,50.008
2026-01-13 17:47:48.242,50.011
2026-01-13 17:47:48.260,50.014
2026-01-13 17:47:48.277,50.014
2026-01-13 17:47:48.277,50.015
2026-01-13 17:47:48.315,50.017
2026-01-13 17:47:48.316,50.021
2026-01-13 17:47:48.316,50.022
2026-01-13 17:47:48.341,50.018
2026-01-13 17:47:48.359,50.02
2026-01-13 17:47:48.376,50.025
2026-01-13 17:47:48.376,50.019
2026-01-13 17:47:48.392,50.022
2026-01-13 17:47:48.408,50.024
2026-01-13 17:47:48.409,50.022
2026-01-13 17:47:48.425,50.021
2026-01-13 17:47:48.443,50.017
2026-01-13 17:47:48.444,50.014
2026-01-13 17:47:48.457,50.012
2026-01-13 17:47:48.476,50.008
2026-01-13 17:47:48.492,50.007
2026-01-13 17:47:48.492,50.012
2026-01-13 17:47:48.508,50.012
2026-01-13 17:47:48.525,50.014
2026-01-13 17:47:48.543,50.011
2026-01-13 17:47:48.543,50.012
2026-01-13 17:47:48.558,50.015
2026-01-13 17:47:48.575,50.013
2026-01-13 17:47:48.576,50.009
2026-01-13 17:47:48.592,50.017
2026-01-13 17:47:48.608,50.01
2026-01-13 17:47:48.623,50.014
2026-01-13 17:47:48.623,50.011
2026-01-13 17:47:48.640,50.009
2026-01-13 17:47:48.656,50.01
2026-01-13 17:47:48.674,50.009
2026-01-13 17:47:48.674,50.005
2026-01-13 17:47:48.691,50.007
2026-01-13 17:47:48.707,50.009
2026-01-13 17:47:48.708,50.008
2026-01-13 17:47:48.741,50.009
2026-01-13 17:47:48.756,50.007
2026-01-13 17:47:48.757,50.012
2026-01-13 17:47:48.775,50.011
2026-01-13 17:47:48.791,50.015
2026-01-13 17:47:48.792,50.016
2026-01-13 17:47:48.808,50.02
2026-01-13 17:47:48.824,50.028
2026-01-13 17:47:48.842,50.034
2026-01-13 17:47:48.843,50.035
2026-01-13 17:47:48.857,50.045
2026-01-13 17:47:48.873,50.046
2026-01-13 17:47:48.892,50.052
2026-01-13 17:47:48.892,50.048
2026-01-13 17:47:48.908,50.044
2026-01-13 17:47:48.925,50.042
2026-01-13 17:47:48.925,50.028
2026-01-13 17:47:48.942,50.023
2026-01-13 17:47:48.958,50.022
2026-01-13 17:47:48.975,50.02
2026-01-13 17:47:48.975,50.016
2026-01-13 17:47:48.991,50.021
2026-01-13 17:47:49.015,50.017
2026-01-13 17:47:49.015,50.017
2026-01-13 17:47:49.025,50.013
2026-01-13 17:47:49.041,50.012
2026-01-13 17:47:49.058,50.011
2026-01-13 17:47:49.059,50.014
2026-01-13 17:47:49.076,50.014
2026-01-13 17:47:49.091,50.009
2026-01-13 17:47:49.091,50.005
2026-01-13 17:47:49.109,50.005
2026-01-13 17:47:49.125,50.005
2026-01-13 17:47:49.142,50.006
2026-01-13 17:47:49.143,50.011
2026-01-13 17:47:49.158,50.008
2026-01-13 17:47:49.174,50.01
2026-01-13 17:47:49.176,50.004
2026-01-13 17:47:49.192,50.011
2026-01-13 17:47:49.208,50.005
2026-01-13 17:47:49.226,50.014
2026-01-13 17:47:49.226,50.013
2026-01-13 17:47:49.243,50.013
2026-01-13 17:47:49.258,50.02
2026-01-13 17:47:49.274,50.016
2026-01-13 17:47:49.274,50.015
2026-01-13 17:47:49.292,50.013
2026-01-13 17:47:49.308,50.013
2026-01-13 17:47:49.308,50.02
2026-01-13 17:47:49.325,50.017
2026-01-13 17:47:49.343,50.012
2026-01-13 17:47:49.358,50.013
2026-01-13 17:47:49.359,50.013
2026-01-13 17:47:49.374,50.014
2026-01-13 17:47:49.390,50.019
2026-01-13 17:47:49.408,50.016
2026-01-13 17:47:49.408,50.014
2026-01-13 17:47:49.425,50.014
2026-01-13 17:47:49.441,50.017
2026-01-13 17:47:49.441,50.018
2026-01-13 17:47:49.458,50.014
2026-01-13 17:47:49.474,50.013
2026-01-13 17:47:49.474,50.017
2026-01-13 17:47:49.490,50.014
2026-01-13 17:47:49.508,50.013
2026-01-13 17:47:49.526,50.003
2026-01-13 17:47:49.527,50.007
2026-01-13 17:47:49.540,50.008
2026-01-13 17:47:49.557,50.008
2026-01-13 17:47:49.574,50.0
2026-01-13 17:47:49.574,49.995
2026-01-13 17:47:49.589,49.996
2026-01-13 17:47:49.606,49.994
2026-01-13 17:47:49.623,49.995
2026-01-13 17:47:49.623,49.998
2026-01-13 17:47:49.640,49.998
2026-01-13 17:47:49.657,49.999
2026-01-13 17:47:49.657,49.998
2026-01-13 17:47:49.684,49.995
2026-01-13 17:47:49.684,50.0
2026-01-13 17:47:49.690,50.002
2026-01-13 17:47:49.707,50.003
2026-01-13 17:47:49.723,49.992
2026-01-13 17:47:49.740,49.993
2026-01-13 17:47:49.740,49.987
2026-01-13 17:47:49.758,49.993
2026-01-13 17:47:49.775,49.994
2026-01-13 17:47:49.776,49.995
2026-01-13 17:47:49.792,49.994
2026-01-13 17:47:49.807,49.994
2026-01-13 17:47:49.824,49.994
2026-01-13 17:47:49.824,49.993
2026-01-13 17:47:49.841,49.989
2026-01-13 17:47:49.859,49.989
2026-01-13 17:47:49.859,49.99
2026-01-13 17:47:49.875,49.989
2026-01-13 17:47:49.892,49.988
2026-01-13 17:47:49.908,49.984
2026-01-13 17:47:49.909,49.988
2026-01-13 17:47:49.924,49.988
2026-01-13 17:47:49.943,49.99
2026-01-13 17:47:49.943,49.99
2026-01-13 17:47:49.958,49.989
2026-01-13 17:47:49.974,49.988
2026-01-13 17:47:49.991,49.99
2026-01-13 17:47:49.992,49.991
2026-01-13 17:47:50.008,49.991
2026-01-13 17:47:50.032,49.994
2026-01-13 17:47:50.032,49.992
2026-01-13 17:47:50.040,49.997
2026-01-13 17:47:50.056,49.993
2026-01-13 17:47:50.074,49.991
2026-01-13 17:47:50.075,49.984
2026-01-13 17:47:50.090,49.982
2026-01-13 17:47:50.109,49.981
2026-01-13 17:47:50.125,49.981
2026-01-13 17:47:50.126,49.983
2026-01-13 17:47:50.142,49.989
2026-01-13 17:47:50.159,49.986
2026-01-13 17:47:50.159,49.99
2026-01-13 17:47:50.175,49.985
2026-01-13 17:47:50.191,49.986
2026-01-13 17:47:50.209,49.984
2026-01-13 17:47:50.209,49.983
2026-01-13 17:47:50.225,49.984
2026-01-13 17:47:50.242,49.982
2026-01-13 17:47:50.258,49.985
2026-01-13 17:47:50.259,49.986
2026-01-13 17:47:50.274,49.986
2026-01-13 17:47:50.291,49.985
2026-01-13 17:47:50.293,49.984
2026-01-13 17:47:50.308,49.986
2026-01-13 17:47:50.323,49.988
2026-01-13 17:47:50.341,49.988
2026-01-13 17:47:50.342,49.99
2026-01-13 17:47:50.357,49.992
2026-01-13 17:47:50.375,49.987
2026-01-13 17:47:50.392,49.99
2026-01-13 17:47:50.392,49.994
2026-01-13 17:47:50.408,49.992
2026-01-13 17:47:50.424,49.992
2026-01-13 17:47:50.424,49.99
2026-01-13 17:47:50.442,49.994
2026-01-13 17:47:50.458,49.998
2026-01-13 17:47:50.476,49.999
2026-01-13 17:47:50.476,49.997
2026-01-13 17:47:50.491,49.991
2026-01-13 17:47:50.509,49.99
2026-01-13 17:47:50.509,49.993
2026-01-13 17:47:50.524,49.992
2026-01-13 17:47:50.544,49.991
2026-01-13 17:47:50.544,49.994
2026-01-13 17:47:50.557,49.996
2026-01-13 17:47:50.574,49.992
2026-01-13 17:47:50.590,49.997
2026-01-13 17:47:50.608,49.997
2026-01-13 17:47:50.609,50.0
2026-01-13 17:47:50.625,49.996
2026-01-13 17:47:50.642,50.004
2026-01-13 17:47:50.642,50.0
2026-01-13 17:47:50.658,50.005
2026-01-13 17:47:50.674,50.001
2026-01-13 17:47:50.675,50.002
2026-01-13 17:47:50.691,50.005
2026-01-13 17:47:50.707,50.005
2026-01-13 17:47:50.726,50.006
2026-01-13 17:47:50.726,50.004
2026-01-13 17:47:50.742,49.997
2026-01-13 17:47:50.758,50.0
2026-01-13 17:47:50.759,50.006
2026-01-13 17:47:50.774,50.004
2026-01-13 17:47:50.791,50.002
2026-01-13 17:47:50.809,50.001
2026-01-13 17:47:50.809,50.002
2026-01-13 17:47:50.825,50.002
2026-01-13 17:47:50.842,49.998
2026-01-13 17:47:50.843,49.998
2026-01-13 17:47:50.858,49.994
2026-01-13 17:47:50.875,49.989
2026-01-13 17:47:50.890,49.985
2026-01-13 17:47:50.909,49.977
2026-01-13 17:47:50.909,49.976
2026-01-13 17:47:50.924,49.978
2026-01-13 17:47:50.941,49.979
2026-01-13 17:47:50.941,49.979
2026-01-13 17:47:50.958,49.981
2026-01-13 17:47:50.974,49.98
2026-01-13 17:47:50.992,49.98
2026-01-13 17:47:50.992,49.979
2026-01-13 17:47:51.007,49.98
2026-01-13 17:47:51.050,49.986
2026-01-13 17:47:51.050,49.988
2026-01-13 17:47:51.051,49.985
2026-01-13 17:47:51.051,49.989
2026-01-13 17:47:51.059,49.995
2026-01-13 17:47:51.073,49.997
2026-01-13 17:47:51.090,50.003
2026-01-13 17:47:51.109,50.006
2026-01-13 17:47:51.109,50.002
2026-01-13 17:47:51.125,49.998
2026-01-13 17:47:51.142,49.994
2026-01-13 17:47:51.158,49.986
2026-01-13 17:47:51.158,49.991
2026-01-13 17:47:51.173,49.992
2026-01-13 17:47:51.190,49.993
2026-01-13 17:47:51.190,49.995
2026-01-13 17:47:51.208,49.991
2026-01-13 17:47:51.225,49.987
2026-01-13 17:47:51.243,49.99
2026-01-13 17:47:51.243,50.0
2026-01-13 17:47:51.258,50.003
2026-01-13 17:47:51.276,50.001
2026-01-13 17:47:51.276,49.997
2026-01-13 17:47:51.291,49.995
2026-01-13 17:47:51.308,49.996
2026-01-13 17:47:51.326,49.992
2026-01-13 17:47:51.327,49.992
2026-01-13 17:47:51.342,49.995
2026-01-13 17:47:51.358,49.997
2026-01-13 17:47:51.374,49.998
2026-01-13 17:47:51.375,50.0
2026-01-13 17:47:51.390,49.999
2026-01-13 17:47:51.407,50.002
2026-01-13 17:47:51.407,50.012
2026-01-13 17:47:51.423,50.018
2026-01-13 17:47:51.440,50.014
2026-01-13 17:47:51.457,50.011
2026-01-13 17:47:51.457,50.015
2026-01-13 17:47:51.473,50.018
2026-01-13 17:47:51.489,50.017
2026-01-13 17:47:51.507,50.018
2026-01-13 17:47:51.508,50.021
2026-01-13 17:47:51.524,50.022
2026-01-13 17:47:51.539,50.021
2026-01-13 17:47:51.556,50.022
2026-01-13 17:47:51.573,50.018
2026-01-13 17:47:51.593,50.019
2026-01-13 17:47:51.593,50.019
2026-01-13 17:47:51.624,50.015
2026-01-13 17:47:51.625,50.018
2026-01-13 17:47:51.641,50.019
2026-01-13 17:47:51.656,50.02
2026-01-13 17:47:51.674,50.022
2026-01-13 17:47:51.674,50.024
2026-01-13 17:47:51.692,50.024
2026-01-13 17:47:51.707,50.023
2026-01-13 17:47:51.708,50.023
2026-01-13 17:47:51.723,50.027
2026-01-13 17:47:51.740,50.02
2026-01-13 17:47:51.757,50.024
2026-01-13 17:47:51.757,50.031
2026-01-13 17:47:51.774,50.027
2026-01-13 17:47:51.791,50.029
2026-01-13 17:47:51.791,50.027
2026-01-13 17:47:51.806,50.03
2026-01-13 17:47:51.823,50.037
2026-01-13 17:47:51.840,50.04
2026-01-13 17:47:51.841,50.04
2026-01-13 17:47:51.856,50.041
2026-01-13 17:47:51.873,50.042
2026-01-13 17:47:51.890,50.043
2026-01-13 17:47:51.890,50.043
2026-01-13 17:47:51.907,50.042
2026-01-13 17:47:51.924,50.038
2026-01-13 17:47:51.924,50.032
2026-01-13 17:47:51.940,50.03
2026-01-13 17:47:51.955,50.032
2026-01-13 17:47:51.974,50.034
2026-01-13 17:47:51.974,50.033
2026-01-13 17:47:51.991,50.032
2026-01-13 17:47:52.008,50.03
2026-01-13 17:47:52.008,50.036
2026-01-13 17:47:52.030,50.035
2026-01-13 17:47:52.031,50.031
2026-01-13 17:47:52.057,50.028
2026-01-13 17:47:52.057,50.023
2026-01-13 17:47:52.074,50.02
2026-01-13 17:47:52.089,50.015
2026-01-13 17:47:52.108,50.014
2026-01-13 17:47:52.109,50.015
2026-01-13 17:47:52.124,50.012
2026-01-13 17:47:52.141,50.009
2026-01-13 17:47:52.142,50.011
2026-01-13 17:47:52.158,50.01
2026-01-13 17:47:52.175,50.011
2026-01-13 17:47:52.175,50.009
2026-01-13 17:47:52.192,50.008
2026-01-13 17:47:52.207,50.009
2026-01-13 17:47:52.225,50.006
2026-01-13 17:47:52.225,50.007
2026-01-13 17:47:52.240,50.002
2026-01-13 17:47:52.258,50.001
2026-01-13 17:47:52.259,50.003
2026-01-13 17:47:52.275,50.003
2026-01-13 17:47:52.292,49.999
2026-01-13 17:47:52.306,49.998
2026-01-13 17:47:52.306,50.0
2026-01-13 17:47:52.324,49.998
2026-01-13 17:47:52.341,49.998
2026-01-13 17:47:52.357,49.999
2026-01-13 17:47:52.357,49.987
2026-01-13 17:47:52.401,49.989
2026-01-13 17:47:52.402,49.985
2026-01-13 17:47:52.402,49.988
2026-01-13 17:47:52.403,49.988
2026-01-13 17:47:52.425,49.985
2026-01-13 17:47:52.440,49.986
2026-01-13 17:47:52.440,49.982
2026-01-13 17:47:52.461,49.977
2026-01-13 17:47:52.472,49.983
2026-01-13 17:47:52.492,49.977
2026-01-13 17:47:52.492,49.983
2026-01-13 17:47:52.507,49.987
2026-01-13 17:47:52.526,49.987
2026-01-13 17:47:52.526,49.984
2026-01-13 17:47:52.542,49.978
2026-01-13 17:47:52.557,49.973
2026-01-13 17:47:52.574,49.976
2026-01-13 17:47:52.574,49.984
2026-01-13 17:47:52.592,49.988
2026-01-13 17:47:52.607,49.994
2026-01-13 17:47:52.608,49.993
2026-01-13 17:47:52.622,49.987
2026-01-13 17:47:52.639,49.989
2026-01-13 17:47:52.657,49.991
2026-01-13 17:47:52.657,49.997
2026-01-13 17:47:52.673,49.992
2026-01-13 17:47:52.689,49.99
2026-01-13 17:47:52.707,49.984
2026-01-13 17:47:52.707,49.988
2026-01-13 17:47:52.723,49.986
2026-01-13 17:47:52.741,49.984
2026-01-13 17:47:52.741,49.989
2026-01-13 17:47:52.758,49.989
2026-01-13 17:47:52.772,49.988
2026-01-13 17:47:52.790,49.994
2026-01-13 17:47:52.790,50.0
2026-01-13 17:47:52.806,50.0
2026-01-13 17:47:52.822,49.996
2026-01-13 17:47:52.823,49.993
2026-01-13 17:47:52.839,49.996
2026-01-13 17:47:52.857,49.994
2026-01-13 17:47:52.872,49.99
2026-01-13 17:47:52.872,49.987
2026-01-13 17:47:52.889,49.987
2026-01-13 17:47:52.907,49.984
2026-01-13 17:47:52.908,49.981
2026-01-13 17:47:52.923,49.986
2026-01-13 17:47:52.940,49.984
2026-01-13 17:47:52.956,49.983
2026-01-13 17:47:52.957,49.986
2026-01-13 17:47:52.974,49.981
2026-01-13 17:47:52.992,49.982
2026-01-13 17:47:52.993,49.985
2026-01-13 17:47:53.006,49.983
2026-01-13 17:47:53.031,49.988
2026-01-13 17:47:53.031,49.983
2026-01-13 17:47:53.040,49.98
2026-01-13 17:47:53.057,49.982
2026-01-13 17:47:53.073,49.981
2026-01-13 17:47:53.090,49.977
2026-01-13 17:47:53.090,49.983
2026-01-13 17:47:53.107,49.975
2026-01-13 17:47:53.127,49.974
2026-01-13 17:47:53.128,49.972
2026-01-13 17:47:53.141,49.967
2026-01-13 17:47:53.158,49.972
2026-01-13 17:47:53.159,49.971
2026-01-13 17:47:53.175,49.968
2026-01-13 17:47:53.191,49.963
2026-01-13 17:47:53.207,49.965
2026-01-13 17:47:53.225,49.97
2026-01-13 17:47:53.243,49.975
2026-01-13 17:47:53.243,49.974
2026-01-13 17:47:53.258,49.976
2026-01-13 17:47:53.274,49.986
2026-01-13 17:47:53.290,49.985
2026-01-13 17:47:53.307,49.982
2026-01-13 17:47:53.308,49.983
2026-01-13 17:47:53.324,49.979
2026-01-13 17:47:53.341,49.974
2026-01-13 17:47:53.341,49.971
2026-01-13 17:47:53.357,49.972
2026-01-13 17:47:53.374,49.97
2026-01-13 17:47:53.390,49.97
2026-01-13 17:47:53.392,49.968
2026-01-13 17:47:53.408,49.966
2026-01-13 17:47:53.425,49.965
2026-01-13 17:47:53.425,49.963
2026-01-13 17:47:53.442,49.969
2026-01-13 17:47:53.457,49.972
2026-01-13 17:47:53.474,49.975
2026-01-13 17:47:53.474,49.98
2026-01-13 17:47:53.491,49.979
2026-01-13 17:47:53.506,49.981
2026-01-13 17:47:53.507,49.98
2026-01-13 17:47:53.522,49.983
2026-01-13 17:47:53.540,49.983
2026-01-13 17:47:53.557,49.978
2026-01-13 17:47:53.557,49.977
2026-01-13 17:47:53.571,49.98
2026-01-13 17:47:53.590,49.986
2026-01-13 17:47:53.606,49.989
2026-01-13 17:47:53.606,49.985
2026-01-13 17:47:53.623,49.983
2026-01-13 17:47:53.640,49.986
2026-01-13 17:47:53.640,49.987
2026-01-13 17:47:53.657,49.985
2026-01-13 17:47:53.675,49.983
2026-01-13 17:47:53.676,49.981
2026-01-13 17:47:53.691,49.982
2026-01-13 17:47:53.706,49.986
2026-01-13 17:47:53.725,49.982
2026-01-13 17:47:53.725,49.98
2026-01-13 17:47:53.766,49.984
2026-01-13 17:47:53.767,49.979
2026-01-13 17:47:53.767,49.978
2026-01-13 17:47:53.774,49.981
2026-01-13 17:47:53.790,49.981
2026-01-13 17:47:53.807,49.981
2026-01-13 17:47:53.808,49.98
2026-01-13 17:47:53.824,49.982
2026-01-13 17:47:53.841,49.984
2026-01-13 17:47:53.857,49.985
2026-01-13 17:47:53.858,49.986
2026-01-13 17:47:53.875,49.988
2026-01-13 17:47:53.891,49.986
2026-01-13 17:47:53.891,49.988
2026-01-13 17:47:53.907,49.988
2026-01-13 17:47:53.925,49.987
2026-01-13 17:47:53.941,49.989
2026-01-13 17:47:53.941,49.99
2026-01-13 17:47:53.957,49.992
2026-01-13 17:47:53.973,49.993
2026-01-13 17:47:53.989,49.99
2026-01-13 17:47:53.990,49.992
2026-01-13 17:47:54.014,49.996
2026-01-13 17:47:54.014,50.0
2026-01-13 17:47:54.023,50.004
2026-01-13 17:47:54.040,50.003
2026-01-13 17:47:54.057,50.001
2026-01-13 17:47:54.073,49.999
2026-01-13 17:47:54.073,50.004
2026-01-13 17:47:54.090,50.005
2026-01-13 17:47:54.106,50.005
2026-01-13 17:47:54.122,50.003
2026-01-13 17:47:54.122,50.002
2026-01-13 17:47:54.139,50.007
2026-01-13 17:47:54.156,50.008
2026-01-13 17:47:54.156,50.006
2026-01-13 17:47:54.173,50.007
2026-01-13 17:47:54.189,50.006
2026-01-13 17:47:54.208,50.007
2026-01-13 17:47:54.208,50.008
2026-01-13 17:47:54.225,50.008
2026-01-13 17:47:54.241,50.007
2026-01-13 17:47:54.242,50.009
2026-01-13 17:47:54.256,50.012
2026-01-13 17:47:54.272,50.012
2026-01-13 17:47:54.288,50.01
2026-01-13 17:47:54.288,50.019
2026-01-13 17:47:54.308,50.02
2026-01-13 17:47:54.324,50.016
2026-01-13 17:47:54.324,50.015
2026-01-13 17:47:54.340,50.015
2026-01-13 17:47:54.358,50.016
2026-01-13 17:47:54.375,50.018
2026-01-13 17:47:54.375,50.018
2026-01-13 17:47:54.389,50.027
2026-01-13 17:47:54.408,50.037
2026-01-13 17:47:54.408,50.036
2026-01-13 17:47:54.441,50.036
2026-01-13 17:47:54.458,50.036
2026-01-13 17:47:54.458,50.032
2026-01-13 17:47:54.474,50.033
2026-01-13 17:47:54.491,50.031
2026-01-13 17:47:54.491,50.032
2026-01-13 17:47:54.507,50.024
2026-01-13 17:47:54.524,50.028
2026-01-13 17:47:54.539,50.033
2026-01-13 17:47:54.541,50.033
2026-01-13 17:47:54.556,50.034
2026-01-13 17:47:54.573,50.031
2026-01-13 17:47:54.591,50.03
2026-01-13 17:47:54.592,50.031
2026-01-13 17:47:54.607,50.033
2026-01-13 17:47:54.623,50.037
2026-01-13 17:47:54.624,50.036
2026-01-13 17:47:54.641,50.035
2026-01-13 17:47:54.657,50.027
2026-01-13 17:47:54.673,50.026
2026-01-13 17:47:54.673,50.017
2026-01-13 17:47:54.688,50.006
2026-01-13 17:47:54.708,50.003
2026-01-13 17:47:54.708,50.0
2026-01-13 17:47:54.724,49.994
2026-01-13 17:47:54.740,49.997
2026-01-13 17:47:54.757,49.988
2026-01-13 17:47:54.757,49.987
2026-01-13 17:47:54.773,49.986
2026-01-13 17:47:54.790,49.985
2026-01-13 17:47:54.806,49.987
2026-01-13 17:47:54.806,49.985
2026-01-13 17:47:54.822,49.986
2026-01-13 17:47:54.839,49.992
2026-01-13 17:47:54.839,49.992
2026-01-13 17:47:54.857,49.999
2026-01-13 17:47:54.872,49.995
2026-01-13 17:47:54.889,49.992
2026-01-13 17:47:54.889,49.983
2026-01-13 17:47:54.905,49.987
2026-01-13 17:47:54.923,49.988
2026-01-13 17:47:54.923,49.987
2026-01-13 17:47:54.939,49.986
2026-01-13 17:47:54.955,49.985
2026-01-13 17:47:54.973,49.984
2026-01-13 17:47:54.988,49.991
2026-01-13 17:47:55.013,49.982
2026-01-13 17:47:55.013,49.976
2026-01-13 17:47:55.039,49.975
2026-01-13 17:47:55.056,49.971
2026-01-13 17:47:55.057,49.964
2026-01-13 17:47:55.073,49.963
2026-01-13 17:47:55.105,49.969
2026-01-13 17:47:55.106,49.967
2026-01-13 17:47:55.134,49.969
2026-01-13 17:47:55.135,49.971
2026-01-13 17:47:55.157,49.98
2026-01-13 17:47:55.174,49.984
2026-01-13 17:47:55.189,49.988
2026-01-13 17:47:55.190,49.983
2026-01-13 17:47:55.207,49.982
2026-01-13 17:47:55.223,49.983
2026-01-13 17:47:55.223,49.995
2026-01-13 17:47:55.241,49.99
2026-01-13 17:47:55.256,49.99
2026-01-13 17:47:55.273,49.984
2026-01-13 17:47:55.273,49.985
2026-01-13 17:47:55.291,49.972
2026-01-13 17:47:55.308,49.965
2026-01-13 17:47:55.308,49.973
2026-01-13 17:47:55.324,49.968
2026-01-13 17:47:55.341,49.975
2026-01-13 17:47:55.357,49.979
2026-01-13 17:47:55.373,49.972
2026-01-13 17:47:55.391,49.971
2026-01-13 17:47:55.391,49.97
2026-01-13 17:47:55.406,49.976
2026-01-13 17:47:55.424,49.976
2026-01-13 17:47:55.440,49.973
2026-01-13 17:47:55.440,49.972
2026-01-13 17:47:55.456,49.979
2026-01-13 17:47:55.474,49.981
2026-01-13 17:47:55.491,49.983
2026-01-13 17:47:55.492,49.99
2026-01-13 17:47:55.507,49.995
2026-01-13 17:47:55.523,50.004
2026-01-13 17:47:55.539,50.001
2026-01-13 17:47:55.540,50.0
2026-01-13 17:47:55.558,50.001
2026-01-13 17:47:55.574,50.0
2026-01-13 17:47:55.574,49.995
2026-01-13 17:47:55.592,50.004
2026-01-13 17:47:55.607,49.999
2026-01-13 17:47:55.622,50.001
2026-01-13 17:47:55.623,50.002
2026-01-13 17:47:55.640,50.003
2026-01-13 17:47:55.658,50.003
2026-01-13 17:47:55.658,49.996
2026-01-13 17:47:55.674,49.996
2026-01-13 17:47:55.690,49.994
2026-01-13 17:47:55.691,49.994
2026-01-13 17:47:55.708,49.996
2026-01-13 17:47:55.724,49.996
2026-01-13 17:47:55.741,49.995
2026-01-13 17:47:55.741,49.991
2026-01-13 17:47:55.756,49.998
2026-01-13 17:47:55.774,49.995
2026-01-13 17:47:55.790,49.993
2026-01-13 17:47:55.790,49.997
2026-01-13 17:47:55.807,49.993
2026-01-13 17:47:55.824,49.989
2026-01-13 17:47:55.824,49.991
2026-01-13 17:47:55.841,49.988
2026-01-13 17:47:55.857,49.986
2026-01-13 17:47:55.874,49.984
2026-01-13 17:47:55.874,49.993
2026-01-13 17:47:55.908,49.995
2026-01-13 17:47:55.909,49.992
2026-01-13 17:47:55.925,49.99
2026-01-13 17:47:55.941,49.988
2026-01-13 17:47:55.957,49.988
2026-01-13 17:47:55.957,49.985
2026-01-13 17:47:55.974,49.982
2026-01-13 17:47:55.990,49.978
2026-01-13 17:47:55.991,49.968
2026-01-13 17:47:56.006,49.971
2026-01-13 17:47:56.032,49.972
2026-01-13 17:47:56.033,49.973
2026-01-13 17:47:56.039,49.97
2026-01-13 17:47:56.055,49.977
2026-01-13 17:47:56.074,49.976
2026-01-13 17:47:56.091,49.975
2026-01-13 17:47:56.091,49.979
2026-01-13 17:47:56.107,49.979
2026-01-13 17:47:56.123,49.993
2026-01-13 17:47:56.123,49.993
2026-01-13 17:47:56.142,49.99
2026-01-13 17:47:56.156,49.988
2026-01-13 17:47:56.173,49.99
2026-01-13 17:47:56.174,49.989
2026-01-13 17:47:56.190,49.989
2026-01-13 17:47:56.207,49.988
2026-01-13 17:47:56.207,49.986
2026-01-13 17:47:56.223,49.993
2026-01-13 17:47:56.240,49.993
2026-01-13 17:47:56.257,49.988
2026-01-13 17:47:56.257,49.987
2026-01-13 17:47:56.273,49.99
2026-01-13 17:47:56.290,49.987
2026-01-13 17:47:56.305,49.993
2026-01-13 17:47:56.306,49.99
2026-01-13 17:47:56.323,49.983
2026-01-13 17:47:56.340,49.984
2026-01-13 17:47:56.340,49.979
2026-01-13 17:47:56.355,49.983
2026-01-13 17:47:56.372,49.987
2026-01-13 17:47:56.390,49.98
2026-01-13 17:47:56.390,49.98
2026-01-13 17:47:56.406,49.979
2026-01-13 17:47:56.422,49.979
2026-01-13 17:47:56.423,49.985
2026-01-13 17:47:56.440,49.991
2026-01-13 17:47:56.457,49.99
2026-01-13 17:47:56.498,49.993
2026-01-13 17:47:56.498,49.994
2026-01-13 17:47:56.499,49.994
2026-01-13 17:47:56.499,49.997
2026-01-13 17:47:56.522,50.001
2026-01-13 17:47:56.522,50.002
2026-01-13 17:47:56.540,49.999
2026-01-13 17:47:56.557,50.0
2026-01-13 17:47:56.558,50.002
2026-01-13 17:47:56.573,49.998
2026-01-13 17:47:56.591,49.997
2026-01-13 17:47:56.591,49.994
2026-01-13 17:47:56.606,49.984
2026-01-13 17:47:56.623,49.981
2026-01-13 17:47:56.640,49.979
2026-01-13 17:47:56.641,49.974
2026-01-13 17:47:56.656,49.984
2026-01-13 17:47:56.674,49.984
2026-01-13 17:47:56.691,49.975
2026-01-13 17:47:56.691,49.973
2026-01-13 17:47:56.707,49.962
2026-01-13 17:47:56.725,49.957
2026-01-13 17:47:56.725,49.951
2026-01-13 17:47:56.740,49.95
2026-01-13 17:47:56.758,49.949
2026-01-13 17:47:56.775,49.951
2026-01-13 17:47:56.775,49.958
2026-01-13 17:47:56.790,49.963
2026-01-13 17:47:56.807,49.965
2026-01-13 17:47:56.807,49.964
2026-01-13 17:47:56.823,49.966
2026-01-13 17:47:56.840,49.967
2026-01-13 17:47:56.856,49.962
2026-01-13 17:47:56.857,49.958
2026-01-13 17:47:56.874,49.961
2026-01-13 17:47:56.891,49.967
2026-01-13 17:47:56.891,49.966
2026-01-13 17:47:56.906,49.977
2026-01-13 17:47:56.924,49.971
2026-01-13 17:47:56.942,49.976
2026-01-13 17:47:56.943,49.975
2026-01-13 17:47:56.957,49.975
2026-01-13 17:47:56.974,49.98
2026-01-13 17:47:56.990,49.978
2026-01-13 17:47:56.991,49.981
2026-01-13 17:47:57.015,49.979
2026-01-13 17:47:57.016,49.978
2026-01-13 17:47:57.023,49.986
2026-01-13 17:47:57.040,49.977
2026-01-13 17:47:57.055,49.975
2026-01-13 17:47:57.072,49.977
2026-01-13 17:47:57.073,49.98
2026-01-13 17:47:57.089,49.983
2026-01-13 17:47:57.106,49.986
2026-01-13 17:47:57.122,49.988
2026-01-13 17:47:57.124,49.988
2026-01-13 17:47:57.142,49.993
2026-01-13 17:47:57.155,49.998
2026-01-13 17:47:57.155,49.998
2026-01-13 17:47:57.172,50.0
2026-01-13 17:47:57.190,50.006
2026-01-13 17:47:57.206,50.011
2026-01-13 17:47:57.206,50.016
2026-01-13 17:47:57.223,50.021
2026-01-13 17:47:57.241,50.019
2026-01-13 17:47:57.241,50.027
2026-01-13 17:47:57.256,50.027
2026-01-13 17:47:57.273,50.029
2026-01-13 17:47:57.290,50.03
2026-01-13 17:47:57.291,50.028
2026-01-13 17:47:57.306,50.029
2026-01-13 17:47:57.324,50.027
2026-01-13 17:47:57.340,50.026
2026-01-13 17:47:57.356,50.028
2026-01-13 17:47:57.373,50.026
2026-01-13 17:47:57.374,50.025
2026-01-13 17:47:57.407,50.017
2026-01-13 17:47:57.424,50.014
2026-01-13 17:47:57.424,50.012
2026-01-13 17:47:57.440,50.012
2026-01-13 17:47:57.457,50.008
2026-01-13 17:47:57.474,50.016
2026-01-13 17:47:57.490,50.022
2026-01-13 17:47:57.490,50.02
2026-01-13 17:47:57.507,50.02
2026-01-13 17:47:57.523,50.022
2026-01-13 17:47:57.540,50.02
2026-01-13 17:47:57.541,50.029
2026-01-13 17:47:57.557,50.034
2026-01-13 17:47:57.573,50.03
2026-01-13 17:47:57.592,50.029
2026-01-13 17:47:57.592,50.027
2026-01-13 17:47:57.624,50.037
2026-01-13 17:47:57.625,50.036
2026-01-13 17:47:57.642,50.035
2026-01-13 17:47:57.656,50.031
2026-01-13 17:47:57.674,50.034
2026-01-13 17:47:57.674,50.03
2026-01-13 17:47:57.691,50.033
2026-01-13 17:47:57.707,50.036
2026-01-13 17:47:57.707,50.028
2026-01-13 17:47:57.723,50.024
2026-01-13 17:47:57.742,50.025
2026-01-13 17:47:57.756,50.023
2026-01-13 17:47:57.756,50.03
2026-01-13 17:47:57.773,50.022
2026-01-13 17:47:57.790,50.016
2026-01-13 17:47:57.807,50.012
2026-01-13 17:47:57.807,50.005
2026-01-13 17:47:57.822,49.997
2026-01-13 17:47:57.864,49.987
2026-01-13 17:47:57.865,49.985
2026-01-13 17:47:57.865,49.982
2026-01-13 17:47:57.865,49.984
2026-01-13 17:47:57.889,49.985
2026-01-13 17:47:57.890,49.993
2026-01-13 17:47:57.907,49.994
2026-01-13 17:47:57.924,49.993
2026-01-13 17:47:57.924,49.993
2026-01-13 17:47:57.940,49.986
2026-01-13 17:47:57.958,49.991
2026-01-13 17:47:57.975,49.988
2026-01-13 17:47:57.975,49.994
2026-01-13 17:47:57.990,50.0
2026-01-13 17:47:58.014,50.0
2026-01-13 17:47:58.021,50.003
2026-01-13 17:47:58.040,50.012
2026-01-13 17:47:58.055,50.008
2026-01-13 17:47:58.057,50.011
2026-01-13 17:47:58.074,50.015
2026-01-13 17:47:58.091,50.012
2026-01-13 17:47:58.092,50.026
2026-01-13 17:47:58.106,50.023
2026-01-13 17:47:58.124,50.019
2026-01-13 17:47:58.141,50.018
2026-01-13 17:47:58.141,50.022
2026-01-13 17:47:58.157,50.021
2026-01-13 17:47:58.175,50.025
2026-01-13 17:47:58.175,50.028
2026-01-13 17:47:58.190,50.036
2026-01-13 17:47:58.207,50.029
2026-01-13 17:47:58.224,50.028
2026-01-13 17:47:58.224,50.026
2026-01-13 17:47:58.240,50.024
2026-01-13 17:47:58.256,50.028
2026-01-13 17:47:58.275,50.02
2026-01-13 17:47:58.276,50.027
2026-01-13 17:47:58.290,50.027
2026-01-13 17:47:58.306,50.027
2026-01-13 17:47:58.307,50.026
2026-01-13 17:47:58.323,50.025
2026-01-13 17:47:58.341,50.018
2026-01-13 17:47:58.357,50.014
2026-01-13 17:47:58.357,50.011
2026-01-13 17:47:58.374,50.016
2026-01-13 17:47:58.391,50.015
2026-01-13 17:47:58.392,50.017
2026-01-13 17:47:58.406,50.013
2026-01-13 17:47:58.424,50.011
2026-01-13 17:47:58.439,50.006
2026-01-13 17:47:58.439,50.004
2026-01-13 17:47:58.455,50.002
2026-01-13 17:47:58.471,50.002
2026-01-13 17:47:58.489,50.002
2026-01-13 17:47:58.490,50.005
2026-01-13 17:47:58.506,49.997
2026-01-13 17:47:58.524,50.007
2026-01-13 17:47:58.524,50.008
2026-01-13 17:47:58.539,50.006
2026-01-13 17:47:58.556,50.012
2026-01-13 17:47:58.572,50.017
2026-01-13 17:47:58.572,50.011
2026-01-13 17:47:58.588,50.004
2026-01-13 17:47:58.605,50.009
2026-01-13 17:47:58.622,50.007
2026-01-13 17:47:58.622,50.0
2026-01-13 17:47:58.639,50.0
2026-01-13 17:47:58.657,50.003
2026-01-13 17:47:58.673,49.994
2026-01-13 17:47:58.690,49.996
2026-01-13 17:47:58.690,49.993
2026-01-13 17:47:58.707,49.994
2026-01-13 17:47:58.723,49.99
2026-01-13 17:47:58.740,49.984
2026-01-13 17:47:58.740,49.988
2026-01-13 17:47:58.756,49.997
2026-01-13 17:47:58.773,49.994
2026-01-13 17:47:58.790,49.994
2026-01-13 17:47:58.805,49.99
2026-01-13 17:47:58.822,49.992
2026-01-13 17:47:58.824,49.996
2026-01-13 17:47:58.839,49.998
2026-01-13 17:47:58.855,49.991
2026-01-13 17:47:58.873,49.992
2026-01-13 17:47:58.873,49.992
2026-01-13 17:47:58.889,49.993
2026-01-13 17:47:58.906,49.998
2026-01-13 17:47:58.921,49.998
2026-01-13 17:47:58.922,50.004
2026-01-13 17:47:58.939,50.003
2026-01-13 17:47:58.956,49.995
2026-01-13 17:47:58.956,49.99
2026-01-13 17:47:58.973,49.987
2026-01-13 17:47:58.990,49.985
2026-01-13 17:47:58.990,49.98
2026-01-13 17:47:59.006,49.978
2026-01-13 17:47:59.030,49.979
2026-01-13 17:47:59.030,49.98
2026-01-13 17:47:59.055,49.986
2026-01-13 17:47:59.056,49.989
2026-01-13 17:47:59.072,49.989
2026-01-13 17:47:59.087,49.996
2026-01-13 17:47:59.088,50.002
2026-01-13 17:47:59.107,49.998
2026-01-13 17:47:59.123,50.001
2026-01-13 17:47:59.123,49.999
2026-01-13 17:47:59.140,49.993
2026-01-13 17:47:59.157,49.992
2026-01-13 17:47:59.174,49.992
2026-01-13 17:47:59.174,49.985
2026-01-13 17:47:59.191,49.998
2026-01-13 17:47:59.238,49.997
2026-01-13 17:47:59.240,49.996
2026-01-13 17:47:59.240,50.001
2026-01-13 17:47:59.241,50.006
2026-01-13 17:47:59.246,50.009
2026-01-13 17:47:59.256,50.013
2026-01-13 17:47:59.273,50.016
2026-01-13 17:47:59.307,50.015
2026-01-13 17:47:59.307,50.007
2026-01-13 17:47:59.324,50.006
2026-01-13 17:47:59.340,50.003
2026-01-13 17:47:59.341,49.996
2026-01-13 17:47:59.355,49.995
2026-01-13 17:47:59.372,49.992
2026-01-13 17:47:59.390,50.0
2026-01-13 17:47:59.391,50.008
2026-01-13 17:47:59.405,50.016
2026-01-13 17:47:59.423,50.031
2026-01-13 17:47:59.424,50.03
2026-01-13 17:47:59.440,50.028
2026-01-13 17:47:59.456,50.036
2026-01-13 17:47:59.473,50.04
2026-01-13 17:47:59.473,50.044
2026-01-13 17:47:59.490,50.04
2026-01-13 17:47:59.505,50.039
2026-01-13 17:47:59.523,50.044
2026-01-13 17:47:59.523,50.043
2026-01-13 17:47:59.540,50.047
2026-01-13 17:47:59.556,50.046
2026-01-13 17:47:59.556,50.046
2026-01-13 17:47:59.574,50.042
2026-01-13 17:47:59.590,50.038
2026-01-13 17:47:59.606,50.038
2026-01-13 17:47:59.606,50.032
2026-01-13 17:47:59.624,50.022
2026-01-13 17:47:59.639,50.025
2026-01-13 17:47:59.640,50.025
2026-01-13 17:47:59.656,50.024
2026-01-13 17:47:59.672,50.027
2026-01-13 17:47:59.689,50.025
2026-01-13 17:47:59.689,50.023
2026-01-13 17:47:59.705,50.025
2026-01-13 17:47:59.722,50.028
2026-01-13 17:47:59.740,50.03
2026-01-13 17:47:59.740,50.029
2026-01-13 17:47:59.756,50.032
2026-01-13 17:47:59.773,50.031
2026-01-13 17:47:59.773,50.03
2026-01-13 17:47:59.790,50.02
2026-01-13 17:47:59.806,50.02
2026-01-13 17:47:59.824,50.032
2026-01-13 17:47:59.824,50.029
2026-01-13 17:47:59.840,50.028
2026-01-13 17:47:59.854,50.026
2026-01-13 17:47:59.854,50.031
2026-01-13 17:47:59.874,50.038
2026-01-13 17:47:59.889,50.044
2026-01-13 17:47:59.906,50.041
2026-01-13 17:47:59.906,50.041
2026-01-13 17:47:59.924,50.036
2026-01-13 17:47:59.940,50.041
2026-01-13 17:47:59.940,50.037
2026-01-13 17:47:59.956,50.044
2026-01-13 17:47:59.974,50.048
2026-01-13 17:47:59.990,50.052
2026-01-13 17:47:59.990,50.053
2026-01-13 17:48:00.005,50.057
2026-01-13 17:48:00.027,50.062
2026-01-13 17:48:00.028,50.069
2026-01-13 17:48:00.038,50.069
2026-01-13 17:48:00.055,50.072
2026-01-13 17:48:00.072,50.076
2026-01-13 17:48:00.072,50.064
2026-01-13 17:48:00.088,50.065
2026-01-13 17:48:00.105,50.067
2026-01-13 17:48:00.122,50.062
2026-01-13 17:48:00.122,50.066
2026-01-13 17:48:00.138,50.073
2026-01-13 17:48:00.155,50.084
2026-01-13 17:48:00.155,50.086
2026-01-13 17:48:00.171,50.094
2026-01-13 17:48:00.188,50.097
2026-01-13 17:48:00.206,50.099
2026-01-13 17:48:00.206,50.103
2026-01-13 17:48:00.222,50.098
2026-01-13 17:48:00.239,50.097
2026-01-13 17:48:00.239,50.09
2026-01-13 17:48:00.256,50.089
2026-01-13 17:48:00.273,50.093
2026-01-13 17:48:00.290,50.096
2026-01-13 17:48:00.290,50.09
2026-01-13 17:48:00.306,50.092
2026-01-13 17:48:00.323,50.094
2026-01-13 17:48:00.324,50.095
2026-01-13 17:48:00.340,50.094
2026-01-13 17:48:00.355,50.096
2026-01-13 17:48:00.372,50.087
2026-01-13 17:48:00.373,50.077
2026-01-13 17:48:00.392,50.083
2026-01-13 17:48:00.405,50.082
2026-01-13 17:48:00.423,50.088
2026-01-13 17:48:00.423,50.088
2026-01-13 17:48:00.440,50.073
2026-01-13 17:48:00.456,50.068
2026-01-13 17:48:00.456,50.061
2026-01-13 17:48:00.474,50.063
2026-01-13 17:48:00.490,50.067
2026-01-13 17:48:00.507,50.068
2026-01-13 17:48:00.507,50.06
2026-01-13 17:48:00.522,50.055
2026-01-13 17:48:00.540,50.054
2026-01-13 17:48:00.541,50.048
2026-01-13 17:48:00.556,50.054
2026-01-13 17:48:00.586,50.056
2026-01-13 17:48:00.587,50.048
2026-01-13 17:48:00.587,50.05
2026-01-13 17:48:00.606,50.044
2026-01-13 17:48:00.623,50.036
2026-01-13 17:48:00.623,50.027
2026-01-13 17:48:00.640,50.024
2026-01-13 17:48:00.657,50.022
2026-01-13 17:48:00.674,50.015
2026-01-13 17:48:00.674,50.012
2026-01-13 17:48:00.689,50.01
2026-01-13 17:48:00.704,49.998
2026-01-13 17:48:00.721,49.995
2026-01-13 17:48:00.722,49.994
2026-01-13 17:48:00.738,49.992
2026-01-13 17:48:00.755,49.989
2026-01-13 17:48:00.755,49.987
2026-01-13 17:48:00.772,49.991
2026-01-13 17:48:00.788,49.986
2026-01-13 17:48:00.806,49.988
2026-01-13 17:48:00.806,49.986
2026-01-13 17:48:00.821,49.991
2026-01-13 17:48:00.839,49.996
2026-01-13 17:48:00.839,49.997
2026-01-13 17:48:00.854,50.008
2026-01-13 17:48:00.871,50.009
2026-01-13 17:48:00.889,50.019
2026-01-13 17:48:00.889,50.014
2026-01-13 17:48:00.904,50.012
2026-01-13 17:48:00.922,50.016
2026-01-13 17:48:00.922,50.02
2026-01-13 17:48:00.939,50.027
2026-01-13 17:48:00.956,50.037
2026-01-13 17:48:00.973,50.038
2026-01-13 17:48:00.973,50.044
2026-01-13 17:48:00.990,50.043
2026-01-13 17:48:01.006,50.045
2026-01-13 17:48:01.030,50.047
2026-01-13 17:48:01.031,50.049
2026-01-13 17:48:01.039,50.046
2026-01-13 17:48:01.055,50.046
2026-01-13 17:48:01.055,50.047
2026-01-13 17:48:01.073,50.05
2026-01-13 17:48:01.088,50.049
2026-01-13 17:48:01.106,50.05
2026-01-13 17:48:01.106,50.048
2026-01-13 17:48:01.121,50.043
2026-01-13 17:48:01.140,50.044
2026-01-13 17:48:01.141,50.047
2026-01-13 17:48:01.155,50.044
2026-01-13 17:48:01.172,50.04
2026-01-13 17:48:01.191,50.035
2026-01-13 17:48:01.191,50.038
2026-01-13 17:48:01.205,50.038
2026-01-13 17:48:01.223,50.036
2026-01-13 17:48:01.239,50.033
2026-01-13 17:48:01.240,50.033
2026-01-13 17:48:01.256,50.035
2026-01-13 17:48:01.274,50.033
2026-01-13 17:48:01.274,50.036
2026-01-13 17:48:01.290,50.034
2026-01-13 17:48:01.306,50.031
2026-01-13 17:48:01.323,50.028
2026-01-13 17:48:01.323,50.022
2026-01-13 17:48:01.340,50.022
2026-01-13 17:48:01.356,50.026
2026-01-13 17:48:01.357,50.025
2026-01-13 17:48:01.373,50.026
2026-01-13 17:48:01.390,50.027
2026-01-13 17:48:01.390,50.025
2026-01-13 17:48:01.406,50.031
2026-01-13 17:48:01.422,50.033
2026-01-13 17:48:01.440,50.033
2026-01-13 17:48:01.440,50.037
2026-01-13 17:48:01.456,50.037
2026-01-13 17:48:01.475,50.035
2026-01-13 17:48:01.475,50.029
2026-01-13 17:48:01.490,50.036
2026-01-13 17:48:01.506,50.039
2026-01-13 17:48:01.523,50.039
2026-01-13 17:48:01.523,50.035
2026-01-13 17:48:01.540,50.035
2026-01-13 17:48:01.556,50.041
2026-01-13 17:48:01.573,50.042
2026-01-13 17:48:01.573,50.039
2026-01-13 17:48:01.589,50.035
2026-01-13 17:48:01.606,50.04
2026-01-13 17:48:01.622,50.049
2026-01-13 17:48:01.622,50.046
2026-01-13 17:48:01.640,50.046
2026-01-13 17:48:01.657,50.048
2026-01-13 17:48:01.657,50.043
2026-01-13 17:48:01.671,50.043
2026-01-13 17:48:01.690,50.037
2026-01-13 17:48:01.691,50.039
2026-01-13 17:48:01.706,50.043
2026-01-13 17:48:01.722,50.05
2026-01-13 17:48:01.740,50.056
2026-01-13 17:48:01.741,50.059
2026-01-13 17:48:01.756,50.057
2026-01-13 17:48:01.773,50.058
2026-01-13 17:48:01.790,50.056
2026-01-13 17:48:01.790,50.062
2026-01-13 17:48:01.805,50.066
2026-01-13 17:48:01.824,50.062
2026-01-13 17:48:01.824,50.069
2026-01-13 17:48:01.839,50.072
2026-01-13 17:48:01.856,50.075
2026-01-13 17:48:01.874,50.075
2026-01-13 17:48:01.874,50.078
2026-01-13 17:48:01.889,50.075
2026-01-13 17:48:01.907,50.066
2026-01-13 17:48:01.907,50.065
2026-01-13 17:48:01.947,50.069
2026-01-13 17:48:01.948,50.077
2026-01-13 17:48:01.948,50.07
2026-01-13 17:48:01.956,50.065
2026-01-13 17:48:01.971,50.055
2026-01-13 17:48:01.990,50.049
2026-01-13 17:48:02.007,50.039
2026-01-13 17:48:02.007,50.033
2026-01-13 17:48:02.029,50.03
2026-01-13 17:48:02.029,50.029
2026-01-13 17:48:02.056,50.029
2026-01-13 17:48:02.056,50.027
2026-01-13 17:48:02.073,50.021
2026-01-13 17:48:02.089,50.015
2026-01-13 17:48:02.089,50.01
2026-01-13 17:48:02.106,50.01
2026-01-13 17:48:02.123,50.011
2026-01-13 17:48:02.124,50.007
2026-01-13 17:48:02.157,50.001
2026-01-13 17:48:02.174,49.999
2026-01-13 17:48:02.174,49.996
2026-01-13 17:48:02.191,49.996
2026-01-13 17:48:02.208,49.998
2026-01-13 17:48:02.222,49.994
2026-01-13 17:48:02.240,49.984
2026-01-13 17:48:02.256,49.98
2026-01-13 17:48:02.256,49.977
2026-01-13 17:48:02.272,49.974
2026-01-13 17:48:02.289,49.972
2026-01-13 17:48:02.306,49.968
2026-01-13 17:48:02.306,49.968
2026-01-13 17:48:02.321,49.966
2026-01-13 17:48:02.339,49.968
2026-01-13 17:48:02.339,49.966
2026-01-13 17:48:02.356,49.967
2026-01-13 17:48:02.371,49.967
2026-01-13 17:48:02.390,49.968
2026-01-13 17:48:02.390,49.969
2026-01-13 17:48:02.405,49.969
2026-01-13 17:48:02.422,49.97
2026-01-13 17:48:02.439,49.972
2026-01-13 17:48:02.439,49.973
2026-01-13 17:48:02.457,49.976
2026-01-13 17:48:02.473,49.976
2026-01-13 17:48:02.473,49.984
2026-01-13 17:48:02.488,49.986
2026-01-13 17:48:02.505,49.995
2026-01-13 17:48:02.521,50.004
2026-01-13 17:48:02.522,50.003
2026-01-13 17:48:02.539,50.011
2026-01-13 17:48:02.555,50.013
2026-01-13 17:48:02.571,50.019
2026-01-13 17:48:02.572,50.023
2026-01-13 17:48:02.588,50.023
2026-01-13 17:48:02.605,50.03
2026-01-13 17:48:02.605,50.025
2026-01-13 17:48:02.622,50.028
2026-01-13 17:48:02.638,50.025
2026-01-13 17:48:02.654,50.022
2026-01-13 17:48:02.654,50.024
2026-01-13 17:48:02.672,50.024
2026-01-13 17:48:02.688,50.019
2026-01-13 17:48:02.689,50.021
2026-01-13 17:48:02.705,50.016
2026-01-13 17:48:02.722,50.014
2026-01-13 17:48:02.738,50.007
2026-01-13 17:48:02.739,49.997
2026-01-13 17:48:02.754,49.996
2026-01-13 17:48:02.771,49.993
2026-01-13 17:48:02.772,49.99
2026-01-13 17:48:02.788,49.991
2026-01-13 17:48:02.804,49.99
2026-01-13 17:48:02.821,49.989
2026-01-13 17:48:02.822,49.991
2026-01-13 17:48:02.838,49.988
2026-01-13 17:48:02.855,49.988
2026-01-13 17:48:02.855,49.99
2026-01-13 17:48:02.872,49.98
2026-01-13 17:48:02.889,49.985
2026-01-13 17:48:02.904,49.985
2026-01-13 17:48:02.904,49.983
2026-01-13 17:48:02.921,49.978
2026-01-13 17:48:02.938,49.979
2026-01-13 17:48:02.954,49.975
2026-01-13 17:48:02.954,49.977
2026-01-13 17:48:02.971,49.977
2026-01-13 17:48:02.989,49.984
2026-01-13 17:48:02.990,49.989
2026-01-13 17:48:03.004,49.987
2026-01-13 17:48:03.027,49.99
2026-01-13 17:48:03.028,49.993
2026-01-13 17:48:03.038,49.991
2026-01-13 17:48:03.054,49.998
2026-01-13 17:48:03.071,49.997
2026-01-13 17:48:03.087,50.004
2026-01-13 17:48:03.088,50.005
2026-01-13 17:48:03.104,50.005
2026-01-13 17:48:03.122,50.005
2026-01-13 17:48:03.138,50.002
2026-01-13 17:48:03.154,50.004
2026-01-13 17:48:03.155,50.005
2026-01-13 17:48:03.172,50.011
2026-01-13 17:48:03.188,50.012
2026-01-13 17:48:03.205,50.016
2026-01-13 17:48:03.206,50.019
2026-01-13 17:48:03.222,50.025
2026-01-13 17:48:03.237,50.025
2026-01-13 17:48:03.254,50.025
2026-01-13 17:48:03.270,50.026
2026-01-13 17:48:03.287,50.03
2026-01-13 17:48:03.288,50.028
2026-01-13 17:48:03.321,50.023
2026-01-13 17:48:03.338,50.023
2026-01-13 17:48:03.338,50.022
2026-01-13 17:48:03.354,50.018
2026-01-13 17:48:03.372,50.007
2026-01-13 17:48:03.372,50.008
2026-01-13 17:48:03.388,50.012
2026-01-13 17:48:03.405,50.009
2026-01-13 17:48:03.423,50.005
2026-01-13 17:48:03.423,50.011
2026-01-13 17:48:03.438,50.005
2026-01-13 17:48:03.454,50.0
2026-01-13 17:48:03.472,49.995
2026-01-13 17:48:03.472,49.994
2026-01-13 17:48:03.488,49.991
2026-01-13 17:48:03.504,49.991
2026-01-13 17:48:03.504,49.984
2026-01-13 17:48:03.522,49.982
2026-01-13 17:48:03.538,49.981
2026-01-13 17:48:03.554,49.98
2026-01-13 17:48:03.554,49.981
2026-01-13 17:48:03.571,49.973
2026-01-13 17:48:03.588,49.976
2026-01-13 17:48:03.588,49.971
2026-01-13 17:48:03.604,49.976
2026-01-13 17:48:03.621,49.965
2026-01-13 17:48:03.638,49.968
2026-01-13 17:48:03.639,49.971
2026-01-13 17:48:03.654,49.973
2026-01-13 17:48:03.671,49.978
2026-01-13 17:48:03.671,49.972
2026-01-13 17:48:03.687,49.97
2026-01-13 17:48:03.704,49.978
2026-01-13 17:48:03.722,49.983
2026-01-13 17:48:03.722,49.987
2026-01-13 17:48:03.737,49.995
2026-01-13 17:48:03.754,50.006
2026-01-13 17:48:03.770,50.016
2026-01-13 17:48:03.771,50.027
2026-01-13 17:48:03.788,50.031
2026-01-13 17:48:03.804,50.034
2026-01-13 17:48:03.804,50.043
2026-01-13 17:48:03.820,50.043
2026-01-13 17:48:03.838,50.041
2026-01-13 17:48:03.854,50.04
2026-01-13 17:48:03.854,50.048
2026-01-13 17:48:03.870,50.05
2026-01-13 17:48:03.887,50.061
2026-01-13 17:48:03.887,50.06
2026-01-13 17:48:03.904,50.054
2026-01-13 17:48:03.921,50.054
2026-01-13 17:48:03.937,50.043
2026-01-13 17:48:03.937,50.039
2026-01-13 17:48:03.954,50.036
2026-01-13 17:48:03.971,50.023
2026-01-13 17:48:03.971,50.018
2026-01-13 17:48:03.989,50.021
2026-01-13 17:48:04.004,50.016
2026-01-13 17:48:04.027,50.013
2026-01-13 17:48:04.027,50.019
2026-01-13 17:48:04.038,50.013
2026-01-13 17:48:04.054,50.006
2026-01-13 17:48:04.055,49.989
2026-01-13 17:48:04.072,49.982
2026-01-13 17:48:04.089,49.97
2026-01-13 17:48:04.105,49.961
2026-01-13 17:48:04.105,49.955
2026-01-13 17:48:04.120,49.946
2026-01-13 17:48:04.137,49.944
2026-01-13 17:48:04.154,49.952
2026-01-13 17:48:04.154,49.95
2026-01-13 17:48:04.172,49.961
2026-01-13 17:48:04.187,49.958
2026-01-13 17:48:04.187,49.956
2026-01-13 17:48:04.205,49.96
2026-01-13 17:48:04.222,49.967
2026-01-13 17:48:04.237,49.962
2026-01-13 17:48:04.237,49.96
2026-01-13 17:48:04.255,49.95
2026-01-13 17:48:04.271,49.942
2026-01-13 17:48:04.271,49.937
2026-01-13 17:48:04.287,49.935
2026-01-13 17:48:04.304,49.94
2026-01-13 17:48:04.321,49.935
2026-01-13 17:48:04.321,49.933
2026-01-13 17:48:04.338,49.947
2026-01-13 17:48:04.355,49.95
2026-01-13 17:48:04.372,49.954
2026-01-13 17:48:04.372,49.953
2026-01-13 17:48:04.387,49.966
2026-01-13 17:48:04.404,49.975
2026-01-13 17:48:04.406,49.979
2026-01-13 17:48:04.421,49.988
2026-01-13 17:48:04.439,49.991
2026-01-13 17:48:04.454,49.995
2026-01-13 17:48:04.455,49.996
2026-01-13 17:48:04.471,49.997
2026-01-13 17:48:04.488,50.001
2026-01-13 17:48:04.488,49.993
2026-01-13 17:48:04.504,49.992
2026-01-13 17:48:04.521,49.986
2026-01-13 17:48:04.538,49.984
2026-01-13 17:48:04.538,49.981
2026-01-13 17:48:04.555,49.983
2026-01-13 17:48:04.572,49.98
2026-01-13 17:48:04.572,49.979
2026-01-13 17:48:04.587,49.97
2026-01-13 17:48:04.603,49.965
2026-01-13 17:48:04.622,49.961
2026-01-13 17:48:04.622,49.959
2026-01-13 17:48:04.638,49.955
2026-01-13 17:48:04.655,49.951
2026-01-13 17:48:04.681,49.948
2026-01-13 17:48:04.681,49.949
2026-01-13 17:48:04.681,49.943
2026-01-13 17:48:04.704,49.948
2026-01-13 17:48:04.704,49.954
2026-01-13 17:48:04.721,49.949
2026-01-13 17:48:04.737,49.953
2026-01-13 17:48:04.754,49.951
2026-01-13 17:48:04.754,49.942
2026-01-13 17:48:04.771,49.938
2026-01-13 17:48:04.788,49.938
2026-01-13 17:48:04.788,49.944
2026-01-13 17:48:04.804,49.945
2026-01-13 17:48:04.820,49.946
2026-01-13 17:48:04.837,49.948
2026-01-13 17:48:04.838,49.95
2026-01-13 17:48:04.854,49.951
2026-01-13 17:48:04.871,49.961
2026-01-13 17:48:04.871,49.961
2026-01-13 17:48:04.888,49.967
2026-01-13 17:48:04.905,49.962
2026-01-13 17:48:04.921,49.958
2026-01-13 17:48:04.921,49.96
2026-01-13 17:48:04.939,49.959
2026-01-13 17:48:04.955,49.953
2026-01-13 17:48:04.971,49.952
2026-01-13 17:48:04.971,49.951
2026-01-13 17:48:04.988,49.949
2026-01-13 17:48:05.005,49.95
2026-01-13 17:48:05.005,49.961
2026-01-13 17:48:05.028,49.965
2026-01-13 17:48:05.028,49.963
2026-01-13 17:48:05.039,49.961
2026-01-13 17:48:05.055,49.955
2026-01-13 17:48:05.071,49.953
2026-01-13 17:48:05.088,49.948
2026-01-13 17:48:05.088,49.944
2026-01-13 17:48:05.105,49.942
2026-01-13 17:48:05.122,49.95
2026-01-13 17:48:05.141,49.947
2026-01-13 17:48:05.141,49.95
2026-01-13 17:48:05.155,49.954
2026-01-13 17:48:05.172,49.945
2026-01-13 17:48:05.172,49.942
2026-01-13 17:48:05.187,49.94
2026-01-13 17:48:05.205,49.943
2026-01-13 17:48:05.222,49.95
2026-01-13 17:48:05.222,49.95
2026-01-13 17:48:05.238,49.957
2026-01-13 17:48:05.255,49.961
2026-01-13 17:48:05.256,49.965
2026-01-13 17:48:05.272,49.966
2026-01-13 17:48:05.288,49.966
2026-01-13 17:48:05.305,49.964
2026-01-13 17:48:05.305,49.963
2026-01-13 17:48:05.321,49.959
2026-01-13 17:48:05.338,49.959
2026-01-13 17:48:05.354,49.951
2026-01-13 17:48:05.354,49.947
2026-01-13 17:48:05.372,49.946
2026-01-13 17:48:05.389,49.945
2026-01-13 17:48:05.389,49.949
2026-01-13 17:48:05.405,49.939
2026-01-13 17:48:05.421,49.935
2026-01-13 17:48:05.438,49.939
2026-01-13 17:48:05.440,49.944
2026-01-13 17:48:05.455,49.943
2026-01-13 17:48:05.472,49.938
2026-01-13 17:48:05.473,49.943
2026-01-13 17:48:05.489,49.941
2026-01-13 17:48:05.505,49.937
2026-01-13 17:48:05.522,49.938
2026-01-13 17:48:05.523,49.933
2026-01-13 17:48:05.539,49.932
2026-01-13 17:48:05.555,49.929
2026-01-13 17:48:05.555,49.926
2026-01-13 17:48:05.574,49.931
2026-01-13 17:48:05.588,49.93
2026-01-13 17:48:05.605,49.934
2026-01-13 17:48:05.605,49.937
2026-01-13 17:48:05.621,49.943
2026-01-13 17:48:05.639,49.948
2026-01-13 17:48:05.639,49.947
2026-01-13 17:48:05.655,49.949
2026-01-13 17:48:05.672,49.949
2026-01-13 17:48:05.690,49.944
2026-01-13 17:48:05.690,49.945
2026-01-13 17:48:05.722,49.944
2026-01-13 17:48:05.739,49.949
2026-01-13 17:48:05.739,49.941
2026-01-13 17:48:05.755,49.936
2026-01-13 17:48:05.771,49.928
2026-01-13 17:48:05.771,49.925
2026-01-13 17:48:05.788,49.931
2026-01-13 17:48:05.806,49.945
2026-01-13 17:48:05.823,49.95
2026-01-13 17:48:05.823,49.956
2026-01-13 17:48:05.839,49.955
2026-01-13 17:48:05.856,49.945
2026-01-13 17:48:05.856,49.941
2026-01-13 17:48:05.872,49.93
2026-01-13 17:48:05.889,49.925
2026-01-13 17:48:05.906,49.924
2026-01-13 17:48:05.906,49.921
2026-01-13 17:48:05.922,49.931
2026-01-13 17:48:05.939,49.935
2026-01-13 17:48:05.940,49.936
2026-01-13 17:48:05.954,49.936
2026-01-13 17:48:05.973,49.934
2026-01-13 17:48:05.989,49.937
2026-01-13 17:48:05.989,49.932
2026-01-13 17:48:06.005,49.927
2026-01-13 17:48:06.053,49.942
2026-01-13 17:48:06.054,49.944
2026-01-13 17:48:06.055,49.948
2026-01-13 17:48:06.055,49.949
2026-01-13 17:48:06.061,49.942
2026-01-13 17:48:06.073,49.948
2026-01-13 17:48:06.089,49.941
2026-01-13 17:48:06.105,49.939
2026-01-13 17:48:06.122,49.939
2026-01-13 17:48:06.123,49.938
2026-01-13 17:48:06.139,49.941
2026-01-13 17:48:06.155,49.938
2026-01-13 17:48:06.156,49.939
2026-01-13 17:48:06.172,49.943
2026-01-13 17:48:06.189,49.943
2026-01-13 17:48:06.205,49.949
2026-01-13 17:48:06.205,49.946
2026-01-13 17:48:06.223,49.947
2026-01-13 17:48:06.238,49.948
2026-01-13 17:48:06.255,49.956
2026-01-13 17:48:06.256,49.956
2026-01-13 17:48:06.273,49.956
2026-01-13 17:48:06.287,49.956
2026-01-13 17:48:06.288,49.956
2026-01-13 17:48:06.305,49.95
2026-01-13 17:48:06.323,49.95
2026-01-13 17:48:06.323,49.955
2026-01-13 17:48:06.339,49.955
2026-01-13 17:48:06.355,49.965
2026-01-13 17:48:06.372,49.964
2026-01-13 17:48:06.373,49.969
2026-01-13 17:48:06.389,49.967
2026-01-13 17:48:06.405,49.97
2026-01-13 17:48:06.422,49.968
2026-01-13 17:48:06.439,49.968
2026-01-13 17:48:06.455,49.97
2026-01-13 17:48:06.456,49.968
2026-01-13 17:48:06.472,49.971
2026-01-13 17:48:06.489,49.977
2026-01-13 17:48:06.506,49.979
2026-01-13 17:48:06.506,49.985
2026-01-13 17:48:06.523,49.983
2026-01-13 17:48:06.538,49.983
2026-01-13 17:48:06.539,49.984
2026-01-13 17:48:06.556,49.982
2026-01-13 17:48:06.573,49.979
2026-01-13 17:48:06.589,49.982
2026-01-13 17:48:06.589,49.98
2026-01-13 17:48:06.605,49.983
2026-01-13 17:48:06.621,49.983
2026-01-13 17:48:06.637,49.98
2026-01-13 17:48:06.638,49.979
2026-01-13 17:48:06.656,49.979
2026-01-13 17:48:06.672,49.975
2026-01-13 17:48:06.672,49.975
2026-01-13 17:48:06.688,49.975
2026-01-13 17:48:06.705,49.977
2026-01-13 17:48:06.723,49.977
2026-01-13 17:48:06.723,49.971
2026-01-13 17:48:06.739,49.974
2026-01-13 17:48:06.756,49.969
2026-01-13 17:48:06.757,49.966
2026-01-13 17:48:06.773,49.963
2026-01-13 17:48:06.789,49.958
2026-01-13 17:48:06.805,49.954
2026-01-13 17:48:06.805,49.958
2026-01-13 17:48:06.821,49.961
2026-01-13 17:48:06.836,49.955
2026-01-13 17:48:06.856,49.956
2026-01-13 17:48:06.857,49.955
2026-01-13 17:48:06.872,49.953
2026-01-13 17:48:06.888,49.954
2026-01-13 17:48:06.888,49.956
2026-01-13 17:48:06.905,49.956
2026-01-13 17:48:06.923,49.953
2026-01-13 17:48:06.923,49.949
2026-01-13 17:48:06.938,49.946
2026-01-13 17:48:06.955,49.947
2026-01-13 17:48:06.970,49.946
2026-01-13 17:48:06.972,49.949
2026-01-13 17:48:06.988,49.946
2026-01-13 17:48:07.005,49.943
2026-01-13 17:48:07.029,49.943
2026-01-13 17:48:07.030,49.943
2026-01-13 17:48:07.037,49.942
2026-01-13 17:48:07.055,49.941
2026-01-13 17:48:07.072,49.938
2026-01-13 17:48:07.088,49.935
2026-01-13 17:48:07.106,49.936
2026-01-13 17:48:07.106,49.937
2026-01-13 17:48:07.138,49.94
2026-01-13 17:48:07.140,49.939
2026-01-13 17:48:07.157,49.936
2026-01-13 17:48:07.172,49.934
2026-01-13 17:48:07.189,49.931
2026-01-13 17:48:07.205,49.93
2026-01-13 17:48:07.222,49.929
2026-01-13 17:48:07.222,49.93
2026-01-13 17:48:07.253,49.936
2026-01-13 17:48:07.270,49.938
2026-01-13 17:48:07.289,49.939
2026-01-13 17:48:07.289,49.945
2026-01-13 17:48:07.305,49.951
2026-01-13 17:48:07.323,49.951
2026-01-13 17:48:07.323,49.95
2026-01-13 17:48:07.338,49.945
2026-01-13 17:48:07.355,49.942
2026-01-13 17:48:07.356,49.94
2026-01-13 17:48:07.398,49.943
2026-01-13 17:48:07.398,49.942
2026-01-13 17:48:07.398,49.944
2026-01-13 17:48:07.404,49.942
2026-01-13 17:48:07.421,49.939
2026-01-13 17:48:07.438,49.94
2026-01-13 17:48:07.438,49.934
2026-01-13 17:48:07.454,49.922
2026-01-13 17:48:07.470,49.923
2026-01-13 17:48:07.488,49.914
2026-01-13 17:48:07.488,49.913
2026-01-13 17:48:07.505,49.911
2026-01-13 17:48:07.521,49.909
2026-01-13 17:48:07.537,49.912
2026-01-13 17:48:07.537,49.912
2026-01-13 17:48:07.554,49.923
2026-01-13 17:48:07.569,49.919
2026-01-13 17:48:07.587,49.912
2026-01-13 17:48:07.587,49.915
2026-01-13 17:48:07.622,49.917
2026-01-13 17:48:07.622,49.918
2026-01-13 17:48:07.639,49.923
2026-01-13 17:48:07.655,49.928
2026-01-13 17:48:07.671,49.932
2026-01-13 17:48:07.671,49.93
2026-01-13 17:48:07.688,49.929
2026-01-13 17:48:07.705,49.931
2026-01-13 17:48:07.706,49.935
2026-01-13 17:48:07.740,49.934
2026-01-13 17:48:07.740,49.938
2026-01-13 17:48:07.755,49.942
2026-01-13 17:48:07.771,49.939
2026-01-13 17:48:07.789,49.939
2026-01-13 17:48:07.790,49.949
2026-01-13 17:48:07.805,49.945
2026-01-13 17:48:07.822,49.942
2026-01-13 17:48:07.837,49.948
2026-01-13 17:48:07.856,49.949
2026-01-13 17:48:07.872,49.953
2026-01-13 17:48:07.872,49.952
2026-01-13 17:48:07.888,49.96
2026-01-13 17:48:07.906,49.964
2026-01-13 17:48:07.922,49.965
2026-01-13 17:48:07.922,49.972
2026-01-13 17:48:07.939,49.972
2026-01-13 17:48:07.955,49.972
2026-01-13 17:48:07.955,49.969
2026-01-13 17:48:07.971,49.969
2026-01-13 17:48:07.988,49.967
2026-01-13 17:48:08.006,49.968
2026-01-13 17:48:08.006,49.965
2026-01-13 17:48:08.028,49.965
2026-01-13 17:48:08.029,49.968
2026-01-13 17:48:08.055,49.966
2026-01-13 17:48:08.055,49.97
2026-01-13 17:48:08.071,49.977
2026-01-13 17:48:08.086,49.971
2026-01-13 17:48:08.104,49.971
2026-01-13 17:48:08.104,49.974
2026-01-13 17:48:08.122,49.971
2026-01-13 17:48:08.123,49.963
2026-01-13 17:48:08.139,49.971
2026-01-13 17:48:08.155,49.977
2026-01-13 17:48:08.172,49.974
2026-01-13 17:48:08.172,49.969
2026-01-13 17:48:08.188,49.966
2026-01-13 17:48:08.206,49.967
2026-01-13 17:48:08.221,49.973
2026-01-13 17:48:08.222,49.975
2026-01-13 17:48:08.239,49.975
2026-01-13 17:48:08.255,49.967
2026-01-13 17:48:08.255,49.968
2026-01-13 17:48:08.272,49.968
2026-01-13 17:48:08.289,49.966
2026-01-13 17:48:08.305,49.973
2026-01-13 17:48:08.305,49.979
2026-01-13 17:48:08.323,49.972
2026-01-13 17:48:08.339,49.97
2026-01-13 17:48:08.339,49.976
2026-01-13 17:48:08.355,49.972
2026-01-13 17:48:08.371,49.972
2026-01-13 17:48:08.389,49.971
2026-01-13 17:48:08.389,49.972
2026-01-13 17:48:08.405,49.974
2026-01-13 17:48:08.423,49.973
2026-01-13 17:48:08.440,49.97
2026-01-13 17:48:08.440,49.972
2026-01-13 17:48:08.455,49.975
2026-01-13 17:48:08.472,49.974
2026-01-13 17:48:08.488,49.977
2026-01-13 17:48:08.505,49.98
2026-01-13 17:48:08.523,49.982
2026-01-13 17:48:08.523,49.985
2026-01-13 17:48:08.539,49.983
2026-01-13 17:48:08.555,49.982
2026-01-13 17:48:08.556,49.981
2026-01-13 17:48:08.571,49.985
2026-01-13 17:48:08.589,49.984
2026-01-13 17:48:08.606,49.978
2026-01-13 17:48:08.606,49.976
2026-01-13 17:48:08.621,49.975
2026-01-13 17:48:08.639,49.975
2026-01-13 17:48:08.639,49.975
2026-01-13 17:48:08.653,49.975
2026-01-13 17:48:08.669,49.974
2026-01-13 17:48:08.686,49.976
2026-01-13 17:48:08.687,49.975
2026-01-13 17:48:08.703,49.972
2026-01-13 17:48:08.720,49.972
2026-01-13 17:48:08.763,49.967
2026-01-13 17:48:08.763,49.964
2026-01-13 17:48:08.764,49.965
2026-01-13 17:48:08.764,49.963
2026-01-13 17:48:08.788,49.972
2026-01-13 17:48:08.788,49.966
2026-01-13 17:48:08.806,49.961
2026-01-13 17:48:08.822,49.961
2026-01-13 17:48:08.822,49.964
2026-01-13 17:48:08.839,49.965
2026-01-13 17:48:08.853,49.963
2026-01-13 17:48:08.872,49.957
2026-01-13 17:48:08.872,49.952
2026-01-13 17:48:08.889,49.95
2026-01-13 17:48:08.905,49.95
2026-01-13 17:48:08.905,49.95
2026-01-13 17:48:08.922,49.95
2026-01-13 17:48:08.938,49.956
2026-01-13 17:48:08.955,49.957
2026-01-13 17:48:08.955,49.957
2026-01-13 17:48:08.970,49.96
2026-01-13 17:48:08.987,49.956
2026-01-13 17:48:08.987,49.953
2026-01-13 17:48:09.004,49.95
2026-01-13 17:48:09.026,49.947
2026-01-13 17:48:09.027,49.944
2026-01-13 17:48:09.038,49.943
2026-01-13 17:48:09.053,49.945
2026-01-13 17:48:09.071,49.951
2026-01-13 17:48:09.087,49.945
2026-01-13 17:48:09.087,49.944
2026-01-13 17:48:09.102,49.949
2026-01-13 17:48:09.122,49.955
2026-01-13 17:48:09.122,49.952
2026-01-13 17:48:09.139,49.95
2026-01-13 17:48:09.154,49.948
2026-01-13 17:48:09.171,49.949
2026-01-13 17:48:09.171,49.953
2026-01-13 17:48:09.189,49.95
2026-01-13 17:48:09.204,49.947
2026-01-13 17:48:09.204,49.946
2026-01-13 17:48:09.220,49.94
2026-01-13 17:48:09.236,49.938
2026-01-13 17:48:09.256,49.934
2026-01-13 17:48:09.256,49.943
2026-01-13 17:48:09.272,49.941
2026-01-13 17:48:09.288,49.945
2026-01-13 17:48:09.288,49.952
2026-01-13 17:48:09.304,49.951
2026-01-13 17:48:09.320,49.951
2026-01-13 17:48:09.339,49.946
2026-01-13 17:48:09.339,49.946
2026-01-13 17:48:09.355,49.948
2026-01-13 17:48:09.372,49.951
2026-01-13 17:48:09.372,49.954
2026-01-13 17:48:09.389,49.954
2026-01-13 17:48:09.404,49.95
2026-01-13 17:48:09.421,49.949
2026-01-13 17:48:09.421,49.952
2026-01-13 17:48:09.439,49.953
2026-01-13 17:48:09.455,49.95
2026-01-13 17:48:09.472,49.944
2026-01-13 17:48:09.472,49.944
2026-01-13 17:48:09.488,49.944
2026-01-13 17:48:09.504,49.943
2026-01-13 17:48:09.505,49.945
2026-01-13 17:48:09.523,49.948
2026-01-13 17:48:09.538,49.95
2026-01-13 17:48:09.554,49.95
2026-01-13 17:48:09.556,49.952
2026-01-13 17:48:09.571,49.953
2026-01-13 17:48:09.589,49.956
2026-01-13 17:48:09.589,49.958
2026-01-13 17:48:09.603,49.957
2026-01-13 17:48:09.620,49.955
2026-01-13 17:48:09.637,49.95
2026-01-13 17:48:09.637,49.95
2026-01-13 17:48:09.656,49.956
2026-01-13 17:48:09.670,49.953
2026-01-13 17:48:09.686,49.954
2026-01-13 17:48:09.687,49.953
2026-01-13 17:48:09.705,49.95
2026-01-13 17:48:09.720,49.947
2026-01-13 17:48:09.720,49.942
2026-01-13 17:48:09.737,49.939
2026-01-13 17:48:09.755,49.943
2026-01-13 17:48:09.770,49.941
2026-01-13 17:48:09.771,49.944
2026-01-13 17:48:09.787,49.944
2026-01-13 17:48:09.803,49.944
2026-01-13 17:48:09.803,49.941
2026-01-13 17:48:09.821,49.951
2026-01-13 17:48:09.838,49.949
2026-01-13 17:48:09.838,49.949
2026-01-13 17:48:09.853,49.959
2026-01-13 17:48:09.870,49.956
2026-01-13 17:48:09.889,49.953
2026-01-13 17:48:09.889,49.951
2026-01-13 17:48:09.905,49.95
2026-01-13 17:48:09.921,49.948
2026-01-13 17:48:09.937,49.945
2026-01-13 17:48:09.937,49.94
2026-01-13 17:48:09.954,49.946
2026-01-13 17:48:09.971,49.942
2026-01-13 17:48:09.972,49.935
2026-01-13 17:48:09.990,49.94
2026-01-13 17:48:10.003,49.951
2026-01-13 17:48:10.028,49.952
2026-01-13 17:48:10.029,49.95
2026-01-13 17:48:10.037,49.958
2026-01-13 17:48:10.054,49.962
2026-01-13 17:48:10.070,49.961
2026-01-13 17:48:10.070,49.959
2026-01-13 17:48:10.086,49.958
2026-01-13 17:48:10.129,49.964
2026-01-13 17:48:10.129,49.964
2026-01-13 17:48:10.130,49.964
2026-01-13 17:48:10.130,49.973
2026-01-13 17:48:10.154,49.975
2026-01-13 17:48:10.154,49.98
2026-01-13 17:48:10.171,49.985
2026-01-13 17:48:10.188,49.989
2026-01-13 17:48:10.188,49.988
2026-01-13 17:48:10.205,49.983
2026-01-13 17:48:10.222,49.991
2026-01-13 17:48:10.240,49.992
2026-01-13 17:48:10.240,49.993
2026-01-13 17:48:10.253,49.994
2026-01-13 17:48:10.271,49.995
2026-01-13 17:48:10.289,49.989
2026-01-13 17:48:10.289,49.979
2026-01-13 17:48:10.304,49.984
2026-01-13 17:48:10.322,49.98
2026-01-13 17:48:10.323,49.976
2026-01-13 17:48:10.337,49.98
2026-01-13 17:48:10.355,49.977
2026-01-13 17:48:10.355,49.979
2026-01-13 17:48:10.372,49.977
2026-01-13 17:48:10.390,49.975
2026-01-13 17:48:10.404,49.984
2026-01-13 17:48:10.404,49.98
2026-01-13 17:48:10.421,49.979
2026-01-13 17:48:10.439,49.986
2026-01-13 17:48:10.439,49.984
2026-01-13 17:48:10.455,49.982
2026-01-13 17:48:10.471,49.985
2026-01-13 17:48:10.488,49.984
2026-01-13 17:48:10.489,49.982
2026-01-13 17:48:10.504,49.98
2026-01-13 17:48:10.524,49.982
2026-01-13 17:48:10.524,49.979
2026-01-13 17:48:10.538,49.981
2026-01-13 17:48:10.554,49.98
2026-01-13 17:48:10.572,49.983
2026-01-13 17:48:10.573,49.976
2026-01-13 17:48:10.588,49.972
2026-01-13 17:48:10.604,49.973
2026-01-13 17:48:10.623,49.97
2026-01-13 17:48:10.623,49.97
2026-01-13 17:48:10.638,49.965
2026-01-13 17:48:10.654,49.968
2026-01-13 17:48:10.672,49.963
2026-01-13 17:48:10.672,49.964
2026-01-13 17:48:10.688,49.965
2026-01-13 17:48:10.705,49.964
2026-01-13 17:48:10.706,49.961
2026-01-13 17:48:10.721,49.961
2026-01-13 17:48:10.739,49.959
2026-01-13 17:48:10.755,49.958
2026-01-13 17:48:10.755,49.956
2026-01-13 17:48:10.772,49.952
2026-01-13 17:48:10.789,49.945
2026-01-13 17:48:10.789,49.948
2026-01-13 17:48:10.804,49.945
2026-01-13 17:48:10.822,49.95
2026-01-13 17:48:10.837,49.948
2026-01-13 17:48:10.838,49.945
2026-01-13 17:48:10.854,49.95
2026-01-13 17:48:10.872,49.958
2026-01-13 17:48:10.872,49.957
2026-01-13 17:48:10.888,49.952
2026-01-13 17:48:10.904,49.948
2026-01-13 17:48:10.922,49.945
2026-01-13 17:48:10.922,49.947
2026-01-13 17:48:10.937,49.945
2026-01-13 17:48:10.953,49.947
2026-01-13 17:48:10.972,49.949
2026-01-13 17:48:10.972,49.95
2026-01-13 17:48:10.989,49.952
2026-01-13 17:48:11.005,49.954
2026-01-13 17:48:11.005,49.955
2026-01-13 17:48:11.026,49.957
2026-01-13 17:48:11.037,49.967
2026-01-13 17:48:11.053,49.967
2026-01-13 17:48:11.053,49.967
2026-01-13 17:48:11.072,49.96
2026-01-13 17:48:11.088,49.963
2026-01-13 17:48:11.088,49.968
2026-01-13 17:48:11.104,49.961
2026-01-13 17:48:11.121,49.958
2026-01-13 17:48:11.138,49.961
2026-01-13 17:48:11.139,49.957
2026-01-13 17:48:11.155,49.955
2026-01-13 17:48:11.172,49.953
2026-01-13 17:48:11.189,49.959
2026-01-13 17:48:11.204,49.965
2026-01-13 17:48:11.222,49.969
2026-01-13 17:48:11.222,49.968
2026-01-13 17:48:11.238,49.968
2026-01-13 17:48:11.254,49.968
2026-01-13 17:48:11.254,49.971
2026-01-13 17:48:11.272,49.967
2026-01-13 17:48:11.304,49.968
2026-01-13 17:48:11.304,49.968
2026-01-13 17:48:11.321,49.963
2026-01-13 17:48:11.338,49.961
2026-01-13 17:48:11.354,49.961
2026-01-13 17:48:11.354,49.97
2026-01-13 17:48:11.372,49.974
2026-01-13 17:48:11.389,49.977
2026-01-13 17:48:11.389,49.976
2026-01-13 17:48:11.421,49.979
2026-01-13 17:48:11.438,49.978
2026-01-13 17:48:11.439,49.976
2026-01-13 17:48:11.454,49.979
2026-01-13 17:48:11.471,49.985
2026-01-13 17:48:11.471,49.989
2026-01-13 17:48:11.498,49.98
2026-01-13 17:48:11.499,49.976
2026-01-13 17:48:11.510,49.978
2026-01-13 17:48:11.522,49.975
2026-01-13 17:48:11.538,49.973
2026-01-13 17:48:11.554,49.971
2026-01-13 17:48:11.569,49.978
2026-01-13 17:48:11.569,49.975
2026-01-13 17:48:11.588,49.977
2026-01-13 17:48:11.604,49.973
2026-01-13 17:48:11.604,49.967
2026-01-13 17:48:11.621,49.964
2026-01-13 17:48:11.638,49.961
2026-01-13 17:48:11.655,49.963
2026-01-13 17:48:11.671,49.954
2026-01-13 17:48:11.688,49.951
2026-01-13 17:48:11.688,49.951
2026-01-13 17:48:11.705,49.954
2026-01-13 17:48:11.721,49.951
2026-01-13 17:48:11.738,49.948
2026-01-13 17:48:11.739,49.951
2026-01-13 17:48:11.755,49.945
2026-01-13 17:48:11.771,49.951
2026-01-13 17:48:11.772,49.947
2026-01-13 17:48:11.805,49.949
2026-01-13 17:48:11.822,49.956
2026-01-13 17:48:11.822,49.954
2026-01-13 17:48:11.837,49.949
2026-01-13 17:48:11.854,49.945
2026-01-13 17:48:11.855,49.938
2026-01-13 17:48:11.870,49.935
2026-01-13 17:48:11.887,49.933
2026-01-13 17:48:11.904,49.93
2026-01-13 17:48:11.904,49.928
2026-01-13 17:48:11.920,49.927
2026-01-13 17:48:11.937,49.924
2026-01-13 17:48:11.953,49.927
2026-01-13 17:48:11.953,49.928
2026-01-13 17:48:11.969,49.93
2026-01-13 17:48:11.987,49.927
2026-01-13 17:48:11.987,49.926
2026-01-13 17:48:12.002,49.927
2026-01-13 17:48:12.025,49.925
2026-01-13 17:48:12.025,49.925
2026-01-13 17:48:12.036,49.925
2026-01-13 17:48:12.054,49.923
2026-01-13 17:48:12.072,49.922
2026-01-13 17:48:12.072,49.92
2026-01-13 17:48:12.088,49.921
2026-01-13 17:48:12.104,49.92
2026-01-13 17:48:12.121,49.918
2026-01-13 17:48:12.122,49.926
2026-01-13 17:48:12.137,49.927
2026-01-13 17:48:12.153,49.923
2026-01-13 17:48:12.171,49.921
2026-01-13 17:48:12.172,49.92
2026-01-13 17:48:12.187,49.921
2026-01-13 17:48:12.204,49.921
2026-01-13 17:48:12.205,49.918
2026-01-13 17:48:12.221,49.913
2026-01-13 17:48:12.239,49.925
2026-01-13 17:48:12.239,49.932
2026-01-13 17:48:12.254,49.925
2026-01-13 17:48:12.271,49.915
2026-01-13 17:48:12.288,49.907
2026-01-13 17:48:12.288,49.913
2026-01-13 17:48:12.304,49.919
2026-01-13 17:48:12.322,49.916
2026-01-13 17:48:12.338,49.907
2026-01-13 17:48:12.338,49.9
2026-01-13 17:48:12.355,49.907
2026-01-13 17:48:12.371,49.913
2026-01-13 17:48:12.371,49.916
2026-01-13 17:48:12.388,49.913
2026-01-13 17:48:12.403,49.92
2026-01-13 17:48:12.422,49.917
2026-01-13 17:48:12.422,49.924
2026-01-13 17:48:12.438,49.922
2026-01-13 17:48:12.454,49.924
2026-01-13 17:48:12.472,49.926
2026-01-13 17:48:12.472,49.921
2026-01-13 17:48:12.505,49.919
2026-01-13 17:48:12.505,49.918
2026-01-13 17:48:12.522,49.92
2026-01-13 17:48:12.538,49.927
2026-01-13 17:48:12.538,49.928
2026-01-13 17:48:12.554,49.941
2026-01-13 17:48:12.572,49.944
2026-01-13 17:48:12.588,49.945
2026-01-13 17:48:12.588,49.942
2026-01-13 17:48:12.604,49.936
2026-01-13 17:48:12.623,49.935
2026-01-13 17:48:12.638,49.933
2026-01-13 17:48:12.638,49.93
2026-01-13 17:48:12.654,49.932
2026-01-13 17:48:12.670,49.935
2026-01-13 17:48:12.688,49.934
2026-01-13 17:48:12.689,49.932
2026-01-13 17:48:12.704,49.936
2026-01-13 17:48:12.721,49.935
2026-01-13 17:48:12.722,49.935
2026-01-13 17:48:12.739,49.933
2026-01-13 17:48:12.754,49.935
2026-01-13 17:48:12.771,49.932
2026-01-13 17:48:12.772,49.931
2026-01-13 17:48:12.789,49.93
2026-01-13 17:48:12.804,49.927
2026-01-13 17:48:12.804,49.924
2026-01-13 17:48:12.821,49.924
2026-01-13 17:48:12.869,49.921
2026-01-13 17:48:12.870,49.928
2026-01-13 17:48:12.871,49.932
2026-01-13 17:48:12.871,49.934
2026-01-13 17:48:12.876,49.934
2026-01-13 17:48:12.888,49.933
2026-01-13 17:48:12.904,49.932
2026-01-13 17:48:12.922,49.937
2026-01-13 17:48:12.938,49.938
2026-01-13 17:48:12.938,49.939
2026-01-13 17:48:12.954,49.937
2026-01-13 17:48:12.971,49.936
2026-01-13 17:48:12.972,49.932
2026-01-13 17:48:12.990,49.932
2026-01-13 17:48:13.004,49.933
2026-01-13 17:48:13.027,49.93
2026-01-13 17:48:13.028,49.929
2026-01-13 17:48:13.036,49.93
2026-01-13 17:48:13.054,49.926
2026-01-13 17:48:13.070,49.926
2026-01-13 17:48:13.070,49.931
2026-01-13 17:48:13.086,49.933
2026-01-13 17:48:13.104,49.943
2026-01-13 17:48:13.105,49.94
2026-01-13 17:48:13.121,49.935
2026-01-13 17:48:13.139,49.932
2026-01-13 17:48:13.154,49.936
2026-01-13 17:48:13.154,49.939
2026-01-13 17:48:13.170,49.934
2026-01-13 17:48:13.186,49.926
2026-01-13 17:48:13.204,49.926
2026-01-13 17:48:13.205,49.929
2026-01-13 17:48:13.221,49.926
2026-01-13 17:48:13.238,49.927
2026-01-13 17:48:13.238,49.926
2026-01-13 17:48:13.255,49.921
2026-01-13 17:48:13.271,49.92
2026-01-13 17:48:13.287,49.92
2026-01-13 17:48:13.288,49.915
2026-01-13 17:48:13.305,49.913
2026-01-13 17:48:13.322,49.918
2026-01-13 17:48:13.322,49.916
2026-01-13 17:48:13.338,49.912
2026-01-13 17:48:13.353,49.912
2026-01-13 17:48:13.369,49.914
2026-01-13 17:48:13.370,49.913
2026-01-13 17:48:13.387,49.909
2026-01-13 17:48:13.403,49.92
2026-01-13 17:48:13.404,49.922
2026-01-13 17:48:13.420,49.926
2026-01-13 17:48:13.436,49.935
2026-01-13 17:48:13.453,49.931
2026-01-13 17:48:13.454,49.936
2026-01-13 17:48:13.470,49.936
2026-01-13 17:48:13.487,49.931
2026-01-13 17:48:13.503,49.928
2026-01-13 17:48:13.503,49.927
2026-01-13 17:48:13.520,49.928
2026-01-13 17:48:13.536,49.923
2026-01-13 17:48:13.536,49.926
2026-01-13 17:48:13.552,49.925
2026-01-13 17:48:13.570,49.926
2026-01-13 17:48:13.587,49.925
2026-01-13 17:48:13.588,49.928
2026-01-13 17:48:13.604,49.927
2026-01-13 17:48:13.620,49.926
2026-01-13 17:48:13.620,49.934
2026-01-13 17:48:13.636,49.937
2026-01-13 17:48:13.652,49.94
2026-01-13 17:48:13.670,49.944
2026-01-13 17:48:13.670,49.947
2026-01-13 17:48:13.687,49.945
2026-01-13 17:48:13.704,49.942
2026-01-13 17:48:13.705,49.942
2026-01-13 17:48:13.720,49.936
2026-01-13 17:48:13.739,49.937
2026-01-13 17:48:13.740,49.942
2026-01-13 17:48:13.753,49.942
2026-01-13 17:48:13.770,49.942
2026-01-13 17:48:13.787,49.949
2026-01-13 17:48:13.788,49.949
2026-01-13 17:48:13.804,49.943
2026-01-13 17:48:13.821,49.947
2026-01-13 17:48:13.837,49.948
2026-01-13 17:48:13.838,49.954
2026-01-13 17:48:13.854,49.957
2026-01-13 17:48:13.871,49.954
2026-01-13 17:48:13.872,49.953
2026-01-13 17:48:13.887,49.956
2026-01-13 17:48:13.904,49.959
2026-01-13 17:48:13.922,49.96
2026-01-13 17:48:13.923,49.969
2026-01-13 17:48:13.937,49.972
2026-01-13 17:48:13.955,49.973
2026-01-13 17:48:13.972,49.971
2026-01-13 17:48:13.972,49.972
2026-01-13 17:48:13.988,49.974
2026-01-13 17:48:14.005,49.975
2026-01-13 17:48:14.005,49.974
2026-01-13 17:48:14.026,49.973
2026-01-13 17:48:14.026,49.973
2026-01-13 17:48:14.039,49.973
2026-01-13 17:48:14.054,49.974
2026-01-13 17:48:14.069,49.981
2026-01-13 17:48:14.086,49.979
2026-01-13 17:48:14.086,49.973
2026-01-13 17:48:14.103,49.972
2026-01-13 17:48:14.119,49.972
2026-01-13 17:48:14.136,49.973
2026-01-13 17:48:14.137,49.975
2026-01-13 17:48:14.153,49.973
2026-01-13 17:48:14.169,49.967
2026-01-13 17:48:14.212,49.968
2026-01-13 17:48:14.212,49.968
2026-01-13 17:48:14.212,49.969
2026-01-13 17:48:14.212,49.971
2026-01-13 17:48:14.237,49.966
2026-01-13 17:48:14.237,49.959
2026-01-13 17:48:14.252,49.965
2026-01-13 17:48:14.269,49.962
2026-01-13 17:48:14.270,49.959
2026-01-13 17:48:14.287,49.964
2026-01-13 17:48:14.305,49.958
2026-01-13 17:48:14.305,49.955
2026-01-13 17:48:14.321,49.957
2026-01-13 17:48:14.336,49.956
2026-01-13 17:48:14.354,49.957
2026-01-13 17:48:14.356,49.955
2026-01-13 17:48:14.370,49.953
2026-01-13 17:48:14.388,49.954
2026-01-13 17:48:14.388,49.96
2026-01-13 17:48:14.403,49.959
2026-01-13 17:48:14.421,49.956
2026-01-13 17:48:14.438,49.957
2026-01-13 17:48:14.438,49.95
2026-01-13 17:48:14.454,49.95
2026-01-13 17:48:14.470,49.949
2026-01-13 17:48:14.488,49.948
2026-01-13 17:48:14.489,49.944
2026-01-13 17:48:14.504,49.943
2026-01-13 17:48:14.519,49.937
2026-01-13 17:48:14.520,49.936
2026-01-13 17:48:14.537,49.938
2026-01-13 17:48:14.554,49.933
2026-01-13 17:48:14.570,49.934
2026-01-13 17:48:14.571,49.93
2026-01-13 17:48:14.588,49.932
2026-01-13 17:48:14.604,49.935
2026-01-13 17:48:14.604,49.935
2026-01-13 17:48:14.619,49.945
2026-01-13 17:48:14.639,49.943
2026-01-13 17:48:14.654,49.945
2026-01-13 17:48:14.655,49.946
2026-01-13 17:48:14.670,49.939
2026-01-13 17:48:14.688,49.941
2026-01-13 17:48:14.688,49.939
2026-01-13 17:48:14.704,49.932
2026-01-13 17:48:14.720,49.942
2026-01-13 17:48:14.737,49.951
2026-01-13 17:48:14.738,49.953
2026-01-13 17:48:14.753,49.949
2026-01-13 17:48:14.770,49.943
2026-01-13 17:48:14.787,49.941
2026-01-13 17:48:14.788,49.936
2026-01-13 17:48:14.805,49.936
2026-01-13 17:48:14.820,49.95
2026-01-13 17:48:14.820,49.967
2026-01-13 17:48:14.838,49.979
2026-01-13 17:48:14.853,49.982
2026-01-13 17:48:14.869,49.98
2026-01-13 17:48:14.869,49.977
2026-01-13 17:48:14.887,49.966
2026-01-13 17:48:14.904,49.962
2026-01-13 17:48:14.905,49.95
2026-01-13 17:48:14.921,49.949
2026-01-13 17:48:14.938,49.964
2026-01-13 17:48:14.953,49.967
2026-01-13 17:48:14.953,49.973
2026-01-13 17:48:14.970,49.974
2026-01-13 17:48:14.988,49.974
2026-01-13 17:48:14.989,49.973
2026-01-13 17:48:15.004,49.973
2026-01-13 17:48:15.027,49.972
2026-01-13 17:48:15.027,49.964
2026-01-13 17:48:15.037,49.968
2026-01-13 17:48:15.053,49.959
2026-01-13 17:48:15.071,49.954
2026-01-13 17:48:15.072,49.956
2026-01-13 17:48:15.087,49.951
2026-01-13 17:48:15.104,49.957
2026-01-13 17:48:15.121,49.966
2026-01-13 17:48:15.121,49.971
2026-01-13 17:48:15.137,49.975
2026-01-13 17:48:15.154,49.979
2026-01-13 17:48:15.154,49.978
2026-01-13 17:48:15.171,49.973
2026-01-13 17:48:15.187,49.969
2026-01-13 17:48:15.203,49.967
2026-01-13 17:48:15.204,49.968
2026-01-13 17:48:15.221,49.964
2026-01-13 17:48:15.238,49.968
2026-01-13 17:48:15.254,49.965
2026-01-13 17:48:15.254,49.964
2026-01-13 17:48:15.270,49.967
2026-01-13 17:48:15.288,49.973
2026-01-13 17:48:15.288,49.979
2026-01-13 17:48:15.303,49.983
2026-01-13 17:48:15.320,49.988
2026-01-13 17:48:15.338,49.995
2026-01-13 17:48:15.338,50.003
2026-01-13 17:48:15.353,50.011
2026-01-13 17:48:15.370,50.022
2026-01-13 17:48:15.372,50.028
2026-01-13 17:48:15.388,50.03
2026-01-13 17:48:15.403,50.031
2026-01-13 17:48:15.420,50.034
2026-01-13 17:48:15.420,50.028
2026-01-13 17:48:15.438,50.032
2026-01-13 17:48:15.454,50.035
2026-01-13 17:48:15.471,50.039
2026-01-13 17:48:15.471,50.036
2026-01-13 17:48:15.488,50.039
2026-01-13 17:48:15.503,50.03
2026-01-13 17:48:15.504,50.024
2026-01-13 17:48:15.520,50.02
2026-01-13 17:48:15.538,50.025
2026-01-13 17:48:15.539,50.031
2026-01-13 17:48:15.553,50.034
2026-01-13 17:48:15.570,50.033
2026-01-13 17:48:15.589,50.032
2026-01-13 17:48:15.589,50.03
2026-01-13 17:48:15.604,50.024
2026-01-13 17:48:15.620,50.018
2026-01-13 17:48:15.638,50.012
2026-01-13 17:48:15.639,50.007
2026-01-13 17:48:15.654,50.003
2026-01-13 17:48:15.688,50.002
2026-01-13 17:48:15.688,49.995
2026-01-13 17:48:15.704,49.993
2026-01-13 17:48:15.721,49.987
2026-01-13 17:48:15.737,49.986
2026-01-13 17:48:15.754,49.977
2026-01-13 17:48:15.772,49.976
2026-01-13 17:48:15.772,49.965
2026-01-13 17:48:15.787,49.961
2026-01-13 17:48:15.804,49.964
2026-01-13 17:48:15.804,49.959
2026-01-13 17:48:15.821,49.951
2026-01-13 17:48:15.837,49.949
2026-01-13 17:48:15.853,49.942
2026-01-13 17:48:15.854,49.946
2026-01-13 17:48:15.871,49.951
2026-01-13 17:48:15.888,49.949
2026-01-13 17:48:15.888,49.949
2026-01-13 17:48:15.903,49.953
2026-01-13 17:48:15.921,49.966
2026-01-13 17:48:15.938,49.966
2026-01-13 17:48:15.938,49.968
2026-01-13 17:48:15.953,49.969
2026-01-13 17:48:15.972,49.965
2026-01-13 17:48:15.987,49.963
2026-01-13 17:48:16.004,49.963
2026-01-13 17:48:16.027,49.962
2026-01-13 17:48:16.027,49.96
2026-01-13 17:48:16.036,49.959
2026-01-13 17:48:16.055,49.958
2026-01-13 17:48:16.055,49.954
2026-01-13 17:48:16.071,49.953
2026-01-13 17:48:16.088,49.952
2026-01-13 17:48:16.104,49.955
2026-01-13 17:48:16.104,49.955
2026-01-13 17:48:16.120,49.955
2026-01-13 17:48:16.136,49.953
2026-01-13 17:48:16.156,49.959
2026-01-13 17:48:16.157,49.961
2026-01-13 17:48:16.169,49.957
2026-01-13 17:48:16.187,49.959
2026-01-13 17:48:16.188,49.953
2026-01-13 17:48:16.203,49.949
2026-01-13 17:48:16.221,49.95
2026-01-13 17:48:16.238,49.951
2026-01-13 17:48:16.253,49.948
2026-01-13 17:48:16.270,49.945
2026-01-13 17:48:16.271,49.955
2026-01-13 17:48:16.285,49.953
2026-01-13 17:48:16.302,49.956
2026-01-13 17:48:16.318,49.965
2026-01-13 17:48:16.319,49.965
2026-01-13 17:48:16.336,49.964
2026-01-13 17:48:16.351,49.96
2026-01-13 17:48:16.369,49.964
2026-01-13 17:48:16.387,49.965
2026-01-13 17:48:16.403,49.965
2026-01-13 17:48:16.403,49.967
2026-01-13 17:48:16.435,49.968
2026-01-13 17:48:16.453,49.973
2026-01-13 17:48:16.453,49.973
2026-01-13 17:48:16.469,49.979
2026-01-13 17:48:16.486,49.984
2026-01-13 17:48:16.501,49.988
2026-01-13 17:48:16.502,49.988
2026-01-13 17:48:16.521,49.989
2026-01-13 17:48:16.537,49.991
2026-01-13 17:48:16.538,49.987
2026-01-13 17:48:16.553,49.987
2026-01-13 17:48:16.571,49.983
2026-01-13 17:48:16.588,49.987
2026-01-13 17:48:16.588,49.989
2026-01-13 17:48:16.603,49.991
2026-01-13 17:48:16.620,49.994
2026-01-13 17:48:16.620,49.99
2026-01-13 17:48:16.638,49.991
2026-01-13 17:48:16.653,49.988
2026-01-13 17:48:16.671,49.987
2026-01-13 17:48:16.671,49.987
2026-01-13 17:48:16.687,49.986
2026-01-13 17:48:16.704,49.992
2026-01-13 17:48:16.705,49.991
2026-01-13 17:48:16.720,49.989
2026-01-13 17:48:16.738,49.99
2026-01-13 17:48:16.752,49.983
2026-01-13 17:48:16.770,49.981
2026-01-13 17:48:16.787,49.976
2026-01-13 17:48:16.788,49.976
2026-01-13 17:48:16.820,49.969
2026-01-13 17:48:16.837,49.971
2026-01-13 17:48:16.838,49.968
2026-01-13 17:48:16.853,49.968
2026-01-13 17:48:16.887,49.969
2026-01-13 17:48:16.887,49.97
2026-01-13 17:48:16.904,49.967
2026-01-13 17:48:16.945,49.967
2026-01-13 17:48:16.946,49.971
2026-01-13 17:48:16.946,49.963
2026-01-13 17:48:16.946,49.96
2026-01-13 17:48:16.970,49.956
2026-01-13 17:48:16.970,49.955
2026-01-13 17:48:17.004,49.955
2026-01-13 17:48:17.004,49.954
2026-01-13 17:48:17.026,49.957
2026-01-13 17:48:17.035,49.961
2026-01-13 17:48:17.055,49.957
2026-01-13 17:48:17.055,49.957
2026-01-13 17:48:17.071,49.961
2026-01-13 17:48:17.088,49.959
2026-01-13 17:48:17.088,49.962
2026-01-13 17:48:17.103,49.957
2026-01-13 17:48:17.121,49.963
2026-01-13 17:48:17.137,49.968
2026-01-13 17:48:17.137,49.962
2026-01-13 17:48:17.152,49.964
2026-01-13 17:48:17.169,49.952
2026-01-13 17:48:17.187,49.955
2026-01-13 17:48:17.187,49.961
2026-01-13 17:48:17.204,49.96
2026-01-13 17:48:17.220,49.966
2026-01-13 17:48:17.221,49.966
2026-01-13 17:48:17.236,49.97
2026-01-13 17:48:17.253,49.968
2026-01-13 17:48:17.271,49.966
2026-01-13 17:48:17.271,49.968
2026-01-13 17:48:17.287,49.968
2026-01-13 17:48:17.304,49.966
2026-01-13 17:48:17.305,49.964
2026-01-13 17:48:17.320,49.966
2026-01-13 17:48:17.338,49.959
2026-01-13 17:48:17.353,49.958
2026-01-13 17:48:17.370,49.958
2026-01-13 17:48:17.389,49.961
2026-01-13 17:48:17.389,49.961
2026-01-13 17:48:17.403,49.959
2026-01-13 17:48:17.419,49.962
2026-01-13 17:48:17.438,49.964
2026-01-13 17:48:17.438,49.963
2026-01-13 17:48:17.454,49.961
2026-01-13 17:48:17.471,49.962
2026-01-13 17:48:17.487,49.965
2026-01-13 17:48:17.488,49.963
2026-01-13 17:48:17.503,49.966
2026-01-13 17:48:17.521,49.967
2026-01-13 17:48:17.522,49.964
2026-01-13 17:48:17.537,49.968
2026-01-13 17:48:17.553,49.971
2026-01-13 17:48:17.570,49.967
2026-01-13 17:48:17.571,49.967
2026-01-13 17:48:17.587,49.963
2026-01-13 17:48:17.604,49.963
2026-01-13 17:48:17.605,49.965
2026-01-13 17:48:17.620,49.968
2026-01-13 17:48:17.637,49.968
2026-01-13 17:48:17.653,49.969
2026-01-13 17:48:17.654,49.97
2026-01-13 17:48:17.671,49.975
2026-01-13 17:48:17.686,49.977
2026-01-13 17:48:17.704,49.977
2026-01-13 17:48:17.705,49.976
2026-01-13 17:48:17.721,49.975
2026-01-13 17:48:17.737,49.972
2026-01-13 17:48:17.738,49.969
2026-01-13 17:48:17.753,49.961
2026-01-13 17:48:17.770,49.959
2026-01-13 17:48:17.788,49.959
2026-01-13 17:48:17.788,49.961
2026-01-13 17:48:17.804,49.959
2026-01-13 17:48:17.819,49.957
2026-01-13 17:48:17.819,49.956
2026-01-13 17:48:17.835,49.955
2026-01-13 17:48:17.854,49.959
2026-01-13 17:48:17.870,49.961
2026-01-13 17:48:17.870,49.962
2026-01-13 17:48:17.903,49.961
2026-01-13 17:48:17.903,49.964
2026-01-13 17:48:17.920,49.966
2026-01-13 17:48:17.938,49.968
2026-01-13 17:48:17.954,49.966
2026-01-13 17:48:17.954,49.965
2026-01-13 17:48:17.970,49.964
2026-01-13 17:48:17.987,49.964
2026-01-13 17:48:18.003,49.962
2026-01-13 17:48:18.004,49.96
2026-01-13 17:48:18.027,49.958
2026-01-13 17:48:18.028,49.955
2026-01-13 17:48:18.036,49.956
2026-01-13 17:48:18.054,49.951
2026-01-13 17:48:18.070,49.949
2026-01-13 17:48:18.087,49.953
2026-01-13 17:48:18.087,49.958
2026-01-13 17:48:18.104,49.963
2026-01-13 17:48:18.120,49.969
2026-01-13 17:48:18.120,49.97
2026-01-13 17:48:18.136,49.973
2026-01-13 17:48:18.155,49.971
2026-01-13 17:48:18.155,49.97
2026-01-13 17:48:18.170,49.971
2026-01-13 17:48:18.186,49.978
2026-01-13 17:48:18.203,49.971
2026-01-13 17:48:18.203,49.976
2026-01-13 17:48:18.220,49.97
2026-01-13 17:48:18.237,49.975
2026-01-13 17:48:18.254,49.965
2026-01-13 17:48:18.254,49.964
2026-01-13 17:48:18.270,49.96
2026-01-13 17:48:18.287,49.961
2026-01-13 17:48:18.312,49.962
2026-01-13 17:48:18.312,49.971
2026-01-13 17:48:18.312,49.97
2026-01-13 17:48:18.336,49.969
2026-01-13 17:48:18.336,49.97
2026-01-13 17:48:18.354,49.97
2026-01-13 17:48:18.372,49.973
2026-01-13 17:48:18.372,49.971
2026-01-13 17:48:18.387,49.967
2026-01-13 17:48:18.403,49.964
2026-01-13 17:48:18.421,49.971
2026-01-13 17:48:18.421,49.963
2026-01-13 17:48:18.437,49.961
2026-01-13 17:48:18.454,49.971
2026-01-13 17:48:18.470,49.972
2026-01-13 17:48:18.471,49.972
2026-01-13 17:48:18.487,49.967
2026-01-13 17:48:18.503,49.97
2026-01-13 17:48:18.504,49.974
2026-01-13 17:48:18.520,49.974
2026-01-13 17:48:18.536,49.987
2026-01-13 17:48:18.551,49.98
2026-01-13 17:48:18.551,49.975
2026-01-13 17:48:18.569,49.976
2026-01-13 17:48:18.586,49.97
2026-01-13 17:48:18.602,49.983
2026-01-13 17:48:18.602,49.974
2026-01-13 17:48:18.618,49.977
2026-01-13 17:48:18.635,49.972
2026-01-13 17:48:18.652,49.969
2026-01-13 17:48:18.667,49.968
2026-01-13 17:48:18.686,49.967
2026-01-13 17:48:18.686,49.97
2026-01-13 17:48:18.701,49.969
2026-01-13 17:48:18.718,49.97
2026-01-13 17:48:18.737,49.967
2026-01-13 17:48:18.737,49.965
2026-01-13 17:48:18.753,49.964
2026-01-13 17:48:18.770,49.963
2026-01-13 17:48:18.770,49.961
2026-01-13 17:48:18.786,49.962
2026-01-13 17:48:18.804,49.964
2026-01-13 17:48:18.804,49.963
2026-01-13 17:48:18.820,49.966
2026-01-13 17:48:18.837,49.966
2026-01-13 17:48:18.853,49.97
2026-01-13 17:48:18.854,49.968
2026-01-13 17:48:18.870,49.969
2026-01-13 17:48:18.885,49.968
2026-01-13 17:48:18.904,49.967
2026-01-13 17:48:18.904,49.968
2026-01-13 17:48:18.920,49.966
2026-01-13 17:48:18.936,49.957
2026-01-13 17:48:18.937,49.961
2026-01-13 17:48:18.954,49.967
2026-01-13 17:48:18.971,49.967
2026-01-13 17:48:18.971,49.967
2026-01-13 17:48:18.987,49.965
2026-01-13 17:48:19.002,49.963
2026-01-13 17:48:19.027,49.965
2026-01-13 17:48:19.027,49.961
2026-01-13 17:48:19.035,49.967
2026-01-13 17:48:19.052,49.968
2026-01-13 17:48:19.069,49.966
2026-01-13 17:48:19.069,49.968
2026-01-13 17:48:19.084,49.968
2026-01-13 17:48:19.103,49.965
2026-01-13 17:48:19.104,49.966
2026-01-13 17:48:19.121,49.961
2026-01-13 17:48:19.136,49.963
2026-01-13 17:48:19.151,49.964
2026-01-13 17:48:19.151,49.965
2026-01-13 17:48:19.168,49.965
2026-01-13 17:48:19.185,49.963
2026-01-13 17:48:19.203,49.963
2026-01-13 17:48:19.203,49.965
2026-01-13 17:48:19.219,49.962
2026-01-13 17:48:19.236,49.968
2026-01-13 17:48:19.236,49.967
2026-01-13 17:48:19.252,49.967
2026-01-13 17:48:19.268,49.969
2026-01-13 17:48:19.287,49.97
2026-01-13 17:48:19.287,49.969
2026-01-13 17:48:19.302,49.962
2026-01-13 17:48:19.318,49.966
2026-01-13 17:48:19.336,49.965
2026-01-13 17:48:19.336,49.966
2026-01-13 17:48:19.353,49.967
2026-01-13 17:48:19.371,49.964
2026-01-13 17:48:19.371,49.965
2026-01-13 17:48:19.386,49.966
2026-01-13 17:48:19.403,49.968
2026-01-13 17:48:19.403,49.965
2026-01-13 17:48:19.419,49.969
2026-01-13 17:48:19.437,49.967
2026-01-13 17:48:19.453,49.968
2026-01-13 17:48:19.453,49.97
2026-01-13 17:48:19.469,49.968
2026-01-13 17:48:19.487,49.962
2026-01-13 17:48:19.488,49.961
2026-01-13 17:48:19.503,49.96
2026-01-13 17:48:19.520,49.956
2026-01-13 17:48:19.538,49.959
2026-01-13 17:48:19.538,49.961
2026-01-13 17:48:19.553,49.962
2026-01-13 17:48:19.569,49.961
2026-01-13 17:48:19.586,49.96
2026-01-13 17:48:19.587,49.958
2026-01-13 17:48:19.603,49.962
2026-01-13 17:48:19.621,49.963
2026-01-13 17:48:19.621,49.958
2026-01-13 17:48:19.637,49.963
2026-01-13 17:48:19.684,49.967
2026-01-13 17:48:19.685,49.968
2026-01-13 17:48:19.685,49.97
2026-01-13 17:48:19.686,49.966
2026-01-13 17:48:19.691,49.961
2026-01-13 17:48:19.704,49.966
2026-01-13 17:48:19.720,49.967
2026-01-13 17:48:19.737,49.967
2026-01-13 17:48:19.753,49.968
2026-01-13 17:48:19.754,49.966
2026-01-13 17:48:19.770,49.966
2026-01-13 17:48:19.787,49.964
2026-01-13 17:48:19.787,49.965
2026-01-13 17:48:19.802,49.962
2026-01-13 17:48:19.820,49.964
2026-01-13 17:48:19.837,49.965
2026-01-13 17:48:19.837,49.964
2026-01-13 17:48:19.852,49.964
2026-01-13 17:48:19.870,49.964
2026-01-13 17:48:19.886,49.971
2026-01-13 17:48:19.887,49.968
2026-01-13 17:48:19.903,49.968
2026-01-13 17:48:19.921,49.965
2026-01-13 17:48:19.921,49.962
2026-01-13 17:48:19.937,49.963
2026-01-13 17:48:19.954,49.961
2026-01-13 17:48:19.954,49.961
2026-01-13 17:48:19.970,49.96
2026-01-13 17:48:19.987,49.956
2026-01-13 17:48:20.002,49.959
2026-01-13 17:48:20.020,49.957
2026-01-13 17:48:20.020,49.958
2026-01-13 17:48:20.043,49.964
2026-01-13 17:48:20.044,49.958
2026-01-13 17:48:20.052,49.961
2026-01-13 17:48:20.069,49.966
2026-01-13 17:48:20.087,49.959
2026-01-13 17:48:20.087,49.967
2026-01-13 17:48:20.102,49.966
2026-01-13 17:48:20.122,49.963
2026-01-13 17:48:20.135,49.969
2026-01-13 17:48:20.137,49.963
2026-01-13 17:48:20.153,49.959
2026-01-13 17:48:20.171,49.964
2026-01-13 17:48:20.185,49.963
2026-01-13 17:48:20.185,49.958
2026-01-13 17:48:20.201,49.957
2026-01-13 17:48:20.220,49.956
2026-01-13 17:48:20.220,49.956
2026-01-13 17:48:20.237,49.949
2026-01-13 17:48:20.252,49.956
2026-01-13 17:48:20.269,49.955
2026-01-13 17:48:20.270,49.958
2026-01-13 17:48:20.287,49.956
2026-01-13 17:48:20.303,49.966
2026-01-13 17:48:20.303,49.957
2026-01-13 17:48:20.320,49.958
2026-01-13 17:48:20.336,49.953
2026-01-13 17:48:20.352,49.949
2026-01-13 17:48:20.353,49.956
2026-01-13 17:48:20.371,49.95
2026-01-13 17:48:20.386,49.958
2026-01-13 17:48:20.402,49.95
2026-01-13 17:48:20.402,49.948
2026-01-13 17:48:20.418,49.953
2026-01-13 17:48:20.437,49.946
2026-01-13 17:48:20.437,49.956
2026-01-13 17:48:20.452,49.955
2026-01-13 17:48:20.470,49.953
2026-01-13 17:48:20.487,49.959
2026-01-13 17:48:20.487,49.956
2026-01-13 17:48:20.502,49.956
2026-01-13 17:48:20.519,49.957
2026-01-13 17:48:20.520,49.964
2026-01-13 17:48:20.536,49.971
2026-01-13 17:48:20.552,49.964
2026-01-13 17:48:20.569,49.972
2026-01-13 17:48:20.569,49.977
2026-01-13 17:48:20.587,49.967
2026-01-13 17:48:20.603,49.962
2026-01-13 17:48:20.603,49.966
2026-01-13 17:48:20.620,49.958
2026-01-13 17:48:20.637,49.964
2026-01-13 17:48:20.652,49.964
2026-01-13 17:48:20.652,49.959
2026-01-13 17:48:20.669,49.964
2026-01-13 17:48:20.686,49.958
2026-01-13 17:48:20.701,49.955
2026-01-13 17:48:20.720,49.957
2026-01-13 17:48:20.737,49.954
2026-01-13 17:48:20.737,49.956
2026-01-13 17:48:20.752,49.954
2026-01-13 17:48:20.769,49.949
2026-01-13 17:48:20.784,49.96
2026-01-13 17:48:20.785,49.957
2026-01-13 17:48:20.802,49.953
2026-01-13 17:48:20.819,49.959
2026-01-13 17:48:20.819,49.953
2026-01-13 17:48:20.836,49.962
2026-01-13 17:48:20.852,49.959
2026-01-13 17:48:20.869,49.957
2026-01-13 17:48:20.869,49.956
2026-01-13 17:48:20.884,49.965
2026-01-13 17:48:20.901,49.958
2026-01-13 17:48:20.917,49.953
2026-01-13 17:48:20.918,49.958
2026-01-13 17:48:20.935,49.956
2026-01-13 17:48:20.952,49.964
2026-01-13 17:48:20.952,49.96
2026-01-13 17:48:20.969,49.959
2026-01-13 17:48:20.985,49.959
2026-01-13 17:48:21.001,49.957
2026-01-13 17:48:21.001,49.962
2026-01-13 17:48:21.028,49.96
2026-01-13 17:48:21.030,49.969
2026-01-13 17:48:21.043,49.962
2026-01-13 17:48:21.050,49.962
2026-01-13 17:48:21.069,49.969
2026-01-13 17:48:21.085,49.968
2026-01-13 17:48:21.085,49.965
2026-01-13 17:48:21.102,49.96
2026-01-13 17:48:21.120,49.957
2026-01-13 17:48:21.120,49.966
2026-01-13 17:48:21.136,49.96
2026-01-13 17:48:21.153,49.962
2026-01-13 17:48:21.170,49.966
2026-01-13 17:48:21.170,49.965
2026-01-13 17:48:21.186,49.964
2026-01-13 17:48:21.202,49.959
2026-01-13 17:48:21.218,49.965
2026-01-13 17:48:21.219,49.973
2026-01-13 17:48:21.236,49.97
2026-01-13 17:48:21.252,49.967
2026-01-13 17:48:21.254,49.965
2026-01-13 17:48:21.271,49.966
2026-01-13 17:48:21.286,49.964
2026-01-13 17:48:21.302,49.959
2026-01-13 17:48:21.303,49.959
2026-01-13 17:48:21.320,49.97
2026-01-13 17:48:21.336,49.965
2026-01-13 17:48:21.337,49.976
2026-01-13 17:48:21.353,49.969
2026-01-13 17:48:21.387,49.969
2026-01-13 17:48:21.387,49.966
2026-01-13 17:48:21.403,49.971
2026-01-13 17:48:21.420,49.973
2026-01-13 17:48:21.420,49.97
2026-01-13 17:48:21.437,49.977
2026-01-13 17:48:21.452,49.976
2026-01-13 17:48:21.469,49.977
2026-01-13 17:48:21.469,49.98
2026-01-13 17:48:21.486,49.975
2026-01-13 17:48:21.503,49.97
2026-01-13 17:48:21.504,49.969
2026-01-13 17:48:21.519,49.97
2026-01-13 17:48:21.537,49.966
2026-01-13 17:48:21.552,49.966
2026-01-13 17:48:21.553,49.967
2026-01-13 17:48:21.567,49.967
2026-01-13 17:48:21.585,49.969
2026-01-13 17:48:21.602,49.97
2026-01-13 17:48:21.603,49.969
2026-01-13 17:48:21.619,49.967
2026-01-13 17:48:21.636,49.966
2026-01-13 17:48:21.637,49.966
2026-01-13 17:48:21.653,49.969
2026-01-13 17:48:21.669,49.973
2026-01-13 17:48:21.686,49.976
2026-01-13 17:48:21.686,49.981
2026-01-13 17:48:21.703,49.978
2026-01-13 17:48:21.718,49.978
2026-01-13 17:48:21.737,49.978
2026-01-13 17:48:21.737,49.976
2026-01-13 17:48:21.752,49.98
2026-01-13 17:48:21.770,49.981
2026-01-13 17:48:21.770,49.977
2026-01-13 17:48:21.787,49.972
2026-01-13 17:48:21.803,49.97
2026-01-13 17:48:21.803,49.971
2026-01-13 17:48:21.836,49.97
2026-01-13 17:48:21.853,49.97
2026-01-13 17:48:21.854,49.964
2026-01-13 17:48:21.869,49.968
2026-01-13 17:48:21.887,49.966
2026-01-13 17:48:21.887,49.968
2026-01-13 17:48:21.902,49.974
2026-01-13 17:48:21.921,49.971
2026-01-13 17:48:21.936,49.975
2026-01-13 17:48:21.937,49.977
2026-01-13 17:48:21.952,49.978
2026-01-13 17:48:21.968,49.981
2026-01-13 17:48:21.987,49.982
2026-01-13 17:48:21.987,49.978
2026-01-13 17:48:22.002,49.976
2026-01-13 17:48:22.019,49.986
2026-01-13 17:48:22.020,49.98
2026-01-13 17:48:22.043,49.975
2026-01-13 17:48:22.043,49.973
2026-01-13 17:48:22.069,49.974
2026-01-13 17:48:22.069,49.975
2026-01-13 17:48:22.085,49.977
2026-01-13 17:48:22.103,49.982
2026-01-13 17:48:22.104,49.981
2026-01-13 17:48:22.119,49.988
2026-01-13 17:48:22.138,49.988
2026-01-13 17:48:22.152,49.985
2026-01-13 17:48:22.152,49.991
2026-01-13 17:48:22.168,49.986
2026-01-13 17:48:22.188,49.985
2026-01-13 17:48:22.188,49.982
2026-01-13 17:48:22.201,49.982
2026-01-13 17:48:22.219,49.982
2026-01-13 17:48:22.233,49.977
2026-01-13 17:48:22.234,49.974
2026-01-13 17:48:22.253,49.973
2026-01-13 17:48:22.270,49.968
2026-01-13 17:48:22.285,49.969
2026-01-13 17:48:22.285,49.973
2026-01-13 17:48:22.301,49.97
2026-01-13 17:48:22.320,49.972
2026-01-13 17:48:22.320,49.968
2026-01-13 17:48:22.335,49.969
2026-01-13 17:48:22.352,49.969
2026-01-13 17:48:22.395,49.968
2026-01-13 17:48:22.396,49.97
2026-01-13 17:48:22.396,49.973
2026-01-13 17:48:22.419,49.978
2026-01-13 17:48:22.419,49.978
2026-01-13 17:48:22.436,49.977
2026-01-13 17:48:22.452,49.976
2026-01-13 17:48:22.452,49.976
2026-01-13 17:48:22.469,49.978
2026-01-13 17:48:22.486,49.977
2026-01-13 17:48:22.502,49.981
2026-01-13 17:48:22.502,49.979
2026-01-13 17:48:22.519,49.978
2026-01-13 17:48:22.536,49.975
2026-01-13 17:48:22.537,49.97
2026-01-13 17:48:22.552,49.979
2026-01-13 17:48:22.568,49.978
2026-01-13 17:48:22.585,49.976
2026-01-13 17:48:22.585,49.976
2026-01-13 17:48:22.602,49.979
2026-01-13 17:48:22.620,49.98
2026-01-13 17:48:22.620,49.978
2026-01-13 17:48:22.637,49.978
2026-01-13 17:48:22.652,49.979
2026-01-13 17:48:22.668,49.98
2026-01-13 17:48:22.668,49.982
2026-01-13 17:48:22.686,49.979
2026-01-13 17:48:22.702,49.977
2026-01-13 17:48:22.703,49.979
2026-01-13 17:48:22.719,49.972
2026-01-13 17:48:22.736,49.972
2026-01-13 17:48:22.752,49.969
2026-01-13 17:48:22.752,49.97
2026-01-13 17:48:22.769,49.97
2026-01-13 17:48:22.786,49.97
2026-01-13 17:48:22.787,49.971
2026-01-13 17:48:22.801,49.966
2026-01-13 17:48:22.819,49.97
2026-01-13 17:48:22.837,49.971
2026-01-13 17:48:22.837,49.974
2026-01-13 17:48:22.851,49.976
2026-01-13 17:48:22.869,49.975
2026-01-13 17:48:22.885,49.976
2026-01-13 17:48:22.885,49.973
2026-01-13 17:48:22.902,49.97
2026-01-13 17:48:22.919,49.972
2026-01-13 17:48:22.919,49.972
2026-01-13 17:48:22.936,49.971
2026-01-13 17:48:22.953,49.968
2026-01-13 17:48:22.970,49.967
2026-01-13 17:48:22.970,49.966
2026-01-13 17:48:22.984,49.963
2026-01-13 17:48:23.002,49.965
2026-01-13 17:48:23.003,49.965
2026-01-13 17:48:23.018,49.968
2026-01-13 17:48:23.043,49.968
2026-01-13 17:48:23.044,49.968
2026-01-13 17:48:23.052,49.971
2026-01-13 17:48:23.068,49.963
2026-01-13 17:48:23.084,49.968
2026-01-13 17:48:23.102,49.968
2026-01-13 17:48:23.102,49.967
2026-01-13 17:48:23.118,49.962
2026-01-13 17:48:23.135,49.961
2026-01-13 17:48:23.136,49.961
2026-01-13 17:48:23.151,49.959
2026-01-13 17:48:23.169,49.961
2026-01-13 17:48:23.185,49.959
2026-01-13 17:48:23.185,49.953
2026-01-13 17:48:23.201,49.952
2026-01-13 17:48:23.217,49.951
2026-01-13 17:48:23.234,49.952
2026-01-13 17:48:23.234,49.965
2026-01-13 17:48:23.252,49.968
2026-01-13 17:48:23.270,49.967
2026-01-13 17:48:23.270,49.969
2026-01-13 17:48:23.285,49.965
2026-01-13 17:48:23.302,49.973
2026-01-13 17:48:23.303,49.97
2026-01-13 17:48:23.320,49.973
2026-01-13 17:48:23.335,49.968
2026-01-13 17:48:23.352,49.966
2026-01-13 17:48:23.352,49.966
2026-01-13 17:48:23.370,49.967
2026-01-13 17:48:23.386,49.967
2026-01-13 17:48:23.402,49.966
2026-01-13 17:48:23.419,49.964
2026-01-13 17:48:23.436,49.965
2026-01-13 17:48:23.436,49.964
2026-01-13 17:48:23.452,49.964
2026-01-13 17:48:23.470,49.963
2026-01-13 17:48:23.485,49.962
2026-01-13 17:48:23.486,49.969
2026-01-13 17:48:23.502,49.969
2026-01-13 17:48:23.518,49.968
2026-01-13 17:48:23.537,49.969
2026-01-13 17:48:23.537,49.968
2026-01-13 17:48:23.552,49.969
2026-01-13 17:48:23.570,49.968
2026-01-13 17:48:23.570,49.967
2026-01-13 17:48:23.585,49.965
2026-01-13 17:48:23.602,49.961
2026-01-13 17:48:23.602,49.961
2026-01-13 17:48:23.619,49.961
2026-01-13 17:48:23.636,49.962
2026-01-13 17:48:23.652,49.963
2026-01-13 17:48:23.652,49.964
2026-01-13 17:48:23.667,49.964
2026-01-13 17:48:23.685,49.962
2026-01-13 17:48:23.700,49.964
2026-01-13 17:48:23.701,49.968
2026-01-13 17:48:23.718,49.966
2026-01-13 17:48:23.734,49.967
2026-01-13 17:48:23.767,49.964
2026-01-13 17:48:23.768,49.964
2026-01-13 17:48:23.768,49.963
2026-01-13 17:48:23.776,49.96
2026-01-13 17:48:23.785,49.961
2026-01-13 17:48:23.801,49.96
2026-01-13 17:48:23.819,49.961
2026-01-13 17:48:23.819,49.963
2026-01-13 17:48:23.836,49.964
2026-01-13 17:48:23.852,49.967
2026-01-13 17:48:23.868,49.972
2026-01-13 17:48:23.869,49.97
2026-01-13 17:48:23.884,49.973
2026-01-13 17:48:23.901,49.972
2026-01-13 17:48:23.919,49.974
2026-01-13 17:48:23.919,49.975
2026-01-13 17:48:23.934,49.975
2026-01-13 17:48:23.950,49.976
2026-01-13 17:48:23.951,49.977
2026-01-13 17:48:23.968,49.975
2026-01-13 17:48:23.984,49.975
2026-01-13 17:48:24.001,49.974
2026-01-13 17:48:24.001,49.971
2026-01-13 17:48:24.019,49.972
2026-01-13 17:48:24.042,49.967
2026-01-13 17:48:24.042,49.965
2026-01-13 17:48:24.051,49.965
2026-01-13 17:48:24.069,49.964
2026-01-13 17:48:24.085,49.964
2026-01-13 17:48:24.085,49.964
2026-01-13 17:48:24.102,49.961
2026-01-13 17:48:24.119,49.962
2026-01-13 17:48:24.120,49.957
2026-01-13 17:48:24.136,49.956
2026-01-13 17:48:24.153,49.962
2026-01-13 17:48:24.170,49.967
2026-01-13 17:48:24.170,49.964
2026-01-13 17:48:24.185,49.966
2026-01-13 17:48:24.202,49.962
2026-01-13 17:48:24.218,49.965
2026-01-13 17:48:24.219,49.961
2026-01-13 17:48:24.237,49.965
2026-01-13 17:48:24.251,49.966
2026-01-13 17:48:24.251,49.967
2026-01-13 17:48:24.269,49.968
2026-01-13 17:48:24.286,49.972
2026-01-13 17:48:24.287,49.972
2026-01-13 17:48:24.301,49.97
2026-01-13 17:48:24.318,49.97
2026-01-13 17:48:24.336,49.972
2026-01-13 17:48:24.336,49.978
2026-01-13 17:48:24.352,49.976
2026-01-13 17:48:24.370,49.981
2026-01-13 17:48:24.387,49.982
2026-01-13 17:48:24.387,49.983
2026-01-13 17:48:24.402,49.983
2026-01-13 17:48:24.420,49.986
2026-01-13 17:48:24.421,49.979
2026-01-13 17:48:24.436,49.983
2026-01-13 17:48:24.453,49.977
2026-01-13 17:48:24.470,49.98
2026-01-13 17:48:24.471,49.977
2026-01-13 17:48:24.486,49.982
2026-01-13 17:48:24.502,49.982
2026-01-13 17:48:24.520,49.985
2026-01-13 17:48:24.520,49.992
2026-01-13 17:48:24.536,49.984
2026-01-13 17:48:24.551,49.986
2026-01-13 17:48:24.552,49.986
2026-01-13 17:48:24.567,49.99
2026-01-13 17:48:24.586,49.985
2026-01-13 17:48:24.601,49.993
2026-01-13 17:48:24.601,49.992
2026-01-13 17:48:24.619,49.991
2026-01-13 17:48:24.636,49.993
2026-01-13 17:48:24.636,49.995
2026-01-13 17:48:24.652,49.996
2026-01-13 17:48:24.668,49.995
2026-01-13 17:48:24.684,49.995
2026-01-13 17:48:24.685,49.993
2026-01-13 17:48:24.702,49.999
2026-01-13 17:48:24.718,49.997
2026-01-13 17:48:24.736,49.989
2026-01-13 17:48:24.737,49.987
2026-01-13 17:48:24.751,49.99
2026-01-13 17:48:24.767,49.985
2026-01-13 17:48:24.768,49.982
2026-01-13 17:48:24.785,49.976
2026-01-13 17:48:24.804,49.97
2026-01-13 17:48:24.804,49.971
2026-01-13 17:48:24.819,49.974
2026-01-13 17:48:24.836,49.976
2026-01-13 17:48:24.851,49.973
2026-01-13 17:48:24.868,49.967
2026-01-13 17:48:24.884,49.969
2026-01-13 17:48:24.900,49.967
2026-01-13 17:48:24.900,49.967
2026-01-13 17:48:24.919,49.973
2026-01-13 17:48:24.936,49.972
2026-01-13 17:48:24.936,49.976
2026-01-13 17:48:24.951,49.971
2026-01-13 17:48:24.969,49.972
2026-01-13 17:48:24.986,49.965
2026-01-13 17:48:24.986,49.972
2026-01-13 17:48:25.002,49.974
2026-01-13 17:48:25.018,49.972
2026-01-13 17:48:25.043,49.974
2026-01-13 17:48:25.043,49.969
2026-01-13 17:48:25.043,49.972
2026-01-13 17:48:25.069,49.969
2026-01-13 17:48:25.069,49.968
2026-01-13 17:48:25.085,49.97
2026-01-13 17:48:25.128,49.972
2026-01-13 17:48:25.129,49.975
2026-01-13 17:48:25.129,49.97
2026-01-13 17:48:25.129,49.969
2026-01-13 17:48:25.139,49.966
2026-01-13 17:48:25.151,49.966
2026-01-13 17:48:25.167,49.964
2026-01-13 17:48:25.185,49.967
2026-01-13 17:48:25.202,49.97
2026-01-13 17:48:25.203,49.973
2026-01-13 17:48:25.219,49.97
2026-01-13 17:48:25.236,49.971
2026-01-13 17:48:25.236,49.971
2026-01-13 17:48:25.252,49.969
2026-01-13 17:48:25.269,49.976
2026-01-13 17:48:25.286,49.979
2026-01-13 17:48:25.286,49.978
2026-01-13 17:48:25.318,49.981
2026-01-13 17:48:25.319,49.986
2026-01-13 17:48:25.336,49.989
2026-01-13 17:48:25.350,49.993
2026-01-13 17:48:25.368,49.99
2026-01-13 17:48:25.368,50.001
2026-01-13 17:48:25.384,50.006
2026-01-13 17:48:25.401,50.007
2026-01-13 17:48:25.417,50.016
2026-01-13 17:48:25.434,50.016
2026-01-13 17:48:25.451,50.019
2026-01-13 17:48:25.452,50.02
2026-01-13 17:48:25.468,50.027
2026-01-13 17:48:25.503,50.025
2026-01-13 17:48:25.503,50.027
2026-01-13 17:48:25.519,50.028
2026-01-13 17:48:25.535,50.034
2026-01-13 17:48:25.536,50.031
2026-01-13 17:48:25.552,50.035
2026-01-13 17:48:25.569,50.03
2026-01-13 17:48:25.586,50.029
2026-01-13 17:48:25.586,50.025
2026-01-13 17:48:25.601,50.018
2026-01-13 17:48:25.618,50.018
2026-01-13 17:48:25.619,50.016
2026-01-13 17:48:25.635,50.013
2026-01-13 17:48:25.652,50.012
2026-01-13 17:48:25.668,50.006
2026-01-13 17:48:25.669,50.007
2026-01-13 17:48:25.685,50.003
2026-01-13 17:48:25.702,50.007
2026-01-13 17:48:25.718,50.007
2026-01-13 17:48:25.718,50.0
2026-01-13 17:48:25.737,49.999
2026-01-13 17:48:25.752,50.002
2026-01-13 17:48:25.753,49.996
2026-01-13 17:48:25.768,49.996
2026-01-13 17:48:25.785,49.992
2026-01-13 17:48:25.802,49.994
2026-01-13 17:48:25.802,49.995
2026-01-13 17:48:25.819,49.998
2026-01-13 17:48:25.836,50.003
2026-01-13 17:48:25.836,49.999
2026-01-13 17:48:25.851,49.997
2026-01-13 17:48:25.871,49.999
2026-01-13 17:48:25.871,50.002
2026-01-13 17:48:25.885,50.004
2026-01-13 17:48:25.901,50.005
2026-01-13 17:48:25.920,50.007
2026-01-13 17:48:25.920,50.01
2026-01-13 17:48:25.935,50.012
2026-01-13 17:48:25.953,50.013
2026-01-13 17:48:25.969,50.015
2026-01-13 17:48:25.969,50.016
2026-01-13 17:48:25.986,50.017
2026-01-13 17:48:26.002,50.014
2026-01-13 17:48:26.019,50.018
2026-01-13 17:48:26.044,50.018
2026-01-13 17:48:26.044,50.02
2026-01-13 17:48:26.052,50.019
2026-01-13 17:48:26.068,50.021
2026-01-13 17:48:26.102,50.022
2026-01-13 17:48:26.102,50.021
2026-01-13 17:48:26.119,50.019
2026-01-13 17:48:26.135,50.016
2026-01-13 17:48:26.151,50.019
2026-01-13 17:48:26.169,50.017
2026-01-13 17:48:26.186,50.011
2026-01-13 17:48:26.186,50.006
2026-01-13 17:48:26.202,49.997
2026-01-13 17:48:26.218,49.993
2026-01-13 17:48:26.235,49.988
2026-01-13 17:48:26.252,49.986
2026-01-13 17:48:26.270,49.982
2026-01-13 17:48:26.270,49.983
2026-01-13 17:48:26.285,49.98
2026-01-13 17:48:26.303,49.982
2026-01-13 17:48:26.304,49.972
2026-01-13 17:48:26.317,49.97
2026-01-13 17:48:26.336,49.964
2026-01-13 17:48:26.351,49.963
2026-01-13 17:48:26.352,49.955
2026-01-13 17:48:26.367,49.951
2026-01-13 17:48:26.385,49.955
2026-01-13 17:48:26.401,49.95
2026-01-13 17:48:26.401,49.952
2026-01-13 17:48:26.418,49.949
2026-01-13 17:48:26.436,49.954
2026-01-13 17:48:26.436,49.956
2026-01-13 17:48:26.451,49.956
2026-01-13 17:48:26.514,49.957
2026-01-13 17:48:26.516,49.951
2026-01-13 17:48:26.516,49.95
2026-01-13 17:48:26.517,49.956
2026-01-13 17:48:26.517,49.957
2026-01-13 17:48:26.523,49.956
2026-01-13 17:48:26.535,49.959
2026-01-13 17:48:26.552,49.96
2026-01-13 17:48:26.568,49.958
2026-01-13 17:48:26.583,49.964
2026-01-13 17:48:26.603,49.966
2026-01-13 17:48:26.603,49.967
2026-01-13 17:48:26.634,49.963
2026-01-13 17:48:26.650,49.961
2026-01-13 17:48:26.651,49.962
2026-01-13 17:48:26.669,49.963
2026-01-13 17:48:26.685,49.963
2026-01-13 17:48:26.701,49.976
2026-01-13 17:48:26.701,49.978
2026-01-13 17:48:26.720,49.976
2026-01-13 17:48:26.734,49.973
2026-01-13 17:48:26.751,49.973
2026-01-13 17:48:26.751,49.973
2026-01-13 17:48:26.768,49.975
2026-01-13 17:48:26.785,49.984
2026-01-13 17:48:26.786,49.982
2026-01-13 17:48:26.819,49.981
2026-01-13 17:48:26.820,49.98
2026-01-13 17:48:26.836,49.974
2026-01-13 17:48:26.850,49.975
2026-01-13 17:48:26.869,49.979
2026-01-13 17:48:26.870,49.977
2026-01-13 17:48:26.885,49.977
2026-01-13 17:48:26.901,49.977
2026-01-13 17:48:26.917,49.977
2026-01-13 17:48:26.918,49.978
2026-01-13 17:48:26.936,49.979
2026-01-13 17:48:26.951,49.976
2026-01-13 17:48:26.951,49.976
2026-01-13 17:48:26.969,49.979
2026-01-13 17:48:26.985,49.978
2026-01-13 17:48:27.001,49.977
2026-01-13 17:48:27.001,49.98
2026-01-13 17:48:27.017,49.981
2026-01-13 17:48:27.041,49.981
2026-01-13 17:48:27.041,49.984
2026-01-13 17:48:27.051,49.979
2026-01-13 17:48:27.068,49.978
2026-01-13 17:48:27.084,49.981
2026-01-13 17:48:27.084,49.982
2026-01-13 17:48:27.100,49.981
2026-01-13 17:48:27.118,49.982
2026-01-13 17:48:27.136,49.975
2026-01-13 17:48:27.136,49.972
2026-01-13 17:48:27.151,49.967
2026-01-13 17:48:27.168,49.971
2026-01-13 17:48:27.168,49.969
2026-01-13 17:48:27.184,49.968
2026-01-13 17:48:27.201,49.963
2026-01-13 17:48:27.219,49.965
2026-01-13 17:48:27.219,49.964
2026-01-13 17:48:27.235,49.966
2026-01-13 17:48:27.251,49.962
2026-01-13 17:48:27.251,49.958
2026-01-13 17:48:27.268,49.958
2026-01-13 17:48:27.286,49.96
2026-01-13 17:48:27.288,49.968
2026-01-13 17:48:27.300,49.965
2026-01-13 17:48:27.318,49.968
2026-01-13 17:48:27.334,49.966
2026-01-13 17:48:27.352,49.967
2026-01-13 17:48:27.352,49.977
2026-01-13 17:48:27.368,49.976
2026-01-13 17:48:27.386,49.973
2026-01-13 17:48:27.386,49.974
2026-01-13 17:48:27.401,49.974
2026-01-13 17:48:27.418,49.979
2026-01-13 17:48:27.420,49.982
2026-01-13 17:48:27.435,49.98
2026-01-13 17:48:27.451,49.982
2026-01-13 17:48:27.469,49.985
2026-01-13 17:48:27.469,49.99
2026-01-13 17:48:27.486,49.991
2026-01-13 17:48:27.501,49.989
2026-01-13 17:48:27.517,49.994
2026-01-13 17:48:27.518,49.994
2026-01-13 17:48:27.534,49.998
2026-01-13 17:48:27.551,49.997
2026-01-13 17:48:27.551,49.995
2026-01-13 17:48:27.567,49.992
2026-01-13 17:48:27.584,49.991
2026-01-13 17:48:27.601,49.989
2026-01-13 17:48:27.601,49.989
2026-01-13 17:48:27.618,49.992
2026-01-13 17:48:27.634,49.989
2026-01-13 17:48:27.651,49.986
2026-01-13 17:48:27.652,49.986
2026-01-13 17:48:27.667,49.982
2026-01-13 17:48:27.683,49.982
2026-01-13 17:48:27.683,49.976
2026-01-13 17:48:27.699,49.977
2026-01-13 17:48:27.716,49.971
2026-01-13 17:48:27.733,49.968
2026-01-13 17:48:27.733,49.969
2026-01-13 17:48:27.750,49.968
2026-01-13 17:48:27.769,49.973
2026-01-13 17:48:27.769,49.978
2026-01-13 17:48:27.785,49.976
2026-01-13 17:48:27.801,49.973
2026-01-13 17:48:27.818,49.977
2026-01-13 17:48:27.844,49.975
2026-01-13 17:48:27.845,49.979
2026-01-13 17:48:27.845,49.975
2026-01-13 17:48:27.852,49.97
2026-01-13 17:48:27.868,49.971
2026-01-13 17:48:27.884,49.971
2026-01-13 17:48:27.903,49.977
2026-01-13 17:48:27.903,49.973
2026-01-13 17:48:27.919,49.967
2026-01-13 17:48:27.933,49.968
2026-01-13 17:48:27.953,49.971
2026-01-13 17:48:27.953,49.978
2026-01-13 17:48:27.968,49.973
2026-01-13 17:48:27.985,49.972
2026-01-13 17:48:27.985,49.97
2026-01-13 17:48:28.001,49.974
2026-01-13 17:48:28.018,49.981
2026-01-13 17:48:28.019,49.976
2026-01-13 17:48:28.043,49.975
2026-01-13 17:48:28.043,49.971
2026-01-13 17:48:28.067,49.97
2026-01-13 17:48:28.067,49.967
2026-01-13 17:48:28.085,49.968
2026-01-13 17:48:28.102,49.966
2026-01-13 17:48:28.118,49.963
2026-01-13 17:48:28.119,49.961
2026-01-13 17:48:28.135,49.959
2026-01-13 17:48:28.152,49.957
2026-01-13 17:48:28.152,49.959
2026-01-13 17:48:28.169,49.958
2026-01-13 17:48:28.186,49.956
2026-01-13 17:48:28.201,49.958
2026-01-13 17:48:28.201,49.953
2026-01-13 17:48:28.218,49.955
2026-01-13 17:48:28.234,49.953
2026-01-13 17:48:28.234,49.956
2026-01-13 17:48:28.252,49.953
2026-01-13 17:48:28.268,49.951
2026-01-13 17:48:28.285,49.949
2026-01-13 17:48:28.285,49.949
2026-01-13 17:48:28.302,49.946
2026-01-13 17:48:28.319,49.951
2026-01-13 17:48:28.319,49.951
2026-01-13 17:48:28.335,49.951
2026-01-13 17:48:28.351,49.95
2026-01-13 17:48:28.369,49.948
2026-01-13 17:48:28.369,49.954
2026-01-13 17:48:28.387,49.956
2026-01-13 17:48:28.401,49.958
2026-01-13 17:48:28.418,49.952
2026-01-13 17:48:28.418,49.949
2026-01-13 17:48:28.435,49.959
2026-01-13 17:48:28.451,49.957
2026-01-13 17:48:28.452,49.955
2026-01-13 17:48:28.468,49.952
2026-01-13 17:48:28.486,49.951
2026-01-13 17:48:28.501,49.949
2026-01-13 17:48:28.501,49.949
2026-01-13 17:48:28.519,49.943
2026-01-13 17:48:28.534,49.944
2026-01-13 17:48:28.535,49.945
2026-01-13 17:48:28.551,49.949
2026-01-13 17:48:28.568,49.945
2026-01-13 17:48:28.586,49.942
2026-01-13 17:48:28.586,49.946
2026-01-13 17:48:28.600,49.942
2026-01-13 17:48:28.619,49.949
2026-01-13 17:48:28.619,49.946
2026-01-13 17:48:28.635,49.942
2026-01-13 17:48:28.652,49.941
2026-01-13 17:48:28.668,49.942
2026-01-13 17:48:28.669,49.941
2026-01-13 17:48:28.685,49.942
2026-01-13 17:48:28.701,49.943
2026-01-13 17:48:28.717,49.945
2026-01-13 17:48:28.717,49.944
2026-01-13 17:48:28.735,49.948
2026-01-13 17:48:28.751,49.951
2026-01-13 17:48:28.752,49.948
2026-01-13 17:48:28.769,49.951
2026-01-13 17:48:28.785,49.956
2026-01-13 17:48:28.801,49.955
2026-01-13 17:48:28.802,49.954
2026-01-13 17:48:28.819,49.953
2026-01-13 17:48:28.835,49.955
2026-01-13 17:48:28.835,49.953
2026-01-13 17:48:28.851,49.96
2026-01-13 17:48:28.867,49.96
2026-01-13 17:48:28.884,49.959
2026-01-13 17:48:28.885,49.959
2026-01-13 17:48:28.901,49.959
2026-01-13 17:48:28.919,49.965
2026-01-13 17:48:28.919,49.961
2026-01-13 17:48:28.935,49.957
2026-01-13 17:48:28.950,49.961
2026-01-13 17:48:28.969,49.96
2026-01-13 17:48:28.969,49.959
2026-01-13 17:48:28.985,49.959
2026-01-13 17:48:29.002,49.956
2026-01-13 17:48:29.002,49.965
2026-01-13 17:48:29.018,49.964
2026-01-13 17:48:29.041,49.965
2026-01-13 17:48:29.042,49.965
2026-01-13 17:48:29.051,49.966
2026-01-13 17:48:29.067,49.963
2026-01-13 17:48:29.083,49.969
2026-01-13 17:48:29.102,49.973
2026-01-13 17:48:29.103,49.975
2026-01-13 17:48:29.119,49.974
2026-01-13 17:48:29.135,49.978
2026-01-13 17:48:29.135,49.98
2026-01-13 17:48:29.151,49.98
2026-01-13 17:48:29.168,49.977
2026-01-13 17:48:29.209,49.975
2026-01-13 17:48:29.209,49.972
2026-01-13 17:48:29.210,49.974
2026-01-13 17:48:29.210,49.972
2026-01-13 17:48:29.235,49.973
2026-01-13 17:48:29.235,49.964
2026-01-13 17:48:29.252,49.968
2026-01-13 17:48:29.267,49.971
2026-01-13 17:48:29.268,49.969
2026-01-13 17:48:29.285,49.972
2026-01-13 17:48:29.300,49.979
2026-01-13 17:48:29.317,49.977
2026-01-13 17:48:29.317,49.98
2026-01-13 17:48:29.333,49.981
2026-01-13 17:48:29.350,49.985
2026-01-13 17:48:29.366,49.986
2026-01-13 17:48:29.366,49.993
2026-01-13 17:48:29.383,49.991
2026-01-13 17:48:29.400,49.986
2026-01-13 17:48:29.400,49.985
2026-01-13 17:48:29.416,49.988
2026-01-13 17:48:29.433,49.987
2026-01-13 17:48:29.434,49.986
2026-01-13 17:48:29.451,49.98
2026-01-13 17:48:29.469,49.981
2026-01-13 17:48:29.485,49.984
2026-01-13 17:48:29.485,49.988
2026-01-13 17:48:29.502,49.99
2026-01-13 17:48:29.518,49.988
2026-01-13 17:48:29.518,49.986
2026-01-13 17:48:29.534,49.989
2026-01-13 17:48:29.551,49.988
2026-01-13 17:48:29.568,49.984
2026-01-13 17:48:29.569,49.986
2026-01-13 17:48:29.602,49.986
2026-01-13 17:48:29.619,49.989
2026-01-13 17:48:29.619,49.99
2026-01-13 17:48:29.635,49.987
2026-01-13 17:48:29.651,49.99
2026-01-13 17:48:29.651,49.988
2026-01-13 17:48:29.668,49.987
2026-01-13 17:48:29.685,49.989
2026-01-13 17:48:29.700,49.988
2026-01-13 17:48:29.717,49.988
2026-01-13 17:48:29.735,49.989
2026-01-13 17:48:29.735,49.985
2026-01-13 17:48:29.750,49.984
2026-01-13 17:48:29.766,49.981
2026-01-13 17:48:29.783,49.979
2026-01-13 17:48:29.783,49.979
2026-01-13 17:48:29.799,49.979
2026-01-13 17:48:29.816,49.975
2026-01-13 17:48:29.834,49.975
2026-01-13 17:48:29.834,49.973
2026-01-13 17:48:29.850,49.973
2026-01-13 17:48:29.866,49.974
2026-01-13 17:48:29.867,49.97
2026-01-13 17:48:29.884,49.971
2026-01-13 17:48:29.900,49.968
2026-01-13 17:48:29.916,49.971
2026-01-13 17:48:29.917,49.98
2026-01-13 17:48:29.933,49.978
2026-01-13 17:48:29.950,49.975
2026-01-13 17:48:29.951,49.972
2026-01-13 17:48:29.966,49.974
2026-01-13 17:48:29.985,49.977
2026-01-13 17:48:30.001,49.977
2026-01-13 17:48:30.001,49.978
2026-01-13 17:48:30.019,49.981
2026-01-13 17:48:30.041,49.983
2026-01-13 17:48:30.042,49.983
2026-01-13 17:48:30.050,49.982
2026-01-13 17:48:30.067,49.979
2026-01-13 17:48:30.084,49.977
2026-01-13 17:48:30.084,49.977
2026-01-13 17:48:30.101,49.976
2026-01-13 17:48:30.118,49.976
2026-01-13 17:48:30.119,49.976
2026-01-13 17:48:30.134,49.974
2026-01-13 17:48:30.151,49.97
2026-01-13 17:48:30.169,49.97
2026-01-13 17:48:30.169,49.971
2026-01-13 17:48:30.184,49.967
2026-01-13 17:48:30.201,49.967
2026-01-13 17:48:30.217,49.965
2026-01-13 17:48:30.219,49.962
2026-01-13 17:48:30.235,49.964
2026-01-13 17:48:30.251,49.963
2026-01-13 17:48:30.251,49.967
2026-01-13 17:48:30.268,49.966
2026-01-13 17:48:30.285,49.969
2026-01-13 17:48:30.301,49.965
2026-01-13 17:48:30.301,49.964
2026-01-13 17:48:30.318,49.968
2026-01-13 17:48:30.335,49.966
2026-01-13 17:48:30.336,49.965
2026-01-13 17:48:30.351,49.963
2026-01-13 17:48:30.368,49.959
2026-01-13 17:48:30.384,49.957
2026-01-13 17:48:30.384,49.951
2026-01-13 17:48:30.401,49.954
2026-01-13 17:48:30.417,49.95
2026-01-13 17:48:30.433,49.949
2026-01-13 17:48:30.451,49.952
2026-01-13 17:48:30.468,49.955
2026-01-13 17:48:30.468,49.956
2026-01-13 17:48:30.486,49.96
2026-01-13 17:48:30.501,49.957
2026-01-13 17:48:30.516,49.958
2026-01-13 17:48:30.516,49.962
2026-01-13 17:48:30.535,49.965
2026-01-13 17:48:30.577,49.964
2026-01-13 17:48:30.577,49.965
2026-01-13 17:48:30.578,49.96
2026-01-13 17:48:30.578,49.96
2026-01-13 17:48:30.588,49.962
2026-01-13 17:48:30.600,49.961
2026-01-13 17:48:30.617,49.963
2026-01-13 17:48:30.634,49.964
2026-01-13 17:48:30.653,49.967
2026-01-13 17:48:30.653,49.966
2026-01-13 17:48:30.668,49.965
2026-01-13 17:48:30.684,49.968
2026-01-13 17:48:30.684,49.968
2026-01-13 17:48:30.701,49.968
2026-01-13 17:48:30.718,49.969
2026-01-13 17:48:30.735,49.97
2026-01-13 17:48:30.735,49.967
2026-01-13 17:48:30.751,49.969
2026-01-13 17:48:30.768,49.97
2026-01-13 17:48:30.768,49.974
2026-01-13 17:48:30.784,49.971
2026-01-13 17:48:30.801,49.969
2026-01-13 17:48:30.818,49.969
2026-01-13 17:48:30.818,49.969
2026-01-13 17:48:30.838,49.973
2026-01-13 17:48:30.850,49.974
2026-01-13 17:48:30.867,49.973
2026-01-13 17:48:30.867,49.973
2026-01-13 17:48:30.884,49.974
2026-01-13 17:48:30.901,49.987
2026-01-13 17:48:30.902,49.985
2026-01-13 17:48:30.918,49.985
2026-01-13 17:48:30.935,49.983
2026-01-13 17:48:30.935,49.981
2026-01-13 17:48:30.951,49.988
2026-01-13 17:48:30.967,49.985
2026-01-13 17:48:30.983,49.984
2026-01-13 17:48:30.984,49.982
2026-01-13 17:48:31.001,49.98
2026-01-13 17:48:31.019,49.982
2026-01-13 17:48:31.020,49.98
2026-01-13 17:48:31.039,49.983
2026-01-13 17:48:31.050,49.981
2026-01-13 17:48:31.067,49.979
2026-01-13 17:48:31.067,49.98
2026-01-13 17:48:31.084,49.977
2026-01-13 17:48:31.100,49.985
2026-01-13 17:48:31.118,49.984
2026-01-13 17:48:31.118,49.981
2026-01-13 17:48:31.135,49.979
2026-01-13 17:48:31.151,49.976
2026-01-13 17:48:31.152,49.972
2026-01-13 17:48:31.167,49.974
2026-01-13 17:48:31.185,49.975
2026-01-13 17:48:31.201,49.977
2026-01-13 17:48:31.201,49.98
2026-01-13 17:48:31.219,49.981
2026-01-13 17:48:31.235,49.976
2026-01-13 17:48:31.235,49.979
2026-01-13 17:48:31.250,49.982
2026-01-13 17:48:31.268,49.982
2026-01-13 17:48:31.283,49.984
2026-01-13 17:48:31.283,49.977
2026-01-13 17:48:31.301,49.977
2026-01-13 17:48:31.318,49.985
2026-01-13 17:48:31.318,49.983
2026-01-13 17:48:31.335,49.981
2026-01-13 17:48:31.351,49.985
2026-01-13 17:48:31.368,49.987
2026-01-13 17:48:31.368,49.993
2026-01-13 17:48:31.384,49.989
2026-01-13 17:48:31.400,49.991
2026-01-13 17:48:31.418,49.99
2026-01-13 17:48:31.419,49.99
2026-01-13 17:48:31.435,49.993
2026-01-13 17:48:31.451,49.99
2026-01-13 17:48:31.452,49.982
2026-01-13 17:48:31.467,49.985
2026-01-13 17:48:31.485,49.98
2026-01-13 17:48:31.500,49.983
2026-01-13 17:48:31.500,49.98
2026-01-13 17:48:31.517,49.975
2026-01-13 17:48:31.534,49.977
2026-01-13 17:48:31.552,49.972
2026-01-13 17:48:31.553,49.973
2026-01-13 17:48:31.569,49.971
2026-01-13 17:48:31.585,49.968
2026-01-13 17:48:31.585,49.965
2026-01-13 17:48:31.601,49.962
2026-01-13 17:48:31.618,49.961
2026-01-13 17:48:31.618,49.963
2026-01-13 17:48:31.636,49.959
2026-01-13 17:48:31.651,49.965
2026-01-13 17:48:31.667,49.963
2026-01-13 17:48:31.667,49.963
2026-01-13 17:48:31.684,49.96
2026-01-13 17:48:31.701,49.957
2026-01-13 17:48:31.719,49.962
2026-01-13 17:48:31.719,49.957
2026-01-13 17:48:31.735,49.958
2026-01-13 17:48:31.751,49.954
2026-01-13 17:48:31.751,49.956
2026-01-13 17:48:31.768,49.961
2026-01-13 17:48:31.785,49.961
2026-01-13 17:48:31.800,49.963
2026-01-13 17:48:31.801,49.967
2026-01-13 17:48:31.818,49.966
2026-01-13 17:48:31.834,49.962
2026-01-13 17:48:31.835,49.964
2026-01-13 17:48:31.850,49.967
2026-01-13 17:48:31.869,49.962
2026-01-13 17:48:31.886,49.963
2026-01-13 17:48:31.886,49.964
2026-01-13 17:48:31.901,49.964
2026-01-13 17:48:31.944,49.962
2026-01-13 17:48:31.945,49.964
2026-01-13 17:48:31.945,49.961
2026-01-13 17:48:31.945,49.968
2026-01-13 17:48:31.967,49.968
2026-01-13 17:48:31.967,49.974
2026-01-13 17:48:31.984,49.971
2026-01-13 17:48:32.000,49.967
2026-01-13 17:48:32.016,49.967
2026-01-13 17:48:32.016,49.968
2026-01-13 17:48:32.039,49.971
2026-01-13 17:48:32.040,49.966
2026-01-13 17:48:32.065,49.962
2026-01-13 17:48:32.065,49.962
2026-01-13 17:48:32.083,49.962
2026-01-13 17:48:32.100,49.964
2026-01-13 17:48:32.100,49.962
2026-01-13 17:48:32.116,49.963
2026-01-13 17:48:32.134,49.962
2026-01-13 17:48:32.134,49.957
2026-01-13 17:48:32.150,49.958
2026-01-13 17:48:32.166,49.963
2026-01-13 17:48:32.183,49.96
2026-01-13 17:48:32.183,49.962
2026-01-13 17:48:32.199,49.963
2026-01-13 17:48:32.217,49.963
2026-01-13 17:48:32.233,49.964
2026-01-13 17:48:32.233,49.961
2026-01-13 17:48:32.251,49.962
2026-01-13 17:48:32.268,49.963
2026-01-13 17:48:32.268,49.959
2026-01-13 17:48:32.285,49.959
2026-01-13 17:48:32.301,49.954
2026-01-13 17:48:32.318,49.956
2026-01-13 17:48:32.318,49.959
2026-01-13 17:48:32.333,49.962
2026-01-13 17:48:32.351,49.962
2026-01-13 17:48:32.351,49.964
2026-01-13 17:48:32.367,49.965
2026-01-13 17:48:32.384,49.963
2026-01-13 17:48:32.400,49.966
2026-01-13 17:48:32.400,49.967
2026-01-13 17:48:32.416,49.967
2026-01-13 17:48:32.435,49.97
2026-01-13 17:48:32.435,49.968
2026-01-13 17:48:32.450,49.966
2026-01-13 17:48:32.466,49.967
2026-01-13 17:48:32.483,49.965
2026-01-13 17:48:32.484,49.968
2026-01-13 17:48:32.516,49.968
2026-01-13 17:48:32.535,49.968
2026-01-13 17:48:32.536,49.963
2026-01-13 17:48:32.550,49.96
2026-01-13 17:48:32.566,49.96
2026-01-13 17:48:32.567,49.965
2026-01-13 17:48:32.585,49.96
2026-01-13 17:48:32.601,49.962
2026-01-13 17:48:32.618,49.958
2026-01-13 17:48:32.618,49.956
2026-01-13 17:48:32.634,49.967
2026-01-13 17:48:32.650,49.965
2026-01-13 17:48:32.650,49.961
2026-01-13 17:48:32.667,49.955
2026-01-13 17:48:32.685,49.953
2026-01-13 17:48:32.700,49.951
2026-01-13 17:48:32.700,49.947
2026-01-13 17:48:32.717,49.947
2026-01-13 17:48:32.734,49.948
2026-01-13 17:48:32.735,49.948
2026-01-13 17:48:32.750,49.951
2026-01-13 17:48:32.767,49.947
2026-01-13 17:48:32.785,49.948
2026-01-13 17:48:32.785,49.945
2026-01-13 17:48:32.800,49.94
2026-01-13 17:48:32.818,49.943
2026-01-13 17:48:32.818,49.94
2026-01-13 17:48:32.835,49.943
2026-01-13 17:48:32.851,49.945
2026-01-13 17:48:32.868,49.943
2026-01-13 17:48:32.868,49.943
2026-01-13 17:48:32.883,49.941
2026-01-13 17:48:32.902,49.94
2026-01-13 17:48:32.917,49.943
2026-01-13 17:48:32.918,49.938
2026-01-13 17:48:32.939,49.938
2026-01-13 17:48:32.940,49.934
2026-01-13 17:48:32.967,49.934
2026-01-13 17:48:32.967,49.937
2026-01-13 17:48:32.984,49.932
2026-01-13 17:48:33.000,49.934
2026-01-13 17:48:33.000,49.933
2026-01-13 17:48:33.019,49.934
2026-01-13 17:48:33.040,49.934
2026-01-13 17:48:33.041,49.934
2026-01-13 17:48:33.050,49.942
2026-01-13 17:48:33.067,49.94
2026-01-13 17:48:33.083,49.938
2026-01-13 17:48:33.083,49.938
2026-01-13 17:48:33.118,49.932
2026-01-13 17:48:33.134,49.93
2026-01-13 17:48:33.134,49.933
2026-01-13 17:48:33.150,49.933
2026-01-13 17:48:33.168,49.931
2026-01-13 17:48:33.168,49.937
2026-01-13 17:48:33.184,49.935
2026-01-13 17:48:33.202,49.933
2026-01-13 17:48:33.219,49.935
2026-01-13 17:48:33.219,49.934
2026-01-13 17:48:33.234,49.946
2026-01-13 17:48:33.251,49.941
2026-01-13 17:48:33.251,49.938
2026-01-13 17:48:33.269,49.941
2026-01-13 17:48:33.328,49.937
2026-01-13 17:48:33.330,49.943
2026-01-13 17:48:33.330,49.944
2026-01-13 17:48:33.330,49.943
2026-01-13 17:48:33.330,49.942
2026-01-13 17:48:33.337,49.942
2026-01-13 17:48:33.351,49.941
2026-01-13 17:48:33.367,49.942
2026-01-13 17:48:33.383,49.938
2026-01-13 17:48:33.383,49.937
2026-01-13 17:48:33.402,49.939
2026-01-13 17:48:33.418,49.934
2026-01-13 17:48:33.434,49.935
2026-01-13 17:48:33.434,49.937
2026-01-13 17:48:33.450,49.933
2026-01-13 17:48:33.468,49.931
2026-01-13 17:48:33.468,49.931
2026-01-13 17:48:33.483,49.929
2026-01-13 17:48:33.501,49.926
2026-01-13 17:48:33.518,49.931
2026-01-13 17:48:33.518,49.93
2026-01-13 17:48:33.534,49.934
2026-01-13 17:48:33.550,49.935
2026-01-13 17:48:33.551,49.933
2026-01-13 17:48:33.568,49.936
2026-01-13 17:48:33.584,49.936
2026-01-13 17:48:33.587,49.938
2026-01-13 17:48:33.599,49.94
2026-01-13 17:48:33.617,49.942
2026-01-13 17:48:33.635,49.943
2026-01-13 17:48:33.635,49.946
2026-01-13 17:48:33.651,49.947
2026-01-13 17:48:33.667,49.949
2026-01-13 17:48:33.684,49.948
2026-01-13 17:48:33.684,49.948
2026-01-13 17:48:33.700,49.946
2026-01-13 17:48:33.718,49.95
2026-01-13 17:48:33.734,49.95
2026-01-13 17:48:33.734,49.951
2026-01-13 17:48:33.751,49.953
2026-01-13 17:48:33.768,49.953
2026-01-13 17:48:33.768,49.948
2026-01-13 17:48:33.785,49.95
2026-01-13 17:48:33.800,49.947
2026-01-13 17:48:33.818,49.949
2026-01-13 17:48:33.818,49.951
2026-01-13 17:48:33.834,49.95
2026-01-13 17:48:33.850,49.953
2026-01-13 17:48:33.851,49.953
2026-01-13 17:48:33.866,49.952
2026-01-13 17:48:33.883,49.957
2026-01-13 17:48:33.901,49.955
2026-01-13 17:48:33.901,49.953
2026-01-13 17:48:33.918,49.954
2026-01-13 17:48:33.934,49.947
2026-01-13 17:48:33.951,49.95
2026-01-13 17:48:33.951,49.948
2026-01-13 17:48:33.968,49.949
2026-01-13 17:48:33.984,49.949
2026-01-13 17:48:33.984,49.949
2026-01-13 17:48:34.000,49.953
2026-01-13 17:48:34.016,49.956
2026-01-13 17:48:34.040,49.953
2026-01-13 17:48:34.040,49.954
2026-01-13 17:48:34.049,49.956
2026-01-13 17:48:34.066,49.96
2026-01-13 17:48:34.083,49.956
2026-01-13 17:48:34.084,49.961
2026-01-13 17:48:34.100,49.964
2026-01-13 17:48:34.116,49.964
2026-01-13 17:48:34.116,49.968
2026-01-13 17:48:34.133,49.97
2026-01-13 17:48:34.150,49.971
2026-01-13 17:48:34.150,49.972
2026-01-13 17:48:34.166,49.975
2026-01-13 17:48:34.182,49.971
2026-01-13 17:48:34.200,49.973
2026-01-13 17:48:34.200,49.972
2026-01-13 17:48:34.216,49.972
2026-01-13 17:48:34.233,49.977
2026-01-13 17:48:34.250,49.979
2026-01-13 17:48:34.250,49.984
2026-01-13 17:48:34.266,49.989
2026-01-13 17:48:34.283,49.989
2026-01-13 17:48:34.283,49.994
2026-01-13 17:48:34.299,49.999
2026-01-13 17:48:34.314,50.001
2026-01-13 17:48:34.333,50.003
2026-01-13 17:48:34.333,50.01
2026-01-13 17:48:34.350,50.011
2026-01-13 17:48:34.367,50.014
2026-01-13 17:48:34.368,50.008
2026-01-13 17:48:34.383,50.007
2026-01-13 17:48:34.399,50.008
2026-01-13 17:48:34.417,50.005
2026-01-13 17:48:34.417,50.003
2026-01-13 17:48:34.433,50.01
2026-01-13 17:48:34.448,50.009
2026-01-13 17:48:34.466,50.009
2026-01-13 17:48:34.466,50.013
2026-01-13 17:48:34.482,50.011
2026-01-13 17:48:34.498,50.013
2026-01-13 17:48:34.499,50.013
2026-01-13 17:48:34.517,50.012
2026-01-13 17:48:34.533,50.011
2026-01-13 17:48:34.548,50.014
2026-01-13 17:48:34.549,50.014
2026-01-13 17:48:34.567,50.018
2026-01-13 17:48:34.582,50.022
2026-01-13 17:48:34.583,50.022
2026-01-13 17:48:34.599,50.023
2026-01-13 17:48:34.615,50.024
2026-01-13 17:48:34.632,50.021
2026-01-13 17:48:34.658,50.016
2026-01-13 17:48:34.658,50.018
2026-01-13 17:48:34.658,50.013
2026-01-13 17:48:34.682,50.01
2026-01-13 17:48:34.682,50.008
2026-01-13 17:48:34.700,50.004
2026-01-13 17:48:34.717,49.998
2026-01-13 17:48:34.717,49.994
2026-01-13 17:48:34.733,49.992
2026-01-13 17:48:34.748,49.989
2026-01-13 17:48:34.764,49.985
2026-01-13 17:48:34.765,49.981
2026-01-13 17:48:34.783,49.979
2026-01-13 17:48:34.799,49.98
2026-01-13 17:48:34.799,49.99
2026-01-13 17:48:34.816,49.989
2026-01-13 17:48:34.833,49.987
2026-01-13 17:48:34.849,49.997
2026-01-13 17:48:34.850,50.0
2026-01-13 17:48:34.866,49.999
2026-01-13 17:48:34.883,50.002
2026-01-13 17:48:34.884,50.008
2026-01-13 17:48:34.900,50.007
2026-01-13 17:48:34.915,50.012
2026-01-13 17:48:34.933,50.013
2026-01-13 17:48:34.933,50.013
2026-01-13 17:48:34.949,50.006
2026-01-13 17:48:34.966,50.009
2026-01-13 17:48:34.983,50.017
2026-01-13 17:48:34.983,50.01
2026-01-13 17:48:34.998,50.01
2026-01-13 17:48:35.016,50.009
2026-01-13 17:48:35.016,50.008
2026-01-13 17:48:35.039,50.012
2026-01-13 17:48:35.039,50.009
2026-01-13 17:48:35.068,50.01
2026-01-13 17:48:35.068,50.011
2026-01-13 17:48:35.083,50.012
2026-01-13 17:48:35.101,50.008
2026-01-13 17:48:35.102,50.013
2026-01-13 17:48:35.118,50.006
2026-01-13 17:48:35.134,50.003
2026-01-13 17:48:35.134,50.005
2026-01-13 17:48:35.149,50.005
2026-01-13 17:48:35.167,50.001
2026-01-13 17:48:35.184,50.0
2026-01-13 17:48:35.185,50.003
2026-01-13 17:48:35.200,50.007
2026-01-13 17:48:35.219,50.009
2026-01-13 17:48:35.219,50.008
2026-01-13 17:48:35.235,50.003
2026-01-13 17:48:35.250,50.001
2026-01-13 17:48:35.267,50.004
2026-01-13 17:48:35.268,50.011
2026-01-13 17:48:35.285,50.01
2026-01-13 17:48:35.300,50.001
2026-01-13 17:48:35.316,49.998
2026-01-13 17:48:35.317,50.003
2026-01-13 17:48:35.334,50.006
2026-01-13 17:48:35.351,50.0
2026-01-13 17:48:35.352,49.998
2026-01-13 17:48:35.367,50.001
2026-01-13 17:48:35.384,50.005
2026-01-13 17:48:35.400,50.008
2026-01-13 17:48:35.400,49.997
2026-01-13 17:48:35.417,49.982
2026-01-13 17:48:35.434,49.984
2026-01-13 17:48:35.450,49.991
2026-01-13 17:48:35.450,49.984
2026-01-13 17:48:35.466,49.977
2026-01-13 17:48:35.483,49.984
2026-01-13 17:48:35.484,49.986
2026-01-13 17:48:35.500,49.98
2026-01-13 17:48:35.517,49.974
2026-01-13 17:48:35.534,49.985
2026-01-13 17:48:35.534,49.989
2026-01-13 17:48:35.550,49.981
2026-01-13 17:48:35.567,49.984
2026-01-13 17:48:35.567,49.987
2026-01-13 17:48:35.584,49.983
2026-01-13 17:48:35.600,49.978
2026-01-13 17:48:35.618,49.972
2026-01-13 17:48:35.618,49.983
2026-01-13 17:48:35.633,49.988
2026-01-13 17:48:35.652,49.986
2026-01-13 17:48:35.652,49.98
2026-01-13 17:48:35.668,49.977
2026-01-13 17:48:35.684,49.984
2026-01-13 17:48:35.700,49.987
2026-01-13 17:48:35.701,49.988
2026-01-13 17:48:35.717,49.985
2026-01-13 17:48:35.734,49.986
2026-01-13 17:48:35.752,49.995
2026-01-13 17:48:35.752,49.994
2026-01-13 17:48:35.767,49.989
2026-01-13 17:48:35.785,49.988
2026-01-13 17:48:35.785,49.989
2026-01-13 17:48:35.800,49.999
2026-01-13 17:48:35.817,50.005
2026-01-13 17:48:35.834,50.0
2026-01-13 17:48:35.834,50.0
2026-01-13 17:48:35.850,50.002
2026-01-13 17:48:35.867,50.005
2026-01-13 17:48:35.867,50.01
2026-01-13 17:48:35.883,50.011
2026-01-13 17:48:35.901,50.011
2026-01-13 17:48:35.917,50.012
2026-01-13 17:48:35.917,50.007
2026-01-13 17:48:35.934,50.006
2026-01-13 17:48:35.949,50.003
2026-01-13 17:48:35.966,50.007
2026-01-13 17:48:35.966,50.007
2026-01-13 17:48:35.982,50.004
2026-01-13 17:48:36.025,50.003
2026-01-13 17:48:36.025,50.01
2026-01-13 17:48:36.026,50.007
2026-01-13 17:48:36.026,50.006
2026-01-13 17:48:36.037,50.006
2026-01-13 17:48:36.049,50.008
2026-01-13 17:48:36.066,50.009
2026-01-13 17:48:36.083,50.008
2026-01-13 17:48:36.084,50.001
2026-01-13 17:48:36.100,49.998
2026-01-13 17:48:36.118,49.996
2026-01-13 17:48:36.134,49.995
2026-01-13 17:48:36.134,50.001
2026-01-13 17:48:36.150,49.995
2026-01-13 17:48:36.166,49.991
2026-01-13 17:48:36.166,49.99
2026-01-13 17:48:36.184,49.994
2026-01-13 17:48:36.202,49.992
2026-01-13 17:48:36.218,49.989
2026-01-13 17:48:36.218,49.989
2026-01-13 17:48:36.235,49.988
2026-01-13 17:48:36.250,49.995
2026-01-13 17:48:36.250,49.996
2026-01-13 17:48:36.267,49.998
2026-01-13 17:48:36.284,49.999
2026-01-13 17:48:36.300,49.997
2026-01-13 17:48:36.300,50.002
2026-01-13 17:48:36.317,50.004
2026-01-13 17:48:36.334,49.997
2026-01-13 17:48:36.335,49.998
2026-01-13 17:48:36.350,50.002
2026-01-13 17:48:36.367,50.007
2026-01-13 17:48:36.383,50.005
2026-01-13 17:48:36.385,50.002
2026-01-13 17:48:36.400,50.003
2026-01-13 17:48:36.417,50.005
2026-01-13 17:48:36.433,50.009
2026-01-13 17:48:36.433,50.006
2026-01-13 17:48:36.451,50.002
2026-01-13 17:48:36.466,50.0
2026-01-13 17:48:36.468,50.0
2026-01-13 17:48:36.483,50.002
2026-01-13 17:48:36.501,49.999
2026-01-13 17:48:36.517,49.997
2026-01-13 17:48:36.517,50.0
2026-01-13 17:48:36.533,50.005
2026-01-13 17:48:36.548,50.004
2026-01-13 17:48:36.566,50.006
2026-01-13 17:48:36.566,50.008
2026-01-13 17:48:36.584,50.01
2026-01-13 17:48:36.599,50.009
2026-01-13 17:48:36.599,50.007
2026-01-13 17:48:36.615,50.004
2026-01-13 17:48:36.632,50.006
2026-01-13 17:48:36.648,50.004
2026-01-13 17:48:36.650,50.0
2026-01-13 17:48:36.666,49.995
2026-01-13 17:48:36.682,49.998
2026-01-13 17:48:36.698,49.997
2026-01-13 17:48:36.698,49.993
2026-01-13 17:48:36.716,49.987
2026-01-13 17:48:36.732,49.986
2026-01-13 17:48:36.732,49.99
2026-01-13 17:48:36.748,49.987
2026-01-13 17:48:36.766,49.982
2026-01-13 17:48:36.782,49.983
2026-01-13 17:48:36.782,49.984
2026-01-13 17:48:36.799,49.986
2026-01-13 17:48:36.815,49.987
2026-01-13 17:48:36.816,49.983
2026-01-13 17:48:36.832,49.976
2026-01-13 17:48:36.848,49.972
2026-01-13 17:48:36.867,49.971
2026-01-13 17:48:36.867,49.97
2026-01-13 17:48:36.883,49.972
2026-01-13 17:48:36.898,49.969
2026-01-13 17:48:36.899,49.964
2026-01-13 17:48:36.915,49.963
2026-01-13 17:48:36.933,49.964
2026-01-13 17:48:36.949,49.962
2026-01-13 17:48:36.949,49.966
2026-01-13 17:48:36.965,49.961
2026-01-13 17:48:36.982,49.958
2026-01-13 17:48:36.983,49.96
2026-01-13 17:48:36.999,49.962
2026-01-13 17:48:37.016,49.963
2026-01-13 17:48:37.039,49.956
2026-01-13 17:48:37.040,49.952
2026-01-13 17:48:37.049,49.957
2026-01-13 17:48:37.065,49.96
2026-01-13 17:48:37.082,49.967
2026-01-13 17:48:37.082,49.963
2026-01-13 17:48:37.099,49.963
2026-01-13 17:48:37.117,49.96
2026-01-13 17:48:37.117,49.963
2026-01-13 17:48:37.133,49.972
2026-01-13 17:48:37.149,49.97
2026-01-13 17:48:37.166,49.963
2026-01-13 17:48:37.167,49.958
2026-01-13 17:48:37.183,49.966
2026-01-13 17:48:37.199,49.96
2026-01-13 17:48:37.199,49.954
2026-01-13 17:48:37.216,49.958
2026-01-13 17:48:37.232,49.956
2026-01-13 17:48:37.250,49.951
2026-01-13 17:48:37.251,49.948
2026-01-13 17:48:37.266,49.952
2026-01-13 17:48:37.284,49.952
2026-01-13 17:48:37.284,49.955
2026-01-13 17:48:37.300,49.953
2026-01-13 17:48:37.315,49.955
2026-01-13 17:48:37.334,49.955
2026-01-13 17:48:37.334,49.963
2026-01-13 17:48:37.350,49.96
2026-01-13 17:48:37.393,49.962
2026-01-13 17:48:37.394,49.966
2026-01-13 17:48:37.394,49.968
2026-01-13 17:48:37.394,49.971
2026-01-13 17:48:37.416,49.972
2026-01-13 17:48:37.416,49.973
2026-01-13 17:48:37.433,49.978
2026-01-13 17:48:37.452,49.977
2026-01-13 17:48:37.453,49.979
2026-01-13 17:48:37.467,49.978
2026-01-13 17:48:37.484,49.981
2026-01-13 17:48:37.499,49.974
2026-01-13 17:48:37.499,49.968
2026-01-13 17:48:37.517,49.962
2026-01-13 17:48:37.533,49.958
2026-01-13 17:48:37.550,49.963
2026-01-13 17:48:37.550,49.972
2026-01-13 17:48:37.567,49.971
2026-01-13 17:48:37.583,49.97
2026-01-13 17:48:37.584,49.965
2026-01-13 17:48:37.600,49.961
2026-01-13 17:48:37.618,49.959
2026-01-13 17:48:37.634,49.957
2026-01-13 17:48:37.634,49.955
2026-01-13 17:48:37.650,49.962
2026-01-13 17:48:37.666,49.97
2026-01-13 17:48:37.667,49.976
2026-01-13 17:48:37.684,49.973
2026-01-13 17:48:37.700,49.971
2026-01-13 17:48:37.717,49.972
2026-01-13 17:48:37.717,49.966
2026-01-13 17:48:37.735,49.967
2026-01-13 17:48:37.750,49.967
2026-01-13 17:48:37.765,49.964
2026-01-13 17:48:37.767,49.969
2026-01-13 17:48:37.783,49.966
2026-01-13 17:48:37.799,49.96
2026-01-13 17:48:37.799,49.957
2026-01-13 17:48:37.817,49.953
2026-01-13 17:48:37.834,49.961
2026-01-13 17:48:37.835,49.969
2026-01-13 17:48:37.850,49.966
2026-01-13 17:48:37.867,49.961
2026-01-13 17:48:37.884,49.958
2026-01-13 17:48:37.885,49.957
2026-01-13 17:48:37.899,49.954
2026-01-13 17:48:37.917,49.953
2026-01-13 17:48:37.934,49.964
2026-01-13 17:48:37.934,49.975
2026-01-13 17:48:37.950,49.974
2026-01-13 17:48:37.967,49.973
2026-01-13 17:48:37.967,49.972
2026-01-13 17:48:37.983,49.971
2026-01-13 17:48:38.001,49.97
2026-01-13 17:48:38.017,49.968
2026-01-13 17:48:38.017,49.967
2026-01-13 17:48:38.039,49.972
2026-01-13 17:48:38.039,49.972
2026-01-13 17:48:38.065,49.972
2026-01-13 17:48:38.065,49.975
2026-01-13 17:48:38.083,49.974
2026-01-13 17:48:38.099,49.974
2026-01-13 17:48:38.100,49.968
2026-01-13 17:48:38.116,49.958
2026-01-13 17:48:38.133,49.954
2026-01-13 17:48:38.148,49.957
2026-01-13 17:48:38.148,49.961
2026-01-13 17:48:38.167,49.962
2026-01-13 17:48:38.183,49.961
2026-01-13 17:48:38.183,49.961
2026-01-13 17:48:38.200,49.967
2026-01-13 17:48:38.217,49.972
2026-01-13 17:48:38.234,49.971
2026-01-13 17:48:38.234,49.975
2026-01-13 17:48:38.249,49.98
2026-01-13 17:48:38.266,49.982
2026-01-13 17:48:38.267,49.982
2026-01-13 17:48:38.283,49.986
2026-01-13 17:48:38.300,49.975
2026-01-13 17:48:38.316,49.968
2026-01-13 17:48:38.317,49.963
2026-01-13 17:48:38.334,49.955
2026-01-13 17:48:38.350,49.954
2026-01-13 17:48:38.366,49.955
2026-01-13 17:48:38.366,49.96
2026-01-13 17:48:38.384,49.966
2026-01-13 17:48:38.400,49.974
2026-01-13 17:48:38.400,49.976
2026-01-13 17:48:38.416,49.974
2026-01-13 17:48:38.433,49.973
2026-01-13 17:48:38.450,49.969
2026-01-13 17:48:38.450,49.966
2026-01-13 17:48:38.466,49.965
2026-01-13 17:48:38.485,49.961
2026-01-13 17:48:38.485,49.96
2026-01-13 17:48:38.499,49.961
2026-01-13 17:48:38.515,49.967
2026-01-13 17:48:38.533,49.974
2026-01-13 17:48:38.533,49.972
2026-01-13 17:48:38.550,49.968
2026-01-13 17:48:38.566,49.967
2026-01-13 17:48:38.568,49.961
2026-01-13 17:48:38.583,49.958
2026-01-13 17:48:38.600,49.957
2026-01-13 17:48:38.616,49.958
2026-01-13 17:48:38.616,49.966
2026-01-13 17:48:38.634,49.972
2026-01-13 17:48:38.649,49.979
2026-01-13 17:48:38.667,49.974
2026-01-13 17:48:38.667,49.969
2026-01-13 17:48:38.684,49.962
2026-01-13 17:48:38.700,49.963
2026-01-13 17:48:38.700,49.958
2026-01-13 17:48:38.717,49.957
2026-01-13 17:48:38.758,49.954
2026-01-13 17:48:38.759,49.962
2026-01-13 17:48:38.759,49.975
2026-01-13 17:48:38.759,49.972
2026-01-13 17:48:38.781,49.969
2026-01-13 17:48:38.799,49.964
2026-01-13 17:48:38.799,49.959
2026-01-13 17:48:38.816,49.955
2026-01-13 17:48:38.832,49.952
2026-01-13 17:48:38.833,49.954
2026-01-13 17:48:38.848,49.954
2026-01-13 17:48:38.867,49.952
2026-01-13 17:48:38.882,49.961
2026-01-13 17:48:38.899,49.968
2026-01-13 17:48:38.916,49.968
2026-01-13 17:48:38.916,49.965
2026-01-13 17:48:38.932,49.959
2026-01-13 17:48:38.949,49.954
2026-01-13 17:48:38.966,49.954
2026-01-13 17:48:38.966,49.96
2026-01-13 17:48:38.981,49.974
2026-01-13 17:48:38.999,49.984
2026-01-13 17:48:38.999,49.979
2026-01-13 17:48:39.016,49.973
2026-01-13 17:48:39.039,49.963
2026-01-13 17:48:39.039,49.966
2026-01-13 17:48:39.050,49.966
2026-01-13 17:48:39.066,49.97
2026-01-13 17:48:39.083,49.967
2026-01-13 17:48:39.083,49.973
2026-01-13 17:48:39.099,49.98
2026-01-13 17:48:39.117,49.973
2026-01-13 17:48:39.133,49.968
2026-01-13 17:48:39.134,49.963
2026-01-13 17:48:39.149,49.961
2026-01-13 17:48:39.166,49.96
2026-01-13 17:48:39.166,49.969
2026-01-13 17:48:39.183,49.97
2026-01-13 17:48:39.200,49.973
2026-01-13 17:48:39.217,49.978
2026-01-13 17:48:39.217,49.982
2026-01-13 17:48:39.235,49.979
2026-01-13 17:48:39.248,49.973
2026-01-13 17:48:39.266,49.969
2026-01-13 17:48:39.266,49.965
2026-01-13 17:48:39.283,49.976
2026-01-13 17:48:39.299,49.98
2026-01-13 17:48:39.299,49.985
2026-01-13 17:48:39.317,49.977
2026-01-13 17:48:39.333,49.971
2026-01-13 17:48:39.350,49.973
2026-01-13 17:48:39.350,49.98
2026-01-13 17:48:39.367,49.982
2026-01-13 17:48:39.383,49.981
2026-01-13 17:48:39.383,49.985
2026-01-13 17:48:39.399,49.979
2026-01-13 17:48:39.417,49.977
2026-01-13 17:48:39.434,49.964
2026-01-13 17:48:39.434,49.968
2026-01-13 17:48:39.448,49.963
2026-01-13 17:48:39.465,49.966
2026-01-13 17:48:39.482,49.968
2026-01-13 17:48:39.482,49.976
2026-01-13 17:48:39.499,49.972
2026-01-13 17:48:39.516,49.972
2026-01-13 17:48:39.516,49.968
2026-01-13 17:48:39.531,49.958
2026-01-13 17:48:39.548,49.945
2026-01-13 17:48:39.565,49.944
2026-01-13 17:48:39.565,49.944
2026-01-13 17:48:39.582,49.948
2026-01-13 17:48:39.600,49.952
2026-01-13 17:48:39.600,49.952
2026-01-13 17:48:39.616,49.95
2026-01-13 17:48:39.632,49.946
2026-01-13 17:48:39.649,49.943
2026-01-13 17:48:39.649,49.94
2026-01-13 17:48:39.666,49.948
2026-01-13 17:48:39.684,49.95
2026-01-13 17:48:39.684,49.958
2026-01-13 17:48:39.699,49.965
2026-01-13 17:48:39.717,49.974
2026-01-13 17:48:39.733,49.974
2026-01-13 17:48:39.733,49.977
2026-01-13 17:48:39.749,49.974
2026-01-13 17:48:39.766,49.978
2026-01-13 17:48:39.784,49.976
2026-01-13 17:48:39.784,49.972
2026-01-13 17:48:39.800,49.978
2026-01-13 17:48:39.816,49.984
2026-01-13 17:48:39.816,49.975
2026-01-13 17:48:39.832,49.971
2026-01-13 17:48:39.866,49.967
2026-01-13 17:48:39.867,49.969
2026-01-13 17:48:39.883,49.966
2026-01-13 17:48:39.900,49.968
2026-01-13 17:48:39.900,49.966
2026-01-13 17:48:39.917,49.962
2026-01-13 17:48:39.933,49.963
2026-01-13 17:48:39.950,49.959
2026-01-13 17:48:39.950,49.961
2026-01-13 17:48:39.966,49.958
2026-01-13 17:48:39.984,49.953
2026-01-13 17:48:39.984,49.952
2026-01-13 17:48:39.998,49.955
2026-01-13 17:48:40.017,49.955
2026-01-13 17:48:40.040,49.955
2026-01-13 17:48:40.040,49.952
2026-01-13 17:48:40.048,49.949
2026-01-13 17:48:40.065,49.944
2026-01-13 17:48:40.080,49.946
2026-01-13 17:48:40.081,49.948
2026-01-13 17:48:40.145,49.955
2026-01-13 17:48:40.146,49.957
2026-01-13 17:48:40.146,49.958
2026-01-13 17:48:40.146,49.956
2026-01-13 17:48:40.146,49.957
2026-01-13 17:48:40.153,49.961
2026-01-13 17:48:40.167,49.963
2026-01-13 17:48:40.183,49.96
2026-01-13 17:48:40.199,49.962
2026-01-13 17:48:40.199,49.964
2026-01-13 17:48:40.216,49.962
2026-01-13 17:48:40.233,49.967
2026-01-13 17:48:40.251,49.968
2026-01-13 17:48:40.251,49.964
2026-01-13 17:48:40.267,49.963
2026-01-13 17:48:40.283,49.967
2026-01-13 17:48:40.283,49.973
2026-01-13 17:48:40.299,49.978
2026-01-13 17:48:40.316,49.979
2026-01-13 17:48:40.333,49.968
2026-01-13 17:48:40.333,49.964
2026-01-13 17:48:40.349,49.962
2026-01-13 17:48:40.366,49.968
2026-01-13 17:48:40.367,49.971
2026-01-13 17:48:40.382,49.967
2026-01-13 17:48:40.401,49.964
2026-01-13 17:48:40.417,49.961
2026-01-13 17:48:40.417,49.961
2026-01-13 17:48:40.433,49.96
2026-01-13 17:48:40.450,49.962
2026-01-13 17:48:40.466,49.967
2026-01-13 17:48:40.467,49.97
2026-01-13 17:48:40.483,49.963
2026-01-13 17:48:40.499,49.96
2026-01-13 17:48:40.499,49.958
2026-01-13 17:48:40.515,49.959
2026-01-13 17:48:40.533,49.96
2026-01-13 17:48:40.549,49.963
2026-01-13 17:48:40.549,49.965
2026-01-13 17:48:40.566,49.961
2026-01-13 17:48:40.583,49.958
2026-01-13 17:48:40.583,49.961
2026-01-13 17:48:40.599,49.973
2026-01-13 17:48:40.617,49.972
2026-01-13 17:48:40.632,49.967
2026-01-13 17:48:40.649,49.969
2026-01-13 17:48:40.666,49.973
2026-01-13 17:48:40.667,49.963
2026-01-13 17:48:40.682,49.953
2026-01-13 17:48:40.699,49.952
2026-01-13 17:48:40.717,49.953
2026-01-13 17:48:40.717,49.959
2026-01-13 17:48:40.733,49.949
2026-01-13 17:48:40.749,49.941
2026-01-13 17:48:40.766,49.939
2026-01-13 17:48:40.767,49.939
2026-01-13 17:48:40.783,49.953
2026-01-13 17:48:40.799,49.954
2026-01-13 17:48:40.799,49.953
2026-01-13 17:48:40.816,49.958
2026-01-13 17:48:40.832,49.96
2026-01-13 17:48:40.850,49.966
2026-01-13 17:48:40.850,49.973
2026-01-13 17:48:40.866,49.977
2026-01-13 17:48:40.883,49.976
2026-01-13 17:48:40.883,49.973
2026-01-13 17:48:40.900,49.969
2026-01-13 17:48:40.917,49.963
2026-01-13 17:48:40.932,49.97
2026-01-13 17:48:40.933,49.971
2026-01-13 17:48:40.949,49.966
2026-01-13 17:48:40.966,49.964
2026-01-13 17:48:40.967,49.958
2026-01-13 17:48:40.983,49.956
2026-01-13 17:48:40.999,49.957
2026-01-13 17:48:41.015,49.959
2026-01-13 17:48:41.015,49.961
2026-01-13 17:48:41.030,49.971
2026-01-13 17:48:41.055,49.971
2026-01-13 17:48:41.056,49.968
2026-01-13 17:48:41.065,49.971
2026-01-13 17:48:41.081,49.976
2026-01-13 17:48:41.098,49.983
2026-01-13 17:48:41.099,49.986
2026-01-13 17:48:41.115,49.982
2026-01-13 17:48:41.132,49.982
2026-01-13 17:48:41.149,49.987
2026-01-13 17:48:41.149,49.982
2026-01-13 17:48:41.165,49.975
2026-01-13 17:48:41.182,49.974
2026-01-13 17:48:41.198,49.978
2026-01-13 17:48:41.198,49.974
2026-01-13 17:48:41.215,49.968
2026-01-13 17:48:41.232,49.965
2026-01-13 17:48:41.233,49.966
2026-01-13 17:48:41.249,49.974
2026-01-13 17:48:41.266,49.975
2026-01-13 17:48:41.267,49.973
2026-01-13 17:48:41.282,49.97
2026-01-13 17:48:41.299,49.974
2026-01-13 17:48:41.317,49.973
2026-01-13 17:48:41.317,49.976
2026-01-13 17:48:41.335,49.968
2026-01-13 17:48:41.348,49.965
2026-01-13 17:48:41.366,49.966
2026-01-13 17:48:41.366,49.956
2026-01-13 17:48:41.383,49.949
2026-01-13 17:48:41.400,49.948
2026-01-13 17:48:41.400,49.946
2026-01-13 17:48:41.417,49.95
2026-01-13 17:48:41.432,49.95
2026-01-13 17:48:41.449,49.949
2026-01-13 17:48:41.449,49.949
2026-01-13 17:48:41.476,49.948
2026-01-13 17:48:41.478,49.95
2026-01-13 17:48:41.487,49.948
2026-01-13 17:48:41.500,49.956
2026-01-13 17:48:41.518,49.963
2026-01-13 17:48:41.533,49.957
2026-01-13 17:48:41.533,49.953
2026-01-13 17:48:41.549,49.954
2026-01-13 17:48:41.565,49.962
2026-01-13 17:48:41.583,49.961
2026-01-13 17:48:41.583,49.962
2026-01-13 17:48:41.599,49.96
2026-01-13 17:48:41.616,49.965
2026-01-13 17:48:41.616,49.959
2026-01-13 17:48:41.633,49.957
2026-01-13 17:48:41.649,49.96
2026-01-13 17:48:41.666,49.964
2026-01-13 17:48:41.666,49.967
2026-01-13 17:48:41.683,49.963
2026-01-13 17:48:41.699,49.967
2026-01-13 17:48:41.699,49.978
2026-01-13 17:48:41.716,49.984
2026-01-13 17:48:41.733,49.986
2026-01-13 17:48:41.749,49.986
2026-01-13 17:48:41.750,49.984
2026-01-13 17:48:41.766,49.985
2026-01-13 17:48:41.784,49.98
2026-01-13 17:48:41.784,49.972
2026-01-13 17:48:41.799,49.968
2026-01-13 17:48:41.815,49.966
2026-01-13 17:48:41.833,49.973
2026-01-13 17:48:41.833,49.98
2026-01-13 17:48:41.849,49.985
2026-01-13 17:48:41.868,49.985
2026-01-13 17:48:41.868,49.983
2026-01-13 17:48:41.883,49.988
2026-01-13 17:48:41.899,49.99
2026-01-13 17:48:41.917,49.984
2026-01-13 17:48:41.917,49.98
2026-01-13 17:48:41.932,49.975
2026-01-13 17:48:41.949,49.971
2026-01-13 17:48:41.966,49.979
2026-01-13 17:48:41.966,49.976
2026-01-13 17:48:41.983,49.98
2026-01-13 17:48:41.999,49.979
2026-01-13 17:48:41.999,49.979
2026-01-13 17:48:42.017,49.976
2026-01-13 17:48:42.039,49.972
2026-01-13 17:48:42.039,49.979
2026-01-13 17:48:42.048,49.976
2026-01-13 17:48:42.065,49.972
2026-01-13 17:48:42.083,49.969
2026-01-13 17:48:42.083,49.968
2026-01-13 17:48:42.098,49.969
2026-01-13 17:48:42.116,49.972
2026-01-13 17:48:42.131,49.974
2026-01-13 17:48:42.133,49.982
2026-01-13 17:48:42.148,49.984
2026-01-13 17:48:42.165,49.985
2026-01-13 17:48:42.183,49.984
2026-01-13 17:48:42.183,49.982
2026-01-13 17:48:42.199,49.976
2026-01-13 17:48:42.215,49.974
2026-01-13 17:48:42.215,49.983
2026-01-13 17:48:42.232,49.988
2026-01-13 17:48:42.249,49.985
2026-01-13 17:48:42.265,49.986
2026-01-13 17:48:42.266,49.984
2026-01-13 17:48:42.298,49.98
2026-01-13 17:48:42.298,49.984
2026-01-13 17:48:42.315,49.984
2026-01-13 17:48:42.333,49.978
2026-01-13 17:48:42.349,49.977
2026-01-13 17:48:42.349,49.984
2026-01-13 17:48:42.365,49.986
2026-01-13 17:48:42.383,49.986
2026-01-13 17:48:42.383,49.987
2026-01-13 17:48:42.416,49.99
2026-01-13 17:48:42.433,49.986
2026-01-13 17:48:42.433,49.982
2026-01-13 17:48:42.448,49.983
2026-01-13 17:48:42.465,49.982
2026-01-13 17:48:42.483,49.993
2026-01-13 17:48:42.483,49.991
2026-01-13 17:48:42.498,49.984
2026-01-13 17:48:42.516,49.983
2026-01-13 17:48:42.516,49.982
2026-01-13 17:48:42.533,49.986
2026-01-13 17:48:42.549,49.985
2026-01-13 17:48:42.565,49.981
2026-01-13 17:48:42.565,49.978
2026-01-13 17:48:42.581,49.973
2026-01-13 17:48:42.600,49.971
2026-01-13 17:48:42.600,49.974
2026-01-13 17:48:42.616,49.974
2026-01-13 17:48:42.633,49.971
2026-01-13 17:48:42.649,49.971
2026-01-13 17:48:42.649,49.971
2026-01-13 17:48:42.665,49.967
2026-01-13 17:48:42.683,49.963
2026-01-13 17:48:42.683,49.961
2026-01-13 17:48:42.698,49.959
2026-01-13 17:48:42.714,49.958
2026-01-13 17:48:42.734,49.958
2026-01-13 17:48:42.734,49.957
2026-01-13 17:48:42.748,49.957
2026-01-13 17:48:42.765,49.958
2026-01-13 17:48:42.781,49.953
2026-01-13 17:48:42.781,49.951
2026-01-13 17:48:42.800,49.962
2026-01-13 17:48:42.841,49.958
2026-01-13 17:48:42.841,49.958
2026-01-13 17:48:42.842,49.961
2026-01-13 17:48:42.842,49.96
2026-01-13 17:48:42.866,49.958
2026-01-13 17:48:42.866,49.961
2026-01-13 17:48:42.882,49.963
2026-01-13 17:48:42.899,49.968
2026-01-13 17:48:42.899,49.966
2026-01-13 17:48:42.915,49.964
2026-01-13 17:48:42.932,49.961
2026-01-13 17:48:42.949,49.958
2026-01-13 17:48:42.950,49.965
2026-01-13 17:48:42.964,49.964
2026-01-13 17:48:42.983,49.96
2026-01-13 17:48:42.983,49.958
2026-01-13 17:48:43.017,49.95
2026-01-13 17:48:43.041,49.955
2026-01-13 17:48:43.042,49.949
2026-01-13 17:48:43.049,49.946
2026-01-13 17:48:43.065,49.947
2026-01-13 17:48:43.083,49.953
2026-01-13 17:48:43.083,49.957
2026-01-13 17:48:43.099,49.958
2026-01-13 17:48:43.115,49.949
2026-01-13 17:48:43.117,49.952
2026-01-13 17:48:43.133,49.954
2026-01-13 17:48:43.148,49.947
2026-01-13 17:48:43.164,49.944
2026-01-13 17:48:43.165,49.939
2026-01-13 17:48:43.183,49.942
2026-01-13 17:48:43.199,49.945
2026-01-13 17:48:43.199,49.944
2026-01-13 17:48:43.215,49.939
2026-01-13 17:48:43.233,49.941
2026-01-13 17:48:43.249,49.947
2026-01-13 17:48:43.249,49.95
2026-01-13 17:48:43.264,49.949
2026-01-13 17:48:43.282,49.946
2026-01-13 17:48:43.282,49.946
2026-01-13 17:48:43.298,49.953
2026-01-13 17:48:43.315,49.948
2026-01-13 17:48:43.331,49.943
2026-01-13 17:48:43.332,49.939
2026-01-13 17:48:43.348,49.939
2026-01-13 17:48:43.365,49.94
2026-01-13 17:48:43.381,49.939
2026-01-13 17:48:43.382,49.938
2026-01-13 17:48:43.397,49.94
2026-01-13 17:48:43.414,49.938
2026-01-13 17:48:43.414,49.942
2026-01-13 17:48:43.431,49.952
2026-01-13 17:48:43.449,49.948
2026-01-13 17:48:43.464,49.946
2026-01-13 17:48:43.464,49.942
2026-01-13 17:48:43.482,49.952
2026-01-13 17:48:43.500,49.954
2026-01-13 17:48:43.501,49.951
2026-01-13 17:48:43.515,49.954
2026-01-13 17:48:43.533,49.953
2026-01-13 17:48:43.549,49.961
2026-01-13 17:48:43.549,49.956
2026-01-13 17:48:43.565,49.951
2026-01-13 17:48:43.582,49.951
2026-01-13 17:48:43.597,49.95
2026-01-13 17:48:43.598,49.949
2026-01-13 17:48:43.616,49.96
2026-01-13 17:48:43.632,49.963
2026-01-13 17:48:43.633,49.962
2026-01-13 17:48:43.648,49.961
2026-01-13 17:48:43.666,49.961
2026-01-13 17:48:43.667,49.96
2026-01-13 17:48:43.682,49.959
2026-01-13 17:48:43.699,49.959
2026-01-13 17:48:43.716,49.959
2026-01-13 17:48:43.716,49.96
2026-01-13 17:48:43.732,49.968
2026-01-13 17:48:43.749,49.97
2026-01-13 17:48:43.766,49.969
2026-01-13 17:48:43.766,49.964
2026-01-13 17:48:43.783,49.966
2026-01-13 17:48:43.799,49.964
2026-01-13 17:48:43.799,49.961
2026-01-13 17:48:43.815,49.958
2026-01-13 17:48:43.833,49.96
2026-01-13 17:48:43.849,49.959
2026-01-13 17:48:43.850,49.954
2026-01-13 17:48:43.866,49.953
2026-01-13 17:48:43.883,49.949
2026-01-13 17:48:43.883,49.952
2026-01-13 17:48:43.898,49.95
2026-01-13 17:48:43.916,49.947
2026-01-13 17:48:43.933,49.943
2026-01-13 17:48:43.933,49.945
2026-01-13 17:48:43.948,49.954
2026-01-13 17:48:43.966,49.957
2026-01-13 17:48:43.966,49.96
2026-01-13 17:48:43.982,49.955
2026-01-13 17:48:43.998,49.952
2026-01-13 17:48:44.017,49.96
2026-01-13 17:48:44.017,49.958
2026-01-13 17:48:44.039,49.955
2026-01-13 17:48:44.039,49.959
2026-01-13 17:48:44.066,49.967
2026-01-13 17:48:44.066,49.962
2026-01-13 17:48:44.083,49.962
2026-01-13 17:48:44.099,49.963
2026-01-13 17:48:44.099,49.971
2026-01-13 17:48:44.116,49.964
2026-01-13 17:48:44.132,49.958
2026-01-13 17:48:44.149,49.962
2026-01-13 17:48:44.149,49.969
2026-01-13 17:48:44.166,49.964
2026-01-13 17:48:44.207,49.965
2026-01-13 17:48:44.208,49.969
2026-01-13 17:48:44.208,49.958
2026-01-13 17:48:44.209,49.952
2026-01-13 17:48:44.231,49.955
2026-01-13 17:48:44.231,49.965
2026-01-13 17:48:44.250,49.956
2026-01-13 17:48:44.265,49.954
2026-01-13 17:48:44.283,49.956
2026-01-13 17:48:44.283,49.952
2026-01-13 17:48:44.298,49.947
2026-01-13 17:48:44.316,49.955
2026-01-13 17:48:44.316,49.964
2026-01-13 17:48:44.333,49.958
2026-01-13 17:48:44.348,49.964
2026-01-13 17:48:44.368,49.972
2026-01-13 17:48:44.369,49.974
2026-01-13 17:48:44.381,49.97
2026-01-13 17:48:44.397,49.969
2026-01-13 17:48:44.414,49.973
2026-01-13 17:48:44.415,49.983
2026-01-13 17:48:44.430,49.987
2026-01-13 17:48:44.448,49.986
2026-01-13 17:48:44.448,49.996
2026-01-13 17:48:44.465,49.995
2026-01-13 17:48:44.481,49.987
2026-01-13 17:48:44.499,49.983
2026-01-13 17:48:44.499,49.992
2026-01-13 17:48:44.514,49.989
2026-01-13 17:48:44.531,49.986
2026-01-13 17:48:44.531,49.987
2026-01-13 17:48:44.547,49.989
2026-01-13 17:48:44.563,49.987
2026-01-13 17:48:44.581,49.985
2026-01-13 17:48:44.581,49.994
2026-01-13 17:48:44.598,49.989
2026-01-13 17:48:44.614,49.99
2026-01-13 17:48:44.615,49.987
2026-01-13 17:48:44.631,49.999
2026-01-13 17:48:44.647,50.003
2026-01-13 17:48:44.665,49.997
2026-01-13 17:48:44.665,49.997
2026-01-13 17:48:44.680,50.005
2026-01-13 17:48:44.698,50.007
2026-01-13 17:48:44.699,50.012
2026-01-13 17:48:44.715,50.005
2026-01-13 17:48:44.732,50.012
2026-01-13 17:48:44.748,50.008
2026-01-13 17:48:44.749,50.013
2026-01-13 17:48:44.765,50.023
2026-01-13 17:48:44.783,50.027
2026-01-13 17:48:44.783,50.025
2026-01-13 17:48:44.798,50.016
2026-01-13 17:48:44.816,50.007
2026-01-13 17:48:44.831,50.004
2026-01-13 17:48:44.832,50.009
2026-01-13 17:48:44.848,50.001
2026-01-13 17:48:44.866,50.007
2026-01-13 17:48:44.867,50.011
2026-01-13 17:48:44.883,50.006
2026-01-13 17:48:44.899,49.999
2026-01-13 17:48:44.915,49.987
2026-01-13 17:48:44.916,49.994
2026-01-13 17:48:44.932,49.986
2026-01-13 17:48:44.948,49.978
2026-01-13 17:48:44.966,49.979
2026-01-13 17:48:44.966,49.975
2026-01-13 17:48:44.983,49.971
2026-01-13 17:48:44.998,49.964
2026-01-13 17:48:44.999,49.967
2026-01-13 17:48:45.015,49.976
2026-01-13 17:48:45.037,49.971
2026-01-13 17:48:45.037,49.963
2026-01-13 17:48:45.048,49.961
2026-01-13 17:48:45.065,49.969
2026-01-13 17:48:45.081,49.977
2026-01-13 17:48:45.099,49.972
2026-01-13 17:48:45.099,49.969
2026-01-13 17:48:45.115,49.966
2026-01-13 17:48:45.133,49.977
2026-01-13 17:48:45.133,49.974
2026-01-13 17:48:45.149,49.976
2026-01-13 17:48:45.165,49.983
2026-01-13 17:48:45.184,49.985
2026-01-13 17:48:45.184,49.998
2026-01-13 17:48:45.197,49.998
2026-01-13 17:48:45.215,50.002
2026-01-13 17:48:45.215,50.008
2026-01-13 17:48:45.231,50.01
2026-01-13 17:48:45.249,50.01
2026-01-13 17:48:45.250,50.009
2026-01-13 17:48:45.266,50.009
2026-01-13 17:48:45.282,50.014
2026-01-13 17:48:45.299,50.012
2026-01-13 17:48:45.300,50.001
2026-01-13 17:48:45.315,49.998
2026-01-13 17:48:45.333,50.001
2026-01-13 17:48:45.348,50.001
2026-01-13 17:48:45.348,50.0
2026-01-13 17:48:45.365,49.995
2026-01-13 17:48:45.383,49.993
2026-01-13 17:48:45.383,49.991
2026-01-13 17:48:45.397,49.989
2026-01-13 17:48:45.415,49.991
2026-01-13 17:48:45.433,49.988
2026-01-13 17:48:45.433,49.98
2026-01-13 17:48:45.448,49.974
2026-01-13 17:48:45.466,49.968
2026-01-13 17:48:45.482,49.963
2026-01-13 17:48:45.482,49.961
2026-01-13 17:48:45.498,49.958
2026-01-13 17:48:45.515,49.956
2026-01-13 17:48:45.515,49.955
2026-01-13 17:48:45.532,49.955
2026-01-13 17:48:45.573,49.957
2026-01-13 17:48:45.573,49.955
2026-01-13 17:48:45.581,49.957
2026-01-13 17:48:45.597,49.953
2026-01-13 17:48:45.614,49.941
2026-01-13 17:48:45.614,49.936
2026-01-13 17:48:45.632,49.931
2026-01-13 17:48:45.649,49.937
2026-01-13 17:48:45.649,49.934
2026-01-13 17:48:45.664,49.934
2026-01-13 17:48:45.681,49.939
2026-01-13 17:48:45.698,49.934
2026-01-13 17:48:45.698,49.934
2026-01-13 17:48:45.714,49.935
2026-01-13 17:48:45.731,49.93
2026-01-13 17:48:45.731,49.929
2026-01-13 17:48:45.748,49.924
2026-01-13 17:48:45.765,49.926
2026-01-13 17:48:45.766,49.922
2026-01-13 17:48:45.783,49.917
2026-01-13 17:48:45.798,49.917
2026-01-13 17:48:45.815,49.914
2026-01-13 17:48:45.815,49.914
2026-01-13 17:48:45.831,49.909
2026-01-13 17:48:45.849,49.912
2026-01-13 17:48:45.866,49.912
2026-01-13 17:48:45.866,49.911
2026-01-13 17:48:45.882,49.907
2026-01-13 17:48:45.899,49.904
2026-01-13 17:48:45.899,49.903
2026-01-13 17:48:45.915,49.904
2026-01-13 17:48:45.933,49.899
2026-01-13 17:48:45.949,49.896
2026-01-13 17:48:45.949,49.896
2026-01-13 17:48:45.966,49.897
2026-01-13 17:48:45.983,49.898
2026-01-13 17:48:45.983,49.902
2026-01-13 17:48:45.998,49.901
2026-01-13 17:48:46.014,49.905
2026-01-13 17:48:46.038,49.909
2026-01-13 17:48:46.038,49.914
2026-01-13 17:48:46.047,49.916
2026-01-13 17:48:46.066,49.918
2026-01-13 17:48:46.066,49.921
2026-01-13 17:48:46.082,49.918
2026-01-13 17:48:46.096,49.911
2026-01-13 17:48:46.115,49.916
2026-01-13 17:48:46.116,49.911
2026-01-13 17:48:46.131,49.903
2026-01-13 17:48:46.149,49.907
2026-01-13 17:48:46.151,49.906
2026-01-13 17:48:46.166,49.915
2026-01-13 17:48:46.182,49.913
2026-01-13 17:48:46.198,49.915
2026-01-13 17:48:46.199,49.912
2026-01-13 17:48:46.215,49.916
2026-01-13 17:48:46.233,49.914
2026-01-13 17:48:46.249,49.92
2026-01-13 17:48:46.249,49.918
2026-01-13 17:48:46.265,49.915
2026-01-13 17:48:46.282,49.916
2026-01-13 17:48:46.283,49.913
2026-01-13 17:48:46.298,49.908
2026-01-13 17:48:46.316,49.904
2026-01-13 17:48:46.331,49.91
2026-01-13 17:48:46.333,49.91
2026-01-13 17:48:46.348,49.909
2026-01-13 17:48:46.365,49.908
2026-01-13 17:48:46.382,49.908
2026-01-13 17:48:46.382,49.905
2026-01-13 17:48:46.399,49.902
2026-01-13 17:48:46.416,49.901
2026-01-13 17:48:46.416,49.9
2026-01-13 17:48:46.432,49.898
2026-01-13 17:48:46.448,49.895
2026-01-13 17:48:46.466,49.896
2026-01-13 17:48:46.466,49.9
2026-01-13 17:48:46.482,49.893
2026-01-13 17:48:46.498,49.895
2026-01-13 17:48:46.499,49.892
2026-01-13 17:48:46.516,49.897
2026-01-13 17:48:46.532,49.9
2026-01-13 17:48:46.548,49.909
2026-01-13 17:48:46.549,49.905
2026-01-13 17:48:46.564,49.905
2026-01-13 17:48:46.583,49.911
2026-01-13 17:48:46.583,49.913
2026-01-13 17:48:46.598,49.922
2026-01-13 17:48:46.615,49.922
2026-01-13 17:48:46.630,49.931
2026-01-13 17:48:46.630,49.932
2026-01-13 17:48:46.647,49.93
2026-01-13 17:48:46.665,49.932
2026-01-13 17:48:46.682,49.93
2026-01-13 17:48:46.683,49.928
2026-01-13 17:48:46.698,49.926
2026-01-13 17:48:46.714,49.926
2026-01-13 17:48:46.715,49.925
2026-01-13 17:48:46.733,49.919
2026-01-13 17:48:46.748,49.913
2026-01-13 17:48:46.764,49.91
2026-01-13 17:48:46.765,49.911
2026-01-13 17:48:46.780,49.907
2026-01-13 17:48:46.797,49.907
2026-01-13 17:48:46.815,49.91
2026-01-13 17:48:46.815,49.912
2026-01-13 17:48:46.830,49.916
2026-01-13 17:48:46.848,49.922
2026-01-13 17:48:46.848,49.924
2026-01-13 17:48:46.863,49.929
2026-01-13 17:48:46.880,49.926
2026-01-13 17:48:46.898,49.921
2026-01-13 17:48:46.898,49.92
2026-01-13 17:48:46.959,49.921
2026-01-13 17:48:46.961,49.923
2026-01-13 17:48:46.961,49.925
2026-01-13 17:48:46.962,49.923
2026-01-13 17:48:46.962,49.916
2026-01-13 17:48:46.968,49.918
2026-01-13 17:48:46.980,49.913
2026-01-13 17:48:46.997,49.912
2026-01-13 17:48:47.013,49.917
2026-01-13 17:48:47.030,49.912
2026-01-13 17:48:47.030,49.922
2026-01-13 17:48:47.052,49.915
2026-01-13 17:48:47.052,49.912
2026-01-13 17:48:47.063,49.91
2026-01-13 17:48:47.080,49.911
2026-01-13 17:48:47.096,49.915
2026-01-13 17:48:47.114,49.916
2026-01-13 17:48:47.114,49.924
2026-01-13 17:48:47.130,49.924
2026-01-13 17:48:47.147,49.917
2026-01-13 17:48:47.148,49.916
2026-01-13 17:48:47.163,49.914
2026-01-13 17:48:47.181,49.915
2026-01-13 17:48:47.198,49.914
2026-01-13 17:48:47.199,49.909
2026-01-13 17:48:47.214,49.912
2026-01-13 17:48:47.231,49.917
2026-01-13 17:48:47.231,49.918
2026-01-13 17:48:47.246,49.921
2026-01-13 17:48:47.265,49.916
2026-01-13 17:48:47.280,49.918
2026-01-13 17:48:47.280,49.921
2026-01-13 17:48:47.299,49.924
2026-01-13 17:48:47.316,49.925
2026-01-13 17:48:47.316,49.922
2026-01-13 17:48:47.331,49.921
2026-01-13 17:48:47.348,49.923
2026-01-13 17:48:47.366,49.919
2026-01-13 17:48:47.381,49.925
2026-01-13 17:48:47.398,49.933
2026-01-13 17:48:47.398,49.934
2026-01-13 17:48:47.415,49.932
2026-01-13 17:48:47.432,49.927
2026-01-13 17:48:47.449,49.929
2026-01-13 17:48:47.449,49.928
2026-01-13 17:48:47.465,49.928
2026-01-13 17:48:47.482,49.932
2026-01-13 17:48:47.483,49.935
2026-01-13 17:48:47.498,49.936
2026-01-13 17:48:47.517,49.942
2026-01-13 17:48:47.532,49.942
2026-01-13 17:48:47.532,49.942
2026-01-13 17:48:47.548,49.942
2026-01-13 17:48:47.566,49.949
2026-01-13 17:48:47.581,49.946
2026-01-13 17:48:47.582,49.942
2026-01-13 17:48:47.598,49.945
2026-01-13 17:48:47.615,49.941
2026-01-13 17:48:47.615,49.937
2026-01-13 17:48:47.632,49.938
2026-01-13 17:48:47.648,49.936
2026-01-13 17:48:47.665,49.933
2026-01-13 17:48:47.665,49.938
2026-01-13 17:48:47.682,49.935
2026-01-13 17:48:47.698,49.944
2026-01-13 17:48:47.714,49.942
2026-01-13 17:48:47.714,49.936
2026-01-13 17:48:47.731,49.939
2026-01-13 17:48:47.747,49.94
2026-01-13 17:48:47.764,49.939
2026-01-13 17:48:47.779,49.942
2026-01-13 17:48:47.797,49.935
2026-01-13 17:48:47.797,49.94
2026-01-13 17:48:47.814,49.935
2026-01-13 17:48:47.830,49.936
2026-01-13 17:48:47.830,49.931
2026-01-13 17:48:47.846,49.932
2026-01-13 17:48:47.864,49.922
2026-01-13 17:48:47.881,49.92
2026-01-13 17:48:47.881,49.917
2026-01-13 17:48:47.897,49.913
2026-01-13 17:48:47.914,49.913
2026-01-13 17:48:47.915,49.916
2026-01-13 17:48:47.931,49.914
2026-01-13 17:48:47.948,49.911
2026-01-13 17:48:47.965,49.909
2026-01-13 17:48:47.966,49.908
2026-01-13 17:48:47.981,49.912
2026-01-13 17:48:47.998,49.908
2026-01-13 17:48:47.998,49.905
2026-01-13 17:48:48.015,49.904
2026-01-13 17:48:48.039,49.904
2026-01-13 17:48:48.039,49.906
2026-01-13 17:48:48.047,49.906
2026-01-13 17:48:48.064,49.906
2026-01-13 17:48:48.081,49.908
2026-01-13 17:48:48.098,49.908
2026-01-13 17:48:48.098,49.906
2026-01-13 17:48:48.116,49.907
2026-01-13 17:48:48.131,49.912
2026-01-13 17:48:48.148,49.915
2026-01-13 17:48:48.164,49.91
2026-01-13 17:48:48.182,49.91
2026-01-13 17:48:48.182,49.914
2026-01-13 17:48:48.198,49.905
2026-01-13 17:48:48.214,49.909
2026-01-13 17:48:48.215,49.917
2026-01-13 17:48:48.232,49.916
2026-01-13 17:48:48.265,49.919
2026-01-13 17:48:48.265,49.919
2026-01-13 17:48:48.291,49.923
2026-01-13 17:48:48.292,49.92
2026-01-13 17:48:48.314,49.918
2026-01-13 17:48:48.330,49.922
2026-01-13 17:48:48.349,49.926
2026-01-13 17:48:48.349,49.925
2026-01-13 17:48:48.365,49.923
2026-01-13 17:48:48.382,49.929
2026-01-13 17:48:48.382,49.933
2026-01-13 17:48:48.398,49.928
2026-01-13 17:48:48.415,49.922
2026-01-13 17:48:48.432,49.923
2026-01-13 17:48:48.432,49.922
2026-01-13 17:48:48.448,49.929
2026-01-13 17:48:48.466,49.929
2026-01-13 17:48:48.481,49.929
2026-01-13 17:48:48.481,49.929
2026-01-13 17:48:48.499,49.929
2026-01-13 17:48:48.515,49.93
2026-01-13 17:48:48.516,49.929
2026-01-13 17:48:48.532,49.924
2026-01-13 17:48:48.548,49.925
2026-01-13 17:48:48.566,49.925
2026-01-13 17:48:48.566,49.922
2026-01-13 17:48:48.581,49.932
2026-01-13 17:48:48.598,49.931
2026-01-13 17:48:48.599,49.93
2026-01-13 17:48:48.615,49.926
2026-01-13 17:48:48.633,49.922
2026-01-13 17:48:48.647,49.929
2026-01-13 17:48:48.647,49.926
2026-01-13 17:48:48.681,49.925
2026-01-13 17:48:48.699,49.925
2026-01-13 17:48:48.699,49.924
2026-01-13 17:48:48.716,49.922
2026-01-13 17:48:48.734,49.93
2026-01-13 17:48:48.734,49.93
2026-01-13 17:48:48.748,49.93
2026-01-13 17:48:48.765,49.929
2026-01-13 17:48:48.781,49.929
2026-01-13 17:48:48.799,49.933
2026-01-13 17:48:48.815,49.936
2026-01-13 17:48:48.815,49.934
2026-01-13 17:48:48.831,49.932
2026-01-13 17:48:48.847,49.932
2026-01-13 17:48:48.865,49.929
2026-01-13 17:48:48.866,49.933
2026-01-13 17:48:48.882,49.932
2026-01-13 17:48:48.898,49.927
2026-01-13 17:48:48.898,49.926
2026-01-13 17:48:48.915,49.921
2026-01-13 17:48:48.931,49.927
2026-01-13 17:48:48.948,49.926
2026-01-13 17:48:48.948,49.926
2026-01-13 17:48:48.967,49.928
2026-01-13 17:48:48.981,49.927
2026-01-13 17:48:48.998,49.93
2026-01-13 17:48:48.998,49.929
2026-01-13 17:48:49.015,49.922
2026-01-13 17:48:49.038,49.928
2026-01-13 17:48:49.039,49.926
2026-01-13 17:48:49.047,49.926
2026-01-13 17:48:49.064,49.928
2026-01-13 17:48:49.079,49.928
2026-01-13 17:48:49.080,49.93
2026-01-13 17:48:49.099,49.929
2026-01-13 17:48:49.114,49.933
2026-01-13 17:48:49.114,49.933
2026-01-13 17:48:49.132,49.93
2026-01-13 17:48:49.148,49.93
2026-01-13 17:48:49.164,49.924
2026-01-13 17:48:49.164,49.927
2026-01-13 17:48:49.182,49.928
2026-01-13 17:48:49.198,49.923
2026-01-13 17:48:49.199,49.929
2026-01-13 17:48:49.214,49.927
2026-01-13 17:48:49.231,49.93
2026-01-13 17:48:49.248,49.93
2026-01-13 17:48:49.249,49.934
2026-01-13 17:48:49.264,49.943
2026-01-13 17:48:49.283,49.942
2026-01-13 17:48:49.283,49.948
2026-01-13 17:48:49.314,49.944
2026-01-13 17:48:49.333,49.94
2026-01-13 17:48:49.333,49.942
2026-01-13 17:48:49.348,49.94
2026-01-13 17:48:49.364,49.935
2026-01-13 17:48:49.380,49.935
2026-01-13 17:48:49.381,49.926
2026-01-13 17:48:49.399,49.924
2026-01-13 17:48:49.415,49.924
2026-01-13 17:48:49.415,49.913
2026-01-13 17:48:49.432,49.909
2026-01-13 17:48:49.449,49.905
2026-01-13 17:48:49.465,49.912
2026-01-13 17:48:49.465,49.914
2026-01-13 17:48:49.481,49.905
2026-01-13 17:48:49.498,49.904
2026-01-13 17:48:49.499,49.9
2026-01-13 17:48:49.515,49.892
2026-01-13 17:48:49.531,49.894
2026-01-13 17:48:49.548,49.896
2026-01-13 17:48:49.548,49.895
2026-01-13 17:48:49.564,49.896
2026-01-13 17:48:49.582,49.899
2026-01-13 17:48:49.583,49.909
2026-01-13 17:48:49.597,49.912
2026-01-13 17:48:49.613,49.92
2026-01-13 17:48:49.630,49.922
2026-01-13 17:48:49.630,49.921
2026-01-13 17:48:49.657,49.92
2026-01-13 17:48:49.657,49.917
2026-01-13 17:48:49.679,49.921
2026-01-13 17:48:49.679,49.926
2026-01-13 17:48:49.696,49.933
2026-01-13 17:48:49.713,49.935
2026-01-13 17:48:49.729,49.934
2026-01-13 17:48:49.729,49.94
2026-01-13 17:48:49.750,49.941
2026-01-13 17:48:49.765,49.945
2026-01-13 17:48:49.766,49.954
2026-01-13 17:48:49.781,49.967
2026-01-13 17:48:49.798,49.968
2026-01-13 17:48:49.814,49.971
2026-01-13 17:48:49.814,49.979
2026-01-13 17:48:49.833,49.981
2026-01-13 17:48:49.847,49.984
2026-01-13 17:48:49.847,49.983
2026-01-13 17:48:49.881,49.988
2026-01-13 17:48:49.898,49.986
2026-01-13 17:48:49.899,49.982
2026-01-13 17:48:49.914,49.987
2026-01-13 17:48:49.932,49.983
2026-01-13 17:48:49.947,49.973
2026-01-13 17:48:49.963,49.973
2026-01-13 17:48:49.980,49.964
2026-01-13 17:48:49.980,49.962
2026-01-13 17:48:49.998,49.961
2026-01-13 17:48:50.014,49.959
2026-01-13 17:48:50.015,49.955
2026-01-13 17:48:50.037,49.956
2026-01-13 17:48:50.047,49.95
2026-01-13 17:48:50.062,49.951
2026-01-13 17:48:50.063,49.952
2026-01-13 17:48:50.080,49.952
2026-01-13 17:48:50.096,49.954
2026-01-13 17:48:50.113,49.956
2026-01-13 17:48:50.113,49.955
2026-01-13 17:48:50.129,49.951
2026-01-13 17:48:50.147,49.957
2026-01-13 17:48:50.147,49.962
2026-01-13 17:48:50.164,49.967
2026-01-13 17:48:50.180,49.974
2026-01-13 17:48:50.197,49.98
2026-01-13 17:48:50.197,49.986
2026-01-13 17:48:50.213,49.987
2026-01-13 17:48:50.230,49.987
2026-01-13 17:48:50.230,49.987
2026-01-13 17:48:50.247,49.986
2026-01-13 17:48:50.263,49.989
2026-01-13 17:48:50.280,49.979
2026-01-13 17:48:50.280,49.973
2026-01-13 17:48:50.296,49.964
2026-01-13 17:48:50.313,49.956
2026-01-13 17:48:50.330,49.955
2026-01-13 17:48:50.330,49.95
2026-01-13 17:48:50.346,49.949
2026-01-13 17:48:50.362,49.946
2026-01-13 17:48:50.363,49.941
2026-01-13 17:48:50.380,49.937
2026-01-13 17:48:50.396,49.93
2026-01-13 17:48:50.414,49.924
2026-01-13 17:48:50.414,49.92
2026-01-13 17:48:50.430,49.916
2026-01-13 17:48:50.446,49.911
2026-01-13 17:48:50.446,49.907
2026-01-13 17:48:50.463,49.908
2026-01-13 17:48:50.479,49.906
2026-01-13 17:48:50.497,49.908
2026-01-13 17:48:50.497,49.912
2026-01-13 17:48:50.514,49.915
2026-01-13 17:48:50.531,49.917
2026-01-13 17:48:50.531,49.924
2026-01-13 17:48:50.546,49.924
2026-01-13 17:48:50.580,49.929
2026-01-13 17:48:50.580,49.923
2026-01-13 17:48:50.596,49.929
2026-01-13 17:48:50.613,49.932
2026-01-13 17:48:50.630,49.937
2026-01-13 17:48:50.631,49.938
2026-01-13 17:48:50.648,49.938
2026-01-13 17:48:50.664,49.938
2026-01-13 17:48:50.664,49.942
2026-01-13 17:48:50.681,49.943
2026-01-13 17:48:50.697,49.948
2026-01-13 17:48:50.713,49.946
2026-01-13 17:48:50.713,49.944
2026-01-13 17:48:50.733,49.942
2026-01-13 17:48:50.747,49.94
2026-01-13 17:48:50.748,49.943
2026-01-13 17:48:50.764,49.94
2026-01-13 17:48:50.781,49.938
2026-01-13 17:48:50.797,49.938
2026-01-13 17:48:50.798,49.936
2026-01-13 17:48:50.814,49.929
2026-01-13 17:48:50.832,49.929
2026-01-13 17:48:50.848,49.927
2026-01-13 17:48:50.864,49.927
2026-01-13 17:48:50.882,49.928
2026-01-13 17:48:50.882,49.93
2026-01-13 17:48:50.898,49.924
2026-01-13 17:48:50.914,49.924
2026-01-13 17:48:50.915,49.931
2026-01-13 17:48:50.930,49.926
2026-01-13 17:48:50.948,49.921
2026-01-13 17:48:50.964,49.922
2026-01-13 17:48:50.964,49.918
2026-01-13 17:48:50.981,49.915
2026-01-13 17:48:51.021,49.918
2026-01-13 17:48:51.022,49.916
2026-01-13 17:48:51.022,49.922
2026-01-13 17:48:51.023,49.918
2026-01-13 17:48:51.047,49.921
2026-01-13 17:48:51.064,49.917
2026-01-13 17:48:51.082,49.925
2026-01-13 17:48:51.098,49.929
2026-01-13 17:48:51.115,49.935
2026-01-13 17:48:51.131,49.937
2026-01-13 17:48:51.131,49.933
2026-01-13 17:48:51.146,49.939
2026-01-13 17:48:51.181,49.942
2026-01-13 17:48:51.181,49.936
2026-01-13 17:48:51.197,49.947
2026-01-13 17:48:51.215,49.944
2026-01-13 17:48:51.215,49.946
2026-01-13 17:48:51.231,49.942
2026-01-13 17:48:51.247,49.939
2026-01-13 17:48:51.265,49.937
2026-01-13 17:48:51.266,49.931
2026-01-13 17:48:51.281,49.928
2026-01-13 17:48:51.297,49.923
2026-01-13 17:48:51.315,49.93
2026-01-13 17:48:51.315,49.929
2026-01-13 17:48:51.331,49.93
2026-01-13 17:48:51.348,49.927
2026-01-13 17:48:51.348,49.925
2026-01-13 17:48:51.364,49.92
2026-01-13 17:48:51.383,49.925
2026-01-13 17:48:51.383,49.917
2026-01-13 17:48:51.397,49.918
2026-01-13 17:48:51.414,49.918
2026-01-13 17:48:51.430,49.921
2026-01-13 17:48:51.431,49.915
2026-01-13 17:48:51.449,49.919
2026-01-13 17:48:51.465,49.918
2026-01-13 17:48:51.481,49.916
2026-01-13 17:48:51.481,49.909
2026-01-13 17:48:51.497,49.91
2026-01-13 17:48:51.516,49.914
2026-01-13 17:48:51.518,49.914
2026-01-13 17:48:51.531,49.91
2026-01-13 17:48:51.548,49.916
2026-01-13 17:48:51.564,49.917
2026-01-13 17:48:51.564,49.912
2026-01-13 17:48:51.580,49.915
2026-01-13 17:48:51.600,49.906
2026-01-13 17:48:51.601,49.908
2026-01-13 17:48:51.615,49.907
2026-01-13 17:48:51.631,49.91
2026-01-13 17:48:51.647,49.909
2026-01-13 17:48:51.647,49.913
2026-01-13 17:48:51.665,49.917
2026-01-13 17:48:51.682,49.914
2026-01-13 17:48:51.682,49.916
2026-01-13 17:48:51.698,49.911
2026-01-13 17:48:51.715,49.914
2026-01-13 17:48:51.730,49.912
2026-01-13 17:48:51.731,49.908
2026-01-13 17:48:51.747,49.905
2026-01-13 17:48:51.765,49.905
2026-01-13 17:48:51.766,49.906
2026-01-13 17:48:51.781,49.902
2026-01-13 17:48:51.797,49.905
2026-01-13 17:48:51.815,49.903
2026-01-13 17:48:51.815,49.909
2026-01-13 17:48:51.831,49.906
2026-01-13 17:48:51.848,49.908
2026-01-13 17:48:51.865,49.91
2026-01-13 17:48:51.865,49.905
2026-01-13 17:48:51.881,49.91
2026-01-13 17:48:51.897,49.907
2026-01-13 17:48:51.914,49.915
2026-01-13 17:48:51.915,49.913
2026-01-13 17:48:51.932,49.914
2026-01-13 17:48:51.947,49.916
2026-01-13 17:48:51.947,49.918
2026-01-13 17:48:51.964,49.921
2026-01-13 17:48:51.982,49.913
2026-01-13 17:48:51.982,49.917
2026-01-13 17:48:51.997,49.914
2026-01-13 17:48:52.014,49.914
2026-01-13 17:48:52.039,49.914
2026-01-13 17:48:52.039,49.916
2026-01-13 17:48:52.046,49.915
2026-01-13 17:48:52.065,49.914
2026-01-13 17:48:52.080,49.909
2026-01-13 17:48:52.080,49.911
2026-01-13 17:48:52.098,49.909
2026-01-13 17:48:52.115,49.909
2026-01-13 17:48:52.115,49.903
2026-01-13 17:48:52.131,49.9
2026-01-13 17:48:52.147,49.897
2026-01-13 17:48:52.162,49.895
2026-01-13 17:48:52.162,49.89
2026-01-13 17:48:52.180,49.891
2026-01-13 17:48:52.197,49.892
2026-01-13 17:48:52.214,49.896
2026-01-13 17:48:52.214,49.893
2026-01-13 17:48:52.230,49.895
2026-01-13 17:48:52.246,49.896
2026-01-13 17:48:52.246,49.897
2026-01-13 17:48:52.262,49.897
2026-01-13 17:48:52.280,49.896
2026-01-13 17:48:52.297,49.89
2026-01-13 17:48:52.297,49.889
2026-01-13 17:48:52.313,49.885
2026-01-13 17:48:52.329,49.885
2026-01-13 17:48:52.330,49.886
2026-01-13 17:48:52.346,49.885
2026-01-13 17:48:52.362,49.884
2026-01-13 17:48:52.390,49.885
2026-01-13 17:48:52.390,49.883
2026-01-13 17:48:52.391,49.883
2026-01-13 17:48:52.413,49.887
2026-01-13 17:48:52.430,49.883
2026-01-13 17:48:52.430,49.893
2026-01-13 17:48:52.447,49.89
2026-01-13 17:48:52.465,49.897
2026-01-13 17:48:52.465,49.899
2026-01-13 17:48:52.481,49.906
2026-01-13 17:48:52.497,49.905
2026-01-13 17:48:52.514,49.909
2026-01-13 17:48:52.514,49.912
2026-01-13 17:48:52.531,49.925
2026-01-13 17:48:52.547,49.924
2026-01-13 17:48:52.548,49.929
2026-01-13 17:48:52.564,49.935
2026-01-13 17:48:52.582,49.936
2026-01-13 17:48:52.583,49.938
2026-01-13 17:48:52.597,49.942
2026-01-13 17:48:52.614,49.941
2026-01-13 17:48:52.631,49.952
2026-01-13 17:48:52.631,49.954
2026-01-13 17:48:52.647,49.958
2026-01-13 17:48:52.664,49.957
2026-01-13 17:48:52.681,49.954
2026-01-13 17:48:52.681,49.953
2026-01-13 17:48:52.697,49.949
2026-01-13 17:48:52.713,49.947
2026-01-13 17:48:52.731,49.944
2026-01-13 17:48:52.731,49.942
2026-01-13 17:48:52.746,49.941
2026-01-13 17:48:52.765,49.944
2026-01-13 17:48:52.766,49.946
2026-01-13 17:48:52.782,49.935
2026-01-13 17:48:52.797,49.936
