Timestamp,Distance(m)
2026-01-13 17:46:16.591,49.963
2026-01-13 17:46:16.607,49.978
2026-01-13 17:46:16.625,49.982
2026-01-13 17:46:16.626,49.984
2026-01-13 17:46:16.642,49.985
2026-01-13 17:46:16.657,49.984
2026-01-13 17:46:16.673,49.983
2026-01-13 17:46:16.674,49.977
2026-01-13 17:46:16.691,49.981
2026-01-13 17:46:16.707,49.981
2026-01-13 17:46:16.707,49.98
2026-01-13 17:46:16.725,49.986
2026-01-13 17:46:16.741,49.98
2026-01-13 17:46:16.757,49.98
2026-01-13 17:46:16.758,49.977
2026-01-13 17:46:16.775,49.98
2026-01-13 17:46:16.791,49.974
2026-01-13 17:46:16.791,49.965
2026-01-13 17:46:16.806,49.967
2026-01-13 17:46:16.827,49.963
2026-01-13 17:46:16.827,49.961
2026-01-13 17:46:16.840,49.956
2026-01-13 17:46:16.857,49.953
2026-01-13 17:46:16.874,49.953
2026-01-13 17:46:16.875,49.953
2026-01-13 17:46:16.890,49.956
2026-01-13 17:46:16.908,49.958
2026-01-13 17:46:16.926,49.958
2026-01-13 17:46:16.926,49.962
2026-01-13 17:46:16.965,49.959
2026-01-13 17:46:16.966,49.957
2026-01-13 17:46:16.966,49.955
2026-01-13 17:46:16.977,49.954
2026-01-13 17:46:16.990,49.951
2026-01-13 17:46:17.007,49.946
2026-01-13 17:46:17.008,49.946
2026-01-13 17:46:17.024,49.95
2026-01-13 17:46:17.040,49.951
2026-01-13 17:46:17.057,49.947
2026-01-13 17:46:17.057,49.947
2026-01-13 17:46:17.072,49.946
2026-01-13 17:46:17.090,49.947
2026-01-13 17:46:17.091,49.95
2026-01-13 17:46:17.106,49.947
2026-01-13 17:46:17.123,49.946
2026-01-13 17:46:17.139,49.945
2026-01-13 17:46:17.139,49.94
2026-01-13 17:46:17.156,49.942
2026-01-13 17:46:17.173,49.949
2026-01-13 17:46:17.174,49.967
2026-01-13 17:46:17.189,49.966
2026-01-13 17:46:17.207,49.956
2026-01-13 17:46:17.225,49.947
2026-01-13 17:46:17.225,49.947
2026-01-13 17:46:17.241,49.948
2026-01-13 17:46:17.258,49.95
2026-01-13 17:46:17.259,49.952
2026-01-13 17:46:17.274,49.951
2026-01-13 17:46:17.291,49.947
2026-01-13 17:46:17.306,49.944
2026-01-13 17:46:17.307,49.939
2026-01-13 17:46:17.324,49.94
2026-01-13 17:46:17.341,49.946
2026-01-13 17:46:17.358,49.954
2026-01-13 17:46:17.358,49.961
2026-01-13 17:46:17.375,49.968
2026-01-13 17:46:17.391,49.961
2026-01-13 17:46:17.391,49.953
2026-01-13 17:46:17.407,49.956
2026-01-13 17:46:17.425,49.952
2026-01-13 17:46:17.441,49.945
2026-01-13 17:46:17.441,49.948
2026-01-13 17:46:17.457,49.957
2026-01-13 17:46:17.474,49.963
2026-01-13 17:46:17.474,49.964
2026-01-13 17:46:17.491,49.96
2026-01-13 17:46:17.505,49.951
2026-01-13 17:46:17.525,49.949
2026-01-13 17:46:17.525,49.95
2026-01-13 17:46:17.542,49.963
2026-01-13 17:46:17.557,49.964
2026-01-13 17:46:17.574,49.96
2026-01-13 17:46:17.574,49.957
2026-01-13 17:46:17.591,49.959
2026-01-13 17:46:17.608,49.968
2026-01-13 17:46:17.608,49.96
2026-01-13 17:46:17.622,49.963
2026-01-13 17:46:17.640,49.963
2026-01-13 17:46:17.656,49.96
2026-01-13 17:46:17.656,49.962
2026-01-13 17:46:17.674,49.959
2026-01-13 17:46:17.689,49.951
2026-01-13 17:46:17.690,49.952
2026-01-13 17:46:17.707,49.958
2026-01-13 17:46:17.723,49.966
2026-01-13 17:46:17.739,49.969
2026-01-13 17:46:17.739,49.969
2026-01-13 17:46:17.756,49.973
2026-01-13 17:46:17.772,49.966
2026-01-13 17:46:17.790,49.959
2026-01-13 17:46:17.790,49.958
2026-01-13 17:46:17.806,49.957
2026-01-13 17:46:17.823,49.953
2026-01-13 17:46:17.823,49.953
2026-01-13 17:46:17.841,49.949
2026-01-13 17:46:17.856,49.945
2026-01-13 17:46:17.873,49.942
2026-01-13 17:46:17.873,49.939
2026-01-13 17:46:17.890,49.942
2026-01-13 17:46:17.906,49.945
2026-01-13 17:46:17.906,49.945
2026-01-13 17:46:17.924,49.942
2026-01-13 17:46:17.940,49.937
2026-01-13 17:46:17.957,49.939
2026-01-13 17:46:17.958,49.944
2026-01-13 17:46:17.981,49.951
2026-01-13 17:46:17.981,49.949
2026-01-13 17:46:17.989,49.944
2026-01-13 17:46:18.006,49.937
2026-01-13 17:46:18.021,49.939
2026-01-13 17:46:18.040,49.943
2026-01-13 17:46:18.040,49.945
2026-01-13 17:46:18.057,49.941
2026-01-13 17:46:18.073,49.946
2026-01-13 17:46:18.073,49.947
2026-01-13 17:46:18.091,49.942
2026-01-13 17:46:18.108,49.939
2026-01-13 17:46:18.123,49.934
2026-01-13 17:46:18.124,49.939
2026-01-13 17:46:18.141,49.939
2026-01-13 17:46:18.156,49.939
2026-01-13 17:46:18.173,49.936
2026-01-13 17:46:18.174,49.925
2026-01-13 17:46:18.190,49.931
2026-01-13 17:46:18.207,49.935
2026-01-13 17:46:18.207,49.933
2026-01-13 17:46:18.222,49.937
2026-01-13 17:46:18.240,49.935
2026-01-13 17:46:18.256,49.939
2026-01-13 17:46:18.257,49.945
2026-01-13 17:46:18.274,49.949
2026-01-13 17:46:18.290,49.947
2026-01-13 17:46:18.291,49.941
2026-01-13 17:46:18.317,49.94
2026-01-13 17:46:18.318,49.939
2026-01-13 17:46:18.327,49.939
2026-01-13 17:46:18.339,49.946
2026-01-13 17:46:18.357,49.949
2026-01-13 17:46:18.374,49.954
2026-01-13 17:46:18.375,49.953
2026-01-13 17:46:18.390,49.951
2026-01-13 17:46:18.407,49.953
2026-01-13 17:46:18.424,49.949
2026-01-13 17:46:18.425,49.954
2026-01-13 17:46:18.441,49.952
2026-01-13 17:46:18.456,49.944
2026-01-13 17:46:18.474,49.947
2026-01-13 17:46:18.474,49.959
2026-01-13 17:46:18.489,49.963
2026-01-13 17:46:18.507,49.965
2026-01-13 17:46:18.507,49.971
2026-01-13 17:46:18.523,49.974
2026-01-13 17:46:18.542,49.974
2026-01-13 17:46:18.543,49.975
2026-01-13 17:46:18.556,49.977
2026-01-13 17:46:18.573,49.975
2026-01-13 17:46:18.590,49.97
2026-01-13 17:46:18.590,49.968
2026-01-13 17:46:18.608,49.966
2026-01-13 17:46:18.623,49.972
2026-01-13 17:46:18.641,49.971
2026-01-13 17:46:18.641,49.963
2026-01-13 17:46:18.656,49.964
2026-01-13 17:46:18.673,49.968
2026-01-13 17:46:18.674,49.969
2026-01-13 17:46:18.689,49.967
2026-01-13 17:46:18.709,49.97
2026-01-13 17:46:18.711,49.965
2026-01-13 17:46:18.723,49.967
2026-01-13 17:46:18.742,49.972
2026-01-13 17:46:18.755,49.975
2026-01-13 17:46:18.772,49.968
2026-01-13 17:46:18.773,49.965
2026-01-13 17:46:18.789,49.965
2026-01-13 17:46:18.808,49.969
2026-01-13 17:46:18.808,49.965
2026-01-13 17:46:18.822,49.964
2026-01-13 17:46:18.841,49.957
2026-01-13 17:46:18.842,49.959
2026-01-13 17:46:18.856,49.96
2026-01-13 17:46:18.871,49.959
2026-01-13 17:46:18.891,49.955
2026-01-13 17:46:18.891,49.954
2026-01-13 17:46:18.906,49.952
2026-01-13 17:46:18.923,49.952
2026-01-13 17:46:18.940,49.944
2026-01-13 17:46:18.940,49.943
2026-01-13 17:46:18.956,49.945
2026-01-13 17:46:18.980,49.95
2026-01-13 17:46:18.980,49.951
2026-01-13 17:46:18.989,49.95
2026-01-13 17:46:19.006,49.941
2026-01-13 17:46:19.023,49.941
2026-01-13 17:46:19.023,49.945
2026-01-13 17:46:19.040,49.95
2026-01-13 17:46:19.056,49.945
2026-01-13 17:46:19.074,49.947
2026-01-13 17:46:19.074,49.94
2026-01-13 17:46:19.091,49.939
2026-01-13 17:46:19.106,49.945
2026-01-13 17:46:19.106,49.945
2026-01-13 17:46:19.123,49.95
2026-01-13 17:46:19.140,49.948
2026-01-13 17:46:19.157,49.947
2026-01-13 17:46:19.157,49.942
2026-01-13 17:46:19.173,49.945
2026-01-13 17:46:19.191,49.942
2026-01-13 17:46:19.191,49.947
2026-01-13 17:46:19.206,49.951
2026-01-13 17:46:19.224,49.955
2026-01-13 17:46:19.241,49.944
2026-01-13 17:46:19.241,49.944
2026-01-13 17:46:19.256,49.944
2026-01-13 17:46:19.274,49.952
2026-01-13 17:46:19.274,49.953
2026-01-13 17:46:19.290,49.956
2026-01-13 17:46:19.306,49.956
2026-01-13 17:46:19.324,49.958
2026-01-13 17:46:19.324,49.955
2026-01-13 17:46:19.341,49.952
2026-01-13 17:46:19.355,49.955
2026-01-13 17:46:19.372,49.956
2026-01-13 17:46:19.373,49.955
2026-01-13 17:46:19.389,49.956
2026-01-13 17:46:19.405,49.951
2026-01-13 17:46:19.407,49.945
2026-01-13 17:46:19.423,49.95
2026-01-13 17:46:19.439,49.952
2026-01-13 17:46:19.456,49.958
2026-01-13 17:46:19.456,49.958
2026-01-13 17:46:19.472,49.963
2026-01-13 17:46:19.489,49.953
2026-01-13 17:46:19.490,49.949
2026-01-13 17:46:19.505,49.951
2026-01-13 17:46:19.523,49.955
2026-01-13 17:46:19.539,49.956
2026-01-13 17:46:19.539,49.959
2026-01-13 17:46:19.557,49.955
2026-01-13 17:46:19.573,49.952
2026-01-13 17:46:19.589,49.949
2026-01-13 17:46:19.589,49.951
2026-01-13 17:46:19.607,49.952
2026-01-13 17:46:19.623,49.957
2026-01-13 17:46:19.623,49.957
2026-01-13 17:46:19.640,49.957
2026-01-13 17:46:19.656,49.961
2026-01-13 17:46:19.684,49.962
2026-01-13 17:46:19.684,49.962
2026-01-13 17:46:19.686,49.96
2026-01-13 17:46:19.693,49.964
2026-01-13 17:46:19.707,49.966
2026-01-13 17:46:19.723,49.966
2026-01-13 17:46:19.739,49.965
2026-01-13 17:46:19.757,49.972
2026-01-13 17:46:19.758,49.973
2026-01-13 17:46:19.773,49.97
2026-01-13 17:46:19.791,49.967
2026-01-13 17:46:19.791,49.967
2026-01-13 17:46:19.806,49.969
2026-01-13 17:46:19.824,49.969
2026-01-13 17:46:19.841,49.966
2026-01-13 17:46:19.841,49.962
2026-01-13 17:46:19.856,49.958
2026-01-13 17:46:19.872,49.96
2026-01-13 17:46:19.890,49.961
2026-01-13 17:46:19.890,49.963
2026-01-13 17:46:19.906,49.965
2026-01-13 17:46:19.923,49.97
2026-01-13 17:46:19.923,49.968
2026-01-13 17:46:19.939,49.966
2026-01-13 17:46:19.956,49.974
2026-01-13 17:46:19.979,49.971
2026-01-13 17:46:19.979,49.966
2026-01-13 17:46:19.989,49.966
2026-01-13 17:46:20.006,49.97
2026-01-13 17:46:20.006,49.971
2026-01-13 17:46:20.022,49.973
2026-01-13 17:46:20.038,49.971
2026-01-13 17:46:20.055,49.968
2026-01-13 17:46:20.056,49.972
2026-01-13 17:46:20.073,49.973
2026-01-13 17:46:20.091,49.976
2026-01-13 17:46:20.091,49.976
2026-01-13 17:46:20.106,49.981
2026-01-13 17:46:20.124,49.972
2026-01-13 17:46:20.140,49.977
2026-01-13 17:46:20.140,49.976
2026-01-13 17:46:20.157,49.981
2026-01-13 17:46:20.174,49.978
2026-01-13 17:46:20.174,49.979
2026-01-13 17:46:20.190,49.98
2026-01-13 17:46:20.206,49.981
2026-01-13 17:46:20.224,49.974
2026-01-13 17:46:20.224,49.976
2026-01-13 17:46:20.241,49.978
2026-01-13 17:46:20.257,49.978
2026-01-13 17:46:20.273,49.977
2026-01-13 17:46:20.273,49.979
2026-01-13 17:46:20.290,49.981
2026-01-13 17:46:20.307,49.982
2026-01-13 17:46:20.307,49.983
2026-01-13 17:46:20.324,49.984
2026-01-13 17:46:20.340,49.994
2026-01-13 17:46:20.356,49.988
2026-01-13 17:46:20.357,49.98
2026-01-13 17:46:20.374,49.989
2026-01-13 17:46:20.391,49.989
2026-01-13 17:46:20.391,49.989
2026-01-13 17:46:20.406,49.987
2026-01-13 17:46:20.423,49.984
2026-01-13 17:46:20.441,49.974
2026-01-13 17:46:20.441,49.966
2026-01-13 17:46:20.456,49.962
2026-01-13 17:46:20.473,49.968
2026-01-13 17:46:20.490,49.968
2026-01-13 17:46:20.491,49.969
2026-01-13 17:46:20.506,49.962
2026-01-13 17:46:20.522,49.96
2026-01-13 17:46:20.522,49.964
2026-01-13 17:46:20.541,49.963
2026-01-13 17:46:20.556,49.959
2026-01-13 17:46:20.574,49.952
2026-01-13 17:46:20.574,49.955
2026-01-13 17:46:20.591,49.955
2026-01-13 17:46:20.606,49.956
2026-01-13 17:46:20.607,49.956
2026-01-13 17:46:20.624,49.966
2026-01-13 17:46:20.640,49.969
2026-01-13 17:46:20.656,49.975
2026-01-13 17:46:20.656,49.978
2026-01-13 17:46:20.674,49.979
2026-01-13 17:46:20.691,49.985
2026-01-13 17:46:20.691,49.991
2026-01-13 17:46:20.706,49.993
2026-01-13 17:46:20.723,49.99
2026-01-13 17:46:20.740,49.984
2026-01-13 17:46:20.740,49.985
2026-01-13 17:46:20.756,49.982
2026-01-13 17:46:20.773,49.984
2026-01-13 17:46:20.790,49.979
2026-01-13 17:46:20.790,49.978
2026-01-13 17:46:20.806,49.98
2026-01-13 17:46:20.824,49.978
2026-01-13 17:46:20.824,49.978
2026-01-13 17:46:20.840,49.979
2026-01-13 17:46:20.856,49.983
2026-01-13 17:46:20.873,49.984
2026-01-13 17:46:20.891,49.975
2026-01-13 17:46:20.906,49.98
2026-01-13 17:46:20.906,49.977
2026-01-13 17:46:20.923,49.972
2026-01-13 17:46:20.939,49.977
2026-01-13 17:46:20.956,49.982
2026-01-13 17:46:20.956,49.984
2026-01-13 17:46:20.979,49.991
2026-01-13 17:46:20.980,49.985
2026-01-13 17:46:21.006,49.983
2026-01-13 17:46:21.006,49.988
2026-01-13 17:46:21.023,49.987
2026-01-13 17:46:21.055,49.988
2026-01-13 17:46:21.056,49.984
2026-01-13 17:46:21.057,49.986
2026-01-13 17:46:21.063,49.991
2026-01-13 17:46:21.090,49.992
2026-01-13 17:46:21.090,49.992
2026-01-13 17:46:21.105,49.992
2026-01-13 17:46:21.123,49.992
2026-01-13 17:46:21.123,49.994
2026-01-13 17:46:21.140,49.992
2026-01-13 17:46:21.155,49.992
2026-01-13 17:46:21.174,49.984
2026-01-13 17:46:21.174,49.985
2026-01-13 17:46:21.188,49.982
2026-01-13 17:46:21.206,49.986
2026-01-13 17:46:21.206,49.991
2026-01-13 17:46:21.225,49.993
2026-01-13 17:46:21.239,49.994
2026-01-13 17:46:21.257,49.995
2026-01-13 17:46:21.257,49.99
2026-01-13 17:46:21.272,49.99
2026-01-13 17:46:21.289,49.993
2026-01-13 17:46:21.306,49.998
2026-01-13 17:46:21.324,49.999
2026-01-13 17:46:21.341,50.003
2026-01-13 17:46:21.342,50.008
2026-01-13 17:46:21.356,50.021
2026-01-13 17:46:21.374,50.028
2026-01-13 17:46:21.375,50.032
2026-01-13 17:46:21.389,50.035
2026-01-13 17:46:21.407,50.044
2026-01-13 17:46:21.424,50.044
2026-01-13 17:46:21.424,50.043
2026-01-13 17:46:21.440,50.045
2026-01-13 17:46:21.455,50.045
2026-01-13 17:46:21.474,50.04
2026-01-13 17:46:21.474,50.042
2026-01-13 17:46:21.490,50.034
2026-01-13 17:46:21.506,50.031
2026-01-13 17:46:21.506,50.03
2026-01-13 17:46:21.525,50.027
2026-01-13 17:46:21.538,50.021
2026-01-13 17:46:21.557,50.015
2026-01-13 17:46:21.557,50.015
2026-01-13 17:46:21.573,50.003
2026-01-13 17:46:21.590,50.001
2026-01-13 17:46:21.591,49.999
2026-01-13 17:46:21.606,49.999
2026-01-13 17:46:21.623,49.993
2026-01-13 17:46:21.640,49.987
2026-01-13 17:46:21.641,49.988
2026-01-13 17:46:21.658,49.981
2026-01-13 17:46:21.673,49.983
2026-01-13 17:46:21.673,49.98
2026-01-13 17:46:21.689,49.984
2026-01-13 17:46:21.706,49.979
2026-01-13 17:46:21.724,49.991
2026-01-13 17:46:21.725,49.99
2026-01-13 17:46:21.741,49.993
2026-01-13 17:46:21.755,49.991
2026-01-13 17:46:21.774,49.991
2026-01-13 17:46:21.774,49.992
2026-01-13 17:46:21.790,49.993
2026-01-13 17:46:21.806,49.988
2026-01-13 17:46:21.806,49.988
2026-01-13 17:46:21.823,49.989
2026-01-13 17:46:21.839,49.984
2026-01-13 17:46:21.857,49.984
2026-01-13 17:46:21.857,49.982
2026-01-13 17:46:21.875,49.983
2026-01-13 17:46:21.889,49.98
2026-01-13 17:46:21.907,49.984
2026-01-13 17:46:21.907,49.974
2026-01-13 17:46:21.924,49.975
2026-01-13 17:46:21.940,49.97
2026-01-13 17:46:21.940,49.975
2026-01-13 17:46:21.956,49.974
2026-01-13 17:46:21.980,49.982
2026-01-13 17:46:21.981,49.98
2026-01-13 17:46:21.989,49.978
2026-01-13 17:46:22.006,49.982
2026-01-13 17:46:22.022,49.985
2026-01-13 17:46:22.023,49.988
2026-01-13 17:46:22.039,49.988
2026-01-13 17:46:22.056,49.992
2026-01-13 17:46:22.074,49.989
2026-01-13 17:46:22.074,49.986
2026-01-13 17:46:22.089,49.99
2026-01-13 17:46:22.104,49.994
2026-01-13 17:46:22.121,49.992
2026-01-13 17:46:22.122,49.987
2026-01-13 17:46:22.139,49.979
2026-01-13 17:46:22.156,49.985
2026-01-13 17:46:22.156,49.982
2026-01-13 17:46:22.172,49.983
2026-01-13 17:46:22.189,49.985
2026-01-13 17:46:22.190,49.984
2026-01-13 17:46:22.205,49.989
2026-01-13 17:46:22.222,49.997
2026-01-13 17:46:22.238,50.004
2026-01-13 17:46:22.238,50.005
2026-01-13 17:46:22.256,50.009
2026-01-13 17:46:22.272,49.999
2026-01-13 17:46:22.288,49.993
2026-01-13 17:46:22.288,49.988
2026-01-13 17:46:22.305,49.986
2026-01-13 17:46:22.321,49.991
2026-01-13 17:46:22.322,49.996
2026-01-13 17:46:22.340,49.986
2026-01-13 17:46:22.356,49.983
2026-01-13 17:46:22.373,49.975
2026-01-13 17:46:22.373,49.968
2026-01-13 17:46:22.415,49.97
2026-01-13 17:46:22.415,49.971
2026-01-13 17:46:22.416,49.964
2026-01-13 17:46:22.422,49.963
2026-01-13 17:46:22.440,49.97
2026-01-13 17:46:22.456,49.977
2026-01-13 17:46:22.456,49.985
2026-01-13 17:46:22.473,49.981
2026-01-13 17:46:22.491,49.973
2026-01-13 17:46:22.491,49.972
2026-01-13 17:46:22.506,49.971
2026-01-13 17:46:22.523,49.975
2026-01-13 17:46:22.541,49.97
2026-01-13 17:46:22.541,49.962
2026-01-13 17:46:22.556,49.967
2026-01-13 17:46:22.574,49.977
2026-01-13 17:46:22.574,49.98
2026-01-13 17:46:22.590,49.976
2026-01-13 17:46:22.606,49.973
2026-01-13 17:46:22.624,49.973
2026-01-13 17:46:22.624,49.978
2026-01-13 17:46:22.639,49.982
2026-01-13 17:46:22.656,49.979
2026-01-13 17:46:22.673,49.976
2026-01-13 17:46:22.673,49.976
2026-01-13 17:46:22.688,49.979
2026-01-13 17:46:22.705,49.984
2026-01-13 17:46:22.706,49.977
2026-01-13 17:46:22.722,49.979
2026-01-13 17:46:22.741,49.975
2026-01-13 17:46:22.756,49.986
2026-01-13 17:46:22.771,49.989
2026-01-13 17:46:22.787,49.984
2026-01-13 17:46:22.805,49.977
2026-01-13 17:46:22.806,49.977
2026-01-13 17:46:22.823,50.003
2026-01-13 17:46:22.839,50.0
2026-01-13 17:46:22.839,50.0
2026-01-13 17:46:22.856,49.993
2026-01-13 17:46:22.873,49.995
2026-01-13 17:46:22.873,50.0
2026-01-13 17:46:22.890,49.998
2026-01-13 17:46:22.905,49.999
2026-01-13 17:46:22.921,49.995
2026-01-13 17:46:22.921,49.993
2026-01-13 17:46:22.940,49.989
2026-01-13 17:46:22.955,49.984
2026-01-13 17:46:22.978,49.98
2026-01-13 17:46:22.979,49.981
2026-01-13 17:46:22.988,49.985
2026-01-13 17:46:23.005,49.99
2026-01-13 17:46:23.023,49.984
2026-01-13 17:46:23.023,49.987
2026-01-13 17:46:23.038,49.982
2026-01-13 17:46:23.057,49.989
2026-01-13 17:46:23.057,49.989
2026-01-13 17:46:23.072,49.991
2026-01-13 17:46:23.089,49.994
2026-01-13 17:46:23.090,49.993
2026-01-13 17:46:23.105,49.997
2026-01-13 17:46:23.122,50.001
2026-01-13 17:46:23.140,49.998
2026-01-13 17:46:23.140,49.998
2026-01-13 17:46:23.155,49.995
2026-01-13 17:46:23.173,49.994
2026-01-13 17:46:23.189,49.995
2026-01-13 17:46:23.189,49.987
2026-01-13 17:46:23.206,49.986
2026-01-13 17:46:23.222,49.985
2026-01-13 17:46:23.222,49.993
2026-01-13 17:46:23.239,50.006
2026-01-13 17:46:23.256,50.004
2026-01-13 17:46:23.272,50.008
2026-01-13 17:46:23.273,50.006
2026-01-13 17:46:23.289,50.004
2026-01-13 17:46:23.306,50.0
2026-01-13 17:46:23.306,49.987
2026-01-13 17:46:23.322,49.989
2026-01-13 17:46:23.340,49.984
2026-01-13 17:46:23.355,49.984
2026-01-13 17:46:23.355,49.98
2026-01-13 17:46:23.373,49.976
2026-01-13 17:46:23.390,49.971
2026-01-13 17:46:23.406,49.972
2026-01-13 17:46:23.421,49.965
2026-01-13 17:46:23.437,49.963
2026-01-13 17:46:23.438,49.962
2026-01-13 17:46:23.456,49.964
2026-01-13 17:46:23.474,49.969
2026-01-13 17:46:23.474,49.975
2026-01-13 17:46:23.489,49.975
2026-01-13 17:46:23.505,49.975
2026-01-13 17:46:23.522,49.976
2026-01-13 17:46:23.523,49.973
2026-01-13 17:46:23.541,49.973
2026-01-13 17:46:23.556,49.972
2026-01-13 17:46:23.572,49.968
2026-01-13 17:46:23.573,49.963
2026-01-13 17:46:23.588,49.97
2026-01-13 17:46:23.607,49.974
2026-01-13 17:46:23.608,49.968
2026-01-13 17:46:23.624,49.965
2026-01-13 17:46:23.639,49.966
2026-01-13 17:46:23.658,49.973
2026-01-13 17:46:23.658,49.972
2026-01-13 17:46:23.672,49.97
2026-01-13 17:46:23.690,49.973
2026-01-13 17:46:23.690,49.971
2026-01-13 17:46:23.705,49.971
2026-01-13 17:46:23.724,49.969
2026-01-13 17:46:23.740,49.964
2026-01-13 17:46:23.740,49.964
2026-01-13 17:46:23.755,49.96
2026-01-13 17:46:23.771,49.956
2026-01-13 17:46:23.790,49.962
2026-01-13 17:46:23.790,49.959
2026-01-13 17:46:23.806,49.959
2026-01-13 17:46:23.822,49.956
2026-01-13 17:46:23.823,49.964
2026-01-13 17:46:23.840,49.964
2026-01-13 17:46:23.856,49.961
2026-01-13 17:46:23.874,49.96
2026-01-13 17:46:23.874,49.955
2026-01-13 17:46:23.890,49.957
2026-01-13 17:46:23.906,49.959
2026-01-13 17:46:23.907,49.962
2026-01-13 17:46:23.921,49.968
2026-01-13 17:46:23.940,49.973
2026-01-13 17:46:23.955,49.973
2026-01-13 17:46:23.956,49.975
2026-01-13 17:46:23.980,49.975
2026-01-13 17:46:23.981,49.973
2026-01-13 17:46:23.990,49.983
2026-01-13 17:46:24.006,49.982
2026-01-13 17:46:24.021,49.98
2026-01-13 17:46:24.038,49.978
2026-01-13 17:46:24.038,49.972
2026-01-13 17:46:24.054,49.966
2026-01-13 17:46:24.072,49.97
2026-01-13 17:46:24.088,49.968
2026-01-13 17:46:24.089,49.964
2026-01-13 17:46:24.105,49.958
2026-01-13 17:46:24.122,49.954
2026-01-13 17:46:24.122,49.951
2026-01-13 17:46:24.138,49.952
2026-01-13 17:46:24.154,49.95
2026-01-13 17:46:24.172,49.946
2026-01-13 17:46:24.172,49.949
2026-01-13 17:46:24.188,49.954
2026-01-13 17:46:24.204,49.954
2026-01-13 17:46:24.222,49.95
2026-01-13 17:46:24.222,49.944
2026-01-13 17:46:24.238,49.949
2026-01-13 17:46:24.255,49.951
2026-01-13 17:46:24.256,49.958
2026-01-13 17:46:24.272,49.952
2026-01-13 17:46:24.288,49.946
2026-01-13 17:46:24.304,49.953
2026-01-13 17:46:24.304,49.948
2026-01-13 17:46:24.321,49.955
2026-01-13 17:46:24.338,49.951
2026-01-13 17:46:24.338,49.953
2026-01-13 17:46:24.356,49.948
2026-01-13 17:46:24.372,49.959
2026-01-13 17:46:24.389,49.956
2026-01-13 17:46:24.389,49.943
2026-01-13 17:46:24.405,49.941
2026-01-13 17:46:24.421,49.942
2026-01-13 17:46:24.438,49.936
2026-01-13 17:46:24.438,49.936
2026-01-13 17:46:24.454,49.934
2026-01-13 17:46:24.471,49.932
2026-01-13 17:46:24.471,49.928
2026-01-13 17:46:24.488,49.93
2026-01-13 17:46:24.504,49.931
2026-01-13 17:46:24.522,49.939
2026-01-13 17:46:24.523,49.938
2026-01-13 17:46:24.538,49.939
2026-01-13 17:46:24.555,49.939
2026-01-13 17:46:24.555,49.937
2026-01-13 17:46:24.571,49.928
2026-01-13 17:46:24.589,49.936
2026-01-13 17:46:24.604,49.927
2026-01-13 17:46:24.605,49.931
2026-01-13 17:46:24.621,49.937
2026-01-13 17:46:24.638,49.932
2026-01-13 17:46:24.639,49.921
2026-01-13 17:46:24.655,49.92
2026-01-13 17:46:24.672,49.928
2026-01-13 17:46:24.688,49.94
2026-01-13 17:46:24.689,49.931
2026-01-13 17:46:24.704,49.922
2026-01-13 17:46:24.722,49.918
2026-01-13 17:46:24.723,49.92
2026-01-13 17:46:24.738,49.922
2026-01-13 17:46:24.754,49.908
2026-01-13 17:46:24.771,49.903
2026-01-13 17:46:24.771,49.903
2026-01-13 17:46:24.788,49.901
2026-01-13 17:46:24.805,49.893
2026-01-13 17:46:24.806,49.894
2026-01-13 17:46:24.822,49.893
2026-01-13 17:46:24.838,49.896
2026-01-13 17:46:24.854,49.893
2026-01-13 17:46:24.854,49.889
2026-01-13 17:46:24.872,49.887
2026-01-13 17:46:24.887,49.877
2026-01-13 17:46:24.905,49.874
2026-01-13 17:46:24.905,49.875
2026-01-13 17:46:24.922,49.881
2026-01-13 17:46:24.937,49.873
2026-01-13 17:46:24.937,49.88
2026-01-13 17:46:24.954,49.882
2026-01-13 17:46:24.978,49.88
2026-01-13 17:46:24.978,49.885
2026-01-13 17:46:24.989,49.886
2026-01-13 17:46:25.006,49.887
2026-01-13 17:46:25.021,49.888
2026-01-13 17:46:25.023,49.894
2026-01-13 17:46:25.039,49.901
2026-01-13 17:46:25.055,49.899
2026-01-13 17:46:25.071,49.897
2026-01-13 17:46:25.071,49.902
2026-01-13 17:46:25.089,49.906
2026-01-13 17:46:25.105,49.905
2026-01-13 17:46:25.105,49.898
2026-01-13 17:46:25.153,49.899
2026-01-13 17:46:25.154,49.9
2026-01-13 17:46:25.154,49.898
2026-01-13 17:46:25.154,49.899
2026-01-13 17:46:25.173,49.896
2026-01-13 17:46:25.190,49.894
2026-01-13 17:46:25.205,49.895
2026-01-13 17:46:25.223,49.899
2026-01-13 17:46:25.240,49.892
2026-01-13 17:46:25.240,49.896
2026-01-13 17:46:25.255,49.893
2026-01-13 17:46:25.272,49.899
2026-01-13 17:46:25.289,49.909
2026-01-13 17:46:25.290,49.909
2026-01-13 17:46:25.305,49.915
2026-01-13 17:46:25.325,49.912
2026-01-13 17:46:25.325,49.922
2026-01-13 17:46:25.339,49.923
2026-01-13 17:46:25.356,49.921
2026-01-13 17:46:25.374,49.914
2026-01-13 17:46:25.374,49.92
2026-01-13 17:46:25.389,49.929
2026-01-13 17:46:25.406,49.933
2026-01-13 17:46:25.406,49.924
2026-01-13 17:46:25.422,49.923
2026-01-13 17:46:25.440,49.926
2026-01-13 17:46:25.456,49.926
2026-01-13 17:46:25.456,49.926
2026-01-13 17:46:25.471,49.922
2026-01-13 17:46:25.490,49.923
2026-01-13 17:46:25.491,49.918
2026-01-13 17:46:25.506,49.917
2026-01-13 17:46:25.524,49.923
2026-01-13 17:46:25.540,49.919
2026-01-13 17:46:25.540,49.917
2026-01-13 17:46:25.556,49.912
2026-01-13 17:46:25.572,49.916
2026-01-13 17:46:25.573,49.92
2026-01-13 17:46:25.590,49.914
2026-01-13 17:46:25.606,49.914
2026-01-13 17:46:25.623,49.91
2026-01-13 17:46:25.640,49.908
2026-01-13 17:46:25.656,49.907
2026-01-13 17:46:25.674,49.908
2026-01-13 17:46:25.689,49.899
2026-01-13 17:46:25.706,49.898
2026-01-13 17:46:25.707,49.895
2026-01-13 17:46:25.722,49.891
2026-01-13 17:46:25.740,49.891
2026-01-13 17:46:25.755,49.895
2026-01-13 17:46:25.756,49.899
2026-01-13 17:46:25.772,49.894
2026-01-13 17:46:25.790,49.893
2026-01-13 17:46:25.791,49.897
2026-01-13 17:46:25.805,49.892
2026-01-13 17:46:25.822,49.9
2026-01-13 17:46:25.839,49.898
2026-01-13 17:46:25.839,49.905
2026-01-13 17:46:25.856,49.901
2026-01-13 17:46:25.873,49.899
2026-01-13 17:46:25.874,49.9
2026-01-13 17:46:25.889,49.9
2026-01-13 17:46:25.906,49.9
2026-01-13 17:46:25.923,49.905
2026-01-13 17:46:25.924,49.906
2026-01-13 17:46:25.941,49.912
2026-01-13 17:46:25.954,49.91
2026-01-13 17:46:25.979,49.913
2026-01-13 17:46:25.979,49.91
2026-01-13 17:46:25.988,49.91
2026-01-13 17:46:26.005,49.919
2026-01-13 17:46:26.022,49.922
2026-01-13 17:46:26.022,49.927
2026-01-13 17:46:26.040,49.938
2026-01-13 17:46:26.055,49.941
2026-01-13 17:46:26.055,49.939
2026-01-13 17:46:26.071,49.947
2026-01-13 17:46:26.088,49.955
2026-01-13 17:46:26.106,49.957
2026-01-13 17:46:26.106,49.962
2026-01-13 17:46:26.122,49.964
2026-01-13 17:46:26.139,49.977
2026-01-13 17:46:26.139,49.979
2026-01-13 17:46:26.155,49.983
2026-01-13 17:46:26.172,49.982
2026-01-13 17:46:26.189,49.983
2026-01-13 17:46:26.190,49.987
2026-01-13 17:46:26.205,49.99
2026-01-13 17:46:26.221,49.99
2026-01-13 17:46:26.222,49.989
2026-01-13 17:46:26.239,49.984
2026-01-13 17:46:26.255,49.984
2026-01-13 17:46:26.273,49.988
2026-01-13 17:46:26.274,49.983
2026-01-13 17:46:26.288,49.986
2026-01-13 17:46:26.305,49.988
2026-01-13 17:46:26.323,49.989
2026-01-13 17:46:26.323,49.981
2026-01-13 17:46:26.357,49.984
2026-01-13 17:46:26.357,49.974
2026-01-13 17:46:26.373,49.977
2026-01-13 17:46:26.390,49.979
2026-01-13 17:46:26.405,49.979
2026-01-13 17:46:26.422,49.976
2026-01-13 17:46:26.439,49.982
2026-01-13 17:46:26.439,49.98
2026-01-13 17:46:26.456,49.983
2026-01-13 17:46:26.472,49.984
2026-01-13 17:46:26.498,49.981
2026-01-13 17:46:26.499,49.976
2026-01-13 17:46:26.523,49.977
2026-01-13 17:46:26.523,49.981
2026-01-13 17:46:26.538,49.983
2026-01-13 17:46:26.556,49.981
2026-01-13 17:46:26.572,49.986
2026-01-13 17:46:26.572,49.986
2026-01-13 17:46:26.589,49.989
2026-01-13 17:46:26.606,49.985
2026-01-13 17:46:26.606,49.987
2026-01-13 17:46:26.621,49.984
2026-01-13 17:46:26.655,49.981
2026-01-13 17:46:26.655,49.98
2026-01-13 17:46:26.671,49.986
2026-01-13 17:46:26.687,49.985
2026-01-13 17:46:26.704,49.988
2026-01-13 17:46:26.722,49.994
2026-01-13 17:46:26.738,50.001
2026-01-13 17:46:26.739,50.0
2026-01-13 17:46:26.771,49.999
2026-01-13 17:46:26.787,49.995
2026-01-13 17:46:26.787,49.995
2026-01-13 17:46:26.804,49.996
2026-01-13 17:46:26.839,49.989
2026-01-13 17:46:26.855,49.991
2026-01-13 17:46:26.873,49.983
2026-01-13 17:46:26.889,49.983
2026-01-13 17:46:26.905,49.981
2026-01-13 17:46:26.906,49.981
2026-01-13 17:46:26.922,49.981
2026-01-13 17:46:26.956,49.975
2026-01-13 17:46:26.956,49.977
2026-01-13 17:46:26.980,49.979
2026-01-13 17:46:26.980,49.98
2026-01-13 17:46:27.005,49.983
2026-01-13 17:46:27.005,49.991
2026-01-13 17:46:27.022,49.99
2026-01-13 17:46:27.037,49.989
2026-01-13 17:46:27.038,49.988
2026-01-13 17:46:27.072,49.99
2026-01-13 17:46:27.074,49.996
2026-01-13 17:46:27.090,49.996
2026-01-13 17:46:27.105,49.999
2026-01-13 17:46:27.122,49.998
2026-01-13 17:46:27.122,50.002
2026-01-13 17:46:27.139,50.002
2026-01-13 17:46:27.156,50.003
2026-01-13 17:46:27.173,50.002
2026-01-13 17:46:27.173,50.0
2026-01-13 17:46:27.190,49.998
2026-01-13 17:46:27.205,50.009
2026-01-13 17:46:27.205,50.009
2026-01-13 17:46:27.220,50.003
2026-01-13 17:46:27.237,50.008
2026-01-13 17:46:27.254,50.006
2026-01-13 17:46:27.271,50.009
2026-01-13 17:46:27.288,50.007
2026-01-13 17:46:27.304,50.005
2026-01-13 17:46:27.321,50.002
2026-01-13 17:46:27.338,50.004
2026-01-13 17:46:27.339,50.004
2026-01-13 17:46:27.373,49.997
2026-01-13 17:46:27.388,49.995
2026-01-13 17:46:27.389,49.989
2026-01-13 17:46:27.405,49.989
2026-01-13 17:46:27.422,49.983
2026-01-13 17:46:27.439,49.984
2026-01-13 17:46:27.456,49.987
2026-01-13 17:46:27.472,49.986
2026-01-13 17:46:27.472,49.988
2026-01-13 17:46:27.488,49.99
2026-01-13 17:46:27.506,49.985
2026-01-13 17:46:27.523,49.977
2026-01-13 17:46:27.538,49.972
2026-01-13 17:46:27.556,49.977
2026-01-13 17:46:27.556,49.991
2026-01-13 17:46:27.572,49.992
2026-01-13 17:46:27.590,49.986
2026-01-13 17:46:27.590,49.988
2026-01-13 17:46:27.605,49.996
2026-01-13 17:46:27.622,49.991
2026-01-13 17:46:27.640,50.0
2026-01-13 17:46:27.640,49.995
2026-01-13 17:46:27.654,49.995
2026-01-13 17:46:27.672,49.997
2026-01-13 17:46:27.687,50.001
2026-01-13 17:46:27.688,49.996
2026-01-13 17:46:27.708,50.0
2026-01-13 17:46:27.721,50.001
2026-01-13 17:46:27.739,50.001
2026-01-13 17:46:27.756,50.001
2026-01-13 17:46:27.773,49.996
2026-01-13 17:46:27.773,49.994
2026-01-13 17:46:27.789,49.996
2026-01-13 17:46:27.805,49.996
2026-01-13 17:46:27.805,49.991
2026-01-13 17:46:27.823,49.99
2026-01-13 17:46:27.862,49.989
2026-01-13 17:46:27.863,49.992
2026-01-13 17:46:27.863,49.998
2026-01-13 17:46:27.870,49.998
2026-01-13 17:46:27.887,50.0
2026-01-13 17:46:27.907,50.001
2026-01-13 17:46:27.922,49.998
2026-01-13 17:46:27.939,49.999
2026-01-13 17:46:27.939,50.0
2026-01-13 17:46:27.955,49.998
2026-01-13 17:46:27.980,50.0
2026-01-13 17:46:27.980,49.999
2026-01-13 17:46:27.986,49.999
2026-01-13 17:46:28.005,50.001
2026-01-13 17:46:28.021,50.005
2026-01-13 17:46:28.022,50.012
2026-01-13 17:46:28.038,50.015
2026-01-13 17:46:28.056,50.022
2026-01-13 17:46:28.072,50.012
2026-01-13 17:46:28.089,50.017
2026-01-13 17:46:28.106,50.014
2026-01-13 17:46:28.107,50.012
2026-01-13 17:46:28.123,50.012
2026-01-13 17:46:28.139,50.007
2026-01-13 17:46:28.154,50.009
2026-01-13 17:46:28.154,50.006
2026-01-13 17:46:28.171,50.005
2026-01-13 17:46:28.190,50.006
2026-01-13 17:46:28.191,50.008
2026-01-13 17:46:28.204,50.011
2026-01-13 17:46:28.223,50.012
2026-01-13 17:46:28.239,50.011
2026-01-13 17:46:28.239,50.01
2026-01-13 17:46:28.254,50.009
2026-01-13 17:46:28.271,50.01
2026-01-13 17:46:28.273,50.018
2026-01-13 17:46:28.288,50.021
2026-01-13 17:46:28.305,50.015
2026-01-13 17:46:28.322,50.011
2026-01-13 17:46:28.339,50.009
2026-01-13 17:46:28.355,50.01
2026-01-13 17:46:28.373,50.008
2026-01-13 17:46:28.388,50.004
2026-01-13 17:46:28.405,50.005
2026-01-13 17:46:28.407,50.005
2026-01-13 17:46:28.420,50.003
2026-01-13 17:46:28.439,50.004
2026-01-13 17:46:28.456,50.004
2026-01-13 17:46:28.456,50.011
2026-01-13 17:46:28.473,50.003
2026-01-13 17:46:28.489,49.999
2026-01-13 17:46:28.490,50.006
2026-01-13 17:46:28.505,50.001
2026-01-13 17:46:28.522,49.997
2026-01-13 17:46:28.538,49.993
2026-01-13 17:46:28.539,49.984
2026-01-13 17:46:28.555,49.985
2026-01-13 17:46:28.572,49.983
2026-01-13 17:46:28.589,49.984
2026-01-13 17:46:28.589,49.989
2026-01-13 17:46:28.605,49.992
2026-01-13 17:46:28.623,49.988
2026-01-13 17:46:28.624,49.985
2026-01-13 17:46:28.639,49.99
2026-01-13 17:46:28.655,49.985
2026-01-13 17:46:28.671,49.986
2026-01-13 17:46:28.672,49.987
2026-01-13 17:46:28.688,49.984
2026-01-13 17:46:28.705,50.0
2026-01-13 17:46:28.706,49.996
2026-01-13 17:46:28.720,49.998
2026-01-13 17:46:28.739,50.003
2026-01-13 17:46:28.754,50.001
2026-01-13 17:46:28.754,50.005
2026-01-13 17:46:28.771,50.004
2026-01-13 17:46:28.788,50.001
2026-01-13 17:46:28.805,49.999
2026-01-13 17:46:28.805,50.003
2026-01-13 17:46:28.821,50.001
2026-01-13 17:46:28.836,49.996
2026-01-13 17:46:28.837,49.99
2026-01-13 17:46:28.870,49.99
2026-01-13 17:46:28.888,49.99
2026-01-13 17:46:28.888,49.98
2026-01-13 17:46:28.904,49.982
2026-01-13 17:46:28.938,49.975
2026-01-13 17:46:28.938,49.975
2026-01-13 17:46:28.954,49.973
2026-01-13 17:46:28.972,49.974
2026-01-13 17:46:28.972,49.967
2026-01-13 17:46:28.995,49.974
2026-01-13 17:46:28.995,49.964
2026-01-13 17:46:29.006,49.966
2026-01-13 17:46:29.020,49.972
2026-01-13 17:46:29.037,49.969
2026-01-13 17:46:29.054,49.966
2026-01-13 17:46:29.054,49.966
2026-01-13 17:46:29.072,49.972
2026-01-13 17:46:29.089,49.976
2026-01-13 17:46:29.104,49.976
2026-01-13 17:46:29.121,49.984
2026-01-13 17:46:29.139,49.993
2026-01-13 17:46:29.140,49.99
2026-01-13 17:46:29.172,49.988
2026-01-13 17:46:29.189,49.984
2026-01-13 17:46:29.189,49.988
2026-01-13 17:46:29.205,49.986
2026-01-13 17:46:29.232,49.985
2026-01-13 17:46:29.233,49.989
2026-01-13 17:46:29.242,49.987
2026-01-13 17:46:29.255,49.988
2026-01-13 17:46:29.273,49.982
2026-01-13 17:46:29.274,49.989
2026-01-13 17:46:29.287,49.992
2026-01-13 17:46:29.306,49.991
2026-01-13 17:46:29.307,49.997
2026-01-13 17:46:29.321,49.995
2026-01-13 17:46:29.339,49.994
2026-01-13 17:46:29.355,49.998
2026-01-13 17:46:29.355,50.003
2026-01-13 17:46:29.371,50.003
2026-01-13 17:46:29.390,49.995
2026-01-13 17:46:29.405,49.998
2026-01-13 17:46:29.422,50.006
2026-01-13 17:46:29.439,50.009
2026-01-13 17:46:29.439,50.007
2026-01-13 17:46:29.455,50.013
2026-01-13 17:46:29.472,50.015
2026-01-13 17:46:29.489,50.011
2026-01-13 17:46:29.489,50.018
2026-01-13 17:46:29.505,50.018
2026-01-13 17:46:29.523,50.021
2026-01-13 17:46:29.523,50.017
2026-01-13 17:46:29.538,50.017
2026-01-13 17:46:29.555,50.017
2026-01-13 17:46:29.572,50.013
2026-01-13 17:46:29.589,50.021
2026-01-13 17:46:29.605,50.023
2026-01-13 17:46:29.606,50.024
2026-01-13 17:46:29.622,50.018
2026-01-13 17:46:29.656,50.022
2026-01-13 17:46:29.657,50.017
2026-01-13 17:46:29.672,50.014
2026-01-13 17:46:29.689,50.022
2026-01-13 17:46:29.705,50.008
2026-01-13 17:46:29.727,50.017
2026-01-13 17:46:29.728,50.012
2026-01-13 17:46:29.738,50.01
2026-01-13 17:46:29.771,50.02
2026-01-13 17:46:29.788,50.018
2026-01-13 17:46:29.788,50.019
2026-01-13 17:46:29.804,50.025
2026-01-13 17:46:29.820,50.023
2026-01-13 17:46:29.838,50.017
2026-01-13 17:46:29.838,50.029
2026-01-13 17:46:29.853,50.034
2026-01-13 17:46:29.871,50.029
2026-01-13 17:46:29.871,50.018
2026-01-13 17:46:29.888,50.023
2026-01-13 17:46:29.903,50.025
2026-01-13 17:46:29.920,50.023
2026-01-13 17:46:29.920,50.019
2026-01-13 17:46:29.936,50.026
2026-01-13 17:46:29.953,50.021
2026-01-13 17:46:29.953,50.017
2026-01-13 17:46:29.971,50.018
2026-01-13 17:46:29.994,50.021
2026-01-13 17:46:30.004,50.02
2026-01-13 17:46:30.021,50.023
2026-01-13 17:46:30.037,50.015
2026-01-13 17:46:30.038,50.016
2026-01-13 17:46:30.055,50.013
2026-01-13 17:46:30.070,50.012
2026-01-13 17:46:30.086,50.016
2026-01-13 17:46:30.087,50.013
2026-01-13 17:46:30.105,50.009
2026-01-13 17:46:30.122,50.012
2026-01-13 17:46:30.122,50.012
2026-01-13 17:46:30.138,50.011
2026-01-13 17:46:30.154,50.006
2026-01-13 17:46:30.172,50.015
2026-01-13 17:46:30.172,50.011
2026-01-13 17:46:30.189,50.009
2026-01-13 17:46:30.205,50.013
2026-01-13 17:46:30.221,50.022
2026-01-13 17:46:30.222,50.015
2026-01-13 17:46:30.238,50.012
2026-01-13 17:46:30.256,50.011
2026-01-13 17:46:30.257,50.021
2026-01-13 17:46:30.271,50.023
2026-01-13 17:46:30.289,50.026
2026-01-13 17:46:30.306,50.031
2026-01-13 17:46:30.306,50.034
2026-01-13 17:46:30.322,50.029
2026-01-13 17:46:30.338,50.028
2026-01-13 17:46:30.338,50.036
2026-01-13 17:46:30.355,50.036
2026-01-13 17:46:30.372,50.031
2026-01-13 17:46:30.389,50.039
2026-01-13 17:46:30.389,50.041
2026-01-13 17:46:30.405,50.032
2026-01-13 17:46:30.422,50.033
2026-01-13 17:46:30.422,50.037
2026-01-13 17:46:30.439,50.032
2026-01-13 17:46:30.454,50.033
2026-01-13 17:46:30.473,50.029
2026-01-13 17:46:30.474,50.031
2026-01-13 17:46:30.490,50.026
2026-01-13 17:46:30.505,50.029
2026-01-13 17:46:30.522,50.027
2026-01-13 17:46:30.522,50.028
2026-01-13 17:46:30.539,50.035
2026-01-13 17:46:30.555,50.036
2026-01-13 17:46:30.555,50.038
2026-01-13 17:46:30.612,50.04
2026-01-13 17:46:30.613,50.043
2026-01-13 17:46:30.613,50.044
2026-01-13 17:46:30.613,50.039
2026-01-13 17:46:30.620,50.047
2026-01-13 17:46:30.639,50.042
2026-01-13 17:46:30.639,50.041
2026-01-13 17:46:30.655,50.05
2026-01-13 17:46:30.671,50.054
2026-01-13 17:46:30.689,50.052
2026-01-13 17:46:30.689,50.051
2026-01-13 17:46:30.705,50.051
2026-01-13 17:46:30.720,50.048
2026-01-13 17:46:30.739,50.049
2026-01-13 17:46:30.739,50.053
2026-01-13 17:46:30.755,50.052
2026-01-13 17:46:30.773,50.049
2026-01-13 17:46:30.773,50.044
2026-01-13 17:46:30.806,50.035
2026-01-13 17:46:30.806,50.045
2026-01-13 17:46:30.823,50.044
2026-01-13 17:46:30.838,50.04
2026-01-13 17:46:30.856,50.044
2026-01-13 17:46:30.856,50.044
2026-01-13 17:46:30.872,50.034
2026-01-13 17:46:30.889,50.032
2026-01-13 17:46:30.890,50.035
2026-01-13 17:46:30.905,50.037
2026-01-13 17:46:30.922,50.043
2026-01-13 17:46:30.939,50.043
2026-01-13 17:46:30.955,50.039
2026-01-13 17:46:30.972,50.046
2026-01-13 17:46:30.995,50.051
2026-01-13 17:46:30.995,50.054
2026-01-13 17:46:31.003,50.054
2026-01-13 17:46:31.019,50.055
2026-01-13 17:46:31.038,50.053
2026-01-13 17:46:31.038,50.057
2026-01-13 17:46:31.055,50.06
2026-01-13 17:46:31.073,50.052
2026-01-13 17:46:31.073,50.054
2026-01-13 17:46:31.088,50.056
2026-01-13 17:46:31.103,50.064
2026-01-13 17:46:31.122,50.065
2026-01-13 17:46:31.122,50.054
2026-01-13 17:46:31.137,50.057
2026-01-13 17:46:31.154,50.05
2026-01-13 17:46:31.154,50.052
2026-01-13 17:46:31.171,50.048
2026-01-13 17:46:31.187,50.04
2026-01-13 17:46:31.205,50.03
2026-01-13 17:46:31.205,50.034
2026-01-13 17:46:31.221,50.037
2026-01-13 17:46:31.237,50.041
2026-01-13 17:46:31.238,50.039
2026-01-13 17:46:31.254,50.041
2026-01-13 17:46:31.269,50.037
2026-01-13 17:46:31.287,50.046
2026-01-13 17:46:31.288,50.047
2026-01-13 17:46:31.305,50.059
2026-01-13 17:46:31.322,50.055
2026-01-13 17:46:31.323,50.045
2026-01-13 17:46:31.338,50.046
2026-01-13 17:46:31.354,50.056
2026-01-13 17:46:31.374,50.047
2026-01-13 17:46:31.387,50.036
2026-01-13 17:46:31.405,50.037
2026-01-13 17:46:31.405,50.047
2026-01-13 17:46:31.422,50.045
2026-01-13 17:46:31.439,50.046
2026-01-13 17:46:31.455,50.04
2026-01-13 17:46:31.455,50.037
2026-01-13 17:46:31.471,50.034
2026-01-13 17:46:31.490,50.039
2026-01-13 17:46:31.490,50.045
2026-01-13 17:46:31.504,50.05
2026-01-13 17:46:31.521,50.051
2026-01-13 17:46:31.539,50.052
2026-01-13 17:46:31.539,50.053
2026-01-13 17:46:31.554,50.053
2026-01-13 17:46:31.571,50.051
2026-01-13 17:46:31.589,50.05
2026-01-13 17:46:31.589,50.056
2026-01-13 17:46:31.604,50.059
2026-01-13 17:46:31.621,50.055
2026-01-13 17:46:31.622,50.046
2026-01-13 17:46:31.638,50.054
2026-01-13 17:46:31.654,50.05
2026-01-13 17:46:31.671,50.047
2026-01-13 17:46:31.672,50.037
2026-01-13 17:46:31.689,50.043
2026-01-13 17:46:31.704,50.047
2026-01-13 17:46:31.722,50.049
2026-01-13 17:46:31.722,50.051
2026-01-13 17:46:31.739,50.045
2026-01-13 17:46:31.754,50.049
2026-01-13 17:46:31.754,50.052
2026-01-13 17:46:31.771,50.053
2026-01-13 17:46:31.789,50.057
2026-01-13 17:46:31.789,50.059
2026-01-13 17:46:31.805,50.05
2026-01-13 17:46:31.819,50.053
2026-01-13 17:46:31.838,50.058
2026-01-13 17:46:31.838,50.066
2026-01-13 17:46:31.855,50.065
2026-01-13 17:46:31.872,50.068
2026-01-13 17:46:31.889,50.071
2026-01-13 17:46:31.889,50.074
2026-01-13 17:46:31.904,50.062
2026-01-13 17:46:31.921,50.065
2026-01-13 17:46:31.921,50.07
2026-01-13 17:46:31.969,50.074
2026-01-13 17:46:31.970,50.073
2026-01-13 17:46:31.970,50.076
2026-01-13 17:46:31.970,50.078
2026-01-13 17:46:31.988,50.075
2026-01-13 17:46:32.012,50.086
2026-01-13 17:46:32.012,50.087
2026-01-13 17:46:32.021,50.087
2026-01-13 17:46:32.038,50.081
2026-01-13 17:46:32.056,50.076
2026-01-13 17:46:32.056,50.078
2026-01-13 17:46:32.071,50.077
2026-01-13 17:46:32.088,50.085
2026-01-13 17:46:32.104,50.086
2026-01-13 17:46:32.104,50.08
2026-01-13 17:46:32.121,50.074
2026-01-13 17:46:32.139,50.07
2026-01-13 17:46:32.139,50.071
2026-01-13 17:46:32.154,50.069
2026-01-13 17:46:32.171,50.065
2026-01-13 17:46:32.189,50.071
2026-01-13 17:46:32.189,50.067
2026-01-13 17:46:32.205,50.064
2026-01-13 17:46:32.222,50.059
2026-01-13 17:46:32.222,50.059
2026-01-13 17:46:32.238,50.064
2026-01-13 17:46:32.255,50.062
2026-01-13 17:46:32.271,50.057
2026-01-13 17:46:32.272,50.055
2026-01-13 17:46:32.288,50.054
2026-01-13 17:46:32.304,50.052
2026-01-13 17:46:32.322,50.056
2026-01-13 17:46:32.322,50.052
2026-01-13 17:46:32.338,50.054
2026-01-13 17:46:32.355,50.055
2026-01-13 17:46:32.355,50.057
2026-01-13 17:46:32.372,50.055
2026-01-13 17:46:32.389,50.054
2026-01-13 17:46:32.389,50.049
2026-01-13 17:46:32.404,50.052
2026-01-13 17:46:32.420,50.05
2026-01-13 17:46:32.436,50.045
2026-01-13 17:46:32.438,50.037
2026-01-13 17:46:32.455,50.042
2026-01-13 17:46:32.471,50.047
2026-01-13 17:46:32.489,50.053
2026-01-13 17:46:32.489,50.05
2026-01-13 17:46:32.504,50.048
2026-01-13 17:46:32.521,50.046
2026-01-13 17:46:32.522,50.036
2026-01-13 17:46:32.539,50.035
2026-01-13 17:46:32.555,50.039
2026-01-13 17:46:32.571,50.042
2026-01-13 17:46:32.571,50.042
2026-01-13 17:46:32.588,50.046
2026-01-13 17:46:32.604,50.046
2026-01-13 17:46:32.621,50.044
2026-01-13 17:46:32.622,50.042
2026-01-13 17:46:32.638,50.042
2026-01-13 17:46:32.654,50.042
2026-01-13 17:46:32.656,50.037
2026-01-13 17:46:32.671,50.035
2026-01-13 17:46:32.689,50.033
2026-01-13 17:46:32.704,50.037
2026-01-13 17:46:32.704,50.043
2026-01-13 17:46:32.723,50.047
2026-01-13 17:46:32.739,50.045
2026-01-13 17:46:32.739,50.045
2026-01-13 17:46:32.755,50.039
2026-01-13 17:46:32.771,50.035
2026-01-13 17:46:32.789,50.035
2026-01-13 17:46:32.789,50.04
2026-01-13 17:46:32.804,50.042
2026-01-13 17:46:32.822,50.04
2026-01-13 17:46:32.823,50.039
2026-01-13 17:46:32.837,50.033
2026-01-13 17:46:32.855,50.028
2026-01-13 17:46:32.872,50.022
2026-01-13 17:46:32.873,50.024
2026-01-13 17:46:32.888,50.026
2026-01-13 17:46:32.904,50.023
2026-01-13 17:46:32.921,50.022
2026-01-13 17:46:32.921,50.017
2026-01-13 17:46:32.939,50.022
2026-01-13 17:46:32.954,50.023
2026-01-13 17:46:32.954,50.025
2026-01-13 17:46:32.971,50.023
2026-01-13 17:46:32.988,50.032
2026-01-13 17:46:33.004,50.039
2026-01-13 17:46:33.004,50.045
2026-01-13 17:46:33.029,50.05
2026-01-13 17:46:33.029,50.046
2026-01-13 17:46:33.038,50.044
2026-01-13 17:46:33.053,50.037
2026-01-13 17:46:33.071,50.033
2026-01-13 17:46:33.086,50.038
2026-01-13 17:46:33.087,50.033
2026-01-13 17:46:33.103,50.035
2026-01-13 17:46:33.120,50.031
2026-01-13 17:46:33.122,50.03
2026-01-13 17:46:33.138,50.029
2026-01-13 17:46:33.154,50.031
2026-01-13 17:46:33.171,50.029
2026-01-13 17:46:33.172,50.033
2026-01-13 17:46:33.205,50.037
2026-01-13 17:46:33.206,50.034
2026-01-13 17:46:33.222,50.037
2026-01-13 17:46:33.237,50.045
2026-01-13 17:46:33.255,50.051
2026-01-13 17:46:33.272,50.057
2026-01-13 17:46:33.312,50.057
2026-01-13 17:46:33.312,50.055
2026-01-13 17:46:33.312,50.053
2026-01-13 17:46:33.313,50.046
2026-01-13 17:46:33.336,50.043
2026-01-13 17:46:33.353,50.042
2026-01-13 17:46:33.353,50.041
2026-01-13 17:46:33.372,50.037
2026-01-13 17:46:33.386,50.033
2026-01-13 17:46:33.388,50.032
2026-01-13 17:46:33.404,50.025
2026-01-13 17:46:33.420,50.033
2026-01-13 17:46:33.437,50.031
2026-01-13 17:46:33.437,50.028
2026-01-13 17:46:33.454,50.024
2026-01-13 17:46:33.470,50.014
2026-01-13 17:46:33.470,50.018
2026-01-13 17:46:33.486,50.014
2026-01-13 17:46:33.502,50.017
2026-01-13 17:46:33.520,50.017
2026-01-13 17:46:33.521,50.013
2026-01-13 17:46:33.537,50.013
2026-01-13 17:46:33.554,50.022
2026-01-13 17:46:33.554,50.029
2026-01-13 17:46:33.570,50.037
2026-01-13 17:46:33.588,50.037
2026-01-13 17:46:33.604,50.046
2026-01-13 17:46:33.604,50.056
2026-01-13 17:46:33.622,50.049
2026-01-13 17:46:33.638,50.049
2026-01-13 17:46:33.638,50.049
2026-01-13 17:46:33.655,50.049
2026-01-13 17:46:33.673,50.049
2026-01-13 17:46:33.674,50.046
2026-01-13 17:46:33.688,50.048
2026-01-13 17:46:33.704,50.054
2026-01-13 17:46:33.722,50.045
2026-01-13 17:46:33.722,50.045
2026-01-13 17:46:33.738,50.05
2026-01-13 17:46:33.754,50.043
2026-01-13 17:46:33.772,50.039
2026-01-13 17:46:33.773,50.035
2026-01-13 17:46:33.788,50.037
2026-01-13 17:46:33.804,50.037
2026-01-13 17:46:33.822,50.036
2026-01-13 17:46:33.822,50.032
2026-01-13 17:46:33.838,50.036
2026-01-13 17:46:33.855,50.037
2026-01-13 17:46:33.855,50.036
2026-01-13 17:46:33.872,50.035
2026-01-13 17:46:33.888,50.034
2026-01-13 17:46:33.904,50.033
2026-01-13 17:46:33.905,50.037
2026-01-13 17:46:33.922,50.037
2026-01-13 17:46:33.939,50.041
2026-01-13 17:46:33.939,50.04
2026-01-13 17:46:33.953,50.039
2026-01-13 17:46:33.972,50.039
2026-01-13 17:46:33.988,50.045
2026-01-13 17:46:33.988,50.041
2026-01-13 17:46:34.004,50.041
2026-01-13 17:46:34.027,50.039
2026-01-13 17:46:34.027,50.043
2026-01-13 17:46:34.036,50.046
2026-01-13 17:46:34.055,50.041
2026-01-13 17:46:34.071,50.045
2026-01-13 17:46:34.071,50.038
2026-01-13 17:46:34.087,50.037
2026-01-13 17:46:34.106,50.047
2026-01-13 17:46:34.106,50.04
2026-01-13 17:46:34.121,50.043
2026-01-13 17:46:34.139,50.05
2026-01-13 17:46:34.154,50.054
2026-01-13 17:46:34.154,50.055
2026-01-13 17:46:34.171,50.054
2026-01-13 17:46:34.188,50.063
2026-01-13 17:46:34.204,50.057
2026-01-13 17:46:34.204,50.051
2026-01-13 17:46:34.223,50.047
2026-01-13 17:46:34.237,50.045
2026-01-13 17:46:34.238,50.048
2026-01-13 17:46:34.253,50.052
2026-01-13 17:46:34.272,50.05
2026-01-13 17:46:34.288,50.056
2026-01-13 17:46:34.288,50.059
2026-01-13 17:46:34.304,50.06
2026-01-13 17:46:34.321,50.06
2026-01-13 17:46:34.322,50.06
2026-01-13 17:46:34.339,50.051
2026-01-13 17:46:34.354,50.054
2026-01-13 17:46:34.372,50.054
2026-01-13 17:46:34.372,50.052
2026-01-13 17:46:34.388,50.043
2026-01-13 17:46:34.404,50.043
2026-01-13 17:46:34.421,50.047
2026-01-13 17:46:34.421,50.054
2026-01-13 17:46:34.437,50.054
2026-01-13 17:46:34.454,50.056
2026-01-13 17:46:34.473,50.063
2026-01-13 17:46:34.488,50.068
2026-01-13 17:46:34.504,50.067
2026-01-13 17:46:34.504,50.067
2026-01-13 17:46:34.524,50.068
2026-01-13 17:46:34.537,50.061
2026-01-13 17:46:34.538,50.06
2026-01-13 17:46:34.554,50.059
2026-01-13 17:46:34.571,50.059
2026-01-13 17:46:34.588,50.053
2026-01-13 17:46:34.588,50.056
2026-01-13 17:46:34.603,50.058
2026-01-13 17:46:34.621,50.055
2026-01-13 17:46:34.622,50.057
2026-01-13 17:46:34.638,50.053
2026-01-13 17:46:34.653,50.049
2026-01-13 17:46:34.681,50.049
2026-01-13 17:46:34.681,50.047
2026-01-13 17:46:34.682,50.055
2026-01-13 17:46:34.704,50.056
2026-01-13 17:46:34.721,50.056
2026-01-13 17:46:34.721,50.059
2026-01-13 17:46:34.737,50.049
2026-01-13 17:46:34.756,50.052
2026-01-13 17:46:34.770,50.045
2026-01-13 17:46:34.789,50.059
2026-01-13 17:46:34.789,50.061
2026-01-13 17:46:34.803,50.065
2026-01-13 17:46:34.819,50.067
2026-01-13 17:46:34.838,50.068
2026-01-13 17:46:34.838,50.066
2026-01-13 17:46:34.853,50.077
2026-01-13 17:46:34.871,50.081
2026-01-13 17:46:34.887,50.083
2026-01-13 17:46:34.887,50.084
2026-01-13 17:46:34.905,50.086
2026-01-13 17:46:34.921,50.08
2026-01-13 17:46:34.922,50.079
2026-01-13 17:46:34.938,50.079
2026-01-13 17:46:34.954,50.082
2026-01-13 17:46:34.972,50.077
2026-01-13 17:46:34.973,50.076
2026-01-13 17:46:34.988,50.074
2026-01-13 17:46:35.005,50.078
2026-01-13 17:46:35.026,50.078
2026-01-13 17:46:35.026,50.076
2026-01-13 17:46:35.037,50.072
2026-01-13 17:46:35.057,50.077
2026-01-13 17:46:35.057,50.076
2026-01-13 17:46:35.071,50.078
2026-01-13 17:46:35.088,50.08
2026-01-13 17:46:35.103,50.068
2026-01-13 17:46:35.103,50.064
2026-01-13 17:46:35.120,50.064
2026-01-13 17:46:35.136,50.057
2026-01-13 17:46:35.137,50.065
2026-01-13 17:46:35.155,50.06
2026-01-13 17:46:35.170,50.061
2026-01-13 17:46:35.186,50.065
2026-01-13 17:46:35.186,50.072
2026-01-13 17:46:35.204,50.073
2026-01-13 17:46:35.221,50.081
2026-01-13 17:46:35.221,50.082
2026-01-13 17:46:35.238,50.091
2026-01-13 17:46:35.254,50.092
2026-01-13 17:46:35.270,50.094
2026-01-13 17:46:35.270,50.085
2026-01-13 17:46:35.288,50.085
2026-01-13 17:46:35.304,50.093
2026-01-13 17:46:35.319,50.091
2026-01-13 17:46:35.337,50.086
2026-01-13 17:46:35.354,50.082
2026-01-13 17:46:35.354,50.082
2026-01-13 17:46:35.371,50.083
2026-01-13 17:46:35.388,50.083
2026-01-13 17:46:35.405,50.08
2026-01-13 17:46:35.405,50.086
2026-01-13 17:46:35.421,50.084
2026-01-13 17:46:35.438,50.084
2026-01-13 17:46:35.439,50.076
2026-01-13 17:46:35.454,50.08
2026-01-13 17:46:35.471,50.074
2026-01-13 17:46:35.488,50.071
2026-01-13 17:46:35.488,50.069
2026-01-13 17:46:35.503,50.071
2026-01-13 17:46:35.522,50.067
2026-01-13 17:46:35.522,50.077
2026-01-13 17:46:35.538,50.082
2026-01-13 17:46:35.554,50.081
2026-01-13 17:46:35.570,50.084
2026-01-13 17:46:35.570,50.079
2026-01-13 17:46:35.587,50.086
2026-01-13 17:46:35.603,50.091
2026-01-13 17:46:35.618,50.089
2026-01-13 17:46:35.620,50.082
2026-01-13 17:46:35.637,50.081
2026-01-13 17:46:35.654,50.083
2026-01-13 17:46:35.654,50.092
2026-01-13 17:46:35.670,50.092
2026-01-13 17:46:35.686,50.091
2026-01-13 17:46:35.703,50.086
2026-01-13 17:46:35.704,50.084
2026-01-13 17:46:35.720,50.078
2026-01-13 17:46:35.736,50.083
2026-01-13 17:46:35.737,50.079
2026-01-13 17:46:35.752,50.075
2026-01-13 17:46:35.771,50.067
2026-01-13 17:46:35.787,50.064
2026-01-13 17:46:35.787,50.071
2026-01-13 17:46:35.804,50.072
2026-01-13 17:46:35.820,50.066
2026-01-13 17:46:35.821,50.062
2026-01-13 17:46:35.838,50.071
2026-01-13 17:46:35.854,50.077
2026-01-13 17:46:35.870,50.081
2026-01-13 17:46:35.870,50.078
2026-01-13 17:46:35.886,50.082
2026-01-13 17:46:35.904,50.079
2026-01-13 17:46:35.905,50.077
2026-01-13 17:46:35.920,50.08
2026-01-13 17:46:35.939,50.085
2026-01-13 17:46:35.954,50.086
2026-01-13 17:46:35.954,50.09
2026-01-13 17:46:35.970,50.093
2026-01-13 17:46:35.987,50.094
2026-01-13 17:46:35.989,50.086
2026-01-13 17:46:36.002,50.077
2026-01-13 17:46:36.047,50.078
2026-01-13 17:46:36.047,50.079
2026-01-13 17:46:36.047,50.082
2026-01-13 17:46:36.055,50.075
2026-01-13 17:46:36.071,50.071
2026-01-13 17:46:36.088,50.08
2026-01-13 17:46:36.088,50.083
2026-01-13 17:46:36.102,50.076
2026-01-13 17:46:36.119,50.079
2026-01-13 17:46:36.137,50.079
2026-01-13 17:46:36.153,50.085
2026-01-13 17:46:36.171,50.088
2026-01-13 17:46:36.171,50.084
2026-01-13 17:46:36.188,50.082
2026-01-13 17:46:36.204,50.083
2026-01-13 17:46:36.220,50.078
2026-01-13 17:46:36.220,50.075
2026-01-13 17:46:36.238,50.075
2026-01-13 17:46:36.255,50.072
2026-01-13 17:46:36.255,50.068
2026-01-13 17:46:36.270,50.067
2026-01-13 17:46:36.287,50.066
2026-01-13 17:46:36.304,50.061
2026-01-13 17:46:36.305,50.066
2026-01-13 17:46:36.321,50.062
2026-01-13 17:46:36.336,50.07
2026-01-13 17:46:36.355,50.068
2026-01-13 17:46:36.355,50.068
2026-01-13 17:46:36.371,50.068
2026-01-13 17:46:36.387,50.069
2026-01-13 17:46:36.387,50.067
2026-01-13 17:46:36.405,50.074
2026-01-13 17:46:36.422,50.08
2026-01-13 17:46:36.422,50.078
2026-01-13 17:46:36.438,50.082
2026-01-13 17:46:36.453,50.083
2026-01-13 17:46:36.470,50.081
2026-01-13 17:46:36.470,50.077
2026-01-13 17:46:36.487,50.084
2026-01-13 17:46:36.501,50.078
2026-01-13 17:46:36.518,50.083
2026-01-13 17:46:36.519,50.085
2026-01-13 17:46:36.537,50.081
2026-01-13 17:46:36.553,50.081
2026-01-13 17:46:36.553,50.083
2026-01-13 17:46:36.569,50.087
2026-01-13 17:46:36.585,50.074
2026-01-13 17:46:36.603,50.076
2026-01-13 17:46:36.603,50.073
2026-01-13 17:46:36.620,50.073
2026-01-13 17:46:36.636,50.072
2026-01-13 17:46:36.654,50.069
2026-01-13 17:46:36.654,50.064
2026-01-13 17:46:36.669,50.058
2026-01-13 17:46:36.686,50.069
2026-01-13 17:46:36.687,50.07
2026-01-13 17:46:36.702,50.084
2026-01-13 17:46:36.719,50.08
2026-01-13 17:46:36.736,50.078
2026-01-13 17:46:36.736,50.084
2026-01-13 17:46:36.753,50.085
2026-01-13 17:46:36.770,50.08
2026-01-13 17:46:36.770,50.074
2026-01-13 17:46:36.786,50.08
2026-01-13 17:46:36.802,50.089
2026-01-13 17:46:36.819,50.076
2026-01-13 17:46:36.820,50.076
2026-01-13 17:46:36.838,50.072
2026-01-13 17:46:36.853,50.078
2026-01-13 17:46:36.853,50.076
2026-01-13 17:46:36.869,50.071
2026-01-13 17:46:36.887,50.065
2026-01-13 17:46:36.903,50.067
2026-01-13 17:46:36.903,50.053
2026-01-13 17:46:36.919,50.049
2026-01-13 17:46:36.936,50.047
2026-01-13 17:46:36.955,50.051
2026-01-13 17:46:36.955,50.053
2026-01-13 17:46:36.971,50.058
2026-01-13 17:46:36.986,50.069
2026-01-13 17:46:36.986,50.067
2026-01-13 17:46:37.004,50.07
2026-01-13 17:46:37.026,50.077
2026-01-13 17:46:37.027,50.083
2026-01-13 17:46:37.037,50.074
2026-01-13 17:46:37.053,50.067
2026-01-13 17:46:37.070,50.072
2026-01-13 17:46:37.071,50.078
2026-01-13 17:46:37.087,50.075
2026-01-13 17:46:37.103,50.075
2026-01-13 17:46:37.120,50.068
2026-01-13 17:46:37.121,50.073
2026-01-13 17:46:37.138,50.074
2026-01-13 17:46:37.152,50.08
2026-01-13 17:46:37.153,50.067
2026-01-13 17:46:37.170,50.065
2026-01-13 17:46:37.188,50.06
2026-01-13 17:46:37.203,50.06
2026-01-13 17:46:37.203,50.06
2026-01-13 17:46:37.221,50.063
2026-01-13 17:46:37.238,50.065
2026-01-13 17:46:37.238,50.062
2026-01-13 17:46:37.252,50.065
2026-01-13 17:46:37.270,50.064
2026-01-13 17:46:37.288,50.059
2026-01-13 17:46:37.288,50.06
2026-01-13 17:46:37.302,50.06
2026-01-13 17:46:37.320,50.063
2026-01-13 17:46:37.321,50.059
2026-01-13 17:46:37.338,50.054
2026-01-13 17:46:37.352,50.053
2026-01-13 17:46:37.371,50.053
2026-01-13 17:46:37.371,50.052
2026-01-13 17:46:37.389,50.053
2026-01-13 17:46:37.415,50.051
2026-01-13 17:46:37.415,50.044
2026-01-13 17:46:37.422,50.05
2026-01-13 17:46:37.439,50.051
2026-01-13 17:46:37.453,50.054
2026-01-13 17:46:37.454,50.045
2026-01-13 17:46:37.469,50.043
2026-01-13 17:46:37.486,50.047
2026-01-13 17:46:37.503,50.048
2026-01-13 17:46:37.503,50.039
2026-01-13 17:46:37.520,50.03
2026-01-13 17:46:37.536,50.027
2026-01-13 17:46:37.552,50.023
2026-01-13 17:46:37.552,50.018
2026-01-13 17:46:37.569,50.013
2026-01-13 17:46:37.588,50.003
2026-01-13 17:46:37.588,49.997
2026-01-13 17:46:37.603,50.0
2026-01-13 17:46:37.620,50.001
2026-01-13 17:46:37.640,49.999
2026-01-13 17:46:37.640,49.991
2026-01-13 17:46:37.652,49.986
2026-01-13 17:46:37.670,49.984
2026-01-13 17:46:37.670,49.978
2026-01-13 17:46:37.686,49.97
2026-01-13 17:46:37.702,49.963
2026-01-13 17:46:37.721,49.958
2026-01-13 17:46:37.722,49.96
2026-01-13 17:46:37.737,49.96
2026-01-13 17:46:37.753,49.963
2026-01-13 17:46:37.753,49.968
2026-01-13 17:46:37.771,49.971
2026-01-13 17:46:37.787,49.972
2026-01-13 17:46:37.802,49.979
2026-01-13 17:46:37.802,49.985
2026-01-13 17:46:37.819,49.992
2026-01-13 17:46:37.836,49.993
2026-01-13 17:46:37.853,50.0
2026-01-13 17:46:37.853,50.008
2026-01-13 17:46:37.870,50.01
2026-01-13 17:46:37.887,50.014
2026-01-13 17:46:37.887,50.014
2026-01-13 17:46:37.903,50.027
2026-01-13 17:46:37.920,50.03
2026-01-13 17:46:37.935,50.034
2026-01-13 17:46:37.935,50.032
2026-01-13 17:46:37.953,50.042
2026-01-13 17:46:37.970,50.042
2026-01-13 17:46:37.970,50.044
2026-01-13 17:46:37.986,50.044
2026-01-13 17:46:38.002,50.046
2026-01-13 17:46:38.023,50.044
2026-01-13 17:46:38.036,50.051
2026-01-13 17:46:38.054,50.044
2026-01-13 17:46:38.054,50.053
2026-01-13 17:46:38.070,50.056
2026-01-13 17:46:38.087,50.059
2026-01-13 17:46:38.102,50.055
2026-01-13 17:46:38.103,50.049
2026-01-13 17:46:38.118,50.05
2026-01-13 17:46:38.136,50.048
2026-01-13 17:46:38.153,50.051
2026-01-13 17:46:38.153,50.05
2026-01-13 17:46:38.170,50.048
2026-01-13 17:46:38.187,50.048
2026-01-13 17:46:38.188,50.045
2026-01-13 17:46:38.204,50.049
2026-01-13 17:46:38.222,50.055
2026-01-13 17:46:38.222,50.056
2026-01-13 17:46:38.237,50.061
2026-01-13 17:46:38.253,50.056
2026-01-13 17:46:38.272,50.049
2026-01-13 17:46:38.272,50.049
2026-01-13 17:46:38.305,50.05
2026-01-13 17:46:38.305,50.047
2026-01-13 17:46:38.321,50.041
2026-01-13 17:46:38.336,50.044
2026-01-13 17:46:38.352,50.046
2026-01-13 17:46:38.370,50.043
2026-01-13 17:46:38.370,50.039
2026-01-13 17:46:38.388,50.033
2026-01-13 17:46:38.403,50.032
2026-01-13 17:46:38.403,50.023
2026-01-13 17:46:38.421,50.019
2026-01-13 17:46:38.437,50.019
2026-01-13 17:46:38.454,50.021
2026-01-13 17:46:38.470,50.013
2026-01-13 17:46:38.487,50.013
2026-01-13 17:46:38.487,50.012
2026-01-13 17:46:38.503,50.005
2026-01-13 17:46:38.520,50.003
2026-01-13 17:46:38.538,49.993
2026-01-13 17:46:38.538,49.996
2026-01-13 17:46:38.552,49.991
2026-01-13 17:46:38.571,49.989
2026-01-13 17:46:38.571,49.987
2026-01-13 17:46:38.588,49.98
2026-01-13 17:46:38.603,49.972
2026-01-13 17:46:38.621,49.971
2026-01-13 17:46:38.621,49.975
2026-01-13 17:46:38.637,49.975
2026-01-13 17:46:38.653,49.978
2026-01-13 17:46:38.671,49.976
2026-01-13 17:46:38.688,49.972
2026-01-13 17:46:38.704,49.966
2026-01-13 17:46:38.704,49.964
2026-01-13 17:46:38.720,49.961
2026-01-13 17:46:38.737,49.96
2026-01-13 17:46:38.738,49.961
2026-01-13 17:46:38.786,49.962
2026-01-13 17:46:38.787,49.964
2026-01-13 17:46:38.788,49.959
2026-01-13 17:46:38.788,49.959
2026-01-13 17:46:38.803,49.958
2026-01-13 17:46:38.822,49.96
2026-01-13 17:46:38.822,49.962
2026-01-13 17:46:38.839,49.963
2026-01-13 17:46:38.853,49.965
2026-01-13 17:46:38.871,49.962
2026-01-13 17:46:38.871,49.973
2026-01-13 17:46:38.887,49.965
2026-01-13 17:46:38.903,49.965
2026-01-13 17:46:38.921,49.956
2026-01-13 17:46:38.921,49.959
2026-01-13 17:46:38.937,49.959
2026-01-13 17:46:38.953,49.962
2026-01-13 17:46:38.953,49.958
2026-01-13 17:46:38.970,49.953
2026-01-13 17:46:38.988,49.961
2026-01-13 17:46:38.989,49.956
2026-01-13 17:46:39.003,49.956
2026-01-13 17:46:39.025,49.96
2026-01-13 17:46:39.026,49.962
2026-01-13 17:46:39.038,49.966
2026-01-13 17:46:39.054,49.963
2026-01-13 17:46:39.071,49.962
2026-01-13 17:46:39.089,49.959
2026-01-13 17:46:39.089,49.96
2026-01-13 17:46:39.103,49.964
2026-01-13 17:46:39.119,49.968
2026-01-13 17:46:39.137,49.969
2026-01-13 17:46:39.137,49.97
2026-01-13 17:46:39.153,49.967
2026-01-13 17:46:39.168,49.971
2026-01-13 17:46:39.185,49.967
2026-01-13 17:46:39.185,49.967
2026-01-13 17:46:39.204,49.963
2026-01-13 17:46:39.220,49.967
2026-01-13 17:46:39.221,49.967
2026-01-13 17:46:39.236,49.963
2026-01-13 17:46:39.253,49.967
2026-01-13 17:46:39.253,49.969
2026-01-13 17:46:39.270,49.969
2026-01-13 17:46:39.287,49.966
2026-01-13 17:46:39.303,49.97
2026-01-13 17:46:39.304,49.971
2026-01-13 17:46:39.321,49.969
2026-01-13 17:46:39.337,49.966
2026-01-13 17:46:39.338,49.971
2026-01-13 17:46:39.352,49.977
2026-01-13 17:46:39.388,49.975
2026-01-13 17:46:39.388,49.977
2026-01-13 17:46:39.403,49.979
2026-01-13 17:46:39.421,49.976
2026-01-13 17:46:39.422,49.976
2026-01-13 17:46:39.437,49.977
2026-01-13 17:46:39.453,49.98
2026-01-13 17:46:39.469,49.978
2026-01-13 17:46:39.470,49.98
2026-01-13 17:46:39.487,49.979
2026-01-13 17:46:39.503,49.981
2026-01-13 17:46:39.520,49.981
2026-01-13 17:46:39.520,49.986
2026-01-13 17:46:39.537,49.984
2026-01-13 17:46:39.553,49.992
2026-01-13 17:46:39.554,49.989
2026-01-13 17:46:39.569,49.992
2026-01-13 17:46:39.588,49.989
2026-01-13 17:46:39.603,49.995
2026-01-13 17:46:39.603,50.0
2026-01-13 17:46:39.620,50.002
2026-01-13 17:46:39.637,49.997
2026-01-13 17:46:39.638,50.0
2026-01-13 17:46:39.654,50.006
2026-01-13 17:46:39.670,50.003
2026-01-13 17:46:39.686,50.008
2026-01-13 17:46:39.686,50.001
2026-01-13 17:46:39.703,50.0
2026-01-13 17:46:39.720,49.999
2026-01-13 17:46:39.737,49.999
2026-01-13 17:46:39.737,49.997
2026-01-13 17:46:39.753,49.999
2026-01-13 17:46:39.770,50.002
2026-01-13 17:46:39.770,50.004
2026-01-13 17:46:39.786,50.01
2026-01-13 17:46:39.803,50.019
2026-01-13 17:46:39.820,50.019
2026-01-13 17:46:39.820,50.01
2026-01-13 17:46:39.836,50.019
2026-01-13 17:46:39.852,50.018
2026-01-13 17:46:39.853,50.02
2026-01-13 17:46:39.871,50.016
2026-01-13 17:46:39.888,50.019
2026-01-13 17:46:39.903,50.014
2026-01-13 17:46:39.904,50.015
2026-01-13 17:46:39.920,50.017
2026-01-13 17:46:39.937,50.013
2026-01-13 17:46:39.938,50.016
2026-01-13 17:46:39.953,50.011
2026-01-13 17:46:39.970,50.009
2026-01-13 17:46:39.987,50.012
2026-01-13 17:46:39.987,50.013
2026-01-13 17:46:40.002,50.014
2026-01-13 17:46:40.028,50.019
2026-01-13 17:46:40.028,50.022
2026-01-13 17:46:40.035,50.01
2026-01-13 17:46:40.052,50.003
2026-01-13 17:46:40.070,50.006
2026-01-13 17:46:40.071,50.001
2026-01-13 17:46:40.086,50.007
2026-01-13 17:46:40.103,49.999
2026-01-13 17:46:40.120,49.991
2026-01-13 17:46:40.120,49.989
2026-01-13 17:46:40.159,49.989
2026-01-13 17:46:40.160,49.983
2026-01-13 17:46:40.160,49.985
2026-01-13 17:46:40.169,49.982
2026-01-13 17:46:40.185,49.985
2026-01-13 17:46:40.202,49.987
2026-01-13 17:46:40.203,49.987
2026-01-13 17:46:40.220,49.989
2026-01-13 17:46:40.235,49.987
2026-01-13 17:46:40.253,49.993
2026-01-13 17:46:40.253,49.992
2026-01-13 17:46:40.269,49.991
2026-01-13 17:46:40.286,49.992
2026-01-13 17:46:40.286,49.989
2026-01-13 17:46:40.302,49.991
2026-01-13 17:46:40.319,49.993
2026-01-13 17:46:40.336,49.985
2026-01-13 17:46:40.336,49.986
2026-01-13 17:46:40.352,49.984
2026-01-13 17:46:40.370,49.984
2026-01-13 17:46:40.370,49.982
2026-01-13 17:46:40.385,49.981
2026-01-13 17:46:40.401,49.984
2026-01-13 17:46:40.418,49.99
2026-01-13 17:46:40.419,49.996
2026-01-13 17:46:40.435,49.992
2026-01-13 17:46:40.453,49.999
2026-01-13 17:46:40.453,50.004
2026-01-13 17:46:40.469,50.006
2026-01-13 17:46:40.485,50.005
2026-01-13 17:46:40.505,50.008
2026-01-13 17:46:40.505,50.012
2026-01-13 17:46:40.521,50.016
2026-01-13 17:46:40.536,50.011
2026-01-13 17:46:40.553,50.017
2026-01-13 17:46:40.570,50.011
2026-01-13 17:46:40.584,50.009
2026-01-13 17:46:40.585,50.008
2026-01-13 17:46:40.603,50.017
2026-01-13 17:46:40.621,50.019
2026-01-13 17:46:40.621,50.022
2026-01-13 17:46:40.636,50.017
2026-01-13 17:46:40.654,50.011
2026-01-13 17:46:40.671,50.011
2026-01-13 17:46:40.671,50.019
2026-01-13 17:46:40.685,50.018
2026-01-13 17:46:40.704,50.02
2026-01-13 17:46:40.705,50.018
2026-01-13 17:46:40.720,50.017
2026-01-13 17:46:40.737,50.014
2026-01-13 17:46:40.755,50.015
2026-01-13 17:46:40.770,50.019
2026-01-13 17:46:40.787,50.024
2026-01-13 17:46:40.802,50.016
2026-01-13 17:46:40.803,50.023
2026-01-13 17:46:40.821,50.022
2026-01-13 17:46:40.837,50.027
2026-01-13 17:46:40.838,50.028
2026-01-13 17:46:40.853,50.024
2026-01-13 17:46:40.870,50.03
2026-01-13 17:46:40.887,50.034
2026-01-13 17:46:40.887,50.029
2026-01-13 17:46:40.902,50.034
2026-01-13 17:46:40.921,50.032
2026-01-13 17:46:40.921,50.035
2026-01-13 17:46:40.936,50.034
2026-01-13 17:46:40.953,50.04
2026-01-13 17:46:40.970,50.039
2026-01-13 17:46:40.987,50.045
2026-01-13 17:46:41.002,50.038
2026-01-13 17:46:41.026,50.035
2026-01-13 17:46:41.026,50.041
2026-01-13 17:46:41.037,50.044
2026-01-13 17:46:41.053,50.037
2026-01-13 17:46:41.053,50.044
2026-01-13 17:46:41.070,50.042
2026-01-13 17:46:41.088,50.046
2026-01-13 17:46:41.102,50.041
2026-01-13 17:46:41.102,50.048
2026-01-13 17:46:41.119,50.056
2026-01-13 17:46:41.136,50.059
2026-01-13 17:46:41.138,50.04
2026-01-13 17:46:41.151,50.046
2026-01-13 17:46:41.168,50.043
2026-01-13 17:46:41.184,50.048
2026-01-13 17:46:41.184,50.055
2026-01-13 17:46:41.204,50.053
2026-01-13 17:46:41.219,50.058
2026-01-13 17:46:41.238,50.058
2026-01-13 17:46:41.238,50.056
2026-01-13 17:46:41.253,50.059
2026-01-13 17:46:41.270,50.068
2026-01-13 17:46:41.270,50.061
2026-01-13 17:46:41.287,50.06
2026-01-13 17:46:41.303,50.051
2026-01-13 17:46:41.319,50.054
2026-01-13 17:46:41.320,50.052
2026-01-13 17:46:41.337,50.066
2026-01-13 17:46:41.353,50.066
2026-01-13 17:46:41.353,50.063
2026-01-13 17:46:41.369,50.057
2026-01-13 17:46:41.385,50.056
2026-01-13 17:46:41.403,50.062
2026-01-13 17:46:41.403,50.076
2026-01-13 17:46:41.419,50.083
2026-01-13 17:46:41.436,50.088
2026-01-13 17:46:41.454,50.085
2026-01-13 17:46:41.455,50.079
2026-01-13 17:46:41.470,50.076
2026-01-13 17:46:41.487,50.079
2026-01-13 17:46:41.503,50.09
2026-01-13 17:46:41.530,50.085
2026-01-13 17:46:41.531,50.088
2026-01-13 17:46:41.540,50.092
2026-01-13 17:46:41.570,50.087
2026-01-13 17:46:41.570,50.09
2026-01-13 17:46:41.587,50.083
2026-01-13 17:46:41.602,50.084
2026-01-13 17:46:41.619,50.087
2026-01-13 17:46:41.620,50.075
2026-01-13 17:46:41.636,50.073
2026-01-13 17:46:41.653,50.076
2026-01-13 17:46:41.653,50.067
2026-01-13 17:46:41.670,50.069
2026-01-13 17:46:41.687,50.073
2026-01-13 17:46:41.703,50.069
2026-01-13 17:46:41.719,50.067
2026-01-13 17:46:41.737,50.068
2026-01-13 17:46:41.738,50.059
2026-01-13 17:46:41.753,50.055
2026-01-13 17:46:41.769,50.061
2026-01-13 17:46:41.787,50.055
2026-01-13 17:46:41.787,50.058
2026-01-13 17:46:41.802,50.071
2026-01-13 17:46:41.819,50.07
2026-01-13 17:46:41.836,50.071
2026-01-13 17:46:41.837,50.073
2026-01-13 17:46:41.853,50.067
2026-01-13 17:46:41.869,50.068
2026-01-13 17:46:41.870,50.058
2026-01-13 17:46:41.887,50.051
2026-01-13 17:46:41.903,50.06
2026-01-13 17:46:41.920,50.06
2026-01-13 17:46:41.920,50.057
2026-01-13 17:46:41.936,50.061
2026-01-13 17:46:41.953,50.054
2026-01-13 17:46:41.953,50.051
2026-01-13 17:46:41.970,50.055
2026-01-13 17:46:41.987,50.059
2026-01-13 17:46:42.002,50.053
2026-01-13 17:46:42.003,50.063
2026-01-13 17:46:42.026,50.076
2026-01-13 17:46:42.027,50.072
2026-01-13 17:46:42.037,50.066
2026-01-13 17:46:42.053,50.065
2026-01-13 17:46:42.070,50.068
2026-01-13 17:46:42.090,50.068
2026-01-13 17:46:42.090,50.068
2026-01-13 17:46:42.101,50.066
2026-01-13 17:46:42.119,50.063
2026-01-13 17:46:42.136,50.062
2026-01-13 17:46:42.136,50.068
2026-01-13 17:46:42.152,50.06
2026-01-13 17:46:42.171,50.065
2026-01-13 17:46:42.171,50.07
2026-01-13 17:46:42.186,50.064
2026-01-13 17:46:42.201,50.063
2026-01-13 17:46:42.220,50.06
2026-01-13 17:46:42.220,50.052
2026-01-13 17:46:42.237,50.052
2026-01-13 17:46:42.252,50.049
2026-01-13 17:46:42.269,50.056
2026-01-13 17:46:42.270,50.057
2026-01-13 17:46:42.288,50.058
2026-01-13 17:46:42.302,50.048
2026-01-13 17:46:42.302,50.044
2026-01-13 17:46:42.319,50.049
2026-01-13 17:46:42.336,50.049
2026-01-13 17:46:42.353,50.049
2026-01-13 17:46:42.356,50.057
2026-01-13 17:46:42.370,50.05
2026-01-13 17:46:42.384,50.045
2026-01-13 17:46:42.385,50.042
2026-01-13 17:46:42.401,50.039
2026-01-13 17:46:42.418,50.032
2026-01-13 17:46:42.435,50.036
2026-01-13 17:46:42.435,50.038
2026-01-13 17:46:42.451,50.034
2026-01-13 17:46:42.468,50.044
2026-01-13 17:46:42.485,50.044
2026-01-13 17:46:42.485,50.042
2026-01-13 17:46:42.502,50.041
2026-01-13 17:46:42.519,50.046
2026-01-13 17:46:42.519,50.049
2026-01-13 17:46:42.535,50.047
2026-01-13 17:46:42.552,50.049
2026-01-13 17:46:42.568,50.056
2026-01-13 17:46:42.585,50.058
2026-01-13 17:46:42.602,50.064
2026-01-13 17:46:42.603,50.058
2026-01-13 17:46:42.619,50.055
2026-01-13 17:46:42.635,50.057
2026-01-13 17:46:42.651,50.048
2026-01-13 17:46:42.652,50.041
2026-01-13 17:46:42.669,50.038
2026-01-13 17:46:42.686,50.039
2026-01-13 17:46:42.686,50.041
2026-01-13 17:46:42.700,50.044
2026-01-13 17:46:42.718,50.039
2026-01-13 17:46:42.734,50.038
2026-01-13 17:46:42.734,50.044
2026-01-13 17:46:42.752,50.041
2026-01-13 17:46:42.769,50.04
2026-01-13 17:46:42.769,50.04
2026-01-13 17:46:42.786,50.039
2026-01-13 17:46:42.801,50.046
2026-01-13 17:46:42.818,50.044
2026-01-13 17:46:42.819,50.048
2026-01-13 17:46:42.835,50.05
2026-01-13 17:46:42.853,50.05
2026-01-13 17:46:42.853,50.05
2026-01-13 17:46:42.895,50.05
2026-01-13 17:46:42.896,50.043
2026-01-13 17:46:42.896,50.036
2026-01-13 17:46:42.902,50.036
2026-01-13 17:46:42.919,50.04
2026-01-13 17:46:42.935,50.046
2026-01-13 17:46:42.952,50.039
2026-01-13 17:46:42.952,50.043
2026-01-13 17:46:42.969,50.049
2026-01-13 17:46:42.986,50.05
2026-01-13 17:46:42.987,50.053
2026-01-13 17:46:43.002,50.052
2026-01-13 17:46:43.027,50.06
2026-01-13 17:46:43.028,50.063
2026-01-13 17:46:43.036,50.058
2026-01-13 17:46:43.051,50.061
2026-01-13 17:46:43.068,50.06
2026-01-13 17:46:43.069,50.056
2026-01-13 17:46:43.085,50.055
2026-01-13 17:46:43.103,50.059
2026-01-13 17:46:43.119,50.058
2026-01-13 17:46:43.119,50.057
2026-01-13 17:46:43.137,50.055
2026-01-13 17:46:43.152,50.054
2026-01-13 17:46:43.169,50.058
2026-01-13 17:46:43.169,50.062
2026-01-13 17:46:43.187,50.061
2026-01-13 17:46:43.203,50.064
2026-01-13 17:46:43.203,50.069
2026-01-13 17:46:43.218,50.063
2026-01-13 17:46:43.237,50.061
2026-01-13 17:46:43.237,50.061
2026-01-13 17:46:43.252,50.059
2026-01-13 17:46:43.269,50.063
2026-01-13 17:46:43.286,50.065
2026-01-13 17:46:43.286,50.064
2026-01-13 17:46:43.302,50.067
2026-01-13 17:46:43.319,50.072
2026-01-13 17:46:43.337,50.076
2026-01-13 17:46:43.339,50.069
2026-01-13 17:46:43.354,50.076
2026-01-13 17:46:43.369,50.08
2026-01-13 17:46:43.369,50.078
2026-01-13 17:46:43.385,50.078
2026-01-13 17:46:43.402,50.074
2026-01-13 17:46:43.419,50.073
2026-01-13 17:46:43.420,50.068
2026-01-13 17:46:43.437,50.066
2026-01-13 17:46:43.451,50.06
2026-01-13 17:46:43.469,50.059
2026-01-13 17:46:43.469,50.057
2026-01-13 17:46:43.485,50.055
2026-01-13 17:46:43.501,50.053
2026-01-13 17:46:43.502,50.051
2026-01-13 17:46:43.520,50.053
2026-01-13 17:46:43.537,50.051
2026-01-13 17:46:43.537,50.053
2026-01-13 17:46:43.552,50.048
2026-01-13 17:46:43.569,50.049
2026-01-13 17:46:43.586,50.042
2026-01-13 17:46:43.586,50.038
2026-01-13 17:46:43.603,50.029
2026-01-13 17:46:43.620,50.026
2026-01-13 17:46:43.636,50.028
2026-01-13 17:46:43.637,50.031
2026-01-13 17:46:43.652,50.03
2026-01-13 17:46:43.670,50.027
2026-01-13 17:46:43.670,50.026
2026-01-13 17:46:43.686,50.029
2026-01-13 17:46:43.702,50.033
2026-01-13 17:46:43.719,50.035
2026-01-13 17:46:43.720,50.034
2026-01-13 17:46:43.737,50.036
2026-01-13 17:46:43.752,50.033
2026-01-13 17:46:43.769,50.032
2026-01-13 17:46:43.769,50.028
2026-01-13 17:46:43.787,50.03
2026-01-13 17:46:43.803,50.02
2026-01-13 17:46:43.803,50.019
2026-01-13 17:46:43.820,50.017
2026-01-13 17:46:43.837,50.009
2026-01-13 17:46:43.852,50.009
2026-01-13 17:46:43.852,50.008
2026-01-13 17:46:43.871,50.011
2026-01-13 17:46:43.887,50.0
2026-01-13 17:46:43.887,49.992
2026-01-13 17:46:43.902,49.991
2026-01-13 17:46:43.920,49.991
2026-01-13 17:46:43.936,49.99
2026-01-13 17:46:43.936,49.986
2026-01-13 17:46:43.953,49.987
2026-01-13 17:46:43.970,49.987
2026-01-13 17:46:43.971,49.997
2026-01-13 17:46:43.986,49.99
2026-01-13 17:46:44.003,49.992
2026-01-13 17:46:44.025,49.987
2026-01-13 17:46:44.026,49.989
2026-01-13 17:46:44.037,49.986
2026-01-13 17:46:44.052,49.983
2026-01-13 17:46:44.069,49.981
2026-01-13 17:46:44.069,49.976
2026-01-13 17:46:44.086,49.986
2026-01-13 17:46:44.104,49.984
2026-01-13 17:46:44.104,49.984
2026-01-13 17:46:44.119,49.984
2026-01-13 17:46:44.136,49.98
2026-01-13 17:46:44.151,49.983
2026-01-13 17:46:44.152,49.979
2026-01-13 17:46:44.169,49.98
2026-01-13 17:46:44.186,49.979
2026-01-13 17:46:44.186,49.982
2026-01-13 17:46:44.202,49.985
2026-01-13 17:46:44.219,49.986
2026-01-13 17:46:44.247,49.986
2026-01-13 17:46:44.247,49.989
2026-01-13 17:46:44.247,49.99
2026-01-13 17:46:44.270,49.989
2026-01-13 17:46:44.285,49.99
2026-01-13 17:46:44.303,49.992
2026-01-13 17:46:44.319,49.99
2026-01-13 17:46:44.320,49.996
2026-01-13 17:46:44.335,49.993
2026-01-13 17:46:44.353,49.991
2026-01-13 17:46:44.353,49.991
2026-01-13 17:46:44.370,49.987
2026-01-13 17:46:44.386,49.995
2026-01-13 17:46:44.403,49.991
2026-01-13 17:46:44.403,49.993
2026-01-13 17:46:44.419,49.992
2026-01-13 17:46:44.436,49.993
2026-01-13 17:46:44.452,49.987
2026-01-13 17:46:44.452,49.991
2026-01-13 17:46:44.468,49.996
2026-01-13 17:46:44.486,49.997
2026-01-13 17:46:44.487,49.993
2026-01-13 17:46:44.502,49.995
2026-01-13 17:46:44.520,49.994
2026-01-13 17:46:44.536,49.993
2026-01-13 17:46:44.536,49.991
2026-01-13 17:46:44.552,49.994
2026-01-13 17:46:44.568,49.993
2026-01-13 17:46:44.585,49.993
2026-01-13 17:46:44.585,49.995
2026-01-13 17:46:44.603,50.0
2026-01-13 17:46:44.618,49.996
2026-01-13 17:46:44.618,50.004
2026-01-13 17:46:44.635,49.997
2026-01-13 17:46:44.651,49.997
2026-01-13 17:46:44.668,49.998
2026-01-13 17:46:44.668,50.002
2026-01-13 17:46:44.684,49.994
2026-01-13 17:46:44.702,50.003
2026-01-13 17:46:44.702,50.003
2026-01-13 17:46:44.718,50.001
2026-01-13 17:46:44.750,50.003
2026-01-13 17:46:44.750,50.001
2026-01-13 17:46:44.768,49.999
2026-01-13 17:46:44.786,49.993
2026-01-13 17:46:44.802,50.0
2026-01-13 17:46:44.820,50.002
2026-01-13 17:46:44.836,50.01
2026-01-13 17:46:44.836,50.005
2026-01-13 17:46:44.851,50.009
2026-01-13 17:46:44.870,50.012
2026-01-13 17:46:44.870,50.02
2026-01-13 17:46:44.886,50.019
2026-01-13 17:46:44.901,50.018
2026-01-13 17:46:44.920,50.01
2026-01-13 17:46:44.920,50.017
2026-01-13 17:46:44.935,50.017
2026-01-13 17:46:44.953,50.024
2026-01-13 17:46:44.953,50.027
2026-01-13 17:46:44.970,50.028
2026-01-13 17:46:44.985,50.031
2026-01-13 17:46:45.003,50.032
2026-01-13 17:46:45.003,50.033
2026-01-13 17:46:45.026,50.037
2026-01-13 17:46:45.026,50.029
2026-01-13 17:46:45.054,50.027
2026-01-13 17:46:45.054,50.025
2026-01-13 17:46:45.070,50.029
2026-01-13 17:46:45.085,50.025
2026-01-13 17:46:45.086,50.023
2026-01-13 17:46:45.118,50.026
2026-01-13 17:46:45.136,50.027
2026-01-13 17:46:45.136,50.025
2026-01-13 17:46:45.170,50.018
2026-01-13 17:46:45.170,50.02
2026-01-13 17:46:45.186,50.021
2026-01-13 17:46:45.201,50.025
2026-01-13 17:46:45.219,50.016
2026-01-13 17:46:45.219,50.018
2026-01-13 17:46:45.238,50.015
2026-01-13 17:46:45.251,50.017
2026-01-13 17:46:45.269,50.019
2026-01-13 17:46:45.269,50.019
2026-01-13 17:46:45.286,50.026
2026-01-13 17:46:45.301,50.034
2026-01-13 17:46:45.301,50.027
2026-01-13 17:46:45.320,50.028
2026-01-13 17:46:45.336,50.024
2026-01-13 17:46:45.352,50.029
2026-01-13 17:46:45.352,50.035
2026-01-13 17:46:45.370,50.04
2026-01-13 17:46:45.386,50.04
2026-01-13 17:46:45.402,50.042
2026-01-13 17:46:45.420,50.045
2026-01-13 17:46:45.436,50.047
2026-01-13 17:46:45.436,50.047
2026-01-13 17:46:45.452,50.046
2026-01-13 17:46:45.470,50.059
2026-01-13 17:46:45.470,50.06
2026-01-13 17:46:45.486,50.067
2026-01-13 17:46:45.502,50.059
2026-01-13 17:46:45.519,50.055
2026-01-13 17:46:45.520,50.053
2026-01-13 17:46:45.536,50.057
2026-01-13 17:46:45.551,50.057
2026-01-13 17:46:45.570,50.059
2026-01-13 17:46:45.631,50.054
2026-01-13 17:46:45.632,50.064
2026-01-13 17:46:45.632,50.064
2026-01-13 17:46:45.632,50.058
2026-01-13 17:46:45.638,50.061
2026-01-13 17:46:45.652,50.055
2026-01-13 17:46:45.669,50.059
2026-01-13 17:46:45.686,50.063
2026-01-13 17:46:45.686,50.063
2026-01-13 17:46:45.702,50.06
2026-01-13 17:46:45.720,50.063
2026-01-13 17:46:45.721,50.06
2026-01-13 17:46:45.736,50.063
2026-01-13 17:46:45.753,50.058
2026-01-13 17:46:45.769,50.061
2026-01-13 17:46:45.769,50.052
2026-01-13 17:46:45.785,50.049
2026-01-13 17:46:45.803,50.045
2026-01-13 17:46:45.820,50.04
2026-01-13 17:46:45.820,50.046
2026-01-13 17:46:45.836,50.044
2026-01-13 17:46:45.852,50.047
2026-01-13 17:46:45.853,50.04
2026-01-13 17:46:45.868,50.043
2026-01-13 17:46:45.886,50.041
2026-01-13 17:46:45.903,50.042
2026-01-13 17:46:45.903,50.046
2026-01-13 17:46:45.920,50.058
2026-01-13 17:46:45.936,50.057
2026-01-13 17:46:45.953,50.052
2026-01-13 17:46:45.954,50.051
2026-01-13 17:46:45.969,50.045
2026-01-13 17:46:45.986,50.054
2026-01-13 17:46:45.986,50.061
2026-01-13 17:46:46.001,50.068
2026-01-13 17:46:46.025,50.07
2026-01-13 17:46:46.025,50.071
2026-01-13 17:46:46.034,50.059
2026-01-13 17:46:46.053,50.06
2026-01-13 17:46:46.074,50.059
2026-01-13 17:46:46.074,50.064
2026-01-13 17:46:46.085,50.067
2026-01-13 17:46:46.102,50.052
2026-01-13 17:46:46.119,50.057
2026-01-13 17:46:46.119,50.045
2026-01-13 17:46:46.136,50.04
2026-01-13 17:46:46.151,50.04
2026-01-13 17:46:46.170,50.032
2026-01-13 17:46:46.171,50.029
2026-01-13 17:46:46.184,50.026
2026-01-13 17:46:46.202,50.017
2026-01-13 17:46:46.203,50.017
2026-01-13 17:46:46.220,50.019
2026-01-13 17:46:46.235,50.02
2026-01-13 17:46:46.252,50.014
2026-01-13 17:46:46.267,50.019
2026-01-13 17:46:46.286,50.016
2026-01-13 17:46:46.301,50.005
2026-01-13 17:46:46.319,50.002
2026-01-13 17:46:46.336,50.006
2026-01-13 17:46:46.336,49.999
2026-01-13 17:46:46.352,50.002
2026-01-13 17:46:46.370,49.998
2026-01-13 17:46:46.370,50.004
2026-01-13 17:46:46.386,50.001
2026-01-13 17:46:46.402,50.002
2026-01-13 17:46:46.418,50.011
2026-01-13 17:46:46.418,50.019
2026-01-13 17:46:46.435,50.02
2026-01-13 17:46:46.454,50.021
2026-01-13 17:46:46.468,50.021
2026-01-13 17:46:46.486,50.014
2026-01-13 17:46:46.501,50.023
2026-01-13 17:46:46.501,50.027
2026-01-13 17:46:46.518,50.026
2026-01-13 17:46:46.534,50.017
2026-01-13 17:46:46.553,50.008
2026-01-13 17:46:46.553,50.012
2026-01-13 17:46:46.570,50.006
2026-01-13 17:46:46.586,50.006
2026-01-13 17:46:46.586,50.008
2026-01-13 17:46:46.602,50.013
2026-01-13 17:46:46.618,50.021
2026-01-13 17:46:46.636,50.02
2026-01-13 17:46:46.637,50.023
2026-01-13 17:46:46.652,50.019
2026-01-13 17:46:46.669,50.024
2026-01-13 17:46:46.669,50.022
2026-01-13 17:46:46.686,50.025
2026-01-13 17:46:46.701,50.026
2026-01-13 17:46:46.718,50.022
2026-01-13 17:46:46.718,50.025
2026-01-13 17:46:46.735,50.018
2026-01-13 17:46:46.752,50.017
2026-01-13 17:46:46.768,50.016
2026-01-13 17:46:46.768,50.01
2026-01-13 17:46:46.785,50.008
2026-01-13 17:46:46.802,50.005
2026-01-13 17:46:46.802,50.0
2026-01-13 17:46:46.820,49.999
2026-01-13 17:46:46.851,49.998
2026-01-13 17:46:46.851,49.995
2026-01-13 17:46:46.868,49.998
2026-01-13 17:46:46.884,50.001
2026-01-13 17:46:46.884,50.009
2026-01-13 17:46:46.901,50.01
2026-01-13 17:46:46.917,50.019
2026-01-13 17:46:46.935,50.018
2026-01-13 17:46:46.935,50.019
2026-01-13 17:46:46.950,50.017
2026-01-13 17:46:46.977,50.015
2026-01-13 17:46:46.993,50.01
2026-01-13 17:46:46.994,50.002
2026-01-13 17:46:46.994,49.999
2026-01-13 17:46:47.023,49.999
2026-01-13 17:46:47.023,49.999
2026-01-13 17:46:47.034,50.001
2026-01-13 17:46:47.053,50.002
2026-01-13 17:46:47.053,50.0
2026-01-13 17:46:47.069,50.004
2026-01-13 17:46:47.087,49.992
2026-01-13 17:46:47.101,49.991
2026-01-13 17:46:47.101,49.99
2026-01-13 17:46:47.118,49.99
2026-01-13 17:46:47.135,49.994
2026-01-13 17:46:47.151,50.0
2026-01-13 17:46:47.151,50.01
2026-01-13 17:46:47.169,50.012
2026-01-13 17:46:47.183,50.007
2026-01-13 17:46:47.201,50.004
2026-01-13 17:46:47.201,49.996
2026-01-13 17:46:47.218,50.0
2026-01-13 17:46:47.234,49.99
2026-01-13 17:46:47.235,49.988
2026-01-13 17:46:47.250,49.984
2026-01-13 17:46:47.270,49.991
2026-01-13 17:46:47.271,49.989
2026-01-13 17:46:47.286,49.989
2026-01-13 17:46:47.302,49.991
2026-01-13 17:46:47.319,50.004
2026-01-13 17:46:47.320,49.999
2026-01-13 17:46:47.335,49.994
2026-01-13 17:46:47.352,49.987
2026-01-13 17:46:47.369,49.978
2026-01-13 17:46:47.369,49.969
2026-01-13 17:46:47.386,49.972
2026-01-13 17:46:47.402,49.971
2026-01-13 17:46:47.403,49.969
2026-01-13 17:46:47.418,49.97
2026-01-13 17:46:47.436,49.973
2026-01-13 17:46:47.453,49.972
2026-01-13 17:46:47.453,49.974
2026-01-13 17:46:47.469,49.975
2026-01-13 17:46:47.485,49.978
2026-01-13 17:46:47.485,49.972
2026-01-13 17:46:47.502,49.968
2026-01-13 17:46:47.518,49.97
2026-01-13 17:46:47.536,49.972
2026-01-13 17:46:47.536,49.974
2026-01-13 17:46:47.552,49.978
2026-01-13 17:46:47.568,49.973
2026-01-13 17:46:47.569,49.967
2026-01-13 17:46:47.586,49.969
2026-01-13 17:46:47.599,49.97
2026-01-13 17:46:47.617,49.973
2026-01-13 17:46:47.618,49.975
2026-01-13 17:46:47.634,49.979
2026-01-13 17:46:47.651,49.973
2026-01-13 17:46:47.668,49.969
2026-01-13 17:46:47.668,49.966
2026-01-13 17:46:47.684,49.963
2026-01-13 17:46:47.701,49.965
2026-01-13 17:46:47.702,49.973
2026-01-13 17:46:47.718,49.971
2026-01-13 17:46:47.735,49.972
2026-01-13 17:46:47.752,49.971
2026-01-13 17:46:47.752,49.974
2026-01-13 17:46:47.770,49.976
2026-01-13 17:46:47.785,49.979
2026-01-13 17:46:47.786,49.974
2026-01-13 17:46:47.802,49.972
2026-01-13 17:46:47.819,49.973
2026-01-13 17:46:47.836,49.982
2026-01-13 17:46:47.836,49.981
2026-01-13 17:46:47.868,49.984
2026-01-13 17:46:47.869,49.983
2026-01-13 17:46:47.887,49.979
2026-01-13 17:46:47.902,49.982
2026-01-13 17:46:47.920,49.983
2026-01-13 17:46:47.920,49.984
2026-01-13 17:46:47.935,49.982
2026-01-13 17:46:47.952,49.983
2026-01-13 17:46:47.970,49.987
2026-01-13 17:46:47.970,49.988
2026-01-13 17:46:47.986,49.994
2026-01-13 17:46:48.002,49.997
2026-01-13 17:46:48.002,49.997
2026-01-13 17:46:48.026,49.99
2026-01-13 17:46:48.026,49.989
2026-01-13 17:46:48.052,49.983
2026-01-13 17:46:48.052,49.981
2026-01-13 17:46:48.069,49.977
2026-01-13 17:46:48.086,49.98
2026-01-13 17:46:48.087,49.978
2026-01-13 17:46:48.100,49.976
2026-01-13 17:46:48.118,49.981
2026-01-13 17:46:48.136,49.992
2026-01-13 17:46:48.136,49.997
2026-01-13 17:46:48.151,50.001
2026-01-13 17:46:48.168,49.998
2026-01-13 17:46:48.184,49.998
2026-01-13 17:46:48.184,49.994
2026-01-13 17:46:48.202,49.992
2026-01-13 17:46:48.219,49.988
2026-01-13 17:46:48.219,49.98
2026-01-13 17:46:48.235,49.981
2026-01-13 17:46:48.252,49.985
2026-01-13 17:46:48.253,49.983
2026-01-13 17:46:48.271,49.976
2026-01-13 17:46:48.285,49.966
2026-01-13 17:46:48.300,49.969
2026-01-13 17:46:48.301,49.971
2026-01-13 17:46:48.316,49.973
2026-01-13 17:46:48.352,49.975
2026-01-13 17:46:48.369,49.98
2026-01-13 17:46:48.386,49.972
2026-01-13 17:46:48.386,49.977
2026-01-13 17:46:48.402,49.977
2026-01-13 17:46:48.418,49.979
2026-01-13 17:46:48.436,49.978
2026-01-13 17:46:48.436,49.975
2026-01-13 17:46:48.451,49.98
2026-01-13 17:46:48.468,49.976
2026-01-13 17:46:48.468,49.983
2026-01-13 17:46:48.485,49.984
2026-01-13 17:46:48.502,49.986
2026-01-13 17:46:48.518,49.985
2026-01-13 17:46:48.518,49.982
2026-01-13 17:46:48.535,49.98
2026-01-13 17:46:48.552,49.986
2026-01-13 17:46:48.569,49.984
2026-01-13 17:46:48.569,49.987
2026-01-13 17:46:48.585,49.989
2026-01-13 17:46:48.602,49.99
2026-01-13 17:46:48.602,49.985
2026-01-13 17:46:48.618,49.982
2026-01-13 17:46:48.634,49.986
2026-01-13 17:46:48.650,49.985
2026-01-13 17:46:48.650,49.982
2026-01-13 17:46:48.668,49.978
2026-01-13 17:46:48.685,49.977
2026-01-13 17:46:48.685,49.981
2026-01-13 17:46:48.701,49.982
2026-01-13 17:46:48.721,49.991
2026-01-13 17:46:48.722,49.989
2026-01-13 17:46:48.735,49.993
2026-01-13 17:46:48.751,49.997
2026-01-13 17:46:48.768,50.004
2026-01-13 17:46:48.769,50.005
2026-01-13 17:46:48.785,50.004
2026-01-13 17:46:48.801,49.998
2026-01-13 17:46:48.818,50.001
2026-01-13 17:46:48.819,49.997
2026-01-13 17:46:48.835,49.993
2026-01-13 17:46:48.852,49.989
2026-01-13 17:46:48.868,49.985
2026-01-13 17:46:48.868,49.981
2026-01-13 17:46:48.886,49.979
2026-01-13 17:46:48.902,49.978
2026-01-13 17:46:48.902,49.98
2026-01-13 17:46:48.918,49.98
2026-01-13 17:46:48.936,49.981
2026-01-13 17:46:48.951,49.979
2026-01-13 17:46:48.951,49.976
2026-01-13 17:46:48.969,49.97
2026-01-13 17:46:48.986,49.972
2026-01-13 17:46:48.986,49.968
2026-01-13 17:46:49.001,49.972
2026-01-13 17:46:49.018,49.97
2026-01-13 17:46:49.041,49.972
2026-01-13 17:46:49.041,49.975
2026-01-13 17:46:49.051,49.982
2026-01-13 17:46:49.067,49.985
2026-01-13 17:46:49.083,49.987
2026-01-13 17:46:49.083,49.988
2026-01-13 17:46:49.100,49.986
2026-01-13 17:46:49.116,49.983
2026-01-13 17:46:49.117,49.986
2026-01-13 17:46:49.134,49.983
2026-01-13 17:46:49.150,49.991
2026-01-13 17:46:49.168,49.993
2026-01-13 17:46:49.168,49.994
2026-01-13 17:46:49.185,49.989
2026-01-13 17:46:49.201,49.985
2026-01-13 17:46:49.202,49.987
2026-01-13 17:46:49.218,49.986
2026-01-13 17:46:49.251,49.989
2026-01-13 17:46:49.251,49.992
2026-01-13 17:46:49.268,49.991
2026-01-13 17:46:49.285,49.987
2026-01-13 17:46:49.285,49.985
2026-01-13 17:46:49.300,49.989
2026-01-13 17:46:49.318,49.989
2026-01-13 17:46:49.336,49.993
2026-01-13 17:46:49.336,49.999
2026-01-13 17:46:49.351,50.001
2026-01-13 17:46:49.368,50.0
2026-01-13 17:46:49.369,50.0
2026-01-13 17:46:49.385,50.0
2026-01-13 17:46:49.401,50.004
2026-01-13 17:46:49.417,50.005
2026-01-13 17:46:49.417,50.001
2026-01-13 17:46:49.436,49.997
2026-01-13 17:46:49.452,50.0
2026-01-13 17:46:49.468,50.003
2026-01-13 17:46:49.468,50.01
2026-01-13 17:46:49.486,50.007
2026-01-13 17:46:49.501,50.009
2026-01-13 17:46:49.501,50.005
2026-01-13 17:46:49.518,50.001
2026-01-13 17:46:49.535,50.001
2026-01-13 17:46:49.551,49.996
2026-01-13 17:46:49.551,49.993
2026-01-13 17:46:49.568,49.991
2026-01-13 17:46:49.586,49.995
2026-01-13 17:46:49.586,49.997
2026-01-13 17:46:49.601,50.001
2026-01-13 17:46:49.618,50.001
2026-01-13 17:46:49.636,49.997
2026-01-13 17:46:49.636,50.002
2026-01-13 17:46:49.651,50.0
2026-01-13 17:46:49.668,49.998
2026-01-13 17:46:49.695,49.999
2026-01-13 17:46:49.696,50.0
2026-01-13 17:46:49.696,49.997
2026-01-13 17:46:49.707,50.0
2026-01-13 17:46:49.719,50.009
2026-01-13 17:46:49.735,50.014
2026-01-13 17:46:49.751,50.009
2026-01-13 17:46:49.768,50.005
2026-01-13 17:46:49.768,50.01
2026-01-13 17:46:49.786,50.022
2026-01-13 17:46:49.801,50.024
2026-01-13 17:46:49.801,50.022
2026-01-13 17:46:49.818,50.022
2026-01-13 17:46:49.835,50.024
2026-01-13 17:46:49.851,50.021
2026-01-13 17:46:49.851,50.023
2026-01-13 17:46:49.869,50.017
2026-01-13 17:46:49.885,50.021
2026-01-13 17:46:49.885,50.02
2026-01-13 17:46:49.900,50.018
2026-01-13 17:46:49.918,50.015
2026-01-13 17:46:49.936,50.014
2026-01-13 17:46:49.950,50.015
2026-01-13 17:46:49.969,50.007
2026-01-13 17:46:49.969,50.014
2026-01-13 17:46:49.986,50.005
2026-01-13 17:46:50.002,50.0
2026-01-13 17:46:50.018,49.997
2026-01-13 17:46:50.018,49.999
2026-01-13 17:46:50.042,50.002
2026-01-13 17:46:50.042,49.992
2026-01-13 17:46:50.068,49.988
2026-01-13 17:46:50.068,49.988
2026-01-13 17:46:50.085,49.98
2026-01-13 17:46:50.101,49.986
2026-01-13 17:46:50.101,49.983
2026-01-13 17:46:50.119,49.978
2026-01-13 17:46:50.136,49.974
2026-01-13 17:46:50.151,49.981
2026-01-13 17:46:50.151,49.981
2026-01-13 17:46:50.168,49.98
2026-01-13 17:46:50.184,49.974
2026-01-13 17:46:50.202,49.969
2026-01-13 17:46:50.202,49.981
2026-01-13 17:46:50.218,49.983
2026-01-13 17:46:50.235,49.983
2026-01-13 17:46:50.236,49.985
2026-01-13 17:46:50.251,49.983
2026-01-13 17:46:50.267,49.988
2026-01-13 17:46:50.286,49.979
2026-01-13 17:46:50.287,49.992
2026-01-13 17:46:50.301,49.997
2026-01-13 17:46:50.318,49.994
2026-01-13 17:46:50.319,49.993
2026-01-13 17:46:50.334,49.987
2026-01-13 17:46:50.351,49.989
2026-01-13 17:46:50.353,49.989
2026-01-13 17:46:50.385,49.986
2026-01-13 17:46:50.401,49.986
2026-01-13 17:46:50.402,49.986
2026-01-13 17:46:50.418,49.98
2026-01-13 17:46:50.435,49.979
2026-01-13 17:46:50.451,49.977
2026-01-13 17:46:50.452,49.978
2026-01-13 17:46:50.468,49.979
2026-01-13 17:46:50.485,49.98
2026-01-13 17:46:50.486,49.975
2026-01-13 17:46:50.501,49.975
2026-01-13 17:46:50.517,49.975
2026-01-13 17:46:50.534,49.975
2026-01-13 17:46:50.534,49.97
2026-01-13 17:46:50.550,49.97
2026-01-13 17:46:50.567,49.971
2026-01-13 17:46:50.585,49.969
2026-01-13 17:46:50.585,49.977
2026-01-13 17:46:50.600,49.979
2026-01-13 17:46:50.617,49.985
2026-01-13 17:46:50.617,49.992
2026-01-13 17:46:50.633,49.999
2026-01-13 17:46:50.650,50.008
2026-01-13 17:46:50.667,50.018
2026-01-13 17:46:50.667,50.02
2026-01-13 17:46:50.683,50.023
2026-01-13 17:46:50.701,50.026
2026-01-13 17:46:50.701,50.026
2026-01-13 17:46:50.718,50.023
2026-01-13 17:46:50.750,50.013
2026-01-13 17:46:50.751,50.007
2026-01-13 17:46:50.768,50.002
2026-01-13 17:46:50.784,49.995
2026-01-13 17:46:50.801,49.988
2026-01-13 17:46:50.801,49.991
2026-01-13 17:46:50.817,49.998
2026-01-13 17:46:50.835,49.998
2026-01-13 17:46:50.835,49.997
2026-01-13 17:46:50.850,49.994
2026-01-13 17:46:50.868,49.995
2026-01-13 17:46:50.883,49.988
2026-01-13 17:46:50.883,49.986
2026-01-13 17:46:50.901,49.982
2026-01-13 17:46:50.920,49.983
2026-01-13 17:46:50.920,49.994
2026-01-13 17:46:50.934,49.991
2026-01-13 17:46:50.951,49.997
2026-01-13 17:46:50.969,50.0
2026-01-13 17:46:50.970,49.994
2026-01-13 17:46:50.985,49.989
2026-01-13 17:46:51.000,49.986
2026-01-13 17:46:51.001,49.985
2026-01-13 17:46:51.024,49.983
2026-01-13 17:46:51.034,49.976
2026-01-13 17:46:51.061,49.976
2026-01-13 17:46:51.061,49.973
2026-01-13 17:46:51.062,49.977
2026-01-13 17:46:51.085,49.974
2026-01-13 17:46:51.085,49.981
2026-01-13 17:46:51.100,49.984
2026-01-13 17:46:51.118,49.995
2026-01-13 17:46:51.133,49.991
2026-01-13 17:46:51.134,49.992
2026-01-13 17:46:51.149,49.983
2026-01-13 17:46:51.169,49.991
2026-01-13 17:46:51.169,49.981
2026-01-13 17:46:51.184,49.975
2026-01-13 17:46:51.201,49.969
2026-01-13 17:46:51.218,49.969
2026-01-13 17:46:51.218,49.975
2026-01-13 17:46:51.234,49.975
2026-01-13 17:46:51.251,49.975
2026-01-13 17:46:51.253,49.976
2026-01-13 17:46:51.268,49.972
2026-01-13 17:46:51.284,49.978
2026-01-13 17:46:51.302,49.976
2026-01-13 17:46:51.303,49.977
2026-01-13 17:46:51.317,49.979
2026-01-13 17:46:51.334,49.988
2026-01-13 17:46:51.350,49.99
2026-01-13 17:46:51.350,49.992
2026-01-13 17:46:51.366,49.996
2026-01-13 17:46:51.383,49.999
2026-01-13 17:46:51.400,49.992
2026-01-13 17:46:51.400,49.994
2026-01-13 17:46:51.417,49.991
2026-01-13 17:46:51.434,49.991
2026-01-13 17:46:51.434,49.985
2026-01-13 17:46:51.450,49.979
2026-01-13 17:46:51.467,49.985
2026-01-13 17:46:51.484,49.988
2026-01-13 17:46:51.485,49.991
2026-01-13 17:46:51.500,49.992
2026-01-13 17:46:51.517,49.987
2026-01-13 17:46:51.517,50.002
2026-01-13 17:46:51.535,50.007
2026-01-13 17:46:51.551,50.002
2026-01-13 17:46:51.568,49.994
2026-01-13 17:46:51.568,49.989
2026-01-13 17:46:51.587,49.997
2026-01-13 17:46:51.589,49.996
2026-01-13 17:46:51.602,49.993
2026-01-13 17:46:51.619,49.99
2026-01-13 17:46:51.635,49.987
2026-01-13 17:46:51.651,50.0
2026-01-13 17:46:51.652,50.001
2026-01-13 17:46:51.668,49.997
2026-01-13 17:46:51.685,49.994
2026-01-13 17:46:51.685,49.991
2026-01-13 17:46:51.701,50.0
2026-01-13 17:46:51.718,49.998
2026-01-13 17:46:51.736,49.996
2026-01-13 17:46:51.737,49.994
2026-01-13 17:46:51.750,49.992
2026-01-13 17:46:51.769,49.995
2026-01-13 17:46:51.770,49.991
2026-01-13 17:46:51.784,49.989
2026-01-13 17:46:51.802,49.985
2026-01-13 17:46:51.818,49.989
2026-01-13 17:46:51.818,49.993
2026-01-13 17:46:51.835,49.994
2026-01-13 17:46:51.851,49.988
2026-01-13 17:46:51.869,49.985
2026-01-13 17:46:51.869,49.981
2026-01-13 17:46:51.886,49.986
2026-01-13 17:46:51.901,49.985
2026-01-13 17:46:51.901,49.983
2026-01-13 17:46:51.917,49.976
2026-01-13 17:46:51.935,49.978
2026-01-13 17:46:51.951,49.984
2026-01-13 17:46:51.952,49.988
2026-01-13 17:46:51.968,49.987
2026-01-13 17:46:51.985,49.987
2026-01-13 17:46:51.985,49.986
2026-01-13 17:46:52.000,49.995
2026-01-13 17:46:52.018,49.992
2026-01-13 17:46:52.042,49.991
2026-01-13 17:46:52.043,49.99
2026-01-13 17:46:52.050,49.988
2026-01-13 17:46:52.067,50.002
2026-01-13 17:46:52.086,50.003
2026-01-13 17:46:52.086,50.007
2026-01-13 17:46:52.101,50.012
2026-01-13 17:46:52.118,50.009
2026-01-13 17:46:52.118,50.009
2026-01-13 17:46:52.135,50.005
2026-01-13 17:46:52.150,50.002
2026-01-13 17:46:52.167,50.004
2026-01-13 17:46:52.167,50.008
2026-01-13 17:46:52.184,50.012
2026-01-13 17:46:52.201,50.011
2026-01-13 17:46:52.201,50.007
2026-01-13 17:46:52.218,50.011
2026-01-13 17:46:52.235,50.009
2026-01-13 17:46:52.250,50.009
2026-01-13 17:46:52.251,50.016
2026-01-13 17:46:52.267,50.015
2026-01-13 17:46:52.285,50.013
2026-01-13 17:46:52.286,50.012
2026-01-13 17:46:52.301,50.013
2026-01-13 17:46:52.317,50.013
2026-01-13 17:46:52.335,50.016
2026-01-13 17:46:52.336,50.013
2026-01-13 17:46:52.351,50.019
2026-01-13 17:46:52.367,50.024
2026-01-13 17:46:52.385,50.018
2026-01-13 17:46:52.385,50.026
2026-01-13 17:46:52.401,50.017
2026-01-13 17:46:52.450,50.015
2026-01-13 17:46:52.450,50.019
2026-01-13 17:46:52.452,50.02
2026-01-13 17:46:52.452,50.02
2026-01-13 17:46:52.458,50.021
2026-01-13 17:46:52.467,50.012
2026-01-13 17:46:52.485,50.023
2026-01-13 17:46:52.501,50.018
2026-01-13 17:46:52.501,50.016
2026-01-13 17:46:52.516,50.02
2026-01-13 17:46:52.534,50.018
2026-01-13 17:46:52.551,50.025
2026-01-13 17:46:52.552,50.023
2026-01-13 17:46:52.568,50.031
2026-01-13 17:46:52.585,50.036
2026-01-13 17:46:52.585,50.043
2026-01-13 17:46:52.600,50.05
2026-01-13 17:46:52.617,50.05
2026-01-13 17:46:52.634,50.051
2026-01-13 17:46:52.634,50.058
2026-01-13 17:46:52.650,50.058
2026-01-13 17:46:52.669,50.06
2026-01-13 17:46:52.683,50.058
2026-01-13 17:46:52.702,50.051
2026-01-13 17:46:52.718,50.054
2026-01-13 17:46:52.719,50.049
2026-01-13 17:46:52.735,50.05
2026-01-13 17:46:52.751,50.041
2026-01-13 17:46:52.768,50.036
2026-01-13 17:46:52.769,50.034
2026-01-13 17:46:52.785,50.043
2026-01-13 17:46:52.800,50.043
2026-01-13 17:46:52.801,50.041
2026-01-13 17:46:52.818,50.03
2026-01-13 17:46:52.834,50.023
2026-01-13 17:46:52.851,50.025
2026-01-13 17:46:52.851,50.031
2026-01-13 17:46:52.867,50.027
2026-01-13 17:46:52.883,50.025
2026-01-13 17:46:52.901,50.028
2026-01-13 17:46:52.918,50.029
2026-01-13 17:46:52.935,50.029
2026-01-13 17:46:52.935,50.03
2026-01-13 17:46:52.951,50.025
2026-01-13 17:46:52.968,50.028
2026-01-13 17:46:52.969,50.021
2026-01-13 17:46:52.984,50.021
2026-01-13 17:46:53.002,50.031
2026-01-13 17:46:53.025,50.027
2026-01-13 17:46:53.026,50.03
2026-01-13 17:46:53.033,50.025
2026-01-13 17:46:53.049,50.018
2026-01-13 17:46:53.066,50.02
2026-01-13 17:46:53.066,50.02
2026-01-13 17:46:53.083,50.024
2026-01-13 17:46:53.100,50.024
2026-01-13 17:46:53.117,50.024
2026-01-13 17:46:53.118,50.024
2026-01-13 17:46:53.135,50.02
2026-01-13 17:46:53.151,50.022
2026-01-13 17:46:53.152,50.018
2026-01-13 17:46:53.166,50.013
2026-01-13 17:46:53.185,50.02
2026-01-13 17:46:53.185,50.019
2026-01-13 17:46:53.201,50.026
2026-01-13 17:46:53.217,50.017
2026-01-13 17:46:53.234,50.014
2026-01-13 17:46:53.234,50.007
2026-01-13 17:46:53.267,49.998
2026-01-13 17:46:53.269,50.002
2026-01-13 17:46:53.283,50.004
2026-01-13 17:46:53.302,50.005
2026-01-13 17:46:53.319,50.003
2026-01-13 17:46:53.319,50.015
2026-01-13 17:46:53.335,50.007
2026-01-13 17:46:53.351,50.001
2026-01-13 17:46:53.368,49.993
2026-01-13 17:46:53.369,49.989
2026-01-13 17:46:53.384,49.999
2026-01-13 17:46:53.401,49.996
2026-01-13 17:46:53.401,49.997
2026-01-13 17:46:53.418,49.997
2026-01-13 17:46:53.435,49.994
2026-01-13 17:46:53.451,50.002
2026-01-13 17:46:53.451,50.001
2026-01-13 17:46:53.467,50.001
2026-01-13 17:46:53.483,50.001
2026-01-13 17:46:53.499,50.004
2026-01-13 17:46:53.500,50.019
2026-01-13 17:46:53.516,50.018
2026-01-13 17:46:53.533,50.016
2026-01-13 17:46:53.533,50.014
2026-01-13 17:46:53.549,50.016
2026-01-13 17:46:53.565,50.027
2026-01-13 17:46:53.583,50.024
2026-01-13 17:46:53.583,50.028
2026-01-13 17:46:53.600,50.024
2026-01-13 17:46:53.617,50.026
2026-01-13 17:46:53.617,50.029
2026-01-13 17:46:53.633,50.035
2026-01-13 17:46:53.651,50.025
2026-01-13 17:46:53.667,50.017
2026-01-13 17:46:53.667,50.012
2026-01-13 17:46:53.683,50.011
2026-01-13 17:46:53.700,50.008
2026-01-13 17:46:53.717,50.005
2026-01-13 17:46:53.717,49.999
2026-01-13 17:46:53.735,49.997
2026-01-13 17:46:53.751,50.005
2026-01-13 17:46:53.752,49.999
2026-01-13 17:46:53.793,49.996
2026-01-13 17:46:53.794,49.997
2026-01-13 17:46:53.794,49.994
2026-01-13 17:46:53.800,50.005
2026-01-13 17:46:53.817,50.008
2026-01-13 17:46:53.833,50.01
2026-01-13 17:46:53.833,50.01
2026-01-13 17:46:53.852,50.009
2026-01-13 17:46:53.869,50.019
2026-01-13 17:46:53.869,50.021
2026-01-13 17:46:53.884,50.023
2026-01-13 17:46:53.900,50.02
2026-01-13 17:46:53.915,50.018
2026-01-13 17:46:53.934,50.031
2026-01-13 17:46:53.934,50.021
2026-01-13 17:46:53.951,50.018
2026-01-13 17:46:53.967,50.019
2026-01-13 17:46:53.968,50.021
2026-01-13 17:46:53.984,50.018
2026-01-13 17:46:54.001,50.015
2026-01-13 17:46:54.001,50.01
2026-01-13 17:46:54.025,50.004
2026-01-13 17:46:54.025,50.002
2026-01-13 17:46:54.051,50.014
2026-01-13 17:46:54.051,50.01
2026-01-13 17:46:54.069,50.004
2026-01-13 17:46:54.084,50.0
2026-01-13 17:46:54.085,49.995
2026-01-13 17:46:54.100,50.0
2026-01-13 17:46:54.118,50.0
2026-01-13 17:46:54.134,50.0
2026-01-13 17:46:54.134,49.995
2026-01-13 17:46:54.150,49.993
2026-01-13 17:46:54.167,50.002
2026-01-13 17:46:54.169,50.0
2026-01-13 17:46:54.185,49.996
2026-01-13 17:46:54.202,49.994
2026-01-13 17:46:54.217,49.993
2026-01-13 17:46:54.219,50.011
2026-01-13 17:46:54.235,50.005
2026-01-13 17:46:54.252,50.001
2026-01-13 17:46:54.267,50.001
2026-01-13 17:46:54.283,49.996
2026-01-13 17:46:54.301,49.995
2026-01-13 17:46:54.301,49.997
2026-01-13 17:46:54.316,49.992
2026-01-13 17:46:54.335,49.987
2026-01-13 17:46:54.351,50.002
2026-01-13 17:46:54.351,49.999
2026-01-13 17:46:54.366,49.997
2026-01-13 17:46:54.384,49.992
2026-01-13 17:46:54.385,49.988
2026-01-13 17:46:54.400,49.995
2026-01-13 17:46:54.418,49.998
2026-01-13 17:46:54.435,49.994
2026-01-13 17:46:54.435,49.987
2026-01-13 17:46:54.451,49.982
2026-01-13 17:46:54.469,49.992
2026-01-13 17:46:54.470,49.988
2026-01-13 17:46:54.484,49.988
2026-01-13 17:46:54.502,49.983
2026-01-13 17:46:54.518,49.981
2026-01-13 17:46:54.534,49.98
2026-01-13 17:46:54.550,49.978
2026-01-13 17:46:54.566,49.972
2026-01-13 17:46:54.566,49.97
2026-01-13 17:46:54.583,49.984
2026-01-13 17:46:54.602,49.982
2026-01-13 17:46:54.602,49.976
2026-01-13 17:46:54.618,49.976
2026-01-13 17:46:54.633,49.969
2026-01-13 17:46:54.652,49.972
2026-01-13 17:46:54.652,49.97
2026-01-13 17:46:54.668,49.969
2026-01-13 17:46:54.685,49.965
2026-01-13 17:46:54.685,49.962
2026-01-13 17:46:54.701,49.969
2026-01-13 17:46:54.717,49.966
2026-01-13 17:46:54.735,49.965
2026-01-13 17:46:54.735,49.965
2026-01-13 17:46:54.751,49.963
2026-01-13 17:46:54.767,49.967
2026-01-13 17:46:54.785,49.975
2026-01-13 17:46:54.785,49.975
2026-01-13 17:46:54.801,49.973
2026-01-13 17:46:54.818,49.968
2026-01-13 17:46:54.818,49.983
2026-01-13 17:46:54.835,49.985
2026-01-13 17:46:54.851,49.985
2026-01-13 17:46:54.867,49.983
2026-01-13 17:46:54.882,49.979
2026-01-13 17:46:54.901,49.982
2026-01-13 17:46:54.901,49.99
2026-01-13 17:46:54.918,49.988
2026-01-13 17:46:54.935,49.984
2026-01-13 17:46:54.951,49.994
2026-01-13 17:46:54.951,49.992
2026-01-13 17:46:54.967,49.993
2026-01-13 17:46:54.985,49.992
2026-01-13 17:46:54.985,49.985
2026-01-13 17:46:55.000,49.991
2026-01-13 17:46:55.025,49.992
2026-01-13 17:46:55.025,49.995
2026-01-13 17:46:55.034,49.995
2026-01-13 17:46:55.068,49.994
2026-01-13 17:46:55.084,49.994
2026-01-13 17:46:55.084,49.995
2026-01-13 17:46:55.100,49.991
2026-01-13 17:46:55.118,49.995
2026-01-13 17:46:55.118,49.999
2026-01-13 17:46:55.160,50.0
2026-01-13 17:46:55.161,49.999
2026-01-13 17:46:55.161,49.993
2026-01-13 17:46:55.184,49.99
2026-01-13 17:46:55.202,49.993
2026-01-13 17:46:55.202,49.992
2026-01-13 17:46:55.220,49.985
2026-01-13 17:46:55.234,49.982
2026-01-13 17:46:55.252,49.996
2026-01-13 17:46:55.252,49.995
2026-01-13 17:46:55.268,49.994
2026-01-13 17:46:55.284,49.987
2026-01-13 17:46:55.300,49.981
2026-01-13 17:46:55.301,49.989
2026-01-13 17:46:55.317,49.979
2026-01-13 17:46:55.334,49.984
2026-01-13 17:46:55.334,49.979
2026-01-13 17:46:55.367,49.984
2026-01-13 17:46:55.369,49.986
2026-01-13 17:46:55.383,49.987
2026-01-13 17:46:55.399,49.986
2026-01-13 17:46:55.433,49.981
2026-01-13 17:46:55.433,49.984
2026-01-13 17:46:55.452,49.985
2026-01-13 17:46:55.453,49.983
2026-01-13 17:46:55.485,49.981
2026-01-13 17:46:55.500,49.982
2026-01-13 17:46:55.501,49.985
2026-01-13 17:46:55.517,49.984
2026-01-13 17:46:55.551,49.983
2026-01-13 17:46:55.551,49.977
2026-01-13 17:46:55.568,49.98
2026-01-13 17:46:55.584,49.977
2026-01-13 17:46:55.600,49.978
2026-01-13 17:46:55.616,49.978
2026-01-13 17:46:55.632,49.982
2026-01-13 17:46:55.633,49.977
2026-01-13 17:46:55.668,49.976
2026-01-13 17:46:55.669,49.978
2026-01-13 17:46:55.684,49.98
2026-01-13 17:46:55.702,49.976
2026-01-13 17:46:55.717,49.973
2026-01-13 17:46:55.733,49.969
2026-01-13 17:46:55.749,49.969
2026-01-13 17:46:55.764,49.964
2026-01-13 17:46:55.783,49.965
2026-01-13 17:46:55.800,49.965
2026-01-13 17:46:55.801,49.962
2026-01-13 17:46:55.816,49.964
2026-01-13 17:46:55.833,49.964
2026-01-13 17:46:55.851,49.98
2026-01-13 17:46:55.851,49.98
2026-01-13 17:46:55.869,49.981
2026-01-13 17:46:55.884,49.98
2026-01-13 17:46:55.901,49.983
2026-01-13 17:46:55.916,49.986
2026-01-13 17:46:55.934,49.985
2026-01-13 17:46:55.934,49.991
2026-01-13 17:46:55.969,49.985
2026-01-13 17:46:55.969,49.992
2026-01-13 17:46:55.985,49.992
2026-01-13 17:46:56.002,49.99
2026-01-13 17:46:56.026,49.99
2026-01-13 17:46:56.034,49.994
2026-01-13 17:46:56.053,49.994
2026-01-13 17:46:56.053,49.993
2026-01-13 17:46:56.086,49.992
2026-01-13 17:46:56.102,49.991
2026-01-13 17:46:56.102,49.99
2026-01-13 17:46:56.118,49.991
2026-01-13 17:46:56.136,49.989
2026-01-13 17:46:56.151,49.991
2026-01-13 17:46:56.169,49.992
2026-01-13 17:46:56.185,49.99
2026-01-13 17:46:56.201,49.989
2026-01-13 17:46:56.217,49.986
2026-01-13 17:46:56.235,49.983
2026-01-13 17:46:56.236,49.977
2026-01-13 17:46:56.268,49.975
2026-01-13 17:46:56.269,49.97
2026-01-13 17:46:56.284,49.976
2026-01-13 17:46:56.301,49.975
2026-01-13 17:46:56.317,49.971
2026-01-13 17:46:56.317,49.979
2026-01-13 17:46:56.334,49.974
2026-01-13 17:46:56.367,49.974
2026-01-13 17:46:56.385,49.973
2026-01-13 17:46:56.400,49.973
2026-01-13 17:46:56.417,49.972
2026-01-13 17:46:56.418,49.982
2026-01-13 17:46:56.451,49.98
2026-01-13 17:46:56.451,49.976
2026-01-13 17:46:56.468,49.971
2026-01-13 17:46:56.484,49.973
2026-01-13 17:46:56.524,49.968
2026-01-13 17:46:56.525,49.963
2026-01-13 17:46:56.525,49.96
2026-01-13 17:46:56.551,49.956
2026-01-13 17:46:56.567,49.954
2026-01-13 17:46:56.569,49.952
2026-01-13 17:46:56.584,49.949
2026-01-13 17:46:56.600,49.949
2026-01-13 17:46:56.619,49.944
2026-01-13 17:46:56.635,49.944
2026-01-13 17:46:56.651,49.941
2026-01-13 17:46:56.667,49.946
2026-01-13 17:46:56.667,49.943
2026-01-13 17:46:56.685,49.946
2026-01-13 17:46:56.702,49.944
2026-01-13 17:46:56.702,49.945
2026-01-13 17:46:56.719,49.946
2026-01-13 17:46:56.737,49.945
2026-01-13 17:46:56.752,49.942
2026-01-13 17:46:56.769,49.945
2026-01-13 17:46:56.785,49.948
2026-01-13 17:46:56.800,49.947
2026-01-13 17:46:56.817,49.945
2026-01-13 17:46:56.834,49.948
2026-01-13 17:46:56.834,49.961
2026-01-13 17:46:56.850,49.955
2026-01-13 17:46:56.867,49.957
2026-01-13 17:46:56.884,49.95
2026-01-13 17:46:56.884,49.947
2026-01-13 17:46:56.900,49.947
2026-01-13 17:46:56.917,49.953
2026-01-13 17:46:56.933,49.95
2026-01-13 17:46:56.950,49.949
2026-01-13 17:46:56.965,49.951
2026-01-13 17:46:56.983,49.952
2026-01-13 17:46:56.999,49.953
2026-01-13 17:46:57.023,49.957
2026-01-13 17:46:57.024,49.959
2026-01-13 17:46:57.032,49.954
2026-01-13 17:46:57.048,49.954
2026-01-13 17:46:57.049,49.95
2026-01-13 17:46:57.067,49.95
2026-01-13 17:46:57.084,49.948
2026-01-13 17:46:57.099,49.947
2026-01-13 17:46:57.117,49.944
2026-01-13 17:46:57.134,49.939
2026-01-13 17:46:57.134,49.946
2026-01-13 17:46:57.167,49.951
2026-01-13 17:46:57.183,49.949
2026-01-13 17:46:57.183,49.949
2026-01-13 17:46:57.199,49.95
2026-01-13 17:46:57.216,49.957
2026-01-13 17:46:57.233,49.954
2026-01-13 17:46:57.251,49.952
2026-01-13 17:46:57.268,49.951
2026-01-13 17:46:57.285,49.944
2026-01-13 17:46:57.300,49.945
2026-01-13 17:46:57.317,49.946
2026-01-13 17:46:57.318,49.951
2026-01-13 17:46:57.352,49.948
2026-01-13 17:46:57.352,49.95
2026-01-13 17:46:57.368,49.953
2026-01-13 17:46:57.384,49.952
2026-01-13 17:46:57.400,49.952
2026-01-13 17:46:57.417,49.952
2026-01-13 17:46:57.434,49.955
2026-01-13 17:46:57.434,49.958
2026-01-13 17:46:57.469,49.961
2026-01-13 17:46:57.470,49.96
2026-01-13 17:46:57.485,49.967
2026-01-13 17:46:57.502,49.969
2026-01-13 17:46:57.518,49.964
2026-01-13 17:46:57.535,49.971
2026-01-13 17:46:57.552,49.973
2026-01-13 17:46:57.553,49.972
2026-01-13 17:46:57.586,49.969
2026-01-13 17:46:57.603,49.974
2026-01-13 17:46:57.603,49.975
2026-01-13 17:46:57.618,49.977
2026-01-13 17:46:57.653,49.98
2026-01-13 17:46:57.653,49.993
2026-01-13 17:46:57.669,49.998
2026-01-13 17:46:57.686,49.994
2026-01-13 17:46:57.701,49.993
2026-01-13 17:46:57.718,49.997
2026-01-13 17:46:57.736,50.0
2026-01-13 17:46:57.737,50.002
2026-01-13 17:46:57.749,50.007
2026-01-13 17:46:57.766,50.011
2026-01-13 17:46:57.783,50.017
2026-01-13 17:46:57.783,50.019
2026-01-13 17:46:57.800,50.015
2026-01-13 17:46:57.817,50.015
2026-01-13 17:46:57.833,50.027
2026-01-13 17:46:57.850,50.027
2026-01-13 17:46:57.878,50.024
2026-01-13 17:46:57.878,50.026
2026-01-13 17:46:57.900,50.028
2026-01-13 17:46:57.900,50.024
2026-01-13 17:46:57.918,50.027
2026-01-13 17:46:57.950,50.026
2026-01-13 17:46:57.950,50.026
2026-01-13 17:46:57.966,50.022
2026-01-13 17:46:57.983,50.018
2026-01-13 17:46:57.999,50.012
2026-01-13 17:46:58.023,50.012
2026-01-13 17:46:58.023,50.015
2026-01-13 17:46:58.033,50.008
2026-01-13 17:46:58.066,50.005
2026-01-13 17:46:58.083,50.014
2026-01-13 17:46:58.084,50.012
2026-01-13 17:46:58.099,50.011
2026-01-13 17:46:58.114,50.007
2026-01-13 17:46:58.133,50.01
2026-01-13 17:46:58.133,50.012
2026-01-13 17:46:58.148,50.01
2026-01-13 17:46:58.167,50.007
2026-01-13 17:46:58.184,50.003
2026-01-13 17:46:58.200,50.001
2026-01-13 17:46:58.216,49.997
2026-01-13 17:46:58.217,49.994
2026-01-13 17:46:58.233,49.988
2026-01-13 17:46:58.250,49.981
2026-01-13 17:46:58.251,49.982
2026-01-13 17:46:58.266,49.973
2026-01-13 17:46:58.285,49.97
2026-01-13 17:46:58.301,49.971
2026-01-13 17:46:58.317,49.974
2026-01-13 17:46:58.334,49.975
2026-01-13 17:46:58.335,49.971
2026-01-13 17:46:58.369,49.97
2026-01-13 17:46:58.370,49.97
2026-01-13 17:46:58.385,49.966
2026-01-13 17:46:58.401,49.963
2026-01-13 17:46:58.418,49.965
2026-01-13 17:46:58.435,49.968
2026-01-13 17:46:58.450,49.967
2026-01-13 17:46:58.466,49.964
2026-01-13 17:46:58.483,49.96
2026-01-13 17:46:58.500,49.967
2026-01-13 17:46:58.516,49.971
2026-01-13 17:46:58.516,49.975
2026-01-13 17:46:58.550,49.972
2026-01-13 17:46:58.550,49.97
2026-01-13 17:46:58.568,49.973
2026-01-13 17:46:58.584,49.976
2026-01-13 17:46:58.600,49.98
2026-01-13 17:46:58.617,49.981
2026-01-13 17:46:58.634,49.986
2026-01-13 17:46:58.634,49.985
2026-01-13 17:46:58.649,49.987
2026-01-13 17:46:58.666,49.991
2026-01-13 17:46:58.684,49.998
2026-01-13 17:46:58.684,49.998
2026-01-13 17:46:58.700,50.004
2026-01-13 17:46:58.717,50.003
2026-01-13 17:46:58.733,50.009
2026-01-13 17:46:58.750,50.01
2026-01-13 17:46:58.768,50.007
2026-01-13 17:46:58.768,50.009
2026-01-13 17:46:58.784,50.004
2026-01-13 17:46:58.800,50.006
2026-01-13 17:46:58.801,50.01
2026-01-13 17:46:58.817,50.011
2026-01-13 17:46:58.834,50.007
2026-01-13 17:46:58.850,50.005
2026-01-13 17:46:58.851,50.001
2026-01-13 17:46:58.866,50.001
2026-01-13 17:46:58.884,49.999
2026-01-13 17:46:58.900,50.0
2026-01-13 17:46:58.916,50.006
2026-01-13 17:46:58.934,50.005
2026-01-13 17:46:58.935,50.002
2026-01-13 17:46:58.955,49.992
2026-01-13 17:46:58.966,49.991
2026-01-13 17:46:58.984,49.99
2026-01-13 17:46:58.984,50.001
2026-01-13 17:46:59.000,50.001
2026-01-13 17:46:59.017,49.997
2026-01-13 17:46:59.038,50.007
2026-01-13 17:46:59.049,50.008
2026-01-13 17:46:59.065,50.003
2026-01-13 17:46:59.066,49.992
2026-01-13 17:46:59.084,49.991
2026-01-13 17:46:59.100,49.988
2026-01-13 17:46:59.100,49.984
2026-01-13 17:46:59.119,49.975
2026-01-13 17:46:59.135,49.974
2026-01-13 17:46:59.151,49.973
2026-01-13 17:46:59.152,49.967
2026-01-13 17:46:59.166,49.97
2026-01-13 17:46:59.183,49.976
2026-01-13 17:46:59.202,49.98
2026-01-13 17:46:59.202,49.981
2026-01-13 17:46:59.261,49.982
2026-01-13 17:46:59.265,49.975
2026-01-13 17:46:59.265,49.969
2026-01-13 17:46:59.265,49.97
2026-01-13 17:46:59.266,49.977
2026-01-13 17:46:59.273,49.979
2026-01-13 17:46:59.286,49.979
2026-01-13 17:46:59.301,49.996
2026-01-13 17:46:59.317,49.99
2026-01-13 17:46:59.317,49.984
2026-01-13 17:46:59.334,49.991
2026-01-13 17:46:59.351,49.997
2026-01-13 17:46:59.368,49.998
2026-01-13 17:46:59.368,49.995
2026-01-13 17:46:59.385,49.993
2026-01-13 17:46:59.401,49.992
2026-01-13 17:46:59.402,49.987
2026-01-13 17:46:59.418,49.989
2026-01-13 17:46:59.435,49.99
2026-01-13 17:46:59.452,49.994
2026-01-13 17:46:59.453,50.007
2026-01-13 17:46:59.467,50.004
2026-01-13 17:46:59.485,49.996
2026-01-13 17:46:59.485,49.992
2026-01-13 17:46:59.500,49.993
2026-01-13 17:46:59.517,49.997
2026-01-13 17:46:59.534,49.999
2026-01-13 17:46:59.552,49.999
2026-01-13 17:46:59.568,49.996
2026-01-13 17:46:59.568,49.998
2026-01-13 17:46:59.584,50.007
2026-01-13 17:46:59.601,50.014
2026-01-13 17:46:59.617,50.014
2026-01-13 17:46:59.617,50.008
2026-01-13 17:46:59.634,50.004
2026-01-13 17:46:59.650,49.999
2026-01-13 17:46:59.667,50.006
2026-01-13 17:46:59.667,50.003
2026-01-13 17:46:59.683,50.01
2026-01-13 17:46:59.699,50.003
2026-01-13 17:46:59.716,49.999
2026-01-13 17:46:59.717,50.016
2026-01-13 17:46:59.733,50.016
2026-01-13 17:46:59.750,50.024
2026-01-13 17:46:59.750,50.024
2026-01-13 17:46:59.766,50.023
2026-01-13 17:46:59.784,50.017
2026-01-13 17:46:59.800,50.008
2026-01-13 17:46:59.800,50.008
2026-01-13 17:46:59.817,50.007
2026-01-13 17:46:59.834,50.008
2026-01-13 17:46:59.834,50.011
2026-01-13 17:46:59.850,50.003
2026-01-13 17:46:59.866,50.005
2026-01-13 17:46:59.884,50.01
2026-01-13 17:46:59.884,50.005
2026-01-13 17:46:59.901,50.004
2026-01-13 17:46:59.917,49.997
2026-01-13 17:46:59.917,49.997
2026-01-13 17:46:59.933,49.997
2026-01-13 17:46:59.955,49.998
2026-01-13 17:46:59.956,50.004
2026-01-13 17:46:59.969,49.996
2026-01-13 17:46:59.984,49.987
2026-01-13 17:47:00.002,49.99
2026-01-13 17:47:00.003,49.99
2026-01-13 17:47:00.017,49.993
2026-01-13 17:47:00.040,49.991
2026-01-13 17:47:00.042,49.988
2026-01-13 17:47:00.050,49.993
2026-01-13 17:47:00.067,49.991
2026-01-13 17:47:00.084,49.983
2026-01-13 17:47:00.084,49.983
2026-01-13 17:47:00.100,49.98
2026-01-13 17:47:00.115,49.982
2026-01-13 17:47:00.131,49.983
2026-01-13 17:47:00.132,49.986
2026-01-13 17:47:00.148,49.982
2026-01-13 17:47:00.167,49.989
2026-01-13 17:47:00.182,49.993
2026-01-13 17:47:00.182,49.989
2026-01-13 17:47:00.199,49.988
2026-01-13 17:47:00.214,49.988
2026-01-13 17:47:00.233,49.993
2026-01-13 17:47:00.233,49.989
2026-01-13 17:47:00.250,49.989
2026-01-13 17:47:00.265,49.992
2026-01-13 17:47:00.265,49.998
2026-01-13 17:47:00.282,49.991
2026-01-13 17:47:00.298,49.992
2026-01-13 17:47:00.315,49.992
2026-01-13 17:47:00.315,49.998
2026-01-13 17:47:00.331,49.995
2026-01-13 17:47:00.349,49.995
2026-01-13 17:47:00.349,49.994
2026-01-13 17:47:00.366,49.993
2026-01-13 17:47:00.382,50.002
2026-01-13 17:47:00.398,49.995
2026-01-13 17:47:00.398,49.994
2026-01-13 17:47:00.417,49.992
2026-01-13 17:47:00.434,49.998
2026-01-13 17:47:00.434,49.998
2026-01-13 17:47:00.449,49.989
2026-01-13 17:47:00.465,49.981
2026-01-13 17:47:00.483,49.98
2026-01-13 17:47:00.483,49.976
2026-01-13 17:47:00.501,49.975
2026-01-13 17:47:00.516,49.974
2026-01-13 17:47:00.516,49.977
2026-01-13 17:47:00.534,49.978
2026-01-13 17:47:00.549,49.979
2026-01-13 17:47:00.568,49.977
2026-01-13 17:47:00.568,49.977
2026-01-13 17:47:00.607,49.98
2026-01-13 17:47:00.608,49.993
2026-01-13 17:47:00.609,49.982
2026-01-13 17:47:00.617,49.978
2026-01-13 17:47:00.632,49.973
2026-01-13 17:47:00.650,49.977
2026-01-13 17:47:00.650,49.98
2026-01-13 17:47:00.665,49.977
2026-01-13 17:47:00.683,49.972
2026-01-13 17:47:00.701,49.963
2026-01-13 17:47:00.701,49.968
2026-01-13 17:47:00.717,49.968
2026-01-13 17:47:00.732,49.964
2026-01-13 17:47:00.732,49.96
2026-01-13 17:47:00.750,49.956
2026-01-13 17:47:00.768,49.951
2026-01-13 17:47:00.768,49.955
2026-01-13 17:47:00.790,49.954
2026-01-13 17:47:00.803,49.956
2026-01-13 17:47:00.819,49.955
2026-01-13 17:47:00.819,49.955
2026-01-13 17:47:00.835,49.948
2026-01-13 17:47:00.851,49.951
2026-01-13 17:47:00.866,49.965
2026-01-13 17:47:00.867,49.959
2026-01-13 17:47:00.883,49.956
2026-01-13 17:47:00.900,49.949
2026-01-13 17:47:00.901,49.946
2026-01-13 17:47:00.917,49.946
2026-01-13 17:47:00.934,49.943
2026-01-13 17:47:00.951,49.946
2026-01-13 17:47:00.951,49.951
2026-01-13 17:47:00.968,49.947
2026-01-13 17:47:00.983,49.954
2026-01-13 17:47:01.000,49.957
2026-01-13 17:47:01.000,49.953
2026-01-13 17:47:01.024,49.962
2026-01-13 17:47:01.024,49.96
2026-01-13 17:47:01.033,49.952
2026-01-13 17:47:01.049,49.947
2026-01-13 17:47:01.067,49.956
2026-01-13 17:47:01.084,49.953
2026-01-13 17:47:01.084,49.952
2026-01-13 17:47:01.101,49.945
2026-01-13 17:47:01.117,49.941
2026-01-13 17:47:01.117,49.942
2026-01-13 17:47:01.134,49.942
2026-01-13 17:47:01.151,49.944
2026-01-13 17:47:01.153,49.943
2026-01-13 17:47:01.168,49.934
2026-01-13 17:47:01.184,49.938
2026-01-13 17:47:01.202,49.945
2026-01-13 17:47:01.202,49.942
2026-01-13 17:47:01.218,49.938
2026-01-13 17:47:01.235,49.933
2026-01-13 17:47:01.250,49.936
2026-01-13 17:47:01.250,49.94
2026-01-13 17:47:01.266,49.941
2026-01-13 17:47:01.281,49.937
2026-01-13 17:47:01.298,49.928
2026-01-13 17:47:01.299,49.938
2026-01-13 17:47:01.316,49.938
2026-01-13 17:47:01.331,49.939
2026-01-13 17:47:01.347,49.938
2026-01-13 17:47:01.348,49.946
2026-01-13 17:47:01.366,49.945
2026-01-13 17:47:01.383,49.94
2026-01-13 17:47:01.383,49.932
2026-01-13 17:47:01.399,49.931
2026-01-13 17:47:01.415,49.929
2026-01-13 17:47:01.434,49.925
2026-01-13 17:47:01.434,49.929
2026-01-13 17:47:01.449,49.93
2026-01-13 17:47:01.466,49.926
2026-01-13 17:47:01.466,49.921
2026-01-13 17:47:01.483,49.916
2026-01-13 17:47:01.500,49.92
2026-01-13 17:47:01.516,49.923
2026-01-13 17:47:01.516,49.918
2026-01-13 17:47:01.533,49.917
2026-01-13 17:47:01.548,49.916
2026-01-13 17:47:01.566,49.911
2026-01-13 17:47:01.584,49.913
2026-01-13 17:47:01.599,49.908
2026-01-13 17:47:01.599,49.912
2026-01-13 17:47:01.616,49.916
2026-01-13 17:47:01.635,49.915
2026-01-13 17:47:01.635,49.916
2026-01-13 17:47:01.650,49.915
2026-01-13 17:47:01.668,49.92
2026-01-13 17:47:01.669,49.922
2026-01-13 17:47:01.684,49.927
2026-01-13 17:47:01.701,49.929
2026-01-13 17:47:01.717,49.929
2026-01-13 17:47:01.717,49.929
2026-01-13 17:47:01.735,49.931
2026-01-13 17:47:01.751,49.931
2026-01-13 17:47:01.770,49.927
2026-01-13 17:47:01.770,49.923
2026-01-13 17:47:01.783,49.927
2026-01-13 17:47:01.799,49.929
2026-01-13 17:47:01.818,49.928
2026-01-13 17:47:01.818,49.945
2026-01-13 17:47:01.833,49.951
2026-01-13 17:47:01.849,49.957
2026-01-13 17:47:01.850,49.958
2026-01-13 17:47:01.867,49.961
2026-01-13 17:47:01.883,49.957
2026-01-13 17:47:01.899,49.951
2026-01-13 17:47:01.899,49.946
2026-01-13 17:47:01.917,49.946
2026-01-13 17:47:01.933,49.943
2026-01-13 17:47:01.933,49.946
2026-01-13 17:47:01.949,49.941
2026-01-13 17:47:01.977,49.945
2026-01-13 17:47:01.978,49.952
2026-01-13 17:47:01.988,49.946
2026-01-13 17:47:02.000,49.943
2026-01-13 17:47:02.022,49.941
2026-01-13 17:47:02.022,49.94
2026-01-13 17:47:02.032,49.943
2026-01-13 17:47:02.050,49.953
2026-01-13 17:47:02.066,49.959
2026-01-13 17:47:02.066,49.956
2026-01-13 17:47:02.082,49.966
2026-01-13 17:47:02.099,49.969
2026-01-13 17:47:02.100,49.966
2026-01-13 17:47:02.117,49.957
2026-01-13 17:47:02.133,49.956
2026-01-13 17:47:02.149,49.957
2026-01-13 17:47:02.150,49.951
2026-01-13 17:47:02.183,49.951
2026-01-13 17:47:02.201,49.955
2026-01-13 17:47:02.201,49.952
2026-01-13 17:47:02.217,49.954
2026-01-13 17:47:02.233,49.961
2026-01-13 17:47:02.234,49.973
2026-01-13 17:47:02.249,49.973
2026-01-13 17:47:02.266,49.974
2026-01-13 17:47:02.285,49.97
2026-01-13 17:47:02.285,49.962
2026-01-13 17:47:02.299,49.961
2026-01-13 17:47:02.316,49.961
2026-01-13 17:47:02.332,49.956
2026-01-13 17:47:02.349,49.952
2026-01-13 17:47:02.367,49.953
2026-01-13 17:47:02.367,49.949
2026-01-13 17:47:02.382,49.952
2026-01-13 17:47:02.401,49.958
2026-01-13 17:47:02.401,49.957
2026-01-13 17:47:02.416,49.954
2026-01-13 17:47:02.432,49.952
2026-01-13 17:47:02.451,49.957
2026-01-13 17:47:02.451,49.956
2026-01-13 17:47:02.467,49.952
2026-01-13 17:47:02.484,49.951
2026-01-13 17:47:02.499,49.951
2026-01-13 17:47:02.499,49.952
2026-01-13 17:47:02.518,49.952
2026-01-13 17:47:02.532,49.954
2026-01-13 17:47:02.532,49.961
2026-01-13 17:47:02.550,49.963
2026-01-13 17:47:02.566,49.965
2026-01-13 17:47:02.583,49.968
2026-01-13 17:47:02.583,49.97
2026-01-13 17:47:02.599,49.972
2026-01-13 17:47:02.616,49.969
2026-01-13 17:47:02.617,49.966
2026-01-13 17:47:02.633,49.971
2026-01-13 17:47:02.651,49.968
2026-01-13 17:47:02.668,49.967
2026-01-13 17:47:02.668,49.969
2026-01-13 17:47:02.685,49.968
2026-01-13 17:47:02.700,49.968
2026-01-13 17:47:02.701,49.971
2026-01-13 17:47:02.718,49.974
2026-01-13 17:47:02.732,49.973
2026-01-13 17:47:02.751,49.969
2026-01-13 17:47:02.751,49.971
2026-01-13 17:47:02.766,49.978
2026-01-13 17:47:02.785,49.977
2026-01-13 17:47:02.785,49.977
2026-01-13 17:47:02.801,49.974
2026-01-13 17:47:02.818,49.981
2026-01-13 17:47:02.835,49.981
2026-01-13 17:47:02.835,49.981
2026-01-13 17:47:02.852,49.982
2026-01-13 17:47:02.867,49.988
2026-01-13 17:47:02.884,49.989
2026-01-13 17:47:02.884,49.995
2026-01-13 17:47:02.902,50.0
2026-01-13 17:47:02.918,50.003
2026-01-13 17:47:02.918,50.007
2026-01-13 17:47:02.934,50.009
2026-01-13 17:47:02.949,50.006
2026-01-13 17:47:02.966,50.012
2026-01-13 17:47:02.966,50.006
2026-01-13 17:47:02.983,50.004
2026-01-13 17:47:03.000,50.005
2026-01-13 17:47:03.000,49.994
2026-01-13 17:47:03.023,49.987
2026-01-13 17:47:03.024,49.979
2026-01-13 17:47:03.050,49.977
2026-01-13 17:47:03.051,49.969
2026-01-13 17:47:03.067,49.969
2026-01-13 17:47:03.082,49.974
2026-01-13 17:47:03.098,49.973
2026-01-13 17:47:03.098,49.975
2026-01-13 17:47:03.117,49.973
2026-01-13 17:47:03.133,49.969
2026-01-13 17:47:03.133,49.966
2026-01-13 17:47:03.150,49.968
2026-01-13 17:47:03.165,49.968
2026-01-13 17:47:03.182,49.968
2026-01-13 17:47:03.182,49.967
2026-01-13 17:47:03.201,49.971
2026-01-13 17:47:03.217,49.974
2026-01-13 17:47:03.217,49.985
2026-01-13 17:47:03.233,49.995
2026-01-13 17:47:03.249,50.003
2026-01-13 17:47:03.267,50.006
2026-01-13 17:47:03.284,50.011
2026-01-13 17:47:03.328,50.015
2026-01-13 17:47:03.343,50.02
2026-01-13 17:47:03.344,50.03
2026-01-13 17:47:03.344,50.038
2026-01-13 17:47:03.344,50.044
2026-01-13 17:47:03.354,50.054
2026-01-13 17:47:03.368,50.061
2026-01-13 17:47:03.384,50.055
2026-01-13 17:47:03.385,50.058
2026-01-13 17:47:03.399,50.059
2026-01-13 17:47:03.418,50.06
2026-01-13 17:47:03.434,50.065
2026-01-13 17:47:03.435,50.059
2026-01-13 17:47:03.449,50.065
2026-01-13 17:47:03.466,50.06
2026-01-13 17:47:03.482,50.057
2026-01-13 17:47:03.482,50.056
2026-01-13 17:47:03.498,50.054
2026-01-13 17:47:03.517,50.053
2026-01-13 17:47:03.517,50.054
2026-01-13 17:47:03.532,50.054
2026-01-13 17:47:03.548,50.058
2026-01-13 17:47:03.564,50.062
2026-01-13 17:47:03.564,50.06
2026-01-13 17:47:03.582,50.058
2026-01-13 17:47:03.599,50.056
2026-01-13 17:47:03.617,50.054
2026-01-13 17:47:03.617,50.059
2026-01-13 17:47:03.650,50.059
2026-01-13 17:47:03.650,50.048
2026-01-13 17:47:03.665,50.037
2026-01-13 17:47:03.684,50.027
2026-01-13 17:47:03.699,50.015
2026-01-13 17:47:03.699,50.005
2026-01-13 17:47:03.716,49.998
2026-01-13 17:47:03.733,49.992
2026-01-13 17:47:03.733,49.984
2026-01-13 17:47:03.749,49.976
2026-01-13 17:47:03.765,49.964
2026-01-13 17:47:03.783,49.961
2026-01-13 17:47:03.783,49.96
2026-01-13 17:47:03.799,49.957
2026-01-13 17:47:03.816,49.954
2026-01-13 17:47:03.817,49.952
2026-01-13 17:47:03.833,49.945
2026-01-13 17:47:03.849,49.943
2026-01-13 17:47:03.864,49.947
2026-01-13 17:47:03.864,49.951
2026-01-13 17:47:03.882,49.951
2026-01-13 17:47:03.898,49.945
2026-01-13 17:47:03.915,49.941
2026-01-13 17:47:03.915,49.948
2026-01-13 17:47:03.930,49.947
2026-01-13 17:47:03.952,49.951
2026-01-13 17:47:03.952,49.947
2026-01-13 17:47:03.967,49.945
2026-01-13 17:47:03.983,49.948
2026-01-13 17:47:03.999,49.952
2026-01-13 17:47:03.999,49.951
2026-01-13 17:47:04.016,49.954
2026-01-13 17:47:04.038,49.953
2026-01-13 17:47:04.038,49.958
2026-01-13 17:47:04.047,49.965
2026-01-13 17:47:04.065,49.961
2026-01-13 17:47:04.082,49.956
2026-01-13 17:47:04.082,49.95
2026-01-13 17:47:04.098,49.953
2026-01-13 17:47:04.119,49.949
2026-01-13 17:47:04.119,49.954
2026-01-13 17:47:04.136,49.955
2026-01-13 17:47:04.151,49.954
2026-01-13 17:47:04.166,49.95
2026-01-13 17:47:04.166,49.954
2026-01-13 17:47:04.183,49.954
2026-01-13 17:47:04.198,49.958
2026-01-13 17:47:04.214,49.964
2026-01-13 17:47:04.215,49.965
2026-01-13 17:47:04.233,49.963
2026-01-13 17:47:04.249,49.959
2026-01-13 17:47:04.250,49.96
2026-01-13 17:47:04.267,49.961
2026-01-13 17:47:04.283,49.963
2026-01-13 17:47:04.300,49.961
2026-01-13 17:47:04.300,49.959
2026-01-13 17:47:04.316,49.962
2026-01-13 17:47:04.334,49.959
2026-01-13 17:47:04.335,49.953
2026-01-13 17:47:04.349,49.949
2026-01-13 17:47:04.365,49.949
2026-01-13 17:47:04.384,49.952
2026-01-13 17:47:04.384,49.953
2026-01-13 17:47:04.400,49.948
2026-01-13 17:47:04.417,49.946
2026-01-13 17:47:04.417,49.946
2026-01-13 17:47:04.433,49.946
2026-01-13 17:47:04.449,49.952
2026-01-13 17:47:04.467,49.951
2026-01-13 17:47:04.467,49.947
2026-01-13 17:47:04.482,49.946
2026-01-13 17:47:04.499,49.954
2026-01-13 17:47:04.517,49.957
2026-01-13 17:47:04.517,49.959
2026-01-13 17:47:04.534,49.954
2026-01-13 17:47:04.550,49.954
2026-01-13 17:47:04.550,49.956
2026-01-13 17:47:04.565,49.96
2026-01-13 17:47:04.581,49.976
2026-01-13 17:47:04.601,49.969
2026-01-13 17:47:04.601,49.975
2026-01-13 17:47:04.615,49.976
2026-01-13 17:47:04.632,49.976
2026-01-13 17:47:04.633,49.976
2026-01-13 17:47:04.649,49.969
2026-01-13 17:47:04.665,49.972
2026-01-13 17:47:04.693,49.975
2026-01-13 17:47:04.693,49.972
2026-01-13 17:47:04.693,49.967
2026-01-13 17:47:04.715,49.962
2026-01-13 17:47:04.731,49.97
2026-01-13 17:47:04.731,49.969
2026-01-13 17:47:04.748,49.972
2026-01-13 17:47:04.765,49.976
2026-01-13 17:47:04.766,49.981
2026-01-13 17:47:04.782,49.988
2026-01-13 17:47:04.798,49.99
2026-01-13 17:47:04.816,49.988
2026-01-13 17:47:04.816,49.985
2026-01-13 17:47:04.832,49.98
2026-01-13 17:47:04.847,49.98
2026-01-13 17:47:04.865,49.984
2026-01-13 17:47:04.865,49.987
2026-01-13 17:47:04.882,49.993
2026-01-13 17:47:04.898,49.995
2026-01-13 17:47:04.898,50.001
2026-01-13 17:47:04.915,49.995
2026-01-13 17:47:04.932,49.991
2026-01-13 17:47:04.951,49.986
2026-01-13 17:47:04.951,49.986
2026-01-13 17:47:04.968,49.988
2026-01-13 17:47:04.969,49.991
2026-01-13 17:47:04.982,49.987
2026-01-13 17:47:05.000,49.991
2026-01-13 17:47:05.022,49.983
2026-01-13 17:47:05.022,49.976
2026-01-13 17:47:05.033,49.979
2026-01-13 17:47:05.049,49.978
2026-01-13 17:47:05.065,49.974
2026-01-13 17:47:05.066,49.976
2026-01-13 17:47:05.082,49.977
2026-01-13 17:47:05.099,49.98
2026-01-13 17:47:05.115,49.974
2026-01-13 17:47:05.115,49.973
2026-01-13 17:47:05.131,49.972
2026-01-13 17:47:05.147,49.973
2026-01-13 17:47:05.164,49.983
2026-01-13 17:47:05.164,49.982
2026-01-13 17:47:05.181,49.982
2026-01-13 17:47:05.197,49.982
2026-01-13 17:47:05.197,49.983
2026-01-13 17:47:05.215,49.979
2026-01-13 17:47:05.230,49.976
2026-01-13 17:47:05.248,49.974
2026-01-13 17:47:05.248,49.977
2026-01-13 17:47:05.265,49.982
2026-01-13 17:47:05.281,49.986
2026-01-13 17:47:05.281,49.991
2026-01-13 17:47:05.298,49.988
2026-01-13 17:47:05.314,49.984
2026-01-13 17:47:05.331,49.987
2026-01-13 17:47:05.331,49.991
2026-01-13 17:47:05.348,49.994
2026-01-13 17:47:05.364,49.99
2026-01-13 17:47:05.365,49.988
2026-01-13 17:47:05.383,49.983
2026-01-13 17:47:05.397,49.98
2026-01-13 17:47:05.413,49.974
2026-01-13 17:47:05.414,49.971
2026-01-13 17:47:05.430,49.967
2026-01-13 17:47:05.447,49.972
2026-01-13 17:47:05.464,49.967
2026-01-13 17:47:05.464,49.962
2026-01-13 17:47:05.480,49.958
2026-01-13 17:47:05.499,49.957
2026-01-13 17:47:05.499,49.96
2026-01-13 17:47:05.515,49.96
2026-01-13 17:47:05.532,49.965
2026-01-13 17:47:05.533,49.972
2026-01-13 17:47:05.548,49.971
2026-01-13 17:47:05.567,49.97
2026-01-13 17:47:05.583,49.97
2026-01-13 17:47:05.584,49.973
2026-01-13 17:47:05.598,49.97
2026-01-13 17:47:05.615,49.967
2026-01-13 17:47:05.631,49.968
2026-01-13 17:47:05.632,49.975
2026-01-13 17:47:05.649,49.974
2026-01-13 17:47:05.666,49.97
2026-01-13 17:47:05.667,49.975
2026-01-13 17:47:05.682,49.981
2026-01-13 17:47:05.699,49.984
2026-01-13 17:47:05.717,49.984
2026-01-13 17:47:05.718,49.988
2026-01-13 17:47:05.732,49.989
2026-01-13 17:47:05.750,49.991
2026-01-13 17:47:05.750,49.994
2026-01-13 17:47:05.766,49.992
2026-01-13 17:47:05.782,49.992
2026-01-13 17:47:05.800,49.986
2026-01-13 17:47:05.816,49.986
2026-01-13 17:47:05.832,49.979
2026-01-13 17:47:05.833,49.979
2026-01-13 17:47:05.849,49.979
2026-01-13 17:47:05.866,49.979
2026-01-13 17:47:05.883,49.984
2026-01-13 17:47:05.884,49.986
2026-01-13 17:47:05.899,49.988
2026-01-13 17:47:05.915,49.99
2026-01-13 17:47:05.932,49.988
2026-01-13 17:47:05.932,49.986
2026-01-13 17:47:05.950,49.985
2026-01-13 17:47:05.965,49.994
2026-01-13 17:47:05.965,49.987
2026-01-13 17:47:05.984,49.987
2026-01-13 17:47:05.999,49.987
2026-01-13 17:47:06.015,49.985
2026-01-13 17:47:06.015,49.982
2026-01-13 17:47:06.077,49.985
2026-01-13 17:47:06.078,49.983
2026-01-13 17:47:06.080,49.991
2026-01-13 17:47:06.080,49.988
2026-01-13 17:47:06.080,49.99
2026-01-13 17:47:06.087,49.989
2026-01-13 17:47:06.098,49.988
2026-01-13 17:47:06.116,49.988
2026-01-13 17:47:06.133,49.985
2026-01-13 17:47:06.133,49.986
2026-01-13 17:47:06.149,49.987
2026-01-13 17:47:06.165,49.982
2026-01-13 17:47:06.181,49.98
2026-01-13 17:47:06.182,49.983
2026-01-13 17:47:06.198,49.992
2026-01-13 17:47:06.215,49.989
2026-01-13 17:47:06.233,49.982
2026-01-13 17:47:06.233,49.981
2026-01-13 17:47:06.247,49.978
2026-01-13 17:47:06.265,49.981
2026-01-13 17:47:06.265,49.973
2026-01-13 17:47:06.281,49.963
2026-01-13 17:47:06.299,49.967
2026-01-13 17:47:06.316,49.965
2026-01-13 17:47:06.317,49.963
2026-01-13 17:47:06.332,49.96
2026-01-13 17:47:06.349,49.961
2026-01-13 17:47:06.349,49.962
2026-01-13 17:47:06.366,49.961
2026-01-13 17:47:06.383,49.963
2026-01-13 17:47:06.384,49.957
2026-01-13 17:47:06.399,49.954
2026-01-13 17:47:06.415,49.957
2026-01-13 17:47:06.433,49.956
2026-01-13 17:47:06.433,49.961
2026-01-13 17:47:06.449,49.958
2026-01-13 17:47:06.465,49.957
2026-01-13 17:47:06.483,49.955
2026-01-13 17:47:06.483,49.961
2026-01-13 17:47:06.499,49.964
2026-01-13 17:47:06.515,49.962
2026-01-13 17:47:06.517,49.957
2026-01-13 17:47:06.532,49.96
2026-01-13 17:47:06.549,49.962
2026-01-13 17:47:06.566,49.962
2026-01-13 17:47:06.567,49.955
2026-01-13 17:47:06.583,49.948
2026-01-13 17:47:06.599,49.952
2026-01-13 17:47:06.617,49.953
2026-01-13 17:47:06.617,49.955
2026-01-13 17:47:06.632,49.945
2026-01-13 17:47:06.649,49.943
2026-01-13 17:47:06.649,49.949
2026-01-13 17:47:06.666,49.947
2026-01-13 17:47:06.683,49.948
2026-01-13 17:47:06.698,49.948
2026-01-13 17:47:06.698,49.957
2026-01-13 17:47:06.715,49.962
2026-01-13 17:47:06.733,49.961
2026-01-13 17:47:06.733,49.954
2026-01-13 17:47:06.748,49.955
2026-01-13 17:47:06.765,49.958
2026-01-13 17:47:06.782,49.96
2026-01-13 17:47:06.783,49.955
2026-01-13 17:47:06.799,49.956
2026-01-13 17:47:06.814,49.959
2026-01-13 17:47:06.833,49.96
2026-01-13 17:47:06.833,49.957
2026-01-13 17:47:06.848,49.952
2026-01-13 17:47:06.866,49.951
2026-01-13 17:47:06.883,49.949
2026-01-13 17:47:06.898,49.956
2026-01-13 17:47:06.914,49.956
2026-01-13 17:47:06.915,49.968
2026-01-13 17:47:06.947,49.964
2026-01-13 17:47:06.948,49.97
2026-01-13 17:47:06.965,49.969
2026-01-13 17:47:06.981,49.967
2026-01-13 17:47:06.997,49.972
2026-01-13 17:47:06.998,49.978
2026-01-13 17:47:07.021,49.979
2026-01-13 17:47:07.021,49.971
2026-01-13 17:47:07.048,49.978
2026-01-13 17:47:07.049,49.98
2026-01-13 17:47:07.065,49.976
2026-01-13 17:47:07.082,49.976
2026-01-13 17:47:07.082,49.976
2026-01-13 17:47:07.097,49.977
2026-01-13 17:47:07.116,49.972
2026-01-13 17:47:07.117,49.978
2026-01-13 17:47:07.132,49.979
2026-01-13 17:47:07.148,49.983
2026-01-13 17:47:07.165,49.972
2026-01-13 17:47:07.165,49.975
2026-01-13 17:47:07.183,49.977
2026-01-13 17:47:07.198,49.973
2026-01-13 17:47:07.215,49.971
2026-01-13 17:47:07.215,49.974
2026-01-13 17:47:07.233,49.98
2026-01-13 17:47:07.249,49.983
2026-01-13 17:47:07.249,49.988
2026-01-13 17:47:07.266,49.988
2026-01-13 17:47:07.282,49.985
2026-01-13 17:47:07.299,49.968
2026-01-13 17:47:07.299,49.975
2026-01-13 17:47:07.316,49.974
2026-01-13 17:47:07.334,49.97
2026-01-13 17:47:07.334,49.967
2026-01-13 17:47:07.348,49.979
2026-01-13 17:47:07.365,49.975
2026-01-13 17:47:07.382,49.971
2026-01-13 17:47:07.383,49.971
2026-01-13 17:47:07.397,49.975
2026-01-13 17:47:07.427,49.974
2026-01-13 17:47:07.428,49.978
2026-01-13 17:47:07.429,49.979
2026-01-13 17:47:07.449,49.983
2026-01-13 17:47:07.465,49.987
2026-01-13 17:47:07.466,49.985
2026-01-13 17:47:07.482,49.99
2026-01-13 17:47:07.499,49.989
2026-01-13 17:47:07.516,49.995
2026-01-13 17:47:07.516,49.993
2026-01-13 17:47:07.532,49.995
2026-01-13 17:47:07.549,49.995
2026-01-13 17:47:07.549,50.001
2026-01-13 17:47:07.565,49.996
2026-01-13 17:47:07.582,49.999
2026-01-13 17:47:07.598,50.001
2026-01-13 17:47:07.598,50.002
2026-01-13 17:47:07.614,50.005
2026-01-13 17:47:07.632,50.004
2026-01-13 17:47:07.633,50.004
2026-01-13 17:47:07.648,50.004
2026-01-13 17:47:07.665,50.002
2026-01-13 17:47:07.682,50.006
2026-01-13 17:47:07.682,50.006
2026-01-13 17:47:07.699,50.006
2026-01-13 17:47:07.715,50.008
2026-01-13 17:47:07.732,50.003
2026-01-13 17:47:07.732,50.013
2026-01-13 17:47:07.749,50.015
2026-01-13 17:47:07.766,50.015
2026-01-13 17:47:07.766,50.018
2026-01-13 17:47:07.782,50.019
2026-01-13 17:47:07.800,50.02
2026-01-13 17:47:07.815,50.02
2026-01-13 17:47:07.816,50.022
2026-01-13 17:47:07.832,50.019
2026-01-13 17:47:07.849,50.022
2026-01-13 17:47:07.849,50.024
2026-01-13 17:47:07.864,50.029
2026-01-13 17:47:07.882,50.031
2026-01-13 17:47:07.900,50.034
2026-01-13 17:47:07.900,50.027
2026-01-13 17:47:07.914,50.034
2026-01-13 17:47:07.932,50.028
2026-01-13 17:47:07.947,50.03
2026-01-13 17:47:07.947,50.024
2026-01-13 17:47:07.963,50.025
2026-01-13 17:47:07.980,50.022
2026-01-13 17:47:07.981,50.017
2026-01-13 17:47:07.999,50.009
2026-01-13 17:47:08.021,50.008
2026-01-13 17:47:08.030,50.005
2026-01-13 17:47:08.048,50.007
2026-01-13 17:47:08.065,50.006
2026-01-13 17:47:08.065,50.001
2026-01-13 17:47:08.081,50.007
2026-01-13 17:47:08.098,50.004
2026-01-13 17:47:08.114,50.0
2026-01-13 17:47:08.114,49.999
2026-01-13 17:47:08.131,50.0
2026-01-13 17:47:08.147,49.999
2026-01-13 17:47:08.148,49.993
2026-01-13 17:47:08.165,49.989
2026-01-13 17:47:08.181,49.993
2026-01-13 17:47:08.197,49.994
2026-01-13 17:47:08.199,49.989
2026-01-13 17:47:08.214,49.996
2026-01-13 17:47:08.231,49.995
2026-01-13 17:47:08.249,49.997
2026-01-13 17:47:08.249,50.0
2026-01-13 17:47:08.265,50.006
2026-01-13 17:47:08.281,50.003
2026-01-13 17:47:08.281,50.002
2026-01-13 17:47:08.299,50.005
2026-01-13 17:47:08.316,50.01
2026-01-13 17:47:08.316,50.015
2026-01-13 17:47:08.332,50.02
2026-01-13 17:47:08.348,50.024
2026-01-13 17:47:08.365,50.032
2026-01-13 17:47:08.365,50.042
2026-01-13 17:47:08.381,50.049
2026-01-13 17:47:08.398,50.051
2026-01-13 17:47:08.414,50.062
2026-01-13 17:47:08.416,50.069
2026-01-13 17:47:08.431,50.071
2026-01-13 17:47:08.449,50.074
2026-01-13 17:47:08.449,50.076
2026-01-13 17:47:08.464,50.076
2026-01-13 17:47:08.482,50.071
2026-01-13 17:47:08.498,50.077
2026-01-13 17:47:08.498,50.085
2026-01-13 17:47:08.515,50.083
2026-01-13 17:47:08.531,50.088
2026-01-13 17:47:08.532,50.088
2026-01-13 17:47:08.548,50.081
2026-01-13 17:47:08.565,50.08
2026-01-13 17:47:08.583,50.08
2026-01-13 17:47:08.583,50.078
2026-01-13 17:47:08.597,50.072
2026-01-13 17:47:08.615,50.068
2026-01-13 17:47:08.631,50.065
2026-01-13 17:47:08.631,50.061
2026-01-13 17:47:08.648,50.063
2026-01-13 17:47:08.666,50.058
2026-01-13 17:47:08.666,50.051
2026-01-13 17:47:08.681,50.046
2026-01-13 17:47:08.699,50.042
2026-01-13 17:47:08.716,50.039
2026-01-13 17:47:08.716,50.031
2026-01-13 17:47:08.732,50.025
2026-01-13 17:47:08.749,50.021
2026-01-13 17:47:08.749,50.02
2026-01-13 17:47:08.790,50.01
2026-01-13 17:47:08.791,50.009
2026-01-13 17:47:08.791,50.001
2026-01-13 17:47:08.798,50.0
2026-01-13 17:47:08.815,50.002
2026-01-13 17:47:08.831,50.0
2026-01-13 17:47:08.849,49.998
2026-01-13 17:47:08.850,50.0
2026-01-13 17:47:08.865,49.998
2026-01-13 17:47:08.882,50.002
2026-01-13 17:47:08.882,50.001
2026-01-13 17:47:08.899,49.996
2026-01-13 17:47:08.915,49.998
2026-01-13 17:47:08.932,49.999
2026-01-13 17:47:08.932,50.004
2026-01-13 17:47:08.948,50.003
2026-01-13 17:47:08.965,50.003
2026-01-13 17:47:08.966,50.005
2026-01-13 17:47:08.982,50.009
2026-01-13 17:47:08.998,50.02
2026-01-13 17:47:09.015,50.025
2026-01-13 17:47:09.015,50.038
2026-01-13 17:47:09.039,50.037
2026-01-13 17:47:09.039,50.036
2026-01-13 17:47:09.048,50.032
2026-01-13 17:47:09.063,50.026
2026-01-13 17:47:09.082,50.024
2026-01-13 17:47:09.098,50.024
2026-01-13 17:47:09.098,50.023
2026-01-13 17:47:09.114,50.026
2026-01-13 17:47:09.130,50.031
2026-01-13 17:47:09.148,50.03
2026-01-13 17:47:09.148,50.026
2026-01-13 17:47:09.164,50.024
2026-01-13 17:47:09.181,50.024
2026-01-13 17:47:09.181,50.01
2026-01-13 17:47:09.198,50.005
2026-01-13 17:47:09.213,50.0
2026-01-13 17:47:09.230,50.004
2026-01-13 17:47:09.231,50.009
2026-01-13 17:47:09.247,50.005
2026-01-13 17:47:09.263,50.004
2026-01-13 17:47:09.281,50.001
2026-01-13 17:47:09.281,49.999
2026-01-13 17:47:09.297,49.988
2026-01-13 17:47:09.314,49.987
2026-01-13 17:47:09.314,49.983
2026-01-13 17:47:09.331,49.979
2026-01-13 17:47:09.348,49.978
2026-01-13 17:47:09.349,49.973
2026-01-13 17:47:09.363,49.971
2026-01-13 17:47:09.382,49.975
2026-01-13 17:47:09.398,49.966
2026-01-13 17:47:09.398,49.961
2026-01-13 17:47:09.415,49.966
2026-01-13 17:47:09.431,49.965
2026-01-13 17:47:09.433,49.961
2026-01-13 17:47:09.448,49.963
2026-01-13 17:47:09.464,49.959
2026-01-13 17:47:09.482,49.965
2026-01-13 17:47:09.482,49.965
2026-01-13 17:47:09.498,49.965
2026-01-13 17:47:09.515,49.977
2026-01-13 17:47:09.532,49.979
2026-01-13 17:47:09.532,49.988
2026-01-13 17:47:09.547,49.989
2026-01-13 17:47:09.565,49.991
2026-01-13 17:47:09.566,49.998
2026-01-13 17:47:09.581,50.003
2026-01-13 17:47:09.598,50.015
2026-01-13 17:47:09.615,50.011
2026-01-13 17:47:09.616,50.013
2026-01-13 17:47:09.632,50.014
2026-01-13 17:47:09.648,50.017
2026-01-13 17:47:09.649,50.014
2026-01-13 17:47:09.666,50.009
2026-01-13 17:47:09.682,50.016
2026-01-13 17:47:09.698,50.011
2026-01-13 17:47:09.698,50.007
2026-01-13 17:47:09.714,50.002
2026-01-13 17:47:09.730,49.991
2026-01-13 17:47:09.747,49.986
2026-01-13 17:47:09.747,49.983
2026-01-13 17:47:09.763,49.976
2026-01-13 17:47:09.781,49.974
2026-01-13 17:47:09.782,49.969
2026-01-13 17:47:09.798,49.972
2026-01-13 17:47:09.815,49.969
2026-01-13 17:47:09.831,49.973
2026-01-13 17:47:09.831,49.984
2026-01-13 17:47:09.850,49.983
2026-01-13 17:47:09.865,49.981
2026-01-13 17:47:09.865,49.987
2026-01-13 17:47:09.882,49.986
2026-01-13 17:47:09.897,49.989
2026-01-13 17:47:09.915,49.99
2026-01-13 17:47:09.916,49.981
2026-01-13 17:47:09.932,49.977
2026-01-13 17:47:09.948,49.974
2026-01-13 17:47:09.949,49.971
2026-01-13 17:47:09.965,49.965
2026-01-13 17:47:09.982,49.963
2026-01-13 17:47:09.999,49.965
2026-01-13 17:47:09.999,49.965
2026-01-13 17:47:10.022,49.974
2026-01-13 17:47:10.022,49.976
2026-01-13 17:47:10.032,49.974
2026-01-13 17:47:10.048,49.972
2026-01-13 17:47:10.066,49.975
2026-01-13 17:47:10.082,49.983
2026-01-13 17:47:10.082,49.988
2026-01-13 17:47:10.098,50.0
2026-01-13 17:47:10.115,49.992
2026-01-13 17:47:10.116,49.992
2026-01-13 17:47:10.156,49.992
2026-01-13 17:47:10.156,49.989
2026-01-13 17:47:10.156,49.989
2026-01-13 17:47:10.181,49.982
2026-01-13 17:47:10.181,49.982
2026-01-13 17:47:10.199,49.975
2026-01-13 17:47:10.214,49.968
2026-01-13 17:47:10.214,49.972
2026-01-13 17:47:10.232,49.982
2026-01-13 17:47:10.247,49.983
2026-01-13 17:47:10.264,49.988
2026-01-13 17:47:10.265,49.985
2026-01-13 17:47:10.283,49.983
2026-01-13 17:47:10.298,49.983
2026-01-13 17:47:10.299,49.984
2026-01-13 17:47:10.315,49.983
2026-01-13 17:47:10.331,49.985
2026-01-13 17:47:10.348,49.986
2026-01-13 17:47:10.348,49.995
2026-01-13 17:47:10.365,49.992
2026-01-13 17:47:10.382,49.989
2026-01-13 17:47:10.382,49.984
2026-01-13 17:47:10.398,49.976
2026-01-13 17:47:10.415,49.97
2026-01-13 17:47:10.432,49.966
2026-01-13 17:47:10.434,49.964
2026-01-13 17:47:10.447,49.96
2026-01-13 17:47:10.464,49.972
2026-01-13 17:47:10.465,49.967
2026-01-13 17:47:10.483,49.968
2026-01-13 17:47:10.498,49.972
2026-01-13 17:47:10.514,49.981
2026-01-13 17:47:10.514,49.991
2026-01-13 17:47:10.531,49.992
2026-01-13 17:47:10.548,49.994
2026-01-13 17:47:10.549,49.995
2026-01-13 17:47:10.565,49.999
2026-01-13 17:47:10.581,50.002
2026-01-13 17:47:10.598,50.008
2026-01-13 17:47:10.598,50.009
2026-01-13 17:47:10.613,50.017
2026-01-13 17:47:10.633,50.012
2026-01-13 17:47:10.633,50.004
2026-01-13 17:47:10.648,49.999
2026-01-13 17:47:10.663,49.997
2026-01-13 17:47:10.680,49.992
2026-01-13 17:47:10.681,49.993
2026-01-13 17:47:10.697,49.988
2026-01-13 17:47:10.712,49.995
2026-01-13 17:47:10.732,49.997
2026-01-13 17:47:10.733,50.008
2026-01-13 17:47:10.748,50.021
2026-01-13 17:47:10.765,50.023
2026-01-13 17:47:10.765,50.023
2026-01-13 17:47:10.782,50.026
2026-01-13 17:47:10.798,50.026
2026-01-13 17:47:10.815,50.022
2026-01-13 17:47:10.815,50.021
2026-01-13 17:47:10.831,50.023
2026-01-13 17:47:10.848,50.03
2026-01-13 17:47:10.848,50.038
2026-01-13 17:47:10.864,50.036
2026-01-13 17:47:10.882,50.04
2026-01-13 17:47:10.898,50.03
2026-01-13 17:47:10.898,50.033
2026-01-13 17:47:10.914,50.022
2026-01-13 17:47:10.931,50.026
2026-01-13 17:47:10.932,50.034
2026-01-13 17:47:10.947,50.029
2026-01-13 17:47:10.966,50.037
2026-01-13 17:47:10.982,50.047
2026-01-13 17:47:10.982,50.04
2026-01-13 17:47:10.998,50.037
2026-01-13 17:47:11.015,50.039
2026-01-13 17:47:11.039,50.03
2026-01-13 17:47:11.039,50.034
2026-01-13 17:47:11.046,50.029
2026-01-13 17:47:11.064,50.032
2026-01-13 17:47:11.081,50.029
2026-01-13 17:47:11.082,50.022
2026-01-13 17:47:11.097,50.026
2026-01-13 17:47:11.114,50.025
2026-01-13 17:47:11.114,50.026
2026-01-13 17:47:11.131,50.025
2026-01-13 17:47:11.148,50.02
2026-01-13 17:47:11.149,50.024
2026-01-13 17:47:11.164,50.02
2026-01-13 17:47:11.179,50.016
2026-01-13 17:47:11.196,50.018
2026-01-13 17:47:11.196,50.018
2026-01-13 17:47:11.214,50.015
2026-01-13 17:47:11.231,50.018
2026-01-13 17:47:11.248,50.02
2026-01-13 17:47:11.248,50.022
2026-01-13 17:47:11.265,50.02
2026-01-13 17:47:11.281,50.016
2026-01-13 17:47:11.282,50.019
2026-01-13 17:47:11.296,50.019
2026-01-13 17:47:11.314,50.012
2026-01-13 17:47:11.331,50.011
2026-01-13 17:47:11.331,50.014
2026-01-13 17:47:11.347,50.019
2026-01-13 17:47:11.363,50.023
2026-01-13 17:47:11.381,50.024
2026-01-13 17:47:11.381,50.02
2026-01-13 17:47:11.397,50.019
2026-01-13 17:47:11.413,50.021
2026-01-13 17:47:11.413,50.017
2026-01-13 17:47:11.429,50.02
2026-01-13 17:47:11.449,50.015
2026-01-13 17:47:11.449,50.025
2026-01-13 17:47:11.463,50.03
2026-01-13 17:47:11.481,50.03
2026-01-13 17:47:11.513,50.026
2026-01-13 17:47:11.513,50.015
2026-01-13 17:47:11.514,50.02
2026-01-13 17:47:11.520,50.015
2026-01-13 17:47:11.546,50.019
2026-01-13 17:47:11.546,50.019
2026-01-13 17:47:11.563,50.02
2026-01-13 17:47:11.581,50.022
2026-01-13 17:47:11.581,50.017
2026-01-13 17:47:11.596,50.013
2026-01-13 17:47:11.614,50.021
2026-01-13 17:47:11.630,50.032
2026-01-13 17:47:11.630,50.031
2026-01-13 17:47:11.646,50.034
2026-01-13 17:47:11.663,50.037
2026-01-13 17:47:11.664,50.034
2026-01-13 17:47:11.680,50.033
2026-01-13 17:47:11.697,50.035
2026-01-13 17:47:11.714,50.041
2026-01-13 17:47:11.714,50.037
2026-01-13 17:47:11.731,50.041
2026-01-13 17:47:11.746,50.041
2026-01-13 17:47:11.763,50.048
2026-01-13 17:47:11.763,50.053
2026-01-13 17:47:11.780,50.044
2026-01-13 17:47:11.796,50.042
2026-01-13 17:47:11.796,50.05
2026-01-13 17:47:11.814,50.043
2026-01-13 17:47:11.830,50.051
2026-01-13 17:47:11.847,50.047
2026-01-13 17:47:11.847,50.042
2026-01-13 17:47:11.863,50.043
2026-01-13 17:47:11.881,50.041
2026-01-13 17:47:11.881,50.034
2026-01-13 17:47:11.897,50.046
2026-01-13 17:47:11.914,50.041
2026-01-13 17:47:11.930,50.04
2026-01-13 17:47:11.930,50.041
2026-01-13 17:47:11.946,50.039
2026-01-13 17:47:11.964,50.027
2026-01-13 17:47:11.965,50.023
2026-01-13 17:47:11.979,50.014
2026-01-13 17:47:11.997,50.012
2026-01-13 17:47:12.021,50.003
2026-01-13 17:47:12.022,50.002
2026-01-13 17:47:12.030,49.996
2026-01-13 17:47:12.046,50.002
2026-01-13 17:47:12.063,49.995
2026-01-13 17:47:12.064,49.991
2026-01-13 17:47:12.079,49.989
2026-01-13 17:47:12.096,49.995
2026-01-13 17:47:12.096,50.001
2026-01-13 17:47:12.114,50.003
2026-01-13 17:47:12.130,49.999
2026-01-13 17:47:12.148,49.998
2026-01-13 17:47:12.148,49.993
2026-01-13 17:47:12.163,49.992
2026-01-13 17:47:12.180,49.997
2026-01-13 17:47:12.181,49.993
2026-01-13 17:47:12.196,50.006
2026-01-13 17:47:12.215,49.995
2026-01-13 17:47:12.231,49.992
2026-01-13 17:47:12.231,49.992
2026-01-13 17:47:12.248,49.984
2026-01-13 17:47:12.266,49.988
2026-01-13 17:47:12.267,49.986
2026-01-13 17:47:12.282,49.986
2026-01-13 17:47:12.298,49.987
2026-01-13 17:47:12.314,49.99
2026-01-13 17:47:12.314,49.986
2026-01-13 17:47:12.331,49.982
2026-01-13 17:47:12.347,49.98
2026-01-13 17:47:12.365,49.993
2026-01-13 17:47:12.365,49.989
2026-01-13 17:47:12.381,49.984
2026-01-13 17:47:12.397,49.984
2026-01-13 17:47:12.397,49.983
2026-01-13 17:47:12.414,49.989
2026-01-13 17:47:12.432,49.992
2026-01-13 17:47:12.447,49.988
2026-01-13 17:47:12.447,49.994
2026-01-13 17:47:12.464,49.999
2026-01-13 17:47:12.481,50.009
2026-01-13 17:47:12.482,50.007
2026-01-13 17:47:12.497,50.01
2026-01-13 17:47:12.514,50.004
2026-01-13 17:47:12.531,50.01
2026-01-13 17:47:12.531,50.006
2026-01-13 17:47:12.547,50.001
2026-01-13 17:47:12.565,49.995
2026-01-13 17:47:12.565,49.987
2026-01-13 17:47:12.582,49.983
2026-01-13 17:47:12.598,49.984
2026-01-13 17:47:12.614,49.979
2026-01-13 17:47:12.614,49.989
2026-01-13 17:47:12.631,49.993
2026-01-13 17:47:12.647,49.995
2026-01-13 17:47:12.648,49.991
2026-01-13 17:47:12.664,49.993
2026-01-13 17:47:12.681,49.988
2026-01-13 17:47:12.697,49.985
2026-01-13 17:47:12.697,49.984
2026-01-13 17:47:12.714,49.978
2026-01-13 17:47:12.732,49.975
2026-01-13 17:47:12.733,49.974
2026-01-13 17:47:12.748,49.97
2026-01-13 17:47:12.764,49.966
2026-01-13 17:47:12.782,49.972
2026-01-13 17:47:12.782,49.97
2026-01-13 17:47:12.798,49.974
2026-01-13 17:47:12.816,49.976
2026-01-13 17:47:12.816,49.978
2026-01-13 17:47:12.831,49.986
2026-01-13 17:47:12.847,49.994
2026-01-13 17:47:12.895,49.991
2026-01-13 17:47:12.896,49.995
2026-01-13 17:47:12.896,49.998
2026-01-13 17:47:12.902,50.006
2026-01-13 17:47:12.914,50.003
2026-01-13 17:47:12.931,50.0
2026-01-13 17:47:12.947,50.004
2026-01-13 17:47:12.963,50.0
2026-01-13 17:47:12.982,49.998
2026-01-13 17:47:12.996,50.0
2026-01-13 17:47:12.997,49.998
2026-01-13 17:47:13.014,49.999
2026-01-13 17:47:13.038,49.993
2026-01-13 17:47:13.039,49.996
2026-01-13 17:47:13.046,49.999
2026-01-13 17:47:13.064,50.0
2026-01-13 17:47:13.081,50.007
2026-01-13 17:47:13.081,50.008
2026-01-13 17:47:13.096,50.007
2026-01-13 17:47:13.115,50.01
2026-01-13 17:47:13.116,50.005
2026-01-13 17:47:13.131,50.0
2026-01-13 17:47:13.148,49.999
2026-01-13 17:47:13.164,49.999
2026-01-13 17:47:13.164,50.005
2026-01-13 17:47:13.180,50.003
2026-01-13 17:47:13.198,50.004
2026-01-13 17:47:13.215,50.001
2026-01-13 17:47:13.215,50.002
2026-01-13 17:47:13.231,50.0
2026-01-13 17:47:13.247,50.001
2026-01-13 17:47:13.264,50.004
2026-01-13 17:47:13.265,49.999
2026-01-13 17:47:13.282,49.996
2026-01-13 17:47:13.298,49.989
2026-01-13 17:47:13.298,49.985
2026-01-13 17:47:13.315,49.985
2026-01-13 17:47:13.335,49.979
2026-01-13 17:47:13.336,49.981
2026-01-13 17:47:13.346,49.981
2026-01-13 17:47:13.364,49.987
2026-01-13 17:47:13.380,49.983
2026-01-13 17:47:13.380,49.982
2026-01-13 17:47:13.398,49.977
2026-01-13 17:47:13.414,49.975
2026-01-13 17:47:13.430,49.975
2026-01-13 17:47:13.430,49.971
2026-01-13 17:47:13.448,49.973
2026-01-13 17:47:13.465,49.972
2026-01-13 17:47:13.465,49.969
2026-01-13 17:47:13.480,49.974
2026-01-13 17:47:13.497,49.982
2026-01-13 17:47:13.514,49.981
2026-01-13 17:47:13.515,49.979
2026-01-13 17:47:13.548,49.976
2026-01-13 17:47:13.549,49.973
2026-01-13 17:47:13.564,49.975
2026-01-13 17:47:13.581,49.975
2026-01-13 17:47:13.597,49.977
2026-01-13 17:47:13.597,49.981
2026-01-13 17:47:13.614,49.978
2026-01-13 17:47:13.629,49.977
2026-01-13 17:47:13.646,49.979
2026-01-13 17:47:13.646,49.979
2026-01-13 17:47:13.663,49.98
2026-01-13 17:47:13.680,49.979
2026-01-13 17:47:13.696,49.975
2026-01-13 17:47:13.697,49.977
2026-01-13 17:47:13.713,49.978
2026-01-13 17:47:13.730,49.976
2026-01-13 17:47:13.730,49.972
2026-01-13 17:47:13.746,49.967
2026-01-13 17:47:13.763,49.975
2026-01-13 17:47:13.780,49.976
2026-01-13 17:47:13.780,49.982
2026-01-13 17:47:13.797,49.978
2026-01-13 17:47:13.814,49.98
2026-01-13 17:47:13.814,49.978
2026-01-13 17:47:13.831,49.979
2026-01-13 17:47:13.847,49.982
2026-01-13 17:47:13.864,49.98
2026-01-13 17:47:13.864,49.978
2026-01-13 17:47:13.882,49.979
2026-01-13 17:47:13.897,49.978
2026-01-13 17:47:13.897,49.981
2026-01-13 17:47:13.914,49.984
2026-01-13 17:47:13.930,49.983
2026-01-13 17:47:13.946,49.985
2026-01-13 17:47:13.948,49.985
2026-01-13 17:47:13.963,49.992
2026-01-13 17:47:13.981,49.987
2026-01-13 17:47:13.981,49.98
2026-01-13 17:47:13.997,49.979
2026-01-13 17:47:14.022,49.974
2026-01-13 17:47:14.022,49.976
2026-01-13 17:47:14.031,49.975
2026-01-13 17:47:14.046,49.972
2026-01-13 17:47:14.062,49.971
2026-01-13 17:47:14.081,49.967
2026-01-13 17:47:14.083,49.964
2026-01-13 17:47:14.098,49.965
2026-01-13 17:47:14.113,49.966
2026-01-13 17:47:14.114,49.963
2026-01-13 17:47:14.130,49.96
2026-01-13 17:47:14.146,49.957
2026-01-13 17:47:14.164,49.954
2026-01-13 17:47:14.165,49.957
2026-01-13 17:47:14.180,49.973
2026-01-13 17:47:14.198,49.975
2026-01-13 17:47:14.198,49.977
2026-01-13 17:47:14.237,49.973
2026-01-13 17:47:14.238,49.965
2026-01-13 17:47:14.238,49.964
2026-01-13 17:47:14.244,49.97
2026-01-13 17:47:14.263,49.972
2026-01-13 17:47:14.281,49.972
2026-01-13 17:47:14.281,49.973
2026-01-13 17:47:14.297,49.97
2026-01-13 17:47:14.314,49.97
2026-01-13 17:47:14.331,49.969
2026-01-13 17:47:14.347,49.974
2026-01-13 17:47:14.363,49.967
2026-01-13 17:47:14.364,49.962
2026-01-13 17:47:14.381,49.965
2026-01-13 17:47:14.396,49.966
2026-01-13 17:47:14.414,49.963
2026-01-13 17:47:14.414,49.976
2026-01-13 17:47:14.431,49.967
2026-01-13 17:47:14.447,49.969
2026-01-13 17:47:14.448,49.967
2026-01-13 17:47:14.465,49.957
2026-01-13 17:47:14.481,49.96
2026-01-13 17:47:14.497,49.961
2026-01-13 17:47:14.498,49.957
2026-01-13 17:47:14.514,49.957
2026-01-13 17:47:14.532,49.964
2026-01-13 17:47:14.533,49.963
2026-01-13 17:47:14.548,49.966
2026-01-13 17:47:14.563,49.968
2026-01-13 17:47:14.580,49.97
2026-01-13 17:47:14.580,49.97
2026-01-13 17:47:14.597,49.973
2026-01-13 17:47:14.614,49.969
