Timestamp,Device Name,Address,Distance (m),Confidence Level
1/13/2026 17:18:19.861,Nordic CS Reflector A,E2:13:07:97:B1:7E,10.5,2
1/13/2026 17:18:19.885,Nordic CS Reflector A,E2:13:07:97:B1:7E,10.5,2
1/13/2026 17:18:19.936,Nordic CS Reflector A,E2:13:07:97:B1:7E,10.5,2
1/13/2026 17:18:20.043,Nordic CS Reflector A,E2:13:07:97:B1:7E,10.5,2
1/13/2026 17:18:20.060,Nordic CS Reflector A,E2:13:07:97:B1:7E,10.53,2
1/13/2026 17:18:20.061,Nordic CS Reflector A,E2:13:07:97:B1:7E,10.53,2
1/13/2026 17:18:20.541,Nordic CS Reflector A,E2:13:07:97:B1:7E,10.53,2
1/13/2026 17:18:20.542,Nordic CS Reflector A,E2:13:07:97:B1:7E,10.53,2
1/13/2026 17:18:20.543,Nordic CS Reflector A,E2:13:07:97:B1:7E,10.53,2
1/13/2026 17:18:20.570,Nordic CS Reflector A,E2:13:07:97:B1:7E,10.21,2
1/13/2026 17:18:20.589,Nordic CS Reflector A,E2:13:07:97:B1:7E,10.21,2
1/13/2026 17:18:20.590,Nordic CS Reflector A,E2:13:07:97:B1:7E,10.21,2
1/13/2026 17:18:20.652,Nordic CS Reflector A,E2:13:07:97:B1:7E,10.21,2
1/13/2026 17:18:20.653,Nordic CS Reflector A,E2:13:07:97:B1:7E,10.21,2
1/13/2026 17:18:20.736,Nordic CS Reflector A,E2:13:07:97:B1:7E,10.21,2
1/13/2026 17:18:21.031,Nordic CS Reflector A,E2:13:07:97:B1:7E,10.21,2
1/13/2026 17:18:21.032,Nordic CS Reflector A,E2:13:07:97:B1:7E,10.21,2
1/13/2026 17:18:21.069,Nordic CS Reflector A,E2:13:07:97:B1:7E,10.21,2
1/13/2026 17:18:21.070,Nordic CS Reflector A,E2:13:07:97:B1:7E,10.21,2
1/13/2026 17:18:21.126,Nordic CS Reflector A,E2:13:07:97:B1:7E,10.32,2
1/13/2026 17:18:21.127,Nordic CS Reflector A,E2:13:07:97:B1:7E,10.32,2
1/13/2026 17:18:21.191,Nordic CS Reflector A,E2:13:07:97:B1:7E,10.39,2
1/13/2026 17:18:21.192,Nordic CS Reflector A,E2:13:07:97:B1:7E,10.39,2
1/13/2026 17:18:21.293,Nordic CS Reflector A,E2:13:07:97:B1:7E,10.42,2
1/13/2026 17:18:21.294,Nordic CS Reflector A,E2:13:07:97:B1:7E,10.42,2
1/13/2026 17:18:21.566,Nordic CS Reflector A,E2:13:07:97:B1:7E,10.42,2
1/13/2026 17:18:21.686,Nordic CS Reflector A,E2:13:07:97:B1:7E,10.02,2
1/13/2026 17:18:21.687,Nordic CS Reflector A,E2:13:07:97:B1:7E,10.02,2
1/13/2026 17:18:21.711,Nordic CS Reflector A,E2:13:07:97:B1:7E,10.02,2
1/13/2026 17:18:21.737,Nordic CS Reflector A,E2:13:07:97:B1:7E,10.02,2
1/13/2026 17:18:21.738,Nordic CS Reflector A,E2:13:07:97:B1:7E,10.02,2
1/13/2026 17:18:22.106,Nordic CS Reflector A,E2:13:07:97:B1:7E,9.91,2
1/13/2026 17:18:22.194,Nordic CS Reflector A,E2:13:07:97:B1:7E,9.91,2
1/13/2026 17:18:22.195,Nordic CS Reflector A,E2:13:07:97:B1:7E,9.91,2
1/13/2026 17:18:22.236,Nordic CS Reflector A,E2:13:07:97:B1:7E,9.88,2
1/13/2026 17:18:22.334,Nordic CS Reflector A,E2:13:07:97:B1:7E,9.84,2
1/13/2026 17:18:22.361,Nordic CS Reflector A,E2:13:07:97:B1:7E,9.77,2
1/13/2026 17:18:22.793,Nordic CS Reflector A,E2:13:07:97:B1:7E,9.77,2
1/13/2026 17:18:22.848,Nordic CS Reflector A,E2:13:07:97:B1:7E,9.84,2
1/13/2026 17:18:22.907,Nordic CS Reflector A,E2:13:07:97:B1:7E,9.84,2
1/13/2026 17:18:22.908,Nordic CS Reflector A,E2:13:07:97:B1:7E,9.84,2
1/13/2026 17:18:22.945,Nordic CS Reflector A,E2:13:07:97:B1:7E,9.91,2
1/13/2026 17:18:22.946,Nordic CS Reflector A,E2:13:07:97:B1:7E,9.91,2
1/13/2026 17:18:23.047,Nordic CS Reflector A,E2:13:07:97:B1:7E,9.77,2
1/13/2026 17:18:23.048,Nordic CS Reflector A,E2:13:07:97:B1:7E,9.77,2
1/13/2026 17:18:23.381,Nordic CS Reflector A,E2:13:07:97:B1:7E,9.91,2
1/13/2026 17:18:23.382,Nordic CS Reflector A,E2:13:07:97:B1:7E,9.91,2
1/13/2026 17:18:23.431,Nordic CS Reflector A,E2:13:07:97:B1:7E,9.69,2
1/13/2026 17:18:23.445,Nordic CS Reflector A,E2:13:07:97:B1:7E,9.99,2
1/13/2026 17:18:23.477,Nordic CS Reflector A,E2:13:07:97:B1:7E,9.99,2
1/13/2026 17:18:23.478,Nordic CS Reflector A,E2:13:07:97:B1:7E,9.99,2
1/13/2026 17:18:23.597,Nordic CS Reflector A,E2:13:07:97:B1:7E,9.99,2
1/13/2026 17:18:23.598,Nordic CS Reflector A,E2:13:07:97:B1:7E,9.99,2
1/13/2026 17:18:23.871,Nordic CS Reflector A,E2:13:07:97:B1:7E,10.06,2
1/13/2026 17:18:23.872,Nordic CS Reflector A,E2:13:07:97:B1:7E,10.06,2
1/13/2026 17:18:23.906,Nordic CS Reflector A,E2:13:07:97:B1:7E,9.84,2
1/13/2026 17:18:23.907,Nordic CS Reflector A,E2:13:07:97:B1:7E,9.84,2
1/13/2026 17:18:23.990,Nordic CS Reflector A,E2:13:07:97:B1:7E,9.99,2
1/13/2026 17:18:24.043,Nordic CS Reflector A,E2:13:07:97:B1:7E,9.73,2
1/13/2026 17:18:24.126,Nordic CS Reflector A,E2:13:07:97:B1:7E,9.99,2
1/13/2026 17:18:24.413,Nordic CS Reflector A,E2:13:07:97:B1:7E,10.5,2
1/13/2026 17:18:24.414,Nordic CS Reflector A,E2:13:07:97:B1:7E,10.5,2
1/13/2026 17:18:24.461,Nordic CS Reflector A,E2:13:07:97:B1:7E,10.5,2
1/13/2026 17:18:24.510,Nordic CS Reflector A,E2:13:07:97:B1:7E,9.51,2
1/13/2026 17:18:24.564,Nordic CS Reflector A,E2:13:07:97:B1:7E,9.25,2
1/13/2026 17:18:24.680,Nordic CS Reflector A,E2:13:07:97:B1:7E,9.25,2
1/13/2026 17:18:24.955,Nordic CS Reflector A,E2:13:07:97:B1:7E,9.58,2
1/13/2026 17:18:24.956,Nordic CS Reflector A,E2:13:07:97:B1:7E,9.58,2
1/13/2026 17:18:25.009,Nordic CS Reflector A,E2:13:07:97:B1:7E,9.58,2
1/13/2026 17:18:25.010,Nordic CS Reflector A,E2:13:07:97:B1:7E,9.58,2
1/13/2026 17:18:25.051,Nordic CS Reflector A,E2:13:07:97:B1:7E,9.77,2
1/13/2026 17:18:25.052,Nordic CS Reflector A,E2:13:07:97:B1:7E,9.77,2
1/13/2026 17:18:25.053,Nordic CS Reflector A,E2:13:07:97:B1:7E,9.77,2
1/13/2026 17:18:25.108,Nordic CS Reflector A,E2:13:07:97:B1:7E,9.77,2
1/13/2026 17:18:25.217,Nordic CS Reflector A,E2:13:07:97:B1:7E,10.1,2
1/13/2026 17:18:25.540,Nordic CS Reflector A,E2:13:07:97:B1:7E,10.1,2
1/13/2026 17:18:25.541,Nordic CS Reflector A,E2:13:07:97:B1:7E,10.1,2
1/13/2026 17:18:25.586,Nordic CS Reflector A,E2:13:07:97:B1:7E,10.02,2
1/13/2026 17:18:25.617,Nordic CS Reflector A,E2:13:07:97:B1:7E,9.84,2
1/13/2026 17:18:25.653,Nordic CS Reflector A,E2:13:07:97:B1:7E,9.73,2
1/13/2026 17:18:25.654,Nordic CS Reflector A,E2:13:07:97:B1:7E,9.73,2
1/13/2026 17:18:25.785,Nordic CS Reflector A,E2:13:07:97:B1:7E,9.58,2
1/13/2026 17:18:26.111,Nordic CS Reflector A,E2:13:07:97:B1:7E,9.73,2
1/13/2026 17:18:26.112,Nordic CS Reflector A,E2:13:07:97:B1:7E,9.73,2
1/13/2026 17:18:26.113,Nordic CS Reflector A,E2:13:07:97:B1:7E,9.73,2
1/13/2026 17:18:26.147,Nordic CS Reflector A,E2:13:07:97:B1:7E,9.66,2
1/13/2026 17:18:26.148,Nordic CS Reflector A,E2:13:07:97:B1:7E,9.66,2
1/13/2026 17:18:26.188,Nordic CS Reflector A,E2:13:07:97:B1:7E,9.66,2
1/13/2026 17:18:26.219,Nordic CS Reflector A,E2:13:07:97:B1:7E,9.66,2
1/13/2026 17:18:26.327,Nordic CS Reflector A,E2:13:07:97:B1:7E,9.8,2
1/13/2026 17:18:26.658,Nordic CS Reflector A,E2:13:07:97:B1:7E,9.99,2
1/13/2026 17:18:26.712,Nordic CS Reflector A,E2:13:07:97:B1:7E,10.17,2
1/13/2026 17:18:26.713,Nordic CS Reflector A,E2:13:07:97:B1:7E,10.17,2
1/13/2026 17:18:26.756,Nordic CS Reflector A,E2:13:07:97:B1:7E,10.17,2
1/13/2026 17:18:26.757,Nordic CS Reflector A,E2:13:07:97:B1:7E,10.17,2
1/13/2026 17:18:26.792,Nordic CS Reflector A,E2:13:07:97:B1:7E,10.17,2
1/13/2026 17:18:26.793,Nordic CS Reflector A,E2:13:07:97:B1:7E,10.17,2
1/13/2026 17:18:26.810,Nordic CS Reflector A,E2:13:07:97:B1:7E,10.02,2
1/13/2026 17:18:26.811,Nordic CS Reflector A,E2:13:07:97:B1:7E,10.02,2
1/13/2026 17:18:27.177,Nordic CS Reflector A,E2:13:07:97:B1:7E,10.02,2
1/13/2026 17:18:27.178,Nordic CS Reflector A,E2:13:07:97:B1:7E,10.02,2
1/13/2026 17:18:27.179,Nordic CS Reflector A,E2:13:07:97:B1:7E,10.02,2
1/13/2026 17:18:27.209,Nordic CS Reflector A,E2:13:07:97:B1:7E,10.06,2
1/13/2026 17:18:27.284,Nordic CS Reflector A,E2:13:07:97:B1:7E,10.21,2
1/13/2026 17:18:27.285,Nordic CS Reflector A,E2:13:07:97:B1:7E,10.21,2
1/13/2026 17:18:27.317,Nordic CS Reflector A,E2:13:07:97:B1:7E,10.21,2
1/13/2026 17:18:27.772,Nordic CS Reflector A,E2:13:07:97:B1:7E,10.35,2
1/13/2026 17:18:27.773,Nordic CS Reflector A,E2:13:07:97:B1:7E,10.35,2
1/13/2026 17:18:27.804,Nordic CS Reflector A,E2:13:07:97:B1:7E,10.46,2
1/13/2026 17:18:27.820,Nordic CS Reflector A,E2:13:07:97:B1:7E,10.53,2
1/13/2026 17:18:27.863,Nordic CS Reflector A,E2:13:07:97:B1:7E,10.57,2
1/13/2026 17:18:27.970,Nordic CS Reflector A,E2:13:07:97:B1:7E,10.57,2
1/13/2026 17:18:27.971,Nordic CS Reflector A,E2:13:07:97:B1:7E,10.57,2
1/13/2026 17:18:28.254,Nordic CS Reflector A,E2:13:07:97:B1:7E,10.57,2
1/13/2026 17:18:28.255,Nordic CS Reflector A,E2:13:07:97:B1:7E,10.57,2
1/13/2026 17:18:28.352,Nordic CS Reflector A,E2:13:07:97:B1:7E,10.46,2
1/13/2026 17:18:28.353,Nordic CS Reflector A,E2:13:07:97:B1:7E,10.46,2
1/13/2026 17:18:28.390,Nordic CS Reflector A,E2:13:07:97:B1:7E,10.46,2
1/13/2026 17:18:28.391,Nordic CS Reflector A,E2:13:07:97:B1:7E,10.46,2
1/13/2026 17:18:28.410,Nordic CS Reflector A,E2:13:07:97:B1:7E,10.46,2
1/13/2026 17:18:28.411,Nordic CS Reflector A,E2:13:07:97:B1:7E,10.46,2
1/13/2026 17:18:28.440,Nordic CS Reflector A,E2:13:07:97:B1:7E,10.42,2
1/13/2026 17:18:28.441,Nordic CS Reflector A,E2:13:07:97:B1:7E,10.42,2
1/13/2026 17:18:28.873,Nordic CS Reflector A,E2:13:07:97:B1:7E,10.39,2
1/13/2026 17:18:28.899,Nordic CS Reflector A,E2:13:07:97:B1:7E,10.42,2
1/13/2026 17:18:28.900,Nordic CS Reflector A,E2:13:07:97:B1:7E,10.42,2
1/13/2026 17:18:28.919,Nordic CS Reflector A,E2:13:07:97:B1:7E,10.39,2
1/13/2026 17:18:28.980,Nordic CS Reflector A,E2:13:07:97:B1:7E,10.5,2
1/13/2026 17:18:28.981,Nordic CS Reflector A,E2:13:07:97:B1:7E,10.5,2
1/13/2026 17:18:29.087,Nordic CS Reflector A,E2:13:07:97:B1:7E,10.39,2
1/13/2026 17:18:29.088,Nordic CS Reflector A,E2:13:07:97:B1:7E,10.39,2
1/13/2026 17:18:29.370,Nordic CS Reflector A,E2:13:07:97:B1:7E,10.35,2
1/13/2026 17:18:29.371,Nordic CS Reflector A,E2:13:07:97:B1:7E,10.35,2
1/13/2026 17:18:29.407,Nordic CS Reflector A,E2:13:07:97:B1:7E,10.35,2
1/13/2026 17:18:29.408,Nordic CS Reflector A,E2:13:07:97:B1:7E,10.35,2
1/13/2026 17:18:29.533,Nordic CS Reflector A,E2:13:07:97:B1:7E,10.42,2
1/13/2026 17:18:29.534,Nordic CS Reflector A,E2:13:07:97:B1:7E,10.42,2
1/13/2026 17:18:29.592,Nordic CS Reflector A,E2:13:07:97:B1:7E,10.42,2
1/13/2026 17:18:29.623,Nordic CS Reflector A,E2:13:07:97:B1:7E,10.39,2
1/13/2026 17:18:29.624,Nordic CS Reflector A,E2:13:07:97:B1:7E,10.39,2
1/13/2026 17:18:30.113,Nordic CS Reflector A,E2:13:07:97:B1:7E,10.39,2
1/13/2026 17:18:30.115,Nordic CS Reflector A,E2:13:07:97:B1:7E,10.39,2
1/13/2026 17:18:30.145,Nordic CS Reflector A,E2:13:07:97:B1:7E,10.32,2
1/13/2026 17:18:30.174,Nordic CS Reflector A,E2:13:07:97:B1:7E,10.57,2
1/13/2026 17:18:30.181,Nordic CS Reflector A,E2:13:07:97:B1:7E,10.57,2
1/13/2026 17:18:30.182,Nordic CS Reflector A,E2:13:07:97:B1:7E,10.57,2
1/13/2026 17:18:30.208,Nordic CS Reflector A,E2:13:07:97:B1:7E,10.32,2
1/13/2026 17:18:30.307,Nordic CS Reflector A,E2:13:07:97:B1:7E,10.42,2
1/13/2026 17:18:30.308,Nordic CS Reflector A,E2:13:07:97:B1:7E,10.42,2
1/13/2026 17:18:30.599,Nordic CS Reflector A,E2:13:07:97:B1:7E,10.32,2
1/13/2026 17:18:30.600,Nordic CS Reflector A,E2:13:07:97:B1:7E,10.32,2
1/13/2026 17:18:30.601,Nordic CS Reflector A,E2:13:07:97:B1:7E,10.32,2
1/13/2026 17:18:30.648,Nordic CS Reflector A,E2:13:07:97:B1:7E,10.17,2
1/13/2026 17:18:30.649,Nordic CS Reflector A,E2:13:07:97:B1:7E,10.17,2
1/13/2026 17:18:30.709,Nordic CS Reflector A,E2:13:07:97:B1:7E,10.13,2
1/13/2026 17:18:30.762,Nordic CS Reflector A,E2:13:07:97:B1:7E,10.13,2
1/13/2026 17:18:30.848,Nordic CS Reflector A,E2:13:07:97:B1:7E,10.06,2
1/13/2026 17:18:30.849,Nordic CS Reflector A,E2:13:07:97:B1:7E,10.06,2
1/13/2026 17:18:31.161,Nordic CS Reflector A,E2:13:07:97:B1:7E,9.95,2
1/13/2026 17:18:31.191,Nordic CS Reflector A,E2:13:07:97:B1:7E,9.84,2
1/13/2026 17:18:31.312,Nordic CS Reflector A,E2:13:07:97:B1:7E,9.95,2
1/13/2026 17:18:31.313,Nordic CS Reflector A,E2:13:07:97:B1:7E,9.95,2
1/13/2026 17:18:31.376,Nordic CS Reflector A,E2:13:07:97:B1:7E,9.69,2
1/13/2026 17:18:31.392,Nordic CS Reflector A,E2:13:07:97:B1:7E,10.46,2
1/13/2026 17:18:31.903,Nordic CS Reflector A,E2:13:07:97:B1:7E,9.88,2
1/13/2026 17:18:31.904,Nordic CS Reflector A,E2:13:07:97:B1:7E,9.88,2
1/13/2026 17:18:31.924,Nordic CS Reflector A,E2:13:07:97:B1:7E,9.95,2
1/13/2026 17:18:31.940,Nordic CS Reflector A,E2:13:07:97:B1:7E,9.95,2
1/13/2026 17:18:31.941,Nordic CS Reflector A,E2:13:07:97:B1:7E,9.95,2
1/13/2026 17:18:31.942,Nordic CS Reflector A,E2:13:07:97:B1:7E,9.95,2
1/13/2026 17:18:32.010,Nordic CS Reflector A,E2:13:07:97:B1:7E,9.95,2
1/13/2026 17:18:32.011,Nordic CS Reflector A,E2:13:07:97:B1:7E,9.95,2
1/13/2026 17:18:32.136,Nordic CS Reflector A,E2:13:07:97:B1:7E,9.95,2
1/13/2026 17:18:32.399,Nordic CS Reflector A,E2:13:07:97:B1:7E,9.95,2
1/13/2026 17:18:32.400,Nordic CS Reflector A,E2:13:07:97:B1:7E,9.95,2
1/13/2026 17:18:32.401,Nordic CS Reflector A,E2:13:07:97:B1:7E,9.95,2
1/13/2026 17:18:32.435,Nordic CS Reflector A,E2:13:07:97:B1:7E,10.17,2
1/13/2026 17:18:32.436,Nordic CS Reflector A,E2:13:07:97:B1:7E,10.17,2
1/13/2026 17:18:32.492,Nordic CS Reflector A,E2:13:07:97:B1:7E,10.17,2
1/13/2026 17:18:32.493,Nordic CS Reflector A,E2:13:07:97:B1:7E,10.17,2
1/13/2026 17:18:32.545,Nordic CS Reflector A,E2:13:07:97:B1:7E,10.13,2
1/13/2026 17:18:32.546,Nordic CS Reflector A,E2:13:07:97:B1:7E,10.13,2
1/13/2026 17:18:32.645,Nordic CS Reflector A,E2:13:07:97:B1:7E,10.13,2
1/13/2026 17:18:32.646,Nordic CS Reflector A,E2:13:07:97:B1:7E,10.13,2
1/13/2026 17:18:32.991,Nordic CS Reflector A,E2:13:07:97:B1:7E,10.13,2
1/13/2026 17:18:32.992,Nordic CS Reflector A,E2:13:07:97:B1:7E,10.13,2
1/13/2026 17:18:33.014,Nordic CS Reflector A,E2:13:07:97:B1:7E,9.91,2
1/13/2026 17:18:33.015,Nordic CS Reflector A,E2:13:07:97:B1:7E,9.91,2
1/13/2026 17:18:33.035,Nordic CS Reflector A,E2:13:07:97:B1:7E,9.55,2
1/13/2026 17:18:33.036,Nordic CS Reflector A,E2:13:07:97:B1:7E,9.55,2
1/13/2026 17:18:33.079,Nordic CS Reflector A,E2:13:07:97:B1:7E,9.51,2
1/13/2026 17:18:33.201,Nordic CS Reflector A,E2:13:07:97:B1:7E,9.47,2
1/13/2026 17:18:33.524,Nordic CS Reflector A,E2:13:07:97:B1:7E,9.47,2
1/13/2026 17:18:33.555,Nordic CS Reflector A,E2:13:07:97:B1:7E,9.47,2
1/13/2026 17:18:33.556,Nordic CS Reflector A,E2:13:07:97:B1:7E,9.47,2
1/13/2026 17:18:33.591,Nordic CS Reflector A,E2:13:07:97:B1:7E,9.88,2
1/13/2026 17:18:33.592,Nordic CS Reflector A,E2:13:07:97:B1:7E,9.88,2
1/13/2026 17:18:33.628,Nordic CS Reflector A,E2:13:07:97:B1:7E,10.02,0
1/13/2026 17:18:33.629,Nordic CS Reflector A,E2:13:07:97:B1:7E,10.02,0
1/13/2026 17:18:33.731,Nordic CS Reflector A,E2:13:07:97:B1:7E,10.02,2
1/13/2026 17:18:34.012,Nordic CS Reflector A,E2:13:07:97:B1:7E,10.13,2
1/13/2026 17:18:34.013,Nordic CS Reflector A,E2:13:07:97:B1:7E,10.13,2
1/13/2026 17:18:34.014,Nordic CS Reflector A,E2:13:07:97:B1:7E,10.13,2
1/13/2026 17:18:34.124,Nordic CS Reflector A,E2:13:07:97:B1:7E,10.21,2
1/13/2026 17:18:34.154,Nordic CS Reflector A,E2:13:07:97:B1:7E,10.32,2
1/13/2026 17:18:34.155,Nordic CS Reflector A,E2:13:07:97:B1:7E,10.32,2
1/13/2026 17:18:34.308,Nordic CS Reflector A,E2:13:07:97:B1:7E,10.35,2
1/13/2026 17:18:34.309,Nordic CS Reflector A,E2:13:07:97:B1:7E,10.35,2
1/13/2026 17:18:34.382,Nordic CS Reflector A,E2:13:07:97:B1:7E,10.35,2
1/13/2026 17:18:34.383,Nordic CS Reflector A,E2:13:07:97:B1:7E,10.35,2
1/13/2026 17:18:34.582,Nordic CS Reflector A,E2:13:07:97:B1:7E,10.28,2
1/13/2026 17:18:34.583,Nordic CS Reflector A,E2:13:07:97:B1:7E,10.28,2
1/13/2026 17:18:34.636,Nordic CS Reflector A,E2:13:07:97:B1:7E,10.28,2
1/13/2026 17:18:34.637,Nordic CS Reflector A,E2:13:07:97:B1:7E,10.28,2
1/13/2026 17:18:34.679,Nordic CS Reflector A,E2:13:07:97:B1:7E,10.28,2
1/13/2026 17:18:34.680,Nordic CS Reflector A,E2:13:07:97:B1:7E,10.28,2
1/13/2026 17:18:34.740,Nordic CS Reflector A,E2:13:07:97:B1:7E,10.28,2
1/13/2026 17:18:34.741,Nordic CS Reflector A,E2:13:07:97:B1:7E,10.28,2
1/13/2026 17:18:34.879,Nordic CS Reflector A,E2:13:07:97:B1:7E,10.28,2
1/13/2026 17:18:34.880,Nordic CS Reflector A,E2:13:07:97:B1:7E,10.28,2
1/13/2026 17:18:35.125,Nordic CS Reflector A,E2:13:07:97:B1:7E,10.39,2
1/13/2026 17:18:35.126,Nordic CS Reflector A,E2:13:07:97:B1:7E,10.39,2
1/13/2026 17:18:35.127,Nordic CS Reflector A,E2:13:07:97:B1:7E,10.39,2
1/13/2026 17:18:35.188,Nordic CS Reflector A,E2:13:07:97:B1:7E,10.57,2
1/13/2026 17:18:35.189,Nordic CS Reflector A,E2:13:07:97:B1:7E,10.57,2
1/13/2026 17:18:35.210,Nordic CS Reflector A,E2:13:07:97:B1:7E,10.61,2
1/13/2026 17:18:35.280,Nordic CS Reflector A,E2:13:07:97:B1:7E,10.57,2
1/13/2026 17:18:35.281,Nordic CS Reflector A,E2:13:07:97:B1:7E,10.57,2
1/13/2026 17:18:35.409,Nordic CS Reflector A,E2:13:07:97:B1:7E,10.46,2
1/13/2026 17:18:35.410,Nordic CS Reflector A,E2:13:07:97:B1:7E,10.46,2
1/13/2026 17:18:35.666,Nordic CS Reflector A,E2:13:07:97:B1:7E,10.39,2
1/13/2026 17:18:35.667,Nordic CS Reflector A,E2:13:07:97:B1:7E,10.39,2
1/13/2026 17:18:35.753,Nordic CS Reflector A,E2:13:07:97:B1:7E,10.39,2
1/13/2026 17:18:35.754,Nordic CS Reflector A,E2:13:07:97:B1:7E,10.39,2
1/13/2026 17:18:35.784,Nordic CS Reflector A,E2:13:07:97:B1:7E,10.53,2
1/13/2026 17:18:35.844,Nordic CS Reflector A,E2:13:07:97:B1:7E,10.53,2
1/13/2026 17:18:35.845,Nordic CS Reflector A,E2:13:07:97:B1:7E,10.53,2
1/13/2026 17:18:35.867,Nordic CS Reflector A,E2:13:07:97:B1:7E,10.57,2
1/13/2026 17:18:36.204,Nordic CS Reflector A,E2:13:07:97:B1:7E,10.57,2
1/13/2026 17:18:36.254,Nordic CS Reflector A,E2:13:07:97:B1:7E,10.39,2
1/13/2026 17:18:36.302,Nordic CS Reflector A,E2:13:07:97:B1:7E,10.28,2
1/13/2026 17:18:36.354,Nordic CS Reflector A,E2:13:07:97:B1:7E,10.28,2
1/13/2026 17:18:36.355,Nordic CS Reflector A,E2:13:07:97:B1:7E,10.28,2
1/13/2026 17:18:36.459,Nordic CS Reflector A,E2:13:07:97:B1:7E,10.39,2
1/13/2026 17:18:36.460,Nordic CS Reflector A,E2:13:07:97:B1:7E,10.39,2
1/13/2026 17:18:36.742,Nordic CS Reflector A,E2:13:07:97:B1:7E,10.39,2
1/13/2026 17:18:36.743,Nordic CS Reflector A,E2:13:07:97:B1:7E,10.39,2
1/13/2026 17:18:36.782,Nordic CS Reflector A,E2:13:07:97:B1:7E,10.35,2
1/13/2026 17:18:36.852,Nordic CS Reflector A,E2:13:07:97:B1:7E,10.21,2
1/13/2026 17:18:36.911,Nordic CS Reflector A,E2:13:07:97:B1:7E,9.88,2
1/13/2026 17:18:36.912,Nordic CS Reflector A,E2:13:07:97:B1:7E,9.88,2
1/13/2026 17:18:37.284,Nordic CS Reflector A,E2:13:07:97:B1:7E,9.88,0
1/13/2026 17:18:37.285,Nordic CS Reflector A,E2:13:07:97:B1:7E,9.88,0
1/13/2026 17:18:37.402,Nordic CS Reflector A,E2:13:07:97:B1:7E,10.06,2
1/13/2026 17:18:37.403,Nordic CS Reflector A,E2:13:07:97:B1:7E,10.06,2
1/13/2026 17:18:37.433,Nordic CS Reflector A,E2:13:07:97:B1:7E,10.06,2
1/13/2026 17:18:37.548,Nordic CS Reflector A,E2:13:07:97:B1:7E,10.06,2
1/13/2026 17:18:37.549,Nordic CS Reflector A,E2:13:07:97:B1:7E,10.06,2
1/13/2026 17:18:37.869,Nordic CS Reflector A,E2:13:07:97:B1:7E,9.4,2
1/13/2026 17:18:37.870,Nordic CS Reflector A,E2:13:07:97:B1:7E,9.4,2
1/13/2026 17:18:37.871,Nordic CS Reflector A,E2:13:07:97:B1:7E,9.4,2
1/13/2026 17:18:37.896,Nordic CS Reflector A,E2:13:07:97:B1:7E,9.29,2
1/13/2026 17:18:37.897,Nordic CS Reflector A,E2:13:07:97:B1:7E,9.29,2
1/13/2026 17:18:37.962,Nordic CS Reflector A,E2:13:07:97:B1:7E,9.29,2
1/13/2026 17:18:37.963,Nordic CS Reflector A,E2:13:07:97:B1:7E,9.29,2
1/13/2026 17:18:37.964,Nordic CS Reflector A,E2:13:07:97:B1:7E,9.29,2
1/13/2026 17:18:37.965,Nordic CS Reflector A,E2:13:07:97:B1:7E,9.29,2
1/13/2026 17:18:38.065,Nordic CS Reflector A,E2:13:07:97:B1:7E,9.25,2
1/13/2026 17:18:38.077,Nordic CS Reflector A,E2:13:07:97:B1:7E,10.17,0
1/13/2026 17:18:38.583,Nordic CS Reflector A,E2:13:07:97:B1:7E,9.95,2
1/13/2026 17:18:38.677,Nordic CS Reflector A,E2:13:07:97:B1:7E,10.02,2
1/13/2026 17:18:38.694,Nordic CS Reflector A,E2:13:07:97:B1:7E,10.02,0
1/13/2026 17:18:38.715,Nordic CS Reflector A,E2:13:07:97:B1:7E,10.02,2
1/13/2026 17:18:38.716,Nordic CS Reflector A,E2:13:07:97:B1:7E,10.02,2
1/13/2026 17:18:38.725,Nordic CS Reflector A,E2:13:07:97:B1:7E,10.02,2
1/13/2026 17:18:39.153,Nordic CS Reflector A,E2:13:07:97:B1:7E,10.02,2
1/13/2026 17:18:39.182,Nordic CS Reflector A,E2:13:07:97:B1:7E,10.02,2
1/13/2026 17:18:39.247,Nordic CS Reflector A,E2:13:07:97:B1:7E,10.13,2
1/13/2026 17:18:39.248,Nordic CS Reflector A,E2:13:07:97:B1:7E,10.13,2
1/13/2026 17:18:39.342,Nordic CS Reflector A,E2:13:07:97:B1:7E,9.0,2
1/13/2026 17:18:39.343,Nordic CS Reflector A,E2:13:07:97:B1:7E,9.0,2
1/13/2026 17:18:39.381,Nordic CS Reflector A,E2:13:07:97:B1:7E,10.13,2
1/13/2026 17:18:39.847,Nordic CS Reflector A,E2:13:07:97:B1:7E,9.07,2
1/13/2026 17:18:39.848,Nordic CS Reflector A,E2:13:07:97:B1:7E,9.07,2
1/13/2026 17:18:39.870,Nordic CS Reflector A,E2:13:07:97:B1:7E,10.28,2
1/13/2026 17:18:39.946,Nordic CS Reflector A,E2:13:07:97:B1:7E,10.46,2
1/13/2026 17:18:39.947,Nordic CS Reflector A,E2:13:07:97:B1:7E,10.46,2
1/13/2026 17:18:40.038,Nordic CS Reflector A,E2:13:07:97:B1:7E,10.46,2
1/13/2026 17:18:40.039,Nordic CS Reflector A,E2:13:07:97:B1:7E,10.46,2
1/13/2026 17:18:40.057,Nordic CS Reflector A,E2:13:07:97:B1:7E,10.46,2
1/13/2026 17:18:40.058,Nordic CS Reflector A,E2:13:07:97:B1:7E,10.46,2
1/13/2026 17:18:40.502,Nordic CS Reflector A,E2:13:07:97:B1:7E,10.35,2
1/13/2026 17:18:40.503,Nordic CS Reflector A,E2:13:07:97:B1:7E,10.35,2
1/13/2026 17:18:40.541,Nordic CS Reflector A,E2:13:07:97:B1:7E,10.57,0
1/13/2026 17:18:40.542,Nordic CS Reflector A,E2:13:07:97:B1:7E,10.57,0
1/13/2026 17:18:40.589,Nordic CS Reflector A,E2:13:07:97:B1:7E,9.18,2
1/13/2026 17:18:40.649,Nordic CS Reflector A,E2:13:07:97:B1:7E,9.25,2
1/13/2026 17:18:40.740,Nordic CS Reflector A,E2:13:07:97:B1:7E,9.25,2
1/13/2026 17:18:41.040,Nordic CS Reflector A,E2:13:07:97:B1:7E,10.24,2
1/13/2026 17:18:41.041,Nordic CS Reflector A,E2:13:07:97:B1:7E,10.24,2
1/13/2026 17:18:41.075,Nordic CS Reflector A,E2:13:07:97:B1:7E,10.39,2
1/13/2026 17:18:41.168,Nordic CS Reflector A,E2:13:07:97:B1:7E,10.24,2
1/13/2026 17:18:41.169,Nordic CS Reflector A,E2:13:07:97:B1:7E,10.24,2
1/13/2026 17:18:41.261,Nordic CS Reflector A,E2:13:07:97:B1:7E,10.06,2
1/13/2026 17:18:41.262,Nordic CS Reflector A,E2:13:07:97:B1:7E,10.06,2
1/13/2026 17:18:41.279,Nordic CS Reflector A,E2:13:07:97:B1:7E,10.06,2
1/13/2026 17:18:41.724,Nordic CS Reflector A,E2:13:07:97:B1:7E,10.17,2
1/13/2026 17:18:41.759,Nordic CS Reflector A,E2:13:07:97:B1:7E,10.42,2
1/13/2026 17:18:41.760,Nordic CS Reflector A,E2:13:07:97:B1:7E,10.42,2
1/13/2026 17:18:41.817,Nordic CS Reflector A,E2:13:07:97:B1:7E,10.46,2
1/13/2026 17:18:41.818,Nordic CS Reflector A,E2:13:07:97:B1:7E,10.46,2
1/13/2026 17:18:41.886,Nordic CS Reflector A,E2:13:07:97:B1:7E,10.46,2
1/13/2026 17:18:41.887,Nordic CS Reflector A,E2:13:07:97:B1:7E,10.46,2
1/13/2026 17:18:41.981,Nordic CS Reflector A,E2:13:07:97:B1:7E,10.39,2
1/13/2026 17:18:41.982,Nordic CS Reflector A,E2:13:07:97:B1:7E,10.39,2
1/13/2026 17:18:42.265,Nordic CS Reflector A,E2:13:07:97:B1:7E,10.17,2
1/13/2026 17:18:42.266,Nordic CS Reflector A,E2:13:07:97:B1:7E,10.17,2
1/13/2026 17:18:42.305,Nordic CS Reflector A,E2:13:07:97:B1:7E,10.17,2
1/13/2026 17:18:42.306,Nordic CS Reflector A,E2:13:07:97:B1:7E,10.17,2
1/13/2026 17:18:42.367,Nordic CS Reflector A,E2:13:07:97:B1:7E,10.46,2
1/13/2026 17:18:42.411,Nordic CS Reflector A,E2:13:07:97:B1:7E,10.46,2
1/13/2026 17:18:42.529,Nordic CS Reflector A,E2:13:07:97:B1:7E,10.28,2
1/13/2026 17:18:42.530,Nordic CS Reflector A,E2:13:07:97:B1:7E,10.28,2
1/13/2026 17:18:42.862,Nordic CS Reflector A,E2:13:07:97:B1:7E,10.21,2
1/13/2026 17:18:42.864,Nordic CS Reflector A,E2:13:07:97:B1:7E,10.21,2
1/13/2026 17:18:42.865,Nordic CS Reflector A,E2:13:07:97:B1:7E,10.21,2
1/13/2026 17:18:42.886,Nordic CS Reflector A,E2:13:07:97:B1:7E,10.21,2
1/13/2026 17:18:42.953,Nordic CS Reflector A,E2:13:07:97:B1:7E,10.32,2
1/13/2026 17:18:42.954,Nordic CS Reflector A,E2:13:07:97:B1:7E,10.32,2
1/13/2026 17:18:43.033,Nordic CS Reflector A,E2:13:07:97:B1:7E,10.42,2
1/13/2026 17:18:43.034,Nordic CS Reflector A,E2:13:07:97:B1:7E,10.42,2
1/13/2026 17:18:43.046,Nordic CS Reflector A,E2:13:07:97:B1:7E,10.39,2
1/13/2026 17:18:43.545,Nordic CS Reflector A,E2:13:07:97:B1:7E,10.42,2
1/13/2026 17:18:43.582,Nordic CS Reflector A,E2:13:07:97:B1:7E,10.39,2
1/13/2026 17:18:43.599,Nordic CS Reflector A,E2:13:07:97:B1:7E,10.39,2
1/13/2026 17:18:43.651,Nordic CS Reflector A,E2:13:07:97:B1:7E,10.17,0
1/13/2026 17:18:43.652,Nordic CS Reflector A,E2:13:07:97:B1:7E,10.17,0
1/13/2026 17:18:43.754,Nordic CS Reflector A,E2:13:07:97:B1:7E,10.17,2
1/13/2026 17:18:43.755,Nordic CS Reflector A,E2:13:07:97:B1:7E,10.17,2
1/13/2026 17:18:44.034,Nordic CS Reflector A,E2:13:07:97:B1:7E,10.17,2
1/13/2026 17:18:44.035,Nordic CS Reflector A,E2:13:07:97:B1:7E,10.17,2
1/13/2026 17:18:44.076,Nordic CS Reflector A,E2:13:07:97:B1:7E,10.17,2
1/13/2026 17:18:44.077,Nordic CS Reflector A,E2:13:07:97:B1:7E,10.17,2
1/13/2026 17:18:44.139,Nordic CS Reflector A,E2:13:07:97:B1:7E,10.17,2
1/13/2026 17:18:44.140,Nordic CS Reflector A,E2:13:07:97:B1:7E,10.17,2
1/13/2026 17:18:44.187,Nordic CS Reflector A,E2:13:07:97:B1:7E,10.28,2
1/13/2026 17:18:44.301,Nordic CS Reflector A,E2:13:07:97:B1:7E,10.32,2
1/13/2026 17:18:44.578,Nordic CS Reflector A,E2:13:07:97:B1:7E,10.5,2
1/13/2026 17:18:44.579,Nordic CS Reflector A,E2:13:07:97:B1:7E,10.5,2
1/13/2026 17:18:44.621,Nordic CS Reflector A,E2:13:07:97:B1:7E,10.5,2
1/13/2026 17:18:44.622,Nordic CS Reflector A,E2:13:07:97:B1:7E,10.5,2
1/13/2026 17:18:44.670,Nordic CS Reflector A,E2:13:07:97:B1:7E,10.53,2
1/13/2026 17:18:44.671,Nordic CS Reflector A,E2:13:07:97:B1:7E,10.53,2
1/13/2026 17:18:44.741,Nordic CS Reflector A,E2:13:07:97:B1:7E,10.53,2
1/13/2026 17:18:44.742,Nordic CS Reflector A,E2:13:07:97:B1:7E,10.53,2
1/13/2026 17:18:44.829,Nordic CS Reflector A,E2:13:07:97:B1:7E,10.42,2
1/13/2026 17:18:44.830,Nordic CS Reflector A,E2:13:07:97:B1:7E,10.42,2
1/13/2026 17:18:45.115,Nordic CS Reflector A,E2:13:07:97:B1:7E,10.39,2
1/13/2026 17:18:45.116,Nordic CS Reflector A,E2:13:07:97:B1:7E,10.39,2
1/13/2026 17:18:45.172,Nordic CS Reflector A,E2:13:07:97:B1:7E,10.39,2
1/13/2026 17:18:45.173,Nordic CS Reflector A,E2:13:07:97:B1:7E,10.39,2
1/13/2026 17:18:45.223,Nordic CS Reflector A,E2:13:07:97:B1:7E,10.5,2
1/13/2026 17:18:45.224,Nordic CS Reflector A,E2:13:07:97:B1:7E,10.5,2
1/13/2026 17:18:45.279,Nordic CS Reflector A,E2:13:07:97:B1:7E,10.5,2
1/13/2026 17:18:45.280,Nordic CS Reflector A,E2:13:07:97:B1:7E,10.5,2
1/13/2026 17:18:45.379,Nordic CS Reflector A,E2:13:07:97:B1:7E,10.06,2
1/13/2026 17:18:45.657,Nordic CS Reflector A,E2:13:07:97:B1:7E,9.84,2
1/13/2026 17:18:45.658,Nordic CS Reflector A,E2:13:07:97:B1:7E,9.84,2
1/13/2026 17:18:45.698,Nordic CS Reflector A,E2:13:07:97:B1:7E,9.84,2
1/13/2026 17:18:45.750,Nordic CS Reflector A,E2:13:07:97:B1:7E,9.91,2
1/13/2026 17:18:45.751,Nordic CS Reflector A,E2:13:07:97:B1:7E,9.91,2
1/13/2026 17:18:45.798,Nordic CS Reflector A,E2:13:07:97:B1:7E,9.91,2
1/13/2026 17:18:45.799,Nordic CS Reflector A,E2:13:07:97:B1:7E,9.91,2
1/13/2026 17:18:45.915,Nordic CS Reflector A,E2:13:07:97:B1:7E,10.28,2
1/13/2026 17:18:45.916,Nordic CS Reflector A,E2:13:07:97:B1:7E,10.28,2
1/13/2026 17:18:46.195,Nordic CS Reflector A,E2:13:07:97:B1:7E,10.28,2
1/13/2026 17:18:46.196,Nordic CS Reflector A,E2:13:07:97:B1:7E,10.28,2
1/13/2026 17:18:46.239,Nordic CS Reflector A,E2:13:07:97:B1:7E,10.28,2
1/13/2026 17:18:46.291,Nordic CS Reflector A,E2:13:07:97:B1:7E,10.35,2
1/13/2026 17:18:46.292,Nordic CS Reflector A,E2:13:07:97:B1:7E,10.35,2
1/13/2026 17:18:46.350,Nordic CS Reflector A,E2:13:07:97:B1:7E,9.99,2
1/13/2026 17:18:46.351,Nordic CS Reflector A,E2:13:07:97:B1:7E,9.99,2
1/13/2026 17:18:46.443,Nordic CS Reflector A,E2:13:07:97:B1:7E,9.51,2
1/13/2026 17:18:46.444,Nordic CS Reflector A,E2:13:07:97:B1:7E,9.51,2
1/13/2026 17:18:46.808,Nordic CS Reflector A,E2:13:07:97:B1:7E,9.51,2
1/13/2026 17:18:46.809,Nordic CS Reflector A,E2:13:07:97:B1:7E,9.51,2
1/13/2026 17:18:46.810,Nordic CS Reflector A,E2:13:07:97:B1:7E,9.51,2
1/13/2026 17:18:46.835,Nordic CS Reflector A,E2:13:07:97:B1:7E,9.66,2
1/13/2026 17:18:46.863,Nordic CS Reflector A,E2:13:07:97:B1:7E,9.91,2
1/13/2026 17:18:46.876,Nordic CS Reflector A,E2:13:07:97:B1:7E,9.91,2
1/13/2026 17:18:46.891,Nordic CS Reflector A,E2:13:07:97:B1:7E,9.91,2
1/13/2026 17:18:47.337,Nordic CS Reflector A,E2:13:07:97:B1:7E,9.91,2
1/13/2026 17:18:47.338,Nordic CS Reflector A,E2:13:07:97:B1:7E,9.91,2
1/13/2026 17:18:47.377,Nordic CS Reflector A,E2:13:07:97:B1:7E,10.32,2
1/13/2026 17:18:47.394,Nordic CS Reflector A,E2:13:07:97:B1:7E,10.35,2
1/13/2026 17:18:47.395,Nordic CS Reflector A,E2:13:07:97:B1:7E,10.35,2
1/13/2026 17:18:47.433,Nordic CS Reflector A,E2:13:07:97:B1:7E,10.35,2
1/13/2026 17:18:47.568,Nordic CS Reflector A,E2:13:07:97:B1:7E,10.35,2
1/13/2026 17:18:47.569,Nordic CS Reflector A,E2:13:07:97:B1:7E,10.35,2
1/13/2026 17:18:47.863,Nordic CS Reflector A,E2:13:07:97:B1:7E,10.32,2
1/13/2026 17:18:47.864,Nordic CS Reflector A,E2:13:07:97:B1:7E,10.32,2
1/13/2026 17:18:47.865,Nordic CS Reflector A,E2:13:07:97:B1:7E,10.32,2
1/13/2026 17:18:47.890,Nordic CS Reflector A,E2:13:07:97:B1:7E,10.39,2
1/13/2026 17:18:47.891,Nordic CS Reflector A,E2:13:07:97:B1:7E,10.39,2
1/13/2026 17:18:47.927,Nordic CS Reflector A,E2:13:07:97:B1:7E,10.5,2
1/13/2026 17:18:47.928,Nordic CS Reflector A,E2:13:07:97:B1:7E,10.5,2
1/13/2026 17:18:47.963,Nordic CS Reflector A,E2:13:07:97:B1:7E,10.53,2
1/13/2026 17:18:47.964,Nordic CS Reflector A,E2:13:07:97:B1:7E,10.53,2
1/13/2026 17:18:48.079,Nordic CS Reflector A,E2:13:07:97:B1:7E,10.53,2
1/13/2026 17:18:48.080,Nordic CS Reflector A,E2:13:07:97:B1:7E,10.53,2
1/13/2026 17:18:48.360,Nordic CS Reflector A,E2:13:07:97:B1:7E,10.46,2
1/13/2026 17:18:48.361,Nordic CS Reflector A,E2:13:07:97:B1:7E,10.46,2
1/13/2026 17:18:48.393,Nordic CS Reflector A,E2:13:07:97:B1:7E,10.42,2
1/13/2026 17:18:48.459,Nordic CS Reflector A,E2:13:07:97:B1:7E,10.35,2
1/13/2026 17:18:48.460,Nordic CS Reflector A,E2:13:07:97:B1:7E,10.35,2
1/13/2026 17:18:48.524,Nordic CS Reflector A,E2:13:07:97:B1:7E,10.35,2
1/13/2026 17:18:48.525,Nordic CS Reflector A,E2:13:07:97:B1:7E,10.35,2
1/13/2026 17:18:48.609,Nordic CS Reflector A,E2:13:07:97:B1:7E,10.5,2
1/13/2026 17:18:48.610,Nordic CS Reflector A,E2:13:07:97:B1:7E,10.5,2
1/13/2026 17:18:48.901,Nordic CS Reflector A,E2:13:07:97:B1:7E,10.53,2
1/13/2026 17:18:48.902,Nordic CS Reflector A,E2:13:07:97:B1:7E,10.53,2
1/13/2026 17:18:48.935,Nordic CS Reflector A,E2:13:07:97:B1:7E,10.53,2
1/13/2026 17:18:48.989,Nordic CS Reflector A,E2:13:07:97:B1:7E,10.53,2
1/13/2026 17:18:48.990,Nordic CS Reflector A,E2:13:07:97:B1:7E,10.53,2
1/13/2026 17:18:49.058,Nordic CS Reflector A,E2:13:07:97:B1:7E,9.99,2
1/13/2026 17:18:49.059,Nordic CS Reflector A,E2:13:07:97:B1:7E,9.99,2
1/13/2026 17:18:49.236,Nordic CS Reflector A,E2:13:07:97:B1:7E,9.99,0
1/13/2026 17:18:49.237,Nordic CS Reflector A,E2:13:07:97:B1:7E,9.99,0
1/13/2026 17:18:49.442,Nordic CS Reflector A,E2:13:07:97:B1:7E,9.91,2
1/13/2026 17:18:49.443,Nordic CS Reflector A,E2:13:07:97:B1:7E,9.91,2
1/13/2026 17:18:49.444,Nordic CS Reflector A,E2:13:07:97:B1:7E,9.91,2
1/13/2026 17:18:49.463,Nordic CS Reflector A,E2:13:07:97:B1:7E,9.99,2
1/13/2026 17:18:49.544,Nordic CS Reflector A,E2:13:07:97:B1:7E,10.28,2
1/13/2026 17:18:49.586,Nordic CS Reflector A,E2:13:07:97:B1:7E,10.32,2
1/13/2026 17:18:49.587,Nordic CS Reflector A,E2:13:07:97:B1:7E,10.32,2
1/13/2026 17:18:49.684,Nordic CS Reflector A,E2:13:07:97:B1:7E,10.32,2
1/13/2026 17:18:49.685,Nordic CS Reflector A,E2:13:07:97:B1:7E,10.32,2
1/13/2026 17:18:49.975,Nordic CS Reflector A,E2:13:07:97:B1:7E,10.32,2
1/13/2026 17:18:49.976,Nordic CS Reflector A,E2:13:07:97:B1:7E,10.32,2
1/13/2026 17:18:50.014,Nordic CS Reflector A,E2:13:07:97:B1:7E,10.32,2
1/13/2026 17:18:50.080,Nordic CS Reflector A,E2:13:07:97:B1:7E,10.72,2
1/13/2026 17:18:50.081,Nordic CS Reflector A,E2:13:07:97:B1:7E,10.72,2
1/13/2026 17:18:50.149,Nordic CS Reflector A,E2:13:07:97:B1:7E,10.72,2
1/13/2026 17:18:50.246,Nordic CS Reflector A,E2:13:07:97:B1:7E,10.42,2
1/13/2026 17:18:50.519,Nordic CS Reflector A,E2:13:07:97:B1:7E,10.35,2
1/13/2026 17:18:50.520,Nordic CS Reflector A,E2:13:07:97:B1:7E,10.35,2
1/13/2026 17:18:50.603,Nordic CS Reflector A,E2:13:07:97:B1:7E,10.42,2
1/13/2026 17:18:50.656,Nordic CS Reflector A,E2:13:07:97:B1:7E,10.42,2
1/13/2026 17:18:50.657,Nordic CS Reflector A,E2:13:07:97:B1:7E,10.42,2
1/13/2026 17:18:50.740,Nordic CS Reflector A,E2:13:07:97:B1:7E,10.42,2
1/13/2026 17:18:50.741,Nordic CS Reflector A,E2:13:07:97:B1:7E,10.42,2
1/13/2026 17:18:50.765,Nordic CS Reflector A,E2:13:07:97:B1:7E,10.53,2
1/13/2026 17:18:50.766,Nordic CS Reflector A,E2:13:07:97:B1:7E,10.53,2
1/13/2026 17:18:51.254,Nordic CS Reflector A,E2:13:07:97:B1:7E,10.5,2
1/13/2026 17:18:51.255,Nordic CS Reflector A,E2:13:07:97:B1:7E,10.5,2
1/13/2026 17:18:51.292,Nordic CS Reflector A,E2:13:07:97:B1:7E,10.5,2
1/13/2026 17:18:51.321,Nordic CS Reflector A,E2:13:07:97:B1:7E,10.5,2
1/13/2026 17:18:51.322,Nordic CS Reflector A,E2:13:07:97:B1:7E,10.5,2
1/13/2026 17:18:51.375,Nordic CS Reflector A,E2:13:07:97:B1:7E,10.5,2
1/13/2026 17:18:51.457,Nordic CS Reflector A,E2:13:07:97:B1:7E,10.57,2
1/13/2026 17:18:51.751,Nordic CS Reflector A,E2:13:07:97:B1:7E,10.64,2
1/13/2026 17:18:51.752,Nordic CS Reflector A,E2:13:07:97:B1:7E,10.64,2
1/13/2026 17:18:51.771,Nordic CS Reflector A,E2:13:07:97:B1:7E,10.61,2
1/13/2026 17:18:51.772,Nordic CS Reflector A,E2:13:07:97:B1:7E,10.61,2
1/13/2026 17:18:51.863,Nordic CS Reflector A,E2:13:07:97:B1:7E,10.79,2
1/13/2026 17:18:51.893,Nordic CS Reflector A,E2:13:07:97:B1:7E,10.75,2
1/13/2026 17:18:51.894,Nordic CS Reflector A,E2:13:07:97:B1:7E,10.75,2
1/13/2026 17:18:51.916,Nordic CS Reflector A,E2:13:07:97:B1:7E,10.75,2
1/13/2026 17:18:52.358,Nordic CS Reflector A,E2:13:07:97:B1:7E,10.61,2
1/13/2026 17:18:52.359,Nordic CS Reflector A,E2:13:07:97:B1:7E,10.61,2
1/13/2026 17:18:52.380,Nordic CS Reflector A,E2:13:07:97:B1:7E,10.53,2
1/13/2026 17:18:52.415,Nordic CS Reflector A,E2:13:07:97:B1:7E,10.53,2
1/13/2026 17:18:52.468,Nordic CS Reflector A,E2:13:07:97:B1:7E,10.57,2
1/13/2026 17:18:52.469,Nordic CS Reflector A,E2:13:07:97:B1:7E,10.57,2
1/13/2026 17:18:52.503,Nordic CS Reflector A,E2:13:07:97:B1:7E,10.57,2
1/13/2026 17:18:52.504,Nordic CS Reflector A,E2:13:07:97:B1:7E,10.57,2
1/13/2026 17:18:52.857,Nordic CS Reflector A,E2:13:07:97:B1:7E,10.61,2
1/13/2026 17:18:52.858,Nordic CS Reflector A,E2:13:07:97:B1:7E,10.61,2
1/13/2026 17:18:52.885,Nordic CS Reflector A,E2:13:07:97:B1:7E,10.75,2
1/13/2026 17:18:52.886,Nordic CS Reflector A,E2:13:07:97:B1:7E,10.75,2
1/13/2026 17:18:52.975,Nordic CS Reflector A,E2:13:07:97:B1:7E,10.83,2
1/13/2026 17:18:53.013,Nordic CS Reflector A,E2:13:07:97:B1:7E,10.83,2
1/13/2026 17:18:53.014,Nordic CS Reflector A,E2:13:07:97:B1:7E,10.83,2
1/13/2026 17:18:53.029,Nordic CS Reflector A,E2:13:07:97:B1:7E,10.79,2
1/13/2026 17:18:53.030,Nordic CS Reflector A,E2:13:07:97:B1:7E,10.79,2
1/13/2026 17:18:53.473,Nordic CS Reflector A,E2:13:07:97:B1:7E,10.79,2
1/13/2026 17:18:53.474,Nordic CS Reflector A,E2:13:07:97:B1:7E,10.79,2
1/13/2026 17:18:53.576,Nordic CS Reflector A,E2:13:07:97:B1:7E,10.79,2
1/13/2026 17:18:53.577,Nordic CS Reflector A,E2:13:07:97:B1:7E,10.79,2
1/13/2026 17:18:53.600,Nordic CS Reflector A,E2:13:07:97:B1:7E,10.72,2
1/13/2026 17:18:53.601,Nordic CS Reflector A,E2:13:07:97:B1:7E,10.72,2
1/13/2026 17:18:53.616,Nordic CS Reflector A,E2:13:07:97:B1:7E,10.72,2
1/13/2026 17:18:53.628,Nordic CS Reflector A,E2:13:07:97:B1:7E,10.72,2
1/13/2026 17:18:53.629,Nordic CS Reflector A,E2:13:07:97:B1:7E,10.72,2
1/13/2026 17:18:54.025,Nordic CS Reflector A,E2:13:07:97:B1:7E,10.68,2
1/13/2026 17:18:54.026,Nordic CS Reflector A,E2:13:07:97:B1:7E,10.68,2
1/13/2026 17:18:54.027,Nordic CS Reflector A,E2:13:07:97:B1:7E,10.68,2
1/13/2026 17:18:54.063,Nordic CS Reflector A,E2:13:07:97:B1:7E,10.57,2
1/13/2026 17:18:54.137,Nordic CS Reflector A,E2:13:07:97:B1:7E,10.53,2
1/13/2026 17:18:54.138,Nordic CS Reflector A,E2:13:07:97:B1:7E,10.53,2
1/13/2026 17:18:54.213,Nordic CS Reflector A,E2:13:07:97:B1:7E,10.46,2
1/13/2026 17:18:54.214,Nordic CS Reflector A,E2:13:07:97:B1:7E,10.46,2
1/13/2026 17:18:54.386,Nordic CS Reflector A,E2:13:07:97:B1:7E,10.46,0
1/13/2026 17:18:54.387,Nordic CS Reflector A,E2:13:07:97:B1:7E,10.46,0
1/13/2026 17:18:54.595,Nordic CS Reflector A,E2:13:07:97:B1:7E,10.46,2
1/13/2026 17:18:54.596,Nordic CS Reflector A,E2:13:07:97:B1:7E,10.46,2
1/13/2026 17:18:54.627,Nordic CS Reflector A,E2:13:07:97:B1:7E,10.39,0
1/13/2026 17:18:54.628,Nordic CS Reflector A,E2:13:07:97:B1:7E,10.39,0
1/13/2026 17:18:54.693,Nordic CS Reflector A,E2:13:07:97:B1:7E,10.32,2
1/13/2026 17:18:54.694,Nordic CS Reflector A,E2:13:07:97:B1:7E,10.32,2
1/13/2026 17:18:54.761,Nordic CS Reflector A,E2:13:07:97:B1:7E,10.28,2
1/13/2026 17:18:54.762,Nordic CS Reflector A,E2:13:07:97:B1:7E,10.28,2
1/13/2026 17:18:54.763,Nordic CS Reflector A,E2:13:07:97:B1:7E,10.28,2
1/13/2026 17:18:54.844,Nordic CS Reflector A,E2:13:07:97:B1:7E,10.06,2
1/13/2026 17:18:54.845,Nordic CS Reflector A,E2:13:07:97:B1:7E,10.06,2
1/13/2026 17:18:55.134,Nordic CS Reflector A,E2:13:07:97:B1:7E,10.06,2
1/13/2026 17:18:55.135,Nordic CS Reflector A,E2:13:07:97:B1:7E,10.06,2
1/13/2026 17:18:55.196,Nordic CS Reflector A,E2:13:07:97:B1:7E,10.32,2
1/13/2026 17:18:55.197,Nordic CS Reflector A,E2:13:07:97:B1:7E,10.32,2
1/13/2026 17:18:55.236,Nordic CS Reflector A,E2:13:07:97:B1:7E,10.42,2
1/13/2026 17:18:55.294,Nordic CS Reflector A,E2:13:07:97:B1:7E,10.42,2
1/13/2026 17:18:55.407,Nordic CS Reflector A,E2:13:07:97:B1:7E,10.42,2
1/13/2026 17:18:55.408,Nordic CS Reflector A,E2:13:07:97:B1:7E,10.42,2
1/13/2026 17:18:55.677,Nordic CS Reflector A,E2:13:07:97:B1:7E,10.42,0
1/13/2026 17:18:55.678,Nordic CS Reflector A,E2:13:07:97:B1:7E,10.42,0
1/13/2026 17:18:55.777,Nordic CS Reflector A,E2:13:07:97:B1:7E,10.21,2
1/13/2026 17:18:55.778,Nordic CS Reflector A,E2:13:07:97:B1:7E,10.21,2
1/13/2026 17:18:55.834,Nordic CS Reflector A,E2:13:07:97:B1:7E,10.21,2
1/13/2026 17:18:55.835,Nordic CS Reflector A,E2:13:07:97:B1:7E,10.21,2
1/13/2026 17:18:55.937,Nordic CS Reflector A,E2:13:07:97:B1:7E,10.46,2
1/13/2026 17:18:55.938,Nordic CS Reflector A,E2:13:07:97:B1:7E,10.46,2
1/13/2026 17:18:56.014,Nordic CS Reflector A,E2:13:07:97:B1:7E,10.46,2
1/13/2026 17:18:56.015,Nordic CS Reflector A,E2:13:07:97:B1:7E,10.46,2
1/13/2026 17:18:56.217,Nordic CS Reflector A,E2:13:07:97:B1:7E,10.5,2
1/13/2026 17:18:56.218,Nordic CS Reflector A,E2:13:07:97:B1:7E,10.5,2
1/13/2026 17:18:56.259,Nordic CS Reflector A,E2:13:07:97:B1:7E,10.46,2
1/13/2026 17:18:56.309,Nordic CS Reflector A,E2:13:07:97:B1:7E,10.57,2
1/13/2026 17:18:56.310,Nordic CS Reflector A,E2:13:07:97:B1:7E,10.57,2
1/13/2026 17:18:56.362,Nordic CS Reflector A,E2:13:07:97:B1:7E,10.32,2
1/13/2026 17:18:56.363,Nordic CS Reflector A,E2:13:07:97:B1:7E,10.32,2
1/13/2026 17:18:56.484,Nordic CS Reflector A,E2:13:07:97:B1:7E,10.42,2
1/13/2026 17:18:56.485,Nordic CS Reflector A,E2:13:07:97:B1:7E,10.42,2
1/13/2026 17:18:56.762,Nordic CS Reflector A,E2:13:07:97:B1:7E,10.42,2
1/13/2026 17:18:56.763,Nordic CS Reflector A,E2:13:07:97:B1:7E,10.42,2
1/13/2026 17:18:56.790,Nordic CS Reflector A,E2:13:07:97:B1:7E,10.46,2
1/13/2026 17:18:56.791,Nordic CS Reflector A,E2:13:07:97:B1:7E,10.46,2
1/13/2026 17:18:56.868,Nordic CS Reflector A,E2:13:07:97:B1:7E,10.72,2
1/13/2026 17:18:56.869,Nordic CS Reflector A,E2:13:07:97:B1:7E,10.72,2
1/13/2026 17:18:56.913,Nordic CS Reflector A,E2:13:07:97:B1:7E,10.72,2
1/13/2026 17:18:56.914,Nordic CS Reflector A,E2:13:07:97:B1:7E,10.72,2
1/13/2026 17:18:57.013,Nordic CS Reflector A,E2:13:07:97:B1:7E,10.68,2
1/13/2026 17:18:57.014,Nordic CS Reflector A,E2:13:07:97:B1:7E,10.68,2
1/13/2026 17:18:57.301,Nordic CS Reflector A,E2:13:07:97:B1:7E,10.5,2
1/13/2026 17:18:57.323,Nordic CS Reflector A,E2:13:07:97:B1:7E,10.68,2
1/13/2026 17:18:57.324,Nordic CS Reflector A,E2:13:07:97:B1:7E,10.68,2
1/13/2026 17:18:57.412,Nordic CS Reflector A,E2:13:07:97:B1:7E,10.79,2
1/13/2026 17:18:57.413,Nordic CS Reflector A,E2:13:07:97:B1:7E,10.79,2
1/13/2026 17:18:57.449,Nordic CS Reflector A,E2:13:07:97:B1:7E,10.79,2
1/13/2026 17:18:57.450,Nordic CS Reflector A,E2:13:07:97:B1:7E,10.79,2
1/13/2026 17:18:57.557,Nordic CS Reflector A,E2:13:07:97:B1:7E,10.75,2
1/13/2026 17:18:57.873,Nordic CS Reflector A,E2:13:07:97:B1:7E,10.57,2
1/13/2026 17:18:57.874,Nordic CS Reflector A,E2:13:07:97:B1:7E,10.57,2
1/13/2026 17:18:57.875,Nordic CS Reflector A,E2:13:07:97:B1:7E,10.57,2
1/13/2026 17:18:57.906,Nordic CS Reflector A,E2:13:07:97:B1:7E,9.73,2
1/13/2026 17:18:57.970,Nordic CS Reflector A,E2:13:07:97:B1:7E,9.69,2
1/13/2026 17:18:57.971,Nordic CS Reflector A,E2:13:07:97:B1:7E,9.69,2
1/13/2026 17:18:57.972,Nordic CS Reflector A,E2:13:07:97:B1:7E,9.69,2
1/13/2026 17:18:58.104,Nordic CS Reflector A,E2:13:07:97:B1:7E,9.36,2
1/13/2026 17:18:58.122,Nordic CS Reflector A,E2:13:07:97:B1:7E,9.36,2
1/13/2026 17:18:58.645,Nordic CS Reflector A,E2:13:07:97:B1:7E,9.58,2
1/13/2026 17:18:58.646,Nordic CS Reflector A,E2:13:07:97:B1:7E,9.58,2
1/13/2026 17:18:58.669,Nordic CS Reflector A,E2:13:07:97:B1:7E,9.58,2
1/13/2026 17:18:58.670,Nordic CS Reflector A,E2:13:07:97:B1:7E,9.58,2
1/13/2026 17:18:58.725,Nordic CS Reflector A,E2:13:07:97:B1:7E,9.55,2
1/13/2026 17:18:58.726,Nordic CS Reflector A,E2:13:07:97:B1:7E,9.55,2
1/13/2026 17:18:58.842,Nordic CS Reflector A,E2:13:07:97:B1:7E,9.18,2
1/13/2026 17:18:58.843,Nordic CS Reflector A,E2:13:07:97:B1:7E,9.18,2
1/13/2026 17:18:58.932,Nordic CS Reflector A,E2:13:07:97:B1:7E,9.18,2
1/13/2026 17:18:58.933,Nordic CS Reflector A,E2:13:07:97:B1:7E,9.18,2
1/13/2026 17:18:59.189,Nordic CS Reflector A,E2:13:07:97:B1:7E,9.18,2
1/13/2026 17:18:59.278,Nordic CS Reflector A,E2:13:07:97:B1:7E,9.0,2
1/13/2026 17:18:59.279,Nordic CS Reflector A,E2:13:07:97:B1:7E,9.0,2
1/13/2026 17:18:59.302,Nordic CS Reflector A,E2:13:07:97:B1:7E,9.0,2
1/13/2026 17:18:59.303,Nordic CS Reflector A,E2:13:07:97:B1:7E,9.0,2
1/13/2026 17:18:59.341,Nordic CS Reflector A,E2:13:07:97:B1:7E,9.14,2
1/13/2026 17:18:59.342,Nordic CS Reflector A,E2:13:07:97:B1:7E,9.14,2
1/13/2026 17:18:59.484,Nordic CS Reflector A,E2:13:07:97:B1:7E,9.14,2
1/13/2026 17:18:59.771,Nordic CS Reflector A,E2:13:07:97:B1:7E,9.14,2
1/13/2026 17:18:59.772,Nordic CS Reflector A,E2:13:07:97:B1:7E,9.14,2
1/13/2026 17:18:59.773,Nordic CS Reflector A,E2:13:07:97:B1:7E,9.14,2
1/13/2026 17:18:59.812,Nordic CS Reflector A,E2:13:07:97:B1:7E,9.47,2
1/13/2026 17:18:59.813,Nordic CS Reflector A,E2:13:07:97:B1:7E,9.47,2
1/13/2026 17:18:59.837,Nordic CS Reflector A,E2:13:07:97:B1:7E,9.58,2
1/13/2026 17:18:59.838,Nordic CS Reflector A,E2:13:07:97:B1:7E,9.58,2
1/13/2026 17:18:59.942,Nordic CS Reflector A,E2:13:07:97:B1:7E,10.06,2
1/13/2026 17:18:59.943,Nordic CS Reflector A,E2:13:07:97:B1:7E,10.06,2
1/13/2026 17:19:00.020,Nordic CS Reflector A,E2:13:07:97:B1:7E,10.24,2
1/13/2026 17:19:00.021,Nordic CS Reflector A,E2:13:07:97:B1:7E,10.24,2
1/13/2026 17:19:00.298,Nordic CS Reflector A,E2:13:07:97:B1:7E,10.24,2
1/13/2026 17:19:00.299,Nordic CS Reflector A,E2:13:07:97:B1:7E,10.24,2
1/13/2026 17:19:00.331,Nordic CS Reflector A,E2:13:07:97:B1:7E,10.57,2
1/13/2026 17:19:00.439,Nordic CS Reflector A,E2:13:07:97:B1:7E,10.57,2
1/13/2026 17:19:00.552,Nordic CS Reflector A,E2:13:07:97:B1:7E,10.35,2
1/13/2026 17:19:00.553,Nordic CS Reflector A,E2:13:07:97:B1:7E,10.35,2
1/13/2026 17:19:00.692,Nordic CS Reflector A,E2:13:07:97:B1:7E,10.32,2
1/13/2026 17:19:00.693,Nordic CS Reflector A,E2:13:07:97:B1:7E,10.32,2
1/13/2026 17:19:00.829,Nordic CS Reflector A,E2:13:07:97:B1:7E,10.35,2
1/13/2026 17:19:00.830,Nordic CS Reflector A,E2:13:07:97:B1:7E,10.35,2
1/13/2026 17:19:00.889,Nordic CS Reflector A,E2:13:07:97:B1:7E,10.53,2
1/13/2026 17:19:00.930,Nordic CS Reflector A,E2:13:07:97:B1:7E,10.53,2
1/13/2026 17:19:01.010,Nordic CS Reflector A,E2:13:07:97:B1:7E,10.53,2
1/13/2026 17:19:01.011,Nordic CS Reflector A,E2:13:07:97:B1:7E,10.53,2
1/13/2026 17:19:01.082,Nordic CS Reflector A,E2:13:07:97:B1:7E,10.53,2
1/13/2026 17:19:01.083,Nordic CS Reflector A,E2:13:07:97:B1:7E,10.53,2
1/13/2026 17:19:01.376,Nordic CS Reflector A,E2:13:07:97:B1:7E,10.57,2
1/13/2026 17:19:01.377,Nordic CS Reflector A,E2:13:07:97:B1:7E,10.57,2
1/13/2026 17:19:01.428,Nordic CS Reflector A,E2:13:07:97:B1:7E,10.61,2
1/13/2026 17:19:01.485,Nordic CS Reflector A,E2:13:07:97:B1:7E,10.57,2
1/13/2026 17:19:01.531,Nordic CS Reflector A,E2:13:07:97:B1:7E,10.53,2
1/13/2026 17:19:01.532,Nordic CS Reflector A,E2:13:07:97:B1:7E,10.53,2
1/13/2026 17:19:01.632,Nordic CS Reflector A,E2:13:07:97:B1:7E,10.46,2
1/13/2026 17:19:01.633,Nordic CS Reflector A,E2:13:07:97:B1:7E,10.46,2
1/13/2026 17:19:01.964,Nordic CS Reflector A,E2:13:07:97:B1:7E,10.53,2
1/13/2026 17:19:01.965,Nordic CS Reflector A,E2:13:07:97:B1:7E,10.53,2
1/13/2026 17:19:01.999,Nordic CS Reflector A,E2:13:07:97:B1:7E,10.42,2
1/13/2026 17:19:02.000,Nordic CS Reflector A,E2:13:07:97:B1:7E,10.42,2
1/13/2026 17:19:02.014,Nordic CS Reflector A,E2:13:07:97:B1:7E,10.42,2
1/13/2026 17:19:02.070,Nordic CS Reflector A,E2:13:07:97:B1:7E,10.42,2
1/13/2026 17:19:02.190,Nordic CS Reflector A,E2:13:07:97:B1:7E,10.5,2
1/13/2026 17:19:02.500,Nordic CS Reflector A,E2:13:07:97:B1:7E,10.5,2
1/13/2026 17:19:02.501,Nordic CS Reflector A,E2:13:07:97:B1:7E,10.5,2
1/13/2026 17:19:02.556,Nordic CS Reflector A,E2:13:07:97:B1:7E,10.39,2
1/13/2026 17:19:02.557,Nordic CS Reflector A,E2:13:07:97:B1:7E,10.39,2
1/13/2026 17:19:02.598,Nordic CS Reflector A,E2:13:07:97:B1:7E,10.32,2
1/13/2026 17:19:02.599,Nordic CS Reflector A,E2:13:07:97:B1:7E,10.32,2
1/13/2026 17:19:02.633,Nordic CS Reflector A,E2:13:07:97:B1:7E,10.32,2
1/13/2026 17:19:02.651,Nordic CS Reflector A,E2:13:07:97:B1:7E,10.35,2
1/13/2026 17:19:03.024,Nordic CS Reflector A,E2:13:07:97:B1:7E,10.42,2
1/13/2026 17:19:03.025,Nordic CS Reflector A,E2:13:07:97:B1:7E,10.42,2
1/13/2026 17:19:03.049,Nordic CS Reflector A,E2:13:07:97:B1:7E,10.42,2
1/13/2026 17:19:03.207,Nordic CS Reflector A,E2:13:07:97:B1:7E,10.5,2
1/13/2026 17:19:03.208,Nordic CS Reflector A,E2:13:07:97:B1:7E,10.5,2
1/13/2026 17:19:03.278,Nordic CS Reflector A,E2:13:07:97:B1:7E,10.5,2
1/13/2026 17:19:03.279,Nordic CS Reflector A,E2:13:07:97:B1:7E,10.5,2
1/13/2026 17:19:03.373,Nordic CS Reflector A,E2:13:07:97:B1:7E,10.5,2
1/13/2026 17:19:03.374,Nordic CS Reflector A,E2:13:07:97:B1:7E,10.5,2
1/13/2026 17:19:03.562,Nordic CS Reflector A,E2:13:07:97:B1:7E,10.5,2
1/13/2026 17:19:03.563,Nordic CS Reflector A,E2:13:07:97:B1:7E,10.5,2
1/13/2026 17:19:03.621,Nordic CS Reflector A,E2:13:07:97:B1:7E,10.5,2
1/13/2026 17:19:03.622,Nordic CS Reflector A,E2:13:07:97:B1:7E,10.5,2
1/13/2026 17:19:03.664,Nordic CS Reflector A,E2:13:07:97:B1:7E,10.53,2
1/13/2026 17:19:03.730,Nordic CS Reflector A,E2:13:07:97:B1:7E,10.53,2
1/13/2026 17:19:03.826,Nordic CS Reflector A,E2:13:07:97:B1:7E,10.5,2
1/13/2026 17:19:03.827,Nordic CS Reflector A,E2:13:07:97:B1:7E,10.5,2
1/13/2026 17:19:04.154,Nordic CS Reflector A,E2:13:07:97:B1:7E,10.5,2
1/13/2026 17:19:04.186,Nordic CS Reflector A,E2:13:07:97:B1:7E,10.53,2
1/13/2026 17:19:04.187,Nordic CS Reflector A,E2:13:07:97:B1:7E,10.53,2
1/13/2026 17:19:04.209,Nordic CS Reflector A,E2:13:07:97:B1:7E,10.68,2
1/13/2026 17:19:04.210,Nordic CS Reflector A,E2:13:07:97:B1:7E,10.68,2
1/13/2026 17:19:04.253,Nordic CS Reflector A,E2:13:07:97:B1:7E,10.68,2
1/13/2026 17:19:04.254,Nordic CS Reflector A,E2:13:07:97:B1:7E,10.68,2
1/13/2026 17:19:04.255,Nordic CS Reflector A,E2:13:07:97:B1:7E,10.68,2
1/13/2026 17:19:04.370,Nordic CS Reflector A,E2:13:07:97:B1:7E,10.68,2
1/13/2026 17:19:04.371,Nordic CS Reflector A,E2:13:07:97:B1:7E,10.68,2
1/13/2026 17:19:04.643,Nordic CS Reflector A,E2:13:07:97:B1:7E,10.64,2
1/13/2026 17:19:04.644,Nordic CS Reflector A,E2:13:07:97:B1:7E,10.64,2
1/13/2026 17:19:04.645,Nordic CS Reflector A,E2:13:07:97:B1:7E,10.64,2
1/13/2026 17:19:04.680,Nordic CS Reflector A,E2:13:07:97:B1:7E,10.64,2
1/13/2026 17:19:04.752,Nordic CS Reflector A,E2:13:07:97:B1:7E,9.77,2
1/13/2026 17:19:04.798,Nordic CS Reflector A,E2:13:07:97:B1:7E,10.64,2
1/13/2026 17:19:04.913,Nordic CS Reflector A,E2:13:07:97:B1:7E,10.53,2
1/13/2026 17:19:05.178,Nordic CS Reflector A,E2:13:07:97:B1:7E,10.53,2
1/13/2026 17:19:05.179,Nordic CS Reflector A,E2:13:07:97:B1:7E,10.53,2
1/13/2026 17:19:05.218,Nordic CS Reflector A,E2:13:07:97:B1:7E,10.5,2
1/13/2026 17:19:05.219,Nordic CS Reflector A,E2:13:07:97:B1:7E,10.5,2
1/13/2026 17:19:05.295,Nordic CS Reflector A,E2:13:07:97:B1:7E,10.42,2
1/13/2026 17:19:05.296,Nordic CS Reflector A,E2:13:07:97:B1:7E,10.42,2
1/13/2026 17:19:05.346,Nordic CS Reflector A,E2:13:07:97:B1:7E,10.5,2
1/13/2026 17:19:05.433,Nordic CS Reflector A,E2:13:07:97:B1:7E,10.57,2
1/13/2026 17:19:05.434,Nordic CS Reflector A,E2:13:07:97:B1:7E,10.57,2
1/13/2026 17:19:05.776,Nordic CS Reflector A,E2:13:07:97:B1:7E,10.72,2
1/13/2026 17:19:05.777,Nordic CS Reflector A,E2:13:07:97:B1:7E,10.72,2
1/13/2026 17:19:05.832,Nordic CS Reflector A,E2:13:07:97:B1:7E,10.72,2
1/13/2026 17:19:05.882,Nordic CS Reflector A,E2:13:07:97:B1:7E,10.42,2
1/13/2026 17:19:05.883,Nordic CS Reflector A,E2:13:07:97:B1:7E,10.42,2
1/13/2026 17:19:05.902,Nordic CS Reflector A,E2:13:07:97:B1:7E,10.35,2
1/13/2026 17:19:05.926,Nordic CS Reflector A,E2:13:07:97:B1:7E,10.42,2
1/13/2026 17:19:06.298,Nordic CS Reflector A,E2:13:07:97:B1:7E,10.5,2
1/13/2026 17:19:06.299,Nordic CS Reflector A,E2:13:07:97:B1:7E,10.5,2
1/13/2026 17:19:06.300,Nordic CS Reflector A,E2:13:07:97:B1:7E,10.5,2
1/13/2026 17:19:06.382,Nordic CS Reflector A,E2:13:07:97:B1:7E,10.5,2
1/13/2026 17:19:06.383,Nordic CS Reflector A,E2:13:07:97:B1:7E,10.5,2
1/13/2026 17:19:06.412,Nordic CS Reflector A,E2:13:07:97:B1:7E,10.21,2
1/13/2026 17:19:06.413,Nordic CS Reflector A,E2:13:07:97:B1:7E,10.21,2
1/13/2026 17:19:06.528,Nordic CS Reflector A,E2:13:07:97:B1:7E,10.06,2
1/13/2026 17:19:06.529,Nordic CS Reflector A,E2:13:07:97:B1:7E,10.06,2
1/13/2026 17:19:06.567,Nordic CS Reflector A,E2:13:07:97:B1:7E,9.95,2
1/13/2026 17:19:06.952,Nordic CS Reflector A,E2:13:07:97:B1:7E,9.95,2
1/13/2026 17:19:06.953,Nordic CS Reflector A,E2:13:07:97:B1:7E,9.95,2
1/13/2026 17:19:07.004,Nordic CS Reflector A,E2:13:07:97:B1:7E,10.28,2
1/13/2026 17:19:07.005,Nordic CS Reflector A,E2:13:07:97:B1:7E,10.28,2
1/13/2026 17:19:07.090,Nordic CS Reflector A,E2:13:07:97:B1:7E,10.46,2
1/13/2026 17:19:07.091,Nordic CS Reflector A,E2:13:07:97:B1:7E,10.46,2
1/13/2026 17:19:07.185,Nordic CS Reflector A,E2:13:07:97:B1:7E,10.53,2
1/13/2026 17:19:07.227,Nordic CS Reflector A,E2:13:07:97:B1:7E,10.53,2
1/13/2026 17:19:07.673,Nordic CS Reflector A,E2:13:07:97:B1:7E,10.53,2
1/13/2026 17:19:07.674,Nordic CS Reflector A,E2:13:07:97:B1:7E,10.53,2
1/13/2026 17:19:07.770,Nordic CS Reflector A,E2:13:07:97:B1:7E,10.79,2
1/13/2026 17:19:07.771,Nordic CS Reflector A,E2:13:07:97:B1:7E,10.79,2
1/13/2026 17:19:07.806,Nordic CS Reflector A,E2:13:07:97:B1:7E,10.79,2
1/13/2026 17:19:07.807,Nordic CS Reflector A,E2:13:07:97:B1:7E,10.79,2
1/13/2026 17:19:07.830,Nordic CS Reflector A,E2:13:07:97:B1:7E,10.68,2
1/13/2026 17:19:08.024,Nordic CS Reflector A,E2:13:07:97:B1:7E,10.53,2
1/13/2026 17:19:08.025,Nordic CS Reflector A,E2:13:07:97:B1:7E,10.53,2
1/13/2026 17:19:08.215,Nordic CS Reflector A,E2:13:07:97:B1:7E,10.53,2
1/13/2026 17:19:08.216,Nordic CS Reflector A,E2:13:07:97:B1:7E,10.53,2
1/13/2026 17:19:08.254,Nordic CS Reflector A,E2:13:07:97:B1:7E,10.53,2
1/13/2026 17:19:08.322,Nordic CS Reflector A,E2:13:07:97:B1:7E,10.53,2
1/13/2026 17:19:08.383,Nordic CS Reflector A,E2:13:07:97:B1:7E,10.57,2
1/13/2026 17:19:08.384,Nordic CS Reflector A,E2:13:07:97:B1:7E,10.57,2
1/13/2026 17:19:08.484,Nordic CS Reflector A,E2:13:07:97:B1:7E,10.61,2
1/13/2026 17:19:08.762,Nordic CS Reflector A,E2:13:07:97:B1:7E,10.61,2
1/13/2026 17:19:08.833,Nordic CS Reflector A,E2:13:07:97:B1:7E,10.57,2
1/13/2026 17:19:08.834,Nordic CS Reflector A,E2:13:07:97:B1:7E,10.57,2
1/13/2026 17:19:08.881,Nordic CS Reflector A,E2:13:07:97:B1:7E,10.57,2
1/13/2026 17:19:08.983,Nordic CS Reflector A,E2:13:07:97:B1:7E,10.57,2
1/13/2026 17:19:09.001,Nordic CS Reflector A,E2:13:07:97:B1:7E,10.68,2
1/13/2026 17:19:09.002,Nordic CS Reflector A,E2:13:07:97:B1:7E,10.68,2
1/13/2026 17:19:09.494,Nordic CS Reflector A,E2:13:07:97:B1:7E,10.68,2
1/13/2026 17:19:09.495,Nordic CS Reflector A,E2:13:07:97:B1:7E,10.68,2
1/13/2026 17:19:09.536,Nordic CS Reflector A,E2:13:07:97:B1:7E,10.64,2
1/13/2026 17:19:09.537,Nordic CS Reflector A,E2:13:07:97:B1:7E,10.64,2
1/13/2026 17:19:09.551,Nordic CS Reflector A,E2:13:07:97:B1:7E,10.57,2
1/13/2026 17:19:09.605,Nordic CS Reflector A,E2:13:07:97:B1:7E,10.39,2
1/13/2026 17:19:09.606,Nordic CS Reflector A,E2:13:07:97:B1:7E,10.39,2
1/13/2026 17:19:09.710,Nordic CS Reflector A,E2:13:07:97:B1:7E,10.35,2
1/13/2026 17:19:09.986,Nordic CS Reflector A,E2:13:07:97:B1:7E,10.28,2
1/13/2026 17:19:10.025,Nordic CS Reflector A,E2:13:07:97:B1:7E,10.06,2
1/13/2026 17:19:10.026,Nordic CS Reflector A,E2:13:07:97:B1:7E,10.06,2
1/13/2026 17:19:10.092,Nordic CS Reflector A,E2:13:07:97:B1:7E,10.06,2
1/13/2026 17:19:10.093,Nordic CS Reflector A,E2:13:07:97:B1:7E,10.06,2
1/13/2026 17:19:10.159,Nordic CS Reflector A,E2:13:07:97:B1:7E,10.1,2
1/13/2026 17:19:10.160,Nordic CS Reflector A,E2:13:07:97:B1:7E,10.1,2
1/13/2026 17:19:10.246,Nordic CS Reflector A,E2:13:07:97:B1:7E,10.35,2
1/13/2026 17:19:10.530,Nordic CS Reflector A,E2:13:07:97:B1:7E,10.39,2
1/13/2026 17:19:10.555,Nordic CS Reflector A,E2:13:07:97:B1:7E,10.42,2
1/13/2026 17:19:10.556,Nordic CS Reflector A,E2:13:07:97:B1:7E,10.42,2
1/13/2026 17:19:10.635,Nordic CS Reflector A,E2:13:07:97:B1:7E,10.39,2
1/13/2026 17:19:10.636,Nordic CS Reflector A,E2:13:07:97:B1:7E,10.39,2
1/13/2026 17:19:10.701,Nordic CS Reflector A,E2:13:07:97:B1:7E,10.32,2
1/13/2026 17:19:10.702,Nordic CS Reflector A,E2:13:07:97:B1:7E,10.32,2
1/13/2026 17:19:10.773,Nordic CS Reflector A,E2:13:07:97:B1:7E,10.32,2
1/13/2026 17:19:10.774,Nordic CS Reflector A,E2:13:07:97:B1:7E,10.32,2
1/13/2026 17:19:11.118,Nordic CS Reflector A,E2:13:07:97:B1:7E,10.32,2
1/13/2026 17:19:11.119,Nordic CS Reflector A,E2:13:07:97:B1:7E,10.32,2
1/13/2026 17:19:11.145,Nordic CS Reflector A,E2:13:07:97:B1:7E,10.32,2
1/13/2026 17:19:11.146,Nordic CS Reflector A,E2:13:07:97:B1:7E,10.32,2
1/13/2026 17:19:11.177,Nordic CS Reflector A,E2:13:07:97:B1:7E,10.61,2
1/13/2026 17:19:11.178,Nordic CS Reflector A,E2:13:07:97:B1:7E,10.61,2
1/13/2026 17:19:11.218,Nordic CS Reflector A,E2:13:07:97:B1:7E,10.61,2
1/13/2026 17:19:11.219,Nordic CS Reflector A,E2:13:07:97:B1:7E,10.61,2
1/13/2026 17:19:11.409,Nordic CS Reflector A,E2:13:07:97:B1:7E,10.64,2
1/13/2026 17:19:11.410,Nordic CS Reflector A,E2:13:07:97:B1:7E,10.64,2
1/13/2026 17:19:11.605,Nordic CS Reflector A,E2:13:07:97:B1:7E,10.64,2
1/13/2026 17:19:11.606,Nordic CS Reflector A,E2:13:07:97:B1:7E,10.64,2
1/13/2026 17:19:11.607,Nordic CS Reflector A,E2:13:07:97:B1:7E,10.64,2
1/13/2026 17:19:11.644,Nordic CS Reflector A,E2:13:07:97:B1:7E,10.64,2
1/13/2026 17:19:11.736,Nordic CS Reflector A,E2:13:07:97:B1:7E,10.57,2
1/13/2026 17:19:11.737,Nordic CS Reflector A,E2:13:07:97:B1:7E,10.57,2
1/13/2026 17:19:11.840,Nordic CS Reflector A,E2:13:07:97:B1:7E,10.5,2
1/13/2026 17:19:11.867,Nordic CS Reflector A,E2:13:07:97:B1:7E,10.5,2
1/13/2026 17:19:11.868,Nordic CS Reflector A,E2:13:07:97:B1:7E,10.5,2
1/13/2026 17:19:12.268,Nordic CS Reflector A,E2:13:07:97:B1:7E,10.5,2
1/13/2026 17:19:12.269,Nordic CS Reflector A,E2:13:07:97:B1:7E,10.5,2
1/13/2026 17:19:12.339,Nordic CS Reflector A,E2:13:07:97:B1:7E,10.17,2
1/13/2026 17:19:12.340,Nordic CS Reflector A,E2:13:07:97:B1:7E,10.17,2
1/13/2026 17:19:12.377,Nordic CS Reflector A,E2:13:07:97:B1:7E,10.1,2
1/13/2026 17:19:12.494,Nordic CS Reflector A,E2:13:07:97:B1:7E,10.1,2
1/13/2026 17:19:12.495,Nordic CS Reflector A,E2:13:07:97:B1:7E,10.1,2
1/13/2026 17:19:12.510,Nordic CS Reflector A,E2:13:07:97:B1:7E,10.06,2
1/13/2026 17:19:12.511,Nordic CS Reflector A,E2:13:07:97:B1:7E,10.06,2
1/13/2026 17:19:12.953,Nordic CS Reflector A,E2:13:07:97:B1:7E,10.06,2
1/13/2026 17:19:12.954,Nordic CS Reflector A,E2:13:07:97:B1:7E,10.06,2
1/13/2026 17:19:12.996,Nordic CS Reflector A,E2:13:07:97:B1:7E,10.53,2
1/13/2026 17:19:12.997,Nordic CS Reflector A,E2:13:07:97:B1:7E,10.53,2
1/13/2026 17:19:13.078,Nordic CS Reflector A,E2:13:07:97:B1:7E,10.61,2
1/13/2026 17:19:13.102,Nordic CS Reflector A,E2:13:07:97:B1:7E,10.61,2
1/13/2026 17:19:13.103,Nordic CS Reflector A,E2:13:07:97:B1:7E,10.61,2
1/13/2026 17:19:13.116,Nordic CS Reflector A,E2:13:07:97:B1:7E,10.46,2
1/13/2026 17:19:13.117,Nordic CS Reflector A,E2:13:07:97:B1:7E,10.46,2
1/13/2026 17:19:13.496,Nordic CS Reflector A,E2:13:07:97:B1:7E,10.46,2
1/13/2026 17:19:13.497,Nordic CS Reflector A,E2:13:07:97:B1:7E,10.46,2
1/13/2026 17:19:13.540,Nordic CS Reflector A,E2:13:07:97:B1:7E,10.46,2
1/13/2026 17:19:13.541,Nordic CS Reflector A,E2:13:07:97:B1:7E,10.46,2
1/13/2026 17:19:13.594,Nordic CS Reflector A,E2:13:07:97:B1:7E,10.46,2
1/13/2026 17:19:13.595,Nordic CS Reflector A,E2:13:07:97:B1:7E,10.46,2
1/13/2026 17:19:13.673,Nordic CS Reflector A,E2:13:07:97:B1:7E,10.57,2
1/13/2026 17:19:13.674,Nordic CS Reflector A,E2:13:07:97:B1:7E,10.57,2
1/13/2026 17:19:13.741,Nordic CS Reflector A,E2:13:07:97:B1:7E,10.57,2
1/13/2026 17:19:13.742,Nordic CS Reflector A,E2:13:07:97:B1:7E,10.57,2
1/13/2026 17:19:14.091,Nordic CS Reflector A,E2:13:07:97:B1:7E,10.46,0
1/13/2026 17:19:14.092,Nordic CS Reflector A,E2:13:07:97:B1:7E,10.46,0
1/13/2026 17:19:14.123,Nordic CS Reflector A,E2:13:07:97:B1:7E,10.42,2
1/13/2026 17:19:14.124,Nordic CS Reflector A,E2:13:07:97:B1:7E,10.42,2
1/13/2026 17:19:14.142,Nordic CS Reflector A,E2:13:07:97:B1:7E,10.39,2
1/13/2026 17:19:14.190,Nordic CS Reflector A,E2:13:07:97:B1:7E,10.39,2
1/13/2026 17:19:14.364,Nordic CS Reflector A,E2:13:07:97:B1:7E,10.53,2
1/13/2026 17:19:14.365,Nordic CS Reflector A,E2:13:07:97:B1:7E,10.53,2
1/13/2026 17:19:14.580,Nordic CS Reflector A,E2:13:07:97:B1:7E,10.57,2
1/13/2026 17:19:14.581,Nordic CS Reflector A,E2:13:07:97:B1:7E,10.57,2
1/13/2026 17:19:14.582,Nordic CS Reflector A,E2:13:07:97:B1:7E,10.57,2
1/13/2026 17:19:14.606,Nordic CS Reflector A,E2:13:07:97:B1:7E,10.57,2
1/13/2026 17:19:14.607,Nordic CS Reflector A,E2:13:07:97:B1:7E,10.57,2
1/13/2026 17:19:14.684,Nordic CS Reflector A,E2:13:07:97:B1:7E,10.57,2
1/13/2026 17:19:14.685,Nordic CS Reflector A,E2:13:07:97:B1:7E,10.57,2
1/13/2026 17:19:14.721,Nordic CS Reflector A,E2:13:07:97:B1:7E,10.68,2
1/13/2026 17:19:14.722,Nordic CS Reflector A,E2:13:07:97:B1:7E,10.68,2
1/13/2026 17:19:14.850,Nordic CS Reflector A,E2:13:07:97:B1:7E,10.72,2
1/13/2026 17:19:14.851,Nordic CS Reflector A,E2:13:07:97:B1:7E,10.72,2
1/13/2026 17:19:15.171,Nordic CS Reflector A,E2:13:07:97:B1:7E,10.75,2
1/13/2026 17:19:15.172,Nordic CS Reflector A,E2:13:07:97:B1:7E,10.75,2
1/13/2026 17:19:15.173,Nordic CS Reflector A,E2:13:07:97:B1:7E,10.75,2
1/13/2026 17:19:15.202,Nordic CS Reflector A,E2:13:07:97:B1:7E,10.86,2
1/13/2026 17:19:15.203,Nordic CS Reflector A,E2:13:07:97:B1:7E,10.86,2
1/13/2026 17:19:15.213,Nordic CS Reflector A,E2:13:07:97:B1:7E,10.86,2
1/13/2026 17:19:15.310,Nordic CS Reflector A,E2:13:07:97:B1:7E,10.86,2
1/13/2026 17:19:15.438,Nordic CS Reflector A,E2:13:07:97:B1:7E,10.32,2
1/13/2026 17:19:15.439,Nordic CS Reflector A,E2:13:07:97:B1:7E,10.32,2
1/13/2026 17:19:15.683,Nordic CS Reflector A,E2:13:07:97:B1:7E,10.24,2
1/13/2026 17:19:15.684,Nordic CS Reflector A,E2:13:07:97:B1:7E,10.24,2
1/13/2026 17:19:15.727,Nordic CS Reflector A,E2:13:07:97:B1:7E,10.17,2
1/13/2026 17:19:15.728,Nordic CS Reflector A,E2:13:07:97:B1:7E,10.17,2
1/13/2026 17:19:15.798,Nordic CS Reflector A,E2:13:07:97:B1:7E,10.17,2
1/13/2026 17:19:15.799,Nordic CS Reflector A,E2:13:07:97:B1:7E,10.17,2
1/13/2026 17:19:15.832,Nordic CS Reflector A,E2:13:07:97:B1:7E,10.35,2
1/13/2026 17:19:15.833,Nordic CS Reflector A,E2:13:07:97:B1:7E,10.35,2
1/13/2026 17:19:15.951,Nordic CS Reflector A,E2:13:07:97:B1:7E,10.53,2
1/13/2026 17:19:15.952,Nordic CS Reflector A,E2:13:07:97:B1:7E,10.53,2
1/13/2026 17:19:16.222,Nordic CS Reflector A,E2:13:07:97:B1:7E,10.57,2
1/13/2026 17:19:16.223,Nordic CS Reflector A,E2:13:07:97:B1:7E,10.57,2
1/13/2026 17:19:16.255,Nordic CS Reflector A,E2:13:07:97:B1:7E,10.57,2
1/13/2026 17:19:16.256,Nordic CS Reflector A,E2:13:07:97:B1:7E,10.57,2
1/13/2026 17:19:16.343,Nordic CS Reflector A,E2:13:07:97:B1:7E,10.35,2
1/13/2026 17:19:16.344,Nordic CS Reflector A,E2:13:07:97:B1:7E,10.35,2
1/13/2026 17:19:16.400,Nordic CS Reflector A,E2:13:07:97:B1:7E,10.35,2
1/13/2026 17:19:16.401,Nordic CS Reflector A,E2:13:07:97:B1:7E,10.35,2
1/13/2026 17:19:16.475,Nordic CS Reflector A,E2:13:07:97:B1:7E,10.39,2
1/13/2026 17:19:16.476,Nordic CS Reflector A,E2:13:07:97:B1:7E,10.39,2
1/13/2026 17:19:16.766,Nordic CS Reflector A,E2:13:07:97:B1:7E,10.46,2
1/13/2026 17:19:16.767,Nordic CS Reflector A,E2:13:07:97:B1:7E,10.46,2
1/13/2026 17:19:16.792,Nordic CS Reflector A,E2:13:07:97:B1:7E,10.53,2
1/13/2026 17:19:16.793,Nordic CS Reflector A,E2:13:07:97:B1:7E,10.53,2
1/13/2026 17:19:16.871,Nordic CS Reflector A,E2:13:07:97:B1:7E,10.79,2
1/13/2026 17:19:16.931,Nordic CS Reflector A,E2:13:07:97:B1:7E,10.79,2
1/13/2026 17:19:17.034,Nordic CS Reflector A,E2:13:07:97:B1:7E,10.61,2
1/13/2026 17:19:17.035,Nordic CS Reflector A,E2:13:07:97:B1:7E,10.61,2
1/13/2026 17:19:17.393,Nordic CS Reflector A,E2:13:07:97:B1:7E,10.61,2
1/13/2026 17:19:17.394,Nordic CS Reflector A,E2:13:07:97:B1:7E,10.61,2
1/13/2026 17:19:17.422,Nordic CS Reflector A,E2:13:07:97:B1:7E,10.72,2
1/13/2026 17:19:17.423,Nordic CS Reflector A,E2:13:07:97:B1:7E,10.72,2
1/13/2026 17:19:17.471,Nordic CS Reflector A,E2:13:07:97:B1:7E,10.72,2
1/13/2026 17:19:17.472,Nordic CS Reflector A,E2:13:07:97:B1:7E,10.72,2
1/13/2026 17:19:17.571,Nordic CS Reflector A,E2:13:07:97:B1:7E,10.61,2
1/13/2026 17:19:17.572,Nordic CS Reflector A,E2:13:07:97:B1:7E,10.61,2
1/13/2026 17:19:17.573,Nordic CS Reflector A,E2:13:07:97:B1:7E,10.61,2
1/13/2026 17:19:17.654,Nordic CS Reflector A,E2:13:07:97:B1:7E,10.61,2
1/13/2026 17:19:17.655,Nordic CS Reflector A,E2:13:07:97:B1:7E,10.61,2
1/13/2026 17:19:17.912,Nordic CS Reflector A,E2:13:07:97:B1:7E,10.39,2
1/13/2026 17:19:17.949,Nordic CS Reflector A,E2:13:07:97:B1:7E,10.39,2
1/13/2026 17:19:17.950,Nordic CS Reflector A,E2:13:07:97:B1:7E,10.39,2
1/13/2026 17:19:17.994,Nordic CS Reflector A,E2:13:07:97:B1:7E,10.39,2
1/13/2026 17:19:17.995,Nordic CS Reflector A,E2:13:07:97:B1:7E,10.39,2
1/13/2026 17:19:18.111,Nordic CS Reflector A,E2:13:07:97:B1:7E,10.53,2
1/13/2026 17:19:18.112,Nordic CS Reflector A,E2:13:07:97:B1:7E,10.53,2
1/13/2026 17:19:18.190,Nordic CS Reflector A,E2:13:07:97:B1:7E,10.53,2
1/13/2026 17:19:18.437,Nordic CS Reflector A,E2:13:07:97:B1:7E,10.53,2
1/13/2026 17:19:18.438,Nordic CS Reflector A,E2:13:07:97:B1:7E,10.53,2
1/13/2026 17:19:18.439,Nordic CS Reflector A,E2:13:07:97:B1:7E,10.53,2
1/13/2026 17:19:18.478,Nordic CS Reflector A,E2:13:07:97:B1:7E,10.72,2
1/13/2026 17:19:18.504,Nordic CS Reflector A,E2:13:07:97:B1:7E,10.72,2
1/13/2026 17:19:18.533,Nordic CS Reflector A,E2:13:07:97:B1:7E,10.72,2
1/13/2026 17:19:18.534,Nordic CS Reflector A,E2:13:07:97:B1:7E,10.72,2
1/13/2026 17:19:18.650,Nordic CS Reflector A,E2:13:07:97:B1:7E,10.79,2
1/13/2026 17:19:18.651,Nordic CS Reflector A,E2:13:07:97:B1:7E,10.79,2
1/13/2026 17:19:18.929,Nordic CS Reflector A,E2:13:07:97:B1:7E,10.79,2
1/13/2026 17:19:18.930,Nordic CS Reflector A,E2:13:07:97:B1:7E,10.79,2
1/13/2026 17:19:18.970,Nordic CS Reflector A,E2:13:07:97:B1:7E,10.72,2
1/13/2026 17:19:18.971,Nordic CS Reflector A,E2:13:07:97:B1:7E,10.72,2
1/13/2026 17:19:19.037,Nordic CS Reflector A,E2:13:07:97:B1:7E,10.68,2
1/13/2026 17:19:19.079,Nordic CS Reflector A,E2:13:07:97:B1:7E,10.68,2
1/13/2026 17:19:19.197,Nordic CS Reflector A,E2:13:07:97:B1:7E,10.68,2
1/13/2026 17:19:19.198,Nordic CS Reflector A,E2:13:07:97:B1:7E,10.68,2
1/13/2026 17:19:19.464,Nordic CS Reflector A,E2:13:07:97:B1:7E,10.79,2
1/13/2026 17:19:19.465,Nordic CS Reflector A,E2:13:07:97:B1:7E,10.79,2
1/13/2026 17:19:19.466,Nordic CS Reflector A,E2:13:07:97:B1:7E,10.79,2
1/13/2026 17:19:19.502,Nordic CS Reflector A,E2:13:07:97:B1:7E,10.79,2
1/13/2026 17:19:19.503,Nordic CS Reflector A,E2:13:07:97:B1:7E,10.79,2
1/13/2026 17:19:19.560,Nordic CS Reflector A,E2:13:07:97:B1:7E,10.86,2
1/13/2026 17:19:19.625,Nordic CS Reflector A,E2:13:07:97:B1:7E,10.83,2
1/13/2026 17:19:19.626,Nordic CS Reflector A,E2:13:07:97:B1:7E,10.83,2
1/13/2026 17:19:19.733,Nordic CS Reflector A,E2:13:07:97:B1:7E,10.83,2
1/13/2026 17:19:19.734,Nordic CS Reflector A,E2:13:07:97:B1:7E,10.83,2
1/13/2026 17:19:19.735,Nordic CS Reflector A,E2:13:07:97:B1:7E,10.83,2
1/13/2026 17:19:20.066,Nordic CS Reflector A,E2:13:07:97:B1:7E,10.83,2
1/13/2026 17:19:20.067,Nordic CS Reflector A,E2:13:07:97:B1:7E,10.83,2
1/13/2026 17:19:20.097,Nordic CS Reflector A,E2:13:07:97:B1:7E,10.72,2
1/13/2026 17:19:20.116,Nordic CS Reflector A,E2:13:07:97:B1:7E,10.64,2
1/13/2026 17:19:20.117,Nordic CS Reflector A,E2:13:07:97:B1:7E,10.64,2
1/13/2026 17:19:20.178,Nordic CS Reflector A,E2:13:07:97:B1:7E,10.64,2
1/13/2026 17:19:20.179,Nordic CS Reflector A,E2:13:07:97:B1:7E,10.64,2
1/13/2026 17:19:20.270,Nordic CS Reflector A,E2:13:07:97:B1:7E,10.61,2
1/13/2026 17:19:20.271,Nordic CS Reflector A,E2:13:07:97:B1:7E,10.61,2
1/13/2026 17:19:20.550,Nordic CS Reflector A,E2:13:07:97:B1:7E,10.61,2
1/13/2026 17:19:20.551,Nordic CS Reflector A,E2:13:07:97:B1:7E,10.61,2
1/13/2026 17:19:20.552,Nordic CS Reflector A,E2:13:07:97:B1:7E,10.61,2
1/13/2026 17:19:20.600,Nordic CS Reflector A,E2:13:07:97:B1:7E,10.61,2
1/13/2026 17:19:20.645,Nordic CS Reflector A,E2:13:07:97:B1:7E,10.61,2
1/13/2026 17:19:20.646,Nordic CS Reflector A,E2:13:07:97:B1:7E,10.61,2
1/13/2026 17:19:20.706,Nordic CS Reflector A,E2:13:07:97:B1:7E,10.53,2
1/13/2026 17:19:20.707,Nordic CS Reflector A,E2:13:07:97:B1:7E,10.53,2
1/13/2026 17:19:20.841,Nordic CS Reflector A,E2:13:07:97:B1:7E,10.21,2
1/13/2026 17:19:20.842,Nordic CS Reflector A,E2:13:07:97:B1:7E,10.21,2
1/13/2026 17:19:21.155,Nordic CS Reflector A,E2:13:07:97:B1:7E,10.21,2
1/13/2026 17:19:21.156,Nordic CS Reflector A,E2:13:07:97:B1:7E,10.21,2
1/13/2026 17:19:21.209,Nordic CS Reflector A,E2:13:07:97:B1:7E,10.46,2
1/13/2026 17:19:21.210,Nordic CS Reflector A,E2:13:07:97:B1:7E,10.46,2
1/13/2026 17:19:21.236,Nordic CS Reflector A,E2:13:07:97:B1:7E,10.46,2
1/13/2026 17:19:21.237,Nordic CS Reflector A,E2:13:07:97:B1:7E,10.46,2
1/13/2026 17:19:21.256,Nordic CS Reflector A,E2:13:07:97:B1:7E,10.46,2
1/13/2026 17:19:21.269,Nordic CS Reflector A,E2:13:07:97:B1:7E,10.39,2
1/13/2026 17:19:21.733,Nordic CS Reflector A,E2:13:07:97:B1:7E,10.57,2
1/13/2026 17:19:21.734,Nordic CS Reflector A,E2:13:07:97:B1:7E,10.57,2
1/13/2026 17:19:21.773,Nordic CS Reflector A,E2:13:07:97:B1:7E,10.53,2
1/13/2026 17:19:21.774,Nordic CS Reflector A,E2:13:07:97:B1:7E,10.53,2
1/13/2026 17:19:21.793,Nordic CS Reflector A,E2:13:07:97:B1:7E,10.68,2
1/13/2026 17:19:21.861,Nordic CS Reflector A,E2:13:07:97:B1:7E,10.53,2
1/13/2026 17:19:21.862,Nordic CS Reflector A,E2:13:07:97:B1:7E,10.53,2
1/13/2026 17:19:21.940,Nordic CS Reflector A,E2:13:07:97:B1:7E,10.28,2
1/13/2026 17:19:21.941,Nordic CS Reflector A,E2:13:07:97:B1:7E,10.28,2
1/13/2026 17:19:22.272,Nordic CS Reflector A,E2:13:07:97:B1:7E,10.28,2
1/13/2026 17:19:22.273,Nordic CS Reflector A,E2:13:07:97:B1:7E,10.28,2
1/13/2026 17:19:22.325,Nordic CS Reflector A,E2:13:07:97:B1:7E,10.39,2
1/13/2026 17:19:22.326,Nordic CS Reflector A,E2:13:07:97:B1:7E,10.39,2
1/13/2026 17:19:22.342,Nordic CS Reflector A,E2:13:07:97:B1:7E,10.53,2
1/13/2026 17:19:22.343,Nordic CS Reflector A,E2:13:07:97:B1:7E,10.53,2
1/13/2026 17:19:22.383,Nordic CS Reflector A,E2:13:07:97:B1:7E,10.53,2
1/13/2026 17:19:22.384,Nordic CS Reflector A,E2:13:07:97:B1:7E,10.53,2
1/13/2026 17:19:22.484,Nordic CS Reflector A,E2:13:07:97:B1:7E,11.05,2
1/13/2026 17:19:22.485,Nordic CS Reflector A,E2:13:07:97:B1:7E,11.05,2
1/13/2026 17:19:22.759,Nordic CS Reflector A,E2:13:07:97:B1:7E,10.64,2
1/13/2026 17:19:22.760,Nordic CS Reflector A,E2:13:07:97:B1:7E,10.64,2
1/13/2026 17:19:22.786,Nordic CS Reflector A,E2:13:07:97:B1:7E,10.64,2
1/13/2026 17:19:22.871,Nordic CS Reflector A,E2:13:07:97:B1:7E,10.42,2
1/13/2026 17:19:22.872,Nordic CS Reflector A,E2:13:07:97:B1:7E,10.42,2
1/13/2026 17:19:22.919,Nordic CS Reflector A,E2:13:07:97:B1:7E,10.39,2
1/13/2026 17:19:22.920,Nordic CS Reflector A,E2:13:07:97:B1:7E,10.39,2
1/13/2026 17:19:23.028,Nordic CS Reflector A,E2:13:07:97:B1:7E,10.42,2
1/13/2026 17:19:23.029,Nordic CS Reflector A,E2:13:07:97:B1:7E,10.42,2
1/13/2026 17:19:23.370,Nordic CS Reflector A,E2:13:07:97:B1:7E,10.21,2
1/13/2026 17:19:23.371,Nordic CS Reflector A,E2:13:07:97:B1:7E,10.21,2
1/13/2026 17:19:23.423,Nordic CS Reflector A,E2:13:07:97:B1:7E,10.42,2
1/13/2026 17:19:23.424,Nordic CS Reflector A,E2:13:07:97:B1:7E,10.42,2
1/13/2026 17:19:23.440,Nordic CS Reflector A,E2:13:07:97:B1:7E,10.42,2
1/13/2026 17:19:23.441,Nordic CS Reflector A,E2:13:07:97:B1:7E,10.42,2
1/13/2026 17:19:23.476,Nordic CS Reflector A,E2:13:07:97:B1:7E,10.42,2
1/13/2026 17:19:23.477,Nordic CS Reflector A,E2:13:07:97:B1:7E,10.42,2
1/13/2026 17:19:23.478,Nordic CS Reflector A,E2:13:07:97:B1:7E,10.42,2
1/13/2026 17:19:23.495,Nordic CS Reflector A,E2:13:07:97:B1:7E,10.42,2
1/13/2026 17:19:23.871,Nordic CS Reflector A,E2:13:07:97:B1:7E,10.53,2
1/13/2026 17:19:23.872,Nordic CS Reflector A,E2:13:07:97:B1:7E,10.53,2
1/13/2026 17:19:23.873,Nordic CS Reflector A,E2:13:07:97:B1:7E,10.53,2
1/13/2026 17:19:23.919,Nordic CS Reflector A,E2:13:07:97:B1:7E,10.61,2
1/13/2026 17:19:23.986,Nordic CS Reflector A,E2:13:07:97:B1:7E,10.61,2
1/13/2026 17:19:23.987,Nordic CS Reflector A,E2:13:07:97:B1:7E,10.61,2
1/13/2026 17:19:24.033,Nordic CS Reflector A,E2:13:07:97:B1:7E,10.53,2
1/13/2026 17:19:24.135,Nordic CS Reflector A,E2:13:07:97:B1:7E,10.21,2
1/13/2026 17:19:24.136,Nordic CS Reflector A,E2:13:07:97:B1:7E,10.21,2
1/13/2026 17:19:24.137,Nordic CS Reflector A,E2:13:07:97:B1:7E,10.21,2
1/13/2026 17:19:24.417,Nordic CS Reflector A,E2:13:07:97:B1:7E,10.21,2
1/13/2026 17:19:24.418,Nordic CS Reflector A,E2:13:07:97:B1:7E,10.21,2
1/13/2026 17:19:24.470,Nordic CS Reflector A,E2:13:07:97:B1:7E,9.99,2
1/13/2026 17:19:24.499,Nordic CS Reflector A,E2:13:07:97:B1:7E,9.99,2
1/13/2026 17:19:24.500,Nordic CS Reflector A,E2:13:07:97:B1:7E,9.99,2
1/13/2026 17:19:24.572,Nordic CS Reflector A,E2:13:07:97:B1:7E,10.64,2
1/13/2026 17:19:24.573,Nordic CS Reflector A,E2:13:07:97:B1:7E,10.64,2
1/13/2026 17:19:24.707,Nordic CS Reflector A,E2:13:07:97:B1:7E,10.64,2
1/13/2026 17:19:25.033,Nordic CS Reflector A,E2:13:07:97:B1:7E,10.5,2
1/13/2026 17:19:25.034,Nordic CS Reflector A,E2:13:07:97:B1:7E,10.5,2
1/13/2026 17:19:25.035,Nordic CS Reflector A,E2:13:07:97:B1:7E,10.5,2
1/13/2026 17:19:25.064,Nordic CS Reflector A,E2:13:07:97:B1:7E,10.5,2
1/13/2026 17:19:25.080,Nordic CS Reflector A,E2:13:07:97:B1:7E,10.53,2
1/13/2026 17:19:25.081,Nordic CS Reflector A,E2:13:07:97:B1:7E,10.53,2
1/13/2026 17:19:25.102,Nordic CS Reflector A,E2:13:07:97:B1:7E,10.53,2
1/13/2026 17:19:25.103,Nordic CS Reflector A,E2:13:07:97:B1:7E,10.53,2
1/13/2026 17:19:25.249,Nordic CS Reflector A,E2:13:07:97:B1:7E,10.53,2
1/13/2026 17:19:25.492,Nordic CS Reflector A,E2:13:07:97:B1:7E,10.5,2
1/13/2026 17:19:25.494,Nordic CS Reflector A,E2:13:07:97:B1:7E,10.5,2
1/13/2026 17:19:25.495,Nordic CS Reflector A,E2:13:07:97:B1:7E,10.5,2
1/13/2026 17:19:25.496,Nordic CS Reflector A,E2:13:07:97:B1:7E,10.5,2
1/13/2026 17:19:25.545,Nordic CS Reflector A,E2:13:07:97:B1:7E,10.53,2
1/13/2026 17:19:25.617,Nordic CS Reflector A,E2:13:07:97:B1:7E,10.53,2
1/13/2026 17:19:25.618,Nordic CS Reflector A,E2:13:07:97:B1:7E,10.53,2
1/13/2026 17:19:25.619,Nordic CS Reflector A,E2:13:07:97:B1:7E,10.53,2
1/13/2026 17:19:25.647,Nordic CS Reflector A,E2:13:07:97:B1:7E,10.53,2
1/13/2026 17:19:25.648,Nordic CS Reflector A,E2:13:07:97:B1:7E,10.53,2
1/13/2026 17:19:25.669,Nordic CS Reflector A,E2:13:07:97:B1:7E,10.5,2
1/13/2026 17:19:26.118,Nordic CS Reflector A,E2:13:07:97:B1:7E,10.39,2
1/13/2026 17:19:26.119,Nordic CS Reflector A,E2:13:07:97:B1:7E,10.39,2
1/13/2026 17:19:26.142,Nordic CS Reflector A,E2:13:07:97:B1:7E,10.35,2
1/13/2026 17:19:26.143,Nordic CS Reflector A,E2:13:07:97:B1:7E,10.35,2
1/13/2026 17:19:26.159,Nordic CS Reflector A,E2:13:07:97:B1:7E,10.17,2
1/13/2026 17:19:26.160,Nordic CS Reflector A,E2:13:07:97:B1:7E,10.17,2
1/13/2026 17:19:26.177,Nordic CS Reflector A,E2:13:07:97:B1:7E,10.17,2
1/13/2026 17:19:26.212,Nordic CS Reflector A,E2:13:07:97:B1:7E,10.32,2
1/13/2026 17:19:26.213,Nordic CS Reflector A,E2:13:07:97:B1:7E,10.32,2
1/13/2026 17:19:26.568,Nordic CS Reflector A,E2:13:07:97:B1:7E,10.35,2
1/13/2026 17:19:26.569,Nordic CS Reflector A,E2:13:07:97:B1:7E,10.35,2
1/13/2026 17:19:26.604,Nordic CS Reflector A,E2:13:07:97:B1:7E,10.35,2
1/13/2026 17:19:26.718,Nordic CS Reflector A,E2:13:07:97:B1:7E,10.32,2
1/13/2026 17:19:26.719,Nordic CS Reflector A,E2:13:07:97:B1:7E,10.32,2
1/13/2026 17:19:26.844,Nordic CS Reflector A,E2:13:07:97:B1:7E,10.32,2
1/13/2026 17:19:26.933,Nordic CS Reflector A,E2:13:07:97:B1:7E,10.35,2
1/13/2026 17:19:26.934,Nordic CS Reflector A,E2:13:07:97:B1:7E,10.35,2
1/13/2026 17:19:27.113,Nordic CS Reflector A,E2:13:07:97:B1:7E,10.46,2
1/13/2026 17:19:27.114,Nordic CS Reflector A,E2:13:07:97:B1:7E,10.46,2
1/13/2026 17:19:27.200,Nordic CS Reflector A,E2:13:07:97:B1:7E,10.46,2
1/13/2026 17:19:27.201,Nordic CS Reflector A,E2:13:07:97:B1:7E,10.46,2
1/13/2026 17:19:27.249,Nordic CS Reflector A,E2:13:07:97:B1:7E,10.46,2
1/13/2026 17:19:27.352,Nordic CS Reflector A,E2:13:07:97:B1:7E,10.46,2
1/13/2026 17:19:27.353,Nordic CS Reflector A,E2:13:07:97:B1:7E,10.46,2
1/13/2026 17:19:27.377,Nordic CS Reflector A,E2:13:07:97:B1:7E,10.39,2
1/13/2026 17:19:27.843,Nordic CS Reflector A,E2:13:07:97:B1:7E,10.61,2
1/13/2026 17:19:27.844,Nordic CS Reflector A,E2:13:07:97:B1:7E,10.61,2
1/13/2026 17:19:27.845,Nordic CS Reflector A,E2:13:07:97:B1:7E,10.61,2
1/13/2026 17:19:27.867,Nordic CS Reflector A,E2:13:07:97:B1:7E,10.46,2
1/13/2026 17:19:27.868,Nordic CS Reflector A,E2:13:07:97:B1:7E,10.46,2
1/13/2026 17:19:27.886,Nordic CS Reflector A,E2:13:07:97:B1:7E,10.46,2
1/13/2026 17:19:27.949,Nordic CS Reflector A,E2:13:07:97:B1:7E,10.39,2
1/13/2026 17:19:27.950,Nordic CS Reflector A,E2:13:07:97:B1:7E,10.39,2
1/13/2026 17:19:28.024,Nordic CS Reflector A,E2:13:07:97:B1:7E,10.21,2
1/13/2026 17:19:28.025,Nordic CS Reflector A,E2:13:07:97:B1:7E,10.21,2
1/13/2026 17:19:28.316,Nordic CS Reflector A,E2:13:07:97:B1:7E,10.1,2
1/13/2026 17:19:28.317,Nordic CS Reflector A,E2:13:07:97:B1:7E,10.1,2
1/13/2026 17:19:28.402,Nordic CS Reflector A,E2:13:07:97:B1:7E,10.1,2
1/13/2026 17:19:28.451,Nordic CS Reflector A,E2:13:07:97:B1:7E,10.39,2
1/13/2026 17:19:28.452,Nordic CS Reflector A,E2:13:07:97:B1:7E,10.39,2
1/13/2026 17:19:28.471,Nordic CS Reflector A,E2:13:07:97:B1:7E,10.42,2
1/13/2026 17:19:28.472,Nordic CS Reflector A,E2:13:07:97:B1:7E,10.42,2
1/13/2026 17:19:28.483,Nordic CS Reflector A,E2:13:07:97:B1:7E,10.64,2
1/13/2026 17:19:28.484,Nordic CS Reflector A,E2:13:07:97:B1:7E,10.64,2
1/13/2026 17:19:28.965,Nordic CS Reflector A,E2:13:07:97:B1:7E,10.75,2
1/13/2026 17:19:28.966,Nordic CS Reflector A,E2:13:07:97:B1:7E,10.75,2
1/13/2026 17:19:28.997,Nordic CS Reflector A,E2:13:07:97:B1:7E,10.75,2
1/13/2026 17:19:28.998,Nordic CS Reflector A,E2:13:07:97:B1:7E,10.75,2
1/13/2026 17:19:29.015,Nordic CS Reflector A,E2:13:07:97:B1:7E,10.68,2
1/13/2026 17:19:29.016,Nordic CS Reflector A,E2:13:07:97:B1:7E,10.68,2
1/13/2026 17:19:29.046,Nordic CS Reflector A,E2:13:07:97:B1:7E,10.35,2
1/13/2026 17:19:29.065,Nordic CS Reflector A,E2:13:07:97:B1:7E,10.57,2
1/13/2026 17:19:29.066,Nordic CS Reflector A,E2:13:07:97:B1:7E,10.57,2
1/13/2026 17:19:29.425,Nordic CS Reflector A,E2:13:07:97:B1:7E,10.32,2
1/13/2026 17:19:29.426,Nordic CS Reflector A,E2:13:07:97:B1:7E,10.32,2
1/13/2026 17:19:29.476,Nordic CS Reflector A,E2:13:07:97:B1:7E,10.32,2
1/13/2026 17:19:29.523,Nordic CS Reflector A,E2:13:07:97:B1:7E,10.32,2
1/13/2026 17:19:29.524,Nordic CS Reflector A,E2:13:07:97:B1:7E,10.32,2
1/13/2026 17:19:29.607,Nordic CS Reflector A,E2:13:07:97:B1:7E,10.32,2
1/13/2026 17:19:29.686,Nordic CS Reflector A,E2:13:07:97:B1:7E,10.35,2
1/13/2026 17:19:29.687,Nordic CS Reflector A,E2:13:07:97:B1:7E,10.35,2
1/13/2026 17:19:29.688,Nordic CS Reflector A,E2:13:07:97:B1:7E,10.35,2
1/13/2026 17:19:30.006,Nordic CS Reflector A,E2:13:07:97:B1:7E,10.35,2
1/13/2026 17:19:30.007,Nordic CS Reflector A,E2:13:07:97:B1:7E,10.35,2
1/13/2026 17:19:30.055,Nordic CS Reflector A,E2:13:07:97:B1:7E,10.35,2
1/13/2026 17:19:30.078,Nordic CS Reflector A,E2:13:07:97:B1:7E,10.28,2
1/13/2026 17:19:30.142,Nordic CS Reflector A,E2:13:07:97:B1:7E,10.28,2
1/13/2026 17:19:30.143,Nordic CS Reflector A,E2:13:07:97:B1:7E,10.28,2
1/13/2026 17:19:30.257,Nordic CS Reflector A,E2:13:07:97:B1:7E,10.28,2
1/13/2026 17:19:30.258,Nordic CS Reflector A,E2:13:07:97:B1:7E,10.28,2
1/13/2026 17:19:30.569,Nordic CS Reflector A,E2:13:07:97:B1:7E,10.28,2
1/13/2026 17:19:30.570,Nordic CS Reflector A,E2:13:07:97:B1:7E,10.28,2
1/13/2026 17:19:30.571,Nordic CS Reflector A,E2:13:07:97:B1:7E,10.28,2
1/13/2026 17:19:30.642,Nordic CS Reflector A,E2:13:07:97:B1:7E,10.02,2
1/13/2026 17:19:30.643,Nordic CS Reflector A,E2:13:07:97:B1:7E,10.02,2
1/13/2026 17:19:30.681,Nordic CS Reflector A,E2:13:07:97:B1:7E,10.02,2
1/13/2026 17:19:30.803,Nordic CS Reflector A,E2:13:07:97:B1:7E,10.17,2
1/13/2026 17:19:30.804,Nordic CS Reflector A,E2:13:07:97:B1:7E,10.17,2
1/13/2026 17:19:30.883,Nordic CS Reflector A,E2:13:07:97:B1:7E,10.28,2
1/13/2026 17:19:30.884,Nordic CS Reflector A,E2:13:07:97:B1:7E,10.28,2
1/13/2026 17:19:31.109,Nordic CS Reflector A,E2:13:07:97:B1:7E,10.39,2
1/13/2026 17:19:31.110,Nordic CS Reflector A,E2:13:07:97:B1:7E,10.39,2
1/13/2026 17:19:31.135,Nordic CS Reflector A,E2:13:07:97:B1:7E,10.57,2
1/13/2026 17:19:31.136,Nordic CS Reflector A,E2:13:07:97:B1:7E,10.57,2
1/13/2026 17:19:31.210,Nordic CS Reflector A,E2:13:07:97:B1:7E,10.57,2
1/13/2026 17:19:31.211,Nordic CS Reflector A,E2:13:07:97:B1:7E,10.57,2
1/13/2026 17:19:31.344,Nordic CS Reflector A,E2:13:07:97:B1:7E,10.5,2
1/13/2026 17:19:31.345,Nordic CS Reflector A,E2:13:07:97:B1:7E,10.5,2
1/13/2026 17:19:31.346,Nordic CS Reflector A,E2:13:07:97:B1:7E,10.5,2
1/13/2026 17:19:31.358,Nordic CS Reflector A,E2:13:07:97:B1:7E,10.42,2
1/13/2026 17:19:31.359,Nordic CS Reflector A,E2:13:07:97:B1:7E,10.42,2
1/13/2026 17:19:31.765,Nordic CS Reflector A,E2:13:07:97:B1:7E,10.42,2
1/13/2026 17:19:31.767,Nordic CS Reflector A,E2:13:07:97:B1:7E,10.42,2
1/13/2026 17:19:31.768,Nordic CS Reflector A,E2:13:07:97:B1:7E,10.42,2
1/13/2026 17:19:31.769,Nordic CS Reflector A,E2:13:07:97:B1:7E,10.42,2
1/13/2026 17:19:31.795,Nordic CS Reflector A,E2:13:07:97:B1:7E,10.17,2
1/13/2026 17:19:31.796,Nordic CS Reflector A,E2:13:07:97:B1:7E,10.17,2
1/13/2026 17:19:31.897,Nordic CS Reflector A,E2:13:07:97:B1:7E,10.13,2
1/13/2026 17:19:31.898,Nordic CS Reflector A,E2:13:07:97:B1:7E,10.13,2
1/13/2026 17:19:31.924,Nordic CS Reflector A,E2:13:07:97:B1:7E,9.88,2
1/13/2026 17:19:31.925,Nordic CS Reflector A,E2:13:07:97:B1:7E,9.88,2
1/13/2026 17:19:31.947,Nordic CS Reflector A,E2:13:07:97:B1:7E,9.84,2
1/13/2026 17:19:31.948,Nordic CS Reflector A,E2:13:07:97:B1:7E,9.84,2
1/13/2026 17:19:32.335,Nordic CS Reflector A,E2:13:07:97:B1:7E,9.84,2
1/13/2026 17:19:32.336,Nordic CS Reflector A,E2:13:07:97:B1:7E,9.84,2
1/13/2026 17:19:32.337,Nordic CS Reflector A,E2:13:07:97:B1:7E,9.84,2
1/13/2026 17:19:32.338,Nordic CS Reflector A,E2:13:07:97:B1:7E,9.84,2
1/13/2026 17:19:32.360,Nordic CS Reflector A,E2:13:07:97:B1:7E,10.13,2
1/13/2026 17:19:32.361,Nordic CS Reflector A,E2:13:07:97:B1:7E,10.13,2
1/13/2026 17:19:32.437,Nordic CS Reflector A,E2:13:07:97:B1:7E,10.28,2
1/13/2026 17:19:32.438,Nordic CS Reflector A,E2:13:07:97:B1:7E,10.28,2
1/13/2026 17:19:32.481,Nordic CS Reflector A,E2:13:07:97:B1:7E,10.32,2
1/13/2026 17:19:32.639,Nordic CS Reflector A,E2:13:07:97:B1:7E,10.35,2
1/13/2026 17:19:32.640,Nordic CS Reflector A,E2:13:07:97:B1:7E,10.35,2
1/13/2026 17:19:32.881,Nordic CS Reflector A,E2:13:07:97:B1:7E,10.35,2
1/13/2026 17:19:32.882,Nordic CS Reflector A,E2:13:07:97:B1:7E,10.35,2
1/13/2026 17:19:32.883,Nordic CS Reflector A,E2:13:07:97:B1:7E,10.35,2
1/13/2026 17:19:32.918,Nordic CS Reflector A,E2:13:07:97:B1:7E,10.75,2
1/13/2026 17:19:32.979,Nordic CS Reflector A,E2:13:07:97:B1:7E,10.75,2
1/13/2026 17:19:32.980,Nordic CS Reflector A,E2:13:07:97:B1:7E,10.75,2
1/13/2026 17:19:33.026,Nordic CS Reflector A,E2:13:07:97:B1:7E,10.61,2
1/13/2026 17:19:33.027,Nordic CS Reflector A,E2:13:07:97:B1:7E,10.61,2
1/13/2026 17:19:33.172,Nordic CS Reflector A,E2:13:07:97:B1:7E,10.53,2
1/13/2026 17:19:33.414,Nordic CS Reflector A,E2:13:07:97:B1:7E,10.53,2
1/13/2026 17:19:33.415,Nordic CS Reflector A,E2:13:07:97:B1:7E,10.53,2
1/13/2026 17:19:33.416,Nordic CS Reflector A,E2:13:07:97:B1:7E,10.53,2
1/13/2026 17:19:33.498,Nordic CS Reflector A,E2:13:07:97:B1:7E,10.5,2
1/13/2026 17:19:33.499,Nordic CS Reflector A,E2:13:07:97:B1:7E,10.5,2
1/13/2026 17:19:33.565,Nordic CS Reflector A,E2:13:07:97:B1:7E,10.5,2
1/13/2026 17:19:33.566,Nordic CS Reflector A,E2:13:07:97:B1:7E,10.5,2
1/13/2026 17:19:33.679,Nordic CS Reflector A,E2:13:07:97:B1:7E,10.64,2
1/13/2026 17:19:33.680,Nordic CS Reflector A,E2:13:07:97:B1:7E,10.64,2
1/13/2026 17:19:33.700,Nordic CS Reflector A,E2:13:07:97:B1:7E,10.64,2
1/13/2026 17:19:34.105,Nordic CS Reflector A,E2:13:07:97:B1:7E,10.68,2
1/13/2026 17:19:34.106,Nordic CS Reflector A,E2:13:07:97:B1:7E,10.68,2
1/13/2026 17:19:34.107,Nordic CS Reflector A,E2:13:07:97:B1:7E,10.68,2
1/13/2026 17:19:34.201,Nordic CS Reflector A,E2:13:07:97:B1:7E,10.64,2
1/13/2026 17:19:34.219,Nordic CS Reflector A,E2:13:07:97:B1:7E,10.64,2
1/13/2026 17:19:34.266,Nordic CS Reflector A,E2:13:07:97:B1:7E,10.53,2
1/13/2026 17:19:34.267,Nordic CS Reflector A,E2:13:07:97:B1:7E,10.53,2
1/13/2026 17:19:34.365,Nordic CS Reflector A,E2:13:07:97:B1:7E,10.35,2
1/13/2026 17:19:34.366,Nordic CS Reflector A,E2:13:07:97:B1:7E,10.35,2
1/13/2026 17:19:34.699,Nordic CS Reflector A,E2:13:07:97:B1:7E,10.35,2
1/13/2026 17:19:34.700,Nordic CS Reflector A,E2:13:07:97:B1:7E,10.35,2
1/13/2026 17:19:34.735,Nordic CS Reflector A,E2:13:07:97:B1:7E,10.35,2
1/13/2026 17:19:34.736,Nordic CS Reflector A,E2:13:07:97:B1:7E,10.35,2
1/13/2026 17:19:34.756,Nordic CS Reflector A,E2:13:07:97:B1:7E,10.46,2
1/13/2026 17:19:34.757,Nordic CS Reflector A,E2:13:07:97:B1:7E,10.46,2
1/13/2026 17:19:34.807,Nordic CS Reflector A,E2:13:07:97:B1:7E,10.46,2
1/13/2026 17:19:34.808,Nordic CS Reflector A,E2:13:07:97:B1:7E,10.46,2
1/13/2026 17:19:34.941,Nordic CS Reflector A,E2:13:07:97:B1:7E,10.42,2
1/13/2026 17:19:34.942,Nordic CS Reflector A,E2:13:07:97:B1:7E,10.42,2
1/13/2026 17:19:35.187,Nordic CS Reflector A,E2:13:07:97:B1:7E,10.42,2
1/13/2026 17:19:35.188,Nordic CS Reflector A,E2:13:07:97:B1:7E,10.42,2
1/13/2026 17:19:35.189,Nordic CS Reflector A,E2:13:07:97:B1:7E,10.42,2
1/13/2026 17:19:35.242,Nordic CS Reflector A,E2:13:07:97:B1:7E,10.42,2
1/13/2026 17:19:35.243,Nordic CS Reflector A,E2:13:07:97:B1:7E,10.42,2
1/13/2026 17:19:35.290,Nordic CS Reflector A,E2:13:07:97:B1:7E,10.35,2
1/13/2026 17:19:35.291,Nordic CS Reflector A,E2:13:07:97:B1:7E,10.35,2
1/13/2026 17:19:35.348,Nordic CS Reflector A,E2:13:07:97:B1:7E,10.35,2
1/13/2026 17:19:35.349,Nordic CS Reflector A,E2:13:07:97:B1:7E,10.35,2
1/13/2026 17:19:35.444,Nordic CS Reflector A,E2:13:07:97:B1:7E,10.35,2
1/13/2026 17:19:35.445,Nordic CS Reflector A,E2:13:07:97:B1:7E,10.35,2
1/13/2026 17:19:35.446,Nordic CS Reflector A,E2:13:07:97:B1:7E,10.35,2
1/13/2026 17:19:35.783,Nordic CS Reflector A,E2:13:07:97:B1:7E,10.35,2
1/13/2026 17:19:35.784,Nordic CS Reflector A,E2:13:07:97:B1:7E,10.35,2
1/13/2026 17:19:35.785,Nordic CS Reflector A,E2:13:07:97:B1:7E,10.35,2
1/13/2026 17:19:35.830,Nordic CS Reflector A,E2:13:07:97:B1:7E,10.46,2
1/13/2026 17:19:35.831,Nordic CS Reflector A,E2:13:07:97:B1:7E,10.46,2
1/13/2026 17:19:35.863,Nordic CS Reflector A,E2:13:07:97:B1:7E,10.5,2
1/13/2026 17:19:35.864,Nordic CS Reflector A,E2:13:07:97:B1:7E,10.5,2
1/13/2026 17:19:35.890,Nordic CS Reflector A,E2:13:07:97:B1:7E,10.46,2
1/13/2026 17:19:35.912,Nordic CS Reflector A,E2:13:07:97:B1:7E,10.57,2
1/13/2026 17:19:35.913,Nordic CS Reflector A,E2:13:07:97:B1:7E,10.57,2
1/13/2026 17:19:36.292,Nordic CS Reflector A,E2:13:07:97:B1:7E,10.42,2
1/13/2026 17:19:36.293,Nordic CS Reflector A,E2:13:07:97:B1:7E,10.42,2
1/13/2026 17:19:36.374,Nordic CS Reflector A,E2:13:07:97:B1:7E,10.53,2
1/13/2026 17:19:36.375,Nordic CS Reflector A,E2:13:07:97:B1:7E,10.53,2
1/13/2026 17:19:36.407,Nordic CS Reflector A,E2:13:07:97:B1:7E,10.32,2
1/13/2026 17:19:36.408,Nordic CS Reflector A,E2:13:07:97:B1:7E,10.32,2
1/13/2026 17:19:36.513,Nordic CS Reflector A,E2:13:07:97:B1:7E,10.35,2
1/13/2026 17:19:36.526,Nordic CS Reflector A,E2:13:07:97:B1:7E,10.21,2
1/13/2026 17:19:36.527,Nordic CS Reflector A,E2:13:07:97:B1:7E,10.21,2
1/13/2026 17:19:37.005,Nordic CS Reflector A,E2:13:07:97:B1:7E,10.35,2
1/13/2026 17:19:37.006,Nordic CS Reflector A,E2:13:07:97:B1:7E,10.35,2
1/13/2026 17:19:37.039,Nordic CS Reflector A,E2:13:07:97:B1:7E,10.39,2
1/13/2026 17:19:37.048,Nordic CS Reflector A,E2:13:07:97:B1:7E,10.42,2
1/13/2026 17:19:37.049,Nordic CS Reflector A,E2:13:07:97:B1:7E,10.42,2
1/13/2026 17:19:37.112,Nordic CS Reflector A,E2:13:07:97:B1:7E,10.42,2
1/13/2026 17:19:37.113,Nordic CS Reflector A,E2:13:07:97:B1:7E,10.42,2
1/13/2026 17:19:37.114,Nordic CS Reflector A,E2:13:07:97:B1:7E,10.42,2
1/13/2026 17:19:37.245,Nordic CS Reflector A,E2:13:07:97:B1:7E,10.42,2
1/13/2026 17:19:37.247,Nordic CS Reflector A,E2:13:07:97:B1:7E,10.42,2
1/13/2026 17:19:37.494,Nordic CS Reflector A,E2:13:07:97:B1:7E,10.42,2
1/13/2026 17:19:37.495,Nordic CS Reflector A,E2:13:07:97:B1:7E,10.42,2
1/13/2026 17:19:37.496,Nordic CS Reflector A,E2:13:07:97:B1:7E,10.42,2
1/13/2026 17:19:37.542,Nordic CS Reflector A,E2:13:07:97:B1:7E,10.1,2
1/13/2026 17:19:37.543,Nordic CS Reflector A,E2:13:07:97:B1:7E,10.1,2
1/13/2026 17:19:37.630,Nordic CS Reflector A,E2:13:07:97:B1:7E,10.02,2
1/13/2026 17:19:37.631,Nordic CS Reflector A,E2:13:07:97:B1:7E,10.02,2
1/13/2026 17:19:37.718,Nordic CS Reflector A,E2:13:07:97:B1:7E,10.02,2
1/13/2026 17:19:37.719,Nordic CS Reflector A,E2:13:07:97:B1:7E,10.02,2
1/13/2026 17:19:37.740,Nordic CS Reflector A,E2:13:07:97:B1:7E,10.24,2
1/13/2026 17:19:38.183,Nordic CS Reflector A,E2:13:07:97:B1:7E,10.28,2
1/13/2026 17:19:38.184,Nordic CS Reflector A,E2:13:07:97:B1:7E,10.28,2
1/13/2026 17:19:38.185,Nordic CS Reflector A,E2:13:07:97:B1:7E,10.28,2
1/13/2026 17:19:38.233,Nordic CS Reflector A,E2:13:07:97:B1:7E,10.39,2
1/13/2026 17:19:38.234,Nordic CS Reflector A,E2:13:07:97:B1:7E,10.39,2
1/13/2026 17:19:38.273,Nordic CS Reflector A,E2:13:07:97:B1:7E,10.39,2
1/13/2026 17:19:38.274,Nordic CS Reflector A,E2:13:07:97:B1:7E,10.39,2
1/13/2026 17:19:38.392,Nordic CS Reflector A,E2:13:07:97:B1:7E,10.39,2
1/13/2026 17:19:38.393,Nordic CS Reflector A,E2:13:07:97:B1:7E,10.39,2
1/13/2026 17:19:38.467,Nordic CS Reflector A,E2:13:07:97:B1:7E,10.39,2
1/13/2026 17:19:38.468,Nordic CS Reflector A,E2:13:07:97:B1:7E,10.39,2
1/13/2026 17:19:38.723,Nordic CS Reflector A,E2:13:07:97:B1:7E,10.42,2
1/13/2026 17:19:38.724,Nordic CS Reflector A,E2:13:07:97:B1:7E,10.42,2
1/13/2026 17:19:38.751,Nordic CS Reflector A,E2:13:07:97:B1:7E,10.53,2
1/13/2026 17:19:38.752,Nordic CS Reflector A,E2:13:07:97:B1:7E,10.53,2
1/13/2026 17:19:38.837,Nordic CS Reflector A,E2:13:07:97:B1:7E,10.53,2
1/13/2026 17:19:38.838,Nordic CS Reflector A,E2:13:07:97:B1:7E,10.53,2
1/13/2026 17:19:38.875,Nordic CS Reflector A,E2:13:07:97:B1:7E,10.35,2
1/13/2026 17:19:38.876,Nordic CS Reflector A,E2:13:07:97:B1:7E,10.35,2
1/13/2026 17:19:38.989,Nordic CS Reflector A,E2:13:07:97:B1:7E,10.35,2
1/13/2026 17:19:39.314,Nordic CS Reflector A,E2:13:07:97:B1:7E,10.39,2
1/13/2026 17:19:39.315,Nordic CS Reflector A,E2:13:07:97:B1:7E,10.39,2
1/13/2026 17:19:39.338,Nordic CS Reflector A,E2:13:07:97:B1:7E,10.39,2
1/13/2026 17:19:39.360,Nordic CS Reflector A,E2:13:07:97:B1:7E,10.35,2
1/13/2026 17:19:39.413,Nordic CS Reflector A,E2:13:07:97:B1:7E,10.17,2
1/13/2026 17:19:39.537,Nordic CS Reflector A,E2:13:07:97:B1:7E,10.17,2
1/13/2026 17:19:39.538,Nordic CS Reflector A,E2:13:07:97:B1:7E,10.17,2
1/13/2026 17:19:39.858,Nordic CS Reflector A,E2:13:07:97:B1:7E,10.17,2
1/13/2026 17:19:39.859,Nordic CS Reflector A,E2:13:07:97:B1:7E,10.17,2
1/13/2026 17:19:39.886,Nordic CS Reflector A,E2:13:07:97:B1:7E,10.42,2
1/13/2026 17:19:39.887,Nordic CS Reflector A,E2:13:07:97:B1:7E,10.42,2
1/13/2026 17:19:39.905,Nordic CS Reflector A,E2:13:07:97:B1:7E,10.42,2
1/13/2026 17:19:39.906,Nordic CS Reflector A,E2:13:07:97:B1:7E,10.42,2
1/13/2026 17:19:39.974,Nordic CS Reflector A,E2:13:07:97:B1:7E,10.24,2
1/13/2026 17:19:39.975,Nordic CS Reflector A,E2:13:07:97:B1:7E,10.24,2
1/13/2026 17:19:40.068,Nordic CS Reflector A,E2:13:07:97:B1:7E,10.1,2
1/13/2026 17:19:40.069,Nordic CS Reflector A,E2:13:07:97:B1:7E,10.1,2
1/13/2026 17:19:40.373,Nordic CS Reflector A,E2:13:07:97:B1:7E,10.1,2
1/13/2026 17:19:40.374,Nordic CS Reflector A,E2:13:07:97:B1:7E,10.1,2
1/13/2026 17:19:40.429,Nordic CS Reflector A,E2:13:07:97:B1:7E,9.8,2
1/13/2026 17:19:40.430,Nordic CS Reflector A,E2:13:07:97:B1:7E,9.8,2
1/13/2026 17:19:40.465,Nordic CS Reflector A,E2:13:07:97:B1:7E,9.8,2
1/13/2026 17:19:40.466,Nordic CS Reflector A,E2:13:07:97:B1:7E,9.8,2
1/13/2026 17:19:40.467,Nordic CS Reflector A,E2:13:07:97:B1:7E,9.8,2
1/13/2026 17:19:40.589,Nordic CS Reflector A,E2:13:07:97:B1:7E,9.91,2
1/13/2026 17:19:40.590,Nordic CS Reflector A,E2:13:07:97:B1:7E,9.91,2
1/13/2026 17:19:40.604,Nordic CS Reflector A,E2:13:07:97:B1:7E,9.91,0
1/13/2026 17:19:41.041,Nordic CS Reflector A,E2:13:07:97:B1:7E,10.13,2
1/13/2026 17:19:41.042,Nordic CS Reflector A,E2:13:07:97:B1:7E,10.13,2
1/13/2026 17:19:41.079,Nordic CS Reflector A,E2:13:07:97:B1:7E,10.28,2
1/13/2026 17:19:41.080,Nordic CS Reflector A,E2:13:07:97:B1:7E,10.28,2
1/13/2026 17:19:41.166,Nordic CS Reflector A,E2:13:07:97:B1:7E,10.28,2
1/13/2026 17:19:41.167,Nordic CS Reflector A,E2:13:07:97:B1:7E,10.28,2
1/13/2026 17:19:41.271,Nordic CS Reflector A,E2:13:07:97:B1:7E,10.57,2
1/13/2026 17:19:41.301,Nordic CS Reflector A,E2:13:07:97:B1:7E,10.57,2
1/13/2026 17:19:41.302,Nordic CS Reflector A,E2:13:07:97:B1:7E,10.57,2
1/13/2026 17:19:41.696,Nordic CS Reflector A,E2:13:07:97:B1:7E,10.5,2
1/13/2026 17:19:41.697,Nordic CS Reflector A,E2:13:07:97:B1:7E,10.5,2
1/13/2026 17:19:41.729,Nordic CS Reflector A,E2:13:07:97:B1:7E,10.5,2
1/13/2026 17:19:41.790,Nordic CS Reflector A,E2:13:07:97:B1:7E,10.5,2
1/13/2026 17:19:41.791,Nordic CS Reflector A,E2:13:07:97:B1:7E,10.5,2
1/13/2026 17:19:41.865,Nordic CS Reflector A,E2:13:07:97:B1:7E,10.53,2
1/13/2026 17:19:41.866,Nordic CS Reflector A,E2:13:07:97:B1:7E,10.53,2
1/13/2026 17:19:42.021,Nordic CS Reflector A,E2:13:07:97:B1:7E,10.5,2
1/13/2026 17:19:42.022,Nordic CS Reflector A,E2:13:07:97:B1:7E,10.5,2
1/13/2026 17:19:42.239,Nordic CS Reflector A,E2:13:07:97:B1:7E,10.42,2
1/13/2026 17:19:42.240,Nordic CS Reflector A,E2:13:07:97:B1:7E,10.42,2
1/13/2026 17:19:42.242,Nordic CS Reflector A,E2:13:07:97:B1:7E,10.42,2
1/13/2026 17:19:42.243,Nordic CS Reflector A,E2:13:07:97:B1:7E,10.42,2
1/13/2026 17:19:42.265,Nordic CS Reflector A,E2:13:07:97:B1:7E,10.35,2
1/13/2026 17:19:42.266,Nordic CS Reflector A,E2:13:07:97:B1:7E,10.35,2
1/13/2026 17:19:42.343,Nordic CS Reflector A,E2:13:07:97:B1:7E,10.32,2
1/13/2026 17:19:42.344,Nordic CS Reflector A,E2:13:07:97:B1:7E,10.32,2
1/13/2026 17:19:42.385,Nordic CS Reflector A,E2:13:07:97:B1:7E,10.17,2
1/13/2026 17:19:42.386,Nordic CS Reflector A,E2:13:07:97:B1:7E,10.17,2
1/13/2026 17:19:42.494,Nordic CS Reflector A,E2:13:07:97:B1:7E,10.17,2
1/13/2026 17:19:42.495,Nordic CS Reflector A,E2:13:07:97:B1:7E,10.17,2
1/13/2026 17:19:42.817,Nordic CS Reflector A,E2:13:07:97:B1:7E,10.17,2
1/13/2026 17:19:42.818,Nordic CS Reflector A,E2:13:07:97:B1:7E,10.17,2
1/13/2026 17:19:42.851,Nordic CS Reflector A,E2:13:07:97:B1:7E,10.68,2
1/13/2026 17:19:42.852,Nordic CS Reflector A,E2:13:07:97:B1:7E,10.68,2
1/13/2026 17:19:42.877,Nordic CS Reflector A,E2:13:07:97:B1:7E,10.68,2
1/13/2026 17:19:42.878,Nordic CS Reflector A,E2:13:07:97:B1:7E,10.68,2
1/13/2026 17:19:42.951,Nordic CS Reflector A,E2:13:07:97:B1:7E,10.68,2
1/13/2026 17:19:42.952,Nordic CS Reflector A,E2:13:07:97:B1:7E,10.68,2
1/13/2026 17:19:43.038,Nordic CS Reflector A,E2:13:07:97:B1:7E,10.61,2
1/13/2026 17:19:43.039,Nordic CS Reflector A,E2:13:07:97:B1:7E,10.61,2
1/13/2026 17:19:43.353,Nordic CS Reflector A,E2:13:07:97:B1:7E,10.61,2
1/13/2026 17:19:43.354,Nordic CS Reflector A,E2:13:07:97:B1:7E,10.61,2
1/13/2026 17:19:43.411,Nordic CS Reflector A,E2:13:07:97:B1:7E,10.68,2
1/13/2026 17:19:43.412,Nordic CS Reflector A,E2:13:07:97:B1:7E,10.68,2
1/13/2026 17:19:43.433,Nordic CS Reflector A,E2:13:07:97:B1:7E,10.68,2
1/13/2026 17:19:43.434,Nordic CS Reflector A,E2:13:07:97:B1:7E,10.68,2
1/13/2026 17:19:43.513,Nordic CS Reflector A,E2:13:07:97:B1:7E,10.64,2
1/13/2026 17:19:43.514,Nordic CS Reflector A,E2:13:07:97:B1:7E,10.64,2
1/13/2026 17:19:43.515,Nordic CS Reflector A,E2:13:07:97:B1:7E,10.64,2
1/13/2026 17:19:43.648,Nordic CS Reflector A,E2:13:07:97:B1:7E,10.64,2
1/13/2026 17:19:43.649,Nordic CS Reflector A,E2:13:07:97:B1:7E,10.64,2
1/13/2026 17:19:43.946,Nordic CS Reflector A,E2:13:07:97:B1:7E,10.53,2
1/13/2026 17:19:43.948,Nordic CS Reflector A,E2:13:07:97:B1:7E,10.53,2
1/13/2026 17:19:43.950,Nordic CS Reflector A,E2:13:07:97:B1:7E,10.53,2
1/13/2026 17:19:43.951,Nordic CS Reflector A,E2:13:07:97:B1:7E,10.53,2
1/13/2026 17:19:43.952,Nordic CS Reflector A,E2:13:07:97:B1:7E,10.53,2
1/13/2026 17:19:44.001,Nordic CS Reflector A,E2:13:07:97:B1:7E,10.61,2
1/13/2026 17:19:44.002,Nordic CS Reflector A,E2:13:07:97:B1:7E,10.61,2
1/13/2026 17:19:44.021,Nordic CS Reflector A,E2:13:07:97:B1:7E,10.57,2
1/13/2026 17:19:44.038,Nordic CS Reflector A,E2:13:07:97:B1:7E,10.61,2
1/13/2026 17:19:44.053,Nordic CS Reflector A,E2:13:07:97:B1:7E,10.64,2
1/13/2026 17:19:44.559,Nordic CS Reflector A,E2:13:07:97:B1:7E,10.64,2
1/13/2026 17:19:44.560,Nordic CS Reflector A,E2:13:07:97:B1:7E,10.64,2
1/13/2026 17:19:44.613,Nordic CS Reflector A,E2:13:07:97:B1:7E,10.5,2
1/13/2026 17:19:44.614,Nordic CS Reflector A,E2:13:07:97:B1:7E,10.5,2
1/13/2026 17:19:44.668,Nordic CS Reflector A,E2:13:07:97:B1:7E,10.46,2
1/13/2026 17:19:44.669,Nordic CS Reflector A,E2:13:07:97:B1:7E,10.46,2
1/13/2026 17:19:44.681,Nordic CS Reflector A,E2:13:07:97:B1:7E,10.5,2
1/13/2026 17:19:44.693,Nordic CS Reflector A,E2:13:07:97:B1:7E,10.57,2
1/13/2026 17:19:44.694,Nordic CS Reflector A,E2:13:07:97:B1:7E,10.57,2
1/13/2026 17:19:45.099,Nordic CS Reflector A,E2:13:07:97:B1:7E,10.57,2
1/13/2026 17:19:45.100,Nordic CS Reflector A,E2:13:07:97:B1:7E,10.57,2
1/13/2026 17:19:45.127,Nordic CS Reflector A,E2:13:07:97:B1:7E,10.53,2
1/13/2026 17:19:45.128,Nordic CS Reflector A,E2:13:07:97:B1:7E,10.53,2
1/13/2026 17:19:45.170,Nordic CS Reflector A,E2:13:07:97:B1:7E,10.5,2
1/13/2026 17:19:45.171,Nordic CS Reflector A,E2:13:07:97:B1:7E,10.5,2
1/13/2026 17:19:45.199,Nordic CS Reflector A,E2:13:07:97:B1:7E,10.5,2
1/13/2026 17:19:45.200,Nordic CS Reflector A,E2:13:07:97:B1:7E,10.5,2
1/13/2026 17:19:45.312,Nordic CS Reflector A,E2:13:07:97:B1:7E,10.24,2
1/13/2026 17:19:45.594,Nordic CS Reflector A,E2:13:07:97:B1:7E,10.17,2
1/13/2026 17:19:45.595,Nordic CS Reflector A,E2:13:07:97:B1:7E,10.17,2
1/13/2026 17:19:45.596,Nordic CS Reflector A,E2:13:07:97:B1:7E,10.17,2
1/13/2026 17:19:45.597,Nordic CS Reflector A,E2:13:07:97:B1:7E,10.17,2
1/13/2026 17:19:45.625,Nordic CS Reflector A,E2:13:07:97:B1:7E,9.95,2
1/13/2026 17:19:45.707,Nordic CS Reflector A,E2:13:07:97:B1:7E,10.17,0
1/13/2026 17:19:45.708,Nordic CS Reflector A,E2:13:07:97:B1:7E,10.17,0
1/13/2026 17:19:45.748,Nordic CS Reflector A,E2:13:07:97:B1:7E,10.42,2
1/13/2026 17:19:45.749,Nordic CS Reflector A,E2:13:07:97:B1:7E,10.42,2
1/13/2026 17:19:45.848,Nordic CS Reflector A,E2:13:07:97:B1:7E,10.68,2
1/13/2026 17:19:45.849,Nordic CS Reflector A,E2:13:07:97:B1:7E,10.68,2
1/13/2026 17:19:46.136,Nordic CS Reflector A,E2:13:07:97:B1:7E,10.68,2
1/13/2026 17:19:46.137,Nordic CS Reflector A,E2:13:07:97:B1:7E,10.68,2
1/13/2026 17:19:46.162,Nordic CS Reflector A,E2:13:07:97:B1:7E,10.68,2
1/13/2026 17:19:46.163,Nordic CS Reflector A,E2:13:07:97:B1:7E,10.68,2
1/13/2026 17:19:46.242,Nordic CS Reflector A,E2:13:07:97:B1:7E,10.68,2
1/13/2026 17:19:46.243,Nordic CS Reflector A,E2:13:07:97:B1:7E,10.68,2
1/13/2026 17:19:46.306,Nordic CS Reflector A,E2:13:07:97:B1:7E,10.68,2
1/13/2026 17:19:46.307,Nordic CS Reflector A,E2:13:07:97:B1:7E,10.68,2
1/13/2026 17:19:46.433,Nordic CS Reflector A,E2:13:07:97:B1:7E,10.68,2
1/13/2026 17:19:46.434,Nordic CS Reflector A,E2:13:07:97:B1:7E,10.68,2
1/13/2026 17:19:46.686,Nordic CS Reflector A,E2:13:07:97:B1:7E,10.64,0
1/13/2026 17:19:46.687,Nordic CS Reflector A,E2:13:07:97:B1:7E,10.64,0
1/13/2026 17:19:46.688,Nordic CS Reflector A,E2:13:07:97:B1:7E,10.64,0
1/13/2026 17:19:46.689,Nordic CS Reflector A,E2:13:07:97:B1:7E,10.64,0
1/13/2026 17:19:46.736,Nordic CS Reflector A,E2:13:07:97:B1:7E,10.57,2
1/13/2026 17:19:46.737,Nordic CS Reflector A,E2:13:07:97:B1:7E,10.57,2
1/13/2026 17:19:46.780,Nordic CS Reflector A,E2:13:07:97:B1:7E,10.46,2
1/13/2026 17:19:46.781,Nordic CS Reflector A,E2:13:07:97:B1:7E,10.46,2
1/13/2026 17:19:46.858,Nordic CS Reflector A,E2:13:07:97:B1:7E,10.46,2
1/13/2026 17:19:46.859,Nordic CS Reflector A,E2:13:07:97:B1:7E,10.46,2
1/13/2026 17:19:46.934,Nordic CS Reflector A,E2:13:07:97:B1:7E,10.42,2
1/13/2026 17:19:46.935,Nordic CS Reflector A,E2:13:07:97:B1:7E,10.42,2
1/13/2026 17:19:46.936,Nordic CS Reflector A,E2:13:07:97:B1:7E,10.42,2
1/13/2026 17:19:47.262,Nordic CS Reflector A,E2:13:07:97:B1:7E,10.42,2
1/13/2026 17:19:47.263,Nordic CS Reflector A,E2:13:07:97:B1:7E,10.42,2
1/13/2026 17:19:47.287,Nordic CS Reflector A,E2:13:07:97:B1:7E,10.39,0
1/13/2026 17:19:47.288,Nordic CS Reflector A,E2:13:07:97:B1:7E,10.39,0
1/13/2026 17:19:47.379,Nordic CS Reflector A,E2:13:07:97:B1:7E,10.32,2
1/13/2026 17:19:47.380,Nordic CS Reflector A,E2:13:07:97:B1:7E,10.32,2
1/13/2026 17:19:47.509,Nordic CS Reflector A,E2:13:07:97:B1:7E,10.32,2
1/13/2026 17:19:47.510,Nordic CS Reflector A,E2:13:07:97:B1:7E,10.32,2
1/13/2026 17:19:47.560,Nordic CS Reflector A,E2:13:07:97:B1:7E,10.57,2
1/13/2026 17:19:47.561,Nordic CS Reflector A,E2:13:07:97:B1:7E,10.57,2
1/13/2026 17:19:47.753,Nordic CS Reflector A,E2:13:07:97:B1:7E,10.57,2
1/13/2026 17:19:47.754,Nordic CS Reflector A,E2:13:07:97:B1:7E,10.57,2
1/13/2026 17:19:47.795,Nordic CS Reflector A,E2:13:07:97:B1:7E,10.39,2
1/13/2026 17:19:47.796,Nordic CS Reflector A,E2:13:07:97:B1:7E,10.39,2
1/13/2026 17:19:47.864,Nordic CS Reflector A,E2:13:07:97:B1:7E,10.32,2
1/13/2026 17:19:47.865,Nordic CS Reflector A,E2:13:07:97:B1:7E,10.32,2
1/13/2026 17:19:47.922,Nordic CS Reflector A,E2:13:07:97:B1:7E,10.28,2
1/13/2026 17:19:47.923,Nordic CS Reflector A,E2:13:07:97:B1:7E,10.28,2
1/13/2026 17:19:48.053,Nordic CS Reflector A,E2:13:07:97:B1:7E,10.28,2
1/13/2026 17:19:48.322,Nordic CS Reflector A,E2:13:07:97:B1:7E,10.61,2
1/13/2026 17:19:48.323,Nordic CS Reflector A,E2:13:07:97:B1:7E,10.61,2
1/13/2026 17:19:48.324,Nordic CS Reflector A,E2:13:07:97:B1:7E,10.61,2
1/13/2026 17:19:48.325,Nordic CS Reflector A,E2:13:07:97:B1:7E,10.61,2
1/13/2026 17:19:48.376,Nordic CS Reflector A,E2:13:07:97:B1:7E,10.61,2
1/13/2026 17:19:48.377,Nordic CS Reflector A,E2:13:07:97:B1:7E,10.61,2
1/13/2026 17:19:48.427,Nordic CS Reflector A,E2:13:07:97:B1:7E,10.64,2
1/13/2026 17:19:48.428,Nordic CS Reflector A,E2:13:07:97:B1:7E,10.64,2
1/13/2026 17:19:48.524,Nordic CS Reflector A,E2:13:07:97:B1:7E,10.64,2
1/13/2026 17:19:48.525,Nordic CS Reflector A,E2:13:07:97:B1:7E,10.64,2
1/13/2026 17:19:48.558,Nordic CS Reflector A,E2:13:07:97:B1:7E,10.75,2
1/13/2026 17:19:48.559,Nordic CS Reflector A,E2:13:07:97:B1:7E,10.75,2
1/13/2026 17:19:49.050,Nordic CS Reflector A,E2:13:07:97:B1:7E,10.75,2
1/13/2026 17:19:49.051,Nordic CS Reflector A,E2:13:07:97:B1:7E,10.75,2
1/13/2026 17:19:49.091,Nordic CS Reflector A,E2:13:07:97:B1:7E,10.68,2
1/13/2026 17:19:49.092,Nordic CS Reflector A,E2:13:07:97:B1:7E,10.68,2
1/13/2026 17:19:49.114,Nordic CS Reflector A,E2:13:07:97:B1:7E,10.68,2
1/13/2026 17:19:49.151,Nordic CS Reflector A,E2:13:07:97:B1:7E,10.72,2
1/13/2026 17:19:49.152,Nordic CS Reflector A,E2:13:07:97:B1:7E,10.72,2
1/13/2026 17:19:49.301,Nordic CS Reflector A,E2:13:07:97:B1:7E,10.79,2
1/13/2026 17:19:49.302,Nordic CS Reflector A,E2:13:07:97:B1:7E,10.79,2
1/13/2026 17:19:49.584,Nordic CS Reflector A,E2:13:07:97:B1:7E,10.79,2
1/13/2026 17:19:49.585,Nordic CS Reflector A,E2:13:07:97:B1:7E,10.79,2
1/13/2026 17:19:49.586,Nordic CS Reflector A,E2:13:07:97:B1:7E,10.79,2
1/13/2026 17:19:49.634,Nordic CS Reflector A,E2:13:07:97:B1:7E,10.53,2
1/13/2026 17:19:49.782,Nordic CS Reflector A,E2:13:07:97:B1:7E,10.53,2
1/13/2026 17:19:49.784,Nordic CS Reflector A,E2:13:07:97:B1:7E,10.53,2
1/13/2026 17:19:49.894,Nordic CS Reflector A,E2:13:07:97:B1:7E,10.53,2
1/13/2026 17:19:49.895,Nordic CS Reflector A,E2:13:07:97:B1:7E,10.53,2
1/13/2026 17:19:49.984,Nordic CS Reflector A,E2:13:07:97:B1:7E,10.53,2
1/13/2026 17:19:50.124,Nordic CS Reflector A,E2:13:07:97:B1:7E,10.5,2
1/13/2026 17:19:50.125,Nordic CS Reflector A,E2:13:07:97:B1:7E,10.5,2
1/13/2026 17:19:50.157,Nordic CS Reflector A,E2:13:07:97:B1:7E,10.5,2
1/13/2026 17:19:50.158,Nordic CS Reflector A,E2:13:07:97:B1:7E,10.5,2
1/13/2026 17:19:50.236,Nordic CS Reflector A,E2:13:07:97:B1:7E,10.32,2
1/13/2026 17:19:50.280,Nordic CS Reflector A,E2:13:07:97:B1:7E,10.32,2
1/13/2026 17:19:50.380,Nordic CS Reflector A,E2:13:07:97:B1:7E,10.32,2
1/13/2026 17:19:50.381,Nordic CS Reflector A,E2:13:07:97:B1:7E,10.32,2
1/13/2026 17:19:50.738,Nordic CS Reflector A,E2:13:07:97:B1:7E,10.42,2
1/13/2026 17:19:50.739,Nordic CS Reflector A,E2:13:07:97:B1:7E,10.42,2
1/13/2026 17:19:50.790,Nordic CS Reflector A,E2:13:07:97:B1:7E,10.53,2
1/13/2026 17:19:50.791,Nordic CS Reflector A,E2:13:07:97:B1:7E,10.53,2
1/13/2026 17:19:50.832,Nordic CS Reflector A,E2:13:07:97:B1:7E,10.79,2
1/13/2026 17:19:50.833,Nordic CS Reflector A,E2:13:07:97:B1:7E,10.79,2
1/13/2026 17:19:50.848,Nordic CS Reflector A,E2:13:07:97:B1:7E,10.79,2
1/13/2026 17:19:50.849,Nordic CS Reflector A,E2:13:07:97:B1:7E,10.79,2
1/13/2026 17:19:50.873,Nordic CS Reflector A,E2:13:07:97:B1:7E,10.61,2
1/13/2026 17:19:50.874,Nordic CS Reflector A,E2:13:07:97:B1:7E,10.61,2
1/13/2026 17:19:51.263,Nordic CS Reflector A,E2:13:07:97:B1:7E,10.61,2
1/13/2026 17:19:51.321,Nordic CS Reflector A,E2:13:07:97:B1:7E,10.61,2
1/13/2026 17:19:51.322,Nordic CS Reflector A,E2:13:07:97:B1:7E,10.61,2
1/13/2026 17:19:51.374,Nordic CS Reflector A,E2:13:07:97:B1:7E,10.46,2
1/13/2026 17:19:51.375,Nordic CS Reflector A,E2:13:07:97:B1:7E,10.46,2
1/13/2026 17:19:51.423,Nordic CS Reflector A,E2:13:07:97:B1:7E,10.46,2
1/13/2026 17:19:51.424,Nordic CS Reflector A,E2:13:07:97:B1:7E,10.46,2
1/13/2026 17:19:51.549,Nordic CS Reflector A,E2:13:07:97:B1:7E,10.42,2
1/13/2026 17:19:51.851,Nordic CS Reflector A,E2:13:07:97:B1:7E,10.46,2
1/13/2026 17:19:51.852,Nordic CS Reflector A,E2:13:07:97:B1:7E,10.46,2
1/13/2026 17:19:51.853,Nordic CS Reflector A,E2:13:07:97:B1:7E,10.46,2
1/13/2026 17:19:51.901,Nordic CS Reflector A,E2:13:07:97:B1:7E,10.35,2
1/13/2026 17:19:51.902,Nordic CS Reflector A,E2:13:07:97:B1:7E,10.35,2
1/13/2026 17:19:51.921,Nordic CS Reflector A,E2:13:07:97:B1:7E,10.35,2
1/13/2026 17:19:51.922,Nordic CS Reflector A,E2:13:07:97:B1:7E,10.35,2
1/13/2026 17:19:51.967,Nordic CS Reflector A,E2:13:07:97:B1:7E,10.32,2
1/13/2026 17:19:51.968,Nordic CS Reflector A,E2:13:07:97:B1:7E,10.32,2
1/13/2026 17:19:52.069,Nordic CS Reflector A,E2:13:07:97:B1:7E,10.32,0
1/13/2026 17:19:52.070,Nordic CS Reflector A,E2:13:07:97:B1:7E,10.32,0
1/13/2026 17:19:52.344,Nordic CS Reflector A,E2:13:07:97:B1:7E,10.35,2
1/13/2026 17:19:52.345,Nordic CS Reflector A,E2:13:07:97:B1:7E,10.35,2
1/13/2026 17:19:52.386,Nordic CS Reflector A,E2:13:07:97:B1:7E,10.5,2
1/13/2026 17:19:52.387,Nordic CS Reflector A,E2:13:07:97:B1:7E,10.5,2
1/13/2026 17:19:52.436,Nordic CS Reflector A,E2:13:07:97:B1:7E,10.39,2
1/13/2026 17:19:52.437,Nordic CS Reflector A,E2:13:07:97:B1:7E,10.39,2
1/13/2026 17:19:52.514,Nordic CS Reflector A,E2:13:07:97:B1:7E,10.5,2
1/13/2026 17:19:52.515,Nordic CS Reflector A,E2:13:07:97:B1:7E,10.5,2
1/13/2026 17:19:52.613,Nordic CS Reflector A,E2:13:07:97:B1:7E,10.68,2
1/13/2026 17:19:52.883,Nordic CS Reflector A,E2:13:07:97:B1:7E,10.68,2
1/13/2026 17:19:52.884,Nordic CS Reflector A,E2:13:07:97:B1:7E,10.68,2
1/13/2026 17:19:52.923,Nordic CS Reflector A,E2:13:07:97:B1:7E,10.68,2
1/13/2026 17:19:52.924,Nordic CS Reflector A,E2:13:07:97:B1:7E,10.68,2
1/13/2026 17:19:52.982,Nordic CS Reflector A,E2:13:07:97:B1:7E,10.68,2
1/13/2026 17:19:53.077,Nordic CS Reflector A,E2:13:07:97:B1:7E,10.64,2
1/13/2026 17:19:53.078,Nordic CS Reflector A,E2:13:07:97:B1:7E,10.64,2
1/13/2026 17:19:53.135,Nordic CS Reflector A,E2:13:07:97:B1:7E,10.61,2
1/13/2026 17:19:53.136,Nordic CS Reflector A,E2:13:07:97:B1:7E,10.61,2
1/13/2026 17:19:53.454,Nordic CS Reflector A,E2:13:07:97:B1:7E,10.61,2
1/13/2026 17:19:53.455,Nordic CS Reflector A,E2:13:07:97:B1:7E,10.61,2
1/13/2026 17:19:53.500,Nordic CS Reflector A,E2:13:07:97:B1:7E,10.75,2
1/13/2026 17:19:53.501,Nordic CS Reflector A,E2:13:07:97:B1:7E,10.75,2
1/13/2026 17:19:53.557,Nordic CS Reflector A,E2:13:07:97:B1:7E,10.75,2
1/13/2026 17:19:53.558,Nordic CS Reflector A,E2:13:07:97:B1:7E,10.75,2
1/13/2026 17:19:53.670,Nordic CS Reflector A,E2:13:07:97:B1:7E,10.75,2
1/13/2026 17:19:53.671,Nordic CS Reflector A,E2:13:07:97:B1:7E,10.75,2
1/13/2026 17:19:53.706,Nordic CS Reflector A,E2:13:07:97:B1:7E,10.75,2
1/13/2026 17:19:53.707,Nordic CS Reflector A,E2:13:07:97:B1:7E,10.75,2
1/13/2026 17:19:54.141,Nordic CS Reflector A,E2:13:07:97:B1:7E,10.72,2
1/13/2026 17:19:54.143,Nordic CS Reflector A,E2:13:07:97:B1:7E,10.72,2
1/13/2026 17:19:54.144,Nordic CS Reflector A,E2:13:07:97:B1:7E,10.72,2
1/13/2026 17:19:54.145,Nordic CS Reflector A,E2:13:07:97:B1:7E,10.72,2
1/13/2026 17:19:54.202,Nordic CS Reflector A,E2:13:07:97:B1:7E,10.61,2
1/13/2026 17:19:54.203,Nordic CS Reflector A,E2:13:07:97:B1:7E,10.61,2
1/13/2026 17:19:54.233,Nordic CS Reflector A,E2:13:07:97:B1:7E,10.42,2
1/13/2026 17:19:54.234,Nordic CS Reflector A,E2:13:07:97:B1:7E,10.42,2
1/13/2026 17:19:54.356,Nordic CS Reflector A,E2:13:07:97:B1:7E,10.42,2
1/13/2026 17:19:54.357,Nordic CS Reflector A,E2:13:07:97:B1:7E,10.42,2
1/13/2026 17:19:54.377,Nordic CS Reflector A,E2:13:07:97:B1:7E,10.35,0
1/13/2026 17:19:54.378,Nordic CS Reflector A,E2:13:07:97:B1:7E,10.35,0
1/13/2026 17:19:54.801,Nordic CS Reflector A,E2:13:07:97:B1:7E,10.35,2
1/13/2026 17:19:54.802,Nordic CS Reflector A,E2:13:07:97:B1:7E,10.35,2
1/13/2026 17:19:54.847,Nordic CS Reflector A,E2:13:07:97:B1:7E,10.46,2
1/13/2026 17:19:54.848,Nordic CS Reflector A,E2:13:07:97:B1:7E,10.46,2
1/13/2026 17:19:54.939,Nordic CS Reflector A,E2:13:07:97:B1:7E,10.53,2
1/13/2026 17:19:54.940,Nordic CS Reflector A,E2:13:07:97:B1:7E,10.53,2
1/13/2026 17:19:55.071,Nordic CS Reflector A,E2:13:07:97:B1:7E,10.5,2
1/13/2026 17:19:55.072,Nordic CS Reflector A,E2:13:07:97:B1:7E,10.5,2
1/13/2026 17:19:55.137,Nordic CS Reflector A,E2:13:07:97:B1:7E,10.53,2
1/13/2026 17:19:55.138,Nordic CS Reflector A,E2:13:07:97:B1:7E,10.53,2
1/13/2026 17:19:55.139,Nordic CS Reflector A,E2:13:07:97:B1:7E,10.53,2
1/13/2026 17:19:55.315,Nordic CS Reflector A,E2:13:07:97:B1:7E,10.5,2
1/13/2026 17:19:55.316,Nordic CS Reflector A,E2:13:07:97:B1:7E,10.5,2
1/13/2026 17:19:55.355,Nordic CS Reflector A,E2:13:07:97:B1:7E,10.53,2
1/13/2026 17:19:55.425,Nordic CS Reflector A,E2:13:07:97:B1:7E,10.53,2
1/13/2026 17:19:55.426,Nordic CS Reflector A,E2:13:07:97:B1:7E,10.53,2
1/13/2026 17:19:55.475,Nordic CS Reflector A,E2:13:07:97:B1:7E,10.53,2
1/13/2026 17:19:55.476,Nordic CS Reflector A,E2:13:07:97:B1:7E,10.53,2
1/13/2026 17:19:55.590,Nordic CS Reflector A,E2:13:07:97:B1:7E,10.5,2
1/13/2026 17:19:55.591,Nordic CS Reflector A,E2:13:07:97:B1:7E,10.5,2
1/13/2026 17:19:55.864,Nordic CS Reflector A,E2:13:07:97:B1:7E,10.5,2
1/13/2026 17:19:55.865,Nordic CS Reflector A,E2:13:07:97:B1:7E,10.5,2
1/13/2026 17:19:55.866,Nordic CS Reflector A,E2:13:07:97:B1:7E,10.5,2
1/13/2026 17:19:55.908,Nordic CS Reflector A,E2:13:07:97:B1:7E,10.5,2
1/13/2026 17:19:55.909,Nordic CS Reflector A,E2:13:07:97:B1:7E,10.5,2
1/13/2026 17:19:55.954,Nordic CS Reflector A,E2:13:07:97:B1:7E,10.42,2
1/13/2026 17:19:55.955,Nordic CS Reflector A,E2:13:07:97:B1:7E,10.42,2
1/13/2026 17:19:56.015,Nordic CS Reflector A,E2:13:07:97:B1:7E,10.42,2
1/13/2026 17:19:56.016,Nordic CS Reflector A,E2:13:07:97:B1:7E,10.42,2
1/13/2026 17:19:56.185,Nordic CS Reflector A,E2:13:07:97:B1:7E,10.53,2
1/13/2026 17:19:56.186,Nordic CS Reflector A,E2:13:07:97:B1:7E,10.53,2
1/13/2026 17:19:56.570,Nordic CS Reflector A,E2:13:07:97:B1:7E,10.53,2
1/13/2026 17:19:56.571,Nordic CS Reflector A,E2:13:07:97:B1:7E,10.53,2
1/13/2026 17:19:56.572,Nordic CS Reflector A,E2:13:07:97:B1:7E,10.53,2
1/13/2026 17:19:56.607,Nordic CS Reflector A,E2:13:07:97:B1:7E,10.5,2
1/13/2026 17:19:56.608,Nordic CS Reflector A,E2:13:07:97:B1:7E,10.5,2
1/13/2026 17:19:56.644,Nordic CS Reflector A,E2:13:07:97:B1:7E,10.5,2
1/13/2026 17:19:56.645,Nordic CS Reflector A,E2:13:07:97:B1:7E,10.5,2
1/13/2026 17:19:56.659,Nordic CS Reflector A,E2:13:07:97:B1:7E,10.61,2
1/13/2026 17:19:56.660,Nordic CS Reflector A,E2:13:07:97:B1:7E,10.61,2
1/13/2026 17:19:56.728,Nordic CS Reflector A,E2:13:07:97:B1:7E,10.61,2
1/13/2026 17:19:56.729,Nordic CS Reflector A,E2:13:07:97:B1:7E,10.61,2
1/13/2026 17:19:57.057,Nordic CS Reflector A,E2:13:07:97:B1:7E,10.61,2
1/13/2026 17:19:57.058,Nordic CS Reflector A,E2:13:07:97:B1:7E,10.61,2
1/13/2026 17:19:57.085,Nordic CS Reflector A,E2:13:07:97:B1:7E,10.61,2
1/13/2026 17:19:57.086,Nordic CS Reflector A,E2:13:07:97:B1:7E,10.61,2
1/13/2026 17:19:57.155,Nordic CS Reflector A,E2:13:07:97:B1:7E,10.64,2
1/13/2026 17:19:57.156,Nordic CS Reflector A,E2:13:07:97:B1:7E,10.64,2
1/13/2026 17:19:57.257,Nordic CS Reflector A,E2:13:07:97:B1:7E,10.64,2
1/13/2026 17:19:57.258,Nordic CS Reflector A,E2:13:07:97:B1:7E,10.64,2
1/13/2026 17:19:57.268,Nordic CS Reflector A,E2:13:07:97:B1:7E,10.5,2
1/13/2026 17:19:57.269,Nordic CS Reflector A,E2:13:07:97:B1:7E,10.5,2
1/13/2026 17:19:57.744,Nordic CS Reflector A,E2:13:07:97:B1:7E,9.33,2
1/13/2026 17:19:57.745,Nordic CS Reflector A,E2:13:07:97:B1:7E,9.33,2
1/13/2026 17:19:57.746,Nordic CS Reflector A,E2:13:07:97:B1:7E,9.33,2
1/13/2026 17:19:57.786,Nordic CS Reflector A,E2:13:07:97:B1:7E,10.42,2
1/13/2026 17:19:57.848,Nordic CS Reflector A,E2:13:07:97:B1:7E,10.39,2
1/13/2026 17:19:57.913,Nordic CS Reflector A,E2:13:07:97:B1:7E,10.42,2
1/13/2026 17:19:57.914,Nordic CS Reflector A,E2:13:07:97:B1:7E,10.42,2
1/13/2026 17:19:57.992,Nordic CS Reflector A,E2:13:07:97:B1:7E,10.42,2
1/13/2026 17:19:57.993,Nordic CS Reflector A,E2:13:07:97:B1:7E,10.42,2
1/13/2026 17:19:58.283,Nordic CS Reflector A,E2:13:07:97:B1:7E,10.53,2
1/13/2026 17:19:58.284,Nordic CS Reflector A,E2:13:07:97:B1:7E,10.53,2
1/13/2026 17:19:58.322,Nordic CS Reflector A,E2:13:07:97:B1:7E,10.53,2
1/13/2026 17:19:58.323,Nordic CS Reflector A,E2:13:07:97:B1:7E,10.53,2
1/13/2026 17:19:58.392,Nordic CS Reflector A,E2:13:07:97:B1:7E,9.58,2
1/13/2026 17:19:58.393,Nordic CS Reflector A,E2:13:07:97:B1:7E,9.58,2
1/13/2026 17:19:58.436,Nordic CS Reflector A,E2:13:07:97:B1:7E,9.58,2
1/13/2026 17:19:58.437,Nordic CS Reflector A,E2:13:07:97:B1:7E,9.58,2
1/13/2026 17:19:58.541,Nordic CS Reflector A,E2:13:07:97:B1:7E,9.66,2
1/13/2026 17:19:58.542,Nordic CS Reflector A,E2:13:07:97:B1:7E,9.66,2
1/13/2026 17:19:58.869,Nordic CS Reflector A,E2:13:07:97:B1:7E,9.8,2
1/13/2026 17:19:58.870,Nordic CS Reflector A,E2:13:07:97:B1:7E,9.8,2
1/13/2026 17:19:58.898,Nordic CS Reflector A,E2:13:07:97:B1:7E,9.8,2
1/13/2026 17:19:58.899,Nordic CS Reflector A,E2:13:07:97:B1:7E,9.8,2
1/13/2026 17:19:58.909,Nordic CS Reflector A,E2:13:07:97:B1:7E,9.36,2
1/13/2026 17:19:58.910,Nordic CS Reflector A,E2:13:07:97:B1:7E,9.36,2
1/13/2026 17:19:58.987,Nordic CS Reflector A,E2:13:07:97:B1:7E,9.36,2
1/13/2026 17:19:58.988,Nordic CS Reflector A,E2:13:07:97:B1:7E,9.36,2
1/13/2026 17:19:59.162,Nordic CS Reflector A,E2:13:07:97:B1:7E,10.86,2
1/13/2026 17:19:59.163,Nordic CS Reflector A,E2:13:07:97:B1:7E,10.86,2
1/13/2026 17:19:59.448,Nordic CS Reflector A,E2:13:07:97:B1:7E,10.86,2
1/13/2026 17:19:59.449,Nordic CS Reflector A,E2:13:07:97:B1:7E,10.86,2
1/13/2026 17:19:59.450,Nordic CS Reflector A,E2:13:07:97:B1:7E,10.86,2
1/13/2026 17:19:59.484,Nordic CS Reflector A,E2:13:07:97:B1:7E,9.36,2
1/13/2026 17:19:59.485,Nordic CS Reflector A,E2:13:07:97:B1:7E,9.36,2
1/13/2026 17:19:59.502,Nordic CS Reflector A,E2:13:07:97:B1:7E,9.36,2
1/13/2026 17:19:59.503,Nordic CS Reflector A,E2:13:07:97:B1:7E,9.36,2
1/13/2026 17:19:59.504,Nordic CS Reflector A,E2:13:07:97:B1:7E,9.36,2
1/13/2026 17:19:59.556,Nordic CS Reflector A,E2:13:07:97:B1:7E,10.64,2
1/13/2026 17:19:59.557,Nordic CS Reflector A,E2:13:07:97:B1:7E,10.64,2
1/13/2026 17:19:59.658,Nordic CS Reflector A,E2:13:07:97:B1:7E,10.64,2
1/13/2026 17:19:59.659,Nordic CS Reflector A,E2:13:07:97:B1:7E,10.64,2
1/13/2026 17:19:59.991,Nordic CS Reflector A,E2:13:07:97:B1:7E,9.62,2
1/13/2026 17:19:59.992,Nordic CS Reflector A,E2:13:07:97:B1:7E,9.62,2
1/13/2026 17:19:59.993,Nordic CS Reflector A,E2:13:07:97:B1:7E,9.62,2
1/13/2026 17:20:00.023,Nordic CS Reflector A,E2:13:07:97:B1:7E,9.62,2
1/13/2026 17:20:00.024,Nordic CS Reflector A,E2:13:07:97:B1:7E,9.62,2
1/13/2026 17:20:00.041,Nordic CS Reflector A,E2:13:07:97:B1:7E,9.58,2
1/13/2026 17:20:00.042,Nordic CS Reflector A,E2:13:07:97:B1:7E,9.58,2
1/13/2026 17:20:00.096,Nordic CS Reflector A,E2:13:07:97:B1:7E,10.06,2
1/13/2026 17:20:00.097,Nordic CS Reflector A,E2:13:07:97:B1:7E,10.06,2
1/13/2026 17:20:00.219,Nordic CS Reflector A,E2:13:07:97:B1:7E,10.06,2
1/13/2026 17:20:00.220,Nordic CS Reflector A,E2:13:07:97:B1:7E,10.06,2
1/13/2026 17:20:00.474,Nordic CS Reflector A,E2:13:07:97:B1:7E,10.42,2
1/13/2026 17:20:00.475,Nordic CS Reflector A,E2:13:07:97:B1:7E,10.42,2
1/13/2026 17:20:00.546,Nordic CS Reflector A,E2:13:07:97:B1:7E,10.42,2
1/13/2026 17:20:00.547,Nordic CS Reflector A,E2:13:07:97:B1:7E,10.42,2
1/13/2026 17:20:00.681,Nordic CS Reflector A,E2:13:07:97:B1:7E,10.5,2
1/13/2026 17:20:00.682,Nordic CS Reflector A,E2:13:07:97:B1:7E,10.5,2
1/13/2026 17:20:00.803,Nordic CS Reflector A,E2:13:07:97:B1:7E,10.5,2
1/13/2026 17:20:00.804,Nordic CS Reflector A,E2:13:07:97:B1:7E,10.5,2
1/13/2026 17:20:00.891,Nordic CS Reflector A,E2:13:07:97:B1:7E,10.35,0
1/13/2026 17:20:00.892,Nordic CS Reflector A,E2:13:07:97:B1:7E,10.35,0
1/13/2026 17:20:01.043,Nordic CS Reflector A,E2:13:07:97:B1:7E,10.28,2
1/13/2026 17:20:01.044,Nordic CS Reflector A,E2:13:07:97:B1:7E,10.28,2
1/13/2026 17:20:01.123,Nordic CS Reflector A,E2:13:07:97:B1:7E,10.28,2
1/13/2026 17:20:01.124,Nordic CS Reflector A,E2:13:07:97:B1:7E,10.28,2
1/13/2026 17:20:01.170,Nordic CS Reflector A,E2:13:07:97:B1:7E,10.39,2
1/13/2026 17:20:01.171,Nordic CS Reflector A,E2:13:07:97:B1:7E,10.39,2
1/13/2026 17:20:01.276,Nordic CS Reflector A,E2:13:07:97:B1:7E,10.39,2
1/13/2026 17:20:01.277,Nordic CS Reflector A,E2:13:07:97:B1:7E,10.39,2
1/13/2026 17:20:01.300,Nordic CS Reflector A,E2:13:07:97:B1:7E,10.35,2
1/13/2026 17:20:01.301,Nordic CS Reflector A,E2:13:07:97:B1:7E,10.35,2
1/13/2026 17:20:01.789,Nordic CS Reflector A,E2:13:07:97:B1:7E,10.35,0
1/13/2026 17:20:01.790,Nordic CS Reflector A,E2:13:07:97:B1:7E,10.35,0
1/13/2026 17:20:01.791,Nordic CS Reflector A,E2:13:07:97:B1:7E,10.35,0
1/13/2026 17:20:01.812,Nordic CS Reflector A,E2:13:07:97:B1:7E,10.39,2
1/13/2026 17:20:01.813,Nordic CS Reflector A,E2:13:07:97:B1:7E,10.39,2
1/13/2026 17:20:01.857,Nordic CS Reflector A,E2:13:07:97:B1:7E,10.39,2
1/13/2026 17:20:01.858,Nordic CS Reflector A,E2:13:07:97:B1:7E,10.39,2
1/13/2026 17:20:01.980,Nordic CS Reflector A,E2:13:07:97:B1:7E,10.35,2
1/13/2026 17:20:01.981,Nordic CS Reflector A,E2:13:07:97:B1:7E,10.35,2
1/13/2026 17:20:01.999,Nordic CS Reflector A,E2:13:07:97:B1:7E,10.32,2
1/13/2026 17:20:02.000,Nordic CS Reflector A,E2:13:07:97:B1:7E,10.32,2
1/13/2026 17:20:02.429,Nordic CS Reflector A,E2:13:07:97:B1:7E,10.28,2
1/13/2026 17:20:02.430,Nordic CS Reflector A,E2:13:07:97:B1:7E,10.28,2
1/13/2026 17:20:02.473,Nordic CS Reflector A,E2:13:07:97:B1:7E,10.28,2
1/13/2026 17:20:02.601,Nordic CS Reflector A,E2:13:07:97:B1:7E,10.28,2
1/13/2026 17:20:02.722,Nordic CS Reflector A,E2:13:07:97:B1:7E,10.21,2
1/13/2026 17:20:02.723,Nordic CS Reflector A,E2:13:07:97:B1:7E,10.21,2
1/13/2026 17:20:02.773,Nordic CS Reflector A,E2:13:07:97:B1:7E,10.35,2
1/13/2026 17:20:02.774,Nordic CS Reflector A,E2:13:07:97:B1:7E,10.35,2
1/13/2026 17:20:02.967,Nordic CS Reflector A,E2:13:07:97:B1:7E,10.32,2
1/13/2026 17:20:02.968,Nordic CS Reflector A,E2:13:07:97:B1:7E,10.32,2
1/13/2026 17:20:03.049,Nordic CS Reflector A,E2:13:07:97:B1:7E,10.32,2
1/13/2026 17:20:03.050,Nordic CS Reflector A,E2:13:07:97:B1:7E,10.32,2
1/13/2026 17:20:03.097,Nordic CS Reflector A,E2:13:07:97:B1:7E,10.32,0
1/13/2026 17:20:03.098,Nordic CS Reflector A,E2:13:07:97:B1:7E,10.32,0
1/13/2026 17:20:03.202,Nordic CS Reflector A,E2:13:07:97:B1:7E,10.06,2
1/13/2026 17:20:03.203,Nordic CS Reflector A,E2:13:07:97:B1:7E,10.06,2
1/13/2026 17:20:03.229,Nordic CS Reflector A,E2:13:07:97:B1:7E,10.02,2
1/13/2026 17:20:03.230,Nordic CS Reflector A,E2:13:07:97:B1:7E,10.02,2
1/13/2026 17:20:03.690,Nordic CS Reflector A,E2:13:07:97:B1:7E,10.06,0
1/13/2026 17:20:03.691,Nordic CS Reflector A,E2:13:07:97:B1:7E,10.06,0
1/13/2026 17:20:03.741,Nordic CS Reflector A,E2:13:07:97:B1:7E,10.5,2
1/13/2026 17:20:03.761,Nordic CS Reflector A,E2:13:07:97:B1:7E,10.5,2
1/13/2026 17:20:03.776,Nordic CS Reflector A,E2:13:07:97:B1:7E,10.35,2
1/13/2026 17:20:03.777,Nordic CS Reflector A,E2:13:07:97:B1:7E,10.35,2
1/13/2026 17:20:03.790,Nordic CS Reflector A,E2:13:07:97:B1:7E,10.21,2
1/13/2026 17:20:04.194,Nordic CS Reflector A,E2:13:07:97:B1:7E,10.21,2
1/13/2026 17:20:04.195,Nordic CS Reflector A,E2:13:07:97:B1:7E,10.21,2
1/13/2026 17:20:04.251,Nordic CS Reflector A,E2:13:07:97:B1:7E,10.21,2
1/13/2026 17:20:04.252,Nordic CS Reflector A,E2:13:07:97:B1:7E,10.21,2
1/13/2026 17:20:04.290,Nordic CS Reflector A,E2:13:07:97:B1:7E,10.21,2
1/13/2026 17:20:04.363,Nordic CS Reflector A,E2:13:07:97:B1:7E,9.03,2
1/13/2026 17:20:04.364,Nordic CS Reflector A,E2:13:07:97:B1:7E,9.03,2
1/13/2026 17:20:04.455,Nordic CS Reflector A,E2:13:07:97:B1:7E,10.61,2
1/13/2026 17:20:04.456,Nordic CS Reflector A,E2:13:07:97:B1:7E,10.61,2
1/13/2026 17:20:04.737,Nordic CS Reflector A,E2:13:07:97:B1:7E,10.64,2
1/13/2026 17:20:04.738,Nordic CS Reflector A,E2:13:07:97:B1:7E,10.64,2
1/13/2026 17:20:04.739,Nordic CS Reflector A,E2:13:07:97:B1:7E,10.64,2
1/13/2026 17:20:04.778,Nordic CS Reflector A,E2:13:07:97:B1:7E,10.64,2
1/13/2026 17:20:04.836,Nordic CS Reflector A,E2:13:07:97:B1:7E,10.64,2
1/13/2026 17:20:04.837,Nordic CS Reflector A,E2:13:07:97:B1:7E,10.64,2
1/13/2026 17:20:04.897,Nordic CS Reflector A,E2:13:07:97:B1:7E,9.18,2
1/13/2026 17:20:04.898,Nordic CS Reflector A,E2:13:07:97:B1:7E,9.18,2
1/13/2026 17:20:04.981,Nordic CS Reflector A,E2:13:07:97:B1:7E,9.14,2
1/13/2026 17:20:04.982,Nordic CS Reflector A,E2:13:07:97:B1:7E,9.14,2
1/13/2026 17:20:05.277,Nordic CS Reflector A,E2:13:07:97:B1:7E,9.03,2
1/13/2026 17:20:05.278,Nordic CS Reflector A,E2:13:07:97:B1:7E,9.03,2
1/13/2026 17:20:05.304,Nordic CS Reflector A,E2:13:07:97:B1:7E,9.14,2
1/13/2026 17:20:05.382,Nordic CS Reflector A,E2:13:07:97:B1:7E,9.03,2
1/13/2026 17:20:05.383,Nordic CS Reflector A,E2:13:07:97:B1:7E,9.03,2
1/13/2026 17:20:05.426,Nordic CS Reflector A,E2:13:07:97:B1:7E,10.5,2
1/13/2026 17:20:05.427,Nordic CS Reflector A,E2:13:07:97:B1:7E,10.5,2
1/13/2026 17:20:05.580,Nordic CS Reflector A,E2:13:07:97:B1:7E,10.5,2
1/13/2026 17:20:05.581,Nordic CS Reflector A,E2:13:07:97:B1:7E,10.5,2
1/13/2026 17:20:05.864,Nordic CS Reflector A,E2:13:07:97:B1:7E,10.57,2
1/13/2026 17:20:05.865,Nordic CS Reflector A,E2:13:07:97:B1:7E,10.57,2
1/13/2026 17:20:05.866,Nordic CS Reflector A,E2:13:07:97:B1:7E,10.57,2
1/13/2026 17:20:05.920,Nordic CS Reflector A,E2:13:07:97:B1:7E,10.57,2
1/13/2026 17:20:05.921,Nordic CS Reflector A,E2:13:07:97:B1:7E,10.57,2
1/13/2026 17:20:05.940,Nordic CS Reflector A,E2:13:07:97:B1:7E,10.57,2
1/13/2026 17:20:05.941,Nordic CS Reflector A,E2:13:07:97:B1:7E,10.57,2
1/13/2026 17:20:05.977,Nordic CS Reflector A,E2:13:07:97:B1:7E,10.64,2
1/13/2026 17:20:05.978,Nordic CS Reflector A,E2:13:07:97:B1:7E,10.64,2
1/13/2026 17:20:06.000,Nordic CS Reflector A,E2:13:07:97:B1:7E,10.64,2
1/13/2026 17:20:06.403,Nordic CS Reflector A,E2:13:07:97:B1:7E,10.64,2
1/13/2026 17:20:06.404,Nordic CS Reflector A,E2:13:07:97:B1:7E,10.64,2
1/13/2026 17:20:06.443,Nordic CS Reflector A,E2:13:07:97:B1:7E,10.61,2
1/13/2026 17:20:06.471,Nordic CS Reflector A,E2:13:07:97:B1:7E,10.57,2
1/13/2026 17:20:06.472,Nordic CS Reflector A,E2:13:07:97:B1:7E,10.57,2
1/13/2026 17:20:06.609,Nordic CS Reflector A,E2:13:07:97:B1:7E,10.53,2
1/13/2026 17:20:06.610,Nordic CS Reflector A,E2:13:07:97:B1:7E,10.53,2
1/13/2026 17:20:06.634,Nordic CS Reflector A,E2:13:07:97:B1:7E,10.53,2
1/13/2026 17:20:06.635,Nordic CS Reflector A,E2:13:07:97:B1:7E,10.53,2
1/13/2026 17:20:07.042,Nordic CS Reflector A,E2:13:07:97:B1:7E,10.83,2
1/13/2026 17:20:07.044,Nordic CS Reflector A,E2:13:07:97:B1:7E,10.83,2
1/13/2026 17:20:07.045,Nordic CS Reflector A,E2:13:07:97:B1:7E,10.83,2
1/13/2026 17:20:07.046,Nordic CS Reflector A,E2:13:07:97:B1:7E,10.83,2
1/13/2026 17:20:07.079,Nordic CS Reflector A,E2:13:07:97:B1:7E,10.83,2
1/13/2026 17:20:07.181,Nordic CS Reflector A,E2:13:07:97:B1:7E,10.75,2
1/13/2026 17:20:07.182,Nordic CS Reflector A,E2:13:07:97:B1:7E,10.75,2
1/13/2026 17:20:07.197,Nordic CS Reflector A,E2:13:07:97:B1:7E,10.68,2
1/13/2026 17:20:07.256,Nordic CS Reflector A,E2:13:07:97:B1:7E,10.61,2
1/13/2026 17:20:07.257,Nordic CS Reflector A,E2:13:07:97:B1:7E,10.61,2
1/13/2026 17:20:07.615,Nordic CS Reflector A,E2:13:07:97:B1:7E,10.61,2
1/13/2026 17:20:07.616,Nordic CS Reflector A,E2:13:07:97:B1:7E,10.61,2
1/13/2026 17:20:07.674,Nordic CS Reflector A,E2:13:07:97:B1:7E,10.61,2
1/13/2026 17:20:07.675,Nordic CS Reflector A,E2:13:07:97:B1:7E,10.61,2
1/13/2026 17:20:07.727,Nordic CS Reflector A,E2:13:07:97:B1:7E,10.61,2
1/13/2026 17:20:07.779,Nordic CS Reflector A,E2:13:07:97:B1:7E,10.42,2
1/13/2026 17:20:07.780,Nordic CS Reflector A,E2:13:07:97:B1:7E,10.42,2
1/13/2026 17:20:07.781,Nordic CS Reflector A,E2:13:07:97:B1:7E,10.42,2
1/13/2026 17:20:07.915,Nordic CS Reflector A,E2:13:07:97:B1:7E,10.42,2
1/13/2026 17:20:07.916,Nordic CS Reflector A,E2:13:07:97:B1:7E,10.42,2
1/13/2026 17:20:08.158,Nordic CS Reflector A,E2:13:07:97:B1:7E,10.39,2
1/13/2026 17:20:08.159,Nordic CS Reflector A,E2:13:07:97:B1:7E,10.39,2
1/13/2026 17:20:08.160,Nordic CS Reflector A,E2:13:07:97:B1:7E,10.39,2
1/13/2026 17:20:08.188,Nordic CS Reflector A,E2:13:07:97:B1:7E,10.61,2
1/13/2026 17:20:08.289,Nordic CS Reflector A,E2:13:07:97:B1:7E,10.39,2
1/13/2026 17:20:08.290,Nordic CS Reflector A,E2:13:07:97:B1:7E,10.39,2
1/13/2026 17:20:08.334,Nordic CS Reflector A,E2:13:07:97:B1:7E,10.64,2
1/13/2026 17:20:08.335,Nordic CS Reflector A,E2:13:07:97:B1:7E,10.64,2
1/13/2026 17:20:08.478,Nordic CS Reflector A,E2:13:07:97:B1:7E,10.39,2
1/13/2026 17:20:08.479,Nordic CS Reflector A,E2:13:07:97:B1:7E,10.39,2
1/13/2026 17:20:08.787,Nordic CS Reflector A,E2:13:07:97:B1:7E,10.64,2
1/13/2026 17:20:08.788,Nordic CS Reflector A,E2:13:07:97:B1:7E,10.64,2
1/13/2026 17:20:08.789,Nordic CS Reflector A,E2:13:07:97:B1:7E,10.64,2
1/13/2026 17:20:08.790,Nordic CS Reflector A,E2:13:07:97:B1:7E,10.64,2
1/13/2026 17:20:08.823,Nordic CS Reflector A,E2:13:07:97:B1:7E,10.64,2
1/13/2026 17:20:08.854,Nordic CS Reflector A,E2:13:07:97:B1:7E,10.64,2
1/13/2026 17:20:08.855,Nordic CS Reflector A,E2:13:07:97:B1:7E,10.64,2
1/13/2026 17:20:08.984,Nordic CS Reflector A,E2:13:07:97:B1:7E,10.42,2
1/13/2026 17:20:08.985,Nordic CS Reflector A,E2:13:07:97:B1:7E,10.42,2
1/13/2026 17:20:08.986,Nordic CS Reflector A,E2:13:07:97:B1:7E,10.42,2
1/13/2026 17:20:09.269,Nordic CS Reflector A,E2:13:07:97:B1:7E,8.96,2
1/13/2026 17:20:09.270,Nordic CS Reflector A,E2:13:07:97:B1:7E,8.96,2
1/13/2026 17:20:09.271,Nordic CS Reflector A,E2:13:07:97:B1:7E,8.96,2
1/13/2026 17:20:09.272,Nordic CS Reflector A,E2:13:07:97:B1:7E,8.96,2
1/13/2026 17:20:09.273,Nordic CS Reflector A,E2:13:07:97:B1:7E,8.96,2
1/13/2026 17:20:09.290,Nordic CS Reflector A,E2:13:07:97:B1:7E,10.42,2
1/13/2026 17:20:09.291,Nordic CS Reflector A,E2:13:07:97:B1:7E,10.42,2
1/13/2026 17:20:09.373,Nordic CS Reflector A,E2:13:07:97:B1:7E,10.68,2
1/13/2026 17:20:09.374,Nordic CS Reflector A,E2:13:07:97:B1:7E,10.68,2
1/13/2026 17:20:09.471,Nordic CS Reflector A,E2:13:07:97:B1:7E,10.75,2
1/13/2026 17:20:09.486,Nordic CS Reflector A,E2:13:07:97:B1:7E,10.75,2
1/13/2026 17:20:09.487,Nordic CS Reflector A,E2:13:07:97:B1:7E,10.75,2
1/13/2026 17:20:09.921,Nordic CS Reflector A,E2:13:07:97:B1:7E,10.75,2
1/13/2026 17:20:09.922,Nordic CS Reflector A,E2:13:07:97:B1:7E,10.75,2
1/13/2026 17:20:10.047,Nordic CS Reflector A,E2:13:07:97:B1:7E,10.75,2
1/13/2026 17:20:10.048,Nordic CS Reflector A,E2:13:07:97:B1:7E,10.75,2
1/13/2026 17:20:10.077,Nordic CS Reflector A,E2:13:07:97:B1:7E,10.61,2
1/13/2026 17:20:10.102,Nordic CS Reflector A,E2:13:07:97:B1:7E,10.57,2
1/13/2026 17:20:10.103,Nordic CS Reflector A,E2:13:07:97:B1:7E,10.57,2
1/13/2026 17:20:10.297,Nordic CS Reflector A,E2:13:07:97:B1:7E,10.57,2
1/13/2026 17:20:10.298,Nordic CS Reflector A,E2:13:07:97:B1:7E,10.57,2
1/13/2026 17:20:10.299,Nordic CS Reflector A,E2:13:07:97:B1:7E,10.57,2
1/13/2026 17:20:10.514,Nordic CS Reflector A,E2:13:07:97:B1:7E,10.5,2
1/13/2026 17:20:10.516,Nordic CS Reflector A,E2:13:07:97:B1:7E,10.5,2
1/13/2026 17:20:10.517,Nordic CS Reflector A,E2:13:07:97:B1:7E,10.5,2
1/13/2026 17:20:10.543,Nordic CS Reflector A,E2:13:07:97:B1:7E,10.64,2
1/13/2026 17:20:10.544,Nordic CS Reflector A,E2:13:07:97:B1:7E,10.64,2
1/13/2026 17:20:10.563,Nordic CS Reflector A,E2:13:07:97:B1:7E,10.5,2
1/13/2026 17:20:10.628,Nordic CS Reflector A,E2:13:07:97:B1:7E,10.42,2
1/13/2026 17:20:10.629,Nordic CS Reflector A,E2:13:07:97:B1:7E,10.42,2
1/13/2026 17:20:10.761,Nordic CS Reflector A,E2:13:07:97:B1:7E,10.28,2
1/13/2026 17:20:10.762,Nordic CS Reflector A,E2:13:07:97:B1:7E,10.28,2
1/13/2026 17:20:10.763,Nordic CS Reflector A,E2:13:07:97:B1:7E,10.28,2
1/13/2026 17:20:11.053,Nordic CS Reflector A,E2:13:07:97:B1:7E,10.28,2
1/13/2026 17:20:11.054,Nordic CS Reflector A,E2:13:07:97:B1:7E,10.28,2
1/13/2026 17:20:11.055,Nordic CS Reflector A,E2:13:07:97:B1:7E,10.28,2
1/13/2026 17:20:11.097,Nordic CS Reflector A,E2:13:07:97:B1:7E,10.5,2
1/13/2026 17:20:11.117,Nordic CS Reflector A,E2:13:07:97:B1:7E,10.5,2
1/13/2026 17:20:11.118,Nordic CS Reflector A,E2:13:07:97:B1:7E,10.5,2
1/13/2026 17:20:11.167,Nordic CS Reflector A,E2:13:07:97:B1:7E,10.46,2
1/13/2026 17:20:11.168,Nordic CS Reflector A,E2:13:07:97:B1:7E,10.46,2
1/13/2026 17:20:11.265,Nordic CS Reflector A,E2:13:07:97:B1:7E,10.24,0
1/13/2026 17:20:11.266,Nordic CS Reflector A,E2:13:07:97:B1:7E,10.24,0
1/13/2026 17:20:11.267,Nordic CS Reflector A,E2:13:07:97:B1:7E,10.24,0
1/13/2026 17:20:11.542,Nordic CS Reflector A,E2:13:07:97:B1:7E,10.24,2
1/13/2026 17:20:11.543,Nordic CS Reflector A,E2:13:07:97:B1:7E,10.24,2
1/13/2026 17:20:11.640,Nordic CS Reflector A,E2:13:07:97:B1:7E,10.5,2
1/13/2026 17:20:11.641,Nordic CS Reflector A,E2:13:07:97:B1:7E,10.5,2
1/13/2026 17:20:11.642,Nordic CS Reflector A,E2:13:07:97:B1:7E,10.5,2
1/13/2026 17:20:11.666,Nordic CS Reflector A,E2:13:07:97:B1:7E,10.5,2
1/13/2026 17:20:11.686,Nordic CS Reflector A,E2:13:07:97:B1:7E,10.5,2
1/13/2026 17:20:11.687,Nordic CS Reflector A,E2:13:07:97:B1:7E,10.5,2
1/13/2026 17:20:11.798,Nordic CS Reflector A,E2:13:07:97:B1:7E,10.5,2
1/13/2026 17:20:11.799,Nordic CS Reflector A,E2:13:07:97:B1:7E,10.5,2
1/13/2026 17:20:12.089,Nordic CS Reflector A,E2:13:07:97:B1:7E,10.42,2
1/13/2026 17:20:12.090,Nordic CS Reflector A,E2:13:07:97:B1:7E,10.42,2
1/13/2026 17:20:12.091,Nordic CS Reflector A,E2:13:07:97:B1:7E,10.42,2
1/13/2026 17:20:12.143,Nordic CS Reflector A,E2:13:07:97:B1:7E,10.42,2
1/13/2026 17:20:12.144,Nordic CS Reflector A,E2:13:07:97:B1:7E,10.42,2
1/13/2026 17:20:12.196,Nordic CS Reflector A,E2:13:07:97:B1:7E,10.42,2
1/13/2026 17:20:12.197,Nordic CS Reflector A,E2:13:07:97:B1:7E,10.42,2
1/13/2026 17:20:12.295,Nordic CS Reflector A,E2:13:07:97:B1:7E,10.42,2
1/13/2026 17:20:12.296,Nordic CS Reflector A,E2:13:07:97:B1:7E,10.42,2
1/13/2026 17:20:12.384,Nordic CS Reflector A,E2:13:07:97:B1:7E,10.5,2
1/13/2026 17:20:12.385,Nordic CS Reflector A,E2:13:07:97:B1:7E,10.5,2
1/13/2026 17:20:12.703,Nordic CS Reflector A,E2:13:07:97:B1:7E,10.5,2
1/13/2026 17:20:12.704,Nordic CS Reflector A,E2:13:07:97:B1:7E,10.5,2
1/13/2026 17:20:12.743,Nordic CS Reflector A,E2:13:07:97:B1:7E,10.5,2
1/13/2026 17:20:12.744,Nordic CS Reflector A,E2:13:07:97:B1:7E,10.5,2
1/13/2026 17:20:12.769,Nordic CS Reflector A,E2:13:07:97:B1:7E,10.46,2
1/13/2026 17:20:12.770,Nordic CS Reflector A,E2:13:07:97:B1:7E,10.46,2
1/13/2026 17:20:12.771,Nordic CS Reflector A,E2:13:07:97:B1:7E,10.46,2
1/13/2026 17:20:12.894,Nordic CS Reflector A,E2:13:07:97:B1:7E,10.46,2
1/13/2026 17:20:12.923,Nordic CS Reflector A,E2:13:07:97:B1:7E,10.46,2
1/13/2026 17:20:12.924,Nordic CS Reflector A,E2:13:07:97:B1:7E,10.46,2
1/13/2026 17:20:13.319,Nordic CS Reflector A,E2:13:07:97:B1:7E,10.42,2
1/13/2026 17:20:13.321,Nordic CS Reflector A,E2:13:07:97:B1:7E,10.42,2
1/13/2026 17:20:13.322,Nordic CS Reflector A,E2:13:07:97:B1:7E,10.42,2
1/13/2026 17:20:13.339,Nordic CS Reflector A,E2:13:07:97:B1:7E,10.35,2
1/13/2026 17:20:13.340,Nordic CS Reflector A,E2:13:07:97:B1:7E,10.35,2
1/13/2026 17:20:13.462,Nordic CS Reflector A,E2:13:07:97:B1:7E,10.35,0
1/13/2026 17:20:13.463,Nordic CS Reflector A,E2:13:07:97:B1:7E,10.35,0
1/13/2026 17:20:13.551,Nordic CS Reflector A,E2:13:07:97:B1:7E,10.75,2
1/13/2026 17:20:13.552,Nordic CS Reflector A,E2:13:07:97:B1:7E,10.75,2
1/13/2026 17:20:13.576,Nordic CS Reflector A,E2:13:07:97:B1:7E,10.75,2
1/13/2026 17:20:14.058,Nordic CS Reflector A,E2:13:07:97:B1:7E,10.61,2
1/13/2026 17:20:14.078,Nordic CS Reflector A,E2:13:07:97:B1:7E,10.61,2
1/13/2026 17:20:14.079,Nordic CS Reflector A,E2:13:07:97:B1:7E,10.61,2
1/13/2026 17:20:14.095,Nordic CS Reflector A,E2:13:07:97:B1:7E,10.42,2
1/13/2026 17:20:14.096,Nordic CS Reflector A,E2:13:07:97:B1:7E,10.42,2
1/13/2026 17:20:14.167,Nordic CS Reflector A,E2:13:07:97:B1:7E,9.84,2
1/13/2026 17:20:14.168,Nordic CS Reflector A,E2:13:07:97:B1:7E,9.84,2
1/13/2026 17:20:14.169,Nordic CS Reflector A,E2:13:07:97:B1:7E,9.84,2
1/13/2026 17:20:14.255,Nordic CS Reflector A,E2:13:07:97:B1:7E,9.84,2
1/13/2026 17:20:14.256,Nordic CS Reflector A,E2:13:07:97:B1:7E,9.84,2
1/13/2026 17:20:14.257,Nordic CS Reflector A,E2:13:07:97:B1:7E,9.84,2
1/13/2026 17:20:14.584,Nordic CS Reflector A,E2:13:07:97:B1:7E,10.39,2
1/13/2026 17:20:14.585,Nordic CS Reflector A,E2:13:07:97:B1:7E,10.39,2
1/13/2026 17:20:14.586,Nordic CS Reflector A,E2:13:07:97:B1:7E,10.39,2
1/13/2026 17:20:14.605,Nordic CS Reflector A,E2:13:07:97:B1:7E,10.42,2
1/13/2026 17:20:14.606,Nordic CS Reflector A,E2:13:07:97:B1:7E,10.42,2
1/13/2026 17:20:14.643,Nordic CS Reflector A,E2:13:07:97:B1:7E,10.53,2
1/13/2026 17:20:14.644,Nordic CS Reflector A,E2:13:07:97:B1:7E,10.53,2
1/13/2026 17:20:14.712,Nordic CS Reflector A,E2:13:07:97:B1:7E,10.53,2
1/13/2026 17:20:14.713,Nordic CS Reflector A,E2:13:07:97:B1:7E,10.53,2
1/13/2026 17:20:14.806,Nordic CS Reflector A,E2:13:07:97:B1:7E,10.5,2
1/13/2026 17:20:14.807,Nordic CS Reflector A,E2:13:07:97:B1:7E,10.5,2
1/13/2026 17:20:15.112,Nordic CS Reflector A,E2:13:07:97:B1:7E,10.42,2
1/13/2026 17:20:15.113,Nordic CS Reflector A,E2:13:07:97:B1:7E,10.42,2
1/13/2026 17:20:15.162,Nordic CS Reflector A,E2:13:07:97:B1:7E,10.42,2
1/13/2026 17:20:15.163,Nordic CS Reflector A,E2:13:07:97:B1:7E,10.42,2
1/13/2026 17:20:15.216,Nordic CS Reflector A,E2:13:07:97:B1:7E,10.79,2
1/13/2026 17:20:15.217,Nordic CS Reflector A,E2:13:07:97:B1:7E,10.79,2
1/13/2026 17:20:15.314,Nordic CS Reflector A,E2:13:07:97:B1:7E,10.79,2
1/13/2026 17:20:15.315,Nordic CS Reflector A,E2:13:07:97:B1:7E,10.79,2
1/13/2026 17:20:15.316,Nordic CS Reflector A,E2:13:07:97:B1:7E,10.79,2
1/13/2026 17:20:15.346,Nordic CS Reflector A,E2:13:07:97:B1:7E,10.61,2
1/13/2026 17:20:15.347,Nordic CS Reflector A,E2:13:07:97:B1:7E,10.61,2
1/13/2026 17:20:15.822,Nordic CS Reflector A,E2:13:07:97:B1:7E,10.5,2
1/13/2026 17:20:15.823,Nordic CS Reflector A,E2:13:07:97:B1:7E,10.5,2
1/13/2026 17:20:15.861,Nordic CS Reflector A,E2:13:07:97:B1:7E,10.46,2
1/13/2026 17:20:15.862,Nordic CS Reflector A,E2:13:07:97:B1:7E,10.46,2
1/13/2026 17:20:15.889,Nordic CS Reflector A,E2:13:07:97:B1:7E,10.46,2
1/13/2026 17:20:15.890,Nordic CS Reflector A,E2:13:07:97:B1:7E,10.46,2
1/13/2026 17:20:16.028,Nordic CS Reflector A,E2:13:07:97:B1:7E,10.68,0
1/13/2026 17:20:16.029,Nordic CS Reflector A,E2:13:07:97:B1:7E,10.68,0
1/13/2026 17:20:16.053,Nordic CS Reflector A,E2:13:07:97:B1:7E,10.68,2
1/13/2026 17:20:16.464,Nordic CS Reflector A,E2:13:07:97:B1:7E,10.5,2
1/13/2026 17:20:16.465,Nordic CS Reflector A,E2:13:07:97:B1:7E,10.5,2
1/13/2026 17:20:16.519,Nordic CS Reflector A,E2:13:07:97:B1:7E,10.5,2
1/13/2026 17:20:16.520,Nordic CS Reflector A,E2:13:07:97:B1:7E,10.5,2
1/13/2026 17:20:16.579,Nordic CS Reflector A,E2:13:07:97:B1:7E,10.24,2
1/13/2026 17:20:16.580,Nordic CS Reflector A,E2:13:07:97:B1:7E,10.24,2
1/13/2026 17:20:16.613,Nordic CS Reflector A,E2:13:07:97:B1:7E,9.84,2
1/13/2026 17:20:16.724,Nordic CS Reflector A,E2:13:07:97:B1:7E,9.84,2
1/13/2026 17:20:16.725,Nordic CS Reflector A,E2:13:07:97:B1:7E,9.84,2
1/13/2026 17:20:16.726,Nordic CS Reflector A,E2:13:07:97:B1:7E,9.84,2
1/13/2026 17:20:17.005,Nordic CS Reflector A,E2:13:07:97:B1:7E,9.73,2
1/13/2026 17:20:17.006,Nordic CS Reflector A,E2:13:07:97:B1:7E,9.73,2
1/13/2026 17:20:17.007,Nordic CS Reflector A,E2:13:07:97:B1:7E,9.73,2
1/13/2026 17:20:17.038,Nordic CS Reflector A,E2:13:07:97:B1:7E,10.02,2
1/13/2026 17:20:17.136,Nordic CS Reflector A,E2:13:07:97:B1:7E,10.32,2
1/13/2026 17:20:17.137,Nordic CS Reflector A,E2:13:07:97:B1:7E,10.32,2
1/13/2026 17:20:17.153,Nordic CS Reflector A,E2:13:07:97:B1:7E,10.32,2
1/13/2026 17:20:17.154,Nordic CS Reflector A,E2:13:07:97:B1:7E,10.32,2
1/13/2026 17:20:17.195,Nordic CS Reflector A,E2:13:07:97:B1:7E,10.32,2
1/13/2026 17:20:17.644,Nordic CS Reflector A,E2:13:07:97:B1:7E,10.35,2
1/13/2026 17:20:17.645,Nordic CS Reflector A,E2:13:07:97:B1:7E,10.35,2
1/13/2026 17:20:17.646,Nordic CS Reflector A,E2:13:07:97:B1:7E,10.35,2
1/13/2026 17:20:17.663,Nordic CS Reflector A,E2:13:07:97:B1:7E,10.5,2
1/13/2026 17:20:17.664,Nordic CS Reflector A,E2:13:07:97:B1:7E,10.5,2
1/13/2026 17:20:17.680,Nordic CS Reflector A,E2:13:07:97:B1:7E,10.5,2
1/13/2026 17:20:17.681,Nordic CS Reflector A,E2:13:07:97:B1:7E,10.5,2
1/13/2026 17:20:17.721,Nordic CS Reflector A,E2:13:07:97:B1:7E,10.5,2
1/13/2026 17:20:17.722,Nordic CS Reflector A,E2:13:07:97:B1:7E,10.5,2
1/13/2026 17:20:17.862,Nordic CS Reflector A,E2:13:07:97:B1:7E,10.5,2
1/13/2026 17:20:17.863,Nordic CS Reflector A,E2:13:07:97:B1:7E,10.5,2
1/13/2026 17:20:18.144,Nordic CS Reflector A,E2:13:07:97:B1:7E,10.57,2
1/13/2026 17:20:18.145,Nordic CS Reflector A,E2:13:07:97:B1:7E,10.57,2
1/13/2026 17:20:18.146,Nordic CS Reflector A,E2:13:07:97:B1:7E,10.57,2
1/13/2026 17:20:18.179,Nordic CS Reflector A,E2:13:07:97:B1:7E,10.61,2
1/13/2026 17:20:18.180,Nordic CS Reflector A,E2:13:07:97:B1:7E,10.61,2
1/13/2026 17:20:18.244,Nordic CS Reflector A,E2:13:07:97:B1:7E,10.64,2
1/13/2026 17:20:18.245,Nordic CS Reflector A,E2:13:07:97:B1:7E,10.64,2
1/13/2026 17:20:18.359,Nordic CS Reflector A,E2:13:07:97:B1:7E,10.64,2
1/13/2026 17:20:18.360,Nordic CS Reflector A,E2:13:07:97:B1:7E,10.64,2
1/13/2026 17:20:18.402,Nordic CS Reflector A,E2:13:07:97:B1:7E,10.64,2
1/13/2026 17:20:18.403,Nordic CS Reflector A,E2:13:07:97:B1:7E,10.64,2
1/13/2026 17:20:18.787,Nordic CS Reflector A,E2:13:07:97:B1:7E,10.53,2
1/13/2026 17:20:18.788,Nordic CS Reflector A,E2:13:07:97:B1:7E,10.53,2
1/13/2026 17:20:18.789,Nordic CS Reflector A,E2:13:07:97:B1:7E,10.53,2
1/13/2026 17:20:18.848,Nordic CS Reflector A,E2:13:07:97:B1:7E,10.39,2
1/13/2026 17:20:18.849,Nordic CS Reflector A,E2:13:07:97:B1:7E,10.39,2
1/13/2026 17:20:18.897,Nordic CS Reflector A,E2:13:07:97:B1:7E,10.21,2
1/13/2026 17:20:19.017,Nordic CS Reflector A,E2:13:07:97:B1:7E,9.95,2
1/13/2026 17:20:19.018,Nordic CS Reflector A,E2:13:07:97:B1:7E,9.95,2
1/13/2026 17:20:19.038,Nordic CS Reflector A,E2:13:07:97:B1:7E,9.95,2
1/13/2026 17:20:19.039,Nordic CS Reflector A,E2:13:07:97:B1:7E,9.95,2
1/13/2026 17:20:19.435,Nordic CS Reflector A,E2:13:07:97:B1:7E,10.17,0
1/13/2026 17:20:19.436,Nordic CS Reflector A,E2:13:07:97:B1:7E,10.17,0
1/13/2026 17:20:19.437,Nordic CS Reflector A,E2:13:07:97:B1:7E,10.17,0
1/13/2026 17:20:19.438,Nordic CS Reflector A,E2:13:07:97:B1:7E,10.17,0
1/13/2026 17:20:19.477,Nordic CS Reflector A,E2:13:07:97:B1:7E,10.32,2
1/13/2026 17:20:19.533,Nordic CS Reflector A,E2:13:07:97:B1:7E,10.35,2
1/13/2026 17:20:19.534,Nordic CS Reflector A,E2:13:07:97:B1:7E,10.35,2
1/13/2026 17:20:19.603,Nordic CS Reflector A,E2:13:07:97:B1:7E,10.35,2
1/13/2026 17:20:19.604,Nordic CS Reflector A,E2:13:07:97:B1:7E,10.35,2
1/13/2026 17:20:19.685,Nordic CS Reflector A,E2:13:07:97:B1:7E,10.42,2
1/13/2026 17:20:19.686,Nordic CS Reflector A,E2:13:07:97:B1:7E,10.42,2
1/13/2026 17:20:19.687,Nordic CS Reflector A,E2:13:07:97:B1:7E,10.42,2
1/13/2026 17:20:20.012,Nordic CS Reflector A,E2:13:07:97:B1:7E,10.42,2
1/13/2026 17:20:20.013,Nordic CS Reflector A,E2:13:07:97:B1:7E,10.42,2
1/13/2026 17:20:20.060,Nordic CS Reflector A,E2:13:07:97:B1:7E,10.5,0
1/13/2026 17:20:20.061,Nordic CS Reflector A,E2:13:07:97:B1:7E,10.5,0
1/13/2026 17:20:20.081,Nordic CS Reflector A,E2:13:07:97:B1:7E,10.5,2
1/13/2026 17:20:20.082,Nordic CS Reflector A,E2:13:07:97:B1:7E,10.5,2
1/13/2026 17:20:20.132,Nordic CS Reflector A,E2:13:07:97:B1:7E,10.53,2
1/13/2026 17:20:20.236,Nordic CS Reflector A,E2:13:07:97:B1:7E,10.53,2
1/13/2026 17:20:20.237,Nordic CS Reflector A,E2:13:07:97:B1:7E,10.53,2
1/13/2026 17:20:20.567,Nordic CS Reflector A,E2:13:07:97:B1:7E,10.5,2
1/13/2026 17:20:20.568,Nordic CS Reflector A,E2:13:07:97:B1:7E,10.5,2
1/13/2026 17:20:20.569,Nordic CS Reflector A,E2:13:07:97:B1:7E,10.5,2
1/13/2026 17:20:20.583,Nordic CS Reflector A,E2:13:07:97:B1:7E,10.21,2
1/13/2026 17:20:20.584,Nordic CS Reflector A,E2:13:07:97:B1:7E,10.21,2
1/13/2026 17:20:20.602,Nordic CS Reflector A,E2:13:07:97:B1:7E,10.21,2
1/13/2026 17:20:20.603,Nordic CS Reflector A,E2:13:07:97:B1:7E,10.21,2
1/13/2026 17:20:20.684,Nordic CS Reflector A,E2:13:07:97:B1:7E,10.24,2
1/13/2026 17:20:20.685,Nordic CS Reflector A,E2:13:07:97:B1:7E,10.24,2
1/13/2026 17:20:20.811,Nordic CS Reflector A,E2:13:07:97:B1:7E,10.42,2
1/13/2026 17:20:20.812,Nordic CS Reflector A,E2:13:07:97:B1:7E,10.42,2
1/13/2026 17:20:21.051,Nordic CS Reflector A,E2:13:07:97:B1:7E,10.42,2
1/13/2026 17:20:21.053,Nordic CS Reflector A,E2:13:07:97:B1:7E,10.42,2
1/13/2026 17:20:21.054,Nordic CS Reflector A,E2:13:07:97:B1:7E,10.42,2
1/13/2026 17:20:21.055,Nordic CS Reflector A,E2:13:07:97:B1:7E,10.42,2
1/13/2026 17:20:21.143,Nordic CS Reflector A,E2:13:07:97:B1:7E,10.39,2
1/13/2026 17:20:21.144,Nordic CS Reflector A,E2:13:07:97:B1:7E,10.39,2
1/13/2026 17:20:21.245,Nordic CS Reflector A,E2:13:07:97:B1:7E,10.39,2
1/13/2026 17:20:21.246,Nordic CS Reflector A,E2:13:07:97:B1:7E,10.39,2
1/13/2026 17:20:21.387,Nordic CS Reflector A,E2:13:07:97:B1:7E,10.39,2
1/13/2026 17:20:21.388,Nordic CS Reflector A,E2:13:07:97:B1:7E,10.39,2
1/13/2026 17:20:21.418,Nordic CS Reflector A,E2:13:07:97:B1:7E,10.28,2
1/13/2026 17:20:21.632,Nordic CS Reflector A,E2:13:07:97:B1:7E,10.28,0
1/13/2026 17:20:21.633,Nordic CS Reflector A,E2:13:07:97:B1:7E,10.28,0
1/13/2026 17:20:21.634,Nordic CS Reflector A,E2:13:07:97:B1:7E,10.28,0
1/13/2026 17:20:21.700,Nordic CS Reflector A,E2:13:07:97:B1:7E,10.35,2
1/13/2026 17:20:21.738,Nordic CS Reflector A,E2:13:07:97:B1:7E,10.35,2
1/13/2026 17:20:21.864,Nordic CS Reflector A,E2:13:07:97:B1:7E,9.99,2
1/13/2026 17:20:21.865,Nordic CS Reflector A,E2:13:07:97:B1:7E,9.99,2
1/13/2026 17:20:21.947,Nordic CS Reflector A,E2:13:07:97:B1:7E,9.99,2
1/13/2026 17:20:21.948,Nordic CS Reflector A,E2:13:07:97:B1:7E,9.99,2
1/13/2026 17:20:22.160,Nordic CS Reflector A,E2:13:07:97:B1:7E,10.28,2
1/13/2026 17:20:22.161,Nordic CS Reflector A,E2:13:07:97:B1:7E,10.28,2
1/13/2026 17:20:22.282,Nordic CS Reflector A,E2:13:07:97:B1:7E,10.57,2
1/13/2026 17:20:22.283,Nordic CS Reflector A,E2:13:07:97:B1:7E,10.57,2
1/13/2026 17:20:22.446,Nordic CS Reflector A,E2:13:07:97:B1:7E,10.57,2
1/13/2026 17:20:22.447,Nordic CS Reflector A,E2:13:07:97:B1:7E,10.57,2
1/13/2026 17:20:22.537,Nordic CS Reflector A,E2:13:07:97:B1:7E,10.5,2
1/13/2026 17:20:22.538,Nordic CS Reflector A,E2:13:07:97:B1:7E,10.5,2
1/13/2026 17:20:22.888,Nordic CS Reflector A,E2:13:07:97:B1:7E,10.32,2
1/13/2026 17:20:22.889,Nordic CS Reflector A,E2:13:07:97:B1:7E,10.32,2
1/13/2026 17:20:22.931,Nordic CS Reflector A,E2:13:07:97:B1:7E,10.32,2
1/13/2026 17:20:22.932,Nordic CS Reflector A,E2:13:07:97:B1:7E,10.32,2
1/13/2026 17:20:22.986,Nordic CS Reflector A,E2:13:07:97:B1:7E,10.35,2
1/13/2026 17:20:22.987,Nordic CS Reflector A,E2:13:07:97:B1:7E,10.35,2
1/13/2026 17:20:23.089,Nordic CS Reflector A,E2:13:07:97:B1:7E,10.35,2
1/13/2026 17:20:23.090,Nordic CS Reflector A,E2:13:07:97:B1:7E,10.35,2
1/13/2026 17:20:23.113,Nordic CS Reflector A,E2:13:07:97:B1:7E,10.24,2
1/13/2026 17:20:23.114,Nordic CS Reflector A,E2:13:07:97:B1:7E,10.24,2
1/13/2026 17:20:23.549,Nordic CS Reflector A,E2:13:07:97:B1:7E,10.24,2
1/13/2026 17:20:23.551,Nordic CS Reflector A,E2:13:07:97:B1:7E,10.24,2
1/13/2026 17:20:23.552,Nordic CS Reflector A,E2:13:07:97:B1:7E,10.24,2
1/13/2026 17:20:23.553,Nordic CS Reflector A,E2:13:07:97:B1:7E,10.24,2
1/13/2026 17:20:23.613,Nordic CS Reflector A,E2:13:07:97:B1:7E,10.9,0
1/13/2026 17:20:23.614,Nordic CS Reflector A,E2:13:07:97:B1:7E,10.9,0
1/13/2026 17:20:23.683,Nordic CS Reflector A,E2:13:07:97:B1:7E,10.9,2
1/13/2026 17:20:23.684,Nordic CS Reflector A,E2:13:07:97:B1:7E,10.9,2
1/13/2026 17:20:23.772,Nordic CS Reflector A,E2:13:07:97:B1:7E,10.42,2
1/13/2026 17:20:23.773,Nordic CS Reflector A,E2:13:07:97:B1:7E,10.42,2
1/13/2026 17:20:23.798,Nordic CS Reflector A,E2:13:07:97:B1:7E,10.42,0
1/13/2026 17:20:23.799,Nordic CS Reflector A,E2:13:07:97:B1:7E,10.42,0
1/13/2026 17:20:24.354,Nordic CS Reflector A,E2:13:07:97:B1:7E,10.53,2
1/13/2026 17:20:24.355,Nordic CS Reflector A,E2:13:07:97:B1:7E,10.53,2
1/13/2026 17:20:24.435,Nordic CS Reflector A,E2:13:07:97:B1:7E,10.53,2
1/13/2026 17:20:24.436,Nordic CS Reflector A,E2:13:07:97:B1:7E,10.53,2
1/13/2026 17:20:24.461,Nordic CS Reflector A,E2:13:07:97:B1:7E,10.5,2
1/13/2026 17:20:24.462,Nordic CS Reflector A,E2:13:07:97:B1:7E,10.5,2
1/13/2026 17:20:24.487,Nordic CS Reflector A,E2:13:07:97:B1:7E,10.5,2
1/13/2026 17:20:24.505,Nordic CS Reflector A,E2:13:07:97:B1:7E,10.68,2
1/13/2026 17:20:24.506,Nordic CS Reflector A,E2:13:07:97:B1:7E,10.68,2
1/13/2026 17:20:24.879,Nordic CS Reflector A,E2:13:07:97:B1:7E,10.68,2
1/13/2026 17:20:24.880,Nordic CS Reflector A,E2:13:07:97:B1:7E,10.68,2
1/13/2026 17:20:24.914,Nordic CS Reflector A,E2:13:07:97:B1:7E,10.5,2
1/13/2026 17:20:24.915,Nordic CS Reflector A,E2:13:07:97:B1:7E,10.5,2
1/13/2026 17:20:24.976,Nordic CS Reflector A,E2:13:07:97:B1:7E,10.5,2
1/13/2026 17:20:24.977,Nordic CS Reflector A,E2:13:07:97:B1:7E,10.5,2
1/13/2026 17:20:25.012,Nordic CS Reflector A,E2:13:07:97:B1:7E,10.57,2
1/13/2026 17:20:25.013,Nordic CS Reflector A,E2:13:07:97:B1:7E,10.57,2
1/13/2026 17:20:25.125,Nordic CS Reflector A,E2:13:07:97:B1:7E,10.57,2
1/13/2026 17:20:25.126,Nordic CS Reflector A,E2:13:07:97:B1:7E,10.57,2
1/13/2026 17:20:25.414,Nordic CS Reflector A,E2:13:07:97:B1:7E,10.5,2
1/13/2026 17:20:25.415,Nordic CS Reflector A,E2:13:07:97:B1:7E,10.5,2
1/13/2026 17:20:25.416,Nordic CS Reflector A,E2:13:07:97:B1:7E,10.5,2
1/13/2026 17:20:25.417,Nordic CS Reflector A,E2:13:07:97:B1:7E,10.5,2
1/13/2026 17:20:25.467,Nordic CS Reflector A,E2:13:07:97:B1:7E,10.5,2
1/13/2026 17:20:25.468,Nordic CS Reflector A,E2:13:07:97:B1:7E,10.5,2
1/13/2026 17:20:25.550,Nordic CS Reflector A,E2:13:07:97:B1:7E,10.64,2
1/13/2026 17:20:25.551,Nordic CS Reflector A,E2:13:07:97:B1:7E,10.64,2
1/13/2026 17:20:25.643,Nordic CS Reflector A,E2:13:07:97:B1:7E,10.86,2
1/13/2026 17:20:25.644,Nordic CS Reflector A,E2:13:07:97:B1:7E,10.86,2
1/13/2026 17:20:25.666,Nordic CS Reflector A,E2:13:07:97:B1:7E,10.86,2
1/13/2026 17:20:26.128,Nordic CS Reflector A,E2:13:07:97:B1:7E,10.86,2
1/13/2026 17:20:26.129,Nordic CS Reflector A,E2:13:07:97:B1:7E,10.86,2
1/13/2026 17:20:26.166,Nordic CS Reflector A,E2:13:07:97:B1:7E,10.86,2
1/13/2026 17:20:26.167,Nordic CS Reflector A,E2:13:07:97:B1:7E,10.86,2
1/13/2026 17:20:26.271,Nordic CS Reflector A,E2:13:07:97:B1:7E,10.61,2
1/13/2026 17:20:26.272,Nordic CS Reflector A,E2:13:07:97:B1:7E,10.61,2
1/13/2026 17:20:26.416,Nordic CS Reflector A,E2:13:07:97:B1:7E,10.61,2
1/13/2026 17:20:26.417,Nordic CS Reflector A,E2:13:07:97:B1:7E,10.61,2
1/13/2026 17:20:26.468,Nordic CS Reflector A,E2:13:07:97:B1:7E,10.72,2
1/13/2026 17:20:26.469,Nordic CS Reflector A,E2:13:07:97:B1:7E,10.72,2
1/13/2026 17:20:26.706,Nordic CS Reflector A,E2:13:07:97:B1:7E,10.72,2
1/13/2026 17:20:26.707,Nordic CS Reflector A,E2:13:07:97:B1:7E,10.72,2
1/13/2026 17:20:26.759,Nordic CS Reflector A,E2:13:07:97:B1:7E,10.24,2
1/13/2026 17:20:26.760,Nordic CS Reflector A,E2:13:07:97:B1:7E,10.24,2
1/13/2026 17:20:26.832,Nordic CS Reflector A,E2:13:07:97:B1:7E,10.13,2
1/13/2026 17:20:26.833,Nordic CS Reflector A,E2:13:07:97:B1:7E,10.13,2
1/13/2026 17:20:26.931,Nordic CS Reflector A,E2:13:07:97:B1:7E,10.17,0
1/13/2026 17:20:26.932,Nordic CS Reflector A,E2:13:07:97:B1:7E,10.17,0
1/13/2026 17:20:26.996,Nordic CS Reflector A,E2:13:07:97:B1:7E,10.17,0
1/13/2026 17:20:27.235,Nordic CS Reflector A,E2:13:07:97:B1:7E,10.24,2
1/13/2026 17:20:27.236,Nordic CS Reflector A,E2:13:07:97:B1:7E,10.24,2
1/13/2026 17:20:27.348,Nordic CS Reflector A,E2:13:07:97:B1:7E,10.32,2
1/13/2026 17:20:27.349,Nordic CS Reflector A,E2:13:07:97:B1:7E,10.32,2
1/13/2026 17:20:27.441,Nordic CS Reflector A,E2:13:07:97:B1:7E,10.64,2
1/13/2026 17:20:27.442,Nordic CS Reflector A,E2:13:07:97:B1:7E,10.64,2
1/13/2026 17:20:27.522,Nordic CS Reflector A,E2:13:07:97:B1:7E,10.64,2
1/13/2026 17:20:27.523,Nordic CS Reflector A,E2:13:07:97:B1:7E,10.64,2
1/13/2026 17:20:27.611,Nordic CS Reflector A,E2:13:07:97:B1:7E,10.32,2
1/13/2026 17:20:27.612,Nordic CS Reflector A,E2:13:07:97:B1:7E,10.32,2
1/13/2026 17:20:27.839,Nordic CS Reflector A,E2:13:07:97:B1:7E,10.32,2
1/13/2026 17:20:27.840,Nordic CS Reflector A,E2:13:07:97:B1:7E,10.32,2
1/13/2026 17:20:27.927,Nordic CS Reflector A,E2:13:07:97:B1:7E,10.1,2
1/13/2026 17:20:27.928,Nordic CS Reflector A,E2:13:07:97:B1:7E,10.1,2
1/13/2026 17:20:27.967,Nordic CS Reflector A,E2:13:07:97:B1:7E,9.99,2
1/13/2026 17:20:27.968,Nordic CS Reflector A,E2:13:07:97:B1:7E,9.99,2
1/13/2026 17:20:27.982,Nordic CS Reflector A,E2:13:07:97:B1:7E,9.99,2
1/13/2026 17:20:27.983,Nordic CS Reflector A,E2:13:07:97:B1:7E,9.99,2
1/13/2026 17:20:28.101,Nordic CS Reflector A,E2:13:07:97:B1:7E,10.79,2
1/13/2026 17:20:28.102,Nordic CS Reflector A,E2:13:07:97:B1:7E,10.79,2
1/13/2026 17:20:28.347,Nordic CS Reflector A,E2:13:07:97:B1:7E,10.79,2
1/13/2026 17:20:28.348,Nordic CS Reflector A,E2:13:07:97:B1:7E,10.79,2
1/13/2026 17:20:28.349,Nordic CS Reflector A,E2:13:07:97:B1:7E,10.79,2
1/13/2026 17:20:28.401,Nordic CS Reflector A,E2:13:07:97:B1:7E,9.29,2
1/13/2026 17:20:28.402,Nordic CS Reflector A,E2:13:07:97:B1:7E,9.29,2
1/13/2026 17:20:28.436,Nordic CS Reflector A,E2:13:07:97:B1:7E,9.22,2
1/13/2026 17:20:28.437,Nordic CS Reflector A,E2:13:07:97:B1:7E,9.22,2
1/13/2026 17:20:28.500,Nordic CS Reflector A,E2:13:07:97:B1:7E,9.22,2
1/13/2026 17:20:28.501,Nordic CS Reflector A,E2:13:07:97:B1:7E,9.22,2
1/13/2026 17:20:28.612,Nordic CS Reflector A,E2:13:07:97:B1:7E,9.22,2
1/13/2026 17:20:28.613,Nordic CS Reflector A,E2:13:07:97:B1:7E,9.22,2
1/13/2026 17:20:28.881,Nordic CS Reflector A,E2:13:07:97:B1:7E,10.35,2
1/13/2026 17:20:28.882,Nordic CS Reflector A,E2:13:07:97:B1:7E,10.35,2
1/13/2026 17:20:28.883,Nordic CS Reflector A,E2:13:07:97:B1:7E,10.35,2
1/13/2026 17:20:28.985,Nordic CS Reflector A,E2:13:07:97:B1:7E,10.35,2
1/13/2026 17:20:28.986,Nordic CS Reflector A,E2:13:07:97:B1:7E,10.35,2
1/13/2026 17:20:29.018,Nordic CS Reflector A,E2:13:07:97:B1:7E,10.35,2
1/13/2026 17:20:29.038,Nordic CS Reflector A,E2:13:07:97:B1:7E,10.32,2
1/13/2026 17:20:29.173,Nordic CS Reflector A,E2:13:07:97:B1:7E,10.35,2
1/13/2026 17:20:29.174,Nordic CS Reflector A,E2:13:07:97:B1:7E,10.35,2
1/13/2026 17:20:29.425,Nordic CS Reflector A,E2:13:07:97:B1:7E,10.32,2
1/13/2026 17:20:29.426,Nordic CS Reflector A,E2:13:07:97:B1:7E,10.32,2
1/13/2026 17:20:29.427,Nordic CS Reflector A,E2:13:07:97:B1:7E,10.32,2
1/13/2026 17:20:29.468,Nordic CS Reflector A,E2:13:07:97:B1:7E,10.24,2
1/13/2026 17:20:29.469,Nordic CS Reflector A,E2:13:07:97:B1:7E,10.24,2
1/13/2026 17:20:29.560,Nordic CS Reflector A,E2:13:07:97:B1:7E,10.24,2
1/13/2026 17:20:29.561,Nordic CS Reflector A,E2:13:07:97:B1:7E,10.24,2
1/13/2026 17:20:29.668,Nordic CS Reflector A,E2:13:07:97:B1:7E,10.24,2
1/13/2026 17:20:29.669,Nordic CS Reflector A,E2:13:07:97:B1:7E,10.24,2
1/13/2026 17:20:29.670,Nordic CS Reflector A,E2:13:07:97:B1:7E,10.24,2
1/13/2026 17:20:29.695,Nordic CS Reflector A,E2:13:07:97:B1:7E,10.17,2
1/13/2026 17:20:29.696,Nordic CS Reflector A,E2:13:07:97:B1:7E,10.17,2
1/13/2026 17:20:30.085,Nordic CS Reflector A,E2:13:07:97:B1:7E,10.1,2
1/13/2026 17:20:30.086,Nordic CS Reflector A,E2:13:07:97:B1:7E,10.1,2
1/13/2026 17:20:30.087,Nordic CS Reflector A,E2:13:07:97:B1:7E,10.1,2
1/13/2026 17:20:30.111,Nordic CS Reflector A,E2:13:07:97:B1:7E,9.88,2
1/13/2026 17:20:30.112,Nordic CS Reflector A,E2:13:07:97:B1:7E,9.88,2
1/13/2026 17:20:30.198,Nordic CS Reflector A,E2:13:07:97:B1:7E,9.66,2
1/13/2026 17:20:30.245,Nordic CS Reflector A,E2:13:07:97:B1:7E,9.66,2
1/13/2026 17:20:30.246,Nordic CS Reflector A,E2:13:07:97:B1:7E,9.66,2
1/13/2026 17:20:30.330,Nordic CS Reflector A,E2:13:07:97:B1:7E,9.66,2
1/13/2026 17:20:30.331,Nordic CS Reflector A,E2:13:07:97:B1:7E,9.66,2
1/13/2026 17:20:30.653,Nordic CS Reflector A,E2:13:07:97:B1:7E,10.02,2
1/13/2026 17:20:30.654,Nordic CS Reflector A,E2:13:07:97:B1:7E,10.02,2
1/13/2026 17:20:30.655,Nordic CS Reflector A,E2:13:07:97:B1:7E,10.02,2
1/13/2026 17:20:30.705,Nordic CS Reflector A,E2:13:07:97:B1:7E,10.24,2
1/13/2026 17:20:30.706,Nordic CS Reflector A,E2:13:07:97:B1:7E,10.24,2
1/13/2026 17:20:30.740,Nordic CS Reflector A,E2:13:07:97:B1:7E,10.24,2
1/13/2026 17:20:30.741,Nordic CS Reflector A,E2:13:07:97:B1:7E,10.24,2
1/13/2026 17:20:30.869,Nordic CS Reflector A,E2:13:07:97:B1:7E,10.94,2
1/13/2026 17:20:30.870,Nordic CS Reflector A,E2:13:07:97:B1:7E,10.94,2
1/13/2026 17:20:30.893,Nordic CS Reflector A,E2:13:07:97:B1:7E,10.94,2
1/13/2026 17:20:30.894,Nordic CS Reflector A,E2:13:07:97:B1:7E,10.94,2
1/13/2026 17:20:31.317,Nordic CS Reflector A,E2:13:07:97:B1:7E,10.9,2
1/13/2026 17:20:31.318,Nordic CS Reflector A,E2:13:07:97:B1:7E,10.9,2
1/13/2026 17:20:31.319,Nordic CS Reflector A,E2:13:07:97:B1:7E,10.9,2
1/13/2026 17:20:31.320,Nordic CS Reflector A,E2:13:07:97:B1:7E,10.9,2
1/13/2026 17:20:31.356,Nordic CS Reflector A,E2:13:07:97:B1:7E,10.61,2
1/13/2026 17:20:31.357,Nordic CS Reflector A,E2:13:07:97:B1:7E,10.61,2
1/13/2026 17:20:31.533,Nordic CS Reflector A,E2:13:07:97:B1:7E,10.61,2
1/13/2026 17:20:31.534,Nordic CS Reflector A,E2:13:07:97:B1:7E,10.61,2
1/13/2026 17:20:31.655,Nordic CS Reflector A,E2:13:07:97:B1:7E,10.64,2
1/13/2026 17:20:31.667,Nordic CS Reflector A,E2:13:07:97:B1:7E,10.79,2
1/13/2026 17:20:31.668,Nordic CS Reflector A,E2:13:07:97:B1:7E,10.79,2
1/13/2026 17:20:31.898,Nordic CS Reflector A,E2:13:07:97:B1:7E,10.64,2
1/13/2026 17:20:31.899,Nordic CS Reflector A,E2:13:07:97:B1:7E,10.64,2
1/13/2026 17:20:31.914,Nordic CS Reflector A,E2:13:07:97:B1:7E,10.57,2
1/13/2026 17:20:31.993,Nordic CS Reflector A,E2:13:07:97:B1:7E,10.57,2
1/13/2026 17:20:31.994,Nordic CS Reflector A,E2:13:07:97:B1:7E,10.57,2
1/13/2026 17:20:32.092,Nordic CS Reflector A,E2:13:07:97:B1:7E,10.5,2
1/13/2026 17:20:32.093,Nordic CS Reflector A,E2:13:07:97:B1:7E,10.5,2
1/13/2026 17:20:32.134,Nordic CS Reflector A,E2:13:07:97:B1:7E,10.46,2
1/13/2026 17:20:32.607,Nordic CS Reflector A,E2:13:07:97:B1:7E,10.46,2
1/13/2026 17:20:32.608,Nordic CS Reflector A,E2:13:07:97:B1:7E,10.46,2
1/13/2026 17:20:32.609,Nordic CS Reflector A,E2:13:07:97:B1:7E,10.46,2
1/13/2026 17:20:32.638,Nordic CS Reflector A,E2:13:07:97:B1:7E,10.39,2
1/13/2026 17:20:32.750,Nordic CS Reflector A,E2:13:07:97:B1:7E,10.1,2
1/13/2026 17:20:32.751,Nordic CS Reflector A,E2:13:07:97:B1:7E,10.1,2
1/13/2026 17:20:32.752,Nordic CS Reflector A,E2:13:07:97:B1:7E,10.1,2
1/13/2026 17:20:32.862,Nordic CS Reflector A,E2:13:07:97:B1:7E,9.58,2
1/13/2026 17:20:32.863,Nordic CS Reflector A,E2:13:07:97:B1:7E,9.58,2
1/13/2026 17:20:32.864,Nordic CS Reflector A,E2:13:07:97:B1:7E,9.58,2
1/13/2026 17:20:32.928,Nordic CS Reflector A,E2:13:07:97:B1:7E,9.58,2
1/13/2026 17:20:32.929,Nordic CS Reflector A,E2:13:07:97:B1:7E,9.58,2
1/13/2026 17:20:32.930,Nordic CS Reflector A,E2:13:07:97:B1:7E,9.58,2
1/13/2026 17:20:33.155,Nordic CS Reflector A,E2:13:07:97:B1:7E,9.29,2
1/13/2026 17:20:33.156,Nordic CS Reflector A,E2:13:07:97:B1:7E,9.29,2
1/13/2026 17:20:33.157,Nordic CS Reflector A,E2:13:07:97:B1:7E,9.29,2
1/13/2026 17:20:33.202,Nordic CS Reflector A,E2:13:07:97:B1:7E,9.62,2
1/13/2026 17:20:33.249,Nordic CS Reflector A,E2:13:07:97:B1:7E,9.62,2
1/13/2026 17:20:33.250,Nordic CS Reflector A,E2:13:07:97:B1:7E,9.62,2
1/13/2026 17:20:33.277,Nordic CS Reflector A,E2:13:07:97:B1:7E,9.62,2
1/13/2026 17:20:33.278,Nordic CS Reflector A,E2:13:07:97:B1:7E,9.62,2
1/13/2026 17:20:33.279,Nordic CS Reflector A,E2:13:07:97:B1:7E,9.62,2
1/13/2026 17:20:33.292,Nordic CS Reflector A,E2:13:07:97:B1:7E,9.66,2
1/13/2026 17:20:33.293,Nordic CS Reflector A,E2:13:07:97:B1:7E,9.66,2
