Timestamp,Device Name,Address,Distance (m),Confidence Level
1/18/2026 16:11:36.386,Nordic CS Reflector A,E2:13:07:97:B1:7E,1.42,2
1/18/2026 16:11:36.387,Nordic CS Reflector A,E2:13:07:97:B1:7E,1.42,2
1/18/2026 16:11:36.590,Nordic CS Reflector A,E2:13:07:97:B1:7E,1.42,2
1/18/2026 16:11:36.833,Nordic CS Reflector A,E2:13:07:97:B1:7E,1.42,2
1/18/2026 16:11:36.835,Nordic CS Reflector A,E2:13:07:97:B1:7E,1.42,2
1/18/2026 16:11:37.104,Nordic CS Reflector A,E2:13:07:97:B1:7E,1.46,2
1/18/2026 16:11:37.106,Nordic CS Reflector A,E2:13:07:97:B1:7E,1.46,2
1/18/2026 16:11:37.608,Nordic CS Reflector A,E2:13:07:97:B1:7E,1.53,2
1/18/2026 16:11:37.609,Nordic CS Reflector A,E2:13:07:97:B1:7E,1.53,2
1/18/2026 16:11:37.774,Nordic CS Reflector A,E2:13:07:97:B1:7E,1.53,2
1/18/2026 16:11:37.775,Nordic CS Reflector A,E2:13:07:97:B1:7E,1.53,2
1/18/2026 16:11:37.954,Nordic CS Reflector A,E2:13:07:97:B1:7E,0.29,2
1/18/2026 16:11:38.155,Nordic CS Reflector A,E2:13:07:97:B1:7E,0.29,2
1/18/2026 16:11:38.426,Nordic CS Reflector A,E2:13:07:97:B1:7E,0.76,2
1/18/2026 16:11:39.085,Nordic CS Reflector A,E2:13:07:97:B1:7E,0.76,2
1/18/2026 16:11:39.279,Nordic CS Reflector A,E2:13:07:97:B1:7E,0.73,2
1/18/2026 16:11:39.488,Nordic CS Reflector A,E2:13:07:97:B1:7E,0.62,2
1/18/2026 16:11:39.489,Nordic CS Reflector A,E2:13:07:97:B1:7E,0.62,2
1/18/2026 16:11:39.702,Nordic CS Reflector A,E2:13:07:97:B1:7E,0.62,2
1/18/2026 16:11:39.957,Nordic CS Reflector A,E2:13:07:97:B1:7E,0.76,2
1/18/2026 16:11:40.413,Nordic CS Reflector A,E2:13:07:97:B1:7E,0.76,2
1/18/2026 16:11:40.619,Nordic CS Reflector A,E2:13:07:97:B1:7E,0.69,2
1/18/2026 16:11:40.620,Nordic CS Reflector A,E2:13:07:97:B1:7E,0.69,2
1/18/2026 16:11:40.829,Nordic CS Reflector A,E2:13:07:97:B1:7E,0.69,2
1/18/2026 16:11:41.115,Nordic CS Reflector A,E2:13:07:97:B1:7E,0.62,2
1/18/2026 16:11:41.316,Nordic CS Reflector A,E2:13:07:97:B1:7E,0.51,2
1/18/2026 16:11:41.767,Nordic CS Reflector A,E2:13:07:97:B1:7E,0.51,2
1/18/2026 16:11:42.038,Nordic CS Reflector A,E2:13:07:97:B1:7E,0.62,2
1/18/2026 16:11:42.184,Nordic CS Reflector A,E2:13:07:97:B1:7E,0.62,2
1/18/2026 16:11:42.185,Nordic CS Reflector A,E2:13:07:97:B1:7E,0.62,2
1/18/2026 16:11:42.405,Nordic CS Reflector A,E2:13:07:97:B1:7E,0.47,2
1/18/2026 16:11:42.406,Nordic CS Reflector A,E2:13:07:97:B1:7E,0.47,2
1/18/2026 16:11:42.671,Nordic CS Reflector A,E2:13:07:97:B1:7E,0.47,2
1/18/2026 16:11:43.112,Nordic CS Reflector A,E2:13:07:97:B1:7E,0.47,2
1/18/2026 16:11:43.329,Nordic CS Reflector A,E2:13:07:97:B1:7E,0.47,2
1/18/2026 16:11:43.533,Nordic CS Reflector A,E2:13:07:97:B1:7E,0.47,2
1/18/2026 16:11:43.534,Nordic CS Reflector A,E2:13:07:97:B1:7E,0.47,2
1/18/2026 16:11:43.745,Nordic CS Reflector A,E2:13:07:97:B1:7E,0.65,2
1/18/2026 16:11:44.017,Nordic CS Reflector A,E2:13:07:97:B1:7E,0.65,2
1/18/2026 16:11:44.018,Nordic CS Reflector A,E2:13:07:97:B1:7E,0.65,2
1/18/2026 16:11:44.496,Nordic CS Reflector A,E2:13:07:97:B1:7E,0.65,2
1/18/2026 16:11:44.674,Nordic CS Reflector A,E2:13:07:97:B1:7E,0.65,2
1/18/2026 16:11:44.675,Nordic CS Reflector A,E2:13:07:97:B1:7E,0.65,2
1/18/2026 16:11:44.887,Nordic CS Reflector A,E2:13:07:97:B1:7E,0.65,2
1/18/2026 16:11:45.096,Nordic CS Reflector A,E2:13:07:97:B1:7E,0.47,2
1/18/2026 16:11:45.097,Nordic CS Reflector A,E2:13:07:97:B1:7E,0.47,2
1/18/2026 16:11:45.366,Nordic CS Reflector A,E2:13:07:97:B1:7E,0.47,2
1/18/2026 16:11:45.367,Nordic CS Reflector A,E2:13:07:97:B1:7E,0.47,2
1/18/2026 16:11:45.900,Nordic CS Reflector A,E2:13:07:97:B1:7E,0.47,2
1/18/2026 16:11:46.050,Nordic CS Reflector A,E2:13:07:97:B1:7E,0.62,2
1/18/2026 16:11:46.051,Nordic CS Reflector A,E2:13:07:97:B1:7E,0.62,2
1/18/2026 16:11:46.267,Nordic CS Reflector A,E2:13:07:97:B1:7E,0.58,2
1/18/2026 16:11:46.471,Nordic CS Reflector A,E2:13:07:97:B1:7E,0.58,2
1/18/2026 16:11:46.751,Nordic CS Reflector A,E2:13:07:97:B1:7E,0.58,2
1/18/2026 16:11:46.752,Nordic CS Reflector A,E2:13:07:97:B1:7E,0.58,2
1/18/2026 16:11:47.209,Nordic CS Reflector A,E2:13:07:97:B1:7E,0.47,2
1/18/2026 16:11:47.210,Nordic CS Reflector A,E2:13:07:97:B1:7E,0.47,2
1/18/2026 16:11:47.409,Nordic CS Reflector A,E2:13:07:97:B1:7E,0.58,2
1/18/2026 16:11:47.410,Nordic CS Reflector A,E2:13:07:97:B1:7E,0.58,2
1/18/2026 16:11:47.649,Nordic CS Reflector A,E2:13:07:97:B1:7E,0.58,2
1/18/2026 16:11:47.650,Nordic CS Reflector A,E2:13:07:97:B1:7E,0.58,2
1/18/2026 16:11:47.821,Nordic CS Reflector A,E2:13:07:97:B1:7E,0.58,2
1/18/2026 16:11:48.099,Nordic CS Reflector A,E2:13:07:97:B1:7E,0.54,2
1/18/2026 16:11:48.540,Nordic CS Reflector A,E2:13:07:97:B1:7E,0.54,2
1/18/2026 16:11:48.759,Nordic CS Reflector A,E2:13:07:97:B1:7E,0.54,2
1/18/2026 16:11:48.976,Nordic CS Reflector A,E2:13:07:97:B1:7E,0.54,2
1/18/2026 16:11:48.977,Nordic CS Reflector A,E2:13:07:97:B1:7E,0.54,2
1/18/2026 16:11:49.186,Nordic CS Reflector A,E2:13:07:97:B1:7E,0.51,2
1/18/2026 16:11:49.451,Nordic CS Reflector A,E2:13:07:97:B1:7E,0.54,2
1/18/2026 16:11:49.959,Nordic CS Reflector A,E2:13:07:97:B1:7E,0.51,2
1/18/2026 16:11:49.960,Nordic CS Reflector A,E2:13:07:97:B1:7E,0.51,2
1/18/2026 16:11:50.109,Nordic CS Reflector A,E2:13:07:97:B1:7E,0.58,2
1/18/2026 16:11:50.110,Nordic CS Reflector A,E2:13:07:97:B1:7E,0.58,2
1/18/2026 16:11:50.328,Nordic CS Reflector A,E2:13:07:97:B1:7E,0.51,2
1/18/2026 16:11:50.584,Nordic CS Reflector A,E2:13:07:97:B1:7E,0.51,2
1/18/2026 16:11:50.585,Nordic CS Reflector A,E2:13:07:97:B1:7E,0.51,2
1/18/2026 16:11:50.728,Nordic CS Reflector A,E2:13:07:97:B1:7E,0.51,2
1/18/2026 16:11:51.042,Nordic CS Reflector A,E2:13:07:97:B1:7E,0.51,2
1/18/2026 16:11:51.256,Nordic CS Reflector A,E2:13:07:97:B1:7E,0.43,2
1/18/2026 16:11:51.257,Nordic CS Reflector A,E2:13:07:97:B1:7E,0.43,2
1/18/2026 16:11:51.458,Nordic CS Reflector A,E2:13:07:97:B1:7E,0.47,2
1/18/2026 16:11:51.671,Nordic CS Reflector A,E2:13:07:97:B1:7E,0.47,2
1/18/2026 16:11:51.960,Nordic CS Reflector A,E2:13:07:97:B1:7E,0.47,2
1/18/2026 16:11:52.180,Nordic CS Reflector A,E2:13:07:97:B1:7E,0.47,2
1/18/2026 16:11:52.375,Nordic CS Reflector A,E2:13:07:97:B1:7E,0.47,2
1/18/2026 16:11:52.376,Nordic CS Reflector A,E2:13:07:97:B1:7E,0.47,2
1/18/2026 16:11:52.593,Nordic CS Reflector A,E2:13:07:97:B1:7E,0.51,2
1/18/2026 16:11:52.594,Nordic CS Reflector A,E2:13:07:97:B1:7E,0.51,2
1/18/2026 16:11:52.818,Nordic CS Reflector A,E2:13:07:97:B1:7E,0.51,2
1/18/2026 16:11:53.064,Nordic CS Reflector A,E2:13:07:97:B1:7E,0.47,2
1/18/2026 16:11:53.540,Nordic CS Reflector A,E2:13:07:97:B1:7E,0.47,2
1/18/2026 16:11:53.742,Nordic CS Reflector A,E2:13:07:97:B1:7E,0.51,2
1/18/2026 16:11:53.743,Nordic CS Reflector A,E2:13:07:97:B1:7E,0.51,2
1/18/2026 16:11:53.946,Nordic CS Reflector A,E2:13:07:97:B1:7E,0.51,2
1/18/2026 16:11:53.947,Nordic CS Reflector A,E2:13:07:97:B1:7E,0.51,2
1/18/2026 16:11:54.161,Nordic CS Reflector A,E2:13:07:97:B1:7E,0.51,2
1/18/2026 16:11:54.162,Nordic CS Reflector A,E2:13:07:97:B1:7E,0.51,2
1/18/2026 16:11:54.423,Nordic CS Reflector A,E2:13:07:97:B1:7E,0.47,2
1/18/2026 16:11:54.879,Nordic CS Reflector A,E2:13:07:97:B1:7E,0.58,2
1/18/2026 16:11:55.080,Nordic CS Reflector A,E2:13:07:97:B1:7E,0.51,2
1/18/2026 16:11:55.081,Nordic CS Reflector A,E2:13:07:97:B1:7E,0.51,2
1/18/2026 16:11:55.299,Nordic CS Reflector A,E2:13:07:97:B1:7E,0.65,2
1/18/2026 16:11:55.572,Nordic CS Reflector A,E2:13:07:97:B1:7E,0.73,2
1/18/2026 16:11:55.573,Nordic CS Reflector A,E2:13:07:97:B1:7E,0.73,2
1/18/2026 16:11:55.769,Nordic CS Reflector A,E2:13:07:97:B1:7E,0.73,2
1/18/2026 16:11:56.240,Nordic CS Reflector A,E2:13:07:97:B1:7E,0.73,2
1/18/2026 16:11:56.241,Nordic CS Reflector A,E2:13:07:97:B1:7E,0.73,2
1/18/2026 16:11:56.496,Nordic CS Reflector A,E2:13:07:97:B1:7E,0.58,2
1/18/2026 16:11:56.497,Nordic CS Reflector A,E2:13:07:97:B1:7E,0.58,2
1/18/2026 16:11:56.679,Nordic CS Reflector A,E2:13:07:97:B1:7E,0.58,2
1/18/2026 16:11:56.845,Nordic CS Reflector A,E2:13:07:97:B1:7E,0.58,2
1/18/2026 16:11:57.126,Nordic CS Reflector A,E2:13:07:97:B1:7E,0.58,2
1/18/2026 16:11:57.630,Nordic CS Reflector A,E2:13:07:97:B1:7E,0.58,2
1/18/2026 16:11:57.631,Nordic CS Reflector A,E2:13:07:97:B1:7E,0.58,2
1/18/2026 16:11:57.834,Nordic CS Reflector A,E2:13:07:97:B1:7E,0.51,2
1/18/2026 16:11:57.835,Nordic CS Reflector A,E2:13:07:97:B1:7E,0.51,2
1/18/2026 16:11:58.024,Nordic CS Reflector A,E2:13:07:97:B1:7E,0.51,2
1/18/2026 16:11:58.244,Nordic CS Reflector A,E2:13:07:97:B1:7E,0.54,2
1/18/2026 16:11:58.572,Nordic CS Reflector A,E2:13:07:97:B1:7E,0.58,2
1/18/2026 16:11:59.058,Nordic CS Reflector A,E2:13:07:97:B1:7E,0.58,2
1/18/2026 16:11:59.204,Nordic CS Reflector A,E2:13:07:97:B1:7E,0.87,2
1/18/2026 16:11:59.205,Nordic CS Reflector A,E2:13:07:97:B1:7E,0.87,2
1/18/2026 16:11:59.408,Nordic CS Reflector A,E2:13:07:97:B1:7E,0.87,2
1/18/2026 16:11:59.625,Nordic CS Reflector A,E2:13:07:97:B1:7E,0.65,2
1/18/2026 16:11:59.888,Nordic CS Reflector A,E2:13:07:97:B1:7E,0.65,2
1/18/2026 16:12:00.382,Nordic CS Reflector A,E2:13:07:97:B1:7E,0.65,2
1/18/2026 16:12:00.383,Nordic CS Reflector A,E2:13:07:97:B1:7E,0.65,2
1/18/2026 16:12:00.585,Nordic CS Reflector A,E2:13:07:97:B1:7E,0.76,2
1/18/2026 16:12:00.797,Nordic CS Reflector A,E2:13:07:97:B1:7E,0.73,2
1/18/2026 16:12:01.013,Nordic CS Reflector A,E2:13:07:97:B1:7E,0.76,2
1/18/2026 16:12:01.014,Nordic CS Reflector A,E2:13:07:97:B1:7E,0.76,2
1/18/2026 16:12:01.260,Nordic CS Reflector A,E2:13:07:97:B1:7E,0.73,2
1/18/2026 16:12:01.261,Nordic CS Reflector A,E2:13:07:97:B1:7E,0.73,2
1/18/2026 16:12:01.802,Nordic CS Reflector A,E2:13:07:97:B1:7E,0.65,2
1/18/2026 16:12:01.803,Nordic CS Reflector A,E2:13:07:97:B1:7E,0.65,2
1/18/2026 16:12:01.925,Nordic CS Reflector A,E2:13:07:97:B1:7E,0.62,2
1/18/2026 16:12:01.926,Nordic CS Reflector A,E2:13:07:97:B1:7E,0.62,2
1/18/2026 16:12:02.162,Nordic CS Reflector A,E2:13:07:97:B1:7E,0.58,2
1/18/2026 16:12:02.400,Nordic CS Reflector A,E2:13:07:97:B1:7E,0.58,2
1/18/2026 16:12:02.401,Nordic CS Reflector A,E2:13:07:97:B1:7E,0.58,2
1/18/2026 16:12:02.618,Nordic CS Reflector A,E2:13:07:97:B1:7E,0.58,2
1/18/2026 16:12:03.094,Nordic CS Reflector A,E2:13:07:97:B1:7E,0.65,2
1/18/2026 16:12:03.290,Nordic CS Reflector A,E2:13:07:97:B1:7E,0.65,2
1/18/2026 16:12:03.291,Nordic CS Reflector A,E2:13:07:97:B1:7E,0.65,2
1/18/2026 16:12:03.513,Nordic CS Reflector A,E2:13:07:97:B1:7E,0.65,2
1/18/2026 16:12:03.514,Nordic CS Reflector A,E2:13:07:97:B1:7E,0.65,2
1/18/2026 16:12:03.726,Nordic CS Reflector A,E2:13:07:97:B1:7E,0.65,2
1/18/2026 16:12:03.727,Nordic CS Reflector A,E2:13:07:97:B1:7E,0.65,2
1/18/2026 16:12:03.992,Nordic CS Reflector A,E2:13:07:97:B1:7E,0.62,2
1/18/2026 16:12:03.993,Nordic CS Reflector A,E2:13:07:97:B1:7E,0.62,2
1/18/2026 16:12:04.446,Nordic CS Reflector A,E2:13:07:97:B1:7E,0.62,2
1/18/2026 16:12:04.447,Nordic CS Reflector A,E2:13:07:97:B1:7E,0.62,2
1/18/2026 16:12:04.665,Nordic CS Reflector A,E2:13:07:97:B1:7E,0.76,2
1/18/2026 16:12:04.861,Nordic CS Reflector A,E2:13:07:97:B1:7E,0.76,2
1/18/2026 16:12:05.079,Nordic CS Reflector A,E2:13:07:97:B1:7E,0.73,2
1/18/2026 16:12:05.338,Nordic CS Reflector A,E2:13:07:97:B1:7E,0.73,2
1/18/2026 16:12:05.794,Nordic CS Reflector A,E2:13:07:97:B1:7E,0.73,2
1/18/2026 16:12:06.000,Nordic CS Reflector A,E2:13:07:97:B1:7E,0.73,2
1/18/2026 16:12:06.001,Nordic CS Reflector A,E2:13:07:97:B1:7E,0.73,2
1/18/2026 16:12:06.212,Nordic CS Reflector A,E2:13:07:97:B1:7E,0.76,2
1/18/2026 16:12:06.213,Nordic CS Reflector A,E2:13:07:97:B1:7E,0.76,2
1/18/2026 16:12:06.418,Nordic CS Reflector A,E2:13:07:97:B1:7E,0.8,2
1/18/2026 16:12:06.419,Nordic CS Reflector A,E2:13:07:97:B1:7E,0.8,2
1/18/2026 16:12:06.700,Nordic CS Reflector A,E2:13:07:97:B1:7E,0.8,2
1/18/2026 16:12:07.180,Nordic CS Reflector A,E2:13:07:97:B1:7E,0.69,2
1/18/2026 16:12:07.387,Nordic CS Reflector A,E2:13:07:97:B1:7E,0.69,2
1/18/2026 16:12:07.388,Nordic CS Reflector A,E2:13:07:97:B1:7E,0.69,2
1/18/2026 16:12:07.596,Nordic CS Reflector A,E2:13:07:97:B1:7E,0.62,2
1/18/2026 16:12:07.815,Nordic CS Reflector A,E2:13:07:97:B1:7E,0.69,2
1/18/2026 16:12:07.816,Nordic CS Reflector A,E2:13:07:97:B1:7E,0.69,2
1/18/2026 16:12:08.075,Nordic CS Reflector A,E2:13:07:97:B1:7E,0.73,2
1/18/2026 16:12:08.076,Nordic CS Reflector A,E2:13:07:97:B1:7E,0.73,2
1/18/2026 16:12:08.569,Nordic CS Reflector A,E2:13:07:97:B1:7E,0.73,2
1/18/2026 16:12:08.760,Nordic CS Reflector A,E2:13:07:97:B1:7E,0.73,2
1/18/2026 16:12:08.953,Nordic CS Reflector A,E2:13:07:97:B1:7E,0.65,2
1/18/2026 16:12:09.168,Nordic CS Reflector A,E2:13:07:97:B1:7E,0.65,2
1/18/2026 16:12:09.169,Nordic CS Reflector A,E2:13:07:97:B1:7E,0.65,2
1/18/2026 16:12:09.430,Nordic CS Reflector A,E2:13:07:97:B1:7E,0.62,2
1/18/2026 16:12:09.943,Nordic CS Reflector A,E2:13:07:97:B1:7E,0.62,2
1/18/2026 16:12:10.117,Nordic CS Reflector A,E2:13:07:97:B1:7E,0.62,2
1/18/2026 16:12:10.118,Nordic CS Reflector A,E2:13:07:97:B1:7E,0.62,2
1/18/2026 16:12:10.320,Nordic CS Reflector A,E2:13:07:97:B1:7E,0.58,2
1/18/2026 16:12:10.321,Nordic CS Reflector A,E2:13:07:97:B1:7E,0.58,2
1/18/2026 16:12:10.506,Nordic CS Reflector A,E2:13:07:97:B1:7E,0.65,2
1/18/2026 16:12:10.780,Nordic CS Reflector A,E2:13:07:97:B1:7E,0.76,2
1/18/2026 16:12:11.233,Nordic CS Reflector A,E2:13:07:97:B1:7E,0.76,2
1/18/2026 16:12:11.234,Nordic CS Reflector A,E2:13:07:97:B1:7E,0.76,2
1/18/2026 16:12:11.501,Nordic CS Reflector A,E2:13:07:97:B1:7E,0.65,2
1/18/2026 16:12:11.502,Nordic CS Reflector A,E2:13:07:97:B1:7E,0.65,2
1/18/2026 16:12:11.649,Nordic CS Reflector A,E2:13:07:97:B1:7E,0.65,2
1/18/2026 16:12:11.891,Nordic CS Reflector A,E2:13:07:97:B1:7E,0.65,2
1/18/2026 16:12:11.892,Nordic CS Reflector A,E2:13:07:97:B1:7E,0.65,2
1/18/2026 16:12:12.138,Nordic CS Reflector A,E2:13:07:97:B1:7E,0.4,2
1/18/2026 16:12:12.139,Nordic CS Reflector A,E2:13:07:97:B1:7E,0.4,2
1/18/2026 16:12:12.573,Nordic CS Reflector A,E2:13:07:97:B1:7E,0.4,2
1/18/2026 16:12:12.786,Nordic CS Reflector A,E2:13:07:97:B1:7E,0.58,2
1/18/2026 16:12:12.787,Nordic CS Reflector A,E2:13:07:97:B1:7E,0.58,2
1/18/2026 16:12:12.985,Nordic CS Reflector A,E2:13:07:97:B1:7E,0.62,2
1/18/2026 16:12:13.216,Nordic CS Reflector A,E2:13:07:97:B1:7E,0.69,2
1/18/2026 16:12:13.478,Nordic CS Reflector A,E2:13:07:97:B1:7E,0.65,2
1/18/2026 16:12:13.956,Nordic CS Reflector A,E2:13:07:97:B1:7E,0.65,2
1/18/2026 16:12:14.170,Nordic CS Reflector A,E2:13:07:97:B1:7E,0.65,2
1/18/2026 16:12:14.385,Nordic CS Reflector A,E2:13:07:97:B1:7E,0.69,2
1/18/2026 16:12:14.386,Nordic CS Reflector A,E2:13:07:97:B1:7E,0.69,2
1/18/2026 16:12:14.587,Nordic CS Reflector A,E2:13:07:97:B1:7E,0.73,2
1/18/2026 16:12:14.588,Nordic CS Reflector A,E2:13:07:97:B1:7E,0.73,2
1/18/2026 16:12:14.948,Nordic CS Reflector A,E2:13:07:97:B1:7E,0.73,2
1/18/2026 16:12:15.097,Nordic CS Reflector A,E2:13:07:97:B1:7E,0.69,2
1/18/2026 16:12:15.098,Nordic CS Reflector A,E2:13:07:97:B1:7E,0.69,2
1/18/2026 16:12:15.308,Nordic CS Reflector A,E2:13:07:97:B1:7E,0.65,2
1/18/2026 16:12:15.309,Nordic CS Reflector A,E2:13:07:97:B1:7E,0.65,2
1/18/2026 16:12:15.310,Nordic CS Reflector A,E2:13:07:97:B1:7E,0.65,2
1/18/2026 16:12:15.581,Nordic CS Reflector A,E2:13:07:97:B1:7E,0.69,2
1/18/2026 16:12:15.742,Nordic CS Reflector A,E2:13:07:97:B1:7E,0.62,2
1/18/2026 16:12:15.743,Nordic CS Reflector A,E2:13:07:97:B1:7E,0.62,2
1/18/2026 16:12:15.998,Nordic CS Reflector A,E2:13:07:97:B1:7E,0.65,2
1/18/2026 16:12:16.467,Nordic CS Reflector A,E2:13:07:97:B1:7E,0.62,2
1/18/2026 16:12:16.468,Nordic CS Reflector A,E2:13:07:97:B1:7E,0.62,2
1/18/2026 16:12:16.702,Nordic CS Reflector A,E2:13:07:97:B1:7E,0.65,2
1/18/2026 16:12:16.918,Nordic CS Reflector A,E2:13:07:97:B1:7E,0.62,2
1/18/2026 16:12:16.919,Nordic CS Reflector A,E2:13:07:97:B1:7E,0.62,2
1/18/2026 16:12:17.119,Nordic CS Reflector A,E2:13:07:97:B1:7E,0.62,2
1/18/2026 16:12:17.120,Nordic CS Reflector A,E2:13:07:97:B1:7E,0.62,2
1/18/2026 16:12:17.379,Nordic CS Reflector A,E2:13:07:97:B1:7E,0.62,2
1/18/2026 16:12:17.380,Nordic CS Reflector A,E2:13:07:97:B1:7E,0.62,2
1/18/2026 16:12:17.835,Nordic CS Reflector A,E2:13:07:97:B1:7E,0.62,2
1/18/2026 16:12:17.836,Nordic CS Reflector A,E2:13:07:97:B1:7E,0.62,2
1/18/2026 16:12:18.049,Nordic CS Reflector A,E2:13:07:97:B1:7E,0.65,2
1/18/2026 16:12:18.050,Nordic CS Reflector A,E2:13:07:97:B1:7E,0.65,2
1/18/2026 16:12:18.258,Nordic CS Reflector A,E2:13:07:97:B1:7E,0.62,2
1/18/2026 16:12:18.259,Nordic CS Reflector A,E2:13:07:97:B1:7E,0.62,2
1/18/2026 16:12:18.458,Nordic CS Reflector A,E2:13:07:97:B1:7E,0.58,2
1/18/2026 16:12:18.459,Nordic CS Reflector A,E2:13:07:97:B1:7E,0.58,2
1/18/2026 16:12:18.724,Nordic CS Reflector A,E2:13:07:97:B1:7E,0.58,2
1/18/2026 16:12:19.235,Nordic CS Reflector A,E2:13:07:97:B1:7E,0.62,2
1/18/2026 16:12:19.236,Nordic CS Reflector A,E2:13:07:97:B1:7E,0.62,2
1/18/2026 16:12:19.449,Nordic CS Reflector A,E2:13:07:97:B1:7E,0.65,2
1/18/2026 16:12:19.450,Nordic CS Reflector A,E2:13:07:97:B1:7E,0.65,2
1/18/2026 16:12:19.602,Nordic CS Reflector A,E2:13:07:97:B1:7E,0.62,2
1/18/2026 16:12:19.808,Nordic CS Reflector A,E2:13:07:97:B1:7E,0.65,2
1/18/2026 16:12:20.083,Nordic CS Reflector A,E2:13:07:97:B1:7E,0.65,2
1/18/2026 16:12:20.523,Nordic CS Reflector A,E2:13:07:97:B1:7E,0.65,2
1/18/2026 16:12:20.524,Nordic CS Reflector A,E2:13:07:97:B1:7E,0.65,2
1/18/2026 16:12:20.741,Nordic CS Reflector A,E2:13:07:97:B1:7E,0.65,2
1/18/2026 16:12:20.742,Nordic CS Reflector A,E2:13:07:97:B1:7E,0.65,2
1/18/2026 16:12:20.949,Nordic CS Reflector A,E2:13:07:97:B1:7E,0.36,2
1/18/2026 16:12:20.950,Nordic CS Reflector A,E2:13:07:97:B1:7E,0.36,2
1/18/2026 16:12:21.193,Nordic CS Reflector A,E2:13:07:97:B1:7E,0.69,2
1/18/2026 16:12:21.194,Nordic CS Reflector A,E2:13:07:97:B1:7E,0.69,2
1/18/2026 16:12:21.424,Nordic CS Reflector A,E2:13:07:97:B1:7E,0.54,2
1/18/2026 16:12:21.425,Nordic CS Reflector A,E2:13:07:97:B1:7E,0.54,2
1/18/2026 16:12:21.887,Nordic CS Reflector A,E2:13:07:97:B1:7E,0.69,2
1/18/2026 16:12:21.888,Nordic CS Reflector A,E2:13:07:97:B1:7E,0.69,2
1/18/2026 16:12:22.091,Nordic CS Reflector A,E2:13:07:97:B1:7E,0.54,2
1/18/2026 16:12:22.303,Nordic CS Reflector A,E2:13:07:97:B1:7E,0.54,2
1/18/2026 16:12:22.511,Nordic CS Reflector A,E2:13:07:97:B1:7E,0.54,2
1/18/2026 16:12:22.512,Nordic CS Reflector A,E2:13:07:97:B1:7E,0.54,2
1/18/2026 16:12:22.771,Nordic CS Reflector A,E2:13:07:97:B1:7E,0.54,2
1/18/2026 16:12:23.244,Nordic CS Reflector A,E2:13:07:97:B1:7E,0.54,2
1/18/2026 16:12:23.472,Nordic CS Reflector A,E2:13:07:97:B1:7E,0.54,2
1/18/2026 16:12:23.650,Nordic CS Reflector A,E2:13:07:97:B1:7E,0.54,2
1/18/2026 16:12:23.872,Nordic CS Reflector A,E2:13:07:97:B1:7E,0.54,2
1/18/2026 16:12:23.873,Nordic CS Reflector A,E2:13:07:97:B1:7E,0.54,2
1/18/2026 16:12:24.137,Nordic CS Reflector A,E2:13:07:97:B1:7E,0.54,2
1/18/2026 16:12:24.138,Nordic CS Reflector A,E2:13:07:97:B1:7E,0.54,2
1/18/2026 16:12:24.575,Nordic CS Reflector A,E2:13:07:97:B1:7E,0.62,2
1/18/2026 16:12:24.576,Nordic CS Reflector A,E2:13:07:97:B1:7E,0.62,2
1/18/2026 16:12:24.779,Nordic CS Reflector A,E2:13:07:97:B1:7E,0.62,2
1/18/2026 16:12:25.064,Nordic CS Reflector A,E2:13:07:97:B1:7E,0.62,2
1/18/2026 16:12:25.065,Nordic CS Reflector A,E2:13:07:97:B1:7E,0.62,2
1/18/2026 16:12:25.237,Nordic CS Reflector A,E2:13:07:97:B1:7E,0.54,2
1/18/2026 16:12:25.534,Nordic CS Reflector A,E2:13:07:97:B1:7E,0.54,2
1/18/2026 16:12:25.535,Nordic CS Reflector A,E2:13:07:97:B1:7E,0.54,2
1/18/2026 16:12:25.939,Nordic CS Reflector A,E2:13:07:97:B1:7E,0.58,2
1/18/2026 16:12:26.142,Nordic CS Reflector A,E2:13:07:97:B1:7E,0.58,2
1/18/2026 16:12:26.143,Nordic CS Reflector A,E2:13:07:97:B1:7E,0.58,2
1/18/2026 16:12:26.352,Nordic CS Reflector A,E2:13:07:97:B1:7E,0.58,2
1/18/2026 16:12:26.595,Nordic CS Reflector A,E2:13:07:97:B1:7E,0.62,2
1/18/2026 16:12:26.596,Nordic CS Reflector A,E2:13:07:97:B1:7E,0.62,2
1/18/2026 16:12:26.861,Nordic CS Reflector A,E2:13:07:97:B1:7E,0.65,2
1/18/2026 16:12:27.082,Nordic CS Reflector A,E2:13:07:97:B1:7E,0.65,2
1/18/2026 16:12:27.286,Nordic CS Reflector A,E2:13:07:97:B1:7E,0.65,2
1/18/2026 16:12:27.490,Nordic CS Reflector A,E2:13:07:97:B1:7E,0.65,2
1/18/2026 16:12:27.704,Nordic CS Reflector A,E2:13:07:97:B1:7E,0.69,2
1/18/2026 16:12:27.997,Nordic CS Reflector A,E2:13:07:97:B1:7E,0.69,2
1/18/2026 16:12:27.998,Nordic CS Reflector A,E2:13:07:97:B1:7E,0.69,2
1/18/2026 16:12:28.206,Nordic CS Reflector A,E2:13:07:97:B1:7E,0.73,2
1/18/2026 16:12:28.207,Nordic CS Reflector A,E2:13:07:97:B1:7E,0.73,2
1/18/2026 16:12:28.419,Nordic CS Reflector A,E2:13:07:97:B1:7E,0.65,2
1/18/2026 16:12:28.420,Nordic CS Reflector A,E2:13:07:97:B1:7E,0.65,2
1/18/2026 16:12:28.636,Nordic CS Reflector A,E2:13:07:97:B1:7E,0.69,2
1/18/2026 16:12:28.843,Nordic CS Reflector A,E2:13:07:97:B1:7E,0.65,2
1/18/2026 16:12:28.844,Nordic CS Reflector A,E2:13:07:97:B1:7E,0.65,2
1/18/2026 16:12:29.098,Nordic CS Reflector A,E2:13:07:97:B1:7E,0.65,2
1/18/2026 16:12:29.553,Nordic CS Reflector A,E2:13:07:97:B1:7E,0.65,2
1/18/2026 16:12:29.554,Nordic CS Reflector A,E2:13:07:97:B1:7E,0.65,2
1/18/2026 16:12:29.821,Nordic CS Reflector A,E2:13:07:97:B1:7E,0.65,2
1/18/2026 16:12:29.822,Nordic CS Reflector A,E2:13:07:97:B1:7E,0.65,2
1/18/2026 16:12:29.971,Nordic CS Reflector A,E2:13:07:97:B1:7E,0.69,2
1/18/2026 16:12:30.192,Nordic CS Reflector A,E2:13:07:97:B1:7E,0.69,2
1/18/2026 16:12:30.463,Nordic CS Reflector A,E2:13:07:97:B1:7E,0.69,2
1/18/2026 16:12:30.464,Nordic CS Reflector A,E2:13:07:97:B1:7E,0.69,2
1/18/2026 16:12:30.913,Nordic CS Reflector A,E2:13:07:97:B1:7E,0.65,2
1/18/2026 16:12:31.116,Nordic CS Reflector A,E2:13:07:97:B1:7E,0.58,2
1/18/2026 16:12:31.117,Nordic CS Reflector A,E2:13:07:97:B1:7E,0.58,2
1/18/2026 16:12:31.321,Nordic CS Reflector A,E2:13:07:97:B1:7E,0.58,2
1/18/2026 16:12:31.537,Nordic CS Reflector A,E2:13:07:97:B1:7E,0.65,2
1/18/2026 16:12:31.538,Nordic CS Reflector A,E2:13:07:97:B1:7E,0.65,2
1/18/2026 16:12:31.830,Nordic CS Reflector A,E2:13:07:97:B1:7E,0.73,2
1/18/2026 16:12:31.831,Nordic CS Reflector A,E2:13:07:97:B1:7E,0.73,2
1/18/2026 16:12:32.106,Nordic CS Reflector A,E2:13:07:97:B1:7E,0.73,2
1/18/2026 16:12:32.249,Nordic CS Reflector A,E2:13:07:97:B1:7E,0.65,2
1/18/2026 16:12:32.250,Nordic CS Reflector A,E2:13:07:97:B1:7E,0.65,2
1/18/2026 16:12:32.482,Nordic CS Reflector A,E2:13:07:97:B1:7E,0.65,2
1/18/2026 16:12:32.683,Nordic CS Reflector A,E2:13:07:97:B1:7E,0.62,2
1/18/2026 16:12:32.684,Nordic CS Reflector A,E2:13:07:97:B1:7E,0.62,2
1/18/2026 16:12:33.005,Nordic CS Reflector A,E2:13:07:97:B1:7E,0.69,2
1/18/2026 16:12:33.006,Nordic CS Reflector A,E2:13:07:97:B1:7E,0.69,2
1/18/2026 16:12:33.400,Nordic CS Reflector A,E2:13:07:97:B1:7E,0.69,2
1/18/2026 16:12:33.401,Nordic CS Reflector A,E2:13:07:97:B1:7E,0.69,2
1/18/2026 16:12:33.612,Nordic CS Reflector A,E2:13:07:97:B1:7E,0.69,2
1/18/2026 16:12:33.814,Nordic CS Reflector A,E2:13:07:97:B1:7E,0.69,2
1/18/2026 16:12:34.033,Nordic CS Reflector A,E2:13:07:97:B1:7E,0.69,2
1/18/2026 16:12:34.034,Nordic CS Reflector A,E2:13:07:97:B1:7E,0.69,2
1/18/2026 16:12:34.297,Nordic CS Reflector A,E2:13:07:97:B1:7E,0.69,2
1/18/2026 16:12:34.801,Nordic CS Reflector A,E2:13:07:97:B1:7E,0.69,2
1/18/2026 16:12:34.802,Nordic CS Reflector A,E2:13:07:97:B1:7E,0.69,2
1/18/2026 16:12:34.968,Nordic CS Reflector A,E2:13:07:97:B1:7E,0.69,2
1/18/2026 16:12:34.969,Nordic CS Reflector A,E2:13:07:97:B1:7E,0.69,2
1/18/2026 16:12:35.236,Nordic CS Reflector A,E2:13:07:97:B1:7E,0.65,2
1/18/2026 16:12:35.237,Nordic CS Reflector A,E2:13:07:97:B1:7E,0.65,2
1/18/2026 16:12:35.383,Nordic CS Reflector A,E2:13:07:97:B1:7E,0.65,2
1/18/2026 16:12:35.648,Nordic CS Reflector A,E2:13:07:97:B1:7E,0.76,2
1/18/2026 16:12:35.649,Nordic CS Reflector A,E2:13:07:97:B1:7E,0.76,2
1/18/2026 16:12:36.096,Nordic CS Reflector A,E2:13:07:97:B1:7E,0.8,2
1/18/2026 16:12:36.097,Nordic CS Reflector A,E2:13:07:97:B1:7E,0.8,2
1/18/2026 16:12:36.367,Nordic CS Reflector A,E2:13:07:97:B1:7E,0.8,2
1/18/2026 16:12:36.491,Nordic CS Reflector A,E2:13:07:97:B1:7E,0.8,2
1/18/2026 16:12:36.492,Nordic CS Reflector A,E2:13:07:97:B1:7E,0.8,2
1/18/2026 16:12:36.706,Nordic CS Reflector A,E2:13:07:97:B1:7E,0.8,2
1/18/2026 16:12:36.707,Nordic CS Reflector A,E2:13:07:97:B1:7E,0.8,2
1/18/2026 16:12:36.987,Nordic CS Reflector A,E2:13:07:97:B1:7E,0.8,2
1/18/2026 16:12:36.988,Nordic CS Reflector A,E2:13:07:97:B1:7E,0.8,2
1/18/2026 16:12:37.445,Nordic CS Reflector A,E2:13:07:97:B1:7E,0.73,2
1/18/2026 16:12:37.446,Nordic CS Reflector A,E2:13:07:97:B1:7E,0.73,2
1/18/2026 16:12:37.664,Nordic CS Reflector A,E2:13:07:97:B1:7E,0.65,2
1/18/2026 16:12:37.879,Nordic CS Reflector A,E2:13:07:97:B1:7E,0.73,2
1/18/2026 16:12:38.075,Nordic CS Reflector A,E2:13:07:97:B1:7E,0.73,2
1/18/2026 16:12:38.076,Nordic CS Reflector A,E2:13:07:97:B1:7E,0.73,2
1/18/2026 16:12:38.346,Nordic CS Reflector A,E2:13:07:97:B1:7E,0.73,2
1/18/2026 16:12:38.809,Nordic CS Reflector A,E2:13:07:97:B1:7E,0.73,2
1/18/2026 16:12:39.015,Nordic CS Reflector A,E2:13:07:97:B1:7E,0.69,2
1/18/2026 16:12:39.231,Nordic CS Reflector A,E2:13:07:97:B1:7E,0.69,2
1/18/2026 16:12:39.425,Nordic CS Reflector A,E2:13:07:97:B1:7E,0.73,2
1/18/2026 16:12:39.426,Nordic CS Reflector A,E2:13:07:97:B1:7E,0.73,2
1/18/2026 16:12:39.699,Nordic CS Reflector A,E2:13:07:97:B1:7E,0.73,2
1/18/2026 16:12:39.700,Nordic CS Reflector A,E2:13:07:97:B1:7E,0.73,2
1/18/2026 16:12:40.181,Nordic CS Reflector A,E2:13:07:97:B1:7E,0.76,2
1/18/2026 16:12:40.182,Nordic CS Reflector A,E2:13:07:97:B1:7E,0.76,2
1/18/2026 16:12:40.389,Nordic CS Reflector A,E2:13:07:97:B1:7E,0.73,2
1/18/2026 16:12:40.390,Nordic CS Reflector A,E2:13:07:97:B1:7E,0.73,2
1/18/2026 16:12:40.664,Nordic CS Reflector A,E2:13:07:97:B1:7E,0.76,2
1/18/2026 16:12:40.665,Nordic CS Reflector A,E2:13:07:97:B1:7E,0.76,2
1/18/2026 16:12:40.871,Nordic CS Reflector A,E2:13:07:97:B1:7E,0.58,2
1/18/2026 16:12:40.872,Nordic CS Reflector A,E2:13:07:97:B1:7E,0.58,2
1/18/2026 16:12:41.100,Nordic CS Reflector A,E2:13:07:97:B1:7E,0.69,2
1/18/2026 16:12:41.101,Nordic CS Reflector A,E2:13:07:97:B1:7E,0.69,2
1/18/2026 16:12:41.315,Nordic CS Reflector A,E2:13:07:97:B1:7E,0.58,2
1/18/2026 16:12:41.530,Nordic CS Reflector A,E2:13:07:97:B1:7E,0.69,2
1/18/2026 16:12:41.531,Nordic CS Reflector A,E2:13:07:97:B1:7E,0.69,2
1/18/2026 16:12:41.750,Nordic CS Reflector A,E2:13:07:97:B1:7E,0.69,2
1/18/2026 16:12:41.940,Nordic CS Reflector A,E2:13:07:97:B1:7E,0.69,2
1/18/2026 16:12:42.211,Nordic CS Reflector A,E2:13:07:97:B1:7E,0.69,2
1/18/2026 16:12:42.212,Nordic CS Reflector A,E2:13:07:97:B1:7E,0.69,2
1/18/2026 16:12:42.662,Nordic CS Reflector A,E2:13:07:97:B1:7E,0.69,2
1/18/2026 16:12:42.663,Nordic CS Reflector A,E2:13:07:97:B1:7E,0.69,2
1/18/2026 16:12:42.881,Nordic CS Reflector A,E2:13:07:97:B1:7E,0.69,2
1/18/2026 16:12:43.080,Nordic CS Reflector A,E2:13:07:97:B1:7E,0.62,2
1/18/2026 16:12:43.081,Nordic CS Reflector A,E2:13:07:97:B1:7E,0.62,2
1/18/2026 16:12:43.287,Nordic CS Reflector A,E2:13:07:97:B1:7E,0.62,2
1/18/2026 16:12:43.288,Nordic CS Reflector A,E2:13:07:97:B1:7E,0.62,2
1/18/2026 16:12:43.562,Nordic CS Reflector A,E2:13:07:97:B1:7E,0.58,2
1/18/2026 16:12:43.563,Nordic CS Reflector A,E2:13:07:97:B1:7E,0.58,2
1/18/2026 16:12:44.016,Nordic CS Reflector A,E2:13:07:97:B1:7E,0.69,2
1/18/2026 16:12:44.228,Nordic CS Reflector A,E2:13:07:97:B1:7E,0.69,2
1/18/2026 16:12:44.468,Nordic CS Reflector A,E2:13:07:97:B1:7E,0.73,2
1/18/2026 16:12:44.641,Nordic CS Reflector A,E2:13:07:97:B1:7E,0.73,2
1/18/2026 16:12:44.642,Nordic CS Reflector A,E2:13:07:97:B1:7E,0.73,2
1/18/2026 16:12:44.918,Nordic CS Reflector A,E2:13:07:97:B1:7E,0.73,2
1/18/2026 16:12:45.360,Nordic CS Reflector A,E2:13:07:97:B1:7E,0.8,2
1/18/2026 16:12:45.361,Nordic CS Reflector A,E2:13:07:97:B1:7E,0.8,2
1/18/2026 16:12:45.590,Nordic CS Reflector A,E2:13:07:97:B1:7E,0.73,2
1/18/2026 16:12:45.591,Nordic CS Reflector A,E2:13:07:97:B1:7E,0.73,2
1/18/2026 16:12:45.785,Nordic CS Reflector A,E2:13:07:97:B1:7E,0.73,2
1/18/2026 16:12:45.786,Nordic CS Reflector A,E2:13:07:97:B1:7E,0.73,2
1/18/2026 16:12:45.996,Nordic CS Reflector A,E2:13:07:97:B1:7E,0.62,2
1/18/2026 16:12:45.997,Nordic CS Reflector A,E2:13:07:97:B1:7E,0.62,2
1/18/2026 16:12:46.318,Nordic CS Reflector A,E2:13:07:97:B1:7E,0.51,2
1/18/2026 16:12:46.319,Nordic CS Reflector A,E2:13:07:97:B1:7E,0.51,2
1/18/2026 16:12:46.716,Nordic CS Reflector A,E2:13:07:97:B1:7E,0.62,2
1/18/2026 16:12:46.930,Nordic CS Reflector A,E2:13:07:97:B1:7E,0.65,2
1/18/2026 16:12:46.931,Nordic CS Reflector A,E2:13:07:97:B1:7E,0.65,2
1/18/2026 16:12:47.167,Nordic CS Reflector A,E2:13:07:97:B1:7E,0.65,2
1/18/2026 16:12:47.350,Nordic CS Reflector A,E2:13:07:97:B1:7E,0.65,2
1/18/2026 16:12:47.351,Nordic CS Reflector A,E2:13:07:97:B1:7E,0.65,2
1/18/2026 16:12:47.619,Nordic CS Reflector A,E2:13:07:97:B1:7E,0.65,2
1/18/2026 16:12:48.068,Nordic CS Reflector A,E2:13:07:97:B1:7E,0.65,2
1/18/2026 16:12:48.277,Nordic CS Reflector A,E2:13:07:97:B1:7E,0.62,2
1/18/2026 16:12:48.520,Nordic CS Reflector A,E2:13:07:97:B1:7E,0.62,2
1/18/2026 16:12:48.521,Nordic CS Reflector A,E2:13:07:97:B1:7E,0.62,2
1/18/2026 16:12:48.690,Nordic CS Reflector A,E2:13:07:97:B1:7E,0.62,2
1/18/2026 16:12:48.691,Nordic CS Reflector A,E2:13:07:97:B1:7E,0.62,2
1/18/2026 16:12:49.036,Nordic CS Reflector A,E2:13:07:97:B1:7E,0.65,2
1/18/2026 16:12:49.037,Nordic CS Reflector A,E2:13:07:97:B1:7E,0.65,2
1/18/2026 16:12:49.416,Nordic CS Reflector A,E2:13:07:97:B1:7E,0.65,2
1/18/2026 16:12:49.624,Nordic CS Reflector A,E2:13:07:97:B1:7E,0.65,2
1/18/2026 16:12:49.625,Nordic CS Reflector A,E2:13:07:97:B1:7E,0.65,2
1/18/2026 16:12:49.836,Nordic CS Reflector A,E2:13:07:97:B1:7E,0.69,2
1/18/2026 16:12:50.100,Nordic CS Reflector A,E2:13:07:97:B1:7E,0.69,2
1/18/2026 16:12:50.304,Nordic CS Reflector A,E2:13:07:97:B1:7E,0.69,2
1/18/2026 16:12:50.769,Nordic CS Reflector A,E2:13:07:97:B1:7E,0.69,2
1/18/2026 16:12:50.988,Nordic CS Reflector A,E2:13:07:97:B1:7E,0.69,2
1/18/2026 16:12:50.989,Nordic CS Reflector A,E2:13:07:97:B1:7E,0.69,2
1/18/2026 16:12:51.190,Nordic CS Reflector A,E2:13:07:97:B1:7E,0.69,2
1/18/2026 16:12:51.400,Nordic CS Reflector A,E2:13:07:97:B1:7E,0.65,2
1/18/2026 16:12:51.655,Nordic CS Reflector A,E2:13:07:97:B1:7E,0.69,2
1/18/2026 16:12:51.656,Nordic CS Reflector A,E2:13:07:97:B1:7E,0.69,2
1/18/2026 16:12:52.133,Nordic CS Reflector A,E2:13:07:97:B1:7E,0.73,2
1/18/2026 16:12:52.134,Nordic CS Reflector A,E2:13:07:97:B1:7E,0.73,2
1/18/2026 16:12:52.319,Nordic CS Reflector A,E2:13:07:97:B1:7E,0.73,2
1/18/2026 16:12:52.535,Nordic CS Reflector A,E2:13:07:97:B1:7E,0.73,2
1/18/2026 16:12:52.779,Nordic CS Reflector A,E2:13:07:97:B1:7E,0.69,2
1/18/2026 16:12:53.010,Nordic CS Reflector A,E2:13:07:97:B1:7E,0.69,2
1/18/2026 16:12:53.476,Nordic CS Reflector A,E2:13:07:97:B1:7E,0.73,2
1/18/2026 16:12:53.676,Nordic CS Reflector A,E2:13:07:97:B1:7E,0.73,2
1/18/2026 16:12:53.677,Nordic CS Reflector A,E2:13:07:97:B1:7E,0.73,2
1/18/2026 16:12:53.892,Nordic CS Reflector A,E2:13:07:97:B1:7E,0.65,2
1/18/2026 16:12:54.102,Nordic CS Reflector A,E2:13:07:97:B1:7E,0.58,2
1/18/2026 16:12:54.103,Nordic CS Reflector A,E2:13:07:97:B1:7E,0.58,2
1/18/2026 16:12:54.373,Nordic CS Reflector A,E2:13:07:97:B1:7E,0.58,2
1/18/2026 16:12:54.374,Nordic CS Reflector A,E2:13:07:97:B1:7E,0.58,2
1/18/2026 16:12:54.822,Nordic CS Reflector A,E2:13:07:97:B1:7E,0.65,2
1/18/2026 16:12:55.032,Nordic CS Reflector A,E2:13:07:97:B1:7E,0.69,2
1/18/2026 16:12:55.237,Nordic CS Reflector A,E2:13:07:97:B1:7E,0.73,2
1/18/2026 16:12:55.238,Nordic CS Reflector A,E2:13:07:97:B1:7E,0.73,2
1/18/2026 16:12:55.463,Nordic CS Reflector A,E2:13:07:97:B1:7E,0.73,2
1/18/2026 16:12:55.464,Nordic CS Reflector A,E2:13:07:97:B1:7E,0.73,2
1/18/2026 16:12:55.777,Nordic CS Reflector A,E2:13:07:97:B1:7E,0.73,2
1/18/2026 16:12:55.778,Nordic CS Reflector A,E2:13:07:97:B1:7E,0.73,2
1/18/2026 16:12:56.165,Nordic CS Reflector A,E2:13:07:97:B1:7E,0.76,2
1/18/2026 16:12:56.379,Nordic CS Reflector A,E2:13:07:97:B1:7E,0.76,2
1/18/2026 16:12:56.380,Nordic CS Reflector A,E2:13:07:97:B1:7E,0.76,2
1/18/2026 16:12:56.594,Nordic CS Reflector A,E2:13:07:97:B1:7E,0.73,2
1/18/2026 16:12:56.895,Nordic CS Reflector A,E2:13:07:97:B1:7E,0.73,2
1/18/2026 16:12:56.896,Nordic CS Reflector A,E2:13:07:97:B1:7E,0.73,2
1/18/2026 16:12:57.076,Nordic CS Reflector A,E2:13:07:97:B1:7E,0.73,2
1/18/2026 16:12:57.077,Nordic CS Reflector A,E2:13:07:97:B1:7E,0.73,2
1/18/2026 16:12:57.541,Nordic CS Reflector A,E2:13:07:97:B1:7E,0.65,2
1/18/2026 16:12:57.542,Nordic CS Reflector A,E2:13:07:97:B1:7E,0.65,2
1/18/2026 16:12:57.720,Nordic CS Reflector A,E2:13:07:97:B1:7E,0.65,2
1/18/2026 16:12:57.943,Nordic CS Reflector A,E2:13:07:97:B1:7E,0.65,2
1/18/2026 16:12:58.149,Nordic CS Reflector A,E2:13:07:97:B1:7E,0.69,2
1/18/2026 16:12:58.424,Nordic CS Reflector A,E2:13:07:97:B1:7E,0.73,2
1/18/2026 16:12:58.425,Nordic CS Reflector A,E2:13:07:97:B1:7E,0.73,2
1/18/2026 16:12:58.958,Nordic CS Reflector A,E2:13:07:97:B1:7E,0.69,2
1/18/2026 16:12:59.075,Nordic CS Reflector A,E2:13:07:97:B1:7E,0.69,2
1/18/2026 16:12:59.300,Nordic CS Reflector A,E2:13:07:97:B1:7E,0.58,2
1/18/2026 16:12:59.301,Nordic CS Reflector A,E2:13:07:97:B1:7E,0.58,2
1/18/2026 16:12:59.849,Nordic CS Reflector A,E2:13:07:97:B1:7E,0.62,2
1/18/2026 16:13:00.023,Nordic CS Reflector A,E2:13:07:97:B1:7E,0.62,2
1/18/2026 16:13:00.279,Nordic CS Reflector A,E2:13:07:97:B1:7E,0.62,2
1/18/2026 16:13:00.426,Nordic CS Reflector A,E2:13:07:97:B1:7E,0.62,2
1/18/2026 16:13:00.427,Nordic CS Reflector A,E2:13:07:97:B1:7E,0.62,2
1/18/2026 16:13:00.635,Nordic CS Reflector A,E2:13:07:97:B1:7E,0.62,2
1/18/2026 16:13:00.909,Nordic CS Reflector A,E2:13:07:97:B1:7E,0.62,2
1/18/2026 16:13:00.910,Nordic CS Reflector A,E2:13:07:97:B1:7E,0.62,2
1/18/2026 16:13:01.394,Nordic CS Reflector A,E2:13:07:97:B1:7E,0.69,2
1/18/2026 16:13:01.395,Nordic CS Reflector A,E2:13:07:97:B1:7E,0.69,2
1/18/2026 16:13:01.595,Nordic CS Reflector A,E2:13:07:97:B1:7E,0.69,2
1/18/2026 16:13:01.806,Nordic CS Reflector A,E2:13:07:97:B1:7E,0.69,2
1/18/2026 16:13:02.029,Nordic CS Reflector A,E2:13:07:97:B1:7E,0.69,2
1/18/2026 16:13:02.030,Nordic CS Reflector A,E2:13:07:97:B1:7E,0.69,2
1/18/2026 16:13:02.316,Nordic CS Reflector A,E2:13:07:97:B1:7E,0.73,2
1/18/2026 16:13:02.317,Nordic CS Reflector A,E2:13:07:97:B1:7E,0.73,2
1/18/2026 16:13:02.525,Nordic CS Reflector A,E2:13:07:97:B1:7E,0.73,2
1/18/2026 16:13:02.526,Nordic CS Reflector A,E2:13:07:97:B1:7E,0.73,2
1/18/2026 16:13:02.755,Nordic CS Reflector A,E2:13:07:97:B1:7E,0.69,2
1/18/2026 16:13:02.756,Nordic CS Reflector A,E2:13:07:97:B1:7E,0.69,2
1/18/2026 16:13:02.943,Nordic CS Reflector A,E2:13:07:97:B1:7E,0.58,2
1/18/2026 16:13:02.944,Nordic CS Reflector A,E2:13:07:97:B1:7E,0.58,2
1/18/2026 16:13:03.164,Nordic CS Reflector A,E2:13:07:97:B1:7E,0.58,2
1/18/2026 16:13:03.165,Nordic CS Reflector A,E2:13:07:97:B1:7E,0.58,2
1/18/2026 16:13:03.424,Nordic CS Reflector A,E2:13:07:97:B1:7E,0.69,2
1/18/2026 16:13:03.425,Nordic CS Reflector A,E2:13:07:97:B1:7E,0.69,2
1/18/2026 16:13:03.932,Nordic CS Reflector A,E2:13:07:97:B1:7E,0.76,2
1/18/2026 16:13:04.123,Nordic CS Reflector A,E2:13:07:97:B1:7E,0.69,2
1/18/2026 16:13:04.124,Nordic CS Reflector A,E2:13:07:97:B1:7E,0.69,2
1/18/2026 16:13:04.546,Nordic CS Reflector A,E2:13:07:97:B1:7E,0.65,2
1/18/2026 16:13:04.547,Nordic CS Reflector A,E2:13:07:97:B1:7E,0.65,2
1/18/2026 16:13:04.811,Nordic CS Reflector A,E2:13:07:97:B1:7E,0.62,2
1/18/2026 16:13:04.812,Nordic CS Reflector A,E2:13:07:97:B1:7E,0.62,2
1/18/2026 16:13:05.291,Nordic CS Reflector A,E2:13:07:97:B1:7E,0.62,2
1/18/2026 16:13:05.292,Nordic CS Reflector A,E2:13:07:97:B1:7E,0.62,2
1/18/2026 16:13:05.469,Nordic CS Reflector A,E2:13:07:97:B1:7E,0.69,2
1/18/2026 16:13:05.687,Nordic CS Reflector A,E2:13:07:97:B1:7E,0.69,2
1/18/2026 16:13:05.688,Nordic CS Reflector A,E2:13:07:97:B1:7E,0.69,2
1/18/2026 16:13:05.891,Nordic CS Reflector A,E2:13:07:97:B1:7E,0.69,2
1/18/2026 16:13:06.219,Nordic CS Reflector A,E2:13:07:97:B1:7E,0.73,2
1/18/2026 16:13:06.617,Nordic CS Reflector A,E2:13:07:97:B1:7E,0.62,2
1/18/2026 16:13:06.845,Nordic CS Reflector A,E2:13:07:97:B1:7E,0.62,2
1/18/2026 16:13:06.846,Nordic CS Reflector A,E2:13:07:97:B1:7E,0.62,2
1/18/2026 16:13:07.032,Nordic CS Reflector A,E2:13:07:97:B1:7E,0.62,2
1/18/2026 16:13:07.033,Nordic CS Reflector A,E2:13:07:97:B1:7E,0.62,2
1/18/2026 16:13:07.243,Nordic CS Reflector A,E2:13:07:97:B1:7E,0.65,2
1/18/2026 16:13:07.244,Nordic CS Reflector A,E2:13:07:97:B1:7E,0.65,2
1/18/2026 16:13:07.516,Nordic CS Reflector A,E2:13:07:97:B1:7E,0.76,2
1/18/2026 16:13:07.517,Nordic CS Reflector A,E2:13:07:97:B1:7E,0.76,2
1/18/2026 16:13:07.964,Nordic CS Reflector A,E2:13:07:97:B1:7E,0.73,2
1/18/2026 16:13:08.199,Nordic CS Reflector A,E2:13:07:97:B1:7E,0.73,2
1/18/2026 16:13:08.373,Nordic CS Reflector A,E2:13:07:97:B1:7E,0.73,2
1/18/2026 16:13:08.586,Nordic CS Reflector A,E2:13:07:97:B1:7E,0.65,2
1/18/2026 16:13:08.587,Nordic CS Reflector A,E2:13:07:97:B1:7E,0.65,2
1/18/2026 16:13:08.862,Nordic CS Reflector A,E2:13:07:97:B1:7E,0.73,2
1/18/2026 16:13:09.310,Nordic CS Reflector A,E2:13:07:97:B1:7E,0.69,2
1/18/2026 16:13:09.513,Nordic CS Reflector A,E2:13:07:97:B1:7E,0.69,2
1/18/2026 16:13:09.514,Nordic CS Reflector A,E2:13:07:97:B1:7E,0.69,2
1/18/2026 16:13:09.736,Nordic CS Reflector A,E2:13:07:97:B1:7E,0.69,2
1/18/2026 16:13:09.939,Nordic CS Reflector A,E2:13:07:97:B1:7E,0.65,2
1/18/2026 16:13:10.197,Nordic CS Reflector A,E2:13:07:97:B1:7E,0.65,2
1/18/2026 16:13:10.689,Nordic CS Reflector A,E2:13:07:97:B1:7E,0.65,2
1/18/2026 16:13:10.969,Nordic CS Reflector A,E2:13:07:97:B1:7E,0.69,2
1/18/2026 16:13:11.165,Nordic CS Reflector A,E2:13:07:97:B1:7E,0.69,2
1/18/2026 16:13:11.166,Nordic CS Reflector A,E2:13:07:97:B1:7E,0.69,2
1/18/2026 16:13:11.316,Nordic CS Reflector A,E2:13:07:97:B1:7E,0.65,2
1/18/2026 16:13:11.583,Nordic CS Reflector A,E2:13:07:97:B1:7E,0.58,2
1/18/2026 16:13:12.079,Nordic CS Reflector A,E2:13:07:97:B1:7E,0.65,2
1/18/2026 16:13:12.285,Nordic CS Reflector A,E2:13:07:97:B1:7E,0.69,2
1/18/2026 16:13:12.286,Nordic CS Reflector A,E2:13:07:97:B1:7E,0.69,2
1/18/2026 16:13:12.497,Nordic CS Reflector A,E2:13:07:97:B1:7E,0.69,2
1/18/2026 16:13:12.498,Nordic CS Reflector A,E2:13:07:97:B1:7E,0.69,2
1/18/2026 16:13:12.694,Nordic CS Reflector A,E2:13:07:97:B1:7E,0.65,2
1/18/2026 16:13:12.970,Nordic CS Reflector A,E2:13:07:97:B1:7E,0.65,2
1/18/2026 16:13:12.971,Nordic CS Reflector A,E2:13:07:97:B1:7E,0.65,2
1/18/2026 16:13:13.418,Nordic CS Reflector A,E2:13:07:97:B1:7E,0.69,2
1/18/2026 16:13:13.419,Nordic CS Reflector A,E2:13:07:97:B1:7E,0.69,2
1/18/2026 16:13:13.631,Nordic CS Reflector A,E2:13:07:97:B1:7E,0.69,2
1/18/2026 16:13:13.632,Nordic CS Reflector A,E2:13:07:97:B1:7E,0.69,2
1/18/2026 16:13:13.830,Nordic CS Reflector A,E2:13:07:97:B1:7E,0.65,2
1/18/2026 16:13:13.831,Nordic CS Reflector A,E2:13:07:97:B1:7E,0.65,2
1/18/2026 16:13:14.036,Nordic CS Reflector A,E2:13:07:97:B1:7E,0.65,2
1/18/2026 16:13:14.037,Nordic CS Reflector A,E2:13:07:97:B1:7E,0.65,2
1/18/2026 16:13:14.797,Nordic CS Reflector A,E2:13:07:97:B1:7E,0.65,2
1/18/2026 16:13:15.002,Nordic CS Reflector A,E2:13:07:97:B1:7E,0.65,2
1/18/2026 16:13:15.215,Nordic CS Reflector A,E2:13:07:97:B1:7E,0.62,2
1/18/2026 16:13:15.216,Nordic CS Reflector A,E2:13:07:97:B1:7E,0.62,2
1/18/2026 16:13:15.425,Nordic CS Reflector A,E2:13:07:97:B1:7E,0.62,2
1/18/2026 16:13:15.426,Nordic CS Reflector A,E2:13:07:97:B1:7E,0.62,2
1/18/2026 16:13:15.784,Nordic CS Reflector A,E2:13:07:97:B1:7E,0.62,2
1/18/2026 16:13:15.937,Nordic CS Reflector A,E2:13:07:97:B1:7E,0.62,2
1/18/2026 16:13:16.159,Nordic CS Reflector A,E2:13:07:97:B1:7E,0.62,2
1/18/2026 16:13:16.160,Nordic CS Reflector A,E2:13:07:97:B1:7E,0.62,2
1/18/2026 16:13:16.388,Nordic CS Reflector A,E2:13:07:97:B1:7E,0.62,2
1/18/2026 16:13:16.389,Nordic CS Reflector A,E2:13:07:97:B1:7E,0.62,2
1/18/2026 16:13:16.572,Nordic CS Reflector A,E2:13:07:97:B1:7E,0.65,2
1/18/2026 16:13:16.835,Nordic CS Reflector A,E2:13:07:97:B1:7E,0.65,2
1/18/2026 16:13:17.287,Nordic CS Reflector A,E2:13:07:97:B1:7E,0.65,2
1/18/2026 16:13:17.288,Nordic CS Reflector A,E2:13:07:97:B1:7E,0.65,2
1/18/2026 16:13:17.502,Nordic CS Reflector A,E2:13:07:97:B1:7E,0.62,2
1/18/2026 16:13:17.503,Nordic CS Reflector A,E2:13:07:97:B1:7E,0.62,2
1/18/2026 16:13:17.719,Nordic CS Reflector A,E2:13:07:97:B1:7E,0.58,2
1/18/2026 16:13:17.720,Nordic CS Reflector A,E2:13:07:97:B1:7E,0.58,2
1/18/2026 16:13:17.917,Nordic CS Reflector A,E2:13:07:97:B1:7E,0.58,2
1/18/2026 16:13:18.186,Nordic CS Reflector A,E2:13:07:97:B1:7E,0.58,2
1/18/2026 16:13:18.721,Nordic CS Reflector A,E2:13:07:97:B1:7E,0.62,2
1/18/2026 16:13:18.881,Nordic CS Reflector A,E2:13:07:97:B1:7E,0.54,2
1/18/2026 16:13:18.882,Nordic CS Reflector A,E2:13:07:97:B1:7E,0.54,2
1/18/2026 16:13:19.119,Nordic CS Reflector A,E2:13:07:97:B1:7E,0.62,2
1/18/2026 16:13:19.409,Nordic CS Reflector A,E2:13:07:97:B1:7E,0.54,2
1/18/2026 16:13:19.410,Nordic CS Reflector A,E2:13:07:97:B1:7E,0.54,2
1/18/2026 16:13:19.566,Nordic CS Reflector A,E2:13:07:97:B1:7E,0.58,2
1/18/2026 16:13:19.567,Nordic CS Reflector A,E2:13:07:97:B1:7E,0.58,2
1/18/2026 16:13:20.051,Nordic CS Reflector A,E2:13:07:97:B1:7E,0.58,2
1/18/2026 16:13:20.052,Nordic CS Reflector A,E2:13:07:97:B1:7E,0.58,2
1/18/2026 16:13:20.256,Nordic CS Reflector A,E2:13:07:97:B1:7E,0.58,2
1/18/2026 16:13:20.257,Nordic CS Reflector A,E2:13:07:97:B1:7E,0.58,2
1/18/2026 16:13:20.469,Nordic CS Reflector A,E2:13:07:97:B1:7E,0.62,2
1/18/2026 16:13:20.688,Nordic CS Reflector A,E2:13:07:97:B1:7E,0.62,2
1/18/2026 16:13:20.689,Nordic CS Reflector A,E2:13:07:97:B1:7E,0.62,2
1/18/2026 16:13:20.952,Nordic CS Reflector A,E2:13:07:97:B1:7E,0.62,2
1/18/2026 16:13:20.953,Nordic CS Reflector A,E2:13:07:97:B1:7E,0.62,2
1/18/2026 16:13:21.390,Nordic CS Reflector A,E2:13:07:97:B1:7E,0.65,2
1/18/2026 16:13:21.609,Nordic CS Reflector A,E2:13:07:97:B1:7E,0.65,2
1/18/2026 16:13:21.610,Nordic CS Reflector A,E2:13:07:97:B1:7E,0.65,2
1/18/2026 16:13:21.612,Nordic CS Reflector A,E2:13:07:97:B1:7E,0.65,2
1/18/2026 16:13:21.850,Nordic CS Reflector A,E2:13:07:97:B1:7E,0.65,2
1/18/2026 16:13:22.040,Nordic CS Reflector A,E2:13:07:97:B1:7E,0.54,2
1/18/2026 16:13:22.041,Nordic CS Reflector A,E2:13:07:97:B1:7E,0.54,2
1/18/2026 16:13:22.301,Nordic CS Reflector A,E2:13:07:97:B1:7E,0.54,2
1/18/2026 16:13:22.302,Nordic CS Reflector A,E2:13:07:97:B1:7E,0.54,2
1/18/2026 16:13:22.744,Nordic CS Reflector A,E2:13:07:97:B1:7E,0.58,2
1/18/2026 16:13:22.745,Nordic CS Reflector A,E2:13:07:97:B1:7E,0.58,2
1/18/2026 16:13:22.965,Nordic CS Reflector A,E2:13:07:97:B1:7E,0.58,2
1/18/2026 16:13:23.386,Nordic CS Reflector A,E2:13:07:97:B1:7E,0.58,2
1/18/2026 16:13:23.651,Nordic CS Reflector A,E2:13:07:97:B1:7E,0.62,2
1/18/2026 16:13:24.096,Nordic CS Reflector A,E2:13:07:97:B1:7E,0.62,2
1/18/2026 16:13:24.302,Nordic CS Reflector A,E2:13:07:97:B1:7E,0.65,2
1/18/2026 16:13:24.303,Nordic CS Reflector A,E2:13:07:97:B1:7E,0.65,2
1/18/2026 16:13:24.510,Nordic CS Reflector A,E2:13:07:97:B1:7E,0.65,2
1/18/2026 16:13:24.511,Nordic CS Reflector A,E2:13:07:97:B1:7E,0.65,2
1/18/2026 16:13:24.728,Nordic CS Reflector A,E2:13:07:97:B1:7E,0.65,2
1/18/2026 16:13:24.729,Nordic CS Reflector A,E2:13:07:97:B1:7E,0.65,2
1/18/2026 16:13:24.998,Nordic CS Reflector A,E2:13:07:97:B1:7E,0.65,2
1/18/2026 16:13:24.999,Nordic CS Reflector A,E2:13:07:97:B1:7E,0.65,2
1/18/2026 16:13:25.460,Nordic CS Reflector A,E2:13:07:97:B1:7E,0.62,2
1/18/2026 16:13:25.461,Nordic CS Reflector A,E2:13:07:97:B1:7E,0.62,2
1/18/2026 16:13:25.666,Nordic CS Reflector A,E2:13:07:97:B1:7E,0.54,2
1/18/2026 16:13:25.874,Nordic CS Reflector A,E2:13:07:97:B1:7E,0.51,2
1/18/2026 16:13:26.082,Nordic CS Reflector A,E2:13:07:97:B1:7E,0.51,2
1/18/2026 16:13:26.342,Nordic CS Reflector A,E2:13:07:97:B1:7E,0.58,2
1/18/2026 16:13:26.343,Nordic CS Reflector A,E2:13:07:97:B1:7E,0.58,2
1/18/2026 16:13:26.796,Nordic CS Reflector A,E2:13:07:97:B1:7E,0.62,2
1/18/2026 16:13:26.797,Nordic CS Reflector A,E2:13:07:97:B1:7E,0.62,2
1/18/2026 16:13:27.041,Nordic CS Reflector A,E2:13:07:97:B1:7E,0.62,2
1/18/2026 16:13:27.221,Nordic CS Reflector A,E2:13:07:97:B1:7E,0.62,2
1/18/2026 16:13:27.428,Nordic CS Reflector A,E2:13:07:97:B1:7E,0.65,2
1/18/2026 16:13:27.429,Nordic CS Reflector A,E2:13:07:97:B1:7E,0.65,2
1/18/2026 16:13:27.701,Nordic CS Reflector A,E2:13:07:97:B1:7E,0.58,2
1/18/2026 16:13:27.702,Nordic CS Reflector A,E2:13:07:97:B1:7E,0.58,2
1/18/2026 16:13:28.148,Nordic CS Reflector A,E2:13:07:97:B1:7E,0.62,2
1/18/2026 16:13:28.352,Nordic CS Reflector A,E2:13:07:97:B1:7E,0.62,2
1/18/2026 16:13:28.565,Nordic CS Reflector A,E2:13:07:97:B1:7E,0.62,2
1/18/2026 16:13:28.788,Nordic CS Reflector A,E2:13:07:97:B1:7E,0.58,2
1/18/2026 16:13:28.789,Nordic CS Reflector A,E2:13:07:97:B1:7E,0.58,2
1/18/2026 16:13:29.049,Nordic CS Reflector A,E2:13:07:97:B1:7E,0.58,2
1/18/2026 16:13:29.050,Nordic CS Reflector A,E2:13:07:97:B1:7E,0.58,2
1/18/2026 16:13:29.500,Nordic CS Reflector A,E2:13:07:97:B1:7E,0.58,2
1/18/2026 16:13:29.715,Nordic CS Reflector A,E2:13:07:97:B1:7E,0.58,2
1/18/2026 16:13:29.716,Nordic CS Reflector A,E2:13:07:97:B1:7E,0.58,2
1/18/2026 16:13:29.912,Nordic CS Reflector A,E2:13:07:97:B1:7E,0.58,2
1/18/2026 16:13:29.913,Nordic CS Reflector A,E2:13:07:97:B1:7E,0.58,2
1/18/2026 16:13:30.123,Nordic CS Reflector A,E2:13:07:97:B1:7E,0.54,2
1/18/2026 16:13:30.918,Nordic CS Reflector A,E2:13:07:97:B1:7E,0.47,2
1/18/2026 16:13:30.919,Nordic CS Reflector A,E2:13:07:97:B1:7E,0.47,2
1/18/2026 16:13:31.058,Nordic CS Reflector A,E2:13:07:97:B1:7E,0.51,2
1/18/2026 16:13:31.307,Nordic CS Reflector A,E2:13:07:97:B1:7E,0.51,2
1/18/2026 16:13:31.488,Nordic CS Reflector A,E2:13:07:97:B1:7E,0.54,2
1/18/2026 16:13:31.489,Nordic CS Reflector A,E2:13:07:97:B1:7E,0.54,2
1/18/2026 16:13:31.746,Nordic CS Reflector A,E2:13:07:97:B1:7E,0.54,2
1/18/2026 16:13:31.747,Nordic CS Reflector A,E2:13:07:97:B1:7E,0.54,2
1/18/2026 16:13:32.206,Nordic CS Reflector A,E2:13:07:97:B1:7E,0.58,2
1/18/2026 16:13:32.464,Nordic CS Reflector A,E2:13:07:97:B1:7E,0.69,2
1/18/2026 16:13:32.657,Nordic CS Reflector A,E2:13:07:97:B1:7E,0.69,2
1/18/2026 16:13:32.658,Nordic CS Reflector A,E2:13:07:97:B1:7E,0.69,2
1/18/2026 16:13:32.820,Nordic CS Reflector A,E2:13:07:97:B1:7E,0.69,2
1/18/2026 16:13:32.821,Nordic CS Reflector A,E2:13:07:97:B1:7E,0.69,2
1/18/2026 16:13:33.089,Nordic CS Reflector A,E2:13:07:97:B1:7E,0.69,2
1/18/2026 16:13:33.545,Nordic CS Reflector A,E2:13:07:97:B1:7E,0.69,2
1/18/2026 16:13:33.765,Nordic CS Reflector A,E2:13:07:97:B1:7E,0.65,2
1/18/2026 16:13:33.974,Nordic CS Reflector A,E2:13:07:97:B1:7E,0.58,2
1/18/2026 16:13:34.216,Nordic CS Reflector A,E2:13:07:97:B1:7E,0.58,2
1/18/2026 16:13:34.217,Nordic CS Reflector A,E2:13:07:97:B1:7E,0.58,2
1/18/2026 16:13:34.474,Nordic CS Reflector A,E2:13:07:97:B1:7E,0.54,2
1/18/2026 16:13:34.908,Nordic CS Reflector A,E2:13:07:97:B1:7E,0.54,2
1/18/2026 16:13:34.909,Nordic CS Reflector A,E2:13:07:97:B1:7E,0.54,2
1/18/2026 16:13:35.173,Nordic CS Reflector A,E2:13:07:97:B1:7E,0.69,2
1/18/2026 16:13:35.174,Nordic CS Reflector A,E2:13:07:97:B1:7E,0.69,2
1/18/2026 16:13:35.318,Nordic CS Reflector A,E2:13:07:97:B1:7E,0.69,2
1/18/2026 16:13:35.529,Nordic CS Reflector A,E2:13:07:97:B1:7E,0.69,2
1/18/2026 16:13:35.530,Nordic CS Reflector A,E2:13:07:97:B1:7E,0.69,2
1/18/2026 16:13:35.801,Nordic CS Reflector A,E2:13:07:97:B1:7E,0.62,2
1/18/2026 16:13:35.802,Nordic CS Reflector A,E2:13:07:97:B1:7E,0.62,2
1/18/2026 16:13:36.268,Nordic CS Reflector A,E2:13:07:97:B1:7E,0.69,2
1/18/2026 16:13:36.269,Nordic CS Reflector A,E2:13:07:97:B1:7E,0.69,2
1/18/2026 16:13:36.457,Nordic CS Reflector A,E2:13:07:97:B1:7E,0.69,2
1/18/2026 16:13:36.458,Nordic CS Reflector A,E2:13:07:97:B1:7E,0.69,2
1/18/2026 16:13:36.669,Nordic CS Reflector A,E2:13:07:97:B1:7E,0.69,2
1/18/2026 16:13:36.934,Nordic CS Reflector A,E2:13:07:97:B1:7E,0.69,2
1/18/2026 16:13:37.148,Nordic CS Reflector A,E2:13:07:97:B1:7E,0.65,2
1/18/2026 16:13:37.149,Nordic CS Reflector A,E2:13:07:97:B1:7E,0.65,2
1/18/2026 16:13:37.150,Nordic CS Reflector A,E2:13:07:97:B1:7E,0.65,2
1/18/2026 16:13:37.632,Nordic CS Reflector A,E2:13:07:97:B1:7E,0.58,2
1/18/2026 16:13:37.840,Nordic CS Reflector A,E2:13:07:97:B1:7E,0.65,2
1/18/2026 16:13:37.841,Nordic CS Reflector A,E2:13:07:97:B1:7E,0.65,2
1/18/2026 16:13:38.048,Nordic CS Reflector A,E2:13:07:97:B1:7E,0.58,2
1/18/2026 16:13:38.049,Nordic CS Reflector A,E2:13:07:97:B1:7E,0.58,2
1/18/2026 16:13:38.262,Nordic CS Reflector A,E2:13:07:97:B1:7E,0.65,2
1/18/2026 16:13:38.524,Nordic CS Reflector A,E2:13:07:97:B1:7E,0.69,2
1/18/2026 16:13:39.136,Nordic CS Reflector A,E2:13:07:97:B1:7E,0.69,2
1/18/2026 16:13:39.137,Nordic CS Reflector A,E2:13:07:97:B1:7E,0.69,2
1/18/2026 16:13:39.352,Nordic CS Reflector A,E2:13:07:97:B1:7E,0.58,2
1/18/2026 16:13:39.353,Nordic CS Reflector A,E2:13:07:97:B1:7E,0.58,2
1/18/2026 16:13:39.494,Nordic CS Reflector A,E2:13:07:97:B1:7E,0.58,2
1/18/2026 16:13:39.495,Nordic CS Reflector A,E2:13:07:97:B1:7E,0.58,2
1/18/2026 16:13:39.707,Nordic CS Reflector A,E2:13:07:97:B1:7E,0.58,2
1/18/2026 16:13:39.973,Nordic CS Reflector A,E2:13:07:97:B1:7E,0.62,2
1/18/2026 16:13:40.421,Nordic CS Reflector A,E2:13:07:97:B1:7E,0.65,2
1/18/2026 16:13:40.422,Nordic CS Reflector A,E2:13:07:97:B1:7E,0.65,2
1/18/2026 16:13:40.629,Nordic CS Reflector A,E2:13:07:97:B1:7E,0.65,2
1/18/2026 16:13:40.630,Nordic CS Reflector A,E2:13:07:97:B1:7E,0.65,2
1/18/2026 16:13:40.865,Nordic CS Reflector A,E2:13:07:97:B1:7E,0.69,2
1/18/2026 16:13:41.049,Nordic CS Reflector A,E2:13:07:97:B1:7E,0.69,2
1/18/2026 16:13:41.050,Nordic CS Reflector A,E2:13:07:97:B1:7E,0.69,2
1/18/2026 16:13:41.321,Nordic CS Reflector A,E2:13:07:97:B1:7E,0.69,2
1/18/2026 16:13:41.771,Nordic CS Reflector A,E2:13:07:97:B1:7E,0.69,2
1/18/2026 16:13:41.772,Nordic CS Reflector A,E2:13:07:97:B1:7E,0.69,2
1/18/2026 16:13:41.978,Nordic CS Reflector A,E2:13:07:97:B1:7E,0.65,2
1/18/2026 16:13:41.979,Nordic CS Reflector A,E2:13:07:97:B1:7E,0.65,2
1/18/2026 16:13:42.181,Nordic CS Reflector A,E2:13:07:97:B1:7E,0.65,2
1/18/2026 16:13:42.182,Nordic CS Reflector A,E2:13:07:97:B1:7E,0.65,2
1/18/2026 16:13:42.183,Nordic CS Reflector A,E2:13:07:97:B1:7E,0.65,2
1/18/2026 16:13:42.395,Nordic CS Reflector A,E2:13:07:97:B1:7E,0.62,2
1/18/2026 16:13:42.730,Nordic CS Reflector A,E2:13:07:97:B1:7E,0.62,2
1/18/2026 16:13:43.148,Nordic CS Reflector A,E2:13:07:97:B1:7E,0.62,2
1/18/2026 16:13:43.149,Nordic CS Reflector A,E2:13:07:97:B1:7E,0.62,2
1/18/2026 16:13:43.424,Nordic CS Reflector A,E2:13:07:97:B1:7E,0.62,2
1/18/2026 16:13:43.581,Nordic CS Reflector A,E2:13:07:97:B1:7E,0.62,2
1/18/2026 16:13:43.582,Nordic CS Reflector A,E2:13:07:97:B1:7E,0.62,2
1/18/2026 16:13:43.786,Nordic CS Reflector A,E2:13:07:97:B1:7E,0.62,2
1/18/2026 16:13:44.072,Nordic CS Reflector A,E2:13:07:97:B1:7E,0.62,2
1/18/2026 16:13:44.322,Nordic CS Reflector A,E2:13:07:97:B1:7E,0.65,2
1/18/2026 16:13:44.499,Nordic CS Reflector A,E2:13:07:97:B1:7E,0.65,2
1/18/2026 16:13:44.702,Nordic CS Reflector A,E2:13:07:97:B1:7E,0.51,2
1/18/2026 16:13:44.908,Nordic CS Reflector A,E2:13:07:97:B1:7E,0.51,2
1/18/2026 16:13:44.909,Nordic CS Reflector A,E2:13:07:97:B1:7E,0.51,2
1/18/2026 16:13:45.179,Nordic CS Reflector A,E2:13:07:97:B1:7E,0.54,2
1/18/2026 16:13:45.637,Nordic CS Reflector A,E2:13:07:97:B1:7E,0.54,2
1/18/2026 16:13:45.638,Nordic CS Reflector A,E2:13:07:97:B1:7E,0.54,2
1/18/2026 16:13:45.930,Nordic CS Reflector A,E2:13:07:97:B1:7E,0.54,2
1/18/2026 16:13:45.931,Nordic CS Reflector A,E2:13:07:97:B1:7E,0.54,2
1/18/2026 16:13:46.051,Nordic CS Reflector A,E2:13:07:97:B1:7E,0.73,2
1/18/2026 16:13:46.052,Nordic CS Reflector A,E2:13:07:97:B1:7E,0.73,2
1/18/2026 16:13:46.263,Nordic CS Reflector A,E2:13:07:97:B1:7E,0.73,2
1/18/2026 16:13:46.264,Nordic CS Reflector A,E2:13:07:97:B1:7E,0.73,2
1/18/2026 16:13:46.602,Nordic CS Reflector A,E2:13:07:97:B1:7E,0.65,2
1/18/2026 16:13:46.990,Nordic CS Reflector A,E2:13:07:97:B1:7E,0.58,2
1/18/2026 16:13:47.197,Nordic CS Reflector A,E2:13:07:97:B1:7E,0.65,2
1/18/2026 16:13:47.198,Nordic CS Reflector A,E2:13:07:97:B1:7E,0.65,2
1/18/2026 16:13:47.406,Nordic CS Reflector A,E2:13:07:97:B1:7E,0.69,2
1/18/2026 16:13:47.407,Nordic CS Reflector A,E2:13:07:97:B1:7E,0.69,2
1/18/2026 16:13:47.624,Nordic CS Reflector A,E2:13:07:97:B1:7E,0.69,2
1/18/2026 16:13:47.625,Nordic CS Reflector A,E2:13:07:97:B1:7E,0.69,2
1/18/2026 16:13:47.888,Nordic CS Reflector A,E2:13:07:97:B1:7E,0.58,2
1/18/2026 16:13:47.889,Nordic CS Reflector A,E2:13:07:97:B1:7E,0.58,2
1/18/2026 16:13:48.365,Nordic CS Reflector A,E2:13:07:97:B1:7E,0.58,2
1/18/2026 16:13:48.366,Nordic CS Reflector A,E2:13:07:97:B1:7E,0.58,2
1/18/2026 16:13:48.582,Nordic CS Reflector A,E2:13:07:97:B1:7E,0.58,2
1/18/2026 16:13:48.583,Nordic CS Reflector A,E2:13:07:97:B1:7E,0.58,2
1/18/2026 16:13:48.792,Nordic CS Reflector A,E2:13:07:97:B1:7E,0.65,2
1/18/2026 16:13:48.793,Nordic CS Reflector A,E2:13:07:97:B1:7E,0.65,2
1/18/2026 16:13:48.999,Nordic CS Reflector A,E2:13:07:97:B1:7E,0.65,2
1/18/2026 16:13:49.260,Nordic CS Reflector A,E2:13:07:97:B1:7E,0.58,2
1/18/2026 16:13:49.261,Nordic CS Reflector A,E2:13:07:97:B1:7E,0.58,2
1/18/2026 16:13:49.727,Nordic CS Reflector A,E2:13:07:97:B1:7E,0.54,2
1/18/2026 16:13:49.728,Nordic CS Reflector A,E2:13:07:97:B1:7E,0.54,2
1/18/2026 16:13:49.922,Nordic CS Reflector A,E2:13:07:97:B1:7E,0.54,2
1/18/2026 16:13:50.137,Nordic CS Reflector A,E2:13:07:97:B1:7E,0.58,2
1/18/2026 16:13:50.388,Nordic CS Reflector A,E2:13:07:97:B1:7E,0.58,2
1/18/2026 16:13:50.389,Nordic CS Reflector A,E2:13:07:97:B1:7E,0.58,2
1/18/2026 16:13:50.618,Nordic CS Reflector A,E2:13:07:97:B1:7E,0.62,2
1/18/2026 16:13:50.620,Nordic CS Reflector A,E2:13:07:97:B1:7E,0.62,2
1/18/2026 16:13:51.073,Nordic CS Reflector A,E2:13:07:97:B1:7E,0.62,2
1/18/2026 16:13:51.074,Nordic CS Reflector A,E2:13:07:97:B1:7E,0.62,2
1/18/2026 16:13:51.275,Nordic CS Reflector A,E2:13:07:97:B1:7E,0.51,2
1/18/2026 16:13:51.276,Nordic CS Reflector A,E2:13:07:97:B1:7E,0.51,2
1/18/2026 16:13:51.498,Nordic CS Reflector A,E2:13:07:97:B1:7E,0.51,2
1/18/2026 16:13:51.499,Nordic CS Reflector A,E2:13:07:97:B1:7E,0.51,2
1/18/2026 16:13:51.767,Nordic CS Reflector A,E2:13:07:97:B1:7E,0.58,2
1/18/2026 16:13:51.768,Nordic CS Reflector A,E2:13:07:97:B1:7E,0.58,2
1/18/2026 16:13:51.971,Nordic CS Reflector A,E2:13:07:97:B1:7E,0.62,2
1/18/2026 16:13:51.972,Nordic CS Reflector A,E2:13:07:97:B1:7E,0.62,2
1/18/2026 16:13:52.423,Nordic CS Reflector A,E2:13:07:97:B1:7E,0.69,2
1/18/2026 16:13:52.621,Nordic CS Reflector A,E2:13:07:97:B1:7E,0.69,2
1/18/2026 16:13:52.622,Nordic CS Reflector A,E2:13:07:97:B1:7E,0.69,2
1/18/2026 16:13:52.828,Nordic CS Reflector A,E2:13:07:97:B1:7E,0.62,2
1/18/2026 16:13:53.107,Nordic CS Reflector A,E2:13:07:97:B1:7E,0.62,2
1/18/2026 16:13:53.108,Nordic CS Reflector A,E2:13:07:97:B1:7E,0.62,2
1/18/2026 16:13:53.342,Nordic CS Reflector A,E2:13:07:97:B1:7E,0.62,2
1/18/2026 16:13:53.343,Nordic CS Reflector A,E2:13:07:97:B1:7E,0.62,2
1/18/2026 16:13:53.818,Nordic CS Reflector A,E2:13:07:97:B1:7E,0.65,2
1/18/2026 16:13:53.971,Nordic CS Reflector A,E2:13:07:97:B1:7E,0.65,2
1/18/2026 16:13:54.235,Nordic CS Reflector A,E2:13:07:97:B1:7E,0.69,2
1/18/2026 16:13:54.456,Nordic CS Reflector A,E2:13:07:97:B1:7E,0.69,2
1/18/2026 16:13:54.457,Nordic CS Reflector A,E2:13:07:97:B1:7E,0.69,2
1/18/2026 16:13:54.676,Nordic CS Reflector A,E2:13:07:97:B1:7E,0.69,2
1/18/2026 16:13:54.677,Nordic CS Reflector A,E2:13:07:97:B1:7E,0.69,2
1/18/2026 16:13:55.329,Nordic CS Reflector A,E2:13:07:97:B1:7E,0.65,2
1/18/2026 16:13:55.330,Nordic CS Reflector A,E2:13:07:97:B1:7E,0.65,2
1/18/2026 16:13:55.653,Nordic CS Reflector A,E2:13:07:97:B1:7E,0.58,2
1/18/2026 16:13:55.654,Nordic CS Reflector A,E2:13:07:97:B1:7E,0.58,2
1/18/2026 16:13:55.840,Nordic CS Reflector A,E2:13:07:97:B1:7E,0.58,2
1/18/2026 16:13:55.841,Nordic CS Reflector A,E2:13:07:97:B1:7E,0.58,2
1/18/2026 16:13:56.024,Nordic CS Reflector A,E2:13:07:97:B1:7E,0.65,2
1/18/2026 16:13:56.459,Nordic CS Reflector A,E2:13:07:97:B1:7E,0.69,2
1/18/2026 16:13:56.460,Nordic CS Reflector A,E2:13:07:97:B1:7E,0.69,2
1/18/2026 16:13:56.690,Nordic CS Reflector A,E2:13:07:97:B1:7E,0.69,2
1/18/2026 16:13:56.691,Nordic CS Reflector A,E2:13:07:97:B1:7E,0.69,2
1/18/2026 16:13:56.948,Nordic CS Reflector A,E2:13:07:97:B1:7E,0.76,2
1/18/2026 16:13:57.118,Nordic CS Reflector A,E2:13:07:97:B1:7E,0.76,2
1/18/2026 16:13:57.429,Nordic CS Reflector A,E2:13:07:97:B1:7E,0.76,2
1/18/2026 16:13:57.430,Nordic CS Reflector A,E2:13:07:97:B1:7E,0.76,2
1/18/2026 16:13:57.823,Nordic CS Reflector A,E2:13:07:97:B1:7E,0.73,2
1/18/2026 16:13:58.030,Nordic CS Reflector A,E2:13:07:97:B1:7E,0.73,2
1/18/2026 16:13:58.031,Nordic CS Reflector A,E2:13:07:97:B1:7E,0.73,2
1/18/2026 16:13:58.327,Nordic CS Reflector A,E2:13:07:97:B1:7E,0.69,2
1/18/2026 16:13:58.444,Nordic CS Reflector A,E2:13:07:97:B1:7E,0.69,2
1/18/2026 16:13:58.712,Nordic CS Reflector A,E2:13:07:97:B1:7E,0.62,2
1/18/2026 16:13:59.167,Nordic CS Reflector A,E2:13:07:97:B1:7E,0.73,2
1/18/2026 16:13:59.168,Nordic CS Reflector A,E2:13:07:97:B1:7E,0.73,2
1/18/2026 16:13:59.375,Nordic CS Reflector A,E2:13:07:97:B1:7E,0.73,2
1/18/2026 16:13:59.591,Nordic CS Reflector A,E2:13:07:97:B1:7E,0.73,2
1/18/2026 16:13:59.816,Nordic CS Reflector A,E2:13:07:97:B1:7E,0.73,2
1/18/2026 16:14:00.072,Nordic CS Reflector A,E2:13:07:97:B1:7E,0.69,2
1/18/2026 16:14:00.523,Nordic CS Reflector A,E2:13:07:97:B1:7E,0.69,2
1/18/2026 16:14:00.766,Nordic CS Reflector A,E2:13:07:97:B1:7E,0.69,2
1/18/2026 16:14:00.767,Nordic CS Reflector A,E2:13:07:97:B1:7E,0.69,2
1/18/2026 16:14:00.942,Nordic CS Reflector A,E2:13:07:97:B1:7E,0.69,2
1/18/2026 16:14:01.144,Nordic CS Reflector A,E2:13:07:97:B1:7E,0.69,2
1/18/2026 16:14:01.435,Nordic CS Reflector A,E2:13:07:97:B1:7E,0.65,2
1/18/2026 16:14:01.436,Nordic CS Reflector A,E2:13:07:97:B1:7E,0.65,2
1/18/2026 16:14:01.877,Nordic CS Reflector A,E2:13:07:97:B1:7E,0.73,2
1/18/2026 16:14:01.878,Nordic CS Reflector A,E2:13:07:97:B1:7E,0.73,2
1/18/2026 16:14:02.078,Nordic CS Reflector A,E2:13:07:97:B1:7E,0.65,2
1/18/2026 16:14:02.079,Nordic CS Reflector A,E2:13:07:97:B1:7E,0.65,2
1/18/2026 16:14:02.501,Nordic CS Reflector A,E2:13:07:97:B1:7E,0.62,2
1/18/2026 16:14:02.712,Nordic CS Reflector A,E2:13:07:97:B1:7E,0.54,2
1/18/2026 16:14:03.101,Nordic CS Reflector A,E2:13:07:97:B1:7E,0.54,2
1/18/2026 16:14:03.792,Nordic CS Reflector A,E2:13:07:97:B1:7E,0.58,2
1/18/2026 16:14:04.001,Nordic CS Reflector A,E2:13:07:97:B1:7E,0.62,2
1/18/2026 16:14:04.002,Nordic CS Reflector A,E2:13:07:97:B1:7E,0.62,2
1/18/2026 16:14:04.478,Nordic CS Reflector A,E2:13:07:97:B1:7E,0.62,2
1/18/2026 16:14:04.661,Nordic CS Reflector A,E2:13:07:97:B1:7E,0.65,2
1/18/2026 16:14:04.878,Nordic CS Reflector A,E2:13:07:97:B1:7E,0.65,2
1/18/2026 16:14:04.879,Nordic CS Reflector A,E2:13:07:97:B1:7E,0.65,2
1/18/2026 16:14:05.087,Nordic CS Reflector A,E2:13:07:97:B1:7E,0.62,2
1/18/2026 16:14:05.345,Nordic CS Reflector A,E2:13:07:97:B1:7E,0.62,2
1/18/2026 16:14:05.853,Nordic CS Reflector A,E2:13:07:97:B1:7E,0.58,2
1/18/2026 16:14:05.854,Nordic CS Reflector A,E2:13:07:97:B1:7E,0.58,2
1/18/2026 16:14:06.011,Nordic CS Reflector A,E2:13:07:97:B1:7E,0.58,2
1/18/2026 16:14:06.274,Nordic CS Reflector A,E2:13:07:97:B1:7E,0.58,2
1/18/2026 16:14:06.414,Nordic CS Reflector A,E2:13:07:97:B1:7E,0.58,2
1/18/2026 16:14:06.415,Nordic CS Reflector A,E2:13:07:97:B1:7E,0.58,2
1/18/2026 16:14:06.758,Nordic CS Reflector A,E2:13:07:97:B1:7E,0.58,2
1/18/2026 16:14:06.759,Nordic CS Reflector A,E2:13:07:97:B1:7E,0.58,2
1/18/2026 16:14:07.146,Nordic CS Reflector A,E2:13:07:97:B1:7E,0.69,2
1/18/2026 16:14:07.147,Nordic CS Reflector A,E2:13:07:97:B1:7E,0.69,2
1/18/2026 16:14:07.414,Nordic CS Reflector A,E2:13:07:97:B1:7E,0.69,2
1/18/2026 16:14:07.568,Nordic CS Reflector A,E2:13:07:97:B1:7E,0.69,2
1/18/2026 16:14:07.569,Nordic CS Reflector A,E2:13:07:97:B1:7E,0.69,2
1/18/2026 16:14:07.779,Nordic CS Reflector A,E2:13:07:97:B1:7E,0.65,2
1/18/2026 16:14:07.780,Nordic CS Reflector A,E2:13:07:97:B1:7E,0.65,2
1/18/2026 16:14:08.053,Nordic CS Reflector A,E2:13:07:97:B1:7E,0.65,2
1/18/2026 16:14:08.569,Nordic CS Reflector A,E2:13:07:97:B1:7E,0.65,2
1/18/2026 16:14:08.570,Nordic CS Reflector A,E2:13:07:97:B1:7E,0.65,2
1/18/2026 16:14:08.777,Nordic CS Reflector A,E2:13:07:97:B1:7E,0.62,2
1/18/2026 16:14:08.985,Nordic CS Reflector A,E2:13:07:97:B1:7E,0.62,2
1/18/2026 16:14:09.135,Nordic CS Reflector A,E2:13:07:97:B1:7E,0.62,2
1/18/2026 16:14:09.456,Nordic CS Reflector A,E2:13:07:97:B1:7E,0.65,2
1/18/2026 16:14:09.849,Nordic CS Reflector A,E2:13:07:97:B1:7E,0.65,2
1/18/2026 16:14:09.850,Nordic CS Reflector A,E2:13:07:97:B1:7E,0.65,2
1/18/2026 16:14:10.061,Nordic CS Reflector A,E2:13:07:97:B1:7E,0.65,2
1/18/2026 16:14:10.062,Nordic CS Reflector A,E2:13:07:97:B1:7E,0.65,2
1/18/2026 16:14:10.272,Nordic CS Reflector A,E2:13:07:97:B1:7E,0.73,2
1/18/2026 16:14:10.477,Nordic CS Reflector A,E2:13:07:97:B1:7E,0.76,2
1/18/2026 16:14:10.478,Nordic CS Reflector A,E2:13:07:97:B1:7E,0.76,2
1/18/2026 16:14:10.752,Nordic CS Reflector A,E2:13:07:97:B1:7E,0.76,2
1/18/2026 16:14:11.294,Nordic CS Reflector A,E2:13:07:97:B1:7E,0.69,2
1/18/2026 16:14:11.295,Nordic CS Reflector A,E2:13:07:97:B1:7E,0.69,2
1/18/2026 16:14:11.444,Nordic CS Reflector A,E2:13:07:97:B1:7E,0.69,2
1/18/2026 16:14:11.445,Nordic CS Reflector A,E2:13:07:97:B1:7E,0.69,2
1/18/2026 16:14:11.654,Nordic CS Reflector A,E2:13:07:97:B1:7E,0.69,2
1/18/2026 16:14:11.655,Nordic CS Reflector A,E2:13:07:97:B1:7E,0.69,2
1/18/2026 16:14:11.861,Nordic CS Reflector A,E2:13:07:97:B1:7E,0.69,2
1/18/2026 16:14:11.862,Nordic CS Reflector A,E2:13:07:97:B1:7E,0.69,2
1/18/2026 16:14:12.131,Nordic CS Reflector A,E2:13:07:97:B1:7E,0.69,2
1/18/2026 16:14:12.586,Nordic CS Reflector A,E2:13:07:97:B1:7E,0.65,2
1/18/2026 16:14:12.587,Nordic CS Reflector A,E2:13:07:97:B1:7E,0.65,2
1/18/2026 16:14:12.787,Nordic CS Reflector A,E2:13:07:97:B1:7E,0.73,2
1/18/2026 16:14:12.788,Nordic CS Reflector A,E2:13:07:97:B1:7E,0.73,2
1/18/2026 16:14:12.996,Nordic CS Reflector A,E2:13:07:97:B1:7E,0.73,2
1/18/2026 16:14:13.201,Nordic CS Reflector A,E2:13:07:97:B1:7E,0.73,2
1/18/2026 16:14:13.537,Nordic CS Reflector A,E2:13:07:97:B1:7E,0.65,2
1/18/2026 16:14:13.538,Nordic CS Reflector A,E2:13:07:97:B1:7E,0.65,2
1/18/2026 16:14:13.940,Nordic CS Reflector A,E2:13:07:97:B1:7E,0.65,2
1/18/2026 16:14:14.142,Nordic CS Reflector A,E2:13:07:97:B1:7E,0.65,2
1/18/2026 16:14:14.346,Nordic CS Reflector A,E2:13:07:97:B1:7E,0.73,2
1/18/2026 16:14:14.656,Nordic CS Reflector A,E2:13:07:97:B1:7E,0.62,2
1/18/2026 16:14:14.657,Nordic CS Reflector A,E2:13:07:97:B1:7E,0.62,2
1/18/2026 16:14:14.807,Nordic CS Reflector A,E2:13:07:97:B1:7E,0.69,2
1/18/2026 16:14:14.808,Nordic CS Reflector A,E2:13:07:97:B1:7E,0.69,2
1/18/2026 16:14:15.073,Nordic CS Reflector A,E2:13:07:97:B1:7E,0.69,2
1/18/2026 16:14:15.314,Nordic CS Reflector A,E2:13:07:97:B1:7E,0.69,2
1/18/2026 16:14:15.315,Nordic CS Reflector A,E2:13:07:97:B1:7E,0.69,2
1/18/2026 16:14:15.484,Nordic CS Reflector A,E2:13:07:97:B1:7E,0.69,2
1/18/2026 16:14:15.725,Nordic CS Reflector A,E2:13:07:97:B1:7E,0.65,2
1/18/2026 16:14:15.967,Nordic CS Reflector A,E2:13:07:97:B1:7E,0.58,2
1/18/2026 16:14:16.414,Nordic CS Reflector A,E2:13:07:97:B1:7E,0.58,2
1/18/2026 16:14:16.641,Nordic CS Reflector A,E2:13:07:97:B1:7E,0.51,2
1/18/2026 16:14:16.847,Nordic CS Reflector A,E2:13:07:97:B1:7E,0.58,2
1/18/2026 16:14:16.848,Nordic CS Reflector A,E2:13:07:97:B1:7E,0.58,2
1/18/2026 16:14:17.081,Nordic CS Reflector A,E2:13:07:97:B1:7E,0.58,2
1/18/2026 16:14:17.387,Nordic CS Reflector A,E2:13:07:97:B1:7E,0.65,2
1/18/2026 16:14:17.770,Nordic CS Reflector A,E2:13:07:97:B1:7E,0.65,2
1/18/2026 16:14:17.771,Nordic CS Reflector A,E2:13:07:97:B1:7E,0.65,2
1/18/2026 16:14:17.974,Nordic CS Reflector A,E2:13:07:97:B1:7E,0.65,2
1/18/2026 16:14:17.975,Nordic CS Reflector A,E2:13:07:97:B1:7E,0.65,2
1/18/2026 16:14:18.173,Nordic CS Reflector A,E2:13:07:97:B1:7E,0.65,2
1/18/2026 16:14:18.444,Nordic CS Reflector A,E2:13:07:97:B1:7E,0.65,2
1/18/2026 16:14:18.445,Nordic CS Reflector A,E2:13:07:97:B1:7E,0.65,2
1/18/2026 16:14:18.653,Nordic CS Reflector A,E2:13:07:97:B1:7E,0.62,2
1/18/2026 16:14:18.654,Nordic CS Reflector A,E2:13:07:97:B1:7E,0.62,2
1/18/2026 16:14:19.116,Nordic CS Reflector A,E2:13:07:97:B1:7E,0.62,2
1/18/2026 16:14:19.117,Nordic CS Reflector A,E2:13:07:97:B1:7E,0.62,2
1/18/2026 16:14:19.332,Nordic CS Reflector A,E2:13:07:97:B1:7E,0.62,2
1/18/2026 16:14:19.565,Nordic CS Reflector A,E2:13:07:97:B1:7E,0.51,2
1/18/2026 16:14:19.566,Nordic CS Reflector A,E2:13:07:97:B1:7E,0.51,2
1/18/2026 16:14:19.753,Nordic CS Reflector A,E2:13:07:97:B1:7E,0.47,2
1/18/2026 16:14:19.754,Nordic CS Reflector A,E2:13:07:97:B1:7E,0.47,2
1/18/2026 16:14:20.113,Nordic CS Reflector A,E2:13:07:97:B1:7E,0.47,2
1/18/2026 16:14:20.114,Nordic CS Reflector A,E2:13:07:97:B1:7E,0.47,2
1/18/2026 16:14:20.468,Nordic CS Reflector A,E2:13:07:97:B1:7E,0.47,2
1/18/2026 16:14:20.715,Nordic CS Reflector A,E2:13:07:97:B1:7E,0.62,2
1/18/2026 16:14:20.716,Nordic CS Reflector A,E2:13:07:97:B1:7E,0.62,2
1/18/2026 16:14:20.882,Nordic CS Reflector A,E2:13:07:97:B1:7E,0.62,2
1/18/2026 16:14:21.150,Nordic CS Reflector A,E2:13:07:97:B1:7E,0.62,2
1/18/2026 16:14:21.151,Nordic CS Reflector A,E2:13:07:97:B1:7E,0.62,2
1/18/2026 16:14:21.392,Nordic CS Reflector A,E2:13:07:97:B1:7E,0.58,2
1/18/2026 16:14:21.601,Nordic CS Reflector A,E2:13:07:97:B1:7E,0.58,2
1/18/2026 16:14:21.808,Nordic CS Reflector A,E2:13:07:97:B1:7E,0.73,2
1/18/2026 16:14:22.029,Nordic CS Reflector A,E2:13:07:97:B1:7E,0.73,2
1/18/2026 16:14:22.243,Nordic CS Reflector A,E2:13:07:97:B1:7E,0.69,2
1/18/2026 16:14:22.244,Nordic CS Reflector A,E2:13:07:97:B1:7E,0.69,2
1/18/2026 16:14:22.530,Nordic CS Reflector A,E2:13:07:97:B1:7E,0.65,2
1/18/2026 16:14:22.531,Nordic CS Reflector A,E2:13:07:97:B1:7E,0.65,2
1/18/2026 16:14:22.963,Nordic CS Reflector A,E2:13:07:97:B1:7E,0.65,2
1/18/2026 16:14:23.160,Nordic CS Reflector A,E2:13:07:97:B1:7E,0.65,2
1/18/2026 16:14:23.161,Nordic CS Reflector A,E2:13:07:97:B1:7E,0.65,2
1/18/2026 16:14:23.913,Nordic CS Reflector A,E2:13:07:97:B1:7E,0.62,2
1/18/2026 16:14:23.914,Nordic CS Reflector A,E2:13:07:97:B1:7E,0.62,2
1/18/2026 16:14:24.311,Nordic CS Reflector A,E2:13:07:97:B1:7E,0.58,2
1/18/2026 16:14:24.312,Nordic CS Reflector A,E2:13:07:97:B1:7E,0.58,2
1/18/2026 16:14:24.517,Nordic CS Reflector A,E2:13:07:97:B1:7E,0.58,2
1/18/2026 16:14:24.726,Nordic CS Reflector A,E2:13:07:97:B1:7E,0.58,2
1/18/2026 16:14:24.727,Nordic CS Reflector A,E2:13:07:97:B1:7E,0.58,2
1/18/2026 16:14:24.939,Nordic CS Reflector A,E2:13:07:97:B1:7E,0.62,2
1/18/2026 16:14:25.220,Nordic CS Reflector A,E2:13:07:97:B1:7E,0.47,2
1/18/2026 16:14:25.656,Nordic CS Reflector A,E2:13:07:97:B1:7E,0.62,2
1/18/2026 16:14:25.861,Nordic CS Reflector A,E2:13:07:97:B1:7E,0.54,2
1/18/2026 16:14:25.862,Nordic CS Reflector A,E2:13:07:97:B1:7E,0.54,2
1/18/2026 16:14:26.071,Nordic CS Reflector A,E2:13:07:97:B1:7E,0.62,2
1/18/2026 16:14:26.072,Nordic CS Reflector A,E2:13:07:97:B1:7E,0.62,2
1/18/2026 16:14:26.280,Nordic CS Reflector A,E2:13:07:97:B1:7E,0.62,2
1/18/2026 16:14:26.603,Nordic CS Reflector A,E2:13:07:97:B1:7E,0.62,2
1/18/2026 16:14:26.604,Nordic CS Reflector A,E2:13:07:97:B1:7E,0.62,2
1/18/2026 16:14:27.102,Nordic CS Reflector A,E2:13:07:97:B1:7E,0.62,2
1/18/2026 16:14:27.103,Nordic CS Reflector A,E2:13:07:97:B1:7E,0.62,2
1/18/2026 16:14:27.312,Nordic CS Reflector A,E2:13:07:97:B1:7E,0.62,2
1/18/2026 16:14:27.313,Nordic CS Reflector A,E2:13:07:97:B1:7E,0.62,2
1/18/2026 16:14:27.578,Nordic CS Reflector A,E2:13:07:97:B1:7E,0.69,2
1/18/2026 16:14:27.579,Nordic CS Reflector A,E2:13:07:97:B1:7E,0.69,2
1/18/2026 16:14:27.761,Nordic CS Reflector A,E2:13:07:97:B1:7E,0.65,2
1/18/2026 16:14:27.996,Nordic CS Reflector A,E2:13:07:97:B1:7E,0.69,2
1/18/2026 16:14:27.997,Nordic CS Reflector A,E2:13:07:97:B1:7E,0.69,2
1/18/2026 16:14:28.463,Nordic CS Reflector A,E2:13:07:97:B1:7E,0.8,2
1/18/2026 16:14:28.643,Nordic CS Reflector A,E2:13:07:97:B1:7E,0.8,2
1/18/2026 16:14:28.878,Nordic CS Reflector A,E2:13:07:97:B1:7E,0.8,2
1/18/2026 16:14:28.879,Nordic CS Reflector A,E2:13:07:97:B1:7E,0.8,2
1/18/2026 16:14:29.069,Nordic CS Reflector A,E2:13:07:97:B1:7E,0.65,2
1/18/2026 16:14:29.070,Nordic CS Reflector A,E2:13:07:97:B1:7E,0.65,2
1/18/2026 16:14:29.343,Nordic CS Reflector A,E2:13:07:97:B1:7E,0.65,2
1/18/2026 16:14:29.824,Nordic CS Reflector A,E2:13:07:97:B1:7E,0.62,2
1/18/2026 16:14:29.825,Nordic CS Reflector A,E2:13:07:97:B1:7E,0.62,2
1/18/2026 16:14:30.038,Nordic CS Reflector A,E2:13:07:97:B1:7E,0.62,2
1/18/2026 16:14:30.264,Nordic CS Reflector A,E2:13:07:97:B1:7E,0.65,2
1/18/2026 16:14:30.265,Nordic CS Reflector A,E2:13:07:97:B1:7E,0.65,2
1/18/2026 16:14:30.558,Nordic CS Reflector A,E2:13:07:97:B1:7E,0.8,2
1/18/2026 16:14:30.725,Nordic CS Reflector A,E2:13:07:97:B1:7E,0.76,2
1/18/2026 16:14:31.178,Nordic CS Reflector A,E2:13:07:97:B1:7E,0.76,2
1/18/2026 16:14:31.179,Nordic CS Reflector A,E2:13:07:97:B1:7E,0.76,2
1/18/2026 16:14:31.388,Nordic CS Reflector A,E2:13:07:97:B1:7E,0.76,2
1/18/2026 16:14:31.389,Nordic CS Reflector A,E2:13:07:97:B1:7E,0.76,2
1/18/2026 16:14:31.605,Nordic CS Reflector A,E2:13:07:97:B1:7E,0.65,2
1/18/2026 16:14:31.607,Nordic CS Reflector A,E2:13:07:97:B1:7E,0.65,2
1/18/2026 16:14:31.799,Nordic CS Reflector A,E2:13:07:97:B1:7E,0.65,2
1/18/2026 16:14:31.800,Nordic CS Reflector A,E2:13:07:97:B1:7E,0.65,2
1/18/2026 16:14:32.080,Nordic CS Reflector A,E2:13:07:97:B1:7E,0.65,2
1/18/2026 16:14:32.081,Nordic CS Reflector A,E2:13:07:97:B1:7E,0.65,2
1/18/2026 16:14:32.532,Nordic CS Reflector A,E2:13:07:97:B1:7E,0.73,2
1/18/2026 16:14:32.533,Nordic CS Reflector A,E2:13:07:97:B1:7E,0.73,2
1/18/2026 16:14:32.731,Nordic CS Reflector A,E2:13:07:97:B1:7E,0.58,2
1/18/2026 16:14:32.732,Nordic CS Reflector A,E2:13:07:97:B1:7E,0.58,2
1/18/2026 16:14:32.947,Nordic CS Reflector A,E2:13:07:97:B1:7E,0.62,2
1/18/2026 16:14:33.148,Nordic CS Reflector A,E2:13:07:97:B1:7E,0.62,2
1/18/2026 16:14:33.498,Nordic CS Reflector A,E2:13:07:97:B1:7E,0.73,2
1/18/2026 16:14:33.887,Nordic CS Reflector A,E2:13:07:97:B1:7E,0.73,2
1/18/2026 16:14:34.092,Nordic CS Reflector A,E2:13:07:97:B1:7E,0.65,2
1/18/2026 16:14:34.093,Nordic CS Reflector A,E2:13:07:97:B1:7E,0.65,2
1/18/2026 16:14:34.295,Nordic CS Reflector A,E2:13:07:97:B1:7E,0.65,2
1/18/2026 16:14:34.296,Nordic CS Reflector A,E2:13:07:97:B1:7E,0.65,2
1/18/2026 16:14:34.502,Nordic CS Reflector A,E2:13:07:97:B1:7E,0.65,2
1/18/2026 16:14:34.777,Nordic CS Reflector A,E2:13:07:97:B1:7E,0.65,2
1/18/2026 16:14:35.228,Nordic CS Reflector A,E2:13:07:97:B1:7E,0.65,2
1/18/2026 16:14:35.229,Nordic CS Reflector A,E2:13:07:97:B1:7E,0.65,2
1/18/2026 16:14:35.445,Nordic CS Reflector A,E2:13:07:97:B1:7E,0.69,2
1/18/2026 16:14:35.446,Nordic CS Reflector A,E2:13:07:97:B1:7E,0.69,2
1/18/2026 16:14:35.646,Nordic CS Reflector A,E2:13:07:97:B1:7E,0.69,2
1/18/2026 16:14:35.858,Nordic CS Reflector A,E2:13:07:97:B1:7E,0.69,2
1/18/2026 16:14:35.859,Nordic CS Reflector A,E2:13:07:97:B1:7E,0.69,2
1/18/2026 16:14:36.150,Nordic CS Reflector A,E2:13:07:97:B1:7E,0.69,2
1/18/2026 16:14:36.151,Nordic CS Reflector A,E2:13:07:97:B1:7E,0.69,2
1/18/2026 16:14:36.387,Nordic CS Reflector A,E2:13:07:97:B1:7E,0.62,2
1/18/2026 16:14:36.565,Nordic CS Reflector A,E2:13:07:97:B1:7E,0.58,2
1/18/2026 16:14:36.566,Nordic CS Reflector A,E2:13:07:97:B1:7E,0.58,2
1/18/2026 16:14:36.850,Nordic CS Reflector A,E2:13:07:97:B1:7E,0.58,2
1/18/2026 16:14:36.851,Nordic CS Reflector A,E2:13:07:97:B1:7E,0.58,2
1/18/2026 16:14:37.007,Nordic CS Reflector A,E2:13:07:97:B1:7E,0.69,2
1/18/2026 16:14:37.008,Nordic CS Reflector A,E2:13:07:97:B1:7E,0.69,2
1/18/2026 16:14:37.261,Nordic CS Reflector A,E2:13:07:97:B1:7E,0.69,2
1/18/2026 16:14:37.761,Nordic CS Reflector A,E2:13:07:97:B1:7E,0.69,2
1/18/2026 16:14:37.762,Nordic CS Reflector A,E2:13:07:97:B1:7E,0.69,2
1/18/2026 16:14:37.963,Nordic CS Reflector A,E2:13:07:97:B1:7E,0.69,2
1/18/2026 16:14:37.964,Nordic CS Reflector A,E2:13:07:97:B1:7E,0.69,2
1/18/2026 16:14:38.166,Nordic CS Reflector A,E2:13:07:97:B1:7E,0.65,2
1/18/2026 16:14:38.377,Nordic CS Reflector A,E2:13:07:97:B1:7E,0.65,2
1/18/2026 16:14:38.378,Nordic CS Reflector A,E2:13:07:97:B1:7E,0.65,2
1/18/2026 16:14:38.710,Nordic CS Reflector A,E2:13:07:97:B1:7E,0.62,2
1/18/2026 16:14:39.206,Nordic CS Reflector A,E2:13:07:97:B1:7E,0.65,2
1/18/2026 16:14:39.397,Nordic CS Reflector A,E2:13:07:97:B1:7E,0.58,2
1/18/2026 16:14:39.398,Nordic CS Reflector A,E2:13:07:97:B1:7E,0.58,2
1/18/2026 16:14:39.659,Nordic CS Reflector A,E2:13:07:97:B1:7E,0.58,2
1/18/2026 16:14:39.812,Nordic CS Reflector A,E2:13:07:97:B1:7E,0.58,2
1/18/2026 16:14:39.813,Nordic CS Reflector A,E2:13:07:97:B1:7E,0.58,2
1/18/2026 16:14:40.087,Nordic CS Reflector A,E2:13:07:97:B1:7E,0.69,2
1/18/2026 16:14:40.543,Nordic CS Reflector A,E2:13:07:97:B1:7E,0.69,2
1/18/2026 16:14:40.750,Nordic CS Reflector A,E2:13:07:97:B1:7E,0.58,2
1/18/2026 16:14:40.954,Nordic CS Reflector A,E2:13:07:97:B1:7E,0.58,2
1/18/2026 16:14:41.168,Nordic CS Reflector A,E2:13:07:97:B1:7E,0.62,2
1/18/2026 16:14:41.169,Nordic CS Reflector A,E2:13:07:97:B1:7E,0.62,2
1/18/2026 16:14:41.493,Nordic CS Reflector A,E2:13:07:97:B1:7E,0.62,2
1/18/2026 16:14:41.930,Nordic CS Reflector A,E2:13:07:97:B1:7E,0.62,2
1/18/2026 16:14:42.115,Nordic CS Reflector A,E2:13:07:97:B1:7E,0.62,2
1/18/2026 16:14:42.299,Nordic CS Reflector A,E2:13:07:97:B1:7E,0.62,2
1/18/2026 16:14:42.300,Nordic CS Reflector A,E2:13:07:97:B1:7E,0.62,2
1/18/2026 16:14:42.529,Nordic CS Reflector A,E2:13:07:97:B1:7E,0.65,2
1/18/2026 16:14:42.530,Nordic CS Reflector A,E2:13:07:97:B1:7E,0.65,2
1/18/2026 16:14:42.531,Nordic CS Reflector A,E2:13:07:97:B1:7E,0.65,2
1/18/2026 16:14:42.805,Nordic CS Reflector A,E2:13:07:97:B1:7E,0.65,2
1/18/2026 16:14:42.806,Nordic CS Reflector A,E2:13:07:97:B1:7E,0.65,2
1/18/2026 16:14:43.234,Nordic CS Reflector A,E2:13:07:97:B1:7E,0.65,2
1/18/2026 16:14:43.511,Nordic CS Reflector A,E2:13:07:97:B1:7E,0.62,2
1/18/2026 16:14:43.512,Nordic CS Reflector A,E2:13:07:97:B1:7E,0.62,2
1/18/2026 16:14:43.874,Nordic CS Reflector A,E2:13:07:97:B1:7E,0.65,2
1/18/2026 16:14:43.875,Nordic CS Reflector A,E2:13:07:97:B1:7E,0.65,2
1/18/2026 16:14:44.136,Nordic CS Reflector A,E2:13:07:97:B1:7E,0.58,2
1/18/2026 16:14:44.137,Nordic CS Reflector A,E2:13:07:97:B1:7E,0.58,2
1/18/2026 16:14:44.592,Nordic CS Reflector A,E2:13:07:97:B1:7E,0.65,2
1/18/2026 16:14:44.593,Nordic CS Reflector A,E2:13:07:97:B1:7E,0.65,2
1/18/2026 16:14:44.835,Nordic CS Reflector A,E2:13:07:97:B1:7E,0.65,2
1/18/2026 16:14:44.836,Nordic CS Reflector A,E2:13:07:97:B1:7E,0.65,2
1/18/2026 16:14:45.014,Nordic CS Reflector A,E2:13:07:97:B1:7E,0.65,2
1/18/2026 16:14:45.287,Nordic CS Reflector A,E2:13:07:97:B1:7E,0.69,2
1/18/2026 16:14:45.288,Nordic CS Reflector A,E2:13:07:97:B1:7E,0.69,2
1/18/2026 16:14:45.520,Nordic CS Reflector A,E2:13:07:97:B1:7E,0.69,2
1/18/2026 16:14:45.521,Nordic CS Reflector A,E2:13:07:97:B1:7E,0.69,2
1/18/2026 16:14:45.725,Nordic CS Reflector A,E2:13:07:97:B1:7E,0.69,2
1/18/2026 16:14:45.726,Nordic CS Reflector A,E2:13:07:97:B1:7E,0.69,2
1/18/2026 16:14:45.936,Nordic CS Reflector A,E2:13:07:97:B1:7E,0.54,2
1/18/2026 16:14:45.937,Nordic CS Reflector A,E2:13:07:97:B1:7E,0.54,2
1/18/2026 16:14:46.149,Nordic CS Reflector A,E2:13:07:97:B1:7E,0.54,2
1/18/2026 16:14:46.150,Nordic CS Reflector A,E2:13:07:97:B1:7E,0.54,2
1/18/2026 16:14:46.353,Nordic CS Reflector A,E2:13:07:97:B1:7E,0.58,2
1/18/2026 16:14:46.354,Nordic CS Reflector A,E2:13:07:97:B1:7E,0.58,2
1/18/2026 16:14:46.657,Nordic CS Reflector A,E2:13:07:97:B1:7E,0.58,2
1/18/2026 16:14:46.658,Nordic CS Reflector A,E2:13:07:97:B1:7E,0.58,2
1/18/2026 16:14:46.875,Nordic CS Reflector A,E2:13:07:97:B1:7E,0.51,2
1/18/2026 16:14:47.076,Nordic CS Reflector A,E2:13:07:97:B1:7E,0.47,2
1/18/2026 16:14:47.077,Nordic CS Reflector A,E2:13:07:97:B1:7E,0.47,2
1/18/2026 16:14:47.331,Nordic CS Reflector A,E2:13:07:97:B1:7E,0.47,2
1/18/2026 16:14:47.332,Nordic CS Reflector A,E2:13:07:97:B1:7E,0.47,2
1/18/2026 16:14:47.492,Nordic CS Reflector A,E2:13:07:97:B1:7E,0.51,2
1/18/2026 16:14:47.762,Nordic CS Reflector A,E2:13:07:97:B1:7E,0.54,2
1/18/2026 16:14:47.763,Nordic CS Reflector A,E2:13:07:97:B1:7E,0.54,2
1/18/2026 16:14:48.221,Nordic CS Reflector A,E2:13:07:97:B1:7E,0.54,2
1/18/2026 16:14:48.222,Nordic CS Reflector A,E2:13:07:97:B1:7E,0.54,2
1/18/2026 16:14:48.436,Nordic CS Reflector A,E2:13:07:97:B1:7E,0.54,2
1/18/2026 16:14:48.638,Nordic CS Reflector A,E2:13:07:97:B1:7E,0.54,2
1/18/2026 16:14:48.848,Nordic CS Reflector A,E2:13:07:97:B1:7E,0.58,2
1/18/2026 16:14:48.850,Nordic CS Reflector A,E2:13:07:97:B1:7E,0.58,2
1/18/2026 16:14:49.124,Nordic CS Reflector A,E2:13:07:97:B1:7E,0.65,2
1/18/2026 16:14:49.125,Nordic CS Reflector A,E2:13:07:97:B1:7E,0.65,2
1/18/2026 16:14:49.598,Nordic CS Reflector A,E2:13:07:97:B1:7E,0.65,2
1/18/2026 16:14:49.789,Nordic CS Reflector A,E2:13:07:97:B1:7E,0.65,2
1/18/2026 16:14:50.059,Nordic CS Reflector A,E2:13:07:97:B1:7E,0.43,2
1/18/2026 16:14:50.190,Nordic CS Reflector A,E2:13:07:97:B1:7E,0.36,2
1/18/2026 16:14:50.473,Nordic CS Reflector A,E2:13:07:97:B1:7E,0.36,2
1/18/2026 16:14:51.108,Nordic CS Reflector A,E2:13:07:97:B1:7E,0.54,2
1/18/2026 16:14:51.109,Nordic CS Reflector A,E2:13:07:97:B1:7E,0.54,2
1/18/2026 16:14:51.303,Nordic CS Reflector A,E2:13:07:97:B1:7E,0.58,2
1/18/2026 16:14:51.304,Nordic CS Reflector A,E2:13:07:97:B1:7E,0.58,2
1/18/2026 16:14:51.511,Nordic CS Reflector A,E2:13:07:97:B1:7E,0.65,2
1/18/2026 16:14:51.512,Nordic CS Reflector A,E2:13:07:97:B1:7E,0.65,2
1/18/2026 16:14:51.733,Nordic CS Reflector A,E2:13:07:97:B1:7E,0.65,2
1/18/2026 16:14:51.734,Nordic CS Reflector A,E2:13:07:97:B1:7E,0.65,2
1/18/2026 16:14:52.005,Nordic CS Reflector A,E2:13:07:97:B1:7E,0.76,2
1/18/2026 16:14:52.451,Nordic CS Reflector A,E2:13:07:97:B1:7E,0.62,2
1/18/2026 16:14:52.452,Nordic CS Reflector A,E2:13:07:97:B1:7E,0.62,2
1/18/2026 16:14:52.732,Nordic CS Reflector A,E2:13:07:97:B1:7E,0.62,2
1/18/2026 16:14:52.928,Nordic CS Reflector A,E2:13:07:97:B1:7E,0.62,2
1/18/2026 16:14:53.085,Nordic CS Reflector A,E2:13:07:97:B1:7E,0.65,2
1/18/2026 16:14:53.362,Nordic CS Reflector A,E2:13:07:97:B1:7E,0.65,2
1/18/2026 16:14:53.363,Nordic CS Reflector A,E2:13:07:97:B1:7E,0.65,2
1/18/2026 16:14:53.798,Nordic CS Reflector A,E2:13:07:97:B1:7E,0.65,2
1/18/2026 16:14:54.009,Nordic CS Reflector A,E2:13:07:97:B1:7E,0.65,2
1/18/2026 16:14:54.010,Nordic CS Reflector A,E2:13:07:97:B1:7E,0.65,2
1/18/2026 16:14:54.223,Nordic CS Reflector A,E2:13:07:97:B1:7E,0.62,2
1/18/2026 16:14:54.224,Nordic CS Reflector A,E2:13:07:97:B1:7E,0.62,2
1/18/2026 16:14:54.425,Nordic CS Reflector A,E2:13:07:97:B1:7E,0.62,2
1/18/2026 16:14:54.426,Nordic CS Reflector A,E2:13:07:97:B1:7E,0.62,2
1/18/2026 16:14:54.695,Nordic CS Reflector A,E2:13:07:97:B1:7E,0.62,2
1/18/2026 16:14:55.145,Nordic CS Reflector A,E2:13:07:97:B1:7E,0.65,2
1/18/2026 16:14:55.146,Nordic CS Reflector A,E2:13:07:97:B1:7E,0.65,2
1/18/2026 16:14:55.370,Nordic CS Reflector A,E2:13:07:97:B1:7E,0.65,2
1/18/2026 16:14:55.567,Nordic CS Reflector A,E2:13:07:97:B1:7E,0.65,2
1/18/2026 16:14:55.568,Nordic CS Reflector A,E2:13:07:97:B1:7E,0.65,2
1/18/2026 16:14:55.773,Nordic CS Reflector A,E2:13:07:97:B1:7E,0.58,2
1/18/2026 16:14:56.046,Nordic CS Reflector A,E2:13:07:97:B1:7E,0.58,2
1/18/2026 16:14:56.537,Nordic CS Reflector A,E2:13:07:97:B1:7E,0.62,2
1/18/2026 16:14:56.538,Nordic CS Reflector A,E2:13:07:97:B1:7E,0.62,2
1/18/2026 16:14:56.744,Nordic CS Reflector A,E2:13:07:97:B1:7E,0.65,2
1/18/2026 16:14:56.745,Nordic CS Reflector A,E2:13:07:97:B1:7E,0.65,2
1/18/2026 16:14:56.987,Nordic CS Reflector A,E2:13:07:97:B1:7E,0.65,2
1/18/2026 16:14:57.175,Nordic CS Reflector A,E2:13:07:97:B1:7E,0.65,2
1/18/2026 16:14:57.176,Nordic CS Reflector A,E2:13:07:97:B1:7E,0.65,2
1/18/2026 16:14:57.458,Nordic CS Reflector A,E2:13:07:97:B1:7E,0.69,2
1/18/2026 16:14:57.459,Nordic CS Reflector A,E2:13:07:97:B1:7E,0.69,2
1/18/2026 16:14:57.744,Nordic CS Reflector A,E2:13:07:97:B1:7E,0.76,2
1/18/2026 16:14:57.745,Nordic CS Reflector A,E2:13:07:97:B1:7E,0.76,2
1/18/2026 16:14:57.897,Nordic CS Reflector A,E2:13:07:97:B1:7E,0.76,2
1/18/2026 16:14:57.898,Nordic CS Reflector A,E2:13:07:97:B1:7E,0.76,2
1/18/2026 16:14:58.094,Nordic CS Reflector A,E2:13:07:97:B1:7E,0.69,2
1/18/2026 16:14:58.095,Nordic CS Reflector A,E2:13:07:97:B1:7E,0.69,2
1/18/2026 16:14:58.295,Nordic CS Reflector A,E2:13:07:97:B1:7E,0.69,2
1/18/2026 16:14:58.567,Nordic CS Reflector A,E2:13:07:97:B1:7E,0.69,2
1/18/2026 16:14:59.030,Nordic CS Reflector A,E2:13:07:97:B1:7E,0.76,2
1/18/2026 16:14:59.031,Nordic CS Reflector A,E2:13:07:97:B1:7E,0.76,2
1/18/2026 16:14:59.248,Nordic CS Reflector A,E2:13:07:97:B1:7E,0.73,2
1/18/2026 16:14:59.439,Nordic CS Reflector A,E2:13:07:97:B1:7E,0.73,2
1/18/2026 16:14:59.440,Nordic CS Reflector A,E2:13:07:97:B1:7E,0.73,2
1/18/2026 16:14:59.659,Nordic CS Reflector A,E2:13:07:97:B1:7E,0.73,2
1/18/2026 16:14:59.660,Nordic CS Reflector A,E2:13:07:97:B1:7E,0.73,2
1/18/2026 16:14:59.917,Nordic CS Reflector A,E2:13:07:97:B1:7E,0.73,2
1/18/2026 16:14:59.918,Nordic CS Reflector A,E2:13:07:97:B1:7E,0.73,2
1/18/2026 16:15:00.410,Nordic CS Reflector A,E2:13:07:97:B1:7E,0.69,2
1/18/2026 16:15:00.609,Nordic CS Reflector A,E2:13:07:97:B1:7E,0.69,2
1/18/2026 16:15:00.610,Nordic CS Reflector A,E2:13:07:97:B1:7E,0.69,2
1/18/2026 16:15:00.832,Nordic CS Reflector A,E2:13:07:97:B1:7E,0.73,2
1/18/2026 16:15:00.833,Nordic CS Reflector A,E2:13:07:97:B1:7E,0.73,2
1/18/2026 16:15:01.032,Nordic CS Reflector A,E2:13:07:97:B1:7E,0.73,2
1/18/2026 16:15:01.310,Nordic CS Reflector A,E2:13:07:97:B1:7E,0.73,2
1/18/2026 16:15:01.311,Nordic CS Reflector A,E2:13:07:97:B1:7E,0.73,2
1/18/2026 16:15:01.755,Nordic CS Reflector A,E2:13:07:97:B1:7E,0.73,2
1/18/2026 16:15:01.958,Nordic CS Reflector A,E2:13:07:97:B1:7E,0.73,2
1/18/2026 16:15:02.172,Nordic CS Reflector A,E2:13:07:97:B1:7E,0.73,2
1/18/2026 16:15:02.173,Nordic CS Reflector A,E2:13:07:97:B1:7E,0.73,2
1/18/2026 16:15:02.392,Nordic CS Reflector A,E2:13:07:97:B1:7E,0.73,2
1/18/2026 16:15:02.393,Nordic CS Reflector A,E2:13:07:97:B1:7E,0.73,2
1/18/2026 16:15:02.718,Nordic CS Reflector A,E2:13:07:97:B1:7E,0.73,2
1/18/2026 16:15:03.251,Nordic CS Reflector A,E2:13:07:97:B1:7E,0.54,2
1/18/2026 16:15:03.252,Nordic CS Reflector A,E2:13:07:97:B1:7E,0.54,2
1/18/2026 16:15:03.463,Nordic CS Reflector A,E2:13:07:97:B1:7E,0.54,2
1/18/2026 16:15:03.464,Nordic CS Reflector A,E2:13:07:97:B1:7E,0.54,2
1/18/2026 16:15:03.676,Nordic CS Reflector A,E2:13:07:97:B1:7E,0.62,2
1/18/2026 16:15:03.877,Nordic CS Reflector A,E2:13:07:97:B1:7E,0.62,2
1/18/2026 16:15:03.878,Nordic CS Reflector A,E2:13:07:97:B1:7E,0.62,2
1/18/2026 16:15:04.177,Nordic CS Reflector A,E2:13:07:97:B1:7E,0.65,2
1/18/2026 16:15:04.635,Nordic CS Reflector A,E2:13:07:97:B1:7E,0.65,2
1/18/2026 16:15:04.845,Nordic CS Reflector A,E2:13:07:97:B1:7E,0.58,2
1/18/2026 16:15:04.846,Nordic CS Reflector A,E2:13:07:97:B1:7E,0.58,2
1/18/2026 16:15:05.115,Nordic CS Reflector A,E2:13:07:97:B1:7E,0.51,2
1/18/2026 16:15:05.272,Nordic CS Reflector A,E2:13:07:97:B1:7E,0.58,2
1/18/2026 16:15:05.273,Nordic CS Reflector A,E2:13:07:97:B1:7E,0.58,2
1/18/2026 16:15:05.534,Nordic CS Reflector A,E2:13:07:97:B1:7E,0.65,2
1/18/2026 16:15:05.535,Nordic CS Reflector A,E2:13:07:97:B1:7E,0.65,2
1/18/2026 16:15:05.980,Nordic CS Reflector A,E2:13:07:97:B1:7E,0.65,2
1/18/2026 16:15:05.981,Nordic CS Reflector A,E2:13:07:97:B1:7E,0.65,2
1/18/2026 16:15:06.196,Nordic CS Reflector A,E2:13:07:97:B1:7E,0.65,2
1/18/2026 16:15:06.397,Nordic CS Reflector A,E2:13:07:97:B1:7E,0.58,2
1/18/2026 16:15:06.647,Nordic CS Reflector A,E2:13:07:97:B1:7E,0.58,2
1/18/2026 16:15:06.914,Nordic CS Reflector A,E2:13:07:97:B1:7E,0.73,2
1/18/2026 16:15:06.915,Nordic CS Reflector A,E2:13:07:97:B1:7E,0.73,2
1/18/2026 16:15:07.334,Nordic CS Reflector A,E2:13:07:97:B1:7E,0.73,2
1/18/2026 16:15:07.540,Nordic CS Reflector A,E2:13:07:97:B1:7E,0.62,2
1/18/2026 16:15:07.541,Nordic CS Reflector A,E2:13:07:97:B1:7E,0.62,2
1/18/2026 16:15:07.778,Nordic CS Reflector A,E2:13:07:97:B1:7E,0.54,2
1/18/2026 16:15:07.779,Nordic CS Reflector A,E2:13:07:97:B1:7E,0.54,2
1/18/2026 16:15:07.962,Nordic CS Reflector A,E2:13:07:97:B1:7E,0.54,2
1/18/2026 16:15:07.963,Nordic CS Reflector A,E2:13:07:97:B1:7E,0.54,2
1/18/2026 16:15:08.287,Nordic CS Reflector A,E2:13:07:97:B1:7E,0.54,2
1/18/2026 16:15:08.288,Nordic CS Reflector A,E2:13:07:97:B1:7E,0.54,2
1/18/2026 16:15:08.682,Nordic CS Reflector A,E2:13:07:97:B1:7E,0.54,2
1/18/2026 16:15:08.683,Nordic CS Reflector A,E2:13:07:97:B1:7E,0.54,2
1/18/2026 16:15:08.899,Nordic CS Reflector A,E2:13:07:97:B1:7E,0.54,2
1/18/2026 16:15:08.900,Nordic CS Reflector A,E2:13:07:97:B1:7E,0.54,2
1/18/2026 16:15:09.126,Nordic CS Reflector A,E2:13:07:97:B1:7E,0.54,2
1/18/2026 16:15:09.127,Nordic CS Reflector A,E2:13:07:97:B1:7E,0.54,2
1/18/2026 16:15:09.312,Nordic CS Reflector A,E2:13:07:97:B1:7E,0.54,2
1/18/2026 16:15:09.582,Nordic CS Reflector A,E2:13:07:97:B1:7E,0.51,2
1/18/2026 16:15:09.583,Nordic CS Reflector A,E2:13:07:97:B1:7E,0.51,2
1/18/2026 16:15:10.020,Nordic CS Reflector A,E2:13:07:97:B1:7E,0.51,2
1/18/2026 16:15:10.021,Nordic CS Reflector A,E2:13:07:97:B1:7E,0.51,2
1/18/2026 16:15:10.287,Nordic CS Reflector A,E2:13:07:97:B1:7E,0.54,2
1/18/2026 16:15:10.288,Nordic CS Reflector A,E2:13:07:97:B1:7E,0.54,2
1/18/2026 16:15:10.444,Nordic CS Reflector A,E2:13:07:97:B1:7E,0.54,2
1/18/2026 16:15:10.659,Nordic CS Reflector A,E2:13:07:97:B1:7E,0.54,2
1/18/2026 16:15:10.660,Nordic CS Reflector A,E2:13:07:97:B1:7E,0.54,2
1/18/2026 16:15:10.928,Nordic CS Reflector A,E2:13:07:97:B1:7E,0.58,2
1/18/2026 16:15:11.438,Nordic CS Reflector A,E2:13:07:97:B1:7E,0.58,2
1/18/2026 16:15:11.439,Nordic CS Reflector A,E2:13:07:97:B1:7E,0.58,2
1/18/2026 16:15:11.598,Nordic CS Reflector A,E2:13:07:97:B1:7E,0.76,2
1/18/2026 16:15:11.599,Nordic CS Reflector A,E2:13:07:97:B1:7E,0.76,2
1/18/2026 16:15:11.796,Nordic CS Reflector A,E2:13:07:97:B1:7E,0.76,2
1/18/2026 16:15:12.000,Nordic CS Reflector A,E2:13:07:97:B1:7E,0.73,2
1/18/2026 16:15:12.283,Nordic CS Reflector A,E2:13:07:97:B1:7E,0.73,2
1/18/2026 16:15:12.284,Nordic CS Reflector A,E2:13:07:97:B1:7E,0.73,2
1/18/2026 16:15:12.735,Nordic CS Reflector A,E2:13:07:97:B1:7E,0.65,2
1/18/2026 16:15:12.947,Nordic CS Reflector A,E2:13:07:97:B1:7E,0.58,2
1/18/2026 16:15:12.948,Nordic CS Reflector A,E2:13:07:97:B1:7E,0.58,2
1/18/2026 16:15:13.161,Nordic CS Reflector A,E2:13:07:97:B1:7E,0.58,2
1/18/2026 16:15:13.162,Nordic CS Reflector A,E2:13:07:97:B1:7E,0.58,2
1/18/2026 16:15:13.395,Nordic CS Reflector A,E2:13:07:97:B1:7E,0.69,2
1/18/2026 16:15:13.623,Nordic CS Reflector A,E2:13:07:97:B1:7E,0.69,2
1/18/2026 16:15:13.624,Nordic CS Reflector A,E2:13:07:97:B1:7E,0.69,2
1/18/2026 16:15:14.132,Nordic CS Reflector A,E2:13:07:97:B1:7E,0.65,2
1/18/2026 16:15:14.133,Nordic CS Reflector A,E2:13:07:97:B1:7E,0.65,2
1/18/2026 16:15:14.285,Nordic CS Reflector A,E2:13:07:97:B1:7E,0.62,2
1/18/2026 16:15:14.286,Nordic CS Reflector A,E2:13:07:97:B1:7E,0.62,2
1/18/2026 16:15:14.499,Nordic CS Reflector A,E2:13:07:97:B1:7E,0.58,2
1/18/2026 16:15:14.704,Nordic CS Reflector A,E2:13:07:97:B1:7E,0.51,2
1/18/2026 16:15:14.984,Nordic CS Reflector A,E2:13:07:97:B1:7E,0.51,2
1/18/2026 16:15:15.480,Nordic CS Reflector A,E2:13:07:97:B1:7E,0.58,2
1/18/2026 16:15:15.481,Nordic CS Reflector A,E2:13:07:97:B1:7E,0.58,2
1/18/2026 16:15:15.631,Nordic CS Reflector A,E2:13:07:97:B1:7E,0.69,2
1/18/2026 16:15:15.632,Nordic CS Reflector A,E2:13:07:97:B1:7E,0.69,2
1/18/2026 16:15:15.849,Nordic CS Reflector A,E2:13:07:97:B1:7E,0.65,2
1/18/2026 16:15:15.850,Nordic CS Reflector A,E2:13:07:97:B1:7E,0.65,2
1/18/2026 16:15:16.065,Nordic CS Reflector A,E2:13:07:97:B1:7E,0.65,2
1/18/2026 16:15:16.066,Nordic CS Reflector A,E2:13:07:97:B1:7E,0.65,2
1/18/2026 16:15:16.332,Nordic CS Reflector A,E2:13:07:97:B1:7E,0.65,2
1/18/2026 16:15:16.849,Nordic CS Reflector A,E2:13:07:97:B1:7E,0.62,2
1/18/2026 16:15:16.850,Nordic CS Reflector A,E2:13:07:97:B1:7E,0.62,2
1/18/2026 16:15:17.055,Nordic CS Reflector A,E2:13:07:97:B1:7E,0.62,2
1/18/2026 16:15:17.200,Nordic CS Reflector A,E2:13:07:97:B1:7E,0.62,2
1/18/2026 16:15:17.473,Nordic CS Reflector A,E2:13:07:97:B1:7E,0.62,2
1/18/2026 16:15:17.474,Nordic CS Reflector A,E2:13:07:97:B1:7E,0.62,2
1/18/2026 16:15:17.670,Nordic CS Reflector A,E2:13:07:97:B1:7E,0.62,2
1/18/2026 16:15:18.182,Nordic CS Reflector A,E2:13:07:97:B1:7E,0.62,2
1/18/2026 16:15:18.183,Nordic CS Reflector A,E2:13:07:97:B1:7E,0.62,2
1/18/2026 16:15:18.341,Nordic CS Reflector A,E2:13:07:97:B1:7E,0.62,2
1/18/2026 16:15:18.342,Nordic CS Reflector A,E2:13:07:97:B1:7E,0.62,2
1/18/2026 16:15:18.544,Nordic CS Reflector A,E2:13:07:97:B1:7E,0.58,2
1/18/2026 16:15:18.757,Nordic CS Reflector A,E2:13:07:97:B1:7E,0.58,2
1/18/2026 16:15:18.758,Nordic CS Reflector A,E2:13:07:97:B1:7E,0.58,2
1/18/2026 16:15:19.024,Nordic CS Reflector A,E2:13:07:97:B1:7E,0.73,2
1/18/2026 16:15:19.025,Nordic CS Reflector A,E2:13:07:97:B1:7E,0.73,2
1/18/2026 16:15:19.485,Nordic CS Reflector A,E2:13:07:97:B1:7E,0.73,2
1/18/2026 16:15:19.486,Nordic CS Reflector A,E2:13:07:97:B1:7E,0.73,2
1/18/2026 16:15:19.685,Nordic CS Reflector A,E2:13:07:97:B1:7E,0.69,2
1/18/2026 16:15:19.686,Nordic CS Reflector A,E2:13:07:97:B1:7E,0.69,2
1/18/2026 16:15:19.902,Nordic CS Reflector A,E2:13:07:97:B1:7E,0.54,2
1/18/2026 16:15:19.903,Nordic CS Reflector A,E2:13:07:97:B1:7E,0.54,2
1/18/2026 16:15:20.109,Nordic CS Reflector A,E2:13:07:97:B1:7E,0.54,2
1/18/2026 16:15:20.110,Nordic CS Reflector A,E2:13:07:97:B1:7E,0.54,2
1/18/2026 16:15:20.374,Nordic CS Reflector A,E2:13:07:97:B1:7E,0.54,2
1/18/2026 16:15:20.375,Nordic CS Reflector A,E2:13:07:97:B1:7E,0.54,2
1/18/2026 16:15:20.855,Nordic CS Reflector A,E2:13:07:97:B1:7E,0.62,2
1/18/2026 16:15:20.856,Nordic CS Reflector A,E2:13:07:97:B1:7E,0.62,2
1/18/2026 16:15:20.857,Nordic CS Reflector A,E2:13:07:97:B1:7E,0.62,2
1/18/2026 16:15:21.058,Nordic CS Reflector A,E2:13:07:97:B1:7E,0.58,2
1/18/2026 16:15:21.059,Nordic CS Reflector A,E2:13:07:97:B1:7E,0.58,2
1/18/2026 16:15:21.329,Nordic CS Reflector A,E2:13:07:97:B1:7E,0.62,2
1/18/2026 16:15:21.498,Nordic CS Reflector A,E2:13:07:97:B1:7E,0.69,2
1/18/2026 16:15:21.499,Nordic CS Reflector A,E2:13:07:97:B1:7E,0.69,2
1/18/2026 16:15:21.754,Nordic CS Reflector A,E2:13:07:97:B1:7E,0.69,2
1/18/2026 16:15:22.211,Nordic CS Reflector A,E2:13:07:97:B1:7E,0.69,2
1/18/2026 16:15:22.424,Nordic CS Reflector A,E2:13:07:97:B1:7E,0.62,2
1/18/2026 16:15:22.636,Nordic CS Reflector A,E2:13:07:97:B1:7E,0.54,2
1/18/2026 16:15:22.637,Nordic CS Reflector A,E2:13:07:97:B1:7E,0.54,2
1/18/2026 16:15:22.834,Nordic CS Reflector A,E2:13:07:97:B1:7E,0.54,2
1/18/2026 16:15:22.835,Nordic CS Reflector A,E2:13:07:97:B1:7E,0.54,2
1/18/2026 16:15:23.109,Nordic CS Reflector A,E2:13:07:97:B1:7E,0.51,2
1/18/2026 16:15:23.110,Nordic CS Reflector A,E2:13:07:97:B1:7E,0.51,2
1/18/2026 16:15:23.559,Nordic CS Reflector A,E2:13:07:97:B1:7E,0.51,2
1/18/2026 16:15:23.560,Nordic CS Reflector A,E2:13:07:97:B1:7E,0.51,2
1/18/2026 16:15:23.774,Nordic CS Reflector A,E2:13:07:97:B1:7E,0.62,2
1/18/2026 16:15:23.983,Nordic CS Reflector A,E2:13:07:97:B1:7E,0.65,2
1/18/2026 16:15:24.187,Nordic CS Reflector A,E2:13:07:97:B1:7E,0.65,2
1/18/2026 16:15:24.188,Nordic CS Reflector A,E2:13:07:97:B1:7E,0.65,2
1/18/2026 16:15:24.452,Nordic CS Reflector A,E2:13:07:97:B1:7E,0.65,2
1/18/2026 16:15:24.916,Nordic CS Reflector A,E2:13:07:97:B1:7E,0.62,2
1/18/2026 16:15:24.917,Nordic CS Reflector A,E2:13:07:97:B1:7E,0.62,2
1/18/2026 16:15:25.121,Nordic CS Reflector A,E2:13:07:97:B1:7E,0.62,2
1/18/2026 16:15:25.325,Nordic CS Reflector A,E2:13:07:97:B1:7E,0.54,2
1/18/2026 16:15:25.524,Nordic CS Reflector A,E2:13:07:97:B1:7E,0.54,2
1/18/2026 16:15:25.525,Nordic CS Reflector A,E2:13:07:97:B1:7E,0.54,2
1/18/2026 16:15:25.884,Nordic CS Reflector A,E2:13:07:97:B1:7E,0.54,2
1/18/2026 16:15:26.252,Nordic CS Reflector A,E2:13:07:97:B1:7E,0.54,2
1/18/2026 16:15:26.253,Nordic CS Reflector A,E2:13:07:97:B1:7E,0.54,2
1/18/2026 16:15:26.498,Nordic CS Reflector A,E2:13:07:97:B1:7E,0.54,2
1/18/2026 16:15:26.694,Nordic CS Reflector A,E2:13:07:97:B1:7E,0.62,2
1/18/2026 16:15:26.695,Nordic CS Reflector A,E2:13:07:97:B1:7E,0.62,2
1/18/2026 16:15:26.891,Nordic CS Reflector A,E2:13:07:97:B1:7E,0.62,2
1/18/2026 16:15:26.892,Nordic CS Reflector A,E2:13:07:97:B1:7E,0.62,2
1/18/2026 16:15:27.148,Nordic CS Reflector A,E2:13:07:97:B1:7E,0.62,2
1/18/2026 16:15:27.638,Nordic CS Reflector A,E2:13:07:97:B1:7E,0.58,2
1/18/2026 16:15:27.913,Nordic CS Reflector A,E2:13:07:97:B1:7E,0.58,2
1/18/2026 16:15:28.050,Nordic CS Reflector A,E2:13:07:97:B1:7E,0.58,2
1/18/2026 16:15:28.267,Nordic CS Reflector A,E2:13:07:97:B1:7E,0.58,2
1/18/2026 16:15:28.268,Nordic CS Reflector A,E2:13:07:97:B1:7E,0.58,2
1/18/2026 16:15:28.536,Nordic CS Reflector A,E2:13:07:97:B1:7E,0.54,2
1/18/2026 16:15:28.537,Nordic CS Reflector A,E2:13:07:97:B1:7E,0.54,2
1/18/2026 16:15:28.990,Nordic CS Reflector A,E2:13:07:97:B1:7E,0.54,2
1/18/2026 16:15:28.991,Nordic CS Reflector A,E2:13:07:97:B1:7E,0.54,2
1/18/2026 16:15:29.205,Nordic CS Reflector A,E2:13:07:97:B1:7E,0.54,2
1/18/2026 16:15:29.408,Nordic CS Reflector A,E2:13:07:97:B1:7E,0.62,2
1/18/2026 16:15:29.695,Nordic CS Reflector A,E2:13:07:97:B1:7E,0.62,2
1/18/2026 16:15:29.696,Nordic CS Reflector A,E2:13:07:97:B1:7E,0.62,2
1/18/2026 16:15:29.893,Nordic CS Reflector A,E2:13:07:97:B1:7E,0.65,2
1/18/2026 16:15:29.894,Nordic CS Reflector A,E2:13:07:97:B1:7E,0.65,2
1/18/2026 16:15:30.340,Nordic CS Reflector A,E2:13:07:97:B1:7E,0.58,2
1/18/2026 16:15:30.545,Nordic CS Reflector A,E2:13:07:97:B1:7E,0.62,2
1/18/2026 16:15:30.546,Nordic CS Reflector A,E2:13:07:97:B1:7E,0.62,2
1/18/2026 16:15:30.756,Nordic CS Reflector A,E2:13:07:97:B1:7E,0.62,2
1/18/2026 16:15:30.972,Nordic CS Reflector A,E2:13:07:97:B1:7E,0.65,2
1/18/2026 16:15:31.298,Nordic CS Reflector A,E2:13:07:97:B1:7E,0.65,2
1/18/2026 16:15:31.736,Nordic CS Reflector A,E2:13:07:97:B1:7E,0.65,2
1/18/2026 16:15:31.737,Nordic CS Reflector A,E2:13:07:97:B1:7E,0.65,2
1/18/2026 16:15:31.926,Nordic CS Reflector A,E2:13:07:97:B1:7E,0.62,2
1/18/2026 16:15:31.927,Nordic CS Reflector A,E2:13:07:97:B1:7E,0.62,2
1/18/2026 16:15:31.928,Nordic CS Reflector A,E2:13:07:97:B1:7E,0.62,2
1/18/2026 16:15:32.161,Nordic CS Reflector A,E2:13:07:97:B1:7E,0.58,2
1/18/2026 16:15:32.162,Nordic CS Reflector A,E2:13:07:97:B1:7E,0.58,2
1/18/2026 16:15:32.366,Nordic CS Reflector A,E2:13:07:97:B1:7E,0.54,2
1/18/2026 16:15:32.367,Nordic CS Reflector A,E2:13:07:97:B1:7E,0.54,2
1/18/2026 16:15:32.626,Nordic CS Reflector A,E2:13:07:97:B1:7E,0.54,2
1/18/2026 16:15:33.083,Nordic CS Reflector A,E2:13:07:97:B1:7E,0.54,2
1/18/2026 16:15:33.084,Nordic CS Reflector A,E2:13:07:97:B1:7E,0.54,2
1/18/2026 16:15:33.286,Nordic CS Reflector A,E2:13:07:97:B1:7E,0.54,2
1/18/2026 16:15:33.287,Nordic CS Reflector A,E2:13:07:97:B1:7E,0.54,2
1/18/2026 16:15:33.475,Nordic CS Reflector A,E2:13:07:97:B1:7E,0.54,2
1/18/2026 16:15:33.766,Nordic CS Reflector A,E2:13:07:97:B1:7E,0.58,2
1/18/2026 16:15:33.767,Nordic CS Reflector A,E2:13:07:97:B1:7E,0.58,2
1/18/2026 16:15:33.768,Nordic CS Reflector A,E2:13:07:97:B1:7E,0.58,2
1/18/2026 16:15:33.976,Nordic CS Reflector A,E2:13:07:97:B1:7E,0.58,2
1/18/2026 16:15:33.977,Nordic CS Reflector A,E2:13:07:97:B1:7E,0.58,2
1/18/2026 16:15:34.477,Nordic CS Reflector A,E2:13:07:97:B1:7E,0.51,2
1/18/2026 16:15:34.623,Nordic CS Reflector A,E2:13:07:97:B1:7E,0.51,2
1/18/2026 16:15:34.624,Nordic CS Reflector A,E2:13:07:97:B1:7E,0.51,2
1/18/2026 16:15:34.842,Nordic CS Reflector A,E2:13:07:97:B1:7E,0.51,2
1/18/2026 16:15:35.040,Nordic CS Reflector A,E2:13:07:97:B1:7E,0.58,2
1/18/2026 16:15:35.041,Nordic CS Reflector A,E2:13:07:97:B1:7E,0.58,2
1/18/2026 16:15:35.375,Nordic CS Reflector A,E2:13:07:97:B1:7E,0.69,2
1/18/2026 16:15:35.376,Nordic CS Reflector A,E2:13:07:97:B1:7E,0.69,2
1/18/2026 16:15:35.785,Nordic CS Reflector A,E2:13:07:97:B1:7E,0.69,2
1/18/2026 16:15:35.786,Nordic CS Reflector A,E2:13:07:97:B1:7E,0.69,2
1/18/2026 16:15:35.989,Nordic CS Reflector A,E2:13:07:97:B1:7E,0.69,2
1/18/2026 16:15:35.990,Nordic CS Reflector A,E2:13:07:97:B1:7E,0.69,2
1/18/2026 16:15:36.192,Nordic CS Reflector A,E2:13:07:97:B1:7E,0.65,2
1/18/2026 16:15:36.193,Nordic CS Reflector A,E2:13:07:97:B1:7E,0.65,2
1/18/2026 16:15:36.410,Nordic CS Reflector A,E2:13:07:97:B1:7E,0.62,2
1/18/2026 16:15:36.411,Nordic CS Reflector A,E2:13:07:97:B1:7E,0.62,2
1/18/2026 16:15:36.678,Nordic CS Reflector A,E2:13:07:97:B1:7E,0.62,2
1/18/2026 16:15:37.149,Nordic CS Reflector A,E2:13:07:97:B1:7E,0.62,2
1/18/2026 16:15:37.150,Nordic CS Reflector A,E2:13:07:97:B1:7E,0.62,2
1/18/2026 16:15:37.325,Nordic CS Reflector A,E2:13:07:97:B1:7E,0.69,2
1/18/2026 16:15:37.547,Nordic CS Reflector A,E2:13:07:97:B1:7E,0.69,2
1/18/2026 16:15:37.548,Nordic CS Reflector A,E2:13:07:97:B1:7E,0.69,2
1/18/2026 16:15:37.763,Nordic CS Reflector A,E2:13:07:97:B1:7E,0.65,2
1/18/2026 16:15:37.764,Nordic CS Reflector A,E2:13:07:97:B1:7E,0.65,2
1/18/2026 16:15:38.077,Nordic CS Reflector A,E2:13:07:97:B1:7E,0.58,2
1/18/2026 16:15:38.078,Nordic CS Reflector A,E2:13:07:97:B1:7E,0.58,2
1/18/2026 16:15:38.531,Nordic CS Reflector A,E2:13:07:97:B1:7E,0.58,2
1/18/2026 16:15:38.733,Nordic CS Reflector A,E2:13:07:97:B1:7E,0.58,2
1/18/2026 16:15:38.897,Nordic CS Reflector A,E2:13:07:97:B1:7E,0.58,2
1/18/2026 16:15:38.898,Nordic CS Reflector A,E2:13:07:97:B1:7E,0.58,2
1/18/2026 16:15:39.108,Nordic CS Reflector A,E2:13:07:97:B1:7E,0.58,2
1/18/2026 16:15:39.109,Nordic CS Reflector A,E2:13:07:97:B1:7E,0.58,2
1/18/2026 16:15:39.110,Nordic CS Reflector A,E2:13:07:97:B1:7E,0.58,2
1/18/2026 16:15:39.377,Nordic CS Reflector A,E2:13:07:97:B1:7E,0.62,2
1/18/2026 16:15:39.825,Nordic CS Reflector A,E2:13:07:97:B1:7E,0.65,2
1/18/2026 16:15:39.826,Nordic CS Reflector A,E2:13:07:97:B1:7E,0.65,2
1/18/2026 16:15:40.040,Nordic CS Reflector A,E2:13:07:97:B1:7E,0.65,2
1/18/2026 16:15:40.041,Nordic CS Reflector A,E2:13:07:97:B1:7E,0.65,2
1/18/2026 16:15:40.242,Nordic CS Reflector A,E2:13:07:97:B1:7E,0.65,2
1/18/2026 16:15:40.243,Nordic CS Reflector A,E2:13:07:97:B1:7E,0.65,2
1/18/2026 16:15:40.447,Nordic CS Reflector A,E2:13:07:97:B1:7E,0.65,2
1/18/2026 16:15:40.448,Nordic CS Reflector A,E2:13:07:97:B1:7E,0.65,2
1/18/2026 16:15:40.752,Nordic CS Reflector A,E2:13:07:97:B1:7E,0.58,2
1/18/2026 16:15:40.753,Nordic CS Reflector A,E2:13:07:97:B1:7E,0.58,2
1/18/2026 16:15:40.965,Nordic CS Reflector A,E2:13:07:97:B1:7E,0.62,2
1/18/2026 16:15:40.966,Nordic CS Reflector A,E2:13:07:97:B1:7E,0.62,2
1/18/2026 16:15:41.213,Nordic CS Reflector A,E2:13:07:97:B1:7E,0.58,2
1/18/2026 16:15:41.214,Nordic CS Reflector A,E2:13:07:97:B1:7E,0.58,2
1/18/2026 16:15:41.375,Nordic CS Reflector A,E2:13:07:97:B1:7E,0.62,2
1/18/2026 16:15:41.599,Nordic CS Reflector A,E2:13:07:97:B1:7E,0.58,2
1/18/2026 16:15:41.852,Nordic CS Reflector A,E2:13:07:97:B1:7E,0.58,2
1/18/2026 16:15:41.853,Nordic CS Reflector A,E2:13:07:97:B1:7E,0.58,2
1/18/2026 16:15:42.361,Nordic CS Reflector A,E2:13:07:97:B1:7E,0.58,2
1/18/2026 16:15:42.579,Nordic CS Reflector A,E2:13:07:97:B1:7E,0.58,2
1/18/2026 16:15:42.580,Nordic CS Reflector A,E2:13:07:97:B1:7E,0.58,2
1/18/2026 16:15:42.766,Nordic CS Reflector A,E2:13:07:97:B1:7E,0.58,2
1/18/2026 16:15:42.767,Nordic CS Reflector A,E2:13:07:97:B1:7E,0.58,2
1/18/2026 16:15:42.939,Nordic CS Reflector A,E2:13:07:97:B1:7E,0.58,2
1/18/2026 16:15:42.940,Nordic CS Reflector A,E2:13:07:97:B1:7E,0.58,2
1/18/2026 16:15:43.731,Nordic CS Reflector A,E2:13:07:97:B1:7E,0.58,2
1/18/2026 16:15:43.934,Nordic CS Reflector A,E2:13:07:97:B1:7E,0.58,2
1/18/2026 16:15:43.935,Nordic CS Reflector A,E2:13:07:97:B1:7E,0.58,2
1/18/2026 16:15:44.105,Nordic CS Reflector A,E2:13:07:97:B1:7E,0.58,2
1/18/2026 16:15:44.106,Nordic CS Reflector A,E2:13:07:97:B1:7E,0.58,2
1/18/2026 16:15:44.286,Nordic CS Reflector A,E2:13:07:97:B1:7E,0.58,2
1/18/2026 16:15:44.287,Nordic CS Reflector A,E2:13:07:97:B1:7E,0.58,2
1/18/2026 16:15:44.555,Nordic CS Reflector A,E2:13:07:97:B1:7E,0.54,2
1/18/2026 16:15:45.013,Nordic CS Reflector A,E2:13:07:97:B1:7E,0.54,2
1/18/2026 16:15:45.219,Nordic CS Reflector A,E2:13:07:97:B1:7E,0.54,2
1/18/2026 16:15:45.220,Nordic CS Reflector A,E2:13:07:97:B1:7E,0.54,2
1/18/2026 16:15:45.432,Nordic CS Reflector A,E2:13:07:97:B1:7E,0.62,2
1/18/2026 16:15:45.433,Nordic CS Reflector A,E2:13:07:97:B1:7E,0.62,2
1/18/2026 16:15:45.649,Nordic CS Reflector A,E2:13:07:97:B1:7E,0.62,2
1/18/2026 16:15:45.650,Nordic CS Reflector A,E2:13:07:97:B1:7E,0.62,2
1/18/2026 16:15:45.894,Nordic CS Reflector A,E2:13:07:97:B1:7E,0.58,2
1/18/2026 16:15:46.379,Nordic CS Reflector A,E2:13:07:97:B1:7E,0.58,2
1/18/2026 16:15:46.582,Nordic CS Reflector A,E2:13:07:97:B1:7E,0.58,2
1/18/2026 16:15:46.785,Nordic CS Reflector A,E2:13:07:97:B1:7E,0.58,2
1/18/2026 16:15:46.786,Nordic CS Reflector A,E2:13:07:97:B1:7E,0.58,2
1/18/2026 16:15:47.053,Nordic CS Reflector A,E2:13:07:97:B1:7E,0.51,2
1/18/2026 16:15:47.054,Nordic CS Reflector A,E2:13:07:97:B1:7E,0.51,2
1/18/2026 16:15:47.261,Nordic CS Reflector A,E2:13:07:97:B1:7E,0.51,2
1/18/2026 16:15:47.719,Nordic CS Reflector A,E2:13:07:97:B1:7E,0.47,2
1/18/2026 16:15:47.720,Nordic CS Reflector A,E2:13:07:97:B1:7E,0.47,2
1/18/2026 16:15:47.912,Nordic CS Reflector A,E2:13:07:97:B1:7E,0.47,2
1/18/2026 16:15:47.913,Nordic CS Reflector A,E2:13:07:97:B1:7E,0.47,2
1/18/2026 16:15:48.122,Nordic CS Reflector A,E2:13:07:97:B1:7E,0.4,2
1/18/2026 16:15:48.123,Nordic CS Reflector A,E2:13:07:97:B1:7E,0.4,2
1/18/2026 16:15:48.346,Nordic CS Reflector A,E2:13:07:97:B1:7E,0.4,2
1/18/2026 16:15:48.665,Nordic CS Reflector A,E2:13:07:97:B1:7E,0.43,2
1/18/2026 16:15:48.666,Nordic CS Reflector A,E2:13:07:97:B1:7E,0.43,2
1/18/2026 16:15:49.067,Nordic CS Reflector A,E2:13:07:97:B1:7E,0.47,2
1/18/2026 16:15:49.263,Nordic CS Reflector A,E2:13:07:97:B1:7E,0.47,2
1/18/2026 16:15:49.264,Nordic CS Reflector A,E2:13:07:97:B1:7E,0.47,2
1/18/2026 16:15:49.483,Nordic CS Reflector A,E2:13:07:97:B1:7E,0.47,2
1/18/2026 16:15:49.484,Nordic CS Reflector A,E2:13:07:97:B1:7E,0.47,2
1/18/2026 16:15:49.688,Nordic CS Reflector A,E2:13:07:97:B1:7E,0.47,2
1/18/2026 16:15:50.015,Nordic CS Reflector A,E2:13:07:97:B1:7E,0.47,2
1/18/2026 16:15:50.405,Nordic CS Reflector A,E2:13:07:97:B1:7E,0.47,2
1/18/2026 16:15:50.406,Nordic CS Reflector A,E2:13:07:97:B1:7E,0.47,2
1/18/2026 16:15:50.623,Nordic CS Reflector A,E2:13:07:97:B1:7E,0.51,2
1/18/2026 16:15:50.624,Nordic CS Reflector A,E2:13:07:97:B1:7E,0.51,2
1/18/2026 16:15:50.827,Nordic CS Reflector A,E2:13:07:97:B1:7E,0.47,2
1/18/2026 16:15:50.828,Nordic CS Reflector A,E2:13:07:97:B1:7E,0.47,2
1/18/2026 16:15:51.069,Nordic CS Reflector A,E2:13:07:97:B1:7E,0.51,2
1/18/2026 16:15:51.330,Nordic CS Reflector A,E2:13:07:97:B1:7E,0.51,2
1/18/2026 16:15:51.331,Nordic CS Reflector A,E2:13:07:97:B1:7E,0.51,2
1/18/2026 16:15:51.764,Nordic CS Reflector A,E2:13:07:97:B1:7E,0.51,2
1/18/2026 16:15:51.765,Nordic CS Reflector A,E2:13:07:97:B1:7E,0.51,2
1/18/2026 16:15:51.976,Nordic CS Reflector A,E2:13:07:97:B1:7E,0.51,2
1/18/2026 16:15:52.185,Nordic CS Reflector A,E2:13:07:97:B1:7E,0.54,2
1/18/2026 16:15:52.186,Nordic CS Reflector A,E2:13:07:97:B1:7E,0.54,2
1/18/2026 16:15:52.390,Nordic CS Reflector A,E2:13:07:97:B1:7E,0.54,2
1/18/2026 16:15:52.391,Nordic CS Reflector A,E2:13:07:97:B1:7E,0.54,2
1/18/2026 16:15:52.659,Nordic CS Reflector A,E2:13:07:97:B1:7E,0.54,2
1/18/2026 16:15:53.122,Nordic CS Reflector A,E2:13:07:97:B1:7E,0.54,2
1/18/2026 16:15:53.317,Nordic CS Reflector A,E2:13:07:97:B1:7E,0.54,2
1/18/2026 16:15:53.318,Nordic CS Reflector A,E2:13:07:97:B1:7E,0.54,2
1/18/2026 16:15:53.601,Nordic CS Reflector A,E2:13:07:97:B1:7E,0.51,2
1/18/2026 16:15:53.602,Nordic CS Reflector A,E2:13:07:97:B1:7E,0.51,2
1/18/2026 16:15:53.735,Nordic CS Reflector A,E2:13:07:97:B1:7E,0.54,2
1/18/2026 16:15:53.736,Nordic CS Reflector A,E2:13:07:97:B1:7E,0.54,2
1/18/2026 16:15:54.009,Nordic CS Reflector A,E2:13:07:97:B1:7E,0.51,2
1/18/2026 16:15:54.010,Nordic CS Reflector A,E2:13:07:97:B1:7E,0.51,2
1/18/2026 16:15:54.474,Nordic CS Reflector A,E2:13:07:97:B1:7E,0.54,2
1/18/2026 16:15:54.668,Nordic CS Reflector A,E2:13:07:97:B1:7E,0.58,2
1/18/2026 16:15:54.883,Nordic CS Reflector A,E2:13:07:97:B1:7E,0.58,2
1/18/2026 16:15:55.095,Nordic CS Reflector A,E2:13:07:97:B1:7E,0.62,2
1/18/2026 16:15:55.096,Nordic CS Reflector A,E2:13:07:97:B1:7E,0.62,2
1/18/2026 16:15:55.097,Nordic CS Reflector A,E2:13:07:97:B1:7E,0.62,2
1/18/2026 16:15:55.358,Nordic CS Reflector A,E2:13:07:97:B1:7E,0.65,2
1/18/2026 16:15:55.359,Nordic CS Reflector A,E2:13:07:97:B1:7E,0.65,2
1/18/2026 16:15:55.360,Nordic CS Reflector A,E2:13:07:97:B1:7E,0.65,2
1/18/2026 16:15:55.835,Nordic CS Reflector A,E2:13:07:97:B1:7E,0.65,2
1/18/2026 16:15:55.836,Nordic CS Reflector A,E2:13:07:97:B1:7E,0.65,2
1/18/2026 16:15:56.040,Nordic CS Reflector A,E2:13:07:97:B1:7E,0.65,2
1/18/2026 16:15:56.312,Nordic CS Reflector A,E2:13:07:97:B1:7E,0.65,2
1/18/2026 16:15:56.473,Nordic CS Reflector A,E2:13:07:97:B1:7E,0.58,2
1/18/2026 16:15:56.474,Nordic CS Reflector A,E2:13:07:97:B1:7E,0.58,2
1/18/2026 16:15:56.743,Nordic CS Reflector A,E2:13:07:97:B1:7E,0.54,2
1/18/2026 16:15:57.223,Nordic CS Reflector A,E2:13:07:97:B1:7E,0.54,2
1/18/2026 16:15:57.409,Nordic CS Reflector A,E2:13:07:97:B1:7E,0.65,2
1/18/2026 16:15:57.608,Nordic CS Reflector A,E2:13:07:97:B1:7E,0.65,2
1/18/2026 16:15:57.609,Nordic CS Reflector A,E2:13:07:97:B1:7E,0.65,2
1/18/2026 16:15:57.813,Nordic CS Reflector A,E2:13:07:97:B1:7E,0.65,2
1/18/2026 16:15:58.143,Nordic CS Reflector A,E2:13:07:97:B1:7E,0.65,2
1/18/2026 16:15:58.144,Nordic CS Reflector A,E2:13:07:97:B1:7E,0.65,2
1/18/2026 16:15:58.573,Nordic CS Reflector A,E2:13:07:97:B1:7E,0.65,2
1/18/2026 16:15:58.803,Nordic CS Reflector A,E2:13:07:97:B1:7E,0.65,2
1/18/2026 16:15:58.804,Nordic CS Reflector A,E2:13:07:97:B1:7E,0.65,2
1/18/2026 16:15:58.957,Nordic CS Reflector A,E2:13:07:97:B1:7E,0.58,2
1/18/2026 16:15:59.169,Nordic CS Reflector A,E2:13:07:97:B1:7E,0.76,2
1/18/2026 16:15:59.474,Nordic CS Reflector A,E2:13:07:97:B1:7E,0.62,2
1/18/2026 16:15:59.475,Nordic CS Reflector A,E2:13:07:97:B1:7E,0.62,2
1/18/2026 16:15:59.673,Nordic CS Reflector A,E2:13:07:97:B1:7E,0.62,2
1/18/2026 16:15:59.889,Nordic CS Reflector A,E2:13:07:97:B1:7E,0.62,2
1/18/2026 16:16:00.090,Nordic CS Reflector A,E2:13:07:97:B1:7E,0.76,2
1/18/2026 16:16:00.091,Nordic CS Reflector A,E2:13:07:97:B1:7E,0.76,2
1/18/2026 16:16:00.318,Nordic CS Reflector A,E2:13:07:97:B1:7E,0.76,2
1/18/2026 16:16:00.319,Nordic CS Reflector A,E2:13:07:97:B1:7E,0.76,2
1/18/2026 16:16:00.612,Nordic CS Reflector A,E2:13:07:97:B1:7E,0.65,2
1/18/2026 16:16:00.826,Nordic CS Reflector A,E2:13:07:97:B1:7E,0.65,2
1/18/2026 16:16:01.049,Nordic CS Reflector A,E2:13:07:97:B1:7E,0.76,2
1/18/2026 16:16:01.295,Nordic CS Reflector A,E2:13:07:97:B1:7E,0.76,2
1/18/2026 16:16:01.296,Nordic CS Reflector A,E2:13:07:97:B1:7E,0.76,2
1/18/2026 16:16:01.440,Nordic CS Reflector A,E2:13:07:97:B1:7E,0.62,2
1/18/2026 16:16:01.441,Nordic CS Reflector A,E2:13:07:97:B1:7E,0.62,2
1/18/2026 16:16:01.714,Nordic CS Reflector A,E2:13:07:97:B1:7E,0.62,2
1/18/2026 16:16:02.198,Nordic CS Reflector A,E2:13:07:97:B1:7E,0.58,2
1/18/2026 16:16:02.199,Nordic CS Reflector A,E2:13:07:97:B1:7E,0.58,2
1/18/2026 16:16:02.415,Nordic CS Reflector A,E2:13:07:97:B1:7E,0.62,2
1/18/2026 16:16:02.416,Nordic CS Reflector A,E2:13:07:97:B1:7E,0.62,2
1/18/2026 16:16:02.586,Nordic CS Reflector A,E2:13:07:97:B1:7E,0.62,2
1/18/2026 16:16:02.853,Nordic CS Reflector A,E2:13:07:97:B1:7E,0.65,2
1/18/2026 16:16:02.854,Nordic CS Reflector A,E2:13:07:97:B1:7E,0.65,2
1/18/2026 16:16:03.064,Nordic CS Reflector A,E2:13:07:97:B1:7E,0.65,2
1/18/2026 16:16:03.372,Nordic CS Reflector A,E2:13:07:97:B1:7E,0.65,2
1/18/2026 16:16:03.591,Nordic CS Reflector A,E2:13:07:97:B1:7E,0.73,2
1/18/2026 16:16:03.592,Nordic CS Reflector A,E2:13:07:97:B1:7E,0.73,2
1/18/2026 16:16:03.725,Nordic CS Reflector A,E2:13:07:97:B1:7E,0.73,2
1/18/2026 16:16:03.726,Nordic CS Reflector A,E2:13:07:97:B1:7E,0.73,2
1/18/2026 16:16:03.930,Nordic CS Reflector A,E2:13:07:97:B1:7E,0.76,2
1/18/2026 16:16:04.213,Nordic CS Reflector A,E2:13:07:97:B1:7E,0.73,2
1/18/2026 16:16:04.662,Nordic CS Reflector A,E2:13:07:97:B1:7E,0.69,2
1/18/2026 16:16:04.663,Nordic CS Reflector A,E2:13:07:97:B1:7E,0.69,2
1/18/2026 16:16:04.878,Nordic CS Reflector A,E2:13:07:97:B1:7E,0.62,2
1/18/2026 16:16:04.879,Nordic CS Reflector A,E2:13:07:97:B1:7E,0.62,2
1/18/2026 16:16:05.077,Nordic CS Reflector A,E2:13:07:97:B1:7E,0.62,2
1/18/2026 16:16:05.347,Nordic CS Reflector A,E2:13:07:97:B1:7E,0.73,2
1/18/2026 16:16:05.554,Nordic CS Reflector A,E2:13:07:97:B1:7E,0.73,2
1/18/2026 16:16:05.555,Nordic CS Reflector A,E2:13:07:97:B1:7E,0.73,2
1/18/2026 16:16:06.045,Nordic CS Reflector A,E2:13:07:97:B1:7E,0.76,2
1/18/2026 16:16:06.046,Nordic CS Reflector A,E2:13:07:97:B1:7E,0.76,2
1/18/2026 16:16:06.245,Nordic CS Reflector A,E2:13:07:97:B1:7E,0.65,2
1/18/2026 16:16:06.246,Nordic CS Reflector A,E2:13:07:97:B1:7E,0.65,2
1/18/2026 16:16:06.459,Nordic CS Reflector A,E2:13:07:97:B1:7E,0.76,2
1/18/2026 16:16:06.672,Nordic CS Reflector A,E2:13:07:97:B1:7E,0.73,2
1/18/2026 16:16:06.673,Nordic CS Reflector A,E2:13:07:97:B1:7E,0.73,2
1/18/2026 16:16:06.944,Nordic CS Reflector A,E2:13:07:97:B1:7E,0.73,2
1/18/2026 16:16:06.945,Nordic CS Reflector A,E2:13:07:97:B1:7E,0.73,2
1/18/2026 16:16:07.440,Nordic CS Reflector A,E2:13:07:97:B1:7E,0.69,2
1/18/2026 16:16:07.573,Nordic CS Reflector A,E2:13:07:97:B1:7E,0.69,2
1/18/2026 16:16:07.812,Nordic CS Reflector A,E2:13:07:97:B1:7E,0.58,2
1/18/2026 16:16:07.813,Nordic CS Reflector A,E2:13:07:97:B1:7E,0.58,2
1/18/2026 16:16:08.017,Nordic CS Reflector A,E2:13:07:97:B1:7E,0.62,2
1/18/2026 16:16:08.018,Nordic CS Reflector A,E2:13:07:97:B1:7E,0.62,2
1/18/2026 16:16:08.285,Nordic CS Reflector A,E2:13:07:97:B1:7E,0.51,2
1/18/2026 16:16:08.286,Nordic CS Reflector A,E2:13:07:97:B1:7E,0.51,2
1/18/2026 16:16:08.743,Nordic CS Reflector A,E2:13:07:97:B1:7E,0.62,2
1/18/2026 16:16:08.940,Nordic CS Reflector A,E2:13:07:97:B1:7E,0.69,2
1/18/2026 16:16:08.941,Nordic CS Reflector A,E2:13:07:97:B1:7E,0.69,2
1/18/2026 16:16:09.155,Nordic CS Reflector A,E2:13:07:97:B1:7E,0.73,2
1/18/2026 16:16:09.380,Nordic CS Reflector A,E2:13:07:97:B1:7E,0.76,2
1/18/2026 16:16:09.631,Nordic CS Reflector A,E2:13:07:97:B1:7E,0.76,2
1/18/2026 16:16:09.632,Nordic CS Reflector A,E2:13:07:97:B1:7E,0.76,2
1/18/2026 16:16:10.098,Nordic CS Reflector A,E2:13:07:97:B1:7E,0.73,2
1/18/2026 16:16:10.099,Nordic CS Reflector A,E2:13:07:97:B1:7E,0.73,2
1/18/2026 16:16:10.289,Nordic CS Reflector A,E2:13:07:97:B1:7E,0.73,2
1/18/2026 16:16:10.508,Nordic CS Reflector A,E2:13:07:97:B1:7E,0.73,2
1/18/2026 16:16:10.509,Nordic CS Reflector A,E2:13:07:97:B1:7E,0.73,2
1/18/2026 16:16:10.710,Nordic CS Reflector A,E2:13:07:97:B1:7E,0.69,2
1/18/2026 16:16:10.989,Nordic CS Reflector A,E2:13:07:97:B1:7E,0.69,2
1/18/2026 16:16:10.990,Nordic CS Reflector A,E2:13:07:97:B1:7E,0.69,2
1/18/2026 16:16:11.436,Nordic CS Reflector A,E2:13:07:97:B1:7E,0.62,2
1/18/2026 16:16:11.437,Nordic CS Reflector A,E2:13:07:97:B1:7E,0.62,2
1/18/2026 16:16:11.645,Nordic CS Reflector A,E2:13:07:97:B1:7E,0.65,2
1/18/2026 16:16:11.865,Nordic CS Reflector A,E2:13:07:97:B1:7E,0.65,2
1/18/2026 16:16:12.085,Nordic CS Reflector A,E2:13:07:97:B1:7E,0.65,2
1/18/2026 16:16:12.086,Nordic CS Reflector A,E2:13:07:97:B1:7E,0.65,2
1/18/2026 16:16:12.343,Nordic CS Reflector A,E2:13:07:97:B1:7E,0.69,2
1/18/2026 16:16:12.777,Nordic CS Reflector A,E2:13:07:97:B1:7E,0.69,2
1/18/2026 16:16:13.067,Nordic CS Reflector A,E2:13:07:97:B1:7E,0.69,2
1/18/2026 16:16:13.242,Nordic CS Reflector A,E2:13:07:97:B1:7E,0.69,2
1/18/2026 16:16:13.243,Nordic CS Reflector A,E2:13:07:97:B1:7E,0.69,2
1/18/2026 16:16:13.244,Nordic CS Reflector A,E2:13:07:97:B1:7E,0.69,2
1/18/2026 16:16:13.487,Nordic CS Reflector A,E2:13:07:97:B1:7E,0.69,2
1/18/2026 16:16:13.704,Nordic CS Reflector A,E2:13:07:97:B1:7E,0.73,2
1/18/2026 16:16:13.705,Nordic CS Reflector A,E2:13:07:97:B1:7E,0.73,2
1/18/2026 16:16:14.147,Nordic CS Reflector A,E2:13:07:97:B1:7E,0.73,2
1/18/2026 16:16:14.352,Nordic CS Reflector A,E2:13:07:97:B1:7E,0.73,2
1/18/2026 16:16:14.618,Nordic CS Reflector A,E2:13:07:97:B1:7E,0.8,2
1/18/2026 16:16:14.619,Nordic CS Reflector A,E2:13:07:97:B1:7E,0.8,2
1/18/2026 16:16:14.771,Nordic CS Reflector A,E2:13:07:97:B1:7E,0.8,2
1/18/2026 16:16:15.034,Nordic CS Reflector A,E2:13:07:97:B1:7E,0.73,2
1/18/2026 16:16:15.035,Nordic CS Reflector A,E2:13:07:97:B1:7E,0.73,2
1/18/2026 16:16:15.498,Nordic CS Reflector A,E2:13:07:97:B1:7E,0.58,2
1/18/2026 16:16:15.499,Nordic CS Reflector A,E2:13:07:97:B1:7E,0.58,2
1/18/2026 16:16:15.702,Nordic CS Reflector A,E2:13:07:97:B1:7E,0.58,2
1/18/2026 16:16:15.703,Nordic CS Reflector A,E2:13:07:97:B1:7E,0.58,2
1/18/2026 16:16:15.915,Nordic CS Reflector A,E2:13:07:97:B1:7E,0.69,2
1/18/2026 16:16:16.124,Nordic CS Reflector A,E2:13:07:97:B1:7E,0.8,2
1/18/2026 16:16:16.382,Nordic CS Reflector A,E2:13:07:97:B1:7E,0.69,0
1/18/2026 16:16:16.835,Nordic CS Reflector A,E2:13:07:97:B1:7E,0.8,2
1/18/2026 16:16:17.055,Nordic CS Reflector A,E2:13:07:97:B1:7E,0.73,2
1/18/2026 16:16:17.261,Nordic CS Reflector A,E2:13:07:97:B1:7E,0.73,2
1/18/2026 16:16:17.262,Nordic CS Reflector A,E2:13:07:97:B1:7E,0.73,2
1/18/2026 16:16:17.500,Nordic CS Reflector A,E2:13:07:97:B1:7E,0.62,2
1/18/2026 16:16:17.501,Nordic CS Reflector A,E2:13:07:97:B1:7E,0.62,2
1/18/2026 16:16:17.744,Nordic CS Reflector A,E2:13:07:97:B1:7E,0.54,2
1/18/2026 16:16:18.200,Nordic CS Reflector A,E2:13:07:97:B1:7E,0.54,2
1/18/2026 16:16:18.201,Nordic CS Reflector A,E2:13:07:97:B1:7E,0.54,2
1/18/2026 16:16:18.408,Nordic CS Reflector A,E2:13:07:97:B1:7E,0.58,2
1/18/2026 16:16:18.648,Nordic CS Reflector A,E2:13:07:97:B1:7E,0.62,2
1/18/2026 16:16:18.822,Nordic CS Reflector A,E2:13:07:97:B1:7E,0.76,2
1/18/2026 16:16:18.823,Nordic CS Reflector A,E2:13:07:97:B1:7E,0.76,2
1/18/2026 16:16:19.141,Nordic CS Reflector A,E2:13:07:97:B1:7E,0.76,2
1/18/2026 16:16:19.142,Nordic CS Reflector A,E2:13:07:97:B1:7E,0.76,2
1/18/2026 16:16:19.552,Nordic CS Reflector A,E2:13:07:97:B1:7E,0.76,2
1/18/2026 16:16:19.751,Nordic CS Reflector A,E2:13:07:97:B1:7E,0.76,2
1/18/2026 16:16:19.752,Nordic CS Reflector A,E2:13:07:97:B1:7E,0.76,2
1/18/2026 16:16:19.975,Nordic CS Reflector A,E2:13:07:97:B1:7E,0.76,2
1/18/2026 16:16:20.172,Nordic CS Reflector A,E2:13:07:97:B1:7E,0.76,2
1/18/2026 16:16:20.173,Nordic CS Reflector A,E2:13:07:97:B1:7E,0.76,2
1/18/2026 16:16:20.438,Nordic CS Reflector A,E2:13:07:97:B1:7E,0.76,2
1/18/2026 16:16:20.993,Nordic CS Reflector A,E2:13:07:97:B1:7E,0.73,2
1/18/2026 16:16:20.994,Nordic CS Reflector A,E2:13:07:97:B1:7E,0.73,2
1/18/2026 16:16:21.092,Nordic CS Reflector A,E2:13:07:97:B1:7E,0.69,2
1/18/2026 16:16:21.315,Nordic CS Reflector A,E2:13:07:97:B1:7E,0.69,2
1/18/2026 16:16:21.519,Nordic CS Reflector A,E2:13:07:97:B1:7E,0.69,2
1/18/2026 16:16:21.520,Nordic CS Reflector A,E2:13:07:97:B1:7E,0.69,2
1/18/2026 16:16:21.792,Nordic CS Reflector A,E2:13:07:97:B1:7E,0.69,2
1/18/2026 16:16:21.793,Nordic CS Reflector A,E2:13:07:97:B1:7E,0.69,2
1/18/2026 16:16:22.335,Nordic CS Reflector A,E2:13:07:97:B1:7E,0.69,2
1/18/2026 16:16:22.336,Nordic CS Reflector A,E2:13:07:97:B1:7E,0.69,2
1/18/2026 16:16:22.485,Nordic CS Reflector A,E2:13:07:97:B1:7E,0.65,2
1/18/2026 16:16:22.486,Nordic CS Reflector A,E2:13:07:97:B1:7E,0.65,2
1/18/2026 16:16:22.698,Nordic CS Reflector A,E2:13:07:97:B1:7E,0.65,2
1/18/2026 16:16:22.897,Nordic CS Reflector A,E2:13:07:97:B1:7E,0.65,2
1/18/2026 16:16:22.898,Nordic CS Reflector A,E2:13:07:97:B1:7E,0.65,2
1/18/2026 16:16:23.173,Nordic CS Reflector A,E2:13:07:97:B1:7E,0.65,2
1/18/2026 16:16:23.174,Nordic CS Reflector A,E2:13:07:97:B1:7E,0.65,2
1/18/2026 16:16:23.659,Nordic CS Reflector A,E2:13:07:97:B1:7E,0.73,2
1/18/2026 16:16:23.660,Nordic CS Reflector A,E2:13:07:97:B1:7E,0.73,2
1/18/2026 16:16:23.836,Nordic CS Reflector A,E2:13:07:97:B1:7E,0.73,2
1/18/2026 16:16:24.031,Nordic CS Reflector A,E2:13:07:97:B1:7E,0.73,2
1/18/2026 16:16:24.281,Nordic CS Reflector A,E2:13:07:97:B1:7E,0.76,2
1/18/2026 16:16:24.519,Nordic CS Reflector A,E2:13:07:97:B1:7E,0.73,2
1/18/2026 16:16:24.520,Nordic CS Reflector A,E2:13:07:97:B1:7E,0.73,2
1/18/2026 16:16:24.967,Nordic CS Reflector A,E2:13:07:97:B1:7E,0.73,2
1/18/2026 16:16:24.968,Nordic CS Reflector A,E2:13:07:97:B1:7E,0.73,2
1/18/2026 16:16:25.175,Nordic CS Reflector A,E2:13:07:97:B1:7E,0.73,2
1/18/2026 16:16:25.450,Nordic CS Reflector A,E2:13:07:97:B1:7E,0.76,2
1/18/2026 16:16:25.595,Nordic CS Reflector A,E2:13:07:97:B1:7E,0.76,2
1/18/2026 16:16:25.596,Nordic CS Reflector A,E2:13:07:97:B1:7E,0.76,2
1/18/2026 16:16:25.871,Nordic CS Reflector A,E2:13:07:97:B1:7E,0.76,2
1/18/2026 16:16:25.872,Nordic CS Reflector A,E2:13:07:97:B1:7E,0.76,2
1/18/2026 16:16:26.333,Nordic CS Reflector A,E2:13:07:97:B1:7E,0.73,2
1/18/2026 16:16:26.334,Nordic CS Reflector A,E2:13:07:97:B1:7E,0.73,2
1/18/2026 16:16:26.534,Nordic CS Reflector A,E2:13:07:97:B1:7E,0.69,2
1/18/2026 16:16:26.737,Nordic CS Reflector A,E2:13:07:97:B1:7E,0.69,2
1/18/2026 16:16:26.738,Nordic CS Reflector A,E2:13:07:97:B1:7E,0.69,2
1/18/2026 16:16:26.995,Nordic CS Reflector A,E2:13:07:97:B1:7E,0.69,2
1/18/2026 16:16:26.996,Nordic CS Reflector A,E2:13:07:97:B1:7E,0.69,2
1/18/2026 16:16:27.221,Nordic CS Reflector A,E2:13:07:97:B1:7E,0.76,2
1/18/2026 16:16:27.222,Nordic CS Reflector A,E2:13:07:97:B1:7E,0.76,2
1/18/2026 16:16:27.670,Nordic CS Reflector A,E2:13:07:97:B1:7E,0.76,2
1/18/2026 16:16:27.671,Nordic CS Reflector A,E2:13:07:97:B1:7E,0.76,2
1/18/2026 16:16:27.887,Nordic CS Reflector A,E2:13:07:97:B1:7E,0.76,2
1/18/2026 16:16:27.888,Nordic CS Reflector A,E2:13:07:97:B1:7E,0.76,2
1/18/2026 16:16:28.101,Nordic CS Reflector A,E2:13:07:97:B1:7E,0.76,2
1/18/2026 16:16:28.102,Nordic CS Reflector A,E2:13:07:97:B1:7E,0.76,2
1/18/2026 16:16:28.355,Nordic CS Reflector A,E2:13:07:97:B1:7E,0.8,2
1/18/2026 16:16:28.568,Nordic CS Reflector A,E2:13:07:97:B1:7E,0.76,2
1/18/2026 16:16:29.076,Nordic CS Reflector A,E2:13:07:97:B1:7E,0.76,2
1/18/2026 16:16:29.230,Nordic CS Reflector A,E2:13:07:97:B1:7E,0.76,2
1/18/2026 16:16:29.429,Nordic CS Reflector A,E2:13:07:97:B1:7E,0.73,2
1/18/2026 16:16:29.659,Nordic CS Reflector A,E2:13:07:97:B1:7E,0.73,2
1/18/2026 16:16:29.660,Nordic CS Reflector A,E2:13:07:97:B1:7E,0.73,2
1/18/2026 16:16:29.927,Nordic CS Reflector A,E2:13:07:97:B1:7E,0.8,2
1/18/2026 16:16:29.928,Nordic CS Reflector A,E2:13:07:97:B1:7E,0.8,2
1/18/2026 16:16:30.371,Nordic CS Reflector A,E2:13:07:97:B1:7E,0.8,2
1/18/2026 16:16:30.372,Nordic CS Reflector A,E2:13:07:97:B1:7E,0.8,2
1/18/2026 16:16:30.642,Nordic CS Reflector A,E2:13:07:97:B1:7E,0.76,2
1/18/2026 16:16:30.786,Nordic CS Reflector A,E2:13:07:97:B1:7E,0.76,2
1/18/2026 16:16:30.787,Nordic CS Reflector A,E2:13:07:97:B1:7E,0.76,2
1/18/2026 16:16:31.002,Nordic CS Reflector A,E2:13:07:97:B1:7E,0.73,2
1/18/2026 16:16:31.003,Nordic CS Reflector A,E2:13:07:97:B1:7E,0.73,2
1/18/2026 16:16:31.270,Nordic CS Reflector A,E2:13:07:97:B1:7E,0.73,2
1/18/2026 16:16:31.730,Nordic CS Reflector A,E2:13:07:97:B1:7E,0.73,2
1/18/2026 16:16:31.731,Nordic CS Reflector A,E2:13:07:97:B1:7E,0.73,2
1/18/2026 16:16:31.930,Nordic CS Reflector A,E2:13:07:97:B1:7E,0.8,2
1/18/2026 16:16:31.931,Nordic CS Reflector A,E2:13:07:97:B1:7E,0.8,2
1/18/2026 16:16:32.146,Nordic CS Reflector A,E2:13:07:97:B1:7E,0.8,2
1/18/2026 16:16:32.147,Nordic CS Reflector A,E2:13:07:97:B1:7E,0.8,2
1/18/2026 16:16:32.344,Nordic CS Reflector A,E2:13:07:97:B1:7E,0.8,2
1/18/2026 16:16:32.345,Nordic CS Reflector A,E2:13:07:97:B1:7E,0.8,2
1/18/2026 16:16:32.629,Nordic CS Reflector A,E2:13:07:97:B1:7E,0.84,2
1/18/2026 16:16:33.069,Nordic CS Reflector A,E2:13:07:97:B1:7E,0.84,2
1/18/2026 16:16:33.293,Nordic CS Reflector A,E2:13:07:97:B1:7E,0.84,2
1/18/2026 16:16:33.495,Nordic CS Reflector A,E2:13:07:97:B1:7E,0.8,2
1/18/2026 16:16:33.496,Nordic CS Reflector A,E2:13:07:97:B1:7E,0.8,2
1/18/2026 16:16:33.757,Nordic CS Reflector A,E2:13:07:97:B1:7E,0.8,2
1/18/2026 16:16:33.758,Nordic CS Reflector A,E2:13:07:97:B1:7E,0.8,2
1/18/2026 16:16:33.969,Nordic CS Reflector A,E2:13:07:97:B1:7E,0.65,2
1/18/2026 16:16:34.421,Nordic CS Reflector A,E2:13:07:97:B1:7E,0.65,2
1/18/2026 16:16:34.630,Nordic CS Reflector A,E2:13:07:97:B1:7E,0.69,2
1/18/2026 16:16:34.842,Nordic CS Reflector A,E2:13:07:97:B1:7E,0.73,2
1/18/2026 16:16:34.843,Nordic CS Reflector A,E2:13:07:97:B1:7E,0.73,2
1/18/2026 16:16:34.844,Nordic CS Reflector A,E2:13:07:97:B1:7E,0.73,2
1/18/2026 16:16:35.055,Nordic CS Reflector A,E2:13:07:97:B1:7E,0.76,2
1/18/2026 16:16:35.056,Nordic CS Reflector A,E2:13:07:97:B1:7E,0.76,2
1/18/2026 16:16:35.316,Nordic CS Reflector A,E2:13:07:97:B1:7E,0.84,2
1/18/2026 16:16:35.317,Nordic CS Reflector A,E2:13:07:97:B1:7E,0.84,2
1/18/2026 16:16:35.765,Nordic CS Reflector A,E2:13:07:97:B1:7E,0.76,2
1/18/2026 16:16:36.072,Nordic CS Reflector A,E2:13:07:97:B1:7E,0.73,2
1/18/2026 16:16:36.073,Nordic CS Reflector A,E2:13:07:97:B1:7E,0.73,2
1/18/2026 16:16:36.188,Nordic CS Reflector A,E2:13:07:97:B1:7E,0.73,2
1/18/2026 16:16:36.189,Nordic CS Reflector A,E2:13:07:97:B1:7E,0.73,2
1/18/2026 16:16:36.400,Nordic CS Reflector A,E2:13:07:97:B1:7E,0.8,2
1/18/2026 16:16:36.401,Nordic CS Reflector A,E2:13:07:97:B1:7E,0.8,2
1/18/2026 16:16:36.681,Nordic CS Reflector A,E2:13:07:97:B1:7E,0.8,2
1/18/2026 16:16:36.682,Nordic CS Reflector A,E2:13:07:97:B1:7E,0.8,2
1/18/2026 16:16:37.175,Nordic CS Reflector A,E2:13:07:97:B1:7E,0.73,2
1/18/2026 16:16:37.176,Nordic CS Reflector A,E2:13:07:97:B1:7E,0.73,2
1/18/2026 16:16:37.326,Nordic CS Reflector A,E2:13:07:97:B1:7E,0.73,2
1/18/2026 16:16:37.327,Nordic CS Reflector A,E2:13:07:97:B1:7E,0.73,2
1/18/2026 16:16:37.542,Nordic CS Reflector A,E2:13:07:97:B1:7E,0.73,2
1/18/2026 16:16:37.543,Nordic CS Reflector A,E2:13:07:97:B1:7E,0.73,2
1/18/2026 16:16:37.745,Nordic CS Reflector A,E2:13:07:97:B1:7E,0.62,2
1/18/2026 16:16:38.021,Nordic CS Reflector A,E2:13:07:97:B1:7E,0.62,2
1/18/2026 16:16:38.022,Nordic CS Reflector A,E2:13:07:97:B1:7E,0.62,2
1/18/2026 16:16:38.480,Nordic CS Reflector A,E2:13:07:97:B1:7E,0.69,2
1/18/2026 16:16:38.677,Nordic CS Reflector A,E2:13:07:97:B1:7E,0.69,2
1/18/2026 16:16:38.885,Nordic CS Reflector A,E2:13:07:97:B1:7E,0.95,2
1/18/2026 16:16:39.105,Nordic CS Reflector A,E2:13:07:97:B1:7E,0.54,2
1/18/2026 16:16:39.106,Nordic CS Reflector A,E2:13:07:97:B1:7E,0.54,2
1/18/2026 16:16:39.444,Nordic CS Reflector A,E2:13:07:97:B1:7E,0.54,2
1/18/2026 16:16:39.826,Nordic CS Reflector A,E2:13:07:97:B1:7E,0.54,2
1/18/2026 16:16:39.827,Nordic CS Reflector A,E2:13:07:97:B1:7E,0.54,2
1/18/2026 16:16:40.035,Nordic CS Reflector A,E2:13:07:97:B1:7E,0.87,2
1/18/2026 16:16:40.036,Nordic CS Reflector A,E2:13:07:97:B1:7E,0.87,2
1/18/2026 16:16:40.264,Nordic CS Reflector A,E2:13:07:97:B1:7E,0.87,2
1/18/2026 16:16:40.265,Nordic CS Reflector A,E2:13:07:97:B1:7E,0.87,2
1/18/2026 16:16:40.450,Nordic CS Reflector A,E2:13:07:97:B1:7E,0.87,2
1/18/2026 16:16:40.451,Nordic CS Reflector A,E2:13:07:97:B1:7E,0.87,2
1/18/2026 16:16:40.729,Nordic CS Reflector A,E2:13:07:97:B1:7E,0.51,2
1/18/2026 16:16:40.730,Nordic CS Reflector A,E2:13:07:97:B1:7E,0.51,2
1/18/2026 16:16:41.174,Nordic CS Reflector A,E2:13:07:97:B1:7E,0.51,2
1/18/2026 16:16:41.175,Nordic CS Reflector A,E2:13:07:97:B1:7E,0.51,2
1/18/2026 16:16:41.374,Nordic CS Reflector A,E2:13:07:97:B1:7E,0.51,2
1/18/2026 16:16:41.375,Nordic CS Reflector A,E2:13:07:97:B1:7E,0.51,2
1/18/2026 16:16:41.594,Nordic CS Reflector A,E2:13:07:97:B1:7E,0.91,2
1/18/2026 16:16:41.595,Nordic CS Reflector A,E2:13:07:97:B1:7E,0.91,2
1/18/2026 16:16:41.809,Nordic CS Reflector A,E2:13:07:97:B1:7E,0.98,2
1/18/2026 16:16:42.071,Nordic CS Reflector A,E2:13:07:97:B1:7E,0.98,2
1/18/2026 16:16:42.533,Nordic CS Reflector A,E2:13:07:97:B1:7E,0.98,2
1/18/2026 16:16:42.743,Nordic CS Reflector A,E2:13:07:97:B1:7E,1.13,2
1/18/2026 16:16:42.744,Nordic CS Reflector A,E2:13:07:97:B1:7E,1.13,2
1/18/2026 16:16:42.954,Nordic CS Reflector A,E2:13:07:97:B1:7E,1.13,2
1/18/2026 16:16:42.956,Nordic CS Reflector A,E2:13:07:97:B1:7E,1.13,2
1/18/2026 16:16:43.163,Nordic CS Reflector A,E2:13:07:97:B1:7E,1.13,2
1/18/2026 16:16:43.164,Nordic CS Reflector A,E2:13:07:97:B1:7E,1.13,2
