Timestamp,Device Name,Address,Distance (m),Confidence Level
1/18/2026 16:31:33.834,Nordic CS Reflector A,E2:13:07:97:B1:7E,25.69,2
1/18/2026 16:31:33.835,Nordic CS Reflector A,E2:13:07:97:B1:7E,25.69,2
1/18/2026 16:31:33.996,Nordic CS Reflector A,E2:13:07:97:B1:7E,25.61,2
1/18/2026 16:31:34.333,Nordic CS Reflector A,E2:13:07:97:B1:7E,25.61,2
1/18/2026 16:31:34.334,Nordic CS Reflector A,E2:13:07:97:B1:7E,25.61,2
1/18/2026 16:31:34.803,Nordic CS Reflector A,E2:13:07:97:B1:7E,25.54,2
1/18/2026 16:31:34.804,Nordic CS Reflector A,E2:13:07:97:B1:7E,25.54,2
1/18/2026 16:31:34.805,Nordic CS Reflector A,E2:13:07:97:B1:7E,25.54,2
1/18/2026 16:31:34.946,Nordic CS Reflector A,E2:13:07:97:B1:7E,25.54,2
1/18/2026 16:31:34.947,Nordic CS Reflector A,E2:13:07:97:B1:7E,25.54,2
1/18/2026 16:31:35.164,Nordic CS Reflector A,E2:13:07:97:B1:7E,25.54,2
1/18/2026 16:31:35.166,Nordic CS Reflector A,E2:13:07:97:B1:7E,25.54,2
1/18/2026 16:31:35.167,Nordic CS Reflector A,E2:13:07:97:B1:7E,25.54,2
1/18/2026 16:31:35.378,Nordic CS Reflector A,E2:13:07:97:B1:7E,25.54,2
1/18/2026 16:31:35.380,Nordic CS Reflector A,E2:13:07:97:B1:7E,25.54,2
1/18/2026 16:31:35.686,Nordic CS Reflector A,E2:13:07:97:B1:7E,25.5,2
1/18/2026 16:31:35.687,Nordic CS Reflector A,E2:13:07:97:B1:7E,25.5,2
1/18/2026 16:31:36.092,Nordic CS Reflector A,E2:13:07:97:B1:7E,25.5,2
1/18/2026 16:31:36.093,Nordic CS Reflector A,E2:13:07:97:B1:7E,25.5,2
1/18/2026 16:31:36.305,Nordic CS Reflector A,E2:13:07:97:B1:7E,25.58,2
1/18/2026 16:31:36.487,Nordic CS Reflector A,E2:13:07:97:B1:7E,25.58,2
1/18/2026 16:31:36.488,Nordic CS Reflector A,E2:13:07:97:B1:7E,25.58,2
1/18/2026 16:31:36.684,Nordic CS Reflector A,E2:13:07:97:B1:7E,25.54,2
1/18/2026 16:31:36.965,Nordic CS Reflector A,E2:13:07:97:B1:7E,25.5,2
1/18/2026 16:31:37.414,Nordic CS Reflector A,E2:13:07:97:B1:7E,25.47,2
1/18/2026 16:31:37.646,Nordic CS Reflector A,E2:13:07:97:B1:7E,25.47,2
1/18/2026 16:31:37.647,Nordic CS Reflector A,E2:13:07:97:B1:7E,25.47,2
1/18/2026 16:31:37.868,Nordic CS Reflector A,E2:13:07:97:B1:7E,25.47,2
1/18/2026 16:31:38.073,Nordic CS Reflector A,E2:13:07:97:B1:7E,25.94,2
1/18/2026 16:31:38.338,Nordic CS Reflector A,E2:13:07:97:B1:7E,25.8,2
1/18/2026 16:31:38.762,Nordic CS Reflector A,E2:13:07:97:B1:7E,25.8,2
1/18/2026 16:31:38.979,Nordic CS Reflector A,E2:13:07:97:B1:7E,25.8,2
1/18/2026 16:31:39.194,Nordic CS Reflector A,E2:13:07:97:B1:7E,25.8,2
1/18/2026 16:31:39.407,Nordic CS Reflector A,E2:13:07:97:B1:7E,25.8,2
1/18/2026 16:31:39.408,Nordic CS Reflector A,E2:13:07:97:B1:7E,25.8,2
1/18/2026 16:31:39.675,Nordic CS Reflector A,E2:13:07:97:B1:7E,25.58,2
1/18/2026 16:31:39.676,Nordic CS Reflector A,E2:13:07:97:B1:7E,25.58,2
1/18/2026 16:31:40.182,Nordic CS Reflector A,E2:13:07:97:B1:7E,25.5,2
1/18/2026 16:31:40.183,Nordic CS Reflector A,E2:13:07:97:B1:7E,25.5,2
1/18/2026 16:31:40.425,Nordic CS Reflector A,E2:13:07:97:B1:7E,25.5,2
1/18/2026 16:31:40.576,Nordic CS Reflector A,E2:13:07:97:B1:7E,25.5,2
1/18/2026 16:31:40.797,Nordic CS Reflector A,E2:13:07:97:B1:7E,25.58,2
1/18/2026 16:31:40.798,Nordic CS Reflector A,E2:13:07:97:B1:7E,25.58,2
1/18/2026 16:31:41.057,Nordic CS Reflector A,E2:13:07:97:B1:7E,25.25,2
1/18/2026 16:31:41.058,Nordic CS Reflector A,E2:13:07:97:B1:7E,25.25,2
1/18/2026 16:31:41.512,Nordic CS Reflector A,E2:13:07:97:B1:7E,25.39,2
1/18/2026 16:31:41.513,Nordic CS Reflector A,E2:13:07:97:B1:7E,25.39,2
1/18/2026 16:31:41.714,Nordic CS Reflector A,E2:13:07:97:B1:7E,25.39,2
1/18/2026 16:31:41.715,Nordic CS Reflector A,E2:13:07:97:B1:7E,25.39,2
1/18/2026 16:31:41.983,Nordic CS Reflector A,E2:13:07:97:B1:7E,25.39,2
1/18/2026 16:31:41.984,Nordic CS Reflector A,E2:13:07:97:B1:7E,25.39,2
1/18/2026 16:31:42.132,Nordic CS Reflector A,E2:13:07:97:B1:7E,25.43,2
1/18/2026 16:31:42.133,Nordic CS Reflector A,E2:13:07:97:B1:7E,25.43,2
1/18/2026 16:31:42.474,Nordic CS Reflector A,E2:13:07:97:B1:7E,25.39,2
1/18/2026 16:31:42.856,Nordic CS Reflector A,E2:13:07:97:B1:7E,25.32,2
1/18/2026 16:31:43.085,Nordic CS Reflector A,E2:13:07:97:B1:7E,25.32,2
1/18/2026 16:31:43.279,Nordic CS Reflector A,E2:13:07:97:B1:7E,25.32,2
1/18/2026 16:31:43.556,Nordic CS Reflector A,E2:13:07:97:B1:7E,25.32,2
1/18/2026 16:31:43.557,Nordic CS Reflector A,E2:13:07:97:B1:7E,25.32,2
1/18/2026 16:31:43.758,Nordic CS Reflector A,E2:13:07:97:B1:7E,25.36,2
1/18/2026 16:31:43.759,Nordic CS Reflector A,E2:13:07:97:B1:7E,25.36,2
1/18/2026 16:31:44.293,Nordic CS Reflector A,E2:13:07:97:B1:7E,25.36,2
1/18/2026 16:31:44.294,Nordic CS Reflector A,E2:13:07:97:B1:7E,25.36,2
1/18/2026 16:31:44.501,Nordic CS Reflector A,E2:13:07:97:B1:7E,25.36,2
1/18/2026 16:31:44.780,Nordic CS Reflector A,E2:13:07:97:B1:7E,25.39,2
1/18/2026 16:31:44.951,Nordic CS Reflector A,E2:13:07:97:B1:7E,25.39,2
1/18/2026 16:31:45.179,Nordic CS Reflector A,E2:13:07:97:B1:7E,25.43,2
1/18/2026 16:31:45.645,Nordic CS Reflector A,E2:13:07:97:B1:7E,25.43,2
1/18/2026 16:31:45.858,Nordic CS Reflector A,E2:13:07:97:B1:7E,25.43,2
1/18/2026 16:31:46.061,Nordic CS Reflector A,E2:13:07:97:B1:7E,25.47,2
1/18/2026 16:31:46.062,Nordic CS Reflector A,E2:13:07:97:B1:7E,25.47,2
1/18/2026 16:31:46.280,Nordic CS Reflector A,E2:13:07:97:B1:7E,25.47,2
1/18/2026 16:31:46.544,Nordic CS Reflector A,E2:13:07:97:B1:7E,25.47,2
1/18/2026 16:31:46.993,Nordic CS Reflector A,E2:13:07:97:B1:7E,25.47,2
1/18/2026 16:31:47.210,Nordic CS Reflector A,E2:13:07:97:B1:7E,25.47,2
1/18/2026 16:31:47.418,Nordic CS Reflector A,E2:13:07:97:B1:7E,25.47,2
1/18/2026 16:31:47.634,Nordic CS Reflector A,E2:13:07:97:B1:7E,25.5,2
1/18/2026 16:31:47.943,Nordic CS Reflector A,E2:13:07:97:B1:7E,25.47,2
1/18/2026 16:31:47.944,Nordic CS Reflector A,E2:13:07:97:B1:7E,25.47,2
1/18/2026 16:31:48.438,Nordic CS Reflector A,E2:13:07:97:B1:7E,25.43,2
1/18/2026 16:31:48.553,Nordic CS Reflector A,E2:13:07:97:B1:7E,25.43,2
1/18/2026 16:31:48.554,Nordic CS Reflector A,E2:13:07:97:B1:7E,25.43,2
1/18/2026 16:31:48.796,Nordic CS Reflector A,E2:13:07:97:B1:7E,25.43,2
1/18/2026 16:31:48.797,Nordic CS Reflector A,E2:13:07:97:B1:7E,25.43,2
1/18/2026 16:31:48.980,Nordic CS Reflector A,E2:13:07:97:B1:7E,25.43,2
1/18/2026 16:31:48.981,Nordic CS Reflector A,E2:13:07:97:B1:7E,25.43,2
1/18/2026 16:31:49.243,Nordic CS Reflector A,E2:13:07:97:B1:7E,25.47,2
1/18/2026 16:31:49.244,Nordic CS Reflector A,E2:13:07:97:B1:7E,25.47,2
1/18/2026 16:31:49.717,Nordic CS Reflector A,E2:13:07:97:B1:7E,25.47,2
1/18/2026 16:31:49.718,Nordic CS Reflector A,E2:13:07:97:B1:7E,25.47,2
1/18/2026 16:31:49.928,Nordic CS Reflector A,E2:13:07:97:B1:7E,25.47,2
1/18/2026 16:31:50.142,Nordic CS Reflector A,E2:13:07:97:B1:7E,25.43,2
1/18/2026 16:31:50.143,Nordic CS Reflector A,E2:13:07:97:B1:7E,25.43,2
1/18/2026 16:31:50.326,Nordic CS Reflector A,E2:13:07:97:B1:7E,25.47,2
1/18/2026 16:31:50.327,Nordic CS Reflector A,E2:13:07:97:B1:7E,25.47,2
1/18/2026 16:31:50.611,Nordic CS Reflector A,E2:13:07:97:B1:7E,25.47,2
1/18/2026 16:31:51.110,Nordic CS Reflector A,E2:13:07:97:B1:7E,25.5,2
1/18/2026 16:31:51.280,Nordic CS Reflector A,E2:13:07:97:B1:7E,25.5,2
1/18/2026 16:31:51.577,Nordic CS Reflector A,E2:13:07:97:B1:7E,25.58,2
1/18/2026 16:31:51.578,Nordic CS Reflector A,E2:13:07:97:B1:7E,25.58,2
1/18/2026 16:31:51.762,Nordic CS Reflector A,E2:13:07:97:B1:7E,25.58,2
1/18/2026 16:31:51.763,Nordic CS Reflector A,E2:13:07:97:B1:7E,25.58,2
1/18/2026 16:31:52.066,Nordic CS Reflector A,E2:13:07:97:B1:7E,25.58,2
1/18/2026 16:31:52.067,Nordic CS Reflector A,E2:13:07:97:B1:7E,25.58,2
1/18/2026 16:31:52.214,Nordic CS Reflector A,E2:13:07:97:B1:7E,25.58,2
1/18/2026 16:31:52.215,Nordic CS Reflector A,E2:13:07:97:B1:7E,25.58,2
1/18/2026 16:31:52.428,Nordic CS Reflector A,E2:13:07:97:B1:7E,25.58,2
1/18/2026 16:31:52.429,Nordic CS Reflector A,E2:13:07:97:B1:7E,25.58,2
1/18/2026 16:31:52.711,Nordic CS Reflector A,E2:13:07:97:B1:7E,25.61,2
1/18/2026 16:31:52.868,Nordic CS Reflector A,E2:13:07:97:B1:7E,25.61,2
1/18/2026 16:31:53.105,Nordic CS Reflector A,E2:13:07:97:B1:7E,25.47,2
1/18/2026 16:31:53.563,Nordic CS Reflector A,E2:13:07:97:B1:7E,25.43,2
1/18/2026 16:31:53.788,Nordic CS Reflector A,E2:13:07:97:B1:7E,25.47,2
1/18/2026 16:31:53.979,Nordic CS Reflector A,E2:13:07:97:B1:7E,25.5,2
1/18/2026 16:31:54.199,Nordic CS Reflector A,E2:13:07:97:B1:7E,25.54,2
1/18/2026 16:31:54.200,Nordic CS Reflector A,E2:13:07:97:B1:7E,25.54,2
1/18/2026 16:31:54.591,Nordic CS Reflector A,E2:13:07:97:B1:7E,25.54,2
1/18/2026 16:31:54.985,Nordic CS Reflector A,E2:13:07:97:B1:7E,25.54,2
1/18/2026 16:31:55.151,Nordic CS Reflector A,E2:13:07:97:B1:7E,25.54,2
1/18/2026 16:31:55.355,Nordic CS Reflector A,E2:13:07:97:B1:7E,25.54,2
1/18/2026 16:31:55.607,Nordic CS Reflector A,E2:13:07:97:B1:7E,25.47,2
1/18/2026 16:31:55.824,Nordic CS Reflector A,E2:13:07:97:B1:7E,25.47,2
1/18/2026 16:31:56.354,Nordic CS Reflector A,E2:13:07:97:B1:7E,25.47,2
1/18/2026 16:31:56.355,Nordic CS Reflector A,E2:13:07:97:B1:7E,25.47,2
1/18/2026 16:31:56.569,Nordic CS Reflector A,E2:13:07:97:B1:7E,25.43,2
1/18/2026 16:31:56.570,Nordic CS Reflector A,E2:13:07:97:B1:7E,25.43,2
1/18/2026 16:31:56.722,Nordic CS Reflector A,E2:13:07:97:B1:7E,25.43,2
1/18/2026 16:31:56.723,Nordic CS Reflector A,E2:13:07:97:B1:7E,25.43,2
1/18/2026 16:31:56.940,Nordic CS Reflector A,E2:13:07:97:B1:7E,25.47,2
1/18/2026 16:31:57.204,Nordic CS Reflector A,E2:13:07:97:B1:7E,25.58,2
1/18/2026 16:31:57.651,Nordic CS Reflector A,E2:13:07:97:B1:7E,25.58,2
1/18/2026 16:31:57.853,Nordic CS Reflector A,E2:13:07:97:B1:7E,25.43,2
1/18/2026 16:31:58.086,Nordic CS Reflector A,E2:13:07:97:B1:7E,25.43,2
1/18/2026 16:31:58.283,Nordic CS Reflector A,E2:13:07:97:B1:7E,25.54,2
1/18/2026 16:31:58.618,Nordic CS Reflector A,E2:13:07:97:B1:7E,25.54,2
1/18/2026 16:31:58.619,Nordic CS Reflector A,E2:13:07:97:B1:7E,25.54,2
1/18/2026 16:31:59.020,Nordic CS Reflector A,E2:13:07:97:B1:7E,25.54,2
1/18/2026 16:31:59.021,Nordic CS Reflector A,E2:13:07:97:B1:7E,25.54,2
1/18/2026 16:31:59.206,Nordic CS Reflector A,E2:13:07:97:B1:7E,25.5,2
1/18/2026 16:31:59.498,Nordic CS Reflector A,E2:13:07:97:B1:7E,25.5,2
1/18/2026 16:31:59.630,Nordic CS Reflector A,E2:13:07:97:B1:7E,25.5,2
1/18/2026 16:31:59.899,Nordic CS Reflector A,E2:13:07:97:B1:7E,25.58,2
1/18/2026 16:32:00.415,Nordic CS Reflector A,E2:13:07:97:B1:7E,25.58,2
1/18/2026 16:32:00.575,Nordic CS Reflector A,E2:13:07:97:B1:7E,25.5,2
1/18/2026 16:32:00.768,Nordic CS Reflector A,E2:13:07:97:B1:7E,25.47,2
1/18/2026 16:32:00.769,Nordic CS Reflector A,E2:13:07:97:B1:7E,25.47,2
1/18/2026 16:32:01.043,Nordic CS Reflector A,E2:13:07:97:B1:7E,25.43,2
1/18/2026 16:32:01.044,Nordic CS Reflector A,E2:13:07:97:B1:7E,25.43,2
1/18/2026 16:32:01.243,Nordic CS Reflector A,E2:13:07:97:B1:7E,25.43,2
1/18/2026 16:32:01.244,Nordic CS Reflector A,E2:13:07:97:B1:7E,25.43,2
1/18/2026 16:32:01.707,Nordic CS Reflector A,E2:13:07:97:B1:7E,25.47,2
1/18/2026 16:32:01.708,Nordic CS Reflector A,E2:13:07:97:B1:7E,25.47,2
1/18/2026 16:32:01.909,Nordic CS Reflector A,E2:13:07:97:B1:7E,25.54,2
1/18/2026 16:32:01.910,Nordic CS Reflector A,E2:13:07:97:B1:7E,25.54,2
1/18/2026 16:32:02.180,Nordic CS Reflector A,E2:13:07:97:B1:7E,25.54,2
1/18/2026 16:32:02.181,Nordic CS Reflector A,E2:13:07:97:B1:7E,25.54,2
1/18/2026 16:32:02.420,Nordic CS Reflector A,E2:13:07:97:B1:7E,25.61,2
1/18/2026 16:32:02.649,Nordic CS Reflector A,E2:13:07:97:B1:7E,25.61,2
1/18/2026 16:32:02.650,Nordic CS Reflector A,E2:13:07:97:B1:7E,25.61,2
1/18/2026 16:32:03.054,Nordic CS Reflector A,E2:13:07:97:B1:7E,25.76,2
1/18/2026 16:32:03.055,Nordic CS Reflector A,E2:13:07:97:B1:7E,25.76,2
1/18/2026 16:32:03.285,Nordic CS Reflector A,E2:13:07:97:B1:7E,25.76,2
1/18/2026 16:32:03.286,Nordic CS Reflector A,E2:13:07:97:B1:7E,25.76,2
1/18/2026 16:32:03.553,Nordic CS Reflector A,E2:13:07:97:B1:7E,25.76,2
1/18/2026 16:32:03.554,Nordic CS Reflector A,E2:13:07:97:B1:7E,25.76,2
1/18/2026 16:32:03.741,Nordic CS Reflector A,E2:13:07:97:B1:7E,25.65,2
1/18/2026 16:32:03.742,Nordic CS Reflector A,E2:13:07:97:B1:7E,25.65,2
1/18/2026 16:32:03.947,Nordic CS Reflector A,E2:13:07:97:B1:7E,25.65,2
1/18/2026 16:32:03.948,Nordic CS Reflector A,E2:13:07:97:B1:7E,25.65,2
1/18/2026 16:32:04.413,Nordic CS Reflector A,E2:13:07:97:B1:7E,25.65,2
1/18/2026 16:32:04.414,Nordic CS Reflector A,E2:13:07:97:B1:7E,25.65,2
1/18/2026 16:32:04.647,Nordic CS Reflector A,E2:13:07:97:B1:7E,25.58,2
1/18/2026 16:32:04.648,Nordic CS Reflector A,E2:13:07:97:B1:7E,25.58,2
1/18/2026 16:32:04.887,Nordic CS Reflector A,E2:13:07:97:B1:7E,25.58,2
1/18/2026 16:32:05.049,Nordic CS Reflector A,E2:13:07:97:B1:7E,25.65,2
1/18/2026 16:32:05.050,Nordic CS Reflector A,E2:13:07:97:B1:7E,25.65,2
1/18/2026 16:32:05.325,Nordic CS Reflector A,E2:13:07:97:B1:7E,25.69,2
1/18/2026 16:32:05.326,Nordic CS Reflector A,E2:13:07:97:B1:7E,25.69,2
1/18/2026 16:32:05.751,Nordic CS Reflector A,E2:13:07:97:B1:7E,25.69,2
1/18/2026 16:32:05.953,Nordic CS Reflector A,E2:13:07:97:B1:7E,25.69,2
1/18/2026 16:32:05.954,Nordic CS Reflector A,E2:13:07:97:B1:7E,25.69,2
1/18/2026 16:32:06.224,Nordic CS Reflector A,E2:13:07:97:B1:7E,25.69,2
1/18/2026 16:32:06.225,Nordic CS Reflector A,E2:13:07:97:B1:7E,25.69,2
1/18/2026 16:32:06.367,Nordic CS Reflector A,E2:13:07:97:B1:7E,25.69,2
1/18/2026 16:32:06.656,Nordic CS Reflector A,E2:13:07:97:B1:7E,25.69,2
1/18/2026 16:32:07.102,Nordic CS Reflector A,E2:13:07:97:B1:7E,25.65,2
1/18/2026 16:32:07.304,Nordic CS Reflector A,E2:13:07:97:B1:7E,25.65,2
1/18/2026 16:32:07.537,Nordic CS Reflector A,E2:13:07:97:B1:7E,25.65,2
1/18/2026 16:32:07.538,Nordic CS Reflector A,E2:13:07:97:B1:7E,25.65,2
1/18/2026 16:32:07.731,Nordic CS Reflector A,E2:13:07:97:B1:7E,25.65,2
1/18/2026 16:32:07.928,Nordic CS Reflector A,E2:13:07:97:B1:7E,25.65,2
1/18/2026 16:32:08.289,Nordic CS Reflector A,E2:13:07:97:B1:7E,25.65,2
1/18/2026 16:32:08.553,Nordic CS Reflector A,E2:13:07:97:B1:7E,25.61,2
1/18/2026 16:32:08.710,Nordic CS Reflector A,E2:13:07:97:B1:7E,25.61,2
1/18/2026 16:32:08.711,Nordic CS Reflector A,E2:13:07:97:B1:7E,25.61,2
1/18/2026 16:32:08.712,Nordic CS Reflector A,E2:13:07:97:B1:7E,25.61,2
1/18/2026 16:32:08.955,Nordic CS Reflector A,E2:13:07:97:B1:7E,25.61,2
1/18/2026 16:32:09.191,Nordic CS Reflector A,E2:13:07:97:B1:7E,25.65,2
1/18/2026 16:32:09.192,Nordic CS Reflector A,E2:13:07:97:B1:7E,25.65,2
1/18/2026 16:32:09.657,Nordic CS Reflector A,E2:13:07:97:B1:7E,25.65,2
1/18/2026 16:32:09.658,Nordic CS Reflector A,E2:13:07:97:B1:7E,25.65,2
1/18/2026 16:32:09.859,Nordic CS Reflector A,E2:13:07:97:B1:7E,25.69,2
1/18/2026 16:32:10.139,Nordic CS Reflector A,E2:13:07:97:B1:7E,25.69,2
1/18/2026 16:32:10.140,Nordic CS Reflector A,E2:13:07:97:B1:7E,25.69,2
1/18/2026 16:32:10.281,Nordic CS Reflector A,E2:13:07:97:B1:7E,25.69,2
1/18/2026 16:32:10.582,Nordic CS Reflector A,E2:13:07:97:B1:7E,25.72,2
1/18/2026 16:32:10.583,Nordic CS Reflector A,E2:13:07:97:B1:7E,25.72,2
1/18/2026 16:32:10.814,Nordic CS Reflector A,E2:13:07:97:B1:7E,25.76,2
1/18/2026 16:32:10.996,Nordic CS Reflector A,E2:13:07:97:B1:7E,25.76,2
1/18/2026 16:32:10.997,Nordic CS Reflector A,E2:13:07:97:B1:7E,25.76,2
1/18/2026 16:32:11.206,Nordic CS Reflector A,E2:13:07:97:B1:7E,25.69,2
1/18/2026 16:32:11.207,Nordic CS Reflector A,E2:13:07:97:B1:7E,25.69,2
1/18/2026 16:32:11.415,Nordic CS Reflector A,E2:13:07:97:B1:7E,25.69,2
1/18/2026 16:32:11.416,Nordic CS Reflector A,E2:13:07:97:B1:7E,25.69,2
1/18/2026 16:32:11.702,Nordic CS Reflector A,E2:13:07:97:B1:7E,25.69,2
1/18/2026 16:32:12.146,Nordic CS Reflector A,E2:13:07:97:B1:7E,25.69,2
1/18/2026 16:32:12.412,Nordic CS Reflector A,E2:13:07:97:B1:7E,25.69,2
1/18/2026 16:32:12.566,Nordic CS Reflector A,E2:13:07:97:B1:7E,25.69,2
1/18/2026 16:32:12.766,Nordic CS Reflector A,E2:13:07:97:B1:7E,25.69,2
1/18/2026 16:32:13.029,Nordic CS Reflector A,E2:13:07:97:B1:7E,25.69,2
1/18/2026 16:32:13.557,Nordic CS Reflector A,E2:13:07:97:B1:7E,25.61,2
1/18/2026 16:32:13.698,Nordic CS Reflector A,E2:13:07:97:B1:7E,25.61,2
1/18/2026 16:32:13.959,Nordic CS Reflector A,E2:13:07:97:B1:7E,25.61,2
1/18/2026 16:32:14.146,Nordic CS Reflector A,E2:13:07:97:B1:7E,25.61,2
1/18/2026 16:32:14.439,Nordic CS Reflector A,E2:13:07:97:B1:7E,25.65,2
1/18/2026 16:32:14.440,Nordic CS Reflector A,E2:13:07:97:B1:7E,25.65,2
1/18/2026 16:32:14.850,Nordic CS Reflector A,E2:13:07:97:B1:7E,25.65,2
1/18/2026 16:32:15.165,Nordic CS Reflector A,E2:13:07:97:B1:7E,25.65,2
1/18/2026 16:32:15.166,Nordic CS Reflector A,E2:13:07:97:B1:7E,25.65,2
1/18/2026 16:32:15.255,Nordic CS Reflector A,E2:13:07:97:B1:7E,25.65,2
1/18/2026 16:32:15.460,Nordic CS Reflector A,E2:13:07:97:B1:7E,25.65,2
1/18/2026 16:32:15.461,Nordic CS Reflector A,E2:13:07:97:B1:7E,25.65,2
1/18/2026 16:32:15.744,Nordic CS Reflector A,E2:13:07:97:B1:7E,25.65,2
1/18/2026 16:32:16.185,Nordic CS Reflector A,E2:13:07:97:B1:7E,25.61,2
1/18/2026 16:32:16.186,Nordic CS Reflector A,E2:13:07:97:B1:7E,25.61,2
1/18/2026 16:32:16.398,Nordic CS Reflector A,E2:13:07:97:B1:7E,25.61,2
1/18/2026 16:32:16.399,Nordic CS Reflector A,E2:13:07:97:B1:7E,25.61,2
1/18/2026 16:32:16.614,Nordic CS Reflector A,E2:13:07:97:B1:7E,25.61,2
1/18/2026 16:32:16.828,Nordic CS Reflector A,E2:13:07:97:B1:7E,25.61,2
1/18/2026 16:32:16.829,Nordic CS Reflector A,E2:13:07:97:B1:7E,25.61,2
1/18/2026 16:32:17.124,Nordic CS Reflector A,E2:13:07:97:B1:7E,25.65,2
1/18/2026 16:32:17.605,Nordic CS Reflector A,E2:13:07:97:B1:7E,25.61,2
1/18/2026 16:32:17.742,Nordic CS Reflector A,E2:13:07:97:B1:7E,25.61,2
1/18/2026 16:32:18.083,Nordic CS Reflector A,E2:13:07:97:B1:7E,25.61,2
1/18/2026 16:32:18.172,Nordic CS Reflector A,E2:13:07:97:B1:7E,25.65,2
1/18/2026 16:32:18.173,Nordic CS Reflector A,E2:13:07:97:B1:7E,25.65,2
1/18/2026 16:32:18.432,Nordic CS Reflector A,E2:13:07:97:B1:7E,25.65,2
1/18/2026 16:32:18.881,Nordic CS Reflector A,E2:13:07:97:B1:7E,25.65,2
1/18/2026 16:32:18.882,Nordic CS Reflector A,E2:13:07:97:B1:7E,25.65,2
1/18/2026 16:32:19.092,Nordic CS Reflector A,E2:13:07:97:B1:7E,25.65,2
1/18/2026 16:32:19.093,Nordic CS Reflector A,E2:13:07:97:B1:7E,25.65,2
1/18/2026 16:32:19.302,Nordic CS Reflector A,E2:13:07:97:B1:7E,25.65,2
1/18/2026 16:32:19.303,Nordic CS Reflector A,E2:13:07:97:B1:7E,25.65,2
1/18/2026 16:32:19.514,Nordic CS Reflector A,E2:13:07:97:B1:7E,25.69,2
1/18/2026 16:32:19.515,Nordic CS Reflector A,E2:13:07:97:B1:7E,25.69,2
1/18/2026 16:32:19.784,Nordic CS Reflector A,E2:13:07:97:B1:7E,25.65,2
1/18/2026 16:32:19.785,Nordic CS Reflector A,E2:13:07:97:B1:7E,25.65,2
1/18/2026 16:32:20.388,Nordic CS Reflector A,E2:13:07:97:B1:7E,25.65,2
1/18/2026 16:32:20.626,Nordic CS Reflector A,E2:13:07:97:B1:7E,25.65,2
1/18/2026 16:32:20.779,Nordic CS Reflector A,E2:13:07:97:B1:7E,25.65,2
1/18/2026 16:32:21.006,Nordic CS Reflector A,E2:13:07:97:B1:7E,25.61,2
1/18/2026 16:32:21.285,Nordic CS Reflector A,E2:13:07:97:B1:7E,25.69,2
1/18/2026 16:32:21.782,Nordic CS Reflector A,E2:13:07:97:B1:7E,25.61,2
1/18/2026 16:32:21.913,Nordic CS Reflector A,E2:13:07:97:B1:7E,25.65,2
1/18/2026 16:32:21.914,Nordic CS Reflector A,E2:13:07:97:B1:7E,25.65,2
1/18/2026 16:32:22.127,Nordic CS Reflector A,E2:13:07:97:B1:7E,25.61,2
1/18/2026 16:32:22.350,Nordic CS Reflector A,E2:13:07:97:B1:7E,25.58,2
1/18/2026 16:32:22.351,Nordic CS Reflector A,E2:13:07:97:B1:7E,25.58,2
1/18/2026 16:32:22.596,Nordic CS Reflector A,E2:13:07:97:B1:7E,25.58,2
1/18/2026 16:32:22.597,Nordic CS Reflector A,E2:13:07:97:B1:7E,25.58,2
1/18/2026 16:32:23.128,Nordic CS Reflector A,E2:13:07:97:B1:7E,25.58,2
1/18/2026 16:32:23.129,Nordic CS Reflector A,E2:13:07:97:B1:7E,25.58,2
1/18/2026 16:32:23.263,Nordic CS Reflector A,E2:13:07:97:B1:7E,25.58,2
1/18/2026 16:32:23.532,Nordic CS Reflector A,E2:13:07:97:B1:7E,25.58,2
1/18/2026 16:32:23.533,Nordic CS Reflector A,E2:13:07:97:B1:7E,25.58,2
1/18/2026 16:32:23.758,Nordic CS Reflector A,E2:13:07:97:B1:7E,25.61,2
1/18/2026 16:32:23.759,Nordic CS Reflector A,E2:13:07:97:B1:7E,25.61,2
1/18/2026 16:32:23.952,Nordic CS Reflector A,E2:13:07:97:B1:7E,25.65,2
1/18/2026 16:32:24.417,Nordic CS Reflector A,E2:13:07:97:B1:7E,25.61,2
1/18/2026 16:32:24.418,Nordic CS Reflector A,E2:13:07:97:B1:7E,25.61,2
1/18/2026 16:32:24.656,Nordic CS Reflector A,E2:13:07:97:B1:7E,25.69,2
1/18/2026 16:32:24.911,Nordic CS Reflector A,E2:13:07:97:B1:7E,25.69,2
1/18/2026 16:32:25.050,Nordic CS Reflector A,E2:13:07:97:B1:7E,25.69,2
1/18/2026 16:32:25.303,Nordic CS Reflector A,E2:13:07:97:B1:7E,25.69,2
1/18/2026 16:32:25.304,Nordic CS Reflector A,E2:13:07:97:B1:7E,25.69,2
1/18/2026 16:32:25.763,Nordic CS Reflector A,E2:13:07:97:B1:7E,25.69,2
1/18/2026 16:32:25.764,Nordic CS Reflector A,E2:13:07:97:B1:7E,25.69,2
1/18/2026 16:32:26.018,Nordic CS Reflector A,E2:13:07:97:B1:7E,25.69,2
1/18/2026 16:32:26.019,Nordic CS Reflector A,E2:13:07:97:B1:7E,25.69,2
1/18/2026 16:32:26.181,Nordic CS Reflector A,E2:13:07:97:B1:7E,25.69,2
1/18/2026 16:32:26.387,Nordic CS Reflector A,E2:13:07:97:B1:7E,25.69,2
1/18/2026 16:32:26.651,Nordic CS Reflector A,E2:13:07:97:B1:7E,25.72,2
1/18/2026 16:32:26.652,Nordic CS Reflector A,E2:13:07:97:B1:7E,25.72,2
1/18/2026 16:32:27.183,Nordic CS Reflector A,E2:13:07:97:B1:7E,25.72,2
1/18/2026 16:32:27.339,Nordic CS Reflector A,E2:13:07:97:B1:7E,25.65,2
1/18/2026 16:32:27.554,Nordic CS Reflector A,E2:13:07:97:B1:7E,25.65,2
1/18/2026 16:32:27.770,Nordic CS Reflector A,E2:13:07:97:B1:7E,25.69,2
1/18/2026 16:32:27.771,Nordic CS Reflector A,E2:13:07:97:B1:7E,25.69,2
1/18/2026 16:32:28.040,Nordic CS Reflector A,E2:13:07:97:B1:7E,25.69,2
1/18/2026 16:32:28.041,Nordic CS Reflector A,E2:13:07:97:B1:7E,25.69,2
1/18/2026 16:32:28.475,Nordic CS Reflector A,E2:13:07:97:B1:7E,25.69,2
1/18/2026 16:32:28.476,Nordic CS Reflector A,E2:13:07:97:B1:7E,25.69,2
1/18/2026 16:32:28.691,Nordic CS Reflector A,E2:13:07:97:B1:7E,25.72,2
1/18/2026 16:32:28.692,Nordic CS Reflector A,E2:13:07:97:B1:7E,25.72,2
1/18/2026 16:32:28.901,Nordic CS Reflector A,E2:13:07:97:B1:7E,25.72,2
1/18/2026 16:32:28.902,Nordic CS Reflector A,E2:13:07:97:B1:7E,25.72,2
1/18/2026 16:32:29.184,Nordic CS Reflector A,E2:13:07:97:B1:7E,25.69,2
1/18/2026 16:32:29.185,Nordic CS Reflector A,E2:13:07:97:B1:7E,25.69,2
1/18/2026 16:32:29.388,Nordic CS Reflector A,E2:13:07:97:B1:7E,25.69,2
1/18/2026 16:32:29.389,Nordic CS Reflector A,E2:13:07:97:B1:7E,25.69,2
1/18/2026 16:32:29.836,Nordic CS Reflector A,E2:13:07:97:B1:7E,25.54,2
1/18/2026 16:32:30.146,Nordic CS Reflector A,E2:13:07:97:B1:7E,25.65,2
1/18/2026 16:32:30.251,Nordic CS Reflector A,E2:13:07:97:B1:7E,25.61,2
1/18/2026 16:32:30.461,Nordic CS Reflector A,E2:13:07:97:B1:7E,25.65,2
1/18/2026 16:32:30.463,Nordic CS Reflector A,E2:13:07:97:B1:7E,25.65,2
1/18/2026 16:32:30.737,Nordic CS Reflector A,E2:13:07:97:B1:7E,25.61,2
1/18/2026 16:32:30.738,Nordic CS Reflector A,E2:13:07:97:B1:7E,25.61,2
1/18/2026 16:32:31.220,Nordic CS Reflector A,E2:13:07:97:B1:7E,25.61,2
1/18/2026 16:32:31.456,Nordic CS Reflector A,E2:13:07:97:B1:7E,25.61,2
1/18/2026 16:32:31.636,Nordic CS Reflector A,E2:13:07:97:B1:7E,25.69,2
1/18/2026 16:32:31.637,Nordic CS Reflector A,E2:13:07:97:B1:7E,25.69,2
1/18/2026 16:32:31.876,Nordic CS Reflector A,E2:13:07:97:B1:7E,25.69,2
1/18/2026 16:32:32.113,Nordic CS Reflector A,E2:13:07:97:B1:7E,25.69,2
1/18/2026 16:32:32.114,Nordic CS Reflector A,E2:13:07:97:B1:7E,25.69,2
1/18/2026 16:32:32.567,Nordic CS Reflector A,E2:13:07:97:B1:7E,25.72,2
1/18/2026 16:32:32.568,Nordic CS Reflector A,E2:13:07:97:B1:7E,25.72,2
1/18/2026 16:32:32.808,Nordic CS Reflector A,E2:13:07:97:B1:7E,25.72,2
1/18/2026 16:32:32.809,Nordic CS Reflector A,E2:13:07:97:B1:7E,25.72,2
1/18/2026 16:32:32.985,Nordic CS Reflector A,E2:13:07:97:B1:7E,25.72,2
1/18/2026 16:32:33.234,Nordic CS Reflector A,E2:13:07:97:B1:7E,25.69,2
1/18/2026 16:32:33.474,Nordic CS Reflector A,E2:13:07:97:B1:7E,25.72,2
1/18/2026 16:32:33.920,Nordic CS Reflector A,E2:13:07:97:B1:7E,25.69,2
1/18/2026 16:32:33.921,Nordic CS Reflector A,E2:13:07:97:B1:7E,25.69,2
1/18/2026 16:32:34.196,Nordic CS Reflector A,E2:13:07:97:B1:7E,25.72,2
1/18/2026 16:32:34.197,Nordic CS Reflector A,E2:13:07:97:B1:7E,25.72,2
1/18/2026 16:32:34.367,Nordic CS Reflector A,E2:13:07:97:B1:7E,25.72,2
1/18/2026 16:32:34.368,Nordic CS Reflector A,E2:13:07:97:B1:7E,25.72,2
1/18/2026 16:32:34.556,Nordic CS Reflector A,E2:13:07:97:B1:7E,25.72,2
1/18/2026 16:32:34.557,Nordic CS Reflector A,E2:13:07:97:B1:7E,25.72,2
1/18/2026 16:32:34.807,Nordic CS Reflector A,E2:13:07:97:B1:7E,25.72,2
1/18/2026 16:32:35.271,Nordic CS Reflector A,E2:13:07:97:B1:7E,25.69,2
1/18/2026 16:32:35.485,Nordic CS Reflector A,E2:13:07:97:B1:7E,25.69,2
1/18/2026 16:32:35.486,Nordic CS Reflector A,E2:13:07:97:B1:7E,25.69,2
1/18/2026 16:32:35.696,Nordic CS Reflector A,E2:13:07:97:B1:7E,25.69,2
1/18/2026 16:32:35.919,Nordic CS Reflector A,E2:13:07:97:B1:7E,25.69,2
1/18/2026 16:32:35.920,Nordic CS Reflector A,E2:13:07:97:B1:7E,25.69,2
1/18/2026 16:32:35.921,Nordic CS Reflector A,E2:13:07:97:B1:7E,25.69,2
1/18/2026 16:32:36.186,Nordic CS Reflector A,E2:13:07:97:B1:7E,25.69,2
1/18/2026 16:32:36.187,Nordic CS Reflector A,E2:13:07:97:B1:7E,25.69,2
1/18/2026 16:32:36.626,Nordic CS Reflector A,E2:13:07:97:B1:7E,25.65,2
1/18/2026 16:32:36.627,Nordic CS Reflector A,E2:13:07:97:B1:7E,25.65,2
1/18/2026 16:32:36.877,Nordic CS Reflector A,E2:13:07:97:B1:7E,25.61,2
1/18/2026 16:32:36.878,Nordic CS Reflector A,E2:13:07:97:B1:7E,25.61,2
1/18/2026 16:32:37.042,Nordic CS Reflector A,E2:13:07:97:B1:7E,25.61,2
1/18/2026 16:32:37.296,Nordic CS Reflector A,E2:13:07:97:B1:7E,25.61,2
1/18/2026 16:32:37.297,Nordic CS Reflector A,E2:13:07:97:B1:7E,25.61,2
1/18/2026 16:32:37.515,Nordic CS Reflector A,E2:13:07:97:B1:7E,25.69,2
1/18/2026 16:32:37.516,Nordic CS Reflector A,E2:13:07:97:B1:7E,25.69,2
1/18/2026 16:32:37.961,Nordic CS Reflector A,E2:13:07:97:B1:7E,25.69,2
1/18/2026 16:32:37.962,Nordic CS Reflector A,E2:13:07:97:B1:7E,25.69,2
1/18/2026 16:32:38.236,Nordic CS Reflector A,E2:13:07:97:B1:7E,25.72,2
1/18/2026 16:32:38.237,Nordic CS Reflector A,E2:13:07:97:B1:7E,25.72,2
1/18/2026 16:32:38.444,Nordic CS Reflector A,E2:13:07:97:B1:7E,25.69,2
1/18/2026 16:32:38.445,Nordic CS Reflector A,E2:13:07:97:B1:7E,25.69,2
1/18/2026 16:32:38.632,Nordic CS Reflector A,E2:13:07:97:B1:7E,25.69,2
1/18/2026 16:32:38.633,Nordic CS Reflector A,E2:13:07:97:B1:7E,25.69,2
1/18/2026 16:32:38.865,Nordic CS Reflector A,E2:13:07:97:B1:7E,25.69,2
1/18/2026 16:32:39.315,Nordic CS Reflector A,E2:13:07:97:B1:7E,25.69,2
1/18/2026 16:32:39.537,Nordic CS Reflector A,E2:13:07:97:B1:7E,25.72,2
1/18/2026 16:32:39.538,Nordic CS Reflector A,E2:13:07:97:B1:7E,25.72,2
1/18/2026 16:32:39.742,Nordic CS Reflector A,E2:13:07:97:B1:7E,25.72,2
1/18/2026 16:32:39.921,Nordic CS Reflector A,E2:13:07:97:B1:7E,25.69,2
1/18/2026 16:32:40.275,Nordic CS Reflector A,E2:13:07:97:B1:7E,25.69,2
1/18/2026 16:32:40.276,Nordic CS Reflector A,E2:13:07:97:B1:7E,25.69,2
1/18/2026 16:32:40.680,Nordic CS Reflector A,E2:13:07:97:B1:7E,25.69,2
1/18/2026 16:32:40.911,Nordic CS Reflector A,E2:13:07:97:B1:7E,25.72,2
1/18/2026 16:32:41.081,Nordic CS Reflector A,E2:13:07:97:B1:7E,25.69,2
1/18/2026 16:32:41.304,Nordic CS Reflector A,E2:13:07:97:B1:7E,25.72,2
1/18/2026 16:32:41.305,Nordic CS Reflector A,E2:13:07:97:B1:7E,25.72,2
1/18/2026 16:32:41.673,Nordic CS Reflector A,E2:13:07:97:B1:7E,25.69,2
1/18/2026 16:32:41.811,Nordic CS Reflector A,E2:13:07:97:B1:7E,25.69,2
1/18/2026 16:32:41.812,Nordic CS Reflector A,E2:13:07:97:B1:7E,25.69,2
1/18/2026 16:32:42.044,Nordic CS Reflector A,E2:13:07:97:B1:7E,25.69,2
1/18/2026 16:32:42.045,Nordic CS Reflector A,E2:13:07:97:B1:7E,25.69,2
1/18/2026 16:32:42.239,Nordic CS Reflector A,E2:13:07:97:B1:7E,25.76,2
1/18/2026 16:32:42.240,Nordic CS Reflector A,E2:13:07:97:B1:7E,25.76,2
1/18/2026 16:32:42.428,Nordic CS Reflector A,E2:13:07:97:B1:7E,25.76,2
1/18/2026 16:32:42.429,Nordic CS Reflector A,E2:13:07:97:B1:7E,25.76,2
1/18/2026 16:32:42.730,Nordic CS Reflector A,E2:13:07:97:B1:7E,25.69,2
1/18/2026 16:32:42.979,Nordic CS Reflector A,E2:13:07:97:B1:7E,25.69,2
1/18/2026 16:32:42.980,Nordic CS Reflector A,E2:13:07:97:B1:7E,25.69,2
1/18/2026 16:32:43.158,Nordic CS Reflector A,E2:13:07:97:B1:7E,25.69,2
1/18/2026 16:32:43.422,Nordic CS Reflector A,E2:13:07:97:B1:7E,25.65,2
1/18/2026 16:32:43.567,Nordic CS Reflector A,E2:13:07:97:B1:7E,25.65,2
1/18/2026 16:32:43.568,Nordic CS Reflector A,E2:13:07:97:B1:7E,25.65,2
1/18/2026 16:32:43.876,Nordic CS Reflector A,E2:13:07:97:B1:7E,25.65,2
1/18/2026 16:32:44.473,Nordic CS Reflector A,E2:13:07:97:B1:7E,25.69,2
1/18/2026 16:32:44.657,Nordic CS Reflector A,E2:13:07:97:B1:7E,25.69,2
1/18/2026 16:32:44.860,Nordic CS Reflector A,E2:13:07:97:B1:7E,25.72,2
1/18/2026 16:32:45.066,Nordic CS Reflector A,E2:13:07:97:B1:7E,25.69,2
1/18/2026 16:32:45.067,Nordic CS Reflector A,E2:13:07:97:B1:7E,25.69,2
1/18/2026 16:32:45.357,Nordic CS Reflector A,E2:13:07:97:B1:7E,25.76,2
1/18/2026 16:32:45.358,Nordic CS Reflector A,E2:13:07:97:B1:7E,25.76,2
1/18/2026 16:32:45.794,Nordic CS Reflector A,E2:13:07:97:B1:7E,25.69,2
1/18/2026 16:32:46.012,Nordic CS Reflector A,E2:13:07:97:B1:7E,25.69,2
1/18/2026 16:32:46.013,Nordic CS Reflector A,E2:13:07:97:B1:7E,25.69,2
1/18/2026 16:32:46.209,Nordic CS Reflector A,E2:13:07:97:B1:7E,25.69,2
1/18/2026 16:32:46.210,Nordic CS Reflector A,E2:13:07:97:B1:7E,25.69,2
1/18/2026 16:32:46.441,Nordic CS Reflector A,E2:13:07:97:B1:7E,25.65,2
1/18/2026 16:32:46.442,Nordic CS Reflector A,E2:13:07:97:B1:7E,25.65,2
1/18/2026 16:32:46.694,Nordic CS Reflector A,E2:13:07:97:B1:7E,25.65,2
1/18/2026 16:32:47.258,Nordic CS Reflector A,E2:13:07:97:B1:7E,25.65,2
1/18/2026 16:32:47.392,Nordic CS Reflector A,E2:13:07:97:B1:7E,25.58,2
1/18/2026 16:32:47.393,Nordic CS Reflector A,E2:13:07:97:B1:7E,25.58,2
1/18/2026 16:32:47.587,Nordic CS Reflector A,E2:13:07:97:B1:7E,25.65,2
1/18/2026 16:32:47.814,Nordic CS Reflector A,E2:13:07:97:B1:7E,25.65,2
1/18/2026 16:32:48.081,Nordic CS Reflector A,E2:13:07:97:B1:7E,25.65,2
1/18/2026 16:32:48.530,Nordic CS Reflector A,E2:13:07:97:B1:7E,25.65,2
1/18/2026 16:32:48.531,Nordic CS Reflector A,E2:13:07:97:B1:7E,25.65,2
1/18/2026 16:32:48.755,Nordic CS Reflector A,E2:13:07:97:B1:7E,25.65,2
1/18/2026 16:32:48.756,Nordic CS Reflector A,E2:13:07:97:B1:7E,25.65,2
1/18/2026 16:32:49.014,Nordic CS Reflector A,E2:13:07:97:B1:7E,25.65,2
1/18/2026 16:32:49.015,Nordic CS Reflector A,E2:13:07:97:B1:7E,25.65,2
1/18/2026 16:32:49.160,Nordic CS Reflector A,E2:13:07:97:B1:7E,25.65,2
1/18/2026 16:32:49.420,Nordic CS Reflector A,E2:13:07:97:B1:7E,25.65,2
1/18/2026 16:32:49.884,Nordic CS Reflector A,E2:13:07:97:B1:7E,25.65,2
1/18/2026 16:32:49.885,Nordic CS Reflector A,E2:13:07:97:B1:7E,25.65,2
1/18/2026 16:32:50.081,Nordic CS Reflector A,E2:13:07:97:B1:7E,25.65,2
1/18/2026 16:32:50.082,Nordic CS Reflector A,E2:13:07:97:B1:7E,25.65,2
1/18/2026 16:32:50.297,Nordic CS Reflector A,E2:13:07:97:B1:7E,25.69,2
1/18/2026 16:32:50.298,Nordic CS Reflector A,E2:13:07:97:B1:7E,25.69,2
1/18/2026 16:32:50.504,Nordic CS Reflector A,E2:13:07:97:B1:7E,25.69,2
1/18/2026 16:32:50.505,Nordic CS Reflector A,E2:13:07:97:B1:7E,25.69,2
1/18/2026 16:32:50.838,Nordic CS Reflector A,E2:13:07:97:B1:7E,25.69,2
1/18/2026 16:32:50.839,Nordic CS Reflector A,E2:13:07:97:B1:7E,25.69,2
1/18/2026 16:32:51.232,Nordic CS Reflector A,E2:13:07:97:B1:7E,25.65,2
1/18/2026 16:32:51.233,Nordic CS Reflector A,E2:13:07:97:B1:7E,25.65,2
1/18/2026 16:32:51.446,Nordic CS Reflector A,E2:13:07:97:B1:7E,25.65,2
1/18/2026 16:32:51.648,Nordic CS Reflector A,E2:13:07:97:B1:7E,25.69,2
1/18/2026 16:32:51.927,Nordic CS Reflector A,E2:13:07:97:B1:7E,25.69,2
1/18/2026 16:32:51.928,Nordic CS Reflector A,E2:13:07:97:B1:7E,25.69,2
1/18/2026 16:32:52.161,Nordic CS Reflector A,E2:13:07:97:B1:7E,25.69,2
1/18/2026 16:32:52.162,Nordic CS Reflector A,E2:13:07:97:B1:7E,25.69,2
1/18/2026 16:32:52.585,Nordic CS Reflector A,E2:13:07:97:B1:7E,25.69,2
1/18/2026 16:32:52.815,Nordic CS Reflector A,E2:13:07:97:B1:7E,25.69,2
1/18/2026 16:32:52.816,Nordic CS Reflector A,E2:13:07:97:B1:7E,25.69,2
1/18/2026 16:32:53.001,Nordic CS Reflector A,E2:13:07:97:B1:7E,25.69,2
1/18/2026 16:32:53.002,Nordic CS Reflector A,E2:13:07:97:B1:7E,25.69,2
1/18/2026 16:32:53.217,Nordic CS Reflector A,E2:13:07:97:B1:7E,25.69,2
1/18/2026 16:32:53.218,Nordic CS Reflector A,E2:13:07:97:B1:7E,25.69,2
1/18/2026 16:32:53.219,Nordic CS Reflector A,E2:13:07:97:B1:7E,25.69,2
1/18/2026 16:32:53.482,Nordic CS Reflector A,E2:13:07:97:B1:7E,25.65,2
1/18/2026 16:32:54.015,Nordic CS Reflector A,E2:13:07:97:B1:7E,25.65,2
1/18/2026 16:32:54.146,Nordic CS Reflector A,E2:13:07:97:B1:7E,25.65,2
1/18/2026 16:32:54.147,Nordic CS Reflector A,E2:13:07:97:B1:7E,25.65,2
1/18/2026 16:32:54.371,Nordic CS Reflector A,E2:13:07:97:B1:7E,25.65,2
1/18/2026 16:32:54.623,Nordic CS Reflector A,E2:13:07:97:B1:7E,25.69,2
1/18/2026 16:32:54.624,Nordic CS Reflector A,E2:13:07:97:B1:7E,25.69,2
1/18/2026 16:32:54.854,Nordic CS Reflector A,E2:13:07:97:B1:7E,25.69,2
1/18/2026 16:32:54.855,Nordic CS Reflector A,E2:13:07:97:B1:7E,25.69,2
1/18/2026 16:32:55.071,Nordic CS Reflector A,E2:13:07:97:B1:7E,25.72,2
1/18/2026 16:32:55.072,Nordic CS Reflector A,E2:13:07:97:B1:7E,25.72,2
1/18/2026 16:32:55.280,Nordic CS Reflector A,E2:13:07:97:B1:7E,25.72,2
1/18/2026 16:32:55.281,Nordic CS Reflector A,E2:13:07:97:B1:7E,25.72,2
1/18/2026 16:32:55.495,Nordic CS Reflector A,E2:13:07:97:B1:7E,25.72,2
1/18/2026 16:32:55.496,Nordic CS Reflector A,E2:13:07:97:B1:7E,25.72,2
1/18/2026 16:32:55.708,Nordic CS Reflector A,E2:13:07:97:B1:7E,25.72,2
1/18/2026 16:32:55.709,Nordic CS Reflector A,E2:13:07:97:B1:7E,25.72,2
1/18/2026 16:32:55.908,Nordic CS Reflector A,E2:13:07:97:B1:7E,25.72,2
1/18/2026 16:32:56.291,Nordic CS Reflector A,E2:13:07:97:B1:7E,25.72,2
1/18/2026 16:32:56.503,Nordic CS Reflector A,E2:13:07:97:B1:7E,25.69,2
1/18/2026 16:32:56.718,Nordic CS Reflector A,E2:13:07:97:B1:7E,25.61,2
1/18/2026 16:32:56.719,Nordic CS Reflector A,E2:13:07:97:B1:7E,25.61,2
1/18/2026 16:32:56.720,Nordic CS Reflector A,E2:13:07:97:B1:7E,25.61,2
1/18/2026 16:32:56.930,Nordic CS Reflector A,E2:13:07:97:B1:7E,25.61,2
1/18/2026 16:32:56.931,Nordic CS Reflector A,E2:13:07:97:B1:7E,25.61,2
1/18/2026 16:32:57.232,Nordic CS Reflector A,E2:13:07:97:B1:7E,25.61,2
1/18/2026 16:32:57.233,Nordic CS Reflector A,E2:13:07:97:B1:7E,25.61,2
1/18/2026 16:32:57.455,Nordic CS Reflector A,E2:13:07:97:B1:7E,25.65,2
1/18/2026 16:32:57.653,Nordic CS Reflector A,E2:13:07:97:B1:7E,25.65,2
1/18/2026 16:32:57.654,Nordic CS Reflector A,E2:13:07:97:B1:7E,25.65,2
1/18/2026 16:32:57.869,Nordic CS Reflector A,E2:13:07:97:B1:7E,25.65,2
1/18/2026 16:32:57.870,Nordic CS Reflector A,E2:13:07:97:B1:7E,25.65,2
1/18/2026 16:32:58.076,Nordic CS Reflector A,E2:13:07:97:B1:7E,25.69,2
1/18/2026 16:32:58.326,Nordic CS Reflector A,E2:13:07:97:B1:7E,25.72,2
1/18/2026 16:32:58.817,Nordic CS Reflector A,E2:13:07:97:B1:7E,25.76,2
1/18/2026 16:32:59.025,Nordic CS Reflector A,E2:13:07:97:B1:7E,25.76,2
1/18/2026 16:32:59.026,Nordic CS Reflector A,E2:13:07:97:B1:7E,25.76,2
1/18/2026 16:32:59.278,Nordic CS Reflector A,E2:13:07:97:B1:7E,25.76,2
1/18/2026 16:32:59.450,Nordic CS Reflector A,E2:13:07:97:B1:7E,25.76,2
1/18/2026 16:32:59.723,Nordic CS Reflector A,E2:13:07:97:B1:7E,25.72,2
1/18/2026 16:32:59.724,Nordic CS Reflector A,E2:13:07:97:B1:7E,25.72,2
1/18/2026 16:33:00.167,Nordic CS Reflector A,E2:13:07:97:B1:7E,25.69,2
1/18/2026 16:33:00.405,Nordic CS Reflector A,E2:13:07:97:B1:7E,25.69,2
1/18/2026 16:33:00.406,Nordic CS Reflector A,E2:13:07:97:B1:7E,25.69,2
1/18/2026 16:33:00.582,Nordic CS Reflector A,E2:13:07:97:B1:7E,25.72,2
1/18/2026 16:33:00.794,Nordic CS Reflector A,E2:13:07:97:B1:7E,25.72,2
1/18/2026 16:33:00.795,Nordic CS Reflector A,E2:13:07:97:B1:7E,25.72,2
1/18/2026 16:33:01.083,Nordic CS Reflector A,E2:13:07:97:B1:7E,25.72,2
1/18/2026 16:33:01.321,Nordic CS Reflector A,E2:13:07:97:B1:7E,25.69,2
1/18/2026 16:33:01.322,Nordic CS Reflector A,E2:13:07:97:B1:7E,25.69,2
1/18/2026 16:33:01.592,Nordic CS Reflector A,E2:13:07:97:B1:7E,25.69,2
1/18/2026 16:33:01.728,Nordic CS Reflector A,E2:13:07:97:B1:7E,25.72,2
1/18/2026 16:33:02.016,Nordic CS Reflector A,E2:13:07:97:B1:7E,25.72,2
1/18/2026 16:33:02.017,Nordic CS Reflector A,E2:13:07:97:B1:7E,25.72,2
1/18/2026 16:33:02.213,Nordic CS Reflector A,E2:13:07:97:B1:7E,25.72,2
1/18/2026 16:33:02.700,Nordic CS Reflector A,E2:13:07:97:B1:7E,25.72,2
1/18/2026 16:33:02.955,Nordic CS Reflector A,E2:13:07:97:B1:7E,25.69,2
1/18/2026 16:33:02.956,Nordic CS Reflector A,E2:13:07:97:B1:7E,25.69,2
1/18/2026 16:33:03.134,Nordic CS Reflector A,E2:13:07:97:B1:7E,25.69,2
1/18/2026 16:33:03.323,Nordic CS Reflector A,E2:13:07:97:B1:7E,25.69,2
1/18/2026 16:33:03.655,Nordic CS Reflector A,E2:13:07:97:B1:7E,25.69,2
1/18/2026 16:33:03.657,Nordic CS Reflector A,E2:13:07:97:B1:7E,25.69,2
1/18/2026 16:33:04.092,Nordic CS Reflector A,E2:13:07:97:B1:7E,25.72,2
1/18/2026 16:33:04.247,Nordic CS Reflector A,E2:13:07:97:B1:7E,25.76,2
1/18/2026 16:33:04.249,Nordic CS Reflector A,E2:13:07:97:B1:7E,25.76,2
1/18/2026 16:33:04.456,Nordic CS Reflector A,E2:13:07:97:B1:7E,25.76,2
1/18/2026 16:33:04.457,Nordic CS Reflector A,E2:13:07:97:B1:7E,25.76,2
1/18/2026 16:33:04.657,Nordic CS Reflector A,E2:13:07:97:B1:7E,25.72,2
1/18/2026 16:33:04.960,Nordic CS Reflector A,E2:13:07:97:B1:7E,25.72,2
1/18/2026 16:33:04.961,Nordic CS Reflector A,E2:13:07:97:B1:7E,25.72,2
1/18/2026 16:33:05.465,Nordic CS Reflector A,E2:13:07:97:B1:7E,25.72,2
1/18/2026 16:33:05.466,Nordic CS Reflector A,E2:13:07:97:B1:7E,25.72,2
1/18/2026 16:33:05.646,Nordic CS Reflector A,E2:13:07:97:B1:7E,25.72,2
1/18/2026 16:33:05.647,Nordic CS Reflector A,E2:13:07:97:B1:7E,25.72,2
1/18/2026 16:33:05.843,Nordic CS Reflector A,E2:13:07:97:B1:7E,25.72,2
1/18/2026 16:33:05.844,Nordic CS Reflector A,E2:13:07:97:B1:7E,25.72,2
1/18/2026 16:33:06.054,Nordic CS Reflector A,E2:13:07:97:B1:7E,25.69,2
1/18/2026 16:33:06.385,Nordic CS Reflector A,E2:13:07:97:B1:7E,25.69,2
1/18/2026 16:33:06.386,Nordic CS Reflector A,E2:13:07:97:B1:7E,25.69,2
1/18/2026 16:33:06.793,Nordic CS Reflector A,E2:13:07:97:B1:7E,25.69,2
1/18/2026 16:33:06.794,Nordic CS Reflector A,E2:13:07:97:B1:7E,25.69,2
1/18/2026 16:33:07.030,Nordic CS Reflector A,E2:13:07:97:B1:7E,25.72,2
1/18/2026 16:33:07.212,Nordic CS Reflector A,E2:13:07:97:B1:7E,25.72,2
1/18/2026 16:33:07.425,Nordic CS Reflector A,E2:13:07:97:B1:7E,25.72,2
1/18/2026 16:33:07.673,Nordic CS Reflector A,E2:13:07:97:B1:7E,25.72,2
1/18/2026 16:33:08.143,Nordic CS Reflector A,E2:13:07:97:B1:7E,25.65,2
1/18/2026 16:33:08.144,Nordic CS Reflector A,E2:13:07:97:B1:7E,25.65,2
1/18/2026 16:33:08.336,Nordic CS Reflector A,E2:13:07:97:B1:7E,25.65,2
1/18/2026 16:33:08.337,Nordic CS Reflector A,E2:13:07:97:B1:7E,25.65,2
1/18/2026 16:33:08.564,Nordic CS Reflector A,E2:13:07:97:B1:7E,25.8,2
1/18/2026 16:33:08.745,Nordic CS Reflector A,E2:13:07:97:B1:7E,25.8,2
1/18/2026 16:33:08.746,Nordic CS Reflector A,E2:13:07:97:B1:7E,25.8,2
1/18/2026 16:33:09.012,Nordic CS Reflector A,E2:13:07:97:B1:7E,25.69,2
1/18/2026 16:33:09.013,Nordic CS Reflector A,E2:13:07:97:B1:7E,25.69,2
1/18/2026 16:33:09.530,Nordic CS Reflector A,E2:13:07:97:B1:7E,25.69,2
1/18/2026 16:33:09.531,Nordic CS Reflector A,E2:13:07:97:B1:7E,25.69,2
1/18/2026 16:33:09.682,Nordic CS Reflector A,E2:13:07:97:B1:7E,25.72,2
1/18/2026 16:33:09.683,Nordic CS Reflector A,E2:13:07:97:B1:7E,25.72,2
1/18/2026 16:33:09.895,Nordic CS Reflector A,E2:13:07:97:B1:7E,25.72,2
1/18/2026 16:33:09.896,Nordic CS Reflector A,E2:13:07:97:B1:7E,25.72,2
1/18/2026 16:33:10.097,Nordic CS Reflector A,E2:13:07:97:B1:7E,25.69,2
1/18/2026 16:33:10.098,Nordic CS Reflector A,E2:13:07:97:B1:7E,25.69,2
1/18/2026 16:33:10.392,Nordic CS Reflector A,E2:13:07:97:B1:7E,25.65,2
1/18/2026 16:33:10.822,Nordic CS Reflector A,E2:13:07:97:B1:7E,25.65,2
1/18/2026 16:33:10.823,Nordic CS Reflector A,E2:13:07:97:B1:7E,25.65,2
1/18/2026 16:33:10.824,Nordic CS Reflector A,E2:13:07:97:B1:7E,25.65,2
1/18/2026 16:33:11.095,Nordic CS Reflector A,E2:13:07:97:B1:7E,25.69,2
1/18/2026 16:33:11.096,Nordic CS Reflector A,E2:13:07:97:B1:7E,25.69,2
1/18/2026 16:33:11.237,Nordic CS Reflector A,E2:13:07:97:B1:7E,25.69,2
1/18/2026 16:33:11.460,Nordic CS Reflector A,E2:13:07:97:B1:7E,25.69,2
1/18/2026 16:33:11.723,Nordic CS Reflector A,E2:13:07:97:B1:7E,25.69,2
1/18/2026 16:33:12.172,Nordic CS Reflector A,E2:13:07:97:B1:7E,25.65,2
1/18/2026 16:33:12.173,Nordic CS Reflector A,E2:13:07:97:B1:7E,25.65,2
1/18/2026 16:33:12.174,Nordic CS Reflector A,E2:13:07:97:B1:7E,25.65,2
1/18/2026 16:33:12.463,Nordic CS Reflector A,E2:13:07:97:B1:7E,25.65,2
1/18/2026 16:33:12.608,Nordic CS Reflector A,E2:13:07:97:B1:7E,25.72,2
1/18/2026 16:33:12.795,Nordic CS Reflector A,E2:13:07:97:B1:7E,25.72,2
1/18/2026 16:33:13.063,Nordic CS Reflector A,E2:13:07:97:B1:7E,25.69,2
1/18/2026 16:33:13.064,Nordic CS Reflector A,E2:13:07:97:B1:7E,25.69,2
1/18/2026 16:33:13.526,Nordic CS Reflector A,E2:13:07:97:B1:7E,25.69,2
1/18/2026 16:33:13.813,Nordic CS Reflector A,E2:13:07:97:B1:7E,25.69,2
1/18/2026 16:33:13.814,Nordic CS Reflector A,E2:13:07:97:B1:7E,25.69,2
1/18/2026 16:33:14.008,Nordic CS Reflector A,E2:13:07:97:B1:7E,25.69,2
1/18/2026 16:33:14.009,Nordic CS Reflector A,E2:13:07:97:B1:7E,25.69,2
1/18/2026 16:33:14.176,Nordic CS Reflector A,E2:13:07:97:B1:7E,25.69,2
1/18/2026 16:33:14.177,Nordic CS Reflector A,E2:13:07:97:B1:7E,25.69,2
1/18/2026 16:33:14.422,Nordic CS Reflector A,E2:13:07:97:B1:7E,25.72,2
1/18/2026 16:33:14.936,Nordic CS Reflector A,E2:13:07:97:B1:7E,25.69,2
1/18/2026 16:33:14.937,Nordic CS Reflector A,E2:13:07:97:B1:7E,25.69,2
1/18/2026 16:33:15.110,Nordic CS Reflector A,E2:13:07:97:B1:7E,25.69,2
1/18/2026 16:33:15.111,Nordic CS Reflector A,E2:13:07:97:B1:7E,25.69,2
1/18/2026 16:33:15.290,Nordic CS Reflector A,E2:13:07:97:B1:7E,25.69,2
1/18/2026 16:33:15.525,Nordic CS Reflector A,E2:13:07:97:B1:7E,25.72,2
1/18/2026 16:33:15.526,Nordic CS Reflector A,E2:13:07:97:B1:7E,25.72,2
1/18/2026 16:33:15.766,Nordic CS Reflector A,E2:13:07:97:B1:7E,25.76,2
1/18/2026 16:33:16.224,Nordic CS Reflector A,E2:13:07:97:B1:7E,25.76,2
1/18/2026 16:33:16.225,Nordic CS Reflector A,E2:13:07:97:B1:7E,25.76,2
1/18/2026 16:33:16.434,Nordic CS Reflector A,E2:13:07:97:B1:7E,25.69,2
1/18/2026 16:33:16.435,Nordic CS Reflector A,E2:13:07:97:B1:7E,25.69,2
1/18/2026 16:33:16.638,Nordic CS Reflector A,E2:13:07:97:B1:7E,25.69,2
1/18/2026 16:33:16.639,Nordic CS Reflector A,E2:13:07:97:B1:7E,25.69,2
1/18/2026 16:33:16.853,Nordic CS Reflector A,E2:13:07:97:B1:7E,25.69,2
1/18/2026 16:33:16.854,Nordic CS Reflector A,E2:13:07:97:B1:7E,25.69,2
1/18/2026 16:33:17.111,Nordic CS Reflector A,E2:13:07:97:B1:7E,25.69,2
1/18/2026 16:33:17.112,Nordic CS Reflector A,E2:13:07:97:B1:7E,25.69,2
1/18/2026 16:33:17.577,Nordic CS Reflector A,E2:13:07:97:B1:7E,25.69,2
1/18/2026 16:33:17.578,Nordic CS Reflector A,E2:13:07:97:B1:7E,25.69,2
1/18/2026 16:33:17.774,Nordic CS Reflector A,E2:13:07:97:B1:7E,25.69,2
1/18/2026 16:33:18.069,Nordic CS Reflector A,E2:13:07:97:B1:7E,25.69,2
1/18/2026 16:33:18.200,Nordic CS Reflector A,E2:13:07:97:B1:7E,25.69,2
1/18/2026 16:33:18.201,Nordic CS Reflector A,E2:13:07:97:B1:7E,25.69,2
1/18/2026 16:33:18.457,Nordic CS Reflector A,E2:13:07:97:B1:7E,25.69,2
1/18/2026 16:33:18.458,Nordic CS Reflector A,E2:13:07:97:B1:7E,25.69,2
1/18/2026 16:33:18.954,Nordic CS Reflector A,E2:13:07:97:B1:7E,25.72,2
1/18/2026 16:33:18.955,Nordic CS Reflector A,E2:13:07:97:B1:7E,25.72,2
1/18/2026 16:33:19.130,Nordic CS Reflector A,E2:13:07:97:B1:7E,25.69,2
1/18/2026 16:33:19.341,Nordic CS Reflector A,E2:13:07:97:B1:7E,25.69,2
1/18/2026 16:33:19.342,Nordic CS Reflector A,E2:13:07:97:B1:7E,25.69,2
1/18/2026 16:33:19.554,Nordic CS Reflector A,E2:13:07:97:B1:7E,25.69,2
1/18/2026 16:33:19.555,Nordic CS Reflector A,E2:13:07:97:B1:7E,25.69,2
1/18/2026 16:33:19.855,Nordic CS Reflector A,E2:13:07:97:B1:7E,25.69,2
1/18/2026 16:33:20.364,Nordic CS Reflector A,E2:13:07:97:B1:7E,25.69,2
1/18/2026 16:33:20.365,Nordic CS Reflector A,E2:13:07:97:B1:7E,25.69,2
1/18/2026 16:33:20.538,Nordic CS Reflector A,E2:13:07:97:B1:7E,25.69,2
1/18/2026 16:33:20.748,Nordic CS Reflector A,E2:13:07:97:B1:7E,25.69,2
1/18/2026 16:33:20.749,Nordic CS Reflector A,E2:13:07:97:B1:7E,25.69,2
1/18/2026 16:33:21.066,Nordic CS Reflector A,E2:13:07:97:B1:7E,25.65,2
1/18/2026 16:33:21.229,Nordic CS Reflector A,E2:13:07:97:B1:7E,25.72,2
1/18/2026 16:33:21.230,Nordic CS Reflector A,E2:13:07:97:B1:7E,25.72,2
1/18/2026 16:33:21.682,Nordic CS Reflector A,E2:13:07:97:B1:7E,25.65,2
1/18/2026 16:33:21.683,Nordic CS Reflector A,E2:13:07:97:B1:7E,25.65,2
1/18/2026 16:33:21.881,Nordic CS Reflector A,E2:13:07:97:B1:7E,25.69,2
1/18/2026 16:33:21.882,Nordic CS Reflector A,E2:13:07:97:B1:7E,25.69,2
1/18/2026 16:33:22.097,Nordic CS Reflector A,E2:13:07:97:B1:7E,25.69,2
1/18/2026 16:33:22.324,Nordic CS Reflector A,E2:13:07:97:B1:7E,25.69,2
1/18/2026 16:33:22.581,Nordic CS Reflector A,E2:13:07:97:B1:7E,25.69,2
1/18/2026 16:33:23.107,Nordic CS Reflector A,E2:13:07:97:B1:7E,25.69,2
1/18/2026 16:33:23.108,Nordic CS Reflector A,E2:13:07:97:B1:7E,25.69,2
1/18/2026 16:33:23.314,Nordic CS Reflector A,E2:13:07:97:B1:7E,25.69,2
1/18/2026 16:33:23.454,Nordic CS Reflector A,E2:13:07:97:B1:7E,25.69,2
1/18/2026 16:33:23.655,Nordic CS Reflector A,E2:13:07:97:B1:7E,25.69,2
1/18/2026 16:33:23.932,Nordic CS Reflector A,E2:13:07:97:B1:7E,25.69,2
1/18/2026 16:33:24.412,Nordic CS Reflector A,E2:13:07:97:B1:7E,25.69,2
1/18/2026 16:33:24.413,Nordic CS Reflector A,E2:13:07:97:B1:7E,25.69,2
1/18/2026 16:33:24.581,Nordic CS Reflector A,E2:13:07:97:B1:7E,25.69,2
1/18/2026 16:33:24.582,Nordic CS Reflector A,E2:13:07:97:B1:7E,25.69,2
1/18/2026 16:33:24.811,Nordic CS Reflector A,E2:13:07:97:B1:7E,25.69,2
1/18/2026 16:33:24.812,Nordic CS Reflector A,E2:13:07:97:B1:7E,25.69,2
1/18/2026 16:33:25.046,Nordic CS Reflector A,E2:13:07:97:B1:7E,25.72,2
1/18/2026 16:33:25.047,Nordic CS Reflector A,E2:13:07:97:B1:7E,25.72,2
1/18/2026 16:33:25.287,Nordic CS Reflector A,E2:13:07:97:B1:7E,25.72,2
1/18/2026 16:33:25.288,Nordic CS Reflector A,E2:13:07:97:B1:7E,25.72,2
1/18/2026 16:33:25.738,Nordic CS Reflector A,E2:13:07:97:B1:7E,25.72,2
1/18/2026 16:33:25.938,Nordic CS Reflector A,E2:13:07:97:B1:7E,25.72,2
1/18/2026 16:33:25.939,Nordic CS Reflector A,E2:13:07:97:B1:7E,25.72,2
1/18/2026 16:33:26.151,Nordic CS Reflector A,E2:13:07:97:B1:7E,25.72,2
1/18/2026 16:33:26.152,Nordic CS Reflector A,E2:13:07:97:B1:7E,25.72,2
1/18/2026 16:33:26.376,Nordic CS Reflector A,E2:13:07:97:B1:7E,25.69,2
1/18/2026 16:33:26.377,Nordic CS Reflector A,E2:13:07:97:B1:7E,25.69,2
1/18/2026 16:33:26.759,Nordic CS Reflector A,E2:13:07:97:B1:7E,25.65,2
1/18/2026 16:33:27.115,Nordic CS Reflector A,E2:13:07:97:B1:7E,25.65,2
1/18/2026 16:33:27.316,Nordic CS Reflector A,E2:13:07:97:B1:7E,25.65,2
1/18/2026 16:33:27.529,Nordic CS Reflector A,E2:13:07:97:B1:7E,25.69,2
1/18/2026 16:33:27.821,Nordic CS Reflector A,E2:13:07:97:B1:7E,25.69,2
1/18/2026 16:33:28.013,Nordic CS Reflector A,E2:13:07:97:B1:7E,25.72,2
1/18/2026 16:33:28.014,Nordic CS Reflector A,E2:13:07:97:B1:7E,25.72,2
1/18/2026 16:33:28.574,Nordic CS Reflector A,E2:13:07:97:B1:7E,25.69,2
1/18/2026 16:33:28.575,Nordic CS Reflector A,E2:13:07:97:B1:7E,25.69,2
1/18/2026 16:33:28.769,Nordic CS Reflector A,E2:13:07:97:B1:7E,25.65,2
1/18/2026 16:33:28.770,Nordic CS Reflector A,E2:13:07:97:B1:7E,25.65,2
1/18/2026 16:33:28.936,Nordic CS Reflector A,E2:13:07:97:B1:7E,25.65,2
1/18/2026 16:33:28.937,Nordic CS Reflector A,E2:13:07:97:B1:7E,25.65,2
1/18/2026 16:33:29.186,Nordic CS Reflector A,E2:13:07:97:B1:7E,25.65,2
1/18/2026 16:33:29.465,Nordic CS Reflector A,E2:13:07:97:B1:7E,25.69,2
1/18/2026 16:33:29.466,Nordic CS Reflector A,E2:13:07:97:B1:7E,25.69,2
1/18/2026 16:33:29.837,Nordic CS Reflector A,E2:13:07:97:B1:7E,25.69,2
1/18/2026 16:33:30.040,Nordic CS Reflector A,E2:13:07:97:B1:7E,25.69,2
1/18/2026 16:33:30.260,Nordic CS Reflector A,E2:13:07:97:B1:7E,25.69,2
1/18/2026 16:33:30.261,Nordic CS Reflector A,E2:13:07:97:B1:7E,25.69,2
1/18/2026 16:33:30.468,Nordic CS Reflector A,E2:13:07:97:B1:7E,25.69,2
1/18/2026 16:33:30.741,Nordic CS Reflector A,E2:13:07:97:B1:7E,25.69,2
1/18/2026 16:33:31.218,Nordic CS Reflector A,E2:13:07:97:B1:7E,25.69,2
1/18/2026 16:33:31.219,Nordic CS Reflector A,E2:13:07:97:B1:7E,25.69,2
1/18/2026 16:33:31.454,Nordic CS Reflector A,E2:13:07:97:B1:7E,25.69,2
1/18/2026 16:33:31.455,Nordic CS Reflector A,E2:13:07:97:B1:7E,25.69,2
1/18/2026 16:33:31.636,Nordic CS Reflector A,E2:13:07:97:B1:7E,25.72,2
1/18/2026 16:33:31.840,Nordic CS Reflector A,E2:13:07:97:B1:7E,25.69,2
1/18/2026 16:33:32.123,Nordic CS Reflector A,E2:13:07:97:B1:7E,25.69,2
1/18/2026 16:33:32.647,Nordic CS Reflector A,E2:13:07:97:B1:7E,25.61,2
1/18/2026 16:33:32.805,Nordic CS Reflector A,E2:13:07:97:B1:7E,25.61,2
1/18/2026 16:33:33.022,Nordic CS Reflector A,E2:13:07:97:B1:7E,25.61,2
1/18/2026 16:33:33.223,Nordic CS Reflector A,E2:13:07:97:B1:7E,25.61,2
1/18/2026 16:33:33.224,Nordic CS Reflector A,E2:13:07:97:B1:7E,25.61,2
1/18/2026 16:33:33.505,Nordic CS Reflector A,E2:13:07:97:B1:7E,25.58,2
1/18/2026 16:33:33.506,Nordic CS Reflector A,E2:13:07:97:B1:7E,25.58,2
1/18/2026 16:33:34.044,Nordic CS Reflector A,E2:13:07:97:B1:7E,25.58,2
1/18/2026 16:33:34.174,Nordic CS Reflector A,E2:13:07:97:B1:7E,25.58,2
1/18/2026 16:33:34.386,Nordic CS Reflector A,E2:13:07:97:B1:7E,25.65,2
1/18/2026 16:33:34.611,Nordic CS Reflector A,E2:13:07:97:B1:7E,25.65,2
1/18/2026 16:33:34.885,Nordic CS Reflector A,E2:13:07:97:B1:7E,25.65,2
1/18/2026 16:33:34.886,Nordic CS Reflector A,E2:13:07:97:B1:7E,25.65,2
1/18/2026 16:33:35.323,Nordic CS Reflector A,E2:13:07:97:B1:7E,25.58,2
1/18/2026 16:33:35.324,Nordic CS Reflector A,E2:13:07:97:B1:7E,25.58,2
1/18/2026 16:33:35.537,Nordic CS Reflector A,E2:13:07:97:B1:7E,25.58,2
1/18/2026 16:33:35.754,Nordic CS Reflector A,E2:13:07:97:B1:7E,25.58,2
1/18/2026 16:33:35.755,Nordic CS Reflector A,E2:13:07:97:B1:7E,25.58,2
1/18/2026 16:33:35.955,Nordic CS Reflector A,E2:13:07:97:B1:7E,25.58,2
1/18/2026 16:33:35.956,Nordic CS Reflector A,E2:13:07:97:B1:7E,25.58,2
1/18/2026 16:33:36.224,Nordic CS Reflector A,E2:13:07:97:B1:7E,25.54,2
1/18/2026 16:33:36.225,Nordic CS Reflector A,E2:13:07:97:B1:7E,25.54,2
1/18/2026 16:33:36.699,Nordic CS Reflector A,E2:13:07:97:B1:7E,25.54,2
1/18/2026 16:33:36.991,Nordic CS Reflector A,E2:13:07:97:B1:7E,25.54,2
1/18/2026 16:33:36.992,Nordic CS Reflector A,E2:13:07:97:B1:7E,25.54,2
1/18/2026 16:33:37.108,Nordic CS Reflector A,E2:13:07:97:B1:7E,25.58,2
1/18/2026 16:33:37.309,Nordic CS Reflector A,E2:13:07:97:B1:7E,25.58,2
1/18/2026 16:33:37.310,Nordic CS Reflector A,E2:13:07:97:B1:7E,25.58,2
1/18/2026 16:33:37.577,Nordic CS Reflector A,E2:13:07:97:B1:7E,25.65,2
1/18/2026 16:33:38.036,Nordic CS Reflector A,E2:13:07:97:B1:7E,25.58,2
1/18/2026 16:33:38.037,Nordic CS Reflector A,E2:13:07:97:B1:7E,25.58,2
1/18/2026 16:33:38.247,Nordic CS Reflector A,E2:13:07:97:B1:7E,25.54,0
1/18/2026 16:33:38.248,Nordic CS Reflector A,E2:13:07:97:B1:7E,25.54,0
1/18/2026 16:33:38.473,Nordic CS Reflector A,E2:13:07:97:B1:7E,25.54,2
1/18/2026 16:33:38.656,Nordic CS Reflector A,E2:13:07:97:B1:7E,25.58,2
1/18/2026 16:33:38.925,Nordic CS Reflector A,E2:13:07:97:B1:7E,25.61,2
1/18/2026 16:33:38.926,Nordic CS Reflector A,E2:13:07:97:B1:7E,25.61,2
1/18/2026 16:33:39.387,Nordic CS Reflector A,E2:13:07:97:B1:7E,25.61,2
1/18/2026 16:33:39.592,Nordic CS Reflector A,E2:13:07:97:B1:7E,25.65,2
1/18/2026 16:33:39.593,Nordic CS Reflector A,E2:13:07:97:B1:7E,25.65,2
1/18/2026 16:33:39.864,Nordic CS Reflector A,E2:13:07:97:B1:7E,25.65,2
1/18/2026 16:33:39.865,Nordic CS Reflector A,E2:13:07:97:B1:7E,25.65,2
1/18/2026 16:33:40.073,Nordic CS Reflector A,E2:13:07:97:B1:7E,25.65,2
1/18/2026 16:33:40.270,Nordic CS Reflector A,E2:13:07:97:B1:7E,25.61,2
1/18/2026 16:33:40.271,Nordic CS Reflector A,E2:13:07:97:B1:7E,25.61,2
1/18/2026 16:33:40.793,Nordic CS Reflector A,E2:13:07:97:B1:7E,25.69,2
1/18/2026 16:33:41.027,Nordic CS Reflector A,E2:13:07:97:B1:7E,25.65,2
1/18/2026 16:33:41.204,Nordic CS Reflector A,E2:13:07:97:B1:7E,25.65,2
1/18/2026 16:33:41.205,Nordic CS Reflector A,E2:13:07:97:B1:7E,25.65,2
1/18/2026 16:33:41.442,Nordic CS Reflector A,E2:13:07:97:B1:7E,25.65,2
1/18/2026 16:33:41.648,Nordic CS Reflector A,E2:13:07:97:B1:7E,25.65,2
1/18/2026 16:33:41.649,Nordic CS Reflector A,E2:13:07:97:B1:7E,25.65,2
1/18/2026 16:33:42.155,Nordic CS Reflector A,E2:13:07:97:B1:7E,25.65,2
1/18/2026 16:33:42.156,Nordic CS Reflector A,E2:13:07:97:B1:7E,25.65,2
1/18/2026 16:33:42.327,Nordic CS Reflector A,E2:13:07:97:B1:7E,25.65,2
1/18/2026 16:33:42.638,Nordic CS Reflector A,E2:13:07:97:B1:7E,25.65,2
1/18/2026 16:33:42.639,Nordic CS Reflector A,E2:13:07:97:B1:7E,25.65,2
1/18/2026 16:33:42.739,Nordic CS Reflector A,E2:13:07:97:B1:7E,25.65,2
1/18/2026 16:33:43.015,Nordic CS Reflector A,E2:13:07:97:B1:7E,25.69,2
1/18/2026 16:33:43.016,Nordic CS Reflector A,E2:13:07:97:B1:7E,25.69,2
1/18/2026 16:33:43.458,Nordic CS Reflector A,E2:13:07:97:B1:7E,25.65,2
1/18/2026 16:33:43.459,Nordic CS Reflector A,E2:13:07:97:B1:7E,25.65,2
1/18/2026 16:33:43.660,Nordic CS Reflector A,E2:13:07:97:B1:7E,25.69,2
1/18/2026 16:33:43.875,Nordic CS Reflector A,E2:13:07:97:B1:7E,25.65,2
1/18/2026 16:33:44.118,Nordic CS Reflector A,E2:13:07:97:B1:7E,25.69,2
1/18/2026 16:33:44.119,Nordic CS Reflector A,E2:13:07:97:B1:7E,25.69,2
1/18/2026 16:33:44.352,Nordic CS Reflector A,E2:13:07:97:B1:7E,25.65,2
1/18/2026 16:33:44.848,Nordic CS Reflector A,E2:13:07:97:B1:7E,25.65,2
1/18/2026 16:33:44.849,Nordic CS Reflector A,E2:13:07:97:B1:7E,25.65,2
1/18/2026 16:33:45.025,Nordic CS Reflector A,E2:13:07:97:B1:7E,25.65,2
1/18/2026 16:33:45.229,Nordic CS Reflector A,E2:13:07:97:B1:7E,25.65,2
1/18/2026 16:33:45.497,Nordic CS Reflector A,E2:13:07:97:B1:7E,25.58,2
1/18/2026 16:33:45.498,Nordic CS Reflector A,E2:13:07:97:B1:7E,25.58,2
1/18/2026 16:33:45.732,Nordic CS Reflector A,E2:13:07:97:B1:7E,25.61,2
1/18/2026 16:33:46.150,Nordic CS Reflector A,E2:13:07:97:B1:7E,25.61,2
1/18/2026 16:33:46.151,Nordic CS Reflector A,E2:13:07:97:B1:7E,25.61,2
1/18/2026 16:33:46.400,Nordic CS Reflector A,E2:13:07:97:B1:7E,25.61,2
1/18/2026 16:33:46.580,Nordic CS Reflector A,E2:13:07:97:B1:7E,25.65,2
1/18/2026 16:33:46.829,Nordic CS Reflector A,E2:13:07:97:B1:7E,25.69,2
1/18/2026 16:33:46.830,Nordic CS Reflector A,E2:13:07:97:B1:7E,25.69,2
1/18/2026 16:33:47.055,Nordic CS Reflector A,E2:13:07:97:B1:7E,25.69,2
1/18/2026 16:33:47.056,Nordic CS Reflector A,E2:13:07:97:B1:7E,25.69,2
1/18/2026 16:33:47.544,Nordic CS Reflector A,E2:13:07:97:B1:7E,25.65,2
1/18/2026 16:33:47.545,Nordic CS Reflector A,E2:13:07:97:B1:7E,25.65,2
1/18/2026 16:33:47.718,Nordic CS Reflector A,E2:13:07:97:B1:7E,25.65,2
1/18/2026 16:33:47.935,Nordic CS Reflector A,E2:13:07:97:B1:7E,25.65,2
1/18/2026 16:33:48.207,Nordic CS Reflector A,E2:13:07:97:B1:7E,25.65,2
1/18/2026 16:33:48.208,Nordic CS Reflector A,E2:13:07:97:B1:7E,25.65,2
1/18/2026 16:33:48.209,Nordic CS Reflector A,E2:13:07:97:B1:7E,25.65,2
1/18/2026 16:33:48.409,Nordic CS Reflector A,E2:13:07:97:B1:7E,25.61,2
1/18/2026 16:33:48.930,Nordic CS Reflector A,E2:13:07:97:B1:7E,25.61,2
1/18/2026 16:33:48.931,Nordic CS Reflector A,E2:13:07:97:B1:7E,25.61,2
1/18/2026 16:33:49.156,Nordic CS Reflector A,E2:13:07:97:B1:7E,25.61,2
1/18/2026 16:33:49.268,Nordic CS Reflector A,E2:13:07:97:B1:7E,25.61,2
1/18/2026 16:33:49.269,Nordic CS Reflector A,E2:13:07:97:B1:7E,25.61,2
1/18/2026 16:33:49.491,Nordic CS Reflector A,E2:13:07:97:B1:7E,25.61,2
1/18/2026 16:33:49.492,Nordic CS Reflector A,E2:13:07:97:B1:7E,25.61,2
1/18/2026 16:33:49.817,Nordic CS Reflector A,E2:13:07:97:B1:7E,25.61,2
1/18/2026 16:33:50.247,Nordic CS Reflector A,E2:13:07:97:B1:7E,25.61,2
1/18/2026 16:33:50.454,Nordic CS Reflector A,E2:13:07:97:B1:7E,25.58,2
1/18/2026 16:33:50.723,Nordic CS Reflector A,E2:13:07:97:B1:7E,25.58,2
1/18/2026 16:33:50.860,Nordic CS Reflector A,E2:13:07:97:B1:7E,25.58,2
1/18/2026 16:33:50.861,Nordic CS Reflector A,E2:13:07:97:B1:7E,25.58,2
1/18/2026 16:33:51.190,Nordic CS Reflector A,E2:13:07:97:B1:7E,25.54,2
1/18/2026 16:33:51.383,Nordic CS Reflector A,E2:13:07:97:B1:7E,25.54,2
1/18/2026 16:33:51.384,Nordic CS Reflector A,E2:13:07:97:B1:7E,25.54,2
1/18/2026 16:33:51.656,Nordic CS Reflector A,E2:13:07:97:B1:7E,25.54,2
1/18/2026 16:33:51.657,Nordic CS Reflector A,E2:13:07:97:B1:7E,25.54,2
1/18/2026 16:33:51.792,Nordic CS Reflector A,E2:13:07:97:B1:7E,25.61,2
1/18/2026 16:33:51.793,Nordic CS Reflector A,E2:13:07:97:B1:7E,25.61,2
1/18/2026 16:33:52.046,Nordic CS Reflector A,E2:13:07:97:B1:7E,25.54,2
1/18/2026 16:33:52.279,Nordic CS Reflector A,E2:13:07:97:B1:7E,25.54,2
1/18/2026 16:33:52.754,Nordic CS Reflector A,E2:13:07:97:B1:7E,25.54,2
1/18/2026 16:33:52.978,Nordic CS Reflector A,E2:13:07:97:B1:7E,25.54,2
1/18/2026 16:33:53.189,Nordic CS Reflector A,E2:13:07:97:B1:7E,25.54,2
1/18/2026 16:33:53.389,Nordic CS Reflector A,E2:13:07:97:B1:7E,25.54,2
1/18/2026 16:33:53.390,Nordic CS Reflector A,E2:13:07:97:B1:7E,25.54,2
1/18/2026 16:33:53.720,Nordic CS Reflector A,E2:13:07:97:B1:7E,25.54,2
1/18/2026 16:33:53.721,Nordic CS Reflector A,E2:13:07:97:B1:7E,25.54,2
1/18/2026 16:33:54.131,Nordic CS Reflector A,E2:13:07:97:B1:7E,25.54,2
1/18/2026 16:33:54.132,Nordic CS Reflector A,E2:13:07:97:B1:7E,25.54,2
1/18/2026 16:33:54.320,Nordic CS Reflector A,E2:13:07:97:B1:7E,25.58,2
1/18/2026 16:33:54.573,Nordic CS Reflector A,E2:13:07:97:B1:7E,25.54,2
1/18/2026 16:33:54.752,Nordic CS Reflector A,E2:13:07:97:B1:7E,25.58,2
1/18/2026 16:33:55.036,Nordic CS Reflector A,E2:13:07:97:B1:7E,25.54,2
1/18/2026 16:33:55.037,Nordic CS Reflector A,E2:13:07:97:B1:7E,25.54,2
1/18/2026 16:33:55.467,Nordic CS Reflector A,E2:13:07:97:B1:7E,25.58,2
1/18/2026 16:33:55.468,Nordic CS Reflector A,E2:13:07:97:B1:7E,25.58,2
1/18/2026 16:33:55.662,Nordic CS Reflector A,E2:13:07:97:B1:7E,25.58,2
1/18/2026 16:33:55.663,Nordic CS Reflector A,E2:13:07:97:B1:7E,25.58,2
1/18/2026 16:33:55.870,Nordic CS Reflector A,E2:13:07:97:B1:7E,25.58,2
1/18/2026 16:33:56.082,Nordic CS Reflector A,E2:13:07:97:B1:7E,25.58,2
1/18/2026 16:33:56.383,Nordic CS Reflector A,E2:13:07:97:B1:7E,25.58,2
1/18/2026 16:33:56.633,Nordic CS Reflector A,E2:13:07:97:B1:7E,25.58,2
1/18/2026 16:33:56.810,Nordic CS Reflector A,E2:13:07:97:B1:7E,25.58,2
1/18/2026 16:33:56.811,Nordic CS Reflector A,E2:13:07:97:B1:7E,25.58,2
1/18/2026 16:33:57.016,Nordic CS Reflector A,E2:13:07:97:B1:7E,25.58,2
1/18/2026 16:33:57.017,Nordic CS Reflector A,E2:13:07:97:B1:7E,25.58,2
1/18/2026 16:33:57.223,Nordic CS Reflector A,E2:13:07:97:B1:7E,25.58,2
1/18/2026 16:33:57.224,Nordic CS Reflector A,E2:13:07:97:B1:7E,25.58,2
1/18/2026 16:33:57.551,Nordic CS Reflector A,E2:13:07:97:B1:7E,25.58,2
1/18/2026 16:33:57.552,Nordic CS Reflector A,E2:13:07:97:B1:7E,25.58,2
1/18/2026 16:33:57.954,Nordic CS Reflector A,E2:13:07:97:B1:7E,25.58,2
1/18/2026 16:33:57.955,Nordic CS Reflector A,E2:13:07:97:B1:7E,25.58,2
1/18/2026 16:33:58.194,Nordic CS Reflector A,E2:13:07:97:B1:7E,25.58,2
1/18/2026 16:33:58.431,Nordic CS Reflector A,E2:13:07:97:B1:7E,25.58,2
1/18/2026 16:33:58.432,Nordic CS Reflector A,E2:13:07:97:B1:7E,25.58,2
1/18/2026 16:33:58.572,Nordic CS Reflector A,E2:13:07:97:B1:7E,25.58,2
1/18/2026 16:33:58.573,Nordic CS Reflector A,E2:13:07:97:B1:7E,25.58,2
1/18/2026 16:33:58.854,Nordic CS Reflector A,E2:13:07:97:B1:7E,25.58,2
1/18/2026 16:33:58.855,Nordic CS Reflector A,E2:13:07:97:B1:7E,25.58,2
1/18/2026 16:33:59.302,Nordic CS Reflector A,E2:13:07:97:B1:7E,25.58,2
1/18/2026 16:33:59.499,Nordic CS Reflector A,E2:13:07:97:B1:7E,25.65,2
1/18/2026 16:33:59.500,Nordic CS Reflector A,E2:13:07:97:B1:7E,25.65,2
1/18/2026 16:33:59.727,Nordic CS Reflector A,E2:13:07:97:B1:7E,25.65,2
1/18/2026 16:33:59.728,Nordic CS Reflector A,E2:13:07:97:B1:7E,25.65,2
1/18/2026 16:33:59.933,Nordic CS Reflector A,E2:13:07:97:B1:7E,25.65,2
1/18/2026 16:33:59.934,Nordic CS Reflector A,E2:13:07:97:B1:7E,25.65,2
1/18/2026 16:34:00.220,Nordic CS Reflector A,E2:13:07:97:B1:7E,25.61,2
1/18/2026 16:34:00.686,Nordic CS Reflector A,E2:13:07:97:B1:7E,25.61,2
1/18/2026 16:34:00.687,Nordic CS Reflector A,E2:13:07:97:B1:7E,25.61,2
1/18/2026 16:34:00.995,Nordic CS Reflector A,E2:13:07:97:B1:7E,25.61,2
1/18/2026 16:34:00.996,Nordic CS Reflector A,E2:13:07:97:B1:7E,25.61,2
1/18/2026 16:34:01.092,Nordic CS Reflector A,E2:13:07:97:B1:7E,25.61,2
1/18/2026 16:34:01.270,Nordic CS Reflector A,E2:13:07:97:B1:7E,25.61,2
1/18/2026 16:34:01.271,Nordic CS Reflector A,E2:13:07:97:B1:7E,25.61,2
1/18/2026 16:34:01.612,Nordic CS Reflector A,E2:13:07:97:B1:7E,25.61,2
1/18/2026 16:34:01.613,Nordic CS Reflector A,E2:13:07:97:B1:7E,25.61,2
1/18/2026 16:34:02.007,Nordic CS Reflector A,E2:13:07:97:B1:7E,25.76,0
1/18/2026 16:34:02.008,Nordic CS Reflector A,E2:13:07:97:B1:7E,25.76,0
1/18/2026 16:34:02.213,Nordic CS Reflector A,E2:13:07:97:B1:7E,25.76,2
1/18/2026 16:34:02.214,Nordic CS Reflector A,E2:13:07:97:B1:7E,25.76,2
1/18/2026 16:34:02.480,Nordic CS Reflector A,E2:13:07:97:B1:7E,25.69,2
1/18/2026 16:34:02.743,Nordic CS Reflector A,E2:13:07:97:B1:7E,25.65,2
1/18/2026 16:34:02.744,Nordic CS Reflector A,E2:13:07:97:B1:7E,25.65,2
1/18/2026 16:34:02.894,Nordic CS Reflector A,E2:13:07:97:B1:7E,25.58,2
1/18/2026 16:34:03.379,Nordic CS Reflector A,E2:13:07:97:B1:7E,25.58,2
1/18/2026 16:34:03.658,Nordic CS Reflector A,E2:13:07:97:B1:7E,25.58,2
1/18/2026 16:34:03.659,Nordic CS Reflector A,E2:13:07:97:B1:7E,25.58,2
1/18/2026 16:34:03.806,Nordic CS Reflector A,E2:13:07:97:B1:7E,25.61,2
1/18/2026 16:34:04.043,Nordic CS Reflector A,E2:13:07:97:B1:7E,25.61,2
1/18/2026 16:34:04.044,Nordic CS Reflector A,E2:13:07:97:B1:7E,25.61,2
1/18/2026 16:34:04.275,Nordic CS Reflector A,E2:13:07:97:B1:7E,25.61,2
1/18/2026 16:34:04.276,Nordic CS Reflector A,E2:13:07:97:B1:7E,25.61,2
1/18/2026 16:34:04.789,Nordic CS Reflector A,E2:13:07:97:B1:7E,25.58,2
1/18/2026 16:34:04.790,Nordic CS Reflector A,E2:13:07:97:B1:7E,25.58,2
1/18/2026 16:34:05.023,Nordic CS Reflector A,E2:13:07:97:B1:7E,25.61,2
1/18/2026 16:34:05.024,Nordic CS Reflector A,E2:13:07:97:B1:7E,25.61,2
1/18/2026 16:34:05.208,Nordic CS Reflector A,E2:13:07:97:B1:7E,25.58,2
1/18/2026 16:34:05.393,Nordic CS Reflector A,E2:13:07:97:B1:7E,25.58,2
1/18/2026 16:34:05.394,Nordic CS Reflector A,E2:13:07:97:B1:7E,25.58,2
1/18/2026 16:34:05.650,Nordic CS Reflector A,E2:13:07:97:B1:7E,25.58,2
1/18/2026 16:34:05.651,Nordic CS Reflector A,E2:13:07:97:B1:7E,25.58,2
1/18/2026 16:34:06.130,Nordic CS Reflector A,E2:13:07:97:B1:7E,25.58,2
1/18/2026 16:34:06.378,Nordic CS Reflector A,E2:13:07:97:B1:7E,25.58,2
1/18/2026 16:34:06.379,Nordic CS Reflector A,E2:13:07:97:B1:7E,25.58,2
1/18/2026 16:34:06.616,Nordic CS Reflector A,E2:13:07:97:B1:7E,25.58,2
1/18/2026 16:34:06.768,Nordic CS Reflector A,E2:13:07:97:B1:7E,25.58,2
1/18/2026 16:34:07.038,Nordic CS Reflector A,E2:13:07:97:B1:7E,25.54,2
1/18/2026 16:34:07.495,Nordic CS Reflector A,E2:13:07:97:B1:7E,25.54,2
1/18/2026 16:34:07.750,Nordic CS Reflector A,E2:13:07:97:B1:7E,25.54,2
1/18/2026 16:34:07.939,Nordic CS Reflector A,E2:13:07:97:B1:7E,25.58,2
1/18/2026 16:34:08.165,Nordic CS Reflector A,E2:13:07:97:B1:7E,25.58,2
1/18/2026 16:34:08.166,Nordic CS Reflector A,E2:13:07:97:B1:7E,25.58,2
1/18/2026 16:34:08.405,Nordic CS Reflector A,E2:13:07:97:B1:7E,25.58,2
1/18/2026 16:34:08.406,Nordic CS Reflector A,E2:13:07:97:B1:7E,25.58,2
1/18/2026 16:34:08.841,Nordic CS Reflector A,E2:13:07:97:B1:7E,25.58,2
1/18/2026 16:34:08.842,Nordic CS Reflector A,E2:13:07:97:B1:7E,25.58,2
1/18/2026 16:34:09.119,Nordic CS Reflector A,E2:13:07:97:B1:7E,25.58,2
1/18/2026 16:34:09.309,Nordic CS Reflector A,E2:13:07:97:B1:7E,25.58,2
1/18/2026 16:34:09.478,Nordic CS Reflector A,E2:13:07:97:B1:7E,25.61,0
1/18/2026 16:34:09.732,Nordic CS Reflector A,E2:13:07:97:B1:7E,25.61,2
1/18/2026 16:34:10.232,Nordic CS Reflector A,E2:13:07:97:B1:7E,25.72,2
1/18/2026 16:34:10.458,Nordic CS Reflector A,E2:13:07:97:B1:7E,25.72,2
1/18/2026 16:34:10.668,Nordic CS Reflector A,E2:13:07:97:B1:7E,25.72,2
1/18/2026 16:34:10.669,Nordic CS Reflector A,E2:13:07:97:B1:7E,25.72,2
1/18/2026 16:34:10.891,Nordic CS Reflector A,E2:13:07:97:B1:7E,25.72,2
1/18/2026 16:34:11.098,Nordic CS Reflector A,E2:13:07:97:B1:7E,25.69,2
1/18/2026 16:34:11.099,Nordic CS Reflector A,E2:13:07:97:B1:7E,25.69,2
1/18/2026 16:34:11.538,Nordic CS Reflector A,E2:13:07:97:B1:7E,25.69,2
1/18/2026 16:34:11.539,Nordic CS Reflector A,E2:13:07:97:B1:7E,25.69,2
1/18/2026 16:34:11.749,Nordic CS Reflector A,E2:13:07:97:B1:7E,25.65,2
1/18/2026 16:34:11.750,Nordic CS Reflector A,E2:13:07:97:B1:7E,25.65,2
1/18/2026 16:34:11.958,Nordic CS Reflector A,E2:13:07:97:B1:7E,25.65,2
1/18/2026 16:34:11.959,Nordic CS Reflector A,E2:13:07:97:B1:7E,25.65,2
1/18/2026 16:34:12.158,Nordic CS Reflector A,E2:13:07:97:B1:7E,25.65,2
1/18/2026 16:34:12.159,Nordic CS Reflector A,E2:13:07:97:B1:7E,25.65,2
1/18/2026 16:34:12.498,Nordic CS Reflector A,E2:13:07:97:B1:7E,25.65,2
1/18/2026 16:34:12.880,Nordic CS Reflector A,E2:13:07:97:B1:7E,25.69,2
1/18/2026 16:34:13.096,Nordic CS Reflector A,E2:13:07:97:B1:7E,25.69,2
1/18/2026 16:34:13.308,Nordic CS Reflector A,E2:13:07:97:B1:7E,25.69,2
1/18/2026 16:34:13.309,Nordic CS Reflector A,E2:13:07:97:B1:7E,25.69,2
1/18/2026 16:34:13.540,Nordic CS Reflector A,E2:13:07:97:B1:7E,25.65,2
1/18/2026 16:34:13.541,Nordic CS Reflector A,E2:13:07:97:B1:7E,25.65,2
1/18/2026 16:34:13.777,Nordic CS Reflector A,E2:13:07:97:B1:7E,25.65,2
1/18/2026 16:34:13.778,Nordic CS Reflector A,E2:13:07:97:B1:7E,25.65,2
1/18/2026 16:34:14.290,Nordic CS Reflector A,E2:13:07:97:B1:7E,25.65,2
1/18/2026 16:34:14.495,Nordic CS Reflector A,E2:13:07:97:B1:7E,25.61,2
1/18/2026 16:34:14.496,Nordic CS Reflector A,E2:13:07:97:B1:7E,25.61,2
1/18/2026 16:34:14.664,Nordic CS Reflector A,E2:13:07:97:B1:7E,25.61,2
1/18/2026 16:34:14.665,Nordic CS Reflector A,E2:13:07:97:B1:7E,25.61,2
1/18/2026 16:34:14.896,Nordic CS Reflector A,E2:13:07:97:B1:7E,25.58,2
1/18/2026 16:34:15.173,Nordic CS Reflector A,E2:13:07:97:B1:7E,25.58,2
1/18/2026 16:34:15.595,Nordic CS Reflector A,E2:13:07:97:B1:7E,25.58,2
1/18/2026 16:34:15.596,Nordic CS Reflector A,E2:13:07:97:B1:7E,25.58,2
1/18/2026 16:34:15.867,Nordic CS Reflector A,E2:13:07:97:B1:7E,25.58,2
1/18/2026 16:34:15.868,Nordic CS Reflector A,E2:13:07:97:B1:7E,25.58,2
1/18/2026 16:34:16.010,Nordic CS Reflector A,E2:13:07:97:B1:7E,25.61,2
1/18/2026 16:34:16.218,Nordic CS Reflector A,E2:13:07:97:B1:7E,25.61,2
1/18/2026 16:34:16.493,Nordic CS Reflector A,E2:13:07:97:B1:7E,25.61,2
1/18/2026 16:34:16.933,Nordic CS Reflector A,E2:13:07:97:B1:7E,25.58,2
1/18/2026 16:34:16.934,Nordic CS Reflector A,E2:13:07:97:B1:7E,25.58,2
1/18/2026 16:34:17.144,Nordic CS Reflector A,E2:13:07:97:B1:7E,25.58,2
1/18/2026 16:34:17.375,Nordic CS Reflector A,E2:13:07:97:B1:7E,25.5,2
1/18/2026 16:34:17.376,Nordic CS Reflector A,E2:13:07:97:B1:7E,25.5,2
1/18/2026 16:34:17.377,Nordic CS Reflector A,E2:13:07:97:B1:7E,25.5,2
1/18/2026 16:34:17.633,Nordic CS Reflector A,E2:13:07:97:B1:7E,25.5,2
1/18/2026 16:34:17.634,Nordic CS Reflector A,E2:13:07:97:B1:7E,25.5,2
1/18/2026 16:34:17.830,Nordic CS Reflector A,E2:13:07:97:B1:7E,25.58,2
1/18/2026 16:34:17.831,Nordic CS Reflector A,E2:13:07:97:B1:7E,25.58,2
1/18/2026 16:34:18.288,Nordic CS Reflector A,E2:13:07:97:B1:7E,25.61,2
1/18/2026 16:34:18.289,Nordic CS Reflector A,E2:13:07:97:B1:7E,25.61,2
1/18/2026 16:34:18.498,Nordic CS Reflector A,E2:13:07:97:B1:7E,25.61,2
1/18/2026 16:34:18.499,Nordic CS Reflector A,E2:13:07:97:B1:7E,25.61,2
1/18/2026 16:34:18.717,Nordic CS Reflector A,E2:13:07:97:B1:7E,25.61,2
1/18/2026 16:34:18.953,Nordic CS Reflector A,E2:13:07:97:B1:7E,25.61,2
1/18/2026 16:34:19.192,Nordic CS Reflector A,E2:13:07:97:B1:7E,25.58,2
1/18/2026 16:34:19.193,Nordic CS Reflector A,E2:13:07:97:B1:7E,25.58,2
1/18/2026 16:34:19.630,Nordic CS Reflector A,E2:13:07:97:B1:7E,25.58,2
1/18/2026 16:34:19.851,Nordic CS Reflector A,E2:13:07:97:B1:7E,25.54,2
1/18/2026 16:34:19.852,Nordic CS Reflector A,E2:13:07:97:B1:7E,25.54,2
1/18/2026 16:34:20.122,Nordic CS Reflector A,E2:13:07:97:B1:7E,25.58,2
1/18/2026 16:34:20.123,Nordic CS Reflector A,E2:13:07:97:B1:7E,25.58,2
1/18/2026 16:34:20.288,Nordic CS Reflector A,E2:13:07:97:B1:7E,25.54,2
1/18/2026 16:34:20.289,Nordic CS Reflector A,E2:13:07:97:B1:7E,25.54,2
1/18/2026 16:34:20.535,Nordic CS Reflector A,E2:13:07:97:B1:7E,25.58,2
1/18/2026 16:34:20.536,Nordic CS Reflector A,E2:13:07:97:B1:7E,25.58,2
1/18/2026 16:34:21.048,Nordic CS Reflector A,E2:13:07:97:B1:7E,25.58,2
1/18/2026 16:34:21.049,Nordic CS Reflector A,E2:13:07:97:B1:7E,25.58,2
1/18/2026 16:34:21.187,Nordic CS Reflector A,E2:13:07:97:B1:7E,25.61,2
1/18/2026 16:34:21.405,Nordic CS Reflector A,E2:13:07:97:B1:7E,25.61,2
1/18/2026 16:34:21.406,Nordic CS Reflector A,E2:13:07:97:B1:7E,25.61,2
1/18/2026 16:34:21.611,Nordic CS Reflector A,E2:13:07:97:B1:7E,25.58,2
1/18/2026 16:34:21.947,Nordic CS Reflector A,E2:13:07:97:B1:7E,25.5,2
1/18/2026 16:34:21.948,Nordic CS Reflector A,E2:13:07:97:B1:7E,25.5,2
1/18/2026 16:34:22.369,Nordic CS Reflector A,E2:13:07:97:B1:7E,25.54,2
1/18/2026 16:34:22.370,Nordic CS Reflector A,E2:13:07:97:B1:7E,25.54,2
1/18/2026 16:34:22.663,Nordic CS Reflector A,E2:13:07:97:B1:7E,25.54,2
1/18/2026 16:34:22.797,Nordic CS Reflector A,E2:13:07:97:B1:7E,25.65,2
1/18/2026 16:34:23.035,Nordic CS Reflector A,E2:13:07:97:B1:7E,25.65,2
1/18/2026 16:34:23.036,Nordic CS Reflector A,E2:13:07:97:B1:7E,25.65,2
1/18/2026 16:34:23.254,Nordic CS Reflector A,E2:13:07:97:B1:7E,25.54,2
1/18/2026 16:34:23.255,Nordic CS Reflector A,E2:13:07:97:B1:7E,25.54,2
1/18/2026 16:34:23.755,Nordic CS Reflector A,E2:13:07:97:B1:7E,25.54,2
1/18/2026 16:34:23.756,Nordic CS Reflector A,E2:13:07:97:B1:7E,25.54,2
1/18/2026 16:34:23.966,Nordic CS Reflector A,E2:13:07:97:B1:7E,25.54,2
1/18/2026 16:34:24.236,Nordic CS Reflector A,E2:13:07:97:B1:7E,25.58,2
1/18/2026 16:34:24.237,Nordic CS Reflector A,E2:13:07:97:B1:7E,25.58,2
1/18/2026 16:34:24.432,Nordic CS Reflector A,E2:13:07:97:B1:7E,25.61,2
1/18/2026 16:34:24.433,Nordic CS Reflector A,E2:13:07:97:B1:7E,25.61,2
1/18/2026 16:34:24.777,Nordic CS Reflector A,E2:13:07:97:B1:7E,25.58,2
1/18/2026 16:34:25.188,Nordic CS Reflector A,E2:13:07:97:B1:7E,25.61,2
1/18/2026 16:34:25.324,Nordic CS Reflector A,E2:13:07:97:B1:7E,25.61,2
1/18/2026 16:34:25.550,Nordic CS Reflector A,E2:13:07:97:B1:7E,25.61,2
1/18/2026 16:34:25.755,Nordic CS Reflector A,E2:13:07:97:B1:7E,25.72,2
1/18/2026 16:34:25.756,Nordic CS Reflector A,E2:13:07:97:B1:7E,25.72,2
1/18/2026 16:34:26.025,Nordic CS Reflector A,E2:13:07:97:B1:7E,25.72,2
1/18/2026 16:34:26.567,Nordic CS Reflector A,E2:13:07:97:B1:7E,25.69,2
1/18/2026 16:34:26.568,Nordic CS Reflector A,E2:13:07:97:B1:7E,25.69,2
1/18/2026 16:34:26.780,Nordic CS Reflector A,E2:13:07:97:B1:7E,25.69,2
1/18/2026 16:34:26.946,Nordic CS Reflector A,E2:13:07:97:B1:7E,25.69,2
1/18/2026 16:34:26.947,Nordic CS Reflector A,E2:13:07:97:B1:7E,25.69,2
1/18/2026 16:34:27.135,Nordic CS Reflector A,E2:13:07:97:B1:7E,25.61,2
1/18/2026 16:34:27.136,Nordic CS Reflector A,E2:13:07:97:B1:7E,25.61,2
1/18/2026 16:34:27.410,Nordic CS Reflector A,E2:13:07:97:B1:7E,25.61,2
1/18/2026 16:34:27.861,Nordic CS Reflector A,E2:13:07:97:B1:7E,25.54,2
1/18/2026 16:34:28.136,Nordic CS Reflector A,E2:13:07:97:B1:7E,25.54,2
1/18/2026 16:34:28.276,Nordic CS Reflector A,E2:13:07:97:B1:7E,25.54,2
1/18/2026 16:34:28.277,Nordic CS Reflector A,E2:13:07:97:B1:7E,25.54,2
1/18/2026 16:34:28.278,Nordic CS Reflector A,E2:13:07:97:B1:7E,25.54,2
1/18/2026 16:34:28.484,Nordic CS Reflector A,E2:13:07:97:B1:7E,25.58,2
1/18/2026 16:34:28.874,Nordic CS Reflector A,E2:13:07:97:B1:7E,25.58,2
1/18/2026 16:34:28.875,Nordic CS Reflector A,E2:13:07:97:B1:7E,25.58,2
1/18/2026 16:34:29.439,Nordic CS Reflector A,E2:13:07:97:B1:7E,25.58,2
1/18/2026 16:34:29.656,Nordic CS Reflector A,E2:13:07:97:B1:7E,25.61,2
1/18/2026 16:34:29.657,Nordic CS Reflector A,E2:13:07:97:B1:7E,25.61,2
1/18/2026 16:34:29.882,Nordic CS Reflector A,E2:13:07:97:B1:7E,25.61,2
1/18/2026 16:34:29.883,Nordic CS Reflector A,E2:13:07:97:B1:7E,25.61,2
1/18/2026 16:34:30.135,Nordic CS Reflector A,E2:13:07:97:B1:7E,25.61,2
1/18/2026 16:34:30.582,Nordic CS Reflector A,E2:13:07:97:B1:7E,25.61,2
1/18/2026 16:34:30.583,Nordic CS Reflector A,E2:13:07:97:B1:7E,25.61,2
1/18/2026 16:34:30.799,Nordic CS Reflector A,E2:13:07:97:B1:7E,25.61,2
1/18/2026 16:34:31.105,Nordic CS Reflector A,E2:13:07:97:B1:7E,25.61,2
1/18/2026 16:34:31.219,Nordic CS Reflector A,E2:13:07:97:B1:7E,25.61,2
1/18/2026 16:34:31.220,Nordic CS Reflector A,E2:13:07:97:B1:7E,25.61,2
1/18/2026 16:34:31.553,Nordic CS Reflector A,E2:13:07:97:B1:7E,25.54,2
1/18/2026 16:34:31.554,Nordic CS Reflector A,E2:13:07:97:B1:7E,25.54,2
1/18/2026 16:34:31.996,Nordic CS Reflector A,E2:13:07:97:B1:7E,25.54,2
1/18/2026 16:34:31.997,Nordic CS Reflector A,E2:13:07:97:B1:7E,25.54,2
1/18/2026 16:34:32.156,Nordic CS Reflector A,E2:13:07:97:B1:7E,25.58,2
1/18/2026 16:34:32.362,Nordic CS Reflector A,E2:13:07:97:B1:7E,25.58,2
1/18/2026 16:34:32.363,Nordic CS Reflector A,E2:13:07:97:B1:7E,25.58,2
1/18/2026 16:34:32.577,Nordic CS Reflector A,E2:13:07:97:B1:7E,25.58,2
1/18/2026 16:34:32.875,Nordic CS Reflector A,E2:13:07:97:B1:7E,25.65,2
1/18/2026 16:34:32.876,Nordic CS Reflector A,E2:13:07:97:B1:7E,25.65,2
1/18/2026 16:34:33.071,Nordic CS Reflector A,E2:13:07:97:B1:7E,25.69,2
1/18/2026 16:34:33.072,Nordic CS Reflector A,E2:13:07:97:B1:7E,25.69,2
1/18/2026 16:34:33.291,Nordic CS Reflector A,E2:13:07:97:B1:7E,25.69,2
1/18/2026 16:34:33.517,Nordic CS Reflector A,E2:13:07:97:B1:7E,25.69,2
1/18/2026 16:34:33.518,Nordic CS Reflector A,E2:13:07:97:B1:7E,25.69,2
1/18/2026 16:34:33.710,Nordic CS Reflector A,E2:13:07:97:B1:7E,25.65,2
1/18/2026 16:34:33.711,Nordic CS Reflector A,E2:13:07:97:B1:7E,25.65,2
1/18/2026 16:34:33.969,Nordic CS Reflector A,E2:13:07:97:B1:7E,25.65,2
1/18/2026 16:34:33.970,Nordic CS Reflector A,E2:13:07:97:B1:7E,25.65,2
1/18/2026 16:34:34.463,Nordic CS Reflector A,E2:13:07:97:B1:7E,25.65,2
1/18/2026 16:34:34.464,Nordic CS Reflector A,E2:13:07:97:B1:7E,25.65,2
1/18/2026 16:34:34.672,Nordic CS Reflector A,E2:13:07:97:B1:7E,25.65,2
1/18/2026 16:34:34.936,Nordic CS Reflector A,E2:13:07:97:B1:7E,25.61,2
1/18/2026 16:34:35.090,Nordic CS Reflector A,E2:13:07:97:B1:7E,25.61,2
1/18/2026 16:34:35.091,Nordic CS Reflector A,E2:13:07:97:B1:7E,25.61,2
1/18/2026 16:34:35.431,Nordic CS Reflector A,E2:13:07:97:B1:7E,25.61,2
1/18/2026 16:34:35.432,Nordic CS Reflector A,E2:13:07:97:B1:7E,25.61,2
1/18/2026 16:34:35.809,Nordic CS Reflector A,E2:13:07:97:B1:7E,25.69,2
1/18/2026 16:34:35.810,Nordic CS Reflector A,E2:13:07:97:B1:7E,25.69,2
1/18/2026 16:34:36.042,Nordic CS Reflector A,E2:13:07:97:B1:7E,25.69,2
1/18/2026 16:34:36.043,Nordic CS Reflector A,E2:13:07:97:B1:7E,25.69,2
1/18/2026 16:34:36.234,Nordic CS Reflector A,E2:13:07:97:B1:7E,25.61,2
1/18/2026 16:34:36.438,Nordic CS Reflector A,E2:13:07:97:B1:7E,25.61,2
1/18/2026 16:34:36.439,Nordic CS Reflector A,E2:13:07:97:B1:7E,25.61,2
1/18/2026 16:34:36.701,Nordic CS Reflector A,E2:13:07:97:B1:7E,25.65,2
1/18/2026 16:34:37.152,Nordic CS Reflector A,E2:13:07:97:B1:7E,25.65,2
1/18/2026 16:34:37.418,Nordic CS Reflector A,E2:13:07:97:B1:7E,25.65,2
1/18/2026 16:34:37.573,Nordic CS Reflector A,E2:13:07:97:B1:7E,25.65,2
1/18/2026 16:34:37.780,Nordic CS Reflector A,E2:13:07:97:B1:7E,25.65,2
1/18/2026 16:34:37.781,Nordic CS Reflector A,E2:13:07:97:B1:7E,25.65,2
1/18/2026 16:34:38.052,Nordic CS Reflector A,E2:13:07:97:B1:7E,25.69,2
1/18/2026 16:34:38.053,Nordic CS Reflector A,E2:13:07:97:B1:7E,25.69,2
1/18/2026 16:34:38.510,Nordic CS Reflector A,E2:13:07:97:B1:7E,25.76,2
1/18/2026 16:34:38.511,Nordic CS Reflector A,E2:13:07:97:B1:7E,25.76,2
1/18/2026 16:34:38.791,Nordic CS Reflector A,E2:13:07:97:B1:7E,25.76,2
1/18/2026 16:34:38.792,Nordic CS Reflector A,E2:13:07:97:B1:7E,25.76,2
1/18/2026 16:34:38.923,Nordic CS Reflector A,E2:13:07:97:B1:7E,25.69,2
1/18/2026 16:34:38.924,Nordic CS Reflector A,E2:13:07:97:B1:7E,25.69,2
1/18/2026 16:34:39.154,Nordic CS Reflector A,E2:13:07:97:B1:7E,25.69,2
1/18/2026 16:34:39.415,Nordic CS Reflector A,E2:13:07:97:B1:7E,25.65,2
1/18/2026 16:34:39.857,Nordic CS Reflector A,E2:13:07:97:B1:7E,25.61,2
1/18/2026 16:34:40.066,Nordic CS Reflector A,E2:13:07:97:B1:7E,25.61,2
1/18/2026 16:34:40.275,Nordic CS Reflector A,E2:13:07:97:B1:7E,25.58,2
1/18/2026 16:34:40.493,Nordic CS Reflector A,E2:13:07:97:B1:7E,25.58,2
1/18/2026 16:34:40.779,Nordic CS Reflector A,E2:13:07:97:B1:7E,25.61,2
1/18/2026 16:34:41.009,Nordic CS Reflector A,E2:13:07:97:B1:7E,25.61,2
1/18/2026 16:34:41.010,Nordic CS Reflector A,E2:13:07:97:B1:7E,25.61,2
1/18/2026 16:34:41.212,Nordic CS Reflector A,E2:13:07:97:B1:7E,25.61,2
1/18/2026 16:34:41.400,Nordic CS Reflector A,E2:13:07:97:B1:7E,25.61,2
1/18/2026 16:34:41.617,Nordic CS Reflector A,E2:13:07:97:B1:7E,25.65,2
1/18/2026 16:34:41.939,Nordic CS Reflector A,E2:13:07:97:B1:7E,25.69,2
1/18/2026 16:34:41.940,Nordic CS Reflector A,E2:13:07:97:B1:7E,25.69,2
1/18/2026 16:34:42.340,Nordic CS Reflector A,E2:13:07:97:B1:7E,25.69,2
1/18/2026 16:34:42.564,Nordic CS Reflector A,E2:13:07:97:B1:7E,25.61,2
1/18/2026 16:34:42.565,Nordic CS Reflector A,E2:13:07:97:B1:7E,25.61,2
1/18/2026 16:34:42.774,Nordic CS Reflector A,E2:13:07:97:B1:7E,25.61,2
1/18/2026 16:34:42.775,Nordic CS Reflector A,E2:13:07:97:B1:7E,25.61,2
1/18/2026 16:34:42.975,Nordic CS Reflector A,E2:13:07:97:B1:7E,25.61,2
1/18/2026 16:34:43.243,Nordic CS Reflector A,E2:13:07:97:B1:7E,25.61,0
1/18/2026 16:34:43.765,Nordic CS Reflector A,E2:13:07:97:B1:7E,25.61,2
1/18/2026 16:34:43.978,Nordic CS Reflector A,E2:13:07:97:B1:7E,25.65,2
1/18/2026 16:34:43.979,Nordic CS Reflector A,E2:13:07:97:B1:7E,25.65,2
1/18/2026 16:34:44.162,Nordic CS Reflector A,E2:13:07:97:B1:7E,25.61,2
1/18/2026 16:34:44.356,Nordic CS Reflector A,E2:13:07:97:B1:7E,25.61,2
1/18/2026 16:34:44.591,Nordic CS Reflector A,E2:13:07:97:B1:7E,25.58,2
1/18/2026 16:34:44.592,Nordic CS Reflector A,E2:13:07:97:B1:7E,25.58,2
1/18/2026 16:34:45.053,Nordic CS Reflector A,E2:13:07:97:B1:7E,25.58,2
1/18/2026 16:34:45.054,Nordic CS Reflector A,E2:13:07:97:B1:7E,25.58,2
1/18/2026 16:34:45.256,Nordic CS Reflector A,E2:13:07:97:B1:7E,25.65,2
1/18/2026 16:34:45.478,Nordic CS Reflector A,E2:13:07:97:B1:7E,25.65,2
1/18/2026 16:34:45.681,Nordic CS Reflector A,E2:13:07:97:B1:7E,25.65,2
1/18/2026 16:34:45.682,Nordic CS Reflector A,E2:13:07:97:B1:7E,25.65,2
1/18/2026 16:34:45.982,Nordic CS Reflector A,E2:13:07:97:B1:7E,25.61,2
1/18/2026 16:34:45.983,Nordic CS Reflector A,E2:13:07:97:B1:7E,25.61,2
1/18/2026 16:34:46.402,Nordic CS Reflector A,E2:13:07:97:B1:7E,25.61,2
1/18/2026 16:34:46.403,Nordic CS Reflector A,E2:13:07:97:B1:7E,25.61,2
1/18/2026 16:34:46.644,Nordic CS Reflector A,E2:13:07:97:B1:7E,25.58,2
1/18/2026 16:34:46.645,Nordic CS Reflector A,E2:13:07:97:B1:7E,25.58,2
1/18/2026 16:34:46.865,Nordic CS Reflector A,E2:13:07:97:B1:7E,25.58,2
1/18/2026 16:34:46.866,Nordic CS Reflector A,E2:13:07:97:B1:7E,25.58,2
1/18/2026 16:34:47.053,Nordic CS Reflector A,E2:13:07:97:B1:7E,25.58,2
1/18/2026 16:34:47.295,Nordic CS Reflector A,E2:13:07:97:B1:7E,25.61,2
1/18/2026 16:34:47.296,Nordic CS Reflector A,E2:13:07:97:B1:7E,25.61,2
1/18/2026 16:34:47.784,Nordic CS Reflector A,E2:13:07:97:B1:7E,25.61,2
1/18/2026 16:34:47.785,Nordic CS Reflector A,E2:13:07:97:B1:7E,25.61,2
1/18/2026 16:34:47.996,Nordic CS Reflector A,E2:13:07:97:B1:7E,25.61,2
1/18/2026 16:34:48.258,Nordic CS Reflector A,E2:13:07:97:B1:7E,25.58,2
1/18/2026 16:34:48.259,Nordic CS Reflector A,E2:13:07:97:B1:7E,25.58,2
1/18/2026 16:34:48.458,Nordic CS Reflector A,E2:13:07:97:B1:7E,25.58,2
1/18/2026 16:34:48.679,Nordic CS Reflector A,E2:13:07:97:B1:7E,25.58,2
1/18/2026 16:34:48.680,Nordic CS Reflector A,E2:13:07:97:B1:7E,25.58,2
1/18/2026 16:34:49.127,Nordic CS Reflector A,E2:13:07:97:B1:7E,25.58,2
1/18/2026 16:34:49.350,Nordic CS Reflector A,E2:13:07:97:B1:7E,25.5,2
1/18/2026 16:34:49.636,Nordic CS Reflector A,E2:13:07:97:B1:7E,25.5,2
1/18/2026 16:34:49.745,Nordic CS Reflector A,E2:13:07:97:B1:7E,25.5,2
1/18/2026 16:34:49.746,Nordic CS Reflector A,E2:13:07:97:B1:7E,25.5,2
1/18/2026 16:34:50.132,Nordic CS Reflector A,E2:13:07:97:B1:7E,25.43,2
1/18/2026 16:34:50.551,Nordic CS Reflector A,E2:13:07:97:B1:7E,25.43,2
1/18/2026 16:34:50.552,Nordic CS Reflector A,E2:13:07:97:B1:7E,25.43,2
1/18/2026 16:34:50.722,Nordic CS Reflector A,E2:13:07:97:B1:7E,25.54,2
1/18/2026 16:34:50.961,Nordic CS Reflector A,E2:13:07:97:B1:7E,25.54,2
1/18/2026 16:34:51.144,Nordic CS Reflector A,E2:13:07:97:B1:7E,25.5,2
1/18/2026 16:34:51.410,Nordic CS Reflector A,E2:13:07:97:B1:7E,25.5,2
1/18/2026 16:34:51.411,Nordic CS Reflector A,E2:13:07:97:B1:7E,25.5,2
1/18/2026 16:34:51.860,Nordic CS Reflector A,E2:13:07:97:B1:7E,25.5,2
1/18/2026 16:34:51.861,Nordic CS Reflector A,E2:13:07:97:B1:7E,25.5,2
1/18/2026 16:34:52.080,Nordic CS Reflector A,E2:13:07:97:B1:7E,25.47,2
1/18/2026 16:34:52.081,Nordic CS Reflector A,E2:13:07:97:B1:7E,25.47,2
1/18/2026 16:34:52.320,Nordic CS Reflector A,E2:13:07:97:B1:7E,25.47,2
1/18/2026 16:34:52.321,Nordic CS Reflector A,E2:13:07:97:B1:7E,25.47,2
1/18/2026 16:34:52.488,Nordic CS Reflector A,E2:13:07:97:B1:7E,25.47,2
1/18/2026 16:34:52.765,Nordic CS Reflector A,E2:13:07:97:B1:7E,25.5,2
1/18/2026 16:34:53.240,Nordic CS Reflector A,E2:13:07:97:B1:7E,25.5,2
1/18/2026 16:34:53.241,Nordic CS Reflector A,E2:13:07:97:B1:7E,25.5,2
1/18/2026 16:34:53.479,Nordic CS Reflector A,E2:13:07:97:B1:7E,25.54,2
1/18/2026 16:34:53.688,Nordic CS Reflector A,E2:13:07:97:B1:7E,25.54,2
1/18/2026 16:34:53.845,Nordic CS Reflector A,E2:13:07:97:B1:7E,25.54,2
1/18/2026 16:34:53.846,Nordic CS Reflector A,E2:13:07:97:B1:7E,25.54,2
1/18/2026 16:34:54.115,Nordic CS Reflector A,E2:13:07:97:B1:7E,25.54,2
1/18/2026 16:34:54.596,Nordic CS Reflector A,E2:13:07:97:B1:7E,25.58,2
1/18/2026 16:34:54.597,Nordic CS Reflector A,E2:13:07:97:B1:7E,25.58,2
1/18/2026 16:34:54.798,Nordic CS Reflector A,E2:13:07:97:B1:7E,25.61,2
1/18/2026 16:34:54.799,Nordic CS Reflector A,E2:13:07:97:B1:7E,25.61,2
1/18/2026 16:34:55.078,Nordic CS Reflector A,E2:13:07:97:B1:7E,25.58,2
1/18/2026 16:34:55.079,Nordic CS Reflector A,E2:13:07:97:B1:7E,25.58,2
1/18/2026 16:34:55.216,Nordic CS Reflector A,E2:13:07:97:B1:7E,25.58,2
1/18/2026 16:34:55.217,Nordic CS Reflector A,E2:13:07:97:B1:7E,25.58,2
1/18/2026 16:34:55.485,Nordic CS Reflector A,E2:13:07:97:B1:7E,25.58,2
1/18/2026 16:34:55.486,Nordic CS Reflector A,E2:13:07:97:B1:7E,25.58,2
1/18/2026 16:34:56.007,Nordic CS Reflector A,E2:13:07:97:B1:7E,25.58,2
1/18/2026 16:34:56.155,Nordic CS Reflector A,E2:13:07:97:B1:7E,25.58,2
1/18/2026 16:34:56.156,Nordic CS Reflector A,E2:13:07:97:B1:7E,25.58,2
1/18/2026 16:34:56.385,Nordic CS Reflector A,E2:13:07:97:B1:7E,25.58,2
1/18/2026 16:34:56.386,Nordic CS Reflector A,E2:13:07:97:B1:7E,25.58,2
1/18/2026 16:34:56.569,Nordic CS Reflector A,E2:13:07:97:B1:7E,25.58,2
1/18/2026 16:34:56.570,Nordic CS Reflector A,E2:13:07:97:B1:7E,25.58,2
1/18/2026 16:34:56.832,Nordic CS Reflector A,E2:13:07:97:B1:7E,25.58,2
1/18/2026 16:34:57.366,Nordic CS Reflector A,E2:13:07:97:B1:7E,25.58,2
1/18/2026 16:34:57.367,Nordic CS Reflector A,E2:13:07:97:B1:7E,25.58,2
1/18/2026 16:34:57.501,Nordic CS Reflector A,E2:13:07:97:B1:7E,25.58,0
1/18/2026 16:34:57.502,Nordic CS Reflector A,E2:13:07:97:B1:7E,25.58,0
1/18/2026 16:34:57.708,Nordic CS Reflector A,E2:13:07:97:B1:7E,25.58,2
1/18/2026 16:34:57.709,Nordic CS Reflector A,E2:13:07:97:B1:7E,25.58,2
1/18/2026 16:34:57.905,Nordic CS Reflector A,E2:13:07:97:B1:7E,25.58,2
1/18/2026 16:34:57.906,Nordic CS Reflector A,E2:13:07:97:B1:7E,25.58,2
1/18/2026 16:34:58.183,Nordic CS Reflector A,E2:13:07:97:B1:7E,25.58,2
1/18/2026 16:34:58.640,Nordic CS Reflector A,E2:13:07:97:B1:7E,25.58,2
1/18/2026 16:34:58.641,Nordic CS Reflector A,E2:13:07:97:B1:7E,25.58,2
1/18/2026 16:34:58.874,Nordic CS Reflector A,E2:13:07:97:B1:7E,25.58,2
1/18/2026 16:34:58.875,Nordic CS Reflector A,E2:13:07:97:B1:7E,25.58,2
1/18/2026 16:34:59.074,Nordic CS Reflector A,E2:13:07:97:B1:7E,25.58,2
1/18/2026 16:34:59.273,Nordic CS Reflector A,E2:13:07:97:B1:7E,25.58,2
1/18/2026 16:34:59.549,Nordic CS Reflector A,E2:13:07:97:B1:7E,25.58,2
1/18/2026 16:35:00.065,Nordic CS Reflector A,E2:13:07:97:B1:7E,25.58,2
1/18/2026 16:35:00.066,Nordic CS Reflector A,E2:13:07:97:B1:7E,25.58,2
1/18/2026 16:35:00.189,Nordic CS Reflector A,E2:13:07:97:B1:7E,25.65,2
1/18/2026 16:35:00.190,Nordic CS Reflector A,E2:13:07:97:B1:7E,25.65,2
1/18/2026 16:35:00.402,Nordic CS Reflector A,E2:13:07:97:B1:7E,25.69,2
1/18/2026 16:35:00.680,Nordic CS Reflector A,E2:13:07:97:B1:7E,25.69,2
1/18/2026 16:35:00.889,Nordic CS Reflector A,E2:13:07:97:B1:7E,25.72,2
1/18/2026 16:35:01.368,Nordic CS Reflector A,E2:13:07:97:B1:7E,25.72,2
1/18/2026 16:35:01.578,Nordic CS Reflector A,E2:13:07:97:B1:7E,25.69,2
1/18/2026 16:35:01.579,Nordic CS Reflector A,E2:13:07:97:B1:7E,25.69,2
1/18/2026 16:35:01.786,Nordic CS Reflector A,E2:13:07:97:B1:7E,25.65,2
1/18/2026 16:35:01.787,Nordic CS Reflector A,E2:13:07:97:B1:7E,25.65,2
1/18/2026 16:35:01.999,Nordic CS Reflector A,E2:13:07:97:B1:7E,25.65,2
1/18/2026 16:35:02.266,Nordic CS Reflector A,E2:13:07:97:B1:7E,25.61,2
1/18/2026 16:35:02.267,Nordic CS Reflector A,E2:13:07:97:B1:7E,25.61,2
1/18/2026 16:35:02.724,Nordic CS Reflector A,E2:13:07:97:B1:7E,25.58,2
1/18/2026 16:35:02.921,Nordic CS Reflector A,E2:13:07:97:B1:7E,25.58,2
1/18/2026 16:35:03.132,Nordic CS Reflector A,E2:13:07:97:B1:7E,25.61,2
1/18/2026 16:35:03.133,Nordic CS Reflector A,E2:13:07:97:B1:7E,25.61,2
1/18/2026 16:35:03.343,Nordic CS Reflector A,E2:13:07:97:B1:7E,25.61,2
1/18/2026 16:35:03.344,Nordic CS Reflector A,E2:13:07:97:B1:7E,25.61,2
1/18/2026 16:35:03.624,Nordic CS Reflector A,E2:13:07:97:B1:7E,25.61,2
1/18/2026 16:35:03.625,Nordic CS Reflector A,E2:13:07:97:B1:7E,25.61,2
1/18/2026 16:35:04.102,Nordic CS Reflector A,E2:13:07:97:B1:7E,25.65,2
1/18/2026 16:35:04.338,Nordic CS Reflector A,E2:13:07:97:B1:7E,25.65,2
1/18/2026 16:35:04.339,Nordic CS Reflector A,E2:13:07:97:B1:7E,25.65,2
1/18/2026 16:35:04.518,Nordic CS Reflector A,E2:13:07:97:B1:7E,25.65,2
1/18/2026 16:35:04.767,Nordic CS Reflector A,E2:13:07:97:B1:7E,25.65,2
1/18/2026 16:35:04.768,Nordic CS Reflector A,E2:13:07:97:B1:7E,25.65,2
1/18/2026 16:35:04.972,Nordic CS Reflector A,E2:13:07:97:B1:7E,25.65,2
1/18/2026 16:35:04.973,Nordic CS Reflector A,E2:13:07:97:B1:7E,25.65,2
1/18/2026 16:35:05.432,Nordic CS Reflector A,E2:13:07:97:B1:7E,25.61,2
1/18/2026 16:35:05.433,Nordic CS Reflector A,E2:13:07:97:B1:7E,25.61,2
1/18/2026 16:35:05.434,Nordic CS Reflector A,E2:13:07:97:B1:7E,25.61,2
1/18/2026 16:35:05.668,Nordic CS Reflector A,E2:13:07:97:B1:7E,25.61,2
1/18/2026 16:35:05.837,Nordic CS Reflector A,E2:13:07:97:B1:7E,25.61,2
1/18/2026 16:35:05.838,Nordic CS Reflector A,E2:13:07:97:B1:7E,25.61,2
1/18/2026 16:35:06.044,Nordic CS Reflector A,E2:13:07:97:B1:7E,25.61,2
1/18/2026 16:35:06.045,Nordic CS Reflector A,E2:13:07:97:B1:7E,25.61,2
1/18/2026 16:35:06.307,Nordic CS Reflector A,E2:13:07:97:B1:7E,25.61,2
1/18/2026 16:35:06.808,Nordic CS Reflector A,E2:13:07:97:B1:7E,25.61,2
1/18/2026 16:35:06.980,Nordic CS Reflector A,E2:13:07:97:B1:7E,25.61,2
1/18/2026 16:35:06.981,Nordic CS Reflector A,E2:13:07:97:B1:7E,25.61,2
1/18/2026 16:35:07.221,Nordic CS Reflector A,E2:13:07:97:B1:7E,25.61,2
1/18/2026 16:35:07.222,Nordic CS Reflector A,E2:13:07:97:B1:7E,25.61,2
1/18/2026 16:35:07.405,Nordic CS Reflector A,E2:13:07:97:B1:7E,25.61,2
1/18/2026 16:35:07.406,Nordic CS Reflector A,E2:13:07:97:B1:7E,25.61,2
1/18/2026 16:35:07.735,Nordic CS Reflector A,E2:13:07:97:B1:7E,25.58,2
1/18/2026 16:35:08.424,Nordic CS Reflector A,E2:13:07:97:B1:7E,25.58,2
1/18/2026 16:35:08.425,Nordic CS Reflector A,E2:13:07:97:B1:7E,25.58,2
1/18/2026 16:35:08.546,Nordic CS Reflector A,E2:13:07:97:B1:7E,25.61,2
1/18/2026 16:35:08.547,Nordic CS Reflector A,E2:13:07:97:B1:7E,25.61,2
1/18/2026 16:35:08.757,Nordic CS Reflector A,E2:13:07:97:B1:7E,25.65,2
1/18/2026 16:35:08.758,Nordic CS Reflector A,E2:13:07:97:B1:7E,25.65,2
1/18/2026 16:35:08.957,Nordic CS Reflector A,E2:13:07:97:B1:7E,25.65,2
1/18/2026 16:35:08.958,Nordic CS Reflector A,E2:13:07:97:B1:7E,25.65,2
1/18/2026 16:35:09.225,Nordic CS Reflector A,E2:13:07:97:B1:7E,25.54,2
1/18/2026 16:35:09.226,Nordic CS Reflector A,E2:13:07:97:B1:7E,25.54,2
1/18/2026 16:35:09.711,Nordic CS Reflector A,E2:13:07:97:B1:7E,25.54,2
1/18/2026 16:35:09.712,Nordic CS Reflector A,E2:13:07:97:B1:7E,25.54,2
1/18/2026 16:35:09.906,Nordic CS Reflector A,E2:13:07:97:B1:7E,25.54,0
1/18/2026 16:35:10.101,Nordic CS Reflector A,E2:13:07:97:B1:7E,25.61,2
1/18/2026 16:35:10.102,Nordic CS Reflector A,E2:13:07:97:B1:7E,25.61,2
1/18/2026 16:35:10.398,Nordic CS Reflector A,E2:13:07:97:B1:7E,25.61,2
1/18/2026 16:35:10.642,Nordic CS Reflector A,E2:13:07:97:B1:7E,25.58,2
1/18/2026 16:35:11.065,Nordic CS Reflector A,E2:13:07:97:B1:7E,25.58,2
1/18/2026 16:35:11.066,Nordic CS Reflector A,E2:13:07:97:B1:7E,25.58,2
1/18/2026 16:35:11.258,Nordic CS Reflector A,E2:13:07:97:B1:7E,25.58,2
1/18/2026 16:35:11.455,Nordic CS Reflector A,E2:13:07:97:B1:7E,25.58,2
1/18/2026 16:35:11.456,Nordic CS Reflector A,E2:13:07:97:B1:7E,25.58,2
1/18/2026 16:35:11.676,Nordic CS Reflector A,E2:13:07:97:B1:7E,25.58,2
1/18/2026 16:35:11.677,Nordic CS Reflector A,E2:13:07:97:B1:7E,25.58,2
1/18/2026 16:35:11.930,Nordic CS Reflector A,E2:13:07:97:B1:7E,25.58,2
1/18/2026 16:35:11.931,Nordic CS Reflector A,E2:13:07:97:B1:7E,25.58,2
1/18/2026 16:35:12.410,Nordic CS Reflector A,E2:13:07:97:B1:7E,25.61,2
1/18/2026 16:35:12.411,Nordic CS Reflector A,E2:13:07:97:B1:7E,25.61,2
1/18/2026 16:35:12.594,Nordic CS Reflector A,E2:13:07:97:B1:7E,25.61,2
1/18/2026 16:35:12.800,Nordic CS Reflector A,E2:13:07:97:B1:7E,25.58,2
1/18/2026 16:35:13.011,Nordic CS Reflector A,E2:13:07:97:B1:7E,25.58,2
1/18/2026 16:35:13.012,Nordic CS Reflector A,E2:13:07:97:B1:7E,25.58,2
1/18/2026 16:35:13.273,Nordic CS Reflector A,E2:13:07:97:B1:7E,25.58,2
1/18/2026 16:35:13.752,Nordic CS Reflector A,E2:13:07:97:B1:7E,25.61,2
1/18/2026 16:35:13.753,Nordic CS Reflector A,E2:13:07:97:B1:7E,25.61,2
1/18/2026 16:35:14.032,Nordic CS Reflector A,E2:13:07:97:B1:7E,25.61,2
1/18/2026 16:35:14.033,Nordic CS Reflector A,E2:13:07:97:B1:7E,25.61,2
1/18/2026 16:35:14.178,Nordic CS Reflector A,E2:13:07:97:B1:7E,25.61,2
1/18/2026 16:35:14.403,Nordic CS Reflector A,E2:13:07:97:B1:7E,25.61,2
1/18/2026 16:35:14.651,Nordic CS Reflector A,E2:13:07:97:B1:7E,25.58,2
1/18/2026 16:35:15.131,Nordic CS Reflector A,E2:13:07:97:B1:7E,25.61,2
1/18/2026 16:35:15.319,Nordic CS Reflector A,E2:13:07:97:B1:7E,25.72,2
1/18/2026 16:35:15.320,Nordic CS Reflector A,E2:13:07:97:B1:7E,25.72,2
1/18/2026 16:35:15.556,Nordic CS Reflector A,E2:13:07:97:B1:7E,25.72,2
1/18/2026 16:35:15.557,Nordic CS Reflector A,E2:13:07:97:B1:7E,25.72,2
1/18/2026 16:35:15.737,Nordic CS Reflector A,E2:13:07:97:B1:7E,25.58,2
1/18/2026 16:35:15.738,Nordic CS Reflector A,E2:13:07:97:B1:7E,25.58,2
1/18/2026 16:35:16.000,Nordic CS Reflector A,E2:13:07:97:B1:7E,25.58,2
1/18/2026 16:35:16.001,Nordic CS Reflector A,E2:13:07:97:B1:7E,25.58,2
1/18/2026 16:35:16.515,Nordic CS Reflector A,E2:13:07:97:B1:7E,25.61,2
1/18/2026 16:35:16.683,Nordic CS Reflector A,E2:13:07:97:B1:7E,25.65,2
1/18/2026 16:35:16.881,Nordic CS Reflector A,E2:13:07:97:B1:7E,25.69,2
1/18/2026 16:35:17.086,Nordic CS Reflector A,E2:13:07:97:B1:7E,25.65,2
1/18/2026 16:35:17.087,Nordic CS Reflector A,E2:13:07:97:B1:7E,25.65,2
1/18/2026 16:35:17.354,Nordic CS Reflector A,E2:13:07:97:B1:7E,25.61,2
1/18/2026 16:35:17.355,Nordic CS Reflector A,E2:13:07:97:B1:7E,25.61,2
1/18/2026 16:35:17.801,Nordic CS Reflector A,E2:13:07:97:B1:7E,25.61,2
1/18/2026 16:35:18.013,Nordic CS Reflector A,E2:13:07:97:B1:7E,25.58,2
1/18/2026 16:35:18.014,Nordic CS Reflector A,E2:13:07:97:B1:7E,25.58,2
1/18/2026 16:35:18.232,Nordic CS Reflector A,E2:13:07:97:B1:7E,25.58,2
1/18/2026 16:35:18.233,Nordic CS Reflector A,E2:13:07:97:B1:7E,25.58,2
1/18/2026 16:35:18.459,Nordic CS Reflector A,E2:13:07:97:B1:7E,25.58,2
1/18/2026 16:35:18.714,Nordic CS Reflector A,E2:13:07:97:B1:7E,25.58,2
1/18/2026 16:35:18.715,Nordic CS Reflector A,E2:13:07:97:B1:7E,25.58,2
1/18/2026 16:35:19.192,Nordic CS Reflector A,E2:13:07:97:B1:7E,25.61,2
1/18/2026 16:35:19.193,Nordic CS Reflector A,E2:13:07:97:B1:7E,25.61,2
1/18/2026 16:35:19.364,Nordic CS Reflector A,E2:13:07:97:B1:7E,25.61,2
1/18/2026 16:35:19.621,Nordic CS Reflector A,E2:13:07:97:B1:7E,25.61,2
1/18/2026 16:35:19.622,Nordic CS Reflector A,E2:13:07:97:B1:7E,25.61,2
1/18/2026 16:35:19.847,Nordic CS Reflector A,E2:13:07:97:B1:7E,25.58,2
1/18/2026 16:35:19.848,Nordic CS Reflector A,E2:13:07:97:B1:7E,25.58,2
1/18/2026 16:35:19.993,Nordic CS Reflector A,E2:13:07:97:B1:7E,25.61,2
1/18/2026 16:35:20.329,Nordic CS Reflector A,E2:13:07:97:B1:7E,25.58,2
1/18/2026 16:35:20.330,Nordic CS Reflector A,E2:13:07:97:B1:7E,25.58,2
1/18/2026 16:35:20.503,Nordic CS Reflector A,E2:13:07:97:B1:7E,25.58,2
1/18/2026 16:35:20.504,Nordic CS Reflector A,E2:13:07:97:B1:7E,25.58,2
1/18/2026 16:35:20.739,Nordic CS Reflector A,E2:13:07:97:B1:7E,25.58,2
1/18/2026 16:35:20.927,Nordic CS Reflector A,E2:13:07:97:B1:7E,25.61,2
1/18/2026 16:35:21.249,Nordic CS Reflector A,E2:13:07:97:B1:7E,25.61,2
1/18/2026 16:35:21.250,Nordic CS Reflector A,E2:13:07:97:B1:7E,25.61,2
1/18/2026 16:35:21.681,Nordic CS Reflector A,E2:13:07:97:B1:7E,25.61,2
1/18/2026 16:35:21.869,Nordic CS Reflector A,E2:13:07:97:B1:7E,25.61,2
1/18/2026 16:35:21.870,Nordic CS Reflector A,E2:13:07:97:B1:7E,25.61,2
1/18/2026 16:35:22.065,Nordic CS Reflector A,E2:13:07:97:B1:7E,25.61,2
1/18/2026 16:35:22.066,Nordic CS Reflector A,E2:13:07:97:B1:7E,25.61,2
1/18/2026 16:35:22.282,Nordic CS Reflector A,E2:13:07:97:B1:7E,25.61,2
1/18/2026 16:35:22.550,Nordic CS Reflector A,E2:13:07:97:B1:7E,25.61,2
1/18/2026 16:35:22.551,Nordic CS Reflector A,E2:13:07:97:B1:7E,25.61,2
1/18/2026 16:35:23.003,Nordic CS Reflector A,E2:13:07:97:B1:7E,25.61,2
1/18/2026 16:35:23.004,Nordic CS Reflector A,E2:13:07:97:B1:7E,25.61,2
1/18/2026 16:35:23.225,Nordic CS Reflector A,E2:13:07:97:B1:7E,25.61,2
1/18/2026 16:35:23.226,Nordic CS Reflector A,E2:13:07:97:B1:7E,25.61,2
1/18/2026 16:35:23.227,Nordic CS Reflector A,E2:13:07:97:B1:7E,25.61,2
1/18/2026 16:35:23.416,Nordic CS Reflector A,E2:13:07:97:B1:7E,25.61,2
1/18/2026 16:35:23.620,Nordic CS Reflector A,E2:13:07:97:B1:7E,25.61,2
1/18/2026 16:35:23.621,Nordic CS Reflector A,E2:13:07:97:B1:7E,25.61,2
1/18/2026 16:35:23.906,Nordic CS Reflector A,E2:13:07:97:B1:7E,25.61,2
1/18/2026 16:35:24.342,Nordic CS Reflector A,E2:13:07:97:B1:7E,25.61,2
1/18/2026 16:35:24.343,Nordic CS Reflector A,E2:13:07:97:B1:7E,25.61,2
1/18/2026 16:35:24.554,Nordic CS Reflector A,E2:13:07:97:B1:7E,25.61,2
1/18/2026 16:35:24.555,Nordic CS Reflector A,E2:13:07:97:B1:7E,25.61,2
1/18/2026 16:35:24.803,Nordic CS Reflector A,E2:13:07:97:B1:7E,25.61,2
1/18/2026 16:35:24.804,Nordic CS Reflector A,E2:13:07:97:B1:7E,25.61,2
1/18/2026 16:35:25.042,Nordic CS Reflector A,E2:13:07:97:B1:7E,25.58,2
1/18/2026 16:35:25.043,Nordic CS Reflector A,E2:13:07:97:B1:7E,25.58,2
1/18/2026 16:35:25.250,Nordic CS Reflector A,E2:13:07:97:B1:7E,25.58,2
1/18/2026 16:35:25.706,Nordic CS Reflector A,E2:13:07:97:B1:7E,25.58,2
1/18/2026 16:35:25.707,Nordic CS Reflector A,E2:13:07:97:B1:7E,25.58,2
1/18/2026 16:35:25.918,Nordic CS Reflector A,E2:13:07:97:B1:7E,25.61,2
1/18/2026 16:35:26.164,Nordic CS Reflector A,E2:13:07:97:B1:7E,25.54,2
1/18/2026 16:35:26.397,Nordic CS Reflector A,E2:13:07:97:B1:7E,25.58,2
1/18/2026 16:35:26.398,Nordic CS Reflector A,E2:13:07:97:B1:7E,25.58,2
1/18/2026 16:35:26.617,Nordic CS Reflector A,E2:13:07:97:B1:7E,25.58,2
1/18/2026 16:35:26.618,Nordic CS Reflector A,E2:13:07:97:B1:7E,25.58,2
1/18/2026 16:35:26.843,Nordic CS Reflector A,E2:13:07:97:B1:7E,25.58,2
1/18/2026 16:35:26.844,Nordic CS Reflector A,E2:13:07:97:B1:7E,25.58,2
1/18/2026 16:35:27.043,Nordic CS Reflector A,E2:13:07:97:B1:7E,25.58,2
1/18/2026 16:35:27.044,Nordic CS Reflector A,E2:13:07:97:B1:7E,25.58,2
1/18/2026 16:35:27.292,Nordic CS Reflector A,E2:13:07:97:B1:7E,25.61,2
1/18/2026 16:35:27.293,Nordic CS Reflector A,E2:13:07:97:B1:7E,25.61,2
1/18/2026 16:35:27.472,Nordic CS Reflector A,E2:13:07:97:B1:7E,25.58,2
1/18/2026 16:35:27.473,Nordic CS Reflector A,E2:13:07:97:B1:7E,25.58,2
1/18/2026 16:35:27.741,Nordic CS Reflector A,E2:13:07:97:B1:7E,25.61,2
1/18/2026 16:35:28.192,Nordic CS Reflector A,E2:13:07:97:B1:7E,25.58,2
1/18/2026 16:35:28.193,Nordic CS Reflector A,E2:13:07:97:B1:7E,25.58,2
1/18/2026 16:35:28.399,Nordic CS Reflector A,E2:13:07:97:B1:7E,25.58,2
1/18/2026 16:35:28.608,Nordic CS Reflector A,E2:13:07:97:B1:7E,25.58,2
1/18/2026 16:35:28.609,Nordic CS Reflector A,E2:13:07:97:B1:7E,25.58,2
1/18/2026 16:35:28.842,Nordic CS Reflector A,E2:13:07:97:B1:7E,25.58,2
1/18/2026 16:35:28.843,Nordic CS Reflector A,E2:13:07:97:B1:7E,25.58,2
1/18/2026 16:35:29.129,Nordic CS Reflector A,E2:13:07:97:B1:7E,25.61,2
1/18/2026 16:35:29.130,Nordic CS Reflector A,E2:13:07:97:B1:7E,25.61,2
1/18/2026 16:35:29.541,Nordic CS Reflector A,E2:13:07:97:B1:7E,25.58,2
1/18/2026 16:35:29.542,Nordic CS Reflector A,E2:13:07:97:B1:7E,25.58,2
1/18/2026 16:35:29.740,Nordic CS Reflector A,E2:13:07:97:B1:7E,25.58,2
1/18/2026 16:35:29.959,Nordic CS Reflector A,E2:13:07:97:B1:7E,25.58,2
1/18/2026 16:35:29.960,Nordic CS Reflector A,E2:13:07:97:B1:7E,25.58,2
1/18/2026 16:35:30.174,Nordic CS Reflector A,E2:13:07:97:B1:7E,25.65,2
1/18/2026 16:35:30.437,Nordic CS Reflector A,E2:13:07:97:B1:7E,25.65,2
1/18/2026 16:35:30.438,Nordic CS Reflector A,E2:13:07:97:B1:7E,25.65,2
1/18/2026 16:35:30.884,Nordic CS Reflector A,E2:13:07:97:B1:7E,25.65,2
1/18/2026 16:35:31.094,Nordic CS Reflector A,E2:13:07:97:B1:7E,25.39,2
1/18/2026 16:35:31.321,Nordic CS Reflector A,E2:13:07:97:B1:7E,25.61,2
1/18/2026 16:35:31.322,Nordic CS Reflector A,E2:13:07:97:B1:7E,25.61,2
1/18/2026 16:35:31.522,Nordic CS Reflector A,E2:13:07:97:B1:7E,25.61,2
1/18/2026 16:35:31.523,Nordic CS Reflector A,E2:13:07:97:B1:7E,25.61,2
1/18/2026 16:35:31.794,Nordic CS Reflector A,E2:13:07:97:B1:7E,25.69,2
1/18/2026 16:35:31.795,Nordic CS Reflector A,E2:13:07:97:B1:7E,25.69,2
1/18/2026 16:35:32.428,Nordic CS Reflector A,E2:13:07:97:B1:7E,25.69,2
1/18/2026 16:35:32.429,Nordic CS Reflector A,E2:13:07:97:B1:7E,25.69,2
1/18/2026 16:35:32.599,Nordic CS Reflector A,E2:13:07:97:B1:7E,25.69,2
1/18/2026 16:35:32.600,Nordic CS Reflector A,E2:13:07:97:B1:7E,25.69,2
1/18/2026 16:35:32.838,Nordic CS Reflector A,E2:13:07:97:B1:7E,25.69,2
1/18/2026 16:35:33.025,Nordic CS Reflector A,E2:13:07:97:B1:7E,25.65,2
1/18/2026 16:35:33.026,Nordic CS Reflector A,E2:13:07:97:B1:7E,25.65,2
1/18/2026 16:35:33.326,Nordic CS Reflector A,E2:13:07:97:B1:7E,25.76,2
1/18/2026 16:35:33.327,Nordic CS Reflector A,E2:13:07:97:B1:7E,25.76,2
1/18/2026 16:35:33.525,Nordic CS Reflector A,E2:13:07:97:B1:7E,25.76,2
1/18/2026 16:35:33.738,Nordic CS Reflector A,E2:13:07:97:B1:7E,25.8,2
1/18/2026 16:35:33.739,Nordic CS Reflector A,E2:13:07:97:B1:7E,25.8,2
1/18/2026 16:35:33.948,Nordic CS Reflector A,E2:13:07:97:B1:7E,25.8,2
1/18/2026 16:35:33.949,Nordic CS Reflector A,E2:13:07:97:B1:7E,25.8,2
1/18/2026 16:35:34.190,Nordic CS Reflector A,E2:13:07:97:B1:7E,25.69,2
1/18/2026 16:35:34.191,Nordic CS Reflector A,E2:13:07:97:B1:7E,25.69,2
1/18/2026 16:35:34.467,Nordic CS Reflector A,E2:13:07:97:B1:7E,25.69,2
1/18/2026 16:35:34.468,Nordic CS Reflector A,E2:13:07:97:B1:7E,25.69,2
1/18/2026 16:35:34.870,Nordic CS Reflector A,E2:13:07:97:B1:7E,25.65,2
1/18/2026 16:35:34.871,Nordic CS Reflector A,E2:13:07:97:B1:7E,25.65,2
1/18/2026 16:35:35.098,Nordic CS Reflector A,E2:13:07:97:B1:7E,25.69,2
1/18/2026 16:35:35.099,Nordic CS Reflector A,E2:13:07:97:B1:7E,25.69,2
1/18/2026 16:35:35.361,Nordic CS Reflector A,E2:13:07:97:B1:7E,25.69,2
1/18/2026 16:35:35.362,Nordic CS Reflector A,E2:13:07:97:B1:7E,25.69,2
1/18/2026 16:35:35.510,Nordic CS Reflector A,E2:13:07:97:B1:7E,25.72,2
1/18/2026 16:35:35.780,Nordic CS Reflector A,E2:13:07:97:B1:7E,25.72,2
1/18/2026 16:35:35.781,Nordic CS Reflector A,E2:13:07:97:B1:7E,25.72,2
1/18/2026 16:35:36.245,Nordic CS Reflector A,E2:13:07:97:B1:7E,25.72,2
1/18/2026 16:35:36.433,Nordic CS Reflector A,E2:13:07:97:B1:7E,25.69,2
1/18/2026 16:35:36.434,Nordic CS Reflector A,E2:13:07:97:B1:7E,25.69,2
1/18/2026 16:35:36.646,Nordic CS Reflector A,E2:13:07:97:B1:7E,25.76,2
1/18/2026 16:35:36.647,Nordic CS Reflector A,E2:13:07:97:B1:7E,25.76,2
1/18/2026 16:35:36.856,Nordic CS Reflector A,E2:13:07:97:B1:7E,25.72,2
1/18/2026 16:35:37.136,Nordic CS Reflector A,E2:13:07:97:B1:7E,25.72,2
1/18/2026 16:35:37.645,Nordic CS Reflector A,E2:13:07:97:B1:7E,25.65,2
1/18/2026 16:35:37.646,Nordic CS Reflector A,E2:13:07:97:B1:7E,25.65,2
1/18/2026 16:35:37.787,Nordic CS Reflector A,E2:13:07:97:B1:7E,25.65,2
1/18/2026 16:35:38.004,Nordic CS Reflector A,E2:13:07:97:B1:7E,25.65,2
1/18/2026 16:35:38.207,Nordic CS Reflector A,E2:13:07:97:B1:7E,25.65,2
1/18/2026 16:35:38.464,Nordic CS Reflector A,E2:13:07:97:B1:7E,25.61,2
1/18/2026 16:35:38.465,Nordic CS Reflector A,E2:13:07:97:B1:7E,25.61,2
1/18/2026 16:35:38.936,Nordic CS Reflector A,E2:13:07:97:B1:7E,25.61,2
1/18/2026 16:35:38.937,Nordic CS Reflector A,E2:13:07:97:B1:7E,25.61,2
1/18/2026 16:35:39.139,Nordic CS Reflector A,E2:13:07:97:B1:7E,25.54,2
1/18/2026 16:35:39.140,Nordic CS Reflector A,E2:13:07:97:B1:7E,25.54,2
1/18/2026 16:35:39.358,Nordic CS Reflector A,E2:13:07:97:B1:7E,25.54,2
1/18/2026 16:35:39.359,Nordic CS Reflector A,E2:13:07:97:B1:7E,25.54,2
1/18/2026 16:35:39.574,Nordic CS Reflector A,E2:13:07:97:B1:7E,25.54,2
1/18/2026 16:35:39.823,Nordic CS Reflector A,E2:13:07:97:B1:7E,25.61,2
1/18/2026 16:35:40.314,Nordic CS Reflector A,E2:13:07:97:B1:7E,25.61,2
1/18/2026 16:35:40.491,Nordic CS Reflector A,E2:13:07:97:B1:7E,25.58,2
1/18/2026 16:35:40.710,Nordic CS Reflector A,E2:13:07:97:B1:7E,25.54,2
1/18/2026 16:35:40.711,Nordic CS Reflector A,E2:13:07:97:B1:7E,25.54,2
1/18/2026 16:35:40.921,Nordic CS Reflector A,E2:13:07:97:B1:7E,25.54,2
1/18/2026 16:35:41.189,Nordic CS Reflector A,E2:13:07:97:B1:7E,25.58,2
1/18/2026 16:35:41.190,Nordic CS Reflector A,E2:13:07:97:B1:7E,25.58,2
1/18/2026 16:35:41.632,Nordic CS Reflector A,E2:13:07:97:B1:7E,25.58,2
1/18/2026 16:35:41.875,Nordic CS Reflector A,E2:13:07:97:B1:7E,25.58,2
1/18/2026 16:35:41.876,Nordic CS Reflector A,E2:13:07:97:B1:7E,25.58,2
1/18/2026 16:35:42.056,Nordic CS Reflector A,E2:13:07:97:B1:7E,25.58,2
1/18/2026 16:35:42.057,Nordic CS Reflector A,E2:13:07:97:B1:7E,25.58,2
1/18/2026 16:35:42.261,Nordic CS Reflector A,E2:13:07:97:B1:7E,25.58,2
1/18/2026 16:35:42.522,Nordic CS Reflector A,E2:13:07:97:B1:7E,25.58,2
1/18/2026 16:35:42.523,Nordic CS Reflector A,E2:13:07:97:B1:7E,25.58,2
1/18/2026 16:35:42.986,Nordic CS Reflector A,E2:13:07:97:B1:7E,25.58,2
1/18/2026 16:35:43.197,Nordic CS Reflector A,E2:13:07:97:B1:7E,25.54,2
1/18/2026 16:35:43.198,Nordic CS Reflector A,E2:13:07:97:B1:7E,25.54,2
1/18/2026 16:35:43.460,Nordic CS Reflector A,E2:13:07:97:B1:7E,25.54,2
1/18/2026 16:35:43.602,Nordic CS Reflector A,E2:13:07:97:B1:7E,25.58,2
1/18/2026 16:35:43.603,Nordic CS Reflector A,E2:13:07:97:B1:7E,25.58,2
1/18/2026 16:35:43.848,Nordic CS Reflector A,E2:13:07:97:B1:7E,25.58,2
1/18/2026 16:35:43.849,Nordic CS Reflector A,E2:13:07:97:B1:7E,25.58,2
1/18/2026 16:35:44.330,Nordic CS Reflector A,E2:13:07:97:B1:7E,25.61,2
1/18/2026 16:35:44.331,Nordic CS Reflector A,E2:13:07:97:B1:7E,25.61,2
1/18/2026 16:35:44.604,Nordic CS Reflector A,E2:13:07:97:B1:7E,25.61,2
1/18/2026 16:35:44.749,Nordic CS Reflector A,E2:13:07:97:B1:7E,25.61,2
1/18/2026 16:35:45.049,Nordic CS Reflector A,E2:13:07:97:B1:7E,25.58,2
1/18/2026 16:35:45.050,Nordic CS Reflector A,E2:13:07:97:B1:7E,25.58,2
1/18/2026 16:35:45.223,Nordic CS Reflector A,E2:13:07:97:B1:7E,25.61,2
1/18/2026 16:35:45.224,Nordic CS Reflector A,E2:13:07:97:B1:7E,25.61,2
1/18/2026 16:35:45.684,Nordic CS Reflector A,E2:13:07:97:B1:7E,25.65,2
1/18/2026 16:35:45.685,Nordic CS Reflector A,E2:13:07:97:B1:7E,25.65,2
1/18/2026 16:35:45.918,Nordic CS Reflector A,E2:13:07:97:B1:7E,25.65,2
1/18/2026 16:35:46.140,Nordic CS Reflector A,E2:13:07:97:B1:7E,25.58,2
1/18/2026 16:35:46.331,Nordic CS Reflector A,E2:13:07:97:B1:7E,25.58,2
1/18/2026 16:35:46.332,Nordic CS Reflector A,E2:13:07:97:B1:7E,25.58,2
1/18/2026 16:35:46.574,Nordic CS Reflector A,E2:13:07:97:B1:7E,25.58,2
1/18/2026 16:35:46.575,Nordic CS Reflector A,E2:13:07:97:B1:7E,25.58,2
1/18/2026 16:35:47.032,Nordic CS Reflector A,E2:13:07:97:B1:7E,25.61,2
1/18/2026 16:35:47.033,Nordic CS Reflector A,E2:13:07:97:B1:7E,25.61,2
1/18/2026 16:35:47.234,Nordic CS Reflector A,E2:13:07:97:B1:7E,25.58,2
1/18/2026 16:35:47.482,Nordic CS Reflector A,E2:13:07:97:B1:7E,25.61,2
1/18/2026 16:35:47.483,Nordic CS Reflector A,E2:13:07:97:B1:7E,25.61,2
1/18/2026 16:35:47.679,Nordic CS Reflector A,E2:13:07:97:B1:7E,25.61,2
1/18/2026 16:35:47.927,Nordic CS Reflector A,E2:13:07:97:B1:7E,25.61,2
1/18/2026 16:35:47.928,Nordic CS Reflector A,E2:13:07:97:B1:7E,25.61,2
1/18/2026 16:35:48.376,Nordic CS Reflector A,E2:13:07:97:B1:7E,25.61,2
1/18/2026 16:35:48.377,Nordic CS Reflector A,E2:13:07:97:B1:7E,25.61,2
1/18/2026 16:35:48.584,Nordic CS Reflector A,E2:13:07:97:B1:7E,25.58,2
1/18/2026 16:35:48.793,Nordic CS Reflector A,E2:13:07:97:B1:7E,25.58,2
1/18/2026 16:35:48.794,Nordic CS Reflector A,E2:13:07:97:B1:7E,25.58,2
1/18/2026 16:35:49.002,Nordic CS Reflector A,E2:13:07:97:B1:7E,25.58,2
1/18/2026 16:35:49.273,Nordic CS Reflector A,E2:13:07:97:B1:7E,25.54,2
1/18/2026 16:35:49.728,Nordic CS Reflector A,E2:13:07:97:B1:7E,25.58,2
1/18/2026 16:35:50.001,Nordic CS Reflector A,E2:13:07:97:B1:7E,25.58,2
1/18/2026 16:35:50.176,Nordic CS Reflector A,E2:13:07:97:B1:7E,25.58,2
1/18/2026 16:35:50.381,Nordic CS Reflector A,E2:13:07:97:B1:7E,25.54,2
1/18/2026 16:35:50.382,Nordic CS Reflector A,E2:13:07:97:B1:7E,25.54,2
1/18/2026 16:35:50.632,Nordic CS Reflector A,E2:13:07:97:B1:7E,25.54,2
1/18/2026 16:35:50.633,Nordic CS Reflector A,E2:13:07:97:B1:7E,25.54,2
1/18/2026 16:35:51.130,Nordic CS Reflector A,E2:13:07:97:B1:7E,25.54,2
1/18/2026 16:35:51.131,Nordic CS Reflector A,E2:13:07:97:B1:7E,25.54,2
1/18/2026 16:35:51.310,Nordic CS Reflector A,E2:13:07:97:B1:7E,25.54,2
1/18/2026 16:35:51.311,Nordic CS Reflector A,E2:13:07:97:B1:7E,25.54,2
1/18/2026 16:35:51.533,Nordic CS Reflector A,E2:13:07:97:B1:7E,25.54,2
1/18/2026 16:35:51.534,Nordic CS Reflector A,E2:13:07:97:B1:7E,25.54,2
1/18/2026 16:35:51.730,Nordic CS Reflector A,E2:13:07:97:B1:7E,25.58,2
1/18/2026 16:35:51.731,Nordic CS Reflector A,E2:13:07:97:B1:7E,25.58,2
1/18/2026 16:35:51.985,Nordic CS Reflector A,E2:13:07:97:B1:7E,25.61,2
1/18/2026 16:35:52.484,Nordic CS Reflector A,E2:13:07:97:B1:7E,25.61,2
1/18/2026 16:35:52.708,Nordic CS Reflector A,E2:13:07:97:B1:7E,25.54,2
1/18/2026 16:35:52.709,Nordic CS Reflector A,E2:13:07:97:B1:7E,25.54,2
1/18/2026 16:35:52.850,Nordic CS Reflector A,E2:13:07:97:B1:7E,25.54,2
1/18/2026 16:35:53.056,Nordic CS Reflector A,E2:13:07:97:B1:7E,25.58,2
1/18/2026 16:35:53.057,Nordic CS Reflector A,E2:13:07:97:B1:7E,25.58,2
1/18/2026 16:35:53.391,Nordic CS Reflector A,E2:13:07:97:B1:7E,25.65,2
1/18/2026 16:35:53.392,Nordic CS Reflector A,E2:13:07:97:B1:7E,25.65,2
1/18/2026 16:35:53.393,Nordic CS Reflector A,E2:13:07:97:B1:7E,25.65,2
1/18/2026 16:35:53.783,Nordic CS Reflector A,E2:13:07:97:B1:7E,25.58,2
1/18/2026 16:35:53.983,Nordic CS Reflector A,E2:13:07:97:B1:7E,25.58,2
1/18/2026 16:35:53.984,Nordic CS Reflector A,E2:13:07:97:B1:7E,25.58,2
1/18/2026 16:35:54.199,Nordic CS Reflector A,E2:13:07:97:B1:7E,25.54,2
1/18/2026 16:35:54.417,Nordic CS Reflector A,E2:13:07:97:B1:7E,25.54,2
1/18/2026 16:35:54.418,Nordic CS Reflector A,E2:13:07:97:B1:7E,25.54,2
1/18/2026 16:35:54.678,Nordic CS Reflector A,E2:13:07:97:B1:7E,25.69,2
1/18/2026 16:35:54.679,Nordic CS Reflector A,E2:13:07:97:B1:7E,25.69,2
1/18/2026 16:35:55.178,Nordic CS Reflector A,E2:13:07:97:B1:7E,25.69,2
1/18/2026 16:35:55.179,Nordic CS Reflector A,E2:13:07:97:B1:7E,25.69,2
1/18/2026 16:35:55.362,Nordic CS Reflector A,E2:13:07:97:B1:7E,25.69,2
1/18/2026 16:35:55.363,Nordic CS Reflector A,E2:13:07:97:B1:7E,25.69,2
1/18/2026 16:35:55.541,Nordic CS Reflector A,E2:13:07:97:B1:7E,25.58,2
1/18/2026 16:35:55.795,Nordic CS Reflector A,E2:13:07:97:B1:7E,25.61,2
1/18/2026 16:35:55.796,Nordic CS Reflector A,E2:13:07:97:B1:7E,25.61,2
1/18/2026 16:35:55.966,Nordic CS Reflector A,E2:13:07:97:B1:7E,25.58,2
1/18/2026 16:35:55.967,Nordic CS Reflector A,E2:13:07:97:B1:7E,25.58,2
1/18/2026 16:35:56.453,Nordic CS Reflector A,E2:13:07:97:B1:7E,25.61,2
1/18/2026 16:35:56.454,Nordic CS Reflector A,E2:13:07:97:B1:7E,25.61,2
1/18/2026 16:35:56.708,Nordic CS Reflector A,E2:13:07:97:B1:7E,25.61,2
1/18/2026 16:35:56.857,Nordic CS Reflector A,E2:13:07:97:B1:7E,25.61,2
1/18/2026 16:35:57.130,Nordic CS Reflector A,E2:13:07:97:B1:7E,25.65,2
1/18/2026 16:35:57.131,Nordic CS Reflector A,E2:13:07:97:B1:7E,25.65,2
1/18/2026 16:35:57.350,Nordic CS Reflector A,E2:13:07:97:B1:7E,25.65,2
1/18/2026 16:35:57.351,Nordic CS Reflector A,E2:13:07:97:B1:7E,25.65,2
1/18/2026 16:35:57.802,Nordic CS Reflector A,E2:13:07:97:B1:7E,25.65,2
1/18/2026 16:35:57.803,Nordic CS Reflector A,E2:13:07:97:B1:7E,25.65,2
1/18/2026 16:35:58.017,Nordic CS Reflector A,E2:13:07:97:B1:7E,25.65,2
1/18/2026 16:35:58.284,Nordic CS Reflector A,E2:13:07:97:B1:7E,25.65,2
1/18/2026 16:35:58.285,Nordic CS Reflector A,E2:13:07:97:B1:7E,25.65,2
1/18/2026 16:35:58.433,Nordic CS Reflector A,E2:13:07:97:B1:7E,25.65,2
1/18/2026 16:35:58.434,Nordic CS Reflector A,E2:13:07:97:B1:7E,25.65,2
1/18/2026 16:35:58.698,Nordic CS Reflector A,E2:13:07:97:B1:7E,25.69,2
1/18/2026 16:35:59.184,Nordic CS Reflector A,E2:13:07:97:B1:7E,25.69,2
1/18/2026 16:35:59.185,Nordic CS Reflector A,E2:13:07:97:B1:7E,25.69,2
1/18/2026 16:35:59.360,Nordic CS Reflector A,E2:13:07:97:B1:7E,25.69,2
1/18/2026 16:35:59.569,Nordic CS Reflector A,E2:13:07:97:B1:7E,25.61,2
1/18/2026 16:35:59.570,Nordic CS Reflector A,E2:13:07:97:B1:7E,25.61,2
1/18/2026 16:35:59.844,Nordic CS Reflector A,E2:13:07:97:B1:7E,25.61,2
1/18/2026 16:36:00.052,Nordic CS Reflector A,E2:13:07:97:B1:7E,25.61,2
1/18/2026 16:36:00.499,Nordic CS Reflector A,E2:13:07:97:B1:7E,25.61,2
1/18/2026 16:36:00.736,Nordic CS Reflector A,E2:13:07:97:B1:7E,25.61,2
1/18/2026 16:36:00.737,Nordic CS Reflector A,E2:13:07:97:B1:7E,25.61,2
1/18/2026 16:36:00.907,Nordic CS Reflector A,E2:13:07:97:B1:7E,25.61,2
1/18/2026 16:36:01.126,Nordic CS Reflector A,E2:13:07:97:B1:7E,25.65,2
1/18/2026 16:36:01.398,Nordic CS Reflector A,E2:13:07:97:B1:7E,25.65,2
1/18/2026 16:36:01.399,Nordic CS Reflector A,E2:13:07:97:B1:7E,25.65,2
1/18/2026 16:36:01.918,Nordic CS Reflector A,E2:13:07:97:B1:7E,25.65,2
1/18/2026 16:36:02.069,Nordic CS Reflector A,E2:13:07:97:B1:7E,25.65,2
1/18/2026 16:36:02.070,Nordic CS Reflector A,E2:13:07:97:B1:7E,25.65,2
1/18/2026 16:36:02.269,Nordic CS Reflector A,E2:13:07:97:B1:7E,25.65,2
1/18/2026 16:36:02.270,Nordic CS Reflector A,E2:13:07:97:B1:7E,25.65,2
1/18/2026 16:36:02.483,Nordic CS Reflector A,E2:13:07:97:B1:7E,25.65,2
1/18/2026 16:36:02.484,Nordic CS Reflector A,E2:13:07:97:B1:7E,25.65,2
1/18/2026 16:36:02.738,Nordic CS Reflector A,E2:13:07:97:B1:7E,25.65,2
1/18/2026 16:36:02.739,Nordic CS Reflector A,E2:13:07:97:B1:7E,25.65,2
1/18/2026 16:36:03.205,Nordic CS Reflector A,E2:13:07:97:B1:7E,25.61,2
1/18/2026 16:36:03.206,Nordic CS Reflector A,E2:13:07:97:B1:7E,25.61,2
1/18/2026 16:36:03.407,Nordic CS Reflector A,E2:13:07:97:B1:7E,25.58,2
1/18/2026 16:36:03.408,Nordic CS Reflector A,E2:13:07:97:B1:7E,25.58,2
1/18/2026 16:36:03.624,Nordic CS Reflector A,E2:13:07:97:B1:7E,25.54,2
1/18/2026 16:36:03.625,Nordic CS Reflector A,E2:13:07:97:B1:7E,25.54,2
1/18/2026 16:36:03.821,Nordic CS Reflector A,E2:13:07:97:B1:7E,25.54,2
1/18/2026 16:36:03.822,Nordic CS Reflector A,E2:13:07:97:B1:7E,25.54,2
1/18/2026 16:36:04.100,Nordic CS Reflector A,E2:13:07:97:B1:7E,25.58,2
1/18/2026 16:36:04.101,Nordic CS Reflector A,E2:13:07:97:B1:7E,25.58,2
1/18/2026 16:36:04.559,Nordic CS Reflector A,E2:13:07:97:B1:7E,25.58,2
1/18/2026 16:36:04.560,Nordic CS Reflector A,E2:13:07:97:B1:7E,25.58,2
1/18/2026 16:36:04.753,Nordic CS Reflector A,E2:13:07:97:B1:7E,25.54,2
1/18/2026 16:36:04.754,Nordic CS Reflector A,E2:13:07:97:B1:7E,25.54,2
1/18/2026 16:36:05.011,Nordic CS Reflector A,E2:13:07:97:B1:7E,25.54,2
1/18/2026 16:36:05.012,Nordic CS Reflector A,E2:13:07:97:B1:7E,25.54,2
1/18/2026 16:36:05.176,Nordic CS Reflector A,E2:13:07:97:B1:7E,25.58,2
1/18/2026 16:36:05.177,Nordic CS Reflector A,E2:13:07:97:B1:7E,25.58,2
1/18/2026 16:36:05.476,Nordic CS Reflector A,E2:13:07:97:B1:7E,25.65,2
1/18/2026 16:36:05.909,Nordic CS Reflector A,E2:13:07:97:B1:7E,25.65,2
1/18/2026 16:36:06.118,Nordic CS Reflector A,E2:13:07:97:B1:7E,25.65,2
1/18/2026 16:36:06.119,Nordic CS Reflector A,E2:13:07:97:B1:7E,25.65,2
1/18/2026 16:36:06.347,Nordic CS Reflector A,E2:13:07:97:B1:7E,25.61,2
1/18/2026 16:36:06.611,Nordic CS Reflector A,E2:13:07:97:B1:7E,25.61,2
1/18/2026 16:36:06.612,Nordic CS Reflector A,E2:13:07:97:B1:7E,25.61,2
1/18/2026 16:36:06.787,Nordic CS Reflector A,E2:13:07:97:B1:7E,25.61,2
1/18/2026 16:36:06.788,Nordic CS Reflector A,E2:13:07:97:B1:7E,25.61,2
1/18/2026 16:36:07.257,Nordic CS Reflector A,E2:13:07:97:B1:7E,25.61,2
1/18/2026 16:36:07.258,Nordic CS Reflector A,E2:13:07:97:B1:7E,25.61,2
1/18/2026 16:36:07.453,Nordic CS Reflector A,E2:13:07:97:B1:7E,25.61,2
1/18/2026 16:36:07.665,Nordic CS Reflector A,E2:13:07:97:B1:7E,25.61,2
1/18/2026 16:36:07.666,Nordic CS Reflector A,E2:13:07:97:B1:7E,25.61,2
1/18/2026 16:36:07.895,Nordic CS Reflector A,E2:13:07:97:B1:7E,25.58,2
1/18/2026 16:36:08.152,Nordic CS Reflector A,E2:13:07:97:B1:7E,25.58,2
1/18/2026 16:36:08.593,Nordic CS Reflector A,E2:13:07:97:B1:7E,25.58,2
1/18/2026 16:36:08.594,Nordic CS Reflector A,E2:13:07:97:B1:7E,25.58,2
1/18/2026 16:36:08.811,Nordic CS Reflector A,E2:13:07:97:B1:7E,25.58,2
1/18/2026 16:36:09.031,Nordic CS Reflector A,E2:13:07:97:B1:7E,25.58,2
1/18/2026 16:36:09.032,Nordic CS Reflector A,E2:13:07:97:B1:7E,25.58,2
1/18/2026 16:36:09.292,Nordic CS Reflector A,E2:13:07:97:B1:7E,25.61,2
1/18/2026 16:36:09.527,Nordic CS Reflector A,E2:13:07:97:B1:7E,25.61,2
1/18/2026 16:36:09.528,Nordic CS Reflector A,E2:13:07:97:B1:7E,25.61,2
1/18/2026 16:36:09.745,Nordic CS Reflector A,E2:13:07:97:B1:7E,25.61,2
1/18/2026 16:36:09.954,Nordic CS Reflector A,E2:13:07:97:B1:7E,25.61,2
1/18/2026 16:36:10.162,Nordic CS Reflector A,E2:13:07:97:B1:7E,25.65,2
1/18/2026 16:36:10.163,Nordic CS Reflector A,E2:13:07:97:B1:7E,25.65,2
1/18/2026 16:36:10.437,Nordic CS Reflector A,E2:13:07:97:B1:7E,25.65,2
1/18/2026 16:36:10.631,Nordic CS Reflector A,E2:13:07:97:B1:7E,25.61,2
1/18/2026 16:36:10.632,Nordic CS Reflector A,E2:13:07:97:B1:7E,25.61,2
1/18/2026 16:36:11.154,Nordic CS Reflector A,E2:13:07:97:B1:7E,25.58,2
1/18/2026 16:36:11.155,Nordic CS Reflector A,E2:13:07:97:B1:7E,25.58,2
1/18/2026 16:36:11.327,Nordic CS Reflector A,E2:13:07:97:B1:7E,25.61,2
1/18/2026 16:36:11.328,Nordic CS Reflector A,E2:13:07:97:B1:7E,25.61,2
1/18/2026 16:36:11.573,Nordic CS Reflector A,E2:13:07:97:B1:7E,25.58,2
1/18/2026 16:36:11.711,Nordic CS Reflector A,E2:13:07:97:B1:7E,25.65,2
1/18/2026 16:36:11.993,Nordic CS Reflector A,E2:13:07:97:B1:7E,25.65,2
1/18/2026 16:36:11.994,Nordic CS Reflector A,E2:13:07:97:B1:7E,25.65,2
1/18/2026 16:36:12.442,Nordic CS Reflector A,E2:13:07:97:B1:7E,25.69,2
1/18/2026 16:36:12.658,Nordic CS Reflector A,E2:13:07:97:B1:7E,25.72,2
1/18/2026 16:36:12.659,Nordic CS Reflector A,E2:13:07:97:B1:7E,25.72,2
1/18/2026 16:36:12.861,Nordic CS Reflector A,E2:13:07:97:B1:7E,25.72,2
1/18/2026 16:36:12.862,Nordic CS Reflector A,E2:13:07:97:B1:7E,25.72,2
1/18/2026 16:36:13.093,Nordic CS Reflector A,E2:13:07:97:B1:7E,25.69,2
1/18/2026 16:36:13.432,Nordic CS Reflector A,E2:13:07:97:B1:7E,25.69,2
1/18/2026 16:36:13.793,Nordic CS Reflector A,E2:13:07:97:B1:7E,25.72,2
1/18/2026 16:36:13.794,Nordic CS Reflector A,E2:13:07:97:B1:7E,25.72,2
1/18/2026 16:36:13.994,Nordic CS Reflector A,E2:13:07:97:B1:7E,25.72,2
1/18/2026 16:36:13.995,Nordic CS Reflector A,E2:13:07:97:B1:7E,25.72,2
1/18/2026 16:36:14.205,Nordic CS Reflector A,E2:13:07:97:B1:7E,25.72,2
1/18/2026 16:36:14.206,Nordic CS Reflector A,E2:13:07:97:B1:7E,25.72,2
1/18/2026 16:36:14.484,Nordic CS Reflector A,E2:13:07:97:B1:7E,25.69,2
1/18/2026 16:36:14.485,Nordic CS Reflector A,E2:13:07:97:B1:7E,25.69,2
1/18/2026 16:36:14.749,Nordic CS Reflector A,E2:13:07:97:B1:7E,25.69,2
1/18/2026 16:36:14.750,Nordic CS Reflector A,E2:13:07:97:B1:7E,25.69,2
1/18/2026 16:36:15.144,Nordic CS Reflector A,E2:13:07:97:B1:7E,25.69,2
1/18/2026 16:36:15.145,Nordic CS Reflector A,E2:13:07:97:B1:7E,25.69,2
1/18/2026 16:36:15.354,Nordic CS Reflector A,E2:13:07:97:B1:7E,25.69,2
1/18/2026 16:36:15.355,Nordic CS Reflector A,E2:13:07:97:B1:7E,25.69,2
1/18/2026 16:36:15.583,Nordic CS Reflector A,E2:13:07:97:B1:7E,25.69,2
1/18/2026 16:36:15.765,Nordic CS Reflector A,E2:13:07:97:B1:7E,25.61,2
1/18/2026 16:36:16.051,Nordic CS Reflector A,E2:13:07:97:B1:7E,25.65,2
1/18/2026 16:36:16.052,Nordic CS Reflector A,E2:13:07:97:B1:7E,25.65,2
1/18/2026 16:36:16.500,Nordic CS Reflector A,E2:13:07:97:B1:7E,25.65,2
1/18/2026 16:36:16.501,Nordic CS Reflector A,E2:13:07:97:B1:7E,25.65,2
1/18/2026 16:36:16.706,Nordic CS Reflector A,E2:13:07:97:B1:7E,25.65,2
1/18/2026 16:36:16.707,Nordic CS Reflector A,E2:13:07:97:B1:7E,25.65,2
1/18/2026 16:36:16.973,Nordic CS Reflector A,E2:13:07:97:B1:7E,25.65,2
1/18/2026 16:36:17.115,Nordic CS Reflector A,E2:13:07:97:B1:7E,25.65,2
1/18/2026 16:36:17.379,Nordic CS Reflector A,E2:13:07:97:B1:7E,25.65,2
1/18/2026 16:36:17.841,Nordic CS Reflector A,E2:13:07:97:B1:7E,25.61,2
1/18/2026 16:36:17.842,Nordic CS Reflector A,E2:13:07:97:B1:7E,25.61,2
1/18/2026 16:36:18.114,Nordic CS Reflector A,E2:13:07:97:B1:7E,25.61,2
1/18/2026 16:36:18.258,Nordic CS Reflector A,E2:13:07:97:B1:7E,25.61,2
1/18/2026 16:36:18.259,Nordic CS Reflector A,E2:13:07:97:B1:7E,25.61,2
1/18/2026 16:36:18.519,Nordic CS Reflector A,E2:13:07:97:B1:7E,25.65,2
1/18/2026 16:36:18.520,Nordic CS Reflector A,E2:13:07:97:B1:7E,25.65,2
1/18/2026 16:36:18.746,Nordic CS Reflector A,E2:13:07:97:B1:7E,25.65,2
1/18/2026 16:36:18.747,Nordic CS Reflector A,E2:13:07:97:B1:7E,25.65,2
1/18/2026 16:36:19.224,Nordic CS Reflector A,E2:13:07:97:B1:7E,25.65,2
1/18/2026 16:36:19.225,Nordic CS Reflector A,E2:13:07:97:B1:7E,25.65,2
1/18/2026 16:36:19.431,Nordic CS Reflector A,E2:13:07:97:B1:7E,25.61,2
1/18/2026 16:36:19.432,Nordic CS Reflector A,E2:13:07:97:B1:7E,25.61,2
1/18/2026 16:36:19.433,Nordic CS Reflector A,E2:13:07:97:B1:7E,25.61,2
1/18/2026 16:36:19.647,Nordic CS Reflector A,E2:13:07:97:B1:7E,25.61,2
1/18/2026 16:36:19.862,Nordic CS Reflector A,E2:13:07:97:B1:7E,25.61,2
1/18/2026 16:36:20.064,Nordic CS Reflector A,E2:13:07:97:B1:7E,25.61,2
1/18/2026 16:36:20.542,Nordic CS Reflector A,E2:13:07:97:B1:7E,25.61,2
1/18/2026 16:36:20.543,Nordic CS Reflector A,E2:13:07:97:B1:7E,25.61,2
1/18/2026 16:36:20.746,Nordic CS Reflector A,E2:13:07:97:B1:7E,25.61,2
1/18/2026 16:36:21.007,Nordic CS Reflector A,E2:13:07:97:B1:7E,25.61,2
1/18/2026 16:36:21.185,Nordic CS Reflector A,E2:13:07:97:B1:7E,25.61,2
1/18/2026 16:36:21.186,Nordic CS Reflector A,E2:13:07:97:B1:7E,25.61,2
1/18/2026 16:36:21.445,Nordic CS Reflector A,E2:13:07:97:B1:7E,25.58,2
1/18/2026 16:36:21.898,Nordic CS Reflector A,E2:13:07:97:B1:7E,25.54,2
1/18/2026 16:36:22.097,Nordic CS Reflector A,E2:13:07:97:B1:7E,25.5,2
1/18/2026 16:36:22.379,Nordic CS Reflector A,E2:13:07:97:B1:7E,25.5,2
1/18/2026 16:36:22.530,Nordic CS Reflector A,E2:13:07:97:B1:7E,25.58,2
1/18/2026 16:36:22.531,Nordic CS Reflector A,E2:13:07:97:B1:7E,25.58,2
1/18/2026 16:36:22.786,Nordic CS Reflector A,E2:13:07:97:B1:7E,25.61,2
1/18/2026 16:36:22.787,Nordic CS Reflector A,E2:13:07:97:B1:7E,25.61,2
1/18/2026 16:36:23.267,Nordic CS Reflector A,E2:13:07:97:B1:7E,25.61,2
1/18/2026 16:36:23.268,Nordic CS Reflector A,E2:13:07:97:B1:7E,25.61,2
1/18/2026 16:36:23.447,Nordic CS Reflector A,E2:13:07:97:B1:7E,25.72,2
1/18/2026 16:36:23.448,Nordic CS Reflector A,E2:13:07:97:B1:7E,25.72,2
1/18/2026 16:36:23.672,Nordic CS Reflector A,E2:13:07:97:B1:7E,25.72,2
1/18/2026 16:36:23.943,Nordic CS Reflector A,E2:13:07:97:B1:7E,25.72,2
1/18/2026 16:36:23.944,Nordic CS Reflector A,E2:13:07:97:B1:7E,25.72,2
1/18/2026 16:36:24.132,Nordic CS Reflector A,E2:13:07:97:B1:7E,25.72,2
1/18/2026 16:36:24.622,Nordic CS Reflector A,E2:13:07:97:B1:7E,25.76,2
1/18/2026 16:36:24.821,Nordic CS Reflector A,E2:13:07:97:B1:7E,25.76,2
1/18/2026 16:36:24.822,Nordic CS Reflector A,E2:13:07:97:B1:7E,25.76,2
1/18/2026 16:36:25.036,Nordic CS Reflector A,E2:13:07:97:B1:7E,25.72,2
1/18/2026 16:36:25.037,Nordic CS Reflector A,E2:13:07:97:B1:7E,25.72,2
1/18/2026 16:36:25.269,Nordic CS Reflector A,E2:13:07:97:B1:7E,25.72,2
1/18/2026 16:36:25.270,Nordic CS Reflector A,E2:13:07:97:B1:7E,25.72,2
1/18/2026 16:36:25.488,Nordic CS Reflector A,E2:13:07:97:B1:7E,25.72,2
1/18/2026 16:36:25.939,Nordic CS Reflector A,E2:13:07:97:B1:7E,25.72,2
1/18/2026 16:36:25.940,Nordic CS Reflector A,E2:13:07:97:B1:7E,25.72,2
1/18/2026 16:36:26.142,Nordic CS Reflector A,E2:13:07:97:B1:7E,25.72,2
1/18/2026 16:36:26.384,Nordic CS Reflector A,E2:13:07:97:B1:7E,25.69,2
1/18/2026 16:36:26.385,Nordic CS Reflector A,E2:13:07:97:B1:7E,25.69,2
1/18/2026 16:36:26.562,Nordic CS Reflector A,E2:13:07:97:B1:7E,25.69,2
1/18/2026 16:36:26.841,Nordic CS Reflector A,E2:13:07:97:B1:7E,25.65,2
1/18/2026 16:36:26.842,Nordic CS Reflector A,E2:13:07:97:B1:7E,25.65,2
1/18/2026 16:36:27.280,Nordic CS Reflector A,E2:13:07:97:B1:7E,25.65,2
1/18/2026 16:36:27.508,Nordic CS Reflector A,E2:13:07:97:B1:7E,25.65,2
1/18/2026 16:36:27.509,Nordic CS Reflector A,E2:13:07:97:B1:7E,25.65,2
1/18/2026 16:36:27.708,Nordic CS Reflector A,E2:13:07:97:B1:7E,25.65,2
1/18/2026 16:36:27.709,Nordic CS Reflector A,E2:13:07:97:B1:7E,25.65,2
1/18/2026 16:36:27.952,Nordic CS Reflector A,E2:13:07:97:B1:7E,25.72,2
1/18/2026 16:36:27.953,Nordic CS Reflector A,E2:13:07:97:B1:7E,25.72,2
1/18/2026 16:36:28.190,Nordic CS Reflector A,E2:13:07:97:B1:7E,25.69,2
1/18/2026 16:36:28.191,Nordic CS Reflector A,E2:13:07:97:B1:7E,25.69,2
1/18/2026 16:36:28.708,Nordic CS Reflector A,E2:13:07:97:B1:7E,25.72,2
1/18/2026 16:36:28.709,Nordic CS Reflector A,E2:13:07:97:B1:7E,25.72,2
1/18/2026 16:36:28.851,Nordic CS Reflector A,E2:13:07:97:B1:7E,25.69,2
1/18/2026 16:36:28.852,Nordic CS Reflector A,E2:13:07:97:B1:7E,25.69,2
1/18/2026 16:36:29.131,Nordic CS Reflector A,E2:13:07:97:B1:7E,25.69,2
1/18/2026 16:36:29.281,Nordic CS Reflector A,E2:13:07:97:B1:7E,25.69,2
1/18/2026 16:36:29.282,Nordic CS Reflector A,E2:13:07:97:B1:7E,25.69,2
1/18/2026 16:36:29.607,Nordic CS Reflector A,E2:13:07:97:B1:7E,25.72,2
1/18/2026 16:36:29.608,Nordic CS Reflector A,E2:13:07:97:B1:7E,25.72,2
1/18/2026 16:36:30.013,Nordic CS Reflector A,E2:13:07:97:B1:7E,25.72,2
1/18/2026 16:36:30.014,Nordic CS Reflector A,E2:13:07:97:B1:7E,25.72,2
1/18/2026 16:36:30.221,Nordic CS Reflector A,E2:13:07:97:B1:7E,25.76,2
1/18/2026 16:36:30.435,Nordic CS Reflector A,E2:13:07:97:B1:7E,25.76,2
1/18/2026 16:36:30.436,Nordic CS Reflector A,E2:13:07:97:B1:7E,25.76,2
1/18/2026 16:36:30.706,Nordic CS Reflector A,E2:13:07:97:B1:7E,25.72,2
1/18/2026 16:36:30.910,Nordic CS Reflector A,E2:13:07:97:B1:7E,25.72,2
1/18/2026 16:36:31.491,Nordic CS Reflector A,E2:13:07:97:B1:7E,25.72,2
1/18/2026 16:36:31.492,Nordic CS Reflector A,E2:13:07:97:B1:7E,25.72,2
1/18/2026 16:36:31.639,Nordic CS Reflector A,E2:13:07:97:B1:7E,25.69,2
1/18/2026 16:36:31.854,Nordic CS Reflector A,E2:13:07:97:B1:7E,25.69,2
1/18/2026 16:36:31.855,Nordic CS Reflector A,E2:13:07:97:B1:7E,25.69,2
1/18/2026 16:36:32.022,Nordic CS Reflector A,E2:13:07:97:B1:7E,25.61,2
1/18/2026 16:36:32.023,Nordic CS Reflector A,E2:13:07:97:B1:7E,25.61,2
1/18/2026 16:36:32.360,Nordic CS Reflector A,E2:13:07:97:B1:7E,25.61,2
1/18/2026 16:36:32.756,Nordic CS Reflector A,E2:13:07:97:B1:7E,25.65,2
1/18/2026 16:36:32.757,Nordic CS Reflector A,E2:13:07:97:B1:7E,25.65,2
1/18/2026 16:36:32.960,Nordic CS Reflector A,E2:13:07:97:B1:7E,25.72,2
1/18/2026 16:36:33.199,Nordic CS Reflector A,E2:13:07:97:B1:7E,25.72,2
1/18/2026 16:36:33.369,Nordic CS Reflector A,E2:13:07:97:B1:7E,25.83,2
1/18/2026 16:36:33.661,Nordic CS Reflector A,E2:13:07:97:B1:7E,25.8,2
1/18/2026 16:36:34.127,Nordic CS Reflector A,E2:13:07:97:B1:7E,25.8,2
1/18/2026 16:36:34.128,Nordic CS Reflector A,E2:13:07:97:B1:7E,25.8,2
1/18/2026 16:36:34.304,Nordic CS Reflector A,E2:13:07:97:B1:7E,25.65,2
1/18/2026 16:36:34.523,Nordic CS Reflector A,E2:13:07:97:B1:7E,25.65,2
1/18/2026 16:36:34.524,Nordic CS Reflector A,E2:13:07:97:B1:7E,25.65,2
1/18/2026 16:36:34.728,Nordic CS Reflector A,E2:13:07:97:B1:7E,25.65,2
1/18/2026 16:36:34.729,Nordic CS Reflector A,E2:13:07:97:B1:7E,25.65,2
1/18/2026 16:36:35.067,Nordic CS Reflector A,E2:13:07:97:B1:7E,25.61,2
1/18/2026 16:36:35.068,Nordic CS Reflector A,E2:13:07:97:B1:7E,25.61,2
1/18/2026 16:36:35.456,Nordic CS Reflector A,E2:13:07:97:B1:7E,25.58,2
1/18/2026 16:36:35.457,Nordic CS Reflector A,E2:13:07:97:B1:7E,25.58,2
1/18/2026 16:36:35.733,Nordic CS Reflector A,E2:13:07:97:B1:7E,25.61,2
1/18/2026 16:36:35.734,Nordic CS Reflector A,E2:13:07:97:B1:7E,25.61,2
1/18/2026 16:36:35.881,Nordic CS Reflector A,E2:13:07:97:B1:7E,25.54,2
1/18/2026 16:36:35.882,Nordic CS Reflector A,E2:13:07:97:B1:7E,25.54,2
1/18/2026 16:36:36.075,Nordic CS Reflector A,E2:13:07:97:B1:7E,25.5,2
1/18/2026 16:36:36.076,Nordic CS Reflector A,E2:13:07:97:B1:7E,25.5,2
1/18/2026 16:36:36.421,Nordic CS Reflector A,E2:13:07:97:B1:7E,25.5,2
1/18/2026 16:36:36.813,Nordic CS Reflector A,E2:13:07:97:B1:7E,25.5,2
1/18/2026 16:36:37.018,Nordic CS Reflector A,E2:13:07:97:B1:7E,25.36,0
1/18/2026 16:36:37.019,Nordic CS Reflector A,E2:13:07:97:B1:7E,25.36,0
1/18/2026 16:36:37.269,Nordic CS Reflector A,E2:13:07:97:B1:7E,25.36,2
1/18/2026 16:36:37.418,Nordic CS Reflector A,E2:13:07:97:B1:7E,25.5,2
1/18/2026 16:36:37.419,Nordic CS Reflector A,E2:13:07:97:B1:7E,25.5,2
1/18/2026 16:36:37.696,Nordic CS Reflector A,E2:13:07:97:B1:7E,25.54,2
1/18/2026 16:36:38.139,Nordic CS Reflector A,E2:13:07:97:B1:7E,25.54,2
1/18/2026 16:36:38.140,Nordic CS Reflector A,E2:13:07:97:B1:7E,25.54,2
1/18/2026 16:36:38.361,Nordic CS Reflector A,E2:13:07:97:B1:7E,25.54,2
1/18/2026 16:36:38.576,Nordic CS Reflector A,E2:13:07:97:B1:7E,25.47,2
1/18/2026 16:36:38.577,Nordic CS Reflector A,E2:13:07:97:B1:7E,25.47,2
1/18/2026 16:36:38.772,Nordic CS Reflector A,E2:13:07:97:B1:7E,25.47,2
1/18/2026 16:36:38.773,Nordic CS Reflector A,E2:13:07:97:B1:7E,25.47,2
1/18/2026 16:36:39.044,Nordic CS Reflector A,E2:13:07:97:B1:7E,25.58,2
1/18/2026 16:36:39.564,Nordic CS Reflector A,E2:13:07:97:B1:7E,25.58,2
1/18/2026 16:36:39.565,Nordic CS Reflector A,E2:13:07:97:B1:7E,25.58,2
1/18/2026 16:36:39.700,Nordic CS Reflector A,E2:13:07:97:B1:7E,25.58,2
1/18/2026 16:36:39.701,Nordic CS Reflector A,E2:13:07:97:B1:7E,25.58,2
1/18/2026 16:36:39.981,Nordic CS Reflector A,E2:13:07:97:B1:7E,25.58,2
1/18/2026 16:36:39.982,Nordic CS Reflector A,E2:13:07:97:B1:7E,25.58,2
1/18/2026 16:36:40.121,Nordic CS Reflector A,E2:13:07:97:B1:7E,25.58,2
1/18/2026 16:36:40.391,Nordic CS Reflector A,E2:13:07:97:B1:7E,25.58,2
1/18/2026 16:36:40.392,Nordic CS Reflector A,E2:13:07:97:B1:7E,25.58,2
1/18/2026 16:36:40.942,Nordic CS Reflector A,E2:13:07:97:B1:7E,25.5,2
1/18/2026 16:36:41.062,Nordic CS Reflector A,E2:13:07:97:B1:7E,25.5,2
1/18/2026 16:36:41.276,Nordic CS Reflector A,E2:13:07:97:B1:7E,25.5,2
1/18/2026 16:36:41.482,Nordic CS Reflector A,E2:13:07:97:B1:7E,25.47,2
1/18/2026 16:36:41.483,Nordic CS Reflector A,E2:13:07:97:B1:7E,25.47,2
1/18/2026 16:36:41.765,Nordic CS Reflector A,E2:13:07:97:B1:7E,25.5,2
1/18/2026 16:36:41.766,Nordic CS Reflector A,E2:13:07:97:B1:7E,25.5,2
1/18/2026 16:36:42.195,Nordic CS Reflector A,E2:13:07:97:B1:7E,25.5,2
1/18/2026 16:36:42.421,Nordic CS Reflector A,E2:13:07:97:B1:7E,25.5,2
1/18/2026 16:36:42.648,Nordic CS Reflector A,E2:13:07:97:B1:7E,25.65,2
1/18/2026 16:36:42.899,Nordic CS Reflector A,E2:13:07:97:B1:7E,25.65,2
1/18/2026 16:36:42.900,Nordic CS Reflector A,E2:13:07:97:B1:7E,25.65,2
1/18/2026 16:36:43.107,Nordic CS Reflector A,E2:13:07:97:B1:7E,25.5,2
1/18/2026 16:36:43.108,Nordic CS Reflector A,E2:13:07:97:B1:7E,25.5,2
1/18/2026 16:36:43.614,Nordic CS Reflector A,E2:13:07:97:B1:7E,25.5,2
1/18/2026 16:36:43.615,Nordic CS Reflector A,E2:13:07:97:B1:7E,25.5,2
1/18/2026 16:36:43.771,Nordic CS Reflector A,E2:13:07:97:B1:7E,25.5,2
1/18/2026 16:36:43.772,Nordic CS Reflector A,E2:13:07:97:B1:7E,25.5,2
1/18/2026 16:36:43.976,Nordic CS Reflector A,E2:13:07:97:B1:7E,25.47,2
1/18/2026 16:36:43.977,Nordic CS Reflector A,E2:13:07:97:B1:7E,25.47,2
1/18/2026 16:36:44.193,Nordic CS Reflector A,E2:13:07:97:B1:7E,25.47,2
1/18/2026 16:36:44.442,Nordic CS Reflector A,E2:13:07:97:B1:7E,25.54,2
1/18/2026 16:36:44.443,Nordic CS Reflector A,E2:13:07:97:B1:7E,25.54,2
1/18/2026 16:36:44.897,Nordic CS Reflector A,E2:13:07:97:B1:7E,25.54,2
1/18/2026 16:36:44.898,Nordic CS Reflector A,E2:13:07:97:B1:7E,25.54,2
1/18/2026 16:36:45.112,Nordic CS Reflector A,E2:13:07:97:B1:7E,25.54,2
1/18/2026 16:36:45.113,Nordic CS Reflector A,E2:13:07:97:B1:7E,25.54,2
1/18/2026 16:36:45.314,Nordic CS Reflector A,E2:13:07:97:B1:7E,25.54,2
1/18/2026 16:36:45.315,Nordic CS Reflector A,E2:13:07:97:B1:7E,25.54,2
1/18/2026 16:36:45.563,Nordic CS Reflector A,E2:13:07:97:B1:7E,25.5,2
1/18/2026 16:36:45.564,Nordic CS Reflector A,E2:13:07:97:B1:7E,25.5,2
1/18/2026 16:36:45.789,Nordic CS Reflector A,E2:13:07:97:B1:7E,25.47,2
1/18/2026 16:36:45.790,Nordic CS Reflector A,E2:13:07:97:B1:7E,25.47,2
1/18/2026 16:36:46.282,Nordic CS Reflector A,E2:13:07:97:B1:7E,25.47,2
1/18/2026 16:36:46.532,Nordic CS Reflector A,E2:13:07:97:B1:7E,25.47,2
1/18/2026 16:36:46.700,Nordic CS Reflector A,E2:13:07:97:B1:7E,25.54,2
1/18/2026 16:36:46.912,Nordic CS Reflector A,E2:13:07:97:B1:7E,25.47,2
1/18/2026 16:36:46.913,Nordic CS Reflector A,E2:13:07:97:B1:7E,25.47,2
1/18/2026 16:36:47.177,Nordic CS Reflector A,E2:13:07:97:B1:7E,25.5,2
1/18/2026 16:36:47.178,Nordic CS Reflector A,E2:13:07:97:B1:7E,25.5,2
1/18/2026 16:36:47.636,Nordic CS Reflector A,E2:13:07:97:B1:7E,25.47,2
1/18/2026 16:36:47.637,Nordic CS Reflector A,E2:13:07:97:B1:7E,25.47,2
1/18/2026 16:36:47.861,Nordic CS Reflector A,E2:13:07:97:B1:7E,25.43,2
1/18/2026 16:36:47.862,Nordic CS Reflector A,E2:13:07:97:B1:7E,25.43,2
1/18/2026 16:36:48.033,Nordic CS Reflector A,E2:13:07:97:B1:7E,25.43,2
1/18/2026 16:36:48.034,Nordic CS Reflector A,E2:13:07:97:B1:7E,25.43,2
1/18/2026 16:36:48.261,Nordic CS Reflector A,E2:13:07:97:B1:7E,25.43,2
1/18/2026 16:36:48.262,Nordic CS Reflector A,E2:13:07:97:B1:7E,25.43,2
1/18/2026 16:36:48.613,Nordic CS Reflector A,E2:13:07:97:B1:7E,25.54,2
1/18/2026 16:36:48.998,Nordic CS Reflector A,E2:13:07:97:B1:7E,25.54,2
1/18/2026 16:36:49.212,Nordic CS Reflector A,E2:13:07:97:B1:7E,25.54,2
1/18/2026 16:36:49.213,Nordic CS Reflector A,E2:13:07:97:B1:7E,25.54,2
1/18/2026 16:36:49.425,Nordic CS Reflector A,E2:13:07:97:B1:7E,25.5,2
1/18/2026 16:36:49.636,Nordic CS Reflector A,E2:13:07:97:B1:7E,25.61,2
1/18/2026 16:36:49.637,Nordic CS Reflector A,E2:13:07:97:B1:7E,25.61,2
1/18/2026 16:36:49.918,Nordic CS Reflector A,E2:13:07:97:B1:7E,25.54,2
1/18/2026 16:36:50.361,Nordic CS Reflector A,E2:13:07:97:B1:7E,25.54,2
1/18/2026 16:36:50.362,Nordic CS Reflector A,E2:13:07:97:B1:7E,25.54,2
1/18/2026 16:36:50.558,Nordic CS Reflector A,E2:13:07:97:B1:7E,25.47,2
1/18/2026 16:36:50.791,Nordic CS Reflector A,E2:13:07:97:B1:7E,25.47,2
1/18/2026 16:36:50.792,Nordic CS Reflector A,E2:13:07:97:B1:7E,25.47,2
1/18/2026 16:36:50.985,Nordic CS Reflector A,E2:13:07:97:B1:7E,25.36,2
1/18/2026 16:36:50.986,Nordic CS Reflector A,E2:13:07:97:B1:7E,25.36,2
1/18/2026 16:36:51.271,Nordic CS Reflector A,E2:13:07:97:B1:7E,25.47,2
1/18/2026 16:36:51.272,Nordic CS Reflector A,E2:13:07:97:B1:7E,25.47,2
1/18/2026 16:36:51.716,Nordic CS Reflector A,E2:13:07:97:B1:7E,25.39,2
1/18/2026 16:36:51.934,Nordic CS Reflector A,E2:13:07:97:B1:7E,25.39,2
1/18/2026 16:36:52.129,Nordic CS Reflector A,E2:13:07:97:B1:7E,25.39,2
1/18/2026 16:36:52.130,Nordic CS Reflector A,E2:13:07:97:B1:7E,25.39,2
1/18/2026 16:36:52.436,Nordic CS Reflector A,E2:13:07:97:B1:7E,25.32,2
1/18/2026 16:36:52.613,Nordic CS Reflector A,E2:13:07:97:B1:7E,25.36,2
1/18/2026 16:36:53.068,Nordic CS Reflector A,E2:13:07:97:B1:7E,25.36,2
1/18/2026 16:36:53.069,Nordic CS Reflector A,E2:13:07:97:B1:7E,25.36,2
1/18/2026 16:36:53.270,Nordic CS Reflector A,E2:13:07:97:B1:7E,25.36,2
1/18/2026 16:36:53.271,Nordic CS Reflector A,E2:13:07:97:B1:7E,25.36,2
1/18/2026 16:36:53.475,Nordic CS Reflector A,E2:13:07:97:B1:7E,25.58,2
1/18/2026 16:36:53.476,Nordic CS Reflector A,E2:13:07:97:B1:7E,25.58,2
1/18/2026 16:36:53.690,Nordic CS Reflector A,E2:13:07:97:B1:7E,25.58,2
1/18/2026 16:36:53.691,Nordic CS Reflector A,E2:13:07:97:B1:7E,25.58,2
1/18/2026 16:36:53.963,Nordic CS Reflector A,E2:13:07:97:B1:7E,25.61,2
1/18/2026 16:36:54.442,Nordic CS Reflector A,E2:13:07:97:B1:7E,25.58,2
1/18/2026 16:36:54.443,Nordic CS Reflector A,E2:13:07:97:B1:7E,25.58,2
1/18/2026 16:36:54.618,Nordic CS Reflector A,E2:13:07:97:B1:7E,25.5,2
1/18/2026 16:36:54.817,Nordic CS Reflector A,E2:13:07:97:B1:7E,25.5,2
1/18/2026 16:36:55.061,Nordic CS Reflector A,E2:13:07:97:B1:7E,25.54,2
1/18/2026 16:36:55.062,Nordic CS Reflector A,E2:13:07:97:B1:7E,25.54,2
1/18/2026 16:36:55.313,Nordic CS Reflector A,E2:13:07:97:B1:7E,25.58,2
1/18/2026 16:36:55.314,Nordic CS Reflector A,E2:13:07:97:B1:7E,25.58,2
1/18/2026 16:36:55.766,Nordic CS Reflector A,E2:13:07:97:B1:7E,25.58,2
1/18/2026 16:36:55.767,Nordic CS Reflector A,E2:13:07:97:B1:7E,25.58,2
1/18/2026 16:36:55.968,Nordic CS Reflector A,E2:13:07:97:B1:7E,25.58,2
1/18/2026 16:36:56.199,Nordic CS Reflector A,E2:13:07:97:B1:7E,25.47,2
1/18/2026 16:36:56.410,Nordic CS Reflector A,E2:13:07:97:B1:7E,25.47,0
1/18/2026 16:36:56.648,Nordic CS Reflector A,E2:13:07:97:B1:7E,25.58,2
1/18/2026 16:36:56.649,Nordic CS Reflector A,E2:13:07:97:B1:7E,25.58,2
1/18/2026 16:36:57.160,Nordic CS Reflector A,E2:13:07:97:B1:7E,25.61,2
1/18/2026 16:36:57.161,Nordic CS Reflector A,E2:13:07:97:B1:7E,25.61,2
1/18/2026 16:36:57.411,Nordic CS Reflector A,E2:13:07:97:B1:7E,25.61,2
1/18/2026 16:36:57.412,Nordic CS Reflector A,E2:13:07:97:B1:7E,25.61,2
1/18/2026 16:36:57.552,Nordic CS Reflector A,E2:13:07:97:B1:7E,25.65,2
1/18/2026 16:36:57.553,Nordic CS Reflector A,E2:13:07:97:B1:7E,25.65,2
1/18/2026 16:36:57.868,Nordic CS Reflector A,E2:13:07:97:B1:7E,25.69,2
1/18/2026 16:36:57.869,Nordic CS Reflector A,E2:13:07:97:B1:7E,25.69,2
1/18/2026 16:36:58.050,Nordic CS Reflector A,E2:13:07:97:B1:7E,25.83,2
1/18/2026 16:36:58.545,Nordic CS Reflector A,E2:13:07:97:B1:7E,25.83,2
1/18/2026 16:36:58.547,Nordic CS Reflector A,E2:13:07:97:B1:7E,25.83,2
1/18/2026 16:36:58.548,Nordic CS Reflector A,E2:13:07:97:B1:7E,25.83,2
